stop_id,lat,lon,hood,muni,weighted_otp,route_count,total_trips_7d
E21675,40.4641779999999,-79.8396469999999,,"Penn Hills township (Allegheny, PA)",0.5577253012048192,1,146
E04890,40.4540769999999,-79.951806,North Oakland,"Pittsburgh city (Allegheny, PA)",0.5577253012048192,1,156
E20720,40.4600069999999,-79.873744,,"Penn Hills township (Allegheny, PA)",0.5577253012048192,1,156
E49590,40.4767269999999,-79.7882579999999,,"Penn Hills township (Allegheny, PA)",0.5577253012048192,1,65
E04830,40.455891,-79.942307,Bloomfield,"Pittsburgh city (Allegheny, PA)",0.5577253012048192,1,156
E21280,40.4623989999999,-79.840782,,"Penn Hills township (Allegheny, PA)",0.5577253012048192,1,146
E70116,40.461136,-79.870474,East Hills,"Pittsburgh city (Allegheny, PA)",0.5577253012048192,1,146
E20901,40.460444,-79.842425,,"Penn Hills township (Allegheny, PA)",0.5577253012048192,1,156
E20880,40.4621509999999,-79.859425,,"Penn Hills township (Allegheny, PA)",0.5577253012048192,1,156
E20630,40.4609269999999,-79.872337,,"Penn Hills township (Allegheny, PA)",0.5577253012048192,1,156
E04900,40.4539929999999,-79.9513809999999,North Oakland,"Pittsburgh city (Allegheny, PA)",0.5577253012048192,1,146
E04940,40.4548879999999,-79.945335,Bloomfield,"Pittsburgh city (Allegheny, PA)",0.5577253012048192,1,146
E49880,40.484983,-79.817407,,"Penn Hills township (Allegheny, PA)",0.5577253012048192,1,96
E03285,40.481518,-79.8046789999999,,"Penn Hills township (Allegheny, PA)",0.5577253012048192,1,96
E40190,40.4701,-79.754807,,"Plum borough (Allegheny, PA)",0.5577253012048192,1,125
E07660,40.4557369999999,-79.96616,Polish Hill,"Pittsburgh city (Allegheny, PA)",0.5577253012048192,1,156
E07600,40.458077,-79.9603879999999,Polish Hill,"Pittsburgh city (Allegheny, PA)",0.5577253012048192,1,156
E70041,40.461159,-79.8700099999999,,"Penn Hills township (Allegheny, PA)",0.5577253012048192,1,156
E20785,40.457135,-79.8775409999999,East Hills,"Pittsburgh city (Allegheny, PA)",0.5577253012048192,1,146
E70367,40.455486,-79.883249,Homewood North,"Pittsburgh city (Allegheny, PA)",0.5577253012048192,1,156
E20870,40.4636789999999,-79.855552,,"Penn Hills township (Allegheny, PA)",0.5577253012048192,1,146
E03277,40.4853439999999,-79.7996669999999,,"Penn Hills township (Allegheny, PA)",0.5577253012048192,1,96
E04860,40.4579609999999,-79.9349629999999,Friendship,"Pittsburgh city (Allegheny, PA)",0.5577253012048192,1,146
E20960,40.462707,-79.8500779999999,,"Penn Hills township (Allegheny, PA)",0.5577253012048192,1,146
E21065,40.4604229999999,-79.8443639999999,,"Penn Hills township (Allegheny, PA)",0.5577253012048192,1,146
E21140,40.4657959999999,-79.8322299999999,,"Penn Hills township (Allegheny, PA)",0.5577253012048192,1,156
E21080,40.467125,-79.836296,,"Penn Hills township (Allegheny, PA)",0.5577253012048192,1,146
E07670,40.455694,-79.965855,Polish Hill,"Pittsburgh city (Allegheny, PA)",0.5577253012048192,1,146
E12790,40.4671129999999,-79.757068,,"Plum borough (Allegheny, PA)",0.5577253012048192,1,115
E07800,40.4566239999999,-79.9635339999999,Polish Hill,"Pittsburgh city (Allegheny, PA)",0.5577253012048192,1,146
E04910,40.4544539999999,-79.947569,Bloomfield,"Pittsburgh city (Allegheny, PA)",0.5577253012048192,1,156
E20385,40.455089,-79.8798769999999,East Hills,"Pittsburgh city (Allegheny, PA)",0.5577253012048192,1,146
E20730,40.459716,-79.873906,East Hills,"Pittsburgh city (Allegheny, PA)",0.5577253012048192,1,146
E40240,40.4704279999999,-79.7549429999999,,"Plum borough (Allegheny, PA)",0.5577253012048192,1,115
E70973,40.461629,-79.860954,,"Penn Hills township (Allegheny, PA)",0.5577253012048192,1,146
E12860,40.461109,-79.7596029999999,,"Plum borough (Allegheny, PA)",0.5577253012048192,1,115
E70039,40.462184,-79.840973,,"Penn Hills township (Allegheny, PA)",0.5577253012048192,1,156
E50730,40.4750179999999,-79.7922159999999,,"Penn Hills township (Allegheny, PA)",0.5577253012048192,1,60
E04810,40.453968,-79.9526979999999,North Oakland,"Pittsburgh city (Allegheny, PA)",0.5577253012048192,1,146
E49810,40.477612,-79.7996959999999,,"Penn Hills township (Allegheny, PA)",0.5577253012048192,1,60
E20800,40.45821,-79.8758389999999,East Hills,"Pittsburgh city (Allegheny, PA)",0.5577253012048192,1,156
E50020,40.4754679999999,-79.793738,,"Penn Hills township (Allegheny, PA)",0.5577253012048192,1,60
E50520,40.4848939999999,-79.8179719999999,,"Penn Hills township (Allegheny, PA)",0.5577253012048192,1,91
E05300,40.451878,-79.7550509999999,,"Monroeville municipality (Allegheny, PA)",0.5577253012048192,1,125
E21090,40.467469,-79.834708,,"Penn Hills township (Allegheny, PA)",0.5577253012048192,1,156
E12515,40.452351,-79.761223,,"Monroeville municipality (Allegheny, PA)",0.5577253012048192,1,125
E50320,40.4768169999999,-79.7879379999999,,"Penn Hills township (Allegheny, PA)",0.5577253012048192,1,60
E49680,40.4750299999999,-79.790912,,"Penn Hills township (Allegheny, PA)",0.5577253012048192,1,60
E04930,40.4550709999999,-79.9449769999999,Bloomfield,"Pittsburgh city (Allegheny, PA)",0.5577253012048192,1,156
E21240,40.463667,-79.851234,,"Penn Hills township (Allegheny, PA)",0.5577253012048192,1,156
E20850,40.4636349999999,-79.855727,,"Penn Hills township (Allegheny, PA)",0.5577253012048192,1,156
E20610,40.4608649999999,-79.867165,,"Penn Hills township (Allegheny, PA)",0.5577253012048192,1,146
E05460,40.451725,-79.755341,,"Monroeville municipality (Allegheny, PA)",0.5577253012048192,1,115
E50250,40.4776809999999,-79.7853999999999,,"Penn Hills township (Allegheny, PA)",0.5577253012048192,1,65
E70448,40.4811029999999,-79.802524,,"Penn Hills township (Allegheny, PA)",0.5577253012048192,1,65
E21020,40.465916,-79.8386229999999,,"Penn Hills township (Allegheny, PA)",0.5577253012048192,1,156
E20650,40.4572149999999,-79.8776239999999,East Hills,"Pittsburgh city (Allegheny, PA)",0.5577253012048192,1,156
E20990,40.461323,-79.8479619999999,,"Penn Hills township (Allegheny, PA)",0.5577253012048192,1,146
E20820,40.466568,-79.832756,,"Penn Hills township (Allegheny, PA)",0.5577253012048192,1,156
E04820,40.4558639999999,-79.9420769999999,Shadyside,"Pittsburgh city (Allegheny, PA)",0.5577253012048192,1,146
E21360,40.4605919999999,-79.844448,,"Penn Hills township (Allegheny, PA)",0.5577253012048192,1,156
E50460,40.477718,-79.799706,,"Penn Hills township (Allegheny, PA)",0.5577253012048192,1,65
E07630,40.456732,-79.9636419999999,Polish Hill,"Pittsburgh city (Allegheny, PA)",0.5577253012048192,1,156
E21150,40.46576,-79.8323299999999,,"Penn Hills township (Allegheny, PA)",0.5577253012048192,1,146
E20920,40.461843,-79.848849,,"Penn Hills township (Allegheny, PA)",0.5577253012048192,1,146
E21780,40.4633219999999,-79.839954,,"Penn Hills township (Allegheny, PA)",0.5577253012048192,1,146
E50200,40.475033,-79.7920989999999,,"Penn Hills township (Allegheny, PA)",0.5577253012048192,1,65
E04880,40.456668,-79.9392859999999,Bloomfield,"Pittsburgh city (Allegheny, PA)",0.5577253012048192,1,146
E21190,40.4648469999999,-79.853228,,"Penn Hills township (Allegheny, PA)",0.5577253012048192,1,146
E15200,40.449637,-79.76173,,"Monroeville municipality (Allegheny, PA)",0.5577253012048192,1,125
E21660,40.463037,-79.8564769999999,,"Penn Hills township (Allegheny, PA)",0.5577253012048192,1,156
E70013,40.457059,-79.9383389999999,Bloomfield,"Pittsburgh city (Allegheny, PA)",0.5577253012048192,1,156
E21510,40.466912,-79.8370479999999,,"Penn Hills township (Allegheny, PA)",0.5577253012048192,1,156
E21300,40.4612249999999,-79.865464,,"Penn Hills township (Allegheny, PA)",0.5577253012048192,1,146
E49560,40.4770169999999,-79.798096,,"Penn Hills township (Allegheny, PA)",0.5577253012048192,1,65
E12570,40.4609659999999,-79.759405,,"Plum borough (Allegheny, PA)",0.5577253012048192,1,125
E04840,40.4541439999999,-79.949348,Bloomfield,"Pittsburgh city (Allegheny, PA)",0.5577253012048192,1,156
E20795,40.455226,-79.88172,Homewood North,"Pittsburgh city (Allegheny, PA)",0.5577253012048192,1,156
E20782,40.455114,-79.885869,Homewood North,"Pittsburgh city (Allegheny, PA)",0.5577253012048192,1,156
E04920,40.4543079999999,-79.9478529999999,Bloomfield,"Pittsburgh city (Allegheny, PA)",0.5577253012048192,1,146
E21030,40.46143,-79.862717,,"Penn Hills township (Allegheny, PA)",0.5577253012048192,1,156
E50180,40.4829859999999,-79.809785,,"Penn Hills township (Allegheny, PA)",0.5577253012048192,1,91
E04870,40.456721,-79.9394829999999,Bloomfield,"Pittsburgh city (Allegheny, PA)",0.5577253012048192,1,156
E12780,40.467089,-79.7570209999999,,"Plum borough (Allegheny, PA)",0.5577253012048192,1,125
E50380,40.4750439999999,-79.7910159999999,,"Penn Hills township (Allegheny, PA)",0.5577253012048192,1,65
E12890,40.452396,-79.7612989999999,,"Monroeville municipality (Allegheny, PA)",0.5577253012048192,1,115
E21040,40.4613739999999,-79.8632659999999,,"Penn Hills township (Allegheny, PA)",0.5577253012048192,1,146
E20620,40.460521,-79.8729359999999,East Hills,"Pittsburgh city (Allegheny, PA)",0.5577253012048192,1,146
E21590,40.4657169999999,-79.8387529999999,,"Penn Hills township (Allegheny, PA)",0.5577253012048192,1,146
E20950,40.4628299999999,-79.850126,,"Penn Hills township (Allegheny, PA)",0.5577253012048192,1,156
E50260,40.477595,-79.785364,,"Penn Hills township (Allegheny, PA)",0.5577253012048192,1,60
E21120,40.462757,-79.856728,,"Penn Hills township (Allegheny, PA)",0.5577253012048192,1,146
E27580,40.4487749999999,-79.760531,,"Monroeville municipality (Allegheny, PA)",0.5577253012048192,1,115
E20570,40.460926,-79.867401,,"Penn Hills township (Allegheny, PA)",0.5577253012048192,1,156
E12840,40.456166,-79.759822,,"Monroeville municipality (Allegheny, PA)",0.5577253012048192,1,125
E70974,40.48461,-79.800987,,"Penn Hills township (Allegheny, PA)",0.5577253012048192,1,96
E12550,40.4562219999999,-79.759882,,"Monroeville municipality (Allegheny, PA)",0.5577253012048192,1,115
E21640,40.4674059999999,-79.8347899999999,,"Penn Hills township (Allegheny, PA)",0.5577253012048192,1,146
E07550,40.458849,-79.9581929999999,Polish Hill,"Pittsburgh city (Allegheny, PA)",0.5577253012048192,1,156
E20910,40.4618839999999,-79.8487879999999,,"Penn Hills township (Allegheny, PA)",0.5577253012048192,1,156
E50590,40.4754999999999,-79.793749,,"Penn Hills township (Allegheny, PA)",0.5577253012048192,1,65
E20890,40.4620129999999,-79.859627,,"Penn Hills township (Allegheny, PA)",0.5577253012048192,1,146
E12580,40.454509,-79.7603399999999,,"Monroeville municipality (Allegheny, PA)",0.5577253012048192,1,115
E21550,40.460712,-79.8418599999999,,"Penn Hills township (Allegheny, PA)",0.5577253012048192,1,146
E49565,40.4810159999999,-79.8025889999999,,"Penn Hills township (Allegheny, PA)",0.5577253012048192,1,60
E21362,40.4649319999999,-79.839371,,"Penn Hills township (Allegheny, PA)",0.5577253012048192,1,156
E12650,40.454655,-79.760244,,"Monroeville municipality (Allegheny, PA)",0.5577253012048192,1,125
E49600,40.483893,-79.8147869999999,,"Penn Hills township (Allegheny, PA)",0.5577253012048192,1,91
E07770,40.4586139999999,-79.957497,Polish Hill,"Pittsburgh city (Allegheny, PA)",0.5577253012048192,1,146
E21160,40.4648759999999,-79.85307,,"Penn Hills township (Allegheny, PA)",0.5577253012048192,1,156
E05000,40.454073,-79.9491759999999,Bloomfield,"Pittsburgh city (Allegheny, PA)",0.5577253012048192,1,146
E50170,40.4827489999999,-79.8094569999999,,"Penn Hills township (Allegheny, PA)",0.5577253012048192,1,96
E70265,40.4554219999999,-79.8835519999999,East Hills,"Pittsburgh city (Allegheny, PA)",0.5577253012048192,1,146
E70449,40.463546,-79.8512039999999,,"Penn Hills township (Allegheny, PA)",0.5577253012048192,1,146
E04850,40.457481,-79.9367979999999,Friendship,"Pittsburgh city (Allegheny, PA)",0.5577253012048192,1,156
E70266,40.454835,-79.880898,East Hills,"Pittsburgh city (Allegheny, PA)",0.5577253012048192,1,146
E20710,40.458269,-79.8756029999999,East Hills,"Pittsburgh city (Allegheny, PA)",0.5577253012048192,1,146
E70976,40.4510849999999,-79.7563739999999,,"Monroeville municipality (Allegheny, PA)",0.5577253012048192,1,115
E05380,40.448515,-79.7610329999999,,"Monroeville municipality (Allegheny, PA)",0.5577253012048192,1,125
E15640,40.4544179999999,-79.953522,North Oakland,"Pittsburgh city (Allegheny, PA)",0.5577253012048192,1,156
E49595,40.483902,-79.814333,,"Penn Hills township (Allegheny, PA)",0.5577253012048192,1,96
E70972,40.461739,-79.8608499999999,,"Penn Hills township (Allegheny, PA)",0.5577253012048192,1,156
S01340,40.3719669999999,-79.8465419999999,,"Duquesne city (Allegheny, PA)",0.5677506024096386,1,385
S70164,40.3521649999999,-79.862171,,"McKeesport city (Allegheny, PA)",0.5677506024096386,1,385
S14792,40.3711729999999,-79.843506,,"Duquesne city (Allegheny, PA)",0.5677506024096386,1,385
E21430,40.4744299999999,-79.822022,,"Penn Hills township (Allegheny, PA)",0.5724203116129439,2,191
E20930,40.4729549999999,-79.820262,,"Penn Hills township (Allegheny, PA)",0.5724203116129439,2,191
E21700,40.470882,-79.821251,,"Penn Hills township (Allegheny, PA)",0.5724203116129439,2,191
E21600,40.469486,-79.8236469999999,,"Penn Hills township (Allegheny, PA)",0.5724203116129439,2,191
E49830,40.4845929999999,-79.818763,,"Penn Hills township (Allegheny, PA)",0.5724203116129439,2,191
E70999,40.4724179999999,-79.819675,,"Penn Hills township (Allegheny, PA)",0.5724203116129439,2,191
E21720,40.4663929999999,-79.826126,,"Penn Hills township (Allegheny, PA)",0.5724203116129439,2,191
E21130,40.468456,-79.824669,,"Penn Hills township (Allegheny, PA)",0.5724203116129439,2,191
E21540,40.481163,-79.822136,,"Penn Hills township (Allegheny, PA)",0.5724203116129439,2,191
E20940,40.479902,-79.8225759999999,,"Penn Hills township (Allegheny, PA)",0.5724203116129439,2,191
E20810,40.4814879999999,-79.821606,,"Penn Hills township (Allegheny, PA)",0.573232190641017,2,181
E21060,40.469431,-79.82357,,"Penn Hills township (Allegheny, PA)",0.573232190641017,2,181
E70446,40.472419,-79.8195589999999,,"Penn Hills township (Allegheny, PA)",0.573232190641017,2,181
E70447,40.483801,-79.819236,,"Penn Hills township (Allegheny, PA)",0.573232190641017,2,181
E21220,40.4708079999999,-79.821387,,"Penn Hills township (Allegheny, PA)",0.573232190641017,2,181
E20945,40.479868,-79.8224929999999,,"Penn Hills township (Allegheny, PA)",0.573232190641017,2,181
E21740,40.474221,-79.8217719999999,,"Penn Hills township (Allegheny, PA)",0.573232190641017,2,181
E21320,40.466628,-79.8258809999999,,"Penn Hills township (Allegheny, PA)",0.573232190641017,2,181
E21670,40.4682719999999,-79.8246979999999,,"Penn Hills township (Allegheny, PA)",0.573232190641017,2,181
E49770,40.476736,-79.7826929999999,,"Penn Hills township (Allegheny, PA)",0.576594188518781,2,85
E50570,40.4764649999999,-79.780434,,"Penn Hills township (Allegheny, PA)",0.576594188518781,2,85
E49622,40.4751279999999,-79.775271,,"Plum borough (Allegheny, PA)",0.576594188518781,2,85
E49945,40.475205,-79.773019,,"Plum borough (Allegheny, PA)",0.576594188518781,2,85
E50030,40.4752689999999,-79.770813,,"Plum borough (Allegheny, PA)",0.576594188518781,2,85
E49690,40.47592,-79.778182,,"Plum borough (Allegheny, PA)",0.576594188518781,2,85
E70278,40.4762989999999,-79.760091,,"Plum borough (Allegheny, PA)",0.5771659729828403,2,165
E50560,40.475261,-79.77096,,"Plum borough (Allegheny, PA)",0.5777734939759036,2,80
E50362,40.475109,-79.776184,,"Plum borough (Allegheny, PA)",0.5777734939759036,2,80
E40200,40.476457,-79.760658,,"Plum borough (Allegheny, PA)",0.5777734939759036,2,80
E54860,40.4845699999999,-79.767443,,"Plum borough (Allegheny, PA)",0.5777734939759036,2,80
E50390,40.476033,-79.7785959999999,,"Penn Hills township (Allegheny, PA)",0.5777734939759036,2,80
E49970,40.476371,-79.7808299999999,,"Penn Hills township (Allegheny, PA)",0.5777734939759036,2,80
E54855,40.478284,-79.7612869999999,,"Plum borough (Allegheny, PA)",0.5777734939759036,2,80
E34620,40.486989,-79.8085039999999,,"Penn Hills township (Allegheny, PA)",0.5777734939759036,2,80
E54900,40.4897709999999,-79.7795959999999,,"Plum borough (Allegheny, PA)",0.5777734939759036,2,80
E55010,40.490419,-79.7830239999999,,"Plum borough (Allegheny, PA)",0.5777734939759036,2,80
E49780,40.476689,-79.782775,,"Penn Hills township (Allegheny, PA)",0.5777734939759036,2,80
E55000,40.486367,-79.7715649999999,,"Plum borough (Allegheny, PA)",0.5777734939759036,2,80
E70440,40.483598,-79.7657449999999,,"Plum borough (Allegheny, PA)",0.5777734939759036,2,80
E70439,40.4770619999999,-79.7596839999999,,"Plum borough (Allegheny, PA)",0.5777734939759036,2,80
E50550,40.4751589999999,-79.772827,,"Plum borough (Allegheny, PA)",0.5777734939759036,2,80
E54870,40.4854559999999,-79.769142,,"Plum borough (Allegheny, PA)",0.5777734939759036,2,80
E21570,40.4650409999999,-79.828292,,"Penn Hills township (Allegheny, PA)",0.5786286301604522,2,211
E70351,40.4862219999999,-79.7714299999999,,"Plum borough (Allegheny, PA)",0.5791100401606425,2,75
E70392,40.4788289999999,-79.762591,,"Plum borough (Allegheny, PA)",0.5791100401606425,2,75
E70364,40.4904519999999,-79.783371,,"Plum borough (Allegheny, PA)",0.5791100401606425,2,75
E70348,40.493827,-79.7863069999999,,"Penn Hills township (Allegheny, PA)",0.5791100401606425,2,75
E70352,40.4855799999999,-79.769564,,"Plum borough (Allegheny, PA)",0.5791100401606425,2,75
E70353,40.4848509999999,-79.768145,,"Plum borough (Allegheny, PA)",0.5791100401606425,2,75
E70391,40.4836829999999,-79.7659019999999,,"Plum borough (Allegheny, PA)",0.5791100401606425,2,75
E70280,40.477575,-79.759484,,"Plum borough (Allegheny, PA)",0.5791100401606425,2,75
E70350,40.489392,-79.7785169999999,,"Plum borough (Allegheny, PA)",0.5791100401606425,2,75
E70162,40.4649009999999,-79.8310409999999,,"Penn Hills township (Allegheny, PA)",0.5796685967751602,2,201
E20970,40.4650329999999,-79.8280929999999,,"Penn Hills township (Allegheny, PA)",0.5796685967751602,2,201
E19620,40.437179,-79.9748129999999,Bluff,"Pittsburgh city (Allegheny, PA)",0.580619240440021,3,1150
E19750,40.437241,-79.9761349999999,Bluff,"Pittsburgh city (Allegheny, PA)",0.580619240440021,3,1150
E19480,40.4373319999999,-79.977997,Bluff,"Pittsburgh city (Allegheny, PA)",0.580619240440021,3,1150
E08450,40.4532019999999,-79.7513679999999,,"Monroeville municipality (Allegheny, PA)",0.5806535042609462,2,250
E01810,40.4388429999999,-79.9906689999999,Crawford-Roberts,"Pittsburgh city (Allegheny, PA)",0.5824577489109533,4,1535
E01330,40.438698,-79.9881129999999,Crawford-Roberts,"Pittsburgh city (Allegheny, PA)",0.5824577489109533,4,1535
E01190,40.438369,-79.9806399999999,Crawford-Roberts,"Pittsburgh city (Allegheny, PA)",0.5824577489109533,4,1535
E01960,40.438346,-79.97936,Crawford-Roberts,"Pittsburgh city (Allegheny, PA)",0.5824577489109533,4,1535
E01840,40.43822,-79.977366,Bluff,"Pittsburgh city (Allegheny, PA)",0.5824577489109533,4,1535
E01310,40.4378749999999,-79.973039,West Oakland,"Pittsburgh city (Allegheny, PA)",0.5824577489109533,4,1535
E01540,40.438583,-79.9848559999999,Crawford-Roberts,"Pittsburgh city (Allegheny, PA)",0.5824577489109533,4,1535
E01700,40.4386459999999,-79.986237,Crawford-Roberts,"Pittsburgh city (Allegheny, PA)",0.5824577489109533,4,1535
E02040,40.438191,-79.975796,West Oakland,"Pittsburgh city (Allegheny, PA)",0.5824577489109533,4,1535
E01450,40.438082,-79.9745439999999,West Oakland,"Pittsburgh city (Allegheny, PA)",0.5824577489109533,4,1535
E02080,40.4384459999999,-79.9824339999999,Crawford-Roberts,"Pittsburgh city (Allegheny, PA)",0.5824577489109533,4,1535
E19790,40.437528,-79.982842,Bluff,"Pittsburgh city (Allegheny, PA)",0.5824932935625999,4,1545
E19220,40.437995,-79.9935349999999,Bluff,"Pittsburgh city (Allegheny, PA)",0.5824932935625999,4,1545
E19510,40.43779,-79.988495,Bluff,"Pittsburgh city (Allegheny, PA)",0.5824932935625999,4,1545
E19780,40.4377149999999,-79.986693,Bluff,"Pittsburgh city (Allegheny, PA)",0.5824932935625999,4,1545
E19720,40.4376329999999,-79.9852929999999,Bluff,"Pittsburgh city (Allegheny, PA)",0.5824932935625999,4,1545
E19440,40.437387,-79.979635,Bluff,"Pittsburgh city (Allegheny, PA)",0.5824932935625999,4,1545
E19590,40.4374759999999,-79.9816909999999,Bluff,"Pittsburgh city (Allegheny, PA)",0.5824932935625999,4,1545
E19470,40.43795,-79.991234,Bluff,"Pittsburgh city (Allegheny, PA)",0.5824932935625999,4,1545
E27490,40.411973,-79.880966,,"Rankin borough (Allegheny, PA)",0.5842313253012048,1,385
E08970,40.434136,-79.894935,,"Wilkinsburg borough (Allegheny, PA)",0.5842313253012048,1,385
E08510,40.406126,-79.873303,,"Braddock borough (Allegheny, PA)",0.5842313253012048,1,385
E48205,40.410381,-79.8779909999999,,"Rankin borough (Allegheny, PA)",0.5842313253012048,1,385
E08890,40.4357609999999,-79.895891,Regent Square,"Pittsburgh city (Allegheny, PA)",0.5842313253012048,1,385
E08920,40.433041,-79.894287,,"Swissvale borough (Allegheny, PA)",0.5842313253012048,1,385
E19260,40.4394989999999,-79.898532,Regent Square,"Pittsburgh city (Allegheny, PA)",0.5842313253012048,1,385
E08880,40.4071029999999,-79.8750399999999,,"Braddock borough (Allegheny, PA)",0.5842313253012048,1,385
E08980,40.4343009999999,-79.8951689999999,,"Swissvale borough (Allegheny, PA)",0.5842313253012048,1,385
E70956,40.4381419999999,-79.896932,Regent Square,"Pittsburgh city (Allegheny, PA)",0.5842313253012048,1,385
E08730,40.40388,-79.869499,,"Braddock borough (Allegheny, PA)",0.5842313253012048,1,385
E09400,40.438383,-79.897147,Regent Square,"Pittsburgh city (Allegheny, PA)",0.5842313253012048,1,385
E08650,40.43677,-79.896331,Regent Square,"Pittsburgh city (Allegheny, PA)",0.5842313253012048,1,385
E08550,40.4049229999999,-79.8711399999999,,"Braddock borough (Allegheny, PA)",0.5842313253012048,1,385
E08885,40.407063,-79.8751529999999,,"Braddock borough (Allegheny, PA)",0.5842313253012048,1,385
E70936,40.406151,-79.873535,,"Braddock borough (Allegheny, PA)",0.5842313253012048,1,385
E08900,40.435986,-79.8961039999999,Regent Square,"Pittsburgh city (Allegheny, PA)",0.5842313253012048,1,385
E09320,40.4370079999999,-79.896544,Regent Square,"Pittsburgh city (Allegheny, PA)",0.5842313253012048,1,385
E08560,40.4050879999999,-79.87165,,"Braddock borough (Allegheny, PA)",0.5842313253012048,1,385
S27490,40.401288,-79.8804769999999,,"Whitaker borough (Allegheny, PA)",0.586405421686747,2,440
S27380,40.3905779999999,-79.8690399999999,,"West Mifflin borough (Allegheny, PA)",0.586405421686747,2,440
S27400,40.3890829999999,-79.867784,,"West Mifflin borough (Allegheny, PA)",0.586405421686747,2,440
S27530,40.3849749999999,-79.8625399999999,,"West Mifflin borough (Allegheny, PA)",0.586405421686747,2,440
E19270,40.439692,-79.8983759999999,Point Breeze,"Pittsburgh city (Allegheny, PA)",0.5870956138278605,2,765
E19350,40.437994,-79.9132319999999,Squirrel Hill South,"Pittsburgh city (Allegheny, PA)",0.5870956138278605,2,765
E19370,40.437942,-79.917844,Squirrel Hill South,"Pittsburgh city (Allegheny, PA)",0.5870956138278605,2,765
E19340,40.43807,-79.912789,Point Breeze,"Pittsburgh city (Allegheny, PA)",0.5870956138278605,2,765
E19150,40.438093,-79.915957,Squirrel Hill North,"Pittsburgh city (Allegheny, PA)",0.5870956138278605,2,765
E19160,40.438003,-79.9163729999999,Squirrel Hill South,"Pittsburgh city (Allegheny, PA)",0.5870956138278605,2,765
E19360,40.438088,-79.919217,Squirrel Hill North,"Pittsburgh city (Allegheny, PA)",0.5870956138278605,2,765
E70962,40.403337,-79.8685559999999,,"Braddock borough (Allegheny, PA)",0.5871098151058339,2,621
E70961,40.404333,-79.866861,,"Braddock borough (Allegheny, PA)",0.5871098151058339,2,621
E70963,40.404218,-79.866971,,"Braddock borough (Allegheny, PA)",0.5871100290563174,2,651
E70964,40.405622,-79.863596,,"North Braddock borough (Allegheny, PA)",0.5871100290563174,2,651
E70965,40.4081559999999,-79.8580749999999,,"North Braddock borough (Allegheny, PA)",0.5871100290563174,2,651
E34600,40.492919,-79.790796,,"Penn Hills township (Allegheny, PA)",0.5872700063411541,2,95
E34720,40.4918509999999,-79.7928529999999,,"Penn Hills township (Allegheny, PA)",0.5872700063411541,2,95
E34700,40.485149,-79.8177069999999,,"Penn Hills township (Allegheny, PA)",0.5872700063411541,2,95
E34640,40.4862919999999,-79.8146179999999,,"Penn Hills township (Allegheny, PA)",0.5872700063411541,2,95
E34635,40.4881809999999,-79.801409,,"Penn Hills township (Allegheny, PA)",0.5872700063411541,2,95
E34610,40.493752,-79.7892709999999,,"Penn Hills township (Allegheny, PA)",0.5872700063411541,2,95
E34630,40.486735,-79.804821,,"Penn Hills township (Allegheny, PA)",0.5872700063411541,2,95
S27480,40.3850059999999,-79.8630909999999,,"West Mifflin borough (Allegheny, PA)",0.5878726546635983,2,445
S27500,40.401454,-79.8808259999999,,"Whitaker borough (Allegheny, PA)",0.5878726546635983,2,445
S33262,40.3522839999999,-79.860302,,"McKeesport city (Allegheny, PA)",0.5878726546635983,2,445
S27390,40.390712,-79.86932,,"West Mifflin borough (Allegheny, PA)",0.5878726546635983,2,445
S27410,40.3891169999999,-79.8679929999999,,"West Mifflin borough (Allegheny, PA)",0.5878726546635983,2,445
E11191,40.476083,-79.9206599999999,Highland Park,"Pittsburgh city (Allegheny, PA)",0.5879493975903615,1,395
E29077,40.460348,-79.92493,East Liberty,"Pittsburgh city (Allegheny, PA)",0.5879493975903615,1,395
E28860,40.452057,-79.924126,Shadyside,"Pittsburgh city (Allegheny, PA)",0.5879493975903615,1,385
E01440,40.437998,-79.9746059999999,Bluff,"Pittsburgh city (Allegheny, PA)",0.5879493975903615,1,395
E33040,40.4377289999999,-79.977658,Bluff,"Pittsburgh city (Allegheny, PA)",0.5879493975903615,1,395
E70814,40.458806,-79.9251529999999,Shadyside,"Pittsburgh city (Allegheny, PA)",0.5879493975903615,1,385
E29130,40.469802,-79.921045,Highland Park,"Pittsburgh city (Allegheny, PA)",0.5879493975903615,1,385
E29180,40.4726369999999,-79.919746,Highland Park,"Pittsburgh city (Allegheny, PA)",0.5879493975903615,1,385
E29030,40.453237,-79.924715,Shadyside,"Pittsburgh city (Allegheny, PA)",0.5879493975903615,1,395
E29050,40.47104,-79.920347,Highland Park,"Pittsburgh city (Allegheny, PA)",0.5879493975903615,1,395
E29160,40.454233,-79.925407,Shadyside,"Pittsburgh city (Allegheny, PA)",0.5879493975903615,1,385
E28970,40.4550699999999,-79.9253839999999,Shadyside,"Pittsburgh city (Allegheny, PA)",0.5879493975903615,1,385
E29220,40.474412,-79.91879,Highland Park,"Pittsburgh city (Allegheny, PA)",0.5879493975903615,1,395
E70815,40.459009,-79.9250909999999,Shadyside,"Pittsburgh city (Allegheny, PA)",0.5879493975903615,1,395
E29055,40.461264,-79.924789,East Liberty,"Pittsburgh city (Allegheny, PA)",0.5879493975903615,1,395
E29140,40.469594,-79.921019,East Liberty,"Pittsburgh city (Allegheny, PA)",0.5879493975903615,1,395
E28950,40.4664799999999,-79.922588,East Liberty,"Pittsburgh city (Allegheny, PA)",0.5879493975903615,1,385
E29190,40.472346,-79.9197419999999,Highland Park,"Pittsburgh city (Allegheny, PA)",0.5879493975903615,1,395
E28910,40.45705,-79.9251119999999,Shadyside,"Pittsburgh city (Allegheny, PA)",0.5879493975903615,1,395
E29210,40.4574149999999,-79.925244,Shadyside,"Pittsburgh city (Allegheny, PA)",0.5879493975903615,1,385
E01640,40.438118,-79.9760069999999,Bluff,"Pittsburgh city (Allegheny, PA)",0.5879493975903615,1,395
E28880,40.452311,-79.9241609999999,Shadyside,"Pittsburgh city (Allegheny, PA)",0.5879493975903615,1,395
E01030,40.4377479999999,-79.972942,Bluff,"Pittsburgh city (Allegheny, PA)",0.5879493975903615,1,395
E29105,40.455145,-79.9252709999999,Shadyside,"Pittsburgh city (Allegheny, PA)",0.5879493975903615,1,395
E29020,40.4534099999999,-79.924941,Shadyside,"Pittsburgh city (Allegheny, PA)",0.5879493975903615,1,385
E29170,40.4541049999999,-79.9252369999999,Shadyside,"Pittsburgh city (Allegheny, PA)",0.5879493975903615,1,395
E11190,40.476112,-79.920899,Highland Park,"Pittsburgh city (Allegheny, PA)",0.5879493975903615,1,385
E29040,40.471209,-79.9203959999999,Highland Park,"Pittsburgh city (Allegheny, PA)",0.5879493975903615,1,385
E28980,40.4738839999999,-79.919162,Highland Park,"Pittsburgh city (Allegheny, PA)",0.5879493975903615,1,385
E28990,40.473348,-79.9192819999999,Highland Park,"Pittsburgh city (Allegheny, PA)",0.5879493975903615,1,395
E70379,40.486217,-79.8147529999999,,"Penn Hills township (Allegheny, PA)",0.5889113788487282,2,90
E70276,40.4854539999999,-79.817413,,"Penn Hills township (Allegheny, PA)",0.5889113788487282,2,90
E70388,40.491784,-79.7927899999999,,"Penn Hills township (Allegheny, PA)",0.5889113788487282,2,90
E70389,40.492859,-79.790715,,"Penn Hills township (Allegheny, PA)",0.5889113788487282,2,90
E70384,40.488197,-79.801287,,"Penn Hills township (Allegheny, PA)",0.5889113788487282,2,90
E70390,40.4937359999999,-79.7891609999999,,"Penn Hills township (Allegheny, PA)",0.5889113788487282,2,90
E70381,40.486953,-79.80885,,"Penn Hills township (Allegheny, PA)",0.5889113788487282,2,90
E70382,40.4867759999999,-79.804454,,"Penn Hills township (Allegheny, PA)",0.5889113788487282,2,90
E39650,40.4256069999999,-79.8916059999999,,"Swissvale borough (Allegheny, PA)",0.5890528846065561,2,405
E70900,40.4010869999999,-79.865502,,"Braddock borough (Allegheny, PA)",0.5899975903614457,1,380
E14510,40.437434,-79.8818459999999,,"Wilkinsburg borough (Allegheny, PA)",0.5899975903614457,1,380
E70408,40.4358989999999,-79.8816429999999,,"Wilkinsburg borough (Allegheny, PA)",0.5899975903614457,1,380
E27520,40.408253,-79.865457,,"North Braddock borough (Allegheny, PA)",0.5899975903614457,1,380
E19690,40.439354,-79.8950119999999,Regent Square,"Pittsburgh city (Allegheny, PA)",0.5899975903614457,1,380
E14440,40.4385929999999,-79.881191,,"Wilkinsburg borough (Allegheny, PA)",0.5899975903614457,1,380
E39140,40.405441,-79.861767,,"North Braddock borough (Allegheny, PA)",0.5899975903614457,1,380
E52400,40.4424139999999,-79.8865059999999,,"Wilkinsburg borough (Allegheny, PA)",0.5899975903614457,1,380
E70899,40.400092,-79.864135,,"Braddock borough (Allegheny, PA)",0.5899975903614457,1,380
E27500,40.4068589999999,-79.863618,,"North Braddock borough (Allegheny, PA)",0.5899975903614457,1,380
E53780,40.436793,-79.8806079999999,,"Wilkinsburg borough (Allegheny, PA)",0.5899975903614457,1,380
E14430,40.435203,-79.8831119999999,,"Edgewood borough (Allegheny, PA)",0.5899975903614457,1,380
E19430,40.4397159999999,-79.8966599999999,Regent Square,"Pittsburgh city (Allegheny, PA)",0.5899975903614457,1,380
E70417,40.438319,-79.87957,,"Wilkinsburg borough (Allegheny, PA)",0.5899975903614457,1,380
E14450,40.4402219999999,-79.8802639999999,,"Wilkinsburg borough (Allegheny, PA)",0.5899975903614457,1,380
E14420,40.439402,-79.8807379999999,,"Wilkinsburg borough (Allegheny, PA)",0.5899975903614457,1,380
E27510,40.40822,-79.865525,,"North Braddock borough (Allegheny, PA)",0.5899975903614457,1,380
E14480,40.4363699999999,-79.88245,,"Wilkinsburg borough (Allegheny, PA)",0.5899975903614457,1,380
E27530,40.406967,-79.8639139999999,,"North Braddock borough (Allegheny, PA)",0.5899975903614457,1,380
E70897,40.402073,-79.861069,,"North Braddock borough (Allegheny, PA)",0.5899975903614457,1,380
E27450,40.4055359999999,-79.861839,,"North Braddock borough (Allegheny, PA)",0.5899975903614457,1,380
E70901,40.399999,-79.8642289999999,,"Braddock borough (Allegheny, PA)",0.5899975903614457,1,380
E19420,40.439804,-79.8955689999999,Point Breeze,"Pittsburgh city (Allegheny, PA)",0.5899975903614457,1,380
E70117,40.404795,-79.862436,,"North Braddock borough (Allegheny, PA)",0.5899975903614457,1,380
E70898,40.4004499999999,-79.8629799999999,,"Braddock borough (Allegheny, PA)",0.5899975903614457,1,380
E70157,40.434899,-79.8827959999999,,"Edgewood borough (Allegheny, PA)",0.5899975903614457,1,380
E70904,40.403385,-79.8627299999999,,"North Braddock borough (Allegheny, PA)",0.5899975903614457,1,380
E27425,40.4092139999999,-79.8665919999999,,"North Braddock borough (Allegheny, PA)",0.5899975903614457,1,380
E70902,40.400314,-79.8630639999999,,"Braddock borough (Allegheny, PA)",0.5899975903614457,1,380
E70903,40.4019589999999,-79.861007,,"North Braddock borough (Allegheny, PA)",0.5899975903614457,1,380
E39670,40.425376,-79.891597,,"Swissvale borough (Allegheny, PA)",0.5901847750532392,2,410
S01290,40.37303,-79.846878,,"Duquesne city (Allegheny, PA)",0.5937863955823294,3,480
E03570,40.504742,-79.8430759999999,,"Verona borough (Allegheny, PA)",0.5961602409638553,1,110
E03320,40.506754,-79.8429459999999,,"Verona borough (Allegheny, PA)",0.5961602409638553,1,110
E34220,40.4579859999999,-79.8515369999999,,"Penn Hills township (Allegheny, PA)",0.5961602409638553,1,110
E55780,40.479761,-79.8394449999999,,"Penn Hills township (Allegheny, PA)",0.5961602409638553,1,110
E55570,40.493361,-79.836326,,"Penn Hills township (Allegheny, PA)",0.5961602409638553,1,110
E70738,40.538995,-79.830224,,"Harmar township (Allegheny, PA)",0.5961602409638553,1,110
E55630,40.4817109999999,-79.838047,,"Penn Hills township (Allegheny, PA)",0.5961602409638553,1,110
E55410,40.484963,-79.83745,,"Penn Hills township (Allegheny, PA)",0.5961602409638553,1,110
E70027,40.5189209999999,-79.843051,,"Oakmont borough (Allegheny, PA)",0.5961602409638553,1,110
E70326,40.466731,-79.84684,,"Penn Hills township (Allegheny, PA)",0.5961602409638553,1,110
E70323,40.4620749999999,-79.8425419999999,,"Penn Hills township (Allegheny, PA)",0.5961602409638553,1,110
E03550,40.508429,-79.842617,,"Verona borough (Allegheny, PA)",0.5961602409638553,1,110
E55530,40.479959,-79.839313,,"Penn Hills township (Allegheny, PA)",0.5961602409638553,1,110
E34140,40.4509049999999,-79.8620509999999,,"Wilkinsburg borough (Allegheny, PA)",0.5961602409638553,1,110
E33970,40.45824,-79.8554,,"Penn Hills township (Allegheny, PA)",0.5961602409638553,1,110
E34100,40.4526559999999,-79.860324,,"Wilkinsburg borough (Allegheny, PA)",0.5961602409638553,1,110
E70324,40.4621369999999,-79.8424839999999,,"Penn Hills township (Allegheny, PA)",0.5961602409638553,1,110
E33940,40.4571419999999,-79.8572989999999,,"Wilkinsburg borough (Allegheny, PA)",0.5961602409638553,1,110
E33900,40.454807,-79.858412,,"Wilkinsburg borough (Allegheny, PA)",0.5961602409638553,1,110
E55730,40.498911,-79.8374149999999,,"Penn Hills township (Allegheny, PA)",0.5961602409638553,1,110
E34230,40.4524839999999,-79.8604109999999,,"Wilkinsburg borough (Allegheny, PA)",0.5961602409638553,1,110
E55480,40.4904439999999,-79.836174,,"Penn Hills township (Allegheny, PA)",0.5961602409638553,1,110
E55610,40.493561,-79.8364949999999,,"Penn Hills township (Allegheny, PA)",0.5961602409638553,1,110
E55490,40.4903759999999,-79.836093,,"Penn Hills township (Allegheny, PA)",0.5961602409638553,1,110
E57410,40.503574,-79.840097,,"Penn Hills township (Allegheny, PA)",0.5961602409638553,1,110
E55510,40.4817869999999,-79.8380839999999,,"Penn Hills township (Allegheny, PA)",0.5961602409638553,1,110
E33880,40.453389,-79.859048,,"Wilkinsburg borough (Allegheny, PA)",0.5961602409638553,1,110
E34055,40.449086,-79.8660189999999,,"Wilkinsburg borough (Allegheny, PA)",0.5961602409638553,1,110
E34150,40.4510679999999,-79.8620509999999,,"Wilkinsburg borough (Allegheny, PA)",0.5961602409638553,1,110
E03450,40.512413,-79.8433399999999,,"Oakmont borough (Allegheny, PA)",0.5961602409638553,1,110
E55450,40.4990099999999,-79.8375159999999,,"Penn Hills township (Allegheny, PA)",0.5961602409638553,1,110
E70029,40.5163799999999,-79.843348,,"Oakmont borough (Allegheny, PA)",0.5961602409638553,1,110
E70977,40.488362,-79.836905,,"Penn Hills township (Allegheny, PA)",0.5961602409638553,1,110
E55550,40.4866529999999,-79.837343,,"Penn Hills township (Allegheny, PA)",0.5961602409638553,1,110
E70065,40.503695,-79.841251,,"Verona borough (Allegheny, PA)",0.5961602409638553,1,110
E70087,40.5240009999999,-79.8418889999999,,"Oakmont borough (Allegheny, PA)",0.5961602409638553,1,110
E55535,40.5015599999999,-79.8377339999999,,"Penn Hills township (Allegheny, PA)",0.5961602409638553,1,110
E70028,40.5177989999999,-79.8432049999999,,"Oakmont borough (Allegheny, PA)",0.5961602409638553,1,110
E34120,40.449238,-79.86395,,"Wilkinsburg borough (Allegheny, PA)",0.5961602409638553,1,110
E70025,40.522058,-79.84264,,"Oakmont borough (Allegheny, PA)",0.5961602409638553,1,110
E34240,40.449123,-79.8641559999999,,"Wilkinsburg borough (Allegheny, PA)",0.5961602409638553,1,110
E55560,40.4864419999999,-79.8373079999999,,"Penn Hills township (Allegheny, PA)",0.5961602409638553,1,110
E34200,40.458387,-79.846344,,"Penn Hills township (Allegheny, PA)",0.5961602409638553,1,110
E55590,40.496046,-79.8367449999999,,"Penn Hills township (Allegheny, PA)",0.5961602409638553,1,110
E70034,40.518956,-79.842943,,"Oakmont borough (Allegheny, PA)",0.5961602409638553,1,110
E70038,40.5247859999999,-79.8413539999999,,"Oakmont borough (Allegheny, PA)",0.5961602409638553,1,110
E70321,40.466548,-79.8469149999999,,"Penn Hills township (Allegheny, PA)",0.5961602409638553,1,110
E03560,40.504978,-79.8431429999999,,"Verona borough (Allegheny, PA)",0.5961602409638553,1,110
E70031,40.515345,-79.843382,,"Oakmont borough (Allegheny, PA)",0.5961602409638553,1,110
E55800,40.478847,-79.8406839999999,,"Penn Hills township (Allegheny, PA)",0.5961602409638553,1,110
E70322,40.463554,-79.8447709999999,,"Penn Hills township (Allegheny, PA)",0.5961602409638553,1,110
E34170,40.457737,-79.850183,,"Penn Hills township (Allegheny, PA)",0.5961602409638553,1,110
E34210,40.4594469999999,-79.84385,,"Penn Hills township (Allegheny, PA)",0.5961602409638553,1,110
E55620,40.497303,-79.836883,,"Penn Hills township (Allegheny, PA)",0.5961602409638553,1,110
E34030,40.459575,-79.843778,,"Penn Hills township (Allegheny, PA)",0.5961602409638553,1,110
E33990,40.458489,-79.8462739999999,,"Penn Hills township (Allegheny, PA)",0.5961602409638553,1,110
E70035,40.520159,-79.842814,,"Oakmont borough (Allegheny, PA)",0.5961602409638553,1,110
E34160,40.458224,-79.8551999999999,,"Penn Hills township (Allegheny, PA)",0.5961602409638553,1,110
E34060,40.449168,-79.865981,,"Wilkinsburg borough (Allegheny, PA)",0.5961602409638553,1,110
E70030,40.514127,-79.8436159999999,,"Oakmont borough (Allegheny, PA)",0.5961602409638553,1,110
E40330,40.4489349999999,-79.867519,,"Wilkinsburg borough (Allegheny, PA)",0.5961602409638553,1,110
E57380,40.503624,-79.839945,,"Verona borough (Allegheny, PA)",0.5961602409638553,1,110
E70032,40.516134,-79.843288,,"Oakmont borough (Allegheny, PA)",0.5961602409638553,1,110
E55370,40.5014439999999,-79.837624,,"Penn Hills township (Allegheny, PA)",0.5961602409638553,1,110
E33870,40.4576769999999,-79.8502409999999,,"Penn Hills township (Allegheny, PA)",0.5961602409638553,1,110
E70978,40.4885689999999,-79.8369009999999,,"Penn Hills township (Allegheny, PA)",0.5961602409638553,1,110
E70325,40.46347,-79.844244,,"Penn Hills township (Allegheny, PA)",0.5961602409638553,1,110
E34090,40.4535679999999,-79.859013,,"Wilkinsburg borough (Allegheny, PA)",0.5961602409638553,1,110
E70037,40.523682,-79.8419609999999,,"Oakmont borough (Allegheny, PA)",0.5961602409638553,1,110
E55380,40.4779839999999,-79.8452719999999,,"Penn Hills township (Allegheny, PA)",0.5961602409638553,1,110
E70036,40.521832,-79.8425929999999,,"Oakmont borough (Allegheny, PA)",0.5961602409638553,1,110
E70277,40.455756,-79.857848,,"Wilkinsburg borough (Allegheny, PA)",0.5961602409638553,1,110
E70800,40.4608929999999,-79.8424459999999,,"Penn Hills township (Allegheny, PA)",0.5961602409638553,1,110
E33910,40.456156,-79.85778,,"Wilkinsburg borough (Allegheny, PA)",0.5961602409638553,1,110
E70026,40.520304,-79.842877,,"Oakmont borough (Allegheny, PA)",0.5961602409638553,1,110
E55420,40.484391,-79.837354,,"Penn Hills township (Allegheny, PA)",0.5961602409638553,1,110
E03330,40.506726,-79.8427389999999,,"Verona borough (Allegheny, PA)",0.5961602409638553,1,110
E70033,40.5176329999999,-79.843102,,"Oakmont borough (Allegheny, PA)",0.5961602409638553,1,110
E34050,40.4546089999999,-79.8583699999999,,"Wilkinsburg borough (Allegheny, PA)",0.5961602409638553,1,110
E34080,40.457923,-79.8515289999999,,"Penn Hills township (Allegheny, PA)",0.5961602409638553,1,110
E55600,40.478855,-79.840787,,"Penn Hills township (Allegheny, PA)",0.5961602409638553,1,110
E55810,40.4973889999999,-79.8368219999999,,"Penn Hills township (Allegheny, PA)",0.5961602409638553,1,110
E55580,40.4962239999999,-79.83683,,"Penn Hills township (Allegheny, PA)",0.5961602409638553,1,110
E39610,40.4234799999999,-79.8913119999999,,"Swissvale borough (Allegheny, PA)",0.5973088136282892,3,435
E39575,40.423057,-79.891175,,"Swissvale borough (Allegheny, PA)",0.5982697123510878,3,440
E39540,40.4219859999999,-79.890516,,"Swissvale borough (Allegheny, PA)",0.5982697123510878,3,440
E09110,40.4316869999999,-79.893161,,"Edgewood borough (Allegheny, PA)",0.5992090178441606,3,445
E08910,40.432681,-79.893884,,"Edgewood borough (Allegheny, PA)",0.5992090178441606,3,445
E08840,40.428848,-79.89172,,"Edgewood borough (Allegheny, PA)",0.5992090178441606,3,445
E09330,40.43065,-79.8924939999999,,"Edgewood borough (Allegheny, PA)",0.5992090178441606,3,445
E09390,40.4287339999999,-79.8918079999999,,"Edgewood borough (Allegheny, PA)",0.6001274498818319,3,450
E09100,40.431927,-79.8934509999999,,"Swissvale borough (Allegheny, PA)",0.6001274498818319,3,450
E08690,40.430695,-79.8926179999999,,"Swissvale borough (Allegheny, PA)",0.6001274498818319,3,450
P00850,40.442791,-79.9966199999999,Central Business District,"Pittsburgh city (Allegheny, PA)",0.6009980207345752,6,743
E30185,40.526325,-79.844132,,"Oakmont borough (Allegheny, PA)",0.6011711807228914,2,125
E30175,40.5260269999999,-79.842532,,"Oakmont borough (Allegheny, PA)",0.6011711807228914,2,125
E20700,40.4586669999999,-79.9077879999999,Homewood West,"Pittsburgh city (Allegheny, PA)",0.6012465993004275,2,403
E70046,40.457396,-79.8961199999999,Homewood North,"Pittsburgh city (Allegheny, PA)",0.6012465993004275,2,403
E70421,40.458652,-79.9020179999999,Homewood West,"Pittsburgh city (Allegheny, PA)",0.6012465993004275,2,403
E20390,40.458174,-79.9036339999999,Homewood West,"Pittsburgh city (Allegheny, PA)",0.6012465993004275,2,403
E20420,40.4590579999999,-79.9095109999999,Larimer,"Pittsburgh city (Allegheny, PA)",0.6012465993004275,2,403
E20500,40.4583289999999,-79.9058629999999,Homewood West,"Pittsburgh city (Allegheny, PA)",0.6012465993004275,2,403
E20330,40.45591,-79.8895569999999,Homewood North,"Pittsburgh city (Allegheny, PA)",0.6012465993004275,2,403
E20770,40.459623,-79.911281,Larimer,"Pittsburgh city (Allegheny, PA)",0.6012465993004275,2,403
E20670,40.4569019999999,-79.8939519999999,Homewood North,"Pittsburgh city (Allegheny, PA)",0.6012465993004275,2,403
E20350,40.4555269999999,-79.887932,Homewood North,"Pittsburgh city (Allegheny, PA)",0.6012465993004275,2,403
E20480,40.4578849999999,-79.898244,Homewood North,"Pittsburgh city (Allegheny, PA)",0.6012465993004275,2,403
E20370,40.456394,-79.891705,Homewood North,"Pittsburgh city (Allegheny, PA)",0.6012465993004275,2,403
E20520,40.460306,-79.9132939999999,Larimer,"Pittsburgh city (Allegheny, PA)",0.6012465993004275,2,403
E20550,40.458485,-79.90094,Homewood North,"Pittsburgh city (Allegheny, PA)",0.6012465993004275,2,403
E19740,40.4379739999999,-79.9333579999999,Squirrel Hill North,"Pittsburgh city (Allegheny, PA)",0.6022890345696511,4,1530
E19170,40.443823,-79.938631,Squirrel Hill North,"Pittsburgh city (Allegheny, PA)",0.6022890345696511,4,1530
E19680,40.4389559999999,-79.9342469999999,Squirrel Hill North,"Pittsburgh city (Allegheny, PA)",0.6022890345696511,4,1530
E19700,40.440376,-79.935417,Squirrel Hill North,"Pittsburgh city (Allegheny, PA)",0.6022890345696511,4,1530
E19800,40.438102,-79.92752,Squirrel Hill North,"Pittsburgh city (Allegheny, PA)",0.6022890345696511,4,1530
E19830,40.4438239999999,-79.9388739999999,Squirrel Hill North,"Pittsburgh city (Allegheny, PA)",0.6022890345696511,4,1530
E19920,40.440575,-79.935719,Squirrel Hill North,"Pittsburgh city (Allegheny, PA)",0.6022890345696511,4,1530
E19640,40.437806,-79.9308369999999,Squirrel Hill South,"Pittsburgh city (Allegheny, PA)",0.6022890345696511,4,1530
E19670,40.439003,-79.934171,Squirrel Hill North,"Pittsburgh city (Allegheny, PA)",0.6022890345696511,4,1530
E19890,40.4426059999999,-79.937477,Squirrel Hill North,"Pittsburgh city (Allegheny, PA)",0.6022890345696511,4,1530
E19630,40.4379059999999,-79.930587,Squirrel Hill North,"Pittsburgh city (Allegheny, PA)",0.6022890345696511,4,1530
E19660,40.4380099999999,-79.9231979999999,Squirrel Hill South,"Pittsburgh city (Allegheny, PA)",0.6022890345696511,4,1530
E19520,40.4427889999999,-79.93778,Squirrel Hill North,"Pittsburgh city (Allegheny, PA)",0.6022890345696511,4,1530
E19810,40.437986,-79.9279879999999,Squirrel Hill South,"Pittsburgh city (Allegheny, PA)",0.6022890345696511,4,1530
E19650,40.4380949999999,-79.923523,Squirrel Hill North,"Pittsburgh city (Allegheny, PA)",0.6022890345696511,4,1530
E20310,40.4586779999999,-79.9082109999999,Larimer,"Pittsburgh city (Allegheny, PA)",0.6023540114657101,2,393
E20450,40.4573899999999,-79.896445,Homewood South,"Pittsburgh city (Allegheny, PA)",0.6023540114657101,2,393
E20780,40.460448,-79.9139849999999,Larimer,"Pittsburgh city (Allegheny, PA)",0.6023540114657101,2,393
E20600,40.4599529999999,-79.912514,Larimer,"Pittsburgh city (Allegheny, PA)",0.6023540114657101,2,393
E20510,40.458317,-79.906265,Homewood West,"Pittsburgh city (Allegheny, PA)",0.6023540114657101,2,393
E20750,40.459017,-79.909648,Larimer,"Pittsburgh city (Allegheny, PA)",0.6023540114657101,2,393
E20320,40.458086,-79.9036689999999,Homewood West,"Pittsburgh city (Allegheny, PA)",0.6023540114657101,2,393
E20565,40.4550709999999,-79.886238,Homewood South,"Pittsburgh city (Allegheny, PA)",0.6023540114657101,2,393
E20340,40.455961,-79.8901599999999,Homewood South,"Pittsburgh city (Allegheny, PA)",0.6023540114657101,2,393
E20760,40.4581069999999,-79.904995,Homewood West,"Pittsburgh city (Allegheny, PA)",0.6023540114657101,2,393
E20470,40.4596179999999,-79.9114759999999,Larimer,"Pittsburgh city (Allegheny, PA)",0.6023540114657101,2,393
E20360,40.455516,-79.888214,Homewood South,"Pittsburgh city (Allegheny, PA)",0.6023540114657101,2,393
E20490,40.4579,-79.8986869999999,Homewood South,"Pittsburgh city (Allegheny, PA)",0.6023540114657101,2,393
E20455,40.457625,-79.8974539999999,Homewood South,"Pittsburgh city (Allegheny, PA)",0.6023540114657101,2,393
E20560,40.458486,-79.90125,Homewood West,"Pittsburgh city (Allegheny, PA)",0.6023540114657101,2,393
E20380,40.4563899999999,-79.892053,Homewood South,"Pittsburgh city (Allegheny, PA)",0.6023540114657101,2,393
E20680,40.456898,-79.8942689999999,Homewood South,"Pittsburgh city (Allegheny, PA)",0.6023540114657101,2,393
E19910,40.4444579999999,-79.9422909999999,Squirrel Hill North,"Pittsburgh city (Allegheny, PA)",0.6024128078058957,6,1779
E56995,40.3927449999999,-79.809774,,"Wilmerding borough (Allegheny, PA)",0.6026573170731707,1,145
E71026,40.4254669999999,-79.754446,,"Monroeville municipality (Allegheny, PA)",0.6026573170731707,1,120
E71025,40.425355,-79.754299,,"Monroeville municipality (Allegheny, PA)",0.6026573170731707,1,125
E53300,40.3932689999999,-79.809319,,"Wilmerding borough (Allegheny, PA)",0.6026573170731707,1,145
E04663,40.3949319999999,-79.803925,,"Wilmerding borough (Allegheny, PA)",0.6026573170731707,1,145
E70960,40.3917969999999,-79.8097659999999,,"Wilmerding borough (Allegheny, PA)",0.6026573170731707,1,145
E70979,40.389442,-79.766828,,"Monroeville municipality (Allegheny, PA)",0.6026573170731707,1,145
E70980,40.392502,-79.8086009999999,,"Wilmerding borough (Allegheny, PA)",0.6026573170731707,1,145
E45060,40.395325,-79.8046659999999,,"Wilmerding borough (Allegheny, PA)",0.6026573170731707,1,145
E53290,40.3932039999999,-79.8076779999999,,"Wilmerding borough (Allegheny, PA)",0.6026573170731707,1,145
E53240,40.3932799999999,-79.808411,,"Wilmerding borough (Allegheny, PA)",0.6026573170731707,1,145
E57590,40.444004,-79.926113,Squirrel Hill North,"Pittsburgh city (Allegheny, PA)",0.6031733421490841,2,249
E06490,40.4449559999999,-79.936356,Squirrel Hill North,"Pittsburgh city (Allegheny, PA)",0.6031733421490841,2,249
E57510,40.44476,-79.92937,Squirrel Hill North,"Pittsburgh city (Allegheny, PA)",0.6031733421490841,2,249
E06430,40.4453099999999,-79.9349449999999,Squirrel Hill North,"Pittsburgh city (Allegheny, PA)",0.6031733421490841,2,249
E57570,40.443947,-79.9241559999999,Squirrel Hill North,"Pittsburgh city (Allegheny, PA)",0.6031733421490841,2,249
E06410,40.444042,-79.938416,Squirrel Hill North,"Pittsburgh city (Allegheny, PA)",0.6031733421490841,2,249
E57670,40.4441449999999,-79.9280629999999,Squirrel Hill North,"Pittsburgh city (Allegheny, PA)",0.6031733421490841,2,249
E06470,40.4454169999999,-79.9333689999999,Squirrel Hill North,"Pittsburgh city (Allegheny, PA)",0.6031733421490841,2,249
E06450,40.44554,-79.9318889999999,Squirrel Hill North,"Pittsburgh city (Allegheny, PA)",0.6031733421490841,2,249
E16070,40.4511299999999,-79.908455,Point Breeze,"Pittsburgh city (Allegheny, PA)",0.6031965447154471,2,264
E51040,40.4438129999999,-79.886971,,"Wilkinsburg borough (Allegheny, PA)",0.6031965447154471,2,264
E46590,40.4452819999999,-79.8897549999999,,"Wilkinsburg borough (Allegheny, PA)",0.6031965447154471,2,264
E46560,40.4457889999999,-79.891199,,"Wilkinsburg borough (Allegheny, PA)",0.6031965447154471,2,264
E27540,40.444335,-79.885783,,"Wilkinsburg borough (Allegheny, PA)",0.6031965447154471,2,264
E16080,40.4512289999999,-79.908302,Point Breeze,"Pittsburgh city (Allegheny, PA)",0.6031965447154471,2,264
E46870,40.4451749999999,-79.889183,,"Wilkinsburg borough (Allegheny, PA)",0.6031965447154471,2,264
E57660,40.4440999999999,-79.927666,Squirrel Hill North,"Pittsburgh city (Allegheny, PA)",0.6032106017447036,2,274
E16100,40.4489209999999,-79.910072,Point Breeze,"Pittsburgh city (Allegheny, PA)",0.6032106017447036,2,274
E06440,40.444969,-79.936546,Squirrel Hill North,"Pittsburgh city (Allegheny, PA)",0.6032106017447036,2,274
E57560,40.4440099999999,-79.9241229999999,Squirrel Hill North,"Pittsburgh city (Allegheny, PA)",0.6032106017447036,2,274
E06420,40.445362,-79.934944,Squirrel Hill North,"Pittsburgh city (Allegheny, PA)",0.6032106017447036,2,274
E57580,40.444065,-79.925887,Squirrel Hill North,"Pittsburgh city (Allegheny, PA)",0.6032106017447036,2,274
E06390,40.444045,-79.938608,Squirrel Hill North,"Pittsburgh city (Allegheny, PA)",0.6032106017447036,2,274
E06460,40.4456259999999,-79.9318449999999,Squirrel Hill North,"Pittsburgh city (Allegheny, PA)",0.6032106017447036,2,274
E06370,40.4455099999999,-79.9332909999999,Squirrel Hill North,"Pittsburgh city (Allegheny, PA)",0.6032106017447036,2,274
E57500,40.4447079999999,-79.929084,Squirrel Hill North,"Pittsburgh city (Allegheny, PA)",0.6032106017447036,2,274
S02910,40.406222,-79.912062,,"Homestead borough (Allegheny, PA)",0.6033430403909983,4,617
E59270,40.4378919999999,-79.775456,,"Monroeville municipality (Allegheny, PA)",0.6035817073170732,1,154
E58400,40.437556,-79.7783539999999,,"Monroeville municipality (Allegheny, PA)",0.6035817073170732,1,154
E46890,40.4263449999999,-79.811304,,"Wilkins township (Allegheny, PA)",0.6035817073170732,1,154
E58380,40.43829,-79.772423,,"Monroeville municipality (Allegheny, PA)",0.6035817073170732,1,154
E58390,40.4388179999999,-79.764542,,"Monroeville municipality (Allegheny, PA)",0.6035817073170732,1,154
E70934,40.438045,-79.761741,,"Monroeville municipality (Allegheny, PA)",0.6035817073170732,1,154
E38325,40.434952,-79.7860239999999,,"Monroeville municipality (Allegheny, PA)",0.6035817073170732,1,154
E05295,40.4457019999999,-79.74741,,"Monroeville municipality (Allegheny, PA)",0.6035817073170732,1,125
E46920,40.429811,-79.811999,,"Wilkins township (Allegheny, PA)",0.6035817073170732,1,154
E46905,40.424599,-79.814003,,"Wilkins township (Allegheny, PA)",0.6035817073170732,1,154
E59060,40.4374559999999,-79.7779029999999,,"Monroeville municipality (Allegheny, PA)",0.6035817073170732,1,154
E70935,40.437984,-79.761582,,"Monroeville municipality (Allegheny, PA)",0.6035817073170732,1,154
E46885,40.4265789999999,-79.811591,,"Wilkins township (Allegheny, PA)",0.6035817073170732,1,154
E46940,40.424239,-79.812522,,"Wilkins township (Allegheny, PA)",0.6035817073170732,1,154
E05340,40.441634,-79.742771,,"Monroeville municipality (Allegheny, PA)",0.6035817073170732,1,125
E46500,40.4431,-79.8667389999999,,"Wilkinsburg borough (Allegheny, PA)",0.6035817073170732,1,15
E38305,40.433785,-79.78878,,"Monroeville municipality (Allegheny, PA)",0.6035817073170732,1,154
E58780,40.4380069999999,-79.775597,,"Monroeville municipality (Allegheny, PA)",0.6035817073170732,1,154
E38355,40.4348979999999,-79.786522,,"Monroeville municipality (Allegheny, PA)",0.6035817073170732,1,154
E46900,40.424416,-79.8123219999999,,"Wilkins township (Allegheny, PA)",0.6035817073170732,1,154
E58850,40.4385339999999,-79.76976,,"Monroeville municipality (Allegheny, PA)",0.6035817073170732,1,154
E58890,40.436615,-79.7829969999999,,"Monroeville municipality (Allegheny, PA)",0.6035817073170732,1,154
E70736,40.4373879999999,-79.7598069999999,,"Monroeville municipality (Allegheny, PA)",0.6035817073170732,1,154
E38340,40.4338369999999,-79.7884099999999,,"Monroeville municipality (Allegheny, PA)",0.6035817073170732,1,154
E58730,40.4389529999999,-79.7648999999999,,"Monroeville municipality (Allegheny, PA)",0.6035817073170732,1,154
E58385,40.438225,-79.774095,,"Monroeville municipality (Allegheny, PA)",0.6035817073170732,1,154
E58240,40.436297,-79.7836649999999,,"Monroeville municipality (Allegheny, PA)",0.6035817073170732,1,154
E49200,40.430393,-79.816969,,"Wilkins township (Allegheny, PA)",0.6035817073170732,1,154
E05390,40.440804,-79.74241,,"Monroeville municipality (Allegheny, PA)",0.6035817073170732,1,125
E46880,40.427975,-79.811913,,"Wilkins township (Allegheny, PA)",0.6035817073170732,1,154
E58705,40.4335799999999,-79.797336,,"Monroeville municipality (Allegheny, PA)",0.6035817073170732,1,154
E46850,40.441915,-79.8690639999999,,"Wilkinsburg borough (Allegheny, PA)",0.6035817073170732,1,15
E05470,40.441799,-79.743065,,"Monroeville municipality (Allegheny, PA)",0.6035817073170732,1,125
E38330,40.4358939999999,-79.7854459999999,,"Monroeville municipality (Allegheny, PA)",0.6035817073170732,1,154
E58350,40.438751,-79.769642,,"Monroeville municipality (Allegheny, PA)",0.6035817073170732,1,154
E58725,40.4386689999999,-79.7679179999999,,"Monroeville municipality (Allegheny, PA)",0.6035817073170732,1,154
E46915,40.429318,-79.8120499999999,,"Wilkins township (Allegheny, PA)",0.6035817073170732,1,154
E46910,40.4293819999999,-79.8158339999999,,"Wilkins township (Allegheny, PA)",0.6035817073170732,1,154
E70737,40.4373629999999,-79.7598179999999,,"Monroeville municipality (Allegheny, PA)",0.6035817073170732,1,154
E05297,40.445774,-79.7474399999999,,"Monroeville municipality (Allegheny, PA)",0.6035817073170732,1,125
E46895,40.428246,-79.81184,,"Wilkins township (Allegheny, PA)",0.6035817073170732,1,154
S01360,40.3765519999999,-79.8499979999999,,"Duquesne city (Allegheny, PA)",0.6038836567476488,2,547
S34990,40.4058149999999,-79.8863259999999,,"Whitaker borough (Allegheny, PA)",0.6038836567476488,2,547
S35050,40.405892,-79.886232,,"Whitaker borough (Allegheny, PA)",0.6038836567476488,2,547
S01395,40.373904,-79.8475839999999,,"Duquesne city (Allegheny, PA)",0.6038836567476488,2,547
S01280,40.37326,-79.847059,,"Duquesne city (Allegheny, PA)",0.6038836567476488,2,547
S01300,40.375027,-79.8486079999999,,"Duquesne city (Allegheny, PA)",0.6038836567476488,2,547
S29243,40.371709,-79.8438649999999,,"Duquesne city (Allegheny, PA)",0.6038836567476488,2,547
E19870,40.444327,-79.9488929999999,North Oakland,"Pittsburgh city (Allegheny, PA)",0.6041234436988019,7,2022
E19840,40.4436419999999,-79.951492,North Oakland,"Pittsburgh city (Allegheny, PA)",0.6041234436988019,7,2022
E19610,40.444698,-79.9437559999999,Squirrel Hill North,"Pittsburgh city (Allegheny, PA)",0.60431196930644,8,2168
E19400,40.4441679999999,-79.949994,North Oakland,"Pittsburgh city (Allegheny, PA)",0.60431196930644,8,2168
E19320,40.444507,-79.948537,North Oakland,"Pittsburgh city (Allegheny, PA)",0.60431196930644,8,2168
E19200,40.443052,-79.9538349999999,Central Oakland,"Pittsburgh city (Allegheny, PA)",0.6043204884617056,8,2143
E19210,40.4421729999999,-79.956062,Central Oakland,"Pittsburgh city (Allegheny, PA)",0.6043204884617056,8,2143
E19130,40.440987,-79.9576849999999,Central Oakland,"Pittsburgh city (Allegheny, PA)",0.6043204884617056,8,2143
E33120,40.441217,-79.8925019999999,,"Wilkinsburg borough (Allegheny, PA)",0.6043591750841751,3,440
E49260,40.440555,-79.887099,,"Wilkinsburg borough (Allegheny, PA)",0.6043591750841751,3,440
E59450,40.4419749999999,-79.885658,,"Wilkinsburg borough (Allegheny, PA)",0.6043591750841751,3,440
E33150,40.441169,-79.8914189999999,,"Wilkinsburg borough (Allegheny, PA)",0.6043591750841751,3,440
E45340,40.4411619999999,-79.894316,,"Wilkinsburg borough (Allegheny, PA)",0.6043591750841751,3,440
E45360,40.4397579999999,-79.8946519999999,,"Wilkinsburg borough (Allegheny, PA)",0.6043591750841751,3,440
E59360,40.4412069999999,-79.8860949999999,,"Wilkinsburg borough (Allegheny, PA)",0.6043591750841751,3,440
E33160,40.4405679999999,-79.8896359999999,,"Wilkinsburg borough (Allegheny, PA)",0.6043591750841751,3,440
E33060,40.4401179999999,-79.8882899999999,,"Wilkinsburg borough (Allegheny, PA)",0.6043591750841751,3,440
E08210,40.4362929999999,-79.977708,Bluff,"Pittsburgh city (Allegheny, PA)",0.6047206139467622,3,314
E08330,40.4357029999999,-79.982651,Bluff,"Pittsburgh city (Allegheny, PA)",0.6047206139467622,3,314
E08260,40.435858,-79.98143,Bluff,"Pittsburgh city (Allegheny, PA)",0.6047206139467622,3,314
E08170,40.436095,-79.9794639999999,Bluff,"Pittsburgh city (Allegheny, PA)",0.6047206139467622,3,314
E33130,40.4412829999999,-79.89269,,"Wilkinsburg borough (Allegheny, PA)",0.6052300596476626,3,445
E45310,40.439923,-79.89471,Point Breeze,"Pittsburgh city (Allegheny, PA)",0.6052300596476626,3,445
E33090,40.441271,-79.8942059999999,,"Wilkinsburg borough (Allegheny, PA)",0.6052300596476626,3,445
E17440,40.431201,-79.8843459999999,,"Edgewood borough (Allegheny, PA)",0.6060539952915107,2,435
E17460,40.424387,-79.8859929999999,,"Swissvale borough (Allegheny, PA)",0.6060539952915107,2,435
E17560,40.4266849999999,-79.8852339999999,,"Swissvale borough (Allegheny, PA)",0.6060539952915107,2,435
E17590,40.4328429999999,-79.884685,,"Edgewood borough (Allegheny, PA)",0.6060539952915107,2,435
E17580,40.427827,-79.88486,,"Edgewood borough (Allegheny, PA)",0.6060539952915107,2,435
E17720,40.42343,-79.8863149999999,,"Swissvale borough (Allegheny, PA)",0.6060539952915107,2,435
E17540,40.428783,-79.884617,,"Edgewood borough (Allegheny, PA)",0.6060539952915107,2,435
E17510,40.430273,-79.884342,,"Edgewood borough (Allegheny, PA)",0.6060539952915107,2,435
E17480,40.4254159999999,-79.885681,,"Swissvale borough (Allegheny, PA)",0.6060539952915107,2,435
E46550,40.446167,-79.892069,,"Wilkinsburg borough (Allegheny, PA)",0.6061097022235282,3,660
E46090,40.449179,-79.901458,Point Breeze,"Pittsburgh city (Allegheny, PA)",0.6061097022235282,3,660
E46130,40.449958,-79.9034599999999,Point Breeze North,"Pittsburgh city (Allegheny, PA)",0.6061097022235282,3,660
E45900,40.446739,-79.894096,Point Breeze,"Pittsburgh city (Allegheny, PA)",0.6061097022235282,3,660
E46270,40.4508099999999,-79.9060329999999,Point Breeze North,"Pittsburgh city (Allegheny, PA)",0.6061097022235282,3,660
E46650,40.448143,-79.898021,Point Breeze North,"Pittsburgh city (Allegheny, PA)",0.6061097022235282,3,660
E45760,40.447144,-79.8953549999999,Point Breeze,"Pittsburgh city (Allegheny, PA)",0.6061097022235282,3,660
E46140,40.4500159999999,-79.903908,Point Breeze,"Pittsburgh city (Allegheny, PA)",0.6061097022235282,3,660
E46150,40.448678,-79.8996269999999,Point Breeze North,"Pittsburgh city (Allegheny, PA)",0.6061097022235282,3,660
E45770,40.4465999999999,-79.8933669999999,Point Breeze North,"Pittsburgh city (Allegheny, PA)",0.6061097022235282,3,660
E46160,40.4486059999999,-79.899721,Point Breeze,"Pittsburgh city (Allegheny, PA)",0.6061097022235282,3,660
E46700,40.4507449999999,-79.9060819999999,Point Breeze,"Pittsburgh city (Allegheny, PA)",0.6061097022235282,3,660
E70158,40.4480099999999,-79.8979159999999,Point Breeze,"Pittsburgh city (Allegheny, PA)",0.6061097022235282,3,660
E46080,40.4491409999999,-79.90102,Point Breeze North,"Pittsburgh city (Allegheny, PA)",0.6061097022235282,3,660
E45750,40.4471119999999,-79.894918,Point Breeze North,"Pittsburgh city (Allegheny, PA)",0.6061097022235282,3,660
E70414,40.441851,-79.887263,,"Wilkinsburg borough (Allegheny, PA)",0.6065587303280148,4,841
E33140,40.441133,-79.891147,,"Wilkinsburg borough (Allegheny, PA)",0.6065587303280148,4,841
E49270,40.44061,-79.887459,,"Wilkinsburg borough (Allegheny, PA)",0.6065587303280148,4,841
E33100,40.440542,-79.8893659999999,,"Wilkinsburg borough (Allegheny, PA)",0.6065587303280148,4,841
E28960,40.465716,-79.9228049999999,East Liberty,"Pittsburgh city (Allegheny, PA)",0.606833638502264,2,543
E53660,40.4332119999999,-79.884816,,"Edgewood borough (Allegheny, PA)",0.6073146221248631,2,440
E17680,40.428856,-79.88467,,"Edgewood borough (Allegheny, PA)",0.6073146221248631,2,440
E17700,40.426817,-79.885278,,"Edgewood borough (Allegheny, PA)",0.6073146221248631,2,440
E17610,40.431873,-79.884601,,"Edgewood borough (Allegheny, PA)",0.6073146221248631,2,440
E70019,40.4236289999999,-79.886339,,"Swissvale borough (Allegheny, PA)",0.6073146221248631,2,440
E17640,40.4256249999999,-79.885681,,"Edgewood borough (Allegheny, PA)",0.6073146221248631,2,440
E17620,40.424655,-79.885998,,"Edgewood borough (Allegheny, PA)",0.6073146221248631,2,440
E60100,40.4125039999999,-79.856384,,"Braddock Hills borough (Allegheny, PA)",0.6075633545251116,3,813
E25100,40.423521,-79.9316309999999,Greenfield,"Pittsburgh city (Allegheny, PA)",0.6076132530120482,1,121
E25351,40.4218819999999,-79.929833,Greenfield,"Pittsburgh city (Allegheny, PA)",0.6076132530120482,1,121
E25075,40.423938,-79.9327969999999,Greenfield,"Pittsburgh city (Allegheny, PA)",0.6076132530120482,1,121
E07920,40.4189969999999,-79.9397029999999,Greenfield,"Pittsburgh city (Allegheny, PA)",0.6076132530120482,1,121
E07915,40.419359,-79.9361099999999,Hazelwood,"Pittsburgh city (Allegheny, PA)",0.6076132530120482,1,121
E07910,40.4194359999999,-79.9359579999999,Greenfield,"Pittsburgh city (Allegheny, PA)",0.6076132530120482,1,121
E25335,40.4241389999999,-79.9330879999999,Greenfield,"Pittsburgh city (Allegheny, PA)",0.6076132530120482,1,121
E70403,40.419159,-79.937813,Greenfield,"Pittsburgh city (Allegheny, PA)",0.6076132530120482,1,121
E58070,40.4205699999999,-79.9398769999999,Greenfield,"Pittsburgh city (Allegheny, PA)",0.6076132530120482,1,121
E06650,40.4463489999999,-79.951784,North Oakland,"Pittsburgh city (Allegheny, PA)",0.6076132530120482,1,121
E25358,40.423,-79.930411,Greenfield,"Pittsburgh city (Allegheny, PA)",0.6076132530120482,1,121
E58100,40.426009,-79.939746,Greenfield,"Pittsburgh city (Allegheny, PA)",0.6076132530120482,1,121
E58090,40.423166,-79.9398589999999,Greenfield,"Pittsburgh city (Allegheny, PA)",0.6076132530120482,1,121
E07880,40.419069,-79.938281,Hazelwood,"Pittsburgh city (Allegheny, PA)",0.6076132530120482,1,121
E26103,40.438406,-79.9611129999999,Central Oakland,"Pittsburgh city (Allegheny, PA)",0.6076132530120482,1,121
E25362,40.4245129999999,-79.937859,Greenfield,"Pittsburgh city (Allegheny, PA)",0.6076132530120482,1,121
E25354,40.424297,-79.936081,Greenfield,"Pittsburgh city (Allegheny, PA)",0.6076132530120482,1,121
E25360,40.424903,-79.9518329999999,Hazelwood,"Pittsburgh city (Allegheny, PA)",0.6076132530120482,1,121
E58120,40.4251879999999,-79.9397539999999,Greenfield,"Pittsburgh city (Allegheny, PA)",0.6076132530120482,1,121
E25340,40.419868,-79.929271,Greenfield,"Pittsburgh city (Allegheny, PA)",0.6076132530120482,1,121
E06660,40.4443989999999,-79.950906,North Oakland,"Pittsburgh city (Allegheny, PA)",0.6076132530120482,1,121
E58150,40.4231219999999,-79.9397969999999,Greenfield,"Pittsburgh city (Allegheny, PA)",0.6076132530120482,1,121
E70860,40.4370509999999,-79.9594139999999,Central Oakland,"Pittsburgh city (Allegheny, PA)",0.6076132530120482,1,121
E58050,40.419024,-79.9398879999999,Greenfield,"Pittsburgh city (Allegheny, PA)",0.6076132530120482,1,121
E25366,40.424559,-79.937667,Greenfield,"Pittsburgh city (Allegheny, PA)",0.6076132530120482,1,121
E58060,40.424326,-79.9397539999999,Greenfield,"Pittsburgh city (Allegheny, PA)",0.6076132530120482,1,121
E58080,40.4255339999999,-79.9398309999999,Greenfield,"Pittsburgh city (Allegheny, PA)",0.6076132530120482,1,121
E58130,40.42436,-79.939847,Greenfield,"Pittsburgh city (Allegheny, PA)",0.6076132530120482,1,121
E25365,40.424318,-79.935394,Greenfield,"Pittsburgh city (Allegheny, PA)",0.6076132530120482,1,121
E70376,40.4216929999999,-79.9296899999999,Greenfield,"Pittsburgh city (Allegheny, PA)",0.6076132530120482,1,121
E25338,40.424087,-79.936474,Greenfield,"Pittsburgh city (Allegheny, PA)",0.6076132530120482,1,121
E25337,40.424362,-79.935158,Greenfield,"Pittsburgh city (Allegheny, PA)",0.6076132530120482,1,121
E58140,40.420403,-79.9397809999999,Greenfield,"Pittsburgh city (Allegheny, PA)",0.6076132530120482,1,121
E70401,40.426299,-79.939836,Greenfield,"Pittsburgh city (Allegheny, PA)",0.6076132530120482,1,121
E25200,40.423499,-79.931758,Greenfield,"Pittsburgh city (Allegheny, PA)",0.6076132530120482,1,121
E10705,40.3983139999999,-79.7888839999999,,"Monroeville municipality (Allegheny, PA)",0.6078461344268425,2,165
E20030,40.3868259999999,-79.7576289999999,,"Trafford borough (Westmoreland, PA)",0.6078461344268425,2,165
E02980,40.400976,-79.8178719999999,,"Wilmerding borough (Allegheny, PA)",0.6078461344268425,2,165
E70830,40.391564,-79.757542,,"Trafford borough (Allegheny, PA)",0.6078461344268425,2,165
E17940,40.4028619999999,-79.8374879999999,,"North Braddock borough (Allegheny, PA)",0.6078461344268425,2,165
E03150,40.399909,-79.8160689999999,,"Wilmerding borough (Allegheny, PA)",0.6078461344268425,2,165
E03200,40.402503,-79.821382,,"Turtle Creek borough (Allegheny, PA)",0.6078461344268425,2,165
E03120,40.3978889999999,-79.813004,,"Wilmerding borough (Allegheny, PA)",0.6078461344268425,2,165
E70828,40.3880529999999,-79.748383,,"Trafford borough (Westmoreland, PA)",0.6078461344268425,2,165
E10720,40.4008619999999,-79.782756,,"Monroeville municipality (Allegheny, PA)",0.6078461344268425,2,165
E10710,40.3963839999999,-79.793716,,"Monroeville municipality (Allegheny, PA)",0.6078461344268425,2,165
E70076,40.4007989999999,-79.7729719999999,,"Monroeville municipality (Allegheny, PA)",0.6078461344268425,2,165
E70827,40.38729,-79.757095,,"Trafford borough (Westmoreland, PA)",0.6078461344268425,2,165
E70251,40.4012069999999,-79.835075,,"East Pittsburgh borough (Allegheny, PA)",0.6078461344268425,2,165
E02110,40.385812,-79.760005,,"Trafford borough (Westmoreland, PA)",0.6078461344268425,2,165
E47580,40.395273,-79.7673779999999,,"Monroeville municipality (Allegheny, PA)",0.6078461344268425,2,165
E70944,40.4071659999999,-79.8415559999999,,"North Braddock borough (Allegheny, PA)",0.6078461344268425,2,165
E03020,40.395302,-79.805518,,"Wilmerding borough (Allegheny, PA)",0.6078461344268425,2,165
E10670,40.4012779999999,-79.780399,,"Monroeville municipality (Allegheny, PA)",0.6078461344268425,2,165
E03140,40.3994569999999,-79.8153999999999,,"Wilmerding borough (Allegheny, PA)",0.6078461344268425,2,165
E03240,40.395375,-79.8065459999999,,"Wilmerding borough (Allegheny, PA)",0.6078461344268425,2,165
E03000,40.4016949999999,-79.8195269999999,,"Turtle Creek borough (Allegheny, PA)",0.6078461344268425,2,165
E03100,40.4032539999999,-79.823119,,"Turtle Creek borough (Allegheny, PA)",0.6078461344268425,2,165
E18040,40.4055579999999,-79.8393679999999,,"North Braddock borough (Allegheny, PA)",0.6078461344268425,2,165
E02430,40.386442,-79.752504,,"Trafford borough (Westmoreland, PA)",0.6078461344268425,2,165
E10740,40.3978889999999,-79.791871,,"Monroeville municipality (Allegheny, PA)",0.6078461344268425,2,165
E03260,40.39632,-79.810545,,"Wilmerding borough (Allegheny, PA)",0.6078461344268425,2,165
E20050,40.385679,-79.7590809999999,,"Trafford borough (Westmoreland, PA)",0.6078461344268425,2,165
E70829,40.3890749999999,-79.750174,,"Trafford borough (Westmoreland, PA)",0.6078461344268425,2,165
E10700,40.4016949999999,-79.777724,,"Pitcairn borough (Allegheny, PA)",0.6078461344268425,2,165
E13250,40.4512,-79.9544729999999,North Oakland,"Pittsburgh city (Allegheny, PA)",0.6079463414634146,1,368
E13230,40.448725,-79.961662,Terrace Village,"Pittsburgh city (Allegheny, PA)",0.6079463414634146,1,368
E13800,40.445149,-79.9741719999999,Middle Hill,"Pittsburgh city (Allegheny, PA)",0.6079463414634146,1,368
E13330,40.4518249999999,-79.9521519999999,North Oakland,"Pittsburgh city (Allegheny, PA)",0.6079463414634146,1,368
E14080,40.446494,-79.9682959999999,Terrace Village,"Pittsburgh city (Allegheny, PA)",0.6079463414634146,1,368
E13790,40.445244,-79.9739019999999,Middle Hill,"Pittsburgh city (Allegheny, PA)",0.6079463414634146,1,368
E13420,40.45158,-79.9532049999999,North Oakland,"Pittsburgh city (Allegheny, PA)",0.6079463414634146,1,368
E13730,40.445424,-79.9710919999999,Middle Hill,"Pittsburgh city (Allegheny, PA)",0.6079463414634146,1,368
E13950,40.4470209999999,-79.967533,Terrace Village,"Pittsburgh city (Allegheny, PA)",0.6079463414634146,1,368
E13340,40.452043,-79.951689,North Oakland,"Pittsburgh city (Allegheny, PA)",0.6079463414634146,1,368
E13550,40.445604,-79.9703659999999,Middle Hill,"Pittsburgh city (Allegheny, PA)",0.6079463414634146,1,368
E70939,40.4456449999999,-79.9700339999999,Terrace Village,"Pittsburgh city (Allegheny, PA)",0.6079463414634146,1,368
E14010,40.447724,-79.9666679999999,Middle Hill,"Pittsburgh city (Allegheny, PA)",0.6079463414634146,1,368
E70938,40.4420319999999,-79.9837469999999,Crawford-Roberts,"Pittsburgh city (Allegheny, PA)",0.6079463414634146,1,368
E70020,40.451428,-79.953432,North Oakland,"Pittsburgh city (Allegheny, PA)",0.6079463414634146,1,368
E13310,40.4457329999999,-79.972024,Middle Hill,"Pittsburgh city (Allegheny, PA)",0.6079463414634146,1,368
E13460,40.4487579999999,-79.9614119999999,Upper Hill,"Pittsburgh city (Allegheny, PA)",0.6079463414634146,1,368
E13870,40.446503,-79.9684349999999,Middle Hill,"Pittsburgh city (Allegheny, PA)",0.6079463414634146,1,368
E13570,40.4453109999999,-79.975842,Middle Hill,"Pittsburgh city (Allegheny, PA)",0.6079463414634146,1,368
E13970,40.4486739999999,-79.9651379999999,Terrace Village,"Pittsburgh city (Allegheny, PA)",0.6079463414634146,1,368
E13270,40.449137,-79.957543,Upper Hill,"Pittsburgh city (Allegheny, PA)",0.6079463414634146,1,368
E13520,40.448917,-79.96474,Upper Hill,"Pittsburgh city (Allegheny, PA)",0.6079463414634146,1,368
E13880,40.448498,-79.958526,Upper Hill,"Pittsburgh city (Allegheny, PA)",0.6079463414634146,1,368
E13900,40.4489579999999,-79.9576459999999,North Oakland,"Pittsburgh city (Allegheny, PA)",0.6079463414634146,1,368
E13660,40.447552,-79.9667639999999,Terrace Village,"Pittsburgh city (Allegheny, PA)",0.6079463414634146,1,368
E13470,40.447214,-79.9674109999999,Middle Hill,"Pittsburgh city (Allegheny, PA)",0.6079463414634146,1,368
E13260,40.450642,-79.9552249999999,North Oakland,"Pittsburgh city (Allegheny, PA)",0.6079463414634146,1,368
E13190,40.4483,-79.958955,Terrace Village,"Pittsburgh city (Allegheny, PA)",0.6079463414634146,1,368
E02940,40.403275,-79.8229539999999,,"Turtle Creek borough (Allegheny, PA)",0.6080082849691448,2,160
E39080,40.400742,-79.816405,,"Wilmerding borough (Allegheny, PA)",0.6080082849691448,2,160
E39160,40.395778,-79.806167,,"Wilmerding borough (Allegheny, PA)",0.6080082849691448,2,160
E10555,40.4018239999999,-79.7777459999999,,"Pitcairn borough (Allegheny, PA)",0.6080082849691448,2,160
E45030,40.3956909999999,-79.804772,,"Wilmerding borough (Allegheny, PA)",0.6080082849691448,2,160
E17970,40.405459,-79.8391029999999,,"North Braddock borough (Allegheny, PA)",0.6080082849691448,2,160
E39200,40.397516,-79.8114039999999,,"Wilmerding borough (Allegheny, PA)",0.6080082849691448,2,160
E10620,40.398426,-79.788831,,"Monroeville municipality (Allegheny, PA)",0.6080082849691448,2,160
E10610,40.396518,-79.7937,,"Monroeville municipality (Allegheny, PA)",0.6080082849691448,2,160
E03010,40.402501,-79.821184,,"Turtle Creek borough (Allegheny, PA)",0.6080082849691448,2,160
E02990,40.4017619999999,-79.819502,,"Turtle Creek borough (Allegheny, PA)",0.6080082849691448,2,160
E18010,40.4011769999999,-79.834857,,"East Pittsburgh borough (Allegheny, PA)",0.6080082849691448,2,160
E39050,40.398204,-79.8124959999999,,"Wilmerding borough (Allegheny, PA)",0.6080082849691448,2,160
E70075,40.400742,-79.772732,,"Pitcairn borough (Allegheny, PA)",0.6080082849691448,2,160
E18020,40.402808,-79.837315,,"Wilkins township (Allegheny, PA)",0.6080082849691448,2,160
E39130,40.395558,-79.805216,,"Wilmerding borough (Allegheny, PA)",0.6080082849691448,2,160
E10550,40.4014219999999,-79.7800189999999,,"Monroeville municipality (Allegheny, PA)",0.6080082849691448,2,160
E47500,40.395159,-79.767222,,"Monroeville municipality (Allegheny, PA)",0.6080082849691448,2,160
E47530,40.391879,-79.7660989999999,,"Monroeville municipality (Allegheny, PA)",0.6080082849691448,2,160
E39190,40.3963249999999,-79.8087529999999,,"Wilmerding borough (Allegheny, PA)",0.6080082849691448,2,160
E10630,40.400948,-79.7827609999999,,"Monroeville municipality (Allegheny, PA)",0.6080082849691448,2,160
E39150,40.3966849999999,-79.8100579999999,,"Wilmerding borough (Allegheny, PA)",0.6080082849691448,2,160
E39060,40.3997099999999,-79.8148319999999,,"Wilmerding borough (Allegheny, PA)",0.6080082849691448,2,160
E10650,40.397931,-79.792055,,"Monroeville municipality (Allegheny, PA)",0.6080082849691448,2,160
E54585,40.445483,-79.891593,,"Wilkinsburg borough (Allegheny, PA)",0.6080518072289156,1,396
E45660,40.4542209999999,-79.9128139999999,Shadyside,"Pittsburgh city (Allegheny, PA)",0.6080518072289156,1,396
E46170,40.4525239999999,-79.9101249999999,Point Breeze North,"Pittsburgh city (Allegheny, PA)",0.6080518072289156,1,396
E70801,40.4514819999999,-79.908039,Point Breeze North,"Pittsburgh city (Allegheny, PA)",0.6080518072289156,1,396
E54550,40.443292,-79.8923649999999,,"Wilkinsburg borough (Allegheny, PA)",0.6080518072289156,1,396
E70802,40.451492,-79.9083449999999,Point Breeze,"Pittsburgh city (Allegheny, PA)",0.6080518072289156,1,396
E54590,40.4419439999999,-79.892357,,"Wilkinsburg borough (Allegheny, PA)",0.6080518072289156,1,396
E54600,40.4440329999999,-79.892114,,"Wilkinsburg borough (Allegheny, PA)",0.6080518072289156,1,396
E54610,40.4443259999999,-79.892103,,"Wilkinsburg borough (Allegheny, PA)",0.6080518072289156,1,396
E45650,40.453915,-79.91213,Point Breeze North,"Pittsburgh city (Allegheny, PA)",0.6080518072289156,1,396
E52485,40.443714,-79.8906099999999,,"Wilkinsburg borough (Allegheny, PA)",0.6080518072289156,1,396
E70413,40.4426849999999,-79.8875649999999,,"Wilkinsburg borough (Allegheny, PA)",0.6080518072289156,1,396
E52445,40.4429459999999,-79.8883179999999,,"Wilkinsburg borough (Allegheny, PA)",0.6080518072289156,1,396
E46180,40.452654,-79.9104999999999,Point Breeze,"Pittsburgh city (Allegheny, PA)",0.6080518072289156,1,396
E54580,40.4456849999999,-79.891373,,"Wilkinsburg borough (Allegheny, PA)",0.6080518072289156,1,396
S02670,40.4087999999999,-79.9055869999999,,"Munhall borough (Allegheny, PA)",0.6081590361445783,3,582
S02820,40.408931,-79.903373,,"Munhall borough (Allegheny, PA)",0.6081590361445783,3,582
S02880,40.408681,-79.8954849999999,,"Munhall borough (Allegheny, PA)",0.6081590361445783,3,582
S02715,40.409182,-79.8988269999999,,"Munhall borough (Allegheny, PA)",0.6081590361445783,3,582
N05060,40.538899,-79.830803,,"Harmar township (Allegheny, PA)",0.6081599196787149,3,150
E60150,40.408289,-79.857999,,"North Braddock borough (Allegheny, PA)",0.6083468371570573,3,783
E02245,40.4057299999999,-79.8634629999999,,"North Braddock borough (Allegheny, PA)",0.6083468371570573,3,783
E60110,40.4123239999999,-79.8563889999999,,"Braddock Hills borough (Allegheny, PA)",0.6083468371570573,3,783
E71001,40.462501,-79.927682,East Liberty,"Pittsburgh city (Allegheny, PA)",0.608384306614212,3,784
S02990,40.409319,-79.8984619999999,,"Munhall borough (Allegheny, PA)",0.6087281849715728,3,587
S02830,40.408794,-79.9073829999999,,"Homestead borough (Allegheny, PA)",0.6087281849715728,3,587
S02660,40.40898,-79.905195,,"Homestead borough (Allegheny, PA)",0.6087281849715728,3,587
S02965,40.409207,-79.9014889999999,,"Munhall borough (Allegheny, PA)",0.6087281849715728,3,587
S02610,40.4079789999999,-79.9092179999999,,"Homestead borough (Allegheny, PA)",0.6087281849715728,3,587
S02750,40.4089979999999,-79.9040229999999,,"Homestead borough (Allegheny, PA)",0.6087281849715728,3,587
S03090,40.4086819999999,-79.895009,,"Munhall borough (Allegheny, PA)",0.6087281849715728,3,587
E71019,40.3913739999999,-79.7663909999999,,"Monroeville municipality (Allegheny, PA)",0.608772708954284,2,140
E45740,40.4621619999999,-79.9270329999999,East Liberty,"Pittsburgh city (Allegheny, PA)",0.6090388157280284,3,774
E71018,40.4627509999999,-79.9292279999999,East Liberty,"Pittsburgh city (Allegheny, PA)",0.6090388157280284,3,774
N22445,40.537748,-79.8347799999999,,"Harmar township (Allegheny, PA)",0.6093407688573979,2,313
E19770,40.438,-79.9195809999999,Squirrel Hill South,"Pittsburgh city (Allegheny, PA)",0.6099075141644374,3,1012
E08240,40.4354689999999,-79.984277,Bluff,"Pittsburgh city (Allegheny, PA)",0.6099236819597352,4,557
E08160,40.4348499999999,-79.988736,Bluff,"Pittsburgh city (Allegheny, PA)",0.6101757631517862,4,527
N22790,40.5352639999999,-79.842571,,"Harmar township (Allegheny, PA)",0.6106476577338503,3,328
N21220,40.5340119999999,-79.844813,,"Harmar township (Allegheny, PA)",0.6106476577338503,3,328
N71279,40.52975,-79.84967,,"Harmar township (Allegheny, PA)",0.6106476577338503,3,328
N71280,40.5305949999999,-79.8493009999999,,"Harmar township (Allegheny, PA)",0.6106476577338503,3,328
N22000,40.535428,-79.842594,,"Harmar township (Allegheny, PA)",0.6106476577338503,3,328
N22510,40.5368569999999,-79.8392599999999,,"Harmar township (Allegheny, PA)",0.6106476577338503,3,328
N22400,40.533763,-79.8449159999999,,"Harmar township (Allegheny, PA)",0.6106476577338503,3,328
E15665,40.456575,-79.9548329999999,North Oakland,"Pittsburgh city (Allegheny, PA)",0.6114975903614457,2,327
E20590,40.460881,-79.9149689999999,Larimer,"Pittsburgh city (Allegheny, PA)",0.611513992060583,4,841
E59140,40.429811,-79.8094049999999,,"Wilkins township (Allegheny, PA)",0.6123632033601184,2,174
E46350,40.440823,-79.871589,,"Wilkinsburg borough (Allegheny, PA)",0.6123632033601184,2,174
E18905,40.4326399999999,-79.7941509999999,,"Monroeville municipality (Allegheny, PA)",0.6123632033601184,2,174
E18907,40.4324489999999,-79.793976,,"Monroeville municipality (Allegheny, PA)",0.6123632033601184,2,174
E45690,40.4426789999999,-79.8676779999999,,"Wilkinsburg borough (Allegheny, PA)",0.6123632033601184,2,174
E58370,40.430328,-79.8063199999999,,"Wilkins township (Allegheny, PA)",0.6123632033601184,2,174
E14350,40.444465,-79.844586,,"Churchill borough (Allegheny, PA)",0.6123632033601184,2,174
E58790,40.438462,-79.8308009999999,,"Churchill borough (Allegheny, PA)",0.6123632033601184,2,174
E58710,40.43327,-79.7984009999999,,"Monroeville municipality (Allegheny, PA)",0.6123632033601184,2,174
E46230,40.439489,-79.874949,,"Wilkinsburg borough (Allegheny, PA)",0.6123632033601184,2,174
E58590,40.430695,-79.8057249999999,,"Wilkins township (Allegheny, PA)",0.6123632033601184,2,174
E38900,40.4462809999999,-79.846642,,"Churchill borough (Allegheny, PA)",0.6123632033601184,2,174
E46510,40.4424629999999,-79.867884,,"Wilkinsburg borough (Allegheny, PA)",0.6123632033601184,2,174
E46520,40.44129,-79.877391,,"Wilkinsburg borough (Allegheny, PA)",0.6123632033601184,2,174
E46360,40.4405179999999,-79.87188,,"Wilkinsburg borough (Allegheny, PA)",0.6123632033601184,2,174
E45700,40.439571,-79.8746869999999,,"Wilkinsburg borough (Allegheny, PA)",0.6123632033601184,2,174
E58560,40.4299889999999,-79.809511,,"Wilkins township (Allegheny, PA)",0.6123632033601184,2,174
E58650,40.438214,-79.830701,,"Churchill borough (Allegheny, PA)",0.6123632033601184,2,174
E58720,40.4329189999999,-79.7987899999999,,"Monroeville municipality (Allegheny, PA)",0.6123632033601184,2,174
E70590,40.403333,-79.8687189999999,,"Braddock borough (Allegheny, PA)",0.6125920095292027,3,617
E19570,40.43967,-79.9595,Central Oakland,"Pittsburgh city (Allegheny, PA)",0.6128126643193065,10,2514
N21355,40.537945,-79.834557,,"Harmar township (Allegheny, PA)",0.6129462382383816,4,353
N21510,40.5375719999999,-79.83664,,"Harmar township (Allegheny, PA)",0.6129462382383816,4,353
E19460,40.4382949999999,-79.961409,South Oakland,"Pittsburgh city (Allegheny, PA)",0.6130755681087666,9,2393
E19310,40.4372249999999,-79.962845,South Oakland,"Pittsburgh city (Allegheny, PA)",0.6130755681087666,9,2393
E15670,40.4562529999999,-79.9547819999999,North Oakland,"Pittsburgh city (Allegheny, PA)",0.6131938770856296,2,317
E53680,40.4390829999999,-79.879097,,"Wilkinsburg borough (Allegheny, PA)",0.6133789949577636,4,693
S02840,40.408667,-79.9075639999999,,"Homestead borough (Allegheny, PA)",0.6140413200447429,4,677
S02620,40.4078939999999,-79.909069,,"Homestead borough (Allegheny, PA)",0.6140413200447429,4,677
S02570,40.4071349999999,-79.910571,,"Homestead borough (Allegheny, PA)",0.6140413200447429,4,677
S14765,40.382941,-79.857302,,"Duquesne city (Allegheny, PA)",0.6142172157066805,3,602
S29245,40.371788,-79.844238,,"Duquesne city (Allegheny, PA)",0.6142172157066805,3,602
S70448,40.3671879999999,-79.842139,,"Duquesne city (Allegheny, PA)",0.6142172157066805,3,602
S14782,40.36365,-79.842881,,"Duquesne city (Allegheny, PA)",0.6142172157066805,3,602
S14742,40.3807649999999,-79.8550379999999,,"Duquesne city (Allegheny, PA)",0.6142172157066805,3,602
S14743,40.3820679999999,-79.856386,,"Duquesne city (Allegheny, PA)",0.6142172157066805,3,602
S70142,40.3843,-79.8605539999999,,"Duquesne city (Allegheny, PA)",0.6142172157066805,3,602
S02550,40.4071679999999,-79.9107759999999,,"Homestead borough (Allegheny, PA)",0.6144880633613777,4,682
E52360,40.441135,-79.8826559999999,,"Wilkinsburg borough (Allegheny, PA)",0.6145546861603718,3,534
E52490,40.4419359999999,-79.885063,,"Wilkinsburg borough (Allegheny, PA)",0.6145546861603718,3,534
E52500,40.44162,-79.884122,,"Wilkinsburg borough (Allegheny, PA)",0.6145546861603718,3,534
E52410,40.4407599999999,-79.8815259999999,,"Wilkinsburg borough (Allegheny, PA)",0.6145546861603718,3,534
S14784,40.363978,-79.842911,,"Duquesne city (Allegheny, PA)",0.6150637720569262,3,607
S14746,40.379702,-79.854128,,"Duquesne city (Allegheny, PA)",0.6150637720569262,3,607
S14770,40.382973,-79.8576439999999,,"Duquesne city (Allegheny, PA)",0.6150637720569262,3,607
S14744,40.38212,-79.856666,,"Duquesne city (Allegheny, PA)",0.6150637720569262,3,607
S14745,40.380929,-79.8554089999999,,"Duquesne city (Allegheny, PA)",0.6150637720569262,3,607
S14760,40.3839329999999,-79.860045,,"Duquesne city (Allegheny, PA)",0.6150637720569262,3,607
S14790,40.3674329999999,-79.842408,,"Duquesne city (Allegheny, PA)",0.6150637720569262,3,607
S14780,40.369399,-79.8428449999999,,"Duquesne city (Allegheny, PA)",0.6150637720569262,3,607
E05940,40.42804,-79.916127,Squirrel Hill South,"Pittsburgh city (Allegheny, PA)",0.6150641975308642,1,40
E41050,40.4350159999999,-79.916415,Squirrel Hill South,"Pittsburgh city (Allegheny, PA)",0.6150641975308642,1,35
E06050,40.429335,-79.9156239999999,Squirrel Hill South,"Pittsburgh city (Allegheny, PA)",0.6150641975308642,1,40
E47720,40.429316,-79.927243,Squirrel Hill South,"Pittsburgh city (Allegheny, PA)",0.6150641975308642,1,40
E05910,40.433266,-79.914635,Squirrel Hill South,"Pittsburgh city (Allegheny, PA)",0.6150641975308642,1,40
E57360,40.4314019999999,-79.9274499999999,Squirrel Hill South,"Pittsburgh city (Allegheny, PA)",0.6150641975308642,1,40
E06040,40.432456,-79.915199,Squirrel Hill South,"Pittsburgh city (Allegheny, PA)",0.6150641975308642,1,40
E57350,40.4324549999999,-79.927492,Squirrel Hill South,"Pittsburgh city (Allegheny, PA)",0.6150641975308642,1,40
E06035,40.430872,-79.9152449999999,Squirrel Hill South,"Pittsburgh city (Allegheny, PA)",0.6150641975308642,1,40
E06030,40.430419,-79.9152619999999,Squirrel Hill South,"Pittsburgh city (Allegheny, PA)",0.6150641975308642,1,40
E16160,40.436193,-79.913774,Squirrel Hill South,"Pittsburgh city (Allegheny, PA)",0.6150641975308642,1,35
E20060,40.429144,-79.920907,Squirrel Hill South,"Pittsburgh city (Allegheny, PA)",0.6150641975308642,1,40
E57340,40.433976,-79.9275509999999,Squirrel Hill South,"Pittsburgh city (Allegheny, PA)",0.6150641975308642,1,40
E06230,40.434269,-79.912188,Squirrel Hill South,"Pittsburgh city (Allegheny, PA)",0.6150641975308642,1,35
E41060,40.436351,-79.916228,Squirrel Hill South,"Pittsburgh city (Allegheny, PA)",0.6150641975308642,1,35
E20055,40.4297919999999,-79.923314,Squirrel Hill South,"Pittsburgh city (Allegheny, PA)",0.6150641975308642,1,40
E41670,40.459043,-79.933468,Friendship,"Pittsburgh city (Allegheny, PA)",0.6152141000518337,3,953
E41790,40.460808,-79.932366,Friendship,"Pittsburgh city (Allegheny, PA)",0.6152141000518337,3,953
E70591,40.4032199999999,-79.868412,,"Braddock borough (Allegheny, PA)",0.6155399037709278,3,616
E41800,40.46056,-79.932404,East Liberty,"Pittsburgh city (Allegheny, PA)",0.6158237373672846,3,943
E70368,40.459991,-79.927805,East Liberty,"Pittsburgh city (Allegheny, PA)",0.6162950994937513,2,615
E14050,40.457802,-79.932084,Shadyside,"Pittsburgh city (Allegheny, PA)",0.6162950994937513,2,615
E13690,40.457366,-79.9338829999999,East Liberty,"Pittsburgh city (Allegheny, PA)",0.6162950994937513,2,615
E70282,40.4589959999999,-79.92806,Shadyside,"Pittsburgh city (Allegheny, PA)",0.6162950994937513,2,615
E05515,40.46047,-79.9279209999999,East Liberty,"Pittsburgh city (Allegheny, PA)",0.6162950994937513,2,615
E13770,40.458038,-79.931623,East Liberty,"Pittsburgh city (Allegheny, PA)",0.6162950994937513,2,615
E13945,40.4588979999999,-79.92877,East Liberty,"Pittsburgh city (Allegheny, PA)",0.6162950994937513,2,615
E05510,40.4612419999999,-79.9274369999999,East Liberty,"Pittsburgh city (Allegheny, PA)",0.6162950994937513,2,615
E05517,40.459364,-79.9275769999999,East Liberty,"Pittsburgh city (Allegheny, PA)",0.6162950994937513,2,615
N20720,40.4982189999999,-79.854585,,"O'Hara township (Allegheny, PA)",0.6164829268292683,1,203
N20590,40.491591,-79.8657829999999,,"Blawnox borough (Allegheny, PA)",0.6164829268292683,1,203
N20760,40.4967029999999,-79.9425779999999,,"Etna borough (Allegheny, PA)",0.6164829268292683,1,203
N21855,40.5273439999999,-79.8505619999999,,"Harmar township (Allegheny, PA)",0.6164829268292683,1,203
N01830,40.56259,-79.765741,,"New Kensington city (Westmoreland, PA)",0.6164829268292683,1,203
N22150,40.538586,-79.8302079999999,,"Harmar township (Allegheny, PA)",0.6164829268292683,1,203
N27620,40.5634469999999,-79.76792,,"New Kensington city (Westmoreland, PA)",0.6164829268292683,1,203
N21490,40.4995699999999,-79.852991,,"O'Hara township (Allegheny, PA)",0.6164829268292683,1,203
N21590,40.4899559999999,-79.871491,,"O'Hara township (Allegheny, PA)",0.6164829268292683,1,203
N20710,40.492792,-79.8630869999999,,"Blawnox borough (Allegheny, PA)",0.6164829268292683,1,203
N20925,40.4920509999999,-79.864863,,"Blawnox borough (Allegheny, PA)",0.6164829268292683,1,203
N22220,40.494788,-79.859041,,"Blawnox borough (Allegheny, PA)",0.6164829268292683,1,203
N22200,40.5263929999999,-79.851014,,"Harmar township (Allegheny, PA)",0.6164829268292683,1,203
N20705,40.499529,-79.8528529999999,,"O'Hara township (Allegheny, PA)",0.6164829268292683,1,203
N21810,40.488047,-79.8794149999999,,"O'Hara township (Allegheny, PA)",0.6164829268292683,1,203
N21400,40.493918,-79.860825,,"Blawnox borough (Allegheny, PA)",0.6164829268292683,1,203
N01935,40.564138,-79.766112,,"New Kensington city (Westmoreland, PA)",0.6164829268292683,1,203
N20730,40.498578,-79.8538209999999,,"O'Hara township (Allegheny, PA)",0.6164829268292683,1,203
N21350,40.4896579999999,-79.872719,,"O'Hara township (Allegheny, PA)",0.6164829268292683,1,203
N22145,40.4913779999999,-79.8660169999999,,"O'Hara township (Allegheny, PA)",0.6164829268292683,1,203
N20700,40.492969,-79.862948,,"Blawnox borough (Allegheny, PA)",0.6164829268292683,1,203
N20750,40.4967479999999,-79.942023,,"Etna borough (Allegheny, PA)",0.6164829268292683,1,203
N22330,40.48924,-79.8750239999999,,"O'Hara township (Allegheny, PA)",0.6164829268292683,1,203
N18360,40.602516,-79.7544079999999,,"Tarentum borough (Allegheny, PA)",0.6164829268292683,1,203
N71265,40.506549,-79.851641,,"O'Hara township (Allegheny, PA)",0.6164829268292683,1,203
N20810,40.496504,-79.943842,,"Etna borough (Allegheny, PA)",0.6164829268292683,1,203
N18335,40.601021,-79.7566759999999,,"Tarentum borough (Allegheny, PA)",0.6164829268292683,1,203
N03995,40.5623119999999,-79.7666779999999,,"New Kensington city (Westmoreland, PA)",0.6164829268292683,1,203
N71264,40.5072759999999,-79.8515969999999,,"O'Hara township (Allegheny, PA)",0.6164829268292683,1,203
N20840,40.494728,-79.8593599999999,,"Blawnox borough (Allegheny, PA)",0.6164829268292683,1,203
N21380,40.4970369999999,-79.8559759999999,,"Blawnox borough (Allegheny, PA)",0.6164829268292683,1,203
N21370,40.49728,-79.855794,,"Blawnox borough (Allegheny, PA)",0.6164829268292683,1,203
N22770,40.488762,-79.8772139999999,,"O'Hara township (Allegheny, PA)",0.6164829268292683,1,203
N21260,40.538296,-79.83271,,"Harmar township (Allegheny, PA)",0.6164829268292683,1,203
N03630,40.600351,-79.760731,,"Tarentum borough (Allegheny, PA)",0.6164829268292683,1,203
N21440,40.494002,-79.8608959999999,,"Blawnox borough (Allegheny, PA)",0.6164829268292683,1,203
N21280,40.496346,-79.8570629999999,,"Blawnox borough (Allegheny, PA)",0.6164829268292683,1,203
N18420,40.602566,-79.7557019999999,,"Tarentum borough (Allegheny, PA)",0.6164829268292683,1,203
N20940,40.4918029999999,-79.8651349999999,,"Blawnox borough (Allegheny, PA)",0.6164829268292683,1,203
N22420,40.5289829999999,-79.850181,,"Harmar township (Allegheny, PA)",0.6164829268292683,1,203
N21290,40.4961279999999,-79.857172,,"Blawnox borough (Allegheny, PA)",0.6164829268292683,1,203
E70839,40.4795939999999,-79.921964,Highland Park,"Pittsburgh city (Allegheny, PA)",0.6165143049585275,2,796
E41731,40.477809,-79.923282,Highland Park,"Pittsburgh city (Allegheny, PA)",0.6165143049585275,2,796
E70975,40.4451129999999,-79.9427,Squirrel Hill North,"Pittsburgh city (Allegheny, PA)",0.6166469879518072,1,243
W00100,40.496692,-80.2494729999999,,"Findlay township (Allegheny, PA)",0.6166469879518072,1,243
E41809,40.4781249999999,-79.9233789999999,Highland Park,"Pittsburgh city (Allegheny, PA)",0.616877726171863,2,786
E70970,40.437071,-79.965827,West Oakland,"Pittsburgh city (Allegheny, PA)",0.6170849759275672,8,2515
E01040,40.4365039999999,-79.968541,West Oakland,"Pittsburgh city (Allegheny, PA)",0.6170849759275672,8,2515
E02030,40.4372019999999,-79.970999,West Oakland,"Pittsburgh city (Allegheny, PA)",0.6170849759275672,8,2515
S20440,40.3733629999999,-79.8459699999999,,"Duquesne city (Allegheny, PA)",0.6175556713510242,4,637
S01330,40.3717919999999,-79.846339,,"Duquesne city (Allegheny, PA)",0.6180028788049394,4,642
E09550,40.414495,-79.855219,,"Braddock Hills borough (Allegheny, PA)",0.6184763052208835,4,966
E09540,40.414518,-79.853183,,"Braddock Hills borough (Allegheny, PA)",0.6184763052208835,4,966
E58575,40.4455529999999,-79.855523,,"Churchill borough (Allegheny, PA)",0.6185008356356516,3,229
E45970,40.4436609999999,-79.8655779999999,,"Wilkinsburg borough (Allegheny, PA)",0.6185008356356516,3,229
E45730,40.443978,-79.864417,,"Wilkinsburg borough (Allegheny, PA)",0.6185008356356516,3,229
E58450,40.445121,-79.8590719999999,,"Wilkinsburg borough (Allegheny, PA)",0.6185008356356516,3,229
E46120,40.4447699999999,-79.861181,,"Wilkinsburg borough (Allegheny, PA)",0.6185008356356516,3,229
E58360,40.446052,-79.8502009999999,,"Churchill borough (Allegheny, PA)",0.6185008356356516,3,229
E46050,40.4446769999999,-79.8611769999999,,"Wilkinsburg borough (Allegheny, PA)",0.6185008356356516,3,229
E58665,40.445726,-79.8551149999999,,"Wilkinsburg borough (Allegheny, PA)",0.6185008356356516,3,229
E45990,40.444028,-79.864586,,"Wilkinsburg borough (Allegheny, PA)",0.6185008356356516,3,229
E46670,40.444267,-79.8633959999999,,"Wilkinsburg borough (Allegheny, PA)",0.6185008356356516,3,229
E58440,40.445107,-79.858649,,"Wilkinsburg borough (Allegheny, PA)",0.6185008356356516,3,229
E70947,40.4460229999999,-79.853103,,"Churchill borough (Allegheny, PA)",0.6185008356356516,3,229
E45980,40.444409,-79.863172,,"Wilkinsburg borough (Allegheny, PA)",0.6185008356356516,3,229
E46390,40.443665,-79.865893,,"Wilkinsburg borough (Allegheny, PA)",0.6185008356356516,3,229
STPLST,40.440504,-79.995433,Central Business District,"Pittsburgh city (Allegheny, PA)",0.6185546660797009,5,1826
ROSTST,40.439024,-79.9954189999999,Central Business District,"Pittsburgh city (Allegheny, PA)",0.6185546660797009,5,1826
E43860,40.44066,-79.745259,,"Monroeville municipality (Allegheny, PA)",0.6191808203991132,2,165
E43990,40.441411,-79.7537779999999,,"Monroeville municipality (Allegheny, PA)",0.6191808203991132,2,165
E43870,40.4413839999999,-79.751748,,"Monroeville municipality (Allegheny, PA)",0.6191808203991132,2,165
E43850,40.441713,-79.7496189999999,,"Monroeville municipality (Allegheny, PA)",0.6191808203991132,2,165
E27640,40.442193,-79.7601159999999,,"Monroeville municipality (Allegheny, PA)",0.6191808203991132,2,165
E43460,40.443722,-79.757749,,"Monroeville municipality (Allegheny, PA)",0.6191808203991132,2,165
N44660,40.5408329999999,-79.8074689999999,,"Cheswick borough (Allegheny, PA)",0.6194018618762598,2,228
N22120,40.574852,-79.777743,,"East Deer township (Allegheny, PA)",0.6194018618762598,2,228
N20520,40.5748779999999,-79.777883,,"East Deer township (Allegheny, PA)",0.6194018618762598,2,228
N44480,40.542507,-79.7733929999999,,"Springdale borough (Allegheny, PA)",0.6194018618762598,2,228
N44710,40.54113,-79.7822929999999,,"Springdale borough (Allegheny, PA)",0.6194018618762598,2,228
N03660,40.5983179999999,-79.764464,,"Tarentum borough (Allegheny, PA)",0.6194018618762598,2,228
N44770,40.542023,-79.774696,,"Springdale borough (Allegheny, PA)",0.6194018618762598,2,228
N22590,40.540734,-79.816466,,"Harmar township (Allegheny, PA)",0.6194018618762598,2,228
N20835,40.5425479999999,-79.773145,,"Springdale borough (Allegheny, PA)",0.6194018618762598,2,228
N02030,40.6012059999999,-79.7549219999999,,"Tarentum borough (Allegheny, PA)",0.6194018618762598,2,228
N22430,40.5404539999999,-79.813517,,"Harmar township (Allegheny, PA)",0.6194018618762598,2,228
N70144,40.600414,-79.756836,,"Tarentum borough (Allegheny, PA)",0.6194018618762598,2,228
N44840,40.541274,-79.7868749999999,,"Springdale borough (Allegheny, PA)",0.6194018618762598,2,228
N45030,40.5411799999999,-79.7864289999999,,"Springdale borough (Allegheny, PA)",0.6194018618762598,2,228
N02010,40.6019769999999,-79.752892,,"Tarentum borough (Allegheny, PA)",0.6194018618762598,2,228
N22760,40.5413799999999,-79.777912,,"Springdale borough (Allegheny, PA)",0.6194018618762598,2,228
N44530,40.541027,-79.784225,,"Springdale borough (Allegheny, PA)",0.6194018618762598,2,228
N21530,40.581448,-79.778872,,"East Deer township (Allegheny, PA)",0.6194018618762598,2,228
N03640,40.600178,-79.760818,,"Tarentum borough (Allegheny, PA)",0.6194018618762598,2,228
N44760,40.541037,-79.7823,,"Springdale borough (Allegheny, PA)",0.6194018618762598,2,228
N22780,40.540913,-79.818825,,"Harmar township (Allegheny, PA)",0.6194018618762598,2,228
N20600,40.5387419999999,-79.830223,,"Harmar township (Allegheny, PA)",0.6194018618762598,2,228
N21790,40.583613,-79.7778349999999,,"East Deer township (Allegheny, PA)",0.6194018618762598,2,228
N22700,40.5678699999999,-79.7761129999999,,"East Deer township (Allegheny, PA)",0.6194018618762598,2,228
N44800,40.541262,-79.78847,,"Springdale borough (Allegheny, PA)",0.6194018618762598,2,228
N22060,40.5939059999999,-79.769818,,"East Deer township (Allegheny, PA)",0.6194018618762598,2,228
N21240,40.5419449999999,-79.7746659999999,,"Springdale borough (Allegheny, PA)",0.6194018618762598,2,228
N21630,40.540497,-79.811728,,"Harmar township (Allegheny, PA)",0.6194018618762598,2,228
N44890,40.5409209999999,-79.795923,,"Cheswick borough (Allegheny, PA)",0.6194018618762598,2,228
N22270,40.5823869999999,-79.778334,,"East Deer township (Allegheny, PA)",0.6194018618762598,2,228
N20530,40.5770199999999,-79.778416,,"East Deer township (Allegheny, PA)",0.6194018618762598,2,228
N22490,40.541693,-79.77612,,"Springdale borough (Allegheny, PA)",0.6194018618762598,2,228
N22540,40.5811399999999,-79.778861,,"East Deer township (Allegheny, PA)",0.6194018618762598,2,228
N22180,40.585537,-79.7770129999999,,"East Deer township (Allegheny, PA)",0.6194018618762598,2,228
N20660,40.585804,-79.777023,,"East Deer township (Allegheny, PA)",0.6194018618762598,2,228
N44560,40.541009,-79.793372,,"Springdale borough (Allegheny, PA)",0.6194018618762598,2,228
N44450,40.541276,-79.7977049999999,,"Cheswick borough (Allegheny, PA)",0.6194018618762598,2,228
N44460,40.5412249999999,-79.797943,,"Cheswick borough (Allegheny, PA)",0.6194018618762598,2,228
N22650,40.546179,-79.7703829999999,,"Springdale township (Allegheny, PA)",0.6194018618762598,2,228
N44960,40.5409399999999,-79.7930709999999,,"Springdale borough (Allegheny, PA)",0.6194018618762598,2,228
N44580,40.541594,-79.799552,,"Cheswick borough (Allegheny, PA)",0.6194018618762598,2,228
N44980,40.541021,-79.8024759999999,,"Cheswick borough (Allegheny, PA)",0.6194018618762598,2,228
N45040,40.5411059999999,-79.7905449999999,,"Springdale borough (Allegheny, PA)",0.6194018618762598,2,228
N22830,40.5930109999999,-79.7708609999999,,"East Deer township (Allegheny, PA)",0.6194018618762598,2,228
N44810,40.5411689999999,-79.788926,,"Springdale borough (Allegheny, PA)",0.6194018618762598,2,228
N44500,40.5410929999999,-79.7839969999999,,"Springdale borough (Allegheny, PA)",0.6194018618762598,2,228
N22040,40.540666,-79.8094009999999,,"Harmar township (Allegheny, PA)",0.6194018618762598,2,228
N03670,40.598041,-79.7647439999999,,"Tarentum borough (Allegheny, PA)",0.6194018618762598,2,228
N21650,40.540773,-79.8160469999999,,"Harmar township (Allegheny, PA)",0.6194018618762598,2,228
N21740,40.5458989999999,-79.770572,,"Springdale township (Allegheny, PA)",0.6194018618762598,2,228
N22580,40.540421,-79.8118309999999,,"Harmar township (Allegheny, PA)",0.6194018618762598,2,228
N03700,40.5994469999999,-79.762397,,"Tarentum borough (Allegheny, PA)",0.6194018618762598,2,228
N44700,40.5409859999999,-79.795585,,"Cheswick borough (Allegheny, PA)",0.6194018618762598,2,228
N44990,40.5407939999999,-79.807179,,"Cheswick borough (Allegheny, PA)",0.6194018618762598,2,228
N21960,40.5409849999999,-79.818588,,"Harmar township (Allegheny, PA)",0.6194018618762598,2,228
N44570,40.541071,-79.805046,,"Cheswick borough (Allegheny, PA)",0.6194018618762598,2,228
N22380,40.560153,-79.772559,,"Springdale township (Allegheny, PA)",0.6194018618762598,2,228
N44860,40.5414379999999,-79.7780779999999,,"Springdale borough (Allegheny, PA)",0.6194018618762598,2,228
N03710,40.599167,-79.762691,,"Tarentum borough (Allegheny, PA)",0.6194018618762598,2,228
N20510,40.5733219999999,-79.777489,,"East Deer township (Allegheny, PA)",0.6194018618762598,2,228
N22100,40.5732939999999,-79.777354,,"East Deer township (Allegheny, PA)",0.6194018618762598,2,228
N44640,40.5412249999999,-79.7803509999999,,"Springdale borough (Allegheny, PA)",0.6194018618762598,2,228
N44590,40.541445,-79.799743,,"Cheswick borough (Allegheny, PA)",0.6194018618762598,2,228
N22130,40.576934,-79.778255,,"East Deer township (Allegheny, PA)",0.6194018618762598,2,228
N20950,40.582478,-79.778435,,"East Deer township (Allegheny, PA)",0.6194018618762598,2,228
N21330,40.5411819999999,-79.7796409999999,,"Springdale borough (Allegheny, PA)",0.6194018618762598,2,228
N21140,40.5875109999999,-79.776189,,"East Deer township (Allegheny, PA)",0.6194018618762598,2,228
N21120,40.587544,-79.776306,,"East Deer township (Allegheny, PA)",0.6194018618762598,2,228
N22820,40.5405779999999,-79.809571,,"Harmar township (Allegheny, PA)",0.6194018618762598,2,228
N44600,40.5411149999999,-79.802422,,"Cheswick borough (Allegheny, PA)",0.6194018618762598,2,228
N21340,40.5405269999999,-79.813489,,"Harmar township (Allegheny, PA)",0.6194018618762598,2,228
N22670,40.5836499999999,-79.77795,,"East Deer township (Allegheny, PA)",0.6194018618762598,2,228
N01920,40.600704,-79.7561259999999,,"Tarentum borough (Allegheny, PA)",0.6194018618762598,2,228
N21820,40.567774,-79.776218,,"East Deer township (Allegheny, PA)",0.6194018618762598,2,228
N44670,40.541829,-79.7758299999999,,"Springdale borough (Allegheny, PA)",0.6194018618762598,2,228
N21200,40.5605789999999,-79.7729559999999,,"Springdale township (Allegheny, PA)",0.6194018618762598,2,228
N45010,40.540998,-79.804275,,"Cheswick borough (Allegheny, PA)",0.6194018618762598,2,228
E01420,40.4473649999999,-79.942604,Squirrel Hill North,"Pittsburgh city (Allegheny, PA)",0.6194496091618215,3,896
E01920,40.447201,-79.9449549999999,Squirrel Hill North,"Pittsburgh city (Allegheny, PA)",0.6194496091618215,3,896
E01500,40.4470239999999,-79.947427,North Oakland,"Pittsburgh city (Allegheny, PA)",0.6194496091618215,3,896
E27420,40.4094089999999,-79.866944,,"North Braddock borough (Allegheny, PA)",0.6198145067354287,2,542
E06580,40.4036639999999,-79.8625789999999,,"North Braddock borough (Allegheny, PA)",0.6198145067354287,2,542
E27400,40.4119099999999,-79.869939,,"North Braddock borough (Allegheny, PA)",0.6198145067354287,2,542
E59570,40.4143019999999,-79.8726439999999,,"Swissvale borough (Allegheny, PA)",0.6198145067354287,2,542
E70799,40.401176,-79.865876,,"Braddock borough (Allegheny, PA)",0.6198145067354287,2,542
E59670,40.414847,-79.874385,,"Swissvale borough (Allegheny, PA)",0.6198145067354287,2,542
E59690,40.414304,-79.872838,,"Swissvale borough (Allegheny, PA)",0.6198145067354287,2,542
E27460,40.410873,-79.868582,,"North Braddock borough (Allegheny, PA)",0.6198145067354287,2,542
E59730,40.413345,-79.8712249999999,,"Swissvale borough (Allegheny, PA)",0.6198145067354287,2,542
E27470,40.41105,-79.868915,,"North Braddock borough (Allegheny, PA)",0.6198145067354287,2,542
E59680,40.4148119999999,-79.8740619999999,,"Swissvale borough (Allegheny, PA)",0.6198145067354287,2,542
E09290,40.4017789999999,-79.86645,,"Braddock borough (Allegheny, PA)",0.6198145067354287,2,542
E59720,40.4135589999999,-79.871373,,"Swissvale borough (Allegheny, PA)",0.6198145067354287,2,542
E27390,40.4118679999999,-79.8697679999999,,"North Braddock borough (Allegheny, PA)",0.6198145067354287,2,542
E04700,40.404462,-79.862136,,"North Braddock borough (Allegheny, PA)",0.6198145067354287,2,542
E08610,40.402484,-79.867557,,"Braddock borough (Allegheny, PA)",0.6198145067354287,2,542
E49400,40.44111,-79.8799769999999,,"Wilkinsburg borough (Allegheny, PA)",0.6199087934472726,8,1029
E49410,40.4415809999999,-79.881394,,"Wilkinsburg borough (Allegheny, PA)",0.6199087934472726,8,1029
E70182,40.4424929999999,-79.88411,,"Wilkinsburg borough (Allegheny, PA)",0.6199087934472726,8,1029
E49390,40.44196,-79.882529,,"Wilkinsburg borough (Allegheny, PA)",0.6199087934472726,8,1029
E01470,40.449741,-79.929775,Squirrel Hill North,"Pittsburgh city (Allegheny, PA)",0.6201874894566045,3,1018
E01900,40.448985,-79.932213,Squirrel Hill North,"Pittsburgh city (Allegheny, PA)",0.6201874894566045,3,1018
E01820,40.447716,-79.937223,Squirrel Hill North,"Pittsburgh city (Allegheny, PA)",0.6201874894566045,3,1018
E70378,40.4482959999999,-79.934387,Squirrel Hill North,"Pittsburgh city (Allegheny, PA)",0.6201874894566045,3,1018
E01860,40.447642,-79.9388929999999,Squirrel Hill North,"Pittsburgh city (Allegheny, PA)",0.6201874894566045,3,1018
E08720,40.4037709999999,-79.869163,,"Braddock borough (Allegheny, PA)",0.6203727705748999,2,473
S02930,40.406204,-79.911854,,"Homestead borough (Allegheny, PA)",0.6203912753104387,5,759
E00980,40.4490089999999,-79.9324979999999,Shadyside,"Pittsburgh city (Allegheny, PA)",0.6205073117965473,3,1008
E01460,40.4499169999999,-79.9295599999999,Shadyside,"Pittsburgh city (Allegheny, PA)",0.6205073117965473,3,1008
E02090,40.447892,-79.936896,Shadyside,"Pittsburgh city (Allegheny, PA)",0.6205073117965473,3,1008
E00920,40.447758,-79.938742,Shadyside,"Pittsburgh city (Allegheny, PA)",0.6205073117965473,3,1008
E00910,40.4484929999999,-79.9341009999999,Shadyside,"Pittsburgh city (Allegheny, PA)",0.6205073117965473,3,1008
E14000,40.453217,-79.9474529999999,Shadyside,"Pittsburgh city (Allegheny, PA)",0.620616432635178,3,1165
E13180,40.455835,-79.9387399999999,Shadyside,"Pittsburgh city (Allegheny, PA)",0.620616432635178,3,1165
E13910,40.454968,-79.941567,Shadyside,"Pittsburgh city (Allegheny, PA)",0.620616432635178,3,1165
E13380,40.45512,-79.941395,Bloomfield,"Pittsburgh city (Allegheny, PA)",0.620616432635178,3,1165
E13780,40.4555489999999,-79.939653,Shadyside,"Pittsburgh city (Allegheny, PA)",0.620616432635178,3,1165
E14060,40.455398,-79.9404609999999,Bloomfield,"Pittsburgh city (Allegheny, PA)",0.620616432635178,3,1165
E13630,40.4533869999999,-79.9472099999999,Bloomfield,"Pittsburgh city (Allegheny, PA)",0.620616432635178,3,1165
E13650,40.4540909999999,-79.9445529999999,Shadyside,"Pittsburgh city (Allegheny, PA)",0.620616432635178,3,1165
E13640,40.4542349999999,-79.9443679999999,Bloomfield,"Pittsburgh city (Allegheny, PA)",0.620616432635178,3,1165
N12510,40.493357,-79.948254,,"Etna borough (Allegheny, PA)",0.6208028529872455,2,218
E70940,40.463599,-79.90326,Lincoln-Lemington-Belmar,"Pittsburgh city (Allegheny, PA)",0.6209609310613653,2,438
E35940,40.4711119999999,-79.892066,Lincoln-Lemington-Belmar,"Pittsburgh city (Allegheny, PA)",0.6209609310613653,2,438
E70941,40.463484,-79.903411,Homewood West,"Pittsburgh city (Allegheny, PA)",0.6209609310613653,2,438
E36097,40.4700879999999,-79.893735,Lincoln-Lemington-Belmar,"Pittsburgh city (Allegheny, PA)",0.6209609310613653,2,438
E35770,40.466431,-79.8977699999999,Lincoln-Lemington-Belmar,"Pittsburgh city (Allegheny, PA)",0.6209609310613653,2,438
E36095,40.470965,-79.8920739999999,Lincoln-Lemington-Belmar,"Pittsburgh city (Allegheny, PA)",0.6209609310613653,2,438
E35980,40.4607549999999,-79.911409,Larimer,"Pittsburgh city (Allegheny, PA)",0.6209609310613653,2,438
E35990,40.461675,-79.907853,Larimer,"Pittsburgh city (Allegheny, PA)",0.6209609310613653,2,438
E35830,40.468845,-79.895993,Lincoln-Lemington-Belmar,"Pittsburgh city (Allegheny, PA)",0.6209609310613653,2,438
E35810,40.460503,-79.9131589999999,Larimer,"Pittsburgh city (Allegheny, PA)",0.6209609310613653,2,438
E70997,40.460461,-79.9128999999999,Larimer,"Pittsburgh city (Allegheny, PA)",0.6209609310613653,2,438
E35790,40.4722489999999,-79.8909089999999,Lincoln-Lemington-Belmar,"Pittsburgh city (Allegheny, PA)",0.6209609310613653,2,438
E35880,40.46788,-79.8970099999999,Lincoln-Lemington-Belmar,"Pittsburgh city (Allegheny, PA)",0.6209609310613653,2,438
E70942,40.470497,-79.892909,Lincoln-Lemington-Belmar,"Pittsburgh city (Allegheny, PA)",0.6209609310613653,2,438
E36050,40.465964,-79.8978429999999,Lincoln-Lemington-Belmar,"Pittsburgh city (Allegheny, PA)",0.6209609310613653,2,438
E35800,40.469816,-79.8945169999999,Lincoln-Lemington-Belmar,"Pittsburgh city (Allegheny, PA)",0.6209609310613653,2,438
E36020,40.4678949999999,-79.8968909999999,Lincoln-Lemington-Belmar,"Pittsburgh city (Allegheny, PA)",0.6209609310613653,2,438
E35910,40.4622329999999,-79.9064039999999,Larimer,"Pittsburgh city (Allegheny, PA)",0.6209609310613653,2,438
E35820,40.47043,-79.8928729999999,Lincoln-Lemington-Belmar,"Pittsburgh city (Allegheny, PA)",0.6209609310613653,2,438
E36060,40.46435,-79.900396,Lincoln-Lemington-Belmar,"Pittsburgh city (Allegheny, PA)",0.6209609310613653,2,438
E70861,40.4640759999999,-79.901138,Homewood West,"Pittsburgh city (Allegheny, PA)",0.6209609310613653,2,438
E36035,40.470227,-79.893601,Lincoln-Lemington-Belmar,"Pittsburgh city (Allegheny, PA)",0.6209609310613653,2,438
E36000,40.4615429999999,-79.9080139999999,Larimer,"Pittsburgh city (Allegheny, PA)",0.6209609310613653,2,438
E35920,40.4639239999999,-79.9020069999999,Lincoln-Lemington-Belmar,"Pittsburgh city (Allegheny, PA)",0.6209609310613653,2,438
E36070,40.4697359999999,-79.8944929999999,Lincoln-Lemington-Belmar,"Pittsburgh city (Allegheny, PA)",0.6209609310613653,2,438
E35840,40.4686609999999,-79.896124,Lincoln-Lemington-Belmar,"Pittsburgh city (Allegheny, PA)",0.6209609310613653,2,438
E35970,40.46068,-79.9114469999999,Larimer,"Pittsburgh city (Allegheny, PA)",0.6209609310613653,2,438
E36040,40.464776,-79.8988999999999,Lincoln-Lemington-Belmar,"Pittsburgh city (Allegheny, PA)",0.6209609310613653,2,438
E35780,40.472355,-79.890932,Lincoln-Lemington-Belmar,"Pittsburgh city (Allegheny, PA)",0.6209609310613653,2,438
E35772,40.463126,-79.904532,Homewood West,"Pittsburgh city (Allegheny, PA)",0.6209609310613653,2,438
E36052,40.463157,-79.90465,Lincoln-Lemington-Belmar,"Pittsburgh city (Allegheny, PA)",0.6209609310613653,2,438
E36100,40.462145,-79.906402,Larimer,"Pittsburgh city (Allegheny, PA)",0.6209609310613653,2,438
E35900,40.460999,-79.909856,Larimer,"Pittsburgh city (Allegheny, PA)",0.6209609310613653,2,438
E35930,40.463827,-79.9021149999999,Homewood West,"Pittsburgh city (Allegheny, PA)",0.6209609310613653,2,438
E35890,40.4611179999999,-79.909727,Larimer,"Pittsburgh city (Allegheny, PA)",0.6209609310613653,2,438
E35760,40.4646249999999,-79.899028,Homewood North,"Pittsburgh city (Allegheny, PA)",0.6209609310613653,2,438
E01480,40.447121,-79.947174,Squirrel Hill North,"Pittsburgh city (Allegheny, PA)",0.6217335323119355,2,765
E01410,40.447476,-79.942284,Shadyside,"Pittsburgh city (Allegheny, PA)",0.6217335323119355,2,765
N17300,40.478296,-79.9689199999999,,"Millvale borough (Allegheny, PA)",0.6218497505543237,2,308
N17510,40.46491,-79.9798959999999,Troy Hill,"Pittsburgh city (Allegheny, PA)",0.6218497505543237,2,308
N17350,40.455233,-79.992771,Troy Hill,"Pittsburgh city (Allegheny, PA)",0.6218497505543237,2,308
N17690,40.464615,-79.979735,Troy Hill,"Pittsburgh city (Allegheny, PA)",0.6218497505543237,2,308
E44430,40.4407599999999,-79.745005,,"Monroeville municipality (Allegheny, PA)",0.6219663763066202,2,175
E44550,40.441433,-79.753636,,"Monroeville municipality (Allegheny, PA)",0.6219663763066202,2,175
E43740,40.443849,-79.757671,,"Monroeville municipality (Allegheny, PA)",0.6219663763066202,2,175
E44480,40.4415219999999,-79.7514419999999,,"Monroeville municipality (Allegheny, PA)",0.6219663763066202,2,175
E44420,40.441806,-79.749807,,"Monroeville municipality (Allegheny, PA)",0.6219663763066202,2,175
E28300,40.4424479999999,-79.760208,,"Monroeville municipality (Allegheny, PA)",0.6219663763066202,2,175
E57790,40.446652,-79.9129659999999,Point Breeze,"Pittsburgh city (Allegheny, PA)",0.6221572477170269,3,422
E57470,40.4444269999999,-79.9175769999999,Point Breeze,"Pittsburgh city (Allegheny, PA)",0.6221572477170269,3,422
E57680,40.443936,-79.9220849999999,Squirrel Hill North,"Pittsburgh city (Allegheny, PA)",0.6221572477170269,3,422
E57620,40.4462309999999,-79.9143779999999,Point Breeze,"Pittsburgh city (Allegheny, PA)",0.6221572477170269,3,422
E16020,40.447921,-79.9107939999999,Point Breeze,"Pittsburgh city (Allegheny, PA)",0.6221572477170269,3,422
E57640,40.443893,-79.920996,Squirrel Hill North,"Pittsburgh city (Allegheny, PA)",0.6221572477170269,3,422
E57450,40.444862,-79.9156499999999,Point Breeze,"Pittsburgh city (Allegheny, PA)",0.6221572477170269,3,422
E16110,40.448649,-79.9101789999999,Point Breeze,"Pittsburgh city (Allegheny, PA)",0.6226081103480937,3,412
E70022,40.440666,-79.9871629999999,Crawford-Roberts,"Pittsburgh city (Allegheny, PA)",0.6231193618340194,2,548
E13350,40.441138,-79.9858629999999,Crawford-Roberts,"Pittsburgh city (Allegheny, PA)",0.6231193618340194,2,548
E13725,40.4415419999999,-79.984913,Crawford-Roberts,"Pittsburgh city (Allegheny, PA)",0.6231193618340194,2,548
E70937,40.4421189999999,-79.9833299999999,Crawford-Roberts,"Pittsburgh city (Allegheny, PA)",0.6231193618340194,2,548
E70994,40.441113,-79.985701,Crawford-Roberts,"Pittsburgh city (Allegheny, PA)",0.6231193618340194,2,548
E13620,40.4418,-79.984087,Crawford-Roberts,"Pittsburgh city (Allegheny, PA)",0.6231193618340194,2,548
E13211,40.440666,-79.989332,Crawford-Roberts,"Pittsburgh city (Allegheny, PA)",0.6231193618340194,2,548
E16010,40.4600099999999,-79.915777,East Liberty,"Pittsburgh city (Allegheny, PA)",0.6231605983287657,4,993
P00860,40.442563,-79.9961389999999,Central Business District,"Pittsburgh city (Allegheny, PA)",0.6231809620788981,12,1562
E46060,40.4614029999999,-79.9246299999999,East Liberty,"Pittsburgh city (Allegheny, PA)",0.6232492880984171,7,1657
E71000,40.4597619999999,-79.920603,East Liberty,"Pittsburgh city (Allegheny, PA)",0.6232492880984171,7,1657
E46470,40.4610309999999,-79.923589,East Liberty,"Pittsburgh city (Allegheny, PA)",0.6232492880984171,7,1657
E16030,40.44764,-79.9108959999999,Point Breeze,"Pittsburgh city (Allegheny, PA)",0.6233269920747065,3,397
E57610,40.446049,-79.9144749999999,Squirrel Hill North,"Pittsburgh city (Allegheny, PA)",0.6233269920747065,3,397
E57650,40.44389,-79.9200749999999,Squirrel Hill North,"Pittsburgh city (Allegheny, PA)",0.6233269920747065,3,397
E57490,40.444284,-79.917918,Squirrel Hill North,"Pittsburgh city (Allegheny, PA)",0.6233269920747065,3,397
E57460,40.444777,-79.9156849999999,Squirrel Hill North,"Pittsburgh city (Allegheny, PA)",0.6233269920747065,3,397
E57710,40.446621,-79.9128419999999,Squirrel Hill North,"Pittsburgh city (Allegheny, PA)",0.6233269920747065,3,397
E57770,40.443894,-79.922165,Squirrel Hill North,"Pittsburgh city (Allegheny, PA)",0.6233269920747065,3,397
E27220,40.414645,-79.883319,,"Rankin borough (Allegheny, PA)",0.6233746149158229,4,607
E39210,40.4160329999999,-79.8852509999999,,"Rankin borough (Allegheny, PA)",0.6233746149158229,4,607
E39530,40.421751,-79.890252,,"Swissvale borough (Allegheny, PA)",0.6233746149158229,4,607
E39580,40.417361,-79.887544,,"Swissvale borough (Allegheny, PA)",0.6233746149158229,4,607
E48190,40.4130619999999,-79.883043,,"Rankin borough (Allegheny, PA)",0.6233746149158229,4,607
E39630,40.419829,-79.8890629999999,,"Swissvale borough (Allegheny, PA)",0.6233746149158229,4,607
E39560,40.420721,-79.889612,,"Swissvale borough (Allegheny, PA)",0.6233746149158229,4,607
E39550,40.4181609999999,-79.8880419999999,,"Swissvale borough (Allegheny, PA)",0.6233746149158229,4,607
E27240,40.4139059999999,-79.8836569999999,,"Rankin borough (Allegheny, PA)",0.6233746149158229,4,607
E46070,40.4614529999999,-79.9250519999999,East Liberty,"Pittsburgh city (Allegheny, PA)",0.6236471265130717,7,1647
E70425,40.460154,-79.9214869999999,Shadyside,"Pittsburgh city (Allegheny, PA)",0.6236471265130717,7,1647
E39600,40.4207719999999,-79.889764,,"Swissvale borough (Allegheny, PA)",0.6238525012419565,4,612
E39590,40.417416,-79.887697,,"Swissvale borough (Allegheny, PA)",0.6238525012419565,4,612
E48220,40.4130049999999,-79.8831509999999,,"Rankin borough (Allegheny, PA)",0.6238525012419565,4,612
E27230,40.414827,-79.8832969999999,,"Rankin borough (Allegheny, PA)",0.6238525012419565,4,612
E48230,40.412011,-79.881276,,"Rankin borough (Allegheny, PA)",0.6238525012419565,4,612
E27250,40.413944,-79.8837819999999,,"Rankin borough (Allegheny, PA)",0.6238525012419565,4,612
E39230,40.415509,-79.8831809999999,,"Rankin borough (Allegheny, PA)",0.6238525012419565,4,612
E48210,40.41142,-79.880137,,"Rankin borough (Allegheny, PA)",0.6238525012419565,4,612
E39640,40.420107,-79.889346,,"Swissvale borough (Allegheny, PA)",0.6238525012419565,4,612
E39220,40.416013,-79.885384,,"Rankin borough (Allegheny, PA)",0.6238525012419565,4,612
E39700,40.418393,-79.888292,,"Swissvale borough (Allegheny, PA)",0.6238525012419565,4,612
E48200,40.4102019999999,-79.8778429999999,,"Rankin borough (Allegheny, PA)",0.6238525012419565,4,612
E04190,40.424643,-79.8596639999999,,"Forest Hills borough (Allegheny, PA)",0.6239054374453551,3,200
E04290,40.429678,-79.8638689999999,,"Forest Hills borough (Allegheny, PA)",0.6239054374453551,3,200
E04250,40.4221739999999,-79.854668,,"Forest Hills borough (Allegheny, PA)",0.6239054374453551,3,200
E04160,40.4197989999999,-79.850324,,"Forest Hills borough (Allegheny, PA)",0.6239054374453551,3,200
E04430,40.425711,-79.861761,,"Forest Hills borough (Allegheny, PA)",0.6239054374453551,3,200
E04340,40.421055,-79.8524249999999,,"Forest Hills borough (Allegheny, PA)",0.6239054374453551,3,200
E04230,40.4321539999999,-79.864941,,"Forest Hills borough (Allegheny, PA)",0.6239054374453551,3,200
E04270,40.417437,-79.848662,,"Forest Hills borough (Allegheny, PA)",0.6239054374453551,3,200
E04170,40.4267669999999,-79.8628889999999,,"Forest Hills borough (Allegheny, PA)",0.6239054374453551,3,200
E04400,40.4154789999999,-79.847515,,"Forest Hills borough (Allegheny, PA)",0.6239054374453551,3,200
E29240,40.468152,-79.9216789999999,East Liberty,"Pittsburgh city (Allegheny, PA)",0.624006244752104,2,617
N12570,40.494532,-79.946454,,"Etna borough (Allegheny, PA)",0.6245161330514234,3,323
N12520,40.496406,-79.9441499999999,,"Etna borough (Allegheny, PA)",0.6245161330514234,3,323
N12550,40.4953319999999,-79.945575,,"Etna borough (Allegheny, PA)",0.6245161330514234,3,323
N12440,40.494272,-79.946634,,"Etna borough (Allegheny, PA)",0.6245161330514234,3,323
N12380,40.495299,-79.945457,,"Etna borough (Allegheny, PA)",0.6245161330514234,3,323
N12530,40.493606,-79.947985,,"Etna borough (Allegheny, PA)",0.6245161330514234,3,323
E29000,40.468209,-79.921783,East Liberty,"Pittsburgh city (Allegheny, PA)",0.624600262003533,2,607
P02470,40.441802,-80.002082,Central Business District,"Pittsburgh city (Allegheny, PA)",0.6256423917900199,13,850
E29057,40.4636119999999,-79.923811,East Liberty,"Pittsburgh city (Allegheny, PA)",0.6262929553645801,3,653
E04470,40.415731,-79.8473539999999,,"Forest Hills borough (Allegheny, PA)",0.6263293440246985,3,200
E04410,40.427036,-79.862778,,"Forest Hills borough (Allegheny, PA)",0.6263293440246985,3,200
E04310,40.4199449999999,-79.8501239999999,,"Forest Hills borough (Allegheny, PA)",0.6263293440246985,3,200
E04350,40.4257959999999,-79.861445,,"Forest Hills borough (Allegheny, PA)",0.6263293440246985,3,200
E04420,40.421244,-79.852283,,"Forest Hills borough (Allegheny, PA)",0.6263293440246985,3,200
E04240,40.422156,-79.854122,,"Forest Hills borough (Allegheny, PA)",0.6263293440246985,3,200
E04380,40.417161,-79.848222,,"Forest Hills borough (Allegheny, PA)",0.6263293440246985,3,200
E04220,40.431347,-79.8640369999999,,"Forest Hills borough (Allegheny, PA)",0.6263293440246985,3,200
E04180,40.424638,-79.8591629999999,,"Forest Hills borough (Allegheny, PA)",0.6263293440246985,3,200
E70014,40.4582449999999,-79.933818,East Liberty,"Pittsburgh city (Allegheny, PA)",0.6264666127496182,2,797
E41740,40.4574679999999,-79.9342469999999,Friendship,"Pittsburgh city (Allegheny, PA)",0.6264666127496182,2,797
E41900,40.46318,-79.9309599999999,Friendship,"Pittsburgh city (Allegheny, PA)",0.6267734485886199,4,1179
E41750,40.46204,-79.9316249999999,Friendship,"Pittsburgh city (Allegheny, PA)",0.6267734485886199,4,1179
E70365,40.46063,-79.924998,East Liberty,"Pittsburgh city (Allegheny, PA)",0.6268892781915508,3,643
E70423,40.4625509999999,-79.9244479999999,East Liberty,"Pittsburgh city (Allegheny, PA)",0.6268892781915508,3,643
E29150,40.465361,-79.9230989999999,East Liberty,"Pittsburgh city (Allegheny, PA)",0.6268892781915508,3,643
E15980,40.457652,-79.91732,East Liberty,"Pittsburgh city (Allegheny, PA)",0.6271540341364535,4,1058
E70209,40.4585069999999,-79.9166259999999,East Liberty,"Pittsburgh city (Allegheny, PA)",0.6271540341364535,4,1058
E42010,40.4619819999999,-79.9315519999999,East Liberty,"Pittsburgh city (Allegheny, PA)",0.6273641085320228,4,1169
E41890,40.4632069999999,-79.930756,East Liberty,"Pittsburgh city (Allegheny, PA)",0.6273641085320228,4,1169
E36098,40.472931,-79.8889659999999,Lincoln-Lemington-Belmar,"Pittsburgh city (Allegheny, PA)",0.6275428582478214,3,473
E15970,40.4596689999999,-79.915828,Larimer,"Pittsburgh city (Allegheny, PA)",0.6278165220461065,4,1048
E15950,40.458052,-79.9166349999999,Larimer,"Pittsburgh city (Allegheny, PA)",0.6278165220461065,4,1048
E15960,40.4606169999999,-79.915665,Larimer,"Pittsburgh city (Allegheny, PA)",0.6281840980766928,5,1053
E35350,40.460582,-79.9469119999999,Bloomfield,"Pittsburgh city (Allegheny, PA)",0.628733734939759,1,247
E42960,40.452835,-79.8852619999999,Homewood South,"Pittsburgh city (Allegheny, PA)",0.628733734939759,1,247
E42860,40.455001,-79.885891,East Hills,"Pittsburgh city (Allegheny, PA)",0.628733734939759,1,247
E42880,40.4518849999999,-79.8848349999999,Homewood South,"Pittsburgh city (Allegheny, PA)",0.628733734939759,1,247
E42850,40.454318,-79.885782,Homewood South,"Pittsburgh city (Allegheny, PA)",0.628733734939759,1,247
E35360,40.459969,-79.945756,Bloomfield,"Pittsburgh city (Allegheny, PA)",0.628733734939759,1,247
E42920,40.4539249999999,-79.885575,East Hills,"Pittsburgh city (Allegheny, PA)",0.628733734939759,1,247
E42900,40.4531589999999,-79.8854529999999,Homewood South,"Pittsburgh city (Allegheny, PA)",0.628733734939759,1,247
E42240,40.421275,-79.885996,,"Swissvale borough (Allegheny, PA)",0.628766945167605,3,597
E56560,40.4222019999999,-79.886139,,"Swissvale borough (Allegheny, PA)",0.628766945167605,3,597
E59580,40.41902,-79.8841939999999,,"Swissvale borough (Allegheny, PA)",0.628766945167605,3,597
E42250,40.420642,-79.885351,,"Swissvale borough (Allegheny, PA)",0.628766945167605,3,597
E59650,40.4180989999999,-79.882518,,"Swissvale borough (Allegheny, PA)",0.628766945167605,3,597
E59630,40.4170689999999,-79.880779,,"Swissvale borough (Allegheny, PA)",0.628766945167605,3,597
E59620,40.415489,-79.877193,,"Swissvale borough (Allegheny, PA)",0.628766945167605,3,597
E70007,40.415644,-79.878263,,"Swissvale borough (Allegheny, PA)",0.628766945167605,3,597
W20442,40.4535589999999,-80.171974,,"Robinson township (Allegheny, PA)",0.6288128632734246,2,376
E13940,40.444392,-79.9786519999999,Middle Hill,"Pittsburgh city (Allegheny, PA)",0.6288574747000568,2,559
E13430,40.4450119999999,-79.9774189999999,Middle Hill,"Pittsburgh city (Allegheny, PA)",0.6288574747000568,2,559
E13440,40.444974,-79.977283,Middle Hill,"Pittsburgh city (Allegheny, PA)",0.6288574747000568,2,559
E13580,40.445255,-79.976341,Middle Hill,"Pittsburgh city (Allegheny, PA)",0.6288574747000568,2,559
E13390,40.4437349999999,-79.980277,Middle Hill,"Pittsburgh city (Allegheny, PA)",0.6288574747000568,2,559
E13450,40.44449,-79.978661,Middle Hill,"Pittsburgh city (Allegheny, PA)",0.6288574747000568,2,559
E59640,40.417158,-79.881084,,"Swissvale borough (Allegheny, PA)",0.6294996877876956,3,602
E59660,40.4181549999999,-79.8827629999999,,"Swissvale borough (Allegheny, PA)",0.6294996877876956,3,602
E59590,40.4191259999999,-79.8844079999999,,"Swissvale borough (Allegheny, PA)",0.6294996877876956,3,602
E70000,40.4157769999999,-79.87873,,"Swissvale borough (Allegheny, PA)",0.6294996877876956,3,602
E42220,40.4202719999999,-79.8848059999999,,"Swissvale borough (Allegheny, PA)",0.6294996877876956,3,602
E59610,40.4153889999999,-79.876907,,"Swissvale borough (Allegheny, PA)",0.6294996877876956,3,602
E56550,40.422234,-79.8862529999999,,"Swissvale borough (Allegheny, PA)",0.6294996877876956,3,602
E42230,40.4214729999999,-79.886291,,"Swissvale borough (Allegheny, PA)",0.6294996877876956,3,602
E13610,40.4521579999999,-79.950978,North Oakland,"Pittsburgh city (Allegheny, PA)",0.6306813176284563,4,1486
E13720,40.452505,-79.9498179999999,North Oakland,"Pittsburgh city (Allegheny, PA)",0.6306813176284563,4,1486
E14020,40.4526899999999,-79.9495409999999,Bloomfield,"Pittsburgh city (Allegheny, PA)",0.6307058827400405,4,1487
E13600,40.452328,-79.9507069999999,North Oakland,"Pittsburgh city (Allegheny, PA)",0.6307058827400405,4,1487
E13795,40.4570289999999,-79.934679,Shadyside,"Pittsburgh city (Allegheny, PA)",0.630749630082098,5,1659
E13480,40.456622,-79.936379,Friendship,"Pittsburgh city (Allegheny, PA)",0.630749630082098,5,1659
E13170,40.4560889999999,-79.9381779999999,Bloomfield,"Pittsburgh city (Allegheny, PA)",0.630749630082098,5,1659
E13490,40.4564749999999,-79.936554,Shadyside,"Pittsburgh city (Allegheny, PA)",0.630749630082098,5,1659
E01990,40.450439,-79.9275379999999,Squirrel Hill North,"Pittsburgh city (Allegheny, PA)",0.631975592112981,4,1265
E01930,40.4510849999999,-79.9259289999999,Squirrel Hill North,"Pittsburgh city (Allegheny, PA)",0.631975592112981,4,1265
P02270,40.44176,-80.002497,Central Business District,"Pittsburgh city (Allegheny, PA)",0.6321474772565139,15,1390
N71309,40.491359,-79.9697589999999,,"Shaler township (Allegheny, PA)",0.6322256097560975,1,105
N38150,40.526876,-80.007564,,"Ross township (Allegheny, PA)",0.6322256097560975,1,105
N71337,40.4855659999999,-79.9723529999999,,"Millvale borough (Allegheny, PA)",0.6322256097560975,1,105
N18843,40.479531,-79.9682779999999,,"Shaler township (Allegheny, PA)",0.6322256097560975,1,105
N40830,40.494284,-79.956618,,"Shaler township (Allegheny, PA)",0.6322256097560975,1,105
N40810,40.494162,-79.962905,,"Shaler township (Allegheny, PA)",0.6322256097560975,1,105
N70102,40.494289,-79.958847,,"Shaler township (Allegheny, PA)",0.6322256097560975,1,105
N18743,40.489246,-79.972206,,"Millvale borough (Allegheny, PA)",0.6322256097560975,1,105
N18842,40.480192,-79.9697989999999,,"Millvale borough (Allegheny, PA)",0.6322256097560975,1,105
N70011,40.523864,-80.006714,,"Ross township (Allegheny, PA)",0.6322256097560975,1,105
N18740,40.489175,-79.9721499999999,,"Millvale borough (Allegheny, PA)",0.6322256097560975,1,105
N18840,40.4872209999999,-79.97271,,"Millvale borough (Allegheny, PA)",0.6322256097560975,1,105
N29120,40.494219,-79.958796,,"Shaler township (Allegheny, PA)",0.6322256097560975,1,105
N18841,40.485601,-79.972217,,"Millvale borough (Allegheny, PA)",0.6322256097560975,1,105
N71303,40.491343,-79.969569,,"Shaler township (Allegheny, PA)",0.6322256097560975,1,105
N40850,40.4938009999999,-79.952087,,"Etna borough (Allegheny, PA)",0.6322256097560975,1,105
N40740,40.494351,-79.956596,,"Shaler township (Allegheny, PA)",0.6322256097560975,1,105
N18745,40.4901759999999,-79.971767,,"Millvale borough (Allegheny, PA)",0.6322256097560975,1,105
N38170,40.5255179999999,-80.007163,,"Ross township (Allegheny, PA)",0.6322256097560975,1,105
N18985,40.4904659999999,-79.971754,,"Millvale borough (Allegheny, PA)",0.6322256097560975,1,105
N40800,40.49374,-79.9516299999999,,"Etna borough (Allegheny, PA)",0.6322256097560975,1,105
N18747,40.4880679999999,-79.9726869999999,,"Millvale borough (Allegheny, PA)",0.6322256097560975,1,105
N19015,40.487126,-79.9726189999999,,"Millvale borough (Allegheny, PA)",0.6322256097560975,1,105
N49090,40.493971,-79.963524,,"Shaler township (Allegheny, PA)",0.6322256097560975,1,105
E01090,40.451301,-79.925696,Shadyside,"Pittsburgh city (Allegheny, PA)",0.6323263984438385,4,1255
E01350,40.450605,-79.927407,Shadyside,"Pittsburgh city (Allegheny, PA)",0.6323263984438385,4,1255
E45880,40.458198,-79.918378,East Liberty,"Pittsburgh city (Allegheny, PA)",0.6328325130240927,8,1944
E46460,40.4592359999999,-79.9200969999999,Shadyside,"Pittsburgh city (Allegheny, PA)",0.6332208646881013,8,1934
E45890,40.458359,-79.9187929999999,Shadyside,"Pittsburgh city (Allegheny, PA)",0.6332208646881013,8,1934
E35850,40.473004,-79.8887799999999,Lincoln-Lemington-Belmar,"Pittsburgh city (Allegheny, PA)",0.6339535153549916,2,494
P02550,40.4425,-79.999419,Central Business District,"Pittsburgh city (Allegheny, PA)",0.6340973609953255,16,1390
E01870,40.4419019999999,-79.958443,West Oakland,"Pittsburgh city (Allegheny, PA)",0.6342308505821584,16,4745
E01000,40.44397,-79.9556599999999,North Oakland,"Pittsburgh city (Allegheny, PA)",0.6342308505821584,16,4745
E70991,40.442638,-79.99097,Crawford-Roberts,"Pittsburgh city (Allegheny, PA)",0.6350155412501188,3,739
E70992,40.441873,-79.989136,Crawford-Roberts,"Pittsburgh city (Allegheny, PA)",0.6350155412501188,3,739
P70032,40.438971,-79.991088,Crawford-Roberts,"Pittsburgh city (Allegheny, PA)",0.6350155412501188,3,739
P70034,40.438637,-79.9969509999999,Central Business District,"Pittsburgh city (Allegheny, PA)",0.6350155412501188,3,739
E13745,40.4422929999999,-79.983136,Crawford-Roberts,"Pittsburgh city (Allegheny, PA)",0.6350155412501188,3,739
E13510,40.4424149999999,-79.98264,Crawford-Roberts,"Pittsburgh city (Allegheny, PA)",0.6350155412501188,3,739
E70993,40.4426139999999,-79.9873259999999,Crawford-Roberts,"Pittsburgh city (Allegheny, PA)",0.6350155412501188,3,739
E70429,40.443102,-79.981222,Crawford-Roberts,"Pittsburgh city (Allegheny, PA)",0.6350155412501188,3,739
P70033,40.4386939999999,-79.993403,Bluff,"Pittsburgh city (Allegheny, PA)",0.6350155412501188,3,739
E13385,40.44324,-79.9807409999999,Crawford-Roberts,"Pittsburgh city (Allegheny, PA)",0.6350155412501188,3,739
E13500,40.442571,-79.982461,Crawford-Roberts,"Pittsburgh city (Allegheny, PA)",0.6350155412501188,3,739
E10900,40.415666,-79.92516,Hazelwood,"Pittsburgh city (Allegheny, PA)",0.635598906741399,5,1142
E10950,40.4153159999999,-79.9246169999999,Squirrel Hill South,"Pittsburgh city (Allegheny, PA)",0.6357705641158207,5,1147
E25368,40.4253539999999,-79.9437769999999,Greenfield,"Pittsburgh city (Allegheny, PA)",0.6357781222166667,3,332
E25357,40.425718,-79.9497539999999,Greenfield,"Pittsburgh city (Allegheny, PA)",0.6357781222166667,3,332
E25355,40.4261699999999,-79.939998,Greenfield,"Pittsburgh city (Allegheny, PA)",0.6357781222166667,3,332
E25370,40.4258829999999,-79.941162,Greenfield,"Pittsburgh city (Allegheny, PA)",0.6357781222166667,3,332
E25339,40.425372,-79.945104,Greenfield,"Pittsburgh city (Allegheny, PA)",0.6357781222166667,3,332
E08092,40.4353059999999,-79.956682,Central Oakland,"Pittsburgh city (Allegheny, PA)",0.6357781222166667,3,332
E25353,40.425535,-79.9426059999999,Greenfield,"Pittsburgh city (Allegheny, PA)",0.6357781222166667,3,332
E25371,40.425297,-79.9475429999999,Greenfield,"Pittsburgh city (Allegheny, PA)",0.6357781222166667,3,332
E41110,40.434911,-79.922897,Squirrel Hill South,"Pittsburgh city (Allegheny, PA)",0.6359853376964545,4,1160
E41090,40.4361329999999,-79.922916,Squirrel Hill South,"Pittsburgh city (Allegheny, PA)",0.6359853376964545,4,1160
E41100,40.4362089999999,-79.922831,Squirrel Hill South,"Pittsburgh city (Allegheny, PA)",0.6359853376964545,4,1160
E41140,40.437173,-79.922999,Squirrel Hill South,"Pittsburgh city (Allegheny, PA)",0.6359853376964545,4,1160
E01940,40.4379619999999,-79.963795,West Oakland,"Pittsburgh city (Allegheny, PA)",0.6360907646482057,16,4824
E08091,40.435063,-79.9565929999999,South Oakland,"Pittsburgh city (Allegheny, PA)",0.6360948488938196,3,327
E25352,40.4258329999999,-79.9410919999999,Greenfield,"Pittsburgh city (Allegheny, PA)",0.6360948488938196,3,327
E25346,40.4260829999999,-79.940054,Greenfield,"Pittsburgh city (Allegheny, PA)",0.6360948488938196,3,327
E08120,40.4357809999999,-79.960915,South Oakland,"Pittsburgh city (Allegheny, PA)",0.6360948488938196,3,327
E25347,40.4256409999999,-79.949668,Greenfield,"Pittsburgh city (Allegheny, PA)",0.6360948488938196,3,327
E25367,40.425299,-79.943942,Greenfield,"Pittsburgh city (Allegheny, PA)",0.6360948488938196,3,327
E08185,40.435796,-79.958325,South Oakland,"Pittsburgh city (Allegheny, PA)",0.6360948488938196,3,327
E25363,40.4251999999999,-79.9453759999999,Greenfield,"Pittsburgh city (Allegheny, PA)",0.6360948488938196,3,327
E70142,40.425356,-79.9481509999999,Greenfield,"Pittsburgh city (Allegheny, PA)",0.6360948488938196,3,327
E01730,40.443268,-79.956494,North Oakland,"Pittsburgh city (Allegheny, PA)",0.6362348743818692,18,5116
E01050,40.439483,-79.9616979999999,West Oakland,"Pittsburgh city (Allegheny, PA)",0.6362348743818692,18,5116
E01710,40.44574,-79.953102,North Oakland,"Pittsburgh city (Allegheny, PA)",0.6362348743818692,18,5116
E05520,40.4616029999999,-79.9270999999999,East Liberty,"Pittsburgh city (Allegheny, PA)",0.6365988247348626,4,873
N31590,40.495638,-79.9383469999999,,"Sharpsburg borough (Allegheny, PA)",0.6366007894930799,2,614
N31420,40.494494,-79.927422,,"Sharpsburg borough (Allegheny, PA)",0.6366007894930799,2,614
N31470,40.493679,-79.915704,,"Sharpsburg borough (Allegheny, PA)",0.6366007894930799,2,614
N31460,40.4940849999999,-79.9179759999999,,"Sharpsburg borough (Allegheny, PA)",0.6366007894930799,2,614
N31440,40.494705,-79.925229,,"Sharpsburg borough (Allegheny, PA)",0.6366007894930799,2,614
N31530,40.4946619999999,-79.934381,,"Sharpsburg borough (Allegheny, PA)",0.6366007894930799,2,614
N31480,40.49342,-79.914229,,"Sharpsburg borough (Allegheny, PA)",0.6366007894930799,2,614
N31570,40.494602,-79.932179,,"Sharpsburg borough (Allegheny, PA)",0.6366007894930799,2,614
N31760,40.4946389999999,-79.9334719999999,,"Sharpsburg borough (Allegheny, PA)",0.6366007894930799,2,614
N31610,40.494275,-79.9308659999999,,"Sharpsburg borough (Allegheny, PA)",0.6366007894930799,2,614
N31430,40.494604,-79.92623,,"Sharpsburg borough (Allegheny, PA)",0.6366007894930799,2,614
N31580,40.4953179999999,-79.937477,,"Sharpsburg borough (Allegheny, PA)",0.6366007894930799,2,614
N31640,40.494731,-79.9230009999999,,"Sharpsburg borough (Allegheny, PA)",0.6366007894930799,2,614
N31410,40.4943579999999,-79.9296039999999,,"Sharpsburg borough (Allegheny, PA)",0.6366007894930799,2,614
N31510,40.4946929999999,-79.935699,,"Sharpsburg borough (Allegheny, PA)",0.6366007894930799,2,614
N31650,40.4944589999999,-79.92031,,"Sharpsburg borough (Allegheny, PA)",0.6366007894930799,2,614
N31450,40.494598,-79.9215169999999,,"Sharpsburg borough (Allegheny, PA)",0.6366007894930799,2,614
S30830,40.3526019999999,-79.8507879999999,,"McKeesport city (Allegheny, PA)",0.6366633576887127,5,885
S30590,40.3528579999999,-79.847932,,"McKeesport city (Allegheny, PA)",0.6366633576887127,5,885
S01620,40.353324,-79.846079,,"McKeesport city (Allegheny, PA)",0.6366633576887127,5,885
N31540,40.494596,-79.934724,,"Sharpsburg borough (Allegheny, PA)",0.6366969497502203,2,620
N31680,40.494494,-79.926529,,"Sharpsburg borough (Allegheny, PA)",0.6366969497502203,2,620
N31690,40.4946399999999,-79.9251529999999,,"Sharpsburg borough (Allegheny, PA)",0.6366969497502203,2,620
N31660,40.4943,-79.929416,,"Sharpsburg borough (Allegheny, PA)",0.6366969497502203,2,620
N31700,40.4946929999999,-79.9234359999999,,"Sharpsburg borough (Allegheny, PA)",0.6366969497502203,2,620
N31730,40.493651,-79.915963,,"Sharpsburg borough (Allegheny, PA)",0.6366969497502203,2,620
N31500,40.4955369999999,-79.9388469999999,,"Sharpsburg borough (Allegheny, PA)",0.6366969497502203,2,620
N31720,40.494031,-79.918107,,"Sharpsburg borough (Allegheny, PA)",0.6366969497502203,2,620
N31550,40.4945609999999,-79.9336639999999,,"Sharpsburg borough (Allegheny, PA)",0.6366969497502203,2,620
N31750,40.493369,-79.9144399999999,,"Sharpsburg borough (Allegheny, PA)",0.6366969497502203,2,620
N31770,40.494509,-79.9320539999999,,"Sharpsburg borough (Allegheny, PA)",0.6366969497502203,2,620
N31600,40.4952299999999,-79.937459,,"Sharpsburg borough (Allegheny, PA)",0.6366969497502203,2,620
N31620,40.49423,-79.930445,,"Sharpsburg borough (Allegheny, PA)",0.6366969497502203,2,620
N31780,40.4943219999999,-79.91991,,"Sharpsburg borough (Allegheny, PA)",0.6366969497502203,2,620
N31710,40.4945629999999,-79.921886,,"Sharpsburg borough (Allegheny, PA)",0.6366969497502203,2,620
N31520,40.494591,-79.935686,,"Sharpsburg borough (Allegheny, PA)",0.6366969497502203,2,620
N31670,40.494427,-79.927564,,"Sharpsburg borough (Allegheny, PA)",0.6366969497502203,2,620
E41230,40.433577,-79.9229169999999,Squirrel Hill South,"Pittsburgh city (Allegheny, PA)",0.6368781936851999,4,1183
E41250,40.4230919999999,-79.928628,Greenfield,"Pittsburgh city (Allegheny, PA)",0.6368781936851999,4,1183
E41270,40.4217879999999,-79.928753,Greenfield,"Pittsburgh city (Allegheny, PA)",0.6368781936851999,4,1183
E41160,40.4264399999999,-79.9273919999999,Greenfield,"Pittsburgh city (Allegheny, PA)",0.6368781936851999,4,1183
E41200,40.430171,-79.923505,Squirrel Hill South,"Pittsburgh city (Allegheny, PA)",0.6368781936851999,4,1183
E41350,40.427736,-79.925852,Squirrel Hill South,"Pittsburgh city (Allegheny, PA)",0.6368781936851999,4,1183
E41340,40.4325219999999,-79.9231879999999,Squirrel Hill South,"Pittsburgh city (Allegheny, PA)",0.6368781936851999,4,1183
E41260,40.4232919999999,-79.928685,Greenfield,"Pittsburgh city (Allegheny, PA)",0.6368781936851999,4,1183
E41280,40.4220359999999,-79.928915,Greenfield,"Pittsburgh city (Allegheny, PA)",0.6368781936851999,4,1183
E41210,40.420304,-79.9283989999999,Greenfield,"Pittsburgh city (Allegheny, PA)",0.6368781936851999,4,1183
E41380,40.425058,-79.9281299999999,Greenfield,"Pittsburgh city (Allegheny, PA)",0.6368781936851999,4,1183
E41370,40.424894,-79.9280729999999,Greenfield,"Pittsburgh city (Allegheny, PA)",0.6368781936851999,4,1183
E41300,40.4281069999999,-79.925165,Squirrel Hill South,"Pittsburgh city (Allegheny, PA)",0.6368781936851999,4,1183
E41240,40.4338529999999,-79.9230089999999,Squirrel Hill South,"Pittsburgh city (Allegheny, PA)",0.6368781936851999,4,1183
E41150,40.426386,-79.9276069999999,Greenfield,"Pittsburgh city (Allegheny, PA)",0.6368781936851999,4,1183
E41190,40.4298769999999,-79.9234029999999,Squirrel Hill South,"Pittsburgh city (Allegheny, PA)",0.6368781936851999,4,1183
E41290,40.428223,-79.924777,Squirrel Hill South,"Pittsburgh city (Allegheny, PA)",0.6368781936851999,4,1183
E41330,40.432237,-79.9230989999999,Squirrel Hill South,"Pittsburgh city (Allegheny, PA)",0.6368781936851999,4,1183
E41220,40.419851,-79.9283499999999,Greenfield,"Pittsburgh city (Allegheny, PA)",0.6368781936851999,4,1183
E41120,40.4346099999999,-79.92278,Squirrel Hill South,"Pittsburgh city (Allegheny, PA)",0.6368781936851999,4,1183
E41130,40.4275,-79.926342,Squirrel Hill South,"Pittsburgh city (Allegheny, PA)",0.6368781936851999,4,1183
E56020,40.4423749999999,-79.8777989999999,,"Wilkinsburg borough (Allegheny, PA)",0.6369755361730162,6,620
E55990,40.4435509999999,-79.8813459999999,,"Wilkinsburg borough (Allegheny, PA)",0.6369755361730162,6,620
E56000,40.442701,-79.878797,,"Wilkinsburg borough (Allegheny, PA)",0.6369755361730162,6,620
E56010,40.4431569999999,-79.8801809999999,,"Wilkinsburg borough (Allegheny, PA)",0.6369755361730162,6,620
E56030,40.444485,-79.884162,,"Wilkinsburg borough (Allegheny, PA)",0.637052335412109,7,675
E70444,40.4662879999999,-79.822766,,"Penn Hills township (Allegheny, PA)",0.6379180722891566,1,20
E37300,40.4543159999999,-79.837629,,"Penn Hills township (Allegheny, PA)",0.6379180722891566,1,55
E55070,40.46312,-79.802682,,"Penn Hills township (Allegheny, PA)",0.6379180722891566,1,20
E70345,40.501027,-79.792372,,"Penn Hills township (Allegheny, PA)",0.6379180722891566,1,15
N26832,40.525004,-79.838598,,"Oakmont borough (Allegheny, PA)",0.6379180722891566,1,15
E38160,40.469586,-79.7900709999999,,"Penn Hills township (Allegheny, PA)",0.6379180722891566,1,20
E70857,40.476891,-79.785674,,"Penn Hills township (Allegheny, PA)",0.6379180722891566,1,20
E37330,40.45609,-79.835977,,"Penn Hills township (Allegheny, PA)",0.6379180722891566,1,55
E55032,40.466121,-79.824354,,"Penn Hills township (Allegheny, PA)",0.6379180722891566,1,20
E30036,40.5132139999999,-79.8031979999999,,"Penn Hills township (Allegheny, PA)",0.6379180722891566,1,15
E70360,40.505901,-79.793119,,"Penn Hills township (Allegheny, PA)",0.6379180722891566,1,15
N26838,40.523865,-79.831764,,"Oakmont borough (Allegheny, PA)",0.6379180722891566,1,15
N26860,40.5239899999999,-79.8316439999999,,"Oakmont borough (Allegheny, PA)",0.6379180722891566,1,15
N26854,40.5259829999999,-79.82177,,"Plum borough (Allegheny, PA)",0.6379180722891566,1,15
N26862,40.524467,-79.828759,,"Oakmont borough (Allegheny, PA)",0.6379180722891566,1,15
E55020,40.475244,-79.786634,,"Penn Hills township (Allegheny, PA)",0.6379180722891566,1,20
E55130,40.4774529999999,-79.7852309999999,,"Penn Hills township (Allegheny, PA)",0.6379180722891566,1,20
E32695,40.4653789999999,-79.824506,,"Penn Hills township (Allegheny, PA)",0.6379180722891566,1,20
E70342,40.466925,-79.7987459999999,,"Penn Hills township (Allegheny, PA)",0.6379180722891566,1,20
E70430,40.5259909999999,-79.815426,,"Plum borough (Allegheny, PA)",0.6379180722891566,1,15
E70359,40.500973,-79.792096,,"Penn Hills township (Allegheny, PA)",0.6379180722891566,1,15
N26842,40.5243189999999,-79.828995,,"Oakmont borough (Allegheny, PA)",0.6379180722891566,1,15
E30045,40.5060119999999,-79.7931669999999,,"Penn Hills township (Allegheny, PA)",0.6379180722891566,1,15
E70279,40.463963,-79.800966,,"Penn Hills township (Allegheny, PA)",0.6379180722891566,1,20
E55100,40.4661809999999,-79.822564,,"Penn Hills township (Allegheny, PA)",0.6379180722891566,1,20
E37290,40.4590869999999,-79.8339979999999,,"Penn Hills township (Allegheny, PA)",0.6379180722891566,1,55
E37310,40.454351,-79.83749,,"Penn Hills township (Allegheny, PA)",0.6379180722891566,1,55
E70355,40.4693019999999,-79.79562,,"Penn Hills township (Allegheny, PA)",0.6379180722891566,1,20
E55045,40.4622829999999,-79.814749,,"Penn Hills township (Allegheny, PA)",0.6379180722891566,1,20
E37280,40.4588759999999,-79.8339699999999,,"Penn Hills township (Allegheny, PA)",0.6379180722891566,1,55
E55140,40.4605919999999,-79.804698,,"Penn Hills township (Allegheny, PA)",0.6379180722891566,1,20
N26852,40.525948,-79.8216709999999,,"Oakmont borough (Allegheny, PA)",0.6379180722891566,1,15
E37235,40.4623989999999,-79.833922,,"Penn Hills township (Allegheny, PA)",0.6379180722891566,1,55
E55135,40.4607889999999,-79.8046109999999,,"Penn Hills township (Allegheny, PA)",0.6379180722891566,1,20
E30126,40.513741,-79.8042339999999,,"Penn Hills township (Allegheny, PA)",0.6379180722891566,1,15
E70337,40.472025,-79.787754,,"Penn Hills township (Allegheny, PA)",0.6379180722891566,1,20
E55136,40.460368,-79.807214,,"Penn Hills township (Allegheny, PA)",0.6379180722891566,1,20
E55090,40.460306,-79.8069339999999,,"Penn Hills township (Allegheny, PA)",0.6379180722891566,1,20
N26858,40.523839,-79.8328539999999,,"Oakmont borough (Allegheny, PA)",0.6379180722891566,1,15
E38180,40.4734199999999,-79.787598,,"Penn Hills township (Allegheny, PA)",0.6379180722891566,1,20
E37320,40.455986,-79.8359829999999,,"Penn Hills township (Allegheny, PA)",0.6379180722891566,1,55
E55180,40.461235,-79.8129059999999,,"Penn Hills township (Allegheny, PA)",0.6379180722891566,1,20
E38170,40.470533,-79.7891769999999,,"Penn Hills township (Allegheny, PA)",0.6379180722891566,1,20
N26844,40.524735,-79.8270569999999,,"Oakmont borough (Allegheny, PA)",0.6379180722891566,1,15
E37220,40.45071,-79.843491,,"Penn Hills township (Allegheny, PA)",0.6379180722891566,1,55
E07500,40.446497,-79.84845,,"Churchill borough (Allegheny, PA)",0.6379180722891566,1,55
E70362,40.525955,-79.815246,,"Plum borough (Allegheny, PA)",0.6379180722891566,1,15
E55190,40.464579,-79.8203079999999,,"Penn Hills township (Allegheny, PA)",0.6379180722891566,1,20
N26836,40.5236969999999,-79.833183,,"Oakmont borough (Allegheny, PA)",0.6379180722891566,1,15
E70442,40.463897,-79.818413,,"Penn Hills township (Allegheny, PA)",0.6379180722891566,1,20
E70339,40.468995,-79.795811,,"Penn Hills township (Allegheny, PA)",0.6379180722891566,1,20
E70443,40.4646359999999,-79.820254,,"Penn Hills township (Allegheny, PA)",0.6379180722891566,1,20
N26856,40.525024,-79.838369,,"Oakmont borough (Allegheny, PA)",0.6379180722891566,1,15
E55080,40.467691,-79.7933989999999,,"Penn Hills township (Allegheny, PA)",0.6379180722891566,1,20
E07340,40.450651,-79.843744,,"Churchill borough (Allegheny, PA)",0.6379180722891566,1,55
E70363,40.494605,-79.7886239999999,,"Penn Hills township (Allegheny, PA)",0.6379180722891566,1,15
E70357,40.494525,-79.788432,,"Penn Hills township (Allegheny, PA)",0.6379180722891566,1,15
E30125,40.513655,-79.8041989999999,,"Penn Hills township (Allegheny, PA)",0.6379180722891566,1,15
E37230,40.464959,-79.832637,,"Penn Hills township (Allegheny, PA)",0.6379180722891566,1,55
E55160,40.4637999999999,-79.818213,,"Penn Hills township (Allegheny, PA)",0.6379180722891566,1,20
E70346,40.498496,-79.790011,,"Penn Hills township (Allegheny, PA)",0.6379180722891566,1,15
N26864,40.5248149999999,-79.826986,,"Plum borough (Allegheny, PA)",0.6379180722891566,1,15
E70336,40.475344,-79.7866599999999,,"Penn Hills township (Allegheny, PA)",0.6379180722891566,1,20
E55025,40.461216,-79.812707,,"Penn Hills township (Allegheny, PA)",0.6379180722891566,1,20
E70341,40.466939,-79.798844,,"Penn Hills township (Allegheny, PA)",0.6379180722891566,1,20
E70434,40.498707,-79.790045,,"Penn Hills township (Allegheny, PA)",0.6379180722891566,1,15
E55040,40.4605359999999,-79.811485,,"Penn Hills township (Allegheny, PA)",0.6379180722891566,1,20
E07350,40.446755,-79.8484799999999,,"Churchill borough (Allegheny, PA)",0.6379180722891566,1,55
E70441,40.4636039999999,-79.8166889999999,,"Penn Hills township (Allegheny, PA)",0.6379180722891566,1,20
E38200,40.4684839999999,-79.7911079999999,,"Penn Hills township (Allegheny, PA)",0.6379180722891566,1,20
E55050,40.4621709999999,-79.8147199999999,,"Penn Hills township (Allegheny, PA)",0.6379180722891566,1,20
E26831,40.527034,-79.816721,,"Plum borough (Allegheny, PA)",0.6379180722891566,1,15
E70445,40.4639239999999,-79.800888,,"Penn Hills township (Allegheny, PA)",0.6379180722891566,1,20
E38100,40.471881,-79.7877139999999,,"Penn Hills township (Allegheny, PA)",0.6379180722891566,1,20
E30035,40.5133939999999,-79.8034439999999,,"Penn Hills township (Allegheny, PA)",0.6379180722891566,1,15
E37250,40.46217,-79.833965,,"Penn Hills township (Allegheny, PA)",0.6379180722891566,1,55
E37260,40.4655649999999,-79.832209,,"Penn Hills township (Allegheny, PA)",0.6379180722891566,1,55
E37240,40.464108,-79.832993,,"Penn Hills township (Allegheny, PA)",0.6379180722891566,1,55
E70338,40.4684299999999,-79.791269,,"Penn Hills township (Allegheny, PA)",0.6379180722891566,1,20
E55035,40.460517,-79.8112469999999,,"Penn Hills township (Allegheny, PA)",0.6379180722891566,1,20
E55065,40.463295,-79.802536,,"Penn Hills township (Allegheny, PA)",0.6379180722891566,1,20
N19550,40.5551839999999,-79.9713859999999,,"Hampton township (Allegheny, PA)",0.6381056402439024,2,120
N19700,40.5612369999999,-79.987555,,"Hampton township (Allegheny, PA)",0.6381056402439024,2,120
N12360,40.4976699999999,-79.943859,,"Etna borough (Allegheny, PA)",0.6381056402439024,2,120
N35950,40.510899,-79.956952,,"Shaler township (Allegheny, PA)",0.6381056402439024,2,120
N36450,40.544603,-79.9723259999999,,"Shaler township (Allegheny, PA)",0.6381056402439024,2,120
N19610,40.557968,-79.9752399999999,,"Hampton township (Allegheny, PA)",0.6381056402439024,2,120
N24120,40.508453,-79.95202,,"Etna borough (Allegheny, PA)",0.6381056402439024,2,120
N36540,40.541268,-79.972272,,"Shaler township (Allegheny, PA)",0.6381056402439024,2,120
N41160,40.5590049999999,-80.015308,,"McCandless township (Allegheny, PA)",0.6381056402439024,2,120
N24150,40.5041409999999,-79.9490459999999,,"Etna borough (Allegheny, PA)",0.6381056402439024,2,120
N36550,40.5228449999999,-79.9602309999999,,"Shaler township (Allegheny, PA)",0.6381056402439024,2,120
N19690,40.55785,-79.975678,,"Hampton township (Allegheny, PA)",0.6381056402439024,2,120
N36740,40.537922,-79.9721069999999,,"Shaler township (Allegheny, PA)",0.6381056402439024,2,120
N19545,40.5571169999999,-79.973527,,"Hampton township (Allegheny, PA)",0.6381056402439024,2,120
N35765,40.55433,-79.971164,,"Hampton township (Allegheny, PA)",0.6381056402439024,2,120
N36050,40.534672,-79.9697819999999,,"Shaler township (Allegheny, PA)",0.6381056402439024,2,120
N19560,40.5556839999999,-79.9718019999999,,"Hampton township (Allegheny, PA)",0.6381056402439024,2,120
N19520,40.565075,-79.995804,,"McCandless township (Allegheny, PA)",0.6381056402439024,2,120
N16664,40.566636,-80.003578,,"McCandless township (Allegheny, PA)",0.6381056402439024,2,120
N19590,40.5637949999999,-79.9900209999999,,"McCandless township (Allegheny, PA)",0.6381056402439024,2,120
N41250,40.5573529999999,-80.01766,,"McCandless township (Allegheny, PA)",0.6381056402439024,2,120
N24005,40.5067499999999,-79.950894,,"Etna borough (Allegheny, PA)",0.6381056402439024,2,120
N35700,40.551157,-79.9715149999999,,"Shaler township (Allegheny, PA)",0.6381056402439024,2,120
N23970,40.508183,-79.951881,,"Etna borough (Allegheny, PA)",0.6381056402439024,2,120
N19530,40.564919,-79.9928429999999,,"McCandless township (Allegheny, PA)",0.6381056402439024,2,120
N16744,40.5660159999999,-80.0016679999999,,"McCandless township (Allegheny, PA)",0.6381056402439024,2,120
N36080,40.512321,-79.95802,,"Shaler township (Allegheny, PA)",0.6381056402439024,2,120
N36440,40.518965,-79.9589469999999,,"Shaler township (Allegheny, PA)",0.6381056402439024,2,120
N24110,40.5042079999999,-79.9492489999999,,"Etna borough (Allegheny, PA)",0.6381056402439024,2,120
N35650,40.519035,-79.9590149999999,,"Shaler township (Allegheny, PA)",0.6381056402439024,2,120
N40920,40.5671699999999,-80.0070439999999,,"McCandless township (Allegheny, PA)",0.6381056402439024,2,120
N35930,40.536852,-79.9714989999999,,"Shaler township (Allegheny, PA)",0.6381056402439024,2,120
N36055,40.528064,-79.964577,,"Shaler township (Allegheny, PA)",0.6381056402439024,2,120
N12420,40.497897,-79.9439529999999,,"Etna borough (Allegheny, PA)",0.6381056402439024,2,120
N16742,40.566602,-80.003709,,"McCandless township (Allegheny, PA)",0.6381056402439024,2,120
N36500,40.5465099999999,-79.9723379999999,,"Shaler township (Allegheny, PA)",0.6381056402439024,2,120
N36290,40.515911,-79.9591219999999,,"Shaler township (Allegheny, PA)",0.6381056402439024,2,120
N35900,40.522548,-79.9600169999999,,"Shaler township (Allegheny, PA)",0.6381056402439024,2,120
N36530,40.550249,-79.9715269999999,,"Shaler township (Allegheny, PA)",0.6381056402439024,2,120
N35740,40.546607,-79.9723929999999,,"Shaler township (Allegheny, PA)",0.6381056402439024,2,120
N36570,40.5356189999999,-79.9704399999999,,"Shaler township (Allegheny, PA)",0.6381056402439024,2,120
N35670,40.5265729999999,-79.9635279999999,,"Shaler township (Allegheny, PA)",0.6381056402439024,2,120
N35820,40.517538,-79.9589519999999,,"Shaler township (Allegheny, PA)",0.6381056402439024,2,120
N19675,40.557043,-79.9733439999999,,"Hampton township (Allegheny, PA)",0.6381056402439024,2,120
N19680,40.557392,-79.978424,,"Hampton township (Allegheny, PA)",0.6381056402439024,2,120
N24095,40.5020189999999,-79.946954,,"Etna borough (Allegheny, PA)",0.6381056402439024,2,120
N35940,40.510693,-79.9568929999999,,"Shaler township (Allegheny, PA)",0.6381056402439024,2,120
N71256,40.565775,-79.998152,,"McCandless township (Allegheny, PA)",0.6381056402439024,2,120
N19660,40.565221,-79.994646,,"McCandless township (Allegheny, PA)",0.6381056402439024,2,120
N36370,40.521357,-79.9596319999999,,"Shaler township (Allegheny, PA)",0.6381056402439024,2,120
N35660,40.545101,-79.97242,,"Shaler township (Allegheny, PA)",0.6381056402439024,2,120
N19670,40.5581699999999,-79.984757,,"Hampton township (Allegheny, PA)",0.6381056402439024,2,120
N36220,40.5294329999999,-79.965556,,"Shaler township (Allegheny, PA)",0.6381056402439024,2,120
N36085,40.5123049999999,-79.9579329999999,,"Shaler township (Allegheny, PA)",0.6381056402439024,2,120
N35990,40.5326239999999,-79.968151,,"Shaler township (Allegheny, PA)",0.6381056402439024,2,120
N36520,40.524622,-79.96201,,"Shaler township (Allegheny, PA)",0.6381056402439024,2,120
N36380,40.5324669999999,-79.967928,,"Shaler township (Allegheny, PA)",0.6381056402439024,2,120
N19540,40.558149,-79.9848489999999,,"Hampton township (Allegheny, PA)",0.6381056402439024,2,120
N36650,40.542723,-79.972288,,"Shaler township (Allegheny, PA)",0.6381056402439024,2,120
N19600,40.563859,-79.9899819999999,,"McCandless township (Allegheny, PA)",0.6381056402439024,2,120
N12410,40.4965649999999,-79.9441099999999,,"Etna borough (Allegheny, PA)",0.6381056402439024,2,120
N16520,40.5669619999999,-80.004952,,"McCandless township (Allegheny, PA)",0.6381056402439024,2,120
N36200,40.539237,-79.9722969999999,,"Shaler township (Allegheny, PA)",0.6381056402439024,2,120
N24130,40.502042,-79.9467669999999,,"Etna borough (Allegheny, PA)",0.6381056402439024,2,120
N36390,40.5379149999999,-79.972177,,"Shaler township (Allegheny, PA)",0.6381056402439024,2,120
N36300,40.5157949999999,-79.9590769999999,,"Shaler township (Allegheny, PA)",0.6381056402439024,2,120
N19580,40.557338,-79.9787709999999,,"Hampton township (Allegheny, PA)",0.6381056402439024,2,120
N41090,40.5611579999999,-80.013202,,"McCandless township (Allegheny, PA)",0.6381056402439024,2,120
N36600,40.5344509999999,-79.9695279999999,,"Shaler township (Allegheny, PA)",0.6381056402439024,2,120
N36730,40.5140389999999,-79.9590259999999,,"Shaler township (Allegheny, PA)",0.6381056402439024,2,120
N36560,40.5367359999999,-79.9713519999999,,"Shaler township (Allegheny, PA)",0.6381056402439024,2,120
N35890,40.541251,-79.972346,,"Shaler township (Allegheny, PA)",0.6381056402439024,2,120
N36210,40.5296689999999,-79.965828,,"Shaler township (Allegheny, PA)",0.6381056402439024,2,120
N24100,40.505177,-79.9499509999999,,"Etna borough (Allegheny, PA)",0.6381056402439024,2,120
N36690,40.539102,-79.97221,,"Shaler township (Allegheny, PA)",0.6381056402439024,2,120
N24002,40.50679,-79.951019,,"Etna borough (Allegheny, PA)",0.6381056402439024,2,120
N19640,40.561745,-79.987548,,"Hampton township (Allegheny, PA)",0.6381056402439024,2,120
N41020,40.5572689999999,-80.017633,,"McCandless township (Allegheny, PA)",0.6381056402439024,2,120
N36340,40.535901,-79.9707549999999,,"Shaler township (Allegheny, PA)",0.6381056402439024,2,120
N12580,40.498846,-79.943781,,"Etna borough (Allegheny, PA)",0.6381056402439024,2,120
N36502,40.554467,-79.9712339999999,,"Hampton township (Allegheny, PA)",0.6381056402439024,2,120
N36350,40.5249019999999,-79.9622569999999,,"Shaler township (Allegheny, PA)",0.6381056402439024,2,120
N24140,40.5051229999999,-79.9498289999999,,"Etna borough (Allegheny, PA)",0.6381056402439024,2,120
N40870,40.558984,-80.0152199999999,,"McCandless township (Allegheny, PA)",0.6381056402439024,2,120
N35830,40.5213579999999,-79.959574,,"Shaler township (Allegheny, PA)",0.6381056402439024,2,120
N35920,40.549207,-79.971804,,"Shaler township (Allegheny, PA)",0.6381056402439024,2,120
N16662,40.566068,-80.0015899999999,,"McCandless township (Allegheny, PA)",0.6381056402439024,2,120
N19620,40.5648619999999,-79.992513,,"McCandless township (Allegheny, PA)",0.6381056402439024,2,120
N16720,40.566991,-80.004816,,"McCandless township (Allegheny, PA)",0.6381056402439024,2,120
N36100,40.5428289999999,-79.9723699999999,,"Shaler township (Allegheny, PA)",0.6381056402439024,2,120
N36360,40.514046,-79.959091,,"Shaler township (Allegheny, PA)",0.6381056402439024,2,120
N35810,40.5174829999999,-79.9590139999999,,"Shaler township (Allegheny, PA)",0.6381056402439024,2,120
N12480,40.4990239999999,-79.943899,,"Etna borough (Allegheny, PA)",0.6381056402439024,2,120
N36480,40.551102,-79.9714359999999,,"Shaler township (Allegheny, PA)",0.6381056402439024,2,120
N36460,40.526597,-79.96344,,"Shaler township (Allegheny, PA)",0.6381056402439024,2,120
N35850,40.5501989999999,-79.971457,,"Shaler township (Allegheny, PA)",0.6381056402439024,2,120
N35760,40.5492959999999,-79.97184,,"Shaler township (Allegheny, PA)",0.6381056402439024,2,120
N71257,40.565739,-79.998253,,"McCandless township (Allegheny, PA)",0.6381056402439024,2,120
E28620,40.419915,-79.9317159999999,Greenfield,"Pittsburgh city (Allegheny, PA)",0.6386156461462287,2,292
E28640,40.4197309999999,-79.929354,Greenfield,"Pittsburgh city (Allegheny, PA)",0.6386156461462287,2,292
E70837,40.43632,-79.962186,South Oakland,"Pittsburgh city (Allegheny, PA)",0.6386156461462287,2,292
E03290,40.427103,-79.939605,Greenfield,"Pittsburgh city (Allegheny, PA)",0.6386156461462287,2,292
E28630,40.419882,-79.930425,Greenfield,"Pittsburgh city (Allegheny, PA)",0.6386156461462287,2,292
E28610,40.419846,-79.931424,Greenfield,"Pittsburgh city (Allegheny, PA)",0.6386156461462287,2,292
E28590,40.419856,-79.932901,Greenfield,"Pittsburgh city (Allegheny, PA)",0.6386156461462287,2,292
E15580,40.4375829999999,-79.963749,South Oakland,"Pittsburgh city (Allegheny, PA)",0.6386156461462287,2,292
E28660,40.4197909999999,-79.932618,Hazelwood,"Pittsburgh city (Allegheny, PA)",0.6386156461462287,2,292
E10970,40.4138659999999,-79.922983,Squirrel Hill South,"Pittsburgh city (Allegheny, PA)",0.6388276071253441,6,1304
E38322,40.4316499999999,-79.791245,,"Monroeville municipality (Allegheny, PA)",0.638942360396872,2,288
E10920,40.4140239999999,-79.9230069999999,Squirrel Hill South,"Pittsburgh city (Allegheny, PA)",0.6389656877262165,6,1309
E46710,40.456136,-79.915602,Shadyside,"Pittsburgh city (Allegheny, PA)",0.6396133602736663,4,886
E70283,40.455992,-79.915142,Larimer,"Pittsburgh city (Allegheny, PA)",0.6396133602736663,4,886
E71002,40.4290489999999,-79.748998,,"Monroeville municipality (Allegheny, PA)",0.6404436461400439,3,302
E70454,40.4538719999999,-79.91315,Point Breeze,"Pittsburgh city (Allegheny, PA)",0.6406273711374488,2,623
E70453,40.453986,-79.913047,Shadyside,"Pittsburgh city (Allegheny, PA)",0.6406273711374488,2,623
E01890,40.453713,-79.9152069999999,Shadyside,"Pittsburgh city (Allegheny, PA)",0.6406273711374488,2,623
E01650,40.4529619999999,-79.920585,Shadyside,"Pittsburgh city (Allegheny, PA)",0.6406273711374488,2,623
E00950,40.4535419999999,-79.915543,Point Breeze,"Pittsburgh city (Allegheny, PA)",0.6406273711374488,2,623
E04450,40.43681,-79.873154,,"Wilkinsburg borough (Allegheny, PA)",0.6406297362671193,3,294
E52390,40.439024,-79.8763239999999,,"Wilkinsburg borough (Allegheny, PA)",0.6406297362671193,3,294
E70450,40.42873,-79.7969549999999,,"Monroeville municipality (Allegheny, PA)",0.6408262579959638,2,302
E38350,40.4319229999999,-79.79115,,"Monroeville municipality (Allegheny, PA)",0.6408262579959638,2,302
W70057,40.443815,-80.0660649999999,,"Ingram borough (Allegheny, PA)",0.6408268687888476,3,303
W70058,40.4357249999999,-80.0677429999999,,"Crafton borough (Allegheny, PA)",0.6408268687888476,3,303
W70060,40.4156369999999,-80.0828869999999,,"Carnegie borough (Allegheny, PA)",0.6408268687888476,3,303
W70059,40.4262629999999,-80.0727499999999,Oakwood,"Pittsburgh city (Allegheny, PA)",0.6408268687888476,3,303
W70056,40.4527069999999,-80.0529049999999,Sheraden,"Pittsburgh city (Allegheny, PA)",0.6408268687888476,3,303
E17289,40.443528,-79.886976,,"Wilkinsburg borough (Allegheny, PA)",0.641117961148631,6,695
E15660,40.449697,-79.950619,North Oakland,"Pittsburgh city (Allegheny, PA)",0.6411347939469281,4,1289
E15680,40.451709,-79.951836,North Oakland,"Pittsburgh city (Allegheny, PA)",0.6411347939469281,4,1289
E15730,40.447868,-79.949477,North Oakland,"Pittsburgh city (Allegheny, PA)",0.6411347939469281,4,1289
E15650,40.449869,-79.950854,North Oakland,"Pittsburgh city (Allegheny, PA)",0.6411550070047632,4,1290
E70804,40.4515529999999,-79.951881,North Oakland,"Pittsburgh city (Allegheny, PA)",0.6411550070047632,4,1290
E15620,40.4472579999999,-79.949188,North Oakland,"Pittsburgh city (Allegheny, PA)",0.6411550070047632,4,1290
N71286,40.5405909999999,-79.833954,,"Harmar township (Allegheny, PA)",0.6411590361445784,2,40
E48390,40.436802,-79.873568,,"Wilkinsburg borough (Allegheny, PA)",0.6417653647552103,3,313
E48370,40.4375939999999,-79.8778829999999,,"Wilkinsburg borough (Allegheny, PA)",0.6417653647552103,3,313
E48360,40.4370949999999,-79.8760989999999,,"Wilkinsburg borough (Allegheny, PA)",0.6417653647552103,3,313
E48405,40.438012,-79.879136,,"Wilkinsburg borough (Allegheny, PA)",0.6417653647552103,3,313
E49300,40.4267219999999,-79.938573,Greenfield,"Pittsburgh city (Allegheny, PA)",0.6419794945680658,5,457
E25349,40.425471,-79.942559,Greenfield,"Pittsburgh city (Allegheny, PA)",0.6419794945680658,5,457
E01570,40.437206,-79.971321,South Oakland,"Pittsburgh city (Allegheny, PA)",0.6419906689569845,3,1003
E01560,40.437404,-79.965384,South Oakland,"Pittsburgh city (Allegheny, PA)",0.6419906689569845,3,1003
E01910,40.436405,-79.9685819999999,South Oakland,"Pittsburgh city (Allegheny, PA)",0.6419906689569845,3,1003
E39909,40.428468,-79.791922,,"Monroeville municipality (Allegheny, PA)",0.6426162211529995,2,257
E46720,40.465712,-79.94785,Central Lawrenceville,"Pittsburgh city (Allegheny, PA)",0.6430156626506024,1,232
E45680,40.464632,-79.936695,Bloomfield,"Pittsburgh city (Allegheny, PA)",0.6430156626506024,1,232
E46220,40.4654529999999,-79.946577,Bloomfield,"Pittsburgh city (Allegheny, PA)",0.6430156626506024,1,232
E45975,40.4641209999999,-79.9326449999999,Friendship,"Pittsburgh city (Allegheny, PA)",0.6430156626506024,1,232
E45640,40.4662259999999,-79.9517969999999,Central Lawrenceville,"Pittsburgh city (Allegheny, PA)",0.6430156626506024,1,232
E46250,40.465322,-79.9451169999999,Garfield,"Pittsburgh city (Allegheny, PA)",0.6430156626506024,1,232
E45950,40.464751,-79.941276,Bloomfield,"Pittsburgh city (Allegheny, PA)",0.6430156626506024,1,232
E46280,40.4635,-79.930909,Friendship,"Pittsburgh city (Allegheny, PA)",0.6430156626506024,1,232
E45940,40.4647599999999,-79.9410019999999,Garfield,"Pittsburgh city (Allegheny, PA)",0.6430156626506024,1,232
E45960,40.4641469999999,-79.932353,Garfield,"Pittsburgh city (Allegheny, PA)",0.6430156626506024,1,232
E46210,40.4654969999999,-79.946348,Garfield,"Pittsburgh city (Allegheny, PA)",0.6430156626506024,1,232
E46610,40.4649709999999,-79.9429939999999,Bloomfield,"Pittsburgh city (Allegheny, PA)",0.6430156626506024,1,232
E46310,40.465679,-79.948183,Bloomfield,"Pittsburgh city (Allegheny, PA)",0.6430156626506024,1,232
E46600,40.464995,-79.942717,Garfield,"Pittsburgh city (Allegheny, PA)",0.6430156626506024,1,232
E45670,40.4647179999999,-79.936226,Garfield,"Pittsburgh city (Allegheny, PA)",0.6430156626506024,1,232
E46290,40.463414,-79.930203,East Liberty,"Pittsburgh city (Allegheny, PA)",0.6430156626506024,1,232
E45720,40.4645239999999,-79.938759,Bloomfield,"Pittsburgh city (Allegheny, PA)",0.6430156626506024,1,232
E46260,40.465297,-79.945355,Bloomfield,"Pittsburgh city (Allegheny, PA)",0.6430156626506024,1,232
E46000,40.4660999999999,-79.952368,Bloomfield,"Pittsburgh city (Allegheny, PA)",0.6430156626506024,1,232
N71241,40.609741,-79.744985,,"Brackenridge borough (Allegheny, PA)",0.6431036144578315,1,25
E56300,40.463186,-79.9058959999999,Larimer,"Pittsburgh city (Allegheny, PA)",0.6431036144578315,1,25
N21660,40.6249439999999,-79.7232329999999,,"Harrison township (Allegheny, PA)",0.6431036144578315,1,25
N41720,40.61316,-79.741656,,"Brackenridge borough (Allegheny, PA)",0.6431036144578315,1,25
N21310,40.6193359999999,-79.730541,,"Harrison township (Allegheny, PA)",0.6431036144578315,1,25
N04360,40.6099639999999,-79.740358,,"Brackenridge borough (Allegheny, PA)",0.6431036144578315,1,25
N21450,40.61567,-79.738702,,"Harrison township (Allegheny, PA)",0.6431036144578315,1,25
E56360,40.4740019999999,-79.9082049999999,Lincoln-Lemington-Belmar,"Pittsburgh city (Allegheny, PA)",0.6431036144578315,1,25
N21480,40.620925,-79.728594,,"Harrison township (Allegheny, PA)",0.6431036144578315,1,25
N15630,40.602932,-79.7523939999999,,"Tarentum borough (Allegheny, PA)",0.6431036144578315,1,25
N04200,40.604916,-79.7534639999999,,"Tarentum borough (Allegheny, PA)",0.6431036144578315,1,25
N22405,40.634537,-79.7133759999999,,"Harrison township (Allegheny, PA)",0.6431036144578315,1,25
N04310,40.609467,-79.7420649999999,,"Brackenridge borough (Allegheny, PA)",0.6431036144578315,1,25
N41630,40.6115429999999,-79.7406699999999,,"Brackenridge borough (Allegheny, PA)",0.6431036144578315,1,25
N21895,40.6360579999999,-79.7123459999999,,"Harrison township (Allegheny, PA)",0.6431036144578315,1,25
N71248,40.6090769999999,-79.744358,,"Brackenridge borough (Allegheny, PA)",0.6431036144578315,1,25
N71244,40.600017,-79.752666,,"Tarentum borough (Allegheny, PA)",0.6431036144578315,1,25
N20790,40.629697,-79.718271,,"Harrison township (Allegheny, PA)",0.6431036144578315,1,25
N04340,40.6099269999999,-79.74015,,"Brackenridge borough (Allegheny, PA)",0.6431036144578315,1,25
E56400,40.460079,-79.9070739999999,Larimer,"Pittsburgh city (Allegheny, PA)",0.6431036144578315,1,25
N21715,40.623707,-79.724534,,"Harrison township (Allegheny, PA)",0.6431036144578315,1,25
N71246,40.6004039999999,-79.7570309999999,,"Tarentum borough (Allegheny, PA)",0.6431036144578315,1,25
N04260,40.6076089999999,-79.7474749999999,,"Brackenridge borough (Allegheny, PA)",0.6431036144578315,1,25
N21460,40.6154909999999,-79.738793,,"Brackenridge borough (Allegheny, PA)",0.6431036144578315,1,25
N71243,40.6013019999999,-79.751293,,"Tarentum borough (Allegheny, PA)",0.6431036144578315,1,25
N41700,40.6108819999999,-79.7404939999999,,"Brackenridge borough (Allegheny, PA)",0.6431036144578315,1,25
N71247,40.6043,-79.7531039999999,,"Tarentum borough (Allegheny, PA)",0.6431036144578315,1,25
N70097,40.6490549999999,-79.7087999999999,,"Harrison township (Allegheny, PA)",0.6431036144578315,1,25
N15640,40.603119,-79.75256,,"Tarentum borough (Allegheny, PA)",0.6431036144578315,1,25
N71242,40.602372,-79.7521569999999,,"Tarentum borough (Allegheny, PA)",0.6431036144578315,1,25
N41620,40.611679,-79.740818,,"Brackenridge borough (Allegheny, PA)",0.6431036144578315,1,25
N21680,40.627358,-79.720678,,"Harrison township (Allegheny, PA)",0.6431036144578315,1,25
N20640,40.6318929999999,-79.715232,,"Harrison township (Allegheny, PA)",0.6431036144578315,1,25
N20560,40.616348,-79.7366329999999,,"Harrison township (Allegheny, PA)",0.6431036144578315,1,25
N20860,40.6181229999999,-79.7323679999999,,"Harrison township (Allegheny, PA)",0.6431036144578315,1,25
N20550,40.6165829999999,-79.7364089999999,,"Harrison township (Allegheny, PA)",0.6431036144578315,1,25
N21920,40.6268099999999,-79.7212889999999,,"Harrison township (Allegheny, PA)",0.6431036144578315,1,25
N41730,40.6130399999999,-79.7414799999999,,"Brackenridge borough (Allegheny, PA)",0.6431036144578315,1,25
N71235,40.604793,-79.7534699999999,,"Tarentum borough (Allegheny, PA)",0.6431036144578315,1,25
N21300,40.6196729999999,-79.730355,,"Harrison township (Allegheny, PA)",0.6431036144578315,1,25
N20850,40.6184129999999,-79.732157,,"Harrison township (Allegheny, PA)",0.6431036144578315,1,25
N71240,40.610779,-79.746547,,"Brackenridge borough (Allegheny, PA)",0.6431036144578315,1,25
N70105,40.6507259999999,-79.708371,,"Harrison township (Allegheny, PA)",0.6431036144578315,1,25
N04240,40.608344,-79.7458639999999,,"Brackenridge borough (Allegheny, PA)",0.6431036144578315,1,25
N04320,40.60685,-79.7491399999999,,"Tarentum borough (Allegheny, PA)",0.6431036144578315,1,25
N15650,40.6043939999999,-79.7532649999999,,"Tarentum borough (Allegheny, PA)",0.6431036144578315,1,25
E56380,40.470047,-79.9087289999999,Larimer,"Pittsburgh city (Allegheny, PA)",0.6431036144578315,1,25
N21770,40.627822,-79.719322,,"Harrison township (Allegheny, PA)",0.6431036144578315,1,25
N71293,40.667422,-79.711875,,"Harrison township (Allegheny, PA)",0.6431036144578315,1,25
N70158,40.6002179999999,-79.7606569999999,,"Tarentum borough (Allegheny, PA)",0.6431036144578315,1,25
N21925,40.626517,-79.721271,,"Harrison township (Allegheny, PA)",0.6431036144578315,1,25
E70237,40.4571029999999,-79.909137,Homewood West,"Pittsburgh city (Allegheny, PA)",0.6431036144578315,1,25
N71288,40.6558029999999,-79.707327,,"Harrison township (Allegheny, PA)",0.6431036144578315,1,25
N70096,40.649166,-79.708945,,"Harrison township (Allegheny, PA)",0.6431036144578315,1,25
N71249,40.609265,-79.749064,,"Brackenridge borough (Allegheny, PA)",0.6431036144578315,1,25
N71239,40.608356,-79.750534,,"Tarentum borough (Allegheny, PA)",0.6431036144578315,1,25
N71238,40.607629,-79.751772,,"Tarentum borough (Allegheny, PA)",0.6431036144578315,1,25
E56340,40.458849,-79.9079969999999,Larimer,"Pittsburgh city (Allegheny, PA)",0.6431036144578315,1,25
N21210,40.6388639999999,-79.7111979999999,,"Harrison township (Allegheny, PA)",0.6431036144578315,1,25
N71291,40.667062,-79.7067909999999,,"Harrison township (Allegheny, PA)",0.6431036144578315,1,25
E56440,40.474341,-79.9083779999999,Highland Park,"Pittsburgh city (Allegheny, PA)",0.6431036144578315,1,25
N21890,40.6361149999999,-79.712513,,"Harrison township (Allegheny, PA)",0.6431036144578315,1,25
N21000,40.632736,-79.7148279999999,,"Harrison township (Allegheny, PA)",0.6431036144578315,1,25
N21710,40.6239479999999,-79.7244199999999,,"Harrison township (Allegheny, PA)",0.6431036144578315,1,25
E01230,40.4573809999999,-79.9090309999999,Larimer,"Pittsburgh city (Allegheny, PA)",0.6431036144578315,1,25
N21345,40.6326139999999,-79.714718,,"Harrison township (Allegheny, PA)",0.6431036144578315,1,25
E56370,40.4669159999999,-79.9086099999999,Larimer,"Pittsburgh city (Allegheny, PA)",0.6431036144578315,1,25
N04300,40.609611,-79.741848,,"Brackenridge borough (Allegheny, PA)",0.6431036144578315,1,25
N21360,40.634599,-79.7134999999999,,"Harrison township (Allegheny, PA)",0.6431036144578315,1,25
N20990,40.622754,-79.7262329999999,,"Harrison township (Allegheny, PA)",0.6431036144578315,1,25
N21635,40.6434149999999,-79.710113,,"Harrison township (Allegheny, PA)",0.6431036144578315,1,25
E70377,40.4585519999999,-79.908061,Homewood West,"Pittsburgh city (Allegheny, PA)",0.6431036144578315,1,25
N71292,40.667597,-79.7125149999999,,"Harrison township (Allegheny, PA)",0.6431036144578315,1,25
N71245,40.5992549999999,-79.7559289999999,,"Tarentum borough (Allegheny, PA)",0.6431036144578315,1,25
N71237,40.606814,-79.7531359999999,,"Tarentum borough (Allegheny, PA)",0.6431036144578315,1,25
N21110,40.622225,-79.727024,,"Harrison township (Allegheny, PA)",0.6431036144578315,1,25
N21390,40.6283109999999,-79.7196339999999,,"Harrison township (Allegheny, PA)",0.6431036144578315,1,25
N21470,40.621186,-79.7284889999999,,"Harrison township (Allegheny, PA)",0.6431036144578315,1,25
N20800,40.62948,-79.7176769999999,,"Harrison township (Allegheny, PA)",0.6431036144578315,1,25
N71289,40.6560569999999,-79.7074999999999,,"Harrison township (Allegheny, PA)",0.6431036144578315,1,25
N70106,40.6512099999999,-79.708426,,"Harrison township (Allegheny, PA)",0.6431036144578315,1,25
N20650,40.6430629999999,-79.710374,,"Harrison township (Allegheny, PA)",0.6431036144578315,1,25
N21245,40.6259069999999,-79.722268,,"Harrison township (Allegheny, PA)",0.6431036144578315,1,25
N71236,40.605848,-79.7542799999999,,"Tarentum borough (Allegheny, PA)",0.6431036144578315,1,25
N04380,40.609062,-79.7441409999999,,"Brackenridge borough (Allegheny, PA)",0.6431036144578315,1,25
N71290,40.6670299999999,-79.706479,,"Harrison township (Allegheny, PA)",0.6431036144578315,1,25
N20620,40.617415,-79.7339479999999,,"Harrison township (Allegheny, PA)",0.6431036144578315,1,25
P00001,40.442405,-80.0000739999999,Central Business District,"Pittsburgh city (Allegheny, PA)",0.6432109229260036,7,671
E71013,40.4287909999999,-79.799665,,"Monroeville municipality (Allegheny, PA)",0.6432582123373056,3,322
E35330,40.4634969999999,-79.953365,Bloomfield,"Pittsburgh city (Allegheny, PA)",0.6434507680722892,2,400
E56003,40.444868,-79.885315,,"Wilkinsburg borough (Allegheny, PA)",0.6436164130095023,10,1307
N40890,40.5652929999999,-80.008536,,"McCandless township (Allegheny, PA)",0.6441127779410324,3,135
N41180,40.5653989999999,-80.0085349999999,,"McCandless township (Allegheny, PA)",0.6441127779410324,3,135
N41100,40.561447,-80.0130309999999,,"McCandless township (Allegheny, PA)",0.6441127779410324,3,135
N40900,40.5671,-80.007243,,"McCandless township (Allegheny, PA)",0.6441127779410324,3,135
N41060,40.5640909999999,-80.0097279999999,,"McCandless township (Allegheny, PA)",0.6441127779410324,3,135
N41030,40.5641389999999,-80.0095479999999,,"McCandless township (Allegheny, PA)",0.6441127779410324,3,135
E25348,40.4249879999999,-79.9525679999999,Hazelwood,"Pittsburgh city (Allegheny, PA)",0.6443331825867339,4,490
E52460,40.439703,-79.8783499999999,,"Wilkinsburg borough (Allegheny, PA)",0.6445975142487136,4,344
E41810,40.475563,-79.9245489999999,Highland Park,"Pittsburgh city (Allegheny, PA)",0.6446518072289156,1,401
E41860,40.4724009999999,-79.925819,Highland Park,"Pittsburgh city (Allegheny, PA)",0.6446518072289156,1,401
E41960,40.471324,-79.926314,East Liberty,"Pittsburgh city (Allegheny, PA)",0.6446518072289156,1,401
E41950,40.4716969999999,-79.926263,Highland Park,"Pittsburgh city (Allegheny, PA)",0.6446518072289156,1,401
E41820,40.475307,-79.9245489999999,Highland Park,"Pittsburgh city (Allegheny, PA)",0.6446518072289156,1,401
E41850,40.4725609999999,-79.925875,Highland Park,"Pittsburgh city (Allegheny, PA)",0.6446518072289156,1,401
E41990,40.474102,-79.925083,Highland Park,"Pittsburgh city (Allegheny, PA)",0.6446518072289156,1,401
E41980,40.4743059999999,-79.9251019999999,Highland Park,"Pittsburgh city (Allegheny, PA)",0.6446518072289156,1,401
E70021,40.44986,-79.8842319999999,East Hills,"Pittsburgh city (Allegheny, PA)",0.6452358320198754,2,627
E59380,40.446192,-79.8834109999999,,"Wilkinsburg borough (Allegheny, PA)",0.6452358320198754,2,627
E59550,40.4480999999999,-79.88378,,"Wilkinsburg borough (Allegheny, PA)",0.6452358320198754,2,627
E59390,40.4473089999999,-79.883679,,"Wilkinsburg borough (Allegheny, PA)",0.6452358320198754,2,627
E42890,40.450724,-79.8845359999999,Homewood South,"Pittsburgh city (Allegheny, PA)",0.6452358320198754,2,627
E42950,40.45098,-79.884522,East Hills,"Pittsburgh city (Allegheny, PA)",0.6452358320198754,2,627
E42940,40.4515239999999,-79.8846479999999,East Hills,"Pittsburgh city (Allegheny, PA)",0.6452358320198754,2,627
E59370,40.4459799999999,-79.8833699999999,,"Wilkinsburg borough (Allegheny, PA)",0.6452358320198754,2,627
E59480,40.448033,-79.8838499999999,,"Wilkinsburg borough (Allegheny, PA)",0.6452358320198754,2,627
E56034,40.44491,-79.885776,,"Wilkinsburg borough (Allegheny, PA)",0.6452358320198754,2,627
E59520,40.444685,-79.884218,,"Wilkinsburg borough (Allegheny, PA)",0.6452358320198754,2,627
E59540,40.446995,-79.8834959999999,,"Wilkinsburg borough (Allegheny, PA)",0.6452358320198754,2,627
E42910,40.449361,-79.884202,Homewood South,"Pittsburgh city (Allegheny, PA)",0.6452358320198754,2,627
E59365,40.448847,-79.8839689999999,,"Wilkinsburg borough (Allegheny, PA)",0.6452358320198754,2,627
E56035,40.4445219999999,-79.884504,,"Wilkinsburg borough (Allegheny, PA)",0.6452358320198754,2,627
N70141,40.54637,-80.0055919999999,,"Ross township (Allegheny, PA)",0.6456356317816133,2,212
N71213,40.5480209999999,-80.020099,,"Ross township (Allegheny, PA)",0.6458405093069767,2,268
N39061,40.550223,-80.022644,,"Ross township (Allegheny, PA)",0.6458405093069767,2,268
N12060,40.5453639999999,-80.01931,,"Ross township (Allegheny, PA)",0.6458405093069767,2,268
N39060,40.549632,-80.021095,,"Ross township (Allegheny, PA)",0.6458405093069767,2,268
N15660,40.5459019999999,-80.0201569999999,,"Ross township (Allegheny, PA)",0.6458405093069767,2,268
N12010,40.5458369999999,-80.0170099999999,,"Ross township (Allegheny, PA)",0.6458405093069767,2,268
N15685,40.5466539999999,-80.020218,,"Ross township (Allegheny, PA)",0.6458405093069767,2,268
N39062,40.550317,-80.022484,,"Ross township (Allegheny, PA)",0.6460011381360338,2,273
N71342,40.549778,-80.0210469999999,,"Ross township (Allegheny, PA)",0.6460011381360338,2,273
N15680,40.5465919999999,-80.020111,,"Ross township (Allegheny, PA)",0.6460011381360338,2,273
N12020,40.545836,-80.017418,,"Ross township (Allegheny, PA)",0.6460011381360338,2,273
N11980,40.54572,-80.0200169999999,,"Ross township (Allegheny, PA)",0.6460011381360338,2,273
N15670,40.548188,-80.0200679999999,,"Ross township (Allegheny, PA)",0.6460011381360338,2,273
N32930,40.5301949999999,-80.009692,,"Ross township (Allegheny, PA)",0.6460314596029251,3,313
N32550,40.5337419999999,-80.011139,,"Ross township (Allegheny, PA)",0.6460314596029251,3,313
N32940,40.5311179999999,-80.0103459999999,,"Ross township (Allegheny, PA)",0.6460314596029251,3,313
N32780,40.528288,-80.007259,,"Ross township (Allegheny, PA)",0.6460314596029251,3,313
N33000,40.5403049999999,-80.0122939999999,,"Ross township (Allegheny, PA)",0.6460314596029251,3,313
N32890,40.5377769999999,-80.011459,,"Ross township (Allegheny, PA)",0.6460314596029251,3,313
N70023,40.5569729999999,-80.018753,,"McCandless township (Allegheny, PA)",0.6460325604179223,2,274
N32800,40.5341809999999,-80.01089,,"Ross township (Allegheny, PA)",0.6461338127454385,3,308
N32460,40.5304429999999,-80.0095819999999,,"Ross township (Allegheny, PA)",0.6461818713500835,3,323
N32650,40.526808,-80.005724,,"Ross township (Allegheny, PA)",0.6461818713500835,3,323
N70012,40.5253629999999,-80.005368,,"Ross township (Allegheny, PA)",0.6461818713500835,3,323
N32480,40.5402989999999,-80.0120189999999,,"Ross township (Allegheny, PA)",0.6461818713500835,3,323
N33120,40.528148,-80.006732,,"Ross township (Allegheny, PA)",0.6461818713500835,3,323
N32815,40.537692,-80.0111679999999,,"Ross township (Allegheny, PA)",0.6461818713500835,3,323
N71283,40.5004139999999,-79.860934,,"O'Hara township (Allegheny, PA)",0.6465373493975903,1,180
N71186,40.497126,-79.8909869999999,,"Fox Chapel borough (Allegheny, PA)",0.6465373493975903,1,237
E12080,40.462924,-79.967123,Lower Lawrenceville,"Pittsburgh city (Allegheny, PA)",0.6465373493975903,1,411
N71274,40.493153,-79.8708419999999,,"O'Hara township (Allegheny, PA)",0.6465373493975903,1,180
N71273,40.491737,-79.866,,"O'Hara township (Allegheny, PA)",0.6465373493975903,1,180
E11550,40.4644529999999,-79.9659089999999,Lower Lawrenceville,"Pittsburgh city (Allegheny, PA)",0.6465373493975903,1,417
E11610,40.466735,-79.9642979999999,Lower Lawrenceville,"Pittsburgh city (Allegheny, PA)",0.6465373493975903,1,417
N70176,40.495564,-79.882158,,"O'Hara township (Allegheny, PA)",0.6465373493975903,1,236
N71209,40.4951999999999,-79.88836,,"O'Hara township (Allegheny, PA)",0.6465373493975903,1,237
N70173,40.4970059999999,-79.890916,,"O'Hara township (Allegheny, PA)",0.6465373493975903,1,236
E11590,40.4660909999999,-79.964775,Lower Lawrenceville,"Pittsburgh city (Allegheny, PA)",0.6465373493975903,1,417
E11620,40.4676789999999,-79.9637,Lower Lawrenceville,"Pittsburgh city (Allegheny, PA)",0.6465373493975903,1,411
N70175,40.4991279999999,-79.883898,,"O'Hara township (Allegheny, PA)",0.6465373493975903,1,236
E11570,40.4654329999999,-79.9651829999999,Lower Lawrenceville,"Pittsburgh city (Allegheny, PA)",0.6465373493975903,1,417
E11560,40.465479,-79.96531,Lower Lawrenceville,"Pittsburgh city (Allegheny, PA)",0.6465373493975903,1,411
N71208,40.4947,-79.888147,,"O'Hara township (Allegheny, PA)",0.6465373493975903,1,237
E70001,40.4669669999999,-79.964263,Lower Lawrenceville,"Pittsburgh city (Allegheny, PA)",0.6465373493975903,1,411
E12090,40.463011,-79.966971,Lower Lawrenceville,"Pittsburgh city (Allegheny, PA)",0.6465373493975903,1,417
N71182,40.496901,-79.8825429999999,,"O'Hara township (Allegheny, PA)",0.6465373493975903,1,237
E11840,40.484234,-79.9482959999999,Upper Lawrenceville,"Pittsburgh city (Allegheny, PA)",0.6465373493975903,1,417
N71277,40.500996,-79.860983,,"O'Hara township (Allegheny, PA)",0.6465373493975903,1,175
N70178,40.489905,-79.882762,,"O'Hara township (Allegheny, PA)",0.6465373493975903,1,236
N71181,40.492092,-79.881397,,"O'Hara township (Allegheny, PA)",0.6465373493975903,1,237
N71179,40.4884059999999,-79.8830109999999,,"O'Hara township (Allegheny, PA)",0.6465373493975903,1,237
N71183,40.498564,-79.8833599999999,,"O'Hara township (Allegheny, PA)",0.6465373493975903,1,237
N71272,40.4916419999999,-79.866073,,"O'Hara township (Allegheny, PA)",0.6465373493975903,1,175
E11580,40.466351,-79.964695,Lower Lawrenceville,"Pittsburgh city (Allegheny, PA)",0.6465373493975903,1,411
N71180,40.489839,-79.882638,,"O'Hara township (Allegheny, PA)",0.6465373493975903,1,237
N71270,40.495142,-79.8677629999999,,"O'Hara township (Allegheny, PA)",0.6465373493975903,1,175
E11540,40.4645709999999,-79.9659549999999,Lower Lawrenceville,"Pittsburgh city (Allegheny, PA)",0.6465373493975903,1,411
N71268,40.500591,-79.864784,,"O'Hara township (Allegheny, PA)",0.6465373493975903,1,175
N71269,40.498724,-79.868205,,"O'Hara township (Allegheny, PA)",0.6465373493975903,1,175
N71276,40.499177,-79.8632999999999,,"O'Hara township (Allegheny, PA)",0.6465373493975903,1,180
N70177,40.4918449999999,-79.88167,,"O'Hara township (Allegheny, PA)",0.6465373493975903,1,236
E11630,40.4673549999999,-79.963858,Lower Lawrenceville,"Pittsburgh city (Allegheny, PA)",0.6465373493975903,1,417
N71206,40.495403,-79.9394149999999,,"Etna borough (Allegheny, PA)",0.6465373493975903,1,411
N71275,40.4958949999999,-79.867345,,"O'Hara township (Allegheny, PA)",0.6465373493975903,1,180
N71271,40.493518,-79.869737,,"O'Hara township (Allegheny, PA)",0.6465373493975903,1,175
S70145,40.4327809999999,-79.9621259999999,South Oakland,"Pittsburgh city (Allegheny, PA)",0.6470371308362702,3,441
S01070,40.4309629999999,-79.9590809999999,South Oakland,"Pittsburgh city (Allegheny, PA)",0.6470371308362702,3,441
S00730,40.4358549999999,-79.972532,South Oakland,"Pittsburgh city (Allegheny, PA)",0.6470371308362702,3,441
S01100,40.435782,-79.972824,South Oakland,"Pittsburgh city (Allegheny, PA)",0.6470371308362702,3,441
S01200,40.4340509999999,-79.965084,South Oakland,"Pittsburgh city (Allegheny, PA)",0.6470371308362702,3,441
S00690,40.4314129999999,-79.9594589999999,South Oakland,"Pittsburgh city (Allegheny, PA)",0.6470371308362702,3,441
S00900,40.434089,-79.9655419999999,South Oakland,"Pittsburgh city (Allegheny, PA)",0.6470371308362702,3,441
S00925,40.4344699999999,-79.987227,Bluff,"Pittsburgh city (Allegheny, PA)",0.6470371308362702,3,441
S01050,40.4345539999999,-79.9901859999999,Bluff,"Pittsburgh city (Allegheny, PA)",0.6470371308362702,3,441
S70143,40.4327789999999,-79.962507,South Oakland,"Pittsburgh city (Allegheny, PA)",0.6470371308362702,3,441
N71347,40.5484909999999,-80.036917,,"Ross township (Allegheny, PA)",0.6471686746987952,1,15
N71349,40.5561539999999,-80.038995,,"McCandless township (Allegheny, PA)",0.6471686746987952,1,15
N32570,40.5718609999999,-80.0234379999999,,"McCandless township (Allegheny, PA)",0.6471686746987952,1,35
N70086,40.568066,-80.0238719999999,,"McCandless township (Allegheny, PA)",0.6471686746987952,1,35
N71351,40.5663259999999,-80.037968,,"McCandless township (Allegheny, PA)",0.6471686746987952,1,15
N71360,40.5487439999999,-80.0371049999999,,"Ross township (Allegheny, PA)",0.6471686746987952,1,15
N71357,40.5664209999999,-80.038111,,"McCandless township (Allegheny, PA)",0.6471686746987952,1,15
N71345,40.552261,-80.0233,,"Ross township (Allegheny, PA)",0.6471686746987952,1,15
N71346,40.545102,-80.035874,,"Ross township (Allegheny, PA)",0.6471686746987952,1,15
N71359,40.552759,-80.0380279999999,,"Ross township (Allegheny, PA)",0.6471686746987952,1,15
N71353,40.571787,-80.0369,,"McCandless township (Allegheny, PA)",0.6471686746987952,1,15
N71358,40.5563659999999,-80.039197,,"McCandless township (Allegheny, PA)",0.6471686746987952,1,15
N71356,40.572099,-80.0370219999999,,"McCandless township (Allegheny, PA)",0.6471686746987952,1,15
N32850,40.5583409999999,-80.023342,,"McCandless township (Allegheny, PA)",0.6471686746987952,1,35
N71361,40.550947,-80.0245539999999,,"Ross township (Allegheny, PA)",0.6471686746987952,1,15
N70085,40.568787,-80.0239559999999,,"McCandless township (Allegheny, PA)",0.6471686746987952,1,30
N32840,40.5583189999999,-80.0236129999999,,"McCandless township (Allegheny, PA)",0.6471686746987952,1,30
N32560,40.5722919999999,-80.0237889999999,,"McCandless township (Allegheny, PA)",0.6471686746987952,1,30
N27905,40.58408,-80.0280989999999,,"McCandless township (Allegheny, PA)",0.6471686746987952,1,30
N71348,40.5525319999999,-80.0377919999999,,"Ross township (Allegheny, PA)",0.6471686746987952,1,15
N32820,40.5543359999999,-80.0210519999999,,"McCandless township (Allegheny, PA)",0.6471686746987954,1,50
E04210,40.43563,-79.871733,,"Wilkinsburg borough (Allegheny, PA)",0.647583432405238,4,348
N70104,40.542549,-80.0132679999999,,"Ross township (Allegheny, PA)",0.6476500954170267,4,338
E04320,40.435858,-79.871694,,"Wilkinsburg borough (Allegheny, PA)",0.647693669677873,4,334
P02610,40.444042,-79.993311,Central Business District,"Pittsburgh city (Allegheny, PA)",0.6477270940289134,4,1122
E35450,40.446727,-79.9893059999999,Strip District,"Pittsburgh city (Allegheny, PA)",0.6477270940289134,4,1122
E34850,40.4469449999999,-79.989163,Strip District,"Pittsburgh city (Allegheny, PA)",0.6477334905054258,4,1116
E34845,40.445309,-79.99173,Strip District,"Pittsburgh city (Allegheny, PA)",0.6477334905054258,4,1116
P02800,40.44509,-79.993589,Central Business District,"Pittsburgh city (Allegheny, PA)",0.6477334905054258,4,1116
E06200,40.4266459999999,-79.919099,Squirrel Hill South,"Pittsburgh city (Allegheny, PA)",0.6482618168072933,2,188
E06280,40.4262,-79.9168489999999,Squirrel Hill South,"Pittsburgh city (Allegheny, PA)",0.6482618168072933,2,188
E54410,40.428336,-79.9185039999999,Squirrel Hill South,"Pittsburgh city (Allegheny, PA)",0.6482618168072933,2,188
E54470,40.427446,-79.918873,Squirrel Hill South,"Pittsburgh city (Allegheny, PA)",0.6482618168072933,2,188
E17316,40.446313,-79.8882749999999,,"Wilkinsburg borough (Allegheny, PA)",0.648424562728803,16,1793
E17295,40.4464049999999,-79.8886069999999,,"Wilkinsburg borough (Allegheny, PA)",0.6487074756937031,16,1811
E03030,40.404656,-79.8255929999999,,"Turtle Creek borough (Allegheny, PA)",0.6491357264233422,3,322
E05230,40.4348269999999,-79.922059,Squirrel Hill South,"Pittsburgh city (Allegheny, PA)",0.6491688555853378,2,183
E05240,40.435268,-79.9190799999999,Squirrel Hill South,"Pittsburgh city (Allegheny, PA)",0.6491688555853378,2,183
P00220,40.435214,-79.993679,Bluff,"Pittsburgh city (Allegheny, PA)",0.6492556709774471,5,571
P70005,40.4363239999999,-79.996554,Central Business District,"Pittsburgh city (Allegheny, PA)",0.6492556709774471,5,571
P00360,40.437769,-79.997031,Central Business District,"Pittsburgh city (Allegheny, PA)",0.6492556709774471,5,571
S00660,40.4344669999999,-79.990082,Bluff,"Pittsburgh city (Allegheny, PA)",0.6492556709774471,5,571
P00390,40.4394819999999,-80.001669,Central Business District,"Pittsburgh city (Allegheny, PA)",0.6492556709774471,5,571
P00380,40.4386939999999,-79.999638,Central Business District,"Pittsburgh city (Allegheny, PA)",0.6492556709774471,5,571
P00375,40.440204,-80.003579,Central Business District,"Pittsburgh city (Allegheny, PA)",0.6492556709774471,5,571
S30610,40.35229,-79.853357,,"McKeesport city (Allegheny, PA)",0.6492616480968324,6,963
S30735,40.3518499999999,-79.8608859999999,,"McKeesport city (Allegheny, PA)",0.6492616480968324,6,963
S30760,40.351917,-79.858609,,"McKeesport city (Allegheny, PA)",0.6492616480968324,6,963
S30580,40.352642,-79.848281,,"McKeesport city (Allegheny, PA)",0.6492616480968324,6,963
S30640,40.352085,-79.8560399999999,,"McKeesport city (Allegheny, PA)",0.6492616480968324,6,963
S30660,40.352406,-79.851234,,"McKeesport city (Allegheny, PA)",0.6492616480968324,6,963
S70406,40.3531339999999,-79.8462779999999,,"McKeesport city (Allegheny, PA)",0.6492616480968324,6,963
P01290,40.4395749999999,-80.0047859999999,Central Business District,"Pittsburgh city (Allegheny, PA)",0.6494789473442552,5,576
P00330,40.435982,-79.995478,Central Business District,"Pittsburgh city (Allegheny, PA)",0.6494789473442552,5,576
P01240,40.439089,-80.003482,Central Business District,"Pittsburgh city (Allegheny, PA)",0.6494789473442552,5,576
P01150,40.4376609999999,-79.9996639999999,Central Business District,"Pittsburgh city (Allegheny, PA)",0.6494789473442552,5,576
P01330,40.438436,-80.001748,Central Business District,"Pittsburgh city (Allegheny, PA)",0.6494789473442552,5,576
N53540,40.48763,-79.893833,Lincoln-Lemington-Belmar,"Pittsburgh city (Allegheny, PA)",0.6495319209158135,3,826
N53545,40.488773,-79.891997,Lincoln-Lemington-Belmar,"Pittsburgh city (Allegheny, PA)",0.6495319209158135,3,826
N22805,40.487257,-79.8845969999999,Lincoln-Lemington-Belmar,"Pittsburgh city (Allegheny, PA)",0.6495319209158135,3,826
N22210,40.488691,-79.9007479999999,Lincoln-Lemington-Belmar,"Pittsburgh city (Allegheny, PA)",0.6495319209158135,3,826
N22320,40.48948,-79.903626,,"Aspinwall borough (Allegheny, PA)",0.6495319209158135,3,826
N70048,40.488188,-79.890223,Lincoln-Lemington-Belmar,"Pittsburgh city (Allegheny, PA)",0.6495319209158135,3,826
N22810,40.490614,-79.907452,,"Aspinwall borough (Allegheny, PA)",0.6495319209158135,3,826
N22785,40.4872519999999,-79.895639,Lincoln-Lemington-Belmar,"Pittsburgh city (Allegheny, PA)",0.6495319209158135,3,826
N22260,40.490011,-79.9055199999999,,"Aspinwall borough (Allegheny, PA)",0.6495319209158135,3,826
N20930,40.489935,-79.9049069999999,,"Aspinwall borough (Allegheny, PA)",0.6495538324147273,3,820
N22117,40.4880539999999,-79.8978879999999,,"Aspinwall borough (Allegheny, PA)",0.6495538324147273,3,820
N22070,40.487113,-79.8864329999999,Lincoln-Lemington-Belmar,"Pittsburgh city (Allegheny, PA)",0.6495538324147273,3,820
N22005,40.488464,-79.8995639999999,,"Aspinwall borough (Allegheny, PA)",0.6495538324147273,3,820
N21050,40.4894499999999,-79.903171,,"Aspinwall borough (Allegheny, PA)",0.6495538324147273,3,820
N53510,40.488385,-79.8900469999999,Lincoln-Lemington-Belmar,"Pittsburgh city (Allegheny, PA)",0.6495538324147273,3,820
N22030,40.490701,-79.9074499999999,,"Aspinwall borough (Allegheny, PA)",0.6495538324147273,3,820
N21100,40.492023,-79.9090839999999,,"Sharpsburg borough (Allegheny, PA)",0.6495538324147273,3,820
N20770,40.4888559999999,-79.9009609999999,,"Aspinwall borough (Allegheny, PA)",0.6495538324147273,3,820
N70049,40.4888139999999,-79.891879,Lincoln-Lemington-Belmar,"Pittsburgh city (Allegheny, PA)",0.6495538324147273,3,820
N22065,40.487273,-79.8853629999999,Lincoln-Lemington-Belmar,"Pittsburgh city (Allegheny, PA)",0.6495538324147273,3,820
N22680,40.4874,-79.8843949999999,,"O'Hara township (Allegheny, PA)",0.6495538324147273,3,820
N53500,40.487701,-79.893956,Lincoln-Lemington-Belmar,"Pittsburgh city (Allegheny, PA)",0.6495538324147273,3,820
E00270,40.460445,-79.969566,Strip District,"Pittsburgh city (Allegheny, PA)",0.6495941101037814,3,808
E00175,40.4545859999999,-79.9780729999999,Strip District,"Pittsburgh city (Allegheny, PA)",0.6496825413455062,3,805
E45520,40.4599619999999,-79.9711879999999,Strip District,"Pittsburgh city (Allegheny, PA)",0.6496825413455062,3,805
E45500,40.4569529999999,-79.9755619999999,Strip District,"Pittsburgh city (Allegheny, PA)",0.6496825413455062,3,805
E45530,40.461002,-79.969689,Strip District,"Pittsburgh city (Allegheny, PA)",0.6496825413455062,3,805
S30810,40.352325,-79.856464,,"McKeesport city (Allegheny, PA)",0.649932868646521,6,973
S30600,40.3524779999999,-79.853088,,"McKeesport city (Allegheny, PA)",0.649932868646521,6,973
S48510,40.398052,-79.903405,,"Munhall borough (Allegheny, PA)",0.6500780487804878,1,95
S00090,40.4043139999999,-79.9083799999999,,"Homestead borough (Allegheny, PA)",0.6500780487804878,1,95
S31220,40.39323,-79.900278,,"Munhall borough (Allegheny, PA)",0.6500780487804878,1,95
S31590,40.385967,-79.903013,,"Munhall borough (Allegheny, PA)",0.6500780487804878,1,95
S25510,40.375433,-79.9105229999999,Lincoln Place,"Pittsburgh city (Allegheny, PA)",0.6500780487804878,1,95
S25570,40.3753159999999,-79.910482,Lincoln Place,"Pittsburgh city (Allegheny, PA)",0.6500780487804878,1,95
S31555,40.3895679999999,-79.900964,,"Munhall borough (Allegheny, PA)",0.6500780487804878,1,95
S31260,40.385283,-79.9033819999999,,"Munhall borough (Allegheny, PA)",0.6500780487804878,1,95
S31660,40.3898439999999,-79.9009659999999,,"Munhall borough (Allegheny, PA)",0.6500780487804878,1,95
S03550,40.407324,-79.9084359999999,,"Homestead borough (Allegheny, PA)",0.6500780487804878,1,95
S48430,40.400719,-79.9057099999999,,"Homestead borough (Allegheny, PA)",0.6500780487804878,1,95
S04090,40.4057999999999,-79.909576,,"Homestead borough (Allegheny, PA)",0.6500780487804878,1,95
S31470,40.387988,-79.901938,,"Munhall borough (Allegheny, PA)",0.6500780487804878,1,95
S31340,40.395423,-79.8995749999999,,"Munhall borough (Allegheny, PA)",0.6500780487804878,1,95
S31580,40.385783,-79.9030379999999,,"Munhall borough (Allegheny, PA)",0.6500780487804878,1,95
S31490,40.3873589999999,-79.9023169999999,,"Munhall borough (Allegheny, PA)",0.6500780487804878,1,95
S31700,40.384692,-79.9036849999999,,"Munhall borough (Allegheny, PA)",0.6500780487804878,1,95
S48400,40.401932,-79.906677,,"Homestead borough (Allegheny, PA)",0.6500780487804878,1,95
S48380,40.4029919999999,-79.908101,,"Homestead borough (Allegheny, PA)",0.6500780487804878,1,95
S03530,40.406542,-79.9099839999999,,"Homestead borough (Allegheny, PA)",0.6500780487804878,1,95
S31230,40.3915229999999,-79.90045,,"Munhall borough (Allegheny, PA)",0.6500780487804878,1,95
S31650,40.380903,-79.906563,,"Munhall borough (Allegheny, PA)",0.6500780487804878,1,95
S31140,40.3829259999999,-79.9045129999999,,"Munhall borough (Allegheny, PA)",0.6500780487804878,1,95
S33235,40.408169,-79.9069669999999,,"Homestead borough (Allegheny, PA)",0.6500780487804878,1,80
S70135,40.397711,-79.901554,,"Munhall borough (Allegheny, PA)",0.6500780487804878,1,95
S31380,40.392564,-79.900289,,"Munhall borough (Allegheny, PA)",0.6500780487804878,1,95
S31370,40.3923849999999,-79.900231,,"Munhall borough (Allegheny, PA)",0.6500780487804878,1,95
S00010,40.406402,-79.9081379999999,,"Homestead borough (Allegheny, PA)",0.6500780487804878,1,95
S25460,40.3767789999999,-79.9093809999999,Lincoln Place,"Pittsburgh city (Allegheny, PA)",0.6500780487804878,1,95
S31090,40.384388,-79.9037399999999,,"Munhall borough (Allegheny, PA)",0.6500780487804878,1,95
S48530,40.3992099999999,-79.9042759999999,,"Munhall borough (Allegheny, PA)",0.6500780487804878,1,95
S31280,40.380721,-79.9065779999999,,"Munhall borough (Allegheny, PA)",0.6500780487804878,1,95
S25490,40.371988,-79.9123469999999,Lincoln Place,"Pittsburgh city (Allegheny, PA)",0.6500780487804878,1,95
S70451,40.4057019999999,-79.9093349999999,,"Homestead borough (Allegheny, PA)",0.6500780487804878,1,95
S48500,40.40005,-79.9051369999999,,"Munhall borough (Allegheny, PA)",0.6500780487804878,1,95
S25480,40.3701429999999,-79.9128249999999,Lincoln Place,"Pittsburgh city (Allegheny, PA)",0.6500780487804878,1,95
S31390,40.379465,-79.9073379999999,,"Munhall borough (Allegheny, PA)",0.6500780487804878,1,95
S00530,40.39772,-79.901853,,"Munhall borough (Allegheny, PA)",0.6500780487804878,1,95
S31790,40.38174,-79.9055489999999,,"Munhall borough (Allegheny, PA)",0.6500780487804878,1,95
S48390,40.403157,-79.908461,,"Homestead borough (Allegheny, PA)",0.6500780487804878,1,95
S31130,40.381678,-79.906013,,"Munhall borough (Allegheny, PA)",0.6500780487804878,1,95
S25530,40.373828,-79.9118919999999,Lincoln Place,"Pittsburgh city (Allegheny, PA)",0.6500780487804878,1,95
S31610,40.3771449999999,-79.9091949999999,Lincoln Place,"Pittsburgh city (Allegheny, PA)",0.6500780487804878,1,95
S31210,40.3932379999999,-79.900197,,"Munhall borough (Allegheny, PA)",0.6500780487804878,1,95
S04190,40.4077789999999,-79.9091439999999,,"Homestead borough (Allegheny, PA)",0.6500780487804878,1,95
S48450,40.3979459999999,-79.9031839999999,,"Munhall borough (Allegheny, PA)",0.6500780487804878,1,95
S31240,40.3783919999999,-79.908152,,"Munhall borough (Allegheny, PA)",0.6500780487804878,1,95
S25520,40.369951,-79.9129539999999,Lincoln Place,"Pittsburgh city (Allegheny, PA)",0.6500780487804878,1,95
S25580,40.373761,-79.911865,Lincoln Place,"Pittsburgh city (Allegheny, PA)",0.6500780487804878,1,95
S48440,40.400013,-79.90497,,"Munhall borough (Allegheny, PA)",0.6500780487804878,1,95
S31480,40.3871619999999,-79.902309,,"Munhall borough (Allegheny, PA)",0.6500780487804878,1,95
S31460,40.388131,-79.901769,,"Munhall borough (Allegheny, PA)",0.6500780487804878,1,95
S31770,40.3796109999999,-79.907307,,"Munhall borough (Allegheny, PA)",0.6500780487804878,1,95
S31730,40.39166,-79.90049,,"Munhall borough (Allegheny, PA)",0.6500780487804878,1,95
S00550,40.39744,-79.9026369999999,,"Munhall borough (Allegheny, PA)",0.6500780487804878,1,95
S48470,40.3997079999999,-79.9048319999999,,"Munhall borough (Allegheny, PA)",0.6500780487804878,1,95
S48410,40.4020099999999,-79.9069259999999,,"Homestead borough (Allegheny, PA)",0.6500780487804878,1,95
S70133,40.35427,-79.9142619999999,,"West Mifflin borough (Allegheny, PA)",0.6500780487804878,1,95
S25470,40.3722199999999,-79.912366,Lincoln Place,"Pittsburgh city (Allegheny, PA)",0.6500780487804878,1,95
S00080,40.404401,-79.908146,,"Homestead borough (Allegheny, PA)",0.6500780487804878,1,95
S31500,40.378549,-79.908122,,"Munhall borough (Allegheny, PA)",0.6500780487804878,1,95
S48490,40.3991789999999,-79.904375,,"Munhall borough (Allegheny, PA)",0.6500780487804878,1,95
S31750,40.395499,-79.8996819999999,,"Munhall borough (Allegheny, PA)",0.6500780487804878,1,95
S31300,40.383192,-79.904454,,"Munhall borough (Allegheny, PA)",0.6500780487804878,1,95
E35570,40.4589959999999,-79.9709399999999,Polish Hill,"Pittsburgh city (Allegheny, PA)",0.6501453021315857,5,1281
E70159,40.4573839999999,-79.9732699999999,Polish Hill,"Pittsburgh city (Allegheny, PA)",0.6501453021315857,5,1281
E35250,40.461145,-79.947957,Bloomfield,"Pittsburgh city (Allegheny, PA)",0.6504780396232819,2,568
E35270,40.463127,-79.95165,Bloomfield,"Pittsburgh city (Allegheny, PA)",0.6504780396232819,2,568
E35400,40.462088,-79.949752,Bloomfield,"Pittsburgh city (Allegheny, PA)",0.6504780396232819,2,568
E35410,40.4621089999999,-79.949989,Bloomfield,"Pittsburgh city (Allegheny, PA)",0.6505074448938107,2,569
E35370,40.4600349999999,-79.9461239999999,Bloomfield,"Pittsburgh city (Allegheny, PA)",0.6505074448938107,2,569
E35280,40.463154,-79.951974,Bloomfield,"Pittsburgh city (Allegheny, PA)",0.6505074448938107,2,569
E35260,40.4611189999999,-79.948164,Bloomfield,"Pittsburgh city (Allegheny, PA)",0.6505074448938107,2,569
E17290,40.4428449999999,-79.8870249999999,,"Wilkinsburg borough (Allegheny, PA)",0.6505459221324615,14,1184
E12230,40.4778379999999,-79.9561219999999,Central Lawrenceville,"Pittsburgh city (Allegheny, PA)",0.6506133329235309,2,588
E12240,40.4738469999999,-79.957954,Central Lawrenceville,"Pittsburgh city (Allegheny, PA)",0.6506133329235309,2,588
E12030,40.4697,-79.960976,Central Lawrenceville,"Pittsburgh city (Allegheny, PA)",0.6506133329235309,2,588
E11680,40.470478,-79.960373,Central Lawrenceville,"Pittsburgh city (Allegheny, PA)",0.6506133329235309,2,588
E11720,40.4726709999999,-79.958847,Central Lawrenceville,"Pittsburgh city (Allegheny, PA)",0.6506133329235309,2,588
E11750,40.476992,-79.9569189999999,Central Lawrenceville,"Pittsburgh city (Allegheny, PA)",0.6506133329235309,2,588
E12340,40.475681,-79.9575499999999,Central Lawrenceville,"Pittsburgh city (Allegheny, PA)",0.6506133329235309,2,588
E11700,40.471294,-79.9598009999999,Central Lawrenceville,"Pittsburgh city (Allegheny, PA)",0.6506133329235309,2,588
E12000,40.4740839999999,-79.9579389999999,Central Lawrenceville,"Pittsburgh city (Allegheny, PA)",0.6506553533722519,2,582
E11660,40.469586,-79.96125,Central Lawrenceville,"Pittsburgh city (Allegheny, PA)",0.6506553533722519,2,582
E11710,40.472942,-79.9587559999999,Central Lawrenceville,"Pittsburgh city (Allegheny, PA)",0.6506553533722519,2,582
E11670,40.470806,-79.960251,Central Lawrenceville,"Pittsburgh city (Allegheny, PA)",0.6506553533722519,2,582
E11760,40.478523,-79.955589,Upper Lawrenceville,"Pittsburgh city (Allegheny, PA)",0.6506553533722519,2,582
E11690,40.4715959999999,-79.959755,Central Lawrenceville,"Pittsburgh city (Allegheny, PA)",0.6506553533722519,2,582
E11740,40.477139,-79.9569019999999,Central Lawrenceville,"Pittsburgh city (Allegheny, PA)",0.6506553533722519,2,582
E11730,40.4759829999999,-79.9577029999999,Central Lawrenceville,"Pittsburgh city (Allegheny, PA)",0.6506553533722519,2,582
N21600,40.4874409999999,-79.8830559999999,,"O'Hara township (Allegheny, PA)",0.650736867350141,3,589
N21910,40.4889549999999,-79.876906,,"O'Hara township (Allegheny, PA)",0.650772822127132,3,584
N22690,40.4881579999999,-79.8794189999999,,"O'Hara township (Allegheny, PA)",0.650772822127132,3,584
N21180,40.48787,-79.8806749999999,,"O'Hara township (Allegheny, PA)",0.650772822127132,3,584
N21070,40.4893289999999,-79.8750359999999,,"O'Hara township (Allegheny, PA)",0.650772822127132,3,584
E17294,40.4594689999999,-79.922746,Shadyside,"Pittsburgh city (Allegheny, PA)",0.6508399353850209,8,375
E17314,40.4593619999999,-79.9666129999999,Polish Hill,"Pittsburgh city (Allegheny, PA)",0.6508399353850209,8,375
E17309,40.4567049999999,-79.9326219999999,Shadyside,"Pittsburgh city (Allegheny, PA)",0.6508399353850209,8,375
W23092,40.4495769999999,-80.176163,,"North Fayette township (Allegheny, PA)",0.6510407407407407,1,133
W25550,40.4352,-80.066158,,"Crafton borough (Allegheny, PA)",0.6510407407407407,1,128
W23001,40.4493489999999,-80.11918,,"Robinson township (Allegheny, PA)",0.6510407407407407,1,128
W70140,40.454822,-80.1918399999999,,"North Fayette township (Allegheny, PA)",0.6510407407407407,1,128
W70137,40.44209,-80.0606259999999,Crafton Heights,"Pittsburgh city (Allegheny, PA)",0.6510407407407407,1,133
W22032,40.443201,-80.0578459999999,,"Ingram borough (Allegheny, PA)",0.6510407407407407,1,128
W21980,40.438993,-80.07322,,"Crafton borough (Allegheny, PA)",0.6510407407407407,1,133
W21670,40.438656,-80.070992,,"Crafton borough (Allegheny, PA)",0.6510407407407407,1,128
W23093,40.449997,-80.1760639999999,,"North Fayette township (Allegheny, PA)",0.6510407407407407,1,128
W22225,40.439728,-80.0888669999999,,"Robinson township (Allegheny, PA)",0.6510407407407407,1,128
W70134,40.4482789999999,-80.181589,,"North Fayette township (Allegheny, PA)",0.6510407407407407,1,133
W22580,40.451543,-80.13158,,"Robinson township (Allegheny, PA)",0.6510407407407407,1,133
W23096,40.4502329999999,-80.183661,,"North Fayette township (Allegheny, PA)",0.6510407407407407,1,133
W70135,40.4398449999999,-80.0780139999999,,"Crafton borough (Allegheny, PA)",0.6510407407407407,1,133
W22990,40.451542,-80.1310069999999,,"Robinson township (Allegheny, PA)",0.6510407407407407,1,128
W21450,40.4402839999999,-80.07992,,"Crafton borough (Allegheny, PA)",0.6510407407407407,1,133
W22700,40.4395949999999,-80.089324,,"Robinson township (Allegheny, PA)",0.6510407407407407,1,133
W22430,40.439867,-80.091255,,"Robinson township (Allegheny, PA)",0.6510407407407407,1,128
W23098,40.4510999999999,-80.1867919999999,,"North Fayette township (Allegheny, PA)",0.6510407407407407,1,128
W23103,40.450454,-80.1904499999999,,"North Fayette township (Allegheny, PA)",0.6510407407407407,1,133
W23105,40.447842,-80.178352,,"North Fayette township (Allegheny, PA)",0.6510407407407407,1,128
W23101,40.4509189999999,-80.1871639999999,,"North Fayette township (Allegheny, PA)",0.6510407407407407,1,133
W05921,40.43672,-80.069089,,"Crafton borough (Allegheny, PA)",0.6510407407407407,1,128
W23100,40.455092,-80.191978,,"North Fayette township (Allegheny, PA)",0.6510407407407407,1,133
W22440,40.448852,-80.1226829999999,,"Robinson township (Allegheny, PA)",0.6510407407407407,1,133
W70106,40.43686,-80.0691439999999,,"Crafton borough (Allegheny, PA)",0.6510407407407407,1,133
W16010,40.438262,-80.0632439999999,,"Crafton borough (Allegheny, PA)",0.6510407407407407,1,133
W21500,40.4395269999999,-80.075901,,"Crafton borough (Allegheny, PA)",0.6510407407407407,1,128
W22840,40.4397039999999,-80.090939,,"Robinson township (Allegheny, PA)",0.6510407407407407,1,133
W23097,40.44989,-80.183092,,"North Fayette township (Allegheny, PA)",0.6510407407407407,1,128
W22870,40.4491909999999,-80.124441,,"Robinson township (Allegheny, PA)",0.6510407407407407,1,133
W21965,40.440339,-80.0797969999999,,"Crafton borough (Allegheny, PA)",0.6510407407407407,1,128
W70109,40.4359729999999,-80.0646239999999,,"Crafton borough (Allegheny, PA)",0.6510407407407407,1,128
W22850,40.448824,-80.121831,,"Robinson township (Allegheny, PA)",0.6510407407407407,1,128
W21490,40.4395039999999,-80.0761779999999,,"Crafton borough (Allegheny, PA)",0.6510407407407407,1,133
W23090,40.4529259999999,-80.193532,,"North Fayette township (Allegheny, PA)",0.6510407407407407,1,133
W15940,40.435994,-80.064532,,"Crafton borough (Allegheny, PA)",0.6510407407407407,1,133
W16030,40.4378549999999,-80.0632549999999,,"Crafton borough (Allegheny, PA)",0.6510407407407407,1,128
W00002,40.436618,-80.193549,,"North Fayette township (Allegheny, PA)",0.6510407407407407,1,133
W21680,40.4420709999999,-80.060755,,"Ingram borough (Allegheny, PA)",0.6510407407407407,1,128
W22020,40.438654,-80.071414,,"Crafton borough (Allegheny, PA)",0.6510407407407407,1,133
W21870,40.4389529999999,-80.0625189999999,,"Crafton borough (Allegheny, PA)",0.6510407407407407,1,133
W22620,40.4518849999999,-80.13311,,"Robinson township (Allegheny, PA)",0.6510407407407407,1,133
W22310,40.4491859999999,-80.1066069999999,,"Robinson township (Allegheny, PA)",0.6510407407407407,1,128
W21860,40.438485,-80.070008,,"Crafton borough (Allegheny, PA)",0.6510407407407407,1,128
W70108,40.4358149999999,-80.0685739999999,,"Crafton borough (Allegheny, PA)",0.6510407407407407,1,133
W23104,40.447628,-80.178691,,"North Fayette township (Allegheny, PA)",0.6510407407407407,1,133
W70122,40.435723,-80.0683619999999,,"Crafton borough (Allegheny, PA)",0.6510407407407407,1,128
W21880,40.43896,-80.062707,,"Crafton borough (Allegheny, PA)",0.6510407407407407,1,128
W23091,40.452911,-80.193398,,"North Fayette township (Allegheny, PA)",0.6510407407407407,1,128
W22460,40.449364,-80.1247829999999,,"Robinson township (Allegheny, PA)",0.6510407407407407,1,128
W23102,40.450543,-80.1902039999999,,"North Fayette township (Allegheny, PA)",0.6510407407407407,1,128
W21780,40.439843,-80.0776759999999,,"Crafton borough (Allegheny, PA)",0.6510407407407407,1,128
W00001,40.436698,-80.193504,,"North Fayette township (Allegheny, PA)",0.6510407407407407,1,128
W23089,40.435042,-80.0663969999999,,"Crafton borough (Allegheny, PA)",0.6510407407407407,1,133
W22300,40.4494159999999,-80.107668,,"Robinson township (Allegheny, PA)",0.6510407407407407,1,133
W70030,40.448034,-80.181014,,"North Fayette township (Allegheny, PA)",0.6510407407407407,1,128
W70142,40.440778,-80.0612339999999,,"Ingram borough (Allegheny, PA)",0.6510407407407407,1,128
W70139,40.451019,-80.1844909999999,,"North Fayette township (Allegheny, PA)",0.6510407407407407,1,128
W21690,40.4405179999999,-80.0611949999999,,"Crafton borough (Allegheny, PA)",0.6510407407407407,1,133
W23000,40.443756,-80.097373,,"Robinson township (Allegheny, PA)",0.6510407407407407,1,128
W22610,40.444352,-80.0990039999999,,"Robinson township (Allegheny, PA)",0.6510407407407407,1,133
W21840,40.443131,-80.057816,Crafton Heights,"Pittsburgh city (Allegheny, PA)",0.6510407407407407,1,133
W70136,40.4383539999999,-80.0696939999999,,"Crafton borough (Allegheny, PA)",0.6510407407407407,1,133
W21600,40.438982,-80.072822,,"Crafton borough (Allegheny, PA)",0.6510407407407407,1,128
E35070,40.459341,-79.9706249999999,Strip District,"Pittsburgh city (Allegheny, PA)",0.6510868732911329,2,473
E35050,40.4584199999999,-79.9719439999999,Strip District,"Pittsburgh city (Allegheny, PA)",0.6510868732911329,2,473
E35320,40.4614479999999,-79.9672659999999,Lower Lawrenceville,"Pittsburgh city (Allegheny, PA)",0.6510868732911329,2,473
E35030,40.457484,-79.973307,Strip District,"Pittsburgh city (Allegheny, PA)",0.6510868732911329,2,473
E35310,40.461666,-79.9668219999999,Lower Lawrenceville,"Pittsburgh city (Allegheny, PA)",0.6510868732911329,2,473
E35090,40.4604,-79.969093,Strip District,"Pittsburgh city (Allegheny, PA)",0.6510868732911329,2,473
E35590,40.460087,-79.9693759999999,Polish Hill,"Pittsburgh city (Allegheny, PA)",0.6510868732911329,2,473
E35000,40.456398,-79.974861,Strip District,"Pittsburgh city (Allegheny, PA)",0.6510868732911329,2,473
N32730,40.542185,-80.0133309999999,,"Ross township (Allegheny, PA)",0.6511994623120582,4,121
E17296,40.4528809999999,-79.89892,Homewood South,"Pittsburgh city (Allegheny, PA)",0.651392529736963,7,350
E01370,40.455505,-79.910881,Larimer,"Pittsburgh city (Allegheny, PA)",0.6514103987048053,5,1113
E01760,40.45481,-79.9114639999999,Point Breeze North,"Pittsburgh city (Allegheny, PA)",0.6514103987048053,5,1113
W70072,40.451745,-80.1613849999999,,"Robinson township (Allegheny, PA)",0.651578534363353,3,564
W19480,40.4534069999999,-80.167687,,"Robinson township (Allegheny, PA)",0.651578534363353,3,564
W19495,40.4491689999999,-80.1629889999999,,"Robinson township (Allegheny, PA)",0.651578534363353,3,564
W19490,40.452866,-80.1651839999999,,"Robinson township (Allegheny, PA)",0.651578534363353,3,564
E12280,40.4858449999999,-79.944298,Stanton Heights,"Pittsburgh city (Allegheny, PA)",0.6519144465820599,2,512
E12100,40.4863799999999,-79.942801,Stanton Heights,"Pittsburgh city (Allegheny, PA)",0.6519144465820599,2,512
E11860,40.485073,-79.9463959999999,Upper Lawrenceville,"Pittsburgh city (Allegheny, PA)",0.6519144465820599,2,512
E11922,40.4879809999999,-79.9382719999999,Stanton Heights,"Pittsburgh city (Allegheny, PA)",0.6519144465820599,2,512
E05200,40.4337659999999,-79.930892,Squirrel Hill South,"Pittsburgh city (Allegheny, PA)",0.6519295401017797,2,211
E08180,40.4359759999999,-79.95856,South Oakland,"Pittsburgh city (Allegheny, PA)",0.6519295401017797,2,211
E70400,40.432839,-79.937307,Squirrel Hill South,"Pittsburgh city (Allegheny, PA)",0.6519295401017797,2,211
E05270,40.433615,-79.9320929999999,Squirrel Hill South,"Pittsburgh city (Allegheny, PA)",0.6519295401017797,2,211
E05280,40.434009,-79.9289909999999,Squirrel Hill South,"Pittsburgh city (Allegheny, PA)",0.6519295401017797,2,211
E08130,40.4358999999999,-79.96137,South Oakland,"Pittsburgh city (Allegheny, PA)",0.6519295401017797,2,211
E01660,40.452829,-79.920856,Squirrel Hill North,"Pittsburgh city (Allegheny, PA)",0.651964496522676,3,870
E01980,40.451839,-79.9240599999999,Squirrel Hill North,"Pittsburgh city (Allegheny, PA)",0.651964496522676,3,870
E01260,40.452049,-79.9238419999999,Shadyside,"Pittsburgh city (Allegheny, PA)",0.651964496522676,3,870
E35510,40.4541499999999,-79.977968,Strip District,"Pittsburgh city (Allegheny, PA)",0.6520715395532539,5,1444
E35470,40.4491069999999,-79.985387,Strip District,"Pittsburgh city (Allegheny, PA)",0.6520715395532539,5,1444
E35480,40.4513359999999,-79.982078,Strip District,"Pittsburgh city (Allegheny, PA)",0.6520715395532539,5,1444
E35520,40.455219,-79.976433,Strip District,"Pittsburgh city (Allegheny, PA)",0.6520715395532539,5,1444
E34890,40.4492479999999,-79.9853289999999,Strip District,"Pittsburgh city (Allegheny, PA)",0.6520841123033813,5,1437
E34910,40.4512399999999,-79.9823829999999,Strip District,"Pittsburgh city (Allegheny, PA)",0.6520841123033813,5,1437
E34950,40.4534629999999,-79.979127,Strip District,"Pittsburgh city (Allegheny, PA)",0.6520841123033813,5,1437
E12350,40.486333,-79.943177,Upper Lawrenceville,"Pittsburgh city (Allegheny, PA)",0.652208528218166,2,511
E11850,40.4852569999999,-79.946171,Upper Lawrenceville,"Pittsburgh city (Allegheny, PA)",0.652208528218166,2,511
E11870,40.4880849999999,-79.9382389999999,Upper Lawrenceville,"Pittsburgh city (Allegheny, PA)",0.652208528218166,2,511
E11830,40.484504,-79.947935,Upper Lawrenceville,"Pittsburgh city (Allegheny, PA)",0.652208528218166,2,511
E05210,40.4346579999999,-79.923434,Squirrel Hill South,"Pittsburgh city (Allegheny, PA)",0.6528243299700058,2,206
E05260,40.4340139999999,-79.9280289999999,Squirrel Hill South,"Pittsburgh city (Allegheny, PA)",0.6528243299700058,2,206
E70886,40.432569,-79.9362919999999,Squirrel Hill South,"Pittsburgh city (Allegheny, PA)",0.6528243299700058,2,206
E05190,40.433678,-79.930687,Squirrel Hill South,"Pittsburgh city (Allegheny, PA)",0.6528243299700058,2,206
E05220,40.433452,-79.932488,Squirrel Hill South,"Pittsburgh city (Allegheny, PA)",0.6528243299700058,2,206
E05250,40.433866,-79.9292229999999,Squirrel Hill South,"Pittsburgh city (Allegheny, PA)",0.6528243299700058,2,206
E05180,40.4344439999999,-79.9248809999999,Squirrel Hill South,"Pittsburgh city (Allegheny, PA)",0.6528243299700058,2,206
E45604,40.464779,-79.9602809999999,Lower Lawrenceville,"Pittsburgh city (Allegheny, PA)",0.6528541336702308,2,391
E46620,40.464131,-79.964031,Lower Lawrenceville,"Pittsburgh city (Allegheny, PA)",0.6528541336702308,2,391
E45620,40.4651179999999,-79.958117,Lower Lawrenceville,"Pittsburgh city (Allegheny, PA)",0.6528541336702308,2,391
E45560,40.4624919999999,-79.9672989999999,Lower Lawrenceville,"Pittsburgh city (Allegheny, PA)",0.6528541336702308,2,391
N32980,40.5164499999999,-80.0043969999999,,"Ross township (Allegheny, PA)",0.6529039239526916,2,218
N33100,40.519167,-80.0047579999999,,"Ross township (Allegheny, PA)",0.6529039239526916,2,218
N32490,40.521805,-80.005137,,"Ross township (Allegheny, PA)",0.6529039239526916,2,218
N32680,40.4991259999999,-80.0128289999999,,"Ross township (Allegheny, PA)",0.6529039239526916,2,218
N32770,40.505594,-80.008172,,"Ross township (Allegheny, PA)",0.6529039239526916,2,218
N32740,40.501455,-80.01133,,"Ross township (Allegheny, PA)",0.6529039239526916,2,218
N09505,40.586508,-80.030364,,"McCandless township (Allegheny, PA)",0.6529117181052978,2,219
E45570,40.464241,-79.96384,Lower Lawrenceville,"Pittsburgh city (Allegheny, PA)",0.6529634395449819,2,394
E45780,40.462837,-79.9669739999999,Lower Lawrenceville,"Pittsburgh city (Allegheny, PA)",0.6529634395449819,2,394
N32750,40.519187,-80.0050399999999,,"Ross township (Allegheny, PA)",0.6530007588044485,2,208
N32430,40.515078,-80.004401,,"Ross township (Allegheny, PA)",0.6530007588044485,2,208
N32855,40.502923,-80.010794,,"Ross township (Allegheny, PA)",0.6530007588044485,2,208
N32790,40.522064,-80.005447,,"Ross township (Allegheny, PA)",0.6530007588044485,2,208
N70092,40.505076,-80.009044,,"Ross township (Allegheny, PA)",0.6530007588044485,2,208
N32760,40.507012,-80.0067899999999,,"Ross township (Allegheny, PA)",0.6530007588044485,2,208
N32670,40.498345,-80.0130539999999,Summer Hill,"Pittsburgh city (Allegheny, PA)",0.6530007588044485,2,208
P04003,40.4415079999999,-80.002779,Central Business District,"Pittsburgh city (Allegheny, PA)",0.6530047683969278,6,640
N32420,40.576748,-80.02597,,"McCandless township (Allegheny, PA)",0.6533277108433735,2,203
E04140,40.4132,-79.845258,,"Forest Hills borough (Allegheny, PA)",0.653374214923547,4,362
N32410,40.576656,-80.0261459999999,,"McCandless township (Allegheny, PA)",0.6534540295898621,2,193
N32700,40.557392,-80.0231019999999,,"McCandless township (Allegheny, PA)",0.6534540295898621,2,193
E56005,40.44532,-79.886694,,"Wilkinsburg borough (Allegheny, PA)",0.6538473288576622,9,1043
N09501,40.585354,-80.0375339999999,,"McCandless township (Allegheny, PA)",0.6540041448402305,2,184
N09506,40.5861629999999,-80.041105,,"McCandless township (Allegheny, PA)",0.6540041448402305,2,184
E39390,40.4524029999999,-79.9642329999999,Upper Hill,"Pittsburgh city (Allegheny, PA)",0.6541397590361445,1,180
E70298,40.4514619999999,-79.9573379999999,Upper Hill,"Pittsburgh city (Allegheny, PA)",0.6541397590361445,1,180
E70778,40.452798,-79.9676819999999,Bedford Dwellings,"Pittsburgh city (Allegheny, PA)",0.6541397590361445,1,180
E70370,40.4423979999999,-79.9663769999999,West Oakland,"Pittsburgh city (Allegheny, PA)",0.6541397590361445,1,180
E70783,40.448301,-79.978277,Bedford Dwellings,"Pittsburgh city (Allegheny, PA)",0.6541397590361445,1,180
E70793,40.451881,-79.9695169999999,Bedford Dwellings,"Pittsburgh city (Allegheny, PA)",0.6541397590361445,1,180
E70786,40.445759,-79.9819509999999,Crawford-Roberts,"Pittsburgh city (Allegheny, PA)",0.6541397590361445,1,180
E70407,40.440285,-79.9656769999999,West Oakland,"Pittsburgh city (Allegheny, PA)",0.6541397590361445,1,180
E56800,40.454858,-79.961966,Upper Hill,"Pittsburgh city (Allegheny, PA)",0.6541397590361445,1,180
E03927,40.4406219999999,-79.9685499999999,Terrace Village,"Pittsburgh city (Allegheny, PA)",0.6541397590361445,1,180
E03940,40.4444999999999,-79.9634649999999,West Oakland,"Pittsburgh city (Allegheny, PA)",0.6541397590361445,1,180
E03926,40.441034,-79.968027,Terrace Village,"Pittsburgh city (Allegheny, PA)",0.6541397590361445,1,180
E03900,40.443342,-79.965153,Terrace Village,"Pittsburgh city (Allegheny, PA)",0.6541397590361445,1,180
E70784,40.447197,-79.980867,Bedford Dwellings,"Pittsburgh city (Allegheny, PA)",0.6541397590361445,1,180
E70297,40.4502049999999,-79.957035,Upper Hill,"Pittsburgh city (Allegheny, PA)",0.6541397590361445,1,180
E16530,40.4441589999999,-79.9806889999999,Middle Hill,"Pittsburgh city (Allegheny, PA)",0.6541397590361445,1,180
E02910,40.4544939999999,-79.9604939999999,Upper Hill,"Pittsburgh city (Allegheny, PA)",0.6541397590361445,1,180
E70785,40.4465509999999,-79.9824009999999,Bedford Dwellings,"Pittsburgh city (Allegheny, PA)",0.6541397590361445,1,180
E70780,40.45092,-79.972098,Bedford Dwellings,"Pittsburgh city (Allegheny, PA)",0.6541397590361445,1,180
E39400,40.453217,-79.96303,Upper Hill,"Pittsburgh city (Allegheny, PA)",0.6541397590361445,1,180
E70452,40.4544429999999,-79.9612269999999,Upper Hill,"Pittsburgh city (Allegheny, PA)",0.6541397590361445,1,180
E70777,40.453012,-79.965879,Bedford Dwellings,"Pittsburgh city (Allegheny, PA)",0.6541397590361445,1,180
E70371,40.4412489999999,-79.967882,West Oakland,"Pittsburgh city (Allegheny, PA)",0.6541397590361445,1,180
E16500,40.445613,-79.981739,Middle Hill,"Pittsburgh city (Allegheny, PA)",0.6541397590361445,1,180
E54205,40.440064,-79.9675139999999,West Oakland,"Pittsburgh city (Allegheny, PA)",0.6541397590361445,1,180
E70790,40.449308,-79.975565,Middle Hill,"Pittsburgh city (Allegheny, PA)",0.6541397590361445,1,180
E16540,40.4443199999999,-79.9809029999999,Crawford-Roberts,"Pittsburgh city (Allegheny, PA)",0.6541397590361445,1,180
E70299,40.451388,-79.9570489999999,Upper Hill,"Pittsburgh city (Allegheny, PA)",0.6541397590361445,1,180
E70779,40.452058,-79.96943,Bedford Dwellings,"Pittsburgh city (Allegheny, PA)",0.6541397590361445,1,180
E14370,40.4526869999999,-79.9585469999999,Upper Hill,"Pittsburgh city (Allegheny, PA)",0.6541397590361445,1,180
E14400,40.4531449999999,-79.9598979999999,Upper Hill,"Pittsburgh city (Allegheny, PA)",0.6541397590361445,1,180
E70782,40.449069,-79.9764689999999,Bedford Dwellings,"Pittsburgh city (Allegheny, PA)",0.6541397590361445,1,180
E70788,40.4470529999999,-79.9810049999999,Middle Hill,"Pittsburgh city (Allegheny, PA)",0.6541397590361445,1,180
E70302,40.4399659999999,-79.967684,Terrace Village,"Pittsburgh city (Allegheny, PA)",0.6541397590361445,1,180
E56920,40.4539929999999,-79.963243,Upper Hill,"Pittsburgh city (Allegheny, PA)",0.6541397590361445,1,180
E70943,40.4481579999999,-79.9588619999999,North Oakland,"Pittsburgh city (Allegheny, PA)",0.6541397590361445,1,180
E70301,40.4492699999999,-79.9576179999999,Upper Hill,"Pittsburgh city (Allegheny, PA)",0.6541397590361445,1,180
E70084,40.442734,-79.9658589999999,West Oakland,"Pittsburgh city (Allegheny, PA)",0.6541397590361445,1,180
E70787,40.4464169999999,-79.982332,Middle Hill,"Pittsburgh city (Allegheny, PA)",0.6541397590361445,1,180
E02890,40.4533879999999,-79.9579949999999,Upper Hill,"Pittsburgh city (Allegheny, PA)",0.6541397590361445,1,180
E70792,40.4507389999999,-79.9723199999999,Bedford Dwellings,"Pittsburgh city (Allegheny, PA)",0.6541397590361445,1,180
E70789,40.448092,-79.978408,Middle Hill,"Pittsburgh city (Allegheny, PA)",0.6541397590361445,1,180
E70794,40.4526169999999,-79.967781,Middle Hill,"Pittsburgh city (Allegheny, PA)",0.6541397590361445,1,180
E70273,40.440618,-79.9688139999999,Terrace Village,"Pittsburgh city (Allegheny, PA)",0.6541397590361445,1,180
E70300,40.4502529999999,-79.957085,Upper Hill,"Pittsburgh city (Allegheny, PA)",0.6541397590361445,1,180
E70791,40.4500549999999,-79.9739349999999,Middle Hill,"Pittsburgh city (Allegheny, PA)",0.6541397590361445,1,180
E02900,40.4529569999999,-79.956719,Upper Hill,"Pittsburgh city (Allegheny, PA)",0.6541397590361445,1,180
E44620,40.4543409999999,-79.9614749999999,Upper Hill,"Pittsburgh city (Allegheny, PA)",0.6541397590361445,1,180
E03930,40.4443699999999,-79.9637419999999,Terrace Village,"Pittsburgh city (Allegheny, PA)",0.6541397590361445,1,180
E70795,40.4528749999999,-79.9652569999999,Middle Hill,"Pittsburgh city (Allegheny, PA)",0.6541397590361445,1,180
E70373,40.4437,-79.9804469999999,Crawford-Roberts,"Pittsburgh city (Allegheny, PA)",0.6541397590361445,1,180
E70781,40.450214,-79.973764,Bedford Dwellings,"Pittsburgh city (Allegheny, PA)",0.6541397590361445,1,180
E12486,40.452088,-79.9588049999999,Upper Hill,"Pittsburgh city (Allegheny, PA)",0.6541397590361445,1,180
E03910,40.443162,-79.9652339999999,West Oakland,"Pittsburgh city (Allegheny, PA)",0.6541397590361445,1,180
E70296,40.449285,-79.957542,Upper Hill,"Pittsburgh city (Allegheny, PA)",0.6541397590361445,1,180
E70217,40.446697,-79.960418,Terrace Village,"Pittsburgh city (Allegheny, PA)",0.6541397590361445,1,180
N32690,40.5462599999999,-80.01698,,"Ross township (Allegheny, PA)",0.6545757159971971,2,65
N32720,40.550342,-80.019084,,"Ross township (Allegheny, PA)",0.6545757159971971,2,65
N18320,40.468904,-80.0013469999999,Spring Hill-City View,"Pittsburgh city (Allegheny, PA)",0.654610843373494,1,168
N70210,40.549619,-80.015005,,"Ross township (Allegheny, PA)",0.654610843373494,1,169
N18005,40.4622559999999,-79.998861,Spring Hill-City View,"Pittsburgh city (Allegheny, PA)",0.654610843373494,1,168
N07290,40.566028,-80.0165169999999,,"McCandless township (Allegheny, PA)",0.654610843373494,1,163
N33040,40.493465,-80.0115969999999,Perry North,"Pittsburgh city (Allegheny, PA)",0.654610843373494,1,163
N07070,40.564016,-80.0192899999999,,"McCandless township (Allegheny, PA)",0.654610843373494,1,168
N15698,40.5635309999999,-80.023052,,"McCandless township (Allegheny, PA)",0.654610843373494,1,168
N13620,40.455741,-80.0025579999999,Allegheny Center,"Pittsburgh city (Allegheny, PA)",0.654610843373494,1,163
N32380,40.5540129999999,-80.0165219999999,,"McCandless township (Allegheny, PA)",0.654610843373494,1,169
N15696,40.563606,-80.022751,,"McCandless township (Allegheny, PA)",0.654610843373494,1,163
N17815,40.4659959999999,-79.99984,Spring Hill-City View,"Pittsburgh city (Allegheny, PA)",0.654610843373494,1,163
N15910,40.57217,-80.0224379999999,,"McCandless township (Allegheny, PA)",0.654610843373494,1,168
N18180,40.469084,-80.001562,Spring Hill-City View,"Pittsburgh city (Allegheny, PA)",0.654610843373494,1,163
N07045,40.567435,-80.0165559999999,,"McCandless township (Allegheny, PA)",0.654610843373494,1,163
N15935,40.572107,-80.022649,,"McCandless township (Allegheny, PA)",0.654610843373494,1,163
N18700,40.4887459999999,-80.0102949999999,Perry North,"Pittsburgh city (Allegheny, PA)",0.654610843373494,1,163
N32590,40.493996,-80.011604,Summer Hill,"Pittsburgh city (Allegheny, PA)",0.654610843373494,1,168
N17880,40.4822199999999,-80.0058549999999,Northview Heights,"Pittsburgh city (Allegheny, PA)",0.654610843373494,1,168
N06570,40.568125,-80.016444,,"McCandless township (Allegheny, PA)",0.654610843373494,1,168
N17870,40.476754,-80.0067039999999,Northview Heights,"Pittsburgh city (Allegheny, PA)",0.654610843373494,1,168
N31400,40.457861,-79.99799,East Allegheny,"Pittsburgh city (Allegheny, PA)",0.654610843373494,1,168
N15900,40.5719599999999,-80.0184349999999,,"McCandless township (Allegheny, PA)",0.654610843373494,1,168
N18010,40.465814,-79.9996419999999,Spring Hill-City View,"Pittsburgh city (Allegheny, PA)",0.654610843373494,1,168
N18970,40.4883969999999,-80.010081,Summer Hill,"Pittsburgh city (Allegheny, PA)",0.654610843373494,1,168
N17850,40.47453,-80.0050739999999,Northview Heights,"Pittsburgh city (Allegheny, PA)",0.654610843373494,1,168
N13580,40.4561119999999,-80.002532,East Allegheny,"Pittsburgh city (Allegheny, PA)",0.654610843373494,1,168
N18210,40.4747709999999,-80.005385,Northview Heights,"Pittsburgh city (Allegheny, PA)",0.654610843373494,1,163
N06680,40.5582449999999,-80.022979,,"McCandless township (Allegheny, PA)",0.654610843373494,1,168
N18275,40.462822,-79.998985,Spring Hill-City View,"Pittsburgh city (Allegheny, PA)",0.654610843373494,1,163
N71251,40.5742199999999,-80.014891,,"McCandless township (Allegheny, PA)",0.654610843373494,1,169
N38580,40.4564779999999,-80.0014189999999,East Allegheny,"Pittsburgh city (Allegheny, PA)",0.654610843373494,1,163
N06565,40.569004,-80.016491,,"McCandless township (Allegheny, PA)",0.654610843373494,1,163
N38700,40.456629,-80.000195,East Allegheny,"Pittsburgh city (Allegheny, PA)",0.654610843373494,1,168
N71317,40.552714,-80.0187399999999,,"Ross township (Allegheny, PA)",0.654610843373494,1,169
N17860,40.476913,-80.006848,Northview Heights,"Pittsburgh city (Allegheny, PA)",0.654610843373494,1,163
N15925,40.571888,-80.018456,,"McCandless township (Allegheny, PA)",0.654610843373494,1,163
N06450,40.5642259999999,-80.019086,,"McCandless township (Allegheny, PA)",0.654610843373494,1,163
N06930,40.565949,-80.016424,,"McCandless township (Allegheny, PA)",0.654610843373494,1,168
N18220,40.48227,-80.005994,Northview Heights,"Pittsburgh city (Allegheny, PA)",0.654610843373494,1,163
N38140,40.572155,-80.013514,,"McCandless township (Allegheny, PA)",0.654610843373494,1,169
N38690,40.456696,-80.0002669999999,East Allegheny,"Pittsburgh city (Allegheny, PA)",0.654610843373494,1,163
E35440,40.4589039999999,-79.9440199999999,Bloomfield,"Pittsburgh city (Allegheny, PA)",0.6546467455186601,2,494
E35190,40.4565619999999,-79.9393919999999,Bloomfield,"Pittsburgh city (Allegheny, PA)",0.6546467455186601,2,494
E35200,40.4567109999999,-79.939926,Bloomfield,"Pittsburgh city (Allegheny, PA)",0.6546467455186601,2,494
E35300,40.4594549999999,-79.9450609999999,Bloomfield,"Pittsburgh city (Allegheny, PA)",0.6546467455186601,2,494
E35290,40.459412,-79.9447219999999,Bloomfield,"Pittsburgh city (Allegheny, PA)",0.6546467455186601,2,494
E35390,40.457931,-79.94221,Bloomfield,"Pittsburgh city (Allegheny, PA)",0.6546467455186601,2,494
E35395,40.457293,-79.9410129999999,Bloomfield,"Pittsburgh city (Allegheny, PA)",0.6546467455186601,2,494
E35430,40.4588139999999,-79.9435909999999,Bloomfield,"Pittsburgh city (Allegheny, PA)",0.6546467455186601,2,494
E35380,40.457999,-79.9420709999999,Bloomfield,"Pittsburgh city (Allegheny, PA)",0.6546467455186601,2,494
E04150,40.413048,-79.844834,,"Forest Hills borough (Allegheny, PA)",0.6547133898292616,4,362
N32400,40.553164,-80.0207029999999,,"Ross township (Allegheny, PA)",0.6547633654866564,3,229
E16015,40.4560109999999,-79.9108559999999,Larimer,"Pittsburgh city (Allegheny, PA)",0.6548923382931665,7,893
E12050,40.4814719999999,-79.95359,Upper Lawrenceville,"Pittsburgh city (Allegheny, PA)",0.6550081106142134,3,714
E11800,40.4827859999999,-79.9512809999999,Upper Lawrenceville,"Pittsburgh city (Allegheny, PA)",0.6550081106142134,3,714
E11820,40.483504,-79.949988,Upper Lawrenceville,"Pittsburgh city (Allegheny, PA)",0.6550081106142134,3,714
E11770,40.480283,-79.954491,Upper Lawrenceville,"Pittsburgh city (Allegheny, PA)",0.6550081106142134,3,714
E35630,40.46276,-79.9573929999999,Lower Lawrenceville,"Pittsburgh city (Allegheny, PA)",0.6550274213506406,3,626
E35600,40.461832,-79.96387,Lower Lawrenceville,"Pittsburgh city (Allegheny, PA)",0.6550274213506406,3,626
E35610,40.4619769999999,-79.962108,Lower Lawrenceville,"Pittsburgh city (Allegheny, PA)",0.6550274213506406,3,626
E35220,40.463092,-79.955382,Bloomfield,"Pittsburgh city (Allegheny, PA)",0.6550274213506406,3,626
E35620,40.462457,-79.959236,Lower Lawrenceville,"Pittsburgh city (Allegheny, PA)",0.6550274213506406,3,626
E35160,40.4625679999999,-79.9591539999999,Lower Lawrenceville,"Pittsburgh city (Allegheny, PA)",0.655046850724171,3,627
E35340,40.4634379999999,-79.953997,Bloomfield,"Pittsburgh city (Allegheny, PA)",0.655046850724171,3,627
E35170,40.463033,-79.956405,Bloomfield,"Pittsburgh city (Allegheny, PA)",0.655046850724171,3,627
E35150,40.4621259999999,-79.9618629999999,Lower Lawrenceville,"Pittsburgh city (Allegheny, PA)",0.655046850724171,3,627
E70040,40.461936,-79.9638309999999,Lower Lawrenceville,"Pittsburgh city (Allegheny, PA)",0.655046850724171,3,627
E35210,40.4632519999999,-79.955043,Bloomfield,"Pittsburgh city (Allegheny, PA)",0.655046850724171,3,627
P01940,40.440094,-79.996232,Central Business District,"Pittsburgh city (Allegheny, PA)",0.6551144558277455,3,110
E34990,40.455463,-79.9762269999999,Strip District,"Pittsburgh city (Allegheny, PA)",0.6551430753114341,3,632
E34970,40.4544799999999,-79.977677,Strip District,"Pittsburgh city (Allegheny, PA)",0.6551430753114341,3,632
N32540,40.545997,-80.017083,,"Ross township (Allegheny, PA)",0.6551929694387305,2,60
N71307,40.5497099999999,-80.019092,,"Ross township (Allegheny, PA)",0.6551929694387305,2,60
E12040,40.481755,-79.953264,Upper Lawrenceville,"Pittsburgh city (Allegheny, PA)",0.6552232149341044,3,713
E11790,40.482944,-79.9511509999999,Upper Lawrenceville,"Pittsburgh city (Allegheny, PA)",0.6552232149341044,3,713
E11810,40.4837369999999,-79.9497099999999,Upper Lawrenceville,"Pittsburgh city (Allegheny, PA)",0.6552232149341044,3,713
E11780,40.480536,-79.954463,Upper Lawrenceville,"Pittsburgh city (Allegheny, PA)",0.6552232149341044,3,713
E42000,40.468642,-79.9275159999999,East Liberty,"Pittsburgh city (Allegheny, PA)",0.6557770864998095,2,627
E41940,40.465544,-79.9293969999999,East Liberty,"Pittsburgh city (Allegheny, PA)",0.6557770864998095,2,627
E41910,40.464592,-79.929957,East Liberty,"Pittsburgh city (Allegheny, PA)",0.6557770864998095,2,627
E41920,40.466532,-79.928798,East Liberty,"Pittsburgh city (Allegheny, PA)",0.6557770864998095,2,627
E41840,40.469639,-79.926972,East Liberty,"Pittsburgh city (Allegheny, PA)",0.6557770864998095,2,627
E41830,40.46988,-79.9270669999999,East Liberty,"Pittsburgh city (Allegheny, PA)",0.6557770864998095,2,627
E42020,40.4659959999999,-79.9292439999999,Garfield,"Pittsburgh city (Allegheny, PA)",0.6557770864998095,2,627
E42030,40.4668629999999,-79.9287209999999,Garfield,"Pittsburgh city (Allegheny, PA)",0.6557770864998095,2,627
E41760,40.4675179999999,-79.928196,East Liberty,"Pittsburgh city (Allegheny, PA)",0.6557770864998095,2,627
E41720,40.4646029999999,-79.9300929999999,Garfield,"Pittsburgh city (Allegheny, PA)",0.6557770864998095,2,627
E41870,40.467857,-79.928116,Garfield,"Pittsburgh city (Allegheny, PA)",0.6557770864998095,2,627
E41690,40.4689029999999,-79.92749,East Liberty,"Pittsburgh city (Allegheny, PA)",0.6557770864998095,2,627
E26510,40.452353,-79.8876649999999,Homewood South,"Pittsburgh city (Allegheny, PA)",0.6559621951219512,1,380
E26470,40.4562689999999,-79.9048999999999,Homewood West,"Pittsburgh city (Allegheny, PA)",0.6559621951219512,1,380
E26600,40.455711,-79.9020819999999,Homewood South,"Pittsburgh city (Allegheny, PA)",0.6559621951219512,1,380
E26660,40.4567449999999,-79.9069989999999,Homewood West,"Pittsburgh city (Allegheny, PA)",0.6559621951219512,1,380
E26640,40.453591,-79.893116,Homewood South,"Pittsburgh city (Allegheny, PA)",0.6559621951219512,1,380
E70292,40.451715,-79.884876,Homewood South,"Pittsburgh city (Allegheny, PA)",0.6559621951219512,1,380
E26430,40.452728,-79.889339,Homewood South,"Pittsburgh city (Allegheny, PA)",0.6559621951219512,1,380
E26590,40.4521129999999,-79.8866409999999,Homewood South,"Pittsburgh city (Allegheny, PA)",0.6559621951219512,1,380
E26610,40.4556919999999,-79.902364,Homewood West,"Pittsburgh city (Allegheny, PA)",0.6559621951219512,1,380
E26560,40.4551039999999,-79.8997669999999,Homewood South,"Pittsburgh city (Allegheny, PA)",0.6559621951219512,1,380
E26630,40.454129,-79.895127,Homewood South,"Pittsburgh city (Allegheny, PA)",0.6559621951219512,1,380
E26520,40.454644,-79.8973909999999,Homewood South,"Pittsburgh city (Allegheny, PA)",0.6559621951219512,1,380
E26440,40.453609,-79.892823,Homewood South,"Pittsburgh city (Allegheny, PA)",0.6559621951219512,1,380
E26400,40.453121,-79.8906939999999,Homewood South,"Pittsburgh city (Allegheny, PA)",0.6559621951219512,1,380
E26410,40.4531709999999,-79.8912969999999,Homewood South,"Pittsburgh city (Allegheny, PA)",0.6559621951219512,1,380
E26570,40.4566659999999,-79.9063069999999,Homewood West,"Pittsburgh city (Allegheny, PA)",0.6559621951219512,1,380
E01380,40.455578,-79.910663,Point Breeze North,"Pittsburgh city (Allegheny, PA)",0.6559621951219512,1,380
E26370,40.4571469999999,-79.908405,Homewood West,"Pittsburgh city (Allegheny, PA)",0.6559621951219512,1,380
E70290,40.4520419999999,-79.8859489999999,Homewood South,"Pittsburgh city (Allegheny, PA)",0.6559621951219512,1,380
E26670,40.454076,-79.895263,Homewood South,"Pittsburgh city (Allegheny, PA)",0.6559621951219512,1,380
E26460,40.45629,-79.904615,Homewood West,"Pittsburgh city (Allegheny, PA)",0.6559621951219512,1,380
E26380,40.457033,-79.9082829999999,Homewood West,"Pittsburgh city (Allegheny, PA)",0.6559621951219512,1,380
E26420,40.452717,-79.8889099999999,Homewood South,"Pittsburgh city (Allegheny, PA)",0.6559621951219512,1,380
E26530,40.4546309999999,-79.897689,Homewood South,"Pittsburgh city (Allegheny, PA)",0.6559621951219512,1,380
E26550,40.455119,-79.8994979999999,Homewood South,"Pittsburgh city (Allegheny, PA)",0.6559621951219512,1,380
E26500,40.452376,-79.887422,Homewood South,"Pittsburgh city (Allegheny, PA)",0.6559621951219512,1,380
E06215,40.420957,-79.927575,Greenfield,"Pittsburgh city (Allegheny, PA)",0.6567816417640543,2,130
E06160,40.428213,-79.933739,Greenfield,"Pittsburgh city (Allegheny, PA)",0.6567816417640543,2,130
E05960,40.419752,-79.9272799999999,Greenfield,"Pittsburgh city (Allegheny, PA)",0.6567816417640543,2,130
E06180,40.4276309999999,-79.9361569999999,Greenfield,"Pittsburgh city (Allegheny, PA)",0.6567816417640543,2,130
E70895,40.427365,-79.9280629999999,Greenfield,"Pittsburgh city (Allegheny, PA)",0.6567816417640543,2,130
E70882,40.42551,-79.9268519999999,Greenfield,"Pittsburgh city (Allegheny, PA)",0.6567816417640543,2,130
E05980,40.423152,-79.927605,Greenfield,"Pittsburgh city (Allegheny, PA)",0.6567816417640543,2,130
E06140,40.4282979999999,-79.93088,Greenfield,"Pittsburgh city (Allegheny, PA)",0.6567816417640543,2,130
E25085,40.424821,-79.9524009999999,Hazelwood,"Pittsburgh city (Allegheny, PA)",0.656941579300515,3,364
E41080,40.4399209999999,-79.923122,Squirrel Hill North,"Pittsburgh city (Allegheny, PA)",0.6572341463414634,1,148
E41390,40.4438639999999,-79.923811,Squirrel Hill North,"Pittsburgh city (Allegheny, PA)",0.6572341463414634,1,148
E43030,40.4670509999999,-79.890073,Lincoln-Lemington-Belmar,"Pittsburgh city (Allegheny, PA)",0.6572341463414634,1,148
E29890,40.4490249999999,-79.9013949999999,Point Breeze,"Pittsburgh city (Allegheny, PA)",0.6572341463414634,1,148
E45130,40.468037,-79.9034929999999,Lincoln-Lemington-Belmar,"Pittsburgh city (Allegheny, PA)",0.6572341463414634,1,148
E70343,40.461688,-79.889936,Homewood North,"Pittsburgh city (Allegheny, PA)",0.6572341463414634,1,148
E29740,40.454737,-79.8975049999999,Homewood South,"Pittsburgh city (Allegheny, PA)",0.6572341463414634,1,148
E56220,40.472498,-79.896703,Lincoln-Lemington-Belmar,"Pittsburgh city (Allegheny, PA)",0.6572341463414634,1,148
E70998,40.460883,-79.889734,Homewood North,"Pittsburgh city (Allegheny, PA)",0.6572341463414634,1,148
E29900,40.449375,-79.9012409999999,Point Breeze North,"Pittsburgh city (Allegheny, PA)",0.6572341463414634,1,148
E34770,40.4701499999999,-79.897221,Lincoln-Lemington-Belmar,"Pittsburgh city (Allegheny, PA)",0.6572341463414634,1,148
E48520,40.4479839999999,-79.9079169999999,Point Breeze,"Pittsburgh city (Allegheny, PA)",0.6572341463414634,1,148
E70751,40.4629279999999,-79.8917959999999,Lincoln-Lemington-Belmar,"Pittsburgh city (Allegheny, PA)",0.6572341463414634,1,148
E70753,40.462032,-79.8908899999999,Lincoln-Lemington-Belmar,"Pittsburgh city (Allegheny, PA)",0.6572341463414634,1,148
E70746,40.46464,-79.89099,Lincoln-Lemington-Belmar,"Pittsburgh city (Allegheny, PA)",0.6572341463414634,1,148
E43000,40.46632,-79.89011,Lincoln-Lemington-Belmar,"Pittsburgh city (Allegheny, PA)",0.6572341463414634,1,148
E34353,40.464396,-79.915982,Larimer,"Pittsburgh city (Allegheny, PA)",0.6572341463414634,1,148
E70742,40.463408,-79.8917359999999,Lincoln-Lemington-Belmar,"Pittsburgh city (Allegheny, PA)",0.6572341463414634,1,148
E70740,40.462504,-79.8908229999999,Lincoln-Lemington-Belmar,"Pittsburgh city (Allegheny, PA)",0.6572341463414634,1,148
E42990,40.464863,-79.890083,Lincoln-Lemington-Belmar,"Pittsburgh city (Allegheny, PA)",0.6572341463414634,1,148
E29760,40.46029,-79.895222,Homewood North,"Pittsburgh city (Allegheny, PA)",0.6572341463414634,1,148
E70331,40.4618949999999,-79.8936089999999,Homewood North,"Pittsburgh city (Allegheny, PA)",0.6572341463414634,1,148
E70268,40.46535,-79.9144419999999,Larimer,"Pittsburgh city (Allegheny, PA)",0.6572341463414634,1,148
E70862,40.4302759999999,-79.9177389999999,Squirrel Hill South,"Pittsburgh city (Allegheny, PA)",0.6572341463414634,1,148
E70330,40.460737,-79.8885369999999,Homewood North,"Pittsburgh city (Allegheny, PA)",0.6572341463414634,1,148
E16270,40.469236,-79.9056709999999,Lincoln-Lemington-Belmar,"Pittsburgh city (Allegheny, PA)",0.6572341463414634,1,148
E16300,40.4680329999999,-79.9037249999999,Lincoln-Lemington-Belmar,"Pittsburgh city (Allegheny, PA)",0.6572341463414634,1,148
E55250,40.461252,-79.891687,Homewood North,"Pittsburgh city (Allegheny, PA)",0.6572341463414634,1,148
E45080,40.468572,-79.9019009999999,Lincoln-Lemington-Belmar,"Pittsburgh city (Allegheny, PA)",0.6572341463414634,1,148
E29730,40.454534,-79.897553,Homewood South,"Pittsburgh city (Allegheny, PA)",0.6572341463414634,1,148
E70752,40.462583,-79.89096,Lincoln-Lemington-Belmar,"Pittsburgh city (Allegheny, PA)",0.6572341463414634,1,148
E70455,40.461463,-79.8921689999999,Homewood North,"Pittsburgh city (Allegheny, PA)",0.6572341463414634,1,148
E34780,40.4700399999999,-79.897029,Lincoln-Lemington-Belmar,"Pittsburgh city (Allegheny, PA)",0.6572341463414634,1,148
E29860,40.461303,-79.894734,Homewood North,"Pittsburgh city (Allegheny, PA)",0.6572341463414634,1,148
E70745,40.465035,-79.8927889999999,Lincoln-Lemington-Belmar,"Pittsburgh city (Allegheny, PA)",0.6572341463414634,1,148
E29920,40.45893,-79.8957479999999,Homewood North,"Pittsburgh city (Allegheny, PA)",0.6572341463414634,1,148
E70419,40.464255,-79.9160889999999,Larimer,"Pittsburgh city (Allegheny, PA)",0.6572341463414634,1,148
E34820,40.4670259999999,-79.8917469999999,Lincoln-Lemington-Belmar,"Pittsburgh city (Allegheny, PA)",0.6572341463414634,1,148
E29702,40.4529459999999,-79.8986239999999,Homewood South,"Pittsburgh city (Allegheny, PA)",0.6572341463414634,1,148
E34750,40.468713,-79.8959569999999,Lincoln-Lemington-Belmar,"Pittsburgh city (Allegheny, PA)",0.6572341463414634,1,148
E41310,40.4413249999999,-79.9233069999999,Squirrel Hill North,"Pittsburgh city (Allegheny, PA)",0.6572341463414634,1,148
E29870,40.4615319999999,-79.8947239999999,Homewood North,"Pittsburgh city (Allegheny, PA)",0.6572341463414634,1,148
E51310,40.433464,-79.9184949999999,Squirrel Hill South,"Pittsburgh city (Allegheny, PA)",0.6572341463414634,1,148
E34790,40.467089,-79.89171,Lincoln-Lemington-Belmar,"Pittsburgh city (Allegheny, PA)",0.6572341463414634,1,148
E29750,40.460095,-79.895206,Homewood North,"Pittsburgh city (Allegheny, PA)",0.6572341463414634,1,148
E70741,40.462797,-79.8916179999999,Lincoln-Lemington-Belmar,"Pittsburgh city (Allegheny, PA)",0.6572341463414634,1,148
E45250,40.4686889999999,-79.90178,Lincoln-Lemington-Belmar,"Pittsburgh city (Allegheny, PA)",0.6572341463414634,1,148
E34810,40.4669659999999,-79.8934359999999,Lincoln-Lemington-Belmar,"Pittsburgh city (Allegheny, PA)",0.6572341463414634,1,148
E70267,40.465215,-79.9145919999999,Larimer,"Pittsburgh city (Allegheny, PA)",0.6572341463414634,1,148
E29790,40.453066,-79.8986249999999,Homewood South,"Pittsburgh city (Allegheny, PA)",0.6572341463414634,1,148
E29980,40.4507789999999,-79.900146,Point Breeze North,"Pittsburgh city (Allegheny, PA)",0.6572341463414634,1,148
E58020,40.4738469999999,-79.897653,Lincoln-Lemington-Belmar,"Pittsburgh city (Allegheny, PA)",0.6572341463414634,1,148
E48480,40.4464979999999,-79.9034419999999,Point Breeze,"Pittsburgh city (Allegheny, PA)",0.6572341463414634,1,148
E34450,40.466259,-79.912113,Larimer,"Pittsburgh city (Allegheny, PA)",0.6572341463414634,1,148
E34310,40.4679539999999,-79.9071249999999,Lincoln-Lemington-Belmar,"Pittsburgh city (Allegheny, PA)",0.6572341463414634,1,148
E70333,40.461891,-79.8937949999999,Homewood North,"Pittsburgh city (Allegheny, PA)",0.6572341463414634,1,148
E54460,40.431418,-79.918057,Squirrel Hill South,"Pittsburgh city (Allegheny, PA)",0.6572341463414634,1,148
E70762,40.465682,-79.913453,Larimer,"Pittsburgh city (Allegheny, PA)",0.6572341463414634,1,148
E48490,40.447246,-79.905737,Point Breeze,"Pittsburgh city (Allegheny, PA)",0.6572341463414634,1,148
E48510,40.4479529999999,-79.9075979999999,Point Breeze,"Pittsburgh city (Allegheny, PA)",0.6572341463414634,1,148
E48500,40.4472379999999,-79.905533,Point Breeze,"Pittsburgh city (Allegheny, PA)",0.6572341463414634,1,148
E55303,40.478217,-79.8989749999999,Lincoln-Lemington-Belmar,"Pittsburgh city (Allegheny, PA)",0.6572341463414634,1,148
E70747,40.4650749999999,-79.892767,Lincoln-Lemington-Belmar,"Pittsburgh city (Allegheny, PA)",0.6572341463414634,1,148
E58040,40.473733,-79.897653,Lincoln-Lemington-Belmar,"Pittsburgh city (Allegheny, PA)",0.6572341463414634,1,148
E70743,40.4638479999999,-79.8932499999999,Lincoln-Lemington-Belmar,"Pittsburgh city (Allegheny, PA)",0.6572341463414634,1,148
E45180,40.468288,-79.9028399999999,Lincoln-Lemington-Belmar,"Pittsburgh city (Allegheny, PA)",0.6572341463414634,1,148
E41360,40.442791,-79.9235919999999,Squirrel Hill North,"Pittsburgh city (Allegheny, PA)",0.6572341463414634,1,148
E70754,40.4616559999999,-79.8899669999999,Homewood North,"Pittsburgh city (Allegheny, PA)",0.6572341463414634,1,148
E29820,40.455404,-79.897035,Homewood South,"Pittsburgh city (Allegheny, PA)",0.6572341463414634,1,148
E29990,40.4510849999999,-79.9000149999999,Point Breeze North,"Pittsburgh city (Allegheny, PA)",0.6572341463414634,1,148
E29690,40.456356,-79.896663,Homewood South,"Pittsburgh city (Allegheny, PA)",0.6572341463414634,1,148
E41070,40.439579,-79.9230069999999,Squirrel Hill North,"Pittsburgh city (Allegheny, PA)",0.6572341463414634,1,148
E54430,40.4304109999999,-79.91781,Squirrel Hill South,"Pittsburgh city (Allegheny, PA)",0.6572341463414634,1,148
E70328,40.476241,-79.8985229999999,Lincoln-Lemington-Belmar,"Pittsburgh city (Allegheny, PA)",0.6572341463414634,1,148
E70763,40.46611,-79.912315,Larimer,"Pittsburgh city (Allegheny, PA)",0.6572341463414634,1,148
E34740,40.468895,-79.896196,Lincoln-Lemington-Belmar,"Pittsburgh city (Allegheny, PA)",0.6572341463414634,1,148
E70863,40.431604,-79.9180199999999,Squirrel Hill South,"Pittsburgh city (Allegheny, PA)",0.6572341463414634,1,148
E43040,40.4664379999999,-79.89006,Lincoln-Lemington-Belmar,"Pittsburgh city (Allegheny, PA)",0.6572341463414634,1,148
E70748,40.464796,-79.89498,Lincoln-Lemington-Belmar,"Pittsburgh city (Allegheny, PA)",0.6572341463414634,1,148
E29830,40.455679,-79.897008,Homewood South,"Pittsburgh city (Allegheny, PA)",0.6572341463414634,1,148
E41180,40.438273,-79.923017,Squirrel Hill North,"Pittsburgh city (Allegheny, PA)",0.6572341463414634,1,148
E70864,40.4279259999999,-79.9162919999999,Squirrel Hill South,"Pittsburgh city (Allegheny, PA)",0.6572341463414634,1,148
E45280,40.469617,-79.8991879999999,Lincoln-Lemington-Belmar,"Pittsburgh city (Allegheny, PA)",0.6572341463414634,1,148
E41365,40.442982,-79.923724,Squirrel Hill North,"Pittsburgh city (Allegheny, PA)",0.6572341463414634,1,148
E55260,40.460877,-79.889998,Homewood North,"Pittsburgh city (Allegheny, PA)",0.6572341463414634,1,148
E29720,40.4576849999999,-79.8961489999999,Homewood North,"Pittsburgh city (Allegheny, PA)",0.6572341463414634,1,148
E70744,40.464824,-79.89489,Lincoln-Lemington-Belmar,"Pittsburgh city (Allegheny, PA)",0.6572341463414634,1,148
E51320,40.433632,-79.9185999999999,Squirrel Hill South,"Pittsburgh city (Allegheny, PA)",0.6572341463414634,1,148
E41400,40.443606,-79.923839,Squirrel Hill North,"Pittsburgh city (Allegheny, PA)",0.6572341463414634,1,148
E34760,40.467114,-79.8902279999999,Lincoln-Lemington-Belmar,"Pittsburgh city (Allegheny, PA)",0.6572341463414634,1,148
E29910,40.45877,-79.895722,Homewood North,"Pittsburgh city (Allegheny, PA)",0.6572341463414634,1,148
E30010,40.448104,-79.9020649999999,Point Breeze,"Pittsburgh city (Allegheny, PA)",0.6572341463414634,1,148
E70112,40.467793,-79.907257,Lincoln-Lemington-Belmar,"Pittsburgh city (Allegheny, PA)",0.6572341463414634,1,148
E34830,40.466909,-79.893747,Lincoln-Lemington-Belmar,"Pittsburgh city (Allegheny, PA)",0.6572341463414634,1,148
E29950,40.448219,-79.9020479999999,Point Breeze,"Pittsburgh city (Allegheny, PA)",0.6572341463414634,1,148
E29940,40.446598,-79.9031619999999,Point Breeze,"Pittsburgh city (Allegheny, PA)",0.6572341463414634,1,148
E54400,40.42857,-79.9184939999999,Squirrel Hill South,"Pittsburgh city (Allegheny, PA)",0.6572341463414634,1,148
E58030,40.472594,-79.896726,Lincoln-Lemington-Belmar,"Pittsburgh city (Allegheny, PA)",0.6572341463414634,1,148
E34559,40.465761,-79.913391,Larimer,"Pittsburgh city (Allegheny, PA)",0.6572341463414634,1,148
E45150,40.4700139999999,-79.897249,Lincoln-Lemington-Belmar,"Pittsburgh city (Allegheny, PA)",0.6572341463414634,1,148
E34268,40.46844,-79.9065339999999,Lincoln-Lemington-Belmar,"Pittsburgh city (Allegheny, PA)",0.6572341463414634,1,148
E48470,40.4487299999999,-79.909936,Point Breeze,"Pittsburgh city (Allegheny, PA)",0.6572341463414634,1,148
E56210,40.4714979999999,-79.898132,Lincoln-Lemington-Belmar,"Pittsburgh city (Allegheny, PA)",0.6572341463414634,1,148
E41320,40.4415539999999,-79.9234419999999,Squirrel Hill North,"Pittsburgh city (Allegheny, PA)",0.6572341463414634,1,148
E51290,40.4352149999999,-79.9188989999999,Squirrel Hill South,"Pittsburgh city (Allegheny, PA)",0.6572341463414634,1,148
E34270,40.468625,-79.9064489999999,Lincoln-Lemington-Belmar,"Pittsburgh city (Allegheny, PA)",0.6572341463414634,1,148
E51560,40.434362,-79.91871,Squirrel Hill South,"Pittsburgh city (Allegheny, PA)",0.6572341463414634,1,148
E34300,40.4691389999999,-79.905838,Lincoln-Lemington-Belmar,"Pittsburgh city (Allegheny, PA)",0.6572341463414634,1,148
E29700,40.4565759999999,-79.8966599999999,Homewood South,"Pittsburgh city (Allegheny, PA)",0.6572341463414634,1,148
E55211,40.4605529999999,-79.8886069999999,Homewood North,"Pittsburgh city (Allegheny, PA)",0.6572341463414634,1,148
E34275,40.463776,-79.916916,Larimer,"Pittsburgh city (Allegheny, PA)",0.6572341463414634,1,148
E29710,40.4575049999999,-79.896304,Homewood North,"Pittsburgh city (Allegheny, PA)",0.6572341463414634,1,148
E70955,40.463788,-79.9168319999999,Larimer,"Pittsburgh city (Allegheny, PA)",0.6572341463414634,1,148
E70750,40.463481,-79.8918819999999,Lincoln-Lemington-Belmar,"Pittsburgh city (Allegheny, PA)",0.6572341463414634,1,148
E70739,40.4618759999999,-79.890732,Lincoln-Lemington-Belmar,"Pittsburgh city (Allegheny, PA)",0.6572341463414634,1,148
E70329,40.461326,-79.8886349999999,Homewood North,"Pittsburgh city (Allegheny, PA)",0.6572341463414634,1,148
E34800,40.471383,-79.8981079999999,Lincoln-Lemington-Belmar,"Pittsburgh city (Allegheny, PA)",0.6572341463414634,1,148
E45200,40.4694659999999,-79.8995149999999,Lincoln-Lemington-Belmar,"Pittsburgh city (Allegheny, PA)",0.6572341463414634,1,148
E70749,40.4639209999999,-79.8936669999999,Lincoln-Lemington-Belmar,"Pittsburgh city (Allegheny, PA)",0.6572341463414634,1,148
E05970,40.4229139999999,-79.9275559999999,Greenfield,"Pittsburgh city (Allegheny, PA)",0.6574555479370056,2,135
E05920,40.4208599999999,-79.927419,Greenfield,"Pittsburgh city (Allegheny, PA)",0.6574555479370056,2,135
E06010,40.425358,-79.9266889999999,Greenfield,"Pittsburgh city (Allegheny, PA)",0.6574555479370056,2,135
E06315,40.428465,-79.9310399999999,Greenfield,"Pittsburgh city (Allegheny, PA)",0.6574555479370056,2,135
P02600,40.442835,-79.9981049999999,Central Business District,"Pittsburgh city (Allegheny, PA)",0.657630710551641,16,3041
S34340,40.3693329999999,-79.9107269999999,Lincoln Place,"Pittsburgh city (Allegheny, PA)",0.6577167491134885,2,253
S10460,40.3587989999999,-79.9085369999999,,"West Mifflin borough (Allegheny, PA)",0.6577167491134885,2,253
S34160,40.366629,-79.909768,Lincoln Place,"Pittsburgh city (Allegheny, PA)",0.6577167491134885,2,253
S34170,40.3669179999999,-79.909867,Lincoln Place,"Pittsburgh city (Allegheny, PA)",0.6577167491134885,2,253
S34360,40.364834,-79.9083789999999,Lincoln Place,"Pittsburgh city (Allegheny, PA)",0.6577167491134885,2,253
S10500,40.356161,-79.9116449999999,,"West Mifflin borough (Allegheny, PA)",0.6577167491134885,2,253
S34400,40.3681509999999,-79.9104549999999,Lincoln Place,"Pittsburgh city (Allegheny, PA)",0.6577167491134885,2,253
S34220,40.3681989999999,-79.910351,Lincoln Place,"Pittsburgh city (Allegheny, PA)",0.6577167491134885,2,253
S34190,40.364657,-79.9081649999999,Lincoln Place,"Pittsburgh city (Allegheny, PA)",0.6577167491134885,2,253
S10510,40.3563309999999,-79.9115539999999,,"West Mifflin borough (Allegheny, PA)",0.6577167491134885,2,253
S10560,40.3607659999999,-79.90773,,"West Mifflin borough (Allegheny, PA)",0.6577167491134885,2,253
S10450,40.358057,-79.9091939999999,,"West Mifflin borough (Allegheny, PA)",0.6577167491134885,2,253
S10470,40.355283,-79.9129109999999,,"West Mifflin borough (Allegheny, PA)",0.6577167491134885,2,253
S10480,40.3547319999999,-79.913493,,"West Mifflin borough (Allegheny, PA)",0.6577167491134885,2,253
S34150,40.369216,-79.910308,Lincoln Place,"Pittsburgh city (Allegheny, PA)",0.6577167491134885,2,253
S34290,40.360886,-79.9076249999999,,"West Mifflin borough (Allegheny, PA)",0.6577167491134885,2,253
E70892,40.402844,-79.831457,,"Turtle Creek borough (Allegheny, PA)",0.6580822824030396,4,456
E46540,40.405253,-79.82701,,"Turtle Creek borough (Allegheny, PA)",0.6580822824030396,4,456
E70264,40.4006759999999,-79.8334349999999,,"Turtle Creek borough (Allegheny, PA)",0.6580822824030396,4,456
E46480,40.4052709999999,-79.828736,,"Turtle Creek borough (Allegheny, PA)",0.6580822824030396,4,456
E09010,40.404502,-79.830172,,"Turtle Creek borough (Allegheny, PA)",0.6581324999613344,4,475
E09180,40.4019809999999,-79.8320939999999,,"Turtle Creek borough (Allegheny, PA)",0.6581324999613344,4,475
E46840,40.405214,-79.8273449999999,,"Turtle Creek borough (Allegheny, PA)",0.6581324999613344,4,475
E46810,40.4051979999999,-79.828935,,"Turtle Creek borough (Allegheny, PA)",0.6581324999613344,4,475
E02050,40.44304,-79.9566109999999,North Oakland,"Pittsburgh city (Allegheny, PA)",0.6587578580924847,8,2581
E01010,40.4442179999999,-79.954941,North Oakland,"Pittsburgh city (Allegheny, PA)",0.6587578580924847,8,2581
E01130,40.437759,-79.96415,South Oakland,"Pittsburgh city (Allegheny, PA)",0.6587578580924847,8,2581
E00975,40.4462819999999,-79.952095,North Oakland,"Pittsburgh city (Allegheny, PA)",0.6587578580924847,8,2581
E01720,40.4454649999999,-79.953224,North Oakland,"Pittsburgh city (Allegheny, PA)",0.6587578580924847,8,2581
E01225,40.4390349999999,-79.9621149999999,South Oakland,"Pittsburgh city (Allegheny, PA)",0.6587578580924847,8,2581
E01335,40.441136,-79.9591879999999,Central Oakland,"Pittsburgh city (Allegheny, PA)",0.6587578580924847,8,2581
E01360,40.442132,-79.9578669999999,Central Oakland,"Pittsburgh city (Allegheny, PA)",0.6587578580924847,8,2581
E01210,40.440629,-79.959911,Central Oakland,"Pittsburgh city (Allegheny, PA)",0.6587578580924847,8,2581
E11640,40.468342,-79.962688,Lower Lawrenceville,"Pittsburgh city (Allegheny, PA)",0.659193274781465,2,664
E00970,40.446708,-79.9517089999999,North Oakland,"Pittsburgh city (Allegheny, PA)",0.6594012559394568,8,2577
P02650,40.44144,-80.005643,Central Business District,"Pittsburgh city (Allegheny, PA)",0.659656076097755,12,1319
N28940,40.4889719999999,-80.0507199999999,,"Bellevue borough (Allegheny, PA)",0.6602963855421686,1,35
N71329,40.50914,-80.085108,,"Ben Avon borough (Allegheny, PA)",0.6602963855421686,1,35
N70010,40.48666,-80.0536359999999,,"Bellevue borough (Allegheny, PA)",0.6602963855421686,1,35
N71323,40.513075,-80.099979,,"Emsworth borough (Allegheny, PA)",0.6602963855421686,1,35
N15130,40.508209,-80.0829279999999,,"Ben Avon borough (Allegheny, PA)",0.6602963855421686,1,35
N16065,40.504389,-80.075174,,"Ben Avon borough (Allegheny, PA)",0.6602963855421686,1,35
N15250,40.506461,-80.0747659999999,,"Avalon borough (Allegheny, PA)",0.6602963855421686,1,35
N15110,40.507545,-80.081372,,"Ben Avon borough (Allegheny, PA)",0.6602963855421686,1,35
N71324,40.513167,-80.0973469999999,,"Emsworth borough (Allegheny, PA)",0.6602963855421686,1,35
N71322,40.51305,-80.101208,,"Emsworth borough (Allegheny, PA)",0.6602963855421686,1,35
N15180,40.507353,-80.079397,,"Ben Avon borough (Allegheny, PA)",0.6602963855421686,1,35
N71328,40.5103239999999,-80.08714,,"Ben Avon borough (Allegheny, PA)",0.6602963855421686,1,35
N28950,40.489674,-80.0498809999999,,"Bellevue borough (Allegheny, PA)",0.6602963855421686,1,35
N15220,40.506971,-80.076942,,"Ben Avon borough (Allegheny, PA)",0.6602963855421686,1,35
N71325,40.513292,-80.0954669999999,,"Emsworth borough (Allegheny, PA)",0.6602963855421686,1,35
N71327,40.511555,-80.0908909999999,,"Emsworth borough (Allegheny, PA)",0.6602963855421686,1,35
N71321,40.5129969999999,-80.1029999999999,,"Emsworth borough (Allegheny, PA)",0.6602963855421686,1,35
N28970,40.4879299999999,-80.0519869999999,,"Bellevue borough (Allegheny, PA)",0.6602963855421686,1,35
N71326,40.513199,-80.0937629999999,,"Emsworth borough (Allegheny, PA)",0.6602963855421686,1,35
N71333,40.5115789999999,-80.090626,,"Emsworth borough (Allegheny, PA)",0.6602963855421687,1,30
N15190,40.507393,-80.0791439999999,,"Ben Avon borough (Allegheny, PA)",0.6602963855421687,1,30
N15210,40.50643,-80.0746319999999,,"Avalon borough (Allegheny, PA)",0.6602963855421687,1,30
N24250,40.4908739999999,-80.0498829999999,,"Bellevue borough (Allegheny, PA)",0.6602963855421687,1,30
N24280,40.489448,-80.0517219999999,,"Bellevue borough (Allegheny, PA)",0.6602963855421687,1,30
N24290,40.4883999999999,-80.053093,,"Bellevue borough (Allegheny, PA)",0.6602963855421687,1,30
N14250,40.513058,-80.102799,,"Emsworth borough (Allegheny, PA)",0.6602963855421687,1,30
P02030,40.443292,-79.9943159999999,Central Business District,"Pittsburgh city (Allegheny, PA)",0.6602963855421687,1,30
N71332,40.511051,-80.088251,,"Emsworth borough (Allegheny, PA)",0.6602963855421687,1,30
N71336,40.513246,-80.0971789999999,,"Emsworth borough (Allegheny, PA)",0.6602963855421687,1,30
N13650,40.513133,-80.1009909999999,,"Emsworth borough (Allegheny, PA)",0.6602963855421687,1,30
N71331,40.5102499999999,-80.086899,,"Ben Avon borough (Allegheny, PA)",0.6602963855421687,1,30
N71330,40.509141,-80.0848989999999,,"Ben Avon borough (Allegheny, PA)",0.6602963855421687,1,30
N15230,40.5069889999999,-80.0765899999999,,"Ben Avon borough (Allegheny, PA)",0.6602963855421687,1,30
N13760,40.513202,-80.09847,,"Emsworth borough (Allegheny, PA)",0.6602963855421687,1,30
N71334,40.513187,-80.09357,,"Emsworth borough (Allegheny, PA)",0.6602963855421687,1,30
N71335,40.513364,-80.095212,,"Emsworth borough (Allegheny, PA)",0.6602963855421687,1,30
N24220,40.4919659999999,-80.0484809999999,,"Bellevue borough (Allegheny, PA)",0.6602963855421687,1,30
N15140,40.508149,-80.0825909999999,,"Ben Avon borough (Allegheny, PA)",0.6602963855421687,1,30
N24180,40.4902469999999,-80.050707,,"Bellevue borough (Allegheny, PA)",0.6602963855421687,1,30
N16060,40.504413,-80.075068,,"Avalon borough (Allegheny, PA)",0.6602963855421687,1,30
N14020,40.513162,-80.0998139999999,,"Emsworth borough (Allegheny, PA)",0.6602963855421687,1,30
E70889,40.4341769999999,-79.9270779999999,Squirrel Hill South,"Pittsburgh city (Allegheny, PA)",0.6605530120481927,1,171
E70841,40.411892,-79.9418029999999,Hazelwood,"Pittsburgh city (Allegheny, PA)",0.6605530120481927,1,171
E70888,40.4346749999999,-79.92421,Squirrel Hill South,"Pittsburgh city (Allegheny, PA)",0.6605530120481927,1,171
E15585,40.436928,-79.9628529999999,South Oakland,"Pittsburgh city (Allegheny, PA)",0.6605530120481927,1,171
E70411,40.453808,-79.953117,North Oakland,"Pittsburgh city (Allegheny, PA)",0.6605530120481927,1,171
E70887,40.4197309999999,-79.928993,Hazelwood,"Pittsburgh city (Allegheny, PA)",0.6605530120481927,1,171
E70853,40.412525,-79.9402999999999,Hazelwood,"Pittsburgh city (Allegheny, PA)",0.6605530120481927,1,171
E70831,40.4080009999999,-79.9263689999999,Glen Hazel,"Pittsburgh city (Allegheny, PA)",0.6605530120481927,1,171
E70847,40.4179379999999,-79.936661,Hazelwood,"Pittsburgh city (Allegheny, PA)",0.6605530120481927,1,171
E70856,40.411411,-79.944466,Hazelwood,"Pittsburgh city (Allegheny, PA)",0.6605530120481927,1,171
E70849,40.418148,-79.9366679999999,Hazelwood,"Pittsburgh city (Allegheny, PA)",0.6605530120481927,1,171
E70850,40.415669,-79.939018,Hazelwood,"Pittsburgh city (Allegheny, PA)",0.6605530120481927,1,171
E70846,40.415852,-79.938477,Hazelwood,"Pittsburgh city (Allegheny, PA)",0.6605530120481927,1,171
E70844,40.414509,-79.939171,Hazelwood,"Pittsburgh city (Allegheny, PA)",0.6605530120481927,1,171
E70842,40.412399,-79.9402309999999,Hazelwood,"Pittsburgh city (Allegheny, PA)",0.6605530120481927,1,171
E70838,40.4537729999999,-79.953125,North Oakland,"Pittsburgh city (Allegheny, PA)",0.6605530120481927,1,171
E00420,40.468544,-79.9621049999999,Lower Lawrenceville,"Pittsburgh city (Allegheny, PA)",0.6605530120481927,1,171
E70848,40.4194559999999,-79.934099,Hazelwood,"Pittsburgh city (Allegheny, PA)",0.6605530120481927,1,171
E70854,40.4119529999999,-79.941742,Hazelwood,"Pittsburgh city (Allegheny, PA)",0.6605530120481927,1,171
E70852,40.413525,-79.9394149999999,Hazelwood,"Pittsburgh city (Allegheny, PA)",0.6605530120481927,1,171
E00430,40.467739,-79.9608609999999,Central Lawrenceville,"Pittsburgh city (Allegheny, PA)",0.6605530120481927,1,171
E70843,40.413361,-79.9393239999999,Hazelwood,"Pittsburgh city (Allegheny, PA)",0.6605530120481927,1,171
E71014,40.4112659999999,-79.9443289999999,Hazelwood,"Pittsburgh city (Allegheny, PA)",0.6605530120481927,1,171
E32735,40.405465,-79.9338319999999,Glen Hazel,"Pittsburgh city (Allegheny, PA)",0.6610564962552914,2,333
E32746,40.406657,-79.927785,Glen Hazel,"Pittsburgh city (Allegheny, PA)",0.6610564962552914,2,333
E32748,40.405517,-79.9372829999999,Hazelwood,"Pittsburgh city (Allegheny, PA)",0.6610564962552914,2,333
E32753,40.4061629999999,-79.932674,Glen Hazel,"Pittsburgh city (Allegheny, PA)",0.6610564962552914,2,333
E32750,40.4071959999999,-79.926827,Glen Hazel,"Pittsburgh city (Allegheny, PA)",0.6610564962552914,2,333
E32749,40.405408,-79.9372189999999,Hazelwood,"Pittsburgh city (Allegheny, PA)",0.6610564962552914,2,333
E32743,40.406469,-79.939846,Hazelwood,"Pittsburgh city (Allegheny, PA)",0.6610564962552914,2,333
E32733,40.4061349999999,-79.9426189999999,Hazelwood,"Pittsburgh city (Allegheny, PA)",0.6610564962552914,2,333
E32737,40.40612,-79.930677,Glen Hazel,"Pittsburgh city (Allegheny, PA)",0.6610564962552914,2,333
E32744,40.406474,-79.939644,Hazelwood,"Pittsburgh city (Allegheny, PA)",0.6610564962552914,2,333
E32732,40.406185,-79.9428429999999,Hazelwood,"Pittsburgh city (Allegheny, PA)",0.6610564962552914,2,333
E32755,40.404825,-79.9350349999999,Glen Hazel,"Pittsburgh city (Allegheny, PA)",0.6610564962552914,2,333
E32751,40.4065599999999,-79.927812,Glen Hazel,"Pittsburgh city (Allegheny, PA)",0.6610564962552914,2,333
E32745,40.405819,-79.938236,Hazelwood,"Pittsburgh city (Allegheny, PA)",0.6610564962552914,2,333
E32734,40.405358,-79.934098,Glen Hazel,"Pittsburgh city (Allegheny, PA)",0.6610564962552914,2,333
E32736,40.406218,-79.930971,Glen Hazel,"Pittsburgh city (Allegheny, PA)",0.6610564962552914,2,333
E32742,40.4065749999999,-79.9412789999999,Hazelwood,"Pittsburgh city (Allegheny, PA)",0.6610564962552914,2,333
E32760,40.4074159999999,-79.926433,Glen Hazel,"Pittsburgh city (Allegheny, PA)",0.6610564962552914,2,333
E70047,40.4064959999999,-79.941243,Hazelwood,"Pittsburgh city (Allegheny, PA)",0.6610564962552914,2,333
E32752,40.4061999999999,-79.9328419999999,Glen Hazel,"Pittsburgh city (Allegheny, PA)",0.6610564962552914,2,333
E32754,40.404871,-79.9353559999999,Glen Hazel,"Pittsburgh city (Allegheny, PA)",0.6610564962552914,2,333
E17311,40.453,-79.8993789999999,Point Breeze North,"Pittsburgh city (Allegheny, PA)",0.6612587119181488,9,523
S01120,40.4101229999999,-79.944203,Hazelwood,"Pittsburgh city (Allegheny, PA)",0.661459747748632,3,491
S00770,40.4098789999999,-79.944012,Hazelwood,"Pittsburgh city (Allegheny, PA)",0.661459747748632,3,491
S00982,40.408757,-79.9438049999999,Hazelwood,"Pittsburgh city (Allegheny, PA)",0.661459747748632,3,491
S00750,40.406964,-79.9431739999999,Hazelwood,"Pittsburgh city (Allegheny, PA)",0.661459747748632,3,491
S00760,40.407198,-79.943363,Hazelwood,"Pittsburgh city (Allegheny, PA)",0.661459747748632,3,491
S00990,40.407659,-79.943375,Hazelwood,"Pittsburgh city (Allegheny, PA)",0.661459747748632,3,491
S00790,40.408923,-79.943734,Hazelwood,"Pittsburgh city (Allegheny, PA)",0.661459747748632,3,491
E71020,40.421419,-79.9522939999999,Hazelwood,"Pittsburgh city (Allegheny, PA)",0.661587951807229,1,162
S04110,40.4072409999999,-79.911147,,"Homestead borough (Allegheny, PA)",0.661587951807229,1,162
E32227,40.4150929999999,-79.92493,Squirrel Hill South,"Pittsburgh city (Allegheny, PA)",0.661587951807229,1,162
E70986,40.4267079999999,-79.9556259999999,Hazelwood,"Pittsburgh city (Allegheny, PA)",0.661587951807229,1,162
E70982,40.418081,-79.950592,Hazelwood,"Pittsburgh city (Allegheny, PA)",0.661587951807229,1,162
E32738,40.408299,-79.9258449999999,Glen Hazel,"Pittsburgh city (Allegheny, PA)",0.661587951807229,1,162
E37965,40.407563,-79.929895,Glen Hazel,"Pittsburgh city (Allegheny, PA)",0.661587951807229,1,162
E70985,40.4273579999999,-79.9558609999999,Hazelwood,"Pittsburgh city (Allegheny, PA)",0.661587951807229,1,162
E32222,40.4152649999999,-79.924993,Hazelwood,"Pittsburgh city (Allegheny, PA)",0.661587951807229,1,162
E70048,40.4083979999999,-79.925736,Glen Hazel,"Pittsburgh city (Allegheny, PA)",0.661587951807229,1,162
E70983,40.4108,-79.9467729999999,Hazelwood,"Pittsburgh city (Allegheny, PA)",0.661587951807229,1,162
E32226,40.4118959999999,-79.922847,Hazelwood,"Pittsburgh city (Allegheny, PA)",0.661587951807229,1,162
E70984,40.4109109999999,-79.94682,Hazelwood,"Pittsburgh city (Allegheny, PA)",0.661587951807229,1,162
E70988,40.414071,-79.9500759999999,Hazelwood,"Pittsburgh city (Allegheny, PA)",0.661587951807229,1,162
S04097,40.407336,-79.9111269999999,,"Homestead borough (Allegheny, PA)",0.661587951807229,1,162
E32224,40.411704,-79.9227989999999,Glen Hazel,"Pittsburgh city (Allegheny, PA)",0.661587951807229,1,162
E70987,40.413823,-79.9500079999999,Hazelwood,"Pittsburgh city (Allegheny, PA)",0.661587951807229,1,162
E70981,40.418087,-79.950652,Hazelwood,"Pittsburgh city (Allegheny, PA)",0.661587951807229,1,162
E71021,40.4215629999999,-79.952087,Hazelwood,"Pittsburgh city (Allegheny, PA)",0.661587951807229,1,162
E16190,40.441153,-79.9613789999999,West Oakland,"Pittsburgh city (Allegheny, PA)",0.6618658526288442,2,371
E54160,40.44209,-79.9627859999999,West Oakland,"Pittsburgh city (Allegheny, PA)",0.6618658526288442,2,371
E19580,40.440465,-79.9584049999999,Central Oakland,"Pittsburgh city (Allegheny, PA)",0.6618658526288442,2,371
E70271,40.4406919999999,-79.960497,West Oakland,"Pittsburgh city (Allegheny, PA)",0.6618658526288442,2,371
E16470,40.4431289999999,-79.959714,West Oakland,"Pittsburgh city (Allegheny, PA)",0.6618658526288442,2,371
E54180,40.440393,-79.965411,West Oakland,"Pittsburgh city (Allegheny, PA)",0.6618658526288442,2,371
E70293,40.442906,-79.961949,North Oakland,"Pittsburgh city (Allegheny, PA)",0.6618658526288442,2,371
E54170,40.4403879999999,-79.964965,West Oakland,"Pittsburgh city (Allegheny, PA)",0.6618658526288442,2,371
E54140,40.440947,-79.9638439999999,West Oakland,"Pittsburgh city (Allegheny, PA)",0.6618658526288442,2,371
E19595,40.4414609999999,-79.95704,Central Oakland,"Pittsburgh city (Allegheny, PA)",0.6618658526288442,2,371
S00500,40.428713,-79.977671,South Side Flats,"Pittsburgh city (Allegheny, PA)",0.6618658526288442,2,371
E54150,40.4418719999999,-79.962883,West Oakland,"Pittsburgh city (Allegheny, PA)",0.6618658526288442,2,371
S70265,40.4293359999999,-79.9761199999999,South Side Flats,"Pittsburgh city (Allegheny, PA)",0.6618658526288442,2,371
S48620,40.430421,-79.977196,South Side Flats,"Pittsburgh city (Allegheny, PA)",0.6618658526288442,2,371
E54210,40.441039,-79.9638669999999,West Oakland,"Pittsburgh city (Allegheny, PA)",0.6618658526288442,2,371
S00870,40.4036219999999,-79.9422189999999,Hazelwood,"Pittsburgh city (Allegheny, PA)",0.6623096385542169,1,158
S70477,40.343353,-79.829344,,"McKeesport city (Allegheny, PA)",0.6623096385542169,1,158
S01040,40.4044659999999,-79.94248,Hazelwood,"Pittsburgh city (Allegheny, PA)",0.6623096385542169,1,158
S25660,40.414518,-79.945884,Hazelwood,"Pittsburgh city (Allegheny, PA)",0.6623096385542169,1,158
S25610,40.415956,-79.946641,Hazelwood,"Pittsburgh city (Allegheny, PA)",0.6623096385542169,1,158
S25680,40.4160809999999,-79.9468229999999,Hazelwood,"Pittsburgh city (Allegheny, PA)",0.6623096385542169,1,158
S34305,40.3721099999999,-79.917079,Lincoln Place,"Pittsburgh city (Allegheny, PA)",0.6623096385542169,1,158
S00920,40.400976,-79.939411,Hazelwood,"Pittsburgh city (Allegheny, PA)",0.6623096385542169,1,158
S34270,40.381351,-79.9275939999999,New Homestead,"Pittsburgh city (Allegheny, PA)",0.6623096385542169,1,158
S70423,40.344797,-79.826586,,"McKeesport city (Allegheny, PA)",0.6623096385542169,1,158
S05232,40.3877209999999,-79.9326379999999,Hays,"Pittsburgh city (Allegheny, PA)",0.6623096385542169,1,158
S70480,40.343265,-79.829087,,"McKeesport city (Allegheny, PA)",0.6623096385542169,1,158
S70567,40.34584,-79.827375,,"White Oak borough (Allegheny, PA)",0.6623096385542169,1,158
S01260,40.4046489999999,-79.9426359999999,Hazelwood,"Pittsburgh city (Allegheny, PA)",0.6623096385542169,1,158
S34080,40.382969,-79.9299929999999,Hays,"Pittsburgh city (Allegheny, PA)",0.6623096385542169,1,158
S01150,40.40402,-79.942468,Hazelwood,"Pittsburgh city (Allegheny, PA)",0.6623096385542169,1,158
S70483,40.354733,-79.834704,,"McKeesport city (Allegheny, PA)",0.6623096385542169,1,158
S01060,40.4002079999999,-79.9381319999999,Hazelwood,"Pittsburgh city (Allegheny, PA)",0.6623096385542169,1,158
S40180,40.386716,-79.932477,Hays,"Pittsburgh city (Allegheny, PA)",0.6623096385542169,1,158
S70644,40.379133,-79.92407,New Homestead,"Pittsburgh city (Allegheny, PA)",0.6623096385542169,1,158
S01140,40.406173,-79.9430619999999,Hazelwood,"Pittsburgh city (Allegheny, PA)",0.6623096385542169,1,158
S70422,40.344785,-79.8264889999999,,"McKeesport city (Allegheny, PA)",0.6623096385542169,1,158
S01010,40.4016889999999,-79.940663,Hazelwood,"Pittsburgh city (Allegheny, PA)",0.6623096385542169,1,158
S70600,40.389287,-79.932743,Hays,"Pittsburgh city (Allegheny, PA)",0.6623096385542169,1,158
S00670,40.400252,-79.937948,Hazelwood,"Pittsburgh city (Allegheny, PA)",0.6623096385542169,1,158
S70430,40.3460809999999,-79.828415,,"White Oak borough (Allegheny, PA)",0.6623096385542169,1,158
S70475,40.349977,-79.834371,,"McKeesport city (Allegheny, PA)",0.6623096385542169,1,158
S34060,40.3711279999999,-79.914995,Lincoln Place,"Pittsburgh city (Allegheny, PA)",0.6623096385542169,1,158
S70486,40.3449069999999,-79.830532,,"McKeesport city (Allegheny, PA)",0.6623096385542169,1,158
S05236,40.3869669999999,-79.932676,Hays,"Pittsburgh city (Allegheny, PA)",0.6623096385542169,1,158
S70476,40.3477639999999,-79.832699,,"McKeesport city (Allegheny, PA)",0.6623096385542169,1,158
S00860,40.405881,-79.9428709999999,Hazelwood,"Pittsburgh city (Allegheny, PA)",0.6623096385542169,1,158
S70487,40.3542619999999,-79.8365739999999,,"McKeesport city (Allegheny, PA)",0.6623096385542169,1,158
S01020,40.401704,-79.9405079999999,Hazelwood,"Pittsburgh city (Allegheny, PA)",0.6623096385542169,1,158
S34320,40.3697889999999,-79.913212,Lincoln Place,"Pittsburgh city (Allegheny, PA)",0.6623096385542169,1,158
S34180,40.379334,-79.924908,Lincoln Place,"Pittsburgh city (Allegheny, PA)",0.6623096385542169,1,158
S34310,40.3832349999999,-79.9303129999999,New Homestead,"Pittsburgh city (Allegheny, PA)",0.6623096385542169,1,158
S32700,40.3522529999999,-79.8432169999999,,"McKeesport city (Allegheny, PA)",0.6623096385542169,1,158
S25590,40.4130639999999,-79.9451959999999,Hazelwood,"Pittsburgh city (Allegheny, PA)",0.6623096385542169,1,158
S25600,40.4114,-79.9448399999999,Hazelwood,"Pittsburgh city (Allegheny, PA)",0.6623096385542169,1,158
S00800,40.4009939999999,-79.9392959999999,Hazelwood,"Pittsburgh city (Allegheny, PA)",0.6623096385542169,1,158
S70485,40.3456729999999,-79.830978,,"McKeesport city (Allegheny, PA)",0.6623096385542169,1,158
S34300,40.371105,-79.9150889999999,Lincoln Place,"Pittsburgh city (Allegheny, PA)",0.6623096385542169,1,158
S70481,40.347419,-79.832327,,"McKeesport city (Allegheny, PA)",0.6623096385542169,1,158
S25670,40.4131229999999,-79.9453489999999,Hazelwood,"Pittsburgh city (Allegheny, PA)",0.6623096385542169,1,158
S34110,40.369984,-79.913408,Lincoln Place,"Pittsburgh city (Allegheny, PA)",0.6623096385542169,1,158
S34070,40.372058,-79.916852,Lincoln Place,"Pittsburgh city (Allegheny, PA)",0.6623096385542169,1,158
S70488,40.354011,-79.8365869999999,,"McKeesport city (Allegheny, PA)",0.6623096385542169,1,158
S05235,40.389287,-79.932646,Hays,"Pittsburgh city (Allegheny, PA)",0.6623096385542169,1,158
S34280,40.381897,-79.9284519999999,Hays,"Pittsburgh city (Allegheny, PA)",0.6623096385542169,1,158
S00680,40.4029269999999,-79.941978,Hazelwood,"Pittsburgh city (Allegheny, PA)",0.6623096385542169,1,158
S70482,40.34987,-79.8342399999999,,"McKeesport city (Allegheny, PA)",0.6623096385542169,1,158
S34330,40.3796329999999,-79.92543,New Homestead,"Pittsburgh city (Allegheny, PA)",0.6623096385542169,1,158
E45630,40.4660209999999,-79.953405,Central Lawrenceville,"Pittsburgh city (Allegheny, PA)",0.6623755605240863,2,479
E46190,40.4657249999999,-79.955054,Central Lawrenceville,"Pittsburgh city (Allegheny, PA)",0.6623755605240863,2,479
E46630,40.465871,-79.9537219999999,Bloomfield,"Pittsburgh city (Allegheny, PA)",0.6623755605240863,2,479
E46200,40.4655729999999,-79.9554629999999,Bloomfield,"Pittsburgh city (Allegheny, PA)",0.6629404092477117,4,809
E45610,40.465262,-79.957734,Central Lawrenceville,"Pittsburgh city (Allegheny, PA)",0.662956182262391,4,812
P02530,40.443544,-79.99539,Central Business District,"Pittsburgh city (Allegheny, PA)",0.663196562139777,16,2522
E45602,40.4648559999999,-79.96017,Lower Lawrenceville,"Pittsburgh city (Allegheny, PA)",0.6635972775925436,3,641
E17310,40.4593479999999,-79.923089,Shadyside,"Pittsburgh city (Allegheny, PA)",0.6637095968300633,11,618
E17300,40.4591629999999,-79.966949,Polish Hill,"Pittsburgh city (Allegheny, PA)",0.6637095968300633,11,618
E38050,40.46434,-79.953484,Bloomfield,"Pittsburgh city (Allegheny, PA)",0.663760295728368,2,330
E38300,40.464207,-79.9531779999999,Bloomfield,"Pittsburgh city (Allegheny, PA)",0.6637913708889612,2,333
E38070,40.4654499999999,-79.954829,Bloomfield,"Pittsburgh city (Allegheny, PA)",0.6637913708889612,2,333
P02320,40.4427919999999,-79.9986099999999,Central Business District,"Pittsburgh city (Allegheny, PA)",0.6641200381104612,18,1989
P02430,40.441276,-80.00497,Central Business District,"Pittsburgh city (Allegheny, PA)",0.6649227628342566,16,1636
E53690,40.443817,-79.876389,,"Wilkinsburg borough (Allegheny, PA)",0.6666719302364887,3,306
E40370,40.448171,-79.8686759999999,,"Wilkinsburg borough (Allegheny, PA)",0.6666719302364887,3,306
E53720,40.443043,-79.876846,,"Wilkinsburg borough (Allegheny, PA)",0.6666719302364887,3,306
E40270,40.4462479999999,-79.871115,,"Wilkinsburg borough (Allegheny, PA)",0.6666719302364887,3,306
E44880,40.444752,-79.8754959999999,,"Wilkinsburg borough (Allegheny, PA)",0.6666719302364887,3,306
E40360,40.445346,-79.8738969999999,,"Wilkinsburg borough (Allegheny, PA)",0.6666719302364887,3,306
E40320,40.4488649999999,-79.8677909999999,,"Wilkinsburg borough (Allegheny, PA)",0.6666719302364887,3,306
E40290,40.447336,-79.8697379999999,,"Wilkinsburg borough (Allegheny, PA)",0.6666719302364887,3,306
E39360,40.457884,-79.9473469999999,Bloomfield,"Pittsburgh city (Allegheny, PA)",0.6672096385542169,1,321
S04010,40.416511,-79.9880869999999,,"Mount Oliver borough (Allegheny, PA)",0.6672096385542169,1,321
S70264,40.4142239999999,-79.9971089999999,Beltzhoover,"Pittsburgh city (Allegheny, PA)",0.6672096385542169,1,159
S33280,40.4088569999999,-79.9914009999999,Knoxville,"Pittsburgh city (Allegheny, PA)",0.6672096385542169,1,163
S70602,40.4142769999999,-79.9940349999999,Knoxville,"Pittsburgh city (Allegheny, PA)",0.6672096385542169,1,159
N05980,40.4547299999999,-80.00856,Allegheny Center,"Pittsburgh city (Allegheny, PA)",0.6672096385542169,1,321
S10610,40.4040329999999,-79.998119,Bon Air,"Pittsburgh city (Allegheny, PA)",0.6672096385542169,1,105
S33300,40.409191,-79.993836,Knoxville,"Pittsburgh city (Allegheny, PA)",0.6672096385542169,1,105
N45893,40.4513389999999,-80.011165,Allegheny West,"Pittsburgh city (Allegheny, PA)",0.6672096385542169,1,322
S05510,40.414242,-79.9931179999999,Knoxville,"Pittsburgh city (Allegheny, PA)",0.6672096385542169,1,162
S70312,40.4167369999999,-79.997185,Knoxville,"Pittsburgh city (Allegheny, PA)",0.6672096385542169,1,159
S13440,40.4093069999999,-79.99942,Bon Air,"Pittsburgh city (Allegheny, PA)",0.6672096385542169,1,105
E70144,40.459597,-79.946247,Bloomfield,"Pittsburgh city (Allegheny, PA)",0.6672096385542169,1,321
S70261,40.414403,-79.990176,Knoxville,"Pittsburgh city (Allegheny, PA)",0.6672096385542169,1,159
S06620,40.4103309999999,-79.997927,Bon Air,"Pittsburgh city (Allegheny, PA)",0.6672096385542169,1,105
N05970,40.4549949999999,-80.0085239999999,Allegheny Center,"Pittsburgh city (Allegheny, PA)",0.6672096385542169,1,322
E39290,40.453381,-79.947434,Bloomfield,"Pittsburgh city (Allegheny, PA)",0.6672096385542169,1,322
S06276,40.417847,-79.997214,Knoxville,"Pittsburgh city (Allegheny, PA)",0.6672096385542169,1,159
S70601,40.4177219999999,-79.997307,Beltzhoover,"Pittsburgh city (Allegheny, PA)",0.6672096385542169,1,162
N14980,40.453305,-79.992912,North Shore,"Pittsburgh city (Allegheny, PA)",0.6672096385542169,1,322
E09600,40.456493,-79.970284,Polish Hill,"Pittsburgh city (Allegheny, PA)",0.6672096385542169,1,163
E28725,40.4592019999999,-79.9659139999999,Polish Hill,"Pittsburgh city (Allegheny, PA)",0.6672096385542169,1,153
E09590,40.455772,-79.972755,Polish Hill,"Pittsburgh city (Allegheny, PA)",0.6672096385542169,1,159
N14990,40.453352,-79.9928,Troy Hill,"Pittsburgh city (Allegheny, PA)",0.6672096385542169,1,321
S10590,40.409222,-79.99836,Bon Air,"Pittsburgh city (Allegheny, PA)",0.6672096385542169,1,105
S14670,40.403967,-79.9990999999999,Bon Air,"Pittsburgh city (Allegheny, PA)",0.6672096385542169,1,105
E35130,40.4617679999999,-79.9656999999999,Lower Lawrenceville,"Pittsburgh city (Allegheny, PA)",0.6672096385542169,1,154
N45890,40.452105,-80.008902,Allegheny Center,"Pittsburgh city (Allegheny, PA)",0.6672096385542169,1,243
E39300,40.4536739999999,-79.947428,Bloomfield,"Pittsburgh city (Allegheny, PA)",0.6672096385542169,1,321
S10600,40.407887,-79.998293,Bon Air,"Pittsburgh city (Allegheny, PA)",0.6672096385542169,1,105
E39280,40.4544959999999,-79.9477679999999,Bloomfield,"Pittsburgh city (Allegheny, PA)",0.6672096385542169,1,322
S06273,40.419206,-79.997358,Beltzhoover,"Pittsburgh city (Allegheny, PA)",0.6672096385542169,1,162
S13500,40.4056399999999,-79.999232,Bon Air,"Pittsburgh city (Allegheny, PA)",0.6672096385542169,1,105
E39320,40.4588529999999,-79.9470599999999,Bloomfield,"Pittsburgh city (Allegheny, PA)",0.6672096385542169,1,322
S70262,40.414351,-79.9920379999999,Knoxville,"Pittsburgh city (Allegheny, PA)",0.6672096385542169,1,159
N05000,40.4520229999999,-80.0064469999999,Allegheny Center,"Pittsburgh city (Allegheny, PA)",0.6672096385542169,1,322
E39310,40.458649,-79.9471159999999,Bloomfield,"Pittsburgh city (Allegheny, PA)",0.6672096385542169,1,321
S10620,40.405856,-79.998192,Bon Air,"Pittsburgh city (Allegheny, PA)",0.6672096385542169,1,105
E09620,40.4567089999999,-79.967194,Polish Hill,"Pittsburgh city (Allegheny, PA)",0.6672096385542169,1,159
S33290,40.408748,-79.9913779999999,Knoxville,"Pittsburgh city (Allegheny, PA)",0.6672096385542169,1,159
S70263,40.414327,-79.99293,Knoxville,"Pittsburgh city (Allegheny, PA)",0.6672096385542169,1,159
S06275,40.418453,-79.997337,Beltzhoover,"Pittsburgh city (Allegheny, PA)",0.6672096385542169,1,162
N17250,40.453372,-80.001478,East Allegheny,"Pittsburgh city (Allegheny, PA)",0.6672096385542169,1,321
E28705,40.458354,-79.964275,Polish Hill,"Pittsburgh city (Allegheny, PA)",0.6672096385542169,1,154
E39370,40.4583319999999,-79.9474189999999,Bloomfield,"Pittsburgh city (Allegheny, PA)",0.6672096385542169,1,322
N05950,40.4542599999999,-80.0089569999999,Allegheny Center,"Pittsburgh city (Allegheny, PA)",0.6672096385542169,1,322
S03950,40.4103369999999,-79.9975749999999,Bon Air,"Pittsburgh city (Allegheny, PA)",0.6672096385542169,1,105
N06010,40.453091,-80.009118,Allegheny Center,"Pittsburgh city (Allegheny, PA)",0.6672096385542169,1,321
S05490,40.4142039999999,-79.994949,Knoxville,"Pittsburgh city (Allegheny, PA)",0.6672096385542169,1,162
S13450,40.410372,-79.9994609999999,Bon Air,"Pittsburgh city (Allegheny, PA)",0.6672096385542169,1,105
S33270,40.4100699999999,-79.994685,Knoxville,"Pittsburgh city (Allegheny, PA)",0.6672096385542169,1,105
S13480,40.4076889999999,-79.999328,Bon Air,"Pittsburgh city (Allegheny, PA)",0.6672096385542169,1,105
N13605,40.4540289999999,-80.001991,Allegheny Center,"Pittsburgh city (Allegheny, PA)",0.6672096385542169,1,322
S06274,40.419026,-79.997262,Allentown,"Pittsburgh city (Allegheny, PA)",0.6672096385542169,1,159
S06305,40.414211,-79.9974979999999,Beltzhoover,"Pittsburgh city (Allegheny, PA)",0.6672096385542169,1,162
E39350,40.456085,-79.9476599999999,Bloomfield,"Pittsburgh city (Allegheny, PA)",0.6672096385542169,1,322
S70269,40.4159829999999,-79.998057,Beltzhoover,"Pittsburgh city (Allegheny, PA)",0.6672096385542169,1,162
E00180,40.456319,-79.9746619999999,Polish Hill,"Pittsburgh city (Allegheny, PA)",0.6672096385542169,1,159
N05990,40.452173,-80.008837,Allegheny Center,"Pittsburgh city (Allegheny, PA)",0.6672096385542169,1,321
E28722,40.461447,-79.9669959999999,Lower Lawrenceville,"Pittsburgh city (Allegheny, PA)",0.6672096385542169,1,153
E09580,40.4558419999999,-79.9724779999999,Polish Hill,"Pittsburgh city (Allegheny, PA)",0.6672096385542169,1,163
S06271,40.419857,-79.997297,Allentown,"Pittsburgh city (Allegheny, PA)",0.6672096385542169,1,159
E70859,40.456575,-79.969999,Polish Hill,"Pittsburgh city (Allegheny, PA)",0.6672096385542169,1,159
S70311,40.41592,-79.9972989999999,Beltzhoover,"Pittsburgh city (Allegheny, PA)",0.6672096385542169,1,159
E39270,40.4542569999999,-79.9475889999999,Bloomfield,"Pittsburgh city (Allegheny, PA)",0.6672096385542169,1,321
N45892,40.4515809999999,-80.0109599999999,Allegheny Center,"Pittsburgh city (Allegheny, PA)",0.6672096385542169,1,321
S33320,40.409173,-79.993639,Knoxville,"Pittsburgh city (Allegheny, PA)",0.6672096385542169,1,105
E28730,40.459198,-79.965996,Polish Hill,"Pittsburgh city (Allegheny, PA)",0.6672096385542169,1,154
S05560,40.414276,-79.992165,Knoxville,"Pittsburgh city (Allegheny, PA)",0.6672096385542169,1,162
S03970,40.410138,-79.995209,Knoxville,"Pittsburgh city (Allegheny, PA)",0.6672096385542169,1,105
E39340,40.455914,-79.947573,Bloomfield,"Pittsburgh city (Allegheny, PA)",0.6672096385542169,1,321
E70002,40.4487689999999,-79.987392,Strip District,"Pittsburgh city (Allegheny, PA)",0.6672096385542169,1,321
E40310,40.446617,-79.870451,,"Wilkinsburg borough (Allegheny, PA)",0.6672298534025953,3,310
E53730,40.4428479999999,-79.876816,,"Wilkinsburg borough (Allegheny, PA)",0.6672298534025953,3,310
E53830,40.44088,-79.877937,,"Wilkinsburg borough (Allegheny, PA)",0.6672298534025953,3,310
E70952,40.4446549999999,-79.874594,,"Wilkinsburg borough (Allegheny, PA)",0.6672298534025953,3,310
E53740,40.4445339999999,-79.8758459999999,,"Wilkinsburg borough (Allegheny, PA)",0.6672298534025953,3,310
E40375,40.4480689999999,-79.868626,,"Wilkinsburg borough (Allegheny, PA)",0.6672298534025953,3,310
E40300,40.447187,-79.8697389999999,,"Wilkinsburg borough (Allegheny, PA)",0.6672298534025953,3,310
E53700,40.4436299999999,-79.8763579999999,,"Wilkinsburg borough (Allegheny, PA)",0.6672298534025953,3,310
E40280,40.4459,-79.871688,,"Wilkinsburg borough (Allegheny, PA)",0.6672298534025953,3,310
E40350,40.4452059999999,-79.8739099999999,,"Wilkinsburg borough (Allegheny, PA)",0.6672298534025953,3,310
E53760,40.441654,-79.87748,,"Wilkinsburg borough (Allegheny, PA)",0.6672298534025953,3,310
E30385,40.457768,-79.7084629999999,,"Plum borough (Allegheny, PA)",0.6679280487804878,1,40
E30460,40.463377,-79.7054499999999,,"Plum borough (Allegheny, PA)",0.6679280487804878,1,40
E30320,40.4684209999999,-79.705984,,"Plum borough (Allegheny, PA)",0.6679280487804878,1,50
E30440,40.4351059999999,-79.714115,,"Monroeville municipality (Allegheny, PA)",0.6679280487804878,1,40
E30420,40.450972,-79.7135799999999,,"Plum borough (Allegheny, PA)",0.6679280487804878,1,50
E59050,40.434066,-79.732674,,"Monroeville municipality (Allegheny, PA)",0.6679280487804878,1,40
E19010,40.471518,-79.7076059999999,,"Plum borough (Allegheny, PA)",0.6679280487804878,1,40
E29420,40.475287,-79.7075839999999,,"Plum borough (Allegheny, PA)",0.6679280487804878,1,50
E30545,40.454971,-79.710756,,"Plum borough (Allegheny, PA)",0.6679280487804878,1,40
E30430,40.463731,-79.705538,,"Plum borough (Allegheny, PA)",0.6679280487804878,1,50
E30425,40.4550899999999,-79.710802,,"Plum borough (Allegheny, PA)",0.6679280487804878,1,50
E58410,40.4340369999999,-79.7323099999999,,"Monroeville municipality (Allegheny, PA)",0.6679280487804878,1,50
E30375,40.4665219999999,-79.7055359999999,,"Plum borough (Allegheny, PA)",0.6679280487804878,1,50
E70143,40.443966,-79.713486,,"Monroeville municipality (Allegheny, PA)",0.6679280487804878,1,40
E18980,40.4747279999999,-79.709107,,"Plum borough (Allegheny, PA)",0.6679280487804878,1,40
E30570,40.429104,-79.719682,,"Monroeville municipality (Allegheny, PA)",0.6679280487804878,1,50
E30490,40.44205,-79.713245,,"Monroeville municipality (Allegheny, PA)",0.6679280487804878,1,40
E70181,40.4404359999999,-79.7423799999999,,"Monroeville municipality (Allegheny, PA)",0.6679280487804878,1,50
E30550,40.435577,-79.7139889999999,,"Monroeville municipality (Allegheny, PA)",0.6679280487804878,1,50
E30540,40.4506469999999,-79.7135509999999,,"Plum borough (Allegheny, PA)",0.6679280487804878,1,40
E30580,40.442413,-79.713402,,"Monroeville municipality (Allegheny, PA)",0.6679280487804878,1,50
E30300,40.431525,-79.716964,,"Monroeville municipality (Allegheny, PA)",0.6679280487804878,1,40
E30510,40.431539,-79.7171179999999,,"Monroeville municipality (Allegheny, PA)",0.6679280487804878,1,50
E30310,40.4290489999999,-79.7194439999999,,"Monroeville municipality (Allegheny, PA)",0.6679280487804878,1,40
E18965,40.466695,-79.705973,,"Plum borough (Allegheny, PA)",0.6679280487804878,1,40
E30600,40.458055,-79.7083619999999,,"Plum borough (Allegheny, PA)",0.6679280487804878,1,50
E43190,40.440285,-79.7422909999999,,"Monroeville municipality (Allegheny, PA)",0.6679280487804878,1,40
N23584,40.4896699999999,-80.0445359999999,,"Ross township (Allegheny, PA)",0.6683573170731709,1,205
N15523,40.498387,-80.023183,,"Ross township (Allegheny, PA)",0.6683573170731709,1,205
N54640,40.4699159999999,-80.0259729999999,Marshall-Shadeland,"Pittsburgh city (Allegheny, PA)",0.6683573170731709,1,205
N31878,40.464595,-80.027467,Marshall-Shadeland,"Pittsburgh city (Allegheny, PA)",0.6683573170731709,1,205
N49460,40.47341,-80.031524,Marshall-Shadeland,"Pittsburgh city (Allegheny, PA)",0.6683573170731709,1,205
N49610,40.4705179999999,-80.030494,Marshall-Shadeland,"Pittsburgh city (Allegheny, PA)",0.6683573170731709,1,205
N15510,40.4963839999999,-80.0228809999999,,"Ross township (Allegheny, PA)",0.6683573170731709,1,205
N15440,40.499214,-80.029161,,"Ross township (Allegheny, PA)",0.6683573170731709,1,205
N15515,40.500124,-80.0280869999999,,"Ross township (Allegheny, PA)",0.6683573170731709,1,205
N49500,40.474932,-80.031987,Marshall-Shadeland,"Pittsburgh city (Allegheny, PA)",0.6683573170731709,1,205
N49490,40.4796869999999,-80.034214,Brighton Heights,"Pittsburgh city (Allegheny, PA)",0.6683573170731709,1,205
N71258,40.499943,-80.031822,,"Ross township (Allegheny, PA)",0.6683573170731709,1,205
N49530,40.471862,-80.0309259999999,Marshall-Shadeland,"Pittsburgh city (Allegheny, PA)",0.6683573170731709,1,205
N15450,40.498524,-80.0233839999999,,"Ross township (Allegheny, PA)",0.6683573170731709,1,205
N15500,40.499467,-80.0248169999999,,"Ross township (Allegheny, PA)",0.6683573170731709,1,205
N54680,40.4695729999999,-80.02745,Marshall-Shadeland,"Pittsburgh city (Allegheny, PA)",0.6683573170731709,1,205
N49520,40.472036,-80.031073,Marshall-Shadeland,"Pittsburgh city (Allegheny, PA)",0.6683573170731709,1,205
N10729,40.4896669999999,-80.043266,,"Ross township (Allegheny, PA)",0.6683573170731709,1,205
N54620,40.4698759999999,-80.0257749999999,Marshall-Shadeland,"Pittsburgh city (Allegheny, PA)",0.6683573170731709,1,205
N49510,40.47755,-80.03354,Brighton Heights,"Pittsburgh city (Allegheny, PA)",0.6683573170731709,1,205
N49450,40.470717,-80.030662,Marshall-Shadeland,"Pittsburgh city (Allegheny, PA)",0.6683573170731709,1,205
N49471,40.469712,-80.0302429999999,Marshall-Shadeland,"Pittsburgh city (Allegheny, PA)",0.6683573170731709,1,205
N49620,40.474899,-80.0318869999999,Marshall-Shadeland,"Pittsburgh city (Allegheny, PA)",0.6683573170731709,1,205
N49480,40.4814379999999,-80.0348819999999,Brighton Heights,"Pittsburgh city (Allegheny, PA)",0.6683573170731709,1,205
N71344,40.4640619999999,-80.0282229999999,Marshall-Shadeland,"Pittsburgh city (Allegheny, PA)",0.6683573170731709,1,205
N31862,40.46627,-80.0256349999999,Marshall-Shadeland,"Pittsburgh city (Allegheny, PA)",0.6683573170731709,1,205
N41735,40.456026,-80.0155129999999,Central Northside,"Pittsburgh city (Allegheny, PA)",0.6683573170731709,1,205
N49600,40.46918,-80.030179,Marshall-Shadeland,"Pittsburgh city (Allegheny, PA)",0.6683573170731709,1,205
N15480,40.496248,-80.0227309999999,,"Ross township (Allegheny, PA)",0.6683573170731709,1,205
N54670,40.46914,-80.02997,Marshall-Shadeland,"Pittsburgh city (Allegheny, PA)",0.6683573170731709,1,205
N15522,40.499406,-80.024634,,"Ross township (Allegheny, PA)",0.6683573170731709,1,205
N28540,40.499146,-80.0293659999999,,"Ross township (Allegheny, PA)",0.6683573170731709,1,205
N31845,40.4625959999999,-80.030157,Marshall-Shadeland,"Pittsburgh city (Allegheny, PA)",0.6683573170731709,1,205
N49580,40.477308,-80.0335599999999,Brighton Heights,"Pittsburgh city (Allegheny, PA)",0.6683573170731709,1,205
N41740,40.456085,-80.0157789999999,California-Kirkbride,"Pittsburgh city (Allegheny, PA)",0.6683573170731709,1,205
N49470,40.481465,-80.034789,Brighton Heights,"Pittsburgh city (Allegheny, PA)",0.6683573170731709,1,205
N49570,40.473185,-80.031343,Marshall-Shadeland,"Pittsburgh city (Allegheny, PA)",0.6683573170731709,1,205
N15521,40.496327,-80.02034,,"Ross township (Allegheny, PA)",0.6683573170731709,1,205
N28570,40.499943,-80.0315169999999,,"Ross township (Allegheny, PA)",0.6683573170731709,1,205
N15528,40.5001499999999,-80.0281399999999,,"Ross township (Allegheny, PA)",0.6683573170731709,1,205
N31886,40.463842,-80.0282969999999,Marshall-Shadeland,"Pittsburgh city (Allegheny, PA)",0.6683573170731709,1,205
N54690,40.4696789999999,-80.027252,Marshall-Shadeland,"Pittsburgh city (Allegheny, PA)",0.6683573170731709,1,205
N31856,40.464644,-80.0275859999999,Marshall-Shadeland,"Pittsburgh city (Allegheny, PA)",0.6683573170731709,1,205
N49560,40.479317,-80.034208,Brighton Heights,"Pittsburgh city (Allegheny, PA)",0.6683573170731709,1,205
E45710,40.464607,-79.938461,Garfield,"Pittsburgh city (Allegheny, PA)",0.6685329470212901,2,342
N40440,40.4901389999999,-79.869972,,"O'Hara township (Allegheny, PA)",0.6687512453960922,2,386
N40430,40.488368,-79.875718,,"O'Hara township (Allegheny, PA)",0.6687512453960922,2,386
N40435,40.4887519999999,-79.872743,,"O'Hara township (Allegheny, PA)",0.6687512453960922,2,386
N40425,40.487617,-79.8789539999999,,"O'Hara township (Allegheny, PA)",0.6687512453960922,2,386
E70410,40.4842879999999,-79.947888,Upper Lawrenceville,"Pittsburgh city (Allegheny, PA)",0.6690715959617791,2,397
E70451,40.48315,-79.948351,Upper Lawrenceville,"Pittsburgh city (Allegheny, PA)",0.6690715959617791,2,397
E70989,40.483407,-79.947505,Upper Lawrenceville,"Pittsburgh city (Allegheny, PA)",0.6690715959617791,2,397
E07030,40.440109,-79.9766429999999,Terrace Village,"Pittsburgh city (Allegheny, PA)",0.6691469879518073,1,191
E42792,40.4402139999999,-79.969859,Terrace Village,"Pittsburgh city (Allegheny, PA)",0.6691469879518073,1,191
E06970,40.440168,-79.976723,Terrace Village,"Pittsburgh city (Allegheny, PA)",0.6691469879518073,1,191
E70066,40.4396369999999,-79.970657,West Oakland,"Pittsburgh city (Allegheny, PA)",0.6691469879518073,1,191
E48644,40.444341,-79.984756,Crawford-Roberts,"Pittsburgh city (Allegheny, PA)",0.6691469879518073,1,191
E55855,40.443291,-79.966172,West Oakland,"Pittsburgh city (Allegheny, PA)",0.6691469879518073,1,191
E48641,40.44453,-79.9849959999999,Crawford-Roberts,"Pittsburgh city (Allegheny, PA)",0.6691469879518073,1,191
E33455,40.4451529999999,-79.976067,Middle Hill,"Pittsburgh city (Allegheny, PA)",0.6691469879518073,1,191
E70374,40.4451579999999,-79.9853499999999,Crawford-Roberts,"Pittsburgh city (Allegheny, PA)",0.6691469879518073,1,191
E70798,40.4400339999999,-79.9698369999999,Terrace Village,"Pittsburgh city (Allegheny, PA)",0.6691469879518073,1,191
E49310,40.4443559999999,-79.975683,Terrace Village,"Pittsburgh city (Allegheny, PA)",0.6691469879518073,1,191
E70996,40.442774,-79.9873479999999,Crawford-Roberts,"Pittsburgh city (Allegheny, PA)",0.6691469879518073,1,191
E05720,40.4439509999999,-79.988033,Crawford-Roberts,"Pittsburgh city (Allegheny, PA)",0.6691469879518073,1,191
E70868,40.4438549999999,-79.9766249999999,Terrace Village,"Pittsburgh city (Allegheny, PA)",0.6691469879518073,1,191
E07000,40.4406219999999,-79.978193,Terrace Village,"Pittsburgh city (Allegheny, PA)",0.6691469879518073,1,191
E48640,40.4422849999999,-79.983365,Crawford-Roberts,"Pittsburgh city (Allegheny, PA)",0.6691469879518073,1,191
E48880,40.4417189999999,-79.965703,West Oakland,"Pittsburgh city (Allegheny, PA)",0.6691469879518073,1,191
E07050,40.4406949999999,-79.9784449999999,Crawford-Roberts,"Pittsburgh city (Allegheny, PA)",0.6691469879518073,1,191
E48910,40.441617,-79.965614,West Oakland,"Pittsburgh city (Allegheny, PA)",0.6691469879518073,1,191
E06950,40.440708,-79.974197,Terrace Village,"Pittsburgh city (Allegheny, PA)",0.6691469879518073,1,191
E70869,40.4436559999999,-79.9765859999999,Terrace Village,"Pittsburgh city (Allegheny, PA)",0.6691469879518073,1,191
E70372,40.445151,-79.985517,Crawford-Roberts,"Pittsburgh city (Allegheny, PA)",0.6691469879518073,1,191
E48642,40.4436749999999,-79.9843759999999,Crawford-Roberts,"Pittsburgh city (Allegheny, PA)",0.6691469879518073,1,191
E17424,40.44267,-79.96845,Terrace Village,"Pittsburgh city (Allegheny, PA)",0.6691469879518073,1,191
E70867,40.4431129999999,-79.976291,Terrace Village,"Pittsburgh city (Allegheny, PA)",0.6691469879518073,1,191
E06940,40.4406079999999,-79.974592,Terrace Village,"Pittsburgh city (Allegheny, PA)",0.6691469879518073,1,191
E70870,40.442821,-79.977147,Terrace Village,"Pittsburgh city (Allegheny, PA)",0.6691469879518073,1,191
E42794,40.4415059999999,-79.969941,Terrace Village,"Pittsburgh city (Allegheny, PA)",0.6691469879518073,1,191
E42796,40.441375,-79.970077,Terrace Village,"Pittsburgh city (Allegheny, PA)",0.6691469879518073,1,191
E70865,40.442177,-79.9784669999999,Terrace Village,"Pittsburgh city (Allegheny, PA)",0.6691469879518073,1,191
E70871,40.442366,-79.9782139999999,Terrace Village,"Pittsburgh city (Allegheny, PA)",0.6691469879518073,1,191
E70995,40.442042,-79.9888849999999,Crawford-Roberts,"Pittsburgh city (Allegheny, PA)",0.6691469879518073,1,191
E55860,40.443311,-79.966436,Terrace Village,"Pittsburgh city (Allegheny, PA)",0.6691469879518073,1,191
E70797,40.444479,-79.9757089999999,Middle Hill,"Pittsburgh city (Allegheny, PA)",0.6691469879518073,1,191
E48890,40.4404219999999,-79.9656059999999,West Oakland,"Pittsburgh city (Allegheny, PA)",0.6691469879518073,1,191
E05700,40.444521,-79.9872199999999,Crawford-Roberts,"Pittsburgh city (Allegheny, PA)",0.6691469879518073,1,191
E05670,40.4449699999999,-79.986147,Crawford-Roberts,"Pittsburgh city (Allegheny, PA)",0.6691469879518073,1,191
E05710,40.444389,-79.987316,Crawford-Roberts,"Pittsburgh city (Allegheny, PA)",0.6691469879518073,1,191
E06917,40.4398229999999,-79.970364,Terrace Village,"Pittsburgh city (Allegheny, PA)",0.6691469879518073,1,191
E48840,40.4429,-79.965834,West Oakland,"Pittsburgh city (Allegheny, PA)",0.6691469879518073,1,191
E17422,40.442613,-79.9684299999999,Terrace Village,"Pittsburgh city (Allegheny, PA)",0.6691469879518073,1,191
E70866,40.4426569999999,-79.977384,Terrace Village,"Pittsburgh city (Allegheny, PA)",0.6691469879518073,1,191
E48845,40.442756,-79.965686,West Oakland,"Pittsburgh city (Allegheny, PA)",0.6691469879518073,1,191
E48646,40.4434929999999,-79.9841339999999,Crawford-Roberts,"Pittsburgh city (Allegheny, PA)",0.6691469879518073,1,191
P01970,40.442787,-79.9943009999999,Central Business District,"Pittsburgh city (Allegheny, PA)",0.6695618511164316,6,328
E01550,40.437773,-79.965235,West Oakland,"Pittsburgh city (Allegheny, PA)",0.6695684036245625,6,1963
E01150,40.4468049999999,-79.949606,North Oakland,"Pittsburgh city (Allegheny, PA)",0.6704546963577992,5,1413
S04150,40.41001,-79.9125949999999,,"Homestead borough (Allegheny, PA)",0.6705520967483027,3,789
P02130,40.441664,-79.9951949999999,Central Business District,"Pittsburgh city (Allegheny, PA)",0.6706686473454392,5,293
S04160,40.409837,-79.9122809999999,,"Homestead borough (Allegheny, PA)",0.6713951148502719,5,389
E41170,40.4377479999999,-79.9228999999999,Squirrel Hill South,"Pittsburgh city (Allegheny, PA)",0.6718200339610991,2,395
N18185,40.485058,-80.009567,Perry North,"Pittsburgh city (Allegheny, PA)",0.6721518425702812,2,375
N17882,40.485056,-80.009377,Summer Hill,"Pittsburgh city (Allegheny, PA)",0.6723409638554216,2,392
E70245,40.465577,-79.9584509999999,Lower Lawrenceville,"Pittsburgh city (Allegheny, PA)",0.6723751789864558,2,418
E00500,40.467598,-79.9609789999999,Lower Lawrenceville,"Pittsburgh city (Allegheny, PA)",0.6723751789864558,2,418
MASQST,40.441471,-80.0022759999999,Central Business District,"Pittsburgh city (Allegheny, PA)",0.6736721487028078,6,2412
WOSTST,40.4420829999999,-79.9996129999999,Central Business District,"Pittsburgh city (Allegheny, PA)",0.6736721487028078,6,2412
WMPNST,40.439824,-79.99795,Central Business District,"Pittsburgh city (Allegheny, PA)",0.6736721487028078,6,2412
S04162,40.412325,-79.9106259999999,,"Homestead borough (Allegheny, PA)",0.6738233256021702,4,951
S04161,40.411993,-79.9107659999999,,"Homestead borough (Allegheny, PA)",0.6738233256021702,4,951
S04000,40.4183469999999,-79.9881809999999,,"Mount Oliver borough (Allegheny, PA)",0.6738963347773115,2,356
P01610,40.443964,-79.9918579999999,Central Business District,"Pittsburgh city (Allegheny, PA)",0.6744303852430287,18,1733
W18250,40.4249039999999,-80.065741,Oakwood,"Pittsburgh city (Allegheny, PA)",0.6748740740740741,1,169
W17130,40.429811,-80.0535289999999,Westwood,"Pittsburgh city (Allegheny, PA)",0.6748740740740741,1,169
W16940,40.4281489999999,-80.053674,Westwood,"Pittsburgh city (Allegheny, PA)",0.6748740740740741,1,169
W16470,40.427084,-80.055592,Oakwood,"Pittsburgh city (Allegheny, PA)",0.6748740740740741,1,169
W24035,40.407432,-80.083673,,"Carnegie borough (Allegheny, PA)",0.6748740740740741,1,169
W16570,40.417135,-80.066124,,"Green Tree borough (Allegheny, PA)",0.6748740740740741,1,169
W24290,40.3994969999999,-80.0827239999999,,"Carnegie borough (Allegheny, PA)",0.6748740740740741,1,169
W20130,40.387951,-80.09362,,"Scott township (Allegheny, PA)",0.6748740740740741,1,169
W24160,40.3967779999999,-80.084934,,"Scott township (Allegheny, PA)",0.6748740740740741,1,169
W16120,40.413893,-80.073256,East Carnegie,"Pittsburgh city (Allegheny, PA)",0.6748740740740741,1,169
W12250,40.410029,-80.082633,,"Carnegie borough (Allegheny, PA)",0.6748740740740741,1,169
W24110,40.401462,-80.0829659999999,,"Carnegie borough (Allegheny, PA)",0.6748740740740741,1,169
W12620,40.4119379999999,-80.08001,,"Carnegie borough (Allegheny, PA)",0.6748740740740741,1,169
W17860,40.4132469999999,-80.0780079999999,,"Scott township (Allegheny, PA)",0.6748740740740741,1,169
W16830,40.4208399999999,-80.066969,Oakwood,"Pittsburgh city (Allegheny, PA)",0.6748740740740741,1,169
W16850,40.419037,-80.066485,,"Green Tree borough (Allegheny, PA)",0.6748740740740741,1,169
W24150,40.3966369999999,-80.0849379999999,,"Scott township (Allegheny, PA)",0.6748740740740741,1,169
W16550,40.434116,-80.0503499999999,Westwood,"Pittsburgh city (Allegheny, PA)",0.6748740740740741,1,169
W17730,40.423628,-80.066591,,"Green Tree borough (Allegheny, PA)",0.6748740740740741,1,169
W12350,40.411996,-80.080105,,"Carnegie borough (Allegheny, PA)",0.6748740740740741,1,169
W70144,40.398192,-80.0832079999999,,"Scott township (Allegheny, PA)",0.6748740740740741,1,169
W16400,40.4238009999999,-80.0665309999999,Oakwood,"Pittsburgh city (Allegheny, PA)",0.6748740740740741,1,169
W24520,40.404541,-80.0835639999999,,"Carnegie borough (Allegheny, PA)",0.6748740740740741,1,169
W24430,40.405582,-80.083735,,"Carnegie borough (Allegheny, PA)",0.6748740740740741,1,169
W24190,40.395997,-80.0861909999999,,"Scott township (Allegheny, PA)",0.6748740740740741,1,169
W24450,40.401687,-80.0830919999999,,"Carnegie borough (Allegheny, PA)",0.6748740740740741,1,169
W18290,40.4158589999999,-80.0707629999999,East Carnegie,"Pittsburgh city (Allegheny, PA)",0.6748740740740741,1,169
W17620,40.4137649999999,-80.073312,,"Green Tree borough (Allegheny, PA)",0.6748740740740741,1,169
W17100,40.4319879999999,-80.0527,Westwood,"Pittsburgh city (Allegheny, PA)",0.6748740740740741,1,169
W24260,40.4091349999999,-80.083601,,"Carnegie borough (Allegheny, PA)",0.6748740740740741,1,169
W16240,40.4311209999999,-80.053458,Westwood,"Pittsburgh city (Allegheny, PA)",0.6748740740740741,1,169
W18010,40.438015,-80.0494769999999,Westwood,"Pittsburgh city (Allegheny, PA)",0.6748740740740741,1,169
W17240,40.4157909999999,-80.0707069999999,,"Green Tree borough (Allegheny, PA)",0.6748740740740741,1,169
W24270,40.4091829999999,-80.083691,,"Carnegie borough (Allegheny, PA)",0.6748740740740741,1,169
W18190,40.429879,-80.053421,Westwood,"Pittsburgh city (Allegheny, PA)",0.6748740740740741,1,169
W17250,40.426422,-80.0571209999999,,"Green Tree borough (Allegheny, PA)",0.6748740740740741,1,169
W70161,40.398017,-80.083568,,"Scott township (Allegheny, PA)",0.6748740740740741,1,169
W17820,40.416189,-80.067468,East Carnegie,"Pittsburgh city (Allegheny, PA)",0.6748740740740741,1,169
W17160,40.426431,-80.06166,Oakwood,"Pittsburgh city (Allegheny, PA)",0.6748740740740741,1,169
W16150,40.426636,-80.056706,Oakwood,"Pittsburgh city (Allegheny, PA)",0.6748740740740741,1,169
W16990,40.416294,-80.0671229999999,,"Green Tree borough (Allegheny, PA)",0.6748740740740741,1,169
W16160,40.436208,-80.052019,Westwood,"Pittsburgh city (Allegheny, PA)",0.6748740740740741,1,169
W24380,40.4076,-80.083752,,"Carnegie borough (Allegheny, PA)",0.6748740740740741,1,169
W18280,40.437108,-80.0401169999999,Westwood,"Pittsburgh city (Allegheny, PA)",0.6748740740740741,1,169
W16390,40.413105,-80.075355,,"Scott township (Allegheny, PA)",0.6748740740740741,1,169
W17560,40.437159,-80.0398529999999,Elliott,"Pittsburgh city (Allegheny, PA)",0.6748740740740741,1,169
W17980,40.419055,-80.066564,East Carnegie,"Pittsburgh city (Allegheny, PA)",0.6748740740740741,1,169
W16640,40.413066,-80.0786789999999,,"Scott township (Allegheny, PA)",0.6748740740740741,1,169
W16290,40.434235,-80.0502019999999,Westwood,"Pittsburgh city (Allegheny, PA)",0.6748740740740741,1,169
W17780,40.427067,-80.0554,,"Green Tree borough (Allegheny, PA)",0.6748740740740741,1,169
W17080,40.4327449999999,-80.051798,Westwood,"Pittsburgh city (Allegheny, PA)",0.6748740740740741,1,169
W24530,40.399678,-80.0826689999999,,"Carnegie borough (Allegheny, PA)",0.6748740740740741,1,169
W17700,40.437486,-80.0537609999999,Westwood,"Pittsburgh city (Allegheny, PA)",0.6748740740740741,1,169
W16880,40.438135,-80.0493689999999,Crafton Heights,"Pittsburgh city (Allegheny, PA)",0.6748740740740741,1,169
W16380,40.4131069999999,-80.0757499999999,,"Scott township (Allegheny, PA)",0.6748740740740741,1,169
W17640,40.437612,-80.052346,Crafton Heights,"Pittsburgh city (Allegheny, PA)",0.6748740740740741,1,169
W17093,40.431806,-80.0527639999999,Westwood,"Pittsburgh city (Allegheny, PA)",0.6748740740740741,1,169
W24040,40.402742,-80.0832599999999,,"Carnegie borough (Allegheny, PA)",0.6748740740740741,1,169
W24250,40.4044919999999,-80.083476,,"Carnegie borough (Allegheny, PA)",0.6748740740740741,1,169
W24050,40.396109,-80.086365,,"Scott township (Allegheny, PA)",0.6748740740740741,1,169
W16560,40.4374699999999,-80.051061,Westwood,"Pittsburgh city (Allegheny, PA)",0.6748740740740741,1,169
W17960,40.4205619999999,-80.066827,,"Green Tree borough (Allegheny, PA)",0.6748740740740741,1,169
W17810,40.4375509999999,-80.050959,Crafton Heights,"Pittsburgh city (Allegheny, PA)",0.6748740740740741,1,169
W12260,40.410294,-80.082329,,"Carnegie borough (Allegheny, PA)",0.6748740740740741,1,169
W16930,40.427818,-80.053781,,"Green Tree borough (Allegheny, PA)",0.6748740740740741,1,169
W17095,40.431142,-80.0533219999999,Westwood,"Pittsburgh city (Allegheny, PA)",0.6748740740740741,1,169
W16360,40.435053,-80.050533,Westwood,"Pittsburgh city (Allegheny, PA)",0.6748740740740741,1,169
W18220,40.426341,-80.0619449999999,,"Green Tree borough (Allegheny, PA)",0.6748740740740741,1,169
W16370,40.435102,-80.050413,Westwood,"Pittsburgh city (Allegheny, PA)",0.6748740740740741,1,169
W16170,40.4361949999999,-80.0521389999999,Westwood,"Pittsburgh city (Allegheny, PA)",0.6748740740740741,1,169
W24420,40.405456,-80.0836299999999,,"Carnegie borough (Allegheny, PA)",0.6748740740740741,1,169
W20950,40.4415539999999,-80.032959,West End,"Pittsburgh city (Allegheny, PA)",0.6748740740740741,1,169
W20980,40.440857,-80.034895,West End,"Pittsburgh city (Allegheny, PA)",0.6748740740740741,1,169
W16340,40.437477,-80.053848,Westwood,"Pittsburgh city (Allegheny, PA)",0.6748740740740741,1,169
S21620,40.3914759999999,-79.8834789999999,,"West Mifflin borough (Allegheny, PA)",0.6749771084337349,1,40
S38670,40.3621249999999,-79.8614299999999,,"West Mifflin borough (Allegheny, PA)",0.6749771084337349,1,40
S21410,40.387095,-79.880609,,"West Mifflin borough (Allegheny, PA)",0.6749771084337349,1,40
S22990,40.3768219999999,-79.87554,,"West Mifflin borough (Allegheny, PA)",0.6749771084337349,1,35
S70408,40.394136,-79.8875879999999,,"West Mifflin borough (Allegheny, PA)",0.6749771084337349,1,40
S23090,40.376823,-79.8754459999999,,"West Mifflin borough (Allegheny, PA)",0.6749771084337349,1,40
S70642,40.3625899999999,-79.870469,,"West Mifflin borough (Allegheny, PA)",0.6749771084337349,1,40
S70639,40.3704359999999,-79.8526959999999,,"Duquesne city (Allegheny, PA)",0.6749771084337349,1,40
S21350,40.3930089999999,-79.886031,,"West Mifflin borough (Allegheny, PA)",0.6749771084337349,1,40
S70416,40.394252,-79.887814,,"West Mifflin borough (Allegheny, PA)",0.6749771084337349,1,35
S21600,40.385798,-79.880054,,"West Mifflin borough (Allegheny, PA)",0.6749771084337349,1,40
S23110,40.3656089999999,-79.870489,,"West Mifflin borough (Allegheny, PA)",0.6749771084337349,1,40
S70134,40.362225,-79.8693659999999,,"West Mifflin borough (Allegheny, PA)",0.6749771084337349,1,40
S20495,40.372266,-79.8509829999999,,"Duquesne city (Allegheny, PA)",0.6749771084337349,1,40
S70641,40.3717359999999,-79.852579,,"Duquesne city (Allegheny, PA)",0.6749771084337349,1,35
S38680,40.3620719999999,-79.8616669999999,,"West Mifflin borough (Allegheny, PA)",0.6749771084337349,1,35
S21420,40.3872149999999,-79.880724,,"West Mifflin borough (Allegheny, PA)",0.6749771084337349,1,35
S38540,40.36207,-79.858867,,"West Mifflin borough (Allegheny, PA)",0.6749771084337349,1,35
S23100,40.3812879999999,-79.8772369999999,,"West Mifflin borough (Allegheny, PA)",0.6749771084337349,1,40
S23130,40.373624,-79.8736679999999,,"West Mifflin borough (Allegheny, PA)",0.6749771084337349,1,40
S13380,40.362188,-79.869421,,"West Mifflin borough (Allegheny, PA)",0.6749771084337349,1,35
S38690,40.3621109999999,-79.8665979999999,,"West Mifflin borough (Allegheny, PA)",0.6749771084337349,1,40
S70414,40.3972419999999,-79.889155,,"Whitaker borough (Allegheny, PA)",0.6749771084337349,1,35
S38700,40.362059,-79.866962,,"West Mifflin borough (Allegheny, PA)",0.6749771084337349,1,35
S21312,40.3918439999999,-79.8846379999999,,"West Mifflin borough (Allegheny, PA)",0.6749771084337349,1,40
S20460,40.3726089999999,-79.8491709999999,,"Duquesne city (Allegheny, PA)",0.6749771084337349,1,35
S29255,40.3716769999999,-79.8445909999999,,"Duquesne city (Allegheny, PA)",0.6749771084337349,1,40
S22980,40.381464,-79.8774109999999,,"West Mifflin borough (Allegheny, PA)",0.6749771084337349,1,35
S21470,40.3860389999999,-79.880322,,"West Mifflin borough (Allegheny, PA)",0.6749771084337349,1,35
S23095,40.366678,-79.871328,,"West Mifflin borough (Allegheny, PA)",0.6749771084337349,1,40
S20510,40.37172,-79.853243,,"Duquesne city (Allegheny, PA)",0.6749771084337349,1,40
S23000,40.3827,-79.8777659999999,,"West Mifflin borough (Allegheny, PA)",0.6749771084337349,1,40
S21320,40.390627,-79.8823849999999,,"West Mifflin borough (Allegheny, PA)",0.6749771084337349,1,40
S23030,40.373795,-79.873863,,"West Mifflin borough (Allegheny, PA)",0.6749771084337349,1,35
S70415,40.3961029999999,-79.891107,,"West Mifflin borough (Allegheny, PA)",0.6749771084337349,1,35
S70413,40.3978279999999,-79.8877049999999,,"Whitaker borough (Allegheny, PA)",0.6749771084337349,1,35
S20497,40.3721329999999,-79.851168,,"Duquesne city (Allegheny, PA)",0.6749771084337349,1,35
S21360,40.39186,-79.884732,,"West Mifflin borough (Allegheny, PA)",0.6749771084337349,1,35
S70412,40.39866,-79.8854819999999,,"Whitaker borough (Allegheny, PA)",0.6749771084337349,1,40
S23025,40.3669009999999,-79.871599,,"West Mifflin borough (Allegheny, PA)",0.6749771084337349,1,35
S21540,40.3913969999999,-79.8834769999999,,"West Mifflin borough (Allegheny, PA)",0.6749771084337349,1,35
S21330,40.390715,-79.8825559999999,,"West Mifflin borough (Allegheny, PA)",0.6749771084337349,1,35
S70411,40.3976929999999,-79.8878849999999,,"Whitaker borough (Allegheny, PA)",0.6749771084337349,1,40
S70410,40.397117,-79.889317,,"Whitaker borough (Allegheny, PA)",0.6749771084337349,1,40
S38490,40.361812,-79.867918,,"West Mifflin borough (Allegheny, PA)",0.6749771084337349,1,40
S21580,40.383543,-79.878252,,"West Mifflin borough (Allegheny, PA)",0.6749771084337349,1,35
S21450,40.384098,-79.8784299999999,,"West Mifflin borough (Allegheny, PA)",0.6749771084337349,1,40
S70571,40.363909,-79.8699419999999,,"West Mifflin borough (Allegheny, PA)",0.6749771084337349,1,35
S70409,40.3962659999999,-79.8912339999999,,"Whitaker borough (Allegheny, PA)",0.6749771084337349,1,40
S70570,40.3644559999999,-79.8697659999999,,"West Mifflin borough (Allegheny, PA)",0.6749771084337349,1,40
S13400,40.361741,-79.868114,,"West Mifflin borough (Allegheny, PA)",0.6749771084337349,1,35
S50310,40.3628659999999,-79.870699,,"West Mifflin borough (Allegheny, PA)",0.6749771084337349,1,35
S23020,40.365499,-79.870586,,"West Mifflin borough (Allegheny, PA)",0.6749771084337349,1,35
S28220,40.353855,-79.9152509999999,,"West Mifflin borough (Allegheny, PA)",0.6750886885112815,2,257
S28080,40.3529399999999,-79.917364,,"West Mifflin borough (Allegheny, PA)",0.6750886885112815,2,257
S27880,40.350625,-79.924508,,"West Mifflin borough (Allegheny, PA)",0.6750886885112815,2,257
E52380,40.4402839999999,-79.880105,,"Wilkinsburg borough (Allegheny, PA)",0.675150117352527,2,154
P03440,40.44265,-80.004394,Central Business District,"Pittsburgh city (Allegheny, PA)",0.6752125051931865,4,145
E70757,40.488852,-79.9242059999999,Morningside,"Pittsburgh city (Allegheny, PA)",0.6755170731707316,1,100
E70758,40.4889,-79.9359429999999,Morningside,"Pittsburgh city (Allegheny, PA)",0.6755170731707316,1,100
E70756,40.488408,-79.9222829999999,Morningside,"Pittsburgh city (Allegheny, PA)",0.6755170731707316,1,100
E70896,40.4880199999999,-79.920619,Morningside,"Pittsburgh city (Allegheny, PA)",0.6755170731707316,1,100
E23610,40.4623649999999,-79.9431129999999,Bloomfield,"Pittsburgh city (Allegheny, PA)",0.6755170731707317,1,226
E53180,40.4793999999999,-79.943555,Stanton Heights,"Pittsburgh city (Allegheny, PA)",0.6755170731707317,1,131
E52840,40.480476,-79.942519,Stanton Heights,"Pittsburgh city (Allegheny, PA)",0.6755170731707317,1,126
E53030,40.4772579999999,-79.9540329999999,Central Lawrenceville,"Pittsburgh city (Allegheny, PA)",0.6755170731707317,1,131
E52995,40.4775199999999,-79.951852,Central Lawrenceville,"Pittsburgh city (Allegheny, PA)",0.6755170731707317,1,131
E30110,40.465054,-79.95139,Bloomfield,"Pittsburgh city (Allegheny, PA)",0.6755170731707317,1,226
E52770,40.4753979999999,-79.931925,Stanton Heights,"Pittsburgh city (Allegheny, PA)",0.6755170731707317,1,126
E23520,40.462265,-79.944658,Bloomfield,"Pittsburgh city (Allegheny, PA)",0.6755170731707317,1,226
E52580,40.4780689999999,-79.9553259999999,Central Lawrenceville,"Pittsburgh city (Allegheny, PA)",0.6755170731707317,1,131
E52590,40.4782749999999,-79.955448,Upper Lawrenceville,"Pittsburgh city (Allegheny, PA)",0.6755170731707317,1,126
E23510,40.462476,-79.944382,Bloomfield,"Pittsburgh city (Allegheny, PA)",0.6755170731707317,1,226
E23620,40.462311,-79.9433319999999,Bloomfield,"Pittsburgh city (Allegheny, PA)",0.6755170731707317,1,226
E53000,40.481208,-79.937323,Stanton Heights,"Pittsburgh city (Allegheny, PA)",0.6755170731707317,1,131
E52720,40.4739999999999,-79.931448,Morningside,"Pittsburgh city (Allegheny, PA)",0.6755170731707317,1,126
E70759,40.4888029999999,-79.9359479999999,Stanton Heights,"Pittsburgh city (Allegheny, PA)",0.6755170731707317,1,95
E52970,40.477516,-79.950501,Central Lawrenceville,"Pittsburgh city (Allegheny, PA)",0.6755170731707317,1,131
E52990,40.4775149999999,-79.9527559999999,Central Lawrenceville,"Pittsburgh city (Allegheny, PA)",0.6755170731707317,1,131
E52735,40.4782429999999,-79.9490169999999,Upper Lawrenceville,"Pittsburgh city (Allegheny, PA)",0.6755170731707317,1,126
E23400,40.4619289999999,-79.937472,Bloomfield,"Pittsburgh city (Allegheny, PA)",0.6755170731707317,1,226
E23600,40.4609949999999,-79.933182,Friendship,"Pittsburgh city (Allegheny, PA)",0.6755170731707317,1,226
E52630,40.4769089999999,-79.9325709999999,Stanton Heights,"Pittsburgh city (Allegheny, PA)",0.6755170731707317,1,131
E30100,40.464384,-79.9522699999999,Bloomfield,"Pittsburgh city (Allegheny, PA)",0.6755170731707317,1,226
E53050,40.478119,-79.949245,Central Lawrenceville,"Pittsburgh city (Allegheny, PA)",0.6755170731707317,1,131
E52560,40.477688,-79.950298,Upper Lawrenceville,"Pittsburgh city (Allegheny, PA)",0.6755170731707317,1,126
E52810,40.480587,-79.9349399999999,Stanton Heights,"Pittsburgh city (Allegheny, PA)",0.6755170731707317,1,131
E23480,40.4614759999999,-79.934539,Friendship,"Pittsburgh city (Allegheny, PA)",0.6755170731707317,1,226
E23470,40.461308,-79.934272,Friendship,"Pittsburgh city (Allegheny, PA)",0.6755170731707317,1,226
E52980,40.4768329999999,-79.9324479999999,Stanton Heights,"Pittsburgh city (Allegheny, PA)",0.6755170731707317,1,126
E23420,40.462029,-79.9388459999999,Bloomfield,"Pittsburgh city (Allegheny, PA)",0.6755170731707317,1,226
E23450,40.4622379999999,-79.9415079999999,Bloomfield,"Pittsburgh city (Allegheny, PA)",0.6755170731707317,1,226
E23500,40.4617519999999,-79.936473,Bloomfield,"Pittsburgh city (Allegheny, PA)",0.6755170731707317,1,226
E53020,40.4742099999999,-79.931627,Stanton Heights,"Pittsburgh city (Allegheny, PA)",0.6755170731707317,1,131
E53070,40.4817439999999,-79.9408439999999,Stanton Heights,"Pittsburgh city (Allegheny, PA)",0.6755170731707317,1,131
E52640,40.477611,-79.9518669999999,Upper Lawrenceville,"Pittsburgh city (Allegheny, PA)",0.6755170731707317,1,126
E53080,40.47538,-79.932034,Stanton Heights,"Pittsburgh city (Allegheny, PA)",0.6755170731707317,1,131
E53170,40.4817499999999,-79.939531,Stanton Heights,"Pittsburgh city (Allegheny, PA)",0.6755170731707317,1,131
E23560,40.462144,-79.940285,Bloomfield,"Pittsburgh city (Allegheny, PA)",0.6755170731707317,1,226
E53110,40.4804379999999,-79.942445,Stanton Heights,"Pittsburgh city (Allegheny, PA)",0.6755170731707317,1,131
E23570,40.4620919999999,-79.9404889999999,Bloomfield,"Pittsburgh city (Allegheny, PA)",0.6755170731707317,1,226
E23490,40.461789,-79.9361959999999,Friendship,"Pittsburgh city (Allegheny, PA)",0.6755170731707317,1,226
E53160,40.479322,-79.9437539999999,Stanton Heights,"Pittsburgh city (Allegheny, PA)",0.6755170731707317,1,126
E52730,40.477339,-79.953916,Upper Lawrenceville,"Pittsburgh city (Allegheny, PA)",0.6755170731707317,1,126
E52740,40.481881,-79.940804,Stanton Heights,"Pittsburgh city (Allegheny, PA)",0.6755170731707317,1,126
E53150,40.477775,-79.947708,Central Lawrenceville,"Pittsburgh city (Allegheny, PA)",0.6755170731707317,1,131
E23410,40.4618779999999,-79.937768,Bloomfield,"Pittsburgh city (Allegheny, PA)",0.6755170731707317,1,226
E18270,40.4644529999999,-79.950619,Bloomfield,"Pittsburgh city (Allegheny, PA)",0.6755170731707317,1,226
E23430,40.461986,-79.9390949999999,Bloomfield,"Pittsburgh city (Allegheny, PA)",0.6755170731707317,1,226
E70760,40.488767,-79.9242629999999,Morningside,"Pittsburgh city (Allegheny, PA)",0.6755170731707317,1,95
E53040,40.4813789999999,-79.937685,Stanton Heights,"Pittsburgh city (Allegheny, PA)",0.6755170731707317,1,126
E70761,40.488174,-79.9216689999999,Morningside,"Pittsburgh city (Allegheny, PA)",0.6755170731707317,1,95
E23460,40.4621909999999,-79.941738,Bloomfield,"Pittsburgh city (Allegheny, PA)",0.6755170731707317,1,226
E18280,40.4632969999999,-79.951732,Bloomfield,"Pittsburgh city (Allegheny, PA)",0.6755170731707317,1,226
E52710,40.477614,-79.9526809999999,Upper Lawrenceville,"Pittsburgh city (Allegheny, PA)",0.6755170731707317,1,126
E52960,40.481749,-79.93921,Stanton Heights,"Pittsburgh city (Allegheny, PA)",0.6755170731707317,1,126
E52910,40.477831,-79.9476149999999,Stanton Heights,"Pittsburgh city (Allegheny, PA)",0.6755170731707317,1,126
E23550,40.4607239999999,-79.932623,Friendship,"Pittsburgh city (Allegheny, PA)",0.6755170731707317,1,226
E52890,40.480634,-79.9347839999999,Stanton Heights,"Pittsburgh city (Allegheny, PA)",0.6755170731707317,1,126
E52600,40.477784,-79.9547579999999,Upper Lawrenceville,"Pittsburgh city (Allegheny, PA)",0.6755170731707317,1,126
E17373,40.4657699999999,-79.92233,East Liberty,"Pittsburgh city (Allegheny, PA)",0.6757905260064648,2,370
E70428,40.4650899999999,-79.919599,Larimer,"Pittsburgh city (Allegheny, PA)",0.6757905260064648,2,370
E17405,40.4650389999999,-79.9200969999999,East Liberty,"Pittsburgh city (Allegheny, PA)",0.6757905260064648,2,370
E70812,40.465836,-79.9217529999999,East Liberty,"Pittsburgh city (Allegheny, PA)",0.6757905260064648,2,370
S28020,40.353692,-79.901525,,"West Mifflin borough (Allegheny, PA)",0.6762040662650601,2,320
S28470,40.3522979999999,-79.9035279999999,,"West Mifflin borough (Allegheny, PA)",0.6762040662650601,2,320
S28250,40.35237,-79.906947,,"West Mifflin borough (Allegheny, PA)",0.6762040662650601,2,320
S28190,40.352293,-79.9032799999999,,"Dravosburg borough (Allegheny, PA)",0.6762040662650601,2,320
S70590,40.3542959999999,-79.9134999999999,,"West Mifflin borough (Allegheny, PA)",0.6762040662650601,2,320
S40550,40.349037,-79.891934,,"Dravosburg borough (Allegheny, PA)",0.6762040662650601,2,320
S40601,40.3500149999999,-79.8942579999999,,"Dravosburg borough (Allegheny, PA)",0.6762040662650601,2,320
S27990,40.3559339999999,-79.899839,,"West Mifflin borough (Allegheny, PA)",0.6762040662650601,2,320
S40566,40.350062,-79.893967,,"Dravosburg borough (Allegheny, PA)",0.6762040662650601,2,320
S40630,40.348041,-79.8912859999999,,"Dravosburg borough (Allegheny, PA)",0.6762040662650601,2,320
S27900,40.3542589999999,-79.9122739999999,,"West Mifflin borough (Allegheny, PA)",0.6762040662650601,2,320
S28150,40.3520919999999,-79.907612,,"West Mifflin borough (Allegheny, PA)",0.6762040662650601,2,320
S28300,40.354194,-79.9121999999999,,"West Mifflin borough (Allegheny, PA)",0.6762040662650601,2,320
S28000,40.3559679999999,-79.89945,,"Dravosburg borough (Allegheny, PA)",0.6762040662650601,2,320
S28380,40.353712,-79.901432,,"Dravosburg borough (Allegheny, PA)",0.6762040662650601,2,320
S70469,40.409142,-79.916713,,"Homestead borough (Allegheny, PA)",0.6763355316285079,3,789
S70040,40.40411,-79.9200969999999,,"West Homestead borough (Allegheny, PA)",0.6763355316285079,3,789
S48260,40.4070469999999,-79.9194909999999,,"West Homestead borough (Allegheny, PA)",0.6763355316285079,4,789
S20112,40.404341,-79.9205529999999,,"West Homestead borough (Allegheny, PA)",0.6763355316285079,4,789
S48270,40.4074839999999,-79.918805,,"West Homestead borough (Allegheny, PA)",0.6763355316285079,3,789
S70136,40.4094699999999,-79.9165249999999,,"Homestead borough (Allegheny, PA)",0.6763355316285079,4,789
P02670,40.4434169999999,-79.9964509999999,Central Business District,"Pittsburgh city (Allegheny, PA)",0.6770651442690897,4,357
E70179,40.4566469999999,-79.911422,Larimer,"Pittsburgh city (Allegheny, PA)",0.6772023632398657,2,95
E01140,40.447054,-79.9488159999999,North Oakland,"Pittsburgh city (Allegheny, PA)",0.677690036922949,4,1287
W70131,40.4477359999999,-80.1551649999999,,"Robinson township (Allegheny, PA)",0.6780220414599439,2,321
W22160,40.4458729999999,-80.151649,,"Robinson township (Allegheny, PA)",0.6780220414599439,2,321
W22280,40.4442719999999,-80.146082,,"Robinson township (Allegheny, PA)",0.6780220414599439,2,321
W22576,40.449458,-80.140928,,"Robinson township (Allegheny, PA)",0.6780220414599439,2,321
W22670,40.445706,-80.1438899999999,,"Robinson township (Allegheny, PA)",0.6780220414599439,2,321
W22520,40.450834,-80.138541,,"Robinson township (Allegheny, PA)",0.6780220414599439,2,321
W22120,40.448242,-80.157086,,"Robinson township (Allegheny, PA)",0.6780220414599439,2,321
W22730,40.4515469999999,-80.136211,,"Robinson township (Allegheny, PA)",0.6780220414599439,2,321
W22470,40.4447199999999,-80.1497219999999,,"Robinson township (Allegheny, PA)",0.6780220414599439,2,321
E23630,40.462614,-79.9478629999999,Bloomfield,"Pittsburgh city (Allegheny, PA)",0.678150355798484,2,473
E23580,40.46349,-79.948812,Bloomfield,"Pittsburgh city (Allegheny, PA)",0.678150355798484,2,473
E23605,40.464046,-79.949724,Bloomfield,"Pittsburgh city (Allegheny, PA)",0.678150355798484,2,473
E23530,40.4627199999999,-79.9454719999999,Bloomfield,"Pittsburgh city (Allegheny, PA)",0.678150355798484,2,473
E23540,40.462386,-79.946194,Bloomfield,"Pittsburgh city (Allegheny, PA)",0.678150355798484,2,473
E23445,40.464615,-79.9505079999999,Bloomfield,"Pittsburgh city (Allegheny, PA)",0.678150355798484,2,473
E23590,40.463627,-79.9491349999999,Bloomfield,"Pittsburgh city (Allegheny, PA)",0.678150355798484,2,473
E23440,40.4628889999999,-79.9477059999999,Bloomfield,"Pittsburgh city (Allegheny, PA)",0.678150355798484,2,473
W22890,40.444982,-80.149974,,"Robinson township (Allegheny, PA)",0.6784489607751211,2,316
W22750,40.4444099999999,-80.145989,,"Robinson township (Allegheny, PA)",0.6784489607751211,2,316
W70141,40.4518959999999,-80.1618979999999,,"Robinson township (Allegheny, PA)",0.6784489607751211,2,316
W19497,40.450673,-80.161595,,"Robinson township (Allegheny, PA)",0.6784489607751211,2,316
W22577,40.449458,-80.1410829999999,,"Robinson township (Allegheny, PA)",0.6784489607751211,2,316
W22930,40.450901,-80.1386339999999,,"Robinson township (Allegheny, PA)",0.6784489607751211,2,316
W19485,40.4535559999999,-80.1675869999999,,"Robinson township (Allegheny, PA)",0.6784489607751211,2,316
W19493,40.4527799999999,-80.164821,,"Robinson township (Allegheny, PA)",0.6784489607751211,2,316
W70138,40.448523,-80.157893,,"Robinson township (Allegheny, PA)",0.6784489607751211,2,316
W22630,40.44778,-80.1549349999999,,"Robinson township (Allegheny, PA)",0.6784489607751211,2,316
W22200,40.4458259999999,-80.1439629999999,,"Robinson township (Allegheny, PA)",0.6784489607751211,2,316
W22740,40.4516989999999,-80.136026,,"Robinson township (Allegheny, PA)",0.6784489607751211,2,316
W22640,40.445715,-80.151194,,"Robinson township (Allegheny, PA)",0.6784489607751211,2,316
N17440,40.453704,-79.9992909999999,East Allegheny,"Pittsburgh city (Allegheny, PA)",0.678458108814855,6,1017
N70015,40.4538859999999,-79.998096,East Allegheny,"Pittsburgh city (Allegheny, PA)",0.678458108814855,6,1017
N17640,40.453453,-80.0006429999999,East Allegheny,"Pittsburgh city (Allegheny, PA)",0.678458108814855,6,1017
N17380,40.4535589999999,-80.0004969999999,East Allegheny,"Pittsburgh city (Allegheny, PA)",0.6787410961635669,6,1022
N17430,40.4538569999999,-79.998947,East Allegheny,"Pittsburgh city (Allegheny, PA)",0.6787410961635669,6,1022
E37980,40.3957789999999,-79.841423,,"East Pittsburgh borough (Allegheny, PA)",0.6795807228915662,1,134
E38725,40.407532,-79.823002,,"Turtle Creek borough (Allegheny, PA)",0.6795807228915662,1,134
E25040,40.406308,-79.8251939999999,,"Turtle Creek borough (Allegheny, PA)",0.6795807228915662,1,134
E44800,40.4057839999999,-79.845291,,"North Braddock borough (Allegheny, PA)",0.6795807228915662,1,134
E32324,40.421176,-79.7999559999999,,"Monroeville municipality (Allegheny, PA)",0.6795807228915662,1,148
E52370,40.441212,-79.883133,,"Wilkinsburg borough (Allegheny, PA)",0.6795807228915662,1,148
E71010,40.430599,-79.78574,,"Monroeville municipality (Allegheny, PA)",0.6795807228915662,1,134
E10440,40.42544,-79.8691239999999,,"Forest Hills borough (Allegheny, PA)",0.6795807228915662,1,134
E09880,40.405054,-79.8438589999999,,"North Braddock borough (Allegheny, PA)",0.6795807228915662,1,148
E38661,40.4077879999999,-79.820553,,"Turtle Creek borough (Allegheny, PA)",0.6795807228915662,1,148
E37990,40.3960259999999,-79.841452,,"East Pittsburgh borough (Allegheny, PA)",0.6795807228915662,1,148
E32321,40.4218639999999,-79.803116,,"Monroeville municipality (Allegheny, PA)",0.6795807228915662,1,134
E10400,40.410093,-79.850683,,"North Braddock borough (Allegheny, PA)",0.6795807228915662,1,134
E09900,40.402566,-79.842008,,"North Braddock borough (Allegheny, PA)",0.6795807228915662,1,148
E09920,40.401493,-79.8412019999999,,"North Braddock borough (Allegheny, PA)",0.6795807228915662,1,134
E32292,40.413136,-79.817791,,"Turtle Creek borough (Allegheny, PA)",0.6795807228915662,1,134
E32328,40.423468,-79.794105,,"Monroeville municipality (Allegheny, PA)",0.6795807228915662,1,148
E39950,40.4247969999999,-79.7902449999999,,"Monroeville municipality (Allegheny, PA)",0.6795807228915662,1,134
E09730,40.4022319999999,-79.841559,,"North Braddock borough (Allegheny, PA)",0.6795807228915662,1,134
E10490,40.4289869999999,-79.874301,,"Braddock Hills borough (Allegheny, PA)",0.6795807228915662,1,148
E44770,40.431294,-79.7876049999999,,"Monroeville municipality (Allegheny, PA)",0.6795807228915662,1,148
E10060,40.411363,-79.852124,,"Braddock Hills borough (Allegheny, PA)",0.6795807228915662,1,134
E09830,40.403587,-79.8430249999999,,"North Braddock borough (Allegheny, PA)",0.6795807228915662,1,148
E44810,40.4058569999999,-79.844391,,"North Braddock borough (Allegheny, PA)",0.6795807228915662,1,148
E10180,40.4068779999999,-79.847914,,"North Braddock borough (Allegheny, PA)",0.6795807228915662,1,148
E03273,40.4080269999999,-79.8196039999999,,"Turtle Creek borough (Allegheny, PA)",0.6795807228915662,1,134
E09810,40.405807,-79.8441959999999,,"North Braddock borough (Allegheny, PA)",0.6795807228915662,1,134
E70967,40.4212089999999,-79.8061569999999,,"Monroeville municipality (Allegheny, PA)",0.6795807228915662,1,148
E32312,40.409024,-79.8188549999999,,"Turtle Creek borough (Allegheny, PA)",0.6795807228915662,1,148
E44740,40.4314159999999,-79.788117,,"Monroeville municipality (Allegheny, PA)",0.6795807228915662,1,134
E32280,40.423633,-79.793952,,"Monroeville municipality (Allegheny, PA)",0.6795807228915662,1,134
E07190,40.3952069999999,-79.841582,,"East Pittsburgh borough (Allegheny, PA)",0.6795807228915662,1,134
E32277,40.416761,-79.8146469999999,,"Turtle Creek borough (Allegheny, PA)",0.6795807228915662,1,134
E52420,40.44075,-79.881726,,"Wilkinsburg borough (Allegheny, PA)",0.6795807228915662,1,148
E10160,40.427615,-79.873035,,"Braddock Hills borough (Allegheny, PA)",0.6795807228915662,1,148
E10480,40.4080209999999,-79.849412,,"North Braddock borough (Allegheny, PA)",0.6795807228915662,1,148
E32304,40.419083,-79.8112979999999,,"Monroeville municipality (Allegheny, PA)",0.6795807228915662,1,148
E09840,40.401645,-79.8413089999999,,"North Braddock borough (Allegheny, PA)",0.6795807228915662,1,148
E10050,40.4224719999999,-79.8639129999999,,"Forest Hills borough (Allegheny, PA)",0.6795807228915662,1,134
E39960,40.4272229999999,-79.788138,,"Monroeville municipality (Allegheny, PA)",0.6795807228915662,1,148
E10390,40.421522,-79.8613239999999,,"Braddock Hills borough (Allegheny, PA)",0.6795807228915662,1,148
E32308,40.4128979999999,-79.817998,,"Turtle Creek borough (Allegheny, PA)",0.6795807228915662,1,148
E52495,40.442123,-79.885895,,"Wilkinsburg borough (Allegheny, PA)",0.6795807228915662,1,148
E10140,40.4087109999999,-79.849861,,"North Braddock borough (Allegheny, PA)",0.6795807228915662,1,148
E40100,40.4282499999999,-79.7874369999999,,"Monroeville municipality (Allegheny, PA)",0.6795807228915662,1,148
E32291,40.4112319999999,-79.8189079999999,,"Turtle Creek borough (Allegheny, PA)",0.6795807228915662,1,119
E44730,40.432003,-79.789124,,"Monroeville municipality (Allegheny, PA)",0.6795807228915662,1,148
E70083,40.4147529999999,-79.8157879999999,,"Turtle Creek borough (Allegheny, PA)",0.6795807228915662,1,148
E10475,40.4127939999999,-79.8576379999999,,"Braddock Hills borough (Allegheny, PA)",0.6795807228915662,1,134
E10410,40.432786,-79.872747,,"Edgewood borough (Allegheny, PA)",0.6795807228915662,1,148
E70971,40.4118789999999,-79.8540899999999,,"Braddock Hills borough (Allegheny, PA)",0.6795807228915662,1,134
E10430,40.4068919999999,-79.847828,,"North Braddock borough (Allegheny, PA)",0.6795807228915662,1,134
E32275,40.4163059999999,-79.8148199999999,,"Turtle Creek borough (Allegheny, PA)",0.6795807228915662,1,148
E32329,40.424469,-79.790625,,"Monroeville municipality (Allegheny, PA)",0.6795807228915662,1,148
E71004,40.435533,-79.770294,,"Monroeville municipality (Allegheny, PA)",0.6795807228915662,1,148
E32327,40.421877,-79.803323,,"Monroeville municipality (Allegheny, PA)",0.6795807228915662,1,148
E38040,40.397474,-79.841255,,"East Pittsburgh borough (Allegheny, PA)",0.6795807228915662,1,148
E10200,40.4254549999999,-79.869246,,"Braddock Hills borough (Allegheny, PA)",0.6795807228915662,1,148
E32295,40.409218,-79.8189009999999,,"Turtle Creek borough (Allegheny, PA)",0.6795807228915662,1,134
E32299,40.4108409999999,-79.81878,,"Turtle Creek borough (Allegheny, PA)",0.6795807228915662,1,148
E10220,40.419935,-79.858935,,"Braddock Hills borough (Allegheny, PA)",0.6795807228915662,1,134
E10080,40.4118119999999,-79.854072,,"Braddock Hills borough (Allegheny, PA)",0.6795807228915662,1,148
E25050,40.4058029999999,-79.825197,,"Turtle Creek borough (Allegheny, PA)",0.6795807228915662,1,148
E32303,40.420174,-79.808328,,"Monroeville municipality (Allegheny, PA)",0.6795807228915662,1,134
E32307,40.4200779999999,-79.808367,,"Monroeville municipality (Allegheny, PA)",0.6795807228915662,1,148
E10340,40.4125519999999,-79.85611,,"Braddock Hills borough (Allegheny, PA)",0.6795807228915662,1,134
E71008,40.433967,-79.7639649999999,,"Monroeville municipality (Allegheny, PA)",0.6795807228915662,1,134
E10280,40.422958,-79.8667679999999,,"Braddock Hills borough (Allegheny, PA)",0.6795807228915662,1,148
E10100,40.4246339999999,-79.8686179999999,,"Braddock Hills borough (Allegheny, PA)",0.6795807228915662,1,148
E38660,40.4079249999999,-79.819626,,"Turtle Creek borough (Allegheny, PA)",0.6795807228915662,1,148
E71007,40.4339409999999,-79.754355,,"Monroeville municipality (Allegheny, PA)",0.6795807228915662,1,134
E52385,40.4403,-79.8804169999999,,"Wilkinsburg borough (Allegheny, PA)",0.6795807228915662,1,148
E09860,40.4003409999999,-79.841205,,"North Braddock borough (Allegheny, PA)",0.6795807228915662,1,148
E10330,40.422505,-79.864288,,"Braddock Hills borough (Allegheny, PA)",0.6795807228915662,1,148
E52430,40.441622,-79.884348,,"Wilkinsburg borough (Allegheny, PA)",0.6795807228915662,1,148
E71009,40.4357949999999,-79.770582,,"Monroeville municipality (Allegheny, PA)",0.6795807228915662,1,134
E52450,40.43985,-79.879028,,"Wilkinsburg borough (Allegheny, PA)",0.6795807228915662,1,148
E38060,40.398014,-79.84108,,"East Pittsburgh borough (Allegheny, PA)",0.6795807228915662,1,134
E38715,40.408039,-79.8187259999999,,"Turtle Creek borough (Allegheny, PA)",0.6795807228915662,1,148
E25030,40.404865,-79.8258589999999,,"Turtle Creek borough (Allegheny, PA)",0.6795807228915662,1,134
E71011,40.4364619999999,-79.780141,,"Monroeville municipality (Allegheny, PA)",0.6795807228915662,1,134
E10290,40.407733,-79.8491209999999,,"North Braddock borough (Allegheny, PA)",0.6795807228915662,1,134
E10420,40.427647,-79.872985,,"Braddock Hills borough (Allegheny, PA)",0.6795807228915662,1,134
E32297,40.419145,-79.811293,,"Monroeville municipality (Allegheny, PA)",0.6795807228915662,1,134
E70968,40.421196,-79.8063319999999,,"Monroeville municipality (Allegheny, PA)",0.6795807228915662,1,134
E71006,40.433937,-79.7535019999999,,"Monroeville municipality (Allegheny, PA)",0.6795807228915662,1,148
E10130,40.421573,-79.8612969999999,,"Forest Hills borough (Allegheny, PA)",0.6795807228915662,1,134
E38666,40.407482,-79.8229379999999,,"Turtle Creek borough (Allegheny, PA)",0.6795807228915662,1,148
E09870,40.404955,-79.843725,,"North Braddock borough (Allegheny, PA)",0.6795807228915662,1,134
E10070,40.41132,-79.8522569999999,,"Braddock Hills borough (Allegheny, PA)",0.6795807228915662,1,148
E10150,40.4325979999999,-79.8727949999999,,"Braddock Hills borough (Allegheny, PA)",0.6795807228915662,1,134
E38010,40.396734,-79.841356,,"East Pittsburgh borough (Allegheny, PA)",0.6795807228915662,1,148
E10270,40.422986,-79.866695,,"Forest Hills borough (Allegheny, PA)",0.6795807228915662,1,134
E71012,40.436466,-79.780039,,"Monroeville municipality (Allegheny, PA)",0.6795807228915662,1,148
E09930,40.4002989999999,-79.841126,,"North Braddock borough (Allegheny, PA)",0.6795807228915662,1,134
E38000,40.396538,-79.841316,,"East Pittsburgh borough (Allegheny, PA)",0.6795807228915662,1,134
E38030,40.3972729999999,-79.841193,,"East Pittsburgh borough (Allegheny, PA)",0.6795807228915662,1,134
E09820,40.4034669999999,-79.842864,,"North Braddock borough (Allegheny, PA)",0.6795807228915662,1,134
E38667,40.40787,-79.8203759999999,,"Turtle Creek borough (Allegheny, PA)",0.6795807228915662,1,134
E71003,40.4308539999999,-79.7853559999999,,"Monroeville municipality (Allegheny, PA)",0.6795807228915662,1,148
E32326,40.4217099999999,-79.7979849999999,,"Monroeville municipality (Allegheny, PA)",0.6795807228915662,1,134
E40110,40.4273549999999,-79.788206,,"Monroeville municipality (Allegheny, PA)",0.6795807228915662,1,134
E32302,40.4149239999999,-79.8157839999999,,"Turtle Creek borough (Allegheny, PA)",0.6795807228915662,1,134
E10360,40.4245719999999,-79.868521,,"Forest Hills borough (Allegheny, PA)",0.6795807228915662,1,134
E38110,40.3983989999999,-79.8410259999999,,"East Pittsburgh borough (Allegheny, PA)",0.6795807228915662,1,134
E71005,40.4340219999999,-79.764605,,"Monroeville municipality (Allegheny, PA)",0.6795807228915662,1,148
E10300,40.429009,-79.8742369999999,,"Braddock Hills borough (Allegheny, PA)",0.6795807228915662,1,134
E10040,40.435371,-79.8716579999999,,"Wilkinsburg borough (Allegheny, PA)",0.6795807228915662,1,134
E10210,40.405774,-79.845628,,"North Braddock borough (Allegheny, PA)",0.6795807228915662,1,148
E38120,40.3985899999999,-79.841115,,"East Pittsburgh borough (Allegheny, PA)",0.6795807228915662,1,148
E39940,40.4284329999999,-79.7874149999999,,"Monroeville municipality (Allegheny, PA)",0.6795807228915662,1,134
E48020,40.4098169999999,-79.85244,,"Braddock Hills borough (Allegheny, PA)",0.6795807228915662,1,148
E13040,40.3957079999999,-79.8392769999999,,"East Pittsburgh borough (Allegheny, PA)",0.6795807228915662,1,148
E10450,40.419919,-79.8589949999999,,"Braddock Hills borough (Allegheny, PA)",0.6795807228915662,1,148
E10287,40.41279,-79.8577339999999,,"Braddock Hills borough (Allegheny, PA)",0.6795807228915662,1,148
E58700,40.430306,-79.8135819999999,,"Wilkins township (Allegheny, PA)",0.6799807228915663,1,20
E58480,40.4328799999999,-79.819061,,"Wilkins township (Allegheny, PA)",0.6799807228915663,1,20
E59230,40.4300819999999,-79.811688,,"Wilkins township (Allegheny, PA)",0.6799807228915663,1,20
E70246,40.4652499999999,-79.9513879999999,Bloomfield,"Pittsburgh city (Allegheny, PA)",0.680559756097561,1,247
E51531,40.448456,-79.9212339999999,Point Breeze,"Pittsburgh city (Allegheny, PA)",0.680559756097561,1,247
E70243,40.4651089999999,-79.951069,Bloomfield,"Pittsburgh city (Allegheny, PA)",0.680559756097561,1,247
E51300,40.448005,-79.921531,Squirrel Hill North,"Pittsburgh city (Allegheny, PA)",0.680559756097561,1,247
E70242,40.462316,-79.9444689999999,Bloomfield,"Pittsburgh city (Allegheny, PA)",0.680559756097561,1,247
E51540,40.445796,-79.9211619999999,Squirrel Hill North,"Pittsburgh city (Allegheny, PA)",0.680559756097561,1,247
E41970,40.4519949999999,-79.930879,Shadyside,"Pittsburgh city (Allegheny, PA)",0.680559756097561,1,247
E51260,40.440182,-79.9195229999999,Squirrel Hill North,"Pittsburgh city (Allegheny, PA)",0.680559756097561,1,247
E51490,40.4429779999999,-79.920303,Squirrel Hill North,"Pittsburgh city (Allegheny, PA)",0.680559756097561,1,247
E41755,40.456074,-79.933304,Shadyside,"Pittsburgh city (Allegheny, PA)",0.680559756097561,1,247
E70244,40.4674979999999,-79.963592,Lower Lawrenceville,"Pittsburgh city (Allegheny, PA)",0.680559756097561,1,247
E41745,40.4566549999999,-79.9337469999999,Shadyside,"Pittsburgh city (Allegheny, PA)",0.680559756097561,1,247
E51550,40.449823,-79.9206719999999,Point Breeze,"Pittsburgh city (Allegheny, PA)",0.680559756097561,1,247
E51580,40.4426559999999,-79.920096,Squirrel Hill North,"Pittsburgh city (Allegheny, PA)",0.680559756097561,1,247
E51270,40.440088,-79.919628,Squirrel Hill North,"Pittsburgh city (Allegheny, PA)",0.680559756097561,1,247
E41865,40.450231,-79.929837,Shadyside,"Pittsburgh city (Allegheny, PA)",0.680559756097561,1,247
E41971,40.452143,-79.9310779999999,Shadyside,"Pittsburgh city (Allegheny, PA)",0.680559756097561,1,247
E41866,40.450566,-79.9301449999999,Shadyside,"Pittsburgh city (Allegheny, PA)",0.680559756097561,1,247
E51400,40.4420819999999,-79.9200359999999,Squirrel Hill North,"Pittsburgh city (Allegheny, PA)",0.680559756097561,1,247
E51530,40.444057,-79.920635,Squirrel Hill North,"Pittsburgh city (Allegheny, PA)",0.680559756097561,1,247
E51220,40.4520059999999,-79.9203969999999,Point Breeze,"Pittsburgh city (Allegheny, PA)",0.680559756097561,1,247
E41770,40.454689,-79.9324809999999,Shadyside,"Pittsburgh city (Allegheny, PA)",0.680559756097561,1,247
E41771,40.4549019999999,-79.932714,Shadyside,"Pittsburgh city (Allegheny, PA)",0.680559756097561,1,247
E41781,40.4532609999999,-79.9317379999999,Shadyside,"Pittsburgh city (Allegheny, PA)",0.680559756097561,1,247
E51360,40.449905,-79.9207629999999,Squirrel Hill North,"Pittsburgh city (Allegheny, PA)",0.680559756097561,1,247
E51340,40.438191,-79.9194339999999,Squirrel Hill North,"Pittsburgh city (Allegheny, PA)",0.680559756097561,1,247
E41780,40.4533429999999,-79.931674,Shadyside,"Pittsburgh city (Allegheny, PA)",0.680559756097561,1,247
E51520,40.443756,-79.9204239999999,Squirrel Hill North,"Pittsburgh city (Allegheny, PA)",0.680559756097561,1,247
E51390,40.441695,-79.9198039999999,Squirrel Hill North,"Pittsburgh city (Allegheny, PA)",0.680559756097561,1,247
E51350,40.4455699999999,-79.920974,Point Breeze,"Pittsburgh city (Allegheny, PA)",0.680559756097561,1,247
E52670,40.4723729999999,-79.92846,Morningside,"Pittsburgh city (Allegheny, PA)",0.6817828113849125,2,448
E71017,40.47167,-79.9265539999999,Highland Park,"Pittsburgh city (Allegheny, PA)",0.6817828113849125,2,448
E53010,40.472374,-79.928604,East Liberty,"Pittsburgh city (Allegheny, PA)",0.6817828113849125,2,448
E52700,40.4729219999999,-79.9297559999999,Morningside,"Pittsburgh city (Allegheny, PA)",0.6817828113849125,2,448
E52620,40.4732589999999,-79.930598,Morningside,"Pittsburgh city (Allegheny, PA)",0.6817828113849125,2,448
E52780,40.4715959999999,-79.92658,East Liberty,"Pittsburgh city (Allegheny, PA)",0.6817828113849125,2,448
E52610,40.473278,-79.930902,East Liberty,"Pittsburgh city (Allegheny, PA)",0.6817828113849125,2,448
W20140,40.393424,-80.087496,,"Heidelberg borough (Allegheny, PA)",0.682513352936794,2,194
W20230,40.3883409999999,-80.0898499999999,,"Heidelberg borough (Allegheny, PA)",0.682513352936794,2,194
W20170,40.390306,-80.0879719999999,,"Heidelberg borough (Allegheny, PA)",0.682513352936794,2,194
W24745,40.3656009999999,-80.1080749999999,,"Collier township (Allegheny, PA)",0.682513352936794,2,194
W24600,40.364544,-80.1092299999999,,"Collier township (Allegheny, PA)",0.682513352936794,2,194
W25210,40.356579,-80.1134059999999,,"Bridgeville borough (Allegheny, PA)",0.682513352936794,2,194
W24330,40.362701,-80.1104729999999,,"Bridgeville borough (Allegheny, PA)",0.682513352936794,2,194
W24410,40.3585929999999,-80.1122349999999,,"Bridgeville borough (Allegheny, PA)",0.682513352936794,2,194
W20180,40.3892019999999,-80.088614,,"Heidelberg borough (Allegheny, PA)",0.682513352936794,2,194
W24740,40.35615,-80.113583,,"Bridgeville borough (Allegheny, PA)",0.682513352936794,2,194
W24400,40.3580589999999,-80.1123709999999,,"Bridgeville borough (Allegheny, PA)",0.682513352936794,2,194
W20150,40.393292,-80.087705,,"Heidelberg borough (Allegheny, PA)",0.682513352936794,2,194
W24385,40.362912,-80.1102949999999,,"Bridgeville borough (Allegheny, PA)",0.682513352936794,2,194
W20160,40.391832,-80.087732,,"Heidelberg borough (Allegheny, PA)",0.682513352936794,2,194
W20190,40.3892979999999,-80.0887139999999,,"Heidelberg borough (Allegheny, PA)",0.682513352936794,2,194
W20280,40.390438,-80.088076,,"Heidelberg borough (Allegheny, PA)",0.682513352936794,2,194
W20220,40.388081,-80.090027,,"Heidelberg borough (Allegheny, PA)",0.682513352936794,2,194
W20270,40.3919149999999,-80.08785,,"Heidelberg borough (Allegheny, PA)",0.682513352936794,2,194
W24310,40.360294,-80.111523,,"Bridgeville borough (Allegheny, PA)",0.682513352936794,2,194
W24540,40.3603329999999,-80.1113959999999,,"Bridgeville borough (Allegheny, PA)",0.682513352936794,2,194
P00930,40.4433229999999,-80.000347,Central Business District,"Pittsburgh city (Allegheny, PA)",0.6830769962284654,14,3336
N71192,40.4532159999999,-80.001918,Allegheny Center,"Pittsburgh city (Allegheny, PA)",0.6836696302881292,5,695
E70236,40.455928,-79.910932,Larimer,"Pittsburgh city (Allegheny, PA)",0.6837177183937054,5,418
N17270,40.454574,-79.9952789999999,East Allegheny,"Pittsburgh city (Allegheny, PA)",0.6840215496480198,5,701
S70462,40.348168,-79.929074,,"West Mifflin borough (Allegheny, PA)",0.6840718350754936,2,210
S70461,40.346299,-79.9263049999999,,"West Mifflin borough (Allegheny, PA)",0.6840718350754936,2,210
S70464,40.347405,-79.9368549999999,,"West Mifflin borough (Allegheny, PA)",0.6840718350754936,2,210
S70463,40.3477409999999,-79.933469,,"West Mifflin borough (Allegheny, PA)",0.6840718350754936,2,210
S70460,40.349578,-79.927164,,"West Mifflin borough (Allegheny, PA)",0.6840718350754936,2,210
E32345,40.4876709999999,-79.924698,Morningside,"Pittsburgh city (Allegheny, PA)",0.6842346219904615,2,322
E32415,40.4870999999999,-79.925194,Morningside,"Pittsburgh city (Allegheny, PA)",0.6842346219904615,2,322
E14170,40.478971,-79.9288399999999,Morningside,"Pittsburgh city (Allegheny, PA)",0.6842346219904615,2,322
E14210,40.476962,-79.9294869999999,Morningside,"Pittsburgh city (Allegheny, PA)",0.6842346219904615,2,322
E70813,40.475715,-79.929901,Morningside,"Pittsburgh city (Allegheny, PA)",0.6842346219904615,2,322
E14290,40.4842719999999,-79.9271219999999,Morningside,"Pittsburgh city (Allegheny, PA)",0.6842346219904615,2,322
E25950,40.485885,-79.926432,Morningside,"Pittsburgh city (Allegheny, PA)",0.6842346219904615,2,322
E14300,40.480749,-79.928267,Morningside,"Pittsburgh city (Allegheny, PA)",0.6842346219904615,2,322
E04665,40.487805,-79.9234969999999,Morningside,"Pittsburgh city (Allegheny, PA)",0.6842346219904615,2,322
E14190,40.4852619999999,-79.9259469999999,Morningside,"Pittsburgh city (Allegheny, PA)",0.6842346219904615,2,322
E14250,40.4822789999999,-79.9277639999999,Morningside,"Pittsburgh city (Allegheny, PA)",0.6842346219904615,2,322
E04690,40.4874569999999,-79.9219279999999,Morningside,"Pittsburgh city (Allegheny, PA)",0.6842346219904615,2,322
E32450,40.474308,-79.931448,Morningside,"Pittsburgh city (Allegheny, PA)",0.6843721227604888,2,317
E32480,40.482677,-79.928725,Morningside,"Pittsburgh city (Allegheny, PA)",0.6843721227604888,2,317
E32460,40.481113,-79.9292319999999,Morningside,"Pittsburgh city (Allegheny, PA)",0.6843721227604888,2,317
E32500,40.4761749999999,-79.9308269999999,Morningside,"Pittsburgh city (Allegheny, PA)",0.6843721227604888,2,317
E04666,40.487378,-79.9203389999999,Morningside,"Pittsburgh city (Allegheny, PA)",0.6843721227604888,2,317
E32370,40.4860139999999,-79.926461,Morningside,"Pittsburgh city (Allegheny, PA)",0.6843721227604888,2,317
E04680,40.487813,-79.9231529999999,Morningside,"Pittsburgh city (Allegheny, PA)",0.6843721227604888,2,317
E32350,40.479447,-79.9297739999999,Morningside,"Pittsburgh city (Allegheny, PA)",0.6843721227604888,2,317
E04670,40.487464,-79.921672,Morningside,"Pittsburgh city (Allegheny, PA)",0.6843721227604888,2,317
E32380,40.47731,-79.9304659999999,Morningside,"Pittsburgh city (Allegheny, PA)",0.6843721227604888,2,317
E32400,40.4849699999999,-79.927788,Morningside,"Pittsburgh city (Allegheny, PA)",0.6843721227604888,2,317
E32420,40.48695,-79.9254399999999,Morningside,"Pittsburgh city (Allegheny, PA)",0.6843721227604888,2,317
E70284,40.487679,-79.9247859999999,Morningside,"Pittsburgh city (Allegheny, PA)",0.6843721227604888,2,317
S70457,40.3480789999999,-79.92931,,"West Mifflin borough (Allegheny, PA)",0.6847249007373795,2,215
S70458,40.3465739999999,-79.926214,,"West Mifflin borough (Allegheny, PA)",0.6847249007373795,2,215
S70456,40.347675,-79.9336019999999,,"West Mifflin borough (Allegheny, PA)",0.6847249007373795,2,215
S70455,40.3473389999999,-79.937065,,"West Mifflin borough (Allegheny, PA)",0.6847249007373795,2,215
S70459,40.3496889999999,-79.9270049999999,,"West Mifflin borough (Allegheny, PA)",0.6847249007373795,2,215
E70016,40.399804,-79.835514,,"East Pittsburgh borough (Allegheny, PA)",0.6848978235522736,2,310
E37030,40.3951259999999,-79.8381349999999,,"East Pittsburgh borough (Allegheny, PA)",0.6848978235522736,2,310
E25000,40.3950869999999,-79.839308,,"East Pittsburgh borough (Allegheny, PA)",0.6848978235522736,2,310
E09120,40.4003859999999,-79.833578,,"Turtle Creek borough (Allegheny, PA)",0.6848978235522736,2,310
E36970,40.398744,-79.836523,,"East Pittsburgh borough (Allegheny, PA)",0.6848978235522736,2,310
E71024,40.462352,-79.924367,East Liberty,"Pittsburgh city (Allegheny, PA)",0.6849972395537908,2,258
E70335,40.460476,-79.926882,East Liberty,"Pittsburgh city (Allegheny, PA)",0.6849972395537908,2,258
E17230,40.4005099999999,-79.8355799999999,,"East Pittsburgh borough (Allegheny, PA)",0.6851493080429828,2,296
E07170,40.395015,-79.839172,,"East Pittsburgh borough (Allegheny, PA)",0.6851493080429828,2,296
E70017,40.3998089999999,-79.835632,,"East Pittsburgh borough (Allegheny, PA)",0.6851493080429828,2,296
E36910,40.398736,-79.8366599999999,,"East Pittsburgh borough (Allegheny, PA)",0.6851493080429828,2,296
N14460,40.4664539999999,-80.019862,Perry South,"Pittsburgh city (Allegheny, PA)",0.6856385542168676,1,224
N14480,40.4598439999999,-80.017086,Perry South,"Pittsburgh city (Allegheny, PA)",0.6856385542168676,1,224
N14580,40.4697809999999,-80.0139659999999,Perry South,"Pittsburgh city (Allegheny, PA)",0.6856385542168676,1,212
N14670,40.4632069999999,-80.019716,Perry South,"Pittsburgh city (Allegheny, PA)",0.6856385542168676,1,212
N14510,40.46517,-80.020588,Perry South,"Pittsburgh city (Allegheny, PA)",0.6856385542168676,1,212
N14800,40.469262,-80.0145729999999,Perry South,"Pittsburgh city (Allegheny, PA)",0.6856385542168676,1,224
N14680,40.4691339999999,-80.014589,Perry South,"Pittsburgh city (Allegheny, PA)",0.6856385542168676,1,212
N14740,40.470261,-80.0123439999999,Perry South,"Pittsburgh city (Allegheny, PA)",0.6856385542168676,1,212
N14790,40.4632149999999,-80.0198539999999,Perry South,"Pittsburgh city (Allegheny, PA)",0.6856385542168676,1,224
N14490,40.4621819999999,-80.0184849999999,Perry South,"Pittsburgh city (Allegheny, PA)",0.6856385542168676,1,224
N14500,40.4620219999999,-80.018133,Perry South,"Pittsburgh city (Allegheny, PA)",0.6856385542168676,1,212
N14470,40.4664519999999,-80.019749,Perry South,"Pittsburgh city (Allegheny, PA)",0.6856385542168676,1,212
N14690,40.465212,-80.0206809999999,Perry South,"Pittsburgh city (Allegheny, PA)",0.6856385542168676,1,224
N14550,40.466824,-80.0188919999999,Perry South,"Pittsburgh city (Allegheny, PA)",0.6856385542168676,1,212
N14720,40.464078,-80.020577,Perry South,"Pittsburgh city (Allegheny, PA)",0.6856385542168676,1,224
N14645,40.467593,-80.0166779999999,Perry South,"Pittsburgh city (Allegheny, PA)",0.6856385542168676,1,212
N14710,40.466939,-80.018809,Perry South,"Pittsburgh city (Allegheny, PA)",0.6856385542168676,1,224
N14780,40.470452,-80.011328,Perry South,"Pittsburgh city (Allegheny, PA)",0.6856385542168676,1,212
N14570,40.467922,-80.0157459999999,Perry South,"Pittsburgh city (Allegheny, PA)",0.6856385542168676,1,212
N14620,40.470959,-80.008712,Perry South,"Pittsburgh city (Allegheny, PA)",0.6856385542168676,1,212
S49500,40.346625,-79.8807189999999,,"McKeesport city (Allegheny, PA)",0.6857079814632795,3,435
S49380,40.350037,-79.873698,,"McKeesport city (Allegheny, PA)",0.6857079814632795,3,435
S49470,40.3499849999999,-79.871699,,"McKeesport city (Allegheny, PA)",0.6857079814632795,3,435
S49510,40.348584,-79.8776119999999,,"McKeesport city (Allegheny, PA)",0.6857079814632795,3,435
S30720,40.351336,-79.8661879999999,,"McKeesport city (Allegheny, PA)",0.6857079814632795,3,435
S04040,40.4155739999999,-79.9880459999999,,"Mount Oliver borough (Allegheny, PA)",0.685735260119708,2,467
S49340,40.350065,-79.872134,,"McKeesport city (Allegheny, PA)",0.6860085005209308,3,440
S49350,40.34693,-79.8803939999999,,"McKeesport city (Allegheny, PA)",0.6860085005209308,3,440
S30740,40.352054,-79.860972,,"McKeesport city (Allegheny, PA)",0.6860085005209308,3,440
S70175,40.3514249999999,-79.866574,,"McKeesport city (Allegheny, PA)",0.6860085005209308,3,440
S49310,40.349023,-79.876856,,"McKeesport city (Allegheny, PA)",0.6860085005209308,3,440
S49370,40.350138,-79.8732509999999,,"McKeesport city (Allegheny, PA)",0.6860085005209308,3,440
S35229,40.344669,-79.9398649999999,,"West Mifflin borough (Allegheny, PA)",0.6865469453739427,3,372
S45470,40.365741,-79.8589769999999,,"West Mifflin borough (Allegheny, PA)",0.6868290230227841,2,202
S20470,40.3726309999999,-79.849411,,"Duquesne city (Allegheny, PA)",0.6868290230227841,2,202
S33675,40.3621869999999,-79.858827,,"West Mifflin borough (Allegheny, PA)",0.6868290230227841,2,202
S48820,40.403261,-79.890045,,"Munhall borough (Allegheny, PA)",0.6868290230227841,2,202
S48750,40.4059889999999,-79.892801,,"Munhall borough (Allegheny, PA)",0.6868290230227841,2,202
S33660,40.364842,-79.8592289999999,,"West Mifflin borough (Allegheny, PA)",0.6868290230227841,2,202
S27290,40.3664959999999,-79.85729,,"Duquesne city (Allegheny, PA)",0.6868290230227841,2,202
S48830,40.402448,-79.8891399999999,,"Munhall borough (Allegheny, PA)",0.6868290230227841,2,202
S27310,40.3675849999999,-79.855851,,"Duquesne city (Allegheny, PA)",0.6868290230227841,2,202
S33690,40.3639519999999,-79.859099,,"West Mifflin borough (Allegheny, PA)",0.6868290230227841,2,202
S48720,40.399459,-79.886088,,"Whitaker borough (Allegheny, PA)",0.6868290230227841,2,202
S33650,40.363058,-79.8589659999999,,"West Mifflin borough (Allegheny, PA)",0.6868290230227841,2,202
S48840,40.401642,-79.8882729999999,,"Whitaker borough (Allegheny, PA)",0.6868290230227841,2,202
S48700,40.4002899999999,-79.886927,,"Whitaker borough (Allegheny, PA)",0.6868290230227841,2,202
S27300,40.3661809999999,-79.8576979999999,,"Duquesne city (Allegheny, PA)",0.6868290230227841,2,202
S27330,40.368893,-79.8544749999999,,"Duquesne city (Allegheny, PA)",0.6868290230227841,2,202
S16240,40.428559,-79.976071,South Side Flats,"Pittsburgh city (Allegheny, PA)",0.686970950042207,4,942
S16270,40.4283739999999,-79.974784,South Side Flats,"Pittsburgh city (Allegheny, PA)",0.6869919503732251,4,941
S16250,40.428469,-79.976455,South Side Flats,"Pittsburgh city (Allegheny, PA)",0.6869919503732251,4,941
S48810,40.4059579999999,-79.8929949999999,,"Munhall borough (Allegheny, PA)",0.6871298330377347,2,197
S27350,40.3687419999999,-79.854521,,"Duquesne city (Allegheny, PA)",0.6871298330377347,2,197
S48787,40.400207,-79.8869329999999,,"Whitaker borough (Allegheny, PA)",0.6871298330377347,2,197
S33730,40.3639289999999,-79.8590209999999,,"West Mifflin borough (Allegheny, PA)",0.6871298330377347,2,197
S48745,40.3995219999999,-79.886239,,"Whitaker borough (Allegheny, PA)",0.6871298330377347,2,197
S27340,40.3664289999999,-79.857264,,"Duquesne city (Allegheny, PA)",0.6871298330377347,2,197
S48790,40.4018969999999,-79.8886329999999,,"Munhall borough (Allegheny, PA)",0.6871298330377347,2,197
S33680,40.365537,-79.8592479999999,,"West Mifflin borough (Allegheny, PA)",0.6871298330377347,2,197
S48780,40.402562,-79.8893549999999,,"Munhall borough (Allegheny, PA)",0.6871298330377347,2,197
S27320,40.367463,-79.855902,,"Duquesne city (Allegheny, PA)",0.6871298330377347,2,197
S33720,40.3648209999999,-79.859149,,"West Mifflin borough (Allegheny, PA)",0.6871298330377347,2,197
S27280,40.369709,-79.853575,,"Duquesne city (Allegheny, PA)",0.6871298330377347,2,197
S48770,40.403488,-79.8903609999999,,"Munhall borough (Allegheny, PA)",0.6871298330377347,2,197
S45480,40.366041,-79.857787,,"West Mifflin borough (Allegheny, PA)",0.6871298330377347,2,197
S33710,40.363036,-79.858884,,"West Mifflin borough (Allegheny, PA)",0.6871298330377347,2,197
S70640,40.3702949999999,-79.85268,,"Duquesne city (Allegheny, PA)",0.6871298330377347,2,197
S48785,40.3987669999999,-79.885486,,"Whitaker borough (Allegheny, PA)",0.6871298330377347,2,197
E70230,40.459262,-79.9229679999999,Shadyside,"Pittsburgh city (Allegheny, PA)",0.6881614457831325,1,287
E18430,40.45125,-79.941055,Shadyside,"Pittsburgh city (Allegheny, PA)",0.6881614457831325,1,287
E70231,40.4583569999999,-79.927439,Shadyside,"Pittsburgh city (Allegheny, PA)",0.6881614457831325,1,287
E18560,40.4562299999999,-79.930721,Shadyside,"Pittsburgh city (Allegheny, PA)",0.6881614457831325,1,287
E18410,40.452654,-79.936836,Shadyside,"Pittsburgh city (Allegheny, PA)",0.6881614457831325,1,287
S70472,40.4262379999999,-79.9656049999999,South Side Flats,"Pittsburgh city (Allegheny, PA)",0.6881614457831325,1,287
S70577,40.4256389999999,-79.962264,South Side Flats,"Pittsburgh city (Allegheny, PA)",0.6881614457831325,1,287
E70427,40.4633129999999,-79.917174,Larimer,"Pittsburgh city (Allegheny, PA)",0.6881614457831325,1,222
E18420,40.45139,-79.940849,Shadyside,"Pittsburgh city (Allegheny, PA)",0.6881614457831325,1,287
E17380,40.463642,-79.917804,East Liberty,"Pittsburgh city (Allegheny, PA)",0.6881614457831325,1,222
E18630,40.4489179999999,-79.946762,Shadyside,"Pittsburgh city (Allegheny, PA)",0.6881614457831325,1,287
E18590,40.4508209999999,-79.943188,Shadyside,"Pittsburgh city (Allegheny, PA)",0.6881614457831325,1,287
E70809,40.4703999999999,-79.9229459999999,Highland Park,"Pittsburgh city (Allegheny, PA)",0.6881614457831325,1,222
E18450,40.448528,-79.9470309999999,Shadyside,"Pittsburgh city (Allegheny, PA)",0.6881614457831325,1,287
S16590,40.4270769999999,-79.9668309999999,South Side Flats,"Pittsburgh city (Allegheny, PA)",0.6881614457831325,1,287
E70810,40.4710759999999,-79.9248419999999,Highland Park,"Pittsburgh city (Allegheny, PA)",0.6881614457831325,1,222
E18610,40.4546619999999,-79.932657,Shadyside,"Pittsburgh city (Allegheny, PA)",0.6881614457831325,1,287
N22440,40.489773,-79.8725139999999,,"O'Hara township (Allegheny, PA)",0.6881614457831325,1,206
E15925,40.460932,-79.9159769999999,East Liberty,"Pittsburgh city (Allegheny, PA)",0.6881614457831325,1,222
E70807,40.469493,-79.92122,East Liberty,"Pittsburgh city (Allegheny, PA)",0.6881614457831325,1,222
E18580,40.4509589999999,-79.942875,Shadyside,"Pittsburgh city (Allegheny, PA)",0.6881614457831325,1,287
S70041,40.428212,-79.967983,South Side Flats,"Pittsburgh city (Allegheny, PA)",0.6881614457831325,1,287
E18530,40.453746,-79.934724,Shadyside,"Pittsburgh city (Allegheny, PA)",0.6881614457831325,1,287
S16330,40.427492,-79.9682099999999,South Side Flats,"Pittsburgh city (Allegheny, PA)",0.6881614457831325,1,287
E70233,40.4582279999999,-79.9275389999999,Shadyside,"Pittsburgh city (Allegheny, PA)",0.6881614457831325,1,287
E70234,40.4591789999999,-79.9228939999999,Shadyside,"Pittsburgh city (Allegheny, PA)",0.6881614457831325,1,287
E18520,40.4538319999999,-79.934392,Shadyside,"Pittsburgh city (Allegheny, PA)",0.6881614457831325,1,287
S70043,40.427134,-79.964965,South Side Flats,"Pittsburgh city (Allegheny, PA)",0.6881614457831325,1,287
S70578,40.4251229999999,-79.9616149999999,South Side Flats,"Pittsburgh city (Allegheny, PA)",0.6881614457831325,1,287
E04667,40.487453,-79.9201539999999,Morningside,"Pittsburgh city (Allegheny, PA)",0.6881614457831325,1,222
E18400,40.45286,-79.9365789999999,Shadyside,"Pittsburgh city (Allegheny, PA)",0.6881614457831325,1,287
E18600,40.4548709999999,-79.9323909999999,Shadyside,"Pittsburgh city (Allegheny, PA)",0.6881614457831325,1,287
S70580,40.4242709999999,-79.962356,South Side Flats,"Pittsburgh city (Allegheny, PA)",0.6881614457831325,1,287
S70042,40.4278619999999,-79.966481,South Side Flats,"Pittsburgh city (Allegheny, PA)",0.6881614457831325,1,287
E18570,40.455959,-79.930892,Shadyside,"Pittsburgh city (Allegheny, PA)",0.6881614457831325,1,287
E70805,40.4709769999999,-79.9248929999999,East Liberty,"Pittsburgh city (Allegheny, PA)",0.6881614457831325,1,222
E70806,40.4703939999999,-79.923181,East Liberty,"Pittsburgh city (Allegheny, PA)",0.6881614457831325,1,222
W20982,40.441011,-80.0346849999999,West End,"Pittsburgh city (Allegheny, PA)",0.6882531008310516,2,257
W20960,40.441718,-80.0327609999999,West End,"Pittsburgh city (Allegheny, PA)",0.6882531008310516,2,257
P00920,40.444445,-80.000735,Central Business District,"Pittsburgh city (Allegheny, PA)",0.6887382259130937,9,1240
E26650,40.458202,-79.9116819999999,Larimer,"Pittsburgh city (Allegheny, PA)",0.6887935416462598,2,135
E26490,40.459316,-79.9146199999999,Larimer,"Pittsburgh city (Allegheny, PA)",0.6887935416462598,2,135
E26540,40.4582669999999,-79.911563,Larimer,"Pittsburgh city (Allegheny, PA)",0.6887935416462598,2,135
E26480,40.459349,-79.9143519999999,Larimer,"Pittsburgh city (Allegheny, PA)",0.6887935416462598,2,135
S00390,40.425505,-79.9809429999999,South Side Flats,"Pittsburgh city (Allegheny, PA)",0.689329415345593,2,950
S00430,40.424843,-79.9799239999999,South Side Slopes,"Pittsburgh city (Allegheny, PA)",0.689329415345593,2,950
S00160,40.417935,-79.986416,South Side Slopes,"Pittsburgh city (Allegheny, PA)",0.689329415345593,2,950
S00280,40.424008,-79.9777629999999,South Side Slopes,"Pittsburgh city (Allegheny, PA)",0.689329415345593,2,950
S70020,40.427948,-79.9806839999999,South Side Flats,"Pittsburgh city (Allegheny, PA)",0.689329415345593,2,950
S08550,40.415548,-79.987362,,"Mount Oliver borough (Allegheny, PA)",0.689329415345593,2,950
S00490,40.4214879999999,-79.9825069999999,South Side Slopes,"Pittsburgh city (Allegheny, PA)",0.689329415345593,2,950
S00270,40.4217,-79.984288,South Side Slopes,"Pittsburgh city (Allegheny, PA)",0.689329415345593,2,950
S00320,40.420859,-79.9858389999999,South Side Slopes,"Pittsburgh city (Allegheny, PA)",0.689329415345593,2,950
S00200,40.421745,-79.979358,South Side Slopes,"Pittsburgh city (Allegheny, PA)",0.689329415345593,2,950
S00410,40.420634,-79.986125,South Side Slopes,"Pittsburgh city (Allegheny, PA)",0.6893527238564374,2,949
S00180,40.428466,-79.9805309999999,South Side Flats,"Pittsburgh city (Allegheny, PA)",0.6893527238564374,2,949
S00420,40.421675,-79.9792939999999,South Side Slopes,"Pittsburgh city (Allegheny, PA)",0.6893527238564374,2,949
S00260,40.42367,-79.9776399999999,South Side Slopes,"Pittsburgh city (Allegheny, PA)",0.6893527238564374,2,949
S00450,40.418717,-79.9862389999999,South Side Slopes,"Pittsburgh city (Allegheny, PA)",0.6893527238564374,2,949
S00230,40.4248079999999,-79.979416,South Side Slopes,"Pittsburgh city (Allegheny, PA)",0.6893527238564374,2,949
S00400,40.4213829999999,-79.982455,South Side Slopes,"Pittsburgh city (Allegheny, PA)",0.6893527238564374,2,949
S00240,40.4259589999999,-79.980789,South Side Flats,"Pittsburgh city (Allegheny, PA)",0.6893527238564374,2,949
S00205,40.421328,-79.984615,South Side Slopes,"Pittsburgh city (Allegheny, PA)",0.6893527238564374,2,949
E26450,40.459819,-79.91552,Larimer,"Pittsburgh city (Allegheny, PA)",0.689380487804878,1,70
S14950,40.383589,-79.8778209999999,,"West Mifflin borough (Allegheny, PA)",0.689755421686747,1,162
S27545,40.383913,-79.8683809999999,,"West Mifflin borough (Allegheny, PA)",0.689755421686747,1,162
S33960,40.397606,-79.883239,,"West Mifflin borough (Allegheny, PA)",0.689755421686747,1,162
E25010,40.395612,-79.839121,,"East Pittsburgh borough (Allegheny, PA)",0.689755421686747,1,162
S13810,40.363222,-79.8506569999999,,"Duquesne city (Allegheny, PA)",0.689755421686747,1,162
S38470,40.3621369999999,-79.8564149999999,,"West Mifflin borough (Allegheny, PA)",0.689755421686747,1,162
S01540,40.369441,-79.847638,,"Duquesne city (Allegheny, PA)",0.689755421686747,1,162
S70634,40.3802939999999,-79.864574,,"Duquesne city (Allegheny, PA)",0.689755421686747,1,162
S13730,40.3621819999999,-79.854977,,"West Mifflin borough (Allegheny, PA)",0.689755421686747,1,162
S13780,40.3636699999999,-79.8495989999999,,"Duquesne city (Allegheny, PA)",0.689755421686747,1,162
E70880,40.3927869999999,-79.81917,,"North Versailles township (Allegheny, PA)",0.689755421686747,1,162
S13740,40.3629269999999,-79.852097,,"Duquesne city (Allegheny, PA)",0.689755421686747,1,162
S01530,40.371318,-79.848404,,"Duquesne city (Allegheny, PA)",0.689755421686747,1,162
E00750,40.4083219999999,-79.867168,,"Braddock borough (Allegheny, PA)",0.689755421686747,1,162
S34000,40.3976469999999,-79.8807999999999,,"West Mifflin borough (Allegheny, PA)",0.689755421686747,1,162
E70885,40.409263,-79.866848,,"North Braddock borough (Allegheny, PA)",0.689755421686747,1,162
S20445,40.373085,-79.8471449999999,,"Duquesne city (Allegheny, PA)",0.689755421686747,1,162
S13680,40.3643339999999,-79.847772,,"Duquesne city (Allegheny, PA)",0.689755421686747,1,162
S48690,40.396323,-79.883797,,"West Mifflin borough (Allegheny, PA)",0.689755421686747,1,162
E15520,40.405158,-79.8674319999999,,"Braddock borough (Allegheny, PA)",0.689755421686747,1,162
S38460,40.362212,-79.856098,,"West Mifflin borough (Allegheny, PA)",0.689755421686747,1,162
E60095,40.415474,-79.8480299999999,,"Forest Hills borough (Allegheny, PA)",0.689755421686747,1,162
S70186,40.3713479999999,-79.848583,,"Duquesne city (Allegheny, PA)",0.689755421686747,1,162
E70881,40.388359,-79.8222119999999,,"North Versailles township (Allegheny, PA)",0.689755421686747,1,162
S17070,40.3945939999999,-79.879598,,"West Mifflin borough (Allegheny, PA)",0.689755421686747,1,162
S27546,40.383592,-79.8674589999999,,"West Mifflin borough (Allegheny, PA)",0.689755421686747,1,162
S48680,40.396203,-79.8836289999999,,"West Mifflin borough (Allegheny, PA)",0.689755421686747,1,162
S70190,40.370961,-79.850453,,"Duquesne city (Allegheny, PA)",0.689755421686747,1,162
S70188,40.371828,-79.8466399999999,,"Duquesne city (Allegheny, PA)",0.689755421686747,1,162
S70268,40.384438,-79.8635709999999,,"West Mifflin borough (Allegheny, PA)",0.689755421686747,1,162
S27260,40.3704579999999,-79.852508,,"Duquesne city (Allegheny, PA)",0.689755421686747,1,162
E15480,40.403976,-79.869218,,"Braddock borough (Allegheny, PA)",0.689755421686747,1,162
S02210,40.371231,-79.8496169999999,,"Duquesne city (Allegheny, PA)",0.689755421686747,1,162
E60085,40.4138779999999,-79.851082,,"Braddock Hills borough (Allegheny, PA)",0.689755421686747,1,162
S27540,40.3824389999999,-79.8687639999999,,"West Mifflin borough (Allegheny, PA)",0.689755421686747,1,162
E70876,40.402059,-79.8237759999999,,"North Versailles township (Allegheny, PA)",0.689755421686747,1,162
S70635,40.3801679999999,-79.865464,,"Duquesne city (Allegheny, PA)",0.689755421686747,1,162
S13750,40.3628259999999,-79.8522499999999,,"Duquesne city (Allegheny, PA)",0.689755421686747,1,162
E70873,40.3929419999999,-79.8190589999999,,"North Versailles township (Allegheny, PA)",0.689755421686747,1,162
S48670,40.3988009999999,-79.8854249999999,,"Whitaker borough (Allegheny, PA)",0.689755421686747,1,162
E70875,40.397689,-79.821042,,"North Versailles township (Allegheny, PA)",0.689755421686747,1,162
S25166,40.3471729999999,-79.939031,,"West Mifflin borough (Allegheny, PA)",0.689755421686747,1,162
S02270,40.3693379999999,-79.8488219999999,,"Duquesne city (Allegheny, PA)",0.689755421686747,1,162
S14940,40.383622,-79.877927,,"West Mifflin borough (Allegheny, PA)",0.689755421686747,1,162
S13270,40.383012,-79.876429,,"West Mifflin borough (Allegheny, PA)",0.689755421686747,1,162
S17170,40.3919489999999,-79.877396,,"West Mifflin borough (Allegheny, PA)",0.689755421686747,1,162
E32850,40.4048069999999,-79.860882,,"North Braddock borough (Allegheny, PA)",0.689755421686747,1,162
S01520,40.372602,-79.848949,,"Duquesne city (Allegheny, PA)",0.689755421686747,1,162
S13790,40.363562,-79.8497129999999,,"Duquesne city (Allegheny, PA)",0.689755421686747,1,162
S02170,40.366526,-79.847926,,"Duquesne city (Allegheny, PA)",0.689755421686747,1,162
S32150,40.3961419999999,-79.8812669999999,,"West Mifflin borough (Allegheny, PA)",0.689755421686747,1,162
E32870,40.4074979999999,-79.856915,,"North Braddock borough (Allegheny, PA)",0.689755421686747,1,162
E06585,40.40334,-79.862896,,"North Braddock borough (Allegheny, PA)",0.689755421686747,1,162
S70624,40.382387,-79.868368,,"West Mifflin borough (Allegheny, PA)",0.689755421686747,1,162
E04740,40.4054879999999,-79.8633669999999,,"North Braddock borough (Allegheny, PA)",0.689755421686747,1,162
E15510,40.404901,-79.8676909999999,,"Braddock borough (Allegheny, PA)",0.689755421686747,1,162
S02260,40.3683139999999,-79.8483059999999,,"Duquesne city (Allegheny, PA)",0.689755421686747,1,162
S33880,40.397286,-79.8827129999999,,"West Mifflin borough (Allegheny, PA)",0.689755421686747,1,162
E32890,40.405669,-79.8595159999999,,"North Braddock borough (Allegheny, PA)",0.689755421686747,1,162
E70877,40.401907,-79.82375,,"North Versailles township (Allegheny, PA)",0.689755421686747,1,162
E70872,40.388629,-79.821747,,"North Versailles township (Allegheny, PA)",0.689755421686747,1,162
S22275,40.382773,-79.8669249999999,,"Duquesne city (Allegheny, PA)",0.689755421686747,1,162
S27870,40.3504319999999,-79.9267499999999,,"West Mifflin borough (Allegheny, PA)",0.689755421686747,1,162
S13670,40.364567,-79.846973,,"Duquesne city (Allegheny, PA)",0.689755421686747,1,162
S17060,40.387478,-79.8749239999999,,"West Mifflin borough (Allegheny, PA)",0.689755421686747,1,162
S17050,40.387484,-79.8748559999999,,"West Mifflin borough (Allegheny, PA)",0.689755421686747,1,162
E15440,40.40818,-79.867125,,"Braddock borough (Allegheny, PA)",0.689755421686747,1,162
S70637,40.3814959999999,-79.859785,,"Duquesne city (Allegheny, PA)",0.689755421686747,1,162
S02180,40.3647449999999,-79.8470559999999,,"Duquesne city (Allegheny, PA)",0.689755421686747,1,162
S13720,40.3622749999999,-79.8548109999999,,"Duquesne city (Allegheny, PA)",0.689755421686747,1,162
S70636,40.380107,-79.8620829999999,,"Duquesne city (Allegheny, PA)",0.689755421686747,1,162
S32220,40.395907,-79.882019,,"West Mifflin borough (Allegheny, PA)",0.689755421686747,1,162
S27810,40.3501809999999,-79.927704,,"West Mifflin borough (Allegheny, PA)",0.689755421686747,1,162
S70189,40.3714799999999,-79.848341,,"Duquesne city (Allegheny, PA)",0.689755421686747,1,162
S17120,40.38871,-79.87542,,"West Mifflin borough (Allegheny, PA)",0.689755421686747,1,162
E70879,40.3970089999999,-79.8212529999999,,"North Versailles township (Allegheny, PA)",0.689755421686747,1,162
E60090,40.415329,-79.8479999999999,,"Forest Hills borough (Allegheny, PA)",0.689755421686747,1,162
S22270,40.384712,-79.86288,,"Duquesne city (Allegheny, PA)",0.689755421686747,1,162
S17110,40.3890579999999,-79.8754009999999,,"West Mifflin borough (Allegheny, PA)",0.689755421686747,1,162
S13710,40.3624829999999,-79.8536749999999,,"Duquesne city (Allegheny, PA)",0.689755421686747,1,162
S13760,40.3640359999999,-79.848616,,"Duquesne city (Allegheny, PA)",0.689755421686747,1,162
S70633,40.3802359999999,-79.8619709999999,,"Duquesne city (Allegheny, PA)",0.689755421686747,1,162
S38530,40.3621199999999,-79.8586839999999,,"West Mifflin borough (Allegheny, PA)",0.689755421686747,1,162
S02250,40.3684579999999,-79.8484119999999,,"Duquesne city (Allegheny, PA)",0.689755421686747,1,162
S13700,40.362571,-79.8535949999999,,"Duquesne city (Allegheny, PA)",0.689755421686747,1,162
S25165,40.347985,-79.939228,,"West Mifflin borough (Allegheny, PA)",0.689755421686747,1,162
E15490,40.4061039999999,-79.8662759999999,,"Braddock borough (Allegheny, PA)",0.689755421686747,1,162
S33900,40.398099,-79.8844189999999,,"West Mifflin borough (Allegheny, PA)",0.689755421686747,1,162
S70192,40.382904,-79.866847,,"West Mifflin borough (Allegheny, PA)",0.689755421686747,1,162
S17080,40.394506,-79.8794419999999,,"West Mifflin borough (Allegheny, PA)",0.689755421686747,1,162
E15500,40.4063719999999,-79.866268,,"Braddock borough (Allegheny, PA)",0.689755421686747,1,162
S13800,40.3633669999999,-79.8504259999999,,"Duquesne city (Allegheny, PA)",0.689755421686747,1,162
S02160,40.366692,-79.847954,,"Duquesne city (Allegheny, PA)",0.689755421686747,1,162
S34010,40.398054,-79.8845259999999,,"West Mifflin borough (Allegheny, PA)",0.689755421686747,1,162
S48710,40.3971099999999,-79.884246,,"West Mifflin borough (Allegheny, PA)",0.689755421686747,1,162
S13075,40.382927,-79.8770569999999,,"West Mifflin borough (Allegheny, PA)",0.689755421686747,1,162
S13770,40.363899,-79.848798,,"Duquesne city (Allegheny, PA)",0.689755421686747,1,162
S70632,40.381636,-79.859677,,"Duquesne city (Allegheny, PA)",0.689755421686747,1,162
S70174,40.370846,-79.850644,,"Duquesne city (Allegheny, PA)",0.689755421686747,1,162
S13690,40.3642049999999,-79.847947,,"Duquesne city (Allegheny, PA)",0.689755421686747,1,162
E35650,40.4013989999999,-79.8654999999999,,"Braddock borough (Allegheny, PA)",0.689755421686747,1,162
S17100,40.391829,-79.8772079999999,,"West Mifflin borough (Allegheny, PA)",0.689755421686747,1,162
E70874,40.3967609999999,-79.821229,,"North Versailles township (Allegheny, PA)",0.689755421686747,1,162
E70878,40.3978159999999,-79.8210849999999,,"North Versailles township (Allegheny, PA)",0.689755421686747,1,162
E32970,40.406036,-79.858462,,"North Braddock borough (Allegheny, PA)",0.689755421686747,1,162
N38480,40.455316,-80.006962,Allegheny Center,"Pittsburgh city (Allegheny, PA)",0.691092988412135,5,1361
E70765,40.411583,-79.87712,,"Rankin borough (Allegheny, PA)",0.691258247806039,3,222
E70767,40.413128,-79.8804849999999,,"Rankin borough (Allegheny, PA)",0.691258247806039,3,222
E70764,40.4121379999999,-79.881089,,"Rankin borough (Allegheny, PA)",0.691258247806039,3,222
E70766,40.412731,-79.8793639999999,,"Rankin borough (Allegheny, PA)",0.691258247806039,3,222
N47120,40.572079,-79.998062,,"McCandless township (Allegheny, PA)",0.6921698795180723,1,15
N45510,40.55821,-80.008644,,"McCandless township (Allegheny, PA)",0.6921698795180723,1,15
N52380,40.517544,-79.9935459999999,,"Ross township (Allegheny, PA)",0.6921698795180723,1,15
N05360,40.5448019999999,-79.993181,,"Ross township (Allegheny, PA)",0.6921698795180723,1,15
N47140,40.571078,-79.99973,,"McCandless township (Allegheny, PA)",0.6921698795180723,1,15
N25475,40.5762179999999,-79.9789729999999,,"Hampton township (Allegheny, PA)",0.6921698795180723,1,15
N40910,40.568337,-80.0057209999999,,"McCandless township (Allegheny, PA)",0.6921698795180723,1,15
N47130,40.570658,-80.000769,,"McCandless township (Allegheny, PA)",0.6921698795180723,1,15
N39030,40.5777939999999,-79.992243,,"McCandless township (Allegheny, PA)",0.6921698795180723,1,15
N71310,40.586478,-80.0004279999999,,"McCandless township (Allegheny, PA)",0.6921698795180723,1,15
N52240,40.522286,-79.990921,,"Ross township (Allegheny, PA)",0.6921698795180723,1,15
N32330,40.5517759999999,-80.000555,,"Ross township (Allegheny, PA)",0.6921698795180723,1,15
N05410,40.5434759999999,-79.9925539999999,,"Ross township (Allegheny, PA)",0.6921698795180723,1,15
N47160,40.570639,-80.002403,,"McCandless township (Allegheny, PA)",0.6921698795180723,1,15
N25460,40.5788119999999,-79.980765,,"Hampton township (Allegheny, PA)",0.6921698795180723,1,15
N29340,40.551796,-80.005131,,"Ross township (Allegheny, PA)",0.6921698795180723,1,15
N52325,40.518309,-79.992907,,"Ross township (Allegheny, PA)",0.6921698795180723,1,15
N45660,40.553924,-80.0074099999999,,"Ross township (Allegheny, PA)",0.6921698795180723,1,15
N05400,40.545715,-79.994515,,"Ross township (Allegheny, PA)",0.6921698795180723,1,15
N41140,40.579478,-79.994669,,"McCandless township (Allegheny, PA)",0.6921698795180723,1,15
N52230,40.522336,-79.9909909999999,,"Ross township (Allegheny, PA)",0.6921698795180723,1,15
N51670,40.543377,-79.993492,,"Ross township (Allegheny, PA)",0.6921698795180723,1,15
N18920,40.5009919999999,-80.003792,,"Ross township (Allegheny, PA)",0.6921698795180723,1,15
N51060,40.5795669999999,-79.994746,,"McCandless township (Allegheny, PA)",0.6921698795180723,1,15
N25437,40.577244,-79.979532,,"Hampton township (Allegheny, PA)",0.6921698795180723,1,15
N45340,40.5835039999999,-79.9987969999999,,"McCandless township (Allegheny, PA)",0.6921698795180723,1,15
N45230,40.5819339999999,-79.993713,,"McCandless township (Allegheny, PA)",0.6921698795180723,1,15
N52290,40.5432149999999,-79.9933599999999,,"Ross township (Allegheny, PA)",0.6921698795180723,1,15
N41240,40.569558,-80.0038569999999,,"McCandless township (Allegheny, PA)",0.6921698795180723,1,15
N05470,40.544907,-79.993431,,"Ross township (Allegheny, PA)",0.6921698795180723,1,15
N05380,40.5474609999999,-79.994557,,"Ross township (Allegheny, PA)",0.6921698795180723,1,15
N25456,40.576425,-79.978994,,"Hampton township (Allegheny, PA)",0.6921698795180723,1,15
N39010,40.576433,-79.9906359999999,,"McCandless township (Allegheny, PA)",0.6921698795180723,1,15
N52310,40.5364659999999,-79.9902819999999,,"Ross township (Allegheny, PA)",0.6921698795180723,1,15
N05460,40.5500699999999,-79.997515,,"Ross township (Allegheny, PA)",0.6921698795180723,1,15
N40990,40.568226,-80.006073,,"McCandless township (Allegheny, PA)",0.6921698795180723,1,15
N25465,40.577199,-79.97959,,"Hampton township (Allegheny, PA)",0.6921698795180723,1,15
N52300,40.5419589999999,-79.992438,,"Ross township (Allegheny, PA)",0.6921698795180723,1,15
N45595,40.552584,-80.00739,,"Ross township (Allegheny, PA)",0.6921698795180723,1,15
N45590,40.561295,-80.0129529999999,,"McCandless township (Allegheny, PA)",0.6921698795180723,1,15
N45640,40.554954,-80.0074639999999,,"McCandless township (Allegheny, PA)",0.6921698795180723,1,15
N18930,40.5008849999999,-80.003708,,"Ross township (Allegheny, PA)",0.6921698795180723,1,15
N71260,40.570711,-80.0008059999999,,"McCandless township (Allegheny, PA)",0.6921698795180723,1,15
N45330,40.5834649999999,-79.998856,,"McCandless township (Allegheny, PA)",0.6921698795180723,1,15
N52250,40.538902,-79.990189,,"Ross township (Allegheny, PA)",0.6921698795180723,1,15
N52280,40.532173,-79.990227,,"Ross township (Allegheny, PA)",0.6921698795180723,1,15
N47220,40.5733609999999,-79.9937259999999,,"McCandless township (Allegheny, PA)",0.6921698795180723,1,15
N52350,40.5198719999999,-79.992013,,"Ross township (Allegheny, PA)",0.6921698795180723,1,15
N25441,40.5788719999999,-79.980699,,"Hampton township (Allegheny, PA)",0.6921698795180723,1,15
N29350,40.551855,-80.005049,,"Ross township (Allegheny, PA)",0.6921698795180723,1,15
N52220,40.524227,-79.988714,,"Ross township (Allegheny, PA)",0.6921698795180723,1,15
N52270,40.5241169999999,-79.988876,,"Ross township (Allegheny, PA)",0.6921698795180723,1,15
N06760,40.509858,-79.991849,,"Ross township (Allegheny, PA)",0.6921698795180723,1,15
N45620,40.5541419999999,-80.007485,,"McCandless township (Allegheny, PA)",0.6921698795180723,1,15
N18870,40.5057199999999,-79.9950879999999,,"Ross township (Allegheny, PA)",0.6921698795180723,1,15
N52195,40.511454,-79.9937,,"Ross township (Allegheny, PA)",0.6921698795180723,1,15
N32360,40.552506,-79.998512,,"Ross township (Allegheny, PA)",0.6921698795180723,1,15
N45270,40.5822259999999,-79.9951719999999,,"McCandless township (Allegheny, PA)",0.6921698795180723,1,15
N45600,40.5561939999999,-80.007591,,"McCandless township (Allegheny, PA)",0.6921698795180723,1,15
N18820,40.496285,-80.0079149999999,Summer Hill,"Pittsburgh city (Allegheny, PA)",0.6921698795180723,1,15
N06530,40.507809,-79.9897079999999,,"Ross township (Allegheny, PA)",0.6921698795180723,1,15
N45260,40.5820989999999,-79.994735,,"McCandless township (Allegheny, PA)",0.6921698795180723,1,15
N45240,40.5823719999999,-79.9969399999999,,"McCandless township (Allegheny, PA)",0.6921698795180723,1,15
N41130,40.57054,-80.002813,,"McCandless township (Allegheny, PA)",0.6921698795180723,1,15
N25450,40.586694,-79.996333,,"McCandless township (Allegheny, PA)",0.6921698795180723,1,15
N45570,40.560087,-80.011021,,"McCandless township (Allegheny, PA)",0.6921698795180723,1,15
N06430,40.50618,-79.990402,,"Ross township (Allegheny, PA)",0.6921698795180723,1,15
N29310,40.5515249999999,-80.006574,,"Ross township (Allegheny, PA)",0.6921698795180723,1,15
N06875,40.510838,-79.9936909999999,,"Ross township (Allegheny, PA)",0.6921698795180723,1,15
N47150,40.5734619999999,-79.9936239999999,,"McCandless township (Allegheny, PA)",0.6921698795180723,1,15
N71194,40.586742,-79.996834,,"McCandless township (Allegheny, PA)",0.6921698795180723,1,15
N52260,40.5291929999999,-79.99043,,"Ross township (Allegheny, PA)",0.6921698795180723,1,15
N39000,40.5766879999999,-79.9907309999999,,"McCandless township (Allegheny, PA)",0.6921698795180723,1,15
N52390,40.5419279999999,-79.992309,,"Ross township (Allegheny, PA)",0.6921698795180723,1,15
N29320,40.5521439999999,-80.00226,,"Ross township (Allegheny, PA)",0.6921698795180723,1,15
N47170,40.5717659999999,-79.9985049999999,,"McCandless township (Allegheny, PA)",0.6921698795180723,1,15
N18890,40.505611,-79.995486,,"Ross township (Allegheny, PA)",0.6921698795180723,1,15
N52130,40.5316049999999,-79.9902419999999,,"Ross township (Allegheny, PA)",0.6921698795180723,1,15
N45520,40.5584339999999,-80.008812,,"McCandless township (Allegheny, PA)",0.6921698795180723,1,15
N06770,40.509793,-79.991594,,"Ross township (Allegheny, PA)",0.6921698795180723,1,15
N52360,40.519772,-79.991928,,"Ross township (Allegheny, PA)",0.6921698795180723,1,15
N05490,40.5476609999999,-79.9947049999999,,"Ross township (Allegheny, PA)",0.6921698795180723,1,15
N52330,40.534863,-79.99044,,"Ross township (Allegheny, PA)",0.6921698795180723,1,15
N52370,40.5289519999999,-79.990181,,"Ross township (Allegheny, PA)",0.6921698795180723,1,15
N05370,40.5489269999999,-79.9963149999999,,"Ross township (Allegheny, PA)",0.6921698795180723,1,15
N05390,40.5458569999999,-79.994511,,"Ross township (Allegheny, PA)",0.6921698795180723,1,15
N05420,40.5437549999999,-79.9924809999999,,"Ross township (Allegheny, PA)",0.6921698795180723,1,15
N45530,40.5551299999999,-80.00753,,"McCandless township (Allegheny, PA)",0.6921698795180723,1,15
N45610,40.555956,-80.007523,,"McCandless township (Allegheny, PA)",0.6921698795180723,1,15
N45380,40.584988,-79.999735,,"McCandless township (Allegheny, PA)",0.6921698795180723,1,15
N71259,40.574761,-79.9906309999999,,"McCandless township (Allegheny, PA)",0.6921698795180723,1,15
N32350,40.5524029999999,-79.9985729999999,,"Ross township (Allegheny, PA)",0.6921698795180723,1,15
N45560,40.551537,-80.0067899999999,,"Ross township (Allegheny, PA)",0.6921698795180723,1,15
N52235,40.517302,-79.993752,,"Ross township (Allegheny, PA)",0.6921698795180723,1,15
N25430,40.5871939999999,-79.9990779999999,,"McCandless township (Allegheny, PA)",0.6921698795180723,1,15
N51050,40.577893,-79.9924209999999,,"McCandless township (Allegheny, PA)",0.6921698795180723,1,15
N52200,40.534733,-79.990341,,"Ross township (Allegheny, PA)",0.6921698795180723,1,15
N45580,40.559823,-80.0106339999999,,"McCandless township (Allegheny, PA)",0.6921698795180723,1,15
N05480,40.5491639999999,-79.9966129999999,,"Ross township (Allegheny, PA)",0.6921698795180723,1,15
N47200,40.571223,-79.999593,,"McCandless township (Allegheny, PA)",0.6921698795180723,1,15
N05450,40.550148,-79.9976929999999,,"Ross township (Allegheny, PA)",0.6921698795180723,1,15
N41000,40.569645,-80.003876,,"McCandless township (Allegheny, PA)",0.6921698795180723,1,15
N47230,40.574646,-79.990532,,"McCandless township (Allegheny, PA)",0.6921698795180723,1,15
N45350,40.5848519999999,-79.999604,,"McCandless township (Allegheny, PA)",0.6921698795180723,1,15
N52365,40.5185409999999,-79.9927339999999,,"Ross township (Allegheny, PA)",0.6921698795180723,1,15
N45210,40.586342,-80.0002329999999,,"McCandless township (Allegheny, PA)",0.6921698795180723,1,15
N52160,40.536461,-79.9903489999999,,"Ross township (Allegheny, PA)",0.6921698795180723,1,15
N14815,40.551785,-80.000816,,"Ross township (Allegheny, PA)",0.6921698795180723,1,15
N29360,40.5519839999999,-80.0025559999999,,"Ross township (Allegheny, PA)",0.6921698795180723,1,15
N18690,40.5060349999999,-79.9909609999999,,"Ross township (Allegheny, PA)",0.6921698795180723,1,15
N52150,40.5381519999999,-79.98993,,"Ross township (Allegheny, PA)",0.6921698795180723,1,15
N45220,40.581898,-79.993757,,"McCandless township (Allegheny, PA)",0.6921698795180723,1,15
E70883,40.422936,-79.8877109999999,,"Swissvale borough (Allegheny, PA)",0.692187985090343,3,202
E14330,40.421993,-79.8903049999999,,"Swissvale borough (Allegheny, PA)",0.692187985090343,3,202
W25110,40.370075,-80.100845,,"Collier township (Allegheny, PA)",0.692322407321985,3,282
W25070,40.3763239999999,-80.0978599999999,,"Collier township (Allegheny, PA)",0.692322407321985,3,282
W24730,40.3677139999999,-80.104225,,"Collier township (Allegheny, PA)",0.692322407321985,3,282
W25040,40.3873979999999,-80.0914659999999,,"Scott township (Allegheny, PA)",0.692322407321985,3,282
W24780,40.365887,-80.107212,,"Collier township (Allegheny, PA)",0.692322407321985,3,282
W24770,40.368288,-80.1029199999999,,"Collier township (Allegheny, PA)",0.692322407321985,3,282
W70173,40.3794949999999,-80.0960139999999,,"Collier township (Allegheny, PA)",0.692322407321985,3,282
W25240,40.3662119999999,-80.106937,,"Collier township (Allegheny, PA)",0.692322407321985,3,282
W24610,40.368943,-80.1018629999999,,"Collier township (Allegheny, PA)",0.692322407321985,3,282
W25350,40.379403,-80.0959,,"Collier township (Allegheny, PA)",0.692322407321985,3,282
W25150,40.3740499999999,-80.099162,,"Collier township (Allegheny, PA)",0.692322407321985,3,282
W25450,40.3704719999999,-80.100718,,"Collier township (Allegheny, PA)",0.692322407321985,3,282
W25100,40.3813299999999,-80.094755,,"Collier township (Allegheny, PA)",0.692322407321985,3,282
W25400,40.376175,-80.0978089999999,,"Collier township (Allegheny, PA)",0.692322407321985,3,282
W25460,40.3729409999999,-80.099136,,"Collier township (Allegheny, PA)",0.692322407321985,3,282
W25430,40.381698,-80.094251,,"Collier township (Allegheny, PA)",0.692322407321985,3,282
W24690,40.3675819999999,-80.104173,,"Collier township (Allegheny, PA)",0.692322407321985,3,282
W24710,40.368758,-80.102365,,"Collier township (Allegheny, PA)",0.692322407321985,3,282
S70562,40.34335,-79.942587,,"West Mifflin borough (Allegheny, PA)",0.6925877309613689,4,650
N17040,40.452519,-80.0034249999999,Allegheny Center,"Pittsburgh city (Allegheny, PA)",0.6926441155511719,8,1473
S35226,40.344582,-79.939678,,"West Mifflin borough (Allegheny, PA)",0.6926513824494002,4,648
S70631,40.3432839999999,-79.9426689999999,,"West Mifflin borough (Allegheny, PA)",0.6926513824494002,4,648
S70092,40.341259,-79.9448469999999,,"West Mifflin borough (Allegheny, PA)",0.692737089187134,4,655
S08730,40.41212,-79.989641,Knoxville,"Pittsburgh city (Allegheny, PA)",0.6937757421595359,2,791
S08140,40.414124,-79.98829,Knoxville,"Pittsburgh city (Allegheny, PA)",0.6937757421595359,2,791
S28850,40.36159,-79.9302519999999,,"West Mifflin borough (Allegheny, PA)",0.6939024584247481,3,515
S70431,40.3591819999999,-79.934128,,"West Mifflin borough (Allegheny, PA)",0.6939024584247481,3,515
S08860,40.4134219999999,-79.9886549999999,,"Mount Oliver borough (Allegheny, PA)",0.693910766828432,2,787
S28690,40.3618889999999,-79.932259,,"West Mifflin borough (Allegheny, PA)",0.6940779507335157,3,520
S70432,40.359614,-79.9336629999999,,"West Mifflin borough (Allegheny, PA)",0.6940779507335157,3,520
S05480,40.414406,-79.988298,Knoxville,"Pittsburgh city (Allegheny, PA)",0.6941444619386637,2,297
S06280,40.421343,-79.9974359999999,Beltzhoover,"Pittsburgh city (Allegheny, PA)",0.6941444619386637,2,297
S06270,40.4201219999999,-79.997403,Beltzhoover,"Pittsburgh city (Allegheny, PA)",0.6941444619386637,2,297
S05570,40.4143559999999,-79.990064,Knoxville,"Pittsburgh city (Allegheny, PA)",0.6941444619386637,2,297
S06300,40.416524,-79.997257,Beltzhoover,"Pittsburgh city (Allegheny, PA)",0.6941444619386637,2,297
E51000,40.435077,-79.8931529999999,,"Wilkinsburg borough (Allegheny, PA)",0.6942814185516997,2,65
E50990,40.433849,-79.8922689999999,,"Edgewood borough (Allegheny, PA)",0.6942814185516997,2,65
E45325,40.4389049999999,-79.8949559999999,Regent Square,"Pittsburgh city (Allegheny, PA)",0.6942814185516997,2,65
E30240,40.4331219999999,-79.893523,,"Edgewood borough (Allegheny, PA)",0.6942814185516997,2,65
E51037,40.4365639999999,-79.893977,,"Wilkinsburg borough (Allegheny, PA)",0.6942814185516997,2,65
E50987,40.4374669999999,-79.894371,,"Wilkinsburg borough (Allegheny, PA)",0.6942814185516997,2,65
S70026,40.344382,-79.948333,,"West Mifflin borough (Allegheny, PA)",0.694718049132357,4,618
E51025,40.438659,-79.8947979999999,,"Wilkinsburg borough (Allegheny, PA)",0.6953158783281272,2,60
E51035,40.4363099999999,-79.8937719999999,,"Wilkinsburg borough (Allegheny, PA)",0.6953158783281272,2,60
E59430,40.4427829999999,-79.8852009999999,,"Wilkinsburg borough (Allegheny, PA)",0.6953158783281272,2,60
E30247,40.433182,-79.8931809999999,,"Edgewood borough (Allegheny, PA)",0.6953158783281272,2,60
E51010,40.434972,-79.8929859999999,,"Wilkinsburg borough (Allegheny, PA)",0.6953158783281272,2,60
E59510,40.4443759999999,-79.884293,,"Wilkinsburg borough (Allegheny, PA)",0.6953158783281272,2,60
E30260,40.4336109999999,-79.8921979999999,,"Edgewood borough (Allegheny, PA)",0.6953158783281272,2,60
E50985,40.4373489999999,-79.894215,,"Wilkinsburg borough (Allegheny, PA)",0.6953158783281272,2,60
S08700,40.4108319999999,-79.990221,Knoxville,"Pittsburgh city (Allegheny, PA)",0.6955319773038887,3,826
S08790,40.4089779999999,-79.991066,Knoxville,"Pittsburgh city (Allegheny, PA)",0.6955319773038887,3,826
S06290,40.42152,-79.997354,Allentown,"Pittsburgh city (Allegheny, PA)",0.6955750984594115,2,305
S08720,40.4106099999999,-79.990193,,"Mount Oliver borough (Allegheny, PA)",0.6956697989036438,3,822
P03695,40.4402919999999,-80.00064,Central Business District,"Pittsburgh city (Allegheny, PA)",0.6957245072275057,7,1404
S70564,40.344946,-79.942187,,"West Mifflin borough (Allegheny, PA)",0.6957431912636292,2,308
E51140,40.423157,-79.8927549999999,,"Swissvale borough (Allegheny, PA)",0.696538421700269,2,55
E57165,40.424602,-79.8963119999999,,"Swissvale borough (Allegheny, PA)",0.696538421700269,2,55
E70306,40.4205729999999,-79.896484,,"Swissvale borough (Allegheny, PA)",0.696538421700269,2,55
E70308,40.421281,-79.9004089999999,Swisshelm Park,"Pittsburgh city (Allegheny, PA)",0.696538421700269,2,55
E57180,40.4230009999999,-79.8991429999999,Swisshelm Park,"Pittsburgh city (Allegheny, PA)",0.696538421700269,2,55
E04645,40.422964,-79.895854,,"Swissvale borough (Allegheny, PA)",0.696538421700269,2,55
E51130,40.4235499999999,-79.8915939999999,,"Swissvale borough (Allegheny, PA)",0.696538421700269,2,55
E15120,40.4208339999999,-79.899449,Swisshelm Park,"Pittsburgh city (Allegheny, PA)",0.696538421700269,2,55
E51190,40.422629,-79.8947309999999,,"Swissvale borough (Allegheny, PA)",0.696538421700269,2,55
E15110,40.4203529999999,-79.8984499999999,,"Swissvale borough (Allegheny, PA)",0.696538421700269,2,55
E70307,40.420026,-79.897576,,"Swissvale borough (Allegheny, PA)",0.696538421700269,2,55
E04635,40.421196,-79.89521,,"Swissvale borough (Allegheny, PA)",0.696538421700269,2,55
E70215,40.411527,-79.875487,,"Rankin borough (Allegheny, PA)",0.6966579812336906,2,217
W02710,40.467449,-80.0669649999999,,"McKees Rocks borough (Allegheny, PA)",0.69710987654321,1,188
W04660,40.469773,-80.100847,,"Kennedy township (Allegheny, PA)",0.69710987654321,1,188
W02650,40.474618,-80.0797529999999,,"Stowe township (Allegheny, PA)",0.69710987654321,1,188
W02743,40.466068,-80.066513,,"McKees Rocks borough (Allegheny, PA)",0.69710987654321,1,188
W19917,40.4755249999999,-80.08575,,"Kennedy township (Allegheny, PA)",0.69710987654321,1,188
W70016,40.4687389999999,-80.126362,,"Robinson township (Allegheny, PA)",0.69710987654321,1,188
W70157,40.466034,-80.1360339999999,,"Robinson township (Allegheny, PA)",0.69710987654321,1,188
W20860,40.459423,-80.138807,,"Robinson township (Allegheny, PA)",0.69710987654321,1,188
W20890,40.4628459999999,-80.1395559999999,,"Robinson township (Allegheny, PA)",0.69710987654321,1,188
W02730,40.4734369999999,-80.076289,,"Stowe township (Allegheny, PA)",0.69710987654321,1,188
W70090,40.4651369999999,-80.1091179999999,,"Kennedy township (Allegheny, PA)",0.69710987654321,1,188
W02670,40.4749849999999,-80.0808329999999,,"Stowe township (Allegheny, PA)",0.69710987654321,1,188
W02735,40.470432,-80.0707919999999,,"Stowe township (Allegheny, PA)",0.69710987654321,1,188
W04620,40.469372,-80.1015249999999,,"Kennedy township (Allegheny, PA)",0.69710987654321,1,188
W70088,40.4749989999999,-80.080594,,"Stowe township (Allegheny, PA)",0.69710987654321,1,188
W01200,40.455131,-80.1362409999999,,"Robinson township (Allegheny, PA)",0.69710987654321,1,188
W02720,40.467846,-80.0673579999999,,"McKees Rocks borough (Allegheny, PA)",0.69710987654321,1,188
W02740,40.4702559999999,-80.0704039999999,,"Stowe township (Allegheny, PA)",0.69710987654321,1,188
W70089,40.4753049999999,-80.081494,,"Stowe township (Allegheny, PA)",0.69710987654321,1,188
W02780,40.469222,-80.069028,,"McKees Rocks borough (Allegheny, PA)",0.69710987654321,1,188
W20670,40.465961,-80.1364379999999,,"Robinson township (Allegheny, PA)",0.69710987654321,1,188
W04650,40.46849,-80.123559,,"Robinson township (Allegheny, PA)",0.69710987654321,1,188
W02745,40.47182,-80.072652,,"Stowe township (Allegheny, PA)",0.69710987654321,1,188
W02770,40.4718659999999,-80.07254,,"Stowe township (Allegheny, PA)",0.69710987654321,1,188
W02785,40.469253,-80.0692339999999,,"McKees Rocks borough (Allegheny, PA)",0.69710987654321,1,188
W04670,40.464995,-80.109499,,"Kennedy township (Allegheny, PA)",0.69710987654321,1,188
W13613,40.4707269999999,-80.092038,,"Kennedy township (Allegheny, PA)",0.69710987654321,1,188
W04610,40.4684359999999,-80.1240169999999,,"Robinson township (Allegheny, PA)",0.69710987654321,1,188
W70086,40.474094,-80.077943,,"Stowe township (Allegheny, PA)",0.69710987654321,1,188
W01204,40.4551609999999,-80.1363329999999,,"Robinson township (Allegheny, PA)",0.69710987654321,1,188
W70208,40.4740279999999,-80.078181,,"Stowe township (Allegheny, PA)",0.69710987654321,1,188
W02700,40.47533,-80.0818479999999,,"Stowe township (Allegheny, PA)",0.69710987654321,1,188
W70087,40.474699,-80.079705,,"Stowe township (Allegheny, PA)",0.69710987654321,1,188
W20672,40.4595389999999,-80.138833,,"Robinson township (Allegheny, PA)",0.69710987654321,1,188
W70015,40.468888,-80.1264469999999,,"Robinson township (Allegheny, PA)",0.69710987654321,1,188
W13655,40.4706499999999,-80.0913879999999,,"Kennedy township (Allegheny, PA)",0.69710987654321,1,188
W20740,40.4627619999999,-80.139481,,"Robinson township (Allegheny, PA)",0.69710987654321,1,188
W02760,40.4756509999999,-80.0837259999999,,"Stowe township (Allegheny, PA)",0.69710987654321,1,188
W12703,40.4529,-80.156992,,"Robinson township (Allegheny, PA)",0.69710987654321,1,188
W70085,40.473497,-80.076175,,"Stowe township (Allegheny, PA)",0.69710987654321,1,188
N10490,40.4869959999999,-80.0372239999999,Brighton Heights,"Pittsburgh city (Allegheny, PA)",0.6972392391630579,2,562
N10850,40.4684329999999,-80.025165,Perry South,"Pittsburgh city (Allegheny, PA)",0.6972392391630579,2,562
N10590,40.487591,-80.0404589999999,Brighton Heights,"Pittsburgh city (Allegheny, PA)",0.6972392391630579,2,562
N10890,40.487296,-80.039297,Brighton Heights,"Pittsburgh city (Allegheny, PA)",0.6972392391630579,2,562
N10260,40.484236,-80.035728,Brighton Heights,"Pittsburgh city (Allegheny, PA)",0.6972392391630579,2,562
N10730,40.482962,-80.035329,Brighton Heights,"Pittsburgh city (Allegheny, PA)",0.6972392391630579,2,562
N10500,40.467219,-80.0251059999999,Marshall-Shadeland,"Pittsburgh city (Allegheny, PA)",0.6972392391630579,2,562
N10580,40.48733,-80.039015,Brighton Heights,"Pittsburgh city (Allegheny, PA)",0.6972392391630579,2,562
N10480,40.4870609999999,-80.0380239999999,Brighton Heights,"Pittsburgh city (Allegheny, PA)",0.6972392391630579,2,562
N10410,40.468456,-80.0252909999999,Marshall-Shadeland,"Pittsburgh city (Allegheny, PA)",0.6972392391630579,2,562
N10250,40.48452,-80.0359729999999,Brighton Heights,"Pittsburgh city (Allegheny, PA)",0.6972392391630579,2,562
N10720,40.483136,-80.035509,Brighton Heights,"Pittsburgh city (Allegheny, PA)",0.6972392391630579,2,562
W70172,40.465688,-80.062021,,"McKees Rocks borough (Allegheny, PA)",0.6976402380808994,2,300
W03660,40.465738,-80.066156,,"McKees Rocks borough (Allegheny, PA)",0.6976402380808994,2,300
W08450,40.4717589999999,-80.0916569999999,,"Kennedy township (Allegheny, PA)",0.6976402380808994,2,300
W08490,40.473502,-80.0944439999999,,"Kennedy township (Allegheny, PA)",0.6976402380808994,2,300
W03560,40.4658099999999,-80.063944,,"McKees Rocks borough (Allegheny, PA)",0.6976402380808994,2,300
W08480,40.471622,-80.0917319999999,,"Kennedy township (Allegheny, PA)",0.6976402380808994,2,300
W03950,40.4657419999999,-80.064222,,"McKees Rocks borough (Allegheny, PA)",0.6976402380808994,2,300
W08460,40.475036,-80.0960819999999,,"Kennedy township (Allegheny, PA)",0.6976402380808994,2,300
W03250,40.465628,-80.062297,,"McKees Rocks borough (Allegheny, PA)",0.6976402380808994,2,300
W08465,40.4734139999999,-80.094147,,"Kennedy township (Allegheny, PA)",0.6976402380808994,2,300
N38820,40.4542769999999,-80.0126949999999,Allegheny Center,"Pittsburgh city (Allegheny, PA)",0.6984947580504888,4,1039
N38330,40.454999,-80.0088089999999,Allegheny Center,"Pittsburgh city (Allegheny, PA)",0.6984947580504888,4,1039
N38380,40.454003,-80.01407,Allegheny Center,"Pittsburgh city (Allegheny, PA)",0.6984947580504888,4,1039
W04330,40.4666319999999,-80.0797689999999,,"McKees Rocks borough (Allegheny, PA)",0.698530487804878,1,112
W14320,40.4899289999999,-80.1090849999999,,"Kennedy township (Allegheny, PA)",0.698530487804878,1,112
W07240,40.4753729999999,-80.0968349999999,,"Kennedy township (Allegheny, PA)",0.698530487804878,1,112
W07340,40.481791,-80.110022,,"Kennedy township (Allegheny, PA)",0.698530487804878,1,112
W70146,40.504379,-80.1404419999999,,"Robinson township (Allegheny, PA)",0.698530487804878,1,112
W70162,40.475414,-80.0975789999999,,"Kennedy township (Allegheny, PA)",0.698530487804878,1,112
W70171,40.464824,-80.070485,,"McKees Rocks borough (Allegheny, PA)",0.698530487804878,1,112
W07380,40.47574,-80.098754,,"Kennedy township (Allegheny, PA)",0.698530487804878,1,112
W08760,40.489536,-80.119619,,"Kennedy township (Allegheny, PA)",0.698530487804878,1,112
W04140,40.467891,-80.0843849999999,,"Kennedy township (Allegheny, PA)",0.698530487804878,1,112
W70150,40.502288,-80.1224469999999,,"Robinson township (Allegheny, PA)",0.698530487804878,1,112
W09620,40.500011,-80.1120619999999,,"Kennedy township (Allegheny, PA)",0.698530487804878,1,112
W07280,40.481172,-80.106513,,"Kennedy township (Allegheny, PA)",0.698530487804878,1,112
W70091,40.4705999999999,-80.091065,,"Kennedy township (Allegheny, PA)",0.698530487804878,1,112
W70094,40.48096,-80.1061399999999,,"Kennedy township (Allegheny, PA)",0.698530487804878,1,112
W03710,40.464877,-80.0739779999999,,"McKees Rocks borough (Allegheny, PA)",0.698530487804878,1,112
W70170,40.479039,-80.1036629999999,,"Kennedy township (Allegheny, PA)",0.698530487804878,1,112
W04180,40.466554,-80.077098,,"McKees Rocks borough (Allegheny, PA)",0.698530487804878,1,112
W08586,40.485308,-80.113061,,"Kennedy township (Allegheny, PA)",0.698530487804878,1,112
W08660,40.4872099999999,-80.118442,,"Kennedy township (Allegheny, PA)",0.698530487804878,1,112
W14280,40.4919039999999,-80.111687,,"Kennedy township (Allegheny, PA)",0.698530487804878,1,112
W07290,40.477789,-80.1028689999999,,"Kennedy township (Allegheny, PA)",0.698530487804878,1,112
W08590,40.4928329999999,-80.118278,,"Kennedy township (Allegheny, PA)",0.698530487804878,1,112
W07190,40.475695,-80.0992509999999,,"Kennedy township (Allegheny, PA)",0.698530487804878,1,112
W70145,40.5010649999999,-80.114652,,"Kennedy township (Allegheny, PA)",0.698530487804878,1,112
W70147,40.506602,-80.1401599999999,,"Robinson township (Allegheny, PA)",0.698530487804878,1,112
W14500,40.4879409999999,-80.1069899999999,,"Kennedy township (Allegheny, PA)",0.698530487804878,1,112
W70092,40.476233,-80.100789,,"Kennedy township (Allegheny, PA)",0.698530487804878,1,112
W70152,40.502937,-80.1270449999999,,"Robinson township (Allegheny, PA)",0.698530487804878,1,112
W04320,40.467007,-80.0818349999999,,"Kennedy township (Allegheny, PA)",0.698530487804878,1,112
W04260,40.466715,-80.079732,,"McKees Rocks borough (Allegheny, PA)",0.698530487804878,1,112
W03860,40.464854,-80.068533,,"McKees Rocks borough (Allegheny, PA)",0.698530487804878,1,112
W07390,40.47986,-80.1042329999999,,"Kennedy township (Allegheny, PA)",0.698530487804878,1,112
W14240,40.4830479999999,-80.107246,,"Kennedy township (Allegheny, PA)",0.698530487804878,1,112
W08800,40.4869029999999,-80.115178,,"Kennedy township (Allegheny, PA)",0.698530487804878,1,112
W03890,40.464972,-80.0705909999999,,"McKees Rocks borough (Allegheny, PA)",0.698530487804878,1,112
W70149,40.5009409999999,-80.1147509999999,,"Kennedy township (Allegheny, PA)",0.698530487804878,1,112
W70148,40.5051989999999,-80.142403,,"Robinson township (Allegheny, PA)",0.698530487804878,1,112
W70143,40.4913669999999,-80.119259,,"Kennedy township (Allegheny, PA)",0.698530487804878,1,112
W04200,40.4670819999999,-80.0817799999999,,"McKees Rocks borough (Allegheny, PA)",0.698530487804878,1,112
W70130,40.495252,-80.11123,,"Kennedy township (Allegheny, PA)",0.698530487804878,1,112
W70160,40.4863089999999,-80.1138179999999,,"Kennedy township (Allegheny, PA)",0.698530487804878,1,112
W03720,40.464973,-80.0739679999999,,"McKees Rocks borough (Allegheny, PA)",0.698530487804878,1,112
W08700,40.4994659999999,-80.116578,,"Kennedy township (Allegheny, PA)",0.698530487804878,1,112
W14400,40.484056,-80.106992,,"Kennedy township (Allegheny, PA)",0.698530487804878,1,112
W70151,40.501938,-80.120739,,"Robinson township (Allegheny, PA)",0.698530487804878,1,112
W08720,40.4995309999999,-80.11516,,"Kennedy township (Allegheny, PA)",0.698530487804878,1,112
W70153,40.5029529999999,-80.126963,,"Robinson township (Allegheny, PA)",0.698530487804878,1,112
W08610,40.4822229999999,-80.111953,,"Kennedy township (Allegheny, PA)",0.698530487804878,1,112
W07450,40.477876,-80.1027629999999,,"Kennedy township (Allegheny, PA)",0.698530487804878,1,112
W04150,40.467911,-80.084114,,"Kennedy township (Allegheny, PA)",0.698530487804878,1,112
W70169,40.47617,-80.1009389999999,,"Kennedy township (Allegheny, PA)",0.698530487804878,1,112
W03260,40.465018,-80.068155,,"McKees Rocks borough (Allegheny, PA)",0.698530487804878,1,112
W14370,40.48619,-80.1064709999999,,"Kennedy township (Allegheny, PA)",0.698530487804878,1,112
W07300,40.4795939999999,-80.1042149999999,,"Kennedy township (Allegheny, PA)",0.698530487804878,1,112
W70207,40.465383,-80.0664189999999,,"McKees Rocks borough (Allegheny, PA)",0.698530487804878,1,112
N38340,40.455176,-80.008476,Central Northside,"Pittsburgh city (Allegheny, PA)",0.6986449765957696,4,1027
N38710,40.454419,-80.012437,Central Northside,"Pittsburgh city (Allegheny, PA)",0.6986449765957696,4,1027
N38370,40.454075,-80.0143939999999,Central Northside,"Pittsburgh city (Allegheny, PA)",0.6986449765957696,4,1027
P02325,40.4438099999999,-79.9948919999999,Central Business District,"Pittsburgh city (Allegheny, PA)",0.69867669843099,21,2313
N45905,40.450304,-80.014296,Allegheny West,"Pittsburgh city (Allegheny, PA)",0.6988509411651913,2,377
S35233,40.346586,-79.9515119999999,,"West Mifflin borough (Allegheny, PA)",0.6990543286821672,2,277
S35234,40.3422389999999,-79.953896,,"West Mifflin borough (Allegheny, PA)",0.6990543286821672,2,277
S70646,40.3437169999999,-79.95341,,"West Mifflin borough (Allegheny, PA)",0.6990543286821672,2,277
S35231,40.342289,-79.9537909999999,,"West Mifflin borough (Allegheny, PA)",0.6992865863036994,2,282
E56040,40.387841,-79.823142,,"North Versailles township (Allegheny, PA)",0.6993272066693161,3,322
E36268,40.377544,-79.8017899999999,,"North Versailles township (Allegheny, PA)",0.6996135802469136,1,40
E36450,40.3730249999999,-79.792726,,"North Versailles township (Allegheny, PA)",0.6996135802469136,1,40
E36435,40.3776039999999,-79.802254,,"North Versailles township (Allegheny, PA)",0.6996135802469136,1,35
E30297,40.337842,-79.807186,,"White Oak borough (Allegheny, PA)",0.6996135802469136,1,40
E36350,40.3813549999999,-79.8135599999999,,"East McKeesport borough (Allegheny, PA)",0.6996135802469136,1,40
S30257,40.322136,-79.8257749999999,,"McKeesport city (Allegheny, PA)",0.6996135802469136,1,35
E36310,40.373066,-79.793103,,"North Versailles township (Allegheny, PA)",0.6996135802469136,1,35
E36480,40.377999,-79.803335,,"North Versailles township (Allegheny, PA)",0.6996135802469136,1,35
E36130,40.381048,-79.8114309999999,,"East McKeesport borough (Allegheny, PA)",0.6996135802469136,1,40
E25560,40.380808,-79.814711,,"East McKeesport borough (Allegheny, PA)",0.6996135802469136,1,35
E36220,40.3801259999999,-79.809183,,"North Versailles township (Allegheny, PA)",0.6996135802469136,1,35
E36370,40.375449,-79.7965209999999,,"North Versailles township (Allegheny, PA)",0.6996135802469136,1,40
S70575,40.3229619999999,-79.8208999999999,,"McKeesport city (Allegheny, PA)",0.6996135802469136,1,40
S30245,40.332568,-79.8137339999999,,"White Oak borough (Allegheny, PA)",0.6996135802469136,1,40
E30275,40.3442319999999,-79.798315,,"White Oak borough (Allegheny, PA)",0.6996135802469136,1,35
E36180,40.388973,-79.830775,,"North Versailles township (Allegheny, PA)",0.6996135802469136,1,35
E36440,40.370471,-79.7860989999999,,"North Versailles township (Allegheny, PA)",0.6996135802469136,1,40
E36150,40.3755719999999,-79.796981,,"North Versailles township (Allegheny, PA)",0.6996135802469136,1,35
E36280,40.3768069999999,-79.8000509999999,,"North Versailles township (Allegheny, PA)",0.6996135802469136,1,35
E36110,40.37939,-79.8068719999999,,"North Versailles township (Allegheny, PA)",0.6996135802469136,1,40
E36410,40.388716,-79.830156,,"North Versailles township (Allegheny, PA)",0.6996135802469136,1,40
S70576,40.3231019999999,-79.820862,,"McKeesport city (Allegheny, PA)",0.6996135802469136,1,35
E30276,40.358595,-79.786057,,"White Oak borough (Allegheny, PA)",0.6996135802469136,1,40
E36420,40.3714239999999,-79.788965,,"North Versailles township (Allegheny, PA)",0.6996135802469136,1,40
S25850,40.3381109999999,-79.806605,,"White Oak borough (Allegheny, PA)",0.6996135802469136,1,35
E36120,40.3793829999999,-79.807175,,"North Versailles township (Allegheny, PA)",0.6996135802469136,1,35
E30270,40.3602089999999,-79.7857259999999,,"North Versailles township (Allegheny, PA)",0.6996135802469136,1,35
E25750,40.381135,-79.8170039999999,,"North Versailles township (Allegheny, PA)",0.6996135802469136,1,35
E36300,40.370409,-79.786434,,"North Versailles township (Allegheny, PA)",0.6996135802469136,1,35
S30270,40.3350579999999,-79.811558,,"White Oak borough (Allegheny, PA)",0.6996135802469136,1,35
E36190,40.3713959999999,-79.789174,,"North Versailles township (Allegheny, PA)",0.6996135802469136,1,35
E30285,40.344313,-79.797565,,"White Oak borough (Allegheny, PA)",0.6996135802469136,1,40
E36145,40.3812059999999,-79.8122489999999,,"East McKeesport borough (Allegheny, PA)",0.6996135802469136,1,35
S30255,40.3219179999999,-79.8261049999999,,"McKeesport city (Allegheny, PA)",0.6996135802469136,1,40
E36430,40.3690649999999,-79.7825809999999,,"North Versailles township (Allegheny, PA)",0.6996135802469136,1,35
S30280,40.3349979999999,-79.811413,,"White Oak borough (Allegheny, PA)",0.6996135802469136,1,40
E36360,40.378317,-79.8039509999999,,"North Versailles township (Allegheny, PA)",0.6996135802469136,1,40
S30240,40.3329239999999,-79.813602,,"White Oak borough (Allegheny, PA)",0.6996135802469136,1,35
E36265,40.368251,-79.7806269999999,,"North Versailles township (Allegheny, PA)",0.6996135802469136,1,35
E36340,40.369168,-79.782561,,"North Versailles township (Allegheny, PA)",0.6996135802469136,1,40
E36400,40.3955839999999,-79.83861,,"East Pittsburgh borough (Allegheny, PA)",0.6996135802469136,1,40
E36270,40.3767569999999,-79.799597,,"North Versailles township (Allegheny, PA)",0.6996135802469136,1,40
E36170,40.3957839999999,-79.838699,,"East Pittsburgh borough (Allegheny, PA)",0.6996135802469136,1,35
E36260,40.368467,-79.7807549999999,,"North Versailles township (Allegheny, PA)",0.6996135802469136,1,40
E36240,40.3814599999999,-79.816771,,"North Versailles township (Allegheny, PA)",0.6996135802469136,1,40
S70027,40.344569,-79.948136,,"West Mifflin borough (Allegheny, PA)",0.6998641630463847,3,555
N13610,40.451587,-80.0012059999999,Allegheny Center,"Pittsburgh city (Allegheny, PA)",0.7006243321059772,10,1762
S09390,40.3858579999999,-79.979016,Carrick,"Pittsburgh city (Allegheny, PA)",0.7006710843373495,1,628
S28360,40.342908,-79.964098,,"Pleasant Hills borough (Allegheny, PA)",0.7006710843373495,1,305
S24160,40.361158,-79.982392,,"Brentwood borough (Allegheny, PA)",0.7006710843373495,1,305
S09300,40.3933019999999,-79.986562,Carrick,"Pittsburgh city (Allegheny, PA)",0.7006710843373495,1,628
S23860,40.343569,-79.9701799999999,,"Baldwin borough (Allegheny, PA)",0.7006710843373495,1,305
S24200,40.3464499999999,-79.9735759999999,,"Whitehall borough (Allegheny, PA)",0.7006710843373495,1,305
S70011,40.3656259999999,-79.9824239999999,,"Brentwood borough (Allegheny, PA)",0.7006710843373495,1,305
S23960,40.350023,-79.976465,,"Whitehall borough (Allegheny, PA)",0.7006710843373495,1,305
S23970,40.3522839999999,-79.9775889999999,,"Whitehall borough (Allegheny, PA)",0.7006710843373495,1,305
S09630,40.38819,-79.9848219999999,Carrick,"Pittsburgh city (Allegheny, PA)",0.7006710843373495,1,628
S23950,40.3495929999999,-79.9759049999999,,"Baldwin borough (Allegheny, PA)",0.7006710843373495,1,305
S23540,40.3522559999999,-79.9777519999999,,"Whitehall borough (Allegheny, PA)",0.7006710843373495,1,305
S70266,40.380935,-79.976105,,"Brentwood borough (Allegheny, PA)",0.7006710843373495,1,323
S28050,40.34787,-79.951515,,"West Mifflin borough (Allegheny, PA)",0.7006710843373495,1,305
S23760,40.3440439999999,-79.9717399999999,,"Baldwin borough (Allegheny, PA)",0.7006710843373495,1,305
S09385,40.397927,-79.9883219999999,Carrick,"Pittsburgh city (Allegheny, PA)",0.7006710843373495,1,628
S23850,40.3434859999999,-79.9703059999999,,"Baldwin borough (Allegheny, PA)",0.7006710843373495,1,305
S09310,40.405552,-79.9910579999999,Carrick,"Pittsburgh city (Allegheny, PA)",0.7006710843373495,1,628
S28060,40.3474739999999,-79.952115,,"West Mifflin borough (Allegheny, PA)",0.7006710843373495,1,305
S24390,40.356579,-79.9802119999999,,"Whitehall borough (Allegheny, PA)",0.7006710843373495,1,305
S09200,40.4160359999999,-79.987081,,"Mount Oliver borough (Allegheny, PA)",0.7006710843373495,1,628
S70568,40.344686,-79.961222,,"West Mifflin borough (Allegheny, PA)",0.7006710843373495,1,305
S09290,40.393037,-79.9864819999999,Carrick,"Pittsburgh city (Allegheny, PA)",0.7006710843373495,1,628
S70131,40.3462469999999,-79.9570449999999,,"West Mifflin borough (Allegheny, PA)",0.7006710843373495,1,305
S09140,40.382955,-79.976962,Carrick,"Pittsburgh city (Allegheny, PA)",0.7006710843373495,1,628
S24280,40.3556019999999,-79.979737,,"Whitehall borough (Allegheny, PA)",0.7006710843373495,1,305
S70270,40.3423799999999,-79.9657749999999,,"Pleasant Hills borough (Allegheny, PA)",0.7006710843373495,1,305
S09000,40.388133,-79.984626,Carrick,"Pittsburgh city (Allegheny, PA)",0.7006710843373495,1,628
S24190,40.3462389999999,-79.9733169999999,,"Baldwin borough (Allegheny, PA)",0.7006710843373495,1,305
S09250,40.3982189999999,-79.9885919999999,Carrick,"Pittsburgh city (Allegheny, PA)",0.7006710843373495,1,628
S09750,40.3827849999999,-79.976741,,"Brentwood borough (Allegheny, PA)",0.7006710843373495,1,628
S23720,40.3567019999999,-79.9804869999999,,"Whitehall borough (Allegheny, PA)",0.7006710843373495,1,305
S11290,40.347555,-79.94911,,"West Mifflin borough (Allegheny, PA)",0.7006710843373495,1,271
S24590,40.361387,-79.982709,,"Whitehall borough (Allegheny, PA)",0.7006710843373495,1,305
S24300,40.3421019999999,-79.966751,,"Baldwin borough (Allegheny, PA)",0.7006710843373495,1,305
S08390,40.385795,-79.978767,Carrick,"Pittsburgh city (Allegheny, PA)",0.7006710843373495,1,628
S24420,40.344022,-79.971331,,"Baldwin borough (Allegheny, PA)",0.7006710843373495,1,305
S08370,40.4050269999999,-79.9907359999999,Carrick,"Pittsburgh city (Allegheny, PA)",0.7006710843373495,1,628
S23530,40.3554189999999,-79.979426,,"Whitehall borough (Allegheny, PA)",0.7006710843373495,1,305
S23570,40.36354,-79.98386,,"Brentwood borough (Allegheny, PA)",0.7006710843373495,1,305
S28030,40.344937,-79.9611129999999,,"West Mifflin borough (Allegheny, PA)",0.7006710843373495,1,305
S70130,40.3458899999999,-79.957165,,"West Mifflin borough (Allegheny, PA)",0.7006710843373495,1,305
N13600,40.45478,-80.002098,East Allegheny,"Pittsburgh city (Allegheny, PA)",0.7012513835706463,6,1375
N13615,40.454959,-80.002302,Allegheny Center,"Pittsburgh city (Allegheny, PA)",0.7012599208112276,6,1383
N71217,40.4476409999999,-80.0193869999999,Chateau,"Pittsburgh city (Allegheny, PA)",0.701275619756513,2,382
N10610,40.450687,-80.013512,Allegheny West,"Pittsburgh city (Allegheny, PA)",0.7013650317806661,2,381
E17760,40.4274029999999,-79.886398,,"Edgewood borough (Allegheny, PA)",0.702039866874907,2,40
E17770,40.4259649999999,-79.8868779999999,,"Edgewood borough (Allegheny, PA)",0.702039866874907,2,40
E17780,40.4278899999999,-79.8872889999999,,"Edgewood borough (Allegheny, PA)",0.702039866874907,2,40
E08740,40.423876,-79.8873219999999,,"Swissvale borough (Allegheny, PA)",0.702039866874907,2,40
E17750,40.4247969999999,-79.8874339999999,,"Swissvale borough (Allegheny, PA)",0.702039866874907,2,40
E08741,40.423769,-79.887106,,"Swissvale borough (Allegheny, PA)",0.702039866874907,2,40
S09790,40.401127,-79.989317,Carrick,"Pittsburgh city (Allegheny, PA)",0.7024950862272621,2,663
S08770,40.3845809999999,-79.978009,Carrick,"Pittsburgh city (Allegheny, PA)",0.7024950862272621,2,663
S09620,40.3912339999999,-79.986547,Carrick,"Pittsburgh city (Allegheny, PA)",0.7024950862272621,2,663
S08130,40.3951399999999,-79.9868299999999,Carrick,"Pittsburgh city (Allegheny, PA)",0.7024950862272621,2,663
S09440,40.399887,-79.989153,Carrick,"Pittsburgh city (Allegheny, PA)",0.7024950862272621,2,663
S09400,40.38683,-79.981846,Carrick,"Pittsburgh city (Allegheny, PA)",0.7024950862272621,2,663
S08890,40.389384,-79.9855259999999,Carrick,"Pittsburgh city (Allegheny, PA)",0.7024950862272621,2,663
S08220,40.387436,-79.9840549999999,Carrick,"Pittsburgh city (Allegheny, PA)",0.7024950862272621,2,663
S08930,40.391477,-79.9866849999999,Carrick,"Pittsburgh city (Allegheny, PA)",0.7024950862272621,2,663
S08840,40.403958,-79.9902299999999,Carrick,"Pittsburgh city (Allegheny, PA)",0.7024950862272621,2,663
S09550,40.403758,-79.9900159999999,Carrick,"Pittsburgh city (Allegheny, PA)",0.7024950862272621,2,663
S09180,40.400888,-79.989158,Carrick,"Pittsburgh city (Allegheny, PA)",0.7024950862272621,2,663
S09090,40.3841139999999,-79.977546,,"Brentwood borough (Allegheny, PA)",0.7024950862272621,2,663
S08230,40.380661,-79.9760019999999,,"Brentwood borough (Allegheny, PA)",0.7024950862272621,2,663
S08460,40.395102,-79.986681,Carrick,"Pittsburgh city (Allegheny, PA)",0.7024950862272621,2,663
S08430,40.3966289999999,-79.9875679999999,Carrick,"Pittsburgh city (Allegheny, PA)",0.7024950862272621,2,663
S09410,40.39672,-79.9877429999999,Carrick,"Pittsburgh city (Allegheny, PA)",0.7024950862272621,2,663
S09580,40.38931,-79.985359,Carrick,"Pittsburgh city (Allegheny, PA)",0.7024950862272621,2,663
S08400,40.3869249999999,-79.981806,Carrick,"Pittsburgh city (Allegheny, PA)",0.7024950862272621,2,663
S08490,40.399731,-79.9890029999999,Carrick,"Pittsburgh city (Allegheny, PA)",0.7024950862272621,2,663
S09530,40.408548,-79.9911429999999,,"Mount Oliver borough (Allegheny, PA)",0.7024950862272621,2,663
S30840,40.351722,-79.8628199999999,,"McKeesport city (Allegheny, PA)",0.7032155756019939,4,530
S30890,40.351556,-79.864517,,"McKeesport city (Allegheny, PA)",0.7032155756019939,4,530
S16220,40.428635,-79.97748,South Side Flats,"Pittsburgh city (Allegheny, PA)",0.7032826683265462,2,571
S30845,40.3517579999999,-79.86381,,"McKeesport city (Allegheny, PA)",0.7032991090873638,4,535
N10340,40.459609,-80.016874,Perry South,"Pittsburgh city (Allegheny, PA)",0.7033226290045949,2,569
S16230,40.4285489999999,-79.9778469999999,South Side Flats,"Pittsburgh city (Allegheny, PA)",0.7033459543436905,2,570
N47285,40.4478459999999,-80.001964,North Shore,"Pittsburgh city (Allegheny, PA)",0.7036754451384761,13,2374
E55320,40.4728909999999,-79.888799,Lincoln-Lemington-Belmar,"Pittsburgh city (Allegheny, PA)",0.7037955111572392,2,235
N47290,40.450321,-80.0027759999999,Allegheny Center,"Pittsburgh city (Allegheny, PA)",0.7038306566146096,12,2359
S08600,40.3751219999999,-79.975491,,"Brentwood borough (Allegheny, PA)",0.7042278880226791,2,340
S08320,40.364902,-79.982994,,"Brentwood borough (Allegheny, PA)",0.7042278880226791,2,340
S08270,40.367575,-79.978396,,"Brentwood borough (Allegheny, PA)",0.7042278880226791,2,340
S09280,40.3779249999999,-79.975485,,"Brentwood borough (Allegheny, PA)",0.7042278880226791,2,340
S08670,40.3690849999999,-79.9758099999999,,"Brentwood borough (Allegheny, PA)",0.7042278880226791,2,340
S70009,40.3667439999999,-79.9809599999999,,"Brentwood borough (Allegheny, PA)",0.7042278880226791,2,340
S08480,40.377797,-79.975362,,"Brentwood borough (Allegheny, PA)",0.7042278880226791,2,340
S08560,40.3660369999999,-79.981741,,"Brentwood borough (Allegheny, PA)",0.7042278880226791,2,340
S08590,40.371977,-79.9752649999999,,"Brentwood borough (Allegheny, PA)",0.7042278880226791,2,340
S08610,40.3749389999999,-79.9756009999999,,"Brentwood borough (Allegheny, PA)",0.7042278880226791,2,340
S09500,40.3691949999999,-79.9755569999999,,"Brentwood borough (Allegheny, PA)",0.7042278880226791,2,340
S70392,40.3675479999999,-79.978666,,"Brentwood borough (Allegheny, PA)",0.7042278880226791,2,340
S09490,40.3716519999999,-79.9753539999999,,"Brentwood borough (Allegheny, PA)",0.7042278880226791,2,340
S09360,40.380994,-79.9759609999999,,"Brentwood borough (Allegheny, PA)",0.7042278880226791,2,340
E70216,40.412596,-79.876366,,"Rankin borough (Allegheny, PA)",0.7046891318359859,3,120
S04290,40.4179499999999,-79.987142,,"Mount Oliver borough (Allegheny, PA)",0.7051900746788808,3,605
S01810,40.353135,-79.844256,,"McKeesport city (Allegheny, PA)",0.7056200509354491,2,246
N15310,40.483251,-80.003855,Summer Hill,"Pittsburgh city (Allegheny, PA)",0.7056811297477492,2,459
N45490,40.484647,-80.004502,Summer Hill,"Pittsburgh city (Allegheny, PA)",0.7056811297477492,2,459
N49960,40.4849359999999,-80.005661,Summer Hill,"Pittsburgh city (Allegheny, PA)",0.7057914603198069,3,489
N15300,40.4861149999999,-80.0050049999999,Summer Hill,"Pittsburgh city (Allegheny, PA)",0.7057914603198069,3,489
N26800,40.5067519999999,-80.030472,,"Ross township (Allegheny, PA)",0.7058060240963855,1,50
N26810,40.5076139999999,-80.030113,,"Ross township (Allegheny, PA)",0.7058060240963855,1,50
N70130,40.458032,-80.016051,California-Kirkbride,"Pittsburgh city (Allegheny, PA)",0.7059026422235705,3,834
N10450,40.4570269999999,-80.0157209999999,California-Kirkbride,"Pittsburgh city (Allegheny, PA)",0.7059026422235705,3,834
N10585,40.4562,-80.0154519999999,California-Kirkbride,"Pittsburgh city (Allegheny, PA)",0.7059026422235705,3,834
N10290,40.459423,-80.0167519999999,California-Kirkbride,"Pittsburgh city (Allegheny, PA)",0.7059026422235705,3,834
N15315,40.483187,-80.0037959999999,Summer Hill,"Pittsburgh city (Allegheny, PA)",0.7059665819741552,2,441
N15340,40.484706,-80.0043579999999,Summer Hill,"Pittsburgh city (Allegheny, PA)",0.7059665819741552,2,441
E70218,40.412683,-79.8765669999999,,"Rankin borough (Allegheny, PA)",0.7061525174773167,3,120
N10360,40.458351,-80.0160209999999,Central Northside,"Pittsburgh city (Allegheny, PA)",0.7061984683258582,3,822
N10460,40.457044,-80.0155939999999,Central Northside,"Pittsburgh city (Allegheny, PA)",0.7061984683258582,3,822
N10620,40.455793,-80.015169,Central Northside,"Pittsburgh city (Allegheny, PA)",0.7061984683258582,3,822
E55750,40.46329,-79.8657649999999,,"Penn Hills township (Allegheny, PA)",0.7062448170731707,2,196
E48645,40.4592269999999,-79.866044,,"Penn Hills township (Allegheny, PA)",0.7062448170731707,2,196
E55498,40.462338,-79.8650049999999,,"Penn Hills township (Allegheny, PA)",0.7062448170731707,2,196
E17330,40.454998,-79.87124,East Hills,"Pittsburgh city (Allegheny, PA)",0.7062448170731707,2,196
E44950,40.456271,-79.873382,East Hills,"Pittsburgh city (Allegheny, PA)",0.7062448170731707,2,196
E40970,40.466287,-79.874812,,"Penn Hills township (Allegheny, PA)",0.7062448170731707,2,196
E70255,40.460748,-79.8664849999999,,"Penn Hills township (Allegheny, PA)",0.7062448170731707,2,196
E70258,40.456037,-79.8639419999999,,"Wilkinsburg borough (Allegheny, PA)",0.7062448170731707,2,196
E70262,40.4664009999999,-79.8686849999999,,"Penn Hills township (Allegheny, PA)",0.7062448170731707,2,196
E17340,40.454613,-79.8720399999999,East Hills,"Pittsburgh city (Allegheny, PA)",0.7062448170731707,2,196
E12410,40.4672959999999,-79.873362,,"Penn Hills township (Allegheny, PA)",0.7062448170731707,2,196
E44900,40.452989,-79.874317,East Hills,"Pittsburgh city (Allegheny, PA)",0.7062448170731707,2,196
E44960,40.456619,-79.8718039999999,East Hills,"Pittsburgh city (Allegheny, PA)",0.7062448170731707,2,196
E17325,40.453878,-79.873085,East Hills,"Pittsburgh city (Allegheny, PA)",0.7062448170731707,2,196
E48680,40.4512429999999,-79.868341,East Hills,"Pittsburgh city (Allegheny, PA)",0.7062448170731707,2,196
E44930,40.455542,-79.874206,East Hills,"Pittsburgh city (Allegheny, PA)",0.7062448170731707,2,196
E70949,40.468155,-79.8844749999999,,"Penn Hills township (Allegheny, PA)",0.7062448170731707,2,196
E70951,40.4529629999999,-79.873486,East Hills,"Pittsburgh city (Allegheny, PA)",0.7062448170731707,2,196
E40860,40.4656039999999,-79.876441,,"Penn Hills township (Allegheny, PA)",0.7062448170731707,2,196
E70004,40.4558669999999,-79.870829,East Hills,"Pittsburgh city (Allegheny, PA)",0.7062448170731707,2,196
E70894,40.457801,-79.864874,,"Wilkinsburg borough (Allegheny, PA)",0.7062448170731707,2,196
E70263,40.465749,-79.8655839999999,,"Penn Hills township (Allegheny, PA)",0.7062448170731707,2,196
E40820,40.467613,-79.882962,,"Penn Hills township (Allegheny, PA)",0.7062448170731707,2,196
E40840,40.46882,-79.886773,,"Penn Hills township (Allegheny, PA)",0.7062448170731707,2,196
E40890,40.4703829999999,-79.887595,,"Penn Hills township (Allegheny, PA)",0.7062448170731707,2,196
E70003,40.456141,-79.871015,East Hills,"Pittsburgh city (Allegheny, PA)",0.7063181402439024,2,200
E70948,40.4654839999999,-79.878214,,"Penn Hills township (Allegheny, PA)",0.7063181402439024,2,200
E48648,40.4556759999999,-79.8637339999999,,"Wilkinsburg borough (Allegheny, PA)",0.7063181402439024,2,200
E40825,40.4665699999999,-79.874288,,"Penn Hills township (Allegheny, PA)",0.7063181402439024,2,200
E70893,40.4575609999999,-79.8644259999999,,"Wilkinsburg borough (Allegheny, PA)",0.7063181402439024,2,200
E17320,40.4526439999999,-79.8736439999999,East Hills,"Pittsburgh city (Allegheny, PA)",0.7063181402439024,2,200
E70261,40.4663729999999,-79.8685179999999,,"Penn Hills township (Allegheny, PA)",0.7063181402439024,2,200
E44890,40.4565569999999,-79.8718899999999,East Hills,"Pittsburgh city (Allegheny, PA)",0.7063181402439024,2,200
E70954,40.448579,-79.8679719999999,,"Wilkinsburg borough (Allegheny, PA)",0.7063181402439024,2,200
E40990,40.4657059999999,-79.876343,,"Penn Hills township (Allegheny, PA)",0.7063181402439024,2,200
E40770,40.4671409999999,-79.869528,,"Penn Hills township (Allegheny, PA)",0.7063181402439024,2,200
E70252,40.4552059999999,-79.8711119999999,East Hills,"Pittsburgh city (Allegheny, PA)",0.7063181402439024,2,200
E55330,40.470534,-79.8875759999999,,"Penn Hills township (Allegheny, PA)",0.7063181402439024,2,200
E44910,40.453,-79.8742639999999,East Hills,"Pittsburgh city (Allegheny, PA)",0.7063181402439024,2,200
E48690,40.4511159999999,-79.8681849999999,East Hills,"Pittsburgh city (Allegheny, PA)",0.7063181402439024,2,200
E40980,40.468741,-79.8865689999999,,"Penn Hills township (Allegheny, PA)",0.7063181402439024,2,200
E44920,40.455514,-79.8741519999999,East Hills,"Pittsburgh city (Allegheny, PA)",0.7063181402439024,2,200
E70256,40.459355,-79.865886,,"Penn Hills township (Allegheny, PA)",0.7063181402439024,2,200
E70257,40.4609579999999,-79.866291,,"Penn Hills township (Allegheny, PA)",0.7063181402439024,2,200
E40950,40.4679739999999,-79.8831899999999,,"Penn Hills township (Allegheny, PA)",0.7063181402439024,2,200
E55500,40.463244,-79.86566,,"Penn Hills township (Allegheny, PA)",0.7063181402439024,2,200
E40810,40.4668479999999,-79.8731339999999,,"Penn Hills township (Allegheny, PA)",0.7063181402439024,2,200
E44970,40.4544819999999,-79.87411,East Hills,"Pittsburgh city (Allegheny, PA)",0.7063181402439024,2,200
E17350,40.4546899999999,-79.8720119999999,East Hills,"Pittsburgh city (Allegheny, PA)",0.7063181402439024,2,200
E70260,40.465865,-79.8661309999999,,"Penn Hills township (Allegheny, PA)",0.7063181402439024,2,200
E55495,40.462195,-79.865903,,"Penn Hills township (Allegheny, PA)",0.7063181402439024,2,200
E70950,40.476024,-79.8708969999999,,"Penn Hills township (Allegheny, PA)",0.7063360150467175,2,201
E02770,40.46784,-79.865285,,"Penn Hills township (Allegheny, PA)",0.7063360150467175,2,201
E38770,40.468744,-79.872349,,"Penn Hills township (Allegheny, PA)",0.7063360150467175,2,201
E12430,40.4685739999999,-79.8737969999999,,"Penn Hills township (Allegheny, PA)",0.7063360150467175,2,201
E38750,40.470058,-79.867119,,"Penn Hills township (Allegheny, PA)",0.7063360150467175,2,201
E25960,40.474794,-79.871544,,"Penn Hills township (Allegheny, PA)",0.7063360150467175,2,201
E57970,40.45291,-79.866757,East Hills,"Pittsburgh city (Allegheny, PA)",0.7063360150467175,2,201
E14136,40.4739119999999,-79.86387,,"Penn Hills township (Allegheny, PA)",0.7063360150467175,2,201
E26060,40.473207,-79.8679769999999,,"Penn Hills township (Allegheny, PA)",0.7063360150467175,2,201
E02850,40.4673349999999,-79.869403,,"Penn Hills township (Allegheny, PA)",0.7063360150467175,2,201
E14135,40.474744,-79.8669409999999,,"Penn Hills township (Allegheny, PA)",0.7063360150467175,2,201
E58000,40.4540399999999,-79.8672459999999,East Hills,"Pittsburgh city (Allegheny, PA)",0.7063360150467175,2,201
E57950,40.455078,-79.871014,East Hills,"Pittsburgh city (Allegheny, PA)",0.7063360150467175,2,201
E57960,40.4527629999999,-79.866758,East Hills,"Pittsburgh city (Allegheny, PA)",0.7063360150467175,2,201
E26040,40.470995,-79.8668669999999,,"Penn Hills township (Allegheny, PA)",0.7063360150467175,2,201
E58010,40.4541439999999,-79.8692089999999,East Hills,"Pittsburgh city (Allegheny, PA)",0.7063360150467175,2,201
E02870,40.473329,-79.861619,,"Penn Hills township (Allegheny, PA)",0.7063360150467175,2,201
E02810,40.471161,-79.8612439999999,,"Penn Hills township (Allegheny, PA)",0.7063360150467175,2,201
E14134,40.4757809999999,-79.86924,,"Penn Hills township (Allegheny, PA)",0.7063360150467175,2,201
E57990,40.4543529999999,-79.8696989999999,East Hills,"Pittsburgh city (Allegheny, PA)",0.7063360150467175,2,201
E02790,40.4691509999999,-79.862206,,"Penn Hills township (Allegheny, PA)",0.7063360150467175,2,201
E57940,40.45402,-79.8670539999999,East Hills,"Pittsburgh city (Allegheny, PA)",0.7063360150467175,2,201
E38730,40.4696769999999,-79.874239,,"Penn Hills township (Allegheny, PA)",0.7063360150467175,2,201
E14133,40.4743459999999,-79.8660359999999,,"Penn Hills township (Allegheny, PA)",0.7063360150467175,2,201
E38790,40.4692319999999,-79.87112,,"Penn Hills township (Allegheny, PA)",0.7063360150467175,2,201
E38810,40.469971,-79.868105,,"Penn Hills township (Allegheny, PA)",0.7063360150467175,2,201
E26020,40.4738249999999,-79.868673,,"Penn Hills township (Allegheny, PA)",0.7063360150467175,2,201
W07587,40.467852,-80.0972349999999,,"Kennedy township (Allegheny, PA)",0.7064364315143272,3,457
W06690,40.468691,-80.09832,,"Kennedy township (Allegheny, PA)",0.7064364315143272,3,457
N45383,40.4901369999999,-80.0029689999999,,"Reserve township (Allegheny, PA)",0.7074795180722891,1,30
N50540,40.4853469999999,-79.9965049999999,,"Reserve township (Allegheny, PA)",0.7074795180722891,1,30
N50640,40.4772269999999,-79.993267,Spring Garden,"Pittsburgh city (Allegheny, PA)",0.7074795180722891,1,30
N50760,40.470705,-79.986046,Spring Garden,"Pittsburgh city (Allegheny, PA)",0.7074795180722891,1,30
N50520,40.474632,-79.9891219999999,Spring Garden,"Pittsburgh city (Allegheny, PA)",0.7074795180722891,1,30
N45386,40.4924889999999,-79.9963529999999,,"Reserve township (Allegheny, PA)",0.7074795180722891,1,30
N50460,40.478631,-79.9951389999999,,"Reserve township (Allegheny, PA)",0.7074795180722891,1,30
N50570,40.469414,-79.9857329999999,Spring Garden,"Pittsburgh city (Allegheny, PA)",0.7074795180722891,1,30
N50440,40.476272,-79.9892689999999,Spring Garden,"Pittsburgh city (Allegheny, PA)",0.7074795180722891,1,30
N45382,40.49013,-80.003189,,"Reserve township (Allegheny, PA)",0.7074795180722891,1,30
N45384,40.4906799999999,-80.0000339999999,,"Reserve township (Allegheny, PA)",0.7074795180722891,1,30
N14455,40.489845,-80.004822,Summer Hill,"Pittsburgh city (Allegheny, PA)",0.7074795180722891,1,30
N50630,40.458007,-79.9946429999999,East Allegheny,"Pittsburgh city (Allegheny, PA)",0.7074795180722891,1,30
N50470,40.4593309999999,-79.9937,Spring Garden,"Pittsburgh city (Allegheny, PA)",0.7074795180722891,1,30
N50330,40.4600999999999,-79.9916439999999,Spring Garden,"Pittsburgh city (Allegheny, PA)",0.7074795180722891,1,30
N50420,40.4812999999999,-79.99629,,"Reserve township (Allegheny, PA)",0.7074795180722891,1,30
N50730,40.485444,-79.996594,,"Reserve township (Allegheny, PA)",0.7074795180722891,1,30
N50370,40.4804359999999,-79.995917,,"Reserve township (Allegheny, PA)",0.7074795180722891,1,30
N50660,40.481195,-79.996182,,"Reserve township (Allegheny, PA)",0.7074795180722891,1,30
N50740,40.4876659999999,-79.9972999999999,,"Reserve township (Allegheny, PA)",0.7074795180722891,1,30
N50320,40.460169,-79.991527,Spring Garden,"Pittsburgh city (Allegheny, PA)",0.7074795180722891,1,30
N50480,40.459212,-79.993701,Spring Garden,"Pittsburgh city (Allegheny, PA)",0.7074795180722891,1,30
N71278,40.4607069999999,-79.988478,Spring Garden,"Pittsburgh city (Allegheny, PA)",0.7074795180722891,1,30
N50510,40.4746359999999,-79.9890189999999,Spring Garden,"Pittsburgh city (Allegheny, PA)",0.7074795180722891,1,30
N50590,40.466396,-79.985291,Spring Garden,"Pittsburgh city (Allegheny, PA)",0.7074795180722891,1,30
N50550,40.4879099999999,-79.997138,,"Reserve township (Allegheny, PA)",0.7074795180722891,1,30
N50645,40.4716719999999,-79.98658,Spring Garden,"Pittsburgh city (Allegheny, PA)",0.7074795180722891,1,30
N50690,40.472791,-79.9875119999999,Spring Garden,"Pittsburgh city (Allegheny, PA)",0.7074795180722891,1,30
N50650,40.461995,-79.987257,Spring Garden,"Pittsburgh city (Allegheny, PA)",0.7074795180722891,1,30
N50450,40.4730309999999,-79.987768,Spring Garden,"Pittsburgh city (Allegheny, PA)",0.7074795180722891,1,30
N45387,40.490693,-79.9998709999999,,"Reserve township (Allegheny, PA)",0.7074795180722891,1,30
N50360,40.457833,-79.9949009999999,East Allegheny,"Pittsburgh city (Allegheny, PA)",0.7074795180722891,1,30
N50530,40.480614,-79.99606,,"Reserve township (Allegheny, PA)",0.7074795180722891,1,30
N15285,40.489035,-80.006465,Summer Hill,"Pittsburgh city (Allegheny, PA)",0.7074795180722891,1,30
N50680,40.476317,-79.98939,Spring Garden,"Pittsburgh city (Allegheny, PA)",0.7074795180722891,1,30
N50410,40.4621799999999,-79.9872369999999,Spring Garden,"Pittsburgh city (Allegheny, PA)",0.7074795180722891,1,30
N14452,40.489296,-80.006546,Summer Hill,"Pittsburgh city (Allegheny, PA)",0.7074795180722891,1,30
N50380,40.47729,-79.993594,Spring Garden,"Pittsburgh city (Allegheny, PA)",0.7074795180722891,1,30
N50400,40.463988,-79.9859309999999,Spring Garden,"Pittsburgh city (Allegheny, PA)",0.7074795180722891,1,30
N50770,40.46072,-79.988668,Spring Garden,"Pittsburgh city (Allegheny, PA)",0.7074795180722891,1,30
N50700,40.4784319999999,-79.9949139999999,,"Reserve township (Allegheny, PA)",0.7074795180722891,1,30
N50750,40.4716019999999,-79.9864479999999,Spring Garden,"Pittsburgh city (Allegheny, PA)",0.7074795180722891,1,30
N50390,40.464188,-79.9859469999999,Spring Garden,"Pittsburgh city (Allegheny, PA)",0.7074795180722891,1,30
N50580,40.4665889999999,-79.985194,Spring Garden,"Pittsburgh city (Allegheny, PA)",0.7074795180722891,1,30
N38770,40.455564,-80.0057149999999,Allegheny Center,"Pittsburgh city (Allegheny, PA)",0.7074925434524986,5,1220
N38840,40.455747,-80.004727,Allegheny Center,"Pittsburgh city (Allegheny, PA)",0.7074925434524986,5,1220
N38390,40.4561169999999,-80.0028599999999,Allegheny Center,"Pittsburgh city (Allegheny, PA)",0.7074925434524986,5,1220
N70000,40.456043,-80.0039289999999,Central Northside,"Pittsburgh city (Allegheny, PA)",0.7077431903255109,5,1207
P03690,40.4418009999999,-79.999643,Central Business District,"Pittsburgh city (Allegheny, PA)",0.707769627489095,10,2405
N47280,40.4487299999999,-80.0023819999999,North Shore,"Pittsburgh city (Allegheny, PA)",0.7085867437941674,8,1946
N47310,40.45004,-80.002796,North Shore,"Pittsburgh city (Allegheny, PA)",0.7085867437941674,8,1946
E30250,40.4333329999999,-79.892982,,"Edgewood borough (Allegheny, PA)",0.7087638554216867,1,30
E51180,40.422535,-79.8948209999999,,"Swissvale borough (Allegheny, PA)",0.7087638554216867,1,30
E56225,40.3857179999999,-79.821611,,"North Versailles township (Allegheny, PA)",0.7090186389641675,2,160
E56223,40.384883,-79.823255,,"North Versailles township (Allegheny, PA)",0.7090186389641675,2,160
E36330,40.3873699999999,-79.828141,,"North Versailles township (Allegheny, PA)",0.7090186389641675,2,160
N12800,40.503205,-80.072517,,"Avalon borough (Allegheny, PA)",0.7090448364888123,2,392
N12780,40.49927,-80.063912,,"Avalon borough (Allegheny, PA)",0.7090448364888123,2,392
N12860,40.498601,-80.061969,,"Avalon borough (Allegheny, PA)",0.7090448364888123,2,392
N12820,40.5034819999999,-80.0745629999999,,"Avalon borough (Allegheny, PA)",0.7090448364888123,2,392
N30350,40.49691,-80.05835,,"Bellevue borough (Allegheny, PA)",0.7090448364888123,2,392
N71218,40.497619,-80.0597999999999,,"Bellevue borough (Allegheny, PA)",0.7090448364888123,2,392
N12690,40.5018689999999,-80.0693849999999,,"Avalon borough (Allegheny, PA)",0.7090448364888123,2,392
N12720,40.5002039999999,-80.0660149999999,,"Avalon borough (Allegheny, PA)",0.7090448364888123,2,392
E70415,40.3847519999999,-79.8235629999999,,"North Versailles township (Allegheny, PA)",0.7092276402689953,2,150
E36460,40.3869249999999,-79.827746,,"North Versailles township (Allegheny, PA)",0.7092276402689953,2,150
E56227,40.3854759999999,-79.821663,,"North Versailles township (Allegheny, PA)",0.7092276402689953,2,150
N30360,40.4967899999999,-80.057952,,"Bellevue borough (Allegheny, PA)",0.7096746614364434,2,387
N12730,40.5000709999999,-80.065466,,"Avalon borough (Allegheny, PA)",0.7096746614364434,2,387
N13020,40.50097,-80.06713,,"Avalon borough (Allegheny, PA)",0.7096746614364434,2,387
N30480,40.4977939999999,-80.059989,,"Bellevue borough (Allegheny, PA)",0.7096746614364434,2,387
N30190,40.495525,-80.0554049999999,,"Bellevue borough (Allegheny, PA)",0.7096746614364434,2,387
N12950,40.502647,-80.07123,,"Avalon borough (Allegheny, PA)",0.7096746614364434,2,387
N12700,40.501814,-80.068955,,"Avalon borough (Allegheny, PA)",0.7096746614364434,2,387
N12770,40.499397,-80.0638119999999,,"Avalon borough (Allegheny, PA)",0.7096746614364434,2,387
N12870,40.498584,-80.0617,,"Avalon borough (Allegheny, PA)",0.7096746614364434,2,387
N71220,40.5035299999999,-80.074189,,"Avalon borough (Allegheny, PA)",0.7096746614364434,2,387
N70008,40.493535,-80.0515209999999,,"Bellevue borough (Allegheny, PA)",0.7104653348276828,3,645
N30300,40.494297,-80.0530849999999,,"Bellevue borough (Allegheny, PA)",0.7104653348276828,3,645
N30240,40.4923769999999,-80.049175,,"Bellevue borough (Allegheny, PA)",0.7104653348276828,3,645
N30390,40.495209,-80.054928,,"Bellevue borough (Allegheny, PA)",0.7104653348276828,3,645
N30370,40.4909589999999,-80.048218,,"Bellevue borough (Allegheny, PA)",0.7104653348276828,3,645
N30310,40.493994,-80.052254,,"Bellevue borough (Allegheny, PA)",0.710857279743976,3,640
N30230,40.4925059999999,-80.0492229999999,,"Bellevue borough (Allegheny, PA)",0.710857279743976,3,640
N13550,40.4534609999999,-80.0018189999999,Allegheny Center,"Pittsburgh city (Allegheny, PA)",0.7115937482257021,5,1061
S70355,40.3714299999999,-79.828428,,"North Versailles township (Allegheny, PA)",0.7121536585365854,1,120
S70621,40.307633,-79.8875469999999,,"Clairton city (Allegheny, PA)",0.7121536585365854,1,115
S70302,40.3859489999999,-79.83278,,"North Versailles township (Allegheny, PA)",0.7121536585365854,1,120
S40458,40.3395709999999,-79.9529739999999,,"West Mifflin borough (Allegheny, PA)",0.7121536585365854,1,115
S70359,40.361024,-79.8328889999999,,"McKeesport city (Allegheny, PA)",0.7121536585365854,1,120
S70320,40.307031,-79.90434,,"Jefferson Hills borough (Allegheny, PA)",0.7121536585365854,1,115
S44755,40.2930119999999,-79.88539,,"Clairton city (Allegheny, PA)",0.7121536585365854,1,120
S24340,40.3284749999999,-79.9448299999999,,"Pleasant Hills borough (Allegheny, PA)",0.7121536585365854,1,120
S70352,40.3834009999999,-79.8283449999999,,"North Versailles township (Allegheny, PA)",0.7121536585365854,1,120
S70357,40.364455,-79.8293139999999,,"North Versailles township (Allegheny, PA)",0.7121536585365854,1,120
S70367,40.3308729999999,-79.8926,,"Glassport borough (Allegheny, PA)",0.7121536585365854,1,120
S70627,40.321049,-79.9242349999999,,"Jefferson Hills borough (Allegheny, PA)",0.7121536585365854,1,120
S70319,40.3064639999999,-79.908653,,"Jefferson Hills borough (Allegheny, PA)",0.7121536585365854,1,115
S70337,40.3324739999999,-79.891824,,"Glassport borough (Allegheny, PA)",0.7121536585365854,1,115
S70378,40.296812,-79.874746,,"Clairton city (Allegheny, PA)",0.7121536585365854,1,120
S70334,40.325879,-79.8924219999999,,"Glassport borough (Allegheny, PA)",0.7121536585365854,1,115
S70299,40.380023,-79.828305,,"North Versailles township (Allegheny, PA)",0.7121536585365854,1,115
S70343,40.357536,-79.835806,,"McKeesport city (Allegheny, PA)",0.7121536585365854,1,115
S70615,40.34066,-79.914996,,"West Mifflin borough (Allegheny, PA)",0.7121536585365854,1,120
S70316,40.318595,-79.921816,,"Jefferson Hills borough (Allegheny, PA)",0.7121536585365854,1,115
S70347,40.3689529999999,-79.8306649999999,,"North Versailles township (Allegheny, PA)",0.7121536585365854,1,115
S24050,40.331322,-79.945749,,"Pleasant Hills borough (Allegheny, PA)",0.7121536585365854,1,115
S70341,40.339894,-79.888024,,"Glassport borough (Allegheny, PA)",0.7121536585365854,1,115
S43380,40.3301009999999,-79.9235489999999,,"West Mifflin borough (Allegheny, PA)",0.7121536585365854,1,120
S70388,40.3220949999999,-79.9258439999999,,"Jefferson Hills borough (Allegheny, PA)",0.7121536585365854,1,120
S70403,40.32141,-79.941637,,"Pleasant Hills borough (Allegheny, PA)",0.7121536585365854,1,115
S70329,40.317039,-79.8894389999999,,"Glassport borough (Allegheny, PA)",0.7121536585365854,1,115
S44850,40.292206,-79.8817439999999,,"Clairton city (Allegheny, PA)",0.7121536585365854,1,120
S23965,40.3238929999999,-79.9433329999999,,"Pleasant Hills borough (Allegheny, PA)",0.7121536585365854,1,120
S70614,40.342207,-79.912661,,"West Mifflin borough (Allegheny, PA)",0.7121536585365854,1,120
S44900,40.2925019999999,-79.883234,,"Clairton city (Allegheny, PA)",0.7121536585365854,1,115
S23660,40.328065,-79.9448979999999,,"Pleasant Hills borough (Allegheny, PA)",0.7121536585365854,1,115
S70366,40.332701,-79.891851,,"Glassport borough (Allegheny, PA)",0.7121536585365854,1,120
S70361,40.3554859999999,-79.839731,,"McKeesport city (Allegheny, PA)",0.7121536585365854,1,120
S70620,40.3075199999999,-79.8875189999999,,"Clairton city (Allegheny, PA)",0.7121536585365854,1,120
S70292,40.3178339999999,-79.933164,,"Jefferson Hills borough (Allegheny, PA)",0.7121536585365854,1,120
S70608,40.3425349999999,-79.917765,,"West Mifflin borough (Allegheny, PA)",0.7121536585365854,1,120
S70330,40.319048,-79.8906029999999,,"Glassport borough (Allegheny, PA)",0.7121536585365854,1,115
S70371,40.3227959999999,-79.8924829999999,,"Glassport borough (Allegheny, PA)",0.7121536585365854,1,120
S70327,40.3055209999999,-79.883953,,"Clairton city (Allegheny, PA)",0.7121536585365854,1,115
S70294,40.308422,-79.889127,,"Clairton city (Allegheny, PA)",0.7121536585365854,1,120
S70617,40.3435119999999,-79.9201709999999,,"West Mifflin borough (Allegheny, PA)",0.7121536585365854,1,120
S70317,40.3151769999999,-79.9171599999999,,"Jefferson Hills borough (Allegheny, PA)",0.7121536585365854,1,115
S70331,40.321097,-79.891789,,"Glassport borough (Allegheny, PA)",0.7121536585365854,1,115
S70338,40.3342439999999,-79.891101,,"Glassport borough (Allegheny, PA)",0.7121536585365854,1,115
S70326,40.298423,-79.8753219999999,,"Clairton city (Allegheny, PA)",0.7121536585365854,1,115
S44830,40.2924089999999,-79.875144,,"Clairton city (Allegheny, PA)",0.7121536585365854,1,120
S70612,40.3429289999999,-79.9122449999999,,"West Mifflin borough (Allegheny, PA)",0.7121536585365854,1,120
S70399,40.328626,-79.9381829999999,,"Jefferson Hills borough (Allegheny, PA)",0.7121536585365854,1,115
S70322,40.2957559999999,-79.8938899999999,,"Clairton city (Allegheny, PA)",0.7121536585365854,1,115
S70626,40.321168,-79.924543,,"Jefferson Hills borough (Allegheny, PA)",0.7121536585365854,1,115
S70394,40.3323219999999,-79.934403,,"West Mifflin borough (Allegheny, PA)",0.7121536585365854,1,120
S70336,40.3307179999999,-79.8924939999999,,"Glassport borough (Allegheny, PA)",0.7121536585365854,1,115
S70606,40.344658,-79.923466,,"West Mifflin borough (Allegheny, PA)",0.7121536585365854,1,120
S70342,40.355417,-79.83972,,"McKeesport city (Allegheny, PA)",0.7121536585365854,1,115
S70333,40.3242389999999,-79.8923939999999,,"Glassport borough (Allegheny, PA)",0.7121536585365854,1,115
E70958,40.3816309999999,-79.828263,,"North Versailles township (Allegheny, PA)",0.7121536585365854,1,120
S70321,40.3044009999999,-79.8955689999999,,"Clairton city (Allegheny, PA)",0.7121536585365854,1,115
S70295,40.3275,-79.892448,,"Glassport borough (Allegheny, PA)",0.7121536585365854,1,115
S70397,40.324285,-79.9401079999999,,"Pleasant Hills borough (Allegheny, PA)",0.7121536585365854,1,120
S40455,40.3397689999999,-79.9530359999999,,"West Mifflin borough (Allegheny, PA)",0.7121536585365854,1,120
S44820,40.292371,-79.8756249999999,,"Clairton city (Allegheny, PA)",0.7121536585365854,1,115
S70400,40.3313649999999,-79.936609,,"West Mifflin borough (Allegheny, PA)",0.7121536585365854,1,115
S70629,40.359025,-79.8340759999999,,"McKeesport city (Allegheny, PA)",0.7121536585365854,1,115
S70345,40.362175,-79.8305579999999,,"McKeesport city (Allegheny, PA)",0.7121536585365854,1,115
S70420,40.309255,-79.890551,,"Clairton city (Allegheny, PA)",0.7121536585365854,1,120
S70374,40.31716,-79.889672,,"Glassport borough (Allegheny, PA)",0.7121536585365854,1,120
S70395,40.3316719999999,-79.936237,,"West Mifflin borough (Allegheny, PA)",0.7121536585365854,1,120
S70385,40.3114399999999,-79.91638,,"Jefferson Hills borough (Allegheny, PA)",0.7121536585365854,1,120
S24110,40.3321789999999,-79.945835,,"Pleasant Hills borough (Allegheny, PA)",0.7121536585365854,1,120
S70300,40.380301,-79.828568,,"North Versailles township (Allegheny, PA)",0.7121536585365854,1,120
S70417,40.337802,-79.8893929999999,,"Glassport borough (Allegheny, PA)",0.7121536585365854,1,115
S44750,40.292949,-79.8857179999999,,"Clairton city (Allegheny, PA)",0.7121536585365854,1,115
S70402,40.321596,-79.941675,,"Pleasant Hills borough (Allegheny, PA)",0.7121536585365854,1,120
S70389,40.327536,-79.931088,,"West Mifflin borough (Allegheny, PA)",0.7121536585365854,1,120
E70957,40.381593,-79.8280469999999,,"North Versailles township (Allegheny, PA)",0.7121536585365854,1,115
S70323,40.2939739999999,-79.891236,,"Clairton city (Allegheny, PA)",0.7121536585365854,1,115
S70630,40.3563279999999,-79.838036,,"McKeesport city (Allegheny, PA)",0.7121536585365854,1,115
S70610,40.3421659999999,-79.910397,,"West Mifflin borough (Allegheny, PA)",0.7121536585365854,1,120
S70384,40.3067149999999,-79.909254,,"Jefferson Hills borough (Allegheny, PA)",0.7121536585365854,1,120
S70386,40.315227,-79.917096,,"Jefferson Hills borough (Allegheny, PA)",0.7121536585365854,1,120
S70405,40.3267979999999,-79.938967,,"Pleasant Hills borough (Allegheny, PA)",0.7121536585365854,1,120
S70628,40.3590379999999,-79.8341949999999,,"McKeesport city (Allegheny, PA)",0.7121536585365854,1,120
S70618,40.345005,-79.9242119999999,,"West Mifflin borough (Allegheny, PA)",0.7121536585365854,1,120
S70379,40.294733,-79.874654,,"Clairton city (Allegheny, PA)",0.7121536585365854,1,120
S70380,40.2940219999999,-79.890996,,"Clairton city (Allegheny, PA)",0.7121536585365854,1,120
S70372,40.3210169999999,-79.891609,,"Glassport borough (Allegheny, PA)",0.7121536585365854,1,120
S70613,40.3441899999999,-79.912108,,"West Mifflin borough (Allegheny, PA)",0.7121536585365854,1,120
S70301,40.3858999999999,-79.8325269999999,,"North Versailles township (Allegheny, PA)",0.7121536585365854,1,115
S70404,40.3268449999999,-79.9388689999999,,"Jefferson Hills borough (Allegheny, PA)",0.7121536585365854,1,115
S70356,40.3690819999999,-79.830758,,"North Versailles township (Allegheny, PA)",0.7121536585365854,1,120
S70382,40.3046179999999,-79.8951079999999,,"Clairton city (Allegheny, PA)",0.7121536585365854,1,120
S70373,40.319146,-79.8907159999999,,"Glassport borough (Allegheny, PA)",0.7121536585365854,1,120
S70376,40.305475,-79.8840469999999,,"Clairton city (Allegheny, PA)",0.7121536585365854,1,120
S70350,40.3779869999999,-79.827954,,"North Versailles township (Allegheny, PA)",0.7121536585365854,1,115
S70325,40.2966279999999,-79.8746119999999,,"Clairton city (Allegheny, PA)",0.7121536585365854,1,115
S70401,40.3323609999999,-79.9340229999999,,"West Mifflin borough (Allegheny, PA)",0.7121536585365854,1,115
S70616,40.3425409999999,-79.917614,,"West Mifflin borough (Allegheny, PA)",0.7121536585365854,1,120
S70358,40.36222,-79.8306469999999,,"North Versailles township (Allegheny, PA)",0.7121536585365854,1,120
S70349,40.3751219999999,-79.8273619999999,,"North Versailles township (Allegheny, PA)",0.7121536585365854,1,115
S44810,40.292628,-79.883268,,"Clairton city (Allegheny, PA)",0.7121536585365854,1,120
S70605,40.34595,-79.925745,,"West Mifflin borough (Allegheny, PA)",0.7121536585365854,1,120
S70383,40.306952,-79.9049729999999,,"Jefferson Hills borough (Allegheny, PA)",0.7121536585365854,1,120
S70370,40.324454,-79.8925069999999,,"Glassport borough (Allegheny, PA)",0.7121536585365854,1,120
S70348,40.371262,-79.828348,,"North Versailles township (Allegheny, PA)",0.7121536585365854,1,115
S70398,40.324592,-79.9398869999999,,"Jefferson Hills borough (Allegheny, PA)",0.7121536585365854,1,115
S70324,40.2943789999999,-79.874564,,"Clairton city (Allegheny, PA)",0.7121536585365854,1,115
S70368,40.329231,-79.892578,,"Glassport borough (Allegheny, PA)",0.7121536585365854,1,120
S70318,40.3100579999999,-79.915485,,"Jefferson Hills borough (Allegheny, PA)",0.7121536585365854,1,115
S70296,40.327742,-79.89256,,"Glassport borough (Allegheny, PA)",0.7121536585365854,1,120
S70362,40.3402069999999,-79.8879359999999,,"Glassport borough (Allegheny, PA)",0.7121536585365854,1,120
S70607,40.3434999999999,-79.9203109999999,,"West Mifflin borough (Allegheny, PA)",0.7121536585365854,1,120
S44760,40.2934619999999,-79.887887,,"Clairton city (Allegheny, PA)",0.7121536585365854,1,120
S70315,40.3227839999999,-79.9307639999999,,"Jefferson Hills borough (Allegheny, PA)",0.7121536585365854,1,120
S70396,40.3292,-79.937903,,"Pleasant Hills borough (Allegheny, PA)",0.7121536585365854,1,120
S70332,40.32258,-79.89238,,"Glassport borough (Allegheny, PA)",0.7121536585365854,1,115
S70351,40.3837309999999,-79.8284369999999,,"North Versailles township (Allegheny, PA)",0.7121536585365854,1,115
S70622,40.3240539999999,-79.926871,,"Jefferson Hills borough (Allegheny, PA)",0.7121536585365854,1,120
S70313,40.328124,-79.9316769999999,,"West Mifflin borough (Allegheny, PA)",0.7121536585365854,1,115
S70381,40.295828,-79.8938239999999,,"Clairton city (Allegheny, PA)",0.7121536585365854,1,120
S70377,40.298619,-79.875578,,"Clairton city (Allegheny, PA)",0.7121536585365854,1,120
S44770,40.293312,-79.8877779999999,,"Clairton city (Allegheny, PA)",0.7121536585365854,1,115
S44730,40.29218,-79.8820199999999,,"Clairton city (Allegheny, PA)",0.7121536585365854,1,115
S70360,40.357627,-79.8358269999999,,"McKeesport city (Allegheny, PA)",0.7121536585365854,1,120
S70365,40.334484,-79.89112,,"Glassport borough (Allegheny, PA)",0.7121536585365854,1,120
S24100,40.335166,-79.9468839999999,,"Pleasant Hills borough (Allegheny, PA)",0.7121536585365854,1,120
S24495,40.32457,-79.9438569999999,,"Pleasant Hills borough (Allegheny, PA)",0.7121536585365854,1,115
S70353,40.3777029999999,-79.828056,,"North Versailles township (Allegheny, PA)",0.7121536585365854,1,120
S70418,40.3379419999999,-79.889419,,"Glassport borough (Allegheny, PA)",0.7121536585365854,1,120
S70346,40.364505,-79.829199,,"North Versailles township (Allegheny, PA)",0.7121536585365854,1,115
S70339,40.3365319999999,-79.890162,,"Glassport borough (Allegheny, PA)",0.7121536585365854,1,115
S70354,40.3743229999999,-79.8276979999999,,"North Versailles township (Allegheny, PA)",0.7121536585365854,1,120
S70314,40.322754,-79.9264909999999,,"Jefferson Hills borough (Allegheny, PA)",0.7121536585365854,1,115
S70611,40.3421639999999,-79.9114569999999,,"West Mifflin borough (Allegheny, PA)",0.7121536585365854,1,120
S70364,40.336731,-79.890196,,"Glassport borough (Allegheny, PA)",0.7121536585365854,1,120
S23790,40.335355,-79.947225,,"Pleasant Hills borough (Allegheny, PA)",0.7121536585365854,1,115
S70369,40.3261049999999,-79.892537,,"Glassport borough (Allegheny, PA)",0.7121536585365854,1,120
S70344,40.360891,-79.8328499999999,,"McKeesport city (Allegheny, PA)",0.7121536585365854,1,115
S70387,40.318534,-79.921627,,"Jefferson Hills borough (Allegheny, PA)",0.7121536585365854,1,120
S70335,40.328943,-79.892465,,"Glassport borough (Allegheny, PA)",0.7121536585365854,1,115
S70293,40.308756,-79.889532,,"Clairton city (Allegheny, PA)",0.7121536585365854,1,115
W21100,40.464187,-80.0537369999999,Esplen,"Pittsburgh city (Allegheny, PA)",0.7122019064634786,3,483
W03360,40.4641039999999,-80.05764,,"McKees Rocks borough (Allegheny, PA)",0.7122019064634786,3,483
W70084,40.463509,-80.0562869999999,Esplen,"Pittsburgh city (Allegheny, PA)",0.7122019064634786,3,483
W21080,40.463627,-80.056421,Esplen,"Pittsburgh city (Allegheny, PA)",0.7124464924011059,3,488
W21110,40.464308,-80.0538439999999,Esplen,"Pittsburgh city (Allegheny, PA)",0.7124464924011059,3,488
W03830,40.4643859999999,-80.057629,,"McKees Rocks borough (Allegheny, PA)",0.7124464924011059,3,488
N13840,40.515379,-80.044807,,"West View borough (Allegheny, PA)",0.712666265060241,1,253
N13700,40.5205419999999,-80.039529,,"West View borough (Allegheny, PA)",0.712666265060241,1,253
N70009,40.467899,-80.0351909999999,Marshall-Shadeland,"Pittsburgh city (Allegheny, PA)",0.712666265060241,1,253
N71302,40.472822,-80.0377809999999,Marshall-Shadeland,"Pittsburgh city (Allegheny, PA)",0.712666265060241,1,253
N12760,40.4799459999999,-80.040968,Brighton Heights,"Pittsburgh city (Allegheny, PA)",0.712666265060241,1,253
N13740,40.520324,-80.0381809999999,,"West View borough (Allegheny, PA)",0.712666265060241,1,253
N13040,40.4679199999999,-80.0353369999999,Marshall-Shadeland,"Pittsburgh city (Allegheny, PA)",0.712666265060241,1,253
N13200,40.4850929999999,-80.041696,Brighton Heights,"Pittsburgh city (Allegheny, PA)",0.712666265060241,1,253
N13720,40.5206689999999,-80.039364,,"West View borough (Allegheny, PA)",0.712666265060241,1,253
N13160,40.4587939999999,-80.02329,California-Kirkbride,"Pittsburgh city (Allegheny, PA)",0.712666265060241,1,253
N13803,40.513776,-80.045507,,"West View borough (Allegheny, PA)",0.712666265060241,1,253
N12822,40.4707719999999,-80.0362899999999,Marshall-Shadeland,"Pittsburgh city (Allegheny, PA)",0.712666265060241,1,253
N12710,40.4862359999999,-80.043332,Brighton Heights,"Pittsburgh city (Allegheny, PA)",0.712666265060241,1,253
N14295,40.510769,-80.0454919999999,,"Ross township (Allegheny, PA)",0.712666265060241,1,253
N13790,40.519643,-80.043542,,"West View borough (Allegheny, PA)",0.712666265060241,1,253
N12830,40.4588269999999,-80.023582,Manchester,"Pittsburgh city (Allegheny, PA)",0.712666265060241,1,253
N14270,40.516736,-80.044425,,"West View borough (Allegheny, PA)",0.712666265060241,1,253
N13800,40.519398,-80.043643,,"West View borough (Allegheny, PA)",0.712666265060241,1,253
N13175,40.460087,-80.0259549999999,Manchester,"Pittsburgh city (Allegheny, PA)",0.712666265060241,1,253
N20090,40.506703,-80.051236,,"Ross township (Allegheny, PA)",0.712666265060241,1,253
N12930,40.4611409999999,-80.028593,California-Kirkbride,"Pittsburgh city (Allegheny, PA)",0.712666265060241,1,253
N13070,40.4654299999999,-80.033287,Marshall-Shadeland,"Pittsburgh city (Allegheny, PA)",0.712666265060241,1,253
N13143,40.469414,-80.0358049999999,Marshall-Shadeland,"Pittsburgh city (Allegheny, PA)",0.712666265060241,1,253
N13210,40.476472,-80.04004,Brighton Heights,"Pittsburgh city (Allegheny, PA)",0.712666265060241,1,253
N14335,40.516756,-80.044561,,"West View borough (Allegheny, PA)",0.712666265060241,1,253
N20050,40.502197,-80.054516,,"Bellevue borough (Allegheny, PA)",0.712666265060241,1,253
N20040,40.4999579999999,-80.052374,,"Bellevue borough (Allegheny, PA)",0.712666265060241,1,253
N12670,40.458862,-80.021258,California-Kirkbride,"Pittsburgh city (Allegheny, PA)",0.712666265060241,1,253
N12980,40.486167,-80.043436,Brighton Heights,"Pittsburgh city (Allegheny, PA)",0.712666265060241,1,253
N13180,40.4594209999999,-80.018438,California-Kirkbride,"Pittsburgh city (Allegheny, PA)",0.712666265060241,1,253
N07730,40.4973699999999,-80.05436,,"Bellevue borough (Allegheny, PA)",0.712666265060241,1,253
N12795,40.4779759999999,-80.040361,Brighton Heights,"Pittsburgh city (Allegheny, PA)",0.712666265060241,1,253
N14332,40.5174159999999,-80.035841,,"West View borough (Allegheny, PA)",0.712666265060241,1,253
N20060,40.507972,-80.047308,,"Ross township (Allegheny, PA)",0.712666265060241,1,253
N13125,40.472777,-80.0378759999999,Brighton Heights,"Pittsburgh city (Allegheny, PA)",0.712666265060241,1,253
N13780,40.5201929999999,-80.0419739999999,,"West View borough (Allegheny, PA)",0.712666265060241,1,253
N13250,40.4604429999999,-80.0269519999999,Manchester,"Pittsburgh city (Allegheny, PA)",0.712666265060241,1,253
N70084,40.506908,-80.0510689999999,,"Ross township (Allegheny, PA)",0.712666265060241,1,253
N13260,40.4872069999999,-80.045062,Brighton Heights,"Pittsburgh city (Allegheny, PA)",0.712666265060241,1,253
N20150,40.4989509999999,-80.050481,,"Bellevue borough (Allegheny, PA)",0.712666265060241,1,253
N71207,40.4990979999999,-80.0531129999999,,"Bellevue borough (Allegheny, PA)",0.712666265060241,1,253
N12972,40.47617,-80.0398,Brighton Heights,"Pittsburgh city (Allegheny, PA)",0.712666265060241,1,253
N13770,40.520235,-80.042286,,"West View borough (Allegheny, PA)",0.712666265060241,1,253
N13150,40.478146,-80.040558,Brighton Heights,"Pittsburgh city (Allegheny, PA)",0.712666265060241,1,253
N20160,40.500653,-80.053781,,"Bellevue borough (Allegheny, PA)",0.712666265060241,1,253
N14255,40.517462,-80.0355639999999,,"West View borough (Allegheny, PA)",0.712666265060241,1,253
N13120,40.4752709999999,-80.0396649999999,Brighton Heights,"Pittsburgh city (Allegheny, PA)",0.712666265060241,1,253
N14080,40.5182799999999,-80.0441289999999,,"West View borough (Allegheny, PA)",0.712666265060241,1,253
N13805,40.513548,-80.045461,,"Ross township (Allegheny, PA)",0.712666265060241,1,253
N71311,40.477328,-80.040305,Brighton Heights,"Pittsburgh city (Allegheny, PA)",0.712666265060241,1,253
N12790,40.4789559999999,-80.0408019999999,Brighton Heights,"Pittsburgh city (Allegheny, PA)",0.712666265060241,1,253
N13850,40.515067,-80.044763,,"West View borough (Allegheny, PA)",0.712666265060241,1,253
N20130,40.5056129999999,-80.0515469999999,,"Ross township (Allegheny, PA)",0.712666265060241,1,253
N40423,40.466718,-80.033951,Marshall-Shadeland,"Pittsburgh city (Allegheny, PA)",0.712666265060241,1,253
N12900,40.459355,-80.0184359999999,California-Kirkbride,"Pittsburgh city (Allegheny, PA)",0.712666265060241,1,253
N12975,40.473871,-80.0385069999999,Brighton Heights,"Pittsburgh city (Allegheny, PA)",0.712666265060241,1,253
N12960,40.485303,-80.041847,Brighton Heights,"Pittsburgh city (Allegheny, PA)",0.712666265060241,1,253
N71281,40.480164,-80.041184,Brighton Heights,"Pittsburgh city (Allegheny, PA)",0.712666265060241,1,253
N12825,40.4706359999999,-80.036096,Marshall-Shadeland,"Pittsburgh city (Allegheny, PA)",0.712666265060241,1,253
N12740,40.482956,-80.041132,Brighton Heights,"Pittsburgh city (Allegheny, PA)",0.712666265060241,1,253
N20490,40.497647,-80.050595,,"Ross township (Allegheny, PA)",0.712666265060241,1,253
N14025,40.5181139999999,-80.0317979999999,,"West View borough (Allegheny, PA)",0.712666265060241,1,253
N20030,40.49996,-80.05256,,"Bellevue borough (Allegheny, PA)",0.712666265060241,1,253
N20180,40.5025139999999,-80.0543449999999,,"Bellevue borough (Allegheny, PA)",0.712666265060241,1,253
N13215,40.473928,-80.0386859999999,Brighton Heights,"Pittsburgh city (Allegheny, PA)",0.712666265060241,1,253
N12645,40.4751899999999,-80.039455,Brighton Heights,"Pittsburgh city (Allegheny, PA)",0.712666265060241,1,253
N12890,40.483389,-80.04106,Brighton Heights,"Pittsburgh city (Allegheny, PA)",0.712666265060241,1,253
N12850,40.463833,-80.0320509999999,Marshall-Shadeland,"Pittsburgh city (Allegheny, PA)",0.712666265060241,1,253
N12685,40.484659,-80.0408209999999,Brighton Heights,"Pittsburgh city (Allegheny, PA)",0.712666265060241,1,253
N20100,40.5042899999999,-80.0524159999999,,"Bellevue borough (Allegheny, PA)",0.712666265060241,1,253
N13955,40.5107879999999,-80.0455819999999,,"Ross township (Allegheny, PA)",0.712666265060241,1,253
N12885,40.4599389999999,-80.0251949999999,California-Kirkbride,"Pittsburgh city (Allegheny, PA)",0.712666265060241,1,253
N13090,40.481788,-80.041544,Brighton Heights,"Pittsburgh city (Allegheny, PA)",0.712666265060241,1,253
N13100,40.4875669999999,-80.045274,Brighton Heights,"Pittsburgh city (Allegheny, PA)",0.712666265060241,1,253
N20120,40.5058399999999,-80.051601,,"Ross township (Allegheny, PA)",0.712666265060241,1,253
N20070,40.508155,-80.0474009999999,,"Ross township (Allegheny, PA)",0.712666265060241,1,253
N71316,40.477162,-80.040107,Brighton Heights,"Pittsburgh city (Allegheny, PA)",0.712666265060241,1,253
N13050,40.460391,-80.0265899999999,California-Kirkbride,"Pittsburgh city (Allegheny, PA)",0.712666265060241,1,253
N14160,40.5180179999999,-80.032448,,"West View borough (Allegheny, PA)",0.712666265060241,1,253
N13190,40.46139,-80.0294499999999,Manchester,"Pittsburgh city (Allegheny, PA)",0.712666265060241,1,253
N12955,40.4587629999999,-80.021224,California-Kirkbride,"Pittsburgh city (Allegheny, PA)",0.712666265060241,1,253
N20200,40.5008839999999,-80.054378,,"Bellevue borough (Allegheny, PA)",0.712666265060241,1,253
N20110,40.504092,-80.0525449999999,,"Bellevue borough (Allegheny, PA)",0.712666265060241,1,253
N12705,40.469385,-80.0356979999999,Marshall-Shadeland,"Pittsburgh city (Allegheny, PA)",0.712666265060241,1,253
N13080,40.4815919999999,-80.041627,Brighton Heights,"Pittsburgh city (Allegheny, PA)",0.712666265060241,1,253
N13730,40.5202239999999,-80.0378759999999,,"West View borough (Allegheny, PA)",0.712666265060241,1,253
N20500,40.495795,-80.05168,,"Bellevue borough (Allegheny, PA)",0.712666265060241,1,253
N14027,40.5185779999999,-80.04419,,"West View borough (Allegheny, PA)",0.712666265060241,1,253
W06670,40.4705459999999,-80.1001739999999,,"Kennedy township (Allegheny, PA)",0.7129546186316882,2,269
W06650,40.475028,-80.099376,,"Kennedy township (Allegheny, PA)",0.7129546186316882,2,269
W70082,40.47482,-80.099332,,"Kennedy township (Allegheny, PA)",0.7129546186316882,2,269
W06630,40.47095,-80.100109,,"Kennedy township (Allegheny, PA)",0.7129546186316882,2,269
N30500,40.4916029999999,-80.047725,,"Bellevue borough (Allegheny, PA)",0.7133438810981632,2,610
N70004,40.489103,-80.0469839999999,,"Bellevue borough (Allegheny, PA)",0.7133438810981632,2,610
N30400,40.4899309999999,-80.047678,,"Bellevue borough (Allegheny, PA)",0.7133438810981632,2,610
N38860,40.4537509999999,-80.0073969999999,Allegheny Center,"Pittsburgh city (Allegheny, PA)",0.7133438810981632,2,610
N53580,40.4505839999999,-80.0071489999999,Allegheny Center,"Pittsburgh city (Allegheny, PA)",0.7133438810981632,2,610
N19200,40.45403,-80.00605,Allegheny Center,"Pittsburgh city (Allegheny, PA)",0.7133438810981632,2,610
N50200,40.4504609999999,-80.0038909999999,Allegheny Center,"Pittsburgh city (Allegheny, PA)",0.7133438810981632,2,610
N14660,40.470547,-80.011154,Perry South,"Pittsburgh city (Allegheny, PA)",0.7137675407512404,2,374
N14600,40.470039,-80.01384,Perry South,"Pittsburgh city (Allegheny, PA)",0.7137675407512404,2,374
N14610,40.470272,-80.012608,Perry South,"Pittsburgh city (Allegheny, PA)",0.7137675407512404,2,374
N54800,40.4873839999999,-80.044824,Brighton Heights,"Pittsburgh city (Allegheny, PA)",0.7138240963855421,1,357
N54820,40.4885129999999,-80.043615,Brighton Heights,"Pittsburgh city (Allegheny, PA)",0.7138240963855421,1,357
N10830,40.47972,-80.0311949999999,Brighton Heights,"Pittsburgh city (Allegheny, PA)",0.7138240963855421,1,357
N10800,40.4700589999999,-80.0257079999999,Marshall-Shadeland,"Pittsburgh city (Allegheny, PA)",0.7138240963855421,1,357
N10880,40.463751,-80.022547,Perry South,"Pittsburgh city (Allegheny, PA)",0.7138240963855421,1,357
N54810,40.487361,-80.04492,Brighton Heights,"Pittsburgh city (Allegheny, PA)",0.7138240963855421,1,357
N10670,40.4754629999999,-80.030641,Marshall-Shadeland,"Pittsburgh city (Allegheny, PA)",0.7138240963855421,1,357
N10520,40.471755,-80.027113,Marshall-Shadeland,"Pittsburgh city (Allegheny, PA)",0.7138240963855421,1,357
N10380,40.481541,-80.033551,Brighton Heights,"Pittsburgh city (Allegheny, PA)",0.7138240963855421,1,357
N13370,40.488497,-80.0433,Brighton Heights,"Pittsburgh city (Allegheny, PA)",0.7138240963855421,1,357
N10920,40.4752719999999,-80.0301529999999,Marshall-Shadeland,"Pittsburgh city (Allegheny, PA)",0.7138240963855421,1,357
N10370,40.4818039999999,-80.0342129999999,Brighton Heights,"Pittsburgh city (Allegheny, PA)",0.7138240963855421,1,357
N10755,40.473804,-80.028981,Marshall-Shadeland,"Pittsburgh city (Allegheny, PA)",0.7138240963855421,1,357
N06210,40.5036819999999,-80.074369,,"Avalon borough (Allegheny, PA)",0.7138240963855421,1,357
N10640,40.4626859999999,-80.020229,California-Kirkbride,"Pittsburgh city (Allegheny, PA)",0.7138240963855421,1,357
N10230,40.479706,-80.0310589999999,Brighton Heights,"Pittsburgh city (Allegheny, PA)",0.7138240963855421,1,357
N10530,40.4717699999999,-80.0269579999999,Marshall-Shadeland,"Pittsburgh city (Allegheny, PA)",0.7138240963855421,1,357
N10900,40.4630289999999,-80.020522,Perry South,"Pittsburgh city (Allegheny, PA)",0.7138240963855421,1,357
N10560,40.4638739999999,-80.0229219999999,Marshall-Shadeland,"Pittsburgh city (Allegheny, PA)",0.7138240963855421,1,357
N10820,40.4763519999999,-80.031616,Marshall-Shadeland,"Pittsburgh city (Allegheny, PA)",0.7138240963855421,1,357
N10265,40.4614959999999,-80.018859,Perry South,"Pittsburgh city (Allegheny, PA)",0.7138240963855421,1,357
N10940,40.4700059999999,-80.0255719999999,Perry South,"Pittsburgh city (Allegheny, PA)",0.7138240963855421,1,357
N10840,40.461564,-80.019046,California-Kirkbride,"Pittsburgh city (Allegheny, PA)",0.7138240963855421,1,357
N10790,40.4735289999999,-80.028626,Marshall-Shadeland,"Pittsburgh city (Allegheny, PA)",0.7138240963855421,1,357
N10510,40.466752,-80.024901,Perry South,"Pittsburgh city (Allegheny, PA)",0.7138240963855421,1,357
N13340,40.487628,-80.041148,Brighton Heights,"Pittsburgh city (Allegheny, PA)",0.7138240963855421,1,357
N10810,40.476618,-80.0317969999999,Brighton Heights,"Pittsburgh city (Allegheny, PA)",0.7138240963855421,1,357
W70127,40.391972,-80.0690989999999,,"Scott township (Allegheny, PA)",0.713946913580247,1,88
X70066,40.3878059999999,-80.0552629999999,,"Mount Lebanon township (Allegheny, PA)",0.713946913580247,1,88
W11755,40.387852,-80.077364,,"Scott township (Allegheny, PA)",0.713946913580247,1,88
X19460,40.3813979999999,-80.044217,,"Mount Lebanon township (Allegheny, PA)",0.713946913580247,1,88
W08120,40.423084,-80.0448739999999,,"Green Tree borough (Allegheny, PA)",0.713946913580247,1,176
W70187,40.4290039999999,-80.040118,Ridgemont,"Pittsburgh city (Allegheny, PA)",0.713946913580247,1,88
W08076,40.422172,-80.0460549999999,,"Green Tree borough (Allegheny, PA)",0.713946913580247,1,176
W11718,40.383133,-80.0825119999999,,"Scott township (Allegheny, PA)",0.713946913580247,1,88
W70196,40.429122,-80.0401269999999,Westwood,"Pittsburgh city (Allegheny, PA)",0.713946913580247,1,88
W08093,40.4246059999999,-80.0428339999999,,"Green Tree borough (Allegheny, PA)",0.713946913580247,1,176
W11664,40.385494,-80.074008,,"Scott township (Allegheny, PA)",0.713946913580247,1,88
W23198,40.3892499999999,-80.074122,,"Scott township (Allegheny, PA)",0.713946913580247,1,88
W11754,40.3854729999999,-80.0738489999999,,"Scott township (Allegheny, PA)",0.713946913580247,1,88
W70189,40.436132,-80.0338349999999,West End,"Pittsburgh city (Allegheny, PA)",0.713946913580247,1,88
W70190,40.4401489999999,-80.034287,West End,"Pittsburgh city (Allegheny, PA)",0.713946913580247,1,88
W08135,40.42425,-80.043385,,"Green Tree borough (Allegheny, PA)",0.713946913580247,1,176
W08081,40.412117,-80.0459419999999,,"Green Tree borough (Allegheny, PA)",0.713946913580247,1,176
W23188,40.390078,-80.074184,,"Scott township (Allegheny, PA)",0.713946913580247,1,88
X70063,40.3884189999999,-80.056916,,"Mount Lebanon township (Allegheny, PA)",0.713946913580247,1,88
W08040,40.4005709999999,-80.064294,,"Scott township (Allegheny, PA)",0.713946913580247,1,176
W11732,40.385452,-80.079277,,"Scott township (Allegheny, PA)",0.713946913580247,1,88
W08087,40.4083669999999,-80.0501759999999,,"Green Tree borough (Allegheny, PA)",0.713946913580247,1,176
W11735,40.383789,-80.080301,,"Scott township (Allegheny, PA)",0.713946913580247,1,88
W11723,40.382134,-80.085701,,"Scott township (Allegheny, PA)",0.713946913580247,1,88
W08254,40.4029159999999,-80.060647,,"Scott township (Allegheny, PA)",0.713946913580247,1,176
W08045,40.3998569999999,-80.06501,,"Scott township (Allegheny, PA)",0.713946913580247,1,176
X70065,40.3866,-80.043867,,"Mount Lebanon township (Allegheny, PA)",0.713946913580247,1,88
W70123,40.391559,-80.071087,,"Scott township (Allegheny, PA)",0.713946913580247,1,88
W08225,40.4011179999999,-80.0633069999999,,"Scott township (Allegheny, PA)",0.713946913580247,1,176
X04600,40.390833,-80.059083,,"Mount Lebanon township (Allegheny, PA)",0.713946913580247,1,88
W11715,40.3842009999999,-80.084457,,"Scott township (Allegheny, PA)",0.713946913580247,1,88
W08074,40.39472,-80.0661659999999,,"Scott township (Allegheny, PA)",0.713946913580247,1,176
X04615,40.3929559999999,-80.063394,,"Mount Lebanon township (Allegheny, PA)",0.713946913580247,1,88
W08075,40.394717,-80.0663729999999,,"Scott township (Allegheny, PA)",0.713946913580247,1,176
W08079,40.4122119999999,-80.0459939999999,,"Green Tree borough (Allegheny, PA)",0.713946913580247,1,176
W08035,40.4141109999999,-80.045016,,"Green Tree borough (Allegheny, PA)",0.713946913580247,1,176
X70064,40.388581,-80.057434,,"Mount Lebanon township (Allegheny, PA)",0.713946913580247,1,88
W08086,40.41673,-80.0449799999999,,"Green Tree borough (Allegheny, PA)",0.713946913580247,1,176
X04610,40.3929729999999,-80.063113,,"Scott township (Allegheny, PA)",0.713946913580247,1,88
X04605,40.390968,-80.0594449999999,,"Mount Lebanon township (Allegheny, PA)",0.713946913580247,1,88
W04350,40.3669769999999,-80.1096969999999,,"Collier township (Allegheny, PA)",0.713946913580247,1,88
S70272,40.3818569999999,-80.0431619999999,,"Mount Lebanon township (Allegheny, PA)",0.713946913580247,1,88
W11717,40.3822979999999,-80.084168,,"Scott township (Allegheny, PA)",0.713946913580247,1,88
W08034,40.406342,-80.0530229999999,,"Green Tree borough (Allegheny, PA)",0.713946913580247,1,176
W08232,40.422491,-80.0455079999999,,"Green Tree borough (Allegheny, PA)",0.713946913580247,1,176
X19500,40.3844429999999,-80.0437579999999,,"Mount Lebanon township (Allegheny, PA)",0.713946913580247,1,88
W19558,40.4235789999999,-80.0410329999999,,"Green Tree borough (Allegheny, PA)",0.713946913580247,1,88
W11734,40.387481,-80.0794839999999,,"Scott township (Allegheny, PA)",0.713946913580247,1,88
W08036,40.403345,-80.0583759999999,,"Scott township (Allegheny, PA)",0.713946913580247,1,176
W08070,40.386087,-80.084647,,"Scott township (Allegheny, PA)",0.713946913580247,1,88
W70197,40.425933,-80.041503,,"Green Tree borough (Allegheny, PA)",0.713946913580247,1,88
W11665,40.3879549999999,-80.077438,,"Scott township (Allegheny, PA)",0.713946913580247,1,88
W08249,40.3968709999999,-80.0658959999999,,"Scott township (Allegheny, PA)",0.713946913580247,1,176
W08089,40.402324,-80.0617029999999,,"Scott township (Allegheny, PA)",0.713946913580247,1,176
W08067,40.3965859999999,-80.0661599999999,,"Scott township (Allegheny, PA)",0.713946913580247,1,176
W08224,40.399517,-80.064987,,"Scott township (Allegheny, PA)",0.713946913580247,1,176
W11726,40.3822199999999,-80.0843679999999,,"Scott township (Allegheny, PA)",0.713946913580247,1,88
W70128,40.391672,-80.071292,,"Scott township (Allegheny, PA)",0.713946913580247,1,88
W11775,40.3873219999999,-80.079396,,"Scott township (Allegheny, PA)",0.713946913580247,1,88
W08043,40.4055219999999,-80.054181,,"Green Tree borough (Allegheny, PA)",0.713946913580247,1,176
W11681,40.3861169999999,-80.084266,,"Scott township (Allegheny, PA)",0.713946913580247,1,88
W70188,40.4316219999999,-80.0388789999999,Ridgemont,"Pittsburgh city (Allegheny, PA)",0.713946913580247,1,88
W70193,40.440261,-80.0344699999999,West End,"Pittsburgh city (Allegheny, PA)",0.713946913580247,1,88
W08222,40.4143169999999,-80.045095,,"Green Tree borough (Allegheny, PA)",0.713946913580247,1,176
W08047,40.401536,-80.063061,,"Scott township (Allegheny, PA)",0.713946913580247,1,176
X04485,40.387276,-80.054923,,"Mount Lebanon township (Allegheny, PA)",0.713946913580247,1,88
W23189,40.387931,-80.074016,,"Scott township (Allegheny, PA)",0.713946913580247,1,88
W08210,40.406612,-80.052778,,"Green Tree borough (Allegheny, PA)",0.713946913580247,1,176
W11685,40.386926,-80.0764839999999,,"Scott township (Allegheny, PA)",0.713946913580247,1,88
W70186,40.425676,-80.041612,,"Green Tree borough (Allegheny, PA)",0.713946913580247,1,88
W11765,40.3868829999999,-80.0765229999999,,"Scott township (Allegheny, PA)",0.713946913580247,1,88
W11721,40.384186,-80.0843799999999,,"Scott township (Allegheny, PA)",0.713946913580247,1,88
W08083,40.41028,-80.0474719999999,,"Green Tree borough (Allegheny, PA)",0.713946913580247,1,176
X19470,40.3831089999999,-80.0438269999999,,"Mount Lebanon township (Allegheny, PA)",0.713946913580247,1,88
W11716,40.38239,-80.085733,,"Scott township (Allegheny, PA)",0.713946913580247,1,88
W08072,40.4186479999999,-80.0458679999999,,"Green Tree borough (Allegheny, PA)",0.713946913580247,1,176
W70191,40.4415309999999,-80.032803,West End,"Pittsburgh city (Allegheny, PA)",0.713946913580247,1,88
W08253,40.4086199999999,-80.0499559999999,,"Green Tree borough (Allegheny, PA)",0.713946913580247,1,176
W11776,40.383671,-80.080521,,"Scott township (Allegheny, PA)",0.713946913580247,1,88
W11730,40.3844619999999,-80.071032,,"Scott township (Allegheny, PA)",0.713946913580247,1,88
W70195,40.4319309999999,-80.0388609999999,Westwood,"Pittsburgh city (Allegheny, PA)",0.713946913580247,1,88
W70125,40.3922049999999,-80.0676129999999,,"Mount Lebanon township (Allegheny, PA)",0.713946913580247,1,88
W11733,40.384605,-80.0706789999999,,"Scott township (Allegheny, PA)",0.713946913580247,1,88
W08250,40.4103599999999,-80.0474949999999,,"Green Tree borough (Allegheny, PA)",0.713946913580247,1,176
W23196,40.387276,-80.0737079999999,,"Mount Lebanon township (Allegheny, PA)",0.713946913580247,1,88
W23183,40.3891759999999,-80.0739719999999,,"Scott township (Allegheny, PA)",0.713946913580247,1,88
W11731,40.385688,-80.0793429999999,,"Scott township (Allegheny, PA)",0.713946913580247,1,88
W08033,40.4035289999999,-80.058299,,"Scott township (Allegheny, PA)",0.713946913580247,1,176
W08252,40.416383,-80.045074,,"Green Tree borough (Allegheny, PA)",0.713946913580247,1,176
W08223,40.4055589999999,-80.0542599999999,,"Green Tree borough (Allegheny, PA)",0.713946913580247,1,176
X19505,40.3844569999999,-80.0439039999999,,"Mount Lebanon township (Allegheny, PA)",0.713946913580247,1,88
W11728,40.3831289999999,-80.08271,,"Scott township (Allegheny, PA)",0.713946913580247,1,88
W08073,40.4186819999999,-80.045713,,"Green Tree borough (Allegheny, PA)",0.713946913580247,1,176
W08226,40.398529,-80.065668,,"Scott township (Allegheny, PA)",0.713946913580247,1,176
W70194,40.436183,-80.03403,West End,"Pittsburgh city (Allegheny, PA)",0.713946913580247,1,88
N41790,40.454844,-80.0222229999999,Manchester,"Pittsburgh city (Allegheny, PA)",0.7139944277108434,2,260
N41830,40.455047,-80.0211649999999,Manchester,"Pittsburgh city (Allegheny, PA)",0.7139944277108434,2,260
N41755,40.453747,-80.028143,Manchester,"Pittsburgh city (Allegheny, PA)",0.7139944277108434,2,260
N41760,40.4541019999999,-80.0262539999999,Manchester,"Pittsburgh city (Allegheny, PA)",0.7139944277108434,2,260
N41800,40.4544059999999,-80.024624,Manchester,"Pittsburgh city (Allegheny, PA)",0.7139944277108434,2,260
S16430,40.428668,-79.99213,South Side Flats,"Pittsburgh city (Allegheny, PA)",0.7146571732769161,2,877
S16580,40.4295049999999,-79.997189,South Side Flats,"Pittsburgh city (Allegheny, PA)",0.7146571732769161,2,877
S16400,40.4300789999999,-79.9988409999999,South Shore,"Pittsburgh city (Allegheny, PA)",0.7146571732769161,2,877
S16520,40.430843,-80.0011049999999,South Shore,"Pittsburgh city (Allegheny, PA)",0.7146571732769161,2,877
S16120,40.428849,-79.9839419999999,South Side Flats,"Pittsburgh city (Allegheny, PA)",0.7146571732769161,2,877
S16600,40.430107,-79.9992539999999,South Shore,"Pittsburgh city (Allegheny, PA)",0.7146571732769161,2,877
S16700,40.429326,-79.9968989999999,South Side Flats,"Pittsburgh city (Allegheny, PA)",0.7146571732769161,2,877
S16090,40.428718,-79.9865599999999,South Side Flats,"Pittsburgh city (Allegheny, PA)",0.7146571732769161,2,877
S16410,40.4287649999999,-79.994955,South Side Flats,"Pittsburgh city (Allegheny, PA)",0.7146571732769161,2,877
S70054,40.428772,-79.9873769999999,South Side Flats,"Pittsburgh city (Allegheny, PA)",0.7146571732769161,2,877
S16190,40.428719,-79.980704,South Side Flats,"Pittsburgh city (Allegheny, PA)",0.7146571732769161,2,877
S16625,40.428576,-79.991971,South Side Flats,"Pittsburgh city (Allegheny, PA)",0.7146571732769161,2,877
S70407,40.428719,-79.9897129999999,South Side Flats,"Pittsburgh city (Allegheny, PA)",0.7146571732769161,2,877
S16130,40.428739,-79.9842199999999,South Side Flats,"Pittsburgh city (Allegheny, PA)",0.7146571732769161,2,877
S16610,40.4287139999999,-79.995182,South Side Flats,"Pittsburgh city (Allegheny, PA)",0.7146571732769161,2,877
S16060,40.428654,-79.988994,South Side Flats,"Pittsburgh city (Allegheny, PA)",0.7146571732769161,2,877
S16160,40.4288889999999,-79.981913,South Side Flats,"Pittsburgh city (Allegheny, PA)",0.7146571732769161,2,877
S16170,40.428818,-79.982179,South Side Flats,"Pittsburgh city (Allegheny, PA)",0.7146571732769161,2,877
W25860,40.454427,-80.040947,Esplen,"Pittsburgh city (Allegheny, PA)",0.7149107790619343,4,640
W70158,40.453023,-80.039578,Esplen,"Pittsburgh city (Allegheny, PA)",0.7149107790619343,4,640
W25950,40.462812,-80.0520489999999,Esplen,"Pittsburgh city (Allegheny, PA)",0.7149107790619343,4,640
W25810,40.4602059999999,-80.048338,Esplen,"Pittsburgh city (Allegheny, PA)",0.7149107790619343,4,640
W25940,40.461046,-80.049733,Esplen,"Pittsburgh city (Allegheny, PA)",0.7149107790619343,4,640
W25990,40.451016,-80.037036,Elliott,"Pittsburgh city (Allegheny, PA)",0.7150748311155309,4,645
S16325,40.4278199999999,-79.9699549999999,South Side Flats,"Pittsburgh city (Allegheny, PA)",0.7168567816040281,2,536
S16310,40.4281629999999,-79.97131,South Side Flats,"Pittsburgh city (Allegheny, PA)",0.7168567816040281,2,536
S16300,40.4282439999999,-79.971017,South Side Flats,"Pittsburgh city (Allegheny, PA)",0.7168567816040281,2,536
S70003,40.371923,-79.843883,,"Duquesne city (Allegheny, PA)",0.7169891566265061,1,60
S70594,40.3522139999999,-79.861675,,"McKeesport city (Allegheny, PA)",0.7169891566265061,1,55
S70393,40.3737939999999,-79.8450119999999,,"Duquesne city (Allegheny, PA)",0.7169891566265061,1,60
N04610,40.44778,-80.0178779999999,Chateau,"Pittsburgh city (Allegheny, PA)",0.717050530075273,3,533
N31805,40.454158,-80.026397,Manchester,"Pittsburgh city (Allegheny, PA)",0.7172038986133213,2,265
N15420,40.457656,-80.0276219999999,Manchester,"Pittsburgh city (Allegheny, PA)",0.7172038986133213,2,265
N41770,40.4546309999999,-80.0229999999999,Manchester,"Pittsburgh city (Allegheny, PA)",0.7172038986133213,2,265
N31790,40.456944,-80.027298,Manchester,"Pittsburgh city (Allegheny, PA)",0.7172038986133213,2,265
N15410,40.4574229999999,-80.02888,Manchester,"Pittsburgh city (Allegheny, PA)",0.7172038986133213,2,265
N41750,40.455151,-80.020235,Manchester,"Pittsburgh city (Allegheny, PA)",0.7172038986133213,2,265
N31810,40.4561309999999,-80.027043,Manchester,"Pittsburgh city (Allegheny, PA)",0.7172038986133213,2,265
N31800,40.4551779999999,-80.026728,Manchester,"Pittsburgh city (Allegheny, PA)",0.7172038986133213,2,265
N41780,40.4542989999999,-80.0248339999999,Manchester,"Pittsburgh city (Allegheny, PA)",0.7172038986133213,2,265
S21705,40.42152,-80.003623,Mount Washington,"Pittsburgh city (Allegheny, PA)",0.7173256969483774,2,411
S47580,40.421067,-80.000455,Beltzhoover,"Pittsburgh city (Allegheny, PA)",0.7176941973777463,2,408
S21700,40.421543,-80.0035019999999,Mount Washington,"Pittsburgh city (Allegheny, PA)",0.7176941973777463,2,408
W25390,40.3863959999999,-80.0923789999999,,"Scott township (Allegheny, PA)",0.7184177021794801,2,113
P70027,40.442059,-80.001349,Central Business District,"Pittsburgh city (Allegheny, PA)",0.7184699297188756,5,1164
S47590,40.42099,-80.0007329999999,Beltzhoover,"Pittsburgh city (Allegheny, PA)",0.7195857238018005,3,546
P70031,40.4438529999999,-80.002818,Central Business District,"Pittsburgh city (Allegheny, PA)",0.720008912369053,4,1134
W25910,40.44478,-80.028824,Elliott,"Pittsburgh city (Allegheny, PA)",0.7200345720259197,8,1229
P01620,40.4439679999999,-79.9921949999999,Central Business District,"Pittsburgh city (Allegheny, PA)",0.7221426584570083,27,3282
E17393,40.467458,-79.9277739999999,East Liberty,"Pittsburgh city (Allegheny, PA)",0.722351219512195,1,110
E08056,40.4706419999999,-79.932941,Garfield,"Pittsburgh city (Allegheny, PA)",0.722351219512195,1,110
E04510,40.465744,-79.9382399999999,Garfield,"Pittsburgh city (Allegheny, PA)",0.722351219512195,1,110
E02929,40.4663249999999,-79.935494,Garfield,"Pittsburgh city (Allegheny, PA)",0.722351219512195,1,110
E02931,40.4670759999999,-79.935038,Garfield,"Pittsburgh city (Allegheny, PA)",0.722351219512195,1,110
E70111,40.4716019999999,-79.940106,Garfield,"Pittsburgh city (Allegheny, PA)",0.722351219512195,1,110
E15100,40.471724,-79.9401079999999,Garfield,"Pittsburgh city (Allegheny, PA)",0.722351219512195,1,110
E15060,40.4691199999999,-79.938956,Garfield,"Pittsburgh city (Allegheny, PA)",0.722351219512195,1,110
E70396,40.4720749999999,-79.9345179999999,Garfield,"Pittsburgh city (Allegheny, PA)",0.722351219512195,1,110
E04520,40.468291,-79.9381879999999,Garfield,"Pittsburgh city (Allegheny, PA)",0.722351219512195,1,110
E51070,40.4719699999999,-79.938809,Garfield,"Pittsburgh city (Allegheny, PA)",0.722351219512195,1,110
E29360,40.4682269999999,-79.9381029999999,Garfield,"Pittsburgh city (Allegheny, PA)",0.722351219512195,1,110
E02930,40.464795,-79.9364139999999,Garfield,"Pittsburgh city (Allegheny, PA)",0.722351219512195,1,110
E29363,40.467689,-79.9347659999999,Garfield,"Pittsburgh city (Allegheny, PA)",0.722351219512195,1,110
E51060,40.472022,-79.938845,Garfield,"Pittsburgh city (Allegheny, PA)",0.722351219512195,1,110
E08051,40.4697299999999,-79.9303589999999,Garfield,"Pittsburgh city (Allegheny, PA)",0.722351219512195,1,110
E29361,40.4679459999999,-79.9365619999999,Garfield,"Pittsburgh city (Allegheny, PA)",0.722351219512195,1,110
E17395,40.4677429999999,-79.927925,East Liberty,"Pittsburgh city (Allegheny, PA)",0.722351219512195,1,110
E51050,40.4722489999999,-79.937594,Garfield,"Pittsburgh city (Allegheny, PA)",0.722351219512195,1,110
E15050,40.469095,-79.939239,Garfield,"Pittsburgh city (Allegheny, PA)",0.722351219512195,1,110
E15070,40.469869,-79.94015,Garfield,"Pittsburgh city (Allegheny, PA)",0.722351219512195,1,110
E08050,40.469684,-79.929984,East Liberty,"Pittsburgh city (Allegheny, PA)",0.722351219512195,1,110
E70399,40.4721589999999,-79.9344609999999,Stanton Heights,"Pittsburgh city (Allegheny, PA)",0.722351219512195,1,110
E17368,40.466732,-79.9251079999999,East Liberty,"Pittsburgh city (Allegheny, PA)",0.722351219512195,1,110
E08046,40.468788,-79.927757,Garfield,"Pittsburgh city (Allegheny, PA)",0.722351219512195,1,110
E04580,40.4673129999999,-79.937815,Garfield,"Pittsburgh city (Allegheny, PA)",0.722351219512195,1,110
E70398,40.4712729999999,-79.933513,Stanton Heights,"Pittsburgh city (Allegheny, PA)",0.722351219512195,1,110
E15030,40.46895,-79.9381149999999,Garfield,"Pittsburgh city (Allegheny, PA)",0.722351219512195,1,110
E70397,40.4712669999999,-79.933649,Garfield,"Pittsburgh city (Allegheny, PA)",0.722351219512195,1,110
E15080,40.4697889999999,-79.940218,Garfield,"Pittsburgh city (Allegheny, PA)",0.722351219512195,1,110
E17367,40.4666619999999,-79.925528,East Liberty,"Pittsburgh city (Allegheny, PA)",0.722351219512195,1,110
E08045,40.4689789999999,-79.928055,East Liberty,"Pittsburgh city (Allegheny, PA)",0.722351219512195,1,110
N13585,40.4515299999999,-80.001041,East Allegheny,"Pittsburgh city (Allegheny, PA)",0.7224285967798961,4,886
N71193,40.4529679999999,-80.0015039999999,East Allegheny,"Pittsburgh city (Allegheny, PA)",0.7224285967798961,4,886
P70024,40.4424449999999,-80.004108,Central Business District,"Pittsburgh city (Allegheny, PA)",0.722719281657956,17,2828
N15010,40.45703,-79.9951669999999,East Allegheny,"Pittsburgh city (Allegheny, PA)",0.7227809833930317,2,259
N15025,40.4561769999999,-79.9948909999999,East Allegheny,"Pittsburgh city (Allegheny, PA)",0.7227809833930317,2,259
N15030,40.456806,-79.995168,East Allegheny,"Pittsburgh city (Allegheny, PA)",0.7228263696294613,2,265
N14940,40.455502,-79.9947279999999,East Allegheny,"Pittsburgh city (Allegheny, PA)",0.7228263696294613,2,265
N15020,40.45618,-79.994962,East Allegheny,"Pittsburgh city (Allegheny, PA)",0.7228263696294613,2,265
W20420,40.470399,-80.053905,,"McKees Rocks borough (Allegheny, PA)",0.7232444444444445,1,157
W13500,40.476683,-80.09685,,"Kennedy township (Allegheny, PA)",0.7232444444444445,1,157
W08540,40.4706619999999,-80.0546899999999,,"McKees Rocks borough (Allegheny, PA)",0.7232444444444445,1,157
W13520,40.4803739999999,-80.0909869999999,,"Kennedy township (Allegheny, PA)",0.7232444444444445,1,157
W13460,40.480463,-80.0909209999999,,"Kennedy township (Allegheny, PA)",0.7232444444444445,1,157
W13210,40.4756539999999,-80.07271,,"Stowe township (Allegheny, PA)",0.7232444444444445,1,157
W70043,40.480038,-80.0763709999999,,"Stowe township (Allegheny, PA)",0.7232444444444445,1,157
W70184,40.4675719999999,-80.0527129999999,,"McKees Rocks borough (Allegheny, PA)",0.7232444444444445,1,157
W13450,40.474612,-80.0704029999999,,"Stowe township (Allegheny, PA)",0.7232444444444445,1,157
W13190,40.479899,-80.0855289999999,,"Kennedy township (Allegheny, PA)",0.7232444444444445,1,157
W70050,40.480069,-80.075061,,"Stowe township (Allegheny, PA)",0.7232444444444445,1,157
W13250,40.477961,-80.0940619999999,,"Kennedy township (Allegheny, PA)",0.7232444444444445,1,157
W70111,40.475737,-80.065393,,"Stowe township (Allegheny, PA)",0.7232444444444445,1,157
W70039,40.4790119999999,-80.0737929999999,,"Stowe township (Allegheny, PA)",0.7232444444444445,1,157
W13505,40.479677,-80.078693,,"Stowe township (Allegheny, PA)",0.7232444444444445,1,157
W70040,40.480533,-80.0725769999999,,"Stowe township (Allegheny, PA)",0.7232444444444445,1,157
W20400,40.4662379999999,-80.052693,,"McKees Rocks borough (Allegheny, PA)",0.7232444444444445,1,157
W13330,40.4766309999999,-80.09677,,"Kennedy township (Allegheny, PA)",0.7232444444444445,1,157
W08530,40.47397,-80.0573179999999,,"McKees Rocks borough (Allegheny, PA)",0.7232444444444445,1,157
W20450,40.47064,-80.054545,,"McKees Rocks borough (Allegheny, PA)",0.7232444444444445,1,157
W70044,40.479776,-80.0785259999999,,"Stowe township (Allegheny, PA)",0.7232444444444445,1,157
W70120,40.4743479999999,-80.057501,,"McKees Rocks borough (Allegheny, PA)",0.7232444444444445,1,157
W13350,40.474663,-80.0707529999999,,"Stowe township (Allegheny, PA)",0.7232444444444445,1,157
W13420,40.4807679999999,-80.0791739999999,,"Stowe township (Allegheny, PA)",0.7232444444444445,1,157
W13480,40.479702,-80.083872,,"Kennedy township (Allegheny, PA)",0.7232444444444445,1,157
W08570,40.4715089999999,-80.055305,,"McKees Rocks borough (Allegheny, PA)",0.7232444444444445,1,157
W08580,40.47146,-80.055373,,"McKees Rocks borough (Allegheny, PA)",0.7232444444444445,1,157
W13310,40.4797969999999,-80.083988,,"Kennedy township (Allegheny, PA)",0.7232444444444445,1,157
W20430,40.470435,-80.0540879999999,,"McKees Rocks borough (Allegheny, PA)",0.7232444444444445,1,157
W13380,40.480808,-80.0813579999999,,"Stowe township (Allegheny, PA)",0.7232444444444445,1,157
W13390,40.48086,-80.081412,,"Stowe township (Allegheny, PA)",0.7232444444444445,1,157
W70045,40.479965,-80.0765059999999,,"Stowe township (Allegheny, PA)",0.7232444444444445,1,157
W08510,40.47279,-80.056348,,"McKees Rocks borough (Allegheny, PA)",0.7232444444444445,1,157
W70185,40.4750919999999,-80.0581119999999,,"McKees Rocks borough (Allegheny, PA)",0.7232444444444445,1,157
W13220,40.4804889999999,-80.0895419999999,,"Kennedy township (Allegheny, PA)",0.7232444444444445,1,157
W08500,40.472644,-80.0562369999999,,"McKees Rocks borough (Allegheny, PA)",0.7232444444444445,1,157
W13300,40.480021,-80.085621,,"Kennedy township (Allegheny, PA)",0.7232444444444445,1,157
W13280,40.479542,-80.0784929999999,,"Stowe township (Allegheny, PA)",0.7232444444444445,1,157
W13260,40.480693,-80.0792289999999,,"Stowe township (Allegheny, PA)",0.7232444444444445,1,157
W13290,40.480375,-80.089628,,"Kennedy township (Allegheny, PA)",0.7232444444444445,1,157
W13200,40.4756069999999,-80.072809,,"Stowe township (Allegheny, PA)",0.7232444444444445,1,157
W20390,40.465425,-80.05334,,"McKees Rocks borough (Allegheny, PA)",0.7232444444444445,1,157
W13470,40.478095,-80.0939719999999,,"Kennedy township (Allegheny, PA)",0.7232444444444445,1,157
X04500,40.38582,-80.054029,,"Mount Lebanon township (Allegheny, PA)",0.7246779578189301,2,204
X04560,40.3856419999999,-80.0538099999999,,"Mount Lebanon township (Allegheny, PA)",0.7246779578189301,2,204
N31905,40.468156,-79.9950529999999,Spring Hill-City View,"Pittsburgh city (Allegheny, PA)",0.7247855421686747,1,235
N35490,40.4811669999999,-80.002245,Northview Heights,"Pittsburgh city (Allegheny, PA)",0.7247855421686747,1,229
N45690,40.462603,-79.9910349999999,Spring Hill-City View,"Pittsburgh city (Allegheny, PA)",0.7247855421686747,1,235
N35510,40.4785359999999,-80.0007509999999,Northview Heights,"Pittsburgh city (Allegheny, PA)",0.7247855421686747,1,229
N41341,40.4761889999999,-80.0004339999999,Northview Heights,"Pittsburgh city (Allegheny, PA)",0.7247855421686747,1,229
N45750,40.465325,-79.992226,Spring Hill-City View,"Pittsburgh city (Allegheny, PA)",0.7247855421686747,1,235
N41320,40.4744379999999,-80.002425,Northview Heights,"Pittsburgh city (Allegheny, PA)",0.7247855421686747,1,235
N41310,40.473297,-80.002953,Northview Heights,"Pittsburgh city (Allegheny, PA)",0.7247855421686747,1,235
N45810,40.463652,-79.9914289999999,Spring Hill-City View,"Pittsburgh city (Allegheny, PA)",0.7247855421686747,1,229
N45800,40.4652409999999,-79.9920319999999,Spring Hill-City View,"Pittsburgh city (Allegheny, PA)",0.7247855421686747,1,229
N35560,40.482028,-80.0027549999999,Northview Heights,"Pittsburgh city (Allegheny, PA)",0.7247855421686747,1,229
N45770,40.4633979999999,-79.991437,Spring Hill-City View,"Pittsburgh city (Allegheny, PA)",0.7247855421686747,1,235
N35570,40.4804529999999,-80.002007,Northview Heights,"Pittsburgh city (Allegheny, PA)",0.7247855421686747,1,235
N28100,40.4597369999999,-79.994697,East Allegheny,"Pittsburgh city (Allegheny, PA)",0.7247855421686747,1,235
N28080,40.461846,-79.9921789999999,Spring Hill-City View,"Pittsburgh city (Allegheny, PA)",0.7247855421686747,1,235
N28040,40.461801,-79.992148,Spring Hill-City View,"Pittsburgh city (Allegheny, PA)",0.7247855421686747,1,229
N28065,40.45785,-79.9954989999999,East Allegheny,"Pittsburgh city (Allegheny, PA)",0.7247855421686747,1,235
N45780,40.467004,-79.994291,Spring Hill-City View,"Pittsburgh city (Allegheny, PA)",0.7247855421686747,1,229
N15040,40.458356,-79.9953639999999,Spring Garden,"Pittsburgh city (Allegheny, PA)",0.7247855421686747,1,229
N31907,40.4700169999999,-79.9953289999999,Spring Hill-City View,"Pittsburgh city (Allegheny, PA)",0.7247855421686747,1,229
N35630,40.4776499999999,-80.000032,Northview Heights,"Pittsburgh city (Allegheny, PA)",0.7247855421686747,1,229
N12125,40.466137,-79.993025,Spring Hill-City View,"Pittsburgh city (Allegheny, PA)",0.7247855421686747,1,235
N35640,40.4798699999999,-80.0016499999999,Northview Heights,"Pittsburgh city (Allegheny, PA)",0.7247855421686747,1,229
N35540,40.4818909999999,-80.002784,Northview Heights,"Pittsburgh city (Allegheny, PA)",0.7247855421686747,1,235
N18590,40.473239,-80.000709,Spring Hill-City View,"Pittsburgh city (Allegheny, PA)",0.7247855421686747,1,235
N45680,40.4661589999999,-79.992991,Spring Hill-City View,"Pittsburgh city (Allegheny, PA)",0.7247855421686747,1,229
N50230,40.469923,-79.997831,Spring Hill-City View,"Pittsburgh city (Allegheny, PA)",0.7247855421686747,1,235
N28060,40.4597669999999,-79.994776,East Allegheny,"Pittsburgh city (Allegheny, PA)",0.7247855421686747,1,229
N71253,40.472945,-80.000504,Spring Hill-City View,"Pittsburgh city (Allegheny, PA)",0.7247855421686747,1,229
N35500,40.478703,-80.0009739999999,Northview Heights,"Pittsburgh city (Allegheny, PA)",0.7247855421686747,1,235
N50280,40.470072,-79.9976369999999,Spring Hill-City View,"Pittsburgh city (Allegheny, PA)",0.7247855421686747,1,229
N41325,40.4743539999999,-80.0024109999999,Northview Heights,"Pittsburgh city (Allegheny, PA)",0.7247855421686747,1,229
N41340,40.476208,-80.000478,Northview Heights,"Pittsburgh city (Allegheny, PA)",0.7247855421686747,1,235
N28050,40.4610709999999,-79.9933939999999,East Allegheny,"Pittsburgh city (Allegheny, PA)",0.7247855421686747,1,235
N45700,40.462896,-79.991054,Spring Hill-City View,"Pittsburgh city (Allegheny, PA)",0.7247855421686747,1,229
N28090,40.4610509999999,-79.9933249999999,Spring Garden,"Pittsburgh city (Allegheny, PA)",0.7247855421686747,1,229
N50250,40.469478,-79.9993829999999,Spring Hill-City View,"Pittsburgh city (Allegheny, PA)",0.7247855421686747,1,235
N50240,40.4700789999999,-79.995478,Spring Hill-City View,"Pittsburgh city (Allegheny, PA)",0.7247855421686747,1,235
N18580,40.473201,-80.0024209999999,Spring Hill-City View,"Pittsburgh city (Allegheny, PA)",0.7247855421686747,1,235
N45720,40.467593,-79.9947339999999,Spring Hill-City View,"Pittsburgh city (Allegheny, PA)",0.7247855421686747,1,229
N51620,40.471276,-80.000748,Spring Hill-City View,"Pittsburgh city (Allegheny, PA)",0.7247855421686747,1,229
N35530,40.477836,-80.0002879999999,Northview Heights,"Pittsburgh city (Allegheny, PA)",0.7247855421686747,1,235
N35550,40.4771179999999,-79.9996849999999,Northview Heights,"Pittsburgh city (Allegheny, PA)",0.7247855421686747,1,235
N41350,40.4769149999999,-79.9995859999999,Northview Heights,"Pittsburgh city (Allegheny, PA)",0.7247855421686747,1,229
N71304,40.4683479999999,-79.994917,Spring Hill-City View,"Pittsburgh city (Allegheny, PA)",0.7247855421686747,1,229
N45790,40.467547,-79.9948109999999,Spring Hill-City View,"Pittsburgh city (Allegheny, PA)",0.7247855421686747,1,235
N51640,40.4712559999999,-80.0008229999999,Spring Hill-City View,"Pittsburgh city (Allegheny, PA)",0.7247855421686747,1,235
N45670,40.4665389999999,-79.99397,Spring Hill-City View,"Pittsburgh city (Allegheny, PA)",0.7247855421686747,1,235
S16570,40.431835,-80.003456,South Shore,"Pittsburgh city (Allegheny, PA)",0.7250207984253617,4,1036
P04002,40.439759,-80.00087,Central Business District,"Pittsburgh city (Allegheny, PA)",0.7250207984253617,4,1036
W26060,40.4416939999999,-80.021743,South Shore,"Pittsburgh city (Allegheny, PA)",0.7251338522955125,13,1984
W25800,40.4398649999999,-80.0174329999999,South Shore,"Pittsburgh city (Allegheny, PA)",0.7251338522955125,13,1984
W25900,40.4417029999999,-80.0213669999999,South Shore,"Pittsburgh city (Allegheny, PA)",0.7253481485486253,13,1984
W26000,40.439872,-80.0171689999999,South Shore,"Pittsburgh city (Allegheny, PA)",0.7253481485486253,13,1984
W26150,40.4357449999999,-80.067571,,"Crafton borough (Allegheny, PA)",0.7255123680656471,4,584
W26180,40.4525659999999,-80.052935,Sheraden,"Pittsburgh city (Allegheny, PA)",0.7255123680656471,4,584
W70099,40.4155999999999,-80.0827259999999,,"Carnegie borough (Allegheny, PA)",0.7255123680656471,4,584
W26160,40.4262239999999,-80.072562,Oakwood,"Pittsburgh city (Allegheny, PA)",0.7255123680656471,4,584
W26170,40.44386,-80.0658889999999,,"Ingram borough (Allegheny, PA)",0.7255123680656471,4,584
S70530,40.391876,-79.976398,Carrick,"Pittsburgh city (Allegheny, PA)",0.72646625,1,100
S70492,40.384047,-79.9528159999999,,"Baldwin borough (Allegheny, PA)",0.72646625,1,110
S70532,40.3877519999999,-79.976442,Carrick,"Pittsburgh city (Allegheny, PA)",0.72646625,1,100
S70467,40.4114289999999,-79.977221,St. Clair,"Pittsburgh city (Allegheny, PA)",0.72646625,1,110
S11360,40.416614,-80.0047969999999,Beltzhoover,"Pittsburgh city (Allegheny, PA)",0.72646625,1,146
S70500,40.389273,-79.9761969999999,Carrick,"Pittsburgh city (Allegheny, PA)",0.72646625,1,110
S70505,40.395549,-79.9683689999999,,"Baldwin borough (Allegheny, PA)",0.72646625,1,110
S70493,40.383515,-79.955537,,"Baldwin borough (Allegheny, PA)",0.72646625,1,110
S19330,40.41828,-80.00526,Beltzhoover,"Pittsburgh city (Allegheny, PA)",0.72646625,1,146
S11380,40.416594,-80.00242,Beltzhoover,"Pittsburgh city (Allegheny, PA)",0.72646625,1,135
S11460,40.41657,-79.990823,Knoxville,"Pittsburgh city (Allegheny, PA)",0.72646625,1,135
S17655,40.416631,-80.0005,Beltzhoover,"Pittsburgh city (Allegheny, PA)",0.72646625,1,135
S45010,40.413539,-79.9805989999999,Mt. Oliver,"Pittsburgh city (Allegheny, PA)",0.72646625,1,146
S70519,40.3962969999999,-79.971179,,"Baldwin borough (Allegheny, PA)",0.72646625,1,100
S70509,40.3987089999999,-79.964555,,"Baldwin borough (Allegheny, PA)",0.72646625,1,110
S70527,40.39368,-79.972645,,"Baldwin borough (Allegheny, PA)",0.72646625,1,100
S45030,40.413437,-79.983675,,"Mount Oliver borough (Allegheny, PA)",0.72646625,1,146
S44990,40.412694,-79.977435,Mt. Oliver,"Pittsburgh city (Allegheny, PA)",0.72646625,1,135
S70250,40.416668,-79.998687,Beltzhoover,"Pittsburgh city (Allegheny, PA)",0.72646625,1,135
S70521,40.3993609999999,-79.9678389999999,,"Baldwin borough (Allegheny, PA)",0.72646625,1,100
S70536,40.3857739999999,-79.969459,,"Brentwood borough (Allegheny, PA)",0.72646625,1,100
S11450,40.4166189999999,-79.990519,Knoxville,"Pittsburgh city (Allegheny, PA)",0.72646625,1,146
S11440,40.4165009999999,-79.9932029999999,Knoxville,"Pittsburgh city (Allegheny, PA)",0.72646625,1,135
S70512,40.396331,-79.971483,,"Baldwin borough (Allegheny, PA)",0.72646625,1,110
S11430,40.4165429999999,-79.993188,Knoxville,"Pittsburgh city (Allegheny, PA)",0.72646625,1,146
S12530,40.4199559999999,-80.002324,Beltzhoover,"Pittsburgh city (Allegheny, PA)",0.72646625,1,135
S70539,40.385015,-79.9592439999999,,"Baldwin borough (Allegheny, PA)",0.72646625,1,100
S21710,40.421537,-80.006101,Mount Washington,"Pittsburgh city (Allegheny, PA)",0.72646625,1,146
S70510,40.3993779999999,-79.9675909999999,,"Baldwin borough (Allegheny, PA)",0.72646625,1,110
S70490,40.386149,-79.9428889999999,,"Baldwin borough (Allegheny, PA)",0.72646625,1,110
S70565,40.409609,-79.977359,St. Clair,"Pittsburgh city (Allegheny, PA)",0.72646625,1,110
S44960,40.4134809999999,-79.9792199999999,Mt. Oliver,"Pittsburgh city (Allegheny, PA)",0.72646625,1,135
S44970,40.413538,-79.979195,Mt. Oliver,"Pittsburgh city (Allegheny, PA)",0.72646625,1,146
S70542,40.3845439999999,-79.9497319999999,,"Baldwin borough (Allegheny, PA)",0.72646625,1,100
S70495,40.3855119999999,-79.961087,,"Baldwin borough (Allegheny, PA)",0.72646625,1,110
S44980,40.413325,-79.9874839999999,,"Mount Oliver borough (Allegheny, PA)",0.72646625,1,146
S70526,40.39565,-79.968252,,"Baldwin borough (Allegheny, PA)",0.72646625,1,100
S11400,40.4164639999999,-79.9966019999999,Knoxville,"Pittsburgh city (Allegheny, PA)",0.72646625,1,146
S70507,40.3973119999999,-79.966058,,"Baldwin borough (Allegheny, PA)",0.72646625,1,110
S19310,40.416665,-80.0049429999999,Beltzhoover,"Pittsburgh city (Allegheny, PA)",0.72646625,1,135
S70513,40.3964939999999,-79.9742909999999,,"Baldwin borough (Allegheny, PA)",0.72646625,1,110
S70522,40.3987819999999,-79.964679,,"Baldwin borough (Allegheny, PA)",0.72646625,1,100
S38370,40.4139369999999,-79.987155,,"Mount Oliver borough (Allegheny, PA)",0.72646625,1,135
S70440,40.3856159999999,-79.971512,,"Brentwood borough (Allegheny, PA)",0.72646625,1,100
S45020,40.413387,-79.985348,,"Mount Oliver borough (Allegheny, PA)",0.72646625,1,146
S70437,40.394506,-79.9701629999999,,"Baldwin borough (Allegheny, PA)",0.72646625,1,110
S70504,40.3936029999999,-79.97275,,"Baldwin borough (Allegheny, PA)",0.72646625,1,110
S70491,40.384672,-79.949494,,"Baldwin borough (Allegheny, PA)",0.72646625,1,110
S18340,40.4105619999999,-79.9737449999999,St. Clair,"Pittsburgh city (Allegheny, PA)",0.72646625,1,36
S11420,40.416442,-79.995236,Knoxville,"Pittsburgh city (Allegheny, PA)",0.72646625,1,135
S70249,40.416733,-79.9986799999999,Beltzhoover,"Pittsburgh city (Allegheny, PA)",0.72646625,1,146
S70537,40.385803,-79.9675359999999,,"Baldwin borough (Allegheny, PA)",0.72646625,1,100
S70528,40.393354,-79.9746159999999,,"Baldwin borough (Allegheny, PA)",0.72646625,1,100
S70497,40.385817,-79.9698839999999,,"Baldwin borough (Allegheny, PA)",0.72646625,1,110
S45000,40.413507,-79.9817139999999,Mt. Oliver,"Pittsburgh city (Allegheny, PA)",0.72646625,1,146
S11320,40.416631,-80.0038279999999,Beltzhoover,"Pittsburgh city (Allegheny, PA)",0.72646625,1,146
S70538,40.386018,-79.962275,,"Baldwin borough (Allegheny, PA)",0.72646625,1,100
S70520,40.397905,-79.9692579999999,,"Baldwin borough (Allegheny, PA)",0.72646625,1,100
S70501,40.391474,-79.9763569999999,Carrick,"Pittsburgh city (Allegheny, PA)",0.72646625,1,110
S70529,40.3930849999999,-79.976218,Carrick,"Pittsburgh city (Allegheny, PA)",0.72646625,1,100
S70531,40.3900259999999,-79.976292,Carrick,"Pittsburgh city (Allegheny, PA)",0.72646625,1,100
S70499,40.387624,-79.9764119999999,Carrick,"Pittsburgh city (Allegheny, PA)",0.72646625,1,110
S70603,40.416649,-80.0023269999999,Beltzhoover,"Pittsburgh city (Allegheny, PA)",0.72646625,1,36
S70525,40.3948639999999,-79.96638,,"Baldwin borough (Allegheny, PA)",0.72646625,1,100
S70534,40.385389,-79.9766149999999,Carrick,"Pittsburgh city (Allegheny, PA)",0.72646625,1,100
S27680,40.4151779999999,-79.990587,Knoxville,"Pittsburgh city (Allegheny, PA)",0.72646625,1,135
S70544,40.3855679999999,-79.9406709999999,,"Baldwin borough (Allegheny, PA)",0.72646625,1,100
S12550,40.4191539999999,-80.0055449999999,Beltzhoover,"Pittsburgh city (Allegheny, PA)",0.72646625,1,135
S12470,40.4200179999999,-79.998776,Beltzhoover,"Pittsburgh city (Allegheny, PA)",0.72646625,1,135
S45320,40.417422,-80.0050289999999,Beltzhoover,"Pittsburgh city (Allegheny, PA)",0.72646625,1,135
S70516,40.3969499999999,-79.978243,Carrick,"Pittsburgh city (Allegheny, PA)",0.72646625,1,100
S11410,40.4164979999999,-79.994911,Knoxville,"Pittsburgh city (Allegheny, PA)",0.72646625,1,146
S70543,40.386102,-79.943032,,"Baldwin borough (Allegheny, PA)",0.72646625,1,100
S12510,40.4199899999999,-80.0003829999999,Beltzhoover,"Pittsburgh city (Allegheny, PA)",0.72646625,1,135
S70498,40.384855,-79.9740019999999,,"Baldwin borough (Allegheny, PA)",0.72646625,1,110
S35200,40.4115809999999,-79.977276,Mt. Oliver,"Pittsburgh city (Allegheny, PA)",0.72646625,1,135
S12460,40.419949,-79.998986,Beltzhoover,"Pittsburgh city (Allegheny, PA)",0.72646625,1,146
S70441,40.386074,-79.93805,,"Baldwin borough (Allegheny, PA)",0.72646625,1,110
S70524,40.3974819999999,-79.9660319999999,,"Baldwin borough (Allegheny, PA)",0.72646625,1,100
S70541,40.383975,-79.952995,,"Baldwin borough (Allegheny, PA)",0.72646625,1,100
S38350,40.4140519999999,-79.9833799999999,,"Mount Oliver borough (Allegheny, PA)",0.72646625,1,135
S70518,40.3964199999999,-79.973911,,"Baldwin borough (Allegheny, PA)",0.72646625,1,100
S70438,40.394198,-79.97104,,"Baldwin borough (Allegheny, PA)",0.72646625,1,100
S19340,40.418334,-80.005373,Beltzhoover,"Pittsburgh city (Allegheny, PA)",0.72646625,1,135
S70496,40.385857,-79.967832,,"Baldwin borough (Allegheny, PA)",0.72646625,1,110
S70443,40.385744,-79.9713189999999,,"Baldwin borough (Allegheny, PA)",0.72646625,1,110
S12500,40.4199199999999,-80.000602,Beltzhoover,"Pittsburgh city (Allegheny, PA)",0.72646625,1,146
S00001,40.411535,-79.9770989999999,Mt. Oliver,"Pittsburgh city (Allegheny, PA)",0.72646625,1,36
S11350,40.416701,-80.000242,Beltzhoover,"Pittsburgh city (Allegheny, PA)",0.72646625,1,146
S12440,40.419974,-79.9974749999999,Beltzhoover,"Pittsburgh city (Allegheny, PA)",0.72646625,1,146
S70503,40.3933449999999,-79.974345,Carrick,"Pittsburgh city (Allegheny, PA)",0.72646625,1,110
S14237,40.416567,-80.004018,Beltzhoover,"Pittsburgh city (Allegheny, PA)",0.72646625,1,135
S70535,40.3848899999999,-79.9736639999999,,"Brentwood borough (Allegheny, PA)",0.72646625,1,100
S70489,40.385643,-79.9405249999999,,"Baldwin borough (Allegheny, PA)",0.72646625,1,110
S37740,40.4135229999999,-79.9817869999999,,"Mount Oliver borough (Allegheny, PA)",0.72646625,1,135
S70515,40.3969919999999,-79.9785499999999,Carrick,"Pittsburgh city (Allegheny, PA)",0.72646625,1,110
S70494,40.3850249999999,-79.9591269999999,,"Baldwin borough (Allegheny, PA)",0.72646625,1,110
S19320,40.419063,-80.005454,Beltzhoover,"Pittsburgh city (Allegheny, PA)",0.72646625,1,146
S12520,40.4198379999999,-80.0025409999999,Beltzhoover,"Pittsburgh city (Allegheny, PA)",0.72646625,1,146
S70540,40.3834549999999,-79.9554179999999,,"Baldwin borough (Allegheny, PA)",0.72646625,1,100
S70502,40.392975,-79.9763059999999,Carrick,"Pittsburgh city (Allegheny, PA)",0.72646625,1,110
S45040,40.41348,-79.980558,Mt. Oliver,"Pittsburgh city (Allegheny, PA)",0.72646625,1,135
S19350,40.4172629999999,-80.004878,Beltzhoover,"Pittsburgh city (Allegheny, PA)",0.72646625,1,146
S70258,40.4097289999999,-79.977393,Mt. Oliver,"Pittsburgh city (Allegheny, PA)",0.72646625,1,135
S70511,40.398187,-79.9693019999999,,"Baldwin borough (Allegheny, PA)",0.72646625,1,110
S70439,40.385387,-79.976336,Carrick,"Pittsburgh city (Allegheny, PA)",0.72646625,1,110
S35210,40.412663,-79.977303,Mt. Oliver,"Pittsburgh city (Allegheny, PA)",0.72646625,1,146
S70506,40.394942,-79.9662239999999,,"Baldwin borough (Allegheny, PA)",0.72646625,1,110
N42210,40.4965329999999,-80.020025,,"Ross township (Allegheny, PA)",0.7277678228179896,2,524
N43080,40.498325,-80.020375,,"Ross township (Allegheny, PA)",0.7277678228179896,2,524
W70117,40.4413539999999,-80.045966,Crafton Heights,"Pittsburgh city (Allegheny, PA)",0.7282494960150022,2,316
W21650,40.44301,-80.052801,Crafton Heights,"Pittsburgh city (Allegheny, PA)",0.7282494960150022,2,316
W22000,40.4428139999999,-80.0425199999999,Elliott,"Pittsburgh city (Allegheny, PA)",0.7282494960150022,2,316
W21720,40.4410659999999,-80.046604,Crafton Heights,"Pittsburgh city (Allegheny, PA)",0.7282494960150022,2,316
W21480,40.442281,-80.0506369999999,Crafton Heights,"Pittsburgh city (Allegheny, PA)",0.7282494960150022,2,316
W21900,40.442008,-80.0495049999999,Crafton Heights,"Pittsburgh city (Allegheny, PA)",0.7282494960150022,2,316
W21550,40.442988,-80.0441409999999,Elliott,"Pittsburgh city (Allegheny, PA)",0.7282494960150022,2,316
W21560,40.4421389999999,-80.0450139999999,Elliott,"Pittsburgh city (Allegheny, PA)",0.7282494960150022,2,316
W21510,40.441642,-80.0409099999999,Elliott,"Pittsburgh city (Allegheny, PA)",0.7282494960150022,2,316
N12920,40.4620639999999,-80.030585,California-Kirkbride,"Pittsburgh city (Allegheny, PA)",0.7290677048936487,2,405
N12910,40.462166,-80.0310039999999,Marshall-Shadeland,"Pittsburgh city (Allegheny, PA)",0.7290677048936487,2,405
W21730,40.4411429999999,-80.0470959999999,Crafton Heights,"Pittsburgh city (Allegheny, PA)",0.7294907943313088,2,311
W22010,40.4429549999999,-80.052453,Crafton Heights,"Pittsburgh city (Allegheny, PA)",0.7294907943313088,2,311
W70114,40.4416889999999,-80.04571,Crafton Heights,"Pittsburgh city (Allegheny, PA)",0.7294907943313088,2,311
W21910,40.4435089999999,-80.0538279999999,Crafton Heights,"Pittsburgh city (Allegheny, PA)",0.7294907943313088,2,311
W21700,40.4423949999999,-80.0507159999999,Crafton Heights,"Pittsburgh city (Allegheny, PA)",0.7294907943313088,2,311
W21940,40.441625,-80.040749,Elliott,"Pittsburgh city (Allegheny, PA)",0.7294907943313088,2,311
W21950,40.4430979999999,-80.044137,Elliott,"Pittsburgh city (Allegheny, PA)",0.7294907943313088,2,311
W21960,40.442191,-80.04509,Elliott,"Pittsburgh city (Allegheny, PA)",0.7294907943313088,2,311
W21620,40.442649,-80.042168,Elliott,"Pittsburgh city (Allegheny, PA)",0.7294907943313088,2,311
N14825,40.4554359999999,-80.0287749999999,Manchester,"Pittsburgh city (Allegheny, PA)",0.7296272005497719,3,412
N14830,40.456372,-80.029081,Manchester,"Pittsburgh city (Allegheny, PA)",0.7296272005497719,3,412
W10270,40.474505,-80.0643359999999,,"McKees Rocks borough (Allegheny, PA)",0.7301494916922592,2,340
W10280,40.474384,-80.064047,,"McKees Rocks borough (Allegheny, PA)",0.7302353467978192,2,345
P02490,40.4431859999999,-79.9967919999999,Central Business District,"Pittsburgh city (Allegheny, PA)",0.7327051444706417,8,1027
N42810,40.5001249999999,-80.021776,,"Ross township (Allegheny, PA)",0.7327771999039102,3,652
N43255,40.499926,-80.021673,,"Ross township (Allegheny, PA)",0.7327771999039102,3,652
N43830,40.4882369999999,-80.016822,Perry North,"Pittsburgh city (Allegheny, PA)",0.7328179103152944,2,543
N44050,40.482768,-80.013405,Perry North,"Pittsburgh city (Allegheny, PA)",0.7328179103152944,2,543
N71204,40.4839429999999,-80.0133419999999,Perry North,"Pittsburgh city (Allegheny, PA)",0.7328179103152944,2,543
N43440,40.4717759999999,-80.010063,Perry South,"Pittsburgh city (Allegheny, PA)",0.7328179103152944,2,543
N43940,40.479917,-80.012065,Perry North,"Pittsburgh city (Allegheny, PA)",0.7328179103152944,2,543
N43560,40.4751169999999,-80.0115969999999,Perry North,"Pittsburgh city (Allegheny, PA)",0.7328179103152944,2,543
N44060,40.480935,-80.013406,Perry North,"Pittsburgh city (Allegheny, PA)",0.7328179103152944,2,543
N43370,40.471083,-80.0087089999999,Perry South,"Pittsburgh city (Allegheny, PA)",0.7328179103152944,2,543
N43860,40.487333,-80.016344,Perry North,"Pittsburgh city (Allegheny, PA)",0.7328179103152944,2,543
N43670,40.488979,-80.0180469999999,Perry North,"Pittsburgh city (Allegheny, PA)",0.7328179103152944,2,543
N43500,40.474291,-80.010501,Perry South,"Pittsburgh city (Allegheny, PA)",0.7328179103152944,2,543
N44040,40.4761099999999,-80.0124069999999,Perry North,"Pittsburgh city (Allegheny, PA)",0.7328179103152944,2,543
N43930,40.4850429999999,-80.0156889999999,Perry North,"Pittsburgh city (Allegheny, PA)",0.7328179103152944,2,543
N43565,40.47825,-80.0121139999999,Perry North,"Pittsburgh city (Allegheny, PA)",0.7328179103152944,2,543
X01580,40.38974,-80.0479809999999,,"Mount Lebanon township (Allegheny, PA)",0.7328187500000001,1,116
X04690,40.384061,-80.0529449999999,,"Mount Lebanon township (Allegheny, PA)",0.7328187500000001,1,116
X00620,40.4161209999999,-80.029857,Beechview,"Pittsburgh city (Allegheny, PA)",0.7328187500000001,1,116
X00640,40.412967,-80.030539,Beechview,"Pittsburgh city (Allegheny, PA)",0.7328187500000001,1,116
X04590,40.384008,-80.0528039999999,,"Mount Lebanon township (Allegheny, PA)",0.7328187500000001,1,116
X00670,40.4035129999999,-80.04076,Banksville,"Pittsburgh city (Allegheny, PA)",0.7328187500000001,1,116
X00610,40.4160669999999,-80.030038,Banksville,"Pittsburgh city (Allegheny, PA)",0.7328187500000001,1,116
X00700,40.4101209999999,-80.0315339999999,Beechview,"Pittsburgh city (Allegheny, PA)",0.7328187500000001,1,116
X00760,40.407116,-80.0342179999999,Banksville,"Pittsburgh city (Allegheny, PA)",0.7328187500000001,1,116
X04210,40.366356,-80.061272,,"Mount Lebanon township (Allegheny, PA)",0.7328187500000001,1,116
X04100,40.370795,-80.0599119999999,,"Mount Lebanon township (Allegheny, PA)",0.7328187500000001,1,116
X70024,40.394581,-80.046462,,"Mount Lebanon township (Allegheny, PA)",0.7328187500000001,1,116
X70084,40.342759,-80.059774,,"Upper St. Clair township (Allegheny, PA)",0.7328187500000001,1,116
X00560,40.3996539999999,-80.044207,Banksville,"Pittsburgh city (Allegheny, PA)",0.7328187500000001,1,116
X04170,40.3631069999999,-80.063427,,"Mount Lebanon township (Allegheny, PA)",0.7328187500000001,1,116
X01640,40.387756,-80.052225,,"Mount Lebanon township (Allegheny, PA)",0.7328187500000001,1,116
X19720,40.350225,-80.051365,,"Bethel Park municipality (Allegheny, PA)",0.7328187500000001,1,116
X06660,40.361648,-80.063758,,"Mount Lebanon township (Allegheny, PA)",0.7328187500000001,1,116
X10475,40.3565589999999,-80.052006,,"Mount Lebanon township (Allegheny, PA)",0.7328187500000001,1,116
X00750,40.406866,-80.0343589999999,Banksville,"Pittsburgh city (Allegheny, PA)",0.7328187500000001,1,116
X04150,40.3692649999999,-80.0606489999999,,"Mount Lebanon township (Allegheny, PA)",0.7328187500000001,1,116
X00720,40.4017899999999,-80.0424,Banksville,"Pittsburgh city (Allegheny, PA)",0.7328187500000001,1,116
X04030,40.3749529999999,-80.056779,,"Mount Lebanon township (Allegheny, PA)",0.7328187500000001,1,116
X00650,40.399796,-80.044369,Banksville,"Pittsburgh city (Allegheny, PA)",0.7328187500000001,1,116
X70083,40.3458589999999,-80.0574809999999,,"Upper St. Clair township (Allegheny, PA)",0.7328187500000001,1,116
X04290,40.3716569999999,-80.0592369999999,,"Mount Lebanon township (Allegheny, PA)",0.7328187500000001,1,116
X04460,40.383011,-80.052547,,"Mount Lebanon township (Allegheny, PA)",0.7328187500000001,1,116
X01650,40.387849,-80.0521099999999,,"Mount Lebanon township (Allegheny, PA)",0.7328187500000001,1,116
X04480,40.38709,-80.0546489999999,,"Mount Lebanon township (Allegheny, PA)",0.7328187500000001,1,116
X19400,40.3519829999999,-80.05052,,"Mount Lebanon township (Allegheny, PA)",0.7328187500000001,1,116
X01600,40.388401,-80.05034,,"Mount Lebanon township (Allegheny, PA)",0.7328187500000001,1,116
X08113,40.348917,-80.050166,,"Bethel Park municipality (Allegheny, PA)",0.7328187500000001,1,116
X70030,40.3400249999999,-80.0537999999999,,"Bethel Park municipality (Allegheny, PA)",0.7328187500000001,1,116
X10680,40.395485,-80.0464319999999,,"Dormont borough (Allegheny, PA)",0.7328187500000001,1,116
X10640,40.39618,-80.046475,,"Mount Lebanon township (Allegheny, PA)",0.7328187500000001,1,116
X06760,40.3551149999999,-80.050458,,"Mount Lebanon township (Allegheny, PA)",0.7328187500000001,1,116
X00800,40.418418,-80.029921,Banksville,"Pittsburgh city (Allegheny, PA)",0.7328187500000001,1,116
X10690,40.3964769999999,-80.046143,,"Dormont borough (Allegheny, PA)",0.7328187500000001,1,116
X00660,40.403202,-80.0408269999999,Banksville,"Pittsburgh city (Allegheny, PA)",0.7328187500000001,1,116
X19390,40.3523149999999,-80.0506089999999,,"Mount Lebanon township (Allegheny, PA)",0.7328187500000001,1,116
X06122,40.3408779999999,-80.0523429999999,,"Bethel Park municipality (Allegheny, PA)",0.7328187500000001,1,116
X12687,40.347887,-80.049638,,"Bethel Park municipality (Allegheny, PA)",0.7328187500000001,1,116
X06790,40.358795,-80.0596309999999,,"Mount Lebanon township (Allegheny, PA)",0.7328187500000001,1,116
X00580,40.4055129999999,-80.037424,Banksville,"Pittsburgh city (Allegheny, PA)",0.7328187500000001,1,116
X04060,40.367725,-80.0613539999999,,"Mount Lebanon township (Allegheny, PA)",0.7328187500000001,1,116
X04450,40.382581,-80.0523089999999,,"Mount Lebanon township (Allegheny, PA)",0.7328187500000001,1,116
X01610,40.3922219999999,-80.046958,,"Mount Lebanon township (Allegheny, PA)",0.7328187500000001,1,116
X08111,40.348821,-80.050792,,"Bethel Park municipality (Allegheny, PA)",0.7328187500000001,1,116
X00570,40.4181209999999,-80.0297209999999,Beechview,"Pittsburgh city (Allegheny, PA)",0.7328187500000001,1,116
X04180,40.378045,-80.0551179999999,,"Mount Lebanon township (Allegheny, PA)",0.7328187500000001,1,116
X01550,40.387307,-80.0546049999999,,"Mount Lebanon township (Allegheny, PA)",0.7328187500000001,1,116
X12684,40.344515,-80.049766,,"Bethel Park municipality (Allegheny, PA)",0.7328187500000001,1,116
X12688,40.3465259999999,-80.0485599999999,,"Bethel Park municipality (Allegheny, PA)",0.7328187500000001,1,116
X04520,40.3805789999999,-80.052642,,"Mount Lebanon township (Allegheny, PA)",0.7328187500000001,1,116
X04050,40.377721,-80.0553089999999,,"Mount Lebanon township (Allegheny, PA)",0.7328187500000001,1,116
X12689,40.3466799999999,-80.048845,,"Bethel Park municipality (Allegheny, PA)",0.7328187500000001,1,116
X01660,40.389068,-80.049025,,"Mount Lebanon township (Allegheny, PA)",0.7328187500000001,1,116
X06700,40.3590179999999,-80.05979,,"Mount Lebanon township (Allegheny, PA)",0.7328187500000001,1,116
X00710,40.401533,-80.042428,Banksville,"Pittsburgh city (Allegheny, PA)",0.7328187500000001,1,116
X04260,40.378539,-80.054438,,"Mount Lebanon township (Allegheny, PA)",0.7328187500000001,1,116
X00740,40.419471,-80.029859,Banksville,"Pittsburgh city (Allegheny, PA)",0.7328187500000001,1,116
X00590,40.4094979999999,-80.0320729999999,Banksville,"Pittsburgh city (Allegheny, PA)",0.7328187500000001,1,116
X01620,40.392522,-80.047013,,"Mount Lebanon township (Allegheny, PA)",0.7328187500000001,1,116
X01590,40.3900829999999,-80.047831,,"Mount Lebanon township (Allegheny, PA)",0.7328187500000001,1,116
X04250,40.367586,-80.061278,,"Mount Lebanon township (Allegheny, PA)",0.7328187500000001,1,116
X04280,40.3710779999999,-80.0597929999999,,"Mount Lebanon township (Allegheny, PA)",0.7328187500000001,1,116
X04165,40.366334,-80.061197,,"Mount Lebanon township (Allegheny, PA)",0.7328187500000001,1,116
X06770,40.3557149999999,-80.0511649999999,,"Mount Lebanon township (Allegheny, PA)",0.7328187500000001,1,116
X00600,40.40919,-80.032024,Beechview,"Pittsburgh city (Allegheny, PA)",0.7328187500000001,1,116
X04160,40.3694879999999,-80.0606159999999,,"Mount Lebanon township (Allegheny, PA)",0.7328187500000001,1,116
X12683,40.343425,-80.051929,,"Bethel Park municipality (Allegheny, PA)",0.7328187500000001,1,116
X04040,40.3752599999999,-80.056707,,"Mount Lebanon township (Allegheny, PA)",0.7328187500000001,1,116
X04070,40.378624,-80.054484,,"Mount Lebanon township (Allegheny, PA)",0.7328187500000001,1,116
N43790,40.476111,-80.0122729999999,Perry North,"Pittsburgh city (Allegheny, PA)",0.733884110453112,2,531
N43800,40.481119,-80.013367,Perry North,"Pittsburgh city (Allegheny, PA)",0.733884110453112,2,531
N43430,40.4892839999999,-80.018169,Perry North,"Pittsburgh city (Allegheny, PA)",0.733884110453112,2,531
N43445,40.471837,-80.0099469999999,Perry South,"Pittsburgh city (Allegheny, PA)",0.733884110453112,2,531
N43900,40.478354,-80.0119569999999,Perry North,"Pittsburgh city (Allegheny, PA)",0.733884110453112,2,531
N43510,40.474245,-80.0103519999999,Perry South,"Pittsburgh city (Allegheny, PA)",0.733884110453112,2,531
N43680,40.486722,-80.0161449999999,Perry North,"Pittsburgh city (Allegheny, PA)",0.733884110453112,2,531
N43820,40.4880959999999,-80.016424,Perry North,"Pittsburgh city (Allegheny, PA)",0.733884110453112,2,531
N43400,40.479644,-80.011695,Perry North,"Pittsburgh city (Allegheny, PA)",0.733884110453112,2,531
N43980,40.4749219999999,-80.0111129999999,Perry South,"Pittsburgh city (Allegheny, PA)",0.733884110453112,2,531
N43390,40.485052,-80.0155489999999,Perry North,"Pittsburgh city (Allegheny, PA)",0.733884110453112,2,531
N43810,40.483082,-80.013035,Perry North,"Pittsburgh city (Allegheny, PA)",0.733884110453112,2,531
N70053,40.484191,-80.0134809999999,Perry North,"Pittsburgh city (Allegheny, PA)",0.733884110453112,2,531
P03090,40.441684,-79.997611,Central Business District,"Pittsburgh city (Allegheny, PA)",0.7339065581246741,9,926
W02930,40.399545,-80.088222,,"Scott township (Allegheny, PA)",0.7341548780487804,1,25
W02880,40.401645,-80.088429,,"Scott township (Allegheny, PA)",0.7341548780487804,1,25
W00260,40.4044529999999,-80.091119,,"Carnegie borough (Allegheny, PA)",0.7341548780487804,1,25
W02860,40.3960689999999,-80.0869459999999,,"Scott township (Allegheny, PA)",0.7341548780487804,1,25
W70121,40.4061409999999,-80.089826,,"Carnegie borough (Allegheny, PA)",0.7341548780487804,1,25
W02910,40.397877,-80.088278,,"Scott township (Allegheny, PA)",0.7341548780487804,1,25
W12940,40.4071879999999,-80.089308,,"Carnegie borough (Allegheny, PA)",0.7341548780487804,1,25
W02810,40.396552,-80.088065,,"Scott township (Allegheny, PA)",0.7341548780487804,1,25
W02870,40.395761,-80.086886,,"Scott township (Allegheny, PA)",0.7341548780487804,1,25
W02920,40.3978469999999,-80.088351,,"Scott township (Allegheny, PA)",0.7341548780487804,1,25
W02800,40.40171,-80.088397,,"Scott township (Allegheny, PA)",0.7341548780487804,1,25
W00280,40.404353,-80.0911239999999,,"Carnegie borough (Allegheny, PA)",0.7341548780487804,1,25
W02890,40.396635,-80.0879879999999,,"Scott township (Allegheny, PA)",0.7341548780487804,1,25
W02820,40.400288,-80.088316,,"Scott township (Allegheny, PA)",0.7341548780487804,1,25
P70030,40.440232,-79.998609,Central Business District,"Pittsburgh city (Allegheny, PA)",0.734256247279898,10,1744
S42503,40.4210339999999,-80.0060309999999,Mount Washington,"Pittsburgh city (Allegheny, PA)",0.7351763235063158,3,537
P04000,40.439397,-79.9993929999999,Central Business District,"Pittsburgh city (Allegheny, PA)",0.7352228915662651,1,35
W07870,40.517395,-80.148786,,"Neville township (Allegheny, PA)",0.7360734939759035,1,188
W00300,40.517215,-80.1604339999999,,"Coraopolis borough (Allegheny, PA)",0.7360734939759035,1,188
W10420,40.469253,-80.060134,,"McKees Rocks borough (Allegheny, PA)",0.7360734939759035,1,188
W07915,40.507914,-80.1116279999999,,"Neville township (Allegheny, PA)",0.7360734939759035,1,188
W10340,40.486857,-80.076279,,"Stowe township (Allegheny, PA)",0.7360734939759035,1,188
W07830,40.507125,-80.109007,,"Neville township (Allegheny, PA)",0.7360734939759035,1,188
W09795,40.527479,-80.1850309999999,,"Moon township (Allegheny, PA)",0.7360734939759035,1,188
W10380,40.471685,-80.061203,,"McKees Rocks borough (Allegheny, PA)",0.7360734939759035,1,188
W70154,40.509504,-80.122269,,"Neville township (Allegheny, PA)",0.7360734939759035,1,188
W10580,40.4755729999999,-80.0650299999999,,"McKees Rocks borough (Allegheny, PA)",0.7360734939759035,1,188
W07700,40.5121579999999,-80.131546,,"Neville township (Allegheny, PA)",0.7360734939759035,1,188
W10320,40.470432,-80.0603469999999,,"McKees Rocks borough (Allegheny, PA)",0.7360734939759035,1,188
W07690,40.5151559999999,-80.1422969999999,,"Neville township (Allegheny, PA)",0.7360734939759035,1,188
W10300,40.466602,-80.0604029999999,,"McKees Rocks borough (Allegheny, PA)",0.7360734939759035,1,188
W00330,40.5193119999999,-80.166019,,"Coraopolis borough (Allegheny, PA)",0.7360734939759035,1,188
W00390,40.5224759999999,-80.174373,,"Coraopolis borough (Allegheny, PA)",0.7360734939759035,1,188
W10500,40.4834099999999,-80.0710509999999,,"Stowe township (Allegheny, PA)",0.7360734939759035,1,188
W00400,40.520608,-80.1694329999999,,"Coraopolis borough (Allegheny, PA)",0.7360734939759035,1,188
W07620,40.510896,-80.1275559999999,,"Neville township (Allegheny, PA)",0.7360734939759035,1,188
W10410,40.488951,-80.079288,,"Stowe township (Allegheny, PA)",0.7360734939759035,1,188
W15730,40.497714,-80.0913209999999,,"Neville township (Allegheny, PA)",0.7360734939759035,1,188
W00440,40.519952,-80.1678169999999,,"Coraopolis borough (Allegheny, PA)",0.7360734939759035,1,188
W10610,40.4843899999999,-80.07254,,"Stowe township (Allegheny, PA)",0.7360734939759035,1,188
W10630,40.4771089999999,-80.0661369999999,,"Stowe township (Allegheny, PA)",0.7360734939759035,1,188
W07850,40.5081879999999,-80.113332,,"Neville township (Allegheny, PA)",0.7360734939759035,1,188
W00340,40.5183919999999,-80.16356,,"Coraopolis borough (Allegheny, PA)",0.7360734939759035,1,188
W00450,40.5212289999999,-80.17108,,"Coraopolis borough (Allegheny, PA)",0.7360734939759035,1,188
W00470,40.523403,-80.1768869999999,,"Moon township (Allegheny, PA)",0.7360734939759035,1,188
W70168,40.492621,-80.0802359999999,,"Neville township (Allegheny, PA)",0.7360734939759035,1,188
W07600,40.510393,-80.1257669999999,,"Neville township (Allegheny, PA)",0.7360734939759035,1,188
W10600,40.4818029999999,-80.06944,,"Stowe township (Allegheny, PA)",0.7360734939759035,1,188
W07750,40.5164899999999,-80.146319,,"Neville township (Allegheny, PA)",0.7360734939759035,1,188
W10450,40.4734109999999,-80.062278,,"McKees Rocks borough (Allegheny, PA)",0.7360734939759035,1,188
W07930,40.509087,-80.119004,,"Neville township (Allegheny, PA)",0.7360734939759035,1,188
W70156,40.516657,-80.1589589999999,,"Coraopolis borough (Allegheny, PA)",0.7360734939759035,1,188
W70163,40.5053729999999,-80.1048109999999,,"Neville township (Allegheny, PA)",0.7360734939759035,1,188
W00290,40.5155639999999,-80.1560589999999,,"Coraopolis borough (Allegheny, PA)",0.7360734939759035,1,188
W07800,40.514446,-80.1401529999999,,"Neville township (Allegheny, PA)",0.7360734939759035,1,188
W07890,40.5087639999999,-80.1168339999999,,"Neville township (Allegheny, PA)",0.7360734939759035,1,188
W07640,40.5156769999999,-80.144005,,"Neville township (Allegheny, PA)",0.7360734939759035,1,188
W07790,40.5024799999999,-80.1018679999999,,"Neville township (Allegheny, PA)",0.7360734939759035,1,188
W00370,40.5177819999999,-80.161949,,"Coraopolis borough (Allegheny, PA)",0.7360734939759035,1,188
W00460,40.5147559999999,-80.1539209999999,,"Coraopolis borough (Allegheny, PA)",0.7360734939759035,1,188
W70165,40.5131009999999,-80.1351109999999,,"Neville township (Allegheny, PA)",0.7360734939759035,1,188
W10350,40.4723779999999,-80.06161,,"McKees Rocks borough (Allegheny, PA)",0.7360734939759035,1,188
W10390,40.484996,-80.0733809999999,,"Stowe township (Allegheny, PA)",0.7360734939759035,1,188
W07720,40.5140699999999,-80.1386059999999,,"Neville township (Allegheny, PA)",0.7360734939759035,1,188
W10615,40.4794559999999,-80.0676119999999,,"Stowe township (Allegheny, PA)",0.7360734939759035,1,188
W70181,40.5061389999999,-80.2230919999999,,"Moon township (Allegheny, PA)",0.7360734939759036,1,93
W00530,40.5148799999999,-80.157617,,"Coraopolis borough (Allegheny, PA)",0.7360734939759036,1,183
W70179,40.5089729999999,-80.2229729999999,,"Moon township (Allegheny, PA)",0.7360734939759036,1,93
W07665,40.507876,-80.1124059999999,,"Neville township (Allegheny, PA)",0.7360734939759036,1,183
W10470,40.484155,-80.0723399999999,,"Stowe township (Allegheny, PA)",0.7360734939759036,1,183
W00600,40.5184059999999,-80.166905,,"Coraopolis borough (Allegheny, PA)",0.7360734939759036,1,183
W70174,40.5148799999999,-80.2222069999999,,"Moon township (Allegheny, PA)",0.7360734939759036,1,93
W10370,40.4716409999999,-80.0612519999999,,"McKees Rocks borough (Allegheny, PA)",0.7360734939759036,1,183
N31100,40.541736,-80.179765,,"Sewickley borough (Allegheny, PA)",0.7360734939759036,1,95
W07840,40.5062319999999,-80.1068029999999,,"Neville township (Allegheny, PA)",0.7360734939759036,1,93
W10530,40.486778,-80.0763249999999,,"Stowe township (Allegheny, PA)",0.7360734939759036,1,183
W07960,40.514516,-80.1406269999999,,"Neville township (Allegheny, PA)",0.7360734939759036,1,183
W10620,40.483328,-80.0711019999999,,"Stowe township (Allegheny, PA)",0.7360734939759036,1,183
W15770,40.497691,-80.0917239999999,,"Neville township (Allegheny, PA)",0.7360734939759036,1,183
N10948,40.541428,-80.1783269999999,,"Sewickley borough (Allegheny, PA)",0.7360734939759036,1,95
N10946,40.540433,-80.1802529999999,,"Sewickley borough (Allegheny, PA)",0.7360734939759036,1,95
N71313,40.537047,-80.1839729999999,,"Sewickley borough (Allegheny, PA)",0.7360734939759036,1,95
W70180,40.5064229999999,-80.223313,,"Moon township (Allegheny, PA)",0.7360734939759036,1,93
W10590,40.473329,-80.062357,,"McKees Rocks borough (Allegheny, PA)",0.7360734939759036,1,183
W10520,40.477245,-80.0663399999999,,"Stowe township (Allegheny, PA)",0.7360734939759036,1,183
W10560,40.4889319999999,-80.0794819999999,,"Stowe township (Allegheny, PA)",0.7360734939759036,1,183
W07880,40.5086269999999,-80.116951,,"Neville township (Allegheny, PA)",0.7360734939759036,1,183
W07940,40.516418,-80.1464409999999,,"Neville township (Allegheny, PA)",0.7360734939759036,1,183
W07610,40.5108669999999,-80.1278159999999,,"Neville township (Allegheny, PA)",0.7360734939759036,1,183
N71312,40.5376079999999,-80.183588,,"Sewickley borough (Allegheny, PA)",0.7360734939759036,1,95
W10330,40.465943,-80.060861,,"McKees Rocks borough (Allegheny, PA)",0.7360734939759036,1,183
W09797,40.527403,-80.185186,,"Moon township (Allegheny, PA)",0.7360734939759036,1,183
W06810,40.514327,-80.153265,,"Coraopolis borough (Allegheny, PA)",0.7360734939759036,1,183
W07590,40.5103659999999,-80.1259749999999,,"Neville township (Allegheny, PA)",0.7360734939759036,1,183
N10953,40.5391049999999,-80.181638,,"Sewickley borough (Allegheny, PA)",0.7360734939759036,1,95
W10310,40.470412,-80.0604629999999,,"McKees Rocks borough (Allegheny, PA)",0.7360734939759036,1,183
W00650,40.522395,-80.176516,,"Moon township (Allegheny, PA)",0.7360734939759036,1,183
W07630,40.515663,-80.144244,,"Neville township (Allegheny, PA)",0.7360734939759036,1,183
W10475,40.479477,-80.0677409999999,,"Stowe township (Allegheny, PA)",0.7360734939759036,1,183
W09796,40.537906,-80.2002789999999,,"Moon township (Allegheny, PA)",0.7360734939759036,1,93
W70178,40.509326,-80.223087,,"Moon township (Allegheny, PA)",0.7360734939759036,1,93
N26415,40.5421789999999,-80.178633,,"Sewickley borough (Allegheny, PA)",0.7360734939759036,1,95
N07750,40.537697,-80.185501,,"Sewickley borough (Allegheny, PA)",0.7360734939759036,1,95
W07730,40.5089469999999,-80.1190639999999,,"Neville township (Allegheny, PA)",0.7360734939759036,1,183
W10290,40.46665,-80.060495,,"McKees Rocks borough (Allegheny, PA)",0.7360734939759036,1,183
W07920,40.512877,-80.135085,,"Neville township (Allegheny, PA)",0.7360734939759036,1,183
W70176,40.5196189999999,-80.2178339999999,,"Moon township (Allegheny, PA)",0.7360734939759036,1,93
W70164,40.505167,-80.104736,,"Neville township (Allegheny, PA)",0.7360734939759036,1,183
W07990,40.508057,-80.1134019999999,,"Neville township (Allegheny, PA)",0.7360734939759036,1,183
N49441,40.535955,-80.1848839999999,,"Sewickley borough (Allegheny, PA)",0.7360734939759036,1,90
W00490,40.521146,-80.1738009999999,,"Coraopolis borough (Allegheny, PA)",0.7360734939759036,1,183
W00660,40.519441,-80.1695119999999,,"Coraopolis borough (Allegheny, PA)",0.7360734939759036,1,183
W07780,40.502892,-80.101837,,"Neville township (Allegheny, PA)",0.7360734939759036,1,183
W70175,40.515242,-80.2224319999999,,"Moon township (Allegheny, PA)",0.7360734939759036,1,93
W07970,40.511975,-80.1316609999999,,"Neville township (Allegheny, PA)",0.7360734939759036,1,183
W07680,40.5151249999999,-80.1425559999999,,"Neville township (Allegheny, PA)",0.7360734939759036,1,183
W00480,40.516328,-80.161404,,"Coraopolis borough (Allegheny, PA)",0.7360734939759036,1,183
W07820,40.506984,-80.1090149999999,,"Neville township (Allegheny, PA)",0.7360734939759036,1,183
W10550,40.48521,-80.073919,,"Stowe township (Allegheny, PA)",0.7360734939759036,1,183
W00510,40.51556,-80.159388,,"Coraopolis borough (Allegheny, PA)",0.7360734939759036,1,183
W08010,40.517234,-80.148795,,"Neville township (Allegheny, PA)",0.7360734939759036,1,183
W09798,40.5377579999999,-80.200091,,"Moon township (Allegheny, PA)",0.7360734939759036,1,93
W70155,40.5093499999999,-80.122273,,"Neville township (Allegheny, PA)",0.7360734939759036,1,183
W07980,40.505968,-80.106536,,"Neville township (Allegheny, PA)",0.7360734939759036,1,183
W70177,40.5199509999999,-80.217854,,"Moon township (Allegheny, PA)",0.7360734939759036,1,93
W00590,40.5204439999999,-80.172014,,"Coraopolis borough (Allegheny, PA)",0.7360734939759036,1,183
W10460,40.4818459999999,-80.0696159999999,,"Stowe township (Allegheny, PA)",0.7360734939759036,1,183
W70047,40.5038619999999,-80.225744,,"Moon township (Allegheny, PA)",0.7377053606193065,2,128
N39820,40.4789269999999,-80.043253,Brighton Heights,"Pittsburgh city (Allegheny, PA)",0.7383862508858966,2,187
N05890,40.448349,-80.000656,North Shore,"Pittsburgh city (Allegheny, PA)",0.7389235175015585,3,173
P01040,40.443888,-79.9984809999999,Central Business District,"Pittsburgh city (Allegheny, PA)",0.7389235175015585,3,173
P03360,40.441042,-80.0039639999999,Central Business District,"Pittsburgh city (Allegheny, PA)",0.7389738896953811,8,1307
P01250,40.4399379999999,-80.006088,Central Business District,"Pittsburgh city (Allegheny, PA)",0.7389738896953811,8,1307
P03000,40.438302,-79.999898,Central Business District,"Pittsburgh city (Allegheny, PA)",0.7394925741880822,8,1669
P03150,40.436891,-80.000842,Central Business District,"Pittsburgh city (Allegheny, PA)",0.7394925741880822,8,1669
P03145,40.4395579999999,-79.9990549999999,Central Business District,"Pittsburgh city (Allegheny, PA)",0.7395840300581946,7,1634
P01875,40.437066,-80.0016629999999,Central Business District,"Pittsburgh city (Allegheny, PA)",0.7399425457567637,8,1701
P03660,40.439076,-80.0014709999999,Central Business District,"Pittsburgh city (Allegheny, PA)",0.7399425457567637,8,1701
S16540,40.4318809999999,-80.003321,South Shore,"Pittsburgh city (Allegheny, PA)",0.7399425457567637,8,1701
N39850,40.481481,-80.0459769999999,Brighton Heights,"Pittsburgh city (Allegheny, PA)",0.7405315768568781,2,182
N40270,40.479422,-80.043519,Brighton Heights,"Pittsburgh city (Allegheny, PA)",0.7405315768568781,2,182
N39760,40.4862749999999,-80.0538829999999,,"Bellevue borough (Allegheny, PA)",0.7405315768568781,2,182
W70200,40.492224,-80.201818,,"Moon township (Allegheny, PA)",0.7420414634146342,1,10
W70198,40.484613,-80.19619,,"Moon township (Allegheny, PA)",0.7420414634146342,1,10
W70199,40.4901989999999,-80.197129,,"Moon township (Allegheny, PA)",0.7420414634146342,1,10
W70201,40.4981599999999,-80.2073479999999,,"Moon township (Allegheny, PA)",0.7420414634146342,1,10
W70202,40.4981939999999,-80.207575,,"Moon township (Allegheny, PA)",0.7420414634146342,1,10
W70205,40.4848339999999,-80.195942,,"Moon township (Allegheny, PA)",0.7420414634146342,1,10
W70203,40.492106,-80.201925,,"Moon township (Allegheny, PA)",0.7420414634146342,1,10
W70204,40.4902019999999,-80.197455,,"Moon township (Allegheny, PA)",0.7420414634146342,1,10
N53635,40.516553,-80.036697,,"West View borough (Allegheny, PA)",0.742380514365153,2,572
N53605,40.516855,-80.033563,,"West View borough (Allegheny, PA)",0.742380514365153,2,572
N53630,40.5166729999999,-80.03865,,"West View borough (Allegheny, PA)",0.742380514365153,2,572
N53597,40.516986,-80.0334179999999,,"West View borough (Allegheny, PA)",0.742380514365153,2,572
N53620,40.5175709999999,-80.0377579999999,,"West View borough (Allegheny, PA)",0.742380514365153,2,572
N53595,40.517479,-80.0319829999999,,"West View borough (Allegheny, PA)",0.742380514365153,2,572
X02230,40.3867339999999,-80.045844,,"Mount Lebanon township (Allegheny, PA)",0.7445515499783409,2,228
X02190,40.3858499999999,-80.049954,,"Mount Lebanon township (Allegheny, PA)",0.7445515499783409,2,228
X02630,40.3863249999999,-80.0478609999999,,"Mount Lebanon township (Allegheny, PA)",0.7445515499783409,2,228
X02300,40.386426,-80.0476989999999,,"Mount Lebanon township (Allegheny, PA)",0.7445515499783409,2,228
X02220,40.3866069999999,-80.0463699999999,,"Mount Lebanon township (Allegheny, PA)",0.7445515499783409,2,228
X02180,40.3856669999999,-80.0503209999999,,"Mount Lebanon township (Allegheny, PA)",0.7445515499783409,2,228
N05870,40.4498669999999,-80.0010759999999,North Shore,"Pittsburgh city (Allegheny, PA)",0.7445872197651365,2,158
N28240,40.496434,-80.0090079999999,Summer Hill,"Pittsburgh city (Allegheny, PA)",0.7468737298845732,2,143
N28230,40.496766,-80.011171,Summer Hill,"Pittsburgh city (Allegheny, PA)",0.7468737298845732,2,143
N28120,40.4960659999999,-80.0080829999999,Summer Hill,"Pittsburgh city (Allegheny, PA)",0.7468737298845732,2,143
N28290,40.496738,-80.011318,Summer Hill,"Pittsburgh city (Allegheny, PA)",0.7468737298845732,2,143
N28110,40.4964909999999,-80.0089839999999,Summer Hill,"Pittsburgh city (Allegheny, PA)",0.7468737298845732,2,143
S04480,40.4201899999999,-79.990915,Allentown,"Pittsburgh city (Allegheny, PA)",0.7481186662141524,2,284
S35280,40.4202099999999,-79.9907319999999,Allentown,"Pittsburgh city (Allegheny, PA)",0.7481186662141524,2,284
S04620,40.4179049999999,-79.9788989999999,Arlington-Arlington Heights,"Pittsburgh city (Allegheny, PA)",0.7499313253012049,1,249
S35250,40.4193009999999,-79.989446,Allentown,"Pittsburgh city (Allegheny, PA)",0.7499313253012049,1,249
S04360,40.4172009999999,-79.9677439999999,Arlington-Arlington Heights,"Pittsburgh city (Allegheny, PA)",0.7499313253012049,1,249
S04500,40.4176369999999,-79.9845069999999,South Side Slopes,"Pittsburgh city (Allegheny, PA)",0.7499313253012049,1,249
S26940,40.4238209999999,-79.969052,South Side Slopes,"Pittsburgh city (Allegheny, PA)",0.7499313253012049,1,249
S27020,40.42381,-79.968812,South Side Slopes,"Pittsburgh city (Allegheny, PA)",0.7499313253012049,1,249
S26920,40.4240759999999,-79.969795,South Side Slopes,"Pittsburgh city (Allegheny, PA)",0.7499313253012049,1,249
S70468,40.4215829999999,-79.9975919999999,Beltzhoover,"Pittsburgh city (Allegheny, PA)",0.7499313253012049,1,249
S26980,40.41996,-79.964246,South Side Slopes,"Pittsburgh city (Allegheny, PA)",0.7499313253012049,1,249
S04400,40.4173339999999,-79.9762719999999,Arlington-Arlington Heights,"Pittsburgh city (Allegheny, PA)",0.7499313253012049,1,249
S27000,40.4181069999999,-79.966897,South Side Slopes,"Pittsburgh city (Allegheny, PA)",0.7499313253012049,1,249
S27030,40.421863,-79.965044,South Side Slopes,"Pittsburgh city (Allegheny, PA)",0.7499313253012049,1,249
S04450,40.4175139999999,-79.965511,South Side Slopes,"Pittsburgh city (Allegheny, PA)",0.7499313253012049,1,249
S26950,40.4219099999999,-79.9649809999999,South Side Slopes,"Pittsburgh city (Allegheny, PA)",0.7499313253012049,1,249
S16180,40.428809,-79.980429,South Side Flats,"Pittsburgh city (Allegheny, PA)",0.7499313253012049,1,249
S70275,40.424233,-79.9699559999999,South Side Slopes,"Pittsburgh city (Allegheny, PA)",0.7499313253012049,1,249
S04490,40.4175619999999,-79.984648,,"Mount Oliver borough (Allegheny, PA)",0.7499313253012049,1,249
S04330,40.417496,-79.969558,Arlington-Arlington Heights,"Pittsburgh city (Allegheny, PA)",0.7499313253012049,1,249
S04430,40.419179,-79.989129,Allentown,"Pittsburgh city (Allegheny, PA)",0.7499313253012049,1,249
S47550,40.421692,-79.9922669999999,Allentown,"Pittsburgh city (Allegheny, PA)",0.7499313253012049,1,249
S04650,40.417301,-79.974405,South Side Slopes,"Pittsburgh city (Allegheny, PA)",0.7499313253012049,1,249
S04320,40.4175949999999,-79.97135,Arlington-Arlington Heights,"Pittsburgh city (Allegheny, PA)",0.7499313253012049,1,249
S27040,40.420043,-79.9642939999999,South Side Slopes,"Pittsburgh city (Allegheny, PA)",0.7499313253012049,1,249
S27050,40.418987,-79.9646769999999,South Side Slopes,"Pittsburgh city (Allegheny, PA)",0.7499313253012049,1,249
S70274,40.4258299999999,-79.969199,South Side Flats,"Pittsburgh city (Allegheny, PA)",0.7499313253012049,1,249
S04660,40.4175419999999,-79.969513,South Side Slopes,"Pittsburgh city (Allegheny, PA)",0.7499313253012049,1,249
S04460,40.417974,-79.9785339999999,South Side Slopes,"Pittsburgh city (Allegheny, PA)",0.7499313253012049,1,249
S04550,40.41727,-79.965618,Arlington-Arlington Heights,"Pittsburgh city (Allegheny, PA)",0.7499313253012049,1,249
S27070,40.422887,-79.96679,South Side Slopes,"Pittsburgh city (Allegheny, PA)",0.7499313253012049,1,249
S04310,40.417524,-79.971449,Arlington-Arlington Heights,"Pittsburgh city (Allegheny, PA)",0.7499313253012049,1,249
S04680,40.4172889999999,-79.967662,South Side Slopes,"Pittsburgh city (Allegheny, PA)",0.7499313253012049,1,249
S04670,40.417284,-79.9736539999999,Arlington-Arlington Heights,"Pittsburgh city (Allegheny, PA)",0.7499313253012049,1,249
S04260,40.417582,-79.986232,South Side Slopes,"Pittsburgh city (Allegheny, PA)",0.7499313253012049,1,249
S04720,40.417166,-79.9758609999999,South Side Slopes,"Pittsburgh city (Allegheny, PA)",0.7499313253012049,1,249
S00620,40.426475,-79.9687919999999,South Side Flats,"Pittsburgh city (Allegheny, PA)",0.7499313253012049,1,249
S04410,40.4176089999999,-79.982741,,"Mount Oliver borough (Allegheny, PA)",0.7499313253012049,1,249
S26990,40.418956,-79.964629,South Side Slopes,"Pittsburgh city (Allegheny, PA)",0.7499313253012049,1,249
S27060,40.4178319999999,-79.9667,South Side Slopes,"Pittsburgh city (Allegheny, PA)",0.7499313253012049,1,249
S04730,40.4176939999999,-79.9826139999999,South Side Slopes,"Pittsburgh city (Allegheny, PA)",0.7499313253012049,1,249
S70138,40.427449,-79.968584,South Side Flats,"Pittsburgh city (Allegheny, PA)",0.7499313253012049,1,249
S00590,40.427235,-79.96844,South Side Flats,"Pittsburgh city (Allegheny, PA)",0.7499313253012049,1,249
N31290,40.464635,-79.982009,Troy Hill,"Pittsburgh city (Allegheny, PA)",0.7532843373493976,1,128
N45820,40.465977,-79.981941,Troy Hill,"Pittsburgh city (Allegheny, PA)",0.7532843373493976,1,128
N37040,40.4795,-79.9876299999999,,"Reserve township (Allegheny, PA)",0.7532843373493976,1,128
N31200,40.463196,-79.983039,Troy Hill,"Pittsburgh city (Allegheny, PA)",0.7532843373493976,1,128
N45080,40.469022,-79.9828129999999,,"Reserve township (Allegheny, PA)",0.7532843373493976,1,128
N31300,40.4677099999999,-79.9799519999999,Troy Hill,"Pittsburgh city (Allegheny, PA)",0.7532843373493976,1,128
N37030,40.4793969999999,-79.987611,,"Reserve township (Allegheny, PA)",0.7532843373493976,1,128
N37000,40.490721,-79.992101,,"Reserve township (Allegheny, PA)",0.7532843373493976,1,128
N45850,40.467267,-79.9828849999999,Troy Hill,"Pittsburgh city (Allegheny, PA)",0.7532843373493976,1,128
N71234,40.46188,-79.984328,Troy Hill,"Pittsburgh city (Allegheny, PA)",0.7532843373493976,1,128
N23220,40.4611919999999,-79.984921,Troy Hill,"Pittsburgh city (Allegheny, PA)",0.7532843373493976,1,128
N45840,40.466569,-79.982324,Troy Hill,"Pittsburgh city (Allegheny, PA)",0.7532843373493976,1,128
N36950,40.478464,-79.9863849999999,,"Reserve township (Allegheny, PA)",0.7532843373493976,1,128
N37300,40.488016,-79.9920869999999,,"Reserve township (Allegheny, PA)",0.7532843373493976,1,128
N45120,40.4690969999999,-79.9827959999999,,"Reserve township (Allegheny, PA)",0.7532843373493976,1,128
N52605,40.456259,-79.9922959999999,East Allegheny,"Pittsburgh city (Allegheny, PA)",0.7532843373493976,1,128
N52580,40.459788,-79.9858729999999,Troy Hill,"Pittsburgh city (Allegheny, PA)",0.7532843373493976,1,128
N36970,40.4937139999999,-79.9950759999999,,"Reserve township (Allegheny, PA)",0.7532843373493976,1,128
N36930,40.47025,-79.9822539999999,,"Reserve township (Allegheny, PA)",0.7532843373493976,1,128
N52630,40.4596859999999,-79.985831,Troy Hill,"Pittsburgh city (Allegheny, PA)",0.7532843373493976,1,128
N31220,40.461989,-79.984108,Troy Hill,"Pittsburgh city (Allegheny, PA)",0.7532843373493976,1,128
N36960,40.485059,-79.9919749999999,,"Reserve township (Allegheny, PA)",0.7532843373493976,1,128
N52640,40.4603759999999,-79.984952,Troy Hill,"Pittsburgh city (Allegheny, PA)",0.7532843373493976,1,128
N52545,40.4555009999999,-79.994045,Troy Hill,"Pittsburgh city (Allegheny, PA)",0.7532843373493976,1,128
N52650,40.4575809999999,-79.9891429999999,Troy Hill,"Pittsburgh city (Allegheny, PA)",0.7532843373493976,1,128
N31320,40.466273,-79.980834,Troy Hill,"Pittsburgh city (Allegheny, PA)",0.7532843373493976,1,128
N37270,40.472433,-79.9830359999999,,"Reserve township (Allegheny, PA)",0.7532843373493976,1,128
N71339,40.4957309999999,-80.0006879999999,,"Reserve township (Allegheny, PA)",0.7532843373493976,1,128
N37290,40.4737259999999,-79.9844619999999,,"Reserve township (Allegheny, PA)",0.7532843373493976,1,128
N52670,40.456899,-79.990886,Troy Hill,"Pittsburgh city (Allegheny, PA)",0.7532843373493976,1,128
N37160,40.475278,-79.986928,,"Reserve township (Allegheny, PA)",0.7532843373493976,1,128
N37250,40.485641,-79.991881,,"Reserve township (Allegheny, PA)",0.7532843373493976,1,128
N29830,40.4648449999999,-79.982168,Troy Hill,"Pittsburgh city (Allegheny, PA)",0.7532843373493976,1,128
N37010,40.490628,-79.9919799999999,,"Reserve township (Allegheny, PA)",0.7532843373493976,1,128
N52540,40.4692689999999,-79.978632,Troy Hill,"Pittsburgh city (Allegheny, PA)",0.7532843373493976,1,128
N37050,40.4894809999999,-79.992484,,"Reserve township (Allegheny, PA)",0.7532843373493976,1,128
N28180,40.49678,-80.014756,Summer Hill,"Pittsburgh city (Allegheny, PA)",0.7532843373493976,1,128
N31270,40.4687929999999,-79.9790909999999,Troy Hill,"Pittsburgh city (Allegheny, PA)",0.7532843373493976,1,128
N28270,40.4966209999999,-80.0145729999999,Perry North,"Pittsburgh city (Allegheny, PA)",0.7532843373493976,1,128
N31360,40.4676949999999,-79.9798729999999,Troy Hill,"Pittsburgh city (Allegheny, PA)",0.7532843373493976,1,128
N37120,40.4814909999999,-79.989209,,"Reserve township (Allegheny, PA)",0.7532843373493976,1,128
N28130,40.4960469999999,-80.0075719999999,Summer Hill,"Pittsburgh city (Allegheny, PA)",0.7532843373493976,1,128
N37080,40.487644,-79.992033,,"Reserve township (Allegheny, PA)",0.7532843373493976,1,128
N37310,40.482084,-79.989472,,"Reserve township (Allegheny, PA)",0.7532843373493976,1,128
N28280,40.497304,-80.017454,Perry North,"Pittsburgh city (Allegheny, PA)",0.7532843373493976,1,128
N45830,40.4665749999999,-79.9824169999999,Troy Hill,"Pittsburgh city (Allegheny, PA)",0.7532843373493976,1,128
N36955,40.4782289999999,-79.986067,,"Reserve township (Allegheny, PA)",0.7532843373493976,1,128
N28210,40.4973409999999,-80.0178839999999,Perry North,"Pittsburgh city (Allegheny, PA)",0.7532843373493976,1,128
N52550,40.455497,-79.9944469999999,East Allegheny,"Pittsburgh city (Allegheny, PA)",0.7532843373493976,1,128
N52620,40.456887,-79.9910859999999,Troy Hill,"Pittsburgh city (Allegheny, PA)",0.7532843373493976,1,128
N71266,40.4959899999999,-80.0073289999999,Summer Hill,"Pittsburgh city (Allegheny, PA)",0.7532843373493976,1,128
N37060,40.47377,-79.9840779999999,,"Reserve township (Allegheny, PA)",0.7532843373493976,1,128
N37070,40.495739,-80.0003449999999,,"Ross township (Allegheny, PA)",0.7532843373493976,1,128
N29840,40.465614,-79.981896,Troy Hill,"Pittsburgh city (Allegheny, PA)",0.7532843373493976,1,128
N71267,40.495825,-80.0053719999999,Summer Hill,"Pittsburgh city (Allegheny, PA)",0.7532843373493976,1,128
N31250,40.464601,-79.9819509999999,Troy Hill,"Pittsburgh city (Allegheny, PA)",0.7532843373493976,1,128
N36940,40.470198,-79.982134,,"Reserve township (Allegheny, PA)",0.7532843373493976,1,128
N36980,40.493395,-79.9947719999999,,"Reserve township (Allegheny, PA)",0.7532843373493976,1,128
N31340,40.4631189999999,-79.982999,Troy Hill,"Pittsburgh city (Allegheny, PA)",0.7532843373493976,1,128
N31230,40.4659789999999,-79.980952,Troy Hill,"Pittsburgh city (Allegheny, PA)",0.7532843373493976,1,128
N37150,40.4739069999999,-79.986534,,"Reserve township (Allegheny, PA)",0.7532843373493976,1,128
N31280,40.4687059999999,-79.979071,Troy Hill,"Pittsburgh city (Allegheny, PA)",0.7532843373493976,1,128
N37220,40.495528,-79.998956,,"Ross township (Allegheny, PA)",0.7532843373493976,1,128
N37320,40.473908,-79.986626,,"Reserve township (Allegheny, PA)",0.7532843373493976,1,128
N37090,40.4767909999999,-79.987744,,"Reserve township (Allegheny, PA)",0.7532843373493976,1,128
N52600,40.457562,-79.989446,Troy Hill,"Pittsburgh city (Allegheny, PA)",0.7532843373493976,1,128
N52655,40.456318,-79.991996,Troy Hill,"Pittsburgh city (Allegheny, PA)",0.7532843373493976,1,128
N37280,40.4894749999999,-79.992393,,"Reserve township (Allegheny, PA)",0.7532843373493976,1,128
N37195,40.476891,-79.987588,,"Reserve township (Allegheny, PA)",0.7532843373493976,1,128
N37140,40.473447,-79.98524,,"Reserve township (Allegheny, PA)",0.7532843373493976,1,128
N52590,40.4602799999999,-79.985224,Troy Hill,"Pittsburgh city (Allegheny, PA)",0.7532843373493976,1,128
N37020,40.4725219999999,-79.982978,,"Reserve township (Allegheny, PA)",0.7532843373493976,1,128
N37130,40.47345,-79.9852369999999,,"Reserve township (Allegheny, PA)",0.7532843373493976,1,128
N53290,40.460915,-80.0026519999999,Fineview,"Pittsburgh city (Allegheny, PA)",0.7557734939759037,1,150
N13540,40.4606309999999,-80.0040869999999,Fineview,"Pittsburgh city (Allegheny, PA)",0.7557734939759037,1,150
N25490,40.4612169999999,-80.001631,Fineview,"Pittsburgh city (Allegheny, PA)",0.7557734939759037,1,150
N54505,40.46895,-80.0141799999999,Perry South,"Pittsburgh city (Allegheny, PA)",0.7557734939759037,1,150
N25530,40.459144,-80.0056969999999,Fineview,"Pittsburgh city (Allegheny, PA)",0.7557734939759037,1,150
N54510,40.467432,-80.013563,Perry South,"Pittsburgh city (Allegheny, PA)",0.7557734939759037,1,150
N33210,40.4635499999999,-80.0060139999999,Fineview,"Pittsburgh city (Allegheny, PA)",0.7557734939759037,1,150
N33220,40.4619199999999,-80.005492,Fineview,"Pittsburgh city (Allegheny, PA)",0.7557734939759037,1,150
N14630,40.471063,-80.008481,Perry South,"Pittsburgh city (Allegheny, PA)",0.7557734939759037,1,150
N46060,40.463748,-80.0053439999999,Fineview,"Pittsburgh city (Allegheny, PA)",0.7557734939759037,1,150
N33200,40.46247,-80.005679,Fineview,"Pittsburgh city (Allegheny, PA)",0.7557734939759037,1,150
N54520,40.465029,-80.0127839999999,Perry South,"Pittsburgh city (Allegheny, PA)",0.7557734939759037,1,150
N25510,40.4590329999999,-80.0068789999999,Central Northside,"Pittsburgh city (Allegheny, PA)",0.7557734939759037,1,150
N54790,40.4686889999999,-80.0041599999999,Perry South,"Pittsburgh city (Allegheny, PA)",0.7557734939759037,1,150
N25360,40.471237,-80.007174,Perry South,"Pittsburgh city (Allegheny, PA)",0.7557734939759037,1,150
N25500,40.459567,-80.0025789999999,Fineview,"Pittsburgh city (Allegheny, PA)",0.7557734939759037,1,150
N12120,40.470995,-80.0059899999999,Perry South,"Pittsburgh city (Allegheny, PA)",0.7557734939759037,1,150
N25390,40.464972,-80.0055679999999,Fineview,"Pittsburgh city (Allegheny, PA)",0.7557734939759037,1,150
N54530,40.4637719999999,-80.012369,Perry South,"Pittsburgh city (Allegheny, PA)",0.7557734939759037,1,150
N54500,40.4665269999999,-80.01327,Perry South,"Pittsburgh city (Allegheny, PA)",0.7557734939759037,1,150
N25370,40.4672899999999,-80.0058379999999,Fineview,"Pittsburgh city (Allegheny, PA)",0.7557734939759037,1,150
N33675,40.5798759999999,-80.221603,,"Ambridge borough (Beaver, PA)",0.7563674698795181,1,152
N08390,40.5423929999999,-80.1834489999999,,"Sewickley borough (Allegheny, PA)",0.7563674698795181,1,152
N08240,40.5638409999999,-80.205374,,"Leetsdale borough (Allegheny, PA)",0.7563674698795181,1,152
N33580,40.5837679999999,-80.2252909999999,,"Ambridge borough (Beaver, PA)",0.7563674698795181,1,152
N33660,40.5894679999999,-80.2292949999999,,"Ambridge borough (Beaver, PA)",0.7563674698795181,1,152
N08420,40.5785399999999,-80.22033,,"Leetsdale borough (Allegheny, PA)",0.7563674698795181,1,152
N14890,40.4517779999999,-80.027579,Manchester,"Pittsburgh city (Allegheny, PA)",0.7563674698795181,1,152
N08280,40.533931,-80.1734629999999,,"Glen Osborne borough (Allegheny, PA)",0.7563674698795181,1,152
N39750,40.5178829999999,-80.1306529999999,,"Glenfield borough (Allegheny, PA)",0.7563674698795181,1,152
N08410,40.5380249999999,-80.1782759999999,,"Sewickley borough (Allegheny, PA)",0.7563674698795181,1,152
N40080,40.5087199999999,-80.090674,,"Emsworth borough (Allegheny, PA)",0.7563674698795181,1,152
N40010,40.49521,-80.06587,,"Avalon borough (Allegheny, PA)",0.7563674698795181,1,152
N08150,40.5448409999999,-80.187094,,"Sewickley borough (Allegheny, PA)",0.7563674698795181,1,152
N08825,40.548419,-80.1895399999999,,"Edgeworth borough (Allegheny, PA)",0.7563674698795181,1,152
N39620,40.503582,-80.080877,,"Ben Avon borough (Allegheny, PA)",0.7563674698795181,1,152
N40353,40.491819,-80.0615329999999,,"Bellevue borough (Allegheny, PA)",0.7563674698795181,1,152
N33570,40.581822,-80.223754,,"Ambridge borough (Beaver, PA)",0.7563674698795181,1,152
N39550,40.4991589999999,-80.07141,,"Avalon borough (Allegheny, PA)",0.7563674698795181,1,152
N70149,40.4483889999999,-80.023019,Chateau,"Pittsburgh city (Allegheny, PA)",0.7563674698795181,1,152
N08450,40.536416,-80.1766089999999,,"Sewickley borough (Allegheny, PA)",0.7563674698795181,1,152
N71216,40.4476749999999,-80.0191619999999,Chateau,"Pittsburgh city (Allegheny, PA)",0.7563674698795181,1,152
N05686,40.592669,-80.228296,,"Ambridge borough (Beaver, PA)",0.7563674698795181,1,152
N08270,40.5563379999999,-80.1969739999999,,"Edgeworth borough (Allegheny, PA)",0.7563674698795181,1,152
N08690,40.561089,-80.2025639999999,,"Leetsdale borough (Allegheny, PA)",0.7563674698795181,1,152
N39500,40.511481,-80.100904,,"Emsworth borough (Allegheny, PA)",0.7563674698795181,1,152
N05685,40.592683,-80.228187,,"Ambridge borough (Beaver, PA)",0.7563674698795181,1,152
N39790,40.5019369999999,-80.0762079999999,,"Ben Avon borough (Allegheny, PA)",0.7563674698795181,1,152
N39540,40.4991369999999,-80.071566,,"Avalon borough (Allegheny, PA)",0.7563674698795181,1,152
N33540,40.5801159999999,-80.2222979999999,,"Ambridge borough (Beaver, PA)",0.7563674698795181,1,152
N08830,40.559516,-80.201192,,"Leetsdale borough (Allegheny, PA)",0.7563674698795181,1,152
N08300,40.551969,-80.1918459999999,,"Edgeworth borough (Allegheny, PA)",0.7563674698795181,1,152
N08500,40.5330829999999,-80.1718719999999,,"Glen Osborne borough (Allegheny, PA)",0.7563674698795181,1,152
N39520,40.508833,-80.090682,,"Emsworth borough (Allegheny, PA)",0.7563674698795181,1,152
N08810,40.5625039999999,-80.2040709999999,,"Leetsdale borough (Allegheny, PA)",0.7563674698795181,1,152
N08770,40.558785,-80.200394,,"Edgeworth borough (Allegheny, PA)",0.7563674698795181,1,152
N40240,40.486328,-80.0541649999999,,"Bellevue borough (Allegheny, PA)",0.7563674698795181,1,152
N71254,40.531536,-80.1690289999999,,"Glen Osborne borough (Allegheny, PA)",0.7563674698795181,1,152
N40320,40.511049,-80.099867,,"Emsworth borough (Allegheny, PA)",0.7563674698795181,1,152
N39570,40.510241,-80.094071,,"Emsworth borough (Allegheny, PA)",0.7563674698795181,1,152
N08220,40.540066,-80.180142,,"Sewickley borough (Allegheny, PA)",0.7563674698795181,1,152
N70022,40.5397359999999,-80.179899,,"Sewickley borough (Allegheny, PA)",0.7563674698795181,1,152
N08845,40.557205,-80.198096,,"Edgeworth borough (Allegheny, PA)",0.7563674698795181,1,152
N40030,40.51194,-80.1032359999999,,"Emsworth borough (Allegheny, PA)",0.7563674698795181,1,152
N39860,40.5105799999999,-80.0979229999999,,"Emsworth borough (Allegheny, PA)",0.7563674698795181,1,152
N33610,40.589542,-80.2294239999999,,"Ambridge borough (Beaver, PA)",0.7563674698795181,1,152
N08735,40.552024,-80.1917969999999,,"Edgeworth borough (Allegheny, PA)",0.7563674698795181,1,152
N14900,40.453522,-80.0281509999999,Manchester,"Pittsburgh city (Allegheny, PA)",0.7563674698795181,1,152
N08440,40.5468419999999,-80.189357,,"Edgeworth borough (Allegheny, PA)",0.7563674698795181,1,152
N40130,40.494317,-80.064299,,"Avalon borough (Allegheny, PA)",0.7563674698795181,1,152
N40400,40.487869,-80.056511,,"Bellevue borough (Allegheny, PA)",0.7563674698795181,1,152
N08780,40.5469829999999,-80.189306,,"Edgeworth borough (Allegheny, PA)",0.7563674698795181,1,152
N08660,40.5373409999999,-80.1774869999999,,"Sewickley borough (Allegheny, PA)",0.7563674698795181,1,152
N08360,40.5423389999999,-80.183232,,"Sewickley borough (Allegheny, PA)",0.7563674698795181,1,152
N39680,40.50139,-80.0748609999999,,"Avalon borough (Allegheny, PA)",0.7563674698795181,1,152
N08520,40.548647,-80.189678,,"Edgeworth borough (Allegheny, PA)",0.7563674698795181,1,152
N08490,40.533115,-80.172087,,"Glen Osborne borough (Allegheny, PA)",0.7563674698795181,1,152
N08560,40.526691,-80.159254,,"Glen Osborne borough (Allegheny, PA)",0.7563674698795181,1,152
N08160,40.545031,-80.187257,,"Sewickley borough (Allegheny, PA)",0.7563674698795181,1,152
N33490,40.5922869999999,-80.2303359999999,,"Ambridge borough (Beaver, PA)",0.7563674698795181,1,152
N71308,40.456333,-80.0300569999999,Chateau,"Pittsburgh city (Allegheny, PA)",0.7563674698795181,1,152
N40090,40.504826,-80.0846679999999,,"Ben Avon borough (Allegheny, PA)",0.7563674698795181,1,152
N39630,40.494148,-80.064288,,"Avalon borough (Allegheny, PA)",0.7563674698795181,1,152
N39720,40.500467,-80.0734269999999,,"Avalon borough (Allegheny, PA)",0.7563674698795181,1,152
N08100,40.4519999999999,-80.0286559999999,Chateau,"Pittsburgh city (Allegheny, PA)",0.7563674698795181,1,152
N40380,40.4888649999999,-80.057664,,"Bellevue borough (Allegheny, PA)",0.7563674698795181,1,152
N08170,40.536419,-80.1767049999999,,"Sewickley borough (Allegheny, PA)",0.7563674698795181,1,152
N08620,40.567805,-80.2114839999999,,"Leetsdale borough (Allegheny, PA)",0.7563674698795181,1,152
N08190,40.534951,-80.1753599999999,,"Sewickley borough (Allegheny, PA)",0.7563674698795181,1,152
N08590,40.5299669999999,-80.165513,,"Glen Osborne borough (Allegheny, PA)",0.7563674698795181,1,152
N33677,40.579884,-80.2213569999999,,"Ambridge borough (Beaver, PA)",0.7563674698795181,1,152
N33560,40.581977,-80.223977,,"Ambridge borough (Beaver, PA)",0.7563674698795181,1,152
N08710,40.569538,-80.2138599999999,,"Leetsdale borough (Allegheny, PA)",0.7563674698795181,1,152
N08380,40.5712509999999,-80.2163319999999,,"Leetsdale borough (Allegheny, PA)",0.7563674698795181,1,152
N39650,40.4959599999999,-80.0672009999999,,"Avalon borough (Allegheny, PA)",0.7563674698795181,1,152
N33595,40.586599,-80.227418,,"Ambridge borough (Beaver, PA)",0.7563674698795181,1,152
N39880,40.511139,-80.09971,,"Emsworth borough (Allegheny, PA)",0.7563674698795181,1,152
N08630,40.557237,-80.1982419999999,,"Edgeworth borough (Allegheny, PA)",0.7563674698795181,1,152
N08700,40.5412869999999,-80.181773,,"Sewickley borough (Allegheny, PA)",0.7563674698795181,1,152
N08180,40.5414809999999,-80.181943,,"Sewickley borough (Allegheny, PA)",0.7563674698795181,1,152
N08200,40.5349909999999,-80.1752929999999,,"Sewickley borough (Allegheny, PA)",0.7563674698795181,1,152
N08230,40.569439,-80.213829,,"Leetsdale borough (Allegheny, PA)",0.7563674698795181,1,152
N08550,40.566605,-80.2097459999999,,"Leetsdale borough (Allegheny, PA)",0.7563674698795181,1,152
N40230,40.51785,-80.1312319999999,,"Glenfield borough (Allegheny, PA)",0.7563674698795181,1,152
N08750,40.543882,-80.185546,,"Sewickley borough (Allegheny, PA)",0.7563674698795181,1,152
N39960,40.491826,-80.0613519999999,,"Bellevue borough (Allegheny, PA)",0.7563674698795181,1,152
N39800,40.497706,-80.0696509999999,,"Avalon borough (Allegheny, PA)",0.7563674698795181,1,152
N53753,40.450377,-80.0253649999999,Chateau,"Pittsburgh city (Allegheny, PA)",0.7563674698795181,1,152
N40120,40.503591,-80.0811599999999,,"Ben Avon borough (Allegheny, PA)",0.7563674698795181,1,152
N08540,40.559555,-80.2013189999999,,"Leetsdale borough (Allegheny, PA)",0.7563674698795181,1,152
N08760,40.5714189999999,-80.216356,,"Leetsdale borough (Allegheny, PA)",0.7563674698795181,1,152
N08880,40.561104,-80.2026599999999,,"Leetsdale borough (Allegheny, PA)",0.7563674698795181,1,152
N40150,40.4959369999999,-80.067434,,"Avalon borough (Allegheny, PA)",0.7563674698795181,1,152
N33500,40.5926759999999,-80.230367,,"Ambridge borough (Beaver, PA)",0.7563674698795181,1,152
N40000,40.487903,-80.056318,,"Bellevue borough (Allegheny, PA)",0.7563674698795181,1,152
N39490,40.5114,-80.101116,,"Emsworth borough (Allegheny, PA)",0.7563674698795181,1,152
N40200,40.5004479999999,-80.0735669999999,,"Avalon borough (Allegheny, PA)",0.7563674698795181,1,152
N08720,40.5640539999999,-80.205796,,"Leetsdale borough (Allegheny, PA)",0.7563674698795181,1,152
N71255,40.531511,-80.1687699999999,,"Glen Osborne borough (Allegheny, PA)",0.7563674698795181,1,152
N08730,40.5562469999999,-80.196793,,"Edgeworth borough (Allegheny, PA)",0.7563674698795181,1,152
N08120,40.453468,-80.0291289999999,Chateau,"Pittsburgh city (Allegheny, PA)",0.7563674698795181,1,152
N08470,40.562412,-80.203866,,"Leetsdale borough (Allegheny, PA)",0.7563674698795181,1,152
N08870,40.5284199999999,-80.161725,,"Glen Osborne borough (Allegheny, PA)",0.7563674698795181,1,152
N08290,40.5775969999999,-80.2203599999999,,"Leetsdale borough (Allegheny, PA)",0.7563674698795181,1,152
N08250,40.550271,-80.190464,,"Edgeworth borough (Allegheny, PA)",0.7563674698795181,1,152
N08580,40.5299309999999,-80.1655889999999,,"Glen Osborne borough (Allegheny, PA)",0.7563674698795181,1,152
N08510,40.5372789999999,-80.1775339999999,,"Sewickley borough (Allegheny, PA)",0.7563674698795181,1,152
N08430,40.534035,-80.173831,,"Glen Osborne borough (Allegheny, PA)",0.7563674698795181,1,152
N33590,40.5840419999999,-80.2253929999999,,"Ambridge borough (Beaver, PA)",0.7563674698795181,1,152
N08840,40.5666799999999,-80.2097389999999,,"Leetsdale borough (Allegheny, PA)",0.7563674698795181,1,152
N39780,40.5121839999999,-80.1036759999999,,"Emsworth borough (Allegheny, PA)",0.7563674698795181,1,152
N40060,40.5101349999999,-80.0941129999999,,"Emsworth borough (Allegheny, PA)",0.7563674698795181,1,152
N39980,40.488804,-80.0578139999999,,"Bellevue borough (Allegheny, PA)",0.7563674698795181,1,152
N08090,40.44961,-80.0270349999999,Chateau,"Pittsburgh city (Allegheny, PA)",0.7563674698795181,1,152
N71252,40.4977719999999,-80.069861,,"Avalon borough (Allegheny, PA)",0.7563674698795181,1,152
N08680,40.528281,-80.1614179999999,,"Glen Osborne borough (Allegheny, PA)",0.7563674698795181,1,152
N08650,40.5650029999999,-80.2071179999999,,"Leetsdale borough (Allegheny, PA)",0.7563674698795181,1,152
N14910,40.452677,-80.0278799999999,Manchester,"Pittsburgh city (Allegheny, PA)",0.7563674698795181,1,152
N08350,40.543776,-80.1855079999999,,"Sewickley borough (Allegheny, PA)",0.7563674698795181,1,152
N08570,40.5265819999999,-80.1588749999999,,"Haysville borough (Allegheny, PA)",0.7563674698795181,1,152
N71341,40.586488,-80.2272289999999,,"Ambridge borough (Beaver, PA)",0.7563674698795181,1,152
N39810,40.5104789999999,-80.09806,,"Emsworth borough (Allegheny, PA)",0.7563674698795181,1,152
N40310,40.501564,-80.075483,,"Ben Avon borough (Allegheny, PA)",0.7563674698795181,1,152
N08610,40.567784,-80.2115859999999,,"Leetsdale borough (Allegheny, PA)",0.7563674698795181,1,152
N08260,40.550158,-80.1902999999999,,"Edgeworth borough (Allegheny, PA)",0.7563674698795181,1,152
N08860,40.564936,-80.2069189999999,,"Leetsdale borough (Allegheny, PA)",0.7563674698795181,1,152
N08670,40.538414,-80.1785349999999,,"Sewickley borough (Allegheny, PA)",0.7563674698795181,1,152
N39560,40.504964,-80.0847849999999,,"Ben Avon borough (Allegheny, PA)",0.7563674698795181,1,152
W21740,40.441242,-80.0366659999999,Elliott,"Pittsburgh city (Allegheny, PA)",0.7565455158861645,3,503
W21410,40.44192,-80.0346109999999,West End,"Pittsburgh city (Allegheny, PA)",0.7565455158861645,3,503
W21800,40.442464,-80.0331149999999,West End,"Pittsburgh city (Allegheny, PA)",0.7565455158861645,3,503
W21890,40.441639,-80.0353989999999,Elliott,"Pittsburgh city (Allegheny, PA)",0.7565455158861645,3,503
W21810,40.4424119999999,-80.033496,West End,"Pittsburgh city (Allegheny, PA)",0.7576048007771828,3,498
W21610,40.4413259999999,-80.0374779999999,Elliott,"Pittsburgh city (Allegheny, PA)",0.7576048007771828,3,498
W21660,40.441723,-80.035398,West End,"Pittsburgh city (Allegheny, PA)",0.7576048007771828,3,498
N43030,40.5087949999999,-80.029448,,"Ross township (Allegheny, PA)",0.7577978058575767,2,369
E42150,40.4476889999999,-79.947517,Shadyside,"Pittsburgh city (Allegheny, PA)",0.7588503600475403,2,517
S47570,40.4207869999999,-80.0047129999999,Beltzhoover,"Pittsburgh city (Allegheny, PA)",0.759487833011583,2,259
S70259,40.4200129999999,-80.0078919999999,Mount Washington,"Pittsburgh city (Allegheny, PA)",0.759487833011583,2,259
E42140,40.447346,-79.9474689999999,North Oakland,"Pittsburgh city (Allegheny, PA)",0.7596952591977104,2,522
S70109,40.322443,-79.834806,,"Versailles borough (Allegheny, PA)",0.7597852101153703,2,142
X18880,40.4297779999999,-80.00807,Mount Washington,"Pittsburgh city (Allegheny, PA)",0.7615112500000001,1,167
X07080,40.4390229999999,-80.027202,Duquesne Heights,"Pittsburgh city (Allegheny, PA)",0.7615112500000001,1,162
X18780,40.431054,-80.010226,Mount Washington,"Pittsburgh city (Allegheny, PA)",0.7615112500000001,1,162
X17727,40.425932,-80.0092389999999,Mount Washington,"Pittsburgh city (Allegheny, PA)",0.7615112500000001,1,162
X06910,40.4373099999999,-80.01733,Mount Washington,"Pittsburgh city (Allegheny, PA)",0.7615112500000001,1,167
X17655,40.4245469999999,-80.0102559999999,Mount Washington,"Pittsburgh city (Allegheny, PA)",0.7615112500000001,1,162
X17680,40.428699,-80.008103,Mount Washington,"Pittsburgh city (Allegheny, PA)",0.7615112500000001,1,167
X18810,40.430636,-80.0094469999999,Mount Washington,"Pittsburgh city (Allegheny, PA)",0.7615112500000001,1,162
X18720,40.4314219999999,-80.0121649999999,Mount Washington,"Pittsburgh city (Allegheny, PA)",0.7615112500000001,1,167
X07030,40.439711,-80.021923,Duquesne Heights,"Pittsburgh city (Allegheny, PA)",0.7615112500000001,1,162
X17737,40.4223849999999,-80.0123499999999,Mount Washington,"Pittsburgh city (Allegheny, PA)",0.7615112500000001,1,162
X70022,40.431984,-80.01554,Mount Washington,"Pittsburgh city (Allegheny, PA)",0.7615112500000001,1,167
X17677,40.418807,-80.013647,Mount Washington,"Pittsburgh city (Allegheny, PA)",0.7615112500000001,1,167
X18770,40.431144,-80.010727,Mount Washington,"Pittsburgh city (Allegheny, PA)",0.7615112500000001,1,167
X17653,40.423755,-80.0110399999999,Mount Washington,"Pittsburgh city (Allegheny, PA)",0.7615112500000001,1,162
X18800,40.430652,-80.009673,Mount Washington,"Pittsburgh city (Allegheny, PA)",0.7615112500000001,1,167
X70068,40.4344899999999,-80.015973,Mount Washington,"Pittsburgh city (Allegheny, PA)",0.7615112500000001,1,162
X09310,40.4346049999999,-80.0160429999999,Mount Washington,"Pittsburgh city (Allegheny, PA)",0.7615112500000001,1,167
X17690,40.4238069999999,-80.011104,Mount Washington,"Pittsburgh city (Allegheny, PA)",0.7615112500000001,1,167
X09330,40.4322349999999,-80.016524,Mount Washington,"Pittsburgh city (Allegheny, PA)",0.7615112500000001,1,167
X05460,40.440038,-80.027037,Duquesne Heights,"Pittsburgh city (Allegheny, PA)",0.7615112500000001,1,167
X17730,40.4245939999999,-80.010311,Mount Washington,"Pittsburgh city (Allegheny, PA)",0.7615112500000001,1,167
X15270,40.440375,-80.025209,Duquesne Heights,"Pittsburgh city (Allegheny, PA)",0.7615112500000001,1,162
X07050,40.440406,-80.0231189999999,Duquesne Heights,"Pittsburgh city (Allegheny, PA)",0.7615112500000001,1,162
X15260,40.4390659999999,-80.0264169999999,Duquesne Heights,"Pittsburgh city (Allegheny, PA)",0.7615112500000001,1,162
X17670,40.421503,-80.0127339999999,Mount Washington,"Pittsburgh city (Allegheny, PA)",0.7615112500000001,1,167
X17736,40.4287879999999,-80.007344,Mount Washington,"Pittsburgh city (Allegheny, PA)",0.7615112500000001,1,162
X18730,40.4314729999999,-80.012191,Mount Washington,"Pittsburgh city (Allegheny, PA)",0.7615112500000001,1,162
X70067,40.433118,-80.016261,Mount Washington,"Pittsburgh city (Allegheny, PA)",0.7615112500000001,1,162
X17652,40.420177,-80.013101,Mount Washington,"Pittsburgh city (Allegheny, PA)",0.7615112500000001,1,162
X07040,40.4388319999999,-80.0203709999999,Duquesne Heights,"Pittsburgh city (Allegheny, PA)",0.7615112500000001,1,162
X06940,40.436425,-80.015718,Mount Washington,"Pittsburgh city (Allegheny, PA)",0.7615112500000001,1,167
X17735,40.425069,-80.009668,Mount Washington,"Pittsburgh city (Allegheny, PA)",0.7615112500000001,1,162
X70057,40.4379169999999,-80.0182499999999,Mount Washington,"Pittsburgh city (Allegheny, PA)",0.7615112500000001,1,162
X17740,40.4260239999999,-80.0092879999999,Mount Washington,"Pittsburgh city (Allegheny, PA)",0.7615112500000001,1,167
X17729,40.4275349999999,-80.0088769999999,Mount Washington,"Pittsburgh city (Allegheny, PA)",0.7615112500000001,1,162
X17660,40.421778,-80.012557,Mount Washington,"Pittsburgh city (Allegheny, PA)",0.7615112500000001,1,162
X18890,40.4298959999999,-80.0080169999999,Mount Washington,"Pittsburgh city (Allegheny, PA)",0.7615112500000001,1,162
X17734,40.428091,-80.0086349999999,Mount Washington,"Pittsburgh city (Allegheny, PA)",0.7615112500000001,1,162
X16330,40.429105,-80.0073409999999,Mount Washington,"Pittsburgh city (Allegheny, PA)",0.7615112500000001,1,167
X17675,40.418773,-80.013575,Mount Washington,"Pittsburgh city (Allegheny, PA)",0.7615112500000001,1,162
X18750,40.4319869999999,-80.015247,Mount Washington,"Pittsburgh city (Allegheny, PA)",0.7615112500000001,1,162
X18840,40.431719,-80.013531,Mount Washington,"Pittsburgh city (Allegheny, PA)",0.7615112500000001,1,162
X06860,40.4397489999999,-80.0221329999999,Duquesne Heights,"Pittsburgh city (Allegheny, PA)",0.7615112500000001,1,167
X07010,40.440396,-80.0232239999999,Duquesne Heights,"Pittsburgh city (Allegheny, PA)",0.7615112500000001,1,167
X07000,40.4381879999999,-80.0189359999999,Duquesne Heights,"Pittsburgh city (Allegheny, PA)",0.7615112500000001,1,167
X06890,40.437868,-80.0183229999999,Mount Washington,"Pittsburgh city (Allegheny, PA)",0.7615112500000001,1,167
X70056,40.437296,-80.0171919999999,Mount Washington,"Pittsburgh city (Allegheny, PA)",0.7615112500000001,1,162
X09320,40.43332,-80.016311,Mount Washington,"Pittsburgh city (Allegheny, PA)",0.7615112500000001,1,167
X17732,40.4267079999999,-80.008982,Mount Washington,"Pittsburgh city (Allegheny, PA)",0.7615112500000001,1,162
X16315,40.42927,-80.007281,Mount Washington,"Pittsburgh city (Allegheny, PA)",0.7615112500000001,1,162
X17700,40.428167,-80.008668,Mount Washington,"Pittsburgh city (Allegheny, PA)",0.7615112500000001,1,167
X17720,40.419825,-80.013304,Mount Washington,"Pittsburgh city (Allegheny, PA)",0.7615112500000001,1,167
X70029,40.427531,-80.008949,Mount Washington,"Pittsburgh city (Allegheny, PA)",0.7615112500000001,1,167
X70055,40.43632,-80.015608,Mount Washington,"Pittsburgh city (Allegheny, PA)",0.7615112500000001,1,162
X18790,40.432161,-80.016383,Mount Washington,"Pittsburgh city (Allegheny, PA)",0.7615112500000001,1,162
X18841,40.4317449999999,-80.0139729999999,Mount Washington,"Pittsburgh city (Allegheny, PA)",0.7615112500000001,1,167
X15590,40.440299,-80.0253909999999,Duquesne Heights,"Pittsburgh city (Allegheny, PA)",0.7615112500000001,1,167
X06990,40.438827,-80.0205739999999,Duquesne Heights,"Pittsburgh city (Allegheny, PA)",0.7615112500000001,1,167
N71205,40.4572319999999,-80.007126,Central Northside,"Pittsburgh city (Allegheny, PA)",0.7626932052303029,2,469
N43650,40.4603159999999,-80.013187,Perry South,"Pittsburgh city (Allegheny, PA)",0.7626932052303029,2,469
N43760,40.4614479999999,-80.013643,Perry South,"Pittsburgh city (Allegheny, PA)",0.7626932052303029,2,469
N43590,40.4630439999999,-80.013807,Perry South,"Pittsburgh city (Allegheny, PA)",0.7626932052303029,2,469
N19290,40.4577439999999,-80.007458,Central Northside,"Pittsburgh city (Allegheny, PA)",0.7626932052303029,2,469
N19170,40.4587629999999,-80.007621,Central Northside,"Pittsburgh city (Allegheny, PA)",0.7626932052303029,2,469
N19120,40.458938,-80.007857,Central Northside,"Pittsburgh city (Allegheny, PA)",0.7626932052303029,2,469
N19270,40.4558869999999,-80.0066999999999,Central Northside,"Pittsburgh city (Allegheny, PA)",0.7626932052303029,2,469
N43450,40.4611549999999,-80.0088939999999,Central Northside,"Pittsburgh city (Allegheny, PA)",0.7626932052303029,2,469
S43040,40.43296,-80.003494,South Shore,"Pittsburgh city (Allegheny, PA)",0.7631778185643516,4,633
X02260,40.3646389999999,-80.086596,,"Scott township (Allegheny, PA)",0.76378875,1,140
X20280,40.4003919999999,-80.0236259999999,Beechview,"Pittsburgh city (Allegheny, PA)",0.76378875,1,140
X18580,40.374319,-80.0923049999999,,"Scott township (Allegheny, PA)",0.76378875,1,140
X70088,40.3581539999999,-80.105523,,"Bridgeville borough (Allegheny, PA)",0.76378875,1,140
X20240,40.397784,-80.027957,Beechview,"Pittsburgh city (Allegheny, PA)",0.76378875,1,140
X20250,40.3938279999999,-80.035899,,"Dormont borough (Allegheny, PA)",0.76378875,1,140
X02620,40.373441,-80.075562,,"Mount Lebanon township (Allegheny, PA)",0.76378875,1,140
X02590,40.358359,-80.105141,,"Bridgeville borough (Allegheny, PA)",0.76378875,1,140
X00530,40.350434,-80.1049479999999,,"Bridgeville borough (Allegheny, PA)",0.76378875,1,140
X02680,40.3743839999999,-80.07371,,"Mount Lebanon township (Allegheny, PA)",0.76378875,1,140
X02170,40.381925,-80.0580199999999,,"Mount Lebanon township (Allegheny, PA)",0.76378875,1,140
X70082,40.3615679999999,-80.0899809999999,,"Upper St. Clair township (Allegheny, PA)",0.76378875,1,140
X18560,40.369478,-80.085734,,"Scott township (Allegheny, PA)",0.76378875,1,140
X08854,40.3730639999999,-80.083892,,"Scott township (Allegheny, PA)",0.76378875,1,140
X20010,40.4051779999999,-80.0187899999999,Brookline,"Pittsburgh city (Allegheny, PA)",0.76378875,1,140
X02150,40.3718379999999,-80.082474,,"Scott township (Allegheny, PA)",0.76378875,1,140
X02320,40.3668369999999,-80.086314,,"Scott township (Allegheny, PA)",0.76378875,1,140
X02375,40.378362,-80.064644,,"Mount Lebanon township (Allegheny, PA)",0.76378875,1,140
X05120,40.356428,-80.1103289999999,,"Bridgeville borough (Allegheny, PA)",0.76378875,1,140
X20410,40.40278,-80.020971,Beechview,"Pittsburgh city (Allegheny, PA)",0.76378875,1,140
X70073,40.387284,-80.0435489999999,,"Mount Lebanon township (Allegheny, PA)",0.76378875,1,140
X08851,40.3773509999999,-80.0904969999999,,"Scott township (Allegheny, PA)",0.76378875,1,140
X02330,40.380547,-80.0613749999999,,"Mount Lebanon township (Allegheny, PA)",0.76378875,1,140
X02650,40.384526,-80.0554599999999,,"Mount Lebanon township (Allegheny, PA)",0.76378875,1,140
X20080,40.3925899999999,-80.0375329999999,,"Dormont borough (Allegheny, PA)",0.76378875,1,140
X20050,40.395175,-80.0339859999999,,"Dormont borough (Allegheny, PA)",0.76378875,1,140
X02390,40.3714769999999,-80.079587,,"Scott township (Allegheny, PA)",0.76378875,1,140
X20370,40.401657,-80.022164,Brookline,"Pittsburgh city (Allegheny, PA)",0.76378875,1,140
X20435,40.398453,-80.0261399999999,Beechview,"Pittsburgh city (Allegheny, PA)",0.76378875,1,140
X00490,40.355091,-80.1084749999999,,"Bridgeville borough (Allegheny, PA)",0.76378875,1,140
X20140,40.3912419999999,-80.0392559999999,,"Dormont borough (Allegheny, PA)",0.76378875,1,140
X02290,40.373246,-80.0755869999999,,"Mount Lebanon township (Allegheny, PA)",0.76378875,1,140
X08847,40.378087,-80.091418,,"Scott township (Allegheny, PA)",0.76378875,1,140
X02310,40.3665949999999,-80.08637,,"Scott township (Allegheny, PA)",0.76378875,1,140
X20230,40.3974789999999,-80.0284439999999,Brookline,"Pittsburgh city (Allegheny, PA)",0.76378875,1,140
X02430,40.374374,-80.073425,,"Mount Lebanon township (Allegheny, PA)",0.76378875,1,140
X20200,40.402687,-80.020869,Brookline,"Pittsburgh city (Allegheny, PA)",0.76378875,1,140
X08843,40.375371,-80.087923,,"Scott township (Allegheny, PA)",0.76378875,1,140
X18575,40.371625,-80.0888429999999,,"Scott township (Allegheny, PA)",0.76378875,1,140
X20090,40.3967049999999,-80.031013,,"Dormont borough (Allegheny, PA)",0.76378875,1,140
X20310,40.408332,-80.0177599999999,Brookline,"Pittsburgh city (Allegheny, PA)",0.76378875,1,140
X70016,40.360208,-80.1015,,"Bridgeville borough (Allegheny, PA)",0.76378875,1,140
X08849,40.375956,-80.0886189999999,,"Scott township (Allegheny, PA)",0.76378875,1,140
X18590,40.3742609999999,-80.0923229999999,,"Scott township (Allegheny, PA)",0.76378875,1,140
X02160,40.3719669999999,-80.0778949999999,,"Mount Lebanon township (Allegheny, PA)",0.76378875,1,140
X20400,40.395642,-80.033494,,"Dormont borough (Allegheny, PA)",0.76378875,1,140
X02410,40.3621059999999,-80.0978779999999,,"Bridgeville borough (Allegheny, PA)",0.76378875,1,140
X10265,40.377026,-80.092876,,"Scott township (Allegheny, PA)",0.76378875,1,140
X02640,40.381722,-80.058773,,"Mount Lebanon township (Allegheny, PA)",0.76378875,1,140
X02240,40.376584,-80.067407,,"Mount Lebanon township (Allegheny, PA)",0.76378875,1,140
X02040,40.375458,-80.0697629999999,,"Mount Lebanon township (Allegheny, PA)",0.76378875,1,140
X08850,40.3772489999999,-80.090478,,"Scott township (Allegheny, PA)",0.76378875,1,140
S42275,40.412922,-80.010822,Beechview,"Pittsburgh city (Allegheny, PA)",0.76378875,1,140
X00550,40.3538229999999,-80.106611,,"Bridgeville borough (Allegheny, PA)",0.76378875,1,140
X15150,40.358235,-80.1103789999999,,"Bridgeville borough (Allegheny, PA)",0.76378875,1,140
X02670,40.377887,-80.0651639999999,,"Mount Lebanon township (Allegheny, PA)",0.76378875,1,140
X02120,40.376167,-80.0678369999999,,"Mount Lebanon township (Allegheny, PA)",0.76378875,1,140
X19990,40.4105709999999,-80.0154869999999,Beechview,"Pittsburgh city (Allegheny, PA)",0.76378875,1,140
X00470,40.3537109999999,-80.1065859999999,,"Bridgeville borough (Allegheny, PA)",0.76378875,1,140
X20170,40.4019029999999,-80.0220709999999,Beechview,"Pittsburgh city (Allegheny, PA)",0.76378875,1,140
X02580,40.3821239999999,-80.0578529999999,,"Mount Lebanon township (Allegheny, PA)",0.76378875,1,140
X02060,40.3724399999999,-80.0764769999999,,"Mount Lebanon township (Allegheny, PA)",0.76378875,1,140
X02280,40.380076,-80.062897,,"Mount Lebanon township (Allegheny, PA)",0.76378875,1,140
X00460,40.3531309999999,-80.105911,,"Bridgeville borough (Allegheny, PA)",0.76378875,1,140
X02540,40.361173,-80.1002979999999,,"Bridgeville borough (Allegheny, PA)",0.76378875,1,140
X18577,40.3722169999999,-80.089814,,"Scott township (Allegheny, PA)",0.76378875,1,140
X08846,40.378016,-80.0914499999999,,"Scott township (Allegheny, PA)",0.76378875,1,140
X08845,40.37523,-80.0875999999999,,"Scott township (Allegheny, PA)",0.76378875,1,140
X02520,40.383077,-80.0566469999999,,"Mount Lebanon township (Allegheny, PA)",0.76378875,1,140
X18570,40.369455,-80.085846,,"Scott township (Allegheny, PA)",0.76378875,1,140
X70076,40.391328,-80.038927,,"Dormont borough (Allegheny, PA)",0.76378875,1,140
X20110,40.389702,-80.0414959999999,,"Dormont borough (Allegheny, PA)",0.76378875,1,140
X02270,40.3797599999999,-80.063136,,"Mount Lebanon township (Allegheny, PA)",0.76378875,1,140
X00450,40.3562129999999,-80.110138,,"Bridgeville borough (Allegheny, PA)",0.76378875,1,140
X02660,40.371473,-80.0800729999999,,"Scott township (Allegheny, PA)",0.76378875,1,140
X08853,40.3739119999999,-80.084665,,"Scott township (Allegheny, PA)",0.76378875,1,140
X19440,40.3870569999999,-80.0437579999999,,"Mount Lebanon township (Allegheny, PA)",0.76378875,1,140
X20590,40.3504009999999,-80.104623,,"Bridgeville borough (Allegheny, PA)",0.76378875,1,140
X18555,40.368861,-80.0848349999999,,"Scott township (Allegheny, PA)",0.76378875,1,140
X70086,40.3718509999999,-80.0827519999999,,"Scott township (Allegheny, PA)",0.76378875,1,140
X02360,40.3598649999999,-80.101768,,"Bridgeville borough (Allegheny, PA)",0.76378875,1,140
X02560,40.3750059999999,-80.071841,,"Mount Lebanon township (Allegheny, PA)",0.76378875,1,140
S42415,40.413156,-80.010945,Beechview,"Pittsburgh city (Allegheny, PA)",0.76378875,1,140
X20070,40.392318,-80.037655,,"Dormont borough (Allegheny, PA)",0.76378875,1,140
X02130,40.3748769999999,-80.0719019999999,,"Mount Lebanon township (Allegheny, PA)",0.76378875,1,140
X15160,40.3580159999999,-80.1107059999999,,"Bridgeville borough (Allegheny, PA)",0.76378875,1,140
X20020,40.405405,-80.0188849999999,Beechview,"Pittsburgh city (Allegheny, PA)",0.76378875,1,140
X02370,40.381424,-80.059059,,"Mount Lebanon township (Allegheny, PA)",0.76378875,1,140
X09540,40.349111,-80.10398,,"Upper St. Clair township (Allegheny, PA)",0.76378875,1,140
X08861,40.373069,-80.083982,,"Scott township (Allegheny, PA)",0.76378875,1,140
X02070,40.384864,-80.053572,,"Mount Lebanon township (Allegheny, PA)",0.76378875,1,140
X02080,40.3848899999999,-80.0539229999999,,"Mount Lebanon township (Allegheny, PA)",0.76378875,1,140
X70078,40.4103479999999,-80.0155919999999,Brookline,"Pittsburgh city (Allegheny, PA)",0.76378875,1,140
X02610,40.3642279999999,-80.086916,,"Scott township (Allegheny, PA)",0.76378875,1,140
X70015,40.359022,-80.1088929999999,,"Bridgeville borough (Allegheny, PA)",0.76378875,1,140
X08848,40.375889,-80.088639,,"Scott township (Allegheny, PA)",0.76378875,1,140
X00500,40.355192,-80.108766,,"Bridgeville borough (Allegheny, PA)",0.76378875,1,140
X19970,40.398558,-80.025756,Brookline,"Pittsburgh city (Allegheny, PA)",0.76378875,1,140
X10260,40.3768439999999,-80.092911,,"Scott township (Allegheny, PA)",0.76378875,1,140
X02380,40.384303,-80.055672,,"Mount Lebanon township (Allegheny, PA)",0.76378875,1,140
X18550,40.368406,-80.084332,,"Scott township (Allegheny, PA)",0.76378875,1,140
X02570,40.372076,-80.0779129999999,,"Mount Lebanon township (Allegheny, PA)",0.76378875,1,140
X02350,40.3586209999999,-80.1039779999999,,"Bridgeville borough (Allegheny, PA)",0.76378875,1,140
X02530,40.372632,-80.0764259999999,,"Mount Lebanon township (Allegheny, PA)",0.76378875,1,140
X20000,40.408661,-80.0176759999999,Beechview,"Pittsburgh city (Allegheny, PA)",0.76378875,1,140
X02335,40.380664,-80.0613769999999,,"Mount Lebanon township (Allegheny, PA)",0.76378875,1,140
X08860,40.374043,-80.085023,,"Scott township (Allegheny, PA)",0.76378875,1,140
X19930,40.3967829999999,-80.0304139999999,Brookline,"Pittsburgh city (Allegheny, PA)",0.76378875,1,140
X20320,40.3896609999999,-80.041336,,"Dormont borough (Allegheny, PA)",0.76378875,1,140
X00480,40.3530439999999,-80.1057059999999,,"Bridgeville borough (Allegheny, PA)",0.76378875,1,140
X20430,40.393816,-80.0361099999999,,"Dormont borough (Allegheny, PA)",0.76378875,1,140
X19920,40.400055,-80.023769,Brookline,"Pittsburgh city (Allegheny, PA)",0.76378875,1,140
X02050,40.383189,-80.0564269999999,,"Mount Lebanon township (Allegheny, PA)",0.76378875,1,140
X02440,40.3622129999999,-80.097662,,"Bridgeville borough (Allegheny, PA)",0.76378875,1,140
S47540,40.4217119999999,-79.997246,Allentown,"Pittsburgh city (Allegheny, PA)",0.7650597989276139,2,373
S47510,40.4218449999999,-79.9935789999999,Allentown,"Pittsburgh city (Allegheny, PA)",0.7650597989276139,2,373
S47520,40.42174,-79.9925109999999,Allentown,"Pittsburgh city (Allegheny, PA)",0.7650597989276139,2,373
S47500,40.4216729999999,-79.993841,Allentown,"Pittsburgh city (Allegheny, PA)",0.7650597989276139,2,373
N42660,40.5185809999999,-80.026751,,"West View borough (Allegheny, PA)",0.7659469879518073,1,319
N44030,40.4664509999999,-80.011206,Perry South,"Pittsburgh city (Allegheny, PA)",0.7659469879518073,1,319
N43020,40.5036229999999,-80.0255269999999,,"Ross township (Allegheny, PA)",0.7659469879518073,1,319
N43190,40.5184229999999,-80.0276659999999,,"West View borough (Allegheny, PA)",0.7659469879518073,1,319
N43230,40.5052379999999,-80.0285709999999,,"Ross township (Allegheny, PA)",0.7659469879518073,1,319
N13690,40.5158729999999,-80.02253,,"West View borough (Allegheny, PA)",0.7659469879518073,1,319
N43060,40.5043319999999,-80.0266649999999,,"Ross township (Allegheny, PA)",0.7659469879518073,1,319
N42670,40.4939639999999,-80.0217169999999,Perry North,"Pittsburgh city (Allegheny, PA)",0.7659469879518073,1,319
N44100,40.46363,-80.0123509999999,Perry South,"Pittsburgh city (Allegheny, PA)",0.7659469879518073,1,319
N43970,40.464931,-80.0115789999999,Perry South,"Pittsburgh city (Allegheny, PA)",0.7659469879518073,1,319
N43630,40.468736,-80.0094469999999,Perry South,"Pittsburgh city (Allegheny, PA)",0.7659469879518073,1,319
N43395,40.46406,-80.011255,Perry South,"Pittsburgh city (Allegheny, PA)",0.7659469879518073,1,319
N13970,40.5143289999999,-80.0241649999999,,"West View borough (Allegheny, PA)",0.7659469879518073,1,319
N13860,40.5166389999999,-80.0220089999999,,"West View borough (Allegheny, PA)",0.7659469879518073,1,319
N14030,40.50995,-80.0282629999999,,"West View borough (Allegheny, PA)",0.7659469879518073,1,319
N14310,40.5151299999999,-80.0231529999999,,"West View borough (Allegheny, PA)",0.7659469879518073,1,319
N42430,40.517924,-80.029064,,"West View borough (Allegheny, PA)",0.7659469879518073,1,319
N13810,40.513314,-80.025693,,"West View borough (Allegheny, PA)",0.7659469879518073,1,319
N43620,40.468921,-80.0093099999999,Perry South,"Pittsburgh city (Allegheny, PA)",0.7659469879518073,1,319
N43310,40.492753,-80.0216819999999,Perry North,"Pittsburgh city (Allegheny, PA)",0.7659469879518073,1,319
N53600,40.517688,-80.0310999999999,,"West View borough (Allegheny, PA)",0.7659469879518073,1,319
N43350,40.467682,-80.009949,Perry South,"Pittsburgh city (Allegheny, PA)",0.7659469879518073,1,319
N71263,40.4962859999999,-80.0199259999999,Perry North,"Pittsburgh city (Allegheny, PA)",0.7659469879518073,1,319
N43660,40.460411,-80.01326,Perry South,"Pittsburgh city (Allegheny, PA)",0.7659469879518073,1,319
N71340,40.5078239999999,-80.0296079999999,,"Ross township (Allegheny, PA)",0.7659469879518073,1,319
N43200,40.4938319999999,-80.022118,Perry North,"Pittsburgh city (Allegheny, PA)",0.7659469879518073,1,319
N14040,40.50977,-80.0282619999999,,"West View borough (Allegheny, PA)",0.7659469879518073,1,319
N71203,40.5134919999999,-80.025531,,"West View borough (Allegheny, PA)",0.7659469879518073,1,319
N43960,40.4902969999999,-80.01867,Perry North,"Pittsburgh city (Allegheny, PA)",0.7659469879518073,1,319
N43770,40.4662569999999,-80.0116179999999,Perry South,"Pittsburgh city (Allegheny, PA)",0.7659469879518073,1,319
N14120,40.515096,-80.0230439999999,,"West View borough (Allegheny, PA)",0.7659469879518073,1,319
N42850,40.5052379999999,-80.028328,,"Ross township (Allegheny, PA)",0.7659469879518073,1,319
N14150,40.517605,-80.023167,,"West View borough (Allegheny, PA)",0.7659469879518073,1,319
N42120,40.5032819999999,-80.024849,,"Ross township (Allegheny, PA)",0.7659469879518073,1,319
N43360,40.467511,-80.0098389999999,Perry South,"Pittsburgh city (Allegheny, PA)",0.7659469879518073,1,319
N43380,40.470914,-80.008508,Perry South,"Pittsburgh city (Allegheny, PA)",0.7659469879518073,1,319
N14200,40.5189299999999,-80.0252279999999,,"West View borough (Allegheny, PA)",0.7659469879518073,1,319
N43550,40.4624749999999,-80.013306,Perry South,"Pittsburgh city (Allegheny, PA)",0.7659469879518073,1,319
N43920,40.4637409999999,-80.012195,Perry South,"Pittsburgh city (Allegheny, PA)",0.7659469879518073,1,319
N44020,40.461598,-80.013489,Perry South,"Pittsburgh city (Allegheny, PA)",0.7659469879518073,1,319
N14320,40.517045,-80.0222219999999,,"West View borough (Allegheny, PA)",0.7659469879518073,1,319
N13990,40.511549,-80.027499,,"West View borough (Allegheny, PA)",0.7659469879518073,1,319
N14190,40.5189069999999,-80.0254089999999,,"West View borough (Allegheny, PA)",0.7659469879518073,1,319
N44080,40.491273,-80.0201919999999,Perry North,"Pittsburgh city (Allegheny, PA)",0.7659469879518073,1,319
N43710,40.461227,-80.0090119999999,Perry South,"Pittsburgh city (Allegheny, PA)",0.7659469879518073,1,319
N14000,40.5113249999999,-80.027534,,"West View borough (Allegheny, PA)",0.7659469879518073,1,319
N43300,40.4929539999999,-80.021996,Perry North,"Pittsburgh city (Allegheny, PA)",0.7659469879518073,1,319
N43890,40.4914059999999,-80.0202019999999,Perry North,"Pittsburgh city (Allegheny, PA)",0.7659469879518073,1,319
N43330,40.490481,-80.01876,Perry North,"Pittsburgh city (Allegheny, PA)",0.7659469879518073,1,319
N42300,40.504393,-80.026471,,"Ross township (Allegheny, PA)",0.7659469879518073,1,319
N43130,40.517746,-80.0300409999999,,"West View borough (Allegheny, PA)",0.7659469879518073,1,319
N43540,40.4647989999999,-80.011426,Perry South,"Pittsburgh city (Allegheny, PA)",0.7659469879518073,1,319
N13950,40.517792,-80.0231399999999,,"West View borough (Allegheny, PA)",0.7659469879518073,1,319
N13960,40.514524,-80.0239509999999,,"West View borough (Allegheny, PA)",0.7659469879518073,1,319
E17305,40.4567219999999,-79.93237,Shadyside,"Pittsburgh city (Allegheny, PA)",0.7673725484347538,13,1434
E17313,40.4576059999999,-79.9120989999999,Larimer,"Pittsburgh city (Allegheny, PA)",0.7673725484347538,13,1434
E17312,40.457698,-79.912029,Larimer,"Pittsburgh city (Allegheny, PA)",0.7677762578489046,13,1425
S42350,40.421078,-80.006797,Mount Washington,"Pittsburgh city (Allegheny, PA)",0.7735195581186518,3,519
P01600,40.4437799999999,-79.9921879999999,Central Business District,"Pittsburgh city (Allegheny, PA)",0.773654423918777,9,1613
X01950,40.4155769999999,-80.011391,Mount Washington,"Pittsburgh city (Allegheny, PA)",0.7759683290378008,2,291
X01960,40.415711,-80.011537,Mount Washington,"Pittsburgh city (Allegheny, PA)",0.7762210751748252,2,286
S42400,40.4160899999999,-80.011853,Mount Washington,"Pittsburgh city (Allegheny, PA)",0.7787315264917696,2,336
S42240,40.416432,-80.0118329999999,Mount Washington,"Pittsburgh city (Allegheny, PA)",0.7792166815726712,2,352
S70166,40.3473029999999,-79.8642159999999,,"McKeesport city (Allegheny, PA)",0.7833819277108435,1,95
S70595,40.352144,-79.844757,,"McKeesport city (Allegheny, PA)",0.7833819277108435,1,88
S47260,40.314624,-79.8296629999999,,"Versailles borough (Allegheny, PA)",0.7833819277108435,1,95
S46890,40.33357,-79.8478259999999,,"McKeesport city (Allegheny, PA)",0.7833819277108435,1,95
S47120,40.325772,-79.8394739999999,,"McKeesport city (Allegheny, PA)",0.7833819277108435,1,95
S70165,40.3434719999999,-79.863172,,"McKeesport city (Allegheny, PA)",0.7833819277108435,1,95
S47310,40.3319449999999,-79.845342,,"McKeesport city (Allegheny, PA)",0.7833819277108435,1,95
S37604,40.321095,-79.8367499999999,,"Versailles borough (Allegheny, PA)",0.7833819277108435,1,95
S17690,40.3500269999999,-79.84948,,"McKeesport city (Allegheny, PA)",0.7833819277108435,1,88
S47400,40.315688,-79.8317179999999,,"Versailles borough (Allegheny, PA)",0.7833819277108435,1,95
S70428,40.3488559999999,-79.837207,,"McKeesport city (Allegheny, PA)",0.7833819277108435,1,88
S47180,40.327762,-79.840427,,"McKeesport city (Allegheny, PA)",0.7833819277108435,1,95
S70597,40.3491679999999,-79.8411669999999,,"McKeesport city (Allegheny, PA)",0.7833819277108435,1,88
S46960,40.330952,-79.843547,,"McKeesport city (Allegheny, PA)",0.7833819277108435,1,95
S17710,40.348013,-79.8494249999999,,"McKeesport city (Allegheny, PA)",0.7833819277108435,1,88
S47030,40.3506259999999,-79.864952,,"McKeesport city (Allegheny, PA)",0.7833819277108435,1,95
S70019,40.317162,-79.8337279999999,,"Versailles borough (Allegheny, PA)",0.7833819277108435,1,95
S50370,40.349673,-79.840575,,"McKeesport city (Allegheny, PA)",0.7833819277108435,1,88
S37603,40.3212169999999,-79.836579,,"Versailles borough (Allegheny, PA)",0.7833819277108435,1,95
S70291,40.321759,-79.8353819999999,,"Versailles borough (Allegheny, PA)",0.7833819277108435,1,95
S47320,40.3163309999999,-79.8329159999999,,"Versailles borough (Allegheny, PA)",0.7833819277108435,1,95
S46470,40.345531,-79.845792,,"McKeesport city (Allegheny, PA)",0.7833819277108435,1,88
S33110,40.3462239999999,-79.8385459999999,,"McKeesport city (Allegheny, PA)",0.7833819277108435,1,88
S47210,40.336469,-79.852917,,"McKeesport city (Allegheny, PA)",0.7833819277108435,1,95
S46910,40.332788,-79.8467169999999,,"McKeesport city (Allegheny, PA)",0.7833819277108435,1,95
S50350,40.349549,-79.8397169999999,,"McKeesport city (Allegheny, PA)",0.7833819277108435,1,88
S46450,40.3454279999999,-79.8442119999999,,"McKeesport city (Allegheny, PA)",0.7833819277108435,1,88
S17850,40.3509239999999,-79.8499269999999,,"McKeesport city (Allegheny, PA)",0.7833819277108435,1,88
S70163,40.3469759999999,-79.864033,,"McKeesport city (Allegheny, PA)",0.7833819277108435,1,95
S47020,40.350901,-79.8649029999999,,"McKeesport city (Allegheny, PA)",0.7833819277108435,1,95
S47130,40.315837,-79.8318569999999,,"Versailles borough (Allegheny, PA)",0.7833819277108435,1,95
S47240,40.3183849999999,-79.8340479999999,,"Versailles borough (Allegheny, PA)",0.7833819277108435,1,95
S47250,40.318261,-79.834106,,"Versailles borough (Allegheny, PA)",0.7833819277108435,1,95
S50330,40.350465,-79.8390799999999,,"McKeesport city (Allegheny, PA)",0.7833819277108435,1,88
S70018,40.3172879999999,-79.833672,,"Versailles borough (Allegheny, PA)",0.7833819277108435,1,95
S46950,40.330734,-79.843348,,"McKeesport city (Allegheny, PA)",0.7833819277108435,1,95
S33071,40.3473329999999,-79.8383699999999,,"McKeesport city (Allegheny, PA)",0.7833819277108435,1,88
S46860,40.33455,-79.849625,,"McKeesport city (Allegheny, PA)",0.7833819277108435,1,95
S47380,40.325893,-79.839409,,"McKeesport city (Allegheny, PA)",0.7833819277108435,1,95
S70596,40.350698,-79.8431369999999,,"McKeesport city (Allegheny, PA)",0.7833819277108435,1,88
S46190,40.345272,-79.841982,,"McKeesport city (Allegheny, PA)",0.7833819277108435,1,88
S47410,40.3274219999999,-79.8403629999999,,"McKeesport city (Allegheny, PA)",0.7833819277108435,1,95
S47430,40.336416,-79.852997,,"McKeesport city (Allegheny, PA)",0.7833819277108435,1,95
S46390,40.345188,-79.840851,,"McKeesport city (Allegheny, PA)",0.7833819277108435,1,88
S46850,40.3347109999999,-79.849731,,"McKeesport city (Allegheny, PA)",0.7833819277108435,1,95
S47070,40.3489209999999,-79.8645649999999,,"McKeesport city (Allegheny, PA)",0.7833819277108435,1,95
S46130,40.3450789999999,-79.8393389999999,,"McKeesport city (Allegheny, PA)",0.7833819277108435,1,88
S17660,40.3514759999999,-79.850446,,"McKeesport city (Allegheny, PA)",0.7833819277108435,1,88
S46820,40.341186,-79.860977,,"McKeesport city (Allegheny, PA)",0.7833819277108435,1,95
S47450,40.324179,-79.839157,,"McKeesport city (Allegheny, PA)",0.7833819277108435,1,95
S20000,40.351055,-79.837512,,"McKeesport city (Allegheny, PA)",0.7833819277108435,1,88
S33263,40.352229,-79.8613179999999,,"McKeesport city (Allegheny, PA)",0.7833819277108435,1,102
S47420,40.319932,-79.835255,,"Versailles borough (Allegheny, PA)",0.7833819277108435,1,95
S47440,40.3146449999999,-79.829811,,"Versailles borough (Allegheny, PA)",0.7833819277108435,1,95
S46900,40.333325,-79.847604,,"McKeesport city (Allegheny, PA)",0.7833819277108435,1,95
S47150,40.335656,-79.8516209999999,,"McKeesport city (Allegheny, PA)",0.7833819277108435,1,95
S70167,40.342472,-79.86224,,"McKeesport city (Allegheny, PA)",0.7833819277108435,1,95
S46800,40.3427689999999,-79.8624159999999,,"McKeesport city (Allegheny, PA)",0.7833819277108435,1,95
S46150,40.345863,-79.849266,,"McKeesport city (Allegheny, PA)",0.7833819277108435,1,88
S46480,40.345661,-79.84771,,"McKeesport city (Allegheny, PA)",0.7833819277108435,1,88
S46830,40.339964,-79.859745,,"McKeesport city (Allegheny, PA)",0.7833819277108435,1,88
S47065,40.3490579999999,-79.864512,,"McKeesport city (Allegheny, PA)",0.7833819277108435,1,95
S33080,40.345069,-79.8386789999999,,"McKeesport city (Allegheny, PA)",0.7833819277108435,1,88
S46970,40.329979,-79.842189,,"McKeesport city (Allegheny, PA)",0.7833819277108435,1,95
S46840,40.3395459999999,-79.8595169999999,,"McKeesport city (Allegheny, PA)",0.7833819277108435,1,95
S46920,40.332712,-79.846427,,"McKeesport city (Allegheny, PA)",0.7833819277108435,1,95
S17730,40.346713,-79.849343,,"McKeesport city (Allegheny, PA)",0.7833819277108435,1,88
S46980,40.3301769999999,-79.842326,,"McKeesport city (Allegheny, PA)",0.7833819277108435,1,95
S47340,40.3164269999999,-79.833302,,"Versailles borough (Allegheny, PA)",0.7833819277108435,1,95
S47140,40.335701,-79.851522,,"McKeesport city (Allegheny, PA)",0.7833819277108435,1,95
S70619,40.3497819999999,-79.8373899999999,,"McKeesport city (Allegheny, PA)",0.7833819277108435,1,88
S46940,40.3319359999999,-79.845149,,"McKeesport city (Allegheny, PA)",0.7833819277108435,1,95
S47200,40.319853,-79.8352929999999,,"Versailles borough (Allegheny, PA)",0.7833819277108435,1,95
S46810,40.341202,-79.8608579999999,,"McKeesport city (Allegheny, PA)",0.7833819277108435,1,95
W03580,40.457566,-80.0735779999999,Windgap,"Pittsburgh city (Allegheny, PA)",0.7843629629629629,1,183
W14430,40.4508939999999,-80.067001,Sheraden,"Pittsburgh city (Allegheny, PA)",0.7843629629629629,1,183
W02440,40.4499259999999,-80.080572,Fairywood,"Pittsburgh city (Allegheny, PA)",0.7843629629629629,1,183
W02460,40.451405,-80.0786339999999,Fairywood,"Pittsburgh city (Allegheny, PA)",0.7843629629629629,1,183
W14350,40.444161,-80.0559949999999,Crafton Heights,"Pittsburgh city (Allegheny, PA)",0.7843629629629629,1,183
W14450,40.447614,-80.0616579999999,Crafton Heights,"Pittsburgh city (Allegheny, PA)",0.7843629629629629,1,183
W26210,40.448238,-80.0823599999999,Fairywood,"Pittsburgh city (Allegheny, PA)",0.7843629629629629,1,183
W14390,40.447634,-80.061812,,"Ingram borough (Allegheny, PA)",0.7843629629629629,1,183
W14360,40.450245,-80.0652809999999,Sheraden,"Pittsburgh city (Allegheny, PA)",0.7843629629629629,1,183
W03640,40.4585429999999,-80.0692679999999,Chartiers City,"Pittsburgh city (Allegheny, PA)",0.7843629629629629,1,183
W25710,40.459235,-80.0777769999999,Windgap,"Pittsburgh city (Allegheny, PA)",0.7843629629629629,1,183
W14340,40.446697,-80.060986,,"Ingram borough (Allegheny, PA)",0.7843629629629629,1,183
W03990,40.4578679999999,-80.067497,Chartiers City,"Pittsburgh city (Allegheny, PA)",0.7843629629629629,1,183
W26290,40.447581,-80.074212,,"Ingram borough (Allegheny, PA)",0.7843629629629629,1,183
W26360,40.4470519999999,-80.0692669999999,,"Ingram borough (Allegheny, PA)",0.7843629629629629,1,183
W23981,40.451684,-80.078434,Fairywood,"Pittsburgh city (Allegheny, PA)",0.7843629629629629,1,183
W26280,40.447595,-80.0716539999999,,"Ingram borough (Allegheny, PA)",0.7843629629629629,1,183
W70115,40.4582529999999,-80.0706899999999,Chartiers City,"Pittsburgh city (Allegheny, PA)",0.7843629629629629,1,183
W04080,40.4588129999999,-80.076903,Windgap,"Pittsburgh city (Allegheny, PA)",0.7843629629629629,1,183
W14580,40.44467,-80.05853,Crafton Heights,"Pittsburgh city (Allegheny, PA)",0.7843629629629629,1,183
W14490,40.449517,-80.064155,Sheraden,"Pittsburgh city (Allegheny, PA)",0.7843629629629629,1,183
W14495,40.451171,-80.0679269999999,Sheraden,"Pittsburgh city (Allegheny, PA)",0.7843629629629629,1,183
W14570,40.450203,-80.0653499999999,Windgap,"Pittsburgh city (Allegheny, PA)",0.7843629629629629,1,183
W26350,40.446893,-80.080568,Fairywood,"Pittsburgh city (Allegheny, PA)",0.7843629629629629,1,183
W70182,40.45808,-80.0753679999999,Windgap,"Pittsburgh city (Allegheny, PA)",0.7843629629629629,1,183
W14540,40.445813,-80.060072,Crafton Heights,"Pittsburgh city (Allegheny, PA)",0.7843629629629629,1,183
W25680,40.458368,-80.0789819999999,Windgap,"Pittsburgh city (Allegheny, PA)",0.7843629629629629,1,183
W70116,40.447203,-80.0696899999999,,"Ingram borough (Allegheny, PA)",0.7843629629629629,1,183
W14310,40.4515749999999,-80.069282,Sheraden,"Pittsburgh city (Allegheny, PA)",0.7843629629629629,1,183
W14460,40.4444519999999,-80.0582519999999,,"Ingram borough (Allegheny, PA)",0.7843629629629629,1,183
W25750,40.4562549999999,-80.0802709999999,Windgap,"Pittsburgh city (Allegheny, PA)",0.7843629629629629,1,183
W03500,40.458125,-80.0708819999999,Chartiers City,"Pittsburgh city (Allegheny, PA)",0.7843629629629629,1,183
W03820,40.458891,-80.0771929999999,Windgap,"Pittsburgh city (Allegheny, PA)",0.7843629629629629,1,183
W14300,40.446648,-80.060822,Crafton Heights,"Pittsburgh city (Allegheny, PA)",0.7843629629629629,1,183
W26300,40.4475249999999,-80.074116,,"Ingram borough (Allegheny, PA)",0.7843629629629629,1,183
W03590,40.457732,-80.073007,Chartiers City,"Pittsburgh city (Allegheny, PA)",0.7843629629629629,1,183
W03620,40.457878,-80.067344,Sheraden,"Pittsburgh city (Allegheny, PA)",0.7843629629629629,1,183
W25670,40.4582089999999,-80.0790429999999,Windgap,"Pittsburgh city (Allegheny, PA)",0.7843629629629629,1,183
W14480,40.4495799999999,-80.064384,Windgap,"Pittsburgh city (Allegheny, PA)",0.7843629629629629,1,183
W02450,40.44973,-80.0806709999999,Fairywood,"Pittsburgh city (Allegheny, PA)",0.7843629629629629,1,183
W26186,40.446514,-80.078466,,"Ingram borough (Allegheny, PA)",0.7843629629629629,1,183
W14220,40.4484929999999,-80.062714,Crafton Heights,"Pittsburgh city (Allegheny, PA)",0.7843629629629629,1,183
W25775,40.456291,-80.0801579999999,Windgap,"Pittsburgh city (Allegheny, PA)",0.7843629629629629,1,183
W03840,40.45929,-80.0775349999999,Windgap,"Pittsburgh city (Allegheny, PA)",0.7843629629629629,1,183
W26250,40.447532,-80.071672,,"Ingram borough (Allegheny, PA)",0.7843629629629629,1,183
W14420,40.450797,-80.0669249999999,Windgap,"Pittsburgh city (Allegheny, PA)",0.7843629629629629,1,183
W26340,40.446542,-80.078517,Fairywood,"Pittsburgh city (Allegheny, PA)",0.7843629629629629,1,183
W02555,40.4485749999999,-80.0822179999999,Fairywood,"Pittsburgh city (Allegheny, PA)",0.7843629629629629,1,183
W26190,40.446942,-80.080475,Fairywood,"Pittsburgh city (Allegheny, PA)",0.7843629629629629,1,183
W03630,40.458416,-80.069091,Chartiers City,"Pittsburgh city (Allegheny, PA)",0.7843629629629629,1,183
W14550,40.444085,-80.0560289999999,,"Ingram borough (Allegheny, PA)",0.7843629629629629,1,183
W14210,40.448607,-80.063006,Windgap,"Pittsburgh city (Allegheny, PA)",0.7843629629629629,1,183
W14270,40.445644,-80.060015,,"Ingram borough (Allegheny, PA)",0.7843629629629629,1,183
W03370,40.458097,-80.0756099999999,Windgap,"Pittsburgh city (Allegheny, PA)",0.7843629629629629,1,183
X13460,40.4033739999999,-80.015534,Brookline,"Pittsburgh city (Allegheny, PA)",0.789404938271605,1,212
X13580,40.409412,-80.0138429999999,Brookline,"Pittsburgh city (Allegheny, PA)",0.789404938271605,1,212
X13773,40.3922469999999,-80.0129249999999,Brookline,"Pittsburgh city (Allegheny, PA)",0.789404938271605,1,212
X70089,40.3921509999999,-80.0108359999999,Brookline,"Pittsburgh city (Allegheny, PA)",0.789404938271605,1,196
X03110,40.3959389999999,-80.023082,Brookline,"Pittsburgh city (Allegheny, PA)",0.789404938271605,1,196
X13590,40.3978919999999,-80.02288,Brookline,"Pittsburgh city (Allegheny, PA)",0.789404938271605,1,212
X70085,40.3884019999999,-80.0070879999999,Overbrook,"Pittsburgh city (Allegheny, PA)",0.789404938271605,1,196
X03330,40.394817,-80.0213509999999,Brookline,"Pittsburgh city (Allegheny, PA)",0.789404938271605,1,212
X13400,40.4011489999999,-80.018511,Brookline,"Pittsburgh city (Allegheny, PA)",0.789404938271605,1,212
X03290,40.3923369999999,-80.0094469999999,Brookline,"Pittsburgh city (Allegheny, PA)",0.789404938271605,1,196
X04360,40.3883999999999,-80.0127489999999,Brookline,"Pittsburgh city (Allegheny, PA)",0.789404938271605,1,196
X13600,40.406925,-80.014989,Brookline,"Pittsburgh city (Allegheny, PA)",0.789404938271605,1,212
X03250,40.3931499999999,-80.0191999999999,Brookline,"Pittsburgh city (Allegheny, PA)",0.789404938271605,1,196
X13772,40.411669,-80.0090189999999,Brookline,"Pittsburgh city (Allegheny, PA)",0.789404938271605,1,212
X03180,40.3924719999999,-80.0071609999999,Brookline,"Pittsburgh city (Allegheny, PA)",0.789404938271605,1,212
X13770,40.4054429999999,-80.01505,Brookline,"Pittsburgh city (Allegheny, PA)",0.789404938271605,1,212
X03440,40.391224,-80.003094,Brookline,"Pittsburgh city (Allegheny, PA)",0.789404938271605,1,196
X13480,40.402386,-80.0159649999999,Brookline,"Pittsburgh city (Allegheny, PA)",0.789404938271605,1,212
X03430,40.3924179999999,-80.0074999999999,Brookline,"Pittsburgh city (Allegheny, PA)",0.789404938271605,1,196
X04400,40.391615,-80.017159,Brookline,"Pittsburgh city (Allegheny, PA)",0.789404938271605,1,196
X00140,40.3914979999999,-80.000247,Brookline,"Pittsburgh city (Allegheny, PA)",0.789404938271605,1,227
X13771,40.41179,-80.00923,Brookline,"Pittsburgh city (Allegheny, PA)",0.789404938271605,1,196
X13740,40.3981009999999,-80.022722,Brookline,"Pittsburgh city (Allegheny, PA)",0.789404938271605,1,196
X11175,40.388376,-80.008278,Brookline,"Pittsburgh city (Allegheny, PA)",0.789404938271605,1,196
X13774,40.392015,-80.015151,Brookline,"Pittsburgh city (Allegheny, PA)",0.789404938271605,1,212
X03320,40.3923289999999,-80.0107059999999,Brookline,"Pittsburgh city (Allegheny, PA)",0.789404938271605,1,212
X05870,40.389035,-80.011747,Brookline,"Pittsburgh city (Allegheny, PA)",0.789404938271605,1,196
X13570,40.400098,-80.0201799999999,Brookline,"Pittsburgh city (Allegheny, PA)",0.789404938271605,1,212
X03410,40.392158,-80.0176179999999,Brookline,"Pittsburgh city (Allegheny, PA)",0.789404938271605,1,212
X03040,40.393712,-80.0201409999999,Brookline,"Pittsburgh city (Allegheny, PA)",0.789404938271605,1,196
X13670,40.403402,-80.015607,Brookline,"Pittsburgh city (Allegheny, PA)",0.789404938271605,1,196
X03000,40.3949959999999,-80.021754,Brookline,"Pittsburgh city (Allegheny, PA)",0.789404938271605,1,196
X03050,40.3922659999999,-80.0051279999999,Brookline,"Pittsburgh city (Allegheny, PA)",0.789404938271605,1,212
X15250,40.3919,-80.0026479999999,Brookline,"Pittsburgh city (Allegheny, PA)",0.789404938271605,1,212
X04380,40.3898579999999,-80.0147699999999,Brookline,"Pittsburgh city (Allegheny, PA)",0.789404938271605,1,196
X13410,40.3999379999999,-80.020418,Brookline,"Pittsburgh city (Allegheny, PA)",0.789404938271605,1,196
X70021,40.3961759999999,-80.0233319999999,Brookline,"Pittsburgh city (Allegheny, PA)",0.789404938271605,1,212
X13730,40.409286,-80.014301,Brookline,"Pittsburgh city (Allegheny, PA)",0.789404938271605,1,196
X05880,40.390076,-80.010468,Brookline,"Pittsburgh city (Allegheny, PA)",0.789404938271605,1,196
X03030,40.39372,-80.019839,Brookline,"Pittsburgh city (Allegheny, PA)",0.789404938271605,1,212
X13650,40.401254,-80.0180919999999,Brookline,"Pittsburgh city (Allegheny, PA)",0.789404938271605,1,196
X03270,40.3910619999999,-80.0004909999999,Brookline,"Pittsburgh city (Allegheny, PA)",0.789404938271605,1,196
X13690,40.402537,-80.0159759999999,Brookline,"Pittsburgh city (Allegheny, PA)",0.789404938271605,1,196
X13760,40.4066559999999,-80.015021,Brookline,"Pittsburgh city (Allegheny, PA)",0.789404938271605,1,196
X13390,40.3971639999999,-80.0232149999999,Brookline,"Pittsburgh city (Allegheny, PA)",0.789404938271605,1,212
X13660,40.39922,-80.021223,Brookline,"Pittsburgh city (Allegheny, PA)",0.789404938271605,1,196
X03390,40.39235,-80.0054099999999,Brookline,"Pittsburgh city (Allegheny, PA)",0.789404938271605,1,196
X11150,40.389546,-80.0096479999999,Brookline,"Pittsburgh city (Allegheny, PA)",0.789404938271605,1,196
X05910,40.3894099999999,-80.0112879999999,Brookline,"Pittsburgh city (Allegheny, PA)",0.789404938271605,1,196
X13610,40.405731,-80.0150629999999,Brookline,"Pittsburgh city (Allegheny, PA)",0.789404938271605,1,196
X13420,40.3991559999999,-80.021201,Brookline,"Pittsburgh city (Allegheny, PA)",0.789404938271605,1,212
N70150,40.447823,-80.0198699999999,Chateau,"Pittsburgh city (Allegheny, PA)",0.7903051044758744,2,207
N71221,40.449603,-80.018561,Chateau,"Pittsburgh city (Allegheny, PA)",0.7903051044758744,2,207
W10680,40.452919,-80.0655059999999,Sheraden,"Pittsburgh city (Allegheny, PA)",0.7944702053303303,2,370
W25655,40.4417759999999,-80.069946,,"Ingram borough (Allegheny, PA)",0.7944702053303303,2,370
W06800,40.4518929999999,-80.0676969999999,Sheraden,"Pittsburgh city (Allegheny, PA)",0.7944702053303303,2,370
W07510,40.4407539999999,-80.0686419999999,,"Crafton borough (Allegheny, PA)",0.7944702053303303,2,370
W10670,40.453006,-80.065562,Sheraden,"Pittsburgh city (Allegheny, PA)",0.7944702053303303,2,370
W26390,40.4462279999999,-80.067964,,"Ingram borough (Allegheny, PA)",0.7944702053303303,2,370
W70097,40.4415809999999,-80.0683269999999,,"Crafton borough (Allegheny, PA)",0.7944702053303303,2,370
W70014,40.440389,-80.0696899999999,,"Crafton borough (Allegheny, PA)",0.7944702053303303,2,370
W07585,40.4407599999999,-80.0717559999999,,"Crafton borough (Allegheny, PA)",0.7944702053303303,2,370
W10650,40.4520249999999,-80.0659509999999,Sheraden,"Pittsburgh city (Allegheny, PA)",0.7944702053303303,2,370
W10215,40.4439309999999,-80.06618,,"Ingram borough (Allegheny, PA)",0.7944702053303303,2,370
W26200,40.446834,-80.0687489999999,,"Ingram borough (Allegheny, PA)",0.7944702053303303,2,370
W10166,40.4438499999999,-80.06631,,"Ingram borough (Allegheny, PA)",0.7944702053303303,2,370
W07515,40.4418379999999,-80.0682819999999,,"Ingram borough (Allegheny, PA)",0.7944702053303303,2,370
W70113,40.452097,-80.0660309999999,Sheraden,"Pittsburgh city (Allegheny, PA)",0.7944702053303303,2,370
W06780,40.4518119999999,-80.0677429999999,Sheraden,"Pittsburgh city (Allegheny, PA)",0.7944702053303303,2,370
W10165,40.4461039999999,-80.067642,,"Ingram borough (Allegheny, PA)",0.7944702053303303,2,370
W10960,40.451686,-80.0694299999999,Sheraden,"Pittsburgh city (Allegheny, PA)",0.7944702053303303,2,370
W26240,40.444952,-80.0662959999999,,"Ingram borough (Allegheny, PA)",0.7944702053303303,2,370
S35510,40.4234259999999,-79.989073,Allentown,"Pittsburgh city (Allegheny, PA)",0.79543875,1,124
X01920,40.422415,-80.0100929999999,Mount Washington,"Pittsburgh city (Allegheny, PA)",0.79543875,1,124
X01900,40.424553,-80.008908,Mount Washington,"Pittsburgh city (Allegheny, PA)",0.79543875,1,124
X08900,40.425688,-79.997641,Mount Washington,"Pittsburgh city (Allegheny, PA)",0.79543875,1,124
X01945,40.4266989999999,-80.0069249999999,Mount Washington,"Pittsburgh city (Allegheny, PA)",0.79543875,1,124
X01970,40.426808,-80.006381,Mount Washington,"Pittsburgh city (Allegheny, PA)",0.79543875,1,124
X02010,40.426144,-80.007845,Mount Washington,"Pittsburgh city (Allegheny, PA)",0.79543875,1,124
X01890,40.421852,-80.0103749999999,Mount Washington,"Pittsburgh city (Allegheny, PA)",0.79543875,1,124
X08960,40.4256239999999,-79.9998279999999,Mount Washington,"Pittsburgh city (Allegheny, PA)",0.79543875,1,124
X08920,40.4255939999999,-80.001007,Mount Washington,"Pittsburgh city (Allegheny, PA)",0.79543875,1,124
X08050,40.426867,-80.002561,Mount Washington,"Pittsburgh city (Allegheny, PA)",0.79543875,1,124
S35490,40.425293,-79.990447,South Side Slopes,"Pittsburgh city (Allegheny, PA)",0.79543875,1,124
X08910,40.4256549999999,-79.99866,Mount Washington,"Pittsburgh city (Allegheny, PA)",0.79543875,1,124
X01280,40.4256919999999,-79.9974919999999,Allentown,"Pittsburgh city (Allegheny, PA)",0.79543875,1,124
X01290,40.421773,-79.997443,Mount Washington,"Pittsburgh city (Allegheny, PA)",0.79543875,1,124
X70054,40.4197029999999,-80.011424,Mount Washington,"Pittsburgh city (Allegheny, PA)",0.79543875,1,124
X00390,40.426997,-80.0052799999999,Mount Washington,"Pittsburgh city (Allegheny, PA)",0.79543875,1,124
S35460,40.430674,-80.001154,South Shore,"Pittsburgh city (Allegheny, PA)",0.79543875,1,124
X01260,40.423805,-79.997515,Mount Washington,"Pittsburgh city (Allegheny, PA)",0.79543875,1,124
X01250,40.4226069999999,-79.9974749999999,Mount Washington,"Pittsburgh city (Allegheny, PA)",0.79543875,1,124
S35470,40.426448,-79.992872,South Side Slopes,"Pittsburgh city (Allegheny, PA)",0.79543875,1,124
X08925,40.425539,-80.002824,Mount Washington,"Pittsburgh city (Allegheny, PA)",0.79543875,1,124
S35500,40.424931,-79.9903429999999,Allentown,"Pittsburgh city (Allegheny, PA)",0.79543875,1,124
X08070,40.425932,-80.0025959999999,Mount Washington,"Pittsburgh city (Allegheny, PA)",0.79543875,1,124
X01935,40.4195509999999,-80.0114319999999,Mount Washington,"Pittsburgh city (Allegheny, PA)",0.79543875,1,124
X15600,40.425795,-80.0051679999999,Mount Washington,"Pittsburgh city (Allegheny, PA)",0.79543875,1,124
S70260,40.42007,-80.0079209999999,Mount Washington,"Pittsburgh city (Allegheny, PA)",0.79543875,1,124
S35590,40.4219579999999,-79.9922439999999,Allentown,"Pittsburgh city (Allegheny, PA)",0.79543875,1,124
X01905,40.421829,-80.0102909999999,Mount Washington,"Pittsburgh city (Allegheny, PA)",0.79543875,1,124
S35610,40.427951,-79.9963359999999,South Side Slopes,"Pittsburgh city (Allegheny, PA)",0.79543875,1,124
X70087,40.42551,-80.008386,Mount Washington,"Pittsburgh city (Allegheny, PA)",0.79543875,1,124
X01880,40.4263869999999,-80.007529,Mount Washington,"Pittsburgh city (Allegheny, PA)",0.79543875,1,124
X70077,40.418525,-80.0121259999999,Mount Washington,"Pittsburgh city (Allegheny, PA)",0.79543875,1,124
X01270,40.423641,-79.997427,Allentown,"Pittsburgh city (Allegheny, PA)",0.79543875,1,124
X08940,40.4257199999999,-79.998641,Mount Washington,"Pittsburgh city (Allegheny, PA)",0.79543875,1,124
S35600,40.427833,-79.9963699999999,Allentown,"Pittsburgh city (Allegheny, PA)",0.79543875,1,124
X01930,40.423994,-80.009245,Mount Washington,"Pittsburgh city (Allegheny, PA)",0.79543875,1,124
X08927,40.4254499999999,-80.0041619999999,Mount Washington,"Pittsburgh city (Allegheny, PA)",0.79543875,1,124
X08930,40.425687,-79.9998049999999,Mount Washington,"Pittsburgh city (Allegheny, PA)",0.79543875,1,124
S35540,40.430326,-80.0005259999999,South Shore,"Pittsburgh city (Allegheny, PA)",0.79543875,1,124
S35520,40.423464,-79.989236,Allentown,"Pittsburgh city (Allegheny, PA)",0.79543875,1,124
X00078,40.4186139999999,-80.0121589999999,Mount Washington,"Pittsburgh city (Allegheny, PA)",0.79543875,1,124
X08950,40.425654,-80.0010359999999,Mount Washington,"Pittsburgh city (Allegheny, PA)",0.79543875,1,124
X01870,40.424238,-80.009206,Mount Washington,"Pittsburgh city (Allegheny, PA)",0.79543875,1,124
X00400,40.427069,-80.0052139999999,Mount Washington,"Pittsburgh city (Allegheny, PA)",0.79543875,1,124
X01995,40.4225169999999,-80.0101429999999,Mount Washington,"Pittsburgh city (Allegheny, PA)",0.79543875,1,124
E17306,40.459235,-79.9670849999999,Polish Hill,"Pittsburgh city (Allegheny, PA)",0.7990157200737644,4,820
W03870,40.444836,-80.041452,Elliott,"Pittsburgh city (Allegheny, PA)",0.80436125,1,187
W03410,40.450842,-80.047667,Crafton Heights,"Pittsburgh city (Allegheny, PA)",0.80436125,1,187
W03460,40.4534919999999,-80.06202,Sheraden,"Pittsburgh city (Allegheny, PA)",0.80436125,1,187
W04070,40.4536629999999,-80.0607629999999,Sheraden,"Pittsburgh city (Allegheny, PA)",0.80436125,1,187
W10940,40.450645,-80.069388,Windgap,"Pittsburgh city (Allegheny, PA)",0.80436125,1,187
W00900,40.4570709999999,-80.062803,Sheraden,"Pittsburgh city (Allegheny, PA)",0.80436125,1,187
W03910,40.4514089999999,-80.050313,Sheraden,"Pittsburgh city (Allegheny, PA)",0.80436125,1,187
W03310,40.450276,-80.0451769999999,Crafton Heights,"Pittsburgh city (Allegheny, PA)",0.80436125,1,187
W15700,40.458294,-80.063986,Sheraden,"Pittsburgh city (Allegheny, PA)",0.80436125,1,187
W03960,40.4429019999999,-80.039676,Elliott,"Pittsburgh city (Allegheny, PA)",0.80436125,1,187
W03520,40.452508,-80.054203,Crafton Heights,"Pittsburgh city (Allegheny, PA)",0.80436125,1,187
W03270,40.44471,-80.041492,Elliott,"Pittsburgh city (Allegheny, PA)",0.80436125,1,187
W03320,40.4526249999999,-80.054243,Sheraden,"Pittsburgh city (Allegheny, PA)",0.80436125,1,187
W03390,40.45378,-80.0638689999999,Sheraden,"Pittsburgh city (Allegheny, PA)",0.80436125,1,187
W03450,40.453412,-80.0621869999999,Sheraden,"Pittsburgh city (Allegheny, PA)",0.80436125,1,187
W01850,40.4483409999999,-80.0676799999999,,"Ingram borough (Allegheny, PA)",0.80436125,1,187
W00850,40.457151,-80.062967,Sheraden,"Pittsburgh city (Allegheny, PA)",0.80436125,1,187
W00810,40.454053,-80.059669,Sheraden,"Pittsburgh city (Allegheny, PA)",0.80436125,1,187
W03400,40.453786,-80.0645059999999,Sheraden,"Pittsburgh city (Allegheny, PA)",0.80436125,1,187
W00800,40.4595449999999,-80.062821,Sheraden,"Pittsburgh city (Allegheny, PA)",0.80436125,1,187
W03210,40.4539139999999,-80.0595739999999,Sheraden,"Pittsburgh city (Allegheny, PA)",0.80436125,1,187
W03550,40.443958,-80.040525,Elliott,"Pittsburgh city (Allegheny, PA)",0.80436125,1,187
W10970,40.4497959999999,-80.068213,Windgap,"Pittsburgh city (Allegheny, PA)",0.80436125,1,187
W03220,40.454053,-80.059486,Sheraden,"Pittsburgh city (Allegheny, PA)",0.80436125,1,187
W03970,40.452196,-80.0526689999999,Sheraden,"Pittsburgh city (Allegheny, PA)",0.80436125,1,187
W03540,40.444018,-80.040743,Elliott,"Pittsburgh city (Allegheny, PA)",0.80436125,1,187
W00840,40.45819,-80.063963,Sheraden,"Pittsburgh city (Allegheny, PA)",0.80436125,1,187
W03600,40.45215,-80.0528489999999,Crafton Heights,"Pittsburgh city (Allegheny, PA)",0.80436125,1,187
W03900,40.453986,-80.0562319999999,Sheraden,"Pittsburgh city (Allegheny, PA)",0.80436125,1,187
W03300,40.4504829999999,-80.045619,Crafton Heights,"Pittsburgh city (Allegheny, PA)",0.80436125,1,187
W00790,40.460523,-80.0637009999999,Sheraden,"Pittsburgh city (Allegheny, PA)",0.80436125,1,187
W10950,40.451368,-80.0695199999999,Windgap,"Pittsburgh city (Allegheny, PA)",0.80436125,1,187
W03420,40.443095,-80.0396499999999,Elliott,"Pittsburgh city (Allegheny, PA)",0.80436125,1,187
W03340,40.4539339999999,-80.0563879999999,Sheraden,"Pittsburgh city (Allegheny, PA)",0.80436125,1,187
W00780,40.4594269999999,-80.064519,Sheraden,"Pittsburgh city (Allegheny, PA)",0.80436125,1,187
W03280,40.454329,-80.0582859999999,Sheraden,"Pittsburgh city (Allegheny, PA)",0.80436125,1,187
W03350,40.451335,-80.050616,Crafton Heights,"Pittsburgh city (Allegheny, PA)",0.80436125,1,187
W03980,40.4472209999999,-80.044183,Crafton Heights,"Pittsburgh city (Allegheny, PA)",0.80436125,1,187
W03430,40.453375,-80.05485,Sheraden,"Pittsburgh city (Allegheny, PA)",0.80436125,1,187
W01870,40.4483999999999,-80.067762,Windgap,"Pittsburgh city (Allegheny, PA)",0.80436125,1,187
W00820,40.4554049999999,-80.0610279999999,Sheraden,"Pittsburgh city (Allegheny, PA)",0.80436125,1,187
W03290,40.454256,-80.058335,Sheraden,"Pittsburgh city (Allegheny, PA)",0.80436125,1,187
W00822,40.455482,-80.061203,Sheraden,"Pittsburgh city (Allegheny, PA)",0.80436125,1,187
W01885,40.447201,-80.0690519999999,,"Ingram borough (Allegheny, PA)",0.80436125,1,187
W03610,40.4474939999999,-80.044004,Elliott,"Pittsburgh city (Allegheny, PA)",0.80436125,1,187
W03800,40.453774,-80.060625,Sheraden,"Pittsburgh city (Allegheny, PA)",0.80436125,1,187
W01830,40.447605,-80.0684969999999,,"Ingram borough (Allegheny, PA)",0.80436125,1,187
W00870,40.4566159999999,-80.0624009999999,Sheraden,"Pittsburgh city (Allegheny, PA)",0.80436125,1,187
E17302,40.459384,-79.9231159999999,Shadyside,"Pittsburgh city (Allegheny, PA)",0.8097170434331116,5,1055
E17304,40.456536,-79.932912,Shadyside,"Pittsburgh city (Allegheny, PA)",0.8097170434331116,5,1055
W26155,40.43553,-80.0677349999999,,"Crafton borough (Allegheny, PA)",0.8168280487804878,1,281
W26175,40.443662,-80.066085,,"Ingram borough (Allegheny, PA)",0.8168280487804878,1,281
W26135,40.415441,-80.083026,,"Carnegie borough (Allegheny, PA)",0.8168280487804878,1,281
W26185,40.452753,-80.053154,Sheraden,"Pittsburgh city (Allegheny, PA)",0.8168280487804878,1,281
W26145,40.406091,-80.0902339999999,,"Carnegie borough (Allegheny, PA)",0.8168280487804878,1,281
W26165,40.426101,-80.0729029999999,Oakwood,"Pittsburgh city (Allegheny, PA)",0.8168280487804878,1,281
W26140,40.406219,-80.0900419999999,,"Carnegie borough (Allegheny, PA)",0.8168280487804878,1,281
E17299,40.453102,-79.899342,Homewood South,"Pittsburgh city (Allegheny, PA)",0.8181219974683314,4,980
X02778,40.4070189999999,-80.027061,Beechview,"Pittsburgh city (Allegheny, PA)",0.827620987654321,1,419
X70075,40.4161179999999,-80.011854,Mount Washington,"Pittsburgh city (Allegheny, PA)",0.827620987654321,1,419
X13925,40.3680469999999,-80.030145,,"Castle Shannon borough (Allegheny, PA)",0.827620987654321,1,419
X02822,40.403781,-80.030286,Beechview,"Pittsburgh city (Allegheny, PA)",0.827620987654321,1,419
X13990,40.412944,-80.0109669999999,Beechview,"Pittsburgh city (Allegheny, PA)",0.827620987654321,1,419
X14400,40.375064,-80.03815,,"Mount Lebanon township (Allegheny, PA)",0.827620987654321,1,419
X14300,40.3826419999999,-80.0431729999999,,"Mount Lebanon township (Allegheny, PA)",0.827620987654321,1,419
X14010,40.3920099999999,-80.0408099999999,,"Dormont borough (Allegheny, PA)",0.827620987654321,1,419
X14500,40.399475,-80.033607,,"Dormont borough (Allegheny, PA)",0.827620987654321,1,419
X14565,40.410544,-80.0201129999999,Beechview,"Pittsburgh city (Allegheny, PA)",0.827620987654321,1,419
X02824,40.4040839999999,-80.0302829999999,Beechview,"Pittsburgh city (Allegheny, PA)",0.827620987654321,1,419
X14505,40.3992859999999,-80.0339319999999,,"Dormont borough (Allegheny, PA)",0.827620987654321,1,419
X14410,40.3971269999999,-80.036748,,"Dormont borough (Allegheny, PA)",0.827620987654321,1,419
X13920,40.368487,-80.0305189999999,,"Castle Shannon borough (Allegheny, PA)",0.827620987654321,1,419
X13800,40.370176,-80.03354,,"Mount Lebanon township (Allegheny, PA)",0.827620987654321,1,419
X14045,40.41111,-80.0230799999999,Beechview,"Pittsburgh city (Allegheny, PA)",0.827620987654321,1,419
X14405,40.3973269999999,-80.0362259999999,,"Dormont borough (Allegheny, PA)",0.827620987654321,1,419
X14395,40.3753949999999,-80.03851,,"Mount Lebanon township (Allegheny, PA)",0.827620987654321,1,419
X13995,40.413094,-80.011032,Beechview,"Pittsburgh city (Allegheny, PA)",0.827620987654321,1,419
X14050,40.4111759999999,-80.0234339999999,Beechview,"Pittsburgh city (Allegheny, PA)",0.827620987654321,1,419
X02780,40.4072129999999,-80.0268319999999,Beechview,"Pittsburgh city (Allegheny, PA)",0.827620987654321,1,419
X70025,40.365901,-80.0271099999999,,"Castle Shannon borough (Allegheny, PA)",0.827620987654321,1,419
X02795,40.410367,-80.024636,Beechview,"Pittsburgh city (Allegheny, PA)",0.827620987654321,1,419
X70026,40.3658739999999,-80.027175,,"Castle Shannon borough (Allegheny, PA)",0.827620987654321,1,419
X14015,40.3913289999999,-80.041093,,"Dormont borough (Allegheny, PA)",0.827620987654321,1,419
X13805,40.369878,-80.0333329999999,,"Castle Shannon borough (Allegheny, PA)",0.827620987654321,1,419
X02800,40.4109989999999,-80.0245249999999,Beechview,"Pittsburgh city (Allegheny, PA)",0.827620987654321,1,419
X70074,40.416466,-80.0118269999999,Mount Washington,"Pittsburgh city (Allegheny, PA)",0.827620987654321,1,419
X14305,40.3817239999999,-80.043429,,"Mount Lebanon township (Allegheny, PA)",0.827620987654321,1,419
X14560,40.4103179999999,-80.019964,Beechview,"Pittsburgh city (Allegheny, PA)",0.827620987654321,1,419
E17293,40.4152879999999,-79.87905,,"Swissvale borough (Allegheny, PA)",0.8346969305565474,4,881
X14075,40.34828,-80.0397179999999,,"Bethel Park municipality (Allegheny, PA)",0.8364059043757762,2,676
X13900,40.34917,-80.0340259999999,,"Bethel Park municipality (Allegheny, PA)",0.8364059043757762,2,676
X13850,40.3446,-80.0460599999999,,"Bethel Park municipality (Allegheny, PA)",0.8364059043757762,2,676
X14472,40.3393469999999,-80.052704,,"Bethel Park municipality (Allegheny, PA)",0.8364059043757762,2,676
X14000,40.341118,-80.047931,,"Bethel Park municipality (Allegheny, PA)",0.8364059043757762,2,676
X14080,40.3483579999999,-80.039777,,"Bethel Park municipality (Allegheny, PA)",0.8365110621634851,2,681
X13855,40.343741,-80.0467349999999,,"Bethel Park municipality (Allegheny, PA)",0.8365110621634851,2,681
X14474,40.339308,-80.05334,,"Bethel Park municipality (Allegheny, PA)",0.8365110621634851,2,681
X13905,40.3493199999999,-80.033793,,"Bethel Park municipality (Allegheny, PA)",0.8365110621634851,2,681
X14005,40.3408149999999,-80.048209,,"Bethel Park municipality (Allegheny, PA)",0.8365110621634851,2,681
X14467,40.356938,-80.029038,,"Castle Shannon borough (Allegheny, PA)",0.8392201058437095,3,934
P02956,40.435574,-79.9964659999999,Central Business District,"Pittsburgh city (Allegheny, PA)",0.8392201058437095,3,934
N71210,40.448092,-80.0105149999999,North Shore,"Pittsburgh city (Allegheny, PA)",0.8392201058437095,3,934
P70021,40.4423379999999,-79.999525,Central Business District,"Pittsburgh city (Allegheny, PA)",0.8392201058437095,3,934
X14490,40.3609,-80.029218,,"Castle Shannon borough (Allegheny, PA)",0.8392201058437095,3,934
P70025,40.4417049999999,-80.0041039999999,Central Business District,"Pittsburgh city (Allegheny, PA)",0.8392201058437095,3,934
X14476,40.42081,-80.006928,Mount Washington,"Pittsburgh city (Allegheny, PA)",0.8392201058437095,3,934
P03510,40.439844,-79.9952239999999,Central Business District,"Pittsburgh city (Allegheny, PA)",0.8392201058437095,3,934
X14468,40.356864,-80.0291009999999,,"Castle Shannon borough (Allegheny, PA)",0.8392422399179158,3,934
X14495,40.3606479999999,-80.029385,,"Castle Shannon borough (Allegheny, PA)",0.8392422399179158,3,934
P70020,40.442275,-79.9995739999999,Central Business District,"Pittsburgh city (Allegheny, PA)",0.8392422399179158,3,934
P02957,40.435298,-79.996752,Central Business District,"Pittsburgh city (Allegheny, PA)",0.8392422399179158,3,934
N71223,40.4478089999999,-80.0095429999999,North Shore,"Pittsburgh city (Allegheny, PA)",0.8392422399179158,3,934
P03520,40.4395799999999,-79.995288,Central Business District,"Pittsburgh city (Allegheny, PA)",0.8392422399179158,3,934
X14478,40.4203699999999,-80.008233,Mount Washington,"Pittsburgh city (Allegheny, PA)",0.8392422399179158,3,934
P70026,40.441588,-80.0041619999999,Central Business District,"Pittsburgh city (Allegheny, PA)",0.8392422399179158,3,934
N71211,40.4478969999999,-80.0177819999999,North Shore,"Pittsburgh city (Allegheny, PA)",0.8392813853390131,3,939
X14540,40.3535809999999,-80.0278979999999,,"Bethel Park municipality (Allegheny, PA)",0.8397681963409561,3,1009
X14550,40.353459,-80.028039,,"Bethel Park municipality (Allegheny, PA)",0.8397886851668319,3,1009
P02120,40.4412019999999,-79.99536,Central Business District,"Pittsburgh city (Allegheny, PA)",0.8454204819277108,1,586
P02080,40.441557,-79.995472,Central Business District,"Pittsburgh city (Allegheny, PA)",0.8454204819277108,1,586
E17307,40.4592409999999,-79.966667,Polish Hill,"Pittsburgh city (Allegheny, PA)",0.8454204819277108,1,586
E17297,40.446491,-79.888388,,"Wilkinsburg borough (Allegheny, PA)",0.8458819897236002,2,816
E17298,40.4462249999999,-79.888508,,"Wilkinsburg borough (Allegheny, PA)",0.8458819897236002,2,816
E17292,40.419086,-79.8862919999999,,"Swissvale borough (Allegheny, PA)",0.8458819897236002,2,816
E17303,40.4594749999999,-79.9225349999999,Shadyside,"Pittsburgh city (Allegheny, PA)",0.8458819897236002,2,816
E17301,40.4528189999999,-79.898925,Point Breeze North,"Pittsburgh city (Allegheny, PA)",0.8458819897236002,2,816
E17257,40.4371889999999,-79.885613,,"Wilkinsburg borough (Allegheny, PA)",0.8458819897236002,2,816
E17288,40.436841,-79.8856959999999,,"Wilkinsburg borough (Allegheny, PA)",0.8458819897236002,2,816
E17291,40.41944,-79.8863759999999,,"Swissvale borough (Allegheny, PA)",0.8458819897236002,2,816
X14230,40.311723,-80.03314,,"Bethel Park municipality (Allegheny, PA)",0.84659375,1,333
X14280,40.3308139999999,-80.030752,,"Bethel Park municipality (Allegheny, PA)",0.84659375,1,333
X14435,40.3156299999999,-80.0299679999999,,"Bethel Park municipality (Allegheny, PA)",0.84659375,1,328
X14240,40.3343199999999,-80.031001,,"Bethel Park municipality (Allegheny, PA)",0.84659375,1,333
X14575,40.294131,-80.0298509999999,,"Bethel Park municipality (Allegheny, PA)",0.84659375,1,328
X14160,40.3080179999999,-80.033251,,"Bethel Park municipality (Allegheny, PA)",0.84659375,1,328
X14415,40.296477,-80.030387,,"Bethel Park municipality (Allegheny, PA)",0.84659375,1,333
X14155,40.308545,-80.0333329999999,,"Bethel Park municipality (Allegheny, PA)",0.84659375,1,333
X14235,40.311297,-80.033358,,"Bethel Park municipality (Allegheny, PA)",0.84659375,1,328
X14570,40.2942469999999,-80.029812,,"Bethel Park municipality (Allegheny, PA)",0.84659375,1,333
X13815,40.300507,-80.031418,,"Bethel Park municipality (Allegheny, PA)",0.84659375,1,328
X14245,40.3342159999999,-80.0310829999999,,"Bethel Park municipality (Allegheny, PA)",0.84659375,1,328
X14447,40.2870729999999,-80.0209329999999,,"South Park township (Allegheny, PA)",0.84659375,1,333
X14325,40.322921,-80.029796,,"Bethel Park municipality (Allegheny, PA)",0.84659375,1,328
X14480,40.327821,-80.0305359999999,,"Bethel Park municipality (Allegheny, PA)",0.84659375,1,333
X14485,40.3281029999999,-80.0305989999999,,"Bethel Park municipality (Allegheny, PA)",0.84659375,1,328
X14125,40.345592,-80.0288529999999,,"Bethel Park municipality (Allegheny, PA)",0.84659375,1,333
X14900,40.296466,-80.030448,,"Bethel Park municipality (Allegheny, PA)",0.84659375,1,328
X14430,40.315966,-80.0295799999999,,"Bethel Park municipality (Allegheny, PA)",0.84659375,1,333
X13810,40.3009089999999,-80.0314769999999,,"Bethel Park municipality (Allegheny, PA)",0.84659375,1,333
X14130,40.345492,-80.028906,,"Bethel Park municipality (Allegheny, PA)",0.84659375,1,328
X14320,40.322778,-80.0296979999999,,"Bethel Park municipality (Allegheny, PA)",0.84659375,1,333
X14285,40.330398,-80.030775,,"Bethel Park municipality (Allegheny, PA)",0.84659375,1,328
E42134,40.450315,-79.9486509999999,Shadyside,"Pittsburgh city (Allegheny, PA)",0.8470578313253012,1,230
E42142,40.4505079999999,-79.9488369999999,North Oakland,"Pittsburgh city (Allegheny, PA)",0.8470578313253012,1,235
E42132,40.4527379999999,-79.949668,Bloomfield,"Pittsburgh city (Allegheny, PA)",0.8470578313253012,1,230
E42131,40.452725,-79.949753,North Oakland,"Pittsburgh city (Allegheny, PA)",0.8470578313253012,1,235
X70017,40.408194,-80.0030469999999,Bon Air,"Pittsburgh city (Allegheny, PA)",0.8486570583123577,2,515
X70013,40.365419,-80.0261299999999,,"Castle Shannon borough (Allegheny, PA)",0.8486570583123577,2,515
X70011,40.366396,-80.016047,,"Castle Shannon borough (Allegheny, PA)",0.8486570583123577,2,515
X70005,40.393265,-79.9982409999999,Brookline,"Pittsburgh city (Allegheny, PA)",0.8486570583123577,2,515
X70003,40.3998739999999,-79.998789,Carrick,"Pittsburgh city (Allegheny, PA)",0.8486570583123577,2,515
X70007,40.377659,-80.00461,Overbrook,"Pittsburgh city (Allegheny, PA)",0.8486570583123577,2,515
X70001,40.416702,-80.0102899999999,Beltzhoover,"Pittsburgh city (Allegheny, PA)",0.8486570583123577,2,515
X70009,40.3738969999999,-80.007738,,"Castle Shannon borough (Allegheny, PA)",0.8486570583123577,2,515
X70006,40.3928379999999,-79.9982959999999,Brookline,"Pittsburgh city (Allegheny, PA)",0.848697200497423,2,515
X70004,40.3993979999999,-79.998894,Carrick,"Pittsburgh city (Allegheny, PA)",0.848697200497423,2,515
X70010,40.373624,-80.008182,,"Castle Shannon borough (Allegheny, PA)",0.848697200497423,2,515
X70012,40.3664169999999,-80.016676,,"Castle Shannon borough (Allegheny, PA)",0.848697200497423,2,515
X70002,40.416499,-80.010334,Beltzhoover,"Pittsburgh city (Allegheny, PA)",0.848697200497423,2,515
X70018,40.407738,-80.0031039999999,Bon Air,"Pittsburgh city (Allegheny, PA)",0.848697200497423,2,515
X70014,40.365177,-80.0266189999999,,"Castle Shannon borough (Allegheny, PA)",0.848697200497423,2,515
X70008,40.377397,-80.0050549999999,Overbrook,"Pittsburgh city (Allegheny, PA)",0.848697200497423,2,515
N04650,40.4541919999999,-80.0196899999999,Central Northside,"Pittsburgh city (Allegheny, PA)",0.8840963855421686,1,55
N04640,40.4529569999999,-80.01931,Allegheny West,"Pittsburgh city (Allegheny, PA)",0.8840963855421686,1,55
N53645,40.45158,-80.0184859999999,Allegheny West,"Pittsburgh city (Allegheny, PA)",0.8840963855421686,1,55
N45160,40.461418,-80.0345149999999,Chateau,"Pittsburgh city (Allegheny, PA)",0.8840963855421686,1,55
N10060,40.4588129999999,-80.033409,Chateau,"Pittsburgh city (Allegheny, PA)",0.8840963855421686,1,55
N53760,40.45232,-80.014565,Allegheny West,"Pittsburgh city (Allegheny, PA)",0.8840963855421686,1,55
N14915,40.461407,-80.031593,Chateau,"Pittsburgh city (Allegheny, PA)",0.8840963855421686,1,55
N04630,40.4543079999999,-80.019829,Manchester,"Pittsburgh city (Allegheny, PA)",0.8840963855421686,1,60
N33700,40.4587059999999,-80.032318,Chateau,"Pittsburgh city (Allegheny, PA)",0.8840963855421686,1,55
N14870,40.4581629999999,-80.029651,Manchester,"Pittsburgh city (Allegheny, PA)",0.8840963855421686,1,55
N53640,40.4519769999999,-80.016411,Allegheny West,"Pittsburgh city (Allegheny, PA)",0.8840963855421686,1,55
N04560,40.453228,-80.0194929999999,Manchester,"Pittsburgh city (Allegheny, PA)",0.8840963855421686,1,60
N71343,40.459636,-80.0301309999999,Manchester,"Pittsburgh city (Allegheny, PA)",0.8840963855421686,1,55
N53670,40.4523549999999,-80.014206,Allegheny West,"Pittsburgh city (Allegheny, PA)",0.8840963855421686,1,60
N27990,40.461933,-80.0325169999999,Chateau,"Pittsburgh city (Allegheny, PA)",0.8840963855421686,1,60
N53650,40.451551,-80.018572,Allegheny West,"Pittsburgh city (Allegheny, PA)",0.8840963855421686,1,60
N53750,40.4519,-80.0166789999999,Allegheny West,"Pittsburgh city (Allegheny, PA)",0.8840963855421686,1,60
N45940,40.450237,-80.015516,Allegheny West,"Pittsburgh city (Allegheny, PA)",0.8840963855421686,1,60
N33710,40.455542,-80.031277,Chateau,"Pittsburgh city (Allegheny, PA)",0.8840963855421686,1,55
N33705,40.456814,-80.0316839999999,Chateau,"Pittsburgh city (Allegheny, PA)",0.8840963855421686,1,55
N08000,40.4594269999999,-80.031136,Chateau,"Pittsburgh city (Allegheny, PA)",0.8840963855421686,1,60
