stop_id,stop_name,mode,stop_type,avg_daily_usage,avg_ons,avg_offs,lat,lon
P00930,7TH ST AT PENN AVE,Bus,Bus Stop,2841.3614,1122.28865,1719.07275,40.4433,-80.0003
P00590,FIFTH AVE AT WOOD ST,Bus,Bus Stop,2431.372758,1960.061398,471.31136,40.4408,-80.0007
P03690,WOOD ST AT SIXTH AVE,Bus,Bus Stop,2307.5137059999997,583.045476,1724.46823,40.4418,-79.9996
E01730,FIFTH AVE AT THACKERAY AVE,Bus,Bus Stop,2289.581807,897.2454465000001,1392.3363605,40.4433,-79.9565
P03695,WOOD ST BTW FORBES AVE & FIFTH AVE,Bus,Bus Stop,2232.2749965000003,441.3727465,1790.90225,40.4403,-80.0006
P03440,STANWIX ST AT PENN AVE (GATEWAY #2),Bus,Bus Stop,1972.0476924999998,709.9385925,1262.1091,40.4427,-80.0044
E01360,FIFTH AVE AT OAKLAND AVE,Bus,Bus Stop,1969.9658920000002,1396.89091,573.074982,40.4421,-79.9579
E02050,FIFTH AVE OPP THACKERAY AVE,Bus,Bus Stop,1870.1204599999999,1370.51137,499.60909,40.443,-79.9567
P70027,LIBERTY AVE AT 6TH ST NS (SHELTER),Bus,Bus Stop,1614.6590700000002,486.1591,1128.49997,40.4421,-80.0014
P02310,LIBERTY AVE AT 7TH ST (CLARK BLDG),Bus,Bus Stop,1559.88865675,1311.738655,248.15000175,40.4425,-79.9998
P03315,STANWIX ST AT FOURTH AVE (PPG PLACE),Bus,Bus Stop,1550.0682,347.7591,1202.3091,40.4403,-80.0044
P00750,SIXTH AVE AT WOOD ST,Bus,Bus Stop,1476.6068050000001,405.145455,1071.46135,40.4421,-79.9993
P00710,SIXTH AVE AT SMITHFIELD ST,Bus,Bus Stop,1447.42276,301.64090999999996,1145.78185,40.4414,-79.9976
P02860,PENN AVE AT 7TH ST,Bus,Bus Stop,1435.2977203500002,917.9840750000001,517.3136453500001,40.4433,-80.0001
E01010,FIFTH AVE AT BIGELOW BLVD (PITT),Bus,Bus Stop,1425.2363850000002,1080.1000250000002,345.13635999999997,40.4442,-79.9549
P02550,LIBERTY AVE AT WOOD ST,Bus,Bus Stop,1393.15686045,994.60459545,398.55226500000003,40.4425,-79.9994
E01335,FIFTH AVE AT MEYRAN AVE,Bus,Bus Stop,1326.363652,861.404555,464.959097,40.4411,-79.9592
E19660,FORBES AVE AT MURRAY AVE,Bus,Bus Stop,1288.5840500000002,390.40000000000003,898.1840500000001,40.438,-79.9232
P02280,LIBERTY AVE AT SIXTH AVE,Bus,Bus Stop,1276.34315,522.6590858,753.6840642,40.4422,-80.0003
P03360,STANWIX ST AT FORBES AVE,Bus,Bus Stop,1264.404525,962.7727,301.631825,40.441,-80.004
P03145,SMITHFIELD ST AT FORBES AVE,Bus,Bus Stop,1256.2863555,1197.759085,58.5272705,40.4396,-79.9991
P70024,STANWIX ST AT PENN AVE FS,Bus,Bus Stop,1138.66595045,961.74095,176.92500045,40.4427,-80.0043
E19210,FORBES AVE AT BOUQUET ST FS,Bus,Bus Stop,1123.8000001,788.8250041,334.974996,40.4422,-79.9561
E19130,FORBES AVE AT ATWOOD ST,Bus,Bus Stop,1051.02950165,677.04541215,373.9840895,40.441,-79.9577
P02600,LIBERTY AVE OPP 9TH ST,Bus,Bus Stop,1044.73864574,546.67273254,498.0659132,40.4428,-79.9981
E17303,EAST BUSWAY AT EAST LIBERTY STATION A,Busway,Busway Station,1028.0772849999998,298.899994,729.177291,40.4595,-79.9225
P02650,LIBERTY AVE AT WYNDHAM GRAND HOTEL,Bus,Bus Stop,979.131759375,936.143122275,42.9886371,40.4415,-80.0056
P00860,SEVENTH AVE AT WILLIAM PENN PL,Bus,Bus Stop,951.429478,621.1386,330.290878,40.4426,-79.9961
P00940,7TH ST AT PENN AVE FS,Bus,Bus Stop,914.4000455,9.6045455,904.7955000000001,40.4429,-80.0002
P02320,LIBERTY AVE AT TITO WAY,Bus,Bus Stop,889.5568145,697.7704534999999,191.786361,40.4428,-79.9986
P70019,SIXTH AVE AT CENTRE AVE,Bus,Bus Stop,822.5841085000001,28.1613635,794.4227450000001,40.4398,-79.9942
P00600,FIFTH AVE AT SMITHFIELD ST,Bus,Bus Stop,818.6818152999999,659.4795418,159.2022735,40.4401,-79.9988
E01720,FIFTH AVE OPP TENNYSON AVE,Bus,Bus Stop,762.93182,458.59091,304.34091,40.4455,-79.9532
P01620,EAST BUSWAY AT PENN STATION C,Busway,Busway Station,757.209089335,156.022729795,601.18635954,40.444,-79.9921
P02120,GRANT ST AT US STEEL STOP A,Bus,Bus Stop,703.322755,629.0795735,74.2431815,40.4414,-79.9954
E00975,FIFTH AVE AT BELLEFIELD AVE,Bus,Bus Stop,694.27955,398.095455,296.184095,40.4463,-79.9521
E01225,FIFTH AVE AT HALKET ST,Bus,Bus Stop,679.7386368,429.94318,249.7954568,40.439,-79.9622
P00375,FOURTH AVE AT PPG ENTRANCE,Bus,Bus Stop,667.5090739999999,528.665895,138.843179,40.4402,-80.0036
E01180,FIFTH AVE AT DESOTO ST,Bus,Bus Stop,666.499993,187.6227225,478.8772705,40.4424,-79.9578
P02270,LIBERTY AVE AT FIFTH AVE,Bus,Bus Stop,616.665892795,539.390894545,77.27499825,40.4418,-80.0025
P01150,BLVD OF ALLIES AT CHERRY WAY FS,Bus,Bus Stop,608.184125,45.754545,562.42958,40.4377,-79.9997
E15680,CRAIG ST AT CENTRE AVE,Bus,Bus Stop,604.579555,156.522725,448.05683,40.4517,-79.9518
E01210,FIFTH AVE AT MCKEE PL FS,Bus,Bus Stop,602.811363,441.381815,161.429548,40.4406,-79.9599
E19320,FORBES AVE AT CRAIG ST,Bus,Bus Stop,580.3704518,197.48181499999998,382.8886368,40.4445,-79.9485
P00650,FIFTH AVE AT WOOD ST NS,Bus,Bus Stop,572.8181893,148.00909295,424.80909635,40.4405,-79.9995
E01940,FIFTH AVE OPP CRAFT AVE (CARLOW UNIV),Bus,Bus Stop,529.0954532,196.30681785,332.78863535,40.438,-79.9638
E19570,FORBES AVE AT MCKEE PL,Bus,Bus Stop,512.081814045,336.647723545,175.4340905,40.4397,-79.9595
S19380,GIANT EAGLE DR AT DRUG STORE,Bus,Bus Stop,501.6090909090909,312.4704545454546,189.13863636363638,40.4115,-79.9083
P02530,LIBERTY AVE AT WILLIAM PENN PL,Bus,Bus Stop,486.840910315,263.58863766999997,223.252272645,40.4435,-79.9954
E01420,FIFTH AVE AT MOREWOOD AVE,Bus,Bus Stop,484.568164275,446.779527275,37.788636999999994,40.4474,-79.9426
E01410,FIFTH AVE AT MOREWOOD AVE,Bus,Bus Stop,471.42727,37.73182,433.69545,40.4475,-79.9423
W08025,PGH INTERNL AIRPORT LOWER LEVE,Bus,Bus Stop,468.9363636363638,299.168181818182,169.7681818181818,40.4963,-80.2558
P00850,SEVENTH AVE AT SMITHFIELD ST,Bus,Bus Stop,465.4068246,456.56137,8.8454546,40.4428,-79.9966
E15730,CRAIG ST AT PARK PLAZA,Bus,Bus Stop,459.53635999999995,334.529545,125.00681499999999,40.4479,-79.9495
E00970,FIFTH AVE AT BELLEFIELD AVE,Bus,Bus Stop,445.275,173.625,271.65,40.4467,-79.9517
P02670,LIBERTY AVE OPP SMITHFIELD ST,Bus,Bus Stop,441.37726905,283.78408725,157.5931818,40.4434,-79.9965
W26185,WEST BUSWAY AT SHERADEN STATION A,Busway,Busway Station,440.50457,53.08181999999999,387.42275,40.4528,-80.0532
P03000,SMITHFIELD ST AT THIRD AVE,Bus,Bus Stop,440.38638605,399.9500225,40.436363549999996,40.4383,-79.9999
E70804,CRAIG ST AT CENTRE AVE FS,Bus,Bus Stop,439.302275,335.72273,103.579545,40.4516,-79.9519
P02910,PENN AVE AT GARRISON PL NS (#933),Bus,Bus Stop,430.570471,142.5545465,288.01592450000004,40.4442,-79.9969
E41740,NEGLEY AVE AT CENTRE AVE,Bus,Bus Stop,419.86594,311.93185,107.93409000000001,40.4575,-79.9342
P02490,LIBERTY AVE AT SMITHFIELD ST,Bus,Bus Stop,417.502269815,185.85908792,231.643181895,40.4432,-79.9968
TP7010,LAYOVER-EAST BUSWAY SWISSVALE,Bus,Bus Stop,416.98409449999997,222.5090715,194.475023,40.415,-79.8795
E01150,FIFTH AVE AT CRAIG ST NS,Bus,Bus Stop,411.34090785,278.97727135,132.3636365,40.4468,-79.9496
P01940,GRANT ST OPP OLIVER AVE,Bus,Bus Stop,403.015919545,190.354549545,212.66136999999998,40.4401,-79.9962
N04610,ALLEGHENY AVE AT REEDSDALE ST FS,Bus,Bus Stop,387.83638149999996,6.4931814999999995,381.34319999999997,40.4478,-80.0178
S16190,E CARSON ST AT S 18TH ST,Bus,Bus Stop,387.24094,188.300015,198.94092500000002,40.4287,-79.9807
E41190,MURRAY AVE AT FORWARD AVE,Bus,Bus Stop,384.8750160000001,292.44319500000006,92.431821,40.4295,-79.9235
N13610,CEDAR AVE OPP PRESSLEY ST,Bus,Bus Stop,382.25681699999996,176.768184,205.488633,40.4516,-80.0012
E19720,FORBES AVE AT PRIDE ST (MERCY HOSPITAL),Bus,Bus Stop,379.781815,243.03864,136.743175,40.4376,-79.9853
E70425,PENN AVE AT EASTSIDE III DR,Bus,Bus Stop,373.82500415000004,238.7000025,135.12500165,40.4602,-79.9215
E19810,FORBES AVE AT WIGHTMAN ST,Bus,Bus Stop,373.261365,30.55,342.711365,40.438,-79.928
S70020,S 18TH ST AT SARAH ST,Bus,Bus Stop,368.049985,199.679525,168.37046,40.4279,-79.9807
S45375,TARGET DR AT TARGET PERIMETER RD,Bus,Bus Stop,364.29090909090905,106.8318181818182,257.45909090909083,40.4111,-79.9097
N01935,4TH AVE AT CENTRAL CITY PLAZA,Bus,Bus Stop,344.552272727273,181.4727272727275,163.0795454545455,40.5649,-79.7663
E19770,FORBES AVE AT SHADY AVE,Bus,Bus Stop,343.31136200000003,148.579543,194.731819,40.438,-79.9196
E41330,MURRAY AVE AT PHILLIPS AVE,Bus,Bus Stop,342.59090549999996,317.93636,24.6545455,40.4322,-79.9231
W08033,GREENTREE RD AT ARLA DR FS,Bus,Bus Stop,334.1068275,2.8727275,331.2341,40.4035,-80.0581
N53540,WATERWORKS MALL OPP GIANT EAGLE,Bus,Bus Stop,333.690912,87.234092,246.45682,40.4876,-79.8938
E19800,FORBES AVE AT WIGHTMAN ST,Bus,Bus Stop,331.4795425,315.981815,15.4977275,40.4381,-79.9275
P02030,GRANT ST AT LIBERTY AVE FS (FED BLDG),Bus,Bus Stop,325.32955915,182.50001645,142.8295427,40.4433,-79.9943
E09550,BRADDOCK HILLS SHPG CTR AT GIANT EAGLE,Bus,Bus Stop,322.8204545454546,169.16136363636366,153.6590909090909,40.4145,-79.8552
E17316,EAST BUSWAY AT WILKINSBURG STATION D,Busway,Busway Station,316.07727192,7.61818197,308.45908994999996,40.4466,-79.8885
E01130,FIFTH AVE AT CRAFT AVE (CARLOW UNIV),Bus,Bus Stop,315.91364475,184.12728,131.78636475,40.4378,-79.9641
E01540,FIFTH AVE AT PRIDE ST,Bus,Bus Stop,313.92045900000005,138.7590915,175.1613675,40.4386,-79.9849
P02800,PENN AVE AT 11TH ST,Bus,Bus Stop,313.5181815,10.3431815,303.175,40.4451,-79.9936
E41200,MURRAY AVE AT FORWARD AVE,Bus,Bus Stop,311.331811,86.69090600000001,224.640905,40.4302,-79.9235
E01140,FIFTH AVE AT CRAIG ST,Bus,Bus Stop,310.15909000000005,100.256815,209.90227500000003,40.4471,-79.9488
P01330,BLVD OF ALLIES AT WOOD ST,Bus,Bus Stop,303.2704565,28.7659115,274.504545,40.4384,-80.0017
E13650,CENTRE AVE AT MOREWOOD AVE,Bus,Bus Stop,302.284095,61.58636,240.697735,40.4541,-79.9445
E15660,CRAIG ST AT BAYARD ST,Bus,Bus Stop,295.67728,90.34773,205.32955,40.4497,-79.9506
N53630,WEST VIEW PLAZA FIRE LANE AT GIANT EAGLE,Bus,Bus Stop,292.625,163.15454499999998,129.470455,40.5168,-80.0386
E15650,CRAIG ST AT BAYARD ST,Bus,Bus Stop,283.568185,212.65682,70.911365,40.4499,-79.9508
E70182,ROSS AVE AT WOOD ST FS (SAVE A LOT),Bus,Bus Stop,282.92954,222.4159055,60.513634499999995,40.4425,-79.8841
E19470,FORBES AVE AT MCANULTY DR,Bus,Bus Stop,273.818176,195.990905,77.827271,40.4379,-79.9913
P00330,SECOND AVE OPP MUNICIPAL COURTS DR FS,Bus,Bus Stop,272.7045465,21.288636500000003,251.41591,40.436,-79.9955
E13630,CENTRE AVE AT MILLVALE AVE,Bus,Bus Stop,271.079545,193.63864,77.440905,40.4534,-79.9472
P01936,GRANT ST AT OLIVER AVE,Bus,Bus Stop,270.929543675,61.4909064,209.438637275,40.4402,-79.9963
P02080,GRANT ST AT STRAWBERRY WAY (US STEEL TOWER,Bus,Bus Stop,269.42272305,59.69318125,209.7295418,40.4416,-79.9955
S33262,MCKEESPORT TRANSPORTATION CENT AT BAY #2,Bus,Bus Stop,269.090909090909,109.1090909090909,159.98181818181808,40.3523,-79.8606
W07585,CRAFTON INGRAM SC AT GIANT EAGLE,Bus,Bus Stop,264.5181818181818,156.89090909090908,107.62727272727275,40.4408,-80.0718
E41240,MURRAY AVE AT HOBART ST,Bus,Bus Stop,264.19091000000003,41.83409,222.35682,40.4339,-79.923
S08140,BROWNSVILLE RD AT BAUSMAN ST FS,Bus,Bus Stop,263.865889,121.993159,141.87273,40.4141,-79.9883
S30810,LYSLE BLVD OPP COURSIN ST,Bus,Bus Stop,263.1772727272727,66.6477272727273,196.52954545454537,40.3523,-79.8565
E41230,MURRAY AVE AT HOBART ST,Bus,Bus Stop,262.565909,235.6,26.965909,40.4336,-79.9229
P00380,FOURTH AVE AT SMITHFIELD ST,Bus,Bus Stop,257.6340935,233.19773,24.4363635,40.4388,-79.9997
E19400,FORBES AVE AT DITHRIDGE ST,Bus,Bus Stop,255.797727125,42.995454349999996,212.802272775,40.4442,-79.95
W70183,PGH AIRPORT UPPER LEVEL (DEPAR,Bus,Bus Stop,251.045454545455,1.0,250.045454545455,40.4953,-80.2558
E41110,MURRAY AVE AT BEACON ST,Bus,Bus Stop,250.87045500000002,87.82273,163.047725,40.4349,-79.9229
E13480,CENTRE AVE AT GRAHAM ST,Bus,Bus Stop,249.43408649999998,184.713632,64.7204545,40.4566,-79.9364
P02830,PENN AVE AT CECIL PL,Bus,Bus Stop,244.56591,235.786365,8.779545,40.4425,-80.0031
E13380,CENTRE AVE AT CYPRESS ST,Bus,Bus Stop,244.125,196.67272499999999,47.452275,40.4551,-79.9414
P00580,FIFTH AVE AT MARKET ST,Bus,Bus Stop,242.9272697,67.0931815,175.8340882,40.4412,-80.0014
E01470,FIFTH AVE AT NEGLEY AVE,Bus,Bus Stop,240.222722045,22.806816045,217.415906,40.4497,-79.9298
E46470,PENN AVE AT SHERIDAN AVE,Bus,Bus Stop,240.02726545000002,120.53181745,119.495448,40.461,-79.9236
E13180,CENTRE AVE AT AIKEN AVE,Bus,Bus Stop,239.7249995,33.2545445,206.470455,40.4558,-79.9388
E13490,CENTRE AVE AT GRAHAM ST,Bus,Bus Stop,238.745456,86.12045499999999,152.625001,40.4565,-79.9366
P03490,STANWIX ST OPP FOURTH AVE,Bus,Bus Stop,235.4,149.795455,85.604545,40.4407,-80.0044
E01660,FIFTH AVE AT SHADY AVE,Bus,Bus Stop,235.2227325,44.95227250000001,190.27045999999999,40.4528,-79.9209
E13910,CENTRE AVE OPP CYPRESS ST,Bus,Bus Stop,235.08409,53.522724999999994,181.561365,40.455,-79.9416
E01810,FIFTH AVE AT WASHINGTON PL,Bus,Bus Stop,230.06135627499998,63.354545775,166.7068105,40.4388,-79.9907
P00490,FIFTH AVE AT GRANT ST NS,Bus,Bus Stop,226.98636499999998,56.363636,170.622729,40.4392,-79.9962
S08860,BROWNSVILLE RD OPP MATTHEWS AVE,Bus,Bus Stop,224.36817299999998,151.7659,72.602273,40.4134,-79.9887
S48620,WHARTON ST AT S 20TH ST,Bus,Bus Stop,223.93636500000002,111.345455,112.59091000000001,40.4304,-79.9772
W03830,CHARTIERS AVE AT MCKEES ROCKS PLAZA NS,Bus,Bus Stop,222.56818181818184,131.7,90.86818181818185,40.4644,-80.0576
E41090,MURRAY AVE AT BARTLETT ST,Bus,Bus Stop,222.05908800000003,43.090908,178.96818000000002,40.4361,-79.9229
E01900,FIFTH AVE OPP BELLEFONTE ST,Bus,Bus Stop,221.840910275,19.993181774999996,201.84772850000002,40.449,-79.9322
E00980,FIFTH AVE AT BELLEFONTE ST,Bus,Bus Stop,218.9636371,203.8181825,15.1454546,40.449,-79.9325
S02620,8TH AVE AT ANN ST FS,Bus,Bus Stop,218.5636363636363,128.56818181818178,89.99545454545454,40.4079,-79.9091
E09540,BRADDOCK HILLS SHPG CTR AT PROPEL SCHOOL,Bus,Bus Stop,215.6590909090909,78.15227272727273,137.50681818181818,40.4146,-79.8533
N70048,WATERWORKS MALL OPP BED BATH & BEYOND (WALMART),Bus,Bus Stop,213.67953899999998,47.004543999999996,166.674995,40.488,-79.8898
E13600,CENTRE AVE AT MELWOOD AVE,Bus,Bus Stop,212.33864,138.002275,74.336365,40.4523,-79.9507
N30310,LINCOLN AVE OPP FREMONT AVE,Bus,Bus Stop,211.33636363636364,54.59772727272729,156.73863636363635,40.494,-80.0523
E70378,FIFTH AVE OPP AIKEN AVE,Bus,Bus Stop,209.281814045,19.709090545,189.5727235,40.4483,-79.9344
S08720,BROWNSVILLE RD OPP KNOX AVE,Bus,Bus Stop,209.26591275,147.886365,61.37954775,40.4106,-79.9902
N30390,LINCOLN AVE AT SHERIDAN AVE,Bus,Bus Stop,208.91136363636366,155.54318181818186,53.3681818181818,40.4952,-80.0549
S16270,E CARSON ST AT S 22ND ST,Bus,Bus Stop,208.83181770000002,168.60909,40.22272770000001,40.4284,-79.9748
E41120,MURRAY AVE AT BEACON ST NS,Bus,Bus Stop,208.2272715,141.288635,66.9386365,40.4346,-79.9228
E45880,PENN AVE AT VILLAGE OF EASTSIDE SHPG CTR,Bus,Bus Stop,206.27954780000002,104.9045451,101.37500270000001,40.4582,-79.9184
W70118,LAYOVER WEST BUSWAY TERMINAL,Busway,Busway Stop,205.35681818181808,50.4659090909091,154.890909090909,40.4055,-80.0908
E41890,NEGLEY AVE AT PENN AVE,Bus,Bus Stop,204.5931855,79.72727499999999,124.8659105,40.4632,-79.9308
W07587,KENNEDY CTR GIANT EAGLE,Bus,Bus Stop,204.3477272727273,104.8886363636364,99.4590909090909,40.4679,-80.0972
E14000,CENTRE AVE OPP MILLVALE AVE,Bus,Bus Stop,202.084095,59.45,142.634095,40.4532,-79.9475
S02930,8TH AVE AT WEST ST FS,Bus,Bus Stop,201.53863636363636,46.29772727272728,155.24090909090907,40.4062,-79.9119
S16310,E CARSON ST AT S 24TH ST,Bus,Bus Stop,201.279531,33.118181,168.16135,40.4282,-79.9713
E30310,HWY RT 286 OPP ALPINE VILLAGE PARK AND RIDE,Bus,Bus Stop,200.95454545454527,0.8227272727272725,200.131818181818,40.4291,-79.7194
E70217,VA HOSPITAL TRANSIT LOOP AT SHELTER,Bus,Bus Stop,199.079565,86.486365,112.5932,40.4467,-79.9604
E19640,FORBES AVE AT MURDOCH ST,Bus,Bus Stop,197.929543,16.731818,181.197725,40.4378,-79.9308
E01990,FIFTH AVE OPP MARYLAND AVE,Bus,Bus Stop,196.6181785,22.2340905,174.384088,40.4504,-79.9275
E41100,MURRAY AVE AT BARTLETT ST FS,Bus,Bus Stop,196.102275,131.709095,64.39318,40.4362,-79.9228
S08700,BROWNSVILLE RD AT KNOX AVE,Bus,Bus Stop,194.70909425,55.84318425,138.86590999999999,40.4108,-79.9902
S08930,BROWNSVILLE RD AT PARKFIELD ST,Bus,Bus Stop,193.179549,40.011364,153.168185,40.3915,-79.9867
N38740,NORTH AVE AT REDDOUR ST,Bus,Bus Stop,192.5795462,106.3863632,86.193183,40.4554,-80.0075
S08790,BROWNSVILLE RD AT MCKINLEY ST,Bus,Bus Stop,192.40227320000002,67.33636320000001,125.06591000000002,40.409,-79.9911
P02865,PENN AVE AT 8TH ST,Bus,Bus Stop,191.620464,132.390915,59.22954899999999,40.4436,-79.9992
E41140,MURRAY AVE AT DARLINGTON RD,Bus,Bus Stop,190.95455,81.01364000000001,109.94091,40.4372,-79.923
E17308,EAST BUSWAY AT NEGLEY STATION B,Busway,Busway Station,190.947732485,188.4477325,2.499999985,40.4566,-79.9326
E41300,MURRAY AVE OPP MORROWFIELD AVE,Bus,Bus Stop,189.2090925,14.1477275,175.061365,40.4281,-79.9252
S70407,E CARSON ST AT S 9TH ST,Bus,Bus Stop,188.37273,128.90227499999997,59.470455,40.4287,-79.9897
E19520,FORBES AVE AT MARGARET MORRISON ST NS,Bus,Bus Stop,187.013635,119.231815,67.78182,40.4428,-79.9378
N53510,WATERWORKS MALL AT WALMART,Bus,Bus Stop,185.956818,134.961365,50.995453000000005,40.4879,-79.8885
E01920,FIFTH AVE OPP CLYDE ST,Bus,Bus Stop,185.38863909999998,166.07272999999998,19.3159091,40.4472,-79.945
P00680,SIXTH AVE AT FIFTH AVE,Bus,Bus Stop,181.6068215,21.8681815,159.73864,40.4393,-79.9946
E13610,CENTRE AVE AT MELWOOD AVE,Bus,Bus Stop,180.209085,83.99318,96.21590499999999,40.4522,-79.951
S09090,BROWNSVILLE RD AT SANKEY AVE,Bus,Bus Stop,179.82954635000002,155.545455,24.28409135,40.3841,-79.9775
E41960,NEGLEY AVE AT STANTON AVE,Bus,Bus Stop,179.611367,22.388637,157.22273,40.4713,-79.9263
E41280,MURRAY AVE AT LORETTA ST,Bus,Bus Stop,178.988633,70.388633,108.6,40.422,-79.9289
E19890,FORBES AVE OPP MARGARET MORRISON ST,Bus,Bus Stop,176.42726999999996,67.27499499999999,109.15227499999999,40.4426,-79.9375
E41260,MURRAY AVE AT LILAC ST,Bus,Bus Stop,173.377272,12.493182,160.88409000000001,40.4233,-79.9287
E35370,LIBERTY AVE AT MILLVALE AVE (WEST PENN HOSP),Bus,Bus Stop,171.27727,130.413635,40.863635,40.46,-79.9461
TP7076,LAYOVER PENN PARK TERMINAL - N,Bus,Bus Stop,169.49091199999998,87.38636799999999,82.104544,40.4462,-79.9887
N17040,EAST COMMONS AT NORTH COMMONS,Bus,Bus Stop,166.961365,80.743185,86.21818,40.4538,-80.0039
E19360,FORBES AVE BTW DENNISTON ST & SHADY AVE,Bus,Bus Stop,166.34545,123.76136,42.58409,40.4381,-79.9188
E41290,MURRAY AVE AT MORROWFIELD AVE FS,Bus,Bus Stop,163.07272935,152.75682,10.31590935,40.4282,-79.9248
N13550,CEDAR AVE AT EAST OHIO ST,Bus,Bus Stop,162.352266,58.0022685,104.3499975,40.4535,-80.0018
S08770,BROWNSVILLE RD AT MAYTIDE ST,Bus,Bus Stop,161.163636,27.829546,133.33409,40.3846,-79.978
S30735,LYSLE BLVD OPP MCKEESPORT TRANSPORTATION CENT,Bus,Bus Stop,159.2681818181818,82.00000000000003,77.26818181818179,40.3519,-79.8609
E01460,FIFTH AVE AT NEGLEY AVE,Bus,Bus Stop,158.83636585,144.4750025,14.361363350000001,40.4499,-79.9296
S09200,BROWNSVILLE RD AT WALNUT ST FS,Bus,Bus Stop,158.27272999999997,99.34545499999999,58.927274999999995,40.416,-79.9871
E17294,EAST BUSWAY AT EAST LIBERTY STATION D,Busway,Busway Station,153.31818392,2.85454542,150.4636385,40.4595,-79.9228
S70138,E CARSON ST AT S 26TH ST,Bus,Bus Stop,152.75909,59.99318,92.76590999999999,40.4274,-79.9686
S08370,BROWNSVILLE RD AT CEDRICTON ST FS,Bus,Bus Stop,152.543185,61.23182,91.311365,40.405,-79.9907
S02550,8TH AVE AT AMITY ST,Bus,Bus Stop,151.69999999999996,69.1204545454545,82.57954545454545,40.4072,-79.9108
N38770,NORTH AVE OPP BOYLE ST,Bus,Bus Stop,151.1977286,75.9704555,75.2272731,40.4556,-80.0057
P02890,PENN AVE AT 9TH ST,Bus,Bus Stop,150.50909159999998,127.079546,23.429545599999997,40.4438,-79.9981
P00690,SIXTH AVE AT BIGELOW BLVD,Bus,Bus Stop,149.64545095,10.27954545,139.3659055,40.4404,-79.9946
S08550,BROWNSVILLE RD AT GOLDBACH WAY,Bus,Bus Stop,148.927269,32.290909,116.63636,40.4155,-79.9874
E41220,MURRAY AVE AT HAZELWOOD AVE,Bus,Bus Stop,148.31363499999998,39.120456,109.19317899999999,40.4198,-79.9284
S00982,SECOND AVE AT TECUMSEH ST,Bus,Bus Stop,146.3227265,43.9409065,102.38182,40.4088,-79.9438
E01650,FIFTH AVE AT SHADY AVE,Bus,Bus Stop,146.14089529999998,142.677259,3.4636363,40.453,-79.9206
S09530,BROWNSVILLE RD OPP MCKINLEY ST,Bus,Bus Stop,143.952275,102.72500000000001,41.22727499999999,40.4085,-79.9911
S30830,LYSLE BLVD OPP EVANS ST,Bus,Bus Stop,143.73636363636365,38.515909090909105,105.22045454545456,40.3526,-79.8508
E70429,CENTRE AVE AT HILL HOUSE,Bus,Bus Stop,142.71818,81.16817999999999,61.55,40.4431,-79.9812
P01600,EAST BUSWAY AT PENN STATION A,Busway,Busway Station,142.681819225,81.134090525,61.5477287,40.4439,-79.9921
W08036,GREENTREE RD AT CHATHAM PARK DR,Bus,Bus Stop,142.45907749999998,136.23635,6.2227275,40.4034,-80.0583
E29140,HIGHLAND AVE AT STANTON AVE,Bus,Bus Stop,141.602273,12.431818,129.170455,40.4696,-79.921
E35350,LIBERTY AVE AT MATHILDA ST (WEST PENN HOSP),Bus,Bus Stop,141.40227,44.825,96.57727,40.4606,-79.9469
N14830,CHATEAU ST AT JUNIATA ST,Bus,Bus Stop,140.4931852,29.6431832,110.85000199999999,40.4564,-80.0291
N13600,CEDAR AVE AT SUISMON ST,Bus,Bus Stop,140.0159085,57.213636,82.8022725,40.4548,-80.0021
E19590,FORBES AVE AT MILTENBERGER ST,Bus,Bus Stop,139.075,77.956818,61.118182000000004,40.4375,-79.9817
N38370,NORTH AVE AT BRIGHTON RD,Bus,Bus Stop,139.015907,58.145453,80.870454,40.4541,-80.0144
S09620,BROWNSVILLE RD OPP PARKFIELD ST,Bus,Bus Stop,138.8090915,114.67272999999999,24.136361499999996,40.3912,-79.9865
E27540,HAY ST AT PENN AVE,Bus,Bus Stop,138.422731,31.825,106.59773100000001,40.4443,-79.8858
E01090,FIFTH AVE AT COLLEGE ST,Bus,Bus Stop,137.152275545,116.8863665,20.265909045,40.4513,-79.9257
E01350,FIFTH AVE AT MARYLAND AVE,Bus,Bus Stop,136.44545485,118.509091,17.93636385,40.4506,-79.9274
S16250,E CARSON ST AT S 21ST ST,Bus,Bus Stop,136.19317955000002,91.73863500000002,44.45454455,40.4285,-79.9765
P01290,BLVD OF ALLIES AT STANWIX ST,Bus,Bus Stop,136.154546,31.559091,104.595455,40.4396,-80.0048
E70451,LAWRENCEVILLE SHOPPING CENTER,Bus,Bus Stop,134.045455,45.69091,88.354545,40.4829,-79.948
E41800,NEGLEY AVE AT FRIENDSHIP AVE,Bus,Bus Stop,133.002272,21.193182,111.80909,40.4606,-79.9324
E14020,CENTRE AVE OPP NEVILLE ST,Bus,Bus Stop,132.5659115,93.845455,38.7204565,40.4527,-79.9495
E11660,BUTLER ST AT 41ST ST,Bus,Bus Stop,132.1977265,90.656815,41.5409115,40.4696,-79.9613
S43040,SMITHFIELD ST BRIDGE AT STATION SQUARE,Bus,Bus Stop,132.06817934999998,80.7090884,51.359090949999995,40.433,-80.0035
N19270,FEDERAL ST AT NORTH AVE FS,Bus,Bus Stop,131.9159095,81.074998,50.8409115,40.4559,-80.0067
E38070,MAIN ST AT PENN AVE NS,Bus,Bus Stop,131.0181815,11.8386365,119.17954499999999,40.4655,-79.9548
W25100,WASHINGTON PIKE AT THOMS RUN RD,Bus,Bus Stop,130.91590909090914,1.811363636363636,129.1045454545455,40.3813,-80.0948
W19558,PARKWAY CENTER DR SOUTH AT BUILDING #7,Bus,Bus Stop,130.47727272727295,13.10454545454545,117.3727272727275,40.4235,-80.041
E35270,LIBERTY AVE AT ELLA ST,Bus,Bus Stop,129.925,48.715909999999994,81.20909,40.4631,-79.9517
P00760,6TH ST AT FT DUQUESNE BLVD,Bus,Bus Stop,129.888637375,120.80909225,9.079545125,40.4439,-80.0026
E34910,LIBERTY AVE AT 21ST ST,Bus,Bus Stop,128.8863655,46.472725499999996,82.41364,40.4512,-79.9824
S16230,E CARSON ST AT S 20TH ST,Bus,Bus Stop,128.52272499999998,75.82272499999999,52.7,40.4286,-79.9778
N45780,RHINE ST OPP #2129,Bus,Bus Stop,127.86818199999999,9.643182,118.225,40.4671,-79.9944
E29055,HIGHLAND AVE AT PENN AVE,Bus,Bus Stop,126.481815,47.359089999999995,79.122725,40.4613,-79.9248
E01840,FIFTH AVE AT WYANDOTTE ST,Bus,Bus Stop,126.309091,74.7795455,51.5295455,40.4383,-79.9774
E01500,FIFTH AVE AT NEVILLE ST,Bus,Bus Stop,125.9659072,81.3704532,44.595454000000004,40.447,-79.9474
E19595,FORBES AVE AT OAKLAND AVE,Bus,Bus Stop,125.62045999999998,77.05681999999999,48.56364,40.4415,-79.957
E19630,FORBES AVE AT MURDOCH ST,Bus,Bus Stop,124.2772695,117.03181500000001,7.2454545,40.4379,-79.9306
S02910,8TH AVE AT WEST ST (HI-LEVEL BRIDGE),Bus,Bus Stop,123.53636363636363,98.75454545454545,24.78181818181818,40.4062,-79.9121
N17380,EAST OHIO ST AT JAMES ST,Bus,Bus Stop,123.26817944999999,15.12272745,108.14545199999999,40.4536,-80.0005
N71205,FEDERAL ST AT HEMLOCK ST,Bus,Bus Stop,122.18636550000001,69.1590925,53.02727300000001,40.4572,-80.0071
E53500,ST CLAIR ST AT BUNKER HILL APTS,Bus,Bus Stop,121.41817750000001,62.87727,58.5409075,40.4789,-79.9191
N71193,CEDAR AVE AT EAST OHIO ST NS,Bus,Bus Stop,121.229544,70.0704525,51.1590915,40.4529,-80.0015
E70271,DARRAGH ST AT FIFTH AVE,Bus,Bus Stop,120.73636050000002,14.879545499999999,105.85681500000001,40.4407,-79.9605
E42140,NEVILLE ST AT FIFTH AVE,Bus,Bus Stop,119.88636199999999,14.518182,105.36818,40.4473,-79.9475
E13720,CENTRE AVE AT NEVILLE ST,Bus,Bus Stop,119.02044949999998,42.9090895,76.11135999999999,40.4525,-79.9498
N17300,EAST OHIO ST AT GRANT AVE,Bus,Bus Stop,118.77272727272728,49.411363636363625,69.36136363636365,40.4783,-79.9689
W25800,W CARSON ST AT DUQUESNE INCLINE,Bus,Bus Stop,118.38181775,81.1886358,37.193181949999996,40.4399,-80.0174
E41270,MURRAY AVE AT LORETTA ST,Bus,Bus Stop,116.506816,73.845455,42.661361,40.4218,-79.9288
W21910,STEUBEN ST AT WOODLOW ST,Bus,Bus Stop,115.45,22.931820000000002,92.51818,40.4435,-80.0538
N30190,LINCOLN AVE AT BALPH AVE,Bus,Bus Stop,115.23636363636368,12.252272727272725,102.98409090909095,40.4955,-80.0554
P01240,BLVD OF ALLIES AT MARKET ST,Bus,Bus Stop,114.37954554999999,8.62727305,105.75227249999999,40.4391,-80.0035
E46630,PENN AVE OPP 44TH ST (CHILDRENS HOSPITAL),Bus,Bus Stop,114.15681500000001,91.38409000000001,22.772724999999998,40.4659,-79.9537
E41900,NEGLEY AVE AT PENN AVE FS,Bus,Bus Stop,114.09318164999999,55.19318165,58.9,40.4632,-79.931
E35260,LIBERTY AVE AT EDMOND ST,Bus,Bus Stop,113.084093,72.456818,40.627275,40.4611,-79.9482
E01190,FIFTH AVE AT DINWIDDIE ST,Bus,Bus Stop,112.48409035,58.0613635,54.42272685,40.4384,-79.9806
S02570,8TH AVE AT AMITY ST FS,Bus,Bus Stop,112.42500000000001,44.93863636363636,67.48636363636365,40.4071,-79.9106
E00910,FIFTH AVE AT AIKEN AVE,Bus,Bus Stop,111.7704504,103.656814,8.1136364,40.4485,-79.9341
E41755,NEGLEY AVE AT EAST BUSWAY STEPS,Bus,Bus Stop,111.00681499999999,24.097724999999997,86.90908999999999,40.4561,-79.9333
N47310,SANDUSKY ST AT UNDERPASS,Bus,Bus Stop,110.90227015,78.163634,32.738636150000005,40.45,-80.0028
W20130,RACEWAY FIRELANE AT SHOP N SAVE,Bus,Bus Stop,110.76591,49.145455,61.62045500000001,40.388,-80.0936
P70007,FIFTH AVE AT ROSS ST,Bus,Bus Stop,110.4022735,16.7568185,93.645455,40.439,-79.9953
N10620,BRIGHTON RD AT TAYLOR AVE,Bus,Bus Stop,110.13181599999999,49.64545,60.486366,40.4558,-80.0152
E70365,HIGHLAND AVE AT BAUM BLVD,Bus,Bus Stop,109.231815,88.25909,20.972724999999997,40.4606,-79.925
E45890,PENN AVE OPP VILLAGE OF EASTSIDE SHPG CTR,Bus,Bus Stop,108.09545209999999,45.26818025,62.827271849999995,40.4584,-79.9188
E70228,LAYOVER BRUSHTON TERMINAL,Bus,Bus Stop,107.0772694,59.597723,47.4795464,40.4499,-79.8917
W02730,BROADWAY AVE AT 9TH ST FS,Bus,Bus Stop,106.91591,83.313635,23.602275,40.4734,-80.0763
E01980,FIFTH AVE OPP HIGHLAND AVE,Bus,Bus Stop,106.73635949999999,18.8590885,87.877271,40.4518,-79.9241
N10460,BRIGHTON RD AT JACKSONIA ST FS,Bus,Bus Stop,106.2090905,43.7454555,62.463635000000004,40.457,-80.0156
N17430,EAST OHIO ST AT MIDDLE ST,Bus,Bus Stop,105.81136140000001,17.6022724,88.209089,40.4539,-79.9989
S01280,2ND ST AT GRANT AVE,Bus,Bus Stop,104.58409090909088,33.41363636363634,71.17045454545453,40.3733,-79.8471
P01610,EAST BUSWAY AT PENN STATION B,Busway,Busway Station,104.49772849499999,80.002273545,24.49545495,40.4442,-79.9915
E41750,NEGLEY AVE AT CORAL ST,Bus,Bus Stop,104.277266,77.568175,26.709090999999997,40.462,-79.9316
E01930,FIFTH AVE OPP COLLEGE ST,Bus,Bus Stop,104.2090935,28.334091,75.8750025,40.4511,-79.9259
S23780,HWY RT 51 AT GREENLEE RD,Bus,Bus Stop,104.13863636363632,88.60681818181814,15.531818181818187,40.3753,-79.9832
E13470,CENTRE AVE AT FRANCIS ST,Bus,Bus Stop,103.56591,67.125,36.44091,40.4472,-79.9674
S70266,BRENTWOOD LOOP TERMINUS,Bus,Bus Stop,103.52727272727275,69.41136363636365,34.1159090909091,40.3806,-79.9763
E42150,NEVILLE ST AT ELLSWORTH AVE NS,Bus,Bus Stop,103.51136,80.445455,23.065905,40.4477,-79.9475
E70815,HIGHLAND AVE AT ELLSWORTH AVE STEPS,Bus,Bus Stop,102.729545,31.890909999999998,70.838635,40.459,-79.925
E56003,WALLACE AVE AT HAY ST,Bus,Bus Stop,101.47727669999999,8.375,93.10227669999999,40.4449,-79.8853
N30300,LINCOLN AVE OPP FREMONT AVE NS,Bus,Bus Stop,101.47045454545456,76.8727272727273,24.597727272727255,40.4943,-80.0531
S16220,E CARSON ST AT S 20TH ST,Bus,Bus Stop,100.91818,42.66818,58.25,40.4286,-79.9775
S27545,KENNYWOOD MALL FIRE LANE AT GIANT EAGLE,Bus,Bus Stop,100.86364,53.486365000000006,47.377275,40.3839,-79.8684
N02010,E 4TH AVE AT HICKORY AL,Bus,Bus Stop,100.65,39.6772725,60.972727500000005,40.602,-79.7529
N45670,RHINE ST AT BUENTE ST,Bus,Bus Stop,100.4227135,95.28635,5.1363635,40.4666,-79.994
X03410,BROOKLINE BLVD AT GLENARM AVE,Bus,Bus Stop,100.29772949999999,99.10227499999999,1.1954544999999999,40.3921,-80.0177
E01480,FIFTH AVE AT NEVILLE ST,Bus,Bus Stop,99.41591,43.586365,55.829544999999996,40.4471,-79.9472
N10260,BRIGHTON RD AT BENTON AVE,Bus,Bus Stop,99.33181775000001,17.174997750000003,82.15682000000001,40.4842,-80.0357
E28880,HIGHLAND AVE AT FIFTH AVE FS,Bus,Bus Stop,98.45,12.675,85.775,40.4523,-79.9242
S09550,BROWNSVILLE RD OPP NOBLES LN,Bus,Bus Stop,98.2863582,75.890905,22.3954532,40.4038,-79.99
S48230,LAYOVER WATERFRONT TERMINUS,Bus,Bus Stop,98.25681818181815,53.804545454545405,44.45227272727275,40.4111,-79.9063
S16160,E CARSON ST AT S 17TH ST,Bus,Bus Stop,98.2568125,82.69545,15.5613625,40.4289,-79.9819
N10810,BRIGHTON RD AT WOODS RUN AVE,Bus,Bus Stop,98.00227,73.913635,24.088635,40.4766,-80.0318
E39300,MILLVALE AVE AT CENTRE AVE FS,Bus,Bus Stop,97.97727,35.64318,62.334089999999996,40.4537,-79.9474
E13390,CENTRE AVE AT DEVILLIERS ST,Bus,Bus Stop,97.7386375,31.147727500000002,66.59091,40.4437,-79.9803
E41790,NEGLEY AVE AT FRIENDSHIP AVE,Bus,Bus Stop,97.73636299999998,86.82272649999999,10.913636499999999,40.4608,-79.9324
N08120,BEAVER AVE AT PENNSYLVANIA AVE,Bus,Bus Stop,97.070455,84.66591,12.404545,40.4535,-80.0291
E70814,HIGHLAND AVE AT ELLSWORTH AVE STEPS,Bus,Bus Stop,97.05227,54.24318,42.80909,40.4588,-79.9252
E41210,MURRAY AVE AT HAZELWOOD AVE FS,Bus,Bus Stop,96.66590850000001,71.79772700000001,24.868181500000002,40.4203,-79.9284
W02770,BROADWAY AVE OPP DALE ST,Bus,Bus Stop,96.361365,30.256819999999998,66.104545,40.4719,-80.0725
E10970,BROWNS HILL RD OPP PARKVIEW BLVD,Bus,Bus Stop,95.68636599999999,24.456818,71.229548,40.4139,-79.923
N70008,LINCOLN AVE AT HARRISON AVE,Bus,Bus Stop,95.43409090909091,80.2840909090909,15.149999999999999,40.4935,-80.0515
S00590,S 26TH ST AT E CARSON ST,Bus,Bus Stop,95.08863500000001,52.86818,42.220455,40.4272,-79.9684
N47280,SANDUSKY ST AT GENERAL ROBINSON ST,Bus,Bus Stop,95.0863634,39.3999994,55.686364,40.4487,-80.0024
W21650,STEUBEN ST AT OBEY ST,Bus,Bus Stop,94.93409700000001,73.96364,20.970457000000003,40.443,-80.0528
E41170,MURRAY AVE AT FORBES AVE,Bus,Bus Stop,93.686365,61.154545,32.53182,40.4377,-79.9229
E33040,JUMONVILLE ST AT WATSON ST,Bus,Bus Stop,93.1499995,35.1454545,58.004545,40.4377,-79.9777
S02610,8TH AVE AT ANN ST,Bus,Bus Stop,92.3681818181818,46.302272727272715,46.065909090909074,40.408,-79.9092
E56030,WALLACE AVE AT WOOD ST,Bus,Bus Stop,92.286367,11.7704545,80.5159125,40.4445,-79.8842
N10850,BRIGHTON RD OPP HIGHWOOD ST,Bus,Bus Stop,92.186363,17.240908,74.945455,40.4684,-80.0252
E70792,BEDFORD AVE AT WATT LN,Bus,Bus Stop,92.04091,26.361365,65.679545,40.4507,-79.9723
S08840,BROWNSVILLE RD AT NOBLES LN,Bus,Bus Stop,91.8931845,31.506819500000002,60.386365,40.404,-79.9902
E29077,HIGHLAND AVE OPP BAUM BLVD,Bus,Bus Stop,91.76136000000001,10.822725,80.938635,40.4603,-79.9249
E46040,PENN AVE AT GRANT ST,Bus,Bus Stop,91.715911,42.631821,49.08409,40.4048,-79.826
N53610,WEST VIEW PLAZA SC AT TERMINUS,Bus,Bus Stop,91.5,51.920455000000004,39.579544999999996,40.5175,-80.0369
N43430,PERRYSVILLE AVE AT EAST ST,Bus,Bus Stop,91.43863499999999,6.8,84.638635,40.4893,-80.0182
E20970,FRANKSTOWN RD AT DUFF RD FS,Bus,Bus Stop,91.3613605,10.4545455,80.90681500000001,40.465,-79.8281
E04150,ARDMORE BLVD AT AVE B (PARK AND RIDE),Bus,Bus Stop,91.28863636363636,86.04772727272727,5.240909090909088,40.413,-79.8448
E19170,FORBES AVE AT BEELER ST,Bus,Bus Stop,91.125008,42.850002499999995,48.2750055,40.4438,-79.9386
P01260,BLVD OF ALLIES AT SMITHFIELD ST,Bus,Bus Stop,90.9113631,85.70909,5.2022731,40.4378,-80.0004
S04290,ARLINGTON AVE AT JOHN ST FS,Bus,Bus Stop,90.62727100000001,54.5568175,36.0704535,40.4179,-79.9871
E13950,CENTRE AVE OPP FRANCIS ST,Bus,Bus Stop,89.11818,41.329544999999996,47.788635,40.447,-79.9675
P02610,LIBERTY AVE OPP 11TH ST FS (AMTRAK),Bus,Bus Stop,88.9909071,81.624998,7.3659091,40.4446,-79.9927
S01290,2ND ST AT GRANT AVE,Bus,Bus Stop,88.59090909090908,74.63863636363637,13.952272727272712,40.373,-79.8469
E51340,SHADY AVE AT FORBES AVE,Bus,Bus Stop,88.06590949999999,8.470454499999999,79.59545499999999,40.4382,-79.9194
S00750,SECOND AVE AT ELIZABETH ST,Bus,Bus Stop,87.50909300000001,73.67727500000001,13.831818,40.407,-79.9432
E13880,CENTRE AVE OPP ALLEQUIPPA ST,Bus,Bus Stop,87.486365,15.995455,71.49091,40.4484,-79.9588
N06210,AVALON LOOP AT CALIFORNIA AVE FS,Bus,Bus Stop,87.24545454545455,50.5568181818182,36.68863636363635,40.5037,-80.0744
N30350,LINCOLN AVE AT JACKSON AVE,Bus,Bus Stop,87.22045454545456,77.30454545454545,9.915909090909105,40.4969,-80.0583
E01560,FIFTH AVE AT MAURICE ST,Bus,Bus Stop,87.079545,62.138636,24.940908999999998,40.4374,-79.9654
S16090,E CARSON ST AT S 12TH ST,Bus,Bus Stop,86.813635,28.745455,58.06818,40.4287,-79.9866
E18530,ELLSWORTH AVE AT GRAHAM ST,Bus,Bus Stop,86.65681749999999,76.829545,9.8272725,40.4537,-79.9347
W02745,BROADWAY AVE AT DALE ST,Bus,Bus Stop,86.5454555,74.36591,12.1795455,40.4718,-80.0727
E28910,HIGHLAND AVE AT ALDER ST,Bus,Bus Stop,86.48409299999999,3.756818,82.72727499999999,40.4571,-79.9252
W70085,BROADWAY AVE AT 9TH ST,Bus,Bus Stop,86.479545,32.511365,53.968180000000004,40.4735,-80.0762
X03110,BROOKLINE BLVD AT PIONEER AVE FS (#506),Bus,Bus Stop,86.17045700000001,4.243182,81.92727500000001,40.3959,-80.0231
S04450,JOSEPHINE ST AT ARLINGTON AVE,Bus,Bus Stop,86.00909,27.538635,58.470455,40.4175,-79.9655
E35400,LIBERTY AVE AT PEARL ST,Bus,Bus Stop,85.79545999999999,28.543185,57.252275,40.4621,-79.9497
E70970,FIFTH AVE AT ROBINSON ST FS,Bus,Bus Stop,85.70454575000001,42.729546150000004,42.974999600000004,40.4371,-79.9658
E11770,BUTLER ST AT 52ND ST,Bus,Bus Stop,85.66591185000001,12.36363635,73.30227550000001,40.4803,-79.9545
N43350,PERRYSVILLE AVE AT BURGESS ST,Bus,Bus Stop,85.611365,66.775,18.836365,40.4677,-80.0099
E30375,HWY RT 286 AT HOLIDAY PARK VFD,Bus,Bus Stop,85.53409180000001,85.21591000000001,0.3181818,40.4665,-79.7055
E18965,OLD ABERS CREEK RD AT HOLIDAY PARK VFD,Bus,Bus Stop,85.484091,2.284091,83.2,40.4667,-79.706
E08140,BLVD OF ALLIES AT DAWSON ST,Bus,Bus Stop,85.3522725,70.988636,14.363636500000002,40.4344,-79.953
E70293,TERRACE ST AT SUTHERLAND DR,Bus,Bus Stop,85.231817,11.493182000000001,73.738635,40.4429,-79.962
E19830,FORBES AVE OPP BEELER ST,Bus,Bus Stop,85.1954525,39.0954545,46.099998,40.444,-79.9394
S02840,8TH AVE AT MCCLURE ST,Bus,Bus Stop,85.06818181818184,39.81363636363638,45.254545454545465,40.4087,-79.9076
S08730,BROWNSVILLE RD AT MARLAND AVE,Bus,Bus Stop,84.92273180000001,27.3204568,57.602275000000006,40.4121,-79.9896
S23770,HWY RT 51 AT GREENLEE RD,Bus,Bus Stop,84.56136363636367,22.67045454545456,61.8909090909091,40.3757,-79.9837
E70780,BEDFORD AVE AT CHAUNCEY DR,Bus,Bus Stop,83.854545,50.663635,33.19091,40.4509,-79.9721
E12030,BUTLER ST AT MAIN ST,Bus,Bus Stop,83.759094,25.522728999999998,58.236365,40.4697,-79.9609
S16590,E CARSON ST AT S 27TH ST,Bus,Bus Stop,83.53636365000001,82.65,0.8863636500000001,40.4271,-79.9668
S47500,WARRINGTON AVE AT ALLEN ST,Bus,Bus Stop,83.38408899999999,70.847725,12.536363999999999,40.4218,-79.9938
S09140,BROWNSVILLE RD AT STEWART AVE,Bus,Bus Stop,83.097725,22.997725,60.1,40.383,-79.977
N35630,MT PLEASANT RD OPP HAZLETT ST,Bus,Bus Stop,83.01591099999999,3.9340910000000004,79.08182,40.4776,-80.0
N10820,BRIGHTON RD AT WOODS RUN AVE,Bus,Bus Stop,82.86591,26.69091,56.175,40.4764,-80.0316
S08130,BROWNSVILLE RD AT W AGNEW AVE,Bus,Bus Stop,82.70000000000002,16.211361500000002,66.48863850000001,40.3951,-79.9868
P70005,SECOND AVE AT B ST,Bus,Bus Stop,82.552271,79.4977255,3.0545455,40.4363,-79.9966
X04400,CHELTON AVE AT QUEENSBORO ST,Bus,Bus Stop,82.3272725,2.6272725,79.7,40.3916,-80.0171
S16130,E CARSON ST AT S 14TH ST,Bus,Bus Stop,82.077275,29.045454999999997,53.03182,40.4288,-79.9843
S08460,BROWNSVILLE RD AT E AGNEW AVE,Bus,Bus Stop,82.02954615,72.21591000000001,9.813636149999999,40.3951,-79.9867
S01620,5TH AVE AT #1681,Bus,Bus Stop,81.47045454545453,16.77045454545454,64.69999999999999,40.3533,-79.8461
E01260,FIFTH AVE AT HIGHLAND AVE,Bus,Bus Stop,81.36136335,53.436362,27.925001350000002,40.452,-79.9238
E70014,NEGLEY AVE AT BAUM BLVD,Bus,Bus Stop,81.265909,21.311363999999998,59.954544999999996,40.4582,-79.9338
N19290,FEDERAL ST AT SAMPSONIA WAY,Bus,Bus Stop,81.261365,22.202273,59.059092,40.4577,-80.0075
N30240,LINCOLN AVE AT BRYANT AVE FS,Bus,Bus Stop,80.64318181818182,66.5,14.14318181818182,40.4924,-80.0492
E70046,FRANKSTOWN AVE AT HOMEWOOD AVE,Bus,Bus Stop,80.46363500000001,39.647725,40.81591,40.4574,-79.896
E34950,LIBERTY AVE AT 25TH ST,Bus,Bus Stop,80.3454555,42.488637,37.8568185,40.4535,-79.9791
N43360,PERRYSVILLE AVE AT BURGESS ST,Bus,Bus Stop,80.28182,17.004545,63.277274999999996,40.4675,-80.0099
S23570,HWY RT 51 AT BROWNSVILLE RD,Bus,Bus Stop,80.0113636363636,37.38863636363638,42.622727272727225,40.3635,-79.9839
E28960,HIGHLAND AVE AT EAST LIBERTY BLVD,Bus,Bus Stop,79.9181805,4.9795455,74.938635,40.4657,-79.9228
E70244,39TH ST AT BUTLER ST,Bus,Bus Stop,79.711365,32.11591,47.595455,40.4675,-79.9636
X70021,BROOKLINE BLVD AT PIONEER AVE,Bus,Bus Stop,79.4795475,74.252275,5.2272725,40.3961,-80.0232
W03550,CHARTIERS AVE AT LORENZ AVE,Bus,Bus Stop,79.31591,15.852274999999999,63.463635,40.444,-80.0405
S04040,AMANDA ST AT GOLDBACH WAY,Bus,Bus Stop,79.3045415,70.940905,8.3636365,40.4156,-79.988
E11640,BUTLER ST AT 40TH ST NS,Bus,Bus Stop,79.02500045,49.763635,29.26136545,40.4683,-79.9627
N30360,LINCOLN AVE AT JACKSON AVE,Bus,Bus Stop,78.85227272727269,13.7340909090909,65.1181818181818,40.4968,-80.058
E11760,BUTLER ST AT 51ST ST (STANTON AVE),Bus,Bus Stop,78.65909275000001,66.775,11.88409275,40.4785,-79.9557
S16330,E CARSON ST AT S 26TH ST,Bus,Bus Stop,78.647726,77.563635,1.084091,40.4275,-79.9682
E13340,CENTRE AVE AT CRAIG ST NS,Bus,Bus Stop,78.60227,44.954544999999996,33.647725,40.452,-79.9517
E35410,LIBERTY AVE AT PEARL ST,Bus,Bus Stop,78.293185,50.245455,28.047729999999998,40.4621,-79.95
E35250,LIBERTY AVE AT EDMOND ST,Bus,Bus Stop,78.0045455,36.379545,41.6250005,40.4611,-79.9479
E20590,FRANKSTOWN AVE AT PAULSON AVE,Bus,Bus Stop,77.8977245,38.2204535,39.677271,40.4609,-79.915
E35830,LINCOLN AVE AT LEMINGTON AVE,Bus,Bus Stop,77.88408985000001,74.23409000000001,3.64999985,40.4688,-79.896
E35470,LIBERTY AVE OPP 17TH ST,Bus,Bus Stop,77.8386395,39.59091,38.2477295,40.4491,-79.9854
E34890,LIBERTY AVE AT 17TH ST,Bus,Bus Stop,77.7227255,32.1636365,45.559089,40.4492,-79.9853
E41150,MURRAY AVE AT FLEMINGTON ST,Bus,Bus Stop,77.5750019,5.3931819,72.18182,40.4264,-79.9276
E39350,MILLVALE AVE AT MOREWOOD AVE,Bus,Bus Stop,77.415908,70.10909000000001,7.306818,40.4561,-79.9476
S02820,8TH AVE AT LIBRARY PL,Bus,Bus Stop,77.284091,25.1090895,52.17500150000001,40.409,-79.9034
S70054,E CARSON ST AT S 11TH ST,Bus,Bus Stop,77.28182,43.345455,33.936364999999995,40.4288,-79.9874
S16120,E CARSON ST AT S 14TH ST,Bus,Bus Stop,77.0340865,54.965905,22.0681815,40.4288,-79.9839
S47510,WARRINGTON AVE AT ALLEN ST,Bus,Bus Stop,76.895459,12.990909,63.90455,40.4218,-79.9936
E17309,EAST BUSWAY AT NEGLEY STATION D,Busway,Busway Station,76.62272801,1.6409090100000001,74.981819,40.4567,-79.9326
S34000,MIDWAY DR AT #24,Bus,Bus Stop,76.456815,40.072725000000005,36.38409,40.3976,-79.8808
S08390,BROWNSVILLE RD AT CHURCHVIEW AVE,Bus,Bus Stop,76.454547,67.786365,8.668182,40.3858,-79.9788
S16170,E CARSON ST AT S 17TH ST,Bus,Bus Stop,76.320458,17.759093,58.561365,40.4288,-79.9822
E18520,ELLSWORTH AVE AT FILBERT ST,Bus,Bus Stop,76.193184,10.540909,65.652275,40.4538,-79.9344
E70144,MILLVALE AVE AT MITRE WAY,Bus,Bus Stop,76.143181,6.984091,69.15908999999999,40.4596,-79.9462
E27420,HAWKINS AVE AT 4TH ST,Bus,Bus Stop,75.95909,11.525,64.43409,40.4094,-79.8669
E01570,FIFTH AVE AT #2358,Bus,Bus Stop,75.57272415,14.011363150000001,61.561361,40.4372,-79.9713
S06280,BELTZHOOVER AVE AT WARRINGTON AVE FS,Bus,Bus Stop,75.5250025,39.236366,36.2886365,40.4213,-79.9974
E11780,BUTLER ST AT 52ND ST,Bus,Bus Stop,75.429544545,62.277271,13.152273545000002,40.4805,-79.9545
E23540,FRIENDSHIP AVE AT MILLVALE AVE,Bus,Bus Stop,75.340909,44.425,30.915909,40.4624,-79.9462
N30480,LINCOLN AVE AT STARR AVE,Bus,Bus Stop,75.12045454545455,16.740909090909096,58.37954545454545,40.4978,-80.06
N32780,MCKNIGHT RD AT NORTH HILLS VILLAGE (NORTH ENT,Bus,Bus Stop,75.11136604999999,68.47727499999999,6.63409105,40.5283,-80.0073
E45760,PENN AVE AT BRADDOCK AVE,Bus,Bus Stop,74.4750025,7.918182,66.5568205,40.4471,-79.8954
N71218,LINCOLN AVE AT STARR AVE FS (KUHN'S),Bus,Bus Stop,74.32727272727274,61.62954545454545,12.69772727272729,40.4976,-80.0598
S70011,BROWNSVILLE RD AT GIANT EAGLE DRVWY,Bus,Bus Stop,74.225,11.78636363636365,62.43863636363635,40.3656,-79.9824
S30720,LYSLE BLVD AT MARKET ST FS,Bus,Bus Stop,74.10000000000002,13.695454545454545,60.40454545454547,40.3513,-79.8662
E18580,ELLSWORTH AVE AT MOREWOOD AVE,Bus,Bus Stop,73.88636,36.76818,37.11818,40.451,-79.9429
N10585,BRIGHTON RD AT PENNSYLVANIA AVE,Bus,Bus Stop,73.695453,44.511364,29.184089,40.4562,-80.0154
W03540,CHARTIERS AVE AT LORENZ AVE,Bus,Bus Stop,72.93636599999999,62.727275,10.209091,40.444,-80.0407
S09440,BROWNSVILLE RD OPP E MEYERS AVE,Bus,Bus Stop,72.82954565,19.209088649999998,53.620457,40.3999,-79.9892
E20450,FRANKSTOWN AVE AT HOMEWOOD AVE,Bus,Bus Stop,72.702271,32.922726,39.779545,40.4574,-79.8964
P01970,GRANT ST AT SEVENTH AVE FS,Bus,Bus Stop,72.66136359999999,71.475,1.1863636,40.4428,-79.9943
E34845,LIBERTY AVE AT 12TH ST,Bus,Bus Stop,71.8045473,5.7431818,66.0613655,40.4453,-79.9917
E35280,LIBERTY AVE AT ELLA ST,Bus,Bus Stop,71.8022715,46.2795445,25.522727,40.4632,-79.952
N10500,BRIGHTON RD AT MARSHALL AVE NS,Bus,Bus Stop,71.61363825,62.156819999999996,9.45681825,40.4672,-80.0251
E18905,EXPOMART DR AT WEST ENTRANCE,Bus,Bus Stop,71.5840909090909,1.6477272727272732,69.93636363636364,40.4326,-79.7942
E41160,MURRAY AVE AT FLEMINGTON ST FS,Bus,Bus Stop,71.47500005,66.7818185,4.69318155,40.4264,-79.9274
N43670,PERRYSVILLE AVE AT PERRY ACADEMY,Bus,Bus Stop,71.3295475,66.92727500000001,4.4022725000000005,40.4893,-80.0183
S04260,ARLINGTON AVE AT S 18TH ST,Bus,Bus Stop,70.85909000000001,21.85,49.00909,40.4176,-79.9862
N12520,BUTLER ST AT FREEPORT ST,Bus,Bus Stop,70.62045454545456,36.422727272727286,34.19772727272728,40.4964,-79.9442
N43380,PERRYSVILLE AVE AT N CHARLES ST,Bus,Bus Stop,70.486365,12.15,58.336365,40.4709,-80.0085
N35550,MT PLEASANT RD AT PENFORT ST,Bus,Bus Stop,70.31136435,67.86591,2.44545435,40.4771,-79.9997
E13430,CENTRE AVE AT ELMORE ST,Bus,Bus Stop,70.23636049999999,27.288634000000002,42.947726499999995,40.445,-79.9774
S04550,ARLINGTON AVE OPP JOSEPHINE ST,Bus,Bus Stop,70.177275,55.252275,14.925,40.4173,-79.9656
N38340,NORTH AVE AT ARCH ST,Bus,Bus Stop,70.0840895,38.8340915,31.249997999999998,40.4552,-80.0085
N53620,WEST VIEW PLAZA FIRE LANE AT DOLLAR TREE,Bus,Bus Stop,69.93409199999999,13.418182,56.51591,40.5176,-80.0378
E42000,NEGLEY AVE OPP BLACK ST,Bus,Bus Stop,69.8795455,6.6090905,63.270455000000005,40.4686,-79.9275
S08490,BROWNSVILLE RD AT E MEYERS AVE,Bus,Bus Stop,69.76591015000001,59.390910000000005,10.37500015,40.3997,-79.989
N38840,NORTH AVE OPP SANDUSKY ST,Bus,Bus Stop,69.54545635,43.790910499999995,25.75454585,40.4557,-80.0048
E29130,HIGHLAND AVE AT STANTON AVE,Bus,Bus Stop,69.37954350000001,67.66818,1.7113635,40.4698,-79.921
E17312,EAST BUSWAY AT GARAGE EMPLOYEES ONLY STOP,Busway,Busway Stop with PAAC Shelter,69.13636699,19.45000154,49.68636545,40.4577,-79.912
E15980,EAST LIBERTY BLVD AT PENN AVE,Bus,Bus Stop,69.11590629999999,39.7386348,29.377271499999996,40.4577,-79.9172
S00280,S 18TH ST AT PIUS ST,Bus,Bus Stop,69.1136385,8.8113635,60.302274999999995,40.424,-79.9778
S00760,SECOND AVE AT ELIZABETH ST,Bus,Bus Stop,69.10681600000001,20.350001000000002,48.756815,40.4072,-79.9434
S05480,BAUSMAN ST AT BROWNSVILLE RD,Bus,Bus Stop,69.0340925,26.2386375,42.795455000000004,40.4144,-79.9883
E15950,EAST LIBERTY BLVD AT DAHLEM PL,Bus,Bus Stop,69.0227242,31.620453500000004,37.402270699999995,40.458,-79.9167
E18610,ELLSWORTH AVE AT NEGLEY AVE,Bus,Bus Stop,68.981815,14.58409,54.397725,40.4547,-79.9327
N47290,SANDUSKY ST AT STOCKTON AVE,Bus,Bus Stop,68.91363755,22.50681855,46.406819,40.4503,-80.0028
E70007,WOODSTOCK AVE OPP SWISSVALE STATION STEPS,Bus,Bus Stop,68.3818165,5.2386365,63.14318,40.4157,-79.8783
N33220,MEADVILLE ST AT BELLEAU ST,Bus,Bus Stop,68.252275,19.302275,48.95,40.4619,-80.0055
E70159,LIBERTY AVE AT 29TH ST FS,Bus,Bus Stop,68.143183,42.14318299999999,26.0,40.4572,-79.9736
E02030,FIFTH AVE OPP #2358,Bus,Bus Stop,68.131818395,53.8863635,14.245454895,40.4372,-79.971
E18907,EXPOMART DR AT WEST ENTRANCE,Bus,Bus Stop,67.97272727272727,67.42954545454545,0.543181818181818,40.4324,-79.794
S33290,MCKINLEY ST AT BROWNSVILLE RD,Bus,Bus Stop,67.59318499999999,48.281819999999996,19.311365,40.4088,-79.9915
E38300,MAIN ST AT HOWLEY ST FS,Bus,Bus Stop,67.506817,10.0590905,57.447726499999995,40.4642,-79.9532
E29030,HIGHLAND AVE AT HOWE ST,Bus,Bus Stop,66.702272,2.868182,63.834089999999996,40.4532,-79.9247
E08350,BLVD OF ALLIES AT WARD ST,Bus,Bus Stop,66.3704517,58.6499975,7.720454200000001,40.4346,-79.9545
E39540,MONONGAHELA AVE AT CHURCH ST,Bus,Bus Stop,66.163638675,19.022728775,47.140909900000004,40.422,-79.8905
E19790,FORBES AVE AT VAN BRAAM ST,Bus,Bus Stop,66.154546,30.9068185,35.247727499999996,40.4375,-79.9828
N38710,NORTH AVE AT MONTEREY ST,Bus,Bus Stop,66.072727,11.772727,54.3,40.4544,-80.0124
S09410,BROWNSVILLE RD OPP CRAILO AVE,Bus,Bus Stop,65.9272735,13.102273000000002,52.8250005,40.3967,-79.9877
E29210,HIGHLAND AVE AT ALDER ST,Bus,Bus Stop,65.838635,63.163635,2.675,40.4574,-79.9252
N30230,LINCOLN AVE AT BRIGHTON RD,Bus,Bus Stop,65.63863636363634,11.20227272727273,54.4363636363636,40.4925,-80.0492
E23530,FRIENDSHIP AVE AT MILLVALE AVE,Bus,Bus Stop,65.61136300000001,21.959093000000003,43.65227,40.4627,-79.9455
E70791,BEDFORD AVE AT DUFF ST,Bus,Bus Stop,65.21591,12.127275000000001,53.088635,40.4501,-79.9739
S70472,E CARSON ST AT S 28TH ST,Bus,Bus Stop,65.16590819999999,64.53408999999999,0.6318182,40.4262,-79.9656
N35500,MT PLEASANT RD AT CHICAGO ST,Bus,Bus Stop,65.1181813,63.679545,1.4386362999999998,40.4787,-80.001
P02060,GRANT ST AT POST OFFICE,Bus,Bus Stop,65.0659071,62.4090891,2.656818,40.443,-79.9943
N10360,BRIGHTON RD AT COLUMBIA PL,Bus,Bus Stop,64.847724,18.502273,46.345451,40.4584,-80.016
E35510,LIBERTY AVE OPP 26TH ST,Bus,Bus Stop,64.811362,35.2363615,29.5750005,40.4541,-79.978
E08090,BLVD OF ALLIES AT BATES ST,Bus,Bus Stop,64.7181832,46.288637,18.4295462,40.4352,-79.9563
N43310,PERRYSVILLE AVE AT VINCETON ST,Bus,Bus Stop,64.504547,7.893182,56.611365000000006,40.4927,-80.0217
N33120,MCKNIGHT RD OPP NORTH HILLS VILLAGE (NORTH ENT,Bus,Bus Stop,64.388637925,2.32954565,62.059092275,40.5281,-80.0067
E70790,BEDFORD AVE AT SOMERS ST,Bus,Bus Stop,64.21818,20.945455000000003,43.272725,40.4493,-79.9756
W16930,NOBLESTOWN RD AT POPLAR ST,Bus,Bus Stop,64.204543,56.022725,8.181818,40.4278,-80.0538
S04150,AMITY ST OPP TARGET DR,Bus,Bus Stop,63.92954545454545,59.83863636363636,4.090909090909089,40.4101,-79.9127
W21620,STEUBEN ST AT LORENZ AVE,Bus,Bus Stop,63.90682199999999,12.268182,51.638639999999995,40.4426,-80.0422
E18560,ELLSWORTH AVE AT MARYLAND AVE,Bus,Bus Stop,63.8886355,60.43409,3.4545455,40.4562,-79.9307
N70130,BRIGHTON RD OPP ARMANDALE ST,Bus,Bus Stop,63.7,41.8,21.900000000000002,40.458,-80.0161
E00950,FIFTH AVE AT BEECHWOOD BLVD,Bus,Bus Stop,63.52954665,0.96136365,62.568183,40.4535,-79.9155
E11690,BUTLER ST AT 44TH ST,Bus,Bus Stop,63.41590525,51.66136,11.75454525,40.4716,-79.9598
N10790,BRIGHTON RD AT WESTBORN ST,Bus,Bus Stop,63.0477295,8.1954545,54.852275,40.4735,-80.0286
W16940,NOBLESTOWN RD AT POPLAR ST,Bus,Bus Stop,62.90909,15.147725000000001,47.761365,40.4282,-80.0536
N17440,EAST OHIO ST AT MIDDLE ST,Bus,Bus Stop,62.89999935,32.9295451,29.97045425,40.4537,-79.9993
E39575,MONONGAHELA AVE AT MCCLURE AVE,Bus,Bus Stop,62.852272844999995,2.154545545,60.6977273,40.4231,-79.8912
S24420,HWY RT 51 OPP GRACE ST,Bus,Bus Stop,62.486363636363656,58.8068181818182,3.679545454545456,40.344,-79.9713
E41690,NEGLEY AVE AT BLACK ST,Bus,Bus Stop,62.40908950000001,58.76363500000001,3.6454545,40.4689,-79.9275
S09390,BROWNSVILLE RD OPP CHURCHVIEW AVE,Bus,Bus Stop,62.3772745,9.870454500000001,52.50682,40.3859,-79.979
N12760,CALIFORNIA AVE AT DAVIS AVE,Bus,Bus Stop,62.306817499999994,7.4772725,54.829544999999996,40.4799,-80.041
N32815,MCKNIGHT RD AT PATRICK PL FS,Bus,Bus Stop,62.2931798,2.70909115,59.58408865,40.5377,-80.0112
E46540,PENN AVE AT THOMPSON ST,Bus,Bus Stop,62.2159118,51.193184,11.0227278,40.4053,-79.827
S09750,BROWNSVILLE RD OPP STEWART AVE,Bus,Bus Stop,62.05,47.979545454545445,14.07045454545455,40.3828,-79.9767
N10370,BRIGHTON RD AT DAVIS AVE,Bus,Bus Stop,61.76364,52.086365,9.677275,40.4818,-80.0342
E35840,LINCOLN AVE AT LEMINGTON AVE,Bus,Bus Stop,61.747726199999995,4.3045457,57.4431805,40.4687,-79.8961
N70049,WATERWORKS MALL AT MARSHALLS,Bus,Bus Stop,61.718181799999996,48.5886365,13.1295453,40.4888,-79.8919
E42794,OAK HILL DR AT ECKSTEIN PL,Bus,Bus Stop,61.70909,32.995455,28.713635000000004,40.4415,-79.9699
E28970,HIGHLAND AVE AT ELWOOD ST,Bus,Bus Stop,61.672729499999996,59.177274999999995,2.4954545,40.4551,-79.9254
X03030,BROOKLINE BLVD AT FLATBUSH AVE,Bus,Bus Stop,61.665907000000004,59.997725,1.6681819999999998,40.3937,-80.0198
N35510,MT PLEASANT RD AT CHICAGO ST,Bus,Bus Stop,61.6272742,1.3409092,60.286365,40.4785,-80.0007
S02830,8TH AVE AT MCCLURE ST,Bus,Bus Stop,61.597727272727234,43.14545454545452,18.452272727272714,40.4088,-79.9074
E04140,ARDMORE BLVD OPP AVE B (PARK AND RIDE),Bus,Bus Stop,61.56363636363639,3.184090909090911,58.37954545454548,40.4132,-79.8453
E45710,PENN AVE AT ATLANTIC AVE,Bus,Bus Stop,61.5522725,37.563635,23.9886375,40.4646,-79.9385
W25900,W CARSON ST AT GATEWAY VIEW PLAZA,Bus,Bus Stop,61.536363925,36.03636385,25.500000075,40.4417,-80.0214
E52230,SHUMAN CENTER DR AT JOB CORPS DR,Bus,Bus Stop,61.293184999999994,39.627275,21.66591,40.4786,-79.9019
E40320,MONTIER ST AT LAKETON RD FS,Bus,Bus Stop,61.2704545,55.449999999999996,5.8204545,40.4489,-79.8678
S00240,S 18TH ST AT MARY ST,Bus,Bus Stop,61.2363675,48.022729999999996,13.2136375,40.426,-79.9808
E19510,FORBES AVE AT MAGEE ST,Bus,Bus Stop,61.193181,35.6159085,25.5772725,40.4378,-79.9885
E41180,MURRAY AVE AT FORBES AVE,Bus,Bus Stop,61.170456,10.359091,50.811365,40.4383,-79.923
E18410,ELLSWORTH AVE AT AIKEN AVE,Bus,Bus Stop,60.554545,12.879545,47.675,40.4527,-79.9368
E11710,BUTLER ST AT 46TH ST,Bus,Bus Stop,60.4568175,49.145455,11.3113625,40.4729,-79.9588
E59520,WOOD ST AT WALLACE AVE,Bus,Bus Stop,60.42954495000001,1.77499995,58.654545000000006,40.4447,-79.8842
E41760,NEGLEY AVE AT EAST LIBERTY BLVD,Bus,Bus Stop,60.34318400000001,6.090909,54.252275000000004,40.4675,-79.9282
E18600,ELLSWORTH AVE AT NEGLEY AVE,Bus,Bus Stop,60.270455000000005,49.170455000000004,11.1,40.4549,-79.9324
N12860,CALIFORNIA AVE AT HOME AVE,Bus,Bus Stop,60.03863636363635,56.68863636363635,3.350000000000002,40.4986,-80.062
S08430,BROWNSVILLE RD AT CRAILO AVE,Bus,Bus Stop,60.027274299999995,50.172729,9.8545453,40.3966,-79.9876
E70233,ELLSWORTH AVE AT SPAHR ST,Bus,Bus Stop,60.027274000000006,7.490909,52.536365,40.4582,-79.9275
S08890,BROWNSVILLE RD AT OVERBROOK BLVD,Bus,Bus Stop,60.009089499999995,12.7204535,47.288636,40.3894,-79.9855
W70045,PLEASANT RIDGE RD AT COMMUNITY CENTER,Bus,Bus Stop,59.87273,28.011364999999998,31.861365,40.48,-80.0765
N43450,PERRYSVILLE AVE AT FEDERAL ST,Bus,Bus Stop,59.73863675,55.050000499999996,4.688636249999999,40.4612,-80.0089
S06290,BELTZHOOVER AVE AT WARRINGTON AVE,Bus,Bus Stop,59.5045445,23.906817500000002,35.597727,40.4215,-79.9974
E08150,BLVD OF ALLIES AT DAWSON ST FS,Bus,Bus Stop,59.361364,11.456818,47.904546,40.4343,-79.9529
S70042,SIDNEY ST AT S 27TH ST,Bus,Bus Stop,59.14317955,0.77045455,58.372725,40.4279,-79.9665
E29000,HIGHLAND AVE AT HAYS ST,Bus,Bus Stop,58.872726500000006,51.33409,7.5386365,40.4682,-79.9218
E13580,CENTRE AVE AT KIRKPATRICK ST,Bus,Bus Stop,58.85,34.772725,24.077275,40.4453,-79.9763
E48020,PRIVATE DR AT BRINTON TOWERS,Bus,Bus Stop,58.8181818181818,27.3840909090909,31.434090909090898,40.4098,-79.8524
N43370,PERRYSVILLE AVE AT N CHARLES ST,Bus,Bus Stop,58.68864,43.711365,14.977274999999999,40.4711,-80.0087
W26060,W CARSON ST OPP GATEWAY VIEW PLAZA,Bus,Bus Stop,58.56363509,24.124999545,34.438635545,40.4417,-80.0217
N32890,MCKNIGHT RD AT ROSS TOWNE CENTER,Bus,Bus Stop,58.545457975,53.4500032,5.095454774999999,40.5378,-80.0115
S70041,S 26TH ST AT SIDNEY ST,Bus,Bus Stop,58.504547249999995,0.7227272499999999,57.781819999999996,40.4282,-79.968
S04110,AMITY ST AT 8TH AVE NS,Bus,Bus Stop,58.49545454545452,54.5931818181818,3.9022727272727247,40.4072,-79.9111
E41670,NEGLEY AVE AT #370 (BAUM BLVD),Bus,Bus Stop,58.4931825,33.690909500000004,24.802273,40.459,-79.9335
E19440,FORBES AVE AT GIST ST,Bus,Bus Stop,58.4,20.2863635,38.1136365,40.4374,-79.9796
E01640,FIFTH AVE AT SENECA ST,Bus,Bus Stop,58.3204545,39.413636499999996,18.906818,40.4381,-79.976
E27550,HAY ST AT PENN AVE,Bus,Bus Stop,58.2431845,53.57273,4.6704545,40.4439,-79.8859
E70788,BEDFORD AVE AT ERIN ST,Bus,Bus Stop,58.15,21.154545,36.995455,40.4471,-79.981
N44100,PERRYSVILLE AVE OPP WILSON AVE,Bus,Bus Stop,58.0431815,7.4136365,50.629545,40.4636,-80.0124
S27220,KEEPORT DR AT KNOEDLER RD,Bus,Bus Stop,57.82272727272729,49.05227272727275,8.770454545454545,40.342,-79.9812
N10380,BRIGHTON RD AT DAVIS AVE,Bus,Bus Stop,57.675000499999996,5.1295455,52.545455,40.4815,-80.0336
E39630,MONONGAHELA AVE AT WASHINGTON ST,Bus,Bus Stop,57.5522773,26.2500016,31.3022757,40.4198,-79.8891
E28860,HIGHLAND AVE AT FIFTH AVE,Bus,Bus Stop,57.490910500000005,47.786365,9.7045455,40.4521,-79.9241
E35030,LIBERTY AVE AT 29TH ST,Bus,Bus Stop,57.409092,8.468181999999999,48.94091,40.4575,-79.9733
E07350,BEULAH RD AT MCCRADY RD,Bus,Bus Stop,57.3022727272727,3.954545454545455,53.34772727272725,40.4464,-79.8483
E01820,FIFTH AVE AT WILKINS AVE FS,Bus,Bus Stop,57.2545475,13.772727499999998,43.48182,40.4478,-79.9369
S08400,BROWNSVILLE RD AT CLIFTON BLVD,Bus,Bus Stop,57.252276800000004,50.709095000000005,6.5431818,40.3869,-79.9818
E08720,BRADDOCK AVE AT COREY AVE,Bus,Bus Stop,56.94545454545454,47.7840909090909,9.16136363636364,40.4038,-79.8692
X13690,PIONEER AVE OPP DUNSTER ST,Bus,Bus Stop,56.861365,3.275,53.586365,40.4025,-80.0159
S23760,HWY RT 51 AT GRACE ST,Bus,Bus Stop,56.76363636363636,5.813636363636363,50.949999999999996,40.344,-79.9717
E19270,FORBES AVE AT BRADDOCK AVE FS,Bus,Bus Stop,56.71136474999999,52.51590999999999,4.19545475,40.4397,-79.8984
E39340,MILLVALE AVE AT MOREWOOD AVE,Bus,Bus Stop,56.672726499999996,10.313636500000001,46.359089999999995,40.4559,-79.9476
N10410,BRIGHTON RD AT HIGHWOOD ST,Bus,Bus Stop,56.65909,38.1636375,18.4954525,40.4685,-80.0253
X13480,PIONEER AVE AT DUNSTER ST,Bus,Bus Stop,56.4931835,54.35682,2.1363635,40.4024,-80.0159
S20440,GRANT AVE AT 1ST ST,Bus,Bus Stop,56.39318181818183,40.520454545454555,15.872727272727273,40.3734,-79.846
E70784,BEDFORD AVE OPP ERIN ST,Bus,Bus Stop,56.34091,27.552275,28.788635,40.4472,-79.9809
W03660,CHARTIERS AVE AT BROADWAY AVE,Bus,Bus Stop,56.19545454545458,19.625000000000025,36.57045454545455,40.4657,-80.0662
E45990,PENN AVE AT FINDLEY DR WEST (BEACON HILL),Bus,Bus Stop,56.163636600000004,51.2,4.963636599999999,40.444,-79.8646
N32690,MCKNIGHT RD AT JOHNANNA DR FS,Bus,Bus Stop,56.02045225,0.97272725,55.047725,40.5463,-80.017
S30840,LYSLE BLVD AT LOCUST ST FS,Bus,Bus Stop,55.961363636363636,19.370454545454542,36.59090909090909,40.3517,-79.8628
N40440,OLD FREEPORT RD AT FREEPORT RD (TERM),Bus,Bus Stop,55.902275,27.027274499999997,28.875000500000002,40.4901,-79.87
E02080,FIFTH AVE OPP VAN BRAAM ST,Bus,Bus Stop,55.643182100000004,22.27045505,33.37272705,40.4385,-79.9824
E41870,NEGLEY AVE AT MARGARETTA ST,Bus,Bus Stop,55.299996,48.290905,7.009091,40.4679,-79.9281
E15925,EAST LIBERTY BLVD AT BROAD ST,Bus,Bus Stop,55.28636375,13.322727749999999,41.963636,40.4609,-79.916
N38330,NORTH AVE AT ARCH ST,Bus,Bus Stop,55.2000005,28.51591,26.684090500000003,40.455,-80.0088
E01550,FIFTH AVE AT ROBINSON ST,Bus,Bus Stop,55.10000050000001,15.254546999999999,39.845453500000005,40.4378,-79.9652
E16015,FIFTH AVE RAMP AT FIFTH AVE FS,Bus,Bus Stop,55.09317835,38.07954185,17.0136365,40.456,-79.9109
E13460,CENTRE AVE AT EWART DR,Bus,Bus Stop,55.077270000000006,18.738635000000002,36.338635000000004,40.4488,-79.9614
W70040,PLEASANT RIDGE RD OPP OVERLOOK PL,Bus,Bus Stop,55.061364999999995,30.3,24.761364999999998,40.4805,-80.0726
S09290,BROWNSVILLE RD AT E WOODFORD AVE,Bus,Bus Stop,54.9045435,43.79318000000001,11.1113635,40.393,-79.9865
S70406,5TH AVE OPP #1681,Bus,Bus Stop,54.85681818181818,42.46818181818181,12.388636363636364,40.3531,-79.8463
E13440,CENTRE AVE AT ELMORE ST FS,Bus,Bus Stop,54.8545435,17.888635999999998,36.9659075,40.445,-79.9773
E42796,OAK HILL DR AT HYMAN PL,Bus,Bus Stop,54.809095,23.927275,30.881819999999998,40.4414,-79.9701
E02040,FIFTH AVE OPP SENECA ST,Bus,Bus Stop,54.6340915,24.2454549,30.3886366,40.4382,-79.9758
E32753,JOHNSTON AVE OPP ROSELLE CT,Bus,Bus Stop,54.6318209,14.4590909,40.17273,40.4062,-79.9327
E29170,HIGHLAND AVE AT WALNUT ST,Bus,Bus Stop,54.552275,3.65,50.902275,40.4541,-79.9252
E29240,HIGHLAND AVE OPP HAYS ST,Bus,Bus Stop,54.5477275,6.2727275,48.275,40.4682,-79.9217
S44850,ST CLAIR AVE AT 3RD ST,Bus,Bus Stop,54.390909090909105,42.71590909090909,11.675000000000015,40.2922,-79.8817
S70292,JEFFERSON HOSPITAL,Bus,Bus Stop,54.309090909090955,27.12727272727275,27.1818181818182,40.3178,-79.9332
S16325,E CARSON ST AT S 25TH ST,Bus,Bus Stop,54.077273600000005,4.4363636,49.640910000000005,40.4278,-79.97
N13080,CALIFORNIA AVE AT TERMON AVE FS,Bus,Bus Stop,54.06818,42.472725,11.595455,40.4816,-80.0416
E12080,BUTLER ST AT PENN AVE,Bus,Bus Stop,54.065905,13.447725,40.61818,40.4629,-79.9671
N41350,PENFORT ST AT MT PLEASANT RD,Bus,Bus Stop,53.975001850000005,1.0931818500000001,52.881820000000005,40.4769,-79.9996
S09580,BROWNSVILLE RD OPP OVERBROOK BLVD,Bus,Bus Stop,53.95681875,45.086363999999996,8.87045475,40.3893,-79.9854
E23630,FRIENDSHIP AVE AT EDMOND ST,Bus,Bus Stop,53.925004,18.993184,34.93182,40.4626,-79.9479
S70469,WATERFRONT DR AT BRIDGE ST,Bus,Bus Stop,53.84772727272731,14.140909090909096,39.706818181818214,40.4091,-79.9167
E42010,NEGLEY AVE OPP CORAL ST,Bus,Bus Stop,53.815909000000005,14.2249995,39.5909095,40.462,-79.9315
S01340,2ND ST AT KENNEDY AVE FS,Bus,Bus Stop,53.525,11.85454545454545,41.67045454545455,40.372,-79.8465
N12720,CALIFORNIA AVE AT CHESTNUT ST,Bus,Bus Stop,53.52499999999998,52.2181818181818,1.3068181818181799,40.5002,-80.066
E51220,SHADY AVE AT FIFTH AVE NS,Bus,Bus Stop,53.484093,9.756817999999999,43.727275,40.452,-79.9204
E30100,HOWLEY ST AT SHUR SAVE DRVWY FS (GANGWISH S,Bus,Bus Stop,53.370456000000004,10.134091,43.236365000000006,40.4644,-79.9523
E45520,PENN AVE AT 31ST ST,Bus,Bus Stop,53.313635999999995,34.947726499999995,18.3659095,40.46,-79.9712
E42142,NEVILLE ST AT BAYARD ST,Bus,Bus Stop,53.304545000000005,27.96818,25.336365,40.4505,-79.9488
E38050,MAIN ST AT HOWLEY ST,Bus,Bus Stop,53.252272999999995,39.695454999999995,13.556818,40.4643,-79.9535
W70172,CHARTIERS AVE AT ISLAND AVE FS (STEPS),Bus,Bus Stop,53.19545454545454,23.48636363636364,29.7090909090909,40.4657,-80.062
S35226,MOUNTAINVIEW DR AT GREASE MONKEY,Bus,Bus Stop,53.13863640000001,39.538636700000005,13.599999700000001,40.3446,-79.9397
S09300,BROWNSVILLE RD AT W WOODFORD AVE,Bus,Bus Stop,53.093180000000004,7.225,45.86818,40.3933,-79.9866
E11620,BUTLER ST AT 39TH ST,Bus,Bus Stop,52.79773,30.236365,22.561365000000002,40.4677,-79.9637
S23940,HWY RT 51 AT MARYLEA DR,Bus,Bus Stop,52.76363636363634,48.8272727272727,3.936363636363635,40.3705,-79.9823
E70811,STANTON AVE AT NEGLEY AVE,Bus,Bus Stop,52.593180000000004,20.354545,32.238635,40.4715,-79.9261
E18625,ELLSWORTH AVE AT SUMMERLEA ST,Bus,Bus Stop,52.579546,48.595455,3.9840910000000003,40.4553,-79.9317
E12040,BUTLER ST AT MCCANDLESS AVE,Bus,Bus Stop,52.57727357500001,44.850001000000006,7.727272575,40.4818,-79.9533
S02670,8TH AVE AT DICKSON ST,Bus,Bus Stop,52.38636340000001,10.9886364,41.397727,40.4088,-79.9056
E32748,JOHNSTON AVE AT MANSION ST,Bus,Bus Stop,52.22954634999999,34.270455,17.959091349999998,40.4055,-79.9373
E41840,NEGLEY AVE AT HAYS ST,Bus,Bus Stop,52.15908735,2.1727273499999997,49.98636,40.4696,-79.9271
N71281,CALIFORNIA AVE AT DAVIS AVE,Bus,Bus Stop,52.13863550000001,44.45909,7.6795455,40.4802,-80.0412
E29790,HOMEWOOD AVE OPP FINANCE ST (EAST BUSWAY),Bus,Bus Stop,51.975,8.947725,43.027275,40.4532,-79.8985
E18590,ELLSWORTH AVE AT MOREWOOD AVE,Bus,Bus Stop,51.92045,24.397725,27.522725,40.4508,-79.9432
S08320,BROWNSVILLE RD OPP DEWALT AVE FS,Bus,Bus Stop,51.531818181818196,45.68863636363638,5.8431818181818205,40.3649,-79.983
E46190,PENN AVE AT MAIN ST,Bus,Bus Stop,51.47499955,18.19772955,33.27727,40.4657,-79.9551
E49400,ROSS AVE AT COAL ST,Bus,Bus Stop,51.322729194999994,25.265909945,26.056819249999997,40.4411,-79.88
E41380,MURRAY AVE AT WELFER ST,Bus,Bus Stop,51.30454775,3.3818182500000002,47.922729499999996,40.4251,-79.9281
E42134,NEVILLE ST AT BAYARD ST,Bus,Bus Stop,51.288635,21.454545,29.834090000000003,40.4503,-79.9487
N13615,CEDAR AVE OPP SUISMON ST,Bus,Bus Stop,51.218181349999995,22.9795455,28.238635849999998,40.455,-80.0023
N17640,EAST OHIO ST OPP JAMES ST,Bus,Bus Stop,51.168183375,31.672728600000003,19.495454775,40.4535,-80.0006
S04670,ARLINGTON AVE OPP CONWAY ST,Bus,Bus Stop,51.11590700000001,42.072725000000005,9.043182,40.4173,-79.9737
X03330,BROOKLINE BLVD OPP CASTLEGATE AVE,Bus,Bus Stop,51.09091,46.96591,4.125,40.3948,-80.0214
S44770,ST CLAIR AVE AT 6TH ST,Bus,Bus Stop,50.98863636363636,17.622727272727282,33.36590909090908,40.2933,-79.8878
E05520,BEATTY ST AT PENN AVE NS,Bus,Bus Stop,50.96363915,16.04772765,34.9159115,40.4616,-79.9271
N10920,BRIGHTON RD OPP WADLOW ST,Bus,Bus Stop,50.909090000000006,11.96818,38.94091,40.4753,-80.0302
E13420,CENTRE AVE AT DITHRIDGE ST,Bus,Bus Stop,50.84773,19.470455,31.377274999999997,40.4516,-79.9532
E36060,LINCOLN AVE OPP CHAUCER ST,Bus,Bus Stop,50.8363626,46.2613625,4.5750001000000005,40.4644,-79.9004
E29105,HIGHLAND AVE OPP ELWOOD ST,Bus,Bus Stop,50.7704545,3.1204545,47.65,40.4551,-79.9253
N71275,BETA DR AT ALPHA DR FS,Bus,Bus Stop,50.763634100000004,0.30681820000000004,50.4568159,40.4959,-79.8673
E01960,FIFTH AVE OPP GIST ST,Bus,Bus Stop,50.72954475,24.83409,25.895454750000003,40.4383,-79.9794
S44760,ST CLAIR AVE AT 6TH ST FS,Bus,Bus Stop,50.67272727272726,33.8409090909091,16.83181818181816,40.2935,-79.8879
S00770,SECOND AVE AT FLOWERS AVE,Bus,Bus Stop,50.6181805,39.8840895,10.734091,40.4099,-79.944
E70966,BRADDOCK HILLS SHOPPING CENTER,Bus,Bus Stop,50.563636363636405,22.940909090909102,27.6227272727273,40.4138,-79.8532
E13570,CENTRE AVE AT KIRKPATRICK ST,Bus,Bus Stop,50.554545000000005,18.56591,31.988635000000002,40.4453,-79.9758
X20050,WEST LIBERTY AVE AT ILLINOIS AVE,Bus,Bus Stop,50.515909090909105,38.56136363636365,11.95454545454545,40.3952,-80.034
W03270,CHARTIERS AVE AT AZALIA ST FS,Bus,Bus Stop,50.4795435,42.64318,7.8363635,40.4447,-80.0415
N08220,BEAVER ST AT BROAD ST,Bus,Bus Stop,50.46591,24.28182,26.18409,40.5401,-80.1801
X20400,WEST LIBERTY AVE OPP PIONEER AVE FS,Bus,Bus Stop,50.21818181818185,18.8318181818182,31.386363636363647,40.3956,-80.0335
E30540,HWY RT 286 OPP NEW TEXAS RD,Bus,Bus Stop,50.074999545,0.295454545,49.779545,40.4506,-79.7136
N43960,PERRYSVILLE AVE OPP FRANKLIN RD,Bus,Bus Stop,50.065911,46.35682,3.709091,40.4903,-80.0187
N12870,CALIFORNIA AVE AT HOME AVE,Bus,Bus Stop,50.01136363636368,2.2477272727272735,47.76363636363641,40.4986,-80.0617
E11145,BRYANT ST AT EUCLID AVE,Bus,Bus Stop,49.9909068,0.6431817999999999,49.347725,40.4757,-79.9197
N30370,LINCOLN AVE AT KENDALL AVE,Bus,Bus Stop,49.804545454545476,38.636363636363654,11.168181818181822,40.491,-80.0482
E19480,FORBES AVE AT JUMONVILLE ST,Bus,Bus Stop,49.802273,20.0568185,29.7454545,40.4373,-79.978
E20550,FRANKSTOWN AVE AT MURTLAND ST,Bus,Bus Stop,49.220454000000004,29.922725,19.297729,40.4585,-79.9009
E52620,STANTON AVE AT CHISLETT ST,Bus,Bus Stop,49.029548000000005,10.531818000000001,38.497730000000004,40.4733,-79.9306
W08252,GREENTREE RD OPP POCONO DR FS,Bus,Bus Stop,48.993181818181796,5.4,43.5931818181818,40.4164,-80.0451
W20400,RIVER AVE AT MARINA,Bus,Bus Stop,48.9090909090909,27.63863636363635,21.270454545454548,40.4662,-80.0527
E70781,BEDFORD AVE OPP DUFF ST,Bus,Bus Stop,48.890910000000005,34.71591,14.175,40.4502,-79.9738
S01330,2ND ST AT KENNEDY AVE,Bus,Bus Stop,48.80454545454545,36.71136363636363,12.093181818181822,40.3718,-79.8463
E25000,GRANDVIEW AVE AT BESSEMER AVE NS,Bus,Bus Stop,48.71363636363635,19.08409090909091,29.629545454545436,40.3951,-79.8393
N41325,PENFORT ST AT #174,Bus,Bus Stop,48.654544099999995,1.5659091,47.088635,40.4744,-80.0024
N01830,4TH AVE AT 7TH ST,Bus,Bus Stop,48.60227272727275,22.50227272727275,26.1,40.5626,-79.7657
E08360,BLVD OF ALLIES AT WARD ST,Bus,Bus Stop,48.5340926,5.2659091,43.2681835,40.4345,-79.9547
E70994,CENTRE AVE AT CRAWFORD ST FS,Bus,Bus Stop,48.3840955,24.725002500000002,23.659093,40.4411,-79.9857
E57670,WILKINS AVE AT WIGHTMAN ST,Bus,Bus Stop,48.325002500000004,5.297727500000001,43.027275,40.4441,-79.9281
E41971,NEGLEY AVE AT WALNUT ST,Bus,Bus Stop,48.31818,33.23409,15.08409,40.4521,-79.9311
N43920,PERRYSVILLE AVE AT WILSON AVE,Bus,Bus Stop,48.231818000000004,42.075,6.1568179999999995,40.4637,-80.0122
S01120,SECOND AVE OPP FLOWERS AVE,Bus,Bus Stop,47.89091,10.2272725,37.6636375,40.4101,-79.9442
E70794,BEDFORD AVE AT WANDLESS ST,Bus,Bus Stop,47.83636,14.993179999999999,32.84318,40.4526,-79.9678
E20610,FRANKSTOWN RD AT ROBINSON BLVD NS,Bus,Bus Stop,47.834089999999996,14.01591,33.81818,40.4609,-79.8672
N10340,BRIGHTON RD AT N CHARLES ST,Bus,Bus Stop,47.806816,14.3613635,33.4454525,40.4596,-80.0169
N19450,FEDERAL ST OPP MONTGOMERY AVE FS,Bus,Bus Stop,47.688634,19.6159085,28.0727255,40.4544,-80.0063
E10550,BROADWAY BLVD AT WALL AVE,Bus,Bus Stop,47.6818181818182,44.17727272727275,3.504545454545453,40.4014,-79.78
E11720,BUTLER ST AT 46TH ST,Bus,Bus Stop,47.674997499999996,8.3477275,39.32727,40.4727,-79.9588
W08040,GREENTREE RD AT COVENANT COMMUNITY CHURCH,Bus,Bus Stop,47.5636368,0.5431818,47.020455,40.4006,-80.0643
N12780,CALIFORNIA AVE AT ELIZABETH AVE FS,Bus,Bus Stop,47.53863636363632,45.170454545454504,2.3681818181818204,40.4992,-80.0635
E04380,ARDMORE BLVD AT SUMNER AVE,Bus,Bus Stop,47.52954545454547,44.386363636363654,3.143181818181816,40.4172,-79.8482
E70231,ELLSWORTH AVE OPP SPAHR ST,Bus,Bus Stop,47.493183,38.936365,8.556818,40.4584,-79.9274
E32370,JANCEY ST AT GREENWOOD ST,Bus,Bus Stop,47.4704553,40.49091,6.9795453,40.486,-79.9265
N71208,AMBULATORY CARE CENTER DR AT BLDG #71,Bus,Bus Stop,47.386365,25.765909999999998,21.620455,40.4946,-79.8891
N08700,BEAVER ST AT WALNUT ST,Bus,Bus Stop,47.37045500000001,22.945455000000003,24.425,40.5413,-80.1818
S00690,SECOND AVE AT BATES ST FS,Bus,Bus Stop,47.2022735,25.359091499999998,21.843182,40.4314,-79.9595
E56035,WALLACE AVE AT WOOD ST,Bus,Bus Stop,47.19318145,43.779545,3.4136364500000003,40.4445,-79.8844
E32744,JOHNSTON AVE AT GLENWOOD AVE,Bus,Bus Stop,47.013635449999995,40.28409,6.72954545,40.4065,-79.9396
E41720,NEGLEY AVE AT BROAD ST,Bus,Bus Stop,47.011362500000004,27.1272715,19.884091,40.4646,-79.9301
E45730,PENN AVE AT BEACON HILL DR FS,Bus,Bus Stop,46.836364675000006,6.275000175000001,40.5613645,40.444,-79.8644
E70807,STANTON AVE AT HIGHLAND AVE,Bus,Bus Stop,46.831815000000006,33.022725,13.809090000000001,40.4697,-79.9212
E41350,MURRAY AVE AT #2825,Bus,Bus Stop,46.799999500000006,37.022726500000005,9.777273,40.4277,-79.9258
S04160,AMITY ST AT TARGET DR,Bus,Bus Stop,46.75681818181819,12.340909090909095,34.415909090909096,40.4098,-79.9123
E70181,OLD WILLIAM PENN HWY AT BEATTY RD,Bus,Bus Stop,46.54545635,46.18182,0.36363635,40.4402,-79.7421
E41370,MURRAY AVE AT WELFER ST,Bus,Bus Stop,46.5159075,42.81818,3.6977274999999996,40.4249,-79.9281
E41830,NEGLEY AVE AT HAYS ST,Bus,Bus Stop,46.51364,43.78864,2.725,40.4699,-79.9271
E04310,ARDMORE BLVD AT MARION AVE FS,Bus,Bus Stop,46.45454545454546,42.08863636363637,4.365909090909092,40.4199,-79.8501
N10510,BRIGHTON RD AT MARSHALL AVE,Bus,Bus Stop,46.090911,5.234091,40.85682,40.4668,-80.0249
E32743,JOHNSTON AVE AT GLENWOOD AVE,Bus,Bus Stop,46.0863607,5.0590907000000005,41.02727,40.4065,-79.9398
E41920,NEGLEY AVE AT RIPPEY ST,Bus,Bus Stop,46.015911550000006,1.90909105,44.106820500000005,40.4665,-79.9288
N32380,MCINTYRE SQUARE AT GABRIEL BROTHERS,Bus,Bus Stop,46.00454545454545,22.54545454545455,23.4590909090909,40.554,-80.0165
E18400,ELLSWORTH AVE AT AIKEN AVE,Bus,Bus Stop,46.004545,34.34091,11.663635,40.4529,-79.9366
E53680,SWISSVALE AVE AT FRANKLIN AVE,Bus,Bus Stop,45.99545585,20.820454050000002,25.1750018,40.4391,-79.8791
S09400,BROWNSVILLE RD OPP CLIFTON BLVD,Bus,Bus Stop,45.9568187,8.1681817,37.788637,40.3868,-79.9818
E05210,BEACON ST AT MURRAY AVE NS,Bus,Bus Stop,45.72954325,10.556818250000001,35.172725,40.4347,-79.9234
E43190,OLD WILLIAM PENN HWY OPP BEATTY RD,Bus,Bus Stop,45.59545454545455,1.0,44.59545454545455,40.4403,-79.7423
E70812,EAST LIBERTY BLVD AT HIGHLAND AVE,Bus,Bus Stop,45.3772729,10.222726999999999,35.1545459,40.4658,-79.9218
S04190,ANN ST AT 8TH AVE,Bus,Bus Stop,45.35681818181815,16.1931818181818,29.16363636363635,40.4078,-79.9091
N12820,CALIFORNIA AVE AT FLORENCE AVE,Bus,Bus Stop,45.33181818181817,42.29772727272726,3.0340909090909105,40.5035,-80.0746
N10730,BRIGHTON RD AT TERMON AVE,Bus,Bus Stop,45.17954635,4.56363635,40.61591,40.483,-80.0353
X19440,WASHINGTON RD AT BOWER HILL RD,Bus,Bus Stop,45.1477285,9.2613635,35.886365,40.387,-80.0437
W70120,HELEN ST AT ELLA ST FS,Bus,Bus Stop,45.03409090909092,6.9522727272727245,38.0818181818182,40.4743,-80.0575
S70291,OLYMPIA DRIVEWAY AT LIFE SPAN,Bus,Bus Stop,45.02955,17.652275000000003,27.377275,40.3223,-79.8348
N53545,WATERWORKS MALL OPP MARSHALLS,Bus,Bus Stop,45.013633545000005,3.700000045,41.3136335,40.4888,-79.892
X03000,BROOKLINE BLVD AT CASTLEGATE AVE,Bus,Bus Stop,44.981818000000004,2.631818,42.35,40.395,-80.0218
E39610,MONONGAHELA AVE AT SCHOYER AVE,Bus,Bus Stop,44.71818335,40.834092399999996,3.88409095,40.4235,-79.8913
W02710,BROADWAY AVE AT 3RD ST,Bus,Bus Stop,44.529545454545456,21.354545454545452,23.175,40.4674,-80.067
E36098,LINCOLN AVE AT VERONA BLVD,Bus,Bus Stop,44.52045295,4.4772728,40.04318015,40.4729,-79.889
S70009,BROWNSVILLE RD AT TOWN SQUARE DRVWY,Bus,Bus Stop,44.51590909090911,2.05909090909091,42.4568181818182,40.3667,-79.981
S23640,HWY RT 51 AT DELCO RD,Bus,Bus Stop,44.47727272727276,6.672727272727272,37.80454545454549,40.3708,-79.9823
E41990,NEGLEY AVE AT WELLESLEY AVE NS,Bus,Bus Stop,44.338635499999995,1.1545455,43.18409,40.4741,-79.9251
E19430,FORBES AVE AT EAST END AVE,Bus,Bus Stop,44.313638000000005,3.506818,40.80682,40.4397,-79.8967
N41740,PENNSYLVANIA AVE AT BRIGHTON RD FS,Bus,Bus Stop,44.28864,21.127275,23.161365,40.4561,-80.0158
E34030,LAKETON RD OPP NELBON AVE,Bus,Bus Stop,44.2886345,38.468180000000004,5.8204545,40.4596,-79.8438
S27205,KEEPORT DR AT TRAVIS DR FS,Bus,Bus Stop,44.284090909090885,40.34772727272725,3.9363636363636347,40.3384,-79.9791
N10940,BRIGHTON RD OPP WOODLAND AVE,Bus,Bus Stop,44.2068205,4.7045455,39.502275,40.47,-80.0256
E04700,BALDRIDGE AVE AT WALNUT ST FS,Bus,Bus Stop,44.175001,6.4704545,37.7045465,40.4045,-79.8621
N12770,CALIFORNIA AVE OPP ELIZABETH AVE,Bus,Bus Stop,44.04545454545454,1.786363636363637,42.2590909090909,40.4992,-80.0633
S04000,AMANDA ST AT ARLINGTON AVE,Bus,Bus Stop,43.8022725,35.525,8.277272499999999,40.4183,-79.9882
S09250,BROWNSVILLE RD AT W CHERRYHILL ST NS,Bus,Bus Stop,43.72045250000001,9.972727500000001,33.747725,40.3982,-79.9886
E29160,HIGHLAND AVE AT WALNUT ST,Bus,Bus Stop,43.7113635,41.275,2.4363635,40.4542,-79.9254
E46250,PENN AVE AT MILLVALE AVE,Bus,Bus Stop,43.66818,20.447725,23.220455,40.4653,-79.9451
N13090,CALIFORNIA AVE AT TERMON AVE,Bus,Bus Stop,43.609095,9.577275,34.03182,40.4818,-80.0415
E08920,BRADDOCK AVE AT HUTCHINSON ST,Bus,Bus Stop,43.50227050000001,1.4295455000000001,42.072725000000005,40.433,-79.8943
E41820,NEGLEY AVE AT HAMPTON ST,Bus,Bus Stop,43.44545275000001,0.27727275,43.16818000000001,40.4753,-79.9245
S70142,DUQUESNE BLVD OPP HERMAN AVE FS,Bus,Bus Stop,43.44318181818183,32.33636363636364,11.106818181818182,40.3843,-79.8606
E19920,FORBES AVE OPP PLAINFIELD ST,Bus,Bus Stop,43.3954545,12.1340905,31.261364,40.4406,-79.9357
E25351,GREENFIELD AVE AT LORETTA ST,Bus,Bus Stop,43.213634,13.265909,29.947725,40.4219,-79.9298
S08560,BROWNSVILLE RD AT MEADOWBROOK BLVD,Bus,Bus Stop,43.17045454545455,41.51590909090909,1.654545454545455,40.366,-79.9817
E23440,FRIENDSHIP AVE AT EDMOND ST,Bus,Bus Stop,43.1613615,22.1954545,20.965907,40.4629,-79.9477
S70043,SIDNEY ST AT S 28TH ST,Bus,Bus Stop,43.02045545000001,0.50454545,42.515910000000005,40.4271,-79.965
E70398,MOSSFIELD ST OPP FERN ST,Bus,Bus Stop,42.9795455,10.1045455,32.875,40.4713,-79.9335
N14630,N CHARLES ST AT PERRYSVILLE AVE,Bus,Bus Stop,42.9409115,22.309092999999997,20.6318185,40.4711,-80.0085
N10670,BRIGHTON RD AT WADLOW ST,Bus,Bus Stop,42.9363625,34.488635,8.4477275,40.4755,-80.0306
X13400,PIONEER AVE AT BELLBROOK ST,Bus,Bus Stop,42.93182045,42.477275,0.45454545,40.4011,-80.0185
E04270,ARDMORE BLVD AT KENMORE AVE,Bus,Bus Stop,42.92272727272731,3.6204545454545434,39.302272727272765,40.4174,-79.8487
W10215,INGRAM AVE AT WEST BUSWAY RAMP FS,Bus,Bus Stop,42.84090909090909,18.40909090909089,24.4318181818182,40.4439,-80.0662
E52610,STANTON AVE AT CHISLETT ST,Bus,Bus Stop,42.756815,32.75227,10.004545,40.4733,-79.9309
E01760,FIFTH AVE AT THOMAS BLVD,Bus,Bus Stop,42.49772777500001,1.829545275,40.66818250000001,40.4548,-79.9115
E07170,BESSEMER AVE AT GRANDVIEW AVE,Bus,Bus Stop,42.46590909090911,30.26136363636365,12.204545454545457,40.395,-79.8392
E70236,FIFTH AVE RAMP AT FIFTH AVE NS,Bus,Bus Stop,42.31818249999999,4.4977275,37.820454999999995,40.4559,-79.9109
W00600,5TH AVE AT MAIN ST,Bus,Bus Stop,42.31590909090908,34.26363636363635,8.05227272727273,40.5184,-80.1669
E57580,WILKINS AVE AT NEGLEY AVE,Bus,Bus Stop,42.315907249999995,40.2704525,2.04545475,40.4441,-79.9259
N70086,MCKNIGHT RD AT DUNCAN AVE,Bus,Bus Stop,42.16818181818179,0.17045454545454544,41.997727272727246,40.5681,-80.0239
E41860,NEGLEY AVE AT JACKSON ST NS,Bus,Bus Stop,42.159090500000005,1.2295455,40.929545000000005,40.4724,-79.9258
N10800,BRIGHTON RD AT WOODLAND AVE,Bus,Bus Stop,42.0499975,34.822725000000005,7.2272725,40.4701,-80.0257
N43445,PERRYSVILLE AVE OPP ELLZEY ST,Bus,Bus Stop,42.031818,9.281818,32.75,40.4718,-80.01
E20360,FRANKSTOWN AVE AT BRUSHTON AVE,Bus,Bus Stop,42.0022715,13.4181815,28.58409,40.4555,-79.8882
N18360,E 6TH AVE AT LOCK ST,Bus,Bus Stop,41.854545,23.047725,18.806820000000002,40.6025,-79.7544
E41970,NEGLEY AVE AT WALNUT ST,Bus,Bus Stop,41.836365,15.302274999999998,26.53409,40.452,-79.9309
E57450,WILKINS AVE OPP BARNSDALE ST,Bus,Bus Stop,41.56363695,40.179546,1.38409095,40.4449,-79.9156
E41980,NEGLEY AVE OPP WELLESLEY AVE,Bus,Bus Stop,41.497728650000006,40.736365000000006,0.7613636500000001,40.4743,-79.9251
E45340,PEEBLES ST AT KELLY AVE,Bus,Bus Stop,41.347724995,12.095454545,29.25227045,40.4412,-79.8943
X13650,PIONEER AVE OPP BELLBROOK ST,Bus,Bus Stop,41.34090725,0.62272725,40.718180000000004,40.4012,-80.018
E70778,BEDFORD AVE OPP WANDLESS ST,Bus,Bus Stop,41.31591,28.20682,13.10909,40.4528,-79.9677
N43710,PERRYSVILLE AVE AT #1664,Bus,Bus Stop,41.2772715,7.8886365000000005,33.388635,40.4613,-80.009
E57950,WILNER DR AT EAST HILLS DR,Bus,Bus Stop,41.261365,17.49091,23.770455,40.4551,-79.871
N45770,RHINE ST AT YETTA AVE FS,Bus,Bus Stop,41.2090915,38.970455,2.2386365,40.4634,-79.9915
S70040,WATERFRONT DR AT 5TH AVE FS,Bus,Bus Stop,41.143184225000006,4.418181875,36.725002350000004,40.4041,-79.9201
E11700,BUTLER ST AT 44TH ST,Bus,Bus Stop,41.03636205000001,7.36818205,33.66818000000001,40.4713,-79.9598
E01860,FIFTH AVE OPP AMBERSON AVE,Bus,Bus Stop,41.0295443,11.631818299999999,29.397726,40.4476,-79.9389
N54500,WILSON AVE AT BURGESS ST,Bus,Bus Stop,40.986365,27.125,13.861365,40.4665,-80.0133
E21320,FRANKSTOWN RD AT RODI RD FS,Bus,Bus Stop,40.915911300000005,5.9886363000000005,34.927275,40.4666,-79.8259
S43400,SOUTH MALL ENTRANCE DR AT DSW DRIVEWAY,Bus,Bus Stop,40.811365545,7.479545545,33.33182,40.3354,-79.9465
W02785,BROADWAY AVE AT WAYNE AVE,Bus,Bus Stop,40.70909090909089,35.3181818181818,5.39090909090909,40.4693,-80.0692
S02965,8TH AVE OPP ANDREW ST,Bus,Bus Stop,40.70681585,27.2181795,13.488636349999998,40.4092,-79.9015
E33140,KELLY AVE AT WEST ST,Bus,Bus Stop,40.67954719,30.809092645,9.870454545,40.4411,-79.8911
N31500,MAIN ST AT 62ND ST BRIDGE FS,Bus,Bus Stop,40.6386345,10.118182000000001,30.5204525,40.4955,-79.9389
E35630,LIBERTY AVE AT 40TH ST,Bus,Bus Stop,40.581817,14.634091,25.947726,40.4628,-79.9574
E20570,FRANKSTOWN RD AT OVERBROOK RD,Bus,Bus Stop,40.495456000000004,26.911365,13.584091,40.4609,-79.8674
N20810,FREEPORT ST AT BUTLER ST,Bus,Bus Stop,40.47045454545455,13.013636363636351,27.4568181818182,40.4965,-79.9438
E10670,BROADWAY BLVD OPP WALL AVE,Bus,Bus Stop,40.3840909090909,2.6681818181818184,37.71590909090908,40.4013,-79.7804
TP7106,LAYOVER AIRPORT TERMINUS (NO S,Bus,Bus Stop,40.3181818181818,16.7727272727273,23.5454545454545,40.4962,-80.2589
W13350,MCCOY RD AT #208,Bus,Bus Stop,40.299997499999996,5.4772725,34.822725,40.4747,-80.0708
E35570,LIBERTY AVE OPP 31ST ST,Bus,Bus Stop,40.288638,13.768182,26.520456,40.459,-79.9709
E57460,WILKINS AVE AT BARNSDALE ST,Bus,Bus Stop,40.12045189999999,2.4000000999999997,37.72045179999999,40.4448,-79.9157
E70993,WYLIE AVE AT CRAWFORD ST,Bus,Bus Stop,40.0522725,13.6727275,26.379545,40.4426,-79.9873
N43550,PERRYSVILLE AVE AT LANGLEY ST,Bus,Bus Stop,40.027271500000005,2.7886365,37.238635,40.4625,-80.0133
E11670,BUTLER ST AT 43RD ST,Bus,Bus Stop,39.9863635,29.472727000000003,10.513636499999999,40.4708,-79.9603
E33120,KELLY AVE AT TRENTON AVE,Bus,Bus Stop,39.9840917,10.725000300000001,29.2590914,40.4412,-79.8925
E05260,BEACON ST AT WIGHTMAN ST,Bus,Bus Stop,39.972725700000005,2.1045457,37.86818,40.434,-79.928
S09180,BROWNSVILLE RD AT THE BOULEVARD,Bus,Bus Stop,39.95000085,33.950001,5.99999985,40.4009,-79.9892
N22810,FREEPORT RD OPP WESTERN AVE,Bus,Bus Stop,39.92727272727275,5.720454545454545,34.20681818181821,40.4906,-79.9075
S30845,LYSLE BLVD AT LOCUST ST FS,Bus,Bus Stop,39.81818181818182,19.493181818181817,20.325000000000003,40.3518,-79.8638
E57590,WILKINS AVE AT NEGLEY AVE,Bus,Bus Stop,39.750000650000004,2.52954565,37.220455,40.444,-79.9261
E35520,LIBERTY AVE OPP 27TH ST,Bus,Bus Stop,39.731815,22.05227,17.679545,40.4552,-79.9764
N70144,W 4TH AVE AT ROSS ST,Bus,Bus Stop,39.59318185,1.05909085,38.534091000000004,40.6004,-79.7568
E02090,FIFTH AVE OPP WILKINS AVE,Bus,Bus Stop,39.550002875000004,32.4590941,7.090908774999999,40.4479,-79.9369
N12730,CALIFORNIA AVE AT CHESTNUT ST,Bus,Bus Stop,39.531818181818174,0.3977272727272727,39.1340909090909,40.5001,-80.0655
N10720,BRIGHTON RD AT TERMON AVE,Bus,Bus Stop,39.3886382,32.5022745,6.8863637,40.4831,-80.0355
N32540,MCKNIGHT RD AT BROWNS LN,Bus,Bus Stop,39.343181825,38.75,0.5931818249999999,40.546,-80.0171
N43980,PERRYSVILLE AVE OPP MARSHALL AVE,Bus,Bus Stop,39.3386375,7.702272499999999,31.636364999999998,40.4749,-80.0112
N43590,PERRYSVILLE AVE AT MCCLINTOCK AVE,Bus,Bus Stop,39.336361,31.654543,7.681818,40.463,-80.0138
S09790,BROWNSVILLE RD OPP THE BOULEVARD,Bus,Bus Stop,39.3045453,7.5818168,31.722728500000002,40.4011,-79.9893
E25950,GREENWOOD ST AT JANCEY ST,Bus,Bus Stop,39.29772659999999,5.138636599999999,34.15908999999999,40.4859,-79.9264
E08910,BRADDOCK AVE AT HUTCHINSON ST,Bus,Bus Stop,39.27272727272726,36.354545454545445,2.9181818181818167,40.4327,-79.8939
E08120,BLVD OF ALLIES AT CRAFT AVE FS,Bus,Bus Stop,39.256816799999996,5.3704543000000005,33.8863625,40.4358,-79.9609
N71204,PERRYSVILLE AVE OPP WATSON BLVD FS,Bus,Bus Stop,39.1681795,34.172725,4.9954545,40.484,-80.0134
S00270,S 18TH ST AT MONASTERY AVE,Bus,Bus Stop,39.1159075,8.1272725,30.988635,40.4217,-79.9843
E45780,PENN AVE AT BUTLER ST,Bus,Bus Stop,39.106821000000004,11.984091000000001,27.12273,40.4628,-79.967
P01340,BLVD OF ALLIES AT WOOD ST,Bus,Bus Stop,39.03409375,35.4931845,3.54090925,40.4384,-80.0021
W03250,CHARTIERS AVE OPP ISLAND AVE NS,Bus,Bus Stop,38.965909090909065,25.43181818181815,13.53409090909091,40.4657,-80.0623
N43565,PERRYSVILLE AVE AT MARSHALL RD,Bus,Bus Stop,38.9249975,35.397725,3.5272725,40.4783,-80.0121
E20560,FRANKSTOWN AVE AT MURTLAND ST,Bus,Bus Stop,38.884091999999995,11.093181999999999,27.79091,40.4585,-79.9013
E41771,NEGLEY AVE AT ELLSWORTH AVE,Bus,Bus Stop,38.811365,25.586365,13.225,40.4549,-79.9327
E18570,ELLSWORTH AVE AT MARYLAND AVE,Bus,Bus Stop,38.738636,4.634091,34.104545,40.456,-79.9309
S24010,HWY RT 51 AT OLD CLAIRTON RD FS,Bus,Bus Stop,38.734093300000005,5.9568183,32.777275,40.3405,-79.9644
E29702,HOMEWOOD AVE AT FINANCE ST (EAST BUSWAY),Bus,Bus Stop,38.720456,26.561365000000002,12.159091,40.453,-79.8986
N53605,WEST VIEW PARK DR OPP WEST VIEW TOWER,Bus,Bus Stop,38.7159065,29.70227,9.0136365,40.5169,-80.0336
E45530,PENN AVE AT 32ND ST,Bus,Bus Stop,38.709089500000005,12.284091,26.4249985,40.461,-79.9697
E20480,FRANKSTOWN AVE AT LANG AVE NS,Bus,Bus Stop,38.697728,29.9000005,8.7977275,40.4579,-79.8982
N35490,MT PLEASANT RD AT BEECH ST,Bus,Bus Stop,38.6386368,0.5181818,38.120455,40.4812,-80.0022
E32749,JOHNSTON AVE AT MANSION ST,Bus,Bus Stop,38.6295443,6.8704543000000005,31.75909,40.4054,-79.9372
E29020,HIGHLAND AVE AT HOWE ST,Bus,Bus Stop,38.55454350000001,36.29318000000001,2.2613635,40.4534,-79.9249
E70861,LINCOLN AVE OPP DEARY ST,Bus,Bus Stop,38.48181825,3.28181825,35.2,40.4641,-79.9011
E13230,CENTRE AVE AT AVALON ST,Bus,Bus Stop,38.361365,17.577275,20.78409,40.4487,-79.9617
W02720,BROADWAY AVE AT 3RD ST,Bus,Bus Stop,38.3,27.9,10.4,40.4678,-80.0674
N12920,CALIFORNIA AVE AT MARSHALL AVE,Bus,Bus Stop,38.2681835,18.565911,19.7022725,40.4621,-80.0306
E05700,BEDFORD AVE OPP MERCER ST,Bus,Bus Stop,38.188635,16.24091,21.947725,40.4445,-79.9872
E11790,BUTLER ST AT 54TH ST,Bus,Bus Stop,38.129549275,33.41364,4.715909275,40.4829,-79.9511
S24050,HWY RT 51 AT MONRO MUFFLER,Bus,Bus Stop,38.0386345,30.31818,7.720454500000001,40.3313,-79.9457
W02780,BROADWAY AVE OPP WAYNE AVE,Bus,Bus Stop,37.98409090909093,10.03181818181818,27.95227272727275,40.4692,-80.069
E70372,BEDFORD AVE AT ROBERTS ST,Bus,Bus Stop,37.968184,6.390909,31.577275,40.4452,-79.9855
E70889,BEACON ST AT WIGHTMAN ST,Bus,Bus Stop,37.93636600000001,35.152275,2.784091,40.4342,-79.9274
S08220,BROWNSVILLE RD AT BISCAYNE DR,Bus,Bus Stop,37.929546249999994,5.58181825,32.347728,40.3874,-79.9841
E10950,BROWNS HILL RD OPP IMOGENE RD,Bus,Bus Stop,37.92727275,26.793181550000003,11.1340912,40.4153,-79.9246
E12050,BUTLER ST AT MCCANDLESS AVE,Bus,Bus Stop,37.884092545,5.0750000449999995,32.809092500000006,40.4815,-79.9536
E19370,FORBES AVE AT DENNISTON ST,Bus,Bus Stop,37.8840905,6.7045455,31.179544999999997,40.438,-79.9181
E19680,FORBES AVE AT NORTHUMBERLAND ST,Bus,Bus Stop,37.85681775,6.09999975,31.756818,40.439,-79.9342
N13580,CEDAR AVE AT NORTH AVE (AGH),Bus,Bus Stop,37.847725,26.1,11.747724999999999,40.4561,-80.0025
E19850,FORBES AVE OPP BRIARCLIFF RD,Bus,Bus Stop,37.8204566,0.8409091000000001,36.9795475,40.4395,-79.8995
S45000,ST JOSEPH ST AT OTTILLA ST,Bus,Bus Stop,37.76363636363636,37.084090909090904,0.6795454545454545,40.4135,-79.9817
E57660,WILKINS AVE AT WIGHTMAN ST,Bus,Bus Stop,37.66591149999999,34.865911499999996,2.8,40.4441,-79.9277
E54610,TRENTON AVE AT SOUTH AVE,Bus,Bus Stop,37.640907500000004,3.6522725,33.988635,40.4443,-79.8921
W25655,CRAFTON INGRAM SC AT RITE-AID,Bus,Bus Stop,37.58181818181817,14.84318181818182,22.738636363636353,40.4418,-80.0699
E70789,BEDFORD AVE AT KIRKPATRICK ST,Bus,Bus Stop,37.386365,11.777275,25.609090000000002,40.4481,-79.9784
E59370,WOOD ST AT HILL AVE,Bus,Bus Stop,37.33636164999999,33.368179999999995,3.96818165,40.446,-79.8834
E23550,FRIENDSHIP AVE AT NEGLEY AVE,Bus,Bus Stop,37.256815,11.222725,26.03409,40.4607,-79.9326
N71246,4TH AVE AT TARENTUM PARK AND RIDE,Bus,Bus Stop,37.22045275,36.81818,0.40227274999999996,40.6004,-79.757
E46090,PENN AVE AT HOMEWOOD AVE,Bus,Bus Stop,37.21818025,2.60454525,34.613635,40.4492,-79.9015
E39280,MILLVALE AVE AT BAUM BLVD,Bus,Bus Stop,37.13409,24.229545,12.904545,40.4545,-79.9477
S00205,S 18TH ST AT GABLE ST,Bus,Bus Stop,37.00908665,30.065905,6.94318165,40.4213,-79.9846
W13450,MCCOY RD AT TOTERA AVE,Bus,Bus Stop,36.9477285,28.986365,7.9613635,40.4746,-80.0704
E35200,LIBERTY AVE AT BAUM BLVD,Bus,Bus Stop,36.925002000000006,18.0386385,18.8863635,40.4567,-79.9399
E33130,KELLY AVE AT TRENTON AVE FS,Bus,Bus Stop,36.847728124999996,23.50909135,13.338636774999998,40.4413,-79.8927
N70143,TARENTUM PARK AND RIDE (TERMIN,Bus,Bus Stop,36.825,20.675,16.15,40.6007,-79.7571
S33675,MELLON ST AT PENNSYLVANIA AVE,Bus,Bus Stop,36.80227275,24.886364999999998,11.91590775,40.3622,-79.8588
E42220,NOBLE ST AT ROSLYN ST,Bus,Bus Stop,36.79772625,15.51590925,21.281816999999997,40.4203,-79.8848
E70591,BRADDOCK AVE AT 6TH ST,Bus,Bus Stop,36.79318181818183,9.702272727272724,27.090909090909104,40.4032,-79.8684
E42030,NEGLEY AVE OPP RIPPEY ST FS,Bus,Bus Stop,36.788635199999995,35.411362499999996,1.3772726999999998,40.4669,-79.9287
N41830,PENNSYLVANIA AVE AT BIDWELL ST,Bus,Bus Stop,36.756816549999996,5.12954565,31.6272709,40.455,-80.0212
E70590,BRADDOCK AVE AT 6TH ST,Bus,Bus Stop,36.61363636363638,7.60681818181818,29.0068181818182,40.4033,-79.8687
S70635,COMMONWEALTH AVE AT HILLTOP/PARKVIEW MANOR APTS,Bus,Bus Stop,36.575,19.58636363636365,16.988636363636353,40.3802,-79.8655
E29050,HIGHLAND AVE AT JACKSON ST,Bus,Bus Stop,36.5613641,0.3409091,36.220455,40.471,-79.9203
E27425,HAWKINS AVE AT 4TH ST,Bus,Bus Stop,36.5590895,32.363635,4.1954545,40.4092,-79.8666
W05915,CRAFTON-INGRAM SHOPPING CTR AT TERMINUS,Bus,Bus Stop,36.520454545454555,16.95,19.570454545454552,40.4408,-80.0688
S02660,8TH AVE AT DICKSON ST,Bus,Bus Stop,36.38863636363636,28.147727272727266,8.240909090909092,40.409,-79.9052
E19580,FORBES AVE AT MEYRAN AVE,Bus,Bus Stop,36.35909100000001,24.022727500000002,12.336363500000001,40.4405,-79.9584
E00175,26TH ST AT PENN AVE FS (SPRING WAY),Bus,Bus Stop,36.281818,14.090909,22.190908999999998,40.4546,-79.9781
E00500,40TH ST OPP DAVIDSON ST,Bus,Bus Stop,36.222726275,33.506817,2.715909275,40.4676,-79.961
E03277,ALCOMA BLVD AT TURNAROUND,Bus,Bus Stop,36.215909999999994,18.829545,17.386364999999998,40.4853,-79.7997
E35170,LIBERTY AVE AT 40TH ST NS,Bus,Bus Stop,36.211363000000006,13.031818000000001,23.179545,40.463,-79.9564
W03900,CHARTIERS AVE OPP DITZLER ST,Bus,Bus Stop,36.186364,7.115909,29.070455,40.454,-80.0562
N43500,PERRYSVILLE AVE AT KENNEDY AVE FS,Bus,Bus Stop,36.136365,32.261365,3.875,40.4743,-80.0105
N71220,CALIFORNIA AVE AT AVALON LOOP,Bus,Bus Stop,36.13636363636365,4.18181818181818,31.954545454545467,40.5035,-80.0742
E70373,DEVILLIERS ST AT CENTRE AVE,Bus,Bus Stop,36.12954500000001,11.295455,24.834090000000003,40.4437,-79.9804
S24110,HWY RT 51 AT SOUTHLAND SHOPPING CTR ENTRANC,Bus,Bus Stop,36.0886345,8.7954545,27.29318,40.3322,-79.9458
N22030,FREEPORT RD AT WESTERN AVE,Bus,Bus Stop,36.08409090909091,32.01590909090909,4.06818181818182,40.4907,-79.9074
S09630,BROWNSVILLE RD AT #2336,Bus,Bus Stop,35.961364499999995,7.9204545,28.040909999999997,40.3882,-79.9848
E49300,RONALD ST AT BEECHWOOD BLVD,Bus,Bus Stop,35.9590922,13.718181500000002,22.2409107,40.4267,-79.9386
E53010,STANTON AVE OPP HETH'S AVE,Bus,Bus Stop,35.9386365,30.075,5.8636365,40.4724,-79.9286
E41770,NEGLEY AVE AT ELLSWORTH AVE,Bus,Bus Stop,35.925,15.08182,20.84318,40.4547,-79.9325
E32732,JOHNSTON AVE AT SECOND AVE,Bus,Bus Stop,35.7318164,25.84318,9.8886364,40.4062,-79.9428
N12690,CALIFORNIA AVE AT BIRMINGHAM AVE,Bus,Bus Stop,35.654545454545485,35.0227272727273,0.631818181818182,40.5019,-80.0694
S09385,BROWNSVILLE RD OPP W CHERRYHILL ST,Bus,Bus Stop,35.652272,29.55909,6.0931820000000005,40.3979,-79.9883
E40270,MONTIER ST AT BESSICA ST,Bus,Bus Stop,35.50227325,33.095455,2.40681825,40.4462,-79.8711
X70073,WASHINGTON RD AT BOWER HILL RD FS,Bus,Bus Stop,35.477270499999996,28.072725,7.4045455,40.3873,-80.0436
E04160,ARDMORE BLVD AT BERKLEY AVE,Bus,Bus Stop,35.4340909090909,2.529545454545453,32.90454545454544,40.4198,-79.8503
E33090,KELLY AVE AT PEEBLES ST,Bus,Bus Stop,35.368182645000005,18.152274995000003,17.21590765,40.4413,-79.8942
E18870,EUCLID AVE AT CALLOWHILL ST,Bus,Bus Stop,35.361365445,0.379545445,34.98182,40.4771,-79.9189
E56020,WALLACE AVE AT SWISSVALE AVE FS,Bus,Bus Stop,35.331817945,20.8499999,14.481818045,40.4424,-79.8778
E36000,LINCOLN AVE AT SHETLAND ST,Bus,Bus Stop,35.306817045,3.334091045,31.972726,40.4615,-79.908
N35570,MT PLEASANT RD AT #384,Bus,Bus Stop,35.2136359,34.304545,0.9090909,40.4805,-80.002
E33060,KELLY AVE AT HAY ST,Bus,Bus Stop,35.170455825,3.9818181,31.188637725,40.4401,-79.8883
X18880,VIRGINIA AVE AT SHOP-N-SAVE,Bus,Bus Stop,35.159089,25.41818,9.740909,40.4298,-80.0081
E70376,GREENFIELD AVE AT LORETTA ST,Bus,Bus Stop,35.045457,27.077275,7.9681820000000005,40.4217,-79.9297
E17373,EAST LIBERTY BLVD AT HIGHLAND AVE FS,Bus,Bus Stop,35.00227225,14.32045275,20.6818195,40.4658,-79.9223
S70553,PARKLINE DR AT RADFORD RD FS,Bus,Bus Stop,34.9886355,3.4545455,31.53409,40.3652,-79.9669
N43900,PERRYSVILLE AVE AT WATSON BLVD,Bus,Bus Stop,34.9727255,2.6295455,32.343180000000004,40.4783,-80.012
E46140,PENN AVE AT LANG AVE,Bus,Bus Stop,34.931817699999996,1.9568181999999998,32.974999499999996,40.45,-79.9039
E39320,MILLVALE AVE AT CYPRESS ST,Bus,Bus Stop,34.9090885,31.372725000000003,3.5363635,40.4588,-79.947
S70579,SOUTH SIDE WORKS TERMINAL - NO,Bus,Bus Stop,34.906819,13.890909,21.015909999999998,40.4247,-79.9618
E60095,YOST BLVD AT ARDMORE BLVD FS,Bus,Bus Stop,34.79545454545457,25.4318181818182,9.363636363636365,40.4155,-79.848
N47075,ROSS GARAGE AT TERMINAL,Bus,Bus Stop,34.7909115,13.727273,21.0636385,40.5011,-80.0223
E70415,WARREN DR AT LINCOLN HWY FS,Bus,Bus Stop,34.7272725,4.1522725000000005,30.575,40.3848,-79.8236
E29057,HIGHLAND AVE AT STATION ST,Bus,Bus Stop,34.656819,6.665909,27.99091,40.4636,-79.9238
E41130,MURRAY AVE OPP BURCHFIELD AVE,Bus,Bus Stop,34.64318125,7.63863625,27.004545,40.4275,-79.9263
E11680,BUTLER ST AT 43RD ST,Bus,Bus Stop,34.60909149999999,12.740908999999998,21.868182499999996,40.4705,-79.9604
E42240,NOBLE ST OPP WASHINGTON ST,Bus,Bus Stop,34.59090915,17.31363635,17.2772728,40.4213,-79.886
N43560,PERRYSVILLE AVE AT MARSHALL AVE,Bus,Bus Stop,34.561366,27.927275,6.634091,40.4751,-80.0116
W10270,ISLAND AVE OPP ADRIAN ST,Bus,Bus Stop,34.559090909090926,28.6068181818182,5.9522727272727245,40.4745,-80.0643
E52490,SOUTH AVE AT WOOD ST NS,Bus,Bus Stop,34.534090649999996,13.10681775,21.4272729,40.4419,-79.8851
S00620,S 26TH ST AT SARAH ST,Bus,Bus Stop,34.504545,24.122725,10.381820000000001,40.4265,-79.9688
X04360,CHELTON AVE AT FREEDOM AVE,Bus,Bus Stop,34.481819,5.790909,28.69091,40.3884,-80.0127
E08730,BRADDOCK AVE OPP COREY AVE,Bus,Bus Stop,34.470454545454565,1.888636363636365,32.5818181818182,40.4039,-79.8695
E41866,NEGLEY AVE AT KENTUCKY AVE,Bus,Bus Stop,34.468180000000004,16.445455000000003,18.022725,40.4506,-79.9301
E12090,BUTLER ST AT PENN AVE FS,Bus,Bus Stop,34.461365,22.886364999999998,11.575,40.463,-79.967
S01395,2ND ST AT SR CITIZEN HI-RISE,Bus,Bus Stop,34.45227272727274,9.05681818181818,25.395454545454562,40.3739,-79.8476
E26520,HAMILTON AVE AT HOMEWOOD AVE,Bus,Bus Stop,34.425000000000004,22.195455000000003,12.229545000000002,40.4546,-79.8974
E19160,FORBES AVE AT BEECHWOOD BLVD,Bus,Bus Stop,34.322728500000004,2.3863635,31.936365000000002,40.438,-79.9164
S14760,DUQUESNE BLVD AT MILLER AVE,Bus,Bus Stop,34.28863636363637,10.861363636363635,23.42727272727274,40.384,-79.86
E34210,LAKETON RD AT #3600,Bus,Bus Stop,34.2022715,1.5386365,32.663635,40.4594,-79.8438
S04720,ARLINGTON AVE AT FERNLEAF ST,Bus,Bus Stop,34.1999975,7.9022725000000005,26.297725,40.4172,-79.9759
E46360,PENN AVE AT PRINCETON BLVD,Bus,Bus Stop,34.1431815,3.9840907000000003,30.159090799999998,40.4405,-79.8719
E52670,STANTON AVE AT HETH'S AVE,Bus,Bus Stop,34.1068175,6.1522725000000005,27.954545,40.4723,-79.9282
W10300,ISLAND AVE OPP BOUQUET ST,Bus,Bus Stop,34.06818181818183,9.277272727272731,24.7909090909091,40.4666,-80.0604
S70580,SARAH ST AT E CARSON ST,Bus,Bus Stop,34.009091999999995,29.44091,4.568182,40.4243,-79.9624
W20982,S MAIN ST AT WABASH ST,Bus,Bus Stop,33.936365,18.720455,15.215910000000001,40.441,-80.0347
E70979,HAYMAKER VILLAGE (SHOP N SAVE),Bus,Bus Stop,33.91591,14.977274999999999,18.938634999999998,40.3894,-79.7668
E46710,PENN AVE OPP BAKERY SQUARE,Bus,Bus Stop,33.740908045,7.829545545,25.9113625,40.4561,-79.9156
E39670,MONONGAHELA AVE AT WHIPPLE ST FS,Bus,Bus Stop,33.700000775,3.922727275,29.7772735,40.4254,-79.8916
S44730,ST CLAIR AVE AT 3RD ST,Bus,Bus Stop,33.67499999999996,11.068181818181795,22.606818181818166,40.2922,-79.882
E13520,CENTRE AVE AT HERRON AVE,Bus,Bus Stop,33.647725,16.38409,17.263635,40.4489,-79.9647
S16700,E CARSON ST OPP TERMINAL WAY,Bus,Bus Stop,33.597725,6.884091,26.713634,40.4293,-79.9969
W24450,WASHINGTON AVE OPP FRANKLIN AVE,Bus,Bus Stop,33.59545454545457,3.81818181818182,29.777272727272752,40.4017,-80.0831
E20565,FRANKSTOWN AVE AT OAKWOOD ST,Bus,Bus Stop,33.572728,13.459090499999999,20.113637500000003,40.4551,-79.8862
S16180,E CARSON ST AT S 18TH ST,Bus,Bus Stop,33.502269999999996,13.58409,19.91818,40.4288,-79.9804
W21660,STEUBEN ST AT PLANET ST (WABASH ST),Bus,Bus Stop,33.497727499999996,15.509091000000002,17.9886365,40.4417,-80.0354
S70420,STATE ST AT ELM ST,Bus,Bus Stop,33.4636363636364,22.3568181818182,11.1068181818182,40.3093,-79.8905
N43510,PERRYSVILLE AVE AT KENNEDY AVE,Bus,Bus Stop,33.434092500000006,3.0022725,30.431820000000002,40.4742,-80.0104
N19170,FEDERAL ST AT HENDERSON ST,Bus,Bus Stop,33.431818500000006,7.497727500000001,25.934091000000002,40.4588,-80.0076
E45740,PENN AVE AT BEATTY ST,Bus,Bus Stop,33.4318163,5.5409093,27.890907,40.4622,-79.927
E57650,WILKINS AVE AT SHADY AVE FS,Bus,Bus Stop,33.37727285,9.6386365,23.73863635,40.4439,-79.9201
E19350,FORBES AVE AT DALLAS AVE,Bus,Bus Stop,33.2909135,3.8613635,29.42955,40.438,-79.9132
N71206,MAIN ST AT 62ND ST BRIDGE,Bus,Bus Stop,33.286363636363646,21.27954545454545,12.0068181818182,40.4954,-79.9394
E70773,WASHINGTON ST AT NOBLE ST,Bus,Bus Stop,33.268177949999995,13.090906799999999,20.17727115,40.4212,-79.8862
E06390,BEELER ST AT FORBES AVE,Bus,Bus Stop,33.259091500000004,5.470455,27.788636500000003,40.444,-79.9386
E42250,NOBLE ST AT DICKSON ST,Bus,Bus Stop,33.245456090000005,18.813638045,14.431818045000002,40.4206,-79.8854
E01450,FIFTH AVE AT MOULTRIE ST FS,Bus,Bus Stop,33.245454699999996,9.509090700000002,23.736364,40.4381,-79.9745
E70158,PENN AVE AT CARNEGIE PL FS,Bus,Bus Stop,33.2272717,1.7522727,31.474999,40.448,-79.8979
S09360,BROWNSVILLE RD OPP BRENTWOOD LOOP,Bus,Bus Stop,33.16136363636365,24.2068181818182,8.954545454545453,40.3808,-79.9759
N13620,CEDAR AVE OPP TRIPOLI ST,Bus,Bus Stop,33.1477285,4.4863634999999995,28.661365,40.4557,-80.0026
N10560,BRIGHTON RD AT ISLAND AVE (OLIVER HIGH SCHOOL,Bus,Bus Stop,33.1431805,29.813634999999998,3.3295455,40.4645,-80.0238
E03030,PENN AVE AT GRANT ST,Bus,Bus Stop,33.08409045,11.1590905,21.92499995,40.4047,-79.8256
S24340,HWY RT 51 OPP E BRUCETON RD,Bus,Bus Stop,33.068182775000004,23.577274000000003,9.490908775000001,40.3285,-79.9448
S01050,SECOND AVE OPP S 10TH ST BRIDGE FS,Bus,Bus Stop,33.0613636,3.1022726,29.959091,40.4346,-79.9902
E35900,LINCOLN AVE AT MEADOW ST,Bus,Bus Stop,33.018181500000004,5.290909,27.7272725,40.461,-79.9099
E48230,RANKIN BLVD OPP HAWKINS AVE,Bus,Bus Stop,32.99772595,10.68863645,22.3090895,40.412,-79.8813
E54180,TERRACE ST AT ROBINSON ST,Bus,Bus Stop,32.956817,8.847726999999999,24.109090000000002,40.4404,-79.9654
N70085,MCKNIGHT RD OPP DUNCAN AVE,Bus,Bus Stop,32.761363636363654,32.22727272727275,0.534090909090909,40.5688,-80.024
E41810,NEGLEY AVE AT HAMPTON ST,Bus,Bus Stop,32.754544100000004,31.988635000000002,0.7659091,40.4756,-79.9245
E70783,BEDFORD AVE AT MEMORY LN,Bus,Bus Stop,32.72727,17.447725,15.279544999999999,40.4483,-79.9783
N49600,SHADELAND AVE AT WOODLAND AVE,Bus,Bus Stop,32.6659075,29.118180000000002,3.5477274999999997,40.4692,-80.0302
E52400,SOUTH AVE AT HAY ST,Bus,Bus Stop,32.66364,16.10682,16.556820000000002,40.4424,-79.8865
N30400,LINCOLN AVE AT KESWICK AVE,Bus,Bus Stop,32.62954545454545,5.125,27.50454545454545,40.4899,-80.0477
E13620,CENTRE AVE AT MILLER ST,Bus,Bus Stop,32.618183,12.940909000000001,19.677273999999997,40.4418,-79.9841
N43330,PERRYSVILLE AVE AT FRANKLIN RD FS,Bus,Bus Stop,32.5750005,3.3545455,29.220455,40.4904,-80.0187
N70022,BEAVER ST AT DIVISION ST FS,Bus,Bus Stop,32.5318185,22.320455000000003,10.211363500000001,40.5397,-80.1799
X03040,BROOKLINE BLVD OPP FLATBUSH AVE,Bus,Bus Stop,32.513636,1.309091,31.204545,40.3937,-80.0201
S37740,OTTILLA ST AT ST JOSEPH ST,Bus,Bus Stop,32.286364999999996,0.65,31.636364999999998,40.4135,-79.9818
E56550,WAVERLY AVE AT BRADDOCK AVE FS,Bus,Bus Stop,32.206819499999995,9.836364,22.3704555,40.4222,-79.8863
S70026,CENTURY DR AT SAM'S CLUB DRVWY FS,Bus,Bus Stop,32.140909,9.497727150000001,22.643181849999998,40.3445,-79.9483
W21810,STEUBEN ST OPP SANCTUS ST,Bus,Bus Stop,32.081818,5.8795455,26.2022725,40.4424,-80.0335
E41910,NEGLEY AVE AT BROAD ST FS,Bus,Bus Stop,32.0795435,8.531818000000001,23.5477255,40.4646,-79.93
E18270,ELLA ST AT FRIENDSHIP AVE FS,Bus,Bus Stop,32.038635,10.870455,21.16818,40.4645,-79.9506
E23600,FRIENDSHIP AVE AT STRATFORD AVE,Bus,Bus Stop,31.98182,18.90682,13.075,40.461,-79.9332
E49830,SALTSBURG RD AT HULTON RD NS,Bus,Bus Stop,31.981818450000002,27.809091000000002,4.17272745,40.4846,-79.8188
E04320,ARDMORE BLVD AT MARLBORO AVE FS,Bus,Bus Stop,31.890907220000003,26.847725275000002,5.043181945,40.4359,-79.8717
N70053,PERRYSVILLE AVE AT WATSON BLVD,Bus,Bus Stop,31.8863645,5.1704545,26.71591,40.4842,-80.0136
S08600,BROWNSVILLE RD AT PARK DR,Bus,Bus Stop,31.87727272727271,25.331818181818164,6.5454545454545485,40.3751,-79.9755
E70020,CENTRE AVE AT DITHRIDGE ST,Bus,Bus Stop,31.813640000000003,12.002275000000001,19.811365000000002,40.4514,-79.9534
E48845,ROBINSON ST AT ALLEQUIPPA ST,Bus,Bus Stop,31.806817499999998,2.3272725000000003,29.479544999999998,40.4428,-79.9657
E59380,WOOD ST AT HILL AVE,Bus,Bus Stop,31.756816,2.059091,29.697725000000002,40.4462,-79.8834
E13660,CENTRE AVE AT MORGAN ST,Bus,Bus Stop,31.727275000000002,14.545455,17.181820000000002,40.4476,-79.9668
S27207,KEEPORT DR AT YOUNGRIDGE DR,Bus,Bus Stop,31.695454545454563,29.006818181818197,2.6886363636363653,40.3408,-79.9812
E32733,JOHNSTON AVE AT SECOND AVE FS,Bus,Bus Stop,31.654545499999998,10.7136365,20.940908999999998,40.4061,-79.9426
S34320,MIFFLIN RD OPP INTERBORO AVE,Bus,Bus Stop,31.611363,1.856818,29.754545,40.3698,-79.9132
S04097,AMITY ST AT 7TH ST,Bus,Bus Stop,31.584090909090932,2.28181818181818,29.30227272727275,40.4073,-79.9111
E19670,FORBES AVE AT NORTHUMBERLAND ST FS,Bus,Bus Stop,31.579545799999998,27.4409095,4.1386363,40.439,-79.9342
S24300,HWY RT 51 OPP CLOVERLEAF TOWERS,Bus,Bus Stop,31.55000000000001,3.0136363636363597,28.536363636363653,40.3421,-79.9668
E56223,WARREN DR AT LINCOLN HWY NS,Bus,Bus Stop,31.54545395,27.704545,3.84090895,40.3849,-79.8233
E55990,WALLACE AVE AT CENTER ST,Bus,Bus Stop,31.51363605,11.865909049999999,19.647727,40.4436,-79.8813
X02240,BOWER HILL RD AT N WREN DR,Bus,Bus Stop,31.397729,2.815909,28.58182,40.3766,-80.0674
E54585,TRENTON AVE AT PENN AVE FS,Bus,Bus Stop,31.384090999999998,2.934091,28.45,40.4455,-79.8916
S04650,ARLINGTON AVE AT STERLING ST,Bus,Bus Stop,31.3795475,5.1022725,26.277275000000003,40.4173,-79.9744
E35990,LINCOLN AVE AT SHETLAND ST,Bus,Bus Stop,31.354543399999997,26.122724999999996,5.2318184,40.4617,-79.9079
E45570,PENN AVE AT 36TH ST,Bus,Bus Stop,31.349999499999996,11.531818,19.818181499999998,40.4642,-79.9638
E32400,JANCEY ST AT MARTHA ST,Bus,Bus Stop,31.334089100000003,28.259089000000003,3.0750001,40.485,-79.9278
N10880,BRIGHTON RD OPP ISLAND AVE (OLIVER HIGH SCHOOL,Bus,Bus Stop,31.1409105,3.0545455,28.086365,40.4645,-80.0236
E33150,KELLY AVE AT WEST ST,Bus,Bus Stop,31.129547645,7.111363545,24.0181841,40.4412,-79.8914
S08480,BROWNSVILLE RD AT E GARDEN RD,Bus,Bus Stop,31.086363636363643,25.2159090909091,5.8704545454545425,40.3778,-79.9754
W08086,GREENTREE RD AT POCONO DR FS,Bus,Bus Stop,31.077272727272717,24.059090909090898,7.01818181818182,40.4165,-80.045
E17405,EAST LIBERTY BLVD AT CENTRE AVE,Bus,Bus Stop,30.97727255,23.1681815,7.809091049999999,40.465,-79.9201
N33100,MCKNIGHT RD OPP NORTHLAND MEDICAL CENTER,Bus,Bus Stop,30.9681818,2.2931818,28.675,40.5191,-80.0048
E05280,BEACON ST OPP WENDOVER ST,Bus,Bus Stop,30.947727774999997,28.395455,2.552272775,40.434,-79.929
S08610,BROWNSVILLE RD AT HILLSON AVE FS,Bus,Bus Stop,30.92500000000001,6.3500000000000005,24.57500000000001,40.3749,-79.9756
S70293,STATE ST AT WALNUT AVE FS,Bus,Bus Stop,30.88863636363635,17.2409090909091,13.64772727272725,40.3088,-79.8895
N35540,MT PLEASANT RD AT NORTHVIEW HTS SCHOOL,Bus,Bus Stop,30.715909099999998,29.65,1.0659090999999998,40.4819,-80.0028
E18627,ELLSWORTH AVE AT SUMMERLEA ST,Bus,Bus Stop,30.697727,5.068182,25.629545,40.4551,-79.9318
E54150,TERRACE ST AT DARRAGH ST,Bus,Bus Stop,30.618183500000004,8.404545500000001,22.213638000000003,40.4419,-79.9629
E59450,WOOD ST AT SOUTH AVE,Bus,Bus Stop,30.470455724999994,7.8022727750000005,22.668182949999995,40.442,-79.8857
E41850,NEGLEY AVE AT JACKSON ST,Bus,Bus Stop,30.4431841,29.877275,0.5659091,40.4726,-79.9259
E46130,PENN AVE AT LANG AVE,Bus,Bus Stop,30.42954695,28.152274,2.27727295,40.45,-79.9035
E35160,LIBERTY AVE AT 39TH ST,Bus,Bus Stop,30.402273650000005,17.052273500000002,13.350000150000001,40.4626,-79.9592
N31550,MAIN ST OPP 9TH ST,Bus,Bus Stop,30.374998,10.663636,19.711362,40.4946,-79.9337
S04320,ARLINGTON AVE OPP CLOVER ST,Bus,Bus Stop,30.3204565,6.6136365,23.70682,40.4176,-79.9713
E57490,WILKINS AVE AT BEECHWOOD BLVD,Bus,Bus Stop,30.318181850000002,2.65227275,27.6659091,40.4443,-79.9179
E70897,BELL AVE AT VERONA ST,Bus,Bus Stop,30.3022725,5.6477275,24.654545,40.4021,-79.8611
E70257,ROBINSON BLVD AT FRANKSTOWN RD,Bus,Bus Stop,30.2886359,1.0840909,29.204545,40.461,-79.8663
E57540,WILKINS AVE AT FAIR OAKS ST,Bus,Bus Stop,30.2409116,2.5386366000000002,27.702275,40.4454,-79.9306
N53597,WEST VIEW PARK DR AT WEST VIEW TOWERS,Bus,Bus Stop,30.23182,7.256817999999999,22.975002,40.517,-80.0334
N15410,COLUMBUS AVE AT CHATEAU ST FS,Bus,Bus Stop,30.21136355,18.818184000000002,11.393179550000001,40.4574,-80.0289
E57640,WILKINS AVE AT SHADY AVE FS,Bus,Bus Stop,30.145454800000003,19.595454750000002,10.55000005,40.4439,-79.921
N05990,ARCH ST AT RIDGE AVE,Bus,Bus Stop,30.1409068,0.9431818000000001,29.197725,40.4522,-80.0088
E70215,BRADDOCK AVE AT HAWKINS VILLAGE NS,Bus,Bus Stop,30.1295478,12.965909,17.1636388,40.4115,-79.8755
W16340,NOBLESTOWN RD AT CRAFTON BLVD FS,Bus,Bus Stop,30.102273000000004,8.656818,21.445455000000003,40.4375,-80.0538
S21710,HABERMAN RAMP AT SOUTH HILLS JCT,Bus,Bus Stop,30.090911450000004,2.51590895,27.575002500000004,40.4215,-80.0061
W08072,GREENTREE RD AT MANILLA AVE,Bus,Bus Stop,30.075000000000024,2.722727272727275,27.352272727272748,40.4186,-80.0459
S34010,MIDWAY DR AT WHITAKER ST FS,Bus,Bus Stop,30.0340885,10.586363500000001,19.447725,40.3981,-79.8845
S48430,WEST ST AT 17TH AVE,Bus,Bus Stop,29.943181818181827,2.927272727272725,27.0159090909091,40.4007,-79.9057
E43460,OLD WILLIAM PENN HWY OPP GOOD SHEPHERD CHURCH,Bus,Bus Stop,29.845454545454555,1.1522727272727273,28.693181818181827,40.4437,-79.7578
E54205,TERRACE ST AT WHITRIDGE ST,Bus,Bus Stop,29.836365,6.975,22.861365,40.4401,-79.9676
E70273,ALLEQUIPPA ST AT SR RESIDENCE (TERRACE),Bus,Bus Stop,29.7545455,18.875,10.879545499999999,40.4406,-79.9688
E37310,LONG RD AT ROSEWOOD DR,Bus,Bus Stop,29.73182045,0.42954545,29.302275,40.4543,-79.8375
S47540,WARRINGTON AVE AT BELTZHOOVER AVE,Bus,Bus Stop,29.7159105,4.65,25.0659105,40.4217,-79.9972
N22210,FREEPORT RD OPP BRILLIANT AVE FS,Bus,Bus Stop,29.679545454545465,3.052272727272726,26.62727272727274,40.4887,-79.9007
W02555,BROADHEAD-FORDING RD OPP W PROSPECT AVE NS,Bus,Bus Stop,29.6477285,8.436363499999999,21.211365,40.4486,-80.0822
N45810,RHINE ST OPP YETTA AVE,Bus,Bus Stop,29.6477275,4.6522725,24.995455,40.4636,-79.9915
N32460,MCKNIGHT RD AT SIEBERT RD,Bus,Bus Stop,29.6318191,1.9659091000000002,27.66591,40.5304,-80.0096
N41750,PENNSYLVANIA AVE AT ALLEGHENY AVE,Bus,Bus Stop,29.62272775,24.197727999999998,5.4249997500000005,40.4552,-80.0202
N32770,MCKNIGHT RD AT NELSON RUN RD NS,Bus,Bus Stop,29.6090905,8.797727000000002,20.8113635,40.5056,-80.0082
E41865,NEGLEY AVE AT KENTUCKY AVE NS,Bus,Bus Stop,29.6,12.029545,17.570455000000003,40.4502,-79.9298
E20700,FRANKSTOWN AVE AT WASHINGTON BLVD,Bus,Bus Stop,29.5295435,12.5727275,16.956816,40.4587,-79.9078
E39640,MONONGAHELA AVE OPP WASHINGTON ST,Bus,Bus Stop,29.522728624999996,12.888638624999999,16.634089999999997,40.4201,-79.8893
N70092,MCKNIGHT RD AT INTOWN SUITES DRVWY FS,Bus,Bus Stop,29.522727,20.6454545,8.8772725,40.5051,-80.009
S70334,MONONGAHELA AVE AT 6TH ST,Bus,Bus Stop,29.470454545454558,24.315909090909102,5.154545454545455,40.3259,-79.8924
E37965,KANE CENTER MAIN ENTRANCE (GLE,Bus,Bus Stop,29.370455,13.586365,15.784089999999999,40.4076,-79.9299
E06010,BEECHWOOD BLVD AT MONITOR ST,Bus,Bus Stop,29.30454365,28.5977255,0.70681815,40.4254,-79.9267
S16625,E CARSON ST AT S 7TH ST FS,Bus,Bus Stop,29.293180000000003,6.050000000000001,23.243180000000002,40.4286,-79.992
S70547,SKLYLINE DR AT PARKLINE DR,Bus,Bus Stop,29.1795475,25.527275000000003,3.6522725,40.3671,-79.964
S70610,A DR AT B DR,Bus,Bus Stop,29.172729999999998,16.31591,12.856819999999999,40.3422,-79.9104
S47590,WARRINGTON AVE AT ESTELLA AVE,Bus,Bus Stop,29.170456249999997,22.668183499999998,6.50227275,40.421,-80.0007
E57470,WILKINS AVE AT BEECHWOOD BLVD,Bus,Bus Stop,29.1090919,25.2977284,3.8113635,40.4444,-79.9176
W70146,VILLAGE DR OPP GROVETON DR,Bus,Bus Stop,29.10682,15.45682,13.65,40.5044,-80.1404
N43395,PERRYSVILLE AVE AT CLAYTON AVE,Bus,Bus Stop,29.0159105,3.8045455,25.211365,40.4641,-80.0113
E52960,STANTON AVE AT WOODBINE ST FS,Bus,Bus Stop,28.9931795,1.5954545,27.397725,40.4818,-79.9392
E11730,BUTLER ST AT 48TH ST,Bus,Bus Stop,28.961364500000002,21.863637,7.0977275,40.476,-79.9577
S70452,WORTHINGTON AVE AT 8TH ST,Bus,Bus Stop,28.940909090909074,2.2931818181818198,26.647727272727252,40.2924,-79.8902
S70634,COMMONWEALTH AVE AT MILLER AVE,Bus,Bus Stop,28.92727272727272,10.64772727272727,18.27954545454545,40.3803,-79.8646
W23981,BROADHEAD-FORDING RD OPP VILLAGE RD #1,Bus,Bus Stop,28.922727,4.343182,24.579545,40.4517,-80.0784
E70413,SOUTH AVE AT PENNWOOD AVE,Bus,Bus Stop,28.865910900000003,0.8090909,28.056820000000002,40.4427,-79.8876
E35290,LIBERTY AVE AT GROSS ST,Bus,Bus Stop,28.8454565,5.7977275,23.047729,40.4594,-79.9447
E06410,BEELER ST AT FORBES AVE FS,Bus,Bus Stop,28.836364,20.227273,8.609091,40.444,-79.9384
S14765,DUQUESNE BLVD OPP COMMONWEALTH AVE,Bus,Bus Stop,28.795454545454547,22.904545454545456,5.890909090909091,40.3829,-79.8573
E41940,NEGLEY AVE AT RURAL ST,Bus,Bus Stop,28.786365,5.3431815,23.4431835,40.4655,-79.9294
S23660,HWY RT 51 AT E BRUCETON RD FS,Bus,Bus Stop,28.745454,11.006817999999999,17.738636,40.3281,-79.9449
S09280,BROWNSVILLE RD AT W GARDEN RD,Bus,Bus Stop,28.702272727272728,7.30227272727273,21.4,40.3779,-79.9755
W02650,BROADWAY AVE AT 13TH ST,Bus,Bus Stop,28.6136365,21.875,6.7386365,40.4746,-80.0798
N43620,PERRYSVILLE AVE AT MCINTYRE AVE,Bus,Bus Stop,28.597729,24.23182,4.365909,40.4689,-80.0093
N20930,FREEPORT RD AT CENTER AVE (ASPINWALL),Bus,Bus Stop,28.563636363636373,26.200000000000006,2.363636363636366,40.4899,-79.9049
N14800,N CHARLES ST OPP WILSON AVE,Bus,Bus Stop,28.5613635,26.602272499999998,1.959091,40.4693,-80.0146
P02130,GRANT ST AT US STEEL STOP B,Bus,Bus Stop,28.550002275,0.047727275,28.502275,40.4417,-79.9952
S04400,ARLINGTON AVE AT FERNLEAF ST,Bus,Bus Stop,28.534090499999998,21.954545,6.5795455,40.4173,-79.9763
S48400,WEST ST AT 15TH AVE,Bus,Bus Stop,28.502272727272718,23.7090909090909,4.79318181818182,40.4019,-79.9067
N22445,FREEPORT RD OPP ALPHA DR W,Bus,Bus Stop,28.465909090909115,16.097727272727298,12.368181818181817,40.5377,-79.8348
E11800,BUTLER ST AT 54TH ST,Bus,Bus Stop,28.42272932,2.51818182,25.9045475,40.4828,-79.9513
N12700,CALIFORNIA AVE AT BIRMINGHAM AVE,Bus,Bus Stop,28.397727272727295,0.4977272727272725,27.900000000000023,40.5018,-80.069
S44980,ST JOSEPH ST AT HAYS AVE NS,Bus,Bus Stop,28.347727999999996,19.540909999999997,8.806818,40.4133,-79.9875
E35380,LIBERTY AVE AT EVALINE ST,Bus,Bus Stop,28.306817499999998,11.797726999999998,16.5090905,40.458,-79.9421
N52540,TROY HILL LOOP AT LOWRIE ST,Bus,Bus Stop,28.275,13.861365,14.413635,40.4692,-79.9784
W02460,BROADHEAD-FORDING RD AT VILLAGE RD #1,Bus,Bus Stop,28.265908000000003,23.734090000000002,4.531818,40.4514,-80.0786
W22750,STEUBENVILLE PIKE OPP WEST WAY SHOPPES,Bus,Bus Stop,28.238638100000003,1.7909091,26.447729000000002,40.4444,-80.146
E25353,GREENFIELD AVE AT LYDIA ST FS,Bus,Bus Stop,28.077271000000003,21.76818,6.3090910000000004,40.4255,-79.9426
E70427,EAST LIBERTY BLVD AT LARIMER AVE,Bus,Bus Stop,28.050000500000003,10.304546,17.7454545,40.4633,-79.9172
S27213,KEEPORT DR AT TRAVIS DR,Bus,Bus Stop,28.03636363636366,7.18409090909091,20.852272727272748,40.3383,-79.9792
W70014,CRAFTON INGRAM SC AT BANK (CITIZENS),Bus,Bus Stop,28.03181818181818,13.375,14.656818181818181,40.4404,-80.0697
E70937,CENTRE AVE AT ROBERTS ST,Bus,Bus Stop,27.9522725,11.6772725,16.275,40.4421,-79.9833
N12890,CALIFORNIA AVE AT MARMADUKE ST,Bus,Bus Stop,27.877273000000002,25.720455,2.1568180000000003,40.4835,-80.041
N20600,FREEPORT RD AT ALPHA DR E,Bus,Bus Stop,27.847727272727287,8.26590909090909,19.581818181818196,40.5387,-79.8302
W21890,STEUBEN ST AT WABASH ST,Bus,Bus Stop,27.840908999999996,17.740909,10.1,40.4416,-80.0354
N12795,CALIFORNIA AVE AT FALCK AVE,Bus,Bus Stop,27.834089,5.540909,22.29318,40.478,-80.0404
E14010,CENTRE AVE OPP MORGAN ST,Bus,Bus Stop,27.8227265,8.063636500000001,19.75909,40.4477,-79.9667
N17250,EAST OHIO ST AT CEDAR AVE,Bus,Bus Stop,27.7681835,2.0113635,25.756819999999998,40.4534,-80.0015
N10490,BRIGHTON RD AT KLEBER ST,Bus,Bus Stop,27.759089,1.9249999999999998,25.834089,40.487,-80.0372
E70787,DEVILLIERS ST AT BEDFORD AVE,Bus,Bus Stop,27.756816,8.734091,19.022725,40.4464,-79.9823
E57750,WILKINS AVE AT FAIR OAKS ST,Bus,Bus Stop,27.704545149999998,26.818181499999998,0.8863636500000001,40.4452,-79.9301
E70798,BENTLEY DR AT OAK HILL DR,Bus,Bus Stop,27.684089999999998,12.9,14.784089999999999,40.44,-79.9698
E45940,PENN AVE AT EVALINE ST,Bus,Bus Stop,27.65909,15.1,12.559090000000001,40.4648,-79.941
S02750,8TH AVE AT HEISEL ST,Bus,Bus Stop,27.65227272727272,16.57727272727272,11.075,40.4091,-79.904
E35300,LIBERTY AVE AT GROSS ST,Bus,Bus Stop,27.595453499999998,22.997726,4.5977274999999995,40.4595,-79.9451
N21020,FREEPORT RD AT DELAFIELD AVE FS,Bus,Bus Stop,27.568181818181813,24.234090909090906,3.3340909090909085,40.488,-79.898
E11310,BUNKERHILL ST OPP ST CLAIR ST,Bus,Bus Stop,27.540907999999998,2.881818,24.65909,40.4795,-79.9187
E11140,BRYANT ST AT EUCLID AVE,Bus,Bus Stop,27.538636900000004,5.8750001,21.663636800000003,40.4757,-79.92
S00500,S 20TH ST AT E CARSON ST,Bus,Bus Stop,27.48863685,25.770455,1.7181818500000001,40.4287,-79.9777
E53530,ST CLAIR ST AT CALLOWHILL ST,Bus,Bus Stop,27.4772727,27.025,0.4522727,40.4776,-79.9199
E12340,BUTLER ST OPP 48TH ST,Bus,Bus Stop,27.470456,3.9022725,23.5681835,40.4757,-79.9576
E14080,CENTRE AVE OPP WATT ST,Bus,Bus Stop,27.4704525,9.5022725,17.96818,40.4465,-79.9683
E05980,BEECHWOOD BLVD AT LILAC ST,Bus,Bus Stop,27.429547499999998,6.768182,20.6613655,40.4232,-79.9276
S48410,WEST ST AT 15TH AVE,Bus,Bus Stop,27.40454545454546,2.90909090909091,24.49545454545455,40.402,-79.9069
N43630,PERRYSVILLE AVE AT MCINTYRE AVE,Bus,Bus Stop,27.370452999999998,3.306818,24.063634999999998,40.4687,-80.0095
N12010,BROWNS LN AT MCKNIGHT RD,Bus,Bus Stop,27.3659076,22.5295441,4.8363635,40.5458,-80.017
X20140,WEST LIBERTY AVE AT PARK BLVD,Bus,Bus Stop,27.36136363636365,12.2068181818182,15.154545454545449,40.3912,-80.0392
N31250,LOWRIE ST OPP FROMAN ST,Bus,Bus Stop,27.349999999999998,0.825,26.525,40.4641,-79.9823
S04310,ARLINGTON AVE AT CLOVER ST,Bus,Bus Stop,27.3318175,22.234090000000002,5.0977274999999995,40.4176,-79.9715
E35600,LIBERTY AVE AT 36TH ST,Bus,Bus Stop,27.318183500000004,11.7909095,15.527274000000002,40.4618,-79.9639
E70954,MONTIER ST AT WRIGHT ST NS,Bus,Bus Stop,27.295454,5.240909,22.054544999999997,40.4486,-79.868
E35800,LINCOLN AVE AT CHURCHLAND ST,Bus,Bus Stop,27.275000799999994,26.406818999999995,0.8681818,40.4698,-79.8945
N08180,BEAVER RD AT BLACKBURN RD FS,Bus,Bus Stop,27.25909,12.35909,14.9,40.5415,-80.1819
E05970,BEECHWOOD BLVD AT LILAC ST,Bus,Bus Stop,27.2522736,24.4931825,2.7590911,40.4229,-79.9276
N53595,WEST VIEW PARK DR AT PERRY HWY FS,Bus,Bus Stop,27.243180700000003,3.0840907,24.159090000000003,40.5175,-80.032
S00400,S 18TH ST AT ST PATRICK ST,Bus,Bus Stop,27.23181675,24.338635,2.89318175,40.4214,-79.9825
N45790,RHINE ST OPP #2146,Bus,Bus Stop,27.2113655,23.70682,3.5045455,40.4676,-79.9948
W02740,BROADWAY AVE OPP CHARLES ST,Bus,Bus Stop,27.209092499999997,5.7227274999999995,21.486365,40.4703,-80.0704
X17740,SOUTHERN AVE OPP WHITWORTH ST,Bus,Bus Stop,27.177272,23.78409,3.393182,40.426,-80.0093
N54670,WOODLAND AVE AT SHADELAND AVE,Bus,Bus Stop,27.159088999999998,1.6159089999999998,25.54318,40.4691,-80.03
E45560,PENN AVE OPP BUTLER ST,Bus,Bus Stop,27.136362,19.3068165,7.8295455,40.4629,-79.9668
E70283,PENN AVE AT BAKERY SQUARE,Bus,Bus Stop,27.1272727,19.0022725,8.1250002,40.456,-79.9151
W26210,W PROSPECT AVE AT BROADHEAD-FORDING RD,Bus,Bus Stop,27.093182000000002,18.1,8.993182000000001,40.4482,-80.0824
E04350,ARDMORE BLVD AT NEWPORT RD,Bus,Bus Stop,27.043181818181825,26.784090909090917,0.2590909090909089,40.4258,-79.8614
S14320,DESIDERIO BLVD AT SOLTIS DR,Bus,Bus Stop,27.0181818181818,15.28863636363635,11.72954545454545,40.2865,-79.8958
E17380,EAST LIBERTY BLVD AT LARIMER AVE,Bus,Bus Stop,26.974998000000003,17.674998000000002,9.3,40.4636,-79.9178
E58010,WILNER DR OPP #2278,Bus,Bus Stop,26.97273,13.545455,13.427275,40.4541,-79.8692
W10960,LADOGA ST AT MIDDLETOWN RD,Bus,Bus Stop,26.943183,14.41591,12.527273000000001,40.4517,-80.0694
E70423,HIGHLAND AVE AT BROAD ST,Bus,Bus Stop,26.899999,10.840909,16.05909,40.4626,-79.9244
S49380,W 5TH AVE AT REBECCA ST,Bus,Bus Stop,26.87045454545455,7.72727272727273,19.14318181818182,40.35,-79.8737
S70593,PARKLINE DR AT RADFORD RD,Bus,Bus Stop,26.863636999999997,22.270455,4.5931820000000005,40.365,-79.967
S49500,W 5TH AVE OPP RAMP #2,Bus,Bus Stop,26.861363636363624,3.2681818181818203,23.593181818181804,40.3466,-79.8807
S01200,SECOND AVE OPP TECHNOLOGY DR,Bus,Bus Stop,26.854545350000002,8.1977271,18.65681825,40.4341,-79.9651
S70549,PARKLINE DR AT #1695,Bus,Bus Stop,26.85,22.225,4.625,40.368,-79.9655
W10166,INGRAM AVE AT MARCROSS AVE,Bus,Bus Stop,26.790909090909096,2.134090909090909,24.65681818181819,40.4439,-80.0663
W12260,MAIN ST AT CHESTNUT ST,Bus,Bus Stop,26.75000000000002,10.347727272727269,16.402272727272752,40.4103,-80.0823
S42450,SOUTH BUSWAY AT OVERBROOK SHELTER,Busway,Busway Stop,26.749999045000003,4.640908795,22.10909025,40.3853,-79.9959
S38530,PENNSYLVANIA AVE AT MELLON ST,Bus,Bus Stop,26.745456,10.209091,16.536365,40.3621,-79.8587
W20980,S MAIN ST AT WABASH ST,Bus,Bus Stop,26.720453499999998,15.83409,10.8863635,40.4409,-80.0349
S70613,B DR AT D DR,Bus,Bus Stop,26.659095,13.952275,12.70682,40.3442,-79.9121
E26530,HAMILTON AVE AT HOMEWOOD AVE,Bus,Bus Stop,26.654546,6.534091,20.120455,40.4546,-79.8977
N10520,BRIGHTON RD AT MCDOWELL ST,Bus,Bus Stop,26.6340925,19.186365000000002,7.4477275,40.4718,-80.0271
E70302,TERRACE ST AT OAK HILL DR,Bus,Bus Stop,26.625,12.702275,13.922725,40.44,-79.9677
N43940,PERRYSVILLE AVE OPP DELAWARE ST,Bus,Bus Stop,26.622726500000002,24.43409,2.1886365,40.4799,-80.0121
X13774,BROOKLINE BLVD AT EDGEBROOK AVE,Bus,Bus Stop,26.572729099999997,25.381819999999998,1.1909091,40.3921,-80.015
E60090,YOST BLVD AT ARDMORE BLVD,Bus,Bus Stop,26.55,8.575,17.975,40.4153,-79.848
N19120,FEDERAL ST AT ALPINE ST,Bus,Bus Stop,26.54091135,20.234092999999998,6.30681835,40.4589,-80.0078
E70117,BALDRIDGE AVE AT MIDDLE ST,Bus,Bus Stop,26.538638,25.28182,1.256818,40.4048,-79.8624
X15160,RAILROAD ST AT STATION ST,Bus,Bus Stop,26.52272727272725,3.95,22.57272727272725,40.358,-80.1107
E00420,40TH ST AT BUTLER ST,Bus,Bus Stop,26.447725450000004,0.57954545,25.868180000000002,40.4686,-79.9621
N71302,CALIFORNIA AVE AT BAINTON ST,Bus,Bus Stop,26.393182,3.868182,22.525,40.4728,-80.0378
N39960,OHIO RIVER BLVD AT RIVERVIEW AVE FS,Bus,Bus Stop,26.368181818181817,11.54318181818182,14.825,40.4918,-80.0614
E48200,RANKIN BLVD AT KENMAWR AVE,Bus,Bus Stop,26.290908875,13.709090774999998,12.5818181,40.4102,-79.8778
E34120,LAKETON RD AT TURNER SCHOOL,Bus,Bus Stop,26.25227225,25.729545,0.52272725,40.4492,-79.864
N32790,MCKNIGHT RD AT NORTH HILLS VILLAGE (SOUTH ENT,Bus,Bus Stop,26.234089349999998,24.474998499999998,1.75909085,40.5221,-80.0054
W07515,FOSTER AVE AT WILLOW AVE (OPP PLAYGROUND),Bus,Bus Stop,26.19545454545452,2.575,23.62045454545452,40.4418,-80.0683
W22310,STEUBENVILLE PIKE AT LORISH RD NS (ECONO LODGE),Bus,Bus Stop,26.190908,3.256818,22.93409,40.4492,-80.1066
E46895,PENN CENTER BLVD OPP BLDG #3,Bus,Bus Stop,26.136364499999996,2.7204544999999998,23.415909999999997,40.4282,-79.8118
E17610,EDGEWOOD AVE OPP ELM ST,Bus,Bus Stop,26.11590909090909,2.186363636363637,23.92954545454545,40.4319,-79.8846
S00660,SECOND AVE AT S 10TH ST BRIDGE,Bus,Bus Stop,26.093181750000003,22.981818150000002,3.1113636,40.4345,-79.9901
E70839,MELLON TERRACE AT N NEGLEY AVE,Bus,Bus Stop,26.043183499999998,11.2863635,14.75682,40.4796,-79.922
E70838,CRAIG ST AT BAUM BLVD,Bus,Bus Stop,26.038636000000004,6.0590910000000004,19.979545,40.4538,-79.9531
S14770,DUQUESNE BLVD AT COMMONWEALTH AVE,Bus,Bus Stop,26.002272727272732,9.14090909090909,16.86136363636364,40.383,-79.8576
E70782,BEDFORD AVE AT SOMERS DR,Bus,Bus Stop,25.970455,15.754545,10.215910000000001,40.4491,-79.9765
N32480,MCKNIGHT RD AT MR TIRE,Bus,Bus Stop,25.968181124999997,1.53863635,24.429544774999997,40.5403,-80.012
N22510,FREEPORT RD OPP HWY RT 910 (WERNER CAMP),Bus,Bus Stop,25.93409090909093,10.0068181818182,15.92727272727273,40.5369,-79.8393
E35930,LINCOLN AVE AT UPLAND ST,Bus,Bus Stop,25.924998000000002,1.868182,24.056816,40.4638,-79.9021
W08224,GREENTREE RD OPP FORSYTHE RD,Bus,Bus Stop,25.922726500000003,24.484090000000002,1.4386364999999999,40.3995,-80.065
E70772,WASHINGTON ST AT MONONGAHELA AVE,Bus,Bus Stop,25.868182275,12.070454999999999,13.797727275,40.4202,-79.8889
E16470,DESOTO ST AT O'HARA ST,Bus,Bus Stop,25.8659095,15.811364,10.0545455,40.4431,-79.9597
S11430,CHARLES ST AT GRIMES AVE FS,Bus,Bus Stop,25.856818,24.575,1.281818,40.4165,-79.9932
S70332,MONONGAHELA AVE AT 8TH ST,Bus,Bus Stop,25.85227272727271,17.643181818181798,8.20909090909091,40.3226,-79.8924
E70299,BRYN MAWR RD AT IOWA ST,Bus,Bus Stop,25.775,11.829545,13.945454999999999,40.4514,-79.957
E70242,GROSS ST AT FRIENDSHIP AVE,Bus,Bus Stop,25.763637499999998,0.8477275,24.915909999999997,40.4623,-79.9445
E13725,CENTRE AVE AT PROTECTORY PL,Bus,Bus Stop,25.7636365,12.4363635,13.327273,40.4415,-79.9849
W10590,ISLAND AVE OPP MCKEES ROCKS BRIDGE,Bus,Bus Stop,25.747727272727296,19.95227272727275,5.795454545454545,40.4733,-80.0624
E39650,MONONGAHELA AVE OPP WHIPPLE ST (#1641),Bus,Bus Stop,25.743184,24.2454565,1.4977274999999999,40.4256,-79.8916
N41800,PENNSYLVANIA AVE AT FULTON ST,Bus,Bus Stop,25.734092,2.615909,23.118183000000002,40.4544,-80.0246
W70086,BROADWAY AVE AT 11TH ST,Bus,Bus Stop,25.656819,4.840909,20.81591,40.4741,-80.0779
E49390,ROSS AVE AT CENTER ST,Bus,Bus Stop,25.636362945000002,14.872727000000001,10.763635945,40.442,-79.8825
E15480,COREY AVE AT BRADDOCK AVE,Bus,Bus Stop,25.593181818181854,15.465909090909102,10.12727272727275,40.404,-79.8692
N71308,BEAVER AVE AT FRANKLIN ST,Bus,Bus Stop,25.590911,14.65682,10.934091,40.4563,-80.0301
N43680,PERRYSVILLE AVE AT RICHEY AVE,Bus,Bus Stop,25.554546000000002,1.9590910000000001,23.595455,40.4867,-80.0162
E23590,FRIENDSHIP AVE AT PEARL ST,Bus,Bus Stop,25.547727000000002,10.15,15.397727,40.4636,-79.9491
E40330,MONTIER ST AT LAKETON RD,Bus,Bus Stop,25.50909,3.35,22.15909,40.4489,-79.8675
E52700,STANTON AVE AT HIGHVIEW ST,Bus,Bus Stop,25.4704524,3.0749999,22.395452499999998,40.4729,-79.9298
E58440,WM PENN HWY AT GRAHAM BLVD,Bus,Bus Stop,25.388637950000003,6.54318165,18.845456300000002,40.4451,-79.8587
E38900,MCCRADY RD AT BEULAH CHURCH,Bus,Bus Stop,25.379545454545447,22.061363636363627,3.31818181818182,40.4463,-79.8466
E28990,HIGHLAND AVE AT HAMPTON ST,Bus,Bus Stop,25.359090000000002,0.025,25.334090000000003,40.4733,-79.9193
W21110,STANHOPE ST AT W CARSON ST FS,Bus,Bus Stop,25.35681835,6.25454535,19.102273,40.4643,-80.0538
E70232,ELLSWORTH AVE AT COLLEGE ST,Bus,Bus Stop,25.3204555,22.24091,3.0795455,40.4572,-79.9292
W02735,BROADWAY AVE AT CHARLES ST,Bus,Bus Stop,25.311364499999996,21.790909999999997,3.5204545,40.4704,-80.0708
E16010,EAST LIBERTY BLVD OPP HAMILTON AVE,Bus,Bus Stop,25.31136405,15.6000002,9.71136385,40.46,-79.9158
E33450,KIRKPATRICK ST AT CENTRE AVE FS,Bus,Bus Stop,25.30227,12.25909,13.04318,40.4451,-79.9761
S70027,CENTURY DR OPP SAM'S CLUB DRVWY,Bus,Bus Stop,25.270454649999998,17.479545299999998,7.790909350000001,40.3446,-79.9483
W03710,CHARTIERS AVE AT SINGER AVE FS,Bus,Bus Stop,25.268181818181837,24.352272727272748,0.9159090909090901,40.4649,-80.074
E70799,BRADDOCK AVE OPP LIBRARY ST,Bus,Bus Stop,25.240909090909085,17.76136363636363,7.479545454545455,40.4012,-79.8658
W20390,RIVER AVE AT W CARSON ST NS,Bus,Bus Stop,25.1568181818182,4.95,20.2068181818182,40.4654,-80.0533
E36020,LINCOLN AVE AT VASSAR ST FS,Bus,Bus Stop,25.122727344999998,0.338636345,24.784090999999997,40.4679,-79.8969
E08130,BLVD OF ALLIES AT CRAFT AVE,Bus,Bus Stop,25.097727,17.104544999999998,7.993182,40.4359,-79.9614
X03320,BROOKLINE BLVD OPP BREINING ST,Bus,Bus Stop,25.090907275,24.943179999999998,0.147727275,40.3924,-80.0108
E44910,PARK HILL DR AT #2102,Bus,Bus Stop,25.086363999999996,7.1909089999999996,17.895455,40.453,-79.8743
N31530,MAIN ST AT 8TH ST,Bus,Bus Stop,25.077272999999998,13.8159095,11.2613635,40.4947,-79.9344
S48440,WEST ST AT 18TH AVE,Bus,Bus Stop,25.06591,19.56591,5.5,40.4,-79.905
E35190,LIBERTY AVE AT BAUM BLVD,Bus,Bus Stop,25.0659085,12.897727,12.1681815,40.4566,-79.9394
W03560,CHARTIERS AVE AT MARGARET ST,Bus,Bus Stop,25.043181818181832,6.252272727272728,18.790909090909103,40.4658,-80.0639
N14620,N CHARLES ST AT PERRYSVILLE AVE,Bus,Bus Stop,25.0204525,7.1522725,17.868180000000002,40.471,-80.0087
E46260,PENN AVE AT MILLVALE AVE,Bus,Bus Stop,24.9931835,8.4113635,16.58182,40.4653,-79.9454
E53660,SWISSVALE AVE OPP MAPLE AVE,Bus,Bus Stop,24.972727272727248,7.94090909090909,17.03181818181816,40.4332,-79.8848
S00490,S 18TH ST OPP ST PATRICK ST,Bus,Bus Stop,24.924998749999997,4.1272727499999995,20.797725999999997,40.4215,-79.9825
S01300,2ND ST AT HAMILTON AVE,Bus,Bus Stop,24.9090909090909,4.93409090909091,19.974999999999987,40.375,-79.8486
S33280,MCKINLEY ST AT BROWNSVILLE RD FS,Bus,Bus Stop,24.9068195,17.911365,6.9954545,40.4089,-79.9915
W23093,SUMMIT PARK DR AT ANDREW DR,Bus,Bus Stop,24.9045435,3.1113635000000004,21.79318,40.45,-80.1761
E32480,JANCEY ST AT VILSACK ST,Bus,Bus Stop,24.890911045000003,22.906820000000003,1.984091045,40.4827,-79.9287
E70869,ELMORE ST AT ROSE ST FS,Bus,Bus Stop,24.856820000000003,4.925,19.931820000000002,40.4437,-79.9766
E16190,DARRAGH ST OPP VICTORIA ST,Bus,Bus Stop,24.8545455,5.554545,19.3000005,40.4412,-79.9614
E27470,HAWKINS AVE AT OVERLAND ST,Bus,Bus Stop,24.852272,9.393182,15.45909,40.411,-79.8689
N13070,CALIFORNIA AVE AT SUPERIOR AVE,Bus,Bus Stop,24.790909999999997,13.445454999999999,11.345455,40.4654,-80.0333
X19970,WEST LIBERTY AVE AT BROOKLINE BLVD FS,Bus,Bus Stop,24.743181999999997,19.15,5.5931820000000005,40.3985,-80.0258
N71221,RIDGE AVE AT ALLEGHENY AVE,Bus,Bus Stop,24.69318185,1.2522727500000002,23.4409091,40.4496,-80.0186
E29190,HIGHLAND AVE AT WELLESLEY AVE,Bus,Bus Stop,24.693179545,0.045454545,24.647725,40.4723,-79.9197
E01310,FIFTH AVE AT KIRKPATRICK ST FS,Bus,Bus Stop,24.686363569999997,12.254545375,12.431818195,40.4379,-79.973
N35640,MT PLEASANT RD AT #415,Bus,Bus Stop,24.684088600000003,0.8909091,23.7931795,40.4799,-80.0016
E16500,DEVILLIERS ST AT WEBSTER AVE,Bus,Bus Stop,24.625000999999997,4.884091,19.74091,40.4456,-79.9817
E56005,WALLACE AVE AT PITT ST,Bus,Bus Stop,24.611365645,14.65000205,9.961363595,40.4453,-79.8867
E46650,PENN AVE OPP CARNEGIE PL,Bus,Bus Stop,24.6022732,23.1000005,1.5022727,40.4481,-79.898
S24390,HWY RT 51 OPP GLEN ELM DR,Bus,Bus Stop,24.5818187,22.179546,2.4022727,40.3566,-79.9802
E32735,JOHNSTON AVE AT #666,Bus,Bus Stop,24.572724,3.4159089999999996,21.156815,40.4055,-79.9338
E20490,FRANKSTOWN AVE AT LANG AVE,Bus,Bus Stop,24.568182,9.65,14.918182,40.4579,-79.8987
E39310,MILLVALE AVE AT CYPRESS ST,Bus,Bus Stop,24.561365,2.825,21.736365,40.4586,-79.9472
E39600,MONONGAHELA AVE AT SCHLEY AVE,Bus,Bus Stop,24.561362925,5.26590915,19.295453775000002,40.4208,-79.8898
E16080,DALLAS AVE AT PENN AVE,Bus,Bus Stop,24.550000000000004,5.615909,18.934091000000002,40.4512,-79.9083
S16580,E CARSON ST AT TERMINAL WAY FS,Bus,Bus Stop,24.545451999999997,16.656816,7.888636,40.4295,-79.9972
N13150,CALIFORNIA AVE OPP FALCK AVE,Bus,Bus Stop,24.5431825,16.220455,8.3227275,40.4781,-80.0406
S00410,S 18TH ST OPP WACHTER ST,Bus,Bus Stop,24.5159093,21.3727275,3.1431818000000002,40.4206,-79.9861
W03320,CHARTIERS AVE OPP LITCHFIELD ST STEPS,Bus,Bus Stop,24.499999499999998,5.0704545,19.429544999999997,40.4526,-80.0542
N71283,RIDC PARK TERMINAL,Bus,Bus Stop,24.48863755,9.431818,15.05681955,40.5004,-79.8609
E70903,VERONA ST AT BELL AVE,Bus,Bus Stop,24.4863635,21.075,3.4113635,40.402,-79.861
E17680,EDGEWOOD AVE OPP GORDON ST,Bus,Bus Stop,24.463636363636382,2.070454545454547,22.393181818181837,40.4289,-79.8846
E23470,FRIENDSHIP AVE AT FAIRMOUNT ST,Bus,Bus Stop,24.45682,2.15,22.306820000000002,40.4613,-79.9343
E12486,CAMP ST AT BRYN MAWR RD,Bus,Bus Stop,24.409090499999998,4.1295455,20.279545,40.4521,-79.9588
E35340,LIBERTY AVE AT MAIN ST FS,Bus,Bus Stop,24.38863595,14.022727,10.36590895,40.4634,-79.954
S04480,ARLINGTON AVE AT KNOX AVE,Bus,Bus Stop,24.3704545,9.634091,14.736363500000001,40.4202,-79.9909
E70164,HIGHLAND AVE OPP RIPPEY ST FS,Bus,Bus Stop,24.311365,1.9,22.411365,40.4649,-79.9232
N31460,MAIN ST AT 19TH ST,Bus,Bus Stop,24.306818,16.1931815,8.1136365,40.4941,-79.918
S70441,CHURCHVIEW GARDEN APARTMENTS,Bus,Bus Stop,24.299999999999997,13.31136363636365,10.988636363636349,40.3861,-79.938
X20250,WEST LIBERTY AVE AT WISCONSIN AVE FS,Bus,Bus Stop,24.288636363636364,19.375,4.913636363636365,40.3938,-80.0359
E70793,BEDFORD AVE AT MORGAN ST,Bus,Bus Stop,24.2772715,7.0636365,17.213635,40.4519,-79.9695
E04860,BAUM BLVD OPP FAIRMOUNT ST FS,Bus,Bus Stop,24.24318,11.368179999999999,12.875,40.458,-79.935
E19700,FORBES AVE AT PLAINFIELD ST,Bus,Bus Stop,24.22045475,19.2204545,5.00000025,40.4404,-79.9354
E18470,ELLSWORTH AVE AT COLLEGE ST,Bus,Bus Stop,24.188637999999997,4.306818,19.881819999999998,40.457,-79.9294
E27460,HAWKINS AVE OPP OVERLAND ST,Bus,Bus Stop,24.184090499999996,18.011363499999998,6.172727,40.4109,-79.8686
E17770,EDGEWOOD TOWNE CENTRE AT GIANT EAGLE FS,Bus,Bus Stop,24.165909090909093,13.922727272727276,10.243181818181817,40.426,-79.8869
E20670,FRANKSTOWN AVE AT STERRETT ST,Bus,Bus Stop,24.1249995,16.863636,7.2613635,40.4569,-79.8939
E05250,BEACON ST AT WENDOVER ST,Bus,Bus Stop,24.104545594999998,1.2409090950000001,22.8636365,40.4339,-79.9292
E46600,PENN AVE AT WINEBIDDLE ST,Bus,Bus Stop,24.095454000000004,14.604545000000002,9.490909,40.465,-79.9427
E70447,FRANKSTOWN RD AT PETERMANS LN,Bus,Bus Stop,24.0522722,2.1704547,21.8818175,40.4838,-79.8192
X02080,BOWER HILL RD AT COCHRAN RD FS,Bus,Bus Stop,24.011363,4.256818,19.754545,40.3848,-80.0539
S00090,12TH AVE AT AMITY ST FS,Bus,Bus Stop,24.009090909090926,5.222727272727275,18.78636363636365,40.4043,-79.9084
S50280,WORTHINGTON AVE OPP 8TH ST,Bus,Bus Stop,23.995454545454557,18.4659090909091,5.529545454545455,40.2925,-79.8902
E27450,HAWKINS AVE AT MIDDLE ST,Bus,Bus Stop,23.9886375,1.5272725,22.461365,40.4055,-79.8618
S06270,BELTZHOOVER AVE AT CLIMAX ST,Bus,Bus Stop,23.956818,11.093181999999999,12.863636,40.4201,-79.9974
S70562,CENTURY DR OPP GABRIEL BROTHERS,Bus,Bus Stop,23.89772677,10.802272649999999,13.09545412,40.3433,-79.9426
E35890,LINCOLN AVE AT MEADOW ST,Bus,Bus Stop,23.88181845,20.7818185,3.09999995,40.4611,-79.9097
E70454,FIFTH AVE AT HASTINGS ST FS (PENN AVE),Bus,Bus Stop,23.872729024999998,0.868181775,23.004547249999998,40.4539,-79.9131
W00840,ALLENDALE ST AT MOYER ST,Bus,Bus Stop,23.815905,11.147725000000001,12.66818,40.4582,-80.064
N15025,CHESTNUT ST AT SUISMON ST,Bus,Bus Stop,23.80000125,6.715909,17.08409225,40.4562,-79.9949
E13250,CENTRE AVE AT BIGELOW BLVD,Bus,Bus Stop,23.795455500000003,10.154545500000001,13.64091,40.4512,-79.9545
X04380,CHELTON AVE AT OAKRIDGE ST,Bus,Bus Stop,23.7886345,1.8954545,21.89318,40.3899,-80.0148
S70559,SKYLINE DR OPP BALDWIN HEALTH CENTER,Bus,Bus Stop,23.779547,2.368182,21.411365,40.3669,-79.9627
E12000,BUTLER ST AT 47TH ST,Bus,Bus Stop,23.7477274,19.045454499999998,4.7022729000000005,40.4741,-79.9579
N31760,MAIN ST AT 9TH ST,Bus,Bus Stop,23.725,13.3295455,10.3954545,40.4946,-79.9335
W00790,ALLENDALE CIR AT #3658,Bus,Bus Stop,23.7113625,13.184090000000001,10.527272499999999,40.4605,-80.0637
N10480,BRIGHTON RD AT KLEBER ST,Bus,Bus Stop,23.686365545,21.3363655,2.3500000450000003,40.4871,-80.038
S27210,KEEPORT DR OPP YOUNGRIDGE DR,Bus,Bus Stop,23.679545454545455,3.504545454545455,20.175,40.3409,-79.9813
S70481,EDEN PARK BLVD AT O'NEIL BLVD,Bus,Bus Stop,23.670454545454536,23.4590909090909,0.21136363636363648,40.3474,-79.8323
S00390,S 18TH ST AT STEPS,Bus,Bus Stop,23.66363545,6.465908949999999,17.1977265,40.425,-79.981
E35620,LIBERTY AVE OPP 39TH ST,Bus,Bus Stop,23.643182399999997,7.874999899999999,15.768182499999998,40.4625,-79.9592
W08480,HECKLE RD OPP OHIO VALLEY HOSPITAL ENTRANCE,Bus,Bus Stop,23.62272727272729,8.447727272727276,15.175000000000013,40.4717,-80.0917
N22260,FREEPORT RD OPP CENTER AVE,Bus,Bus Stop,23.618181818181824,1.8113636363636365,21.806818181818187,40.49,-79.9056
E41745,NEGLEY AVE OPP CLAYBOURNE ST,Bus,Bus Stop,23.588638,14.20682,9.381817999999999,40.4567,-79.9337
N22680,FREEPORT RD OPP #1050,Bus,Bus Stop,23.575000100000004,13.175,10.400000100000002,40.4874,-79.8844
E13800,CENTRE AVE AT SOHO ST,Bus,Bus Stop,23.5545465,10.188636500000001,13.36591,40.4451,-79.9742
E04220,ARDMORE BLVD AT BRYN MAWR RD NS,Bus,Bus Stop,23.531818181818196,20.60909090909092,2.9227272727272764,40.4313,-79.864
E06585,JONES AVE AT BELL AVE,Bus,Bus Stop,23.524999,11.98409,11.540909,40.4033,-79.8629
E35090,LIBERTY AVE AT 32ND ST,Bus,Bus Stop,23.5181805,2.9545455,20.563635,40.4604,-79.9691
N13160,CALIFORNIA AVE OPP COLUMBUS AVE BRIDGE,Bus,Bus Stop,23.511364,4.140909,19.370455,40.4588,-80.0233
N12950,CALIFORNIA AVE AT OHIO ST,Bus,Bus Stop,23.468181818181833,0.331818181818182,23.13636363636365,40.5026,-80.0712
E33100,KELLY AVE AT PITT ST,Bus,Bus Stop,23.463634374999998,17.947725249999998,5.515909125,40.4405,-79.8894
N08540,BEAVER ST AT VILLAGE DR,Bus,Bus Stop,23.4590909090909,11.825,11.6340909090909,40.5596,-80.2013
E02245,6TH ST AT BALDRIDGE AVE,Bus,Bus Stop,23.45,11.8636365,11.5863635,40.4057,-79.8635
N24150,GRANT AVE OPP WILSON ST,Bus,Bus Stop,23.43409090909091,4.524999999999998,18.90909090909091,40.5041,-79.949
N05970,ARCH ST AT NORTH AVE,Bus,Bus Stop,23.4204532,22.738635000000002,0.6818182,40.455,-80.0085
S31580,MAIN ST AT VIRGINIA AVE,Bus,Bus Stop,23.413638000000002,21.306820000000002,2.106818,40.3858,-79.903
S27530,KENNYWOOD BLVD OPP HOFFMAN BLVD,Bus,Bus Stop,23.388636499999997,15.093181999999999,8.2954545,40.385,-79.8625
S70476,HARTMAN ST AT O'NEIL BLVD,Bus,Bus Stop,23.374999999999996,0.04545454545454545,23.32954545454545,40.3478,-79.8327
E70975,MOREWOOD AVE AT FORBES AVE FS,Bus,Bus Stop,23.36818365,0.21136365000000001,23.15682,40.4451,-79.9427
W70037,MCCARTAN DR OPP 4TH AISLE,Bus,Bus Stop,23.31136,9.222725,14.088635,40.4252,-80.1886
E45670,PENN AVE AT AIKEN AVE,Bus,Bus Stop,23.259090999999998,11.134091,12.125,40.4647,-79.9362
N43400,PERRYSVILLE AVE AT DELAWARE ST,Bus,Bus Stop,23.2545475,2.5522725,20.702275,40.4796,-80.0117
E70825,VIADUCT WAY TERMINAL,Bus,Bus Stop,23.25,14.713636363636365,8.536363636363637,40.3852,-79.7614
N14680,N CHARLES ST AT WILSON AVE,Bus,Bus Stop,23.2181815,2.9386365000000003,20.279545,40.4691,-80.0146
S00320,S 18TH ST AT #2620,Bus,Bus Stop,23.21591015,4.02954565,19.1863645,40.4209,-79.9858
N15300,COLBY ST AT FABER ST,Bus,Bus Stop,23.2136368,9.5909095,13.6227273,40.4861,-80.005
S02715,8TH AVE AT GRANT ST,Bus,Bus Stop,23.19999825,6.093181749999999,17.1068165,40.4092,-79.8988
W00340,4TH AVE AT MILL ST,Bus,Bus Stop,23.14090909090908,5.93181818181818,17.2090909090909,40.5184,-80.1636
W17700,NOBLESTOWN RD OPP CRAFTON BLVD,Bus,Bus Stop,23.1227265,18.15909,4.9636365,40.4377,-80.0539
E45720,PENN AVE AT ATLANTIC AVE,Bus,Bus Stop,23.1045455,7.0795455,16.025,40.4645,-79.9388
S33960,MIDWAY DR AT #4A,Bus,Bus Stop,23.095453000000003,18.738635000000002,4.356818,40.3976,-79.8832
E45960,PENN AVE AT FAIRMOUNT ST,Bus,Bus Stop,23.079545,13.629545,9.45,40.4641,-79.9324
X01270,BELTZHOOVER AVE AT EUREKA ST,Bus,Bus Stop,23.0545441,0.8409091,22.213635,40.4236,-79.9974
W24410,WASHINGTON AVE AT STATION ST,Bus,Bus Stop,23.050000000000004,0.3363636363636365,22.71363636363637,40.3586,-80.1122
E46915,PENN CENTER BLVD AT RITE AID DRVWY,Bus,Bus Stop,23.0159105,18.111365,4.9045455,40.4293,-79.812
E56560,WAVERLY AVE AT BRADDOCK AVE,Bus,Bus Stop,23.0022735,12.638637000000001,10.3636365,40.4222,-79.8861
N28065,ITIN ST AT SPRING GARDEN AVE,Bus,Bus Stop,22.9977285,18.961365,4.0363635,40.4579,-79.9955
N41760,PENNSYLVANIA AVE AT MANHATTAN ST,Bus,Bus Stop,22.96136585,2.3386362999999997,20.62272955,40.4541,-80.0263
N17290,EAST OHIO ST AT CHESTNUT ST,Bus,Bus Stop,22.94091,18.11591,4.825,40.4547,-79.9946
W00330,4TH AVE AT MAIN ST NS,Bus,Bus Stop,22.922727272727254,6.254545454545455,16.6681818181818,40.5193,-80.166
X10475,GALLERIA STOREFRONT AT SOUTHEAST ENTRANCE,Bus,Bus Stop,22.843184,9.140909,13.702275,40.3565,-80.0519
S27203,KEEPORT DR AT #5407,Bus,Bus Stop,22.809090909090926,20.71136363636365,2.097727272727275,40.3396,-79.9802
N17510,31ST ST BRIDGE RAMP AT RIALTO ST,Bus,Bus Stop,22.802273,11.306818499999999,11.495454500000001,40.4649,-79.9799
E04430,ARDMORE BLVD OPP NEWPORT RD,Bus,Bus Stop,22.80227272727274,1.0590909090909095,21.74318181818183,40.4257,-79.8618
W25040,WASHINGTON PIKE AT RACEWAY PLAZA,Bus,Bus Stop,22.79545445,0.67499995,22.1204545,40.3874,-80.0915
N31580,MAIN ST AT GARNIER ST,Bus,Bus Stop,22.793182,15.084091,7.709091,40.4953,-79.9375
W21965,STEUBEN ST AT INGRAM AVE,Bus,Bus Stop,22.772727272727252,2.25,20.522727272727252,40.4403,-80.0798
E04880,BAUM BLVD AT LIBERTY AVE FS,Bus,Bus Stop,22.7522745,8.1704545,14.58182,40.4567,-79.9393
E70245,40TH ST AT PENN AVE NS,Bus,Bus Stop,22.74772725,17.334091,5.41363625,40.4656,-79.9585
X20430,WEST LIBERTY AVE OPP WISCONSIN AVE,Bus,Bus Stop,22.69999999999998,5.30681818181818,17.3931818181818,40.3938,-80.0361
W70057,WEST BUSWAY AT INGRAM STATION B,Busway,Busway Station,22.69772727272729,20.940909090909106,1.756818181818182,40.4438,-80.0661
P01450,CHATHAM ST AT CENTRE AVE,Bus,Bus Stop,22.681817500000005,1.3477275,21.334090000000003,40.4404,-79.9935
S70558,PARKLINE DR AT SKYLINE DR,Bus,Bus Stop,22.6795435,4.2113635,18.46818,40.3673,-79.9641
N33580,MERCHANT ST AT 4TH ST,Bus,Bus Stop,22.675000000000026,21.652272727272752,1.0227272727272751,40.5838,-80.2253
N44080,PERRYSVILLE AVE OPP WALDORF ST,Bus,Bus Stop,22.6613655,17.60682,5.0545455,40.4914,-80.0204
N32680,MCKNIGHT RD AT IVORY AVE RAMP FS,Bus,Bus Stop,22.5363648,6.527272999999999,16.0090918,40.4991,-80.0128
E20330,FRANKSTOWN AVE AT BRADDOCK AVE,Bus,Bus Stop,22.531819499999997,17.486365,5.0454545,40.4559,-79.8896
W24270,WASHINGTON AVE AT MAIN ST FS,Bus,Bus Stop,22.48409090909093,13.82727272727275,8.65681818181818,40.4091,-80.0837
X15150,RAILROAD ST AT STATION ST FS,Bus,Bus Stop,22.463636363636347,22.0931818181818,0.3704545454545455,40.3582,-80.1104
S70563,WEST MIFFLIN GARAGE TERMINAL -,Bus,Bus Stop,22.454545500000002,11.525,10.9295455,40.3624,-79.9295
S31140,MAIN ST AT CAROLINE AVE,Bus,Bus Stop,22.440909499999997,20.270455,2.1704545,40.3829,-79.9045
E26410,HAMILTON AVE AT BRADDOCK AVE,Bus,Bus Stop,22.438635499999997,6.0795455,16.35909,40.4532,-79.8913
W03500,CHARTIERS AVE AT KRUPP ST,Bus,Bus Stop,22.4363635,17.675,4.7613635,40.4581,-80.0709
E30430,HWY RT 286 AT PRESQUE ISLE DR,Bus,Bus Stop,22.422727275,22.25,0.17272727499999999,40.4637,-79.7055
N13020,CALIFORNIA AVE AT SCHOOL ST,Bus,Bus Stop,22.422727272727293,0.5272727272727274,21.895454545454566,40.501,-80.0671
S70136,WATERFRONT DR OPP BRIDGE ST (RED ROBIN),Bus,Bus Stop,22.422727272727276,11.068181818181817,11.354545454545459,40.4095,-79.9166
E70016,LINDEN AVE AT BEECH ST NS,Bus,Bus Stop,22.42045454545454,7.67272727272727,14.74772727272727,40.3998,-79.8355
W00780,ALLENDALE CIR AT #3604,Bus,Bus Stop,22.4068205,8.629545499999999,13.777275,40.4594,-80.0645
S70546,SKYLINE DR AT BALDWIN HEALTH CENTER,Bus,Bus Stop,22.395453500000002,19.43409,2.9613635,40.3666,-79.9625
E53300,STATION ST AT WESTINGHOUSE AVE,Bus,Bus Stop,22.368181999999997,12.95,9.418182,40.3933,-79.8093
S48390,WEST ST AT 13TH AVE,Bus,Bus Stop,22.356818181818177,3.0818181818181802,19.275,40.4032,-79.9085
X13600,PIONEER AVE AT SOUTHCREST DR,Bus,Bus Stop,22.347727999999996,20.290909999999997,2.056818,40.407,-80.015
N30500,LINCOLN AVE AT STRAW AVE,Bus,Bus Stop,22.327272727272742,5.193181818181817,17.134090909090926,40.4916,-80.0477
N71269,GAMMA DR OPP ZOLL DRIVEWAY,Bus,Bus Stop,22.322726799999998,19.579545,2.7431818,40.4987,-79.8682
S70556,PARKLINE DR AT #1690,Bus,Bus Stop,22.320452500000002,5.3272725,16.993180000000002,40.368,-79.9654
N43970,PERRYSVILLE AVE OPP LAFAYETTE AVE,Bus,Bus Stop,22.249999499999998,17.554544999999997,4.6954545,40.4649,-80.0116
N32490,MCKNIGHT RD AT BRAUNLICH DR,Bus,Bus Stop,22.24545415,2.13636365,20.1090905,40.5218,-80.0052
N32930,MCKNIGHT RD AT SIEBERT RD FS,Bus,Bus Stop,22.229545899999998,20.395455,1.8340909,40.5302,-80.0097
N31360,LOWRIE ST OPP NIGGEL ST,Bus,Bus Stop,22.202272500000003,9.347727500000001,12.854545000000002,40.4676,-79.9799
N40150,OHIO RIVER BLVD OPP ELIZABETH AVE,Bus,Bus Stop,22.2,15.225,6.975,40.4959,-80.0674
S20445,GRANT AVE AT 2ND ST,Bus,Bus Stop,22.165909090909075,9.622727272727275,12.5431818181818,40.3731,-79.8471
W17100,NOBLESTOWN RD AT #2128,Bus,Bus Stop,22.147729499999997,0.7954545,21.352275,40.432,-80.0527
W10330,ISLAND AVE AT CHARTIERS AVE NS (MARY ST),Bus,Bus Stop,22.140909090909116,12.67727272727275,9.463636363636365,40.4659,-80.0609
X02520,BOWER HILL RD OPP CARNEGIE DR FS,Bus,Bus Stop,22.125001349999998,0.9886363499999999,21.136364999999998,40.3832,-80.0565
W23092,SUMMIT PARK DR AT ANDREW DR (WALMART),Bus,Bus Stop,22.090908000000002,19.80909,2.2818180000000003,40.4496,-80.1762
E11820,BUTLER ST AT 55TH ST,Bus,Bus Stop,22.068179424999997,3.8249997749999998,18.24317965,40.4835,-79.95
E36130,LINCOLN HWY AT 5TH AVE EXT,Bus,Bus Stop,22.002272727272707,21.8181818181818,0.184090909090909,40.381,-79.8114
E52890,STANTON AVE AT STANTON CT EAST,Bus,Bus Stop,22.00227225,0.74772725,21.254545,40.4806,-79.9348
S30600,LYSLE BLVD AT CENTER ST,Bus,Bus Stop,21.997727272727268,6.588636363636365,15.409090909090905,40.3525,-79.8531
E46080,PENN AVE AT HOMEWOOD AVE,Bus,Bus Stop,21.98863625,16.5136365,5.47499975,40.4491,-79.901
S09500,BROWNSVILLE RD OPP KAUFMANN AVE,Bus,Bus Stop,21.979545454545473,18.240909090909106,3.738636363636365,40.3692,-79.9756
E57360,WIGHTMAN ST AT PHILLIPS AVE FS,Bus,Bus Stop,21.965909099999998,21.7,0.2659091,40.4314,-79.9275
N31600,MAIN ST AT PRAEGER ST,Bus,Bus Stop,21.963634,6.806818,15.156816,40.4952,-79.9375
E70737,UPMC EAST DRIVE AT HOSPITAL,Bus,Bus Stop,21.913637,3.3431819999999997,18.570455000000003,40.4374,-79.7599
E29040,HIGHLAND AVE AT JACKSON ST,Bus,Bus Stop,21.9000018,21.756819999999998,0.1431818,40.4712,-79.9204
E30297,JACKS RUN RD AT OAK PARK MALL,Bus,Bus Stop,21.886364999999998,21.861365,0.025,40.3378,-79.8072
E59610,WOODSTOCK AVE AT BRADDOCK AVE,Bus,Bus Stop,21.8500008,6.584091,15.2659098,40.4154,-79.8769
N33610,MERCHANT ST AT 8TH ST NS,Bus,Bus Stop,21.786363636363628,20.45454545454545,1.33181818181818,40.5895,-80.2294
E35610,LIBERTY AVE OPP 37TH ST,Bus,Bus Stop,21.76363665,10.27954565,11.484091,40.462,-79.9621
S48840,WHITAKER WAY AT SCHWAB AVE,Bus,Bus Stop,21.745455800000002,16.877274,4.8681818,40.4016,-79.8883
N31540,MAIN ST AT ALI ST,Bus,Bus Stop,21.729546,8.884091,12.845455000000001,40.4946,-79.9347
E21430,FRANKSTOWN RD AT SPRING GROVE RD,Bus,Bus Stop,21.722726074999997,21.256816999999998,0.465909075,40.4744,-79.822
E11810,BUTLER ST AT 55TH ST,Bus,Bus Stop,21.711363249999998,14.384090749999999,7.327272500000001,40.4837,-79.9497
S17655,CHALFONT ST AT ESTELLA AVE,Bus,Bus Stop,21.6886385,2.9363635,18.752275,40.4166,-80.0005
W00870,ALLENDALE ST AT TWEED ST,Bus,Bus Stop,21.679545,12.08182,9.597725,40.4566,-80.0624
E46150,PENN AVE AT LEXINGTON ST,Bus,Bus Stop,21.6636376,20.5477285,1.1159091,40.4487,-79.8996
E08560,BRADDOCK AVE AT 4TH ST,Bus,Bus Stop,21.663636363636382,0.931818181818182,20.7318181818182,40.4051,-79.8717
S33880,MIDWAY DR AT #19,Bus,Bus Stop,21.629547000000002,8.293182,13.336365,40.3973,-79.8827
N12410,BUTLER ST OPP FREEPORT ST,Bus,Bus Stop,21.618181818181785,11.877272727272716,9.740909090909069,40.4966,-79.9441
E46840,PENN AVE OPP THOMPSON ST,Bus,Bus Stop,21.59090925,2.22727275,19.3636365,40.4052,-79.8273
E40280,MONTIER ST AT PARK AVE,Bus,Bus Stop,21.5818187,2.6022727000000003,18.979546,40.4459,-79.8717
E45310,PEEBLES ST AT FORBES AVE,Bus,Bus Stop,21.5636364,14.84545455,6.71818185,40.4399,-79.8947
S27390,KENNYWOOD BLVD AT GLENN ST,Bus,Bus Stop,21.5454528,2.6886363,18.8568165,40.3907,-79.8693
E09330,BRADDOCK AVE OPP CHARLESTON AVE,Bus,Bus Stop,21.53863636363637,19.875000000000007,1.663636363636364,40.4306,-79.8925
S44755,ST CLAIR AVE AT 5TH ST,Bus,Bus Stop,21.522727272727273,14.104545454545454,7.418181818181818,40.293,-79.8854
S32090,MAPLE DR AT SKYLINE DR,Bus,Bus Stop,21.495454499999997,19.025,2.4704544999999998,40.3645,-79.9646
E70806,STANTON AVE AT EUCLID AVE,Bus,Bus Stop,21.490909499999997,16.770455,4.7204545,40.4704,-79.9232
S00200,S 18TH ST AT CROSSMAN ST FS,Bus,Bus Stop,21.465907350000002,1.08863635,20.377271,40.4217,-79.9794
W10670,JEFFERS ST AT #1330,Bus,Bus Stop,21.443182,10.984091,10.459091,40.453,-80.0656
N20040,FOREST AVE AT BALPH AVE,Bus,Bus Stop,21.44090909090908,4.45681818181818,16.9840909090909,40.5,-80.0524
W24710,WASHINGTON PIKE AT GREAT SOUTHERN SC ENT #1,Bus,Bus Stop,21.409090909090928,1.213636363636365,20.195454545454563,40.3688,-80.1024
N12020,BROWNS LN AT MCKNIGHT RD FS,Bus,Bus Stop,21.409089299999998,4.077272499999999,17.3318168,40.5458,-80.0174
S11460,CHARLES ST AT KNOX AVE,Bus,Bus Stop,21.318182999999998,2.181818,19.136364999999998,40.4166,-79.9908
N41320,PENFORT ST AT #173,Bus,Bus Stop,21.2227292,19.0681835,2.1545457,40.4744,-80.0024
E10700,BROADWAY BLVD AT PITCAIRN PARK BLDG,Bus,Bus Stop,21.184090100000002,3.4659091,17.718181,40.402,-79.7763
E70374,ROBERTS ST AT BEDFORD AVE,Bus,Bus Stop,21.140909,10.575,10.565909,40.4452,-79.9854
E03570,ALLEGHENY RIVER BLVD AT SOUTH AVE,Bus,Bus Stop,21.086365999999998,4.109091,16.977275,40.5047,-79.8431
W03220,CHARTIERS AVE AT ALLENDALE ST,Bus,Bus Stop,21.081816999999997,1.643182,19.438634999999998,40.4541,-80.0595
E57790,WILKINS AVE OPP WORTH ST,Bus,Bus Stop,21.0272746,20.3363655,0.6909091,40.4467,-79.913
N13125,CALIFORNIA AVE OPP BAINTON ST,Bus,Bus Stop,21.0249995,17.929545,3.0954544999999998,40.4728,-80.0379
S23720,HWY RT 51 AT GLEN ELM DR,Bus,Bus Stop,21.015908825,2.197727325,18.8181815,40.3567,-79.9805
S11450,CHARLES ST AT KNOX AVE,Bus,Bus Stop,21.0136365,19.05,1.9636364999999998,40.4166,-79.9905
N17690,31ST ST BRIDGE RAMP AT 31ST ST BRIDGE,Bus,Bus Stop,21.006818,6.731818,14.275,40.4646,-79.9797
E20310,FRANKSTOWN AVE AT 5TH AVE,Bus,Bus Stop,21.0,11.220454499999999,9.779545500000001,40.4587,-79.9082
E45490,PENN AVE AT 28TH ST,Bus,Bus Stop,20.9931825,10.177273,10.8159095,40.457,-79.9756
E70277,LAKETON RD AT GRAHAM BLVD NS,Bus,Bus Stop,20.990907500000002,1.2477274999999999,19.743180000000002,40.4558,-79.8578
N12822,CALIFORNIA AVE AT FORSYTHE ST,Bus,Bus Stop,20.972728999999998,16.256819999999998,4.715909,40.4708,-80.0363
S70631,CENTURY DR AT GABRIEL BROTHERS,Bus,Bus Stop,20.9386366,6.8022727,14.1363639,40.3433,-79.9427
X13760,PIONEER AVE OPP SOUTHCREST DR FS,Bus,Bus Stop,20.920453,1.881818,19.038635,40.4067,-80.0151
E26670,HAMILTON AVE OPP STERRETT ST,Bus,Bus Stop,20.904543,7.106818,13.797725,40.4541,-79.8953
E15585,CRAFT AVE AT FORBES AVE,Bus,Bus Stop,20.890908999999997,3.740909,17.15,40.4369,-79.9629
E70251,ELECTRIC AVE AT DYNAMO WAY,Bus,Bus Stop,20.874999999999986,3.484090909090911,17.390909090909076,40.4012,-79.8351
E20720,FRANKSTOWN RD AT WOODS RD,Bus,Bus Stop,20.85,19.125,1.725,40.46,-79.8737
E13900,CENTRE AVE OPP BRYN MAWR RD,Bus,Bus Stop,20.847727499999998,11.754545499999999,9.093182,40.449,-79.9576
N38860,NORTH COMMONS AT WEST COMMONS,Bus,Bus Stop,20.8454545,14.0318185,6.813636,40.4537,-80.0074
E20680,FRANKSTOWN AVE AT STERRETT ST,Bus,Bus Stop,20.804546000000002,7.0931820000000005,13.711364,40.4569,-79.8943
N03640,W 7TH AVE AT CENTER ST,Bus,Bus Stop,20.8022713,0.6477273,20.154544,40.6002,-79.7608
N32400,MCKNIGHT RD AT THE BLOCK AT NORTHWAY DRVWY,Bus,Bus Stop,20.7636383,17.90682,2.8568183,40.5532,-80.0207
N33500,MERCHANT ST AT 11TH ST,Bus,Bus Stop,20.75454545454544,0.31590909090909103,20.43863636363635,40.5927,-80.2304
E16070,DALLAS AVE AT PENHAM PL,Bus,Bus Stop,20.734091,15.8886365,4.845454500000001,40.4511,-79.9085
X20010,WEST LIBERTY AVE AT CAPITAL AVE,Bus,Bus Stop,20.7159105,19.536365,1.1795455000000001,40.4052,-80.0188
E20380,FRANKSTOWN AVE AT COLLIER ST,Bus,Bus Stop,20.681818,6.504545500000001,14.1772725,40.4564,-79.8921
E70805,STANTON AVE AT MELLON ST,Bus,Bus Stop,20.6613655,14.106819999999999,6.5545455,40.4711,-79.9251
E12240,BUTLER ST OPP 47TH ST,Bus,Bus Stop,20.63636375,4.054545249999999,16.5818185,40.4738,-79.958
W70058,WEST BUSWAY AT CRAFTON STATION B,Busway,Busway Station,20.62272727272727,19.23409090909091,1.3886363636363634,40.4357,-80.0677
E70809,STANTON AVE AT EUCLID AVE,Bus,Bus Stop,20.5840915,2.8386365,17.745455,40.4704,-79.9229
S70371,MONONGAHELA AVE AT 8TH ST,Bus,Bus Stop,20.58409090909091,10.275,10.30909090909091,40.3228,-79.8925
N33660,MERCHANT ST AT #826,Bus,Bus Stop,20.579545454545446,0.7954545454545455,19.7840909090909,40.5895,-80.2293
S30890,LYSLE BLVD AT WALNUT ST FS,Bus,Bus Stop,20.552272727272726,5.627272727272727,14.924999999999999,40.3516,-79.8645
S14665,DRIVE TO LOWE'S AT STOREFRONT DRIVE,Bus,Bus Stop,20.540909000000003,1.05,19.490909000000002,40.413,-79.9031
N40060,OHIO RIVER BLVD AT WILLOW ST,Bus,Bus Stop,20.531818181818167,17.243181818181803,3.288636363636365,40.5101,-80.0941
E70411,CRAIG ST OPP BAUM BLVD FS (MOOREHEAD TOWER),Bus,Bus Stop,20.5272715,13.088635,7.4386365,40.4537,-79.9532
E04230,ARDMORE BLVD OPP BRYN MAWR RD FS,Bus,Bus Stop,20.52045454545454,2.1522727272727273,18.368181818181814,40.4322,-79.8649
N44860,PITTSBURGH ST AT SCHOOL ST FS,Bus,Bus Stop,20.497728,17.188637,3.309091,40.5414,-79.7781
W10680,JEFFERS ST AT #1331,Bus,Bus Stop,20.4772709,5.6,14.877270900000001,40.4529,-80.0655
N12740,CALIFORNIA AVE AT COOPER AVE,Bus,Bus Stop,20.456818000000002,1.531818,18.925,40.483,-80.0411
N32670,MCKNIGHT RD AT IVORY AVE RAMP (ISLAND),Bus,Bus Stop,20.429547999999997,14.093183999999999,6.336364,40.4983,-80.0131
E13870,CENTRE AVE AT WATT ST,Bus,Bus Stop,20.4227275,13.075,7.3477274999999995,40.4465,-79.9684
S35280,ARLINGTON AVE OPP KNOX AVE,Bus,Bus Stop,20.4136363,8.984091,11.4295453,40.4202,-79.9907
N70012,MCKNIGHT RD OPP NORTH HILLS VILLAGE (CENTER EN,Bus,Bus Stop,20.3863652,0.7068182000000001,19.679547,40.5254,-80.0054
E36095,LINCOLN AVE OPP LEMINGTON HOME DRVWY,Bus,Bus Stop,20.3704559,0.1590909,20.211365,40.471,-79.8921
E70047,JOHNSTON AVE OPP GERTRUDE ST,Bus,Bus Stop,20.3249993,3.6795453,16.645454,40.4065,-79.9412
E16030,DALLAS AVE AT EDGERTON AVE,Bus,Bus Stop,20.322727445,0.352272745,19.9704547,40.4476,-79.9109
N40320,OHIO RIVER BLVD OPP PENNSYLVANIA AVE,Bus,Bus Stop,20.30227272727273,19.895454545454548,0.40681818181818197,40.511,-80.0999
E46510,PENN AVE AT SUPERIOR ST,Bus,Bus Stop,20.30000205,1.24545455,19.054547499999998,40.4425,-79.8679
N12825,CALIFORNIA AVE AT FORSYTHE ST,Bus,Bus Stop,20.295453,3.606818,16.688634999999998,40.4706,-80.0361
S40550,RICHLAND AVE AT 3RD ST,Bus,Bus Stop,20.272727272727273,13.838636363636365,6.43409090909091,40.349,-79.8919
E14290,CHISLETT ST OPP MARTHA ST,Bus,Bus Stop,20.2522708,2.0704543,18.1818165,40.4843,-79.9271
E35820,LINCOLN AVE AT JOSHUA ST,Bus,Bus Stop,20.2227287,0.7568182,19.4659105,40.4704,-79.8929
E35760,LINCOLN AVE AT APPLE ST,Bus,Bus Stop,20.21818435,2.08636385,18.1318205,40.4646,-79.899
N13340,CAMBRONNE ST AT BRIGHTON RD,Bus,Bus Stop,20.213637499999997,17.761364999999998,2.4522725,40.4876,-80.0411
E45360,PEEBLES ST OPP FORBES AVE,Bus,Bus Stop,20.200000699999997,9.5159089,10.6840918,40.4398,-79.8947
E70040,LIBERTY AVE AT 36TH ST,Bus,Bus Stop,20.193180849999997,10.09545385,10.097726999999999,40.4619,-79.9638
E70936,BRADDOCK AVE AT 2ND ST,Bus,Bus Stop,20.175000000000026,2.222727272727275,17.95227272727275,40.4062,-79.8735
E27230,HARRIET ST AT 5TH AVE,Bus,Bus Stop,20.172729295,2.0590908949999998,18.1136384,40.4148,-79.8833
E04180,ARDMORE BLVD AT BRADDOCK RD,Bus,Bus Stop,20.15909090909092,18.838636363636375,1.3204545454545453,40.4246,-79.8592
N12670,CALIFORNIA AVE OPP POST OFFICE,Bus,Bus Stop,20.1386355,3.3295455,16.80909,40.459,-80.0207
E51520,SHADY AVE AT WILKINS AVE,Bus,Bus Stop,20.093182499999998,11.39091,8.7022725,40.4438,-79.9204
E43740,OLD WILLIAM PENN HWY AT GOOD SHEPHERD CHURCH,Bus,Bus Stop,20.059090909090912,18.972727272727276,1.0863636363636364,40.4438,-79.7577
E70810,STANTON AVE AT MELLON ST,Bus,Bus Stop,20.0590885,3.9613635,16.097725,40.4711,-79.9248
S70369,MONONGAHELA AVE AT 6TH ST,Bus,Bus Stop,20.052272727272705,7.279545454545455,12.77272727272725,40.3261,-79.8925
E10560,BROADWAY BLVD AT BRINTON AVE,Bus,Bus Stop,20.045452774999998,17.1886345,2.8568182749999997,40.4022,-79.7752
W16170,NOBLESTOWN RD AT BARTOW ST,Bus,Bus Stop,20.043183000000003,2.856818,17.186365000000002,40.4362,-80.0521
E13790,CENTRE AVE AT SOHO ST,Bus,Bus Stop,20.025,10.484091,9.540909,40.4452,-79.9739
E21065,FRANKSTOWN RD AT HEBRON CHURCH,Bus,Bus Stop,19.99318,4.7,15.29318,40.4604,-79.8444
N45030,PITTSBURGH ST OPP ROSA ST,Bus,Bus Stop,19.98409225,5.78181825,14.202274000000001,40.5412,-79.7864
E54210,TERRACE ST OPP CHESTERFIELD RD,Bus,Bus Stop,19.981818500000003,5.797727500000001,14.184091,40.441,-79.9639
E38322,MALL BLVD AT #120 (AT HOME STORE),Bus,Bus Stop,19.981818181818188,15.00681818181819,4.974999999999999,40.4316,-79.7912
E14190,CHISLETT ST AT GREENWOOD ST,Bus,Bus Stop,19.974999775,2.124999775,17.85,40.4853,-79.9259
E39700,MONONGAHELA AVE OPP DUQUESNE AVE,Bus,Bus Stop,19.94772885,6.5659092,13.38181965,40.4184,-79.8883
N20700,FREEPORT RD OPP BLAW AVE,Bus,Bus Stop,19.94772727272726,16.63863636363635,3.30909090909091,40.493,-79.8629
E21700,FRANKSTOWN RD OPP PARKRIDGE DR FS,Bus,Bus Stop,19.947727150000002,18.7113635,1.2363636500000001,40.4709,-79.8213
S11290,CENTURY SQUARE ENTRANCE RAMP AT MOUNTAINVIEW DR,Bus,Bus Stop,19.9431839,1.8272728999999999,18.115911,40.3476,-79.9491
E13500,CENTRE AVE AT HELDMAN ST,Bus,Bus Stop,19.943182,10.6454545,9.2977275,40.4426,-79.9825
E70802,PENN AVE AT DALLAS AVE,Bus,Bus Stop,19.9295459,0.9340909,18.995455,40.4515,-79.9083
X20320,WEST LIBERTY AVE OPP MCFARLAND RD FS,Bus,Bus Stop,19.920454545454536,16.5590909090909,3.361363636363635,40.3895,-80.0416
N44580,PITTSBURGH ST AT HIGHLAND AVE FS,Bus,Bus Stop,19.893181818181844,17.850000000000026,2.0431818181818198,40.5416,-79.7996
E59270,WM PENN HWY OPP RED LOBSTER,Bus,Bus Stop,19.8840905,2.2045455,17.679545,40.4379,-79.7755
S70589,JUGHANDLE AT IVYGLEN ST FS,Bus,Bus Stop,19.879545625,14.7977275,5.081818125,40.3824,-79.9956
E51530,SHADY AVE AT WILKINS AVE,Bus,Bus Stop,19.870456,5.409091,14.461365,40.4441,-79.9206
E08510,BRADDOCK AVE AT 2ND ST,Bus,Bus Stop,19.852272727272716,17.58863636363635,2.263636363636365,40.4061,-79.8733
E70941,LINCOLN AVE AT LYRIC ST,Bus,Bus Stop,19.84090975,0.79772725,19.0431825,40.4635,-79.9034
E25010,GRANDVIEW AVE AT CENTER AVE,Bus,Bus Stop,19.822727272727292,12.9818181818182,6.84090909090909,40.3956,-79.8391
X01620,BEVERLY RD AT PARKER DR,Bus,Bus Stop,19.8181805,2.1795455,17.638635,40.3925,-80.047
S40455,REGIS AVE EXT AT HOME DEPOT,Bus,Bus Stop,19.8113636,10.475,9.3363636,40.3398,-79.953
N45890,RIDGE AVE AT ARCH ST NS,Bus,Bus Stop,19.79545225,18.897725,0.89772725,40.4523,-80.0088
W08045,GREENTREE RD AT FORSYTHE RD,Bus,Bus Stop,19.7886365,1.1386365,18.65,40.3999,-80.065
E19150,FORBES AVE AT BEECHWOOD BLVD,Bus,Bus Stop,19.78636385,17.609091,2.17727285,40.4381,-79.9151
E33910,LAKETON RD AT DOYLE ST FS,Bus,Bus Stop,19.754545899999997,19.395455,0.3590909,40.4562,-79.8578
X20110,WEST LIBERTY AVE AT MCFARLAND RD,Bus,Bus Stop,19.740909090909078,5.477272727272725,14.263636363636351,40.3896,-80.0416
E58090,WINTERBURN AVE AT FARNSWORTH ST FS,Bus,Bus Stop,19.738636500000002,11.55,8.188636500000001,40.4231,-79.9399
N12955,CALIFORNIA AVE AT POST OFFICE,Bus,Bus Stop,19.734089,16.64318,3.090909,40.459,-80.0202
W08073,GREENTREE RD AT MANILLA AVE FS,Bus,Bus Stop,19.73181818181819,15.1159090909091,4.61590909090909,40.4186,-80.0457
S27215,KEEPORT DR AT #5402,Bus,Bus Stop,19.727272727272705,3.854545454545455,15.87272727272725,40.3395,-79.9803
E12235,BUTLER ST OPP 53RD ST,Bus,Bus Stop,19.688636250000002,17.68636375,2.0022724999999997,40.4822,-79.9524
E07670,BIGELOW BLVD AT HERRON AVE FS,Bus,Bus Stop,19.6886355,4.8795455,14.809090000000001,40.4557,-79.9659
N41310,PENFORT ST AT ESSEN ST,Bus,Bus Stop,19.6818183,18.3068185,1.3749998,40.4733,-80.003
N31800,MANHATTAN ST AT LIVERPOOL ST,Bus,Bus Stop,19.679546799999997,17.495455999999997,2.1840908,40.4552,-80.0267
W00900,ALLENDALE ST OPP STANHOPE ST,Bus,Bus Stop,19.6772705,6.8045455,12.872724999999999,40.4571,-80.0628
E32745,JOHNSTON AVE AT WINSTON ST,Bus,Bus Stop,19.652272449999998,2.8999999499999998,16.7522725,40.4058,-79.9382
E29720,HOMEWOOD AVE AT FRANKSTOWN AVE FS,Bus,Bus Stop,19.640909,9.784091,9.856818,40.4576,-79.8962
N20710,FREEPORT RD AT BLAW AVE,Bus,Bus Stop,19.61136363636362,4.61818181818182,14.9931818181818,40.4928,-79.8631
N71342,THE BLOCK NORTHWAY DR AT DAVE AND BUSTERS,Bus,Bus Stop,19.6068183,4.8227274,14.7840909,40.5498,-80.021
N20770,FREEPORT RD AT BRILLIANT AVE,Bus,Bus Stop,19.575000000000003,16.434090909090912,3.1409090909090915,40.4889,-79.901
E35880,LINCOLN AVE AT MANNING ST FS,Bus,Bus Stop,19.536361450000005,19.081816000000003,0.45454544999999996,40.4679,-79.897
E21190,FRANKSTOWN RD AT ORIN ST,Bus,Bus Stop,19.5340915,4.1386365000000005,15.395454999999998,40.4648,-79.8532
X70085,SHIRE PL AT BREINING ST,Bus,Bus Stop,19.5068195,2.0454545,17.461365,40.3884,-80.0071
E26370,HAMILTON AVE AT FIFTH AVE,Bus,Bus Stop,19.504544000000003,12.763635,6.740909,40.4571,-79.9084
N71314,BROWNS LN OPP CHAPEL HILL,Bus,Bus Stop,19.49545445,10.1,9.39545445,40.5501,-80.0232
E30460,HWY RT 286 AT SANDUNE DR,Bus,Bus Stop,19.493179545,0.220454545,19.272725,40.4634,-79.7055
E70209,EAST LIBERTY BLVD OPP DAHLEM PL,Bus,Bus Stop,19.4863633,4.26136345,15.22499985,40.4585,-79.9166
N22760,PITTSBURGH ST OPP SCHOOL ST,Bus,Bus Stop,19.443181799999998,2.1681817999999997,17.275,40.5414,-79.7779
E44900,PARK HILL DR AT #2101,Bus,Bus Stop,19.4363655,16.48182,2.9545455,40.453,-79.8743
E06450,BEELER ST AT #5358,Bus,Bus Stop,19.40227325,2.51590925,16.886364,40.4455,-79.9319
E46590,PENN AVE AT WEST ST,Bus,Bus Stop,19.393182,11.790909,7.602273,40.4453,-79.8898
E05920,BEECHWOOD BLVD AT FEDERAL HILL ST,Bus,Bus Stop,19.31136375,16.068182,3.24318175,40.4209,-79.9274
E00920,FIFTH AVE AT AMBERSON AVE,Bus,Bus Stop,19.309091350000003,16.418182,2.89090935,40.4478,-79.9387
E36400,LINCOLN HWY OPP CENTER AVE,Bus,Bus Stop,19.302272727272715,17.83863636363635,1.463636363636365,40.3956,-79.8386
W07890,GRAND AVE AT PITTSBURGH RECYCLING CENTER,Bus,Bus Stop,19.30000135,1.06363635,18.236365,40.5088,-80.1168
E70446,FRANKSTOWN RD OPP MUNICIPAL BLDG,Bus,Bus Stop,19.2704543,1.1863638,18.084090500000002,40.4724,-79.8196
E21740,FRANKSTOWN RD AT SHENANDOAH DR,Bus,Bus Stop,19.261361325,0.943181825,18.3181795,40.4742,-79.8218
E06580,JONES AVE AT PARKVIEW AVE,Bus,Bus Stop,19.2590909,7.036363400000001,12.2227275,40.4037,-79.8626
S00420,S 18TH ST OPP CROSSMAN ST,Bus,Bus Stop,19.2454569,18.536366,0.7090909,40.4217,-79.9793
E39390,MILWAUKEE ST AT HERRON AVE,Bus,Bus Stop,19.2454565,15.20682,4.0386365,40.4524,-79.9642
N12830,CALIFORNIA AVE AT COLUMBUS AVE BRIDGE,Bus,Bus Stop,19.236362,13.31818,5.918182,40.4588,-80.0236
E33455,KIRKPATRICK ST AT CENTRE AVE,Bus,Bus Stop,19.225,7.618182,11.606818,40.4452,-79.9761
N10530,BRIGHTON RD OPP MCDOWELL ST,Bus,Bus Stop,19.215911,4.6840910000000004,14.53182,40.4718,-80.027
E32380,JANCEY ST AT HAMPTON ST,Bus,Bus Stop,19.1999995,17.061363,2.1386364999999996,40.4773,-79.9305
E70266,TOKAY ST AT BENNETT ST,Bus,Bus Stop,19.1318195,6.1704545,12.961365,40.4548,-79.8809
N43540,PERRYSVILLE AVE AT LAFAYETTE AVE,Bus,Bus Stop,19.129544,1.815909,17.313634999999998,40.4648,-80.0114
S27380,KENNYWOOD BLVD AT GLENN ST,Bus,Bus Stop,19.12272715,17.4113635,1.71136365,40.3906,-79.869
E35920,LINCOLN AVE AT ROWAN ST,Bus,Bus Stop,19.0999996,18.163636,0.9363636,40.4639,-79.902
E70401,WINTERBURN AVE AT GREENFIELD AVE,Bus,Bus Stop,19.0931815,10.356818,8.7363635,40.4263,-79.9398
N49570,SHADELAND AVE AT SCHIMMER ST,Bus,Bus Stop,19.0840925,1.5272725,17.556820000000002,40.4732,-80.0313
N08710,BEAVER ST OPP BROAD ST,Bus,Bus Stop,19.081818181818203,4.404545454545455,14.677272727272749,40.5695,-80.2139
E55211,UPLAND ST AT BRUSHTON AVE,Bus,Bus Stop,19.0795465,6.1386365000000005,12.940909999999999,40.4606,-79.8885
E27240,HARRIET ST AT BLDG #2,Bus,Bus Stop,19.059090850000004,16.322727150000002,2.7363637,40.4139,-79.8837
N32570,MCKNIGHT RD AT CUMBERLAND RD,Bus,Bus Stop,19.056818181818194,0.17045454545454544,18.886363636363647,40.5719,-80.0234
W16470,NOBLESTOWN RD AT NOBLE MANOR (RITE AID),Bus,Bus Stop,19.031816499999998,5.2386365,13.79318,40.4271,-80.0555
W22300,STEUBENVILLE PIKE AT HADDOCK RD,Bus,Bus Stop,19.0227285,16.836365,2.1863635,40.4494,-80.1077
E26420,HAMILTON AVE AT BRUSHTON AVE,Bus,Bus Stop,19.0136385,14.127275000000001,4.8863635,40.4527,-79.8889
E51060,SCHENLEY AVE AT PACIFIC AVE,Bus,Bus Stop,19.006818,3.256818,15.75,40.472,-79.9388
E16100,DALLAS AVE AT REYNOLDS ST,Bus,Bus Stop,19.002272650000002,17.3204545,1.68181815,40.4489,-79.9101
E54410,TILBURY AVE AT FORWARD AVE,Bus,Bus Stop,19.0,15.897727499999998,3.1022724999999998,40.4283,-79.9185
N43930,PERRYSVILLE AVE OPP CHERRYFIELD ST,Bus,Bus Stop,18.961363,16.679544999999997,2.2818180000000003,40.485,-80.0157
E03240,AIRBRAKE AVE AT MILLER ST,Bus,Bus Stop,18.9454543,2.5249998000000002,16.4204545,40.3954,-79.8065
E58450,WM PENN HWY AT GRAHAM BLVD FS,Bus,Bus Stop,18.9409086,12.7545453,6.1863633,40.4451,-79.8591
S70393,DUQUESNE BLVD AT GRANT AVE,Bus,Bus Stop,18.920454545454533,0.681818181818182,18.23863636363635,40.3738,-79.845
N10840,BRIGHTON RD OPP BRIGHTRIDGE ST,Bus,Bus Stop,18.9022705,13.272725000000001,5.6295455,40.4616,-80.019
E45660,PENN AVE AT FIFTH AVE,Bus,Bus Stop,18.8977265,4.1886365,14.70909,40.4542,-79.9128
E29150,HIGHLAND AVE AT VINTAGE SENIOR CITIZEN CTR,Bus,Bus Stop,18.884090500000003,17.229545,1.6545455,40.4654,-79.9231
E46550,PENN AVE AT TRENTON AVE FS (LIFE CARE),Bus,Bus Stop,18.88181865,11.2386366,7.64318205,40.4462,-79.8921
E04940,BAUM BLVD AT MOREWOOD AVE,Bus,Bus Stop,18.8659075,7.952272499999999,10.913635,40.4549,-79.9453
E20420,FRANKSTOWN AVE AT FINLEY ST NS,Bus,Bus Stop,18.847727,13.870454500000001,4.9772725,40.4591,-79.9095
E52500,SOUTH AVE OPP MULBERRY ST,Bus,Bus Stop,18.8454539,4.093181599999999,14.7522723,40.4416,-79.8841
N18745,EVERGREEN AVE AT FRANKLIN ST,Bus,Bus Stop,18.83636363636366,3.53409090909091,15.30227272727275,40.4902,-79.9718
E70992,WYLIE AVE AT FULLERTON ST,Bus,Bus Stop,18.834091,7.6818185,11.1522725,40.4419,-79.9891
E08650,BRADDOCK AVE AT BIDDLE AVE,Bus,Bus Stop,18.79772775,17.370455,1.42727275,40.4368,-79.8963
S00900,SECOND AVE AT TECHNOLOGY DR,Bus,Bus Stop,18.7454543,10.4204543,8.325,40.4341,-79.9655
N45700,RHINE ST AT ITIN ST FS,Bus,Bus Stop,18.738636800000002,0.41818180000000005,18.320455000000003,40.4628,-79.991
S31300,MAIN ST AT GRACE ST,Bus,Bus Stop,18.736363,3.231818,15.504545,40.3832,-79.9045
E23570,FRIENDSHIP AVE AT PACIFIC AVE,Bus,Bus Stop,18.7340905,2.7545455,15.979545000000002,40.4621,-79.9405
S23600,HWY RT 51 AT OLD CLAIRTON RD,Bus,Bus Stop,18.731818181818184,7.0113636363636385,11.720454545454544,40.3669,-79.9843
S48380,WEST ST AT 13TH AVE,Bus,Bus Stop,18.711363636363636,15.7,3.011363636363635,40.403,-79.9081
E00430,40TH ST AT DAVIDSON ST FS,Bus,Bus Stop,18.71136135,0.21363635,18.497725,40.4677,-79.9609
W25210,WASHINGTON AVE OPP JAMES ST FS (POST OFFICE),Bus,Bus Stop,18.700000000000003,0.35227272727272746,18.347727272727276,40.3566,-80.1134
N71341,MERCHANT ST AT 6TH ST,Bus,Bus Stop,18.686363636363616,0.28863636363636347,18.397727272727252,40.5865,-80.2272
N38690,NORTH AVE AT MIDDLE ST FS,Bus,Bus Stop,18.679547499999998,2.8272725000000003,15.852274999999999,40.4567,-80.0003
N71316,CALIFORNIA AVE AT CHIDELL ST,Bus,Bus Stop,18.656816,5.234091,13.422725,40.4772,-80.0401
W70138,STEUBENVILLE PIKE OPP CAMPBELLS RUN RD,Bus,Bus Stop,18.613636045,1.411363545,17.2022725,40.4485,-80.1579
N20925,FREEPORT RD AT CENTER AVE (BLAWNOX),Bus,Bus Stop,18.611363636363613,10.64772727272725,7.963636363636365,40.4921,-79.8649
W22740,STEUBENVILLE PIKE AT HOLY TRINITY CHURCH,Bus,Bus Stop,18.609092750000002,1.01136365,17.597729100000002,40.4517,-80.136
W00820,ALLENDALE ST AT FAIRDALE ST,Bus,Bus Stop,18.609091499999998,5.7636365000000005,12.845455,40.4554,-80.061
X18841,VIRGINIA AVE AT MERRIMAC ST,Bus,Bus Stop,18.593182249999998,18.120455,0.47272725,40.4317,-80.014
S25850,JACKS RUN RD AT RAINBOW SHOPPING CTR ENTRANCE,Bus,Bus Stop,18.5818159,0.20909090000000002,18.372725,40.3381,-79.8066
E25348,GREENFIELD AVE AT SECOND AVE,Bus,Bus Stop,18.57272725,13.227272500000002,5.34545475,40.425,-79.9526
X03250,BROOKLINE BLVD AT STEBBINS AVE,Bus,Bus Stop,18.556820449999996,0.7545454500000001,17.802274999999998,40.393,-80.0191
E52445,SOUTH AVE AT PITT ST,Bus,Bus Stop,18.54545275,0.45227275,18.09318,40.4429,-79.8883
N18985,EVERGREEN AVE OPP FRANKLIN ST,Bus,Bus Stop,18.531818181818174,15.9590909090909,2.572727272727275,40.4905,-79.9718
N49530,SHADELAND AVE AT RANCHERIA ST,Bus,Bus Stop,18.527273,1.0818180000000002,17.445455000000003,40.4719,-80.0309
E41730,NEGLEY AVE AT BRYANT ST,Bus,Bus Stop,18.511365,0.075,18.436365000000002,40.4772,-79.9238
E17590,EDGEWOOD AVE AT MAPLE AVE,Bus,Bus Stop,18.509090909090904,13.068181818181815,5.440909090909089,40.4328,-79.8847
X13773,BROOKLINE BLVD AT BELLAIRE PL,Bus,Bus Stop,18.5068168,17.888635,0.6181818,40.3922,-80.0129
E04410,ARDMORE BLVD OPP BEVINGTON RD,Bus,Bus Stop,18.50227272727273,17.979545454545455,0.5227272727272729,40.427,-79.8628
E58070,WINTERBURN AVE AT CONNOR ST,Bus,Bus Stop,18.4977275,7.7045455,10.793182,40.4205,-79.9399
N20030,FOREST AVE AT BALPH AVE,Bus,Bus Stop,18.495454545454532,16.063636363636352,2.43181818181818,40.5,-80.0526
E45970,PENN AVE AT FAIRMONT ST,Bus,Bus Stop,18.493184045,1.586363545,16.9068205,40.4437,-79.8656
E19750,FORBES AVE AT SENECA ST,Bus,Bus Stop,18.4931815,9.5749995,8.918182,40.4372,-79.9761
E20340,FRANKSTOWN AVE AT BRADDOCK AVE,Bus,Bus Stop,18.48863645,5.07045445,13.418182,40.456,-79.8902
S06300,BELTZHOOVER AVE OPP CHARLES ST,Bus,Bus Stop,18.484091,10.3,8.184091,40.4165,-79.9973
N08230,BEAVER ST AT BROAD ST FS,Bus,Bus Stop,18.46363636363638,12.5818181818182,5.88181818181818,40.5694,-80.2138
N22805,FREEPORT RD AT #1050,Bus,Bus Stop,18.45454515,3.22727265,15.2272725,40.4872,-79.8846
S44750,ST CLAIR AVE AT 5TH ST,Bus,Bus Stop,18.445454545454524,4.247727272727274,14.197727272727251,40.293,-79.8857
E19230,FORBES AVE AT BRADDOCK AVE,Bus,Bus Stop,18.4159085,16.829545,1.5863635,40.4397,-79.8973
N39570,OHIO RIVER BLVD AT CAMP HORNE RD NS,Bus,Bus Stop,18.411363636363625,3.4227272727272746,14.988636363636349,40.5102,-80.0941
N31420,MAIN ST AT 14TH ST,Bus,Bus Stop,18.370454499999997,12.024999999999999,6.3454545,40.4945,-79.9274
E21060,FRANKSTOWN RD AT HARVARD DR FS,Bus,Bus Stop,18.3272725,2.0772725000000003,16.25,40.4694,-79.8236
N52630,TROY HILL RD OPP GOETTMANN ST,Bus,Bus Stop,18.3204559,0.7340909,17.586365,40.4597,-79.9858
S48790,WHITAKER WAY AT SCHWAB AVE,Bus,Bus Stop,18.302272799999997,4.5613638,13.740908999999998,40.4019,-79.8886
W03720,CHARTIERS AVE AT SINGER AVE,Bus,Bus Stop,18.281818181818196,1.3954545454545455,16.88636363636365,40.465,-80.074
S47580,WARRINGTON AVE AT ESTELLA AVE,Bus,Bus Stop,18.2681821,3.9295456,14.3386365,40.4211,-80.0005
E35130,LIBERTY AVE AT 34TH ST,Bus,Bus Stop,18.265909999999998,3.15,15.11591,40.4618,-79.9657
E70298,BRYN MAWR RD AT IOWA ST,Bus,Bus Stop,18.265909,8.711363500000001,9.5545455,40.4515,-79.9573
E23605,FRIENDSHIP AVE AT TAYLOR ST,Bus,Bus Stop,18.220455,6.909091,11.311364000000001,40.464,-79.9497
E70898,VERONA ST OPP MAPLEVIEW DR,Bus,Bus Stop,18.213636363636358,1.134090909090909,17.07954545454545,40.4005,-79.863
X02220,BOWER HILL RD AT S MEADOWCROFT AVE,Bus,Bus Stop,18.188633775,14.170452275,4.0181815,40.3866,-80.0462
S27020,JOSEPHINE ST OPP BARRY ST,Bus,Bus Stop,18.1568175,15.554545,2.6022724999999998,40.4238,-79.9688
E03910,ALLEQUIPPA ST AT DARRAGH ST,Bus,Bus Stop,18.1431825,1.9227275000000001,16.220455,40.4432,-79.9652
S70268,HOFFMAN BLVD AT DUQUESNE BLVD FS,Bus,Bus Stop,18.14090909090909,7.3431818181818205,10.79772727272727,40.3844,-79.8636
E00270,32ND ST AT SPRING WAY,Bus,Bus Stop,18.134090750000002,8.39772725,9.736363500000001,40.4604,-79.9696
E70330,BRUSHTON AVE AT UPLAND ST,Bus,Bus Stop,18.104547500000002,12.577275,5.5272725000000005,40.4606,-79.8885
E29710,HOMEWOOD AVE AT FRANKSTOWN AVE,Bus,Bus Stop,18.099999999999998,8.788636499999999,9.311363499999999,40.4574,-79.8963
E57510,WILKINS AVE AT BELLEROCK ST,Bus,Bus Stop,18.09545455,0.92045455,17.175,40.4448,-79.9294
E21160,FRANKSTOWN RD AT MCCLUTCHEON LN,Bus,Bus Stop,18.0863635,14.75,3.3363635,40.4649,-79.8531
E18450,ELLSWORTH AVE AT CATHEDRAL MANSIONS,Bus,Bus Stop,18.0613635,11.206818,6.8545455,40.4485,-79.947
E08690,BRADDOCK AVE AT CHARLESTON AVE,Bus,Bus Stop,18.047725524999997,1.39772725,16.649998274999998,40.4307,-79.8926
E20370,FRANKSTOWN AVE AT COLLIER ST,Bus,Bus Stop,18.040909,13.279545500000001,4.7613635,40.4564,-79.8917
E46050,PENN AVE AT GREENSBURG PIKE,Bus,Bus Stop,18.0386363,1.8227272000000003,16.2159091,40.4447,-79.8612
E60110,YOST BLVD AT BRINTON RD FS,Bus,Bus Stop,17.990909090909092,12.53409090909091,5.45681818181818,40.4123,-79.8564
E23410,FRIENDSHIP AVE AT AIKEN AVE,Bus,Bus Stop,17.988635000000002,1.5,16.488635000000002,40.4619,-79.9378
E52810,STANTON AVE AT ORANMORE ST,Bus,Bus Stop,17.972729,15.40682,2.565909,40.4806,-79.9349
E20780,FRANKSTOWN AVE OPP LINCOLN AVE,Bus,Bus Stop,17.943182,8.8068185,9.1363635,40.4604,-79.914
E17440,EDGEWOOD AVE AT ELM ST FS,Bus,Bus Stop,17.93409090909091,17.09090909090909,0.843181818181818,40.4317,-79.8845
E46210,PENN AVE AT MATHILDA ST,Bus,Bus Stop,17.920454499999998,10.181818,7.7386365,40.4655,-79.9464
E33160,KELLY AVE AT PITT ST,Bus,Bus Stop,17.886364045,5.465909045,12.420454999999999,40.4406,-79.8896
E04820,BAUM BLVD AT CYPRESS ST,Bus,Bus Stop,17.8750005,4.7045455,13.170455,40.4559,-79.9421
X01260,BELTZHOOVER AVE AT EUREKA ST,Bus,Bus Stop,17.8590925,16.261364999999998,1.5977275,40.4238,-79.9975
N39820,OHIO RIVER BLVD AT MCKEES ROCKS BRIDGE,Bus,Bus Stop,17.822727399999998,10.415909,7.4068184,40.4789,-80.0433
S39710,PROSPECT RD AT E WILLOCK RD,Bus,Bus Stop,17.8113618,0.6681817999999999,17.14318,40.3633,-79.9683
N40423,OLD CALIFORNIA AVE AT WOODLAND AVE,Bus,Bus Stop,17.775,10.090909,7.6840910000000004,40.4667,-80.034
E56227,WARREN DR OPP WALMART DRVWY,Bus,Bus Stop,17.7681798,0.7431818,17.024998,40.3855,-79.8217
E36170,LINCOLN HWY AT CENTER AVE,Bus,Bus Stop,17.756818181818172,1.6681818181818202,16.08863636363635,40.3958,-79.8387
N22150,FREEPORT RD OPP ALPHA DR E,Bus,Bus Stop,17.750000000000007,12.970454545454551,4.779545454545455,40.5386,-79.8302
E42860,OAKWOOD ST AT FRANKSTOWN AVE,Bus,Bus Stop,17.7499995,11.954545,5.7954545,40.455,-79.8859
N71311,CALIFORNIA AVE AT CHIDELL ST,Bus,Bus Stop,17.747729,13.78182,3.965909,40.4773,-80.0403
E70870,REED ST AT ADDISON ST,Bus,Bus Stop,17.7477265,5.1386365000000005,12.60909,40.4428,-79.9771
E36070,LINCOLN AVE OPP CHURCHLAND ST,Bus,Bus Stop,17.74317985,1.19999985,16.54318,40.4697,-79.8945
N31220,LOWRIE ST AT HOFF ST,Bus,Bus Stop,17.7386345,0.7204545,17.01818,40.462,-79.9841
N45680,RHINE ST AT BUENTE ST,Bus,Bus Stop,17.72500045,1.42954545,16.295455,40.4662,-79.993
W03870,CHARTIERS AVE OPP AZALIA ST,Bus,Bus Stop,17.7159075,4.0477275,13.66818,40.4448,-80.0415
N14990,CHESTNUT ST AT PROGRESS ST FS,Bus,Bus Stop,17.681816,3.259091,14.422725,40.4533,-79.9928
S70545,SKYLINE DR AT #1765,Bus,Bus Stop,17.6727265,15.95909,1.7136364999999998,40.3657,-79.964
E32734,JOHNSTON AVE AT #657,Bus,Bus Stop,17.670454045,14.7590905,2.911363545,40.4054,-79.9341
N41735,PENNSYLVANIA AVE AT BRIGHTON RD,Bus,Bus Stop,17.6704525,7.9727275,9.697725,40.456,-80.0155
E07030,BENTLEY DR AT #1784,Bus,Bus Stop,17.6636375,4.8977275,12.76591,40.4401,-79.9766
E58700,WM PENN HWY AT PENN CENTER BLVD NS (DONUT SHO,Bus,Bus Stop,17.6568191,0.4659091,17.19091,40.4303,-79.8136
X01660,BEVERLY RD OPP RALSTON PL,Bus,Bus Stop,17.6545441,1.1909091,16.463635,40.389,-80.0491
X13670,PIONEER AVE OPP CRYSLER ST NS,Bus,Bus Stop,17.634090500000003,2.9045455000000002,14.729545000000002,40.4034,-80.0157
E38120,MAIN ST AT RIDGE AVE,Bus,Bus Stop,17.63181818181819,0.715909090909091,16.9159090909091,40.3986,-79.8411
E26430,HAMILTON AVE AT BRUSHTON AVE,Bus,Bus Stop,17.625000999999997,4.1840910000000004,13.440909999999999,40.4527,-79.8893
N41780,PENNSYLVANIA AVE AT FULTON ST,Bus,Bus Stop,17.624997795,16.581816,1.043181795,40.4543,-80.0248
N14160,CENTER AVE AT PERRY HWY FS (STEPS),Bus,Bus Stop,17.6136345,16.14318,1.4704545,40.518,-80.0324
E18010,ELECTRIC AVE OPP DYNAMO WAY,Bus,Bus Stop,17.60454545454548,14.331818181818205,3.2727272727272734,40.4012,-79.8349
W06800,FARONIA ST AT WYNETTE ST FS,Bus,Bus Stop,17.5977275,8.7068185,8.890909,40.4519,-80.0677
E23620,FRIENDSHIP AVE AT WINEBIDDLE ST,Bus,Bus Stop,17.5954525,0.9727275,16.622725,40.4623,-79.9433
S11440,CHARLES ST AT GRIMES AVE,Bus,Bus Stop,17.5909105,1.6295455,15.961364999999999,40.4165,-79.9932
S28850,LEBANON RD OPP NOBLE DR FS (HARLEY DAVIDSON),Bus,Bus Stop,17.556818200000002,16.975,0.5818182000000001,40.3618,-79.9324
E70885,4TH ST AT HAWKINS AVE,Bus,Bus Stop,17.545455,12.620455,4.925,40.4093,-79.8669
N33595,MERCHANT ST AT 6TH ST,Bus,Bus Stop,17.53409090909089,17.1931818181818,0.340909090909091,40.5866,-80.2274
E13730,CENTRE AVE AT REED ST,Bus,Bus Stop,17.488636,8.5113635,8.9772725,40.4454,-79.9711
E70831,BROADVIEW DR AT JOHNSTON AVE,Bus,Bus Stop,17.470454000000004,10.604545000000002,6.865909,40.408,-79.9264
E21600,FRANKSTOWN RD OPP HARVARD DR,Bus,Bus Stop,17.465909345,16.352273,1.113636345,40.4695,-79.8236
S27060,JOSEPHINE ST OPP SALISBURY ST NS,Bus,Bus Stop,17.44545635,17.23182,0.21363635,40.418,-79.9669
S40600,RICHLAND AVE AT CEMETERY LN,Bus,Bus Stop,17.436363636363637,8.31136363636364,9.125,40.3497,-79.8933
E54590,TRENTON AVE OPP REBECCA AVE NS,Bus,Bus Stop,17.4181805,16.063634999999998,1.3545455,40.4419,-79.8924
E34850,LIBERTY AVE AT 14TH ST,Bus,Bus Stop,17.40909035,3.34090885,14.0681815,40.4469,-79.9892
E35790,LINCOLN AVE AT CAMPANIA ST,Bus,Bus Stop,17.406819775,0.122727275,17.2840925,40.4722,-79.8909
W16160,NOBLESTOWN RD AT BARTOW ST,Bus,Bus Stop,17.406817750000002,15.929545000000001,1.47727275,40.4362,-80.052
N31805,MANHATTAN ST AT PENNSYLVANIA AVE,Bus,Bus Stop,17.395455045,15.7818185,1.6136365449999999,40.4542,-80.0264
N32750,MCKNIGHT RD AT NORTHLAND MEDICAL CENTER,Bus,Bus Stop,17.38863665,15.927273,1.46136365,40.5192,-80.005
N43200,PERRYSVILLE AVE AT PERRYVIEW AVE,Bus,Bus Stop,17.381816,13.047725,4.334091,40.4938,-80.0221
S31240,MAIN ST AT ELIZABETH ST,Bus,Bus Stop,17.3749995,16.329545,1.0454545,40.3784,-79.9081
E70408,SWISSVALE AVE AT JANE ST LOOP FS,Bus,Bus Stop,17.365907500000002,3.6772725,13.688635000000001,40.4359,-79.8816
N38640,NORTH AVE AT KLOPFER ST,Bus,Bus Stop,17.359090909090895,2.620454545454545,14.738636363636349,40.4848,-79.973
E29180,HIGHLAND AVE AT WELLESLEY AVE,Bus,Bus Stop,17.356817275,17.25909,0.097727275,40.4726,-79.9197
N24110,GRANT AVE AT WILSON ST,Bus,Bus Stop,17.336363636363636,14.179545454545455,3.1568181818181804,40.5042,-79.9492
N31670,MAIN ST OPP 14TH ST,Bus,Bus Stop,17.3295454,5.6022729,11.7272725,40.4944,-79.9276
W17780,NOBLESTOWN RD OPP NOBLE MANOR (COGOS),Bus,Bus Stop,17.3227295,13.627275000000001,3.6954545,40.4271,-80.0554
E42020,NEGLEY AVE OPP RURAL ST,Bus,Bus Stop,17.31590895,14.7522725,2.5636364499999997,40.466,-79.9292
E08980,BRADDOCK AVE AT OVERTON ST,Bus,Bus Stop,17.31363865,0.28636364999999997,17.027275000000003,40.4343,-79.8952
E06200,BEECHWOOD BLVD AT TILBURY AVE,Bus,Bus Stop,17.311363999999998,10.0886365,7.2227274999999995,40.4266,-79.9191
E58140,WINTERBURN AVE OPP CONNOR ST,Bus,Bus Stop,17.3113635,7.081818,10.2295455,40.4204,-79.9398
E23490,FRIENDSHIP AVE AT GRAHAM ST,Bus,Bus Stop,17.302273999999997,12.986365,4.3159089999999996,40.4618,-79.9362
S27546,KENNYWOOD MALL FIRE LANE AT HOLLYWOOD VIDEO,Bus,Bus Stop,17.3000015,3.9386365000000003,13.361365,40.3836,-79.8675
E29220,HIGHLAND AVE OPP BRYANT CT,Bus,Bus Stop,17.295455,0.075,17.220455,40.4744,-79.9188
X70076,WEST LIBERTY AVE AT DORMONT AVE,Bus,Bus Stop,17.286363636363635,9.78181818181818,7.504545454545455,40.3913,-80.0389
E45950,PENN AVE AT EVALINE ST,Bus,Bus Stop,17.2863625,5.4227275,11.863635,40.4648,-79.9413
N43130,PERRY HWY AT VFW,Bus,Bus Stop,17.26590865,0.8613636499999999,16.404545,40.5177,-80.03
N44590,PITTSBURGH ST AT HIGHLAND AVE FS,Bus,Bus Stop,17.25,2.8795454545454535,14.370454545454546,40.5414,-79.7997
E46390,PENN AVE AT BRITTANY APTS (#1717),Bus,Bus Stop,17.209091225,15.477273,1.731818225,40.4437,-79.8659
S38370,PENN AVE AT SCHOOL WAY FS,Bus,Bus Stop,17.193182,10.184091,7.009091,40.4139,-79.9872
S01360,2ND ST AT OLIVER AVE,Bus,Bus Stop,17.175000000000004,3.497727272727275,13.67727272727273,40.3766,-79.85
W08135,GREENTREE RD AT WARRIORS RD,Bus,Bus Stop,17.154545454545435,3.211363636363635,13.943181818181799,40.4243,-80.0433
S34290,BUTTERMILK HOLLOW RD AT THOMPSON RUN RD FS,Bus,Bus Stop,17.145452849999998,14.4318165,2.71363635,40.3609,-79.9076
S00010,10TH AVE AT ANN ST,Bus,Bus Stop,17.14090909090907,14.17272727272725,2.9681818181818196,40.4064,-79.9081
E04830,BAUM BLVD AT CYPRESS ST FS,Bus,Bus Stop,17.125,8.9886365,8.1363635,40.4559,-79.9423
S29243,LIBRARY PL AT DUQUESNE BLVD,Bus,Bus Stop,17.104545454545455,5.675,11.429545454545456,40.3717,-79.8438
E17314,EAST BUSWAY AT HERRON STATION D,Busway,Busway Station,17.090909325,0.218181825,16.8727275,40.4594,-79.9666
E54430,TILBURY AVE AT NICHOLSON ST,Bus,Bus Stop,17.072727750000002,0.47727275,16.595455,40.4304,-79.9178
E70980,HERMAN AVE AT COMMERCE ST,Bus,Bus Stop,17.070455000000003,12.222727500000001,4.8477274999999995,40.3925,-79.8086
E35780,LINCOLN AVE AT CAMPANIA ST,Bus,Bus Stop,17.05909235,16.145456,0.91363635,40.4724,-79.8909
E08885,BRADDOCK AVE OPP LINE AVE,Bus,Bus Stop,17.047727272727293,2.120454545454545,14.927272727272749,40.4071,-79.8752
E70779,BEDFORD AVE OPP MORGAN ST,Bus,Bus Stop,17.031820500000002,12.702275,4.3295455,40.4521,-79.9694
E70813,CHISLETT ST AT WELLESLEY AVE,Bus,Bus Stop,17.0318175,2.7295455,14.302272,40.4757,-79.9299
E46120,PENN AVE AT JACKSON ST,Bus,Bus Stop,17.018182069999998,15.53636375,1.4818183200000001,40.4448,-79.8612
S48785,WHITAKER ST AT MIFFLIN ST,Bus,Bus Stop,17.0045478,1.3977273000000001,15.606820500000001,40.3988,-79.8855
N40010,OHIO RIVER BLVD AT THRIFT STORE,Bus,Bus Stop,16.975000000000016,3.863636363636365,13.111363636363649,40.4952,-80.0659
E25367,GREENFIELD AVE AT KEARCHER ST,Bus,Bus Stop,16.959091,4.9795455,11.9795455,40.4253,-79.9439
W08076,GREENTREE RD AT MANSFIELD AVE,Bus,Bus Stop,16.959090909090893,0.8954545454545455,16.06363636363635,40.4222,-80.046
S70261,BAUSMAN ST AT KNOX AVE,Bus,Bus Stop,16.959090500000002,5.1045455,11.854545000000002,40.4144,-79.9902
E03560,ALLEGHENY RIVER BLVD AT SOUTH AVE,Bus,Bus Stop,16.956817,15.188635000000001,1.768182,40.505,-79.8431
E14250,CHISLETT ST AT VILLANOVA RD,Bus,Bus Stop,16.931818545000002,1.015909045,15.915909500000001,40.4823,-79.9278
E70882,BEECHWOOD BLVD OPP MONITOR ST FS,Bus,Bus Stop,16.929545795,1.447727295,15.4818185,40.4255,-79.9268
E45604,PENN AVE AT 39TH ST,Bus,Bus Stop,16.925,10.784091,6.140909,40.4648,-79.9603
E04910,BAUM BLVD AT MILLVALE AVE,Bus,Bus Stop,16.918181,11.684090000000001,5.234091,40.4545,-79.9476
W16290,NOBLESTOWN RD AT COLESCOTT ST,Bus,Bus Stop,16.9045459,14.745455,2.1590909,40.4342,-80.0502
S47550,ARLINGTON AVE AT WARRINGTON AVE,Bus,Bus Stop,16.904543,2.181818,14.722725,40.4217,-79.9923
E57710,WILKINS AVE AT WORTH ST,Bus,Bus Stop,16.890909450000002,1.1249999499999999,15.765909500000001,40.4466,-79.9128
N41790,PENNSYLVANIA AVE AT SEDGEWICK ST,Bus,Bus Stop,16.89090775,1.64545455,15.2454532,40.4548,-80.0222
E21550,FRANKSTOWN RD AT BEULAH RD FS,Bus,Bus Stop,16.8590905,8.4272725,8.431818,40.4607,-79.8419
E04190,ARDMORE BLVD AT BRADDOCK RD,Bus,Bus Stop,16.854545454545455,1.3795454545454549,15.475,40.4246,-79.8597
E46230,PENN AVE AT MIDLAND ST,Bus,Bus Stop,16.8227277,4.6500002,12.1727275,40.4395,-79.8749
E20810,FRANKSTOWN RD AT 1ST REFORMED CHURCH,Bus,Bus Stop,16.82045495,0.65454545,16.165909499999998,40.4815,-79.8216
S43160,SOLTIS DR AT DESIDERIO BLVD,Bus,Bus Stop,16.811363636363645,15.690909090909098,1.120454545454545,40.2866,-79.8961
X03390,BROOKLINE BLVD OPP GREENCREST DR,Bus,Bus Stop,16.777271799999998,0.6681817999999999,16.10909,40.3924,-80.0054
E34800,LEMINGTON AVE AT WARDSONS ST,Bus,Bus Stop,16.7772715,4.0386365,12.738635,40.4714,-79.8981
E70960,WESTINGHOUSE AVE AT HERMAN AVE,Bus,Bus Stop,16.772727500000002,5.5886365,11.184091,40.3918,-79.8098
E04930,BAUM BLVD AT MOREWOOD AVE,Bus,Bus Stop,16.722727,10.015909,6.706818,40.4551,-79.945
E23500,FRIENDSHIP AVE AT GRAHAM ST,Bus,Bus Stop,16.7159095,1.9954545,14.720455,40.4618,-79.9365
S70577,SIDNEY ST AT CIRCUIT CENTER DRVWY FS,Bus,Bus Stop,16.7045468,0.19318180000000001,16.511364999999998,40.4256,-79.9623
X16315,SHILOH ST AT VIRGINIA AVE,Bus,Bus Stop,16.704544,1.465909,15.238635,40.4293,-80.0073
E05510,BEATTY ST AT EVA ST,Bus,Bus Stop,16.693182,11.9386365,4.7545455,40.4612,-79.9274
E09110,BRADDOCK AVE AT SANDERS ST,Bus,Bus Stop,16.688636363636363,13.961363636363636,2.727272727272727,40.4317,-79.8932
N19560,FERGUSON RD AT MT ROYAL BLVD FS,Bus,Bus Stop,16.66818181818182,1.2136363636363658,15.454545454545455,40.5557,-79.9718
E04870,BAUM BLVD AT LIBERTY AVE,Bus,Bus Stop,16.645453,10.738635,5.9068179999999995,40.4567,-79.9395
S00080,12TH AVE AT AMITY ST,Bus,Bus Stop,16.63863636363638,13.656818181818199,2.9818181818181797,40.4044,-79.9081
S30610,LYSLE BLVD AT CENTER ST,Bus,Bus Stop,16.636363636363644,8.472727272727274,8.16363636363637,40.3523,-79.8534
E14450,COAL ST AT SOUTH AVE,Bus,Bus Stop,16.6363625,10.75909,5.8772725,40.4402,-79.8803
E20901,FRANKSTOWN RD AT COAL HOLLOW RD,Bus,Bus Stop,16.615909,10.7363635,5.8795455,40.4604,-79.8424
E70284,JANCEY ST OPP GAEL WAY,Bus,Bus Stop,16.584091775,14.434092,2.149999775,40.4877,-79.9248
E20782,FRANKSTOWN AVE OPP OAKWOOD ST,Bus,Bus Stop,16.570455000000003,8.2727275,8.2977275,40.4551,-79.8858
N02030,E 4TH AVE AT WOOD ST,Bus,Bus Stop,16.5636362,6.736363400000001,9.8272728,40.6012,-79.7549
W00810,ALLENDALE ST AT CHARTIERS AVE,Bus,Bus Stop,16.556818,9.690909,6.865909,40.4541,-80.0597
X08843,KANE BLVD AT GREEN COMMONS DR,Bus,Bus Stop,16.5409095,14.520455,2.0204545,40.3753,-80.0879
N38570,NORTH AVE AT GRANT AVE,Bus,Bus Stop,16.53636363636366,12.05227272727275,4.48409090909091,40.4812,-79.9748
S24100,HWY RT 51 AT SOUTH MALL ENTRANCE DR,Bus,Bus Stop,16.525,11.1454545,5.3795455,40.3352,-79.9469
E46180,PENN AVE AT LINDEN AVE,Bus,Bus Stop,16.513636799999997,0.9931818000000001,15.520454999999998,40.4527,-79.9105
E34240,LAKETON RD AT PADEN ST,Bus,Bus Stop,16.506818499999998,1.6113635,14.895454999999998,40.4491,-79.8642
N06570,BABCOCK BLVD AT LAROCHE COLLEGE DRVWY,Bus,Bus Stop,16.506818181818186,1.2363636363636366,15.27045454545455,40.5681,-80.0165
E32742,JOHNSTON AVE AT GERTRUDE ST,Bus,Bus Stop,16.5045459,11.052273,5.4522729000000005,40.4066,-79.9413
N31720,MAIN ST OPP 19TH ST,Bus,Bus Stop,16.49999975,6.15454525,10.345454499999999,40.494,-79.9181
E46670,PENN AVE OPP FINDLEY DR EAST,Bus,Bus Stop,16.49772745,2.19318195,14.3045455,40.4443,-79.8634
E17296,EAST BUSWAY AT HOMEWOOD STATION D,Busway,Busway Station,16.470454745,0.463636345,16.0068184,40.4529,-79.8989
N01920,E 4TH AVE AT BOYD ST,Bus,Bus Stop,16.4590907,8.2113637,8.247727000000001,40.6007,-79.7561
S04680,ARLINGTON AVE OPP DENGLER ST,Bus,Bus Stop,16.459089499999997,5.5454545,10.913635,40.4173,-79.9677
E17510,EDGEWOOD AVE AT EDGEWOOD CT,Bus,Bus Stop,16.456818181818182,15.09090909090909,1.365909090909091,40.4303,-79.8843
X07040,GRANDVIEW AVE OPP PLYMOUTH ST,Bus,Bus Stop,16.436362,1.093182,15.34318,40.4389,-80.0205
S23620,HWY RT 51 AT CLOVERLEAF TOWERS,Bus,Bus Stop,16.431818545000002,15.411364,1.020454545,40.342,-79.9662
N44840,PITTSBURGH ST AT ROSA ST FS,Bus,Bus Stop,16.4272705,12.224998,4.2022725,40.5413,-79.7869
E23610,FRIENDSHIP AVE AT WINEBIDDLE ST,Bus,Bus Stop,16.402272,13.95909,2.443182,40.4624,-79.9431
E13510,CENTRE AVE AT HELDMAN ST,Bus,Bus Stop,16.3886365,7.1568185,9.231818,40.4424,-79.9826
W08079,GREENTREE RD OPP ORCHARD DR,Bus,Bus Stop,16.37954545454546,1.5840909090909099,14.79545454545455,40.4123,-80.046
W17250,NOBLESTOWN RD AT SCHOOL ST,Bus,Bus Stop,16.368183,13.336364999999999,3.0318180000000003,40.4264,-80.0571
E11190,BRYANT ST AT ST CLAIR ST,Bus,Bus Stop,16.365907275,0.097727275,16.26818,40.4761,-79.9209
E32295,JAMES ST AT MONROEVILLE AVE,Bus,Bus Stop,16.363636500000002,10.722727500000001,5.640909,40.4092,-79.8189
W00300,4TH AVE AT BROADWAY ST,Bus,Bus Stop,16.3590909090909,3.65,12.7090909090909,40.5172,-80.1604
E34050,LAKETON RD OPP DOUGLAS PLAZA APTS,Bus,Bus Stop,16.3431832,0.43181820000000004,15.911365,40.4546,-79.8584
N54680,WOODLAND AVE AT STAYTON ST,Bus,Bus Stop,16.338637499999997,13.861365,2.4772724999999998,40.4696,-80.0275
E16110,DALLAS AVE AT REYNOLDS ST,Bus,Bus Stop,16.329545600000003,0.8909091,15.438636500000001,40.4486,-79.9102
N32820,MCKNIGHT RD AT PEEBLES RD,Bus,Bus Stop,16.293181818181814,1.088636363636365,15.20454545454545,40.5543,-80.021
S04460,ARLINGTON AVE AT JULIA ST,Bus,Bus Stop,16.284091,5.215909,11.068182,40.418,-79.9785
E27490,RANKIN BLVD AT HAWKINS AVE,Bus,Bus Stop,16.2681825,11.120455,5.1477275,40.412,-79.881
S11350,CHALFONT ST AT ESTELLA AVE,Bus,Bus Stop,16.263634,12.222725,4.040909,40.4167,-80.0002
W08500,HELEN ST AT CATHERINE ST,Bus,Bus Stop,16.245454545454546,4.55681818181818,11.688636363636366,40.4726,-80.0562
X18890,VIRGINIA AVE OPP SHOP-N-SAVE,Bus,Bus Stop,16.2386365,9.288636499999999,6.95,40.4299,-80.008
X03290,BROOKLINE BLVD OPP BIRCHLAND ST,Bus,Bus Stop,16.21136545,0.87954545,15.33182,40.3923,-80.0095
N39500,OHIO RIVER BLVD AT ALLEGHENY AVE,Bus,Bus Stop,16.188636363636373,0.6727272727272725,15.515909090909101,40.5115,-80.1009
X13772,PIONEER AVE RAMP AT SOUTH BUSWAY,Bus,Bus Stop,16.184091,10.634091,5.55,40.4119,-80.0089
E05180,BEACON ST AT MUNHALL RD,Bus,Bus Stop,16.154545000000002,1.993182,14.161363000000001,40.4344,-79.9249
E52360,SOUTH AVE AT CENTER ST,Bus,Bus Stop,16.118181800000002,4.7590907,11.3590911,40.4411,-79.8827
E32500,JANCEY ST AT WELLESLEY AVE,Bus,Bus Stop,16.102273099999998,12.620455,3.4818181,40.4762,-79.9308
S31480,MAIN ST AT MILLER AVE,Bus,Bus Stop,16.0931835,14.63182,1.4613635,40.3872,-79.9023
E52485,SOUTH AVE AT WEST ST,Bus,Bus Stop,16.0886359,1.0090909,15.079545,40.4437,-79.8906
S70475,HARTMAN ST AT ANDERSON AVE,Bus,Bus Stop,16.070454545454535,1.211363636363635,14.859090909090899,40.35,-79.8344
E34635,LEECHBURG RD AT GARDEN DR,Bus,Bus Stop,16.06590915,15.7295455,0.33636365,40.4882,-79.8014
N31470,MAIN ST AT 21ST ST,Bus,Bus Stop,16.065908999999998,11.7863635,4.279545499999999,40.4937,-79.9157
E56010,WALLACE AVE AT MILL ST,Bus,Bus Stop,16.038636595,2.52045455,13.518182045,40.4432,-79.8802
N32560,MCKNIGHT RD AT CUMBERLAND RD,Bus,Bus Stop,16.031818181818167,15.78863636363635,0.243181818181818,40.5723,-80.0238
N33590,MERCHANT ST AT 4TH ST FS,Bus,Bus Stop,16.02045454545454,0.8159090909090909,15.20454545454545,40.584,-80.2254
W08253,GREENTREE RD OPP POTOMAC AVE,Bus,Bus Stop,16.015909090909073,1.66818181818182,14.347727272727251,40.4086,-80.0499
E39360,MILLVALE AVE AT YEW ST,Bus,Bus Stop,16.0113625,1.7977275000000001,14.213635,40.4578,-79.9474
E23480,FRIENDSHIP AVE AT FAIRMOUNT ST FS,Bus,Bus Stop,16.0022725,13.554545000000001,2.4477275,40.4615,-79.9345
N32700,MCKNIGHT RD AT MALIBRAN DR,Bus,Bus Stop,15.99772727272727,14.86590909090909,1.1318181818181798,40.5574,-80.0231
S24200,HWY RT 51 AT STREETS RUN RD,Bus,Bus Stop,15.979545000000002,2.95,13.029545,40.3465,-79.9736
W10450,ISLAND AVE AT MCKEES ROCKS BRIDGE,Bus,Bus Stop,15.959090909090886,3.086363636363635,12.87272727272725,40.4734,-80.0623
N71207,BALPH AVE AT ORCHARD AVE,Bus,Bus Stop,15.950000000000019,13.031818181818199,2.9181818181818198,40.4992,-80.0531
E60100,YOST BLVD AT BRINTON RD,Bus,Bus Stop,15.938636363636366,1.5613636363636367,14.377272727272729,40.4125,-79.8564
E49260,ROWLAND CONNECTOR AT PENNWOOD AVE,Bus,Bus Stop,15.920454875,4.929545774999999,10.990909100000001,40.4406,-79.8871
S10560,BUTTERMILK HOLLOW RD OPP THOMPSON RUN RD,Bus,Bus Stop,15.918181200000001,2.3272727,13.590908500000001,40.3608,-79.9077
S35590,ARLINGTON AVE AT WARRINGTON AVE,Bus,Bus Stop,15.904545500000001,1.6045455,14.3,40.422,-79.9922
E08880,BRADDOCK AVE AT LINE AVE,Bus,Bus Stop,15.89545454545454,13.529545454545449,2.36590909090909,40.4071,-79.875
X02050,BOWER HILL RD AT CARNEGIE DR,Bus,Bus Stop,15.8909109,15.45682,0.43409090000000006,40.3837,-80.0562
E11630,BUTLER ST AT 39TH ST,Bus,Bus Stop,15.8454555,4.4795455,11.36591,40.4674,-79.9639
W16550,NOBLESTOWN RD AT HARRIS AVE FS,Bus,Bus Stop,15.845455,1.9,13.945454999999999,40.4341,-80.0504
S31590,MAIN ST AT VIRGINIA AVE,Bus,Bus Stop,15.843182500000001,2.3272725000000003,13.51591,40.386,-79.903
N44500,PITTSBURGH ST AT COLFAX ST,Bus,Bus Stop,15.840909275,12.9477275,2.893181775,40.5411,-79.784
N39750,OHIO RIVER BLVD AT KILBUCK ST (I-79 ENT),Bus,Bus Stop,15.838636363636368,2.5931818181818196,13.24545454545455,40.5179,-80.1307
N31340,LOWRIE ST OPP CLAIM ST,Bus,Bus Stop,15.829545899999998,0.3090909,15.520454999999998,40.4631,-79.983
E17424,ECKSTEIN PL AT WADSWORTH ST FS,Bus,Bus Stop,15.825002,4.793182,11.03182,40.4427,-79.9685
E58150,WINTERBURN AVE OPP FARNSWORTH ST,Bus,Bus Stop,15.7977275,7.2545455,8.543182,40.4231,-79.9398
W10630,ISLAND AVE OPP TUNNEL WAY,Bus,Bus Stop,15.7840905,6.556818,9.2272725,40.4771,-80.0661
S16430,E CARSON ST AT S 7TH ST,Bus,Bus Stop,15.775001500000002,11.7227285,4.0522730000000005,40.4287,-79.9921
S70597,BROWNLEE ST AT #44,Bus,Bus Stop,15.76136363636364,2.54090909090909,13.220454545454551,40.3492,-79.8412
N49520,SHADELAND AVE AT OAKHILL ST FS,Bus,Bus Stop,15.7613635,14.25,1.5113634999999999,40.472,-80.0311
E57500,WILKINS AVE OPP BELLEROCK ST,Bus,Bus Stop,15.75681785,15.143181499999999,0.6136363499999999,40.4447,-79.9291
S70370,MONONGAHELA AVE AT 7TH ST,Bus,Bus Stop,15.727272727272725,6.34090909090909,9.386363636363635,40.3245,-79.8925
E00180,28TH ST AT LIBERTY AVE,Bus,Bus Stop,15.711363500000001,1.025,14.6863635,40.4562,-79.9748
E06970,BENTLEY DR AT #1785,Bus,Bus Stop,15.709088999999999,10.79318,4.915909,40.4402,-79.9767
N14980,CHESTNUT ST AT PROGRESS ST,Bus,Bus Stop,15.7022705,13.372724999999999,2.3295455,40.4533,-79.9929
E70066,BENTLEY DR AT BURROWS ST,Bus,Bus Stop,15.6931835,3.5363635,12.15682,40.4396,-79.9707
E39370,MILLVALE AVE AT YEW ST,Bus,Bus Stop,15.690908,13.809090000000001,1.881818,40.4583,-79.9474
N49460,SHADELAND AVE AT COMPLETE ST FS,Bus,Bus Stop,15.675000999999998,13.565909999999999,2.1090910000000003,40.4734,-80.0315
S04620,ARLINGTON AVE AT SPRING ST,Bus,Bus Stop,15.674999,12.75909,2.915909,40.4179,-79.9789
E23560,FRIENDSHIP AVE AT PACIFIC AVE,Bus,Bus Stop,15.670454999999999,13.020454999999998,2.65,40.4621,-79.9403
E56380,WASHINGTON BLVD AT NEGLEY RUN BLVD FS,Bus,Bus Stop,15.66591135,14.902275,0.7636363500000001,40.47,-79.9087
E11740,BUTLER ST AT 49TH ST,Bus,Bus Stop,15.65454365,13.3636345,2.29090915,40.4771,-79.9569
E32350,JANCEY ST AT BRYANT ST,Bus,Bus Stop,15.649999650000002,14.838636000000001,0.8113636500000001,40.4794,-79.9298
N31450,MAIN ST AT 18TH ST,Bus,Bus Stop,15.6386365,9.9204545,5.7181820000000005,40.4946,-79.9215
E20870,FRANKSTOWN RD OPP BON AIR RD,Bus,Bus Stop,15.629546,4.1840910000000004,11.445454999999999,40.4637,-79.8556
E70452,MILWAUKEE ST AT ORION ST,Bus,Bus Stop,15.6045455,8.831818,6.7727275,40.4544,-79.9612
N12125,BUENTE ST AT RHINE ST,Bus,Bus Stop,15.584089545000001,15.013635,0.570454545,40.4662,-79.9931
E26630,HAMILTON AVE AT STERRETT ST,Bus,Bus Stop,15.575000000000001,10.015909,5.5590910000000004,40.4541,-79.8951
W26250,W PROSPECT AVE AT KINGSLAND AVE,Bus,Bus Stop,15.575,8.09090909090909,7.48409090909091,40.4475,-80.0717
X13460,PIONEER AVE AT CRYSLER ST FS,Bus,Bus Stop,15.563636500000001,10.625,4.9386365,40.4034,-80.0155
N71315,BROWNS LN AT CHAPEL HILL,Bus,Bus Stop,15.5431816,8.6113636,6.931818,40.5502,-80.0234
X00400,BAILEY AVE OPP RUTH ST,Bus,Bus Stop,15.529545899999999,1.0590909,14.470455,40.4271,-80.0052
E20730,FRANKSTOWN RD OPP WOODS RD,Bus,Bus Stop,15.51363636363638,2.13181818181818,13.3818181818182,40.4597,-79.8739
E48190,RANKIN BLVD AT BLDG #5,Bus,Bus Stop,15.5113641,13.18181845,2.32954565,40.4131,-79.883
E11785,BUTLER ST AT 53RD ST,Bus,Bus Stop,15.509090895,1.779545545,13.72954535,40.482,-79.9525
X18750,VIRGINIA AVE AT BIGHAM ST,Bus,Bus Stop,15.506817750000002,1.0772727500000001,14.429545000000001,40.432,-80.0152
E41780,NEGLEY AVE AT ELMER ST,Bus,Bus Stop,15.497727,8.7704545,6.7272725,40.4533,-79.9317
N41770,PENNSYLVANIA AVE AT FONTELLA ST,Bus,Bus Stop,15.493181195000002,14.011363000000001,1.481818195,40.4546,-80.023
E56920,WEBSTER AVE OPP MCNEIL PL,Bus,Bus Stop,15.4795455,6.306818,9.1727275,40.454,-79.9632
E06470,BEELER ST AT BEELERMONT PL,Bus,Bus Stop,15.47954525,2.17272725,13.306818,40.4454,-79.9334
N22420,FREEPORT RD OPP HULTON BRIDGE NS,Bus,Bus Stop,15.468181818181815,6.61590909090909,8.852272727272725,40.529,-79.8502
E04210,ARDMORE BLVD AT BRINTON RD,Bus,Bus Stop,15.46363675,2.8545455000000004,12.609091249999999,40.4356,-79.8717
W21940,STEUBEN ST OPP ELBON ST,Bus,Bus Stop,15.4636365,4.015909,11.447727500000001,40.4416,-80.0407
E11580,BUTLER ST AT 37TH ST,Bus,Bus Stop,15.461364,10.8227275,4.6386365,40.4664,-79.9647
S70554,PARKLINE DR AT #1620,Bus,Bus Stop,15.4568185,3.4113635,12.045455,40.3668,-79.9677
E46610,PENN AVE AT WINEBIDDLE ST,Bus,Bus Stop,15.429545000000001,4.575,10.854545000000002,40.465,-79.943
N71337,EVERGREEN AVE AT KLOPFER ST,Bus,Bus Stop,15.424999999999974,11.82272727272725,3.602272727272725,40.4856,-79.9724
E70837,CRAFT AVE AT HAMLET PL FS,Bus,Bus Stop,15.41136375,6.0045456999999995,9.40681805,40.4363,-79.9622
E11170,BRYANT ST AT MELLON ST,Bus,Bus Stop,15.400002274999999,0.097727275,15.302274999999998,40.4765,-79.9218
S24525,HWY RT 51 AT #4040,Bus,Bus Stop,15.390909090909094,4.565909090909095,10.825,40.3685,-79.9835
E01440,FIFTH AVE AT MOULTRIE ST,Bus,Bus Stop,15.3886365,9.9113635,5.477273,40.438,-79.9746
S31660,MAIN ST AT W OLIVER RD FS,Bus,Bus Stop,15.38409045,0.62954545,14.754545,40.3898,-79.901
E30110,HOWLEY ST AT FRIENDSHIP AVE,Bus,Bus Stop,15.379545499999999,8.0,7.3795455,40.4651,-79.9514
E70840,HAZELWOOD AVE AT MONONGAHELA ST,Bus,Bus Stop,15.372726499999999,13.784089999999999,1.5886365,40.4116,-79.943
S24430,HWY RT 51 AT PETCO DRIVEWAY,Bus,Bus Stop,15.370454500000001,7.909091,7.4613635,40.3383,-79.953
E26400,HAMILTON AVE AT BRADDOCK AVE,Bus,Bus Stop,15.3340905,10.281818,5.052272500000001,40.4531,-79.8907
N54690,WOODLAND AVE AT STAYTON ST,Bus,Bus Stop,15.331818499999999,1.5613635000000001,13.770454999999998,40.4697,-80.0273
S70551,PARKLINE DR AT #1631,Bus,Bus Stop,15.320454,13.829545,1.490909,40.3671,-79.9674
E38060,MAIN ST AT MAPLE ST,Bus,Bus Stop,15.28636363636364,13.04545454545455,2.24090909090909,40.398,-79.8411
S27500,KENNYWOOD BLVD AT MIFFLIN ST,Bus,Bus Stop,15.284092,4.94772745,10.336364549999999,40.4015,-79.8808
E44880,PARK AVE AT SWISSVALE AVE,Bus,Bus Stop,15.265907199999997,14.213634499999998,1.0522727,40.4448,-79.8755
E70243,FRIENDSHIP AVE OPP HOWLEY ST,Bus,Bus Stop,15.25909045,0.57954545,14.679545000000001,40.4651,-79.9511
N31730,MAIN ST OPP 21ST ST,Bus,Bus Stop,15.25,5.063636499999999,10.1863635,40.4937,-79.916
N45720,RHINE ST AT #2146,Bus,Bus Stop,15.247724999999999,1.45,13.797725,40.4676,-79.9947
N54820,WINHURST ST AT CAMBRONNE ST,Bus,Bus Stop,15.2431825,13.120455,2.1227275,40.4885,-80.0436
S70561,SKYLINE DR AT MAPLE DR NS,Bus,Bus Stop,15.231816,4.4340910000000004,10.797725,40.3649,-79.9646
W16120,NOBLESTOWN RD AT ALTER ST,Bus,Bus Stop,15.229545499999999,2.8477275,12.381817999999999,40.4139,-80.0732
W24730,WASHINGTON PIKE AT GREAT SOUTHERN SC ENT #2,Bus,Bus Stop,15.213636363636367,2.175000000000001,13.038636363636366,40.3677,-80.1042
E53040,STANTON AVE OPP MCCABE ST,Bus,Bus Stop,15.2068191,0.2409091,14.965910000000001,40.4814,-79.9377
W16150,NOBLESTOWN RD AT BALDWICK RD,Bus,Bus Stop,15.206818,6.0363635,9.1704545,40.4266,-80.0566
E36040,LINCOLN AVE OPP APPLE ST,Bus,Bus Stop,15.190909999999999,14.143182499999998,1.0477275,40.4648,-79.8989
W02820,CAROTHERS AVE AT HILL ST,Bus,Bus Stop,15.190908649999999,0.66136365,14.529544999999999,40.4003,-80.0883
E70940,LINCOLN AVE AT LYRIC ST,Bus,Bus Stop,15.175000524999998,14.579545999999999,0.5954545250000001,40.4636,-79.9033
E46520,PENN AVE AT SWISSVALE AVE,Bus,Bus Stop,15.161362225000001,1.41590905,13.745453175000002,40.4413,-79.8774
N70004,LINCOLN AVE AT BURNSIDE AVE FS,Bus,Bus Stop,15.159090909090903,12.859090909090904,2.299999999999999,40.4891,-80.047
X20070,WEST LIBERTY AVE AT KELTON AVE,Bus,Bus Stop,15.156818181818169,13.83863636363635,1.318181818181818,40.3924,-80.0376
E25346,GREENFIELD AVE AT WINTERBURN AVE,Bus,Bus Stop,15.156818000000001,3.3204545,11.836363500000001,40.4261,-79.9401
W03970,CHARTIERS AVE OPP MUNICIPAL ST,Bus,Bus Stop,15.147728,2.556818,12.590910000000001,40.4522,-80.0527
W08120,GREENTREE RD AT ST MARGARET SCHOOL DRIVEWAY,Bus,Bus Stop,15.143181818181798,0.575,14.568181818181799,40.4232,-80.0447
E08970,BRADDOCK AVE AT OVERTON ST,Bus,Bus Stop,15.138635,15.013635,0.125,40.4341,-79.8949
E39270,MILLVALE AVE AT BAUM BLVD,Bus,Bus Stop,15.111363500000001,4.802272500000001,10.309091,40.4543,-79.9476
E70795,BEDFORD AVE AT HERRON AVE,Bus,Bus Stop,15.072727,5.390909,9.681818,40.4529,-79.9653
N31200,LOWRIE ST AT CLAIM ST,Bus,Bus Stop,15.072725499999999,13.91818,1.1545455,40.4632,-79.983
E18420,ELLSWORTH AVE AT AMBERSON AVE,Bus,Bus Stop,15.059093,11.952275,3.106818,40.4514,-79.9408
E45680,PENN AVE AT AIKEN AVE,Bus,Bus Stop,15.05,5.2363634999999995,9.813636500000001,40.4646,-79.9367
E08840,BRADDOCK AVE AT GREENDALE AVE FS,Bus,Bus Stop,15.034090909090887,14.677272727272705,0.35681818181818203,40.4288,-79.8917
W70114,STEUBEN ST AT ELLIOTT HEIGHTS SENIOR CTR,Bus,Bus Stop,15.0295455,6.465909,8.5636365,40.4417,-80.0457
E17480,EDGEWOOD AVE AT DELAWARE AVE,Bus,Bus Stop,15.02954545,14.125,0.9045454500000001,40.4254,-79.8857
S02990,8TH AVE OPP GRANT ST,Bus,Bus Stop,15.022727549999999,9.677273,5.3454545499999995,40.4093,-79.8985
X20020,WEST LIBERTY AVE AT CURRANHILL AVE,Bus,Bus Stop,15.0181815,4.3272725,10.690909,40.4056,-80.0189
E19620,FORBES AVE AT MOULTRIE ST,Bus,Bus Stop,15.01136365,11.0704545,3.94090915,40.4372,-79.9748
E70785,BEDFORD AVE OPP DEVILLIERS ST,Bus,Bus Stop,14.9954545,5.7704545,9.225,40.4466,-79.9824
E36145,LINCOLN HWY AT 5TH AVE EXT NS,Bus,Bus Stop,14.990909090909092,1.315909090909091,13.675,40.3812,-79.8122
S04010,AMANDA ST AT CHARLES ST,Bus,Bus Stop,14.979544,14.063635000000001,0.9159090000000001,40.4165,-79.9881
W07880,GRAND AVE OPP PITTSBURGH RECYCLING CENTER,Bus,Bus Stop,14.965908500000001,11.854545000000002,3.1113635000000004,40.5087,-80.1169
W10350,ISLAND AVE AT CHURCHILL ST,Bus,Bus Stop,14.950000000000008,3.13409090909091,11.815909090909098,40.4724,-80.0616
S40130,RADFORD RD OPP BEVAN RD,Bus,Bus Stop,14.9409105,1.9045455,13.036365,40.3643,-79.9674
E21360,FRANKSTOWN RD AT #10485,Bus,Bus Stop,14.938636500000001,11.2386365,3.7,40.4606,-79.8444
X13610,PIONEER AVE AT STETSON ST,Bus,Bus Stop,14.938635000000001,1.5,13.438635000000001,40.4057,-80.0151
E70855,HAZELWOOD AVE AT MONONGAHELA ST,Bus,Bus Stop,14.93182,1.0,13.93182,40.4118,-79.9427
E70888,BEACON ST OPP MUNHALL RD,Bus,Bus Stop,14.884092500000001,10.586365,4.2977275,40.4346,-79.9246
E04400,ARDMORE BLVD AT YOST BLVD FS,Bus,Bus Stop,14.884090909090908,7.0613636363636365,7.8227272727272705,40.4155,-79.8475
X13420,PIONEER AVE AT BERWIN AVE,Bus,Bus Stop,14.872727275,14.775,0.097727275,40.3991,-80.0212
S05570,BAUSMAN ST AT KNOX AVE FS,Bus,Bus Stop,14.87045435,10.5045455,4.365908849999999,40.4144,-79.9901
E17700,EDGEWOOD AVE OPP LACROSSE AVE,Bus,Bus Stop,14.854545454545454,1.4295454545454545,13.424999999999999,40.4274,-79.8851
E17640,EDGEWOOD AVE OPP DELAWARE AVE,Bus,Bus Stop,14.843181818181819,1.0977272727272724,13.745454545454546,40.4256,-79.8857
N07750,BANK ST AT WALNUT ST,Bus,Bus Stop,14.831820500000001,12.952275,1.8795455,40.5377,-80.1855
E23510,FRIENDSHIP AVE AT GROSS ST,Bus,Bus Stop,14.818181500000001,10.856818,3.9613635,40.4625,-79.9444
W26280,W PROSPECT AVE OPP KINGSLAND AVE,Bus,Bus Stop,14.81590909090909,8.30681818181818,6.50909090909091,40.4476,-80.0717
E35650,LIBRARY ST AT BRADDOCK AVE,Bus,Bus Stop,14.811363636363634,7.504545454545455,7.30681818181818,40.4014,-79.8655
E35000,LIBERTY AVE AT 28TH ST,Bus,Bus Stop,14.8045455,5.952273,8.8522725,40.4564,-79.9749
E70265,FRANKSTOWN AVE OPP BLACKADORE AVE,Bus,Bus Stop,14.8022725,4.3204545,10.481818,40.4554,-79.8836
E30580,HWY RT 286 AT RICKENBAKER DR,Bus,Bus Stop,14.777272727272745,14.7068181818182,0.07045454545454545,40.4424,-79.7134
E48390,REBECCA AVE AT ARDMORE BLVD,Bus,Bus Stop,14.775000200000001,3.5090911,11.2659091,40.4368,-79.8736
S25480,INTERBORO AVE AT LEASIDE DR #1 (MIFFLIN),Bus,Bus Stop,14.774999000000001,11.88409,2.8909089999999997,40.3701,-79.9128
E70997,LINCOLN AVE AT FRANKSTOWN AVE FS,Bus,Bus Stop,14.77045395,3.57499985,11.195454100000001,40.4605,-79.9129
W24770,WASHINGTON PIKE OPP GREAT SOUTHERN SHPG CTR,Bus,Bus Stop,14.765909090909087,13.129545454545452,1.6363636363636358,40.3683,-80.1029
E00750,4TH ST AT COREY AVE,Bus,Bus Stop,14.754545454545454,6.46590909090909,8.288636363636364,40.4083,-79.8672
N20500,FREMONT AVE AT TEECE AVE,Bus,Bus Stop,14.743181818181796,3.095454545454545,11.64772727272725,40.4958,-80.0517
N07730,BALPH AVE AT TEECE AVE,Bus,Bus Stop,14.738636363636367,9.425,5.313636363636365,40.4974,-80.0544
N31400,MADISON AVE AT CONCORD ST,Bus,Bus Stop,14.727272999999999,11.288636499999999,3.4386365,40.4579,-79.998
E70025,ALLEGHENY AVE AT PENNSYLVANIA AVE,Bus,Bus Stop,14.720453650000001,14.059090000000001,0.66136365,40.5221,-79.8426
E70800,COAL HOLLOW RD AT FRANKSTOWN RD FS,Bus,Bus Stop,14.718182000000002,8.529545500000001,6.1886365,40.4609,-79.8424
W12250,MAIN ST AT CHESTNUT ST,Bus,Bus Stop,14.718181818181815,10.08181818181818,4.636363636363635,40.4101,-80.0826
E11610,BUTLER ST AT 38TH ST,Bus,Bus Stop,14.688633999999999,2.690909,11.997724999999999,40.4667,-79.9643
E08180,BLVD OF ALLIES AT HALKET ST FS,Bus,Bus Stop,14.6704545,5.852273,8.8181815,40.436,-79.9586
E70029,ALLEGHENY AVE AT WASHINGTON AVE,Bus,Bus Stop,14.66136455,13.99091,0.67045455,40.5164,-79.8433
N05980,ARCH ST AT NORTH AVE FS,Bus,Bus Stop,14.65454545,0.22954544999999998,14.425,40.4549,-80.0086
N54800,WINHURST ST AT CALIFORNIA AVE FS,Bus,Bus Stop,14.640910499999999,10.686364999999999,3.9545455,40.4874,-80.0448
X02040,BOWER HILL RD AT BOWER HILL APTS,Bus,Bus Stop,14.597729000000001,1.465909,13.131820000000001,40.3754,-80.0697
E05200,BEACON ST AT MURDOCH ST FS,Bus,Bus Stop,14.597727575,14.0818185,0.5159090749999999,40.4338,-79.9309
E28640,HAZELWOOD AVE OPP GREENFIELD AVE,Bus,Bus Stop,14.595454499999999,8.8204545,5.7749999999999995,40.4197,-79.9294
E48220,RANKIN BLVD OPP BLDG #5,Bus,Bus Stop,14.5772728,2.1090909,12.4681819,40.413,-79.8831
E15665,CRAIG ST OPP BIGELOW BLVD,Bus,Bus Stop,14.55,5.931818,8.618182000000001,40.4566,-79.9548
E25030,GRANT ST AT PENN AVE,Bus,Bus Stop,14.529545500000001,4.2113635,10.318182,40.4049,-79.8259
E06460,BEELER ST AT WILKINS AVE FS,Bus,Bus Stop,14.522727100000003,13.956818000000002,0.5659091,40.4456,-79.9318
E23460,FRIENDSHIP AVE AT EVALINE ST,Bus,Bus Stop,14.5159068,0.9181817999999999,13.597725,40.4622,-79.9417
E04920,BAUM BLVD AT MILLVALE AVE,Bus,Bus Stop,14.5,4.043182,10.456818,40.4543,-79.9479
S70468,WARRINGTON AVE AT BELTZHOOVER AVE,Bus,Bus Stop,14.486362500000002,11.138635,3.3477275000000004,40.4216,-79.9976
S34310,MIFFLIN RD AT #605,Bus,Bus Stop,14.481818,4.8772725,9.6045455,40.3832,-79.9303
N14825,CHATEAU ST AT N FRANKLIN ST,Bus,Bus Stop,14.474999799999999,5.1113635,9.3636363,40.4554,-80.0288
S19310,GEARING AVE AT CHALFONT ST,Bus,Bus Stop,14.452273499999999,1.7613634999999999,12.690909999999999,40.4167,-80.0049
E70255,ROBINSON BLVD AT FRANKSTOWN RD FS,Bus,Bus Stop,14.4454545,11.6954545,2.75,40.4607,-79.8665
N33710,METROPOLITAN ST AT CITIZEN'S BANK DRVWY,Bus,Bus Stop,14.434093200000001,0.30681820000000004,14.127275000000001,40.4555,-80.0313
E29070,HIGHLAND AVE AT RIPPEY ST,Bus,Bus Stop,14.4227282,13.26591,1.1568182,40.4649,-79.9233
E19690,FORBES AVE AT PEEBLES ST,Bus,Bus Stop,14.4181818,0.34318180000000004,14.075,40.4394,-79.895
E54160,TERRACE ST AT DARRAGH ST,Bus,Bus Stop,14.415909,7.652273,6.763636,40.4421,-79.9628
E34990,LIBERTY AVE AT 27TH ST,Bus,Bus Stop,14.413636449999998,5.03181795,9.3818185,40.4555,-79.9762
W00650,5TH AVE AT THORN HOLLOW RD FS,Bus,Bus Stop,14.413635450000001,13.88409,0.52954545,40.5224,-80.1765
E70084,ALLEQUIPPA ST AT ROBINSON ST,Bus,Bus Stop,14.379543649999999,2.21136365,12.16818,40.4427,-79.9659
W21510,STEUBEN ST AT ELBON ST,Bus,Bus Stop,14.377272749999998,11.420454499999998,2.95681825,40.4416,-80.0409
W70060,WEST BUSWAY AT BELL STATION B,Busway,Busway Station,14.359090909090911,13.26818181818182,1.0909090909090913,40.4156,-80.0829
W02743,BROADWAY AVE AT LAKE ST,Bus,Bus Stop,14.347727272727274,8.79318181818182,5.554545454545455,40.4661,-80.0665
W03420,CHARTIERS AVE AT MARLOW ST,Bus,Bus Stop,14.336362,1.4181819999999998,12.91818,40.4431,-80.0396
S20470,GRANT AVE AT 4TH ST FS,Bus,Bus Stop,14.334090909090907,4.575,9.759090909090908,40.3726,-79.8494
N12790,CALIFORNIA AVE AT FAIRLEE ST FS,Bus,Bus Stop,14.3272705,11.872724999999999,2.4545455,40.479,-80.0408
E70942,LINCOLN AVE OPP JOSHUA ST,Bus,Bus Stop,14.324999799999999,13.981817999999999,0.3431818,40.4705,-79.8929
S04360,ARLINGTON AVE AT DENGLER ST,Bus,Bus Stop,14.3227265,12.08409,2.2386365,40.4172,-79.9677
E46870,PENN AVE OPP WEST ST,Bus,Bus Stop,14.3113635,7.0,7.311363500000001,40.4452,-79.8892
S70638,DESIDERIO BLVD OPP BAKER AVE,Bus,Bus Stop,14.297727272727276,6.679545454545455,7.61818181818182,40.2906,-79.8898
N71338,HARMAR GARAGE TERMINAL - NO ST,Bus,Bus Stop,14.295454545454545,6.8886363636363654,7.4068181818181795,40.5408,-79.8312
N13200,CALIFORNIA AVE OPP PERROTT ST FS,Bus,Bus Stop,14.274998,11.06818,3.206818,40.4851,-80.0417
S70399,LEWIS RUN RD OPP SOUTHWESTERN HEALTH CENTER,Bus,Bus Stop,14.268181818181827,9.67045454545455,4.597727272727275,40.3286,-79.9382
E59660,WOODSTOCK AVE AT ORMOND ST,Bus,Bus Stop,14.265909250000002,3.356818,10.909091250000001,40.4182,-79.8828
W70115,CHARTIERS AVE AT HARLOW ST,Bus,Bus Stop,14.256817999999999,3.306818,10.95,40.4583,-80.0707
W22032,STEUBEN ST OPP STRATMORE ST,Bus,Bus Stop,14.21818181818182,4.125,10.09318181818182,40.4432,-80.0578
S48260,WATERFRONT DR OPP LOEW'S THEATRE,Bus,Bus Stop,14.213636845,7.35909115,6.8545456950000005,40.407,-79.9195
N05060,ALPHA DR AT FREEPORT RD (HARMAR),Bus,Bus Stop,14.19090909090909,9.704545454545455,4.4863636363636346,40.5392,-79.8307
S13750,CRAWFORD AVE AT MONTEREY ST,Bus,Bus Stop,14.18181818181818,11.370454545454546,2.8113636363636347,40.3628,-79.8522
E45980,PENN AVE AT FINDLEY DR EAST,Bus,Bus Stop,14.177272494999999,12.722727045,1.45454545,40.4444,-79.8632
S05510,BAUSMAN ST AT GRIMES AVE,Bus,Bus Stop,14.175,13.5,0.675,40.4142,-79.9931
E70964,6TH ST AT BALDRIDGE ST,Bus,Bus Stop,14.168181500000001,6.506818000000001,7.6613635,40.4056,-79.8636
E09390,BRADDOCK AVE OPP GREENDALE AVE,Bus,Bus Stop,14.161363636363655,1.3068181818181805,12.854545454545475,40.4287,-79.8918
N32730,MCKNIGHT RD AT MCKNIGHT CIR(OPP ROSS PARK MAL,Bus,Bus Stop,14.1454548,11.209090999999999,2.9363638,40.5422,-80.0133
S70396,LEWIS RUN RD AT SOUTHWESTERN HEALTH CENTER,Bus,Bus Stop,14.1454545,5.215909,8.9295455,40.3292,-79.9379
N49470,SHADELAND AVE AT DAVIS AVE,Bus,Bus Stop,14.1090891,0.44090910000000005,13.66818,40.4815,-80.0348
N39650,OHIO RIVER BLVD AT ELIZABETH AVE FS,Bus,Bus Stop,14.104545454545475,3.472727272727275,10.6318181818182,40.496,-80.0672
N21180,FREEPORT RD AT FOX CHAPEL RD NS (PLAZA DRVWY),Bus,Bus Stop,14.10000025,11.2136365,2.88636375,40.4879,-79.8807
X13660,PIONEER AVE OPP BERWIN AVE,Bus,Bus Stop,14.0977291,0.1409091,13.95682,40.3993,-80.0212
E18430,ELLSWORTH AVE AT AMBERSON AVE,Bus,Bus Stop,14.0886365,5.3704545,8.718182,40.4512,-79.9411
E11560,BUTLER ST AT 36TH ST,Bus,Bus Stop,14.0727275,8.3386365,5.734091,40.4655,-79.9653
E37990,MAIN ST AT CENTER AVE,Bus,Bus Stop,14.06136363636364,1.81590909090909,12.24545454545455,40.396,-79.8415
E25355,GREENFIELD AVE AT WINTERBURN AVE FS,Bus,Bus Stop,14.0386365,11.620454500000001,2.418182,40.4262,-79.94
E28590,HAZELWOOD AVE AT FRANK ST,Bus,Bus Stop,14.03863625,1.90227275,12.1363635,40.4199,-79.9329
X70057,GRANDVIEW AVE OPP COHASSETT ST,Bus,Bus Stop,14.027270500000002,1.3795455,12.647725000000001,40.4379,-80.0182
N18970,EVERGREEN RD OPP BAYTREE ST,Bus,Bus Stop,14.006815999999999,10.497724999999999,3.509091,40.4883,-80.0101
E14420,COAL ST AT FRANKLIN AVE,Bus,Bus Stop,14.002274,11.211365,2.790909,40.4394,-79.8807
N14610,N CHARLES ST AT NORWOOD AVE,Bus,Bus Stop,14.0,11.0,3.0,40.4703,-80.0126
N53290,WARREN ST AT CATOMA ST,Bus,Bus Stop,13.9863635,5.306818,8.6795455,40.4609,-80.0027
E57570,WILKINS AVE AT MURRAY AVE,Bus,Bus Stop,13.954545499999998,3.7545455,10.2,40.4439,-79.9242
X02230,BOWER HILL RD AT N MEADOWCROFT AVE,Bus,Bus Stop,13.9545453,3.6409089999999997,10.313636299999999,40.3867,-80.0461
S70482,HARTMAN ST AT SARAH ST FS,Bus,Bus Stop,13.947727272727287,13.68636363636365,0.26136363636363646,40.3499,-79.8342
W08490,HECKLE RD AT SHOP-N-SAVE DRVWY FS,Bus,Bus Stop,13.915909090909093,2.8499999999999988,11.065909090909095,40.4735,-80.0944
W25950,W CARSON ST AT TABOR ST,Bus,Bus Stop,13.913635900000001,11.4068175,2.5068184000000002,40.4628,-80.052
E38350,MALL BLVD OPP K-MART,Bus,Bus Stop,13.872727272727277,3.663636363636366,10.20909090909091,40.4319,-79.7912
N20180,FOREST AVE OPP CAROLYN AVE,Bus,Bus Stop,13.854545454545445,2.070454545454545,11.7840909090909,40.5025,-80.0543
E11180,BRYANT ST AT NEGLEY AVE,Bus,Bus Stop,13.85,13.325,0.525,40.4772,-79.9236
N21050,FREEPORT RD AT EASTERN AVE,Bus,Bus Stop,13.849999999999998,9.36590909090909,4.484090909090908,40.4894,-79.9032
N36520,MT ROYAL BLVD AT GARDEN PL,Bus,Bus Stop,13.847727175,0.7568181749999999,13.090909,40.5246,-79.962
N31710,MAIN ST OPP 18TH ST,Bus,Bus Stop,13.840909,4.861364,8.979545,40.4946,-79.9219
E29420,HOLIDAY PARK DR AT HWY RT 286,Bus,Bus Stop,13.8386365,6.8454545,6.993182,40.4753,-79.7076
N22145,FREEPORT RD OPP ALPHA DR (RIDC PARK),Bus,Bus Stop,13.8386365,6.168182,7.6704545,40.4914,-79.866
E01400,FIFTH AVE AT #2410 (ACTA PROGRAM),Bus,Bus Stop,13.836363599999999,4.40000005,9.43636355,40.4369,-79.9702
W00370,4TH AVE AT MULBERRY ST,Bus,Bus Stop,13.822727272727255,0.8045454545454545,13.0181818181818,40.5178,-80.1619
S47520,WARRINGTON AVE AT ARLINGTON AVE,Bus,Bus Stop,13.8045465,12.590910000000001,1.2136365,40.4218,-79.9925
S48500,WEST ST OPP 18TH AVE,Bus,Bus Stop,13.790909090909114,2.213636363636365,11.57727272727275,40.4001,-79.9051
E05190,BEACON ST AT MURDOCH ST,Bus,Bus Stop,13.7613638,0.49318180000000006,13.268182,40.4337,-79.9307
E70384,LEECHBURG RD AT ALCOMA BLVD,Bus,Bus Stop,13.736363525,1.000000025,12.7363635,40.4882,-79.8013
E03330,ALLEGHENY RIVER BLVD AT CENTER AVE FS,Bus,Bus Stop,13.724998200000002,1.0818182,12.643180000000001,40.5067,-79.8427
N33000,MCKNIGHT RD AT TOYOTA DEALERSHIP,Bus,Bus Stop,13.720454175,12.4363633,1.284090875,40.5403,-80.0123
S70003,DUQUESNE BLVD AT LIBRARY PL,Bus,Bus Stop,13.711363636363641,0.340909090909091,13.37045454545455,40.3719,-79.8439
TP7061,VILLAGE DR AT STAIRTOWER,Bus,Bus Stop,13.71136363636364,3.122727272727275,10.588636363636365,40.3399,-80.0545
W03340,CHARTIERS AVE AT DITZLER ST,Bus,Bus Stop,13.7045455,6.2545455,7.45,40.4539,-80.0564
E23445,FRIENDSHIP AVE AT ELLA ST,Bus,Bus Stop,13.702272999999998,7.495454499999999,6.2068185,40.4646,-79.9505
E41781,NEGLEY AVE AT ELMER ST FS,Bus,Bus Stop,13.693182,7.4886365,6.2045455,40.4533,-79.9317
N52580,TROY HILL RD AT GOETTMANN ST,Bus,Bus Stop,13.693180499999999,12.163635,1.5295455,40.4598,-79.9859
N21355,FREEPORT RD AT ALPHA DR W,Bus,Bus Stop,13.686363636363634,4.495454545454543,9.19090909090909,40.5379,-79.8346
N13370,CAMBRONNE ST AT WINHURST ST,Bus,Bus Stop,13.6590885,1.8613635,11.797725,40.4885,-80.0433
N10890,BRIGHTON RD OPP PENNOCK ST,Bus,Bus Stop,13.63181815,11.1522725,2.47954565,40.4873,-80.0393
E39550,MONONGAHELA AVE AT DUQUESNE AVE,Bus,Bus Stop,13.6181821,8.5727276,5.0454545,40.4182,-79.888
E25338,GREENFIELD AVE AT MCCASLIN ST,Bus,Bus Stop,13.5886365,5.9340910000000004,7.6545455,40.4241,-79.9365
S70451,AMITY ST AT 10TH AVE,Bus,Bus Stop,13.588636363636365,4.545454545454545,9.04318181818182,40.4057,-79.9093
E11850,BUTLER ST AT 57TH ST,Bus,Bus Stop,13.57500025,9.809091,3.76590925,40.4853,-79.9462
N32850,MCKNIGHT RD AT PERRYMONT RD FS,Bus,Bus Stop,13.572727272727274,0.02272727272727275,13.55,40.5583,-80.0233
N71287,ALPHA DR W OPP ANCHOR DR,Bus,Bus Stop,13.55909090909091,4.2181818181818205,9.34090909090909,40.5394,-79.8352
S70143,SECOND AVE AT PGH TECH CTR (MIDDLE ACCESS RD,Bus,Bus Stop,13.5409093,3.3977273,10.143182,40.4328,-79.9625
E15440,COREY AVE AT 4TH ST,Bus,Bus Stop,13.518181818181816,8.977272727272725,4.54090909090909,40.4082,-79.8671
X13570,PIONEER AVE AT METZ WAY,Bus,Bus Stop,13.504544545,13.284089999999999,0.220454545,40.4001,-80.0202
S70333,MONONGAHELA AVE AT 7TH ST,Bus,Bus Stop,13.490909090909089,8.347727272727269,5.14318181818182,40.3242,-79.8924
W23189,SWALLOW HILL RD AT NOB HILL APTS,Bus,Bus Stop,13.4840891,0.3409091,13.143180000000001,40.3878,-80.074
X17734,SOUTHERN AVE OPP PROSPECT ST,Bus,Bus Stop,13.44545635,0.41363635,13.03182,40.4281,-80.0086
E04170,ARDMORE BLVD AT BEVINGTON RD FS,Bus,Bus Stop,13.436363636363636,1.0795454545454548,12.35681818181818,40.4268,-79.8629
E50250,SALTSBURG RD AT UNIVERSAL RD FS,Bus,Bus Stop,13.4295457,11.9227275,1.5068181999999999,40.4777,-79.7854
S27330,KENNEDY AVE AT WILMOT ST,Bus,Bus Stop,13.424999999999997,9.420454545454545,4.004545454545452,40.3689,-79.8545
E23400,FRIENDSHIP AVE AT AIKEN AVE,Bus,Bus Stop,13.420454099999999,12.079545,1.3409091,40.4619,-79.9375
E14210,CHISLETT ST AT HAMPTON ST,Bus,Bus Stop,13.379545425000002,1.134090925,12.245454500000001,40.477,-79.9295
E28300,HAYMAKER RD OPP CLOVER DR,Bus,Bus Stop,13.368181818181794,12.86363636363634,0.5045454545454545,40.4424,-79.7602
E57560,WILKINS AVE OPP MURRAY AVE,Bus,Bus Stop,13.36136365,7.81363625,5.547727399999999,40.444,-79.9241
E15670,CRAIG ST AT BIGELOW BLVD FS,Bus,Bus Stop,13.35227285,3.4636363500000003,9.8886365,40.4563,-79.9548
S70432,LEBANON RD OPP SOUTH HILLS INDUSTRIAL PARK,Bus,Bus Stop,13.322727475,0.047727275,13.275000200000001,40.3596,-79.9337
E11830,BUTLER ST AT 56TH ST,Bus,Bus Stop,13.304545525,6.547727275,6.75681825,40.4845,-79.9479
W06650,FAIRHAVEN RD OPP KENMAWR PLAZA ENTRANCE,Bus,Bus Stop,13.290909090909086,0.9204545454545455,12.37045454545454,40.475,-80.0994
E35070,LIBERTY AVE AT 31ST ST,Bus,Bus Stop,13.26590865,3.64318165,9.622727,40.4594,-79.9706
E27250,HARRIET ST OPP BLDG #2,Bus,Bus Stop,13.2590908,2.88181815,10.37727265,40.4139,-79.8838
X08070,HABERMAN AVE AT KATHLEEN ST FS,Bus,Bus Stop,13.24545635,0.46363635,12.78182,40.4259,-80.0026
E19740,FORBES AVE AT SCHENLEY DR (GOLF COURSE),Bus,Bus Stop,13.2454547,2.0568182,11.1886365,40.438,-79.9334
E11150,BRYANT ST AT HIGHLAND AVE,Bus,Bus Stop,13.243184099999999,13.152275,0.0909091,40.4752,-79.9185
W21740,STEUBEN ST AT #211,Bus,Bus Stop,13.193182325,11.361363950000001,1.8318183749999999,40.4412,-80.0367
S23850,HWY RT 51 OPP IRWIN DR,Bus,Bus Stop,13.18863636363636,4.0727272727272705,9.11590909090909,40.3435,-79.9703
S26940,JOSEPHINE ST AT BARRY ST,Bus,Bus Stop,13.184091,2.184091,11.0,40.4238,-79.9691
E27220,HARRIET ST AT 5TH AVE,Bus,Bus Stop,13.179546149999998,11.309091599999999,1.8704545499999998,40.4146,-79.8833
W21600,STEUBEN ST AT LINDEN AVE,Bus,Bus Stop,13.179545454545455,9.3,3.879545454545455,40.439,-80.0728
S48770,WHITAKER WAY AT LARKSPUR ST,Bus,Bus Stop,13.168181999999998,0.9500000000000001,12.218181999999999,40.4035,-79.8904
S00990,SECOND AVE AT TIPTON ST,Bus,Bus Stop,13.16818195,8.7,4.46818195,40.4077,-79.9434
N20100,FOREST AVE AT MARYLAND AVE,Bus,Bus Stop,13.159090909090901,12.059090909090902,1.1,40.5043,-80.0524
E57940,WILNER DR AT BRACEY DR,Bus,Bus Stop,13.154545500000001,6.0045455,7.15,40.454,-79.8671
N38660,NORTH AVE AT LINCOLN AVE,Bus,Bus Stop,13.154545454545456,4.877272727272725,8.277272727272731,40.4815,-79.9743
N31230,LOWRIE ST AT FLECK ST,Bus,Bus Stop,13.143182,5.3136365,7.8295455,40.466,-79.9809
W19497,PARK MANOR DR AT #6000 (OLIVE GARDEN),Bus,Bus Stop,13.1386362,0.7272726999999999,12.4113635,40.4508,-80.1617
N43790,PERRYSVILLE AVE AT #3000,Bus,Bus Stop,13.136363500000002,2.981818,10.154545500000001,40.4761,-80.0123
N24080,GRANT AVE AT SHERMAN ST,Bus,Bus Stop,13.131818181818176,10.07954545454545,3.052272727272725,40.4793,-79.9721
E70962,6TH ST AT BRADDOCK AVE,Bus,Bus Stop,13.129545454545456,8.675,4.454545454545455,40.4034,-79.8685
E11750,BUTLER ST OPP 49TH ST,Bus,Bus Stop,13.12727305,0.9704545499999999,12.1568185,40.477,-79.9569
N54810,WINHURST ST AT CALIFORNIA AVE,Bus,Bus Stop,13.125,3.5886365,9.5363635,40.4874,-80.0449
X13740,PIONEER AVE OPP ROSSMORE AVE,Bus,Bus Stop,13.1227291,0.11590910000000001,13.006820000000001,40.3981,-80.0228
N31790,MANHATTAN ST AT JUNIATA ST,Bus,Bus Stop,13.1227275,11.109091,2.0136365,40.4569,-80.0273
E70368,BEATTY ST AT BAUM BLVD,Bus,Bus Stop,13.079545150000001,2.30681815,10.772727000000001,40.46,-79.9278
E37980,MAIN ST AT CENTER AVE,Bus,Bus Stop,13.06590909090909,11.704545454545455,1.361363636363635,40.3958,-79.8414
S27260,KENNEDY AVE AT AURILES ST,Bus,Bus Stop,13.06590909090909,4.36590909090909,8.7,40.3705,-79.8525
E17422,ECKSTEIN PL AT WADSWORTH ST,Bus,Bus Stop,13.0477275,6.3636365,6.6840910000000004,40.4426,-79.9684
E16300,DEAN ST AT PAULSON AVE,Bus,Bus Stop,13.047727,2.490909,10.556818,40.468,-79.9037
N20130,FOREST AVE AT RAVENSWOOD AVE,Bus,Bus Stop,13.043181500000001,1.5636364999999999,11.479545000000002,40.5056,-80.0515
N09501,BLAZIER DR AT GIANT EAGLE ENTRANCE DRIVE,Bus,Bus Stop,13.04090909090909,7.35909090909091,5.68181818181818,40.5854,-80.0375
E08160,BLVD OF ALLIES AT DUQUESNE UNIV FOOTBRIDGE,Bus,Bus Stop,13.03181807,4.20681825,8.82499982,40.4348,-79.9887
N54510,WILSON AVE AT CHESTER AVE,Bus,Bus Stop,13.031818000000001,5.2295455,7.802272500000001,40.4674,-80.0136
E70397,MOSSFIELD ST AT FERN ST,Bus,Bus Stop,13.0318175,10.429545000000001,2.6022724999999998,40.4713,-79.9336
S43390,SOUTH MALL ENTRANCE DR AT PNC DRVWY,Bus,Bus Stop,13.027272775,11.125,1.9022727750000001,40.3355,-79.9465
W24520,WASHINGTON AVE OPP LINCOLN AVE FS,Bus,Bus Stop,13.027272727272726,2.627272727272725,10.4,40.4045,-80.0836
E16020,DALLAS AVE OPP EDGERTON AVE,Bus,Bus Stop,13.01818159,12.777272499999999,0.24090909,40.4479,-79.9108
W16360,NOBLESTOWN RD OPP DENISONVIEW ST,Bus,Bus Stop,12.995454999999998,1.1,11.895454999999998,40.4351,-80.0505
S33270,MCKINLEY ST AT ALICE ST,Bus,Bus Stop,12.977273,5.5886365,7.3886365000000005,40.4101,-79.9947
S16410,E CARSON ST AT S 5TH ST,Bus,Bus Stop,12.977273,9.9727275,3.0045455,40.4288,-79.9949
N42670,PERRYSVILLE AVE AT #4146,Bus,Bus Stop,12.954545454545453,2.9363636363636347,10.01818181818182,40.4941,-80.0216
S48820,WHITAKER WAY AT LARKSPUR ST,Bus,Bus Stop,12.954545249999999,12.3272725,0.62727275,40.4033,-79.89
X18800,VIRGINIA AVE AT MAPLE TERRACE,Bus,Bus Stop,12.947727000000002,11.854545000000002,1.093182,40.4307,-80.0097
W03450,CHARTIERS AVE AT HOOVER ST,Bus,Bus Stop,12.9431815,9.915909,3.0272725,40.4534,-80.0622
E09730,BRINTON AVE AT BOWERS ST,Bus,Bus Stop,12.9318159,11.797725,1.1340909,40.4022,-79.8416
N07045,BABCOCK BLVD OPP DUNCAN AVE,Bus,Bus Stop,12.929545454545467,12.68636363636365,0.243181818181818,40.5674,-80.0166
N43860,PERRYSVILLE AVE AT SEMICIR ST,Bus,Bus Stop,12.9272745,11.356819999999999,1.5704544999999999,40.4873,-80.0164
E26640,HAMILTON AVE OPP COLLIER ST,Bus,Bus Stop,12.9204545,4.2818179999999995,8.6386365,40.4536,-79.8931
E46280,PENN AVE AT NEGLEY AVE,Bus,Bus Stop,12.897727,3.1772725,9.720454499999999,40.4635,-79.9309
E10080,BRINTON RD AT BRINTON MANOR DR W FS,Bus,Bus Stop,12.890909090909075,2.022727272727275,10.8681818181818,40.4118,-79.8541
E53830,SWISSVALE AVE AT STONER WAY,Bus,Bus Stop,12.863636000000001,6.220454500000001,6.643181500000001,40.4409,-79.8779
W22251,STEUBENVILLE PIKE AT NORTH FAYETTE VFD,Bus,Bus Stop,12.863634544999998,12.743179999999999,0.120454545,40.4411,-80.2068
E46270,PENN AVE AT MURTLAND ST FS,Bus,Bus Stop,12.861363400000002,11.656818000000001,1.2045454,40.4508,-79.906
E70143,HWY RT 286 AT ROYAL OAKS SHOPPING CENTER DRV,Bus,Bus Stop,12.861362275,0.07272727500000001,12.788635,40.444,-79.7135
W03280,CHARTIERS AVE AT CITADEL ST,Bus,Bus Stop,12.8568182,2.3568182,10.5,40.4543,-80.0583
N44800,PITTSBURGH ST AT PORTER ST,Bus,Bus Stop,12.8545455,10.606818,2.2477275,40.5413,-79.7885
W20270,E RAILROAD ST AT 2ND ST STEPS,Bus,Bus Stop,12.85454545454545,3.4818181818181806,9.37272727272727,40.3919,-80.0878
P00220,SECOND AVE AT ALLEGHENY COUNTY JAIL,Bus,Bus Stop,12.815909699999999,9.27272775,3.54318195,40.4352,-79.9937
W08540,HELEN ST AT ROBB ST (MUNSON AVE),Bus,Bus Stop,12.804545454545446,11.4590909090909,1.345454545454545,40.4707,-80.0547
N45800,RHINE ST OPP STEINE ST,Bus,Bus Stop,12.79091135,0.5136363500000001,12.277275,40.4652,-79.992
E20060,FORWARD AVE AT SHADY AVE,Bus,Bus Stop,12.784090999999998,11.061363499999999,1.7227275,40.4291,-79.9209
E14400,CLARISSA ST AT LYON ST,Bus,Bus Stop,12.7659095,4.2477275,8.518182,40.4531,-79.9599
X02570,BOWER HILL RD OPP KELSO RD,Bus,Bus Stop,12.752274545,0.345454545,12.40682,40.372,-80.0779
W08510,HELEN ST AT CATHERINE ST,Bus,Bus Stop,12.75,9.86590909090909,2.88409090909091,40.4728,-80.0564
E16530,DEVILLIERS ST AT WYLIE AVE,Bus,Bus Stop,12.690909,3.875,8.815909,40.4442,-79.9807
S24190,HWY RT 51 AT STREETS RUN RD,Bus,Bus Stop,12.688636363636364,9.588636363636365,3.0999999999999996,40.3462,-79.9733
S04490,ARLINGTON AVE AT KOEHLER ST,Bus,Bus Stop,12.670456,11.486365,1.184091,40.4176,-79.9846
N71234,LOWRIE ST AT DEHAVEN ST FS,Bus,Bus Stop,12.66136545,11.78182,0.87954545,40.4619,-79.9843
N24910,LAYOVER VA HOSPITAL TERMINAL (,Bus,Bus Stop,12.652273000000001,5.193182,7.459091,40.4946,-79.8859
S70006,HWY RT 51 AT BRENTWOOD TOWN SQUARE,Bus,Bus Stop,12.645454545454545,7.027272727272726,5.618181818181819,40.3667,-79.9842
N31280,LOWRIE ST AT HECKLEMAN ST,Bus,Bus Stop,12.640909,4.5136365000000005,8.1272725,40.4687,-79.9791
X01590,BEVERLY RD AT MEADOWCROFT AVE,Bus,Bus Stop,12.6295465,1.6136365000000001,11.01591,40.3901,-80.0478
E20455,FRANKSTOWN AVE AT HOMEWOOD HOUSE,Bus,Bus Stop,12.625,4.5249999999999995,8.1,40.4576,-79.8975
S70263,BAUSMAN AVE AT GRIMES AVE,Bus,Bus Stop,12.6113635,4.6022725,8.009091,40.4143,-79.9929
X11150,MERRICK AVE AT HOBSON ST,Bus,Bus Stop,12.606818,2.8204545,9.7863635,40.3896,-80.0096
E14480,COAL ST AT WALNUT ST FS,Bus,Bus Stop,12.602271,10.34318,2.259091,40.4364,-79.8824
W10320,ISLAND AVE AT BRADLEY ST,Bus,Bus Stop,12.586363636363636,1.1863636363636352,11.4,40.4704,-80.0603
E03273,ALBERT ST AT MAPLE AVE,Bus,Bus Stop,12.556818,11.581818,0.975,40.408,-79.8196
X17680,SOUTHERN AVE AT NATCHEZ ST,Bus,Bus Stop,12.53636135,12.222725,0.31363635,40.4287,-80.0081
E04666,BAKER ST AT BALLARD WAY,Bus,Bus Stop,12.52727295,10.093182,2.4340909500000003,40.4874,-79.9203
E37250,LONG RD AT ELIZABETH DR,Bus,Bus Stop,12.524999545,0.145454545,12.379545,40.4622,-79.834
N38140,PASSAVANT HOSPITAL AT MAIN ENTRANCE,Bus,Bus Stop,12.51818181818182,5.572727272727275,6.945454545454545,40.5722,-80.0135
W21860,STEUBEN ST AT CVS DRVWY,Bus,Bus Stop,12.51590909090909,5.777272727272725,6.738636363636365,40.4385,-80.07
E45975,PENN AVE AT FAIRMOUNT ST,Bus,Bus Stop,12.5045455,2.940909,9.563636500000001,40.4641,-79.9326
E70867,REED ST AT ELMORE ST,Bus,Bus Stop,12.504545499999999,6.9977275,5.506818,40.4431,-79.9763
S24013,HWY RT 51 AT PEP BOYS,Bus,Bus Stop,12.5,5.5886365,6.9113635,40.3377,-79.9517
W70087,BROADWAY AVE AT 13TH ST,Bus,Bus Stop,12.5,5.118182,7.381818,40.4747,-80.0797
E05240,BEACON ST AT SHADY AVE,Bus,Bus Stop,12.490908999999998,1.325,11.165909,40.4353,-79.9191
N12705,CALIFORNIA AVE AT BOSTON ST,Bus,Bus Stop,12.4636365,3.6,8.8636365,40.4694,-80.0357
N20110,FOREST AVE AT MARYLAND AVE,Bus,Bus Stop,12.461363636363638,0.9022727272727276,11.55909090909091,40.5041,-80.0525
S27560,KNOEDLER RD AT BROWNSVILLE RD,Bus,Bus Stop,12.456818181818182,11.375,1.081818181818182,40.3417,-79.9848
S27570,KNOEDLER RD AT BROWNSVILLE RD FS,Bus,Bus Stop,12.450000000000001,1.190909090909091,11.25909090909091,40.3416,-79.9845
S70552,PARKLINE DR AT #1551 (RENTAL OFFICE),Bus,Bus Stop,12.447726999999999,10.381817999999999,2.065909,40.366,-79.9682
E70036,ALLEGHENY AVE AT PENNSYLVANIA AVE,Bus,Bus Stop,12.43636365,0.43636365,12.0,40.5218,-79.8426
E70414,PENNWOOD AVE AT FRANKLIN AVE,Bus,Bus Stop,12.43409092,7.781817975,4.652272945,40.4419,-79.8873
E23430,FRIENDSHIP AVE AT ATLANTIC AVE,Bus,Bus Stop,12.424998500000001,1.3613635,11.063635000000001,40.462,-79.9391
N15420,COLUMBUS AVE AT MANHATTAN ST,Bus,Bus Stop,12.418181650000001,12.106818,0.31136365,40.4577,-80.0276
E20795,FRANKSTOWN AVE AT LAWNDALE ST,Bus,Bus Stop,12.404545500000001,9.0704545,3.334091,40.4552,-79.8817
W03590,CHARTIERS AVE AT MIDDLETOWN RD,Bus,Bus Stop,12.402273,0.8477275,11.5545455,40.4577,-80.073
S70412,MIFFLIN ST AT WHITAKER ST,Bus,Bus Stop,12.3931841,12.177275,0.21590910000000002,40.3987,-79.8855
W70050,OVERLOOK PL AT PLEASANT RIDGE RD,Bus,Bus Stop,12.3772725,9.925,2.4522725000000003,40.4801,-80.0751
S12440,CLIMAX ST AT BELTZHOOVER AVE,Bus,Bus Stop,12.377272499999998,10.402272499999999,1.975,40.42,-79.9975
W20160,E RAILROAD ST AT 2ND ST,Bus,Bus Stop,12.359090909090906,10.41590909090909,1.9431818181818175,40.3918,-80.0877
N49471,SHADELAND AVE AT DICKSON ST,Bus,Bus Stop,12.3545468,0.7431818,11.611365,40.4697,-80.0302
E07190,BESSEMER AVE AT MAIN ST,Bus,Bus Stop,12.338636363636365,8.93409090909091,3.404545454545455,40.3952,-79.8416
E04667,BAKER ST AT BUTLER ST,Bus,Bus Stop,12.3318182,3.3545455,8.9772727,40.4875,-79.9202
W04080,CHARTIERS AVE OPP WARFLE ST,Bus,Bus Stop,12.3295455,4.2613635,8.068182,40.4588,-80.0769
N29120,PARKER ST AT KOEHLER ST,Bus,Bus Stop,12.325001499999999,2.1636365,10.161365,40.4942,-79.9588
E25337,GREENFIELD AVE AT GRAPHIC ST,Bus,Bus Stop,12.3204545,10.106818,2.2136365000000002,40.4244,-79.9352
S11360,CHALFONT ST AT GEARING AVE,Bus,Bus Stop,12.3022715,10.163635,2.1386365,40.4166,-80.0048
S35234,MOUNTAINVIEW DR OPP HOME DEPOT,Bus,Bus Stop,12.290909045000001,1.795454545,10.495454500000001,40.3422,-79.9539
S48450,WEST ST AT 21ST AVE,Bus,Bus Stop,12.2704535,10.85909,1.4113635,40.3979,-79.9032
S35200,MOUNTAIN AVE AT FISHER ST,Bus,Bus Stop,12.2636368,0.09318180000000001,12.170455,40.4116,-79.9773
E23450,FRIENDSHIP AVE AT EVALINE ST,Bus,Bus Stop,12.259091,9.4477275,2.8113635,40.4622,-79.9415
N10265,BRIGHTON RD AT BRIGHTRIDGE ST,Bus,Bus Stop,12.259089,2.990909,9.26818,40.4615,-80.0189
E35430,LIBERTY AVE AT WINEBIDDLE ST,Bus,Bus Stop,12.245454950000001,4.99318195,7.252273000000001,40.4588,-79.9436
W16880,NOBLESTOWN RD AT OBEY ST,Bus,Bus Stop,12.225000000000001,5.6545455,6.5704545,40.4381,-80.0493
S48560,WEYMAN RD AT WHITE HAMPTON LN,Bus,Bus Stop,12.197727275,12.175,0.022727275,40.3643,-79.9997
S70330,OHIO AVE AT BROADWAY ST,Bus,Bus Stop,12.190909090909091,7.570454545454545,4.620454545454545,40.319,-79.8906
E35810,LINCOLN AVE AT FRANKSTOWN AVE,Bus,Bus Stop,12.1795454,7.0909089000000005,5.0886365,40.4605,-79.9132
E28980,HIGHLAND AVE AT HAMPTON ST,Bus,Bus Stop,12.1681841,11.927275,0.2409091,40.4739,-79.9192
W21700,STEUBEN ST AT RINGGOLD ST FS,Bus,Bus Stop,12.163636499999999,2.368182,9.795454499999998,40.4424,-80.0507
S45320,GEARING AVE AT SYLVANIA AVE,Bus,Bus Stop,12.156818,1.6204545,10.5363635,40.4174,-80.005
W08087,GREENTREE RD AT POTOMAC AVE,Bus,Bus Stop,12.15227272727273,8.538636363636364,3.613636363636365,40.4084,-80.0501
S31490,MAIN ST AT MILLER AVE,Bus,Bus Stop,12.136363600000001,0.8159091,11.3204545,40.3874,-79.9023
X02300,BOWER HILL RD AT RALSTON PL,Bus,Bus Stop,12.13182065,2.2295456500000004,9.902275,40.3864,-80.0477
S00800,SECOND AVE AT GLENWOOD AVE,Bus,Bus Stop,12.1318181,11.215909,0.9159090999999999,40.401,-79.9393
W25240,WASHINGTON PIKE OPP MAYER ST,Bus,Bus Stop,12.127272727272725,0.6431818181818183,11.484090909090908,40.3662,-80.1069
E26590,HAMILTON AVE AT MULFORD ST,Bus,Bus Stop,12.125,2.868182,9.256817999999999,40.4521,-79.8866
S11320,CHALFONT ST AT DELMONT AVE,Bus,Bus Stop,12.120454500000001,9.4272725,2.693182,40.4166,-80.0038
X00140,ALTMAR ST OPP REAMER ST,Bus,Bus Stop,12.1136365,5.875,6.2386365,40.3915,-80.0002
N10230,BRIGHTON RD AT ACACIA LN,Bus,Bus Stop,12.106817000000001,1.093182,11.013635,40.4797,-80.0311
S22270,HOFFMAN BLVD AT KENNYWOOD BLVD,Bus,Bus Stop,12.104545454545454,10.379545454545454,1.725,40.3847,-79.8629
N43760,PERRYSVILLE AVE AT #1923,Bus,Bus Stop,12.10227395,11.6977285,0.40454545,40.4614,-80.0136
S70296,MONONGAHELA AVE AT 5TH ST,Bus,Bus Stop,12.09090909090909,4.886363636363635,7.204545454545455,40.3277,-79.8926
X17735,SOUTHERN AVE OPP SANDWICH ST,Bus,Bus Stop,12.079546350000001,0.6136363499999999,11.465910000000001,40.4251,-80.0097
E51140,SCHOYER AVE AT MONROE ST,Bus,Bus Stop,12.0772729,4.2204546,7.8568183000000005,40.4232,-79.8928
E70824,5TH ST AT BRINTON AVE,Bus,Bus Stop,12.07727272727273,0.775,11.30227272727273,40.386,-79.7605
N21600,FREEPORT RD AT OLD FREEPORT RD (FOX CHAPEL RD,Bus,Bus Stop,12.0704545,3.081818,8.9886365,40.4875,-79.8831
E46560,PENN AVE AT TRENTON AVE FS (LIFE CARE),Bus,Bus Stop,12.0704545,5.165909,6.9045455,40.4458,-79.8912
E48640,ROBERTS ST AT CENTRE AVE,Bus,Bus Stop,12.068182,2.725,9.343182,40.4423,-79.9834
E70308,COMMERCIAL ST AT WHIPPLE ST,Bus,Bus Stop,12.0568183,5.3204547,6.7363636,40.4213,-79.9004
E48205,RANKIN BLVD AT KENMAWR AVE FS,Bus,Bus Stop,12.040909,8.879545499999999,3.1613635,40.4104,-79.878
E14170,CHISLETT ST AT BRYANT ST,Bus,Bus Stop,12.0204548,1.4477273,10.5727275,40.479,-79.9288
S70269,MICHIGAN ST AT BERND ST,Bus,Bus Stop,12.0022725,10.475,1.5272725,40.416,-79.9981
S70321,RAVENSBURG BLVD AT HWY RT 885 FS,Bus,Bus Stop,11.995454545454544,4.588636363636365,7.4068181818181795,40.3044,-79.8956
X02380,BOWER HILL RD AT SERPENTINE DR,Bus,Bus Stop,11.993179545,11.922725,0.07045454500000001,40.3843,-80.0556
E39140,MIDDLE ST AT HAWKINS AVE,Bus,Bus Stop,11.981819,10.76591,1.215909,40.4054,-79.8618
N14600,N CHARLES ST AT LINWOOD AVE,Bus,Bus Stop,11.9772725,9.863636,2.1136365,40.47,-80.0138
S02880,8TH AVE AT RAVINE ST,Bus,Bus Stop,11.9750002,2.9159093,9.0590909,40.4087,-79.8955
E03930,ALLEQUIPPA ST OPP SUTHERLAND DR FS,Bus,Bus Stop,11.954545999999999,1.759091,10.195454999999999,40.4444,-79.9637
E13550,CENTRE AVE AT JUNILLA ST STEPS,Bus,Bus Stop,11.938636500000001,5.140909,6.797727500000001,40.4456,-79.9704
E14370,CLARISSA ST AT CAMP ST,Bus,Bus Stop,11.9318185,2.9977275,8.934091,40.4527,-79.9585
N24290,GRANT AVE OPP LAUREL AVE,Bus,Bus Stop,11.929545454545437,0.38636363636363646,11.5431818181818,40.4884,-80.0531
N14710,N CHARLES ST OPP IRWIN AVE,Bus,Bus Stop,11.927270450000002,11.397725000000001,0.52954545,40.4669,-80.0188
S28000,LEBANON CHURCH RD AT PGH-MCKEESPORT BLVD,Bus,Bus Stop,11.920454545454547,1.936363636363638,9.98409090909091,40.356,-79.8995
N44480,PITTSBURGH ST AT BUTLER ST FS,Bus,Bus Stop,11.9204545,10.940909,0.9795455000000001,40.5425,-79.7734
S13810,CRAWFORD AVE AT WOOL ALLEY,Bus,Bus Stop,11.904545454545456,7.113636363636365,4.79090909090909,40.3632,-79.8507
N43890,PERRYSVILLE AVE AT WALDORF ST FS,Bus,Bus Stop,11.902273000000001,4.2727275,7.6295455,40.4914,-80.0202
E59640,WOODSTOCK AVE AT MELROSE ST,Bus,Bus Stop,11.89545455,2.15227265,9.7431819,40.4172,-79.8811
E25340,GREENFIELD AVE AT HAZELWOOD AVE,Bus,Bus Stop,11.895454500000001,2.615909,9.279545500000001,40.4199,-79.9293
E08900,BRADDOCK AVE AT HENRIETTA ST,Bus,Bus Stop,11.893182,1.4636365,10.4295455,40.436,-79.8961
E20785,FRANKSTOWN AVE OPP STANDARD AVE FS,Bus,Bus Stop,11.881818350000001,0.8886363500000001,10.993182000000001,40.4571,-79.8775
W10310,ISLAND AVE AT BRADLEY ST,Bus,Bus Stop,11.881818181818181,11.04090909090909,0.840909090909091,40.4704,-80.0605
N13180,CALIFORNIA AVE OPP MARQUIS WAY,Bus,Bus Stop,11.85909,2.525,9.33409,40.4594,-80.0184
S13800,CRAWFORD AVE AT WOOL ALLEY,Bus,Bus Stop,11.854545454545455,4.74318181818182,7.1113636363636346,40.3634,-79.8504
S19340,GEARING AVE AT LAFFERTY AVE,Bus,Bus Stop,11.8318185,1.7477275,10.084091,40.4183,-80.0054
W70147,VILLAGE DR AT LEWIS AVE,Bus,Bus Stop,11.818182,4.9795455,6.8386365,40.5066,-80.1402
E33970,LAKETON RD AT HOWARD ST,Bus,Bus Stop,11.809090450000001,11.354545000000002,0.45454545,40.4582,-79.8554
N20490,FREMONT AVE AT ORCHARD AVE,Bus,Bus Stop,11.7931815,2.315909,9.4772725,40.4976,-80.0506
E26440,HAMILTON AVE AT COLLIER ST,Bus,Bus Stop,11.775,7.922727500000001,3.8522724999999998,40.4536,-79.8928
E52460,SOUTH AVE AT SWISSVALE AVE,Bus,Bus Stop,11.761364075,2.6136364750000003,9.1477276,40.4397,-79.8783
E57340,WIGHTMAN ST AT BEACON ST,Bus,Bus Stop,11.759090899999999,11.325,0.43409090000000006,40.434,-79.9276
E11570,BUTLER ST AT 36TH ST,Bus,Bus Stop,11.7568185,4.7136365,7.043182,40.4654,-79.9652
S70599,LARGE PARK-AND-RIDE TERMINAL -,Bus,Bus Stop,11.754545454545456,6.8431818181818205,4.911363636363635,40.2949,-79.9104
E26510,HAMILTON AVE AT HALE ST,Bus,Bus Stop,11.747727000000001,4.0022725,7.7454545,40.4524,-79.8877
S16610,E CARSON ST OPP S 5TH ST,Bus,Bus Stop,11.7454542,2.0931817,9.652272499999999,40.4287,-79.9952
E05670,BEDFORD AVE AT MANILLA ST,Bus,Bus Stop,11.740909,6.5863635,5.1545455,40.445,-79.9861
W24745,WASHINGTON PIKE AT CHARTIERS VALLEY SC,Bus,Bus Stop,11.724999999999998,1.1499999999999977,10.575,40.3656,-80.1081
N08620,BEAVER ST AT #306,Bus,Bus Stop,11.715909090909074,1.0227272727272751,10.693181818181799,40.5678,-80.2115
E04810,BAUM BLVD AT CRAIG ST FS,Bus,Bus Stop,11.713636000000001,4.3363635,7.3772725,40.454,-79.9527
S13874,CURRY HOLLOW RD OPP GREEN DR,Bus,Bus Stop,11.679545449999999,10.225,1.45454545,40.3403,-79.9674
E21300,FRANKSTOWN RD AT ROBINSON BLVD FS,Bus,Bus Stop,11.665909,8.509091,3.1568180000000003,40.4612,-79.8656
S24025,HWY RT 51 AT PIZZA HUT,Bus,Bus Stop,11.663636363636364,10.218181818181819,1.4454545454545455,40.368,-79.9836
N39540,OHIO RIVER BLVD AT BIRMINGHAM AVE STEPS,Bus,Bus Stop,11.65909090909091,10.28409090909091,1.375,40.4991,-80.0716
S48490,WEST ST AT MUNHALL BORO BLDG,Bus,Bus Stop,11.654545500000001,2.284091,9.370454500000001,40.3992,-79.9044
N71209,AMBULATORY CARE CENTER DR AT BLDG #51,Bus,Bus Stop,11.6477275,1.218182,10.4295455,40.495,-79.8887
W20960,S MAIN ST AT SANCTUS ST,Bus,Bus Stop,11.647727,3.6522724999999996,7.9954545,40.4417,-80.0328
N31650,MAIN ST AT #1834,Bus,Bus Stop,11.636363499999998,7.461363499999999,4.175,40.4945,-79.9203
E70296,BRYN MAWR RD AT CENTRE AVE FS,Bus,Bus Stop,11.6295455,9.831818,1.7977275000000001,40.4493,-79.9575
S13740,CRAWFORD AVE AT MONTEREY ST,Bus,Bus Stop,11.629545454545454,5.529545454545455,6.1,40.3629,-79.8521
E70854,HAZELWOOD AVE AT SYLVAN AVE,Bus,Bus Stop,11.6250009,0.33409089999999997,11.29091,40.412,-79.9417
E40310,MONTIER ST AT LABELLE AVE,Bus,Bus Stop,11.613636949999998,2.84318195,8.770454999999998,40.4466,-79.8705
E46700,PENN AVE OPP MURTLAND ST,Bus,Bus Stop,11.60227292,0.88409092,10.718182,40.4507,-79.9061
N44040,PERRYSVILLE AVE OPP #3000,Bus,Bus Stop,11.6022725,8.2954545,3.306818,40.4761,-80.0124
E58385,WM PENN HWY AT DUFF RD,Bus,Bus Stop,11.597727272727274,10.10227272727273,1.495454545454545,40.4382,-79.7741
S25520,INTERBORO AVE AT MIFFLIN RD,Bus,Bus Stop,11.593181999999999,2.175,9.418182,40.3699,-79.913
E70367,FRANKSTOWN AVE AT BLACKADORE AVE,Bus,Bus Stop,11.584090999999999,8.720454499999999,2.8636365,40.4555,-79.8832
E70754,STRANAHAN ST OPP OBERLIN ST,Bus,Bus Stop,11.575,5.1613635,6.4136365,40.4617,-79.89
S70566,LAYOVER - PENN STATE MCKEESPOR,Bus,Bus Stop,11.575,7.4795455,4.0954545,40.3458,-79.8287
N03630,W 7TH AVE AT CENTER ST,Bus,Bus Stop,11.574999749999998,11.027272499999999,0.54772725,40.6003,-79.7607
E18850,EUCLID AVE AT BUNKERHILL ST,Bus,Bus Stop,11.54318205,0.17045455,11.3727275,40.479,-79.9178
N12360,BUTLER ST AT BRIDGE ST,Bus,Bus Stop,11.543181818181818,3.5818181818181825,7.961363636363635,40.4977,-79.9439
E46920,PENN CENTER BLVD AT WM PENN HWY,Bus,Bus Stop,11.527272499999999,2.556818,8.970454499999999,40.4298,-79.812
E35395,LIBERTY AVE OPP PACIFIC AVE,Bus,Bus Stop,11.5227275,5.2954545,6.227273,40.4573,-79.941
S70439,CHURCHVIEW AVE OPP SANKEY AVE,Bus,Bus Stop,11.506818500000001,6.5136365000000005,4.993182,40.3854,-79.9763
N21070,FREEPORT RD AT E OAK HILL RD,Bus,Bus Stop,11.477272775000001,8.05,3.427272775,40.4893,-79.875
E18630,ELLSWORTH AVE OPP CLYDE ST,Bus,Bus Stop,11.475,2.6477275000000002,8.8272725,40.4489,-79.9468
E70786,DEVILLIERS ST AT WEBSTER AVE,Bus,Bus Stop,11.465909,6.931818,4.534091,40.4458,-79.9819
E53180,STANTON AVE AT WOODBINE ST FS,Bus,Bus Stop,11.420454549999999,10.825,0.5954545499999999,40.4794,-79.9436
S70382,RAVENSBURG BLVD AT HWY RT 885,Bus,Bus Stop,11.415909090909093,3.2181818181818196,8.197727272727274,40.3046,-79.8951
S48530,WEST ST OPP MUNHALL BORO BLDG,Bus,Bus Stop,11.415909,10.1363635,1.2795455,40.3992,-79.9043
E04850,BAUM BLVD AT GRAHAM ST,Bus,Bus Stop,11.4136365,5.4454545,5.9681820000000005,40.4575,-79.9368
S14237,CHALFONT ST AT DELMONT AVE,Bus,Bus Stop,11.4113635,1.359091,10.0522725,40.4166,-80.004
N12960,CALIFORNIA AVE AT PERROTT ST,Bus,Bus Stop,11.381818500000001,1.659091,9.722727500000001,40.4853,-80.0418
N24020,GRANT AVE AT NORTH AVE,Bus,Bus Stop,11.38181818181818,3.086363636363635,8.295454545454545,40.4809,-79.9748
W03960,CHARTIERS AVE OPP MARLOW ST,Bus,Bus Stop,11.372727000000001,10.279545,1.093182,40.4429,-80.0397
W03640,CHARTIERS AVE AT OLTMAN ST FS,Bus,Bus Stop,11.363636,1.356818,10.006817999999999,40.4585,-80.0693
W24260,WASHINGTON AVE AT MAIN ST,Bus,Bus Stop,11.35,5.595454545454545,5.754545454545455,40.4093,-80.0835
W70177,UNIVERSITY BLVD AT MOON PLAZA,Bus,Bus Stop,11.340907249999999,0.54772725,10.79318,40.52,-80.2179
W00470,4TH AVE OPP THORN RUN RD (OPP PARK AND RID,Bus,Bus Stop,11.3249995,1.3204544999999999,10.004545,40.5234,-80.1769
E18620,ELLSWORTH AVE AT NEVILLE ST,Bus,Bus Stop,11.318182,5.9136365,5.4045455,40.4482,-79.9476
N31590,MAIN ST AT POWERS ST,Bus,Bus Stop,11.3136361,7.8954545,3.4181816,40.4956,-79.9383
E28722,HERRON AVE AT LIBERTY AVE,Bus,Bus Stop,11.313634,9.097725,2.215909,40.4614,-79.967
E26500,HAMILTON AVE AT HALE ST,Bus,Bus Stop,11.306818,7.775,3.5318180000000003,40.4524,-79.8874
E45130,PAULSON AVE AT DEAN ST,Bus,Bus Stop,11.3045455,8.315909,2.9886365,40.468,-79.9034
W10370,ISLAND AVE AT CUTLER ST FS,Bus,Bus Stop,11.304545454545448,10.684090909090902,0.6204545454545456,40.4716,-80.0613
E58350,WM PENN HWY AT CENTER RD FS,Bus,Bus Stop,11.295454545454547,10.76818181818182,0.5272727272727274,40.4388,-79.7696
S31130,MAIN ST AT CAMBRIA ST,Bus,Bus Stop,11.2840908,0.6681817999999999,10.615909,40.3817,-79.906
X02630,BOWER HILL RD OPP RALSTON PL,Bus,Bus Stop,11.279545545,9.713636545,1.565909,40.3863,-80.0479
E46160,PENN AVE AT LEXINGTON ST,Bus,Bus Stop,11.277272925,1.234090925,10.043182,40.4486,-79.8997
N12420,BUTLER ST AT HIGH ST,Bus,Bus Stop,11.27727272727273,5.431818181818181,5.845454545454548,40.4979,-79.9439
W70161,WASHINGTON AVE OPP DOLLAR TREE,Bus,Bus Stop,11.277272499999999,2.056818,9.220454499999999,40.398,-80.0835
S70270,HWY RT 51 RAMP AT HWY RT 51 (STEPS),Bus,Bus Stop,11.268182,8.418182,2.85,40.3424,-79.9658
E08890,BRADDOCK AVE AT HENRIETTA ST,Bus,Bus Stop,11.259091000000002,10.211363500000001,1.0477275000000001,40.4358,-79.8959
S48510,WEST ST OPP 21ST AVE,Bus,Bus Stop,11.240909000000002,2.8022725,8.438636500000001,40.3981,-79.9034
E10100,BRINTON RD AT COLUMBIA AVE,Bus,Bus Stop,11.238636363636365,1.05909090909091,10.179545454545455,40.4246,-79.8686
S70311,MICHIGAN ST AT BELTZHOOVER AVE,Bus,Bus Stop,11.231818,1.5863635,9.6454545,40.4159,-79.9973
E59650,WOODSTOCK AVE AT ORMOND ST,Bus,Bus Stop,11.22727275,8.4863638,2.74090895,40.4181,-79.8825
S08670,BROWNSVILLE RD AT KAUFMANN AVE FS,Bus,Bus Stop,11.218181818181819,2.5909090909090926,8.627272727272725,40.3691,-79.9758
S00920,SECOND AVE AT RENOVA ST,Bus,Bus Stop,11.206818250000001,1.37272725,9.834091,40.401,-79.9394
W14450,MIDDLETOWN RD AT STRAKA ST FS,Bus,Bus Stop,11.19090885,0.9386363499999999,10.2522725,40.4476,-80.0617
E17540,EDGEWOOD AVE AT GORDON ST,Bus,Bus Stop,11.18409090909091,10.286363636363635,0.897727272727275,40.4288,-79.8845
N12530,BUTLER ST AT WASHINGTON ST,Bus,Bus Stop,11.175,7.324999999999999,3.8500000000000005,40.4936,-79.948
X13390,PIONEER AVE AT BELLAIRE AVE,Bus,Bus Stop,11.1613635,11.1613635,0.0,40.3971,-80.0232
N08650,BEAVER ST AT SPENCER ST,Bus,Bus Stop,11.149999999999999,7.372727272727275,3.7772727272727247,40.565,-80.2071
E34750,LEMINGTON AVE AT LINCOLN AVE,Bus,Bus Stop,11.1045455,4.306818,6.797727500000001,40.4687,-79.896
E53000,STANTON AVE OPP HAWTHORNE ST,Bus,Bus Stop,11.077272749999999,9.975,1.10227275,40.4812,-79.9373
S70477,EDEN PARK BLVD AT MAYFAIR AVE,Bus,Bus Stop,11.077272727272728,0.168181818181818,10.90909090909091,40.3434,-79.8294
E13210,CENTRE AVE AT LOGAN ST FS,Bus,Bus Stop,11.072727299999999,2.3977272999999997,8.674999999999999,40.4406,-79.9901
X70022,VIRGINIA AVE AT BIGHAM ST,Bus,Bus Stop,11.0681817,10.7613635,0.30681820000000004,40.432,-80.0155
N18420,E 7TH AVE AT WOOD ST,Bus,Bus Stop,11.056818044999998,10.936363499999999,0.120454545,40.6026,-79.7557
N31862,MARSHALL AVE OPP STAYTON ST,Bus,Bus Stop,11.04772775,0.37727275,10.670455,40.4663,-80.0256
N20590,FREEPORT RD AT ALPHA DR (RIDC PARK),Bus,Bus Stop,11.047727,3.4204545,7.6272725,40.4916,-79.8658
X20080,WEST LIBERTY AVE AT KELTON AVE FS,Bus,Bus Stop,11.01818181818182,1.8477272727272749,9.170454545454545,40.3926,-80.0375
N40310,OHIO RIVER BLVD OPP MONITOR AVE,Bus,Bus Stop,11.004545454545454,9.13181818181818,1.8727272727272752,40.5016,-80.0755
E46220,PENN AVE AT MATHILDA ST,Bus,Bus Stop,11.002272999999999,2.9681819999999997,8.034091,40.4655,-79.9466
W21560,STEUBEN ST AT HERSCHEL ST FS,Bus,Bus Stop,11.000000250000001,8.6727275,2.32727275,40.4421,-80.045
E37235,LONG RD AT DATURA DR,Bus,Bus Stop,10.997727275,10.9,0.097727275,40.4624,-79.8339
N18700,EVERGREEN RD AT BAYTREE ST,Bus,Bus Stop,10.997727,4.8863635,6.1113634999999995,40.4887,-80.0103
W14310,MIDDLETOWN RD AT LADOGA ST,Bus,Bus Stop,10.99318175,0.47272725,10.5204545,40.4516,-80.0693
E23420,FRIENDSHIP AVE AT ATLANTIC AVE,Bus,Bus Stop,10.9863635,9.556818,1.4295455000000001,40.462,-79.9388
S31555,MAIN ST AT E OLIVER RD,Bus,Bus Stop,10.98409,10.38409,0.6,40.3896,-79.901
X01970,BOGGS AVE OPP WYOMING ST,Bus,Bus Stop,10.9795455,9.5363635,1.443182,40.4268,-80.0064
S70145,SECOND AVE OPP PGH TECH CTR (MIDDLE ACCESS RD,Bus,Bus Stop,10.97500025,7.4750000000000005,3.5000002500000003,40.4328,-79.9621
W17130,NOBLESTOWN RD AT #2212,Bus,Bus Stop,10.96818205,0.8704545499999999,10.0977275,40.4302,-80.0535
N38540,NORTH AVE AT FREEMONT ALLEY,Bus,Bus Stop,10.963636363636361,7.752272727272725,3.211363636363635,40.4822,-79.9738
N31905,MATHIAS ST AT RHINE ST,Bus,Bus Stop,10.961363500000001,8.284091,2.6772725,40.4682,-79.9951
X02670,BOWER HILL RD AT LAKEMONT DR (ST CLAIR HOSPITAL,Bus,Bus Stop,10.95227285,10.3386365,0.6136363499999999,40.3778,-80.0652
E70973,FRANKSTOWN OPP HOCHBERG RD FS,Bus,Bus Stop,10.9522725,2.681818,8.2704545,40.4616,-79.861
S70480,UNIVERSITY DR AT EDEN PARK BLVD,Bus,Bus Stop,10.950000000000001,10.9,0.05,40.3433,-79.8291
E26550,HAMILTON AVE AT LANG AVE,Bus,Bus Stop,10.9340905,7.5318179999999995,3.4022724999999996,40.4551,-79.8995
W70175,UNIVERSITY BLVD OPP CARNOT RD,Bus,Bus Stop,10.93182045,0.27954545,10.652275,40.5152,-80.2224
X02130,BOWER HILL RD AT HILLAIRE DR FS,Bus,Bus Stop,10.92045635,10.78182,0.13863635,40.3749,-80.0716
W70043,PLEASANT RIDGE RD AT SENIOR HIGHRISE,Bus,Bus Stop,10.913636499999999,8.595454499999999,2.318182,40.48,-80.0764
E70938,CENTRE AVE AT ARTHUR ST,Bus,Bus Stop,10.9045455,4.2227274999999995,6.681818,40.442,-79.9837
E36097,LINCOLN AVE OPP WILTSIE ST,Bus,Bus Stop,10.89545435,0.31363635,10.581818,40.4701,-79.8937
S00230,S 18TH ST AT JOSEPHINE ST,Bus,Bus Stop,10.875,5.256818,5.618181999999999,40.4248,-79.9794
E21590,FRANKSTOWN RD OPP ERHARDT DR,Bus,Bus Stop,10.87045475,1.00227275,9.868182000000001,40.4657,-79.8388
S13871,CURRY HOLLOW RD AT ARBOR LN,Bus,Bus Stop,10.8522725,1.715909,9.1363635,40.3364,-79.9717
W03860,CHARTIERS AVE OPP AMELIA ST,Bus,Bus Stop,10.849999999999978,9.67272727272725,1.1772727272727275,40.4649,-80.0685
E70022,CENTRE AVE OPP WASHINGTON PLAZA,Bus,Bus Stop,10.84772725,3.4250000000000003,7.42272725,40.4407,-79.9872
S14340,DESIDERIO BLVD AT WASHINGTON AVE,Bus,Bus Stop,10.838636363636365,5.54318181818182,5.295454545454545,40.287,-79.8947
E32850,JONES AVE OPP HAWKINS AVE,Bus,Bus Stop,10.8295455,5.6886365,5.140909,40.4048,-79.8609
W21410,STEUBEN ST AT ALEXANDER ST,Bus,Bus Stop,10.82272785,6.7659095,4.05681835,40.4419,-80.0346
N43830,PERRYSVILLE AVE AT #3835,Bus,Bus Stop,10.81363645,10.284091,0.52954545,40.4883,-80.0168
X02680,BOWER HILL RD OPP SYLVANDELL DR FS,Bus,Bus Stop,10.790907275,0.07272727500000001,10.71818,40.3745,-80.0733
S10590,CAMFIELD ST AT BANDI AVE,Bus,Bus Stop,10.7863635,3.7272724999999998,7.0590910000000004,40.4092,-79.9984
E45700,PENN AVE AT ANGELA DR,Bus,Bus Stop,10.7818181,9.1181818,1.6636362999999998,40.4396,-79.8747
N38580,NORTH AVE AT JAMES ST,Bus,Bus Stop,10.7386366,0.8659091000000001,9.8727275,40.4565,-80.0014
E59605,WOODSTOCK AVE OPP BELMAR PL,Bus,Bus Stop,10.7363633,2.4681818,8.2681815,40.4153,-79.8755
W08222,GREENTREE RD OPP CARNAHAN RD,Bus,Bus Stop,10.709090909090909,0.975,9.73409090909091,40.4143,-80.0451
E25368,GREENFIELD AVE OPP KEARCHER ST,Bus,Bus Stop,10.7045455,8.7363635,1.9681819999999999,40.4254,-79.9438
E54600,TRENTON AVE AT SOUTH AVE,Bus,Bus Stop,10.69772725,9.470454499999999,1.22727275,40.444,-79.8921
X18770,VIRGINIA AVE AT KEARSARGE ST,Bus,Bus Stop,10.69090865,10.279545,0.41136365,40.4311,-80.0107
S70467,MOUNTAIN AVE AT FISHER ST,Bus,Bus Stop,10.6681818,10.45,0.21818179999999998,40.4114,-79.9772
N32420,MCKNIGHT RD AT ARCADIA DR FS,Bus,Bus Stop,10.654545454545454,0.125,10.529545454545454,40.5767,-80.026
W03310,CHARTIERS AVE AT CORLISS ST,Bus,Bus Stop,10.6090911,1.7909091,8.818182,40.4503,-80.0451
E40375,MONTIER ST AT #1824,Bus,Bus Stop,10.600000045,1.7522725450000003,8.8477275,40.4481,-79.8686
E70013,BAUM BLVD AT AIKEN AVE,Bus,Bus Stop,10.5954545,6.615909,3.9795455,40.4571,-79.9383
E13310,CENTRE AVE AT CHAUNCEY ST,Bus,Bus Stop,10.5931815,6.856818,3.7363635000000004,40.4457,-79.972
E70901,BRADDOCK AVE AT 9TH ST,Bus,Bus Stop,10.59090909090909,9.95,0.640909090909091,40.4001,-79.8643
N18220,EAST ST OPP MT PLEASANT RD,Bus,Bus Stop,10.586363500000001,1.809091,8.7772725,40.4823,-80.006
E34150,LAKETON RD AT WINTON ST,Bus,Bus Stop,10.575002275,10.477274999999999,0.097727275,40.4511,-79.8621
E13260,CENTRE AVE AT BIGELOW BLVD,Bus,Bus Stop,10.575,1.5636364999999999,9.0113635,40.4506,-79.9552
N25530,HENDERSON ST OPP SANDUSKY CT,Bus,Bus Stop,10.568182,2.775,7.793182,40.4592,-80.0056
E44970,PARK HILL DR AT WHITE PINE PL,Bus,Bus Stop,10.5613635,2.1363635,8.425,40.4545,-79.8741
W06780,FARONIA ST AT WYNETTE ST,Bus,Bus Stop,10.552272649999999,4.28863615,6.2636365,40.4518,-80.0677
S50330,YESTER SQ AT CRAWFORD VILLAGE PL,Bus,Bus Stop,10.545454545454545,8.786363636363635,1.75909090909091,40.3505,-79.8391
S70229,HOLLYROOD DR AT PROSPECT RD,Bus,Bus Stop,10.543181818181816,10.42272727272727,0.12045454545454545,40.3628,-79.9636
W70176,UNIVERSITY BLVD AT ROBERT MORRIS,Bus,Bus Stop,10.540908649999999,10.204545,0.33636365,40.5196,-80.2178
N31878,MARSHALL AVE OPP NEW HAMPSHIRE DR,Bus,Bus Stop,10.538636499999999,1.825,8.7136365,40.4646,-80.0275
E20930,FRANKSTOWN RD AT CRESCENT HILLS RD FS,Bus,Bus Stop,10.534090975,8.8045455,1.7295454749999999,40.473,-79.8203
N12850,CALIFORNIA AVE AT HALSEY PL FS,Bus,Bus Stop,10.529545500000001,4.8295455,5.7,40.4638,-80.0321
N15935,CUMBERLAND RD OPP LANCELOT DR,Bus,Bus Stop,10.529545454545454,9.2,1.329545454545455,40.5721,-80.0227
S70534,CHURCHVIEW AVE AT SANKEY AVE,Bus,Bus Stop,10.529545,3.0022725,7.5272725000000005,40.3854,-79.9766
S70274,S 26TH ST AT JANE ST,Bus,Bus Stop,10.527273000000001,3.0727275,7.4545455,40.4258,-79.9692
N36600,MT ROYAL BLVD OPP MOREWOOD RD,Bus,Bus Stop,10.520454375,0.613636375,9.906818,40.5345,-79.9695
N12645,CALIFORNIA AVE AT ANTRIM ST,Bus,Bus Stop,10.511363999999999,1.5977275,8.913636499999999,40.4752,-80.0395
S50370,YOUNG DR AT YESTER SQ,Bus,Bus Stop,10.50681818181818,5.68181818181818,4.825,40.3497,-79.8406
W25710,WINDGAP AVE AT CHARTIERS AVE,Bus,Bus Stop,10.5,6.322727499999999,4.1772725,40.4592,-80.0778
N43470,PERRYSVILLE AVE AT HAWKINS ST,Bus,Bus Stop,10.4977275,8.0727275,2.425,40.4726,-80.0104
E29365,PANTHER HOLLOW RD AT BARTLETT RD FS,Bus,Bus Stop,10.495454575,8.072727275,2.4227273,40.4335,-79.9372
E70019,EDGEWOOD AVE AT BRADDOCK AVE NS,Bus,Bus Stop,10.4931821,0.31590910000000005,10.177273,40.4236,-79.8863
E20650,FRANKSTOWN AVE AT STANDARD AVE,Bus,Bus Stop,10.493181700000001,9.7863635,0.7068182000000001,40.4572,-79.8776
N18185,EAST ST AT VENTURE ST FS,Bus,Bus Stop,10.4568185,3.7681820000000004,6.6886365,40.4851,-80.0096
E25365,GREENFIELD AVE OPP GRAPHIC ST,Bus,Bus Stop,10.452273,3.143182,7.3090910000000004,40.4243,-79.9354
E26460,HAMILTON AVE AT DALLAS AVE,Bus,Bus Stop,10.4522727,9.1704545,1.2818182,40.4563,-79.9046
E05910,BEECHWOOD BLVD AT DOUGLAS ST FS,Bus,Bus Stop,10.4431815,6.806818,3.6363635,40.4333,-79.9146
E52380,SOUTH AVE AT COAL ST,Bus,Bus Stop,10.431818175,8.0204544,2.4113637750000003,40.4403,-79.8801
E16580,DOBSON ST AT HANCOCK ST,Bus,Bus Stop,10.420454500000002,8.211363500000001,2.209091,40.4575,-79.9659
E48641,ROBERTS ST AT WEBSTER AVE,Bus,Bus Stop,10.4204545,3.6022725,6.818182,40.4445,-79.985
E36035,LINCOLN AVE AT WILTSIE ST,Bus,Bus Stop,10.418182074999999,10.127272999999999,0.290909075,40.4702,-79.8936
E70974,ALCOMA BLVD AT #225,Bus,Bus Stop,10.4090905,6.2818179999999995,4.1272725,40.4846,-79.801
N14120,CENTER AVE AT RIDGEWOOD AVE STEPS,Bus,Bus Stop,10.406818,2.7704545,7.6363635,40.5151,-80.0231
N44810,PITTSBURGH ST AT PORTER ST,Bus,Bus Stop,10.4022726,0.8409091,9.5613635,40.5412,-79.7889
N13720,CENTER AVE AT BRONX AVE,Bus,Bus Stop,10.395455,7.6477275,2.7477275,40.5207,-80.0394
E54550,TRENTON AVE AT FRANKLIN AVE,Bus,Bus Stop,10.390909200000001,9.209091,1.1818182,40.4433,-79.8924
S35231,MOUNTAINVIEW DR AT HOME DEPOT,Bus,Bus Stop,10.390908799999998,7.8613634999999995,2.5295452999999997,40.3423,-79.9538
N15910,CUMBERLAND RD AT LANCELOT DR,Bus,Bus Stop,10.381818181818181,0.565909090909091,9.81590909090909,40.5722,-80.0224
S09490,BROWNSVILLE RD OPP HILLMAN ST,Bus,Bus Stop,10.379545454545452,1.9613636363636384,8.418181818181814,40.3717,-79.9754
W15700,MOYER ST AT ALLENDALE ST,Bus,Bus Stop,10.37045445,9.990909,0.37954544999999995,40.4583,-80.064
E55550,VERONA RD AT POKETA RD,Bus,Bus Stop,10.3704532,9.988635,0.3818182,40.4867,-79.8373
W70084,STANHOPE ST AT CHARTIERS AVE FS (SUNOCO),Bus,Bus Stop,10.34772675,7.66136325,2.6863635,40.4635,-80.0563
S31500,MAIN ST AT N LEHIGH AVE,Bus,Bus Stop,10.3431817,0.5068182,9.836363500000001,40.3785,-79.9081
X09330,LABELLE ST AT VIRGINIA AVE,Bus,Bus Stop,10.334090775,10.2613635,0.07272727500000001,40.4322,-80.0165
E70268,LARIMER AVE AT MEADOW ST,Bus,Bus Stop,10.3318185,5.284091,5.0477275,40.4652,-79.9146
E38715,MAPLE AVE AT JAMES ST,Bus,Bus Stop,10.325,2.4681819999999997,7.856818,40.408,-79.8187
E46720,PENN AVE OPP PEARL ST,Bus,Bus Stop,10.325,6.018182,4.306818,40.4657,-79.9479
N54530,WILSON AVE AT PERRYSVILLE AVE,Bus,Bus Stop,10.3227275,8.129545499999999,2.193182,40.4638,-80.0124
S47030,WALNUT ST AT 5TH AVE FS,Bus,Bus Stop,10.30454545454545,6.777272727272725,3.5272727272727247,40.3506,-79.865
N33570,MERCHANT ST AT 3RD ST,Bus,Bus Stop,10.299999999999999,0.46818181818181803,9.83181818181818,40.5818,-80.2238
S70295,MONONGAHELA AVE AT 5TH ST,Bus,Bus Stop,10.29772727272727,5.911363636363635,4.386363636363635,40.3275,-79.8924
W21480,STEUBEN ST AT DEXTER ST,Bus,Bus Stop,10.2954541,8.738636,1.5568181,40.4423,-80.0506
N33677,MERCHANT ST AT VALLEY RD,Bus,Bus Stop,10.28409090909091,1.5227272727272751,8.761363636363635,40.5799,-80.2214
E36330,LINCOLN HWY AT LINCOLN SQ SR CITIZEN HOME,Bus,Bus Stop,10.272727275000001,7.734091,2.538636275,40.3874,-79.8281
S48700,WHITAKER ST OPP OAK ST,Bus,Bus Stop,10.259090545,7.0522725,3.2068180450000003,40.4003,-79.8869
E44620,ORION ST AT MILWAUKEE ST,Bus,Bus Stop,10.2431815,3.0363635,7.206818,40.4543,-79.9615
N08160,BEAVER ST AT ACADEMY AVE,Bus,Bus Stop,10.236364000000002,1.9227275,8.313636500000001,40.545,-80.1873
N28970,KENDALL AVE OPP WATSON AVE,Bus,Bus Stop,10.231818181818205,9.87727272727275,0.3545454545454545,40.4879,-80.052
W00450,4TH AVE OPP LOCUST ST,Bus,Bus Stop,10.22272727272727,1.6068181818181801,8.61590909090909,40.5212,-80.1711
E59230,WM PENN HWY OPP PENN CENTER BLVD,Bus,Bus Stop,10.2227271,9.956818,0.2659091,40.4301,-79.8117
E09900,BRINTON AVE OPP BOWERS ST,Bus,Bus Stop,10.2204543,1.3931818,8.8272725,40.4026,-79.842
N20835,PITTSBURGH ST AT BUTLER ST,Bus,Bus Stop,10.2159095,1.0977275,9.118182000000001,40.5425,-79.7731
S70421,WATERFRONT DR AT COMMONWEALTH BANK DR FS,Bus,Bus Stop,10.202272727272728,3.377272727272728,6.825000000000001,40.4134,-79.9065
E40290,MONTIER ST AT HERR ST,Bus,Bus Stop,10.19090885,9.472726999999999,0.71818185,40.4473,-79.8697
N08610,BEAVER ST AT #305,Bus,Bus Stop,10.186363636363616,9.347727272727251,0.838636363636365,40.5678,-80.2116
N17350,EAST OHIO ST AT HEINZ ST,Bus,Bus Stop,10.177273,4.1409095,6.0363635,40.4552,-79.9928
W24780,WASHINGTON PIKE AT MAYER ST,Bus,Bus Stop,10.168181818181818,9.031818181818181,1.1363636363636365,40.3659,-80.1072
E34160,LAKETON RD AT WOODGATE RD,Bus,Bus Stop,10.1522726,0.7659091,9.3863635,40.4582,-79.8552
E70801,PENN AVE AT DALLAS AVE,Bus,Bus Stop,10.14090925,9.243182000000001,0.89772725,40.4515,-79.908
E20390,FRANKSTOWN AVE AT EAST VIEW ST,Bus,Bus Stop,10.1386364,7.134091,3.0045454,40.4582,-79.9036
E08056,BLACK ST AT AIKEN AVE,Bus,Bus Stop,10.118182000000001,9.093182,1.025,40.4706,-79.9329
N24040,GRANT AVE OPP SCHOOL ST,Bus,Bus Stop,10.106818181818186,4.7181818181818205,5.3886363636363654,40.4783,-79.9704
E53740,SWISSVALE AVE AT PARK AVE,Bus,Bus Stop,10.09999985,1.71363635,8.3863635,40.4445,-79.8758
E11550,BUTLER ST AT 35TH ST,Bus,Bus Stop,10.097727,2.3204545,7.7772725000000005,40.4645,-79.9659
N44530,PITTSBURGH ST AT COLFAX ST FS,Bus,Bus Stop,10.093181999999999,1.2,8.893182,40.541,-79.7842
W17820,NOBLESTOWN RD OPP HAWTHORNE ST,Bus,Bus Stop,10.093181999999999,1.8590909999999998,8.234091,40.4162,-80.0674
E58360,WILLIAM PENN HWY AT CHURCHILL BORO BLDG,Bus,Bus Stop,10.081818181818184,1.1840909090909089,8.897727272727275,40.4461,-79.8502
X01870,BOGGS AVE AT DEWITT ST FS,Bus,Bus Stop,10.077273199999999,0.3568182,9.720455,40.4242,-80.0092
E06370,BEELER ST OPP BEELERMONT PL,Bus,Bus Stop,10.07727282,9.884091,0.19318182,40.4455,-79.9333
X11175,EBEN ST AT SHIRE PL,Bus,Bus Stop,10.0772725,1.7,8.3772725,40.3885,-80.0082
E29363,HILLCREST ST AT AIKEN AVE,Bus,Bus Stop,10.0727275,1.4840909999999998,8.5886365,40.4677,-79.9348
E08185,BLVD OF ALLIES OPP HALKET ST,Bus,Bus Stop,10.07045475,6.05227295,4.018181800000001,40.4358,-79.9583
E56000,WALLACE AVE AT COAL ST,Bus,Bus Stop,10.0613639,6.9454548,3.1159091,40.4427,-79.8788
X00390,BAILEY AVE AT RUTH ST,Bus,Bus Stop,10.0568185,8.5136365,1.5431819999999998,40.427,-80.0053
E59630,WOODSTOCK AVE AT MELROSE ST,Bus,Bus Stop,10.052272625,7.956818,2.095454625,40.4171,-79.8808
W25550,WHITE AVE AT STOTZ AVE FS,Bus,Bus Stop,10.045454545454545,6.254545454545455,3.79090909090909,40.4352,-80.0662
E59590,WOODSTOCK AVE AT ARDMORE ST,Bus,Bus Stop,10.0386362,3.9,6.1386362,40.4191,-79.8844
W03390,CHARTIERS AVE AT FAIRDALE ST,Bus,Bus Stop,10.0272729,0.9340909,9.093182,40.4538,-80.0639
E50260,SALTSBURG RD AT UNIVERSAL RD,Bus,Bus Stop,10.025,2.8977275000000002,7.1272725,40.4776,-79.7854
W00800,ALLENDALE CIR AT #3728,Bus,Bus Stop,10.0204545,5.6840910000000004,4.3363635,40.4595,-80.0628
N39630,OHIO RIVER BLVD AT EAT-N-PARK,Bus,Bus Stop,10.013636363636365,7.954545454545455,2.05909090909091,40.4941,-80.0643
E70866,REED ST AT ADDISON ST,Bus,Bus Stop,10.009091,5.2704545,4.7386365,40.4427,-79.9774
E20750,FRANKSTOWN AVE OPP FINLEY ST FS,Bus,Bus Stop,10.006817999999999,3.3363635,6.6704545,40.459,-79.9096
N39760,OHIO RIVER BLVD AT KENDALL AVE,Bus,Bus Stop,9.988636363636363,2.174999999999999,7.813636363636365,40.4863,-80.0539
E04890,BAUM BLVD AT MELWOOD AVE,Bus,Bus Stop,9.9863635,5.290909,4.6954545,40.4541,-79.9518
E08046,BLACK ST AT NEGLEY AVE,Bus,Bus Stop,9.984091,2.840909,7.143182,40.4688,-79.9278
E14134,CHASKE ST OPP CROSS ST,Bus,Bus Stop,9.984090775000002,7.425000000000001,2.5590907750000005,40.4758,-79.8692
E46310,PENN AVE AT PEARL ST,Bus,Bus Stop,9.965909,2.4636365,7.5022725,40.4657,-79.9482
W03840,CHARTIERS AVE AT WINDGAP AVE,Bus,Bus Stop,9.9636365,3.4204545,6.543182,40.4593,-80.0775
E37290,LONG RD AT PARIS RD,Bus,Bus Stop,9.9636363,9.8954545,0.0681818,40.4591,-79.834
N33675,MERCHANT ST OPP VALLEY RD,Bus,Bus Stop,9.961363636363638,9.08409090909091,0.8772727272727275,40.5799,-80.2216
E70343,STRANAHAN ST AT OBERLIN ST,Bus,Bus Stop,9.952273,3.1636365,6.7886365,40.4617,-79.8899
E53730,SWISSVALE AVE AT NORTH AVE,Bus,Bus Stop,9.9522725,4.881818,5.0704545,40.4428,-79.8768
W07190,FOREST GROVE RD AT FAIRHAVEN RD,Bus,Bus Stop,9.947727272727272,9.375,0.5727272727272725,40.4757,-80.0993
N32410,MCKNIGHT RD AT ARCADIA DR,Bus,Bus Stop,9.927272727272726,9.20681818181818,0.7204545454545452,40.5767,-80.0261
N40425,OLD FREEPORT RD AT CHAPEL HARBOR DR,Bus,Bus Stop,9.918182045,0.095454545,9.8227275,40.4876,-79.8789
W22010,STEUBEN ST OPP OBEY ST,Bus,Bus Stop,9.9159092,2.8727272,7.043182,40.443,-80.0525
E29860,HOMEWOOD AVE AT MT VERNON ST,Bus,Bus Stop,9.915909000000001,3.4886365,6.427272500000001,40.4614,-79.8947
N03660,W 7TH AVE AT GRANTHAM ST,Bus,Bus Stop,9.906818375,9.643182,0.263636375,40.5983,-79.7645
E36110,LINCOLN HWY AT 3RD ST,Bus,Bus Stop,9.90454535,9.540909,0.36363635,40.3794,-79.8069
E70396,MOSSFIELD ST OPP AZURE ST FS,Bus,Bus Stop,9.8886363,9.1454545,0.7431818,40.4721,-79.9345
S42460,SOUTH BUSWAY OPP PIONEER AVE RAMP,Busway,Busway Stop,9.8818182,4.0045453,5.8772728999999995,40.4119,-80.0085
E59140,WM PENN HWY OPP KINGSTON DR,Bus,Bus Stop,9.879545245000001,1.0772727450000001,8.8022725,40.4298,-79.8094
N13120,CALIFORNIA AVE OPP ANTRIM ST,Bus,Bus Stop,9.868182000000001,6.1886365,3.6795455,40.4753,-80.0397
E35393,LIBERTY AVE AT PACIFIC AVE,Bus,Bus Stop,9.8681815,3.875,5.9931815,40.4574,-79.9409
N50280,SOUTH SIDE AVE OPP LUELLA ST,Bus,Bus Stop,9.8636362,0.3818182,9.481818,40.47,-79.9976
S27320,KENNEDY AVE AT PETER ST,Bus,Bus Stop,9.85909090909091,2.911363636363638,6.9477272727272705,40.3675,-79.8559
W22720,STEUBENVILLE PIKE OPP N FAYETTE VFD,Bus,Bus Stop,9.856818275,0.19772727499999998,9.659091,40.4411,-80.2067
N31700,MAIN ST OPP 17TH ST,Bus,Bus Stop,9.85681825,4.29090925,5.5659089999999996,40.4947,-79.9234
E25352,GREENFIELD AVE AT HOOSAC ST,Bus,Bus Stop,9.85,4.6909089999999996,5.159091,40.4258,-79.941
E06250,BEECHWOOD BLVD OPP LORETTA ST,Bus,Bus Stop,9.83181785,7.788636000000001,2.04318185,40.422,-79.9277
E32227,IMOGENE RD AT BROWNS HILL RD,Bus,Bus Stop,9.829545275,0.5727272750000001,9.256817999999999,40.4151,-79.9249
X04615,COCHRAN RD OPP ROESSLER RD,Bus,Bus Stop,9.827273,2.543182,7.284091,40.393,-80.0633
E33940,LAKETON RD AT GRAHAM BLVD,Bus,Bus Stop,9.815909045,9.6704545,0.145454545,40.4571,-79.8573
E27530,HAWKINS AVE AT #552,Bus,Bus Stop,9.815909,1.0545455000000001,8.7613635,40.407,-79.8639
E25075,GREENFIELD AVE OPP FRANK ST (#912),Bus,Bus Stop,9.8136365,3.309091,6.5045455,40.424,-79.9328
W03400,CHARTIERS AVE OPP FURMAN WAY FS,Bus,Bus Stop,9.8090905,8.3272725,1.481818,40.4538,-80.0645
E70001,BUTLER ST AT 38TH ST,Bus,Bus Stop,9.8,6.8454545,2.9545455,40.467,-79.9643
E25200,GREENFIELD AVE AT DELEVAN ST,Bus,Bus Stop,9.797727499999999,2.225,7.572727499999999,40.4235,-79.9318
E55130,UNIVERSAL RD AT SALTSBURG RD,Bus,Bus Stop,9.7886366,0.1659091,9.6227275,40.4775,-79.7852
N31856,MARSHALL AVE AT NEW HAMPSHIRE DR,Bus,Bus Stop,9.772727275000001,9.425,0.347727275,40.4646,-80.0276
W14300,MIDDLETOWN RD AT JUSTINE ST,Bus,Bus Stop,9.768182,0.9977275,8.7704545,40.4466,-80.0608
N70023,PEEBLES RD AT VINCENTIAN DRVWY FS,Bus,Bus Stop,9.759090909090913,3.165909090909093,6.5931818181818205,40.557,-80.0188
W20190,E RAILROAD ST AT 4TH ST,Bus,Bus Stop,9.743181818181817,2.0477272727272715,7.695454545454545,40.3891,-80.0889
E28620,HAZELWOOD AVE AT #737,Bus,Bus Stop,9.7318184,1.1840909,8.5477275,40.4199,-79.9317
N49620,SHADELAND AVE OPP GEYER AVE,Bus,Bus Stop,9.727273,2.0227275000000002,7.7045455,40.4749,-80.0319
E70886,HOBART RD AT GREENFIELD RD FS,Bus,Bus Stop,9.725000045,1.6113635,8.113636545,40.4326,-79.9363
N31907,MATHIAS ST AT SOUTH SIDE AVE,Bus,Bus Stop,9.725000045,0.095454545,9.629545499999999,40.47,-79.9953
W10290,ISLAND AVE AT BOUQUET ST,Bus,Bus Stop,9.725,6.16590909090909,3.55909090909091,40.4666,-80.0605
S16520,E CARSON ST OPP ARLINGTON AVE,Bus,Bus Stop,9.72045465,2.6409091499999997,7.0795455,40.4308,-80.0011
W25670,WINDGAP AVE AT BELHURST AVE,Bus,Bus Stop,9.711363500000001,6.4340910000000004,3.2772725,40.4582,-80.079
E11860,BUTLER ST AT 57TH ST,Bus,Bus Stop,9.706818100000001,3.1227271,6.584091000000001,40.4851,-79.9464
E04740,BALDRIDGE AVE AT 6TH ST FS (SR HI-RISE),Bus,Bus Stop,9.702273000000002,5.5136365000000005,4.1886365,40.4055,-79.8634
S70271,PARSE WAY AT MT LEBANON STATION,Bus,Bus Stop,9.7022725,4.0863635,5.615909,40.382,-80.0436
N14730,N CHARLES ST OPP KENN AVE,Bus,Bus Stop,9.6886364,9.4295455,0.2590909,40.4682,-80.0156
N13143,CALIFORNIA AVE OPP BOSTON ST,Bus,Bus Stop,9.6795455,6.8113635,2.868182,40.4694,-80.0358
N22400,FREEPORT RD OPP GUYS RUN RD,Bus,Bus Stop,9.679545454545458,2.3113636363636383,7.36818181818182,40.5338,-79.8449
N24220,GRANT AVE AT LINCOLN AVE,Bus,Bus Stop,9.679545454545453,0.068181818181818,9.611363636363635,40.492,-80.0485
E25358,GREENFIELD AVE AT WINDSOR ST FS,Bus,Bus Stop,9.67500015,8.6136365,1.06136365,40.423,-79.9304
X18810,VIRGINIA AVE AT MAPLE TERRACE,Bus,Bus Stop,9.668181500000001,1.5818180000000002,8.086363500000001,40.4306,-80.0094
N71317,MCINTYRE SQUARE DR OPP OLIVE GARDEN,Bus,Bus Stop,9.665909500000001,3.5727275,6.0931820000000005,40.5527,-80.0187
E70777,BEDFORD AVE AT HERRON AVE FS,Bus,Bus Stop,9.665909,6.4386365,3.2272724999999998,40.453,-79.9659
E28705,HERRON AVE AT DOBSON ST,Bus,Bus Stop,9.663637999999999,1.006818,8.65682,40.4584,-79.9643
E34275,LARIMER AVE AT AUBURN ST,Bus,Bus Stop,9.661364,5.7181820000000005,3.943182,40.4638,-79.9169
X13710,PIONEER AVE OPP GALLION AVE,Bus,Bus Stop,9.6613635,0.15,9.5113635,40.3985,-80.0221
W22120,STEUBENVILLE PIKE AT CAMPBELLS RUN RD FS,Bus,Bus Stop,9.66136335,7.890909,1.77045435,40.4482,-80.1571
W20140,E RAILROAD ST AT 1ST ST,Bus,Bus Stop,9.659090909090914,8.790909090909095,0.8681818181818185,40.3934,-80.0875
S23540,HWY RT 51 AT BOROUGH PARK DR,Bus,Bus Stop,9.6499995,2.4363635,7.213636,40.3523,-79.9778
E70031,ALLEGHENY AVE OPP CALIFORNIA AVE,Bus,Bus Stop,9.6454545,0.3,9.345454499999999,40.5153,-79.8434
E30240,HUTCHINSON ST AT BRADDOCK AVE,Bus,Bus Stop,9.640909090909094,0.3681818181818182,9.272727272727275,40.4331,-79.8935
N20750,FREEPORT ST AT BRIDGE ST,Bus,Bus Stop,9.63181818181818,6.2363636363636346,3.395454545454545,40.4967,-79.942
N31780,MAIN ST AT #1841,Bus,Bus Stop,9.618182000000001,3.5636365,6.054545500000001,40.4943,-79.9199
E70858,BRADDOCK TERMINAL - NO STOP,Bus,Bus Stop,9.613636363636365,7.722727272727274,1.8909090909090902,40.4023,-79.8683
E70857,UNIVERSAL RD AT SALTSBURG RD FS,Bus,Bus Stop,9.611363775000001,9.5136365,0.097727275,40.4769,-79.7857
N31810,MANHATTAN ST AT N FRANKLIN ST,Bus,Bus Stop,9.604545524999999,6.60909075,2.995454775,40.4561,-80.027
E37280,LONG RD AT JOAN DR,Bus,Bus Stop,9.529545274999998,0.022727275,9.506817999999999,40.4589,-79.834
W17160,NOBLESTOWN RD OPP HOLIDAY DR,Bus,Bus Stop,9.5181819,0.1840909,9.334091,40.4264,-80.0616
N38150,NORTH HILLS VILLAGE AT TARGET,Bus,Bus Stop,9.515909,4.965909,4.55,40.5269,-80.0075
E51400,SHADY AVE AT NORTHUMBERLAND ST,Bus,Bus Stop,9.5,2.609091,6.890909,40.4421,-79.92
E51190,SCHOYER AVE OPP TONETTE ST,Bus,Bus Stop,9.493181875000001,3.5318182750000005,5.9613636,40.4226,-79.8947
S31340,MAIN ST AT HOMESTEAD DUQUESNE RD,Bus,Bus Stop,9.4931817,8.7613635,0.7318182,40.3954,-79.8996
N38430,NORTH AVE AT ELIZABETH ST,Bus,Bus Stop,9.479545454545455,8.21818181818182,1.261363636363635,40.4838,-79.9729
W70113,JEFFERS ST OPP FADETTE ST,Bus,Bus Stop,9.46136365,3.88636365,5.575,40.4521,-80.066
S28060,LEBANON CHURCH RD AT REGIS AVE,Bus,Bus Stop,9.461363625,0.461363625,9.0,40.3476,-79.9521
E26560,HAMILTON AVE AT LANG AVE,Bus,Bus Stop,9.459091,1.5431819999999998,7.915909,40.4551,-79.8998
N44980,PITTSBURGH ST OPP HILL AVE,Bus,Bus Stop,9.456818181818182,3.3227272727272723,6.13409090909091,40.541,-79.8025
N44030,PERRYSVILLE AVE AT KOERNER AVE,Bus,Bus Stop,9.45454565,0.9363636500000001,8.518182,40.4664,-80.0113
S38670,PENNSYLVANIA AVE AT TAFT AVE,Bus,Bus Stop,9.454545450000001,8.675,0.7795454500000001,40.3621,-79.8614
S27350,KENNEDY AVE OPP WILMOT ST,Bus,Bus Stop,9.436363636363637,3.1977272727272714,6.238636363636365,40.3687,-79.8545
X08925,KATHLEEN ST AT HABERMAN AVE,Bus,Bus Stop,9.42727285,8.663636499999999,0.7636363500000001,40.4255,-80.0028
E59580,WOODSTOCK AVE AT ARDMORE ST,Bus,Bus Stop,9.42727285,7.82045465,1.6068182,40.4191,-79.8842
E55010,UNITY TRESTLE RD OPP UNIVERSAL RD,Bus,Bus Stop,9.422727275,9.25,0.17272727499999999,40.4904,-79.783
X03430,BROOKLINE BLVD OPP #1439,Bus,Bus Stop,9.422725,0.0,9.422725,40.3924,-80.0075
N22590,FREEPORT RD OPP PEARL AVE,Bus,Bus Stop,9.411363636363633,1.8499999999999974,7.561363636363636,40.5407,-79.8165
E51390,SHADY AVE AT NORTHUMBERLAND ST,Bus,Bus Stop,9.4113635,7.8704545,1.540909,40.4417,-79.9198
E70421,FRANKSTOWN AVE AT GERRITT ST,Bus,Bus Stop,9.4022729,6.7704545000000005,2.6318184000000002,40.4587,-79.902
N36460,MT ROYAL BLVD OPP CAMPBELL PL,Bus,Bus Stop,9.40000015,0.8613636499999999,8.5386365,40.5266,-79.9634
E32308,JAMES ST OPP CAROTHERS DR,Bus,Bus Stop,9.4,1.284091,8.115909,40.4129,-79.818
N22320,FREEPORT RD OPP EASTERN AVE,Bus,Bus Stop,9.39772727272727,2.8568181818181833,6.5409090909090875,40.4895,-79.9036
E57180,WHIPPLE ST AT NEVADA ST,Bus,Bus Stop,9.390909,4.65000005,4.74090895,40.423,-79.8991
S48787,WHITAKER ST AT OAK ST,Bus,Bus Stop,9.38863665,1.53409115,7.8545455,40.4002,-79.8869
E70002,16TH ST AT PENN AVE,Bus,Bus Stop,9.3772725,3.9113635,5.465909,40.4488,-79.9874
E70399,MOSSFIELD ST AT AZURE ST,Bus,Bus Stop,9.372727000000001,2.3454544999999998,7.0272725000000005,40.4722,-79.9345
E70276,LEECHBURG RD AT SALTSBURG RD FS,Bus,Bus Stop,9.3659088,3.0227273,6.3431815,40.4855,-79.8174
W03630,CHARTIERS AVE AT OLTMAN ST,Bus,Bus Stop,9.35454525,8.8522725,0.50227275,40.4584,-80.0691
W08067,GREENTREE RD AT MANOR CARE DRIVEWAY,Bus,Bus Stop,9.352272750000001,0.77272725,8.5795455,40.3966,-80.0661
W26200,W PROSPECT AVE AT BERRY ST NS,Bus,Bus Stop,9.352272727272725,4.8545454545454545,4.49772727272727,40.4468,-80.0687
E53760,SWISSVALE AVE AT PENN AVE FS,Bus,Bus Stop,9.35227235,6.181818,3.1704543500000004,40.4417,-79.8775
E54900,UNITY TRESTLE RD AT EAST ALLEY NS,Bus,Bus Stop,9.340909275,9.193182,0.147727275,40.4898,-79.7796
N70102,PARKER ST AT KOEHLER ST FS,Bus,Bus Stop,9.315909,7.4704545,1.8454545,40.4943,-79.9588
E21280,FRANKSTOWN RD AT RITZLAND RD,Bus,Bus Stop,9.2977275,2.3295455,6.9681820000000005,40.4624,-79.8408
E51037,SAVANNAH AVE AT WHITNEY AVE,Bus,Bus Stop,9.286363674999999,0.406818175,8.879545499999999,40.4366,-79.894
N20120,FOREST AVE AT RAVENSWOOD AVE,Bus,Bus Stop,9.2863635,7.4704545,1.815909,40.5058,-80.0516
E25100,GREENFIELD AVE AT DELEVAN ST,Bus,Bus Stop,9.2818182,8.1,1.1818182,40.4235,-79.9316
S70373,OHIO AVE OPP BROADWAY ST,Bus,Bus Stop,9.281818181818185,5.2636363636363654,4.01818181818182,40.3191,-79.8907
E17330,EAST HILLS DR AT WILNER DR,Bus,Bus Stop,9.27954545,8.75,0.52954545,40.455,-79.8711
N03710,W 7TH AVE AT WESTERN ST,Bus,Bus Stop,9.279545275,0.247727275,9.031818,40.5992,-79.7627
S70500,SPENCER AVE AT STEINER ST,Bus,Bus Stop,9.27045475,8.943182,0.32727275,40.3893,-79.9762
E09880,BRINTON AVE AT SHERIDAN ST,Bus,Bus Stop,9.2636362,0.43181820000000004,8.831818,40.4051,-79.8439
E70292,HAMILTON AVE AT OAKWOOD ST,Bus,Bus Stop,9.259091,2.1863635,7.072727499999999,40.4517,-79.8849
N14027,CENTER AVE AT PRINCETON AVE,Bus,Bus Stop,9.2568185,7.3977275,1.8590909999999998,40.5186,-80.0442
E55560,VERONA RD AT POKETA RD,Bus,Bus Stop,9.256818,0.990909,8.265909,40.4864,-79.8373
S31470,MAIN ST AT MARION ST,Bus,Bus Stop,9.25454565,0.58636365,8.668182,40.388,-79.9019
E25085,GREENFIELD AVE AT IRVINE ST,Bus,Bus Stop,9.2522725,3.4863635000000004,5.765909,40.4248,-79.9524
W07510,FOSTER AVE AT SR CITIZEN BLDG,Bus,Bus Stop,9.245454545454544,8.36590909090909,0.8795454545454545,40.4408,-80.0686
E70388,LEECHBURG RD OPP SUTTON DR,Bus,Bus Stop,9.245454545000001,0.095454545,9.15,40.4918,-79.7928
W70039,PLEASANT RIDGE RD OPP OAK DR,Bus,Bus Stop,9.245454500000001,4.743182,4.5022725,40.4791,-80.0738
E53240,STATION ST OPP HERMAN AVE,Bus,Bus Stop,9.2431815,1.9568180000000002,7.2863635,40.3933,-79.8084
W21960,STEUBEN ST OPP HERSCHEL ST,Bus,Bus Stop,9.2409092,1.9545457000000002,7.2863635,40.4422,-80.0451
W24740,WASHINGTON AVE AT CHARTIERS ST FS,Bus,Bus Stop,9.240909090909094,9.05227272727273,0.18863636363636377,40.3564,-80.1133
N21440,FREEPORT RD AT MCKINLEY AVE,Bus,Bus Stop,9.24090909090909,8.03409090909091,1.20681818181818,40.494,-79.8609
E35210,LIBERTY AVE AT CANOE WAY,Bus,Bus Stop,9.23636375,4.811363500000001,4.42500025,40.4633,-79.955
E45650,PENN AVE AT FIFTH AVE,Bus,Bus Stop,9.2272725,5.4204545,3.806818,40.4539,-79.9121
E70765,4TH AVE AT DUQUESNE ST,Bus,Bus Stop,9.2249996,6.431818,2.7931815999999996,40.4117,-79.8772
E34720,LEECHBURG RD AT SUTTON DR,Bus,Bus Stop,9.209091375,8.945454999999999,0.263636375,40.4919,-79.7929
X01610,BEVERLY RD AT PARKER DR,Bus,Bus Stop,9.2045455,7.4545455,1.75,40.3922,-80.0469
E70032,ALLEGHENY AVE AT WASHINGTON AVE,Bus,Bus Stop,9.1909091,0.1409091,9.05,40.5161,-79.8433
W21840,STEUBEN ST AT STRATMORE ST FS,Bus,Bus Stop,9.188636363636364,6.747727272727275,2.44090909090909,40.4431,-80.0578
N20050,FOREST AVE AT CAROLYN AVE FS,Bus,Bus Stop,9.18409090909091,5.9681818181818205,3.21590909090909,40.5022,-80.0545
N43820,PERRYSVILLE AVE AT #3820,Bus,Bus Stop,9.18409075,0.49772724999999995,8.686363499999999,40.4881,-80.0165
N20760,FREEPORT ST AT GARDEN ALLEY,Bus,Bus Stop,9.168181818181814,3.41590909090909,5.752272727272725,40.4967,-79.9426
W07850,GRAND AVE AT ARMY CORP OF ENGINEERS,Bus,Bus Stop,9.165909,3.0136364999999996,6.1522725000000005,40.5082,-80.1133
E28660,HAZELWOOD AVE OPP #711,Bus,Bus Stop,9.1659088,7.2431814999999995,1.9227273,40.4198,-79.9326
W14360,MIDDLETOWN RD AT MUTUAL ST,Bus,Bus Stop,9.156818150000001,0.91136365,8.245454500000001,40.4502,-80.0653
E70956,BRADDOCK AVE AT GUTHRIE ST,Bus,Bus Stop,9.152272499999999,7.8613634999999995,1.290909,40.4381,-79.8969
E70116,FRANKSTOWN RD AT EAST HILLS DR NS,Bus,Bus Stop,9.147727272727273,1.1522727272727276,7.995454545454545,40.4611,-79.8705
W20180,E RAILROAD ST AT 4TH ST,Bus,Bus Stop,9.147727272727273,8.05909090909091,1.0886363636363638,40.3892,-80.0887
N10946,BROAD ST AT BEAVER ST,Bus,Bus Stop,9.136363399999999,0.3090909,8.8272725,40.5404,-80.1803
E17620,EDGEWOOD AVE OPP COLUMBIA AVE,Bus,Bus Stop,9.129545454545452,0.9977272727272728,8.13181818181818,40.4247,-79.886
E70267,LARIMER AVE AT MEADOW ST,Bus,Bus Stop,9.125,3.6636365,5.4613635,40.4652,-79.9146
S27310,KENNEDY AVE AT PETER ST,Bus,Bus Stop,9.120454545454548,5.304545454545455,3.815909090909093,40.3676,-79.8559
E70846,HAZELWOOD AVE AT SABINA ST,Bus,Bus Stop,9.1181815,6.956818,2.1613634999999998,40.4159,-79.9386
N49510,SHADELAND AVE AT HARBISON ST FS,Bus,Bus Stop,9.115909,0.5,8.615909,40.4776,-80.0335
N70210,FELICITY RD AT KANE CTR (STAFF ENTRANCE),Bus,Bus Stop,9.115908999999998,4.05,5.0659089999999996,40.5496,-80.015
N13605,CEDAR AVE OPP FORELAND ST,Bus,Bus Stop,9.1113635,7.9454545,1.165909,40.454,-80.002
S48745,WHITAKER ST AT GRANT AVE,Bus,Bus Stop,9.1022728,3.1431818,5.959091,40.3995,-79.8862
X13771,PIONEER AVE RAMP AT PIONEER AVE,Bus,Bus Stop,9.1,2.925,6.175,40.4119,-80.0091
S04500,ARLINGTON AVE AT KOEHLER ST,Bus,Bus Stop,9.095454499999999,1.3022725,7.793182,40.4176,-79.9845
E51050,SCHENLEY AVE AT FERN CIR,Bus,Bus Stop,9.086364,8.163636499999999,0.9227275,40.4722,-79.9376
W08580,HELEN ST AT SPROUL ST FS,Bus,Bus Stop,9.07727272727273,7.347727272727275,1.7295454545454545,40.4715,-80.0554
E70021,OAKWOOD ST AT NIMICK PL,Bus,Bus Stop,9.072727400000002,5.9340910000000004,3.1386364,40.4499,-79.8842
N49480,SHADELAND AVE AT DAVIS AVE FS,Bus,Bus Stop,9.07045475,8.218182,0.85227275,40.4814,-80.0349
E70881,GREENSBURG PIKE OPP VERSAILLES CASTLE APTS,Bus,Bus Stop,9.070454545,0.095454545,8.975,40.3884,-79.8222
W10520,ISLAND AVE AT TUNNEL WAY,Bus,Bus Stop,9.0704545,4.443182,4.6272725,40.4772,-80.0663
E20055,FORWARD AVE AT MURRAY AVE,Bus,Bus Stop,9.068182,7.9977275,1.0704544999999999,40.4298,-79.9233
S08590,BROWNSVILLE RD AT HILLMAN ST FS,Bus,Bus Stop,9.068181818181817,6.970454545454546,2.097727272727271,40.372,-79.9753
S11420,CHARLES ST AT GEORGIA AVE,Bus,Bus Stop,9.068181749999999,0.79772725,8.2704545,40.4164,-79.9952
S04430,ARLINGTON AVE AT FREELAND ST,Bus,Bus Stop,9.063636500000001,2.4045455000000002,6.659091,40.4192,-79.9891
N15010,CHESTNUT ST AT ZONA WAY,Bus,Bus Stop,9.0636365,1.3431819999999999,7.7204545,40.457,-79.9952
S23970,HWY RT 51 AT NURNBERGER DR,Bus,Bus Stop,9.061364249999999,7.265909499999999,1.7954547499999998,40.3523,-79.9776
N14080,CENTER AVE AT PRINCETON AVE,Bus,Bus Stop,9.05681815,1.21136365,7.8454545,40.5183,-80.0441
S08270,BROWNSVILLE RD AT W BRENTRIDGE AVE FS,Bus,Bus Stop,9.054545454545453,7.793181818181814,1.2613636363636378,40.3676,-79.9784
E26610,HAMILTON AVE AT MURTLAND ST,Bus,Bus Stop,9.05454525,0.87727275,8.1772725,40.4557,-79.9024
S70640,KENNEDY AVE AT AURILES ST,Bus,Bus Stop,9.04545454545455,4.447727272727275,4.597727272727274,40.3703,-79.8527
E58575,WM PENN HWY AT MCCREA DR,Bus,Bus Stop,9.040909090909087,0.9318181818181819,8.109090909090906,40.4456,-79.8555
N32650,MCKNIGHT RD AT HOUSTON RD FS,Bus,Bus Stop,9.040909090000001,0.44090909,8.600000000000001,40.5268,-80.0057
E70364,UNITY TRESTLE RD AT UNIVERSAL RD,Bus,Bus Stop,9.0386364,0.45909089999999997,8.5795455,40.4905,-79.7834
W07690,GRAND AVE AT GIBSON LN,Bus,Bus Stop,9.038636,4.2772725000000005,4.7613635,40.5152,-80.1423
N35560,MT PLEASANT RD AT #305,Bus,Bus Stop,9.0250001,0.4909091,8.534091,40.482,-80.0028
S70598,LARGE PARK-AND-RIDE OUTBOUND P,Bus,Bus Stop,9.024999999999999,0.093181818181818,8.93181818181818,40.2931,-79.9109
E39560,MONONGAHELA AVE AT IRVINE ST,Bus,Bus Stop,9.022727415,6.3272728250000005,2.69545459,40.4207,-79.8896
S70188,KENNEDY AVE AT 2ND ST,Bus,Bus Stop,9.01590909090909,3.377272727272725,5.6386363636363654,40.3718,-79.8466
E02770,ABER RD AT GROVE RD,Bus,Bus Stop,9.0090913,7.5659095,1.4431818,40.4678,-79.8653
E32450,JANCEY ST AT STANTON AVE,Bus,Bus Stop,9.009090775,7.345454500000001,1.663636275,40.4743,-79.9314
E57770,WILKINS AVE OPP WOODLAND RD,Bus,Bus Stop,9.0068182,3.69545435,5.311363849999999,40.4439,-79.9222
E70030,ALLEGHENY AVE OPP COLLEGE AVE,Bus,Bus Stop,9.004545299999998,8.936363499999999,0.0681818,40.5141,-79.8436
X12689,OXFORD DR OPP GIANT EAGLE,Bus,Bus Stop,8.972727272727273,0.5613636363636365,8.411363636363635,40.3466,-80.0489
W24290,WASHINGTON AVE AT MARSHALL AVE FS,Bus,Bus Stop,8.970454545454544,2.079545454545455,6.89090909090909,40.3994,-80.0827
E29730,HOMEWOOD AVE AT HAMILTON AVE,Bus,Bus Stop,8.970454499999999,4.943182,4.0272725,40.4545,-79.8976
X02190,BOWER HILL RD AT MARLIN DR,Bus,Bus Stop,8.961363500000001,2.8295455,6.131818,40.3858,-80.05
E52740,STANTON AVE AT MCCANDLESS AVE FS,Bus,Bus Stop,8.95909085,0.33863635000000003,8.620454500000001,40.4819,-79.9408
N17880,EAST ST AT MT PLEASANT RD,Bus,Bus Stop,8.956818000000002,6.427272500000001,2.5295455000000002,40.4822,-80.0059
E58665,WM PENN HWY AT OLD GATE RD,Bus,Bus Stop,8.947726874999999,8.1340905,0.813636375,40.4457,-79.8551
S06275,BELTZHOOVER AVE AT CEDARHURST ST,Bus,Bus Stop,8.9431815,8.0772725,0.865909,40.4185,-79.9973
E35970,LINCOLN AVE OPP MAYFLOWER ST (#408),Bus,Bus Stop,8.940909,1.9363635000000001,7.0045455,40.4607,-79.9114
E70900,BRADDOCK AVE AT LIBRARY ST,Bus,Bus Stop,8.938636363636366,1.095454545454545,7.8431818181818205,40.4011,-79.8655
S29255,LIBRARY PL AT 1ST ST,Bus,Bus Stop,8.938636363636359,4.63181818181818,4.30681818181818,40.3718,-79.8443
N31290,LOWRIE ST AT LEY ST,Bus,Bus Stop,8.936363700000001,8.4795455,0.45681820000000006,40.4646,-79.982
E55370,VERONA RD AT 2ND ST,Bus,Bus Stop,8.931818044999998,0.120454545,8.811363499999999,40.5014,-79.8376
E46890,PENN CENTER BLVD OPP BLDG #7,Bus,Bus Stop,8.927272799999999,0.8181818000000001,8.109091,40.4263,-79.8113
N15030,CHESTNUT ST AT TRIPOLI ST FS,Bus,Bus Stop,8.918182,5.243182,3.675,40.4571,-79.9953
S70250,CHALFONT ST AT CURTIN AVE FS,Bus,Bus Stop,8.91136385,0.6386363500000001,8.2727275,40.4167,-79.9987
W14490,MIDDLETOWN RD AT TYNDALL ST,Bus,Bus Stop,8.897727399999999,0.3090909,8.5886365,40.4495,-80.0642
X19390,WASHINGTON RD AT ABBEYVILLE RD,Bus,Bus Stop,8.886363450000001,0.80454545,8.081818,40.3522,-80.0507
S70312,BELTZHOOVER AVE AT RENTZ WAY,Bus,Bus Stop,8.884091,1.668182,7.215909,40.4167,-79.9972
S13873,CURRY HOLLOW RD AT GREEN DR,Bus,Bus Stop,8.884091,2.515909,6.368182,40.3399,-79.9675
E46500,PENN AVE AT SUMMIT ST,Bus,Bus Stop,8.879545275,1.554545275,7.324999999999999,40.4431,-79.8667
E07915,BIGELOW ST OPP TESLA ST,Bus,Bus Stop,8.8772725,6.8,2.0772725000000003,40.4193,-79.9362
W14390,MIDDLETOWN RD AT #2847,Bus,Bus Stop,8.865908999999998,6.6454545,2.2204544999999998,40.4476,-80.0618
N71340,PERRY HWY AT OLD PERRYSVILLE RD FS,Bus,Bus Stop,8.859091,2.159091,6.7,40.5078,-80.0296
E70039,FRANKSTOWN RD OPP RITZLAND RD FS,Bus,Bus Stop,8.852273,6.0136365000000005,2.8386365,40.4622,-79.841
W24380,WASHINGTON AVE OPP ACADEMY ST,Bus,Bus Stop,8.847727272727269,4.011363636363635,4.836363636363635,40.4074,-80.0837
S70335,MONONGAHELA AVE AT 4TH ST,Bus,Bus Stop,8.845454545454544,5.977272727272725,2.86818181818182,40.3289,-79.8925
X08113,HIGHLAND RD AT OXFORD DR,Bus,Bus Stop,8.84318181818182,1.0227272727272751,7.820454545454545,40.3489,-80.0503
E32460,JANCEY ST AT VETTER ST,Bus,Bus Stop,8.829545375,7.890909000000001,0.938636375,40.4811,-79.9292
E05960,BEECHWOOD BLVD AT HAZELWOOD AVE,Bus,Bus Stop,8.82727285,1.98181835,6.8454545,40.4198,-79.9273
E09810,BRINTON AVE AT PALLAS ST,Bus,Bus Stop,8.8272725,6.990909,1.8363635,40.4058,-79.8442
N53753,WESTERN AVE AT MANHATTAN ST FS,Bus,Bus Stop,8.825,3.875,4.95,40.4504,-80.0254
N70104,MCKNIGHT RD AT ROSS PARK MALL DR FS (SELF STO,Bus,Bus Stop,8.811363374999999,1.3909091,7.420454274999999,40.5425,-80.0133
E32240,IOWA ST OPP CLARISSA ST,Bus,Bus Stop,8.809090999999999,5.225,3.584091,40.4524,-79.9567
X02330,BOWER HILL RD OPP RUTH ST,Bus,Bus Stop,8.806818150000002,8.620454500000001,0.18636365,40.3805,-80.0614
E32345,JANCEY ST AT BAKER ST,Bus,Bus Stop,8.802273,1.5886364999999998,7.2136365,40.4877,-79.9247
E56800,WEBSTER AVE AT ORION ST,Bus,Bus Stop,8.7863635,2.7659089999999997,6.0204545,40.4549,-79.962
N31845,MARSHALL AVE AT CALIFORNIA AVE,Bus,Bus Stop,8.781818000000001,6.0363635,2.7454545,40.4626,-80.0302
S70496,CHURCHVIEW AVE AT GLASS RUN RD FS,Bus,Bus Stop,8.779545454545454,8.445454545454545,0.334090909090909,40.3859,-79.9678
W26186,W PROSPECT AVE AT ALLEGHENY VALLEY SCHOOL,Bus,Bus Stop,8.7772725,0.975,7.802272500000001,40.4465,-80.0785
E32737,JOHNSTON AVE OPP #857,Bus,Bus Stop,8.772727295000001,0.893181795,7.879545500000001,40.4061,-79.9307
X19920,WEST LIBERTY AVE AT BELLE ISLE AVE,Bus,Bus Stop,8.77045475,8.097727500000001,0.67272725,40.4001,-80.0238
X02430,BOWER HILL RD AT SYLVANDELL DR,Bus,Bus Stop,8.770454545,8.65,0.120454545,40.3744,-80.0734
E17970,ELECTRIC AVE AT NORTH AVE,Bus,Bus Stop,8.7704545,7.347727,1.4227275000000001,40.4055,-79.8391
X02170,BOWER HILL RD AT LONGRIDGE DR,Bus,Bus Stop,8.7704545,8.6954545,0.075,40.3819,-80.058
S34360,BUTTERMILK HOLLOW RD OPP NAUGLE ST,Bus,Bus Stop,8.761363499999998,2.1863634999999997,6.574999999999999,40.3648,-79.9084
E20850,FRANKSTOWN RD AT BON AIR RD FS,Bus,Bus Stop,8.7522725,6.3204545,2.431818,40.4636,-79.8557
E54400,TILBURY AVE AT FORWARD AVE,Bus,Bus Stop,8.7500002,1.3818181999999999,7.368182,40.4286,-79.9185
X01600,BEVERLY RD AT OVERLOOK DR,Bus,Bus Stop,8.745454500000001,6.984091,1.7613634999999999,40.3883,-80.0504
W26240,W PROSPECT AVE AT INGRAM AVE,Bus,Bus Stop,8.743181818181819,1.684090909090909,7.05909090909091,40.445,-80.0663
N24090,GRANT AVE AT SHERMAN ST,Bus,Bus Stop,8.734090909090906,1.63181818181818,7.102272727272725,40.4793,-79.9719
W70171,CHARTIERS AVE AT CRAWFORD ST,Bus,Bus Stop,8.729545454545455,8.54318181818182,0.1863636363636365,40.4649,-80.0705
W16240,NOBLESTOWN RD AT FIRE STATION (#2200),Bus,Bus Stop,8.7045456,0.7909091,7.9136365,40.4311,-80.0534
W16010,NOBLE AVE AT STEUBEN ST,Bus,Bus Stop,8.704545454545455,7.35,1.354545454545455,40.4383,-80.0632
W21450,STEUBEN ST AT CRAFTON BLVD,Bus,Bus Stop,8.702272727272726,8.129545454545454,0.5727272727272725,40.4403,-80.0799
W00822,ALLENDALE ST AT FAIRDALE ST,Bus,Bus Stop,8.6931817,8.3863635,0.30681820000000004,40.4555,-80.0612
S03090,8TH AVE OPP RAVINE ST,Bus,Bus Stop,8.6909092,7.0409092,1.65,40.4087,-79.895
N12550,BUTLER ST OPP CENTER ST,Bus,Bus Stop,8.690909090909088,6.274999999999998,2.4159090909090906,40.4953,-79.9456
S31750,MAIN ST OPP HOMESTEAD-DUQUESNE RD,Bus,Bus Stop,8.684091,1.2386365000000001,7.4454545,40.3955,-79.8997
X08960,KATHLEEN ST OPP JUDICIAL ST,Bus,Bus Stop,8.670454775,8.6227275,0.047727275,40.4256,-79.9998
S27000,JOSEPHINE ST AT SALISBURY ST NS,Bus,Bus Stop,8.67045465,0.58636365,8.084091,40.4178,-79.9668
E70850,HAZELWOOD AVE AT WINTERBURN AVE,Bus,Bus Stop,8.668182,1.075,7.5931820000000005,40.4157,-79.939
S24280,HWY RT 51 OPP BEALL DR,Bus,Bus Stop,8.66818155,2.90681805,5.7613635,40.3556,-79.9797
N03700,W 7TH AVE AT WESTERN ST,Bus,Bus Stop,8.652272524999999,8.50454525,0.147727275,40.5994,-79.7624
E55630,VERONA RD AT ROSEDALE ST,Bus,Bus Stop,8.647727,1.7522725000000001,6.8954545,40.4817,-79.838
S06276,BELTZHOOVER AVE AT ORCHARD PL,Bus,Bus Stop,8.6454547,0.5568181999999999,8.0886365,40.4178,-79.9972
E70899,BRADDOCK AVE OPP 9TH ST,Bus,Bus Stop,8.64318181818182,0.625,8.01818181818182,40.4001,-79.8641
N09506,BLAZIER DR AT TARGET ENTRANCE DRIVE,Bus,Bus Stop,8.640909090909094,3.2977272727272746,5.3431818181818205,40.5862,-80.0411
N39880,OHIO RIVER BLVD AT PENNSYLVANIA AVE,Bus,Bus Stop,8.61590909090909,1.1659090909090901,7.45,40.5111,-80.0997
W08254,GREENTREE RD OPP RYAN DR,Bus,Bus Stop,8.611363500000001,0.025,8.586363500000001,40.4029,-80.0606
E70034,ALLEGHENY AVE OPP MARYLAND AVE NS,Bus,Bus Stop,8.60909085,0.8636363499999999,7.7454545,40.519,-79.8429
E27640,HAYMAKER RD AT CLOVER DR,Bus,Bus Stop,8.600000000000001,0.5704545454545455,8.029545454545456,40.4422,-79.7601
N08150,BEAVER ST AT ACADEMY AVE FS,Bus,Bus Stop,8.5795455,6.1795455,2.4,40.5448,-80.1871
N71273,ALPHA DR AT FREEPORT RD FS,Bus,Bus Stop,8.5704545,2.931818,5.6386365000000005,40.4917,-79.866
X02270,BOWER HILL RD AT PARKVIEW DR,Bus,Bus Stop,8.559091,8.534091,0.025,40.3797,-80.0632
E02890,ADELAIDE ST AT CAMP ST,Bus,Bus Stop,8.556818,3.8204545,4.7363634999999995,40.4534,-79.958
N21910,FREEPORT RD AT S OAK HILL RD,Bus,Bus Stop,8.5386361,7.1613635,1.3772726,40.489,-79.8769
E38355,MALL BLVD AT MCDONALD'S,Bus,Bus Stop,8.529545454545454,7.41590909090909,1.1136363636363635,40.4349,-79.7865
W22850,STEUBENVILLE PIKE AT ROBINSON MANOR BLVD,Bus,Bus Stop,8.5295453,0.8181818000000001,7.7113635,40.4488,-80.1218
S70590,LEBANON CHURCH RD AT BUTTERMILK HOLLOW RD,Bus,Bus Stop,8.5250004,6.861364,1.6636364,40.3543,-79.9135
W14340,MIDDLETOWN RD AT MARSHALL ST,Bus,Bus Stop,8.520454545454545,6.670454545454545,1.85,40.4467,-80.061
E58725,WM PENN HWY OPP RITE AID,Bus,Bus Stop,8.511363636363637,0.5022727272727275,8.00909090909091,40.4387,-79.7679
N14480,N CHARLES ST AT BRIGHTON RD,Bus,Bus Stop,8.504545499999999,1.9181819999999998,6.5863635,40.4598,-80.0171
E29690,HOMEWOOD AVE AT BENNETT ST,Bus,Bus Stop,8.504545499999999,5.5886365,2.915909,40.4564,-79.8967
S70348,EAST PITTSBURGH-MCKEESPORT BLV AT THE LANE,Bus,Bus Stop,8.502273,5.568182,2.934091,40.3713,-79.8283
W16370,NOBLESTOWN RD AT DENISONVIEW ST,Bus,Bus Stop,8.49772715,7.8863635,0.61136365,40.4351,-80.0504
N36380,MT ROYAL BLVD AT WOOD PL,Bus,Bus Stop,8.497726799999999,0.21818179999999998,8.279544999999999,40.5325,-79.9679
N10580,BRIGHTON RD AT PENNOCK ST,Bus,Bus Stop,8.4840915,1.5227274999999998,6.961364,40.4873,-80.039
E34140,LAKETON RD AT WINTON ST,Bus,Bus Stop,8.47045445,0.20454545,8.265909,40.4509,-79.8621
N71203,CENTER AVE AT FRANKFORT AVE,Bus,Bus Stop,8.468182,5.4681820000000005,3.0,40.5135,-80.0255
X06890,GRANDVIEW AVE AT COHASSETT ST,Bus,Bus Stop,8.46136385,8.3227275,0.13863635,40.4379,-80.0183
S14744,DUQUESNE BLVD AT FAIRMONT AVE,Bus,Bus Stop,8.449999999999998,3.1340909090909066,5.315909090909091,40.3821,-79.8567
E38040,MAIN ST AT HOWARD ST,Bus,Bus Stop,8.447727272727276,2.088636363636365,6.35909090909091,40.3975,-79.8413
S38540,PENNSYLVANIA AVE AT MELLON ST,Bus,Bus Stop,8.44545475,0.27727275,8.168182,40.3621,-79.8589
E07890,BIGELOW ST AT HAZELWOOD AVE FS,Bus,Bus Stop,8.44318205,1.82045455,6.6227275,40.4197,-79.9341
N39550,OHIO RIVER BLVD AT BIRMINGHAM AVE STEPS,Bus,Bus Stop,8.440909090909088,1.1886363636363635,7.252272727272725,40.4992,-80.0714
E35770,LINCOLN AVE AT ARBOR ST,Bus,Bus Stop,8.440908775,8.3431815,0.097727275,40.4664,-79.8978
E70288,BAUM BLVD AT BEATTY ST,Bus,Bus Stop,8.43409125,1.90681825,6.527273,40.4602,-79.9277
S28360,LEBANON CHURCH RD AT OTT DR FS,Bus,Bus Stop,8.4295457,2.4772727,5.952273,40.3429,-79.9641
E56210,WARDSONS ST AT LEMINGTON AVE,Bus,Bus Stop,8.4250001,7.584091,0.8409091,40.4715,-79.898
S48720,WHITAKER ST OPP GRANT AVE,Bus,Bus Stop,8.411363545,6.3522725,2.059091045,40.3995,-79.8861
X01890,BOGGS AVE AT LELIA ST,Bus,Bus Stop,8.411363545,0.420454545,7.990909,40.4219,-80.0104
N12710,CALIFORNIA AVE AT CHELLIS ST,Bus,Bus Stop,8.3977275,1.5,6.8977275,40.4862,-80.0433
N20940,FREEPORT RD AT CENTER AVE (BLAWNOX),Bus,Bus Stop,8.395454545454545,2.754545454545455,5.64090909090909,40.4918,-79.8651
N39850,OHIO RIVER BLVD AT MILLERTON AVE,Bus,Bus Stop,8.395454449999999,2.9363635,5.459090949999999,40.4815,-80.046
N32530,MCKNIGHT RD AT BROOKVIEW LN,Bus,Bus Stop,8.39318205,0.34545455,8.0477275,40.5115,-80.0037
N15680,CORBETT CT OPP TOWNE TOWERS NORTH,Bus,Bus Stop,8.39318185,3.2045455999999994,5.18863625,40.5466,-80.0201
X01945,BOGGS AVE AT ST JUSTIN'S PLAZA,Bus,Bus Stop,8.390909,1.3318180000000002,7.0590910000000004,40.4267,-80.0069
E06280,BEECHWOOD BLVD OPP ANITA AVE (MONITOR ST),Bus,Bus Stop,8.3886364,3.8727275,4.5159089,40.4262,-79.9168
S31790,MAIN ST OPP #4117,Bus,Bus Stop,8.37500005,7.5545455,0.82045455,40.3817,-79.9055
N71251,PASSAVANT HOSPITAL AT 4TH FLOOR ENTRANCE BLDG T,Bus,Bus Stop,8.35909090909091,3.2,5.15909090909091,40.5742,-80.0149
S01100,SECOND AVE OPP BRADY ST,Bus,Bus Stop,8.354545025,8.11590865,0.238636375,40.4358,-79.9728
X02390,BOWER HILL RD AT SOMERVILLE DR FS,Bus,Bus Stop,8.35000015,7.7886365,0.56136365,40.3714,-80.0796
TP0460,LAYOVER WALLACE TERMINAL (NO S,Bus,Bus Stop,8.347726999999999,6.165909,2.181818,40.4455,-79.8875
N14490,N CHARLES ST AT BRIGHTRIDGE ST,Bus,Bus Stop,8.331818,6.1522725000000005,2.1795455,40.4622,-80.0185
E52580,STANTON AVE AT BUTLER ST FS,Bus,Bus Stop,8.3068183,8.163636499999999,0.1431818,40.4781,-79.9553
E70764,HAWKINS AVE AT RANKIN BLVD,Bus,Bus Stop,8.3000004,6.2295456499999995,2.07045475,40.4121,-79.8811
N17882,EAST ST OPP VENTURE ST,Bus,Bus Stop,8.2977275,5.743182,2.5545455,40.4851,-80.0094
W08570,HELEN ST AT SPROUL ST,Bus,Bus Stop,8.286363636363635,1.8,6.4863636363636346,40.4715,-80.0553
W25680,WINDGAP AVE AT BELHURST AVE,Bus,Bus Stop,8.2863635,3.206818,5.0795455,40.4584,-80.079
S24590,HWY RT 51 OPP STILLEY RD,Bus,Bus Stop,8.2818185,2.4840910000000003,5.797727500000001,40.3614,-79.9827
E15970,EAST LIBERTY BLVD AT HAMILTON AVE,Bus,Bus Stop,8.2818181,2.3386362750000003,5.943181825,40.4597,-79.9158
S33080,MCCLEARY ST AT VERSAILLES AVE,Bus,Bus Stop,8.277272727272724,5.81590909090909,2.461363636363635,40.3451,-79.8387
N42810,PERRY HWY AT WEST VIEW AVE,Bus,Bus Stop,8.274999600000001,2.22045435,6.05454525,40.5001,-80.0218
N13810,CENTER AVE AT FRANKFORT AVE,Bus,Bus Stop,8.268182,2.625,5.643182,40.5133,-80.0257
X02180,BOWER HILL RD AT MARLIN DR,Bus,Bus Stop,8.265909145,6.650000045,1.6159091,40.3857,-80.0502
E20500,FRANKSTOWN AVE OPP LASCHALL ST,Bus,Bus Stop,8.26590905,6.5204545,1.7454545500000003,40.4583,-79.9058
E32736,JOHNSTON AVE AT #857,Bus,Bus Stop,8.265908775,5.879545,2.3863637750000004,40.4062,-79.931
E70741,EVERTON ST AT SILVERTON ST,Bus,Bus Stop,8.2568185,3.3431819999999997,4.9136365,40.4628,-79.8916
N14740,N CHARLES ST OPP LELAND ST,Bus,Bus Stop,8.254546,0.934091,7.320455,40.4703,-80.0123
E21130,FRANKSTOWN RD AT LIME HOLLOW RD,Bus,Bus Stop,8.24772755,7.6772730000000005,0.57045455,40.4685,-79.8247
S14742,DUQUESNE BLVD OPP OAKMONT AVE,Bus,Bus Stop,8.245454545454546,6.83409090909091,1.411363636363636,40.3808,-79.855
S70611,B DR AT MANAGEMENT OFFICE,Bus,Bus Stop,8.245454500000001,4.243182,4.0022725,40.3422,-79.9115
E36460,LINCOLN HWY OPP LINCOLN SQ SR CITIZEN HOME,Bus,Bus Stop,8.2022728,2.4886363,5.7136365,40.3869,-79.8277
S70531,SPENCER AVE AT ALMORA ST,Bus,Bus Stop,8.20227275,0.40227274999999996,7.8,40.39,-79.9763
N24000,GRANT AVE AT EAST OHIO ST,Bus,Bus Stop,8.190909090909091,6.679545454545455,1.5113636363636365,40.4778,-79.9695
S47020,WALNUT ST AT 5TH AVE,Bus,Bus Stop,8.188636363636366,4.6386363636363654,3.55,40.3509,-79.8649
X13500,PIONEER AVE AT GALLION AVE,Bus,Bus Stop,8.1886363,7.9954545,0.19318180000000001,40.3985,-80.0221
E09870,BRINTON AVE AT SHERIDAN ST,Bus,Bus Stop,8.184091,6.9636365,1.2204545,40.405,-79.8437
S23860,HWY RT 51 AT IRWIN DR FS,Bus,Bus Stop,8.184090909090903,6.08863636363636,2.095454545454543,40.3436,-79.9702
E04470,ARDMORE BLVD OPP YOST BLVD,Bus,Bus Stop,8.175,3.4295454545454565,4.745454545454545,40.4157,-79.8474
X04180,CEDAR BLVD AT SALEM DR,Bus,Bus Stop,8.175,0.8386365,7.3363635,40.378,-80.0551
E44920,PARK HILL DR AT #2350,Bus,Bus Stop,8.1704545,2.384091,5.7863635,40.4555,-79.8742
E14050,CENTRE AVE OPP #5743,Bus,Bus Stop,8.14999975,2.5409089499999995,5.6090908,40.4578,-79.9321
W08047,GREENTREE RD AT GREEN OAK LN,Bus,Bus Stop,8.143181799999999,0.2931818,7.85,40.4014,-80.0632
N52655,TROY HILL RD AT #1034,Bus,Bus Stop,8.1363635,4.090909,4.0454545,40.4563,-79.9921
E55510,VERONA RD AT HOMESTEAD RD,Bus,Bus Stop,8.12954565,7.043182,1.08636365,40.4818,-79.8381
S70372,9TH ST AT OHIO AVE,Bus,Bus Stop,8.120454545454546,2.720454545454545,5.4,40.321,-79.8916
W02930,CAROTHERS AVE AT PACHEL WAY,Bus,Bus Stop,8.11363645,7.734091,0.37954544999999995,40.3995,-80.0882
S00870,SECOND AVE AT MANSION ST,Bus,Bus Stop,8.113636249999999,6.0613635,2.05227275,40.4036,-79.9422
S26920,JOSEPHINE ST AT S 26TH ST,Bus,Bus Stop,8.11136385,7.9477275,0.16363634999999999,40.4241,-79.9698
E70902,VERONA ST AT MAPLEVIEW DR,Bus,Bus Stop,8.093181818181815,7.06590909090909,1.027272727272725,40.4003,-79.8631
S40180,RAMP ST AT BALDWIN RD,Bus,Bus Stop,8.09318165,7.556818,0.53636365,40.3867,-79.9325
S21312,GREENSPRINGS AVE AT BOROUGH PARKING LOT,Bus,Bus Stop,8.08863635,7.35,0.7386363499999999,40.3918,-79.8846
W70089,BROADWAY AVE AT 15TH ST,Bus,Bus Stop,8.086364,2.3227275,5.7636365000000005,40.4753,-80.0815
W01870,BERRY ST OPP SCOTIA ST,Bus,Bus Stop,8.084091,2.0545455,6.0295455,40.4484,-80.0678
N44600,PITTSBURGH ST AT HILL AVE,Bus,Bus Stop,8.08409090909091,4.356818181818184,3.7272727272727275,40.5411,-79.8024
N35920,MT ROYAL BLVD AT ILLINOIS AVE,Bus,Bus Stop,8.075,0.984091,7.090909,40.5492,-79.9718
X02335,BOWER HILL RD AT RUTH DR,Bus,Bus Stop,8.07045465,0.48636365000000004,7.584091,40.3806,-80.0613
N12685,CALIFORNIA AVE AT BENTON AVE FS,Bus,Bus Stop,8.0704545,0.8386365,7.231818,40.4847,-80.0408
E02910,ADELAIDE ST AT MILWAUKEE ST,Bus,Bus Stop,8.0704545,4.677272500000001,3.3931820000000004,40.4545,-79.9605
W21950,STEUBEN ST OPP HARKER ST,Bus,Bus Stop,8.06136335,1.49772735,6.563636000000001,40.4431,-80.0441
E48840,ROBINSON ST AT ALLEQUIPPA ST,Bus,Bus Stop,8.0545455,1.5863635,6.4681820000000005,40.4429,-79.9658
N03670,W 7TH AVE AT GRANTHAM ST,Bus,Bus Stop,8.047727025,0.140909075,7.906817950000001,40.598,-79.7647
W21880,STEUBEN ST AT UNION AVE FS (NOBLE AVE),Bus,Bus Stop,8.045454545454545,1.5,6.545454545454545,40.439,-80.0627
E11540,BUTLER ST OPP 35TH ST,Bus,Bus Stop,8.0340905,4.356818,3.6772725,40.4646,-79.966
E51490,SHADY AVE AT SOLWAY ST,Bus,Bus Stop,8.029545500000001,3.590909,4.4386365,40.443,-79.9203
X03050,BROOKLINE BLVD AT GREENCREST DR,Bus,Bus Stop,8.029545275,7.806818,0.222727275,40.3922,-80.0051
S48570,WEYMAN RD OPP MCROBERTS RD,Bus,Bus Stop,8.0227271,7.931818,0.0909091,40.3703,-79.9977
N21960,FREEPORT RD AT MULLIGAN'S,Bus,Bus Stop,8.009090909090913,4.44318181818182,3.565909090909093,40.541,-79.8186
E39210,MILLER AVE AT GAS ST,Bus,Bus Stop,8.006818169999999,6.40227275,1.60454542,40.416,-79.8852
W24690,WASHINGTON PIKE AT PIZZA HUT,Bus,Bus Stop,8.004545454545452,5.877272727272725,2.127272727272727,40.3676,-80.1042
E32222,IMOGENE RD AT BROWNS HILL RD FS,Bus,Bus Stop,8.00227285,7.0886365,0.91363635,40.4153,-79.925
W20950,S MAIN ST AT SANCTUS ST,Bus,Bus Stop,8.0,6.1227275,1.8772725000000001,40.4416,-80.033
W07700,GRAND AVE AT PERSHING RD FS,Bus,Bus Stop,7.990908999999999,1.8,6.1909089999999996,40.5122,-80.1315
E20710,FRANKSTOWN AVE AT WILKINSBURG AVE FS,Bus,Bus Stop,7.984090999999999,1.1727275000000001,6.8113635,40.4583,-79.8756
N13700,CENTER AVE AT BRONX AVE,Bus,Bus Stop,7.981818499999999,1.7227275,6.259091,40.5205,-80.0395
X02580,BOWER HILL RD OPP LONGRIDGE DR,Bus,Bus Stop,7.965909,0.025,7.9409089999999996,40.3821,-80.0578
E48648,ROBINSON BLVD AT DOUGLASS DR,Bus,Bus Stop,7.96136375,0.69772725,7.2636365000000005,40.4557,-79.8637
E17460,EDGEWOOD AVE AT COLUMBIA AVE,Bus,Bus Stop,7.956818644999999,7.295455,0.6613636450000001,40.4244,-79.886
E29760,HOMEWOOD AVE AT HERMITAGE ST,Bus,Bus Stop,7.95,4.9136365,3.0363635,40.4602,-79.8952
S40565,RICHLAND AVE AT 4TH ST FS,Bus,Bus Stop,7.94318181818182,4.8886363636363654,3.0545454545454547,40.3498,-79.8932
S00730,SECOND AVE AT BRADY ST,Bus,Bus Stop,7.943181699999999,0.51363635,7.42954535,40.4359,-79.9725
E21030,FRANKSTOWN RD AT GRAHAM BLVD,Bus,Bus Stop,7.9409095,5.693182,2.2477275,40.4614,-79.8627
E70417,SWISSVALE AVE AT REBECCA AVE,Bus,Bus Stop,7.9409089999999996,2.7545455,5.1863635,40.4383,-79.8796
E70410,56TH ST AT BUTLER ST,Bus,Bus Stop,7.93863645,7.184091,0.75454545,40.4843,-79.9479
X01550,BEVERLY RD AT COCHRAN RD,Bus,Bus Stop,7.9363636,0.36590910000000004,7.5704545,40.3873,-80.0547
X01930,BOGGS AVE AT SMITH WAY,Bus,Bus Stop,7.9295454,7.0704545,0.8590909,40.424,-80.0092
E38030,MAIN ST AT HOWARD ST,Bus,Bus Stop,7.927272727272728,7.20909090909091,0.718181818181818,40.3973,-79.8412
E06430,BEELER ST OPP OLYMPIA PL,Bus,Bus Stop,7.925000344999999,1.4886363449999997,6.436363999999999,40.4453,-79.9349
X04560,COCHRAN RD AT MCCULLY ST,Bus,Bus Stop,7.925000045000001,6.140909000000001,1.784091045,40.3856,-80.0538
E70751,SILVERTON ST AT EVERTON ST,Bus,Bus Stop,7.918181499999999,5.015909,2.9022725,40.4629,-79.8918
E48644,ROBERTS ST AT WEBSTER AVE,Bus,Bus Stop,7.913636500000001,3.884091,4.0295455,40.4443,-79.9848
N31640,MAIN ST AT #1704,Bus,Bus Stop,7.90454575,3.56590925,4.3386365,40.4947,-79.923
N08440,BEAVER RD AT MEADOW LN,Bus,Bus Stop,7.902272727272726,3.35681818181818,4.545454545454545,40.5468,-80.1894
E03926,ALLEQUIPPA ST AT WHITRIDGE ST,Bus,Bus Stop,7.8999999999999995,1.118182,6.7818179999999995,40.441,-79.968
E70904,BELL AVE AT JONES AVE,Bus,Bus Stop,7.89772725,7.25,0.64772725,40.4034,-79.8627
N44990,PITTSBURGH ST AT BLOCKDALE ST,Bus,Bus Stop,7.8886363636363654,1.2454545454545456,6.643181818181819,40.5408,-79.8072
S33900,MIDWAY DR AT #1F,Bus,Bus Stop,7.884091,6.75,1.134091,40.3981,-79.8844
S70443,CHURCHVIEW AVE OPP WILLETT RD,Bus,Bus Stop,7.870454545454546,7.25909090909091,0.6113636363636366,40.3857,-79.9713
N45750,RHINE ST AT STEINE ST,Bus,Bus Stop,7.865909045,7.5704545,0.295454545,40.4654,-79.9922
TP1090,LAYOVER EAST LIBERTY TERMINAL,Bus,Bus Stop,7.859090999999999,3.6681820000000003,4.1909089999999996,40.4575,-79.9146
N13960,CENTER AVE AT OAKWOOD AVE,Bus,Bus Stop,7.856818,5.7818179999999995,2.075,40.5145,-80.0239
S70458,CAMP HOLLOW RD AT LIVINGSTON RD FS,Bus,Bus Stop,7.850000175,6.7681817749999995,1.0818184,40.3466,-79.9262
S70275,S 26TH ST AT JOSEPHINE ST,Bus,Bus Stop,7.847727,1.6659089999999999,6.181818,40.4242,-79.97
E38325,MALL BLVD AT ALTMEYER'S DRIVEWAY,Bus,Bus Stop,7.84090909090909,1.270454545454545,6.570454545454545,40.435,-79.786
X16330,SHILOH ST AT VIRGINIA AVE FS,Bus,Bus Stop,7.840909,4.740909,3.1,40.4291,-80.0073
E70841,HAZELWOOD AVE OPP SYLVAN AVE,Bus,Bus Stop,7.840909,6.8272725,1.0136365,40.4119,-79.9417
E54140,TERRACE ST AT CHESTERFIELD RD,Bus,Bus Stop,7.83409085,0.81363635,7.0204545,40.4409,-79.9638
E50320,SALTSBURG RD OPP ALCOMA PARK PLAZA,Bus,Bus Stop,7.8272728,0.2431818,7.584091,40.4768,-79.788
X02280,BOWER HILL RD AT PARKVIEW DR,Bus,Bus Stop,7.82727265,0.16136365,7.665909,40.3801,-80.0629
N28950,KENDALL AVE AT DAVIS AVE,Bus,Bus Stop,7.8249999999999975,7.802272727272725,0.02272727272727275,40.4897,-80.0499
E58390,WM PENN HWY AT DOLLAR BANK,Bus,Bus Stop,7.8249999999999975,0.668181818181818,7.1568181818181795,40.4388,-79.7645
S39840,PROSPECT RD OPP COLTER DR,Bus,Bus Stop,7.811363775,7.6886365,0.12272727500000001,40.3629,-79.9707
X70015,BOWER HILL RD AT LIBERTY ST,Bus,Bus Stop,7.811363636363635,0.0,7.811363636363635,40.359,-80.1088
S70614,BLACKBERRY DR AT #847,Bus,Bus Stop,7.8045455,4.1545455,3.65,40.3422,-79.9127
X20200,WEST LIBERTY AVE AT RAY AVE STEPS,Bus,Bus Stop,7.7999998999999995,7.340909,0.45909089999999997,40.4027,-80.0209
X04520,COCHRAN RD AT CEDAR BLVD,Bus,Bus Stop,7.7954546,0.5159091,7.2795455,40.3806,-80.0526
S04090,AMITY ST AT 10TH AVE,Bus,Bus Stop,7.79545454545455,3.7227272727272753,4.072727272727275,40.4058,-79.9096
E48405,REBECCA AVE AT SWISSVALE AVE FS,Bus,Bus Stop,7.784090595,4.40681805,3.377272545,40.438,-79.8791
N49490,SHADELAND AVE AT ETOLA ST FS,Bus,Bus Stop,7.7772726,0.1909091,7.5863635,40.4797,-80.0342
E20620,FRANKSTOWN RD AT EYMARD ST FS,Bus,Bus Stop,7.774999999999999,1.709090909090909,6.06590909090909,40.4605,-79.8729
E20510,FRANKSTOWN AVE AT LASCHALL ST,Bus,Bus Stop,7.77272685,2.97954535,4.7931815,40.4583,-79.9063
W03460,CHARTIERS AVE AT HUXLEY ST,Bus,Bus Stop,7.770454999999999,2.0727275,5.697727499999999,40.4535,-80.062
N31430,MAIN ST AT 15TH ST,Bus,Bus Stop,7.76818185,3.7931818500000003,3.975,40.4946,-79.9262
E14440,COAL ST AT REBECCA AVE,Bus,Bus Stop,7.765909000000001,6.484091,1.281818,40.4386,-79.8812
X18840,VIRGINIA AVE AT MERRIMAC ST,Bus,Bus Stop,7.7613638,0.4431818,7.318182,40.4317,-80.0135
N44660,PITTSBURGH ST AT CHESWICK AVE,Bus,Bus Stop,7.759090909090911,6.420454545454545,1.3386363636363654,40.5408,-79.8075
E34090,LAKETON RD OPP COLLINS RD,Bus,Bus Stop,7.754545275,7.606818,0.147727275,40.4536,-79.859
W70082,FAIRHAVEN RD AT KENMAWR PLAZA ENTRANCE (SHELTE,Bus,Bus Stop,7.743181818181821,6.711363636363639,1.0318181818181822,40.4748,-80.0993
N36502,MT ROYAL BLVD OPP HAMPTON AVE,Bus,Bus Stop,7.7363636363636346,6.925,0.811363636363635,40.5545,-79.9712
W00850,ALLENDALE ST AT STANHOPE ST,Bus,Bus Stop,7.72954525,7.206818,0.52272725,40.4571,-80.063
E29870,HOMEWOOD AVE AT MT VERNON ST,Bus,Bus Stop,7.725,4.856818,2.868182,40.4615,-79.8947
N49450,SHADELAND AVE AT CASEMENT ST,Bus,Bus Stop,7.720454650000001,7.109091,0.61136365,40.4707,-80.0307
S17660,EVANS ST AT MCKEESPORT HOSPITAL MAIN ENTRA,Bus,Bus Stop,7.711363636363634,1.395454545454545,6.31590909090909,40.3515,-79.8505
E15080,COLUMBO ST AT #5134,Bus,Bus Stop,7.706817999999999,1.7204545,5.9863634999999995,40.4698,-79.9402
E32312,JAMES ST AT MONROEVILLE AVE,Bus,Bus Stop,7.7045455,2.415909,5.2886365,40.409,-79.8189
E70738,ALPHA DR E AT FREEPORT RD FS,Bus,Bus Stop,7.699999999999999,1.7590909090909101,5.94090909090909,40.5394,-79.8306
E70003,EAST HILLS DR AT #2303,Bus,Bus Stop,7.6954545,2.4772724999999998,5.2181820000000005,40.4561,-79.871
E38725,MAPLE ST AT #843,Bus,Bus Stop,7.6863635,5.884091,1.8022725,40.4075,-79.823
S13730,PENNSYLVANIA AVE AT MIFFLIN ST,Bus,Bus Stop,7.681818,3.0272725,4.6545455,40.3622,-79.855
E42920,OAKWOOD ST AT BENNETT ST,Bus,Bus Stop,7.668181499999999,6.015909,1.6522725,40.4539,-79.8856
N39680,OHIO RIVER BLVD AT FISK AVE,Bus,Bus Stop,7.65909090909091,1.88409090909091,5.775,40.5014,-80.0749
S70392,BROWNSVILLE RD AT BRENTRIDGE AVE,Bus,Bus Stop,7.656818181818182,0.23181818181818198,7.425,40.3675,-79.9787
W13290,MCCOY RD AT KENNEDY LN,Bus,Bus Stop,7.652272727272729,7.063636363636365,0.5886363636363635,40.4804,-80.0896
E55610,VERONA RD AT RIVERSIDE RD,Bus,Bus Stop,7.652272545,7.306818,0.345454545,40.4936,-79.8365
S11380,CHALFONT ST AT HABERMAN AVE,Bus,Bus Stop,7.65,1.2659090000000002,6.384091,40.4166,-80.0024
N49580,SHADELAND AVE AT STOKES WAY,Bus,Bus Stop,7.649999749999999,7.0272725,0.62272725,40.4773,-80.0336
E18500,ELLSWORTH AVE AT DEVONSHIRE ST,Bus,Bus Stop,7.6431819999999995,3.7295455,3.9136365,40.4504,-79.9451
N18275,EAST ST OPP LAREDA ST,Bus,Bus Stop,7.640909000000001,3.7386365,3.9022725,40.4628,-79.999
N13850,CENTER AVE AT HARVARD AVE,Bus,Bus Stop,7.638636275,0.222727275,7.415909,40.5151,-80.0448
N05950,ARCH ST AT NORTH SHORE FAMILY HEALTH,Bus,Bus Stop,7.634090775,7.5113635,0.12272727500000001,40.4543,-80.009
S16600,E CARSON ST OPP S 2ND ST,Bus,Bus Stop,7.63181805,1.0977272999999999,6.53409075,40.4301,-79.9993
E42940,OAKWOOD ST OPP HAMILTON AVE,Bus,Bus Stop,7.6295453,4.1795455,3.4499998,40.4515,-79.8847
E08045,BLACK ST AT NEGLEY AVE FS,Bus,Bus Stop,7.6272725,4.115909,3.5113635,40.469,-79.9281
E59620,WOODSTOCK AVE AT BRADDOCK AVE FS,Bus,Bus Stop,7.618182,3.175,4.443182,40.4155,-79.8772
N22065,FREEPORT RD AT DOLLAR BANK FS (WATERWORKS),Bus,Bus Stop,7.618181845,2.9272726999999996,4.690909145,40.4873,-79.8854
E10360,BRINTON RD OPP COLUMBIA AVE,Bus,Bus Stop,7.618181818181817,5.85,1.768181818181818,40.4246,-79.8685
X13410,PIONEER AVE AT BELLE ISLE AVE FS,Bus,Bus Stop,7.6159092,0.3318182,7.284091,40.4,-80.0204
N20150,FOREST AVE AT #414,Bus,Bus Stop,7.611363636363636,0.5613636363636365,7.05,40.499,-80.0505
N12800,CALIFORNIA AVE AT FISK AVE,Bus,Bus Stop,7.602272727272728,7.34318181818182,0.25909090909090904,40.5032,-80.0725
W21550,STEUBEN ST AT HARKER ST,Bus,Bus Stop,7.59772725,6.2250000000000005,1.37272725,40.443,-80.0441
S08780,BROWNSVILLE RD AT MCANULTY RD,Bus,Bus Stop,7.5840911,0.36590910000000004,7.2181820000000005,40.3554,-79.9907
W14570,MIDDLETOWN RD OPP MUTUAL ST,Bus,Bus Stop,7.584091,5.9636365,1.6204545,40.4502,-80.0654
E46885,PENN CENTER BLVD AT BLDG #7,Bus,Bus Stop,7.5840907,7.1772725,0.4068182,40.4266,-79.8116
W08226,GREENTREE RD OPP GREENBRIAR DR,Bus,Bus Stop,7.581818275,0.047727275,7.534091,40.3985,-80.0656
E50987,SAVANNAH AVE AT BIDDLE AVE,Bus,Bus Stop,7.58181815,0.238636375,7.343181775,40.4375,-79.8944
N49560,SHADELAND AVE AT #3475,Bus,Bus Stop,7.5795454,7.2954545,0.28409090000000004,40.4793,-80.0342
E70087,ALLEGHENY AVE AT ARCHIE ST NS,Bus,Bus Stop,7.57727265,7.240909,0.33636365,40.524,-79.8419
S45470,TEXAS AVE AT MELLON ST,Bus,Bus Stop,7.577272499999999,5.6909089999999996,1.8863635,40.3657,-79.859
E17580,EDGEWOOD AVE AT LLOYD AVE,Bus,Bus Stop,7.575000000000003,7.406818181818185,0.168181818181818,40.4278,-79.8848
E32751,JOHNSTON AVE AT RIVERMONT DR,Bus,Bus Stop,7.572727,1.2000000000000002,6.372727,40.4066,-79.9278
N21330,PITTSBURGH ST AT JAMES ST,Bus,Bus Stop,7.5659096,1.6295456000000001,5.936364,40.5412,-79.7797
W19456,ORCHARD SPRING RD AT GREENTREE RD FS,Bus,Bus Stop,7.5590908,0.2431818,7.3159089999999996,40.3989,-80.0658
N13840,CENTER AVE AT HARVARD AVE,Bus,Bus Stop,7.55000015,6.7136365,0.83636365,40.5154,-80.0448
N70009,CALIFORNIA AVE AT ST JOHN'S CHURCH,Bus,Bus Stop,7.55,1.556818,5.993182,40.4679,-80.0352
X15260,REPUBLIC ST AT GREENLEAF ST,Bus,Bus Stop,7.53863615,0.78636365,6.7522725,40.4391,-80.0264
S70440,CHURCHVIEW AVE AT WILLETT RD,Bus,Bus Stop,7.536363636363639,0.193181818181818,7.3431818181818205,40.3856,-79.9715
E05000,BAUM BLVD AT ENFIELD ST FS,Bus,Bus Stop,7.529545499999999,2.865909,4.6636365,40.4541,-79.9492
N29830,LEY ST AT FROMAN ST,Bus,Bus Stop,7.525000249999999,7.072727499999999,0.45227275,40.4648,-79.9822
E34100,LAKETON RD AT TURNER AVE,Bus,Bus Stop,7.5249998,7.331818,0.19318180000000001,40.4527,-79.8603
S14745,DUQUESNE BLVD AT OAKMONT AVE,Bus,Bus Stop,7.515909090909095,2.07727272727273,5.438636363636365,40.3809,-79.8554
E53160,STANTON AVE AT UPVIEW TERRACE,Bus,Bus Stop,7.5090909,1.0090909,6.5,40.4793,-79.9438
E20945,FRANKSTOWN RD AT CRESTVIEW DR,Bus,Bus Stop,7.5068184,0.3590909,7.1477275,40.4799,-79.8225
E51035,SAVANNAH AVE AT WHITNEY AVE,Bus,Bus Stop,7.49772705,6.7272725,0.7704545500000001,40.4363,-79.8938
W03600,CHARTIERS AVE AT MUNICIPAL ST,Bus,Bus Stop,7.4954545,4.518182,2.9772724999999998,40.4522,-80.0528
E38000,MAIN ST AT FRANKLIN ST,Bus,Bus Stop,7.493181818181818,6.65,0.843181818181818,40.3965,-79.8413
E15120,COMMERCIAL ST AT HOMESTEAD ST,Bus,Bus Stop,7.490909,3.2227274,4.2681816,40.4208,-79.8995
N15670,CORBETT CT AT CLUB JULIAN SPA,Bus,Bus Stop,7.4886365,2.575,4.9136365,40.5482,-80.0201
E20890,FRANKSTOWN RD OPP CHAMPA ST,Bus,Bus Stop,7.4863635,1.95,5.5363635,40.462,-79.8596
N12510,BUTLER ST AT #188,Bus,Bus Stop,7.481818181818179,2.2113636363636346,5.270454545454545,40.4934,-79.9483
N38170,NORTH HILLS VILLAGE AT BURLINGTON,Bus,Bus Stop,7.4795455,3.9477275,3.531818,40.5253,-80.0071
E45080,PAULSON AVE AT BRAINARD ST,Bus,Bus Stop,7.4772728,2.0681818,5.409091,40.4686,-79.9018
W08035,GREENTREE RD AT CARNAHAN RD,Bus,Bus Stop,7.4750000000000005,5.86590909090909,1.60909090909091,40.4141,-80.045
W18010,NOBLESTOWN RD OPP OBEY ST,Bus,Bus Stop,7.4681820000000005,4.6204545,2.8477275,40.438,-80.0495
E59060,WM PENN HWY OPP NORTHERN PIKE,Bus,Bus Stop,7.463636599999999,0.2659091,7.197727499999999,40.4375,-79.7779
N14570,N CHARLES ST AT KENN AVE,Bus,Bus Stop,7.449999999999999,1.3522725,6.0977274999999995,40.4679,-80.0157
E70301,BRYN MAWR RD AT CENTRE AVE,Bus,Bus Stop,7.4477275,2.5727275,4.875,40.4493,-79.9576
E38010,MAIN ST AT FRANKLIN ST,Bus,Bus Stop,7.4386363636363635,0.6886363636363635,6.75,40.3967,-79.8414
E58780,WM PENN HWY AT RED LOBSTER,Bus,Bus Stop,7.436363636363634,6.9068181818181795,0.5295454545454545,40.438,-79.7756
E21090,FRANKSTOWN RD AT HIGHPOINT DR FS,Bus,Bus Stop,7.4295456,6.4886365,0.9409091,40.4675,-79.8347
S03950,ALICE ST AT CAMFIELD ST,Bus,Bus Stop,7.4295455,2.7545455,4.675,40.4103,-79.9976
S21580,GREENSPRINGS AVE OPP EASTMAN ST,Bus,Bus Stop,7.427272545,0.120454545,7.306818,40.3835,-79.8783
E16270,DEAN ST AT LARIMER AVE,Bus,Bus Stop,7.4204550000000005,6.1227275,1.2977275000000001,40.4692,-79.9057
N18740,EVERGREEN AVE AT DAVID ST,Bus,Bus Stop,7.420454545454545,0.9454545454545455,6.475,40.4892,-79.9722
X13590,PIONEER AVE AT ROSSMORE AVE,Bus,Bus Stop,7.418182045,7.3727275,0.045454545,40.3979,-80.0228
N40435,OLD FREEPORT RD AT #1380,Bus,Bus Stop,7.415908775,0.07272727500000001,7.3431815,40.4887,-79.8727
W70117,STEUBEN ST OPP ELLIOTT HEIGHTS SENIOR CTR,Bus,Bus Stop,7.415908645,4.6431816,2.772727045,40.4414,-80.046
S38680,PENNSYLVANIA AVE AT TAFT AVE,Bus,Bus Stop,7.402272545,0.145454545,7.256818,40.3621,-79.8617
S27280,KENNEDY AVE AT CATHERINE ST,Bus,Bus Stop,7.397727272727272,3.9727272727272727,3.424999999999999,40.3697,-79.8536
N38440,NORTH AVE AT ELIZABETH ST,Bus,Bus Stop,7.390909090909089,1.3795454545454544,6.011363636363635,40.4835,-79.9728
E21675,FRANKSTOWN RD AT PENN ARBORS DR FS,Bus,Bus Stop,7.38863635,0.66363635,6.725,40.4642,-79.8396
E32293,JAMES ST AT GARDEN DR,Bus,Bus Stop,7.38636345,6.206818,1.17954545,40.4126,-79.8184
E49410,ROSS AVE AT MILL ST,Bus,Bus Stop,7.3818184,2.288636385,5.093182015,40.4416,-79.8814
N52545,TROY HILL RD AT CHESTNUT ST FS,Bus,Bus Stop,7.3795455,1.8454545,5.534091,40.4555,-79.9941
W70182,CHARTIERS AVE AT SUTER ST,Bus,Bus Stop,7.377273,1.4977274999999999,5.8795455,40.4581,-80.0754
E11590,BUTLER ST AT 37TH ST,Bus,Bus Stop,7.377273,1.1227274999999999,6.2545455,40.4661,-79.9648
N44710,PITTSBURGH ST AT MURTLAND ST,Bus,Bus Stop,7.3750005,5.2568185,2.118182,40.5411,-79.7823
E36970,LINDEN AVE OPP SR CITIZEN APTS,Bus,Bus Stop,7.372727272727273,2.9568181818181833,4.41590909090909,40.3987,-79.8365
X02375,BOWER HILL RD AT SEGAR RD,Bus,Bus Stop,7.370454544999999,0.19545454499999998,7.175,40.3784,-80.0646
N39810,OHIO RIVER BLVD AT MAPLE AVE,Bus,Bus Stop,7.36818181818182,5.954545454545455,1.413636363636365,40.5105,-80.0981
E55535,VERONA RD OPP 2ND ST,Bus,Bus Stop,7.36818175,6.665909,0.70227275,40.5016,-79.8377
E25360,GREENFIELD AVE AT IRVINE ST,Bus,Bus Stop,7.3681814999999995,2.506818,4.8613634999999995,40.4249,-79.9526
N24140,GRANT AVE OPP VILSACK ST,Bus,Bus Stop,7.365909090909087,0.431818181818182,6.934090909090905,40.5051,-79.9498
N14150,CENTER AVE OPP NORWICH ST,Bus,Bus Stop,7.359091,3.4954545,3.8636365,40.5176,-80.0232
X01650,BEVERLY RD AT W MARLIN DR,Bus,Bus Stop,7.35454545,0.97954545,6.375,40.3879,-80.052
E06917,BENTLEY DR AT BURROWS ST,Bus,Bus Stop,7.35,5.793182,1.556818,40.4398,-79.9704
E56340,WASHINGTON BLVD AT FRANKSTOWN AVE,Bus,Bus Stop,7.3431820000000005,4.3636365,2.9795455,40.4589,-79.908
W08465,HECKLE RD OPP SHOP-N-SAVE DRVWY,Bus,Bus Stop,7.340909090909091,5.41818181818182,1.922727272727271,40.4734,-80.0941
W70100,MAHONEY RD AT HAWTHORNE DR,Bus,Bus Stop,7.338636545,7.268182,0.07045454500000001,40.4423,-80.2115
W10390,ISLAND AVE AT FLEMING AVE,Bus,Bus Stop,7.3386365,1.925,5.4136365,40.485,-80.0734
W03890,CHARTIERS AVE OPP CRAWFORD ST,Bus,Bus Stop,7.336363636363634,0.359090909090909,6.977272727272725,40.465,-80.0706
X04500,COCHRAN RD AT MCCULLY RD,Bus,Bus Stop,7.334090600000001,1.1818181,6.1522725000000005,40.3858,-80.054
E58080,WINTERBURN AVE AT DENMARSH ST,Bus,Bus Stop,7.331818,3.965909,3.365909,40.4255,-79.9398
E70350,UNITY TRESTLE RD AT MILLERS LN,Bus,Bus Stop,7.3227274,0.21818179999999998,7.1045456,40.4894,-79.7785
X03180,BROOKLINE BLVD AT #1439,Bus,Bus Stop,7.3204543,7.2272725,0.09318180000000001,40.3925,-80.0071
E70999,FRANKSTOWN RD AT #12245,Bus,Bus Stop,7.318181549999999,6.045453999999999,1.2727275500000002,40.4724,-79.8197
X17677,SOUTHERN AVE OPP MINSINGER ST,Bus,Bus Stop,7.3113635,5.009091,2.3022725,40.4188,-80.0136
E70972,FRANKSTOWN RD AT HOCHBERG RD,Bus,Bus Stop,7.30681795,5.7522725,1.55454545,40.4617,-79.8611
N44760,PITTSBURGH ST AT OAK ST,Bus,Bus Stop,7.3,1.8727274999999999,5.4272725,40.541,-79.7823
N21650,FREEPORT RD AT PEARL AVE,Bus,Bus Stop,7.297727272727272,5.37272727272727,1.9250000000000014,40.5408,-79.816
N44770,PITTSBURGH ST AT ORCHARD ST,Bus,Bus Stop,7.29545485,6.7818185,0.51363635,40.542,-79.7747
E47720,POCUSSETT ST AT WIGHTMAN ST,Bus,Bus Stop,7.293182000000001,6.7181820000000005,0.575,40.4293,-79.9272
S25670,IRVINE ST OPP BERWICK ST,Bus,Bus Stop,7.28636345,0.87954545,6.4068179999999995,40.4131,-79.9454
E58100,WINTERBURN AVE AT GREENFIELD AVE,Bus,Bus Stop,7.284091,4.468182,2.815909,40.426,-79.9397
E02900,ADELAIDE ST AT IOWA ST FS,Bus,Bus Stop,7.2681819999999995,3.9227274999999997,3.3454544999999998,40.453,-79.9567
E26103,HALKET ST AT FORBES AVE,Bus,Bus Stop,7.2681819,0.5340909,6.734091,40.4384,-79.9611
S28050,LEBANON CHURCH RD OPP REGIS AVE,Bus,Bus Stop,7.261363449999999,6.5318179999999995,0.72954545,40.3479,-79.9515
W06810,FERREE ST AT 4TH AVE,Bus,Bus Stop,7.247727272727274,6.65909090909091,0.5886363636363635,40.5143,-80.1533
E55570,VERONA RD AT QUINCY DR,Bus,Bus Stop,7.238636249999999,1.00227275,6.2363634999999995,40.4935,-79.8364
N15140,CHURCH AVE AT FOREST AVE,Bus,Bus Stop,7.2181818181818205,0.0,7.2181818181818205,40.5081,-80.0826
S70368,MONONGAHELA AVE OPP 4TH ST,Bus,Bus Stop,7.218181818181815,2.24090909090909,4.977272727272725,40.3292,-79.8926
W14350,MIDDLETOWN RD AT MARTERA PL FS,Bus,Bus Stop,7.211363500000001,1.1409090000000002,6.0704545,40.4442,-80.056
N49500,SHADELAND AVE AT GEYER AVE,Bus,Bus Stop,7.206818049999999,6.6113634999999995,0.5954545499999999,40.4749,-80.032
W03290,CHARTIERS AVE AT CITADEL ST FS,Bus,Bus Stop,7.206818,5.6795455,1.5272725,40.4543,-80.0583
W26350,W PROSPECT AVE OPP ARBORDALE ST,Bus,Bus Stop,7.1977274,1.1590909,6.0386365,40.4469,-80.0806
E39190,MIDDLE AVE AT #526,Bus,Bus Stop,7.193181675,5.7681819,1.424999775,40.3963,-79.8088
E70290,HAMILTON AVE OPP ROSEDALE ST,Bus,Bus Stop,7.1727275,5.475,1.6977275,40.452,-79.8859
E70871,REED ST OPP ELMORE ST,Bus,Bus Stop,7.163636,2.4272725,4.7363635,40.4424,-79.9782
S33680,MELLON ST AT TEXAS AVE,Bus,Bus Stop,7.1590905,1.456818,5.702272499999999,40.3655,-79.8592
S40640,RICHLAND AVE OPP 6TH ST,Bus,Bus Stop,7.156818181818183,0.6681818181818179,6.488636363636365,40.3504,-79.8952
N12980,CALIFORNIA AVE AT CHELLIS ST,Bus,Bus Stop,7.154545499999999,5.590909,1.5636364999999999,40.4863,-80.0436
S25600,SECOND AVE AT HAZELWOOD AVE,Bus,Bus Stop,7.1499999999999995,1.5431819999999998,5.606818,40.4114,-79.9448
E29900,HOMEWOOD AVE AT PENN AVE,Bus,Bus Stop,7.1454545000000005,4.8431820000000005,2.3022725,40.4493,-79.9012
S19350,GEARING AVE AT SYLVANIA AVE,Bus,Bus Stop,7.1431815,5.4613635,1.681818,40.4173,-80.0049
S70488,FIFTH AVE OPP LATTERMAN FAMILY HEALTH CENTER,Bus,Bus Stop,7.140909090909092,0.331818181818182,6.80909090909091,40.354,-79.8366
S11410,CHARLES ST AT GEORGIA AVE,Bus,Bus Stop,7.140909,6.515909,0.625,40.4165,-79.9949
E56225,WARREN DR AT WALMART DRVWY,Bus,Bus Stop,7.1363635,6.734090775,0.40227272499999994,40.3857,-79.8216
E05990,BEECHWOOD BLVD AT LORETTA ST FS,Bus,Bus Stop,7.12727285,1.8318183499999998,5.2954545,40.422,-79.9278
N54520,WILSON AVE AT DRUM ST,Bus,Bus Stop,7.122727500000001,5.3431820000000005,1.7795455,40.4648,-80.0127
X04460,COCHRAN RD AT ALTOONA PL,Bus,Bus Stop,7.12272715,0.91136365,6.2113635,40.383,-80.0525
X07030,GRANDVIEW AVE OPP AUGUSTA ST,Bus,Bus Stop,7.1227271,0.5159091,6.606818,40.4398,-80.022
E17350,EAST HILLS DR OPP #2220,Bus,Bus Stop,7.12045465,0.68636365,6.4340910000000004,40.4547,-79.872
E58000,WILNER DR OPP BRACEY DR,Bus,Bus Stop,7.118181600000001,6.4522725,0.6659091,40.454,-79.8672
N24005,GRANT AVE AT MT HOPE ST,Bus,Bus Stop,7.115909090909089,0.2840909090909092,6.83181818181818,40.5067,-79.9509
X04690,COCHRAN RD OPP NAVATO PL FS,Bus,Bus Stop,7.115909,3.7818180000000003,3.334091,40.3841,-80.0529
S05380,BAPTIST RD AT WINDVALE DR,Bus,Bus Stop,7.1136365,7.1136365,0.0,40.354,-80.0053
X01580,BEVERLY RD AT MEADOWCROFT AVE,Bus,Bus Stop,7.1113638,6.243182,0.8681818000000001,40.3897,-80.048
N71272,ALPHA DR AT FREEPORT RD,Bus,Bus Stop,7.1045454,5.6954545,1.4090909,40.4916,-79.866
X01995,BOGGS AVE OPP PAUL ST,Bus,Bus Stop,7.1045452749999995,0.097727275,7.006818,40.4225,-80.0101
E27500,HAWKINS AVE AT ROSE ST,Bus,Bus Stop,7.10227265,6.640909,0.46136365,40.4069,-79.8636
E25335,GREENFIELD AVE AT FRANK ST FS,Bus,Bus Stop,7.0954545,4.206818,2.8886364999999996,40.4241,-79.9331
E70935,LOWES DR AT FOX PLAN RD,Bus,Bus Stop,7.0886366,0.3159091,6.7727275,40.438,-79.7616
N39860,OHIO RIVER BLVD AT ORCHARD AVE,Bus,Bus Stop,7.081818181818182,1.081818181818182,6.0,40.5106,-80.0979
E59360,WOOD ST AT FRANKLIN AVE,Bus,Bus Stop,7.0681820250000005,1.315909175,5.752272850000001,40.4412,-79.8861
W21980,STEUBEN ST OPP LINDEN AVE,Bus,Bus Stop,7.06818181818182,2.545454545454545,4.522727272727275,40.439,-80.0732
X07000,GRANDVIEW AVE AT #1209 (DUQUESNE INCLINE),Bus,Bus Stop,7.0659089999999996,5.581818,1.4840909999999998,40.4382,-80.0189
N08780,BEAVER RD OPP MEADOW LN FS,Bus,Bus Stop,7.063636363636365,3.9840909090909102,3.079545454545455,40.547,-80.1893
E04450,ARDMORE BLVD OPP REBECCA AVE,Bus,Bus Stop,7.063636000000001,5.447727,1.615909,40.4368,-79.8732
N53635,WEST VIEW PLAZA FIRE LANE AT K-MART,Bus,Bus Stop,7.059090749999999,1.1727272499999999,5.8863635,40.5166,-80.0367
E52495,SOUTH AVE AT WOOD ST,Bus,Bus Stop,7.056818,3.0545455,4.0022725,40.4421,-79.8859
N31300,LOWRIE ST AT NIGGEL ST,Bus,Bus Stop,7.056818,4.515909,2.540909,40.4678,-79.98
X00670,BANKSVILLE RD AT POTOMAC AVE,Bus,Bus Stop,7.05227275,0.77272725,6.2795455,40.4035,-80.0407
E34770,LEMINGTON AVE AT PAULSON AVE,Bus,Bus Stop,7.05,4.043182,3.006818,40.4701,-79.8972
N36350,MT ROYAL BLVD AT WETZELL RD,Bus,Bus Stop,7.0454544,6.629545299999999,0.41590910000000003,40.5249,-79.9623
S23740,HWY RT 51 AT GLENBURN DR,Bus,Bus Stop,7.0386365,1.575,5.4636365,40.3389,-79.9606
E34740,LEMINGTON AVE AT LINCOLN AVE,Bus,Bus Stop,7.031818,5.2295455,1.8022725,40.4688,-79.8961
N36300,MT ROYAL BLVD AT UNDERCLIFF ST,Bus,Bus Stop,7.027272400000001,0.38409089999999996,6.643181500000001,40.5158,-79.9591
E21640,FRANKSTOWN RD OPP HIGHPOINT DR,Bus,Bus Stop,7.0227274,1.0340909,5.9886365,40.4674,-79.8348
N43480,PERRYSVILLE AVE AT HAWKINS ST,Bus,Bus Stop,7.015909,1.5863635,5.4295455,40.4725,-80.0103
W70122,CRENNELL AVE AT LINWOOD AVE,Bus,Bus Stop,7.013636363636365,5.595454545454545,1.41818181818182,40.4357,-80.0684
S05260,BAPTIST RD AT LACHMAN DR,Bus,Bus Stop,7.011363775,6.9886365,0.022727275,40.3556,-80.0029
E50990,SAVANNAH AVE AT HUTCHINSON ST,Bus,Bus Stop,7.011363636363638,0.05,6.961363636363638,40.4338,-79.8923
E70868,ELMORE ST AT ROSE ST,Bus,Bus Stop,7.006817999999999,3.4795455,3.5272724999999996,40.4439,-79.9766
S00430,S 18TH ST OPP JOSEPHINE ST,Bus,Bus Stop,6.99772745,1.7227274499999998,5.275,40.4248,-79.9799
N31680,MAIN ST OPP 15TH ST,Bus,Bus Stop,6.990908900000001,2.9659089,4.025,40.4945,-79.9265
W25910,W CARSON ST AT WEST END BRIDGE STEPS (UNDERPA,Bus,Bus Stop,6.988636495,5.2545456,1.734090895,40.4448,-80.0288
W22020,STEUBEN ST AT RICHMOND ST,Bus,Bus Stop,6.988636363636365,3.638636363636365,3.35,40.4387,-80.0714
W70144,WASHINGTON AVE AT DOLLAR TREE,Bus,Bus Stop,6.9886361500000005,5.7772725000000005,1.21136365,40.3982,-80.0832
N12380,BUTLER ST AT CENTER ST,Bus,Bus Stop,6.979545454545455,1.852272727272729,5.127272727272726,40.4953,-79.9455
S70431,LEBANON RD AT SOUTH HILLS INDUSTRIAL PARK,Bus,Bus Stop,6.96363649,6.7227274,0.24090909,40.3592,-79.9341
N36450,MT ROYAL BLVD AT DEHAVEN CT,Bus,Bus Stop,6.9613638,1.0181818,5.943182,40.5446,-79.9723
E70865,REED ST AT ELMORE ST,Bus,Bus Stop,6.9545455,4.5,2.4545455,40.4422,-79.9785
E17368,EAST LIBERTY BLVD AT EUCLID AVE,Bus,Bus Stop,6.9545455,2.3590910000000003,4.5954545,40.4667,-79.9251
W70097,FOSTER AVE OPP WILLOW AVE (PLAYGROUND),Bus,Bus Stop,6.952272727272725,6.336363636363634,0.615909090909091,40.4416,-80.0683
S17120,ELIZA ST AT GLENCAIRN ST FS,Bus,Bus Stop,6.9477275,2.2386365,4.709091,40.3887,-79.8754
X17737,SOUTHERN AVE OPP SIMMS ST,Bus,Bus Stop,6.9477269999999995,1.3863634999999999,5.5613635,40.4224,-80.0124
E53780,SWISSVALE AVE AT #441 (MERCY GARDENVIEW MANOR),Bus,Bus Stop,6.94545475,0.39772725,6.5477275,40.4368,-79.8806
N33560,MERCHANT ST AT 3RD ST FS,Bus,Bus Stop,6.945454545454548,6.2181818181818205,0.7272727272727275,40.582,-80.224
S70299,EAST PITTSBURGH MCKEESPORT BLV AT MARYLAND AVE,Bus,Bus Stop,6.9454545,2.818182,4.1272725,40.38,-79.8283
E70033,ALLEGHENY AVE OPP DELAWARE AVE,Bus,Bus Stop,6.927272500000001,0.65,6.2772725000000005,40.5176,-79.8431
W24035,WASHINGTON AVE AT ACADEMY ST,Bus,Bus Stop,6.9227272727272755,3.86818181818182,3.054545454545455,40.4074,-80.0837
N13690,CENTER AVE OPP BRIGHTWOOD AVE,Bus,Bus Stop,6.9181815,5.3772725,1.540909,40.5159,-80.0225
N08770,BEAVER RD OPP LITTLE SEWICKLEY RD,Bus,Bus Stop,6.909090909090905,3.4818181818181797,3.427272727272725,40.5588,-80.2004
E36220,LINCOLN HWY AT GRAHAM AVE,Bus,Bus Stop,6.90681815,0.41136365,6.4954545,40.3801,-79.8092
E51300,SHADY AVE AT DEVERAUX LN,Bus,Bus Stop,6.906818,3.2045455,3.7022725000000003,40.448,-79.9215
S44830,ST CLAIR AVE AT STATE ST FS,Bus,Bus Stop,6.904545454545455,3.9545454545454533,2.950000000000002,40.2924,-79.8751
N22220,FREEPORT RD OPP CABLE AVE,Bus,Bus Stop,6.89090909090909,1.5409090909090901,5.35,40.4948,-79.8591
N32720,MCKNIGHT RD AT MCINTYRE RD,Bus,Bus Stop,6.89090885,0.28863635,6.6022725,40.5503,-80.0191
N31620,MAIN ST AT #1113,Bus,Bus Stop,6.8886363,2.93863635,3.9499999499999996,40.4942,-79.9305
E58850,WM PENN HWY AT STROSCHEIN RD,Bus,Bus Stop,6.88636365,0.38636365,6.5,40.4385,-79.7698
E36050,LINCOLN AVE OPP ARBOR ST,Bus,Bus Stop,6.8818179750000015,0.147727275,6.734090700000001,40.466,-79.8978
W22430,STEUBENVILLE PIKE AT PITTSBURGH MOTEL,Bus,Bus Stop,6.879545500000001,1.65,5.2295455,40.4399,-80.0913
W20420,RIVER AVE AT RAILROAD UNDERPASS,Bus,Bus Stop,6.870454545454544,1.034090909090909,5.836363636363635,40.4704,-80.0539
N13040,CALIFORNIA AVE OPP ST JOHN'S CHURCH,Bus,Bus Stop,6.8681814999999995,5.856818,1.0113634999999999,40.4679,-80.0353
N13950,CENTER AVE AT NORWICH ST,Bus,Bus Stop,6.8636365,3.084091,3.7795455000000002,40.5178,-80.0231
E46170,PENN AVE AT LINDEN AVE,Bus,Bus Stop,6.861364,5.8886365000000005,0.9727275,40.4525,-79.9101
E07920,BIGELOW ST AT WINTERBURN AVE,Bus,Bus Stop,6.85454535,0.9886363499999999,5.865909,40.419,-79.9397
S03970,ALICE ST AT GEORGIA AVE,Bus,Bus Stop,6.850000100000001,6.5590910000000004,0.29090910000000003,40.4101,-79.9953
S13720,CRAWFORD AVE AT MIFFLIN ST,Bus,Bus Stop,6.845454545454545,2.375,4.470454545454545,40.3623,-79.8548
E07870,BIGELOW ST AT HAZELWOOD AVE,Bus,Bus Stop,6.843182,5.3045455,1.5386365,40.4197,-79.9341
E58050,WINTERBURN AVE AT BIGELOW ST,Bus,Bus Stop,6.838636,4.081818,2.756818,40.419,-79.9399
E55620,VERONA RD AT RIVERVIEW DR,Bus,Bus Stop,6.83409085,6.6454545,0.18863635,40.4973,-79.8369
E29780,HOMEWOOD AVE AT IDLEWILD ST,Bus,Bus Stop,6.813636499999999,3.809091,3.0045455,40.4581,-79.896
E45250,PAULSON AVE OPP BRAINARD ST,Bus,Bus Stop,6.8022729,5.893182,0.9090909,40.4687,-79.9018
N35765,MT ROYAL BLVD AT HAMPTON AVE,Bus,Bus Stop,6.800000000000003,0.284090909090909,6.515909090909094,40.5543,-79.9712
N49610,SHADELAND AVE OPP CASEMENT ST,Bus,Bus Stop,6.7886363,0.41818180000000005,6.3704545,40.4705,-80.0305
E70246,FRIENDSHIP AVE AT HOWLEY ST,Bus,Bus Stop,6.78409115,6.0477275,0.7363636499999999,40.4652,-79.9514
S39720,PROSPECT RD AT GIESE DR,Bus,Bus Stop,6.7840907,0.4068182,6.3772725,40.3636,-79.975
E16620,DOBSON ST AT HERRON AVE,Bus,Bus Stop,6.78181815,5.5704545,1.21136365,40.4583,-79.9643
E39160,MIDDLE AVE AT MILLER ST,Bus,Bus Stop,6.7750000749999995,6.506818275,0.2681818,40.3958,-79.8062
E15640,CRAIG ST AT BAUM BLVD FS,Bus,Bus Stop,6.765909499999999,2.9977275,3.768182,40.4544,-79.9535
S31370,MAIN ST AT LEA ST,Bus,Bus Stop,6.7590911,6.518182,0.2409091,40.3924,-79.9002
W70148,LEWIS AVE AT #1236,Bus,Bus Stop,6.752273,3.784091,2.9681819999999997,40.5052,-80.1424
E40370,MONTIER ST AT #1823,Bus,Bus Stop,6.749999795000001,6.1840907000000005,0.565909095,40.4482,-79.8687
S21360,GREENSPRINGS AVE AT DUQUESNE AVE FS,Bus,Bus Stop,6.745454349999999,0.33863635000000003,6.4068179999999995,40.3923,-79.8853
S39980,PROVOST RD AT FRANK ST FS,Bus,Bus Stop,6.7386362,5.706818,1.0318182,40.3688,-79.9942
E70892,BRADDOCK AVE OPP KEYSTONE COMMONS PORTAL 9 FS,Bus,Bus Stop,6.7363641,4.1409095,2.5954546,40.4028,-79.8315
N13790,CENTER AVE AT CORNELL AVE,Bus,Bus Stop,6.729545399999999,5.3454545,1.3840909,40.5196,-80.0435
X20330,WEST LIBERTY AVE AT BUSWAY ISLAND,Bus,Bus Stop,6.725,4.1727275,2.5522725,40.4113,-80.0121
E52590,STANTON AVE AT BUTLER ST,Bus,Bus Stop,6.720454545,0.145454545,6.575,40.4783,-79.9554
S34990,MONONGAHELA BLVD AT #1224,Bus,Bus Stop,6.7204542,4.50681805,2.21363615,40.4058,-79.8863
X17675,SOUTHERN AVE AT MINSINGER ST,Bus,Bus Stop,6.718182,1.5386365,5.1795455,40.4188,-80.0136
S70258,MOUNTAIN AVE OPP SCHULER ST,Bus,Bus Stop,6.7136363,0.5431817999999999,6.1704545,40.4097,-79.9774
W08223,GREENTREE RD OPP FOREST DR,Bus,Bus Stop,6.7,0.0,6.7,40.4056,-80.0542
E16540,DEVILLIERS ST AT WYLIE AVE,Bus,Bus Stop,6.6977275,1.243182,5.4545455,40.4443,-79.9809
S35050,MONONGAHELA BLVD OPP #1224,Bus,Bus Stop,6.69318155,2.05454535,4.6386362,40.4059,-79.8862
N10900,BRIGHTON RD AT FARRIS ST STEPS,Bus,Bus Stop,6.6909089999999996,1.8545455,4.8363635,40.463,-80.0205
S70360,BOWMAN AVE AT POPLAR ST,Bus,Bus Stop,6.688636363636364,4.36818181818182,2.320454545454545,40.3576,-79.8358
E55380,VERONA RD AT HUDSON ST,Bus,Bus Stop,6.6840909,6.325,0.3590909,40.4777,-79.8427
N08420,BEAVER ST AT MAIN ST FS,Bus,Bus Stop,6.681818181818179,0.6045454545454545,6.0772727272727245,40.5785,-80.2203
N13860,CENTER AVE AT HAWTHORNE AVE,Bus,Bus Stop,6.681818,2.031818,4.65,40.5166,-80.022
E70939,CENTRE AVE OPP JUNILLA ST STEPS FS,Bus,Bus Stop,6.6772730000000005,3.1477275000000002,3.5295455000000002,40.4456,-79.97
E35440,LIBERTY AVE AT WINEBIDDLE ST,Bus,Bus Stop,6.6750003,4.02045475,2.65454555,40.4589,-79.944
N28040,ITIN ST AT DIANA ST,Bus,Bus Stop,6.67499985,0.28863635,6.3863635,40.4618,-79.9922
N08720,BEAVER ST OPP CAMP MEETING RD,Bus,Bus Stop,6.670454545454547,5.154545454545455,1.515909090909091,40.5641,-80.2058
W02700,BROADWAY AVE AT 15TH ST,Bus,Bus Stop,6.6477275,4.8045455,1.843182,40.4753,-80.0818
X18780,VIRGINIA AVE AT KEARSARGE ST,Bus,Bus Stop,6.6363635,2.1795455,4.456818,40.4311,-80.0102
S70355,EAST PITTSBURGH-MCKEESPORT BLV OPP THE LANE,Bus,Bus Stop,6.6363635,2.565909,4.0704545,40.3714,-79.8284
E09400,BRADDOCK AVE OPP GUTHRIE ST,Bus,Bus Stop,6.6295456999999995,0.5568182,6.072727499999999,40.4384,-79.8971
E20940,FRANKSTOWN RD AT CRESTVIEW RD,Bus,Bus Stop,6.6227274,6.313636499999999,0.3090909,40.4799,-79.8226
S23790,HWY RT 51 AT PARTY CITY (CENTURY III),Bus,Bus Stop,6.6227272500000005,3.297727,3.3250002500000004,40.3354,-79.9472
E21150,FRANKSTOWN RD AT LONG RD,Bus,Bus Stop,6.6136364,0.45909089999999997,6.1545455,40.4658,-79.8323
N50250,SOUTH SIDE AVE OPP ENTRANCE ST,Bus,Bus Stop,6.61363635,6.425,0.18863635,40.4696,-79.9988
E47530,PITCAIRN-TRAFFORD RD AT HAYMAKER RD FS,Bus,Bus Stop,6.609090909090908,6.261363636363635,0.3477272727272725,40.3919,-79.7661
S70466,MAPLE DR AT HOLLYROOD DR,Bus,Bus Stop,6.60909075,1.22727275,5.381818,40.3642,-79.9644
S70459,CAMP HOLLOW RD AT LEBANON CHURCH RD,Bus,Bus Stop,6.6068181500000005,3.58181815,3.025,40.3497,-79.927
E70329,STRANAHAN ST AT BRUSHTON AVE,Bus,Bus Stop,6.595454545454546,1.604545454545455,4.99090909090909,40.4613,-79.8885
E53700,SWISSVALE AVE AT HILL AVE,Bus,Bus Stop,6.5909089,2.2045453999999998,4.3863635,40.4436,-79.8764
N13540,CATOMA ST AT LANARK ST,Bus,Bus Stop,6.5886365,1.9477275,4.640909,40.4606,-80.0041
E70279,UNIVERSAL RD AT ANTHON DR,Bus,Bus Stop,6.586363775000001,6.5636365,0.022727275,40.464,-79.801
N45010,PITTSBURGH ST OPP PILLOW AVE,Bus,Bus Stop,6.586363636363635,0.6590909090909093,5.927272727272726,40.541,-79.8042
S70262,BAUSMAN AVE OPP ROMEYN ST,Bus,Bus Stop,6.584091000000001,2.475,4.109091,40.4144,-79.992
S02270,5TH ST AT VIOLA AVE,Bus,Bus Stop,6.581818181818179,0.8045454545454545,5.777272727272725,40.3693,-79.8488
E51070,SCHENLEY AVE OPP PACIFIC AVE,Bus,Bus Stop,6.579545550000001,5.359091,1.22045455,40.472,-79.9388
E37260,LONG RD AT FRANKSTOWN RD,Bus,Bus Stop,6.5795455,0.1,6.4795455,40.4656,-79.8322
S70422,WALNUT ST AT 1ST EVANGELICAL FREE CHURCH,Bus,Bus Stop,6.572727272727273,0.1886363636363635,6.38409090909091,40.3448,-79.8265
S24160,HWY RT 51 AT STILLEY RD,Bus,Bus Stop,6.56363636363636,4.718181818181815,1.845454545454545,40.3612,-79.9824
S01150,SECOND AVE OPP MANSION ST,Bus,Bus Stop,6.5636361999999995,1.8818181999999999,4.681818,40.404,-79.9425
N14030,CENTER AVE AT PERRYSVILLE RD,Bus,Bus Stop,6.561363999999999,2.3386365000000002,4.2227274999999995,40.51,-80.0282
S01140,SECOND AVE OPP JOHNSTON AVE,Bus,Bus Stop,6.5568185,1.368182,5.1886365,40.4062,-79.9431
X20280,WEST LIBERTY AVE OPP BELLE ISLE AVE,Bus,Bus Stop,6.55681825,1.05227275,5.5045455,40.4003,-80.0237
E38750,MARK DR AT GROVE RD,Bus,Bus Stop,6.54999995,4.52954545,2.0204545,40.4701,-79.8671
W25450,WASHINGTON PIKE OPP VANADIUM RD,Bus,Bus Stop,6.5477272727272755,0.6363636363636365,5.911363636363639,40.3705,-80.1007
N71304,MATHIAS ST AT MANOR CARE DRVWY,Bus,Bus Stop,6.547727249999999,0.40227274999999996,6.1454545,40.4684,-79.9949
E48890,ROBINSON ST AT TERRACE ST,Bus,Bus Stop,6.547727,1.7704545,4.7772725000000005,40.4404,-79.9656
N08510,BEAVER ST AT PEEBLES ST,Bus,Bus Stop,6.5409095,5.1977275,1.343182,40.5373,-80.1775
S70190,KENNEDY AVE AT 6TH ST,Bus,Bus Stop,6.538636363636365,1.66818181818182,4.870454545454545,40.371,-79.8505
E13040,CENTER AVE AT GRANDVIEW AVE,Bus,Bus Stop,6.529545454545454,1.047727272727275,5.48181818181818,40.3957,-79.8393
N19015,EVERGREEN AVE OPP JOHN ST,Bus,Bus Stop,6.527272727272731,1.8045454545454551,4.722727272727275,40.4871,-79.9726
E70154,WOODSTOCK AVE AT BELMAR PL,Bus,Bus Stop,6.5181819,3.293182,3.2249999,40.4153,-79.8758
X17652,SOUTHERN AVE AT CARFEL WAY,Bus,Bus Stop,6.51818175,0.7227272499999999,5.7954545,40.4202,-80.0131
X19930,WEST LIBERTY AVE AT BLAINE ST,Bus,Bus Stop,6.513636363636365,5.729545454545455,0.784090909090909,40.3968,-80.0305
W15770,NEVILLE RD OPP GULF OIL ENTRANCE,Bus,Bus Stop,6.511364,5.518182,0.993182,40.4977,-80.0917
TP7105,NORTH HILLS VILLAGE TERMINUS,Bus,Bus Stop,6.5113635,4.5272725,1.9840909999999998,40.5278,-80.0083
W07800,GRAND AVE AT ORCHARD ST,Bus,Bus Stop,6.50454545,0.82954545,5.675,40.5145,-80.1401
E39400,MILWAUKEE ST OPP BRYN MAWR RD,Bus,Bus Stop,6.490909200000001,5.5590910000000004,0.9318182,40.4532,-79.963
N14940,CHESTNUT ST AT PHINEAS ST (EAST OHIO),Bus,Bus Stop,6.4886363,4.5931818,1.8954545,40.4555,-79.9947
S70331,9TH ST AT HEMLOCK WAY,Bus,Bus Stop,6.48181818181818,1.720454545454545,4.761363636363635,40.3211,-79.8918
S70300,EAST PITTSBURGH MCKEESPORT BLV AT MARYLAND AVE,Bus,Bus Stop,6.481818,3.8863635,2.5954544999999998,40.3803,-79.8286
E05940,BEECHWOOD BLVD AT FORWARD AVE,Bus,Bus Stop,6.4795455,3.7045455,2.775,40.428,-79.9161
N52620,TROY HILL RD AT VINIAL ST,Bus,Bus Stop,6.4795454999999995,5.5045455,0.975,40.4569,-79.991
X17736,SOUTHERN AVE OPP SHILOH ST,Bus,Bus Stop,6.470454650000001,0.41136365,6.0590910000000004,40.4288,-80.0073
E44890,PARK HILL DR AT EAST HILLS DR,Bus,Bus Stop,6.470454500000001,1.275,5.1954545,40.4566,-79.8719
N22040,FREEPORT RD AT WILSON AVE,Bus,Bus Stop,6.456818181818185,5.65227272727273,0.8045454545454546,40.5407,-79.8094
S70461,LEBANON SCHOOL RD AT LIVINGSTON RD FS,Bus,Bus Stop,6.452272699999999,0.85,5.602272699999999,40.3463,-79.9263
N22690,FREEPORT RD OPP #1150,Bus,Bus Stop,6.447726995,3.1477271499999997,3.299999845,40.4882,-79.8794
E55320,VERONA BLVD AT LINCOLN AVE,Bus,Bus Stop,6.4409093,5.0977275,1.3431818,40.4729,-79.8888
X02160,BOWER HILL RD AT KELSO RD,Bus,Bus Stop,6.440909045,6.3454545,0.095454545,40.372,-80.0779
W70174,UNIVERSITY BLVD AT CARNOT RD,Bus,Bus Stop,6.4386366,5.7477275,0.6909091,40.5149,-80.2222
E70335,WHITFIELD ST AT BAUM BLVD,Bus,Bus Stop,6.4386360499999995,0.66590905,5.772727,40.4606,-79.9265
W00280,3RD ST AT MAIN ST FS,Bus,Bus Stop,6.4340909090909095,1.247727272727275,5.186363636363635,40.4044,-80.0911
W19493,PARK MANOR BLVD OPP ROBINSON LN,Bus,Bus Stop,6.434090625,0.5863636249999999,5.847727,40.4528,-80.1648
E21670,FRANKSTOWN RD OPP LIME HOLLOW RD,Bus,Bus Stop,6.429545300000001,1.93636365,4.49318165,40.4683,-79.8247
N13050,CALIFORNIA AVE AT STRANMORE ST,Bus,Bus Stop,6.4295453,0.4681818,5.9613635,40.4604,-80.0266
E15050,COLUMBO ST AT PACIFIC AVE,Bus,Bus Stop,6.4272730000000005,0.868182,5.5590910000000004,40.4691,-79.9392
E44810,PALLAS ST AT BRINTON AVE,Bus,Bus Stop,6.42727275,0.50227275,5.925,40.4059,-79.8444
N44460,PITTSBURGH ST AT ALLEGHENY AVE,Bus,Bus Stop,6.427272727272728,4.265909090909091,2.1613636363636366,40.5412,-79.7979
N54620,WOODLAND AVE AT BRIGHTON RD,Bus,Bus Stop,6.425,5.306818,1.118182,40.4699,-80.0258
E20770,FRANKSTOWN AVE OPP JULIUS ST,Bus,Bus Stop,6.4090908,3.3795453,3.0295455000000002,40.4596,-79.9113
S31230,MAIN ST AT E JAMES ST,Bus,Bus Stop,6.4090907,5.5772725,0.8318182000000001,40.3915,-79.9005
E18490,ELLSWORTH AVE AT DEVONSHIRE ST,Bus,Bus Stop,6.406818,2.625,3.7818180000000003,40.4506,-79.9449
W21100,STANHOPE ST AT W CARSON ST,Bus,Bus Stop,6.397726700000001,4.638636050000001,1.75909065,40.4642,-80.0537
E35050,LIBERTY AVE AT 30TH ST,Bus,Bus Stop,6.390909044999999,1.5409090449999998,4.85,40.4584,-79.9719
W26190,W PROSPECT AVE AT ARBORDALE ST FS,Bus,Bus Stop,6.3818185,4.7136365,1.6681819999999998,40.4469,-80.0805
E29740,HOMEWOOD AVE AT HAMILTON AVE,Bus,Bus Stop,6.3795455,1.9227275,4.456818,40.4547,-79.8975
W07600,GRAND AVE AT 2ND ST,Bus,Bus Stop,6.370454499999999,2.9795455,3.3909089999999997,40.5104,-80.1258
E09290,BRADDOCK AVE AT TURTLE CRK MENTAL HEALTH CTR,Bus,Bus Stop,6.361363636363638,2.9113636363636375,3.45,40.4018,-79.8664
S06305,BERND ST AT BAUSMAN ST,Bus,Bus Stop,6.3522725,5.231818,1.1204545,40.4142,-79.9975
E05515,BEATTY ST AT BAUM BLVD NS,Bus,Bus Stop,6.340909,4.172727,2.168182,40.4605,-79.9279
E07910,BIGELOW ST AT TESLA ST,Bus,Bus Stop,6.334091,1.3727274999999999,4.9613635,40.4194,-79.9359
N24280,GRANT AVE OPP JEFFERSON AVE,Bus,Bus Stop,6.33409090909091,0.0,6.33409090909091,40.4894,-80.0517
S35210,ST JOSEPH ST OPP ORMSBY ST,Bus,Bus Stop,6.320454775,6.2727275,0.047727275,40.4127,-79.9773
N45690,RHINE ST AT ITIN ST,Bus,Bus Stop,6.32045455,5.95,0.37045455,40.4626,-79.9911
X18570,VANADIUM RD AT ELMBROOK LN,Bus,Bus Stop,6.31136375,0.27272725,6.0386365,40.3696,-80.0861
W70141,PARK MANOR BLVD AT ROBINSON CENTER DR FS,Bus,Bus Stop,6.311363549999999,0.39545455,5.915908999999999,40.4519,-80.1619
N14550,N CHARLES ST AT IRWIN ST,Bus,Bus Stop,6.304545650000001,0.36136365000000004,5.943182,40.4668,-80.0189
E14300,CHISLETT ST OPP VETTER ST,Bus,Bus Stop,6.302272845,0.488636345,5.8136365,40.4807,-79.9283
W26340,W PROSPECT AVE OPP ALLEGHENY VALLEY SCHOOL,Bus,Bus Stop,6.30227265,5.840909,0.46136365,40.4465,-80.0785
S70601,BELTZHOOVER AVE AT SYLVANIA AVE,Bus,Bus Stop,6.290908999999999,4.4363635,1.8545455,40.4177,-79.9973
W08249,GREENTREE RD AT GREENBRIAR DR,Bus,Bus Stop,6.28863615,5.302272500000001,0.9863636499999999,40.3969,-80.0659
S31220,MAIN ST AT W EDNA ST,Bus,Bus Stop,6.281818275,0.07272727500000001,6.209091,40.3932,-79.9003
X19990,WEST LIBERTY AVE AT BROOKSIDE AVE,Bus,Bus Stop,6.272727,4.040909,2.231818,40.4106,-80.0156
N43810,PERRYSVILLE AVE AT #3436,Bus,Bus Stop,6.26818185,0.16363634999999999,6.1045455,40.4832,-80.013
W15730,NEVILLE RD AT GULF OIL ENTRANCE,Bus,Bus Stop,6.256818149999999,0.8613636499999999,5.3954545,40.4977,-80.0913
N45820,RIALTO ST AT LEY ST,Bus,Bus Stop,6.2545455,6.2045455,0.05,40.466,-79.982
E51025,SAVANNAH AVE AT UNION ST,Bus,Bus Stop,6.25227255,5.7818179999999995,0.47045455,40.4387,-79.8948
N35670,MT ROYAL BLVD AT CAMPBELL PL,Bus,Bus Stop,6.243181999999999,4.6431819999999995,1.6,40.5266,-79.9635
W10410,ISLAND AVE AT GLENN WAY,Bus,Bus Stop,6.24090905,0.8704545499999999,5.3704545,40.4889,-80.0793
N18005,EAST ST AT LAREDA ST,Bus,Bus Stop,6.2386365,2.3454544999999998,3.8931820000000004,40.4623,-79.9989
E32755,JOHNSTON AVE OPP #643,Bus,Bus Stop,6.23409085,0.89318185,5.340909,40.4048,-79.935
E70589,7TH ST AT BRADDOCK AVE,Bus,Bus Stop,6.229545454545456,4.86818181818182,1.3613636363636366,40.4023,-79.8674
E59365,WOOD ST AT MOOSEHEART ST,Bus,Bus Stop,6.2272731,4.570455,1.6568181000000002,40.4488,-79.884
N12975,CALIFORNIA AVE AT #3228,Bus,Bus Stop,6.21590885,1.01363635,5.2022725,40.4739,-80.0385
W21490,STEUBEN ST AT DUNCAN AVE,Bus,Bus Stop,6.209090909090911,4.93409090909091,1.275,40.4395,-80.0762
S39860,PROSPECT RD OPP GIESE DR,Bus,Bus Stop,6.200000045,6.0295455,0.170454545,40.3638,-79.9749
N15685,CORBETT CT AT TOWNE TOWERS NORTH,Bus,Bus Stop,6.19545475,2.8522729,3.3431818499999997,40.5467,-80.0202
W20450,ROBB ST AT HELEN ST,Bus,Bus Stop,6.188636363636366,1.0954545454545457,5.0931818181818205,40.4706,-80.0545
E48490,REYNOLDS ST AT LANG AVE,Bus,Bus Stop,6.1863635,3.675,2.5113635,40.4472,-79.9056
S00860,SECOND AVE AT JOHNSTON AVE,Bus,Bus Stop,6.1818185,2.868182,3.3136365000000003,40.4059,-79.9429
N15040,CHESTNUT ST OPP CONCORD ST,Bus,Bus Stop,6.1818183499999995,1.3886363499999999,4.793182,40.4584,-79.9954
E17320,EAST HILLS DR AT PARK HILL DR,Bus,Bus Stop,6.181818099999999,0.6159091000000001,5.5659089999999996,40.4526,-79.8737
N15020,CHESTNUT ST AT SUISMON ST,Bus,Bus Stop,6.174999925,3.99545465,2.1795452749999997,40.4563,-79.995
S19330,GEARING AVE AT FREELAND ST,Bus,Bus Stop,6.1727275,4.334091,1.8386365,40.4183,-80.0053
W10650,JEFFERS ST AT FADETTE ST,Bus,Bus Stop,6.1659084,3.654545,2.5113634,40.452,-80.0659
E03450,ALLEGHENY RIVER BLVD AT PLUM ST FS,Bus,Bus Stop,6.1636365,0.625,5.5386365,40.5124,-79.8433
E32750,JOHNSTON AVE AT BROADVIEW DR FS,Bus,Bus Stop,6.152272999999999,3.709091,2.4431819999999997,40.4072,-79.9268
S28690,LEBANON RD AT NOBLE DR,Bus,Bus Stop,6.147727045000001,0.120454545,6.0272725000000005,40.3619,-79.9323
S70264,BAUSMAN AVE AT BERND ST,Bus,Bus Stop,6.1454545,2.759091,3.3863635,40.4142,-79.9971
E46820,PENN AVE OPP SUMMIT ST,Bus,Bus Stop,6.143182045,4.92500025,1.218181795,40.4432,-79.8666
E37230,LONG RD AT CLEMATIS BLVD,Bus,Bus Stop,6.1431816,5.9022725000000005,0.2409091,40.465,-79.8326
N40430,OLD FREEPORT RD AT POST OFFICE,Bus,Bus Stop,6.134090949999999,0.12045455000000001,6.013636399999999,40.4883,-79.8757
E44795,PANTHER HOLLOW RD OPP SCHENLEY PARK POOL,Bus,Bus Stop,6.122727525,2.3750000250000003,3.7477275,40.4347,-79.9484
W07680,GRAND AVE AT GIBSON LN,Bus,Bus Stop,6.122727,3.5022725,2.6204545,40.5151,-80.1426
N08670,BEAVER ST AT STRAIGHT ST,Bus,Bus Stop,6.11818185,0.28863635,5.8295455,40.5384,-80.1785
E52770,STANTON AVE AT MORNINGSIDE AVE,Bus,Bus Stop,6.11136345,0.57954545,5.5318179999999995,40.4754,-79.9319
E10210,WOLFE AVE AT PALLAS ST,Bus,Bus Stop,6.109090849999999,0.9386363499999999,5.1704545,40.4058,-79.8456
E58380,WM PENN HWY AT DENNY'S,Bus,Bus Stop,6.104545454545455,1.125,4.979545454545455,40.4383,-79.7724
S70022,KNOEDLER RD AT BALDWIN TOWERS (#200),Bus,Bus Stop,6.1,1.81590909090909,4.28409090909091,40.3419,-79.9823
E58400,WM PENN HWY AT NORTHERN PIKE FS,Bus,Bus Stop,6.099999999999999,5.886363636363635,0.2136363636363635,40.4376,-79.7784
S70343,BOWMAN AVE AT POPLAR ST,Bus,Bus Stop,6.095454545454545,1.38409090909091,4.711363636363635,40.3575,-79.8358
S04730,ARLINGTON AVE OPP FREDERICK ST,Bus,Bus Stop,6.090908949999999,1.15454545,4.9363635,40.4177,-79.9826
N21220,FREEPORT RD AT GUYS RUN RD,Bus,Bus Stop,6.088636363636362,5.086363636363635,1.0022727272727272,40.534,-79.8448
N33470,MERCHANT ST AT 10TH ST,Bus,Bus Stop,6.081818181818184,0.1136363636363635,5.9681818181818205,40.5916,-80.23
E52720,STANTON AVE AT JANCEY ST,Bus,Bus Stop,6.081818,0.45,5.631818,40.474,-79.9314
S03530,9TH AVE AT AMITY ST,Bus,Bus Stop,6.0772727272727245,5.00681818181818,1.0704545454545449,40.4065,-79.91
N71323,CENTER AVE AT PENNSYLVANIA AVE,Bus,Bus Stop,6.075,6.05,0.025,40.5131,-80.1
S13872,CURRY HOLLOW RD OPP ARBOR LN,Bus,Bus Stop,6.0727269999999995,4.1909089999999996,1.881818,40.3367,-79.9713
E58130,WINTERBURN AVE OPP BLANTON ST,Bus,Bus Stop,6.068182,2.634091,3.434091,40.4245,-79.9398
E70971,BRINTON RD OPP BRINTON MANOR DR W,Bus,Bus Stop,6.068181818181817,5.311363636363635,0.7568181818181821,40.4119,-79.8541
S70565,MOUNTAIN AVE AT SCHULER ST,Bus,Bus Stop,6.065909275,5.668182,0.397727275,40.4096,-79.9774
W70108,CRENNELL AVE AT LINWOOD AVE,Bus,Bus Stop,6.056818181818181,0.515909090909091,5.54090909090909,40.4358,-80.0686
X20370,WEST LIBERTY AVE OPP PAULINE AVE,Bus,Bus Stop,6.04545475,5.7181820000000005,0.32727275,40.4016,-80.0222
W24530,WASHINGTON AVE OPP MARSHALL AVE,Bus,Bus Stop,6.045454545454548,5.0136363636363654,1.031818181818182,40.3996,-80.0826
N40240,OHIO RIVER BLVD OPP KENDALL AVE,Bus,Bus Stop,6.045454545454545,4.804545454545455,1.24090909090909,40.4863,-80.0542
S48562,WEYMAN RD AT HENNIG DR FS,Bus,Bus Stop,6.0454545,0.0,6.0454545,40.3643,-79.9997
E08070,BLUFF ST AT STEVENSON ST,Bus,Bus Stop,6.043182044999999,0.220454545,5.822727499999999,40.4352,-79.9866
S40010,PROVOST RD AT MULBERRY CT,Bus,Bus Stop,6.040909275000001,5.9681820000000005,0.07272727500000001,40.363,-79.9922
E55810,VERONA RD OPP RIVERVIEW DR,Bus,Bus Stop,6.0363638,0.21818179999999998,5.818182,40.4974,-79.8368
E07880,BIGELOW ST AT MCCASLIN ST,Bus,Bus Stop,6.0363635,4.3090910000000004,1.7272725,40.4191,-79.9383
S27300,KENNEDY AVE AT MIFFLIN ST,Bus,Bus Stop,6.029545454545457,4.159090909090912,1.8704545454545454,40.3662,-79.8577
W14480,MIDDLETOWN RD AT TYNDALL ST,Bus,Bus Stop,6.025,4.927272500000001,1.0977275,40.4496,-80.0644
N21240,PITTSBURGH ST AT HARTREY ST,Bus,Bus Stop,6.0249999999999995,0.675,5.35,40.5419,-79.7747
E70400,GREENFIELD RD AT OVERLOOK DR,Bus,Bus Stop,6.0227272,3.4818181999999998,2.540909,40.4328,-79.9373
W20230,E RAILROAD ST AT COLLIER AVE,Bus,Bus Stop,6.020454545454548,0.543181818181818,5.47727272727273,40.3883,-80.0899
N08100,BEAVER AVE AT NORTH AVE,Bus,Bus Stop,6.0181819,4.459091,1.5590909,40.452,-80.0287
E40980,MT CARMEL RD OPP HIGHLANDVIEW ST,Bus,Bus Stop,6.013636395000001,4.825000045,1.18863635,40.4687,-79.8866
N44450,PITTSBURGH ST AT ALLEGHENY AVE,Bus,Bus Stop,6.0136363636363654,3.65,2.363636363636365,40.5413,-79.7977
N36085,MT ROYAL BLVD AT PENNVIEW AVE,Bus,Bus Stop,6.0136363,0.4431818,5.5704545,40.5123,-79.9579
N14310,CENTER AVE OPP RIDGEWOOD AVE STEPS,Bus,Bus Stop,6.013636,3.881818,2.131818,40.5152,-80.023
E32746,JOHNSTON AVE AT RIVERMONT DR FS,Bus,Bus Stop,6.011363749999999,4.8886365,1.12272725,40.4067,-79.9278
E44730,OXFORD DR AT MALL BLVD,Bus,Bus Stop,6.004545454545455,0.05,5.954545454545455,40.432,-79.7891
N36050,MT ROYAL BLVD AT MOREWOOD RD,Bus,Bus Stop,5.99318165,5.256818,0.73636365,40.5347,-79.9698
S13270,COMMONWEALTH AVE OPP RITE AID,Bus,Bus Stop,5.9886365,2.1727275,3.815909,40.383,-79.8764
S13680,CRAWFORD AVE AT CATHERINE ST,Bus,Bus Stop,5.981818181818185,2.39318181818182,3.588636363636365,40.3643,-79.8478
S09520,BROWNSVILLE RD OPP MCANULTY RD,Bus,Bus Stop,5.9795453,5.7863635,0.19318180000000001,40.3552,-79.9905
N21350,FREEPORT RD AT #1372,Bus,Bus Stop,5.977273,3.9977275,1.9795455,40.4897,-79.8727
E70934,LOWES DR AT FOX PLAN RD FS,Bus,Bus Stop,5.97500025,5.3977275,0.57727275,40.438,-79.7617
W16990,NOBLESTOWN RD AT HAWTHORNE ST,Bus,Bus Stop,5.961363700000001,5.1045455,0.8568182,40.4163,-80.0671
W21670,STEUBEN ST AT RICHMOND ST,Bus,Bus Stop,5.959090909090912,1.7863636363636364,4.1727272727272755,40.4387,-80.071
N08570,BEAVER ST AT RIVER RD,Bus,Bus Stop,5.95909090909091,2.711363636363635,3.247727272727275,40.5266,-80.1589
E48360,REBECCA AVE AT CRAFT ST,Bus,Bus Stop,5.956818025,0.397727275,5.559090749999999,40.4371,-79.8761
E25750,GREENSBURG PIKE AT UNION AVE,Bus,Bus Stop,5.9500001000000005,0.7659091,5.1840910000000004,40.3811,-79.817
E70990,BEDFORD AVE AT WASHINGTON PL FS,Bus,Bus Stop,5.94772735,4.6272728,1.32045455,40.4418,-79.9918
S70487,FIFTH AVE AT LATTERMAN FAMILY HEALTH CENTER,Bus,Bus Stop,5.947727272727275,5.15909090909091,0.7886363636363649,40.3543,-79.8366
E70112,LARIMER AVE AT DEARY ST,Bus,Bus Stop,5.9409089999999996,1.106818,4.834091,40.4678,-79.9073
N31480,MAIN ST AT 23RD ST,Bus,Bus Stop,5.936364,3.4068185,2.5295455000000002,40.4934,-79.9142
N33210,MEADVILLE ST AT RISING MAIN AVE,Bus,Bus Stop,5.936363500000001,1.981818,3.9545455,40.4636,-80.006
W00400,4TH AVE AT WATT ST,Bus,Bus Stop,5.931818181818181,0.5363636363636365,5.395454545454545,40.5206,-80.1694
N40400,OHIO RIVER BLVD OPP SHILOH AVE,Bus,Bus Stop,5.925,4.379545454545455,1.545454545454545,40.4879,-80.0565
W24190,WASHINGTON AVE AT HOPE HOLLOW RD FS,Bus,Bus Stop,5.922727,3.0159089999999997,2.9068180000000003,40.3954,-80.0868
X17730,SOUTHERN AVE OPP DEWITT ST,Bus,Bus Stop,5.922727,4.615909,1.306818,40.4246,-80.0103
S34160,MIFFLIN RD AT MOHRBACH ST FS,Bus,Bus Stop,5.913636645,0.561363645,5.352273,40.3666,-79.9098
N41020,PEEBLES RD AT MCINTYRE SQUARE DR FS,Bus,Bus Stop,5.9136363636363605,4.711363636363635,1.202272727272725,40.5573,-80.0176
S14746,DUQUESNE BLVD AT OVERLAND AVE,Bus,Bus Stop,5.911363636363637,1.8522727272727275,4.0590909090909095,40.3797,-79.8541
E20880,FRANKSTOWN RD AT CHAMPA ST,Bus,Bus Stop,5.90681835,4.918182,0.9886363499999999,40.4622,-79.8594
N21715,FREEPORT RD AT PRINCETON AVE,Bus,Bus Stop,5.90681818181818,0.04545454545454545,5.8613636363636346,40.6237,-79.7245
S04330,ARLINGTON AVE AT COLOGNE ST,Bus,Bus Stop,5.904545500000001,4.7181820000000005,1.1863635000000001,40.4175,-79.9696
X04450,COCHRAN RD AT ALTOONA PL,Bus,Bus Stop,5.8977275,5.025,0.8727275,40.3827,-80.0523
E38666,MAPLE AVE OPP #843,Bus,Bus Stop,5.8886365000000005,0.7227275,5.165909,40.4075,-79.8229
S01530,4TH ST AT KENNEDY AVE,Bus,Bus Stop,5.888636363636365,1.2090909090909099,4.679545454545455,40.3713,-79.8484
S24495,HWY RT 51 AT PRIMANTI BROTHERS,Bus,Bus Stop,5.8749998,4.6522725000000005,1.2227272999999999,40.3246,-79.9438
E09010,BRADDOCK AVE AT PENN AVE,Bus,Bus Stop,5.8727273,0.9681818,4.9045455,40.4045,-79.8302
N40380,OHIO RIVER BLVD AT SPRING AVE STEPS,Bus,Bus Stop,5.86818181818182,2.3,3.56818181818182,40.4889,-80.0577
X04610,COCHRAN RD AT ROESSLER RD,Bus,Bus Stop,5.8681815,3.2863635,2.581818,40.393,-80.063
E09820,BRINTON AVE OPP QUARRY AVE,Bus,Bus Stop,5.86590905,5.2454545,0.62045455,40.4035,-79.8429
E70859,BRERETON ST AT 30TH ST,Bus,Bus Stop,5.8636365,1.318182,4.5454545,40.4566,-79.97
E70943,ALLEQUIPPA ST AT CENTRE AVE,Bus,Bus Stop,5.8613634999999995,2.5272725,3.334091,40.4482,-79.9589
N43390,PERRYSVILLE AVE AT CHERRYFIELD ST,Bus,Bus Stop,5.859091,0.525,5.334091,40.485,-80.0156
X02310,BOWER HILL RD AT ROCKHILL RD,Bus,Bus Stop,5.854545549999999,5.134091,0.7204545499999999,40.3666,-80.0864
E70371,ALLEQUIPPA ST AT WHITRIDGE ST,Bus,Bus Stop,5.8545455,1.565909,4.2886365,40.4412,-79.9679
S14300,DESIDERIO BLVD AT JEFFERSON DR,Bus,Bus Stop,5.852272727272725,2.911363636363635,2.94090909090909,40.2888,-79.8913
E35980,LINCOLN AVE AT #409,Bus,Bus Stop,5.845454500000001,1.96363625,3.8818182500000002,40.4608,-79.9114
E58730,WM PENN HWY AT #4155 (PANDA EXPRESS),Bus,Bus Stop,5.840909090909092,4.9,0.9409090909090909,40.439,-79.7649
S70265,S 21ST ST AT SIDNEY ST,Bus,Bus Stop,5.834091145,0.545454545,5.2886366,40.4293,-79.9761
S70339,MONONGAHELA AVE AT HARRISON ST,Bus,Bus Stop,5.820454545454545,4.43409090909091,1.386363636363635,40.3365,-79.8902
X08927,KATHLEEN ST AT HARWOOD ST,Bus,Bus Stop,5.8204545,5.1954545,0.625,40.4255,-80.004
N13800,CENTER AVE AT CORNELL AVE,Bus,Bus Stop,5.8181819,0.5340909,5.284091,40.5194,-80.0436
E52450,SOUTH AVE AT SWISSVALE AVE,Bus,Bus Stop,5.8181815,1.806818,4.0113635,40.4398,-79.879
N08550,BEAVER ST AT RAPP ST,Bus,Bus Stop,5.81363636363636,4.88181818181818,0.93181818181818,40.5666,-80.2097
N10590,BRIGHTON RD AT PERROTT ST,Bus,Bus Stop,5.8090909,0.3840909,5.425,40.4876,-80.0404
X01905,BOGGS AVE AT LELIA ST,Bus,Bus Stop,5.806818399999999,4.4227275,1.3840909,40.4218,-80.0103
E18980,FIESTA DR OPP RIVIERA DR,Bus,Bus Stop,5.804545500000001,2.6477275000000002,3.1568180000000003,40.4747,-79.7091
E56400,WASHINGTON BLVD AT SHETLAND ST,Bus,Bus Stop,5.80454545,4.625,1.17954545,40.4601,-79.9071
S06271,BELTZHOOVER AVE AT CLIMAX ST,Bus,Bus Stop,5.804545299999999,0.5681818000000001,5.2363634999999995,40.4199,-79.9973
E44950,PARK HILL DR AT #2501,Bus,Bus Stop,5.79999995,4.9454545,0.85454545,40.4563,-79.8734
S25590,IRVINE ST AT BERWICK ST,Bus,Bus Stop,5.79318185,5.2795455,0.5136363500000001,40.4131,-79.9452
N71282,GRANT AVE AT BLACK ST,Bus,Bus Stop,5.793181818181814,4.05681818181818,1.736363636363635,40.48,-79.9735
N44020,PERRYSVILLE AVE OPP #1923,Bus,Bus Stop,5.7931816000000005,0.29090910000000003,5.5022725,40.4616,-80.0135
S49510,W 5TH AVE OPP WINDSOR ST,Bus,Bus Stop,5.779545454545456,2.9340909090909104,2.8454545454545457,40.3486,-79.8776
S23910,HWY RT 51 AT LEWIS RUN RD,Bus,Bus Stop,5.7704545,3.8522724999999998,1.918182,40.321,-79.9421
S11400,CHARLES ST AT BELTZHOOVER AVE,Bus,Bus Stop,5.765909500000001,4.5931820000000005,1.1727275000000001,40.4165,-79.9966
X05910,FREEDOM AVE AT WAREMAN AVE,Bus,Bus Stop,5.7613635,1.8,3.9613635,40.3894,-80.0113
E58370,WM PENN HWY AT HOME DEPOT,Bus,Bus Stop,5.759090649999999,0.7363636499999999,5.022727,40.4303,-79.8063
W70156,4TH AVE AT CHESTNUT ST,Bus,Bus Stop,5.75681818181818,0.24545454545454545,5.511363636363635,40.5167,-80.159
S70499,SPENCER AVE AT BEAU ST,Bus,Bus Stop,5.756818045,5.5863635,0.170454545,40.3876,-79.9764
E09840,BRINTON AVE AT RAVINE ST,Bus,Bus Stop,5.7522729,0.3840909,5.368182,40.4016,-79.8413
E70403,BIGELOW ST AT MCCASLIN ST,Bus,Bus Stop,5.7522725,1.690909,4.0613635,40.4191,-79.9378
S23530,HWY RT 51 AT BEALL DR,Bus,Bus Stop,5.74772715,4.4113635,1.33636365,40.3554,-79.9794
E51531,SHADY AVE OPP BRAEBURN PL,Bus,Bus Stop,5.7363634999999995,1.5704544999999999,4.165909,40.4485,-79.9212
W10600,ISLAND AVE OPP #1308,Bus,Bus Stop,5.734090999999999,1.268182,4.465909,40.4818,-80.0694
S26990,JOSEPHINE ST AT #3237,Bus,Bus Stop,5.734090950000001,4.7795455,0.95454545,40.419,-79.9646
S27594,KNOEDLER RD OPP MERRYHEART HOME (#100),Bus,Bus Stop,5.731818181818186,4.0477272727272755,1.68409090909091,40.342,-79.9825
E15070,COLUMBO ST AT #5149,Bus,Bus Stop,5.7272729,4.568182,1.1590909,40.4699,-79.9401
N21400,FREEPORT RD AT MAPLE AVE,Bus,Bus Stop,5.722727272727273,1.0022727272727274,4.720454545454545,40.4939,-79.8608
E70377,FIFTH AVE AT FRANKSTOWN AVE,Bus,Bus Stop,5.7204545,1.075,4.6454545,40.4586,-79.9081
E70743,TILDEN ST AT #7182,Bus,Bus Stop,5.7136365,3.4681819999999997,2.2454545,40.4638,-79.8932
X17720,SOUTHERN AVE OPP SOFFEL ST,Bus,Bus Stop,5.7022728,4.334091,1.3681818000000001,40.4198,-80.0133
W18220,NOBLESTOWN RD AT HOLIDAY DR,Bus,Bus Stop,5.7022728,5.5590910000000004,0.1431818,40.4263,-80.062
N08200,BEAVER ST AT BOUNDARY ST FS,Bus,Bus Stop,5.7022725450000005,0.370454545,5.331818,40.535,-80.1753
E44930,PARK HILL DR AT #2401,Bus,Bus Stop,5.6977275,4.6295455,1.068182,40.4555,-79.8742
S48690,WHITAKER ST AT OAK ST,Bus,Bus Stop,5.6954545,0.575,5.1204545,40.3963,-79.8838
N14000,CENTER AVE AT PARK AVE,Bus,Bus Stop,5.6886365,0.9477275000000001,4.740909,40.5113,-80.0275
E29830,HOMEWOOD AVE AT KELLY ST,Bus,Bus Stop,5.6840910000000004,2.6977275,2.9863635000000004,40.4555,-79.897
E03290,ALGER ST AT WINTERBURN AVE,Bus,Bus Stop,5.6727273,0.8431818,4.8295455,40.4271,-79.9396
S23730,HWY RT 51 AT GLENBURN DR,Bus,Bus Stop,5.67045475,4.993182,0.67727275,40.339,-79.9603
N42430,PERRY HWY AT MCDONALDS,Bus,Bus Stop,5.6704545,4.725,0.9454545,40.5177,-80.0299
S01810,5TH AVE AT PIRL ST,Bus,Bus Stop,5.668181818181817,1.0363636363636364,4.631818181818181,40.3531,-79.8443
S06274,BELTZHOOVER AVE AT FREELAND ST,Bus,Bus Stop,5.66818175,1.22727275,4.4409089999999996,40.419,-79.9973
S70450,BLOSSOM DR AT CLELIA DR,Bus,Bus Stop,5.663636363636363,5.61590909090909,0.04772727272727275,40.3444,-80.0003
S33320,MCKINLEY ST OPP GROGAN AVE,Bus,Bus Stop,5.661363499999999,0.475,5.1863635,40.4092,-79.9936
N24250,GRANT AVE AT WASHINGTON AVE FS,Bus,Bus Stop,5.65,0.025,5.625,40.4909,-80.0499
W04260,CHARTIERS AVE EXT AT STATE ST,Bus,Bus Stop,5.647727272727275,1.09318181818182,4.554545454545455,40.4667,-80.0797
W00490,5TH AVE AT CHESS ST FS,Bus,Bus Stop,5.638636363636364,5.204545454545455,0.434090909090909,40.5212,-80.1738
S70502,SPENCER AVE AT CUSTER AVE,Bus,Bus Stop,5.63863625,5.1613635,0.47727275,40.393,-79.9763
E16560,DOBSON ST AT BRERETON ST FS,Bus,Bus Stop,5.638636,4.0363635,1.6022725,40.4569,-79.9673
S39770,PROSPECT RD AT STILLEY RD FS,Bus,Bus Stop,5.63636385,0.36363635,5.2727275,40.3595,-79.9804
X17700,SOUTHERN AVE AT PROSPECT ST,Bus,Bus Stop,5.6318183,5.1636365,0.4681818,40.4282,-80.0087
E02929,AIKEN AVE AT KINCAID ST,Bus,Bus Stop,5.62499985,0.43863635,5.1863635,40.4663,-79.9355
E44960,PARK HILL DR AT #2567,Bus,Bus Stop,5.6227275,4.95,0.6727275,40.4566,-79.8718
N11980,BROWNS LN AT CORBETT CT,Bus,Bus Stop,5.6181819,1.72954545,3.88863645,40.5457,-80.02
W08210,GREENTREE RD OPP BANBURY LN,Bus,Bus Stop,5.615909090909091,0.7363636363636366,4.879545454545455,40.4066,-80.0527
N06010,ARCH ST OPP ALLEGHENY MIDDLE SCHOOL,Bus,Bus Stop,5.6045455,0.7681819999999999,4.8363635,40.4531,-80.0091
S05280,BAPTIST RD AT MCKEE DR FS,Bus,Bus Stop,5.5977274999999995,0.0,5.5977274999999995,40.3527,-80.0098
N13100,CALIFORNIA AVE AT WINHURST ST FS,Bus,Bus Stop,5.5977270500000005,0.67045455,4.927272500000001,40.4876,-80.0453
N13990,CENTER AVE AT PARK AVE,Bus,Bus Stop,5.5954546,4.8045455,0.7909091,40.5116,-80.0275
W07990,GRAND AVE OPP ARMY CORPS OF ENGINEERS,Bus,Bus Stop,5.586364,3.993182,1.5931819999999999,40.5081,-80.1134
X02650,BOWER HILL RD OPP SERPENTINE DR,Bus,Bus Stop,5.5863635,0.05,5.5363635,40.3845,-80.0554
S70315,COAL VALLEY RD AT JEFFERSON PHYSICAL THERAPY DRV,Bus,Bus Stop,5.572727272727275,2.097727272727275,3.475,40.3228,-79.9308
X01280,BELTZHOOVER AVE AT KATHLEEN ST,Bus,Bus Stop,5.56818165,0.26136365,5.306818,40.4257,-79.9975
S70364,MONONGAHELA AVE AT HARRISON ST,Bus,Bus Stop,5.565909090909095,2.06818181818182,3.4977272727272752,40.3367,-79.8902
X20000,WEST LIBERTY AVE AT CAPE MAY AVE,Bus,Bus Stop,5.5659089999999996,1.9863635,3.5795455,40.4087,-80.0176
E26600,HAMILTON AVE AT MURTLAND ST,Bus,Bus Stop,5.563636499999999,3.8227275,1.7409089999999998,40.4557,-79.9021
S31280,MAIN ST AT FULTON ST,Bus,Bus Stop,5.554545545,5.259091,0.295454545,40.3807,-79.9066
N35810,MT ROYAL BLVD AT GENESSEE AVE FS,Bus,Bus Stop,5.5545455,4.1636365,1.390909,40.5175,-79.959
N54640,WOODLAND AVE AT BRIGHTON RD FS,Bus,Bus Stop,5.5545455,0.743182,4.8113635,40.4699,-80.026
N36290,MT ROYAL BLVD AT UNDERCLIFF ST,Bus,Bus Stop,5.55227265,4.69545445,0.8568182,40.5159,-79.9591
E36910,LINDEN AVE AT SR CITIZEN APTS,Bus,Bus Stop,5.550000000000002,2.238636363636365,3.3113636363636365,40.3987,-79.8367
S28300,LEBANON CHURCH RD OPP POLK AVE,Bus,Bus Stop,5.5409092499999995,1.24545455,4.2954547,40.3542,-79.9122
E70816,FORBES RD AT HAYMAKER RD FS,Bus,Bus Stop,5.5340911,0.4659091000000001,5.068182,40.3911,-79.7654
N32840,MCKNIGHT RD AT PERRYMONT RD,Bus,Bus Stop,5.531818181818183,5.35909090909091,0.17272727272727273,40.5583,-80.0236
W03370,CHARTIERS AVE AT EYRE WAY,Bus,Bus Stop,5.5295455,4.4886365,1.040909,40.4581,-80.0756
X08930,KATHLEEN ST AT JUDICIAL ST,Bus,Bus Stop,5.5295453,0.3181818,5.2113635,40.4257,-79.9998
W02920,CAROTHERS AVE AT LOCUST ST,Bus,Bus Stop,5.527272775,0.297727275,5.2295455,40.3978,-80.0883
N14670,N CHARLES ST AT STRAUSS ST,Bus,Bus Stop,5.5227275,1.4545455,4.068182,40.4632,-80.0197
S48257,WATERFRONT DR OPP COMMONWEALTH BANK,Bus,Bus Stop,5.5227272727272725,0.5522727272727275,4.970454545454545,40.4133,-79.9073
E20820,FRANKSTOWN RD AT BANYON DR,Bus,Bus Stop,5.522727045,5.3522725,0.170454545,40.4666,-79.8328
E50985,SAVANNAH AVE AT BIDDLE AVE,Bus,Bus Stop,5.5204547900000005,5.168182045,0.35227274500000005,40.4373,-79.8942
W10550,ISLAND AVE OPP FLEMING AVE,Bus,Bus Stop,5.518182,3.9295455,1.5886365,40.4852,-80.0739
S31460,MAIN ST AT MARION ST,Bus,Bus Stop,5.504545350000001,4.865909,0.6386363500000001,40.3881,-79.9018
S27040,JOSEPHINE ST OPP #3201,Bus,Bus Stop,5.4977275,0.65,4.8477274999999995,40.42,-79.9643
S14743,DUQUESNE BLVD OPP FAIRMONT AVE,Bus,Bus Stop,5.4886363636363615,3.256818181818179,2.231818181818183,40.3821,-79.8564
E28720,HERRON AVE AT HANCOCK ST,Bus,Bus Stop,5.477273,0.568182,4.909091,40.457,-79.9648
E48690,ROBINSON BLVD OPP SUNRISE AVE,Bus,Bus Stop,5.4772725,1.2659090000000002,4.2113635,40.4511,-79.8682
E70852,HAZELWOOD AVE OPP NANSEN ST,Bus,Bus Stop,5.475000045,0.07045454500000001,5.4045455,40.4134,-79.9395
E51260,SHADY AVE AT AYLESBORO AVE,Bus,Bus Stop,5.475,3.381818,2.0931819999999997,40.4402,-79.9195
S34080,MIFFLIN RD AT HAYS SCHOOL,Bus,Bus Stop,5.4727275,1.409091,4.0636365,40.383,-79.93
X04590,COCHRAN RD AT NAVATO PL,Bus,Bus Stop,5.468182,3.65,1.818182,40.384,-80.0528
E13770,CENTRE AVE AT #5803,Bus,Bus Stop,5.46363685,2.45681835,3.0068185,40.458,-79.9316
E07600,BIGELOW BLVD AT FINLAND ST,Bus,Bus Stop,5.456818,3.7272724999999998,1.7295455,40.4581,-79.9604
W17080,NOBLESTOWN RD AT #2094,Bus,Bus Stop,5.4522729,0.33409089999999997,5.118182,40.4327,-80.0518
S48600,WEYMAN RD OPP VILLAGE LN,Bus,Bus Stop,5.4522725,5.4022725000000005,0.05,40.3597,-80.0007
E55855,WADSWORTH ST AT ROBINSON ST,Bus,Bus Stop,5.4500002,1.3818181999999999,4.068182,40.4433,-79.9662
E52735,STANTON AVE AT MCCANDLESS AVE,Bus,Bus Stop,5.449999775,0.047727275,5.4022725000000005,40.4783,-79.949
N44640,PITTSBURGH ST AT JAMES ST FS,Bus,Bus Stop,5.4431821000000005,4.727273,0.7159091,40.5412,-79.7803
S39920,PROVOST RD AT BARLIND DR,Bus,Bus Stop,5.43636365,5.3,0.13636365,40.3638,-79.9922
E06490,BEELER ST OPP UNGER LN FS,Bus,Bus Stop,5.4340913,1.1477273000000001,4.286364,40.445,-79.9364
N43770,PERRYSVILLE AVE AT CUTLER ST,Bus,Bus Stop,5.422727399999999,4.7136365,0.7090909,40.4662,-80.0117
E25357,GREENFIELD AVE AT FRAZIER ST,Bus,Bus Stop,5.420454299999999,4.5272725,0.8931818,40.4257,-79.9498
S13670,CRAWFORD AVE OPP 5TH ST,Bus,Bus Stop,5.404545454545455,2.4068181818181804,2.997727272727275,40.3646,-79.847
N14790,N CHARLES ST OPP STRAUSS ST,Bus,Bus Stop,5.402273,3.709091,1.693182,40.4632,-80.0199
S70130,LEBANON CHURCH RD AT COMFORT INN,Bus,Bus Stop,5.4,2.34090925,3.0590907499999997,40.346,-79.9573
S70600,BALDWIN RD AT GLASS RUN RD FS,Bus,Bus Stop,5.3999999,0.1590909,5.240909,40.3893,-79.9327
E57610,WILKINS AVE AT #6640,Bus,Bus Stop,5.399999695,0.50909092,4.890908775,40.446,-79.9145
S13933,HORNING RD AT BROUGHTON RD FS,Bus,Bus Stop,5.3954545,5.3954545,0.0,40.3308,-79.9883
E10300,BRINTON RD AT #1001,Bus,Bus Stop,5.3909090909090915,4.504545454545455,0.8863636363636365,40.429,-79.8742
N13805,CORNELL AVE AT WILLIAM ST,Bus,Bus Stop,5.3886365000000005,1.5795455,3.809091,40.5135,-80.0455
E01040,FIFTH AVE AT BRENHAM ST FS,Bus,Bus Stop,5.3863635599999995,2.109090895,3.277272665,40.4365,-79.9685
S04660,ARLINGTON AVE OPP COLOGNE ST,Bus,Bus Stop,5.3863635,1.8113635000000001,3.575,40.4175,-79.9695
N08840,BEAVER ST OPP RAPP ST,Bus,Bus Stop,5.38181818181818,0.877272727272725,4.504545454545455,40.5667,-80.2097
N08560,BEAVER ST AT RIVER RD,Bus,Bus Stop,5.38181818181818,3.120454545454545,2.261363636363635,40.5267,-80.1593
E55025,UNIVERSAL RD AT COLLINS DR,Bus,Bus Stop,5.381818045,5.2613635,0.120454545,40.4612,-79.8127
E70004,EAST HILLS DR AT #2340,Bus,Bus Stop,5.3795455,3.490909,1.8886365,40.4559,-79.8708
E07050,BENTLEY DR AT NIGH WAY,Bus,Bus Stop,5.3772725,0.9522725,4.425,40.4407,-79.9784
E44797,PANTHER HOLLOW RD AT PANTHER HOLLOW BRIDGE FS,Bus,Bus Stop,5.375000050000001,2.40454545,2.9704546,40.4352,-79.9454
N71252,OHIO RIVER BLVD OPP LOCUST ST,Bus,Bus Stop,5.370454545454546,4.95,0.4204545454545455,40.4978,-80.0699
E51350,SHADY AVE AT HASTINGS ST,Bus,Bus Stop,5.370454499999999,2.0931819999999997,3.2772725,40.4456,-79.921
N13215,CALIFORNIA AVE OPP #3228,Bus,Bus Stop,5.368181750000001,4.740909,0.62727275,40.4739,-80.0387
S39790,PROSPECT RD AT WAINWRIGHT AVE,Bus,Bus Stop,5.36590885,0.6136363499999999,4.7522725,40.3622,-79.9786
S70518,AGNEW RD AT ALAN ST,Bus,Bus Stop,5.347727272727273,0.293181818181818,5.054545454545455,40.3964,-79.9739
N36220,MT ROYAL BLVD AT SHAW PL,Bus,Bus Stop,5.347727025,0.35681817499999996,4.99090885,40.5294,-79.9656
N21340,FREEPORT RD AT JEFFERSON AVE,Bus,Bus Stop,5.345454545454545,4.302272727272725,1.04318181818182,40.5405,-79.8135
N39490,OHIO RIVER BLVD AT ALLEGHENY AVE,Bus,Bus Stop,5.340909090909095,4.11818181818182,1.2227272727272749,40.5114,-80.1011
S21705,HABERMAN RAMP OPP HARWOOD ST STEPS,Bus,Bus Stop,5.3386364,4.7045455,0.6340908999999999,40.4215,-80.0036
E17393,EAST LIBERTY BLVD AT NEGLEY AVE FS,Bus,Bus Stop,5.3318183,4.7636365000000005,0.5681818000000001,40.4675,-79.9278
E58720,WM PENN HWY AT KOHL'S DRVWY,Bus,Bus Stop,5.329545454545457,1.311363636363636,4.01818181818182,40.4329,-79.7988
X20090,WEST LIBERTY AVE AT LASALLE AVE,Bus,Bus Stop,5.327272727272728,0.843181818181818,4.48409090909091,40.3967,-80.031
E36340,LINCOLN HWY AT DIX DR,Bus,Bus Stop,5.3227272,5.140909,0.1818182,40.3692,-79.7826
E04680,BAKER ST AT #7207,Bus,Bus Stop,5.318181625000001,4.204545250000001,1.113636375,40.4878,-79.9232
N14500,N CHARLES ST AT BRIGHTRIDGE ST,Bus,Bus Stop,5.318181500000001,1.740909,3.5772725000000003,40.462,-80.0181
N71243,CORBET ST AT 2ND AVE,Bus,Bus Stop,5.313636275,5.040909,0.272727275,40.6013,-79.7513
N23940,GRANT AVE AT BLACK ST,Bus,Bus Stop,5.309090909090905,2.30681818181818,3.002272727272725,40.4801,-79.9734
N24120,GRANT AVE AT HERMAN ST,Bus,Bus Stop,5.3045454545454565,0.431818181818182,4.872727272727275,40.5085,-79.952
E21120,FRANKSTOWN RD AT HOWARD ST,Bus,Bus Stop,5.30227275,1.02727275,4.275,40.4628,-79.8567
S31390,MAIN ST AT LESLIE ST,Bus,Bus Stop,5.300000000000001,5.15,0.15,40.3795,-79.9073
E70863,TILBURY AVE AT WALDRON ST,Bus,Bus Stop,5.299999799999999,5.231818,0.0681818,40.4316,-79.9181
N18610,ESSEN ST OPP PENFORT ST,Bus,Bus Stop,5.297727350000001,0.7386363499999999,4.5590910000000004,40.473,-80.0032
S70513,AGNEW RD AT PENN ST FS,Bus,Bus Stop,5.29772727272727,5.2022727272727245,0.09545454545454546,40.3965,-79.9743
X05880,FREEDOM AVE AT MERRICK AVE,Bus,Bus Stop,5.29545435,0.7636363500000001,4.5318179999999995,40.3901,-80.0105
S40060,PROVOST RD AT SHADOW DR FS,Bus,Bus Stop,5.2772725,5.2272725,0.05,40.3708,-79.9945
E70957,EAST PITTSBURGH MCKEESPORT BLV AT #920,Bus,Bus Stop,5.2704545,2.2545455,3.0159089999999997,40.3816,-79.8281
N13970,CENTER AVE AT OAKWOOD AVE,Bus,Bus Stop,5.2704545,2.3613635,2.909091,40.5143,-80.0242
N21260,FREEPORT RD AT COMFORT INN,Bus,Bus Stop,5.2659090909090915,1.0068181818181818,4.25909090909091,40.5383,-79.8327
S70163,WALNUT ST AT 9TH AVE,Bus,Bus Stop,5.265909090909091,3.138636363636365,2.127272727272725,40.347,-79.864
E35590,LIBERTY AVE AT 32ND ST NS,Bus,Bus Stop,5.25681825,3.5886365000000002,1.66818175,40.4601,-79.9694
S16400,E CARSON ST AT S 2ND ST,Bus,Bus Stop,5.2545451,3.4863634,1.7681817,40.4301,-79.9988
S70174,KENNEDY AVE AT 6TH ST,Bus,Bus Stop,5.252272727272725,3.09090909090909,2.161363636363635,40.3708,-79.8506
N24070,GRANT AVE AT SHERIDAN ST,Bus,Bus Stop,5.25,3.00681818181818,2.24318181818182,40.4786,-79.9707
E13640,CENTRE AVE AT MOREWOOD AVE,Bus,Bus Stop,5.24772725,1.05,4.19772725,40.4542,-79.9444
N31610,MAIN ST AT #1102,Bus,Bus Stop,5.24318185,3.1590909500000004,2.0840908999999996,40.4943,-79.9309
X19400,WASHINGTON RD AT ABBEYVILLE RD,Bus,Bus Stop,5.2363638,4.493182,0.7431818,40.352,-80.0505
X04605,COCHRAN RD OPP ROBINWOOD DR,Bus,Bus Stop,5.22727255,0.69545455,4.531818,40.3911,-80.0594
S21420,GREENSPRINGS AVE OPP HAZEL ST,Bus,Bus Stop,5.220454545,0.045454545,5.175,40.3872,-79.8807
E40300,MONTIER ST AT HERR ST,Bus,Bus Stop,5.220454500000001,0.8500000000000001,4.3704545,40.4472,-79.8697
N13740,CENTER AVE OPP CHALFONTE AVE,Bus,Bus Stop,5.2204545,0.475,4.7454545,40.5203,-80.0382
E39220,MILLER AVE AT GAS ST,Bus,Bus Stop,5.2113637200000005,1.14772727,4.063636450000001,40.416,-79.8854
X06860,GRANDVIEW AVE AT AUGUSTA ST,Bus,Bus Stop,5.2045455,5.2045455,0.0,40.4398,-80.0221
E55800,VERONA RD OPP RANDOLPH LN,Bus,Bus Stop,5.202272499999999,0.85,4.3522725,40.4788,-79.8407
W13200,MCCOY RD OPP DUNN ST,Bus,Bus Stop,5.1999999500000005,4.1954545,1.0045454500000002,40.4756,-80.0728
E70041,FRANKSTOWN RD AT EASTWOOD RD,Bus,Bus Stop,5.193182049999999,4.322727499999999,0.8704545499999999,40.4612,-79.87
E53690,SWISSVALE AVE AT HILL AVE,Bus,Bus Stop,5.193182,4.293182,0.9,40.4438,-79.8764
N22780,FREEPORT RD OPP #1101 (MULLIGAN'S),Bus,Bus Stop,5.1909090909090905,1.9545454545454555,3.236363636363635,40.5409,-79.8188
E34559,LARIMER AVE OPP WINSLOW ST,Bus,Bus Stop,5.188636499999999,4.0886365,1.1,40.4657,-79.9134
E25362,GREENFIELD AVE AT BLANTON ST STEPS,Bus,Bus Stop,5.186364,1.4181819999999998,3.7681820000000004,40.4244,-79.9375
X18720,VIRGINIA AVE OPP BERTHA ST,Bus,Bus Stop,5.184090775,5.0613635,0.12272727500000001,40.4314,-80.0122
W04370,CHARTIERS VALLEY SC DR AT K MART (FRONT),Bus,Bus Stop,5.181818181818185,2.51818181818182,2.663636363636365,40.3668,-80.11
X17655,SOUTHERN AVE AT DEWITT ST,Bus,Bus Stop,5.181818,1.1204545,4.0613635,40.4245,-80.0103
S30590,LYSLE BLVD OPP 5TH AVE,Bus,Bus Stop,5.179545454545453,1.0136363636363634,4.165909090909089,40.3529,-79.8479
E25090,GREENFIELD AVE AT BEEHNER RD,Bus,Bus Stop,5.17500015,1.33636365,3.8386365,40.4242,-79.9341
E52385,SOUTH AVE AT COAL ST,Bus,Bus Stop,5.1727273,0.9431818000000001,4.2295455,40.4403,-79.8804
E32754,JOHNSTON AVE AT #635,Bus,Bus Stop,5.1727270999999995,4.306818,0.8659091000000001,40.4049,-79.9354
N40200,OHIO RIVER BLVD OPP HARRISON AVE,Bus,Bus Stop,5.170454545454545,4.1,1.0704545454545449,40.5004,-80.0736
E02110,5TH ST AT CAVIT AVE,Bus,Bus Stop,5.168181818181818,4.984090909090909,0.184090909090909,40.3858,-79.76
E57620,WILKINS AVE AT #6647,Bus,Bus Stop,5.16590915,4.99772735,0.1681818,40.4462,-79.9144
N23220,TROY HILL RD AT LOWRIE ST,Bus,Bus Stop,5.159090750000001,0.25227275,4.906818,40.4613,-79.985
X04600,COCHRAN RD AT ROBINWOOD DR,Bus,Bus Stop,5.1568183,4.7386365,0.41818180000000005,40.3909,-80.059
E11922,BUTLER ST AT #6130,Bus,Bus Stop,5.1568182,2.0045457000000004,3.1522725,40.488,-79.9383
N71179,FOX CHAPEL RD AT FREEPORT RD FS,Bus,Bus Stop,5.1522727,1.0318182,4.1204545,40.4884,-79.883
E02870,ABER RD OPP HARVEST DR,Bus,Bus Stop,5.15000005,3.5045455,1.64545455,40.4733,-79.8616
S46150,VERSAILLES AVE AT EVANS ST,Bus,Bus Stop,5.147727272727275,4.129545454545455,1.01818181818182,40.3459,-79.8493
E53070,STANTON AVE OPP MCCANDLESS AVE NS,Bus,Bus Stop,5.1454545,4.0886365,1.056818,40.4817,-79.9408
E51580,SHADY AVE OPP SOLWAY ST,Bus,Bus Stop,5.1431819999999995,2.5136364999999996,2.6295455,40.4427,-79.9201
S24480,HWY RT 51 OPP LEWIS RUN RD,Bus,Bus Stop,5.1431819999999995,1.47727275,3.66590925,40.3212,-79.9423
X13580,PIONEER AVE AT NORTHCREST DR,Bus,Bus Stop,5.138636545,5.068182,0.07045454500000001,40.4094,-80.0139
N14660,N CHARLES ST AT SHELTON AVE,Bus,Bus Stop,5.1363633,4.090909,1.0454543,40.4705,-80.0112
S31090,MAIN ST AT BOTSFORD ST,Bus,Bus Stop,5.134090850000001,4.4454545,0.68863635,40.3844,-79.9037
W07830,GRAND AVE AT NEVILLE RECYCLING,Bus,Bus Stop,5.12954545,1.1295454500000002,4.0,40.5071,-80.109
S48670,WHITAKER ST AT MIFFLIN ST FS,Bus,Bus Stop,5.12272705,4.5522725,0.57045455,40.3988,-79.8854
E17395,EAST LIBERTY BLVD AT NEGLEY AVE,Bus,Bus Stop,5.1181815,1.240909,3.8772725,40.4677,-79.9279
S12510,CLIMAX ST AT ESTELLA AVE,Bus,Bus Stop,5.1136362,0.43181820000000004,4.681818,40.42,-80.0004
N12440,BUTLER ST AT ISABELLA ST,Bus,Bus Stop,5.095454545454548,1.8863636363636374,3.2090909090909108,40.4943,-79.9466
S25570,INTERBORO AVE OPP LINDBERG AVE,Bus,Bus Stop,5.0931817,4.5863635,0.5068182,40.3753,-79.9105
S27030,JOSEPHINE ST OPP #3033,Bus,Bus Stop,5.088636500000001,0.4,4.6886365,40.4219,-79.965
X18790,VIRGINIA AVE AT LABELLE ST,Bus,Bus Stop,5.0795456,0.1659091,4.9136365,40.4322,-80.0164
W00660,5TH AVE AT WOOD ST FS,Bus,Bus Stop,5.079545454545453,4.76590909090909,0.3136363636363635,40.5195,-80.1695
E70963,6TH ST AT MARGARETTA ST,Bus,Bus Stop,5.0704545454545435,2.679545454545454,2.39090909090909,40.4042,-79.867
W21610,STEUBEN ST AT LINHART ST,Bus,Bus Stop,5.065909195,1.0818181949999999,3.984091,40.4413,-80.0375
X06990,GRANDVIEW AVE AT PLYMOUTH ST,Bus,Bus Stop,5.065909045,4.9204545,0.145454545,40.4389,-80.0206
S27680,KNOX AVE AT ROCHELLE ST,Bus,Bus Stop,5.065908899999999,0.33409089999999997,4.731818,40.4152,-79.9906
W13300,MCCOY RD AT LENORE DR,Bus,Bus Stop,5.063636363636363,0.4772727272727275,4.586363636363635,40.48,-80.0856
W07970,GRAND AVE OPP PERSHING RD,Bus,Bus Stop,5.061363999999999,3.4681819999999997,1.5931819999999999,40.512,-80.1317
X04332,CEDAR BLVD OPP #1331,Bus,Bus Stop,5.06136365,0.33636365,4.725,40.3626,-80.0638
X04050,CEDAR BLVD AT HOLLYCREST DR,Bus,Bus Stop,5.0590911,4.918182,0.1409091,40.3776,-80.0553
X02320,BOWER HILL RD AT ROCKHILL RD,Bus,Bus Stop,5.05909095,0.77954545,4.2795455,40.367,-80.0861
W13210,MCCOY RD AT DUNN ST,Bus,Bus Stop,5.0590908,1.1431818,3.915909,40.4757,-80.0727
E29890,HOMEWOOD AVE AT PENN AVE,Bus,Bus Stop,5.05909075,1.30227275,3.756818,40.4491,-79.9013
W24160,WASHINGTON AVE AT HOPE ST,Bus,Bus Stop,5.05681825,0.87272725,4.1840910000000004,40.3969,-80.0847
E59390,WOOD ST AT HOLMES ST,Bus,Bus Stop,5.0522727,0.88863635,4.16363635,40.4473,-79.8837
E44430,OLD WILLIAM PENN HWY AT GLENWOOD DR,Bus,Bus Stop,5.05,5.002272727272727,0.04772727272727275,40.4408,-79.745
S05390,BAPTIST RD AT WINDVALE DR FS,Bus,Bus Stop,5.049999775,0.047727275,5.0022725,40.354,-80.0053
S17110,ELIZA ST AT GLENCAIRN ST,Bus,Bus Stop,5.047727,3.081818,1.965909,40.3891,-79.8754
N54505,WILSON AVE AT N CHARLES ST FS,Bus,Bus Stop,5.0454545,3.090909,1.9545455,40.4691,-80.0144
E10160,BRINTON RD AT KINGS RD,Bus,Bus Stop,5.043181818181821,0.17045454545454544,4.872727272727275,40.4276,-79.873
S70367,MONONGAHELA AVE AT 3RD ST,Bus,Bus Stop,5.04318181818182,1.9636363636363652,3.079545454545455,40.3309,-79.8926
E06420,BEELER ST AT OLYMPIA PL,Bus,Bus Stop,5.038636749999999,4.711364,0.32727275,40.4454,-79.9349
E38660,MAPLE AVE AT ALBERT ST,Bus,Bus Stop,5.038636250000001,0.67727275,4.3613635,40.4079,-79.8196
X02440,BOWER HILL RD AT UNION ST,Bus,Bus Stop,5.036363636363635,0.4,4.636363636363635,40.3622,-80.0976
X03270,BROOKLINE BLVD OPP ALTMAR ST,Bus,Bus Stop,5.034091045,0.095454545,4.9386365,40.3911,-80.0005
E51270,SHADY AVE AT AYLESBORO AVE,Bus,Bus Stop,5.0340907999999995,0.6431818,4.390909,40.4401,-79.9196
E70872,GREENSBURG PIKE AT VERSAILLES CASTLE APTS,Bus,Bus Stop,5.020454300000001,4.9022725000000005,0.1181818,40.3886,-79.8217
S70596,BROWNLEE ST AT #60,Bus,Bus Stop,5.0136363636363654,1.11590909090909,3.897727272727275,40.3507,-79.8431
E70162,FRANKSTOWN RD AT EVERNIA DR FS,Bus,Bus Stop,5.009091274999999,0.097727275,4.911364,40.4649,-79.831
S05270,BAPTIST RD AT MCKEE DR,Bus,Bus Stop,5.0045455,5.0045455,0.0,40.3527,-80.0098
N44670,PITTSBURGH ST AT MOYHEND ST,Bus,Bus Stop,5.002272799999999,4.734090999999999,0.2681818,40.5418,-79.7758
S48780,WHITAKER WAY AT MARIGOLD ST,Bus,Bus Stop,5.000000050000001,0.52045455,4.4795455,40.4026,-79.8894
X01900,BOGGS AVE AT KRAMER WAY,Bus,Bus Stop,4.9931818,4.625,0.3681818,40.4246,-80.0089
S39670,PROSPECT RD AT COLTER DR,Bus,Bus Stop,4.99090885,0.21363635,4.7772725000000005,40.363,-79.9712
E33880,LAKETON RD AT COLLINS RD,Bus,Bus Stop,4.988636545,0.120454545,4.868182,40.4534,-79.859
S50190,WORTHINGTON AVE AT 10TH ST FS,Bus,Bus Stop,4.988636363636363,0.193181818181818,4.795454545454545,40.292,-79.8936
S40630,RICHLAND AVE AT BRIDGE STEPS,Bus,Bus Stop,4.988636363636363,2.234090909090909,2.754545454545454,40.348,-79.8913
S70249,CHALFONT ST AT CURTIN AVE,Bus,Bus Stop,4.9772729,4.393182,0.5840909,40.4167,-79.9987
N15180,CHURCH AVE AT RIDGE AVE,Bus,Bus Stop,4.970454545454545,4.970454545454545,0.0,40.5074,-80.0794
E45325,PEEBLES ST OPP GREEN ST,Bus,Bus Stop,4.965909175,0.138636375,4.8272728,40.4389,-79.895
S70511,AGNEW RD AT LAFFERTY DR,Bus,Bus Stop,4.965909090909092,3.979545454545455,0.9863636363636366,40.3982,-79.9693
X20310,WEST LIBERTY AVE OPP CAPE MAY AVE,Bus,Bus Stop,4.96590895,4.2863635,0.67954545,40.4083,-80.0178
E29700,HOMEWOOD AVE AT BENNETT ST,Bus,Bus Stop,4.9568185,3.834091,1.1227274999999999,40.4565,-79.8967
E18480,ELLSWORTH AVE AT COLONIAL PL,Bus,Bus Stop,4.94090915,4.2795455,0.66136365,40.452,-79.9392
E52370,SOUTH AVE AT CENTER ST,Bus,Bus Stop,4.934091,4.015909,0.9181819999999999,40.4412,-79.8831
S13780,CRAWFORD AVE AT STATE ST,Bus,Bus Stop,4.93409090909091,1.4159090909090901,3.51818181818182,40.3637,-79.8496
N31750,MAIN ST OPP 23RD ST,Bus,Bus Stop,4.92954535,1.53181815,3.3977272,40.4934,-79.9144
S44990,ST JOSEPH ST OPP ORMSBY ST,Bus,Bus Stop,4.9250001,0.36590910000000004,4.5590910000000004,40.4127,-79.9774
N21710,FREEPORT RD AT PRINCETON AVE,Bus,Bus Stop,4.924999999999997,4.902272727272725,0.02272727272727275,40.6239,-79.7244
N14320,CENTER AVE OPP #360,Bus,Bus Stop,4.9204545,2.809091,2.1113635,40.517,-80.0222
E44770,OXFORD DR AT RACQUET CLUB APTS,Bus,Bus Stop,4.913636363636362,0.143181818181818,4.770454545454545,40.4313,-79.7876
E52980,STANTON AVE OPP DEMARILLAC HOME,Bus,Bus Stop,4.9068185,0.9727275,3.934091,40.4768,-79.9324
E70822,FOREST AVE AT 6TH ST,Bus,Bus Stop,4.8954545454545455,0.19999999999999998,4.695454545454545,40.387,-79.7576
S27070,JOSEPHINE ST OPP TELESCOPE ST,Bus,Bus Stop,4.8931816,4.7522725,0.1409091,40.4229,-79.9668
E70819,7TH ST EXT OPP TIMBER DR,Bus,Bus Stop,4.890909090909091,0.0,4.890909090909091,40.3883,-79.7484
N38700,NORTH AVE AT MIDDLE ST,Bus,Bus Stop,4.890909000000001,2.2795455000000002,2.6113635000000004,40.4566,-80.0002
W02670,BROADWAY AVE AT 14TH ST,Bus,Bus Stop,4.890909,3.8568179999999996,1.034091,40.475,-80.0808
N40900,PEEBLES RD AT DUNCAN AVE FS,Bus,Bus Stop,4.8886363636363654,0.922727272727273,3.9659090909090926,40.5671,-80.0072
E34300,LARIMER AVE AT DEAN ST,Bus,Bus Stop,4.8863635,1.2068180000000002,3.6795455,40.4691,-79.9058
W10460,ISLAND AVE AT #1308,Bus,Bus Stop,4.881818,4.131818,0.75,40.4818,-80.0696
S27050,JOSEPHINE ST OPP #3237,Bus,Bus Stop,4.868182,1.159091,3.709091,40.419,-79.9647
E51540,SHADY AVE OPP HASTINGS ST,Bus,Bus Stop,4.865909,1.475,3.3909089999999997,40.4458,-79.9212
E04340,ARDMORE BLVD AT 2 PARKWAY CENTER EAST,Bus,Bus Stop,4.863636363636364,0.8159090909090907,4.047727272727274,40.4211,-79.8524
E51000,SAVANNAH AVE AT OVERTON ST,Bus,Bus Stop,4.863636345,0.19318180000000001,4.670454545,40.4351,-79.8932
S40050,PROVOST RD OPP FRANK ST,Bus,Bus Stop,4.859090699999999,0.6318182,4.2272725,40.3684,-79.9942
E56220,WARDSONS ST AT WILTSIE ST,Bus,Bus Stop,4.8568184,1.1590909,3.6977275,40.4725,-79.8967
S23965,HWY RT 51 OPP PRIMANTI BROTHERS,Bus,Bus Stop,4.850000099999999,0.49090910000000004,4.359090999999999,40.3239,-79.9433
E70264,BRADDOCK AVE AT ELECTRIC AVE,Bus,Bus Stop,4.831818445,2.65454555,2.1772728949999998,40.4007,-79.8334
E04670,BAKER ST AT GALLATIN ST,Bus,Bus Stop,4.831817775,4.0090905,0.822727275,40.4875,-79.9217
E44800,PALLAS ST AT WOLFE AVE,Bus,Bus Stop,4.8295452999999995,4.0113635,0.8181818,40.4058,-79.8453
E21460,FRANKSTOWN RD AT TREMONT ST,Bus,Bus Stop,4.8272728,3.909091,0.9181817999999999,40.4624,-79.858
E29820,HOMEWOOD AVE AT KELLY ST,Bus,Bus Stop,4.827272499999999,2.2659089999999997,2.5613635,40.4554,-79.897
W22440,STEUBENVILLE PIKE AT OMEGA DR,Bus,Bus Stop,4.8159095,3.818182,0.9977275,40.4489,-80.1227
W07620,GRAND AVE AT 4TH ST,Bus,Bus Stop,4.813636000000001,2.031818,2.7818180000000003,40.5109,-80.1275
W23102,SUMMIT PARK DR AT #35,Bus,Bus Stop,4.8,0.0,4.8,40.4505,-80.1902
N35820,MT ROYAL BLVD AT GENESSEE AVE,Bus,Bus Stop,4.799999895,1.184090895,3.615909,40.5175,-79.959
S48830,WHITAKER WAY AT MARIGOLD ST,Bus,Bus Stop,4.7977273,4.6045455,0.19318180000000001,40.4024,-79.8891
E10060,BRINTON RD OPP BRINTON MANOR DR FS,Bus,Bus Stop,4.784090909090905,3.5272727272727247,1.25681818181818,40.4114,-79.8521
X20170,WEST LIBERTY AVE AT PAULINE AVE,Bus,Bus Stop,4.784090750000001,0.54772725,4.2363635,40.4019,-80.0221
E30260,HUTCHINSON ST AT SAVANNAH AVE,Bus,Bus Stop,4.777272727272729,4.709090909090911,0.0681818181818182,40.4336,-79.8922
S70535,CHURCHVIEW AVE AT WAIDLER AVE FS,Bus,Bus Stop,4.774999999999998,0.5477272727272725,4.227272727272725,40.3849,-79.9737
S13440,CONNISTON AVE AT BANDI AVE,Bus,Bus Stop,4.772727,3.5772725000000003,1.1954544999999999,40.4093,-79.9994
W04330,CHARTIERS AVE EXT OPP STATE ST,Bus,Bus Stop,4.770454545454546,4.079545454545455,0.6909090909090909,40.4667,-80.0798
S40000,PROVOST RD OPP SHADOW DR,Bus,Bus Stop,4.77045435,0.7636363500000001,4.006818,40.3708,-79.9946
S70491,CHURCHVIEW AVE AT CATHELL RD,Bus,Bus Stop,4.768181818181817,4.395454545454545,0.37272727272727246,40.3847,-79.9495
W21500,STEUBEN ST AT DUNCAN AVE,Bus,Bus Stop,4.75909090909091,1.486363636363635,3.272727272727275,40.4395,-80.0759
S31770,MAIN ST OPP LESLIE ST,Bus,Bus Stop,4.7545455,0.25,4.5045455,40.3796,-79.9073
N21245,FREEPORT RD AT HARVARD AVE FS,Bus,Bus Stop,4.740909090909092,4.66818181818182,0.07272727272727275,40.6259,-79.7223
W70109,NOBLE AVE AT E CRAFTON AVE,Bus,Bus Stop,4.7363636363636346,2.404545454545455,2.33181818181818,40.436,-80.0646
E15060,COLUMBO ST AT PACIFIC AVE,Bus,Bus Stop,4.7363634999999995,2.9795455,1.756818,40.4691,-79.939
S46190,VERSAILLES AVE AT FREEMONT ST,Bus,Bus Stop,4.731818181818181,4.186363636363635,0.5454545454545455,40.3453,-79.842
E54170,TERRACE ST OPP DUNSSEITH ST,Bus,Bus Stop,4.725,1.37045455,3.35454545,40.4404,-79.965
E58650,WM PENN HWY AT NOTTINGHAM DR,Bus,Bus Stop,4.713636363636361,0.5227272727272727,4.190909090909089,40.4382,-79.8307
X08900,KATHLEEN ST AT BELTZHOOVER AVE,Bus,Bus Stop,4.71363615,4.4772725,0.23636365,40.4257,-79.9976
N35950,MT ROYAL BLVD AT KENNETH DR,Bus,Bus Stop,4.709091150000001,0.7795454500000001,3.9295457000000003,40.5109,-79.957
E42890,OAKWOOD ST AT INGLENOOK PL FS,Bus,Bus Stop,4.704545550000001,0.8318182,3.8727273500000003,40.4507,-79.8845
W70136,STEUBEN ST OPP FOSTER AVE,Bus,Bus Stop,4.704545454545455,3.35,1.354545454545455,40.4384,-80.0697
S49470,W 5TH AVE OPP RAMP #1,Bus,Bus Stop,4.695454545454548,1.7977272727272735,2.8977272727272743,40.35,-79.8717
E25364,GREENFIELD AVE OPP BEEHNER RD,Bus,Bus Stop,4.6954545,2.95,1.7454545,40.4243,-79.9341
N39780,OHIO RIVER BLVD AT HAZELWOOD AVE,Bus,Bus Stop,4.672727272727272,0.9363636363636365,3.736363636363635,40.5122,-80.1037
S70302,CLYDE AVE AT PORT PERRY RD,Bus,Bus Stop,4.6704545,2.7022725,1.968182,40.3859,-79.8328
N22120,FREEPORT RD OPP 2ND ST FS,Bus,Bus Stop,4.665909090909094,0.19090909090909097,4.475000000000002,40.5749,-79.7777
S09480,BROWNSVILLE RD OPP HOLLOW HAVEN DR,Bus,Bus Stop,4.654545454545454,4.3,0.3545454545454545,40.3436,-79.9851
N08260,BEAVER RD AT CHESTNUT RD,Bus,Bus Stop,4.6545454545454525,0.393181818181818,4.261363636363635,40.5502,-80.1903
E28610,HAZELWOOD AVE AT NOTLEY ST,Bus,Bus Stop,4.65454525,4.00681795,0.6477273,40.4198,-79.9315
N70010,KENDALL AVE AT CEDAR AVE,Bus,Bus Stop,4.643181818181817,4.211363636363635,0.431818181818182,40.4867,-80.0536
X70030,VILLAGE DR AT SOUTH HILLS VILLAGE PARKING GA,Bus,Bus Stop,4.634090909090907,4.327272727272725,0.306818181818182,40.34,-80.0536
E14510,COAL ST OPP WOODWORTH ST,Bus,Bus Stop,4.6295455500000005,4.0590910000000004,0.57045455,40.4374,-79.8818
E29980,HOMEWOOD AVE AT THOMAS BLVD,Bus,Bus Stop,4.62727275,0.7227272499999999,3.9045455000000002,40.4509,-79.9001
W14220,MIDDLETOWN RD AT BERRY ST,Bus,Bus Stop,4.625000045,0.145454545,4.4795455,40.4485,-80.0627
X15250,REAMER ST AT #1555,Bus,Bus Stop,4.622727499999999,4.572727499999999,0.05,40.3919,-80.0026
E26570,HAMILTON AVE AT LASCHALL ST,Bus,Bus Stop,4.62272735,3.909091,0.71363635,40.4567,-79.9063
S70336,MONONGAHELA AVE AT 3RD ST,Bus,Bus Stop,4.6227272727272695,3.111363636363635,1.511363636363635,40.3307,-79.8925
S05560,BAUSMAN ST AT ROMEYN ST,Bus,Bus Stop,4.620455,3.6977275,0.9227275,40.4143,-79.9922
S47730,PALM GARDEN RAMP AT WARRINGTON AVE,Bus,Bus Stop,4.62045445,2.8613635000000004,1.75909095,40.4169,-80.0113
N36080,MT ROYAL BLVD AT PENNVIEW AVE,Bus,Bus Stop,4.6181817999999994,3.8499999999999996,0.7681818,40.5123,-79.958
E10130,BRINTON RD AT FAIRFAX RD,Bus,Bus Stop,4.613636363636365,3.16590909090909,1.447727272727275,40.4216,-79.8613
N33705,METROPOLITAN ST AT COLUMBUS AVE,Bus,Bus Stop,4.599999775,0.047727275,4.5522725,40.4568,-80.0317
X00750,BANKSVILLE RD AT WENZELL AVE,Bus,Bus Stop,4.5931815,1.465909,3.1272725,40.4068,-80.0342
X00600,BANKSVILLE RD AT COAST AVE,Bus,Bus Stop,4.5909094999999995,3.0931819999999997,1.4977274999999999,40.4092,-80.032
S39990,PROVOST RD AT W LAWNVIEW AVE,Bus,Bus Stop,4.5909089,0.4840909,4.106818,40.363,-79.9923
S70460,CAMP HOLLOW RD AT LEBANON CHURCH RD FS,Bus,Bus Stop,4.588636599999999,2.6840911499999995,1.9045454499999999,40.3496,-79.9272
S70301,PORT PERRY RD AT CLYDE AVE,Bus,Bus Stop,4.586364,1.8727275,2.7136365,40.3859,-79.8325
N22380,FREEPORT RD OPP GLASSMERE GAS STATION,Bus,Bus Stop,4.584091095000001,0.31818182,4.265909275,40.5602,-79.7726
S01010,SECOND AVE AT VESPUCIUS ST,Bus,Bus Stop,4.57500015,0.8113636500000001,3.7636365,40.4017,-79.9407
N21280,FREEPORT RD AT HUMBOLDT ST,Bus,Bus Stop,4.5749999999999975,4.252272727272725,0.32272727272727275,40.4963,-79.8571
E70747,MINGO ST AT VANN RD,Bus,Bus Stop,4.572727,2.081818,2.490909,40.4651,-79.8928
E39230,MILLER AVE AT HARRIET ST,Bus,Bus Stop,4.570454550000001,0.7250000000000001,3.8454545500000004,40.4155,-79.8832
E33990,LAKETON RD AT LINDBERG AVE,Bus,Bus Stop,4.5636365,4.5386365,0.025,40.4585,-79.8463
W20290,CHARTIERS VALLEY SC AT TERMINUS,Bus,Bus Stop,4.56363636363636,2.711363636363635,1.8522727272727249,40.3677,-80.1106
E49310,ROSE ST AT KIRKPATRICK ST,Bus,Bus Stop,4.552273,1.1545455,3.3977275,40.4444,-79.9757
W24150,WASHINGTON AVE AT HOPE ST,Bus,Bus Stop,4.5522725,2.581818,1.9704545,40.3966,-80.0849
E17760,EDGEWOOD TOWNE CENTRE AT DOLLAR TREE,Bus,Bus Stop,4.545454545454541,1.845454545454543,2.699999999999998,40.4274,-79.8864
W70033,MCKEE RD AT CCAC WEST,Bus,Bus Stop,4.5386365,0.1,4.4386365,40.4373,-80.1916
E15510,COREY AVE AT MARGARETTA ST,Bus,Bus Stop,4.538636363636364,3.679545454545455,0.859090909090909,40.4049,-79.8677
E11870,BUTLER ST AT 62ND ST BRIDGE FS,Bus,Bus Stop,4.5363634,2.8454543,1.6909091,40.4881,-79.9382
S70537,CHURCHVIEW AVE AT MELLOTT RD NS,Bus,Bus Stop,4.529545454545455,0.3795454545454545,4.15,40.3858,-79.9675
W01885,BERRY ST AT W PROSPECT AVE,Bus,Bus Stop,4.525,1.20681818181818,3.31818181818182,40.4472,-80.0691
N12480,BUTLER ST AT MAPLEWOOD ST,Bus,Bus Stop,4.524999999999996,2.497727272727271,2.027272727272725,40.4991,-79.9439
E02930,AIKEN AVE AT PENN AVE,Bus,Bus Stop,4.522727499999999,0.55,3.9727274999999995,40.4648,-79.9364
S70135,MAIN ST AT 22ND AVE,Bus,Bus Stop,4.51590925,3.643182,0.87272725,40.3977,-79.9016
E70037,ALLEGHENY AVE OPP ARCHIE ST,Bus,Bus Stop,4.509091,0.225,4.284091,40.5237,-79.842
N13730,CENTER AVE AT CHALFONTE AVE,Bus,Bus Stop,4.50681815,3.2454545,1.26136365,40.5202,-80.0379
S02180,5TH ST AT CRAWFORD AVE,Bus,Bus Stop,4.504545454545455,1.7477272727272748,2.75681818181818,40.3647,-79.8471
E19010,FIESTA DR OPP SUN VALLEY DR,Bus,Bus Stop,4.495455,1.9727275,2.5227275000000002,40.4715,-79.7076
E58890,WM PENN HWY AT VALUE CITY,Bus,Bus Stop,4.49545455,3.725,0.77045455,40.4366,-79.783
E48370,REBECCA AVE AT ELLA ST,Bus,Bus Stop,4.4931818,0.6068182,3.8863636,40.4376,-79.8779
E08050,BLACK ST AT CHISLETT ST,Bus,Bus Stop,4.4886363000000005,1.3681818000000001,3.1204545,40.4697,-79.93
N22270,FREEPORT RD OPP CRAWFORD RUN,Bus,Bus Stop,4.486363636363634,0.4409090909090908,4.045454545454543,40.5824,-79.7783
S44820,ST CLAIR AVE AT STATE ST,Bus,Bus Stop,4.484090909090907,1.6863636363636365,2.79772727272727,40.2924,-79.8756
N13260,CALIFORNIA AVE OPP WINHURST ST,Bus,Bus Stop,4.4795455,2.881818,1.5977275,40.4872,-80.045
S70166,WALNUT ST AT 9TH AVE,Bus,Bus Stop,4.47954545454545,2.377272727272725,2.102272727272725,40.3473,-79.8642
N20090,FOREST AVE AT KLEMONT AVE,Bus,Bus Stop,4.47727295,3.5727275,0.9045454500000001,40.5067,-80.0512
N06680,BABCOCK BLVD OPP PERRYMONT RD,Bus,Bus Stop,4.477272727272726,0.165909090909091,4.311363636363635,40.5582,-80.023
E58590,WM PENN HWY AT PEP BOYS,Bus,Bus Stop,4.477272525,4.40454525,0.07272727500000001,40.4307,-79.8057
E70958,EAST PITTSBURGH MCKEESPORT BLV OPP #920,Bus,Bus Stop,4.4681815,2.340909,2.1272725,40.3816,-79.8283
N12060,BROWNS LN AT ROSS PARK DR,Bus,Bus Stop,4.463636195,2.9318180450000004,1.53181815,40.5454,-80.0193
E57680,WILKINS AVE AT WOODLAND RD,Bus,Bus Stop,4.46136395,1.7204546,2.74090935,40.4439,-79.922
X18560,VANADIUM RD AT ELMBROOK LN,Bus,Bus Stop,4.461363850000001,4.2727275,0.18863635,40.3694,-80.0857
X08050,HABERMAN AVE AT BAILEY AVE,Bus,Bus Stop,4.4613638,0.4931818,3.968182,40.4269,-80.0026
S14940,EASTMAN ST AT GREENSPRINGS AVE,Bus,Bus Stop,4.4545454499999995,1.20454545,3.25,40.3836,-79.8779
N28060,ITIN ST AT HIGH ST,Bus,Bus Stop,4.4522728,0.2931818,4.159091,40.4597,-79.9947
X08111,HIGHLAND RD AT OXFORD DR FS,Bus,Bus Stop,4.445454545454547,3.988636363636365,0.456818181818182,40.349,-80.0506
S70643,PROSPECT RD AT HOLLYROOD RD FS,Bus,Bus Stop,4.44090909090909,0.225,4.21590909090909,40.3627,-79.9636
E70445,UNIVERSAL RD OPP ANTHON DR,Bus,Bus Stop,4.4386365,0.0,4.4386365,40.4639,-79.8009
E32292,JAMES ST AT CAROTHERS DR,Bus,Bus Stop,4.438636499999999,2.9795455,1.459091,40.4131,-79.8178
N21925,FREEPORT RD AT SPRING HILL RD,Bus,Bus Stop,4.434090909090911,0.090909090909091,4.3431818181818205,40.6265,-79.7213
N22430,FREEPORT RD OPP JEFFERSON AVE,Bus,Bus Stop,4.43409090909091,1.1250000000000004,3.3090909090909104,40.5405,-79.8135
E15030,COLUMBO ST AT ATLANTIC AVE,Bus,Bus Stop,4.43409075,1.05227275,3.381818,40.4689,-79.9381
E70749,TILDEN ST OPP #7182,Bus,Bus Stop,4.4318182,1.7068181999999998,2.725,40.4639,-79.8937
S50180,WORTHINGTON AVE AT 10TH ST,Bus,Bus Stop,4.425,4.179545454545455,0.24545454545454545,40.292,-79.8936
S13770,CRAWFORD AVE AT PIRL ST,Bus,Bus Stop,4.425,3.386363636363635,1.038636363636365,40.3639,-79.8488
S13790,CRAWFORD AVE AT STATE ST,Bus,Bus Stop,4.418181818181814,2.2659090909090898,2.152272727272725,40.3636,-79.8497
E55860,WADSWORTH ST AT ROBINSON ST FS,Bus,Bus Stop,4.4136365,1.534091,2.8795455,40.4433,-79.9664
S12460,CLIMAX ST AT CURTIN AVE,Bus,Bus Stop,4.41363625,3.8363635,0.57727275,40.4199,-79.999
N71268,GAMMA DR AT ZETA DR NS,Bus,Bus Stop,4.4113638,3.9318183,0.4795455,40.5006,-79.8648
E39050,MIDDLE AVE AT 1ST ST,Bus,Bus Stop,4.40909075,3.556818,0.85227275,40.3982,-79.8125
N22005,FREEPORT RD AT VIRGINIA AVE FS,Bus,Bus Stop,4.4068181818181795,3.927272727272725,0.4795454545454548,40.4885,-79.8996
N22000,FREEPORT RD AT VALLEY MOTEL,Bus,Bus Stop,4.404545454545451,2.8272727272727254,1.577272727272725,40.5354,-79.8426
S34150,MIFFLIN RD AT MCBRIDE AVE NS,Bus,Bus Stop,4.40454545,3.7477272499999996,0.6568182,40.3692,-79.9103
N71321,CENTER AVE AT WALLISTON AVE,Bus,Bus Stop,4.4,4.4,0.0,40.513,-80.103
E55045,UNIVERSAL RD AT GREENWAY DR,Bus,Bus Stop,4.3977275,4.3977275,0.0,40.4623,-79.8148
X70029,SOUTHERN AVE AT COWAN ST,Bus,Bus Stop,4.3977274,3.9636365000000002,0.43409090000000006,40.4276,-80.0089
E17367,EAST LIBERTY BLVD AT EUCLID AVE,Bus,Bus Stop,4.390909000000001,3.3136365000000003,1.0772724999999999,40.4667,-79.9255
E40200,SALTSBURG RD OPP MONROEVILLE TRESTLE RD,Bus,Bus Stop,4.388636774999999,0.447727275,3.9409094999999996,40.4765,-79.7607
S48572,WEYMAN RD AT MCROBERTS RD,Bus,Bus Stop,4.384091000000001,0.15,4.234091,40.3704,-79.9977
S39665,PROSPECT RD AT BERYL DR FS,Bus,Bus Stop,4.381818181818184,4.313636363636365,0.068181818181818,40.3614,-79.9622
W23100,SUMMIT PARK DR OPP PARK LANE #2,Bus,Bus Stop,4.3795455,4.0045455,0.375,40.4551,-80.192
X07080,GREENLEAF ST AT FINGAL ST,Bus,Bus Stop,4.3795452500000005,0.50227275,3.8772725,40.439,-80.0272
N24260,GRANT AVE AT WOODLAWN AVE,Bus,Bus Stop,4.370454545454543,0.7636363636363636,3.6068181818181797,40.4889,-80.0524
W00510,5TH AVE AT CHESTNUT ST FS,Bus,Bus Stop,4.3636363636363615,4.052272727272725,0.3113636363636365,40.5156,-80.1594
N24002,GRANT AVE AT LEHR AVE FS,Bus,Bus Stop,4.359090909090908,4.26590909090909,0.0931818181818182,40.5068,-79.951
S04410,ARLINGTON AVE AT FREDERICK ST,Bus,Bus Stop,4.3500002,3.6431820000000004,0.7068182000000001,40.4176,-79.9828
E50520,SALTSBURG RD OPP LEECHBURG RD,Bus,Bus Stop,4.35,1.0545455000000001,3.2954545,40.4849,-79.818
E02010,FIFTH AVE OPP #2410 (ACTA PROGRAM),Bus,Bus Stop,4.349999965,2.911363645,1.4386363199999999,40.4369,-79.9701
N14040,CENTER AVE AT PERRYSVILLE RD,Bus,Bus Stop,4.343182,1.7477274999999999,2.5954544999999998,40.5098,-80.0283
W14210,MIDDLETOWN RD AT BERRY ST,Bus,Bus Stop,4.3386364,3.6795455,0.6590909,40.4486,-80.063
N20950,FREEPORT RD AT CRAWFORD RUN RD,Bus,Bus Stop,4.336363636363639,3.9250000000000025,0.41136363636363604,40.5825,-79.7784
E04690,BAKER ST OPP GALLATIN ST,Bus,Bus Stop,4.336363599999999,0.67727275,3.6590908499999997,40.4875,-79.9219
E32695,JEFFERSON RD AT UNIVERSAL RD,Bus,Bus Stop,4.33409075,0.37272724999999995,3.9613635,40.4654,-79.8245
S39890,PROSPECT RD OPP WAINWRIGHT AVE,Bus,Bus Stop,4.32954565,4.093182,0.23636365,40.3623,-79.9784
E70157,SWISSVALE AVE AT COAL ST,Bus,Bus Stop,4.329545454545457,0.981818181818182,3.347727272727275,40.4349,-79.8828
S01260,SECOND AVE OPP WINSTON ST,Bus,Bus Stop,4.3295454499999995,0.55454545,3.775,40.4046,-79.9426
E02980,AIRBRAKE AVE OPP 5TH ST,Bus,Bus Stop,4.329545250000001,0.27045454999999996,4.0590907000000005,40.401,-79.8179
N71325,CENTER AVE AT LOCUST AVE,Bus,Bus Stop,4.327272727272727,4.304545454545455,0.02272727272727275,40.5133,-80.0955
S30580,LYSLE BLVD AT 5TH AVE,Bus,Bus Stop,4.322727272727274,2.9772727272727293,1.345454545454545,40.3527,-79.8483
S34170,MIFFLIN RD AT MOHRBACH ST FS,Bus,Bus Stop,4.320454895,3.7613640000000004,0.559090895,40.3669,-79.9099
N45830,RIALTO ST OPP TOURS ST,Bus,Bus Stop,4.3181820449999995,4.2477275,0.07045454500000001,40.4666,-79.9824
S42410,SOUTH BUSWAY AT CENTRAL SHELTER,Busway,Busway Stop,4.318181845,1.3636364,2.954545445,40.3904,-79.9982
E70307,MCCLURE AVE AT COMMERCIAL ST,Bus,Bus Stop,4.315909175,1.7636364000000002,2.552272775,40.42,-79.8976
N28080,ITIN ST OPP DIANA ST,Bus,Bus Stop,4.309091,4.259091,0.05,40.4621,-79.9919
S13690,CRAWFORD AVE AT CATHERINE ST,Bus,Bus Stop,4.304545454545455,2.3318181818181802,1.9727272727272749,40.3642,-79.8479
X17690,SOUTHERN AVE AT OTTAWA ST STEPS,Bus,Bus Stop,4.302273,2.9477275,1.3545455,40.4238,-80.0111
E70322,COAL HOLLOW RD OPP CLIFF DR,Bus,Bus Stop,4.302272775,4.2545455,0.047727275,40.4636,-79.8448
N14200,CENTER AVE AT TOWNSHIP RD,Bus,Bus Stop,4.29545445,0.62954545,3.665909,40.5189,-80.0252
X05870,FREEDOM AVE AT CREEDMORE AVE FS,Bus,Bus Stop,4.295454449999999,0.67954545,3.615909,40.389,-80.0117
S70529,CUSTER AVE OPP SPENCER AVE,Bus,Bus Stop,4.2909092499999995,0.40227274999999996,3.8886364999999996,40.3931,-79.9762
E56995,WESTINGHOUSE AVE AT COMMERCE ST,Bus,Bus Stop,4.2863635,1.356818,2.9295455,40.3927,-79.8098
E10340,BRINTON RD AT YOST BLVD,Bus,Bus Stop,4.281818181818185,2.113636363636365,2.1681818181818198,40.4126,-79.8561
X00620,BANKSVILLE RD AT CRANE AVE FS,Bus,Bus Stop,4.281818045,3.1113635,1.170454545,40.4161,-80.0299
E48910,ROBINSON ST OPP ELLERS ST,Bus,Bus Stop,4.274999800000001,0.8681818000000001,3.4068180000000003,40.4416,-79.9656
N18840,EVERGREEN AVE AT JOHN ST,Bus,Bus Stop,4.272727272727271,3.63181818181818,0.640909090909091,40.4872,-79.9727
W07590,GRAND AVE AT 2ND ST,Bus,Bus Stop,4.2704545,2.3772725,1.893182,40.5104,-80.126
E14135,CHASKE ST AT #8168,Bus,Bus Stop,4.2681817749999995,3.05,1.218181775,40.4747,-79.8669
E32415,JANCEY ST AT #1842,Bus,Bus Stop,4.26818175,0.22727275,4.040909,40.4871,-79.9252
N08190,BEAVER ST AT BOUNDARY ST,Bus,Bus Stop,4.26590915,3.6045455,0.66136365,40.535,-80.1754
E18040,ELECTRIC AVE OPP NORTH AVE,Bus,Bus Stop,4.26136345,1.0931818,3.16818165,40.4056,-79.8394
S39930,PROVOST RD AT BARLIND DR,Bus,Bus Stop,4.2477272,0.45681820000000006,3.790909,40.364,-79.9922
E44480,OLD WILLIAM PENN HWY OPP SCOTT DR,Bus,Bus Stop,4.245454545454547,4.145454545454547,0.1,40.4415,-79.7514
E30545,HWY RT 286 OPP PINE VALLEY DR,Bus,Bus Stop,4.2386365,0.0,4.2386365,40.455,-79.7108
X70056,GRANDVIEW AVE OPP HALLOCK ST,Bus,Bus Stop,4.2340911,0.6409091,3.5931819999999997,40.4373,-80.0172
N20840,FREEPORT RD AT CABLE AVE,Bus,Bus Stop,4.229545454545455,3.272727272727275,0.95681818181818,40.4947,-79.8594
E48500,REYNOLDS ST AT LANG AVE,Bus,Bus Stop,4.227273,1.5386365,2.6886365,40.4472,-79.9056
N08250,BEAVER RD AT CHESTNUT RD,Bus,Bus Stop,4.222727272727271,3.8318181818181802,0.390909090909091,40.5503,-80.1905
E27400,HAWKINS AVE AT 2ND ST,Bus,Bus Stop,4.2181816,0.58863635,3.62954525,40.4119,-79.8699
W03990,CHARTIERS AVE OPP OETTING ST,Bus,Bus Stop,4.2113640000000006,3.2931820000000003,0.9181819999999999,40.4579,-80.0675
X02370,BOWER HILL RD AT SALEM DR,Bus,Bus Stop,4.209091099999999,4.093182,0.11590910000000001,40.3814,-80.0591
E70035,ALLEGHENY AVE OPP ANN ST,Bus,Bus Stop,4.204545250000001,0.30227275,3.9022725000000005,40.5202,-79.8428
E70038,ALLEGHENY AVE AT HULTON RD NS (PORTE ST STEPS),Bus,Bus Stop,4.2022728,0.1681818,4.034091,40.5248,-79.8414
N13770,CENTER AVE OPP COLUMBIA AVE FS,Bus,Bus Stop,4.2022728,3.3590910000000003,0.8431818,40.5202,-80.0423
S13760,CRAWFORD AVE AT PIRL ST,Bus,Bus Stop,4.2,1.547727272727275,2.652272727272725,40.364,-79.8486
E25370,GREENFIELD AVE AT HOOSAC ST FS,Bus,Bus Stop,4.1977271499999995,3.6363635,0.56136365,40.4259,-79.9412
N35830,MT ROYAL BLVD AT GLENN AVE,Bus,Bus Stop,4.1954546,0.2659091,3.9295454999999997,40.5214,-79.9596
E07000,BENTLEY DR AT NIGH WAY,Bus,Bus Stop,4.1954545,2.690909,1.5045455,40.4406,-79.9782
N71329,CHURCH AVE AT DALZELL AVE,Bus,Bus Stop,4.19318181818182,4.19318181818182,0.0,40.5091,-80.0851
E34310,LARIMER AVE OPP DEARY ST,Bus,Bus Stop,4.1909091,3.375,0.8159091,40.4679,-79.9071
N40920,PEEBLES RD AT DUNCAN AVE NS,Bus,Bus Stop,4.186363636363638,3.122727272727273,1.063636363636365,40.5672,-80.007
W20170,E RAILROAD ST AT 3RD ST,Bus,Bus Stop,4.184090909090912,4.159090909090912,0.025,40.3903,-80.088
N14250,CENTER AVE AT WALLISTON AVE,Bus,Bus Stop,4.18409090909091,0.0,4.18409090909091,40.5131,-80.1028
E44740,OXFORD DR AT PRIMARY CARE CENTER,Bus,Bus Stop,4.18409090909091,3.963636363636365,0.22045454545454543,40.4314,-79.7881
S25490,INTERBORO AVE AT LEASIDE DR #2,Bus,Bus Stop,4.1772725,4.1022725,0.075,40.372,-79.9123
W13220,MCCOY RD AT EWING RD FS,Bus,Bus Stop,4.175000000000001,0.7204545454545455,3.454545454545455,40.4805,-80.0895
W22460,STEUBENVILLE PIKE OPP MCCORMICK RD,Bus,Bus Stop,4.17272735,0.36363635,3.809091,40.4494,-80.1248
N70142,ROSS PARK MALL,Bus,Bus Stop,4.17045465,1.4909089999999998,2.67954565,40.5452,-80.0062
E38110,MAIN ST AT RIDGE AVE,Bus,Bus Stop,4.17045454545455,2.747727272727275,1.422727272727275,40.3984,-79.841
E29850,HOMEWOOD AVE AT MONTICELLO ST,Bus,Bus Stop,4.1704545,2.4272725,1.743182,40.4595,-79.8955
E07800,BIGELOW BLVD OPP HARDING WAY,Bus,Bus Stop,4.165909000000001,1.7590910000000002,2.4068180000000003,40.4566,-79.9635
S06480,BLOSSOM RD AT LAUREL DR FS,Bus,Bus Stop,4.163636363636365,4.163636363636365,0.0,40.3436,-79.9944
E70762,LARMIER AVE AT WINSLOW ST,Bus,Bus Stop,4.1636363,0.7931817999999999,3.3704545,40.4657,-79.9135
N52605,TROY HILL RD AT #1034,Bus,Bus Stop,4.163636,1.2113635,2.9522725,40.4562,-79.9923
S50220,WORTHINGTON AVE AT 12TH ST,Bus,Bus Stop,4.161363636363638,0.17272727272727273,3.988636363636365,40.2929,-79.8979
E10490,BRINTON RD OPP #1001,Bus,Bus Stop,4.159090909090908,0.7386363636363635,3.420454545454545,40.429,-79.8743
N21100,FREEPORT RD AT ORIGINAL MATTRESS FACTORY,Bus,Bus Stop,4.1568183,2.7068183,1.45,40.492,-79.9091
N08360,BEAVER ST AT GRIMES ST,Bus,Bus Stop,4.156818,1.4568180000000002,2.7,40.5423,-80.1832
S28380,LEBANON CHURCH RD OPP PLEASANT ST,Bus,Bus Stop,4.1499999999999995,0.19545454545454544,3.954545454545454,40.3537,-79.9014
E14136,CHASKE ST AT WESTMINSTER DR,Bus,Bus Stop,4.14772705,3.31363615,0.8340909000000001,40.4739,-79.8639
S12790,ZUPANCIC DR AT HURL LN,Bus,Bus Stop,4.1454545,2.334091,1.8113635000000001,40.321,-79.9833
X17732,SOUTHERN AVE OPP GRAY ST,Bus,Bus Stop,4.13636365,0.48636365,3.65,40.4267,-80.009
N12580,BUTLER ST OPP MAPLEWOOD ST,Bus,Bus Stop,4.134090909090911,1.1340909090909104,3.0,40.4988,-79.9438
E37240,LONG RD AT GARDENIA DR,Bus,Bus Stop,4.131818,0.0,4.131818,40.4641,-79.833
X06660,GILKESON RD AT CEDAR BLVD,Bus,Bus Stop,4.1295456,3.7886365,0.3409091,40.3615,-80.0636
N71270,ALPHA DR OPP BETA DR FS,Bus,Bus Stop,4.1295455,4.1295455,0.0,40.4951,-79.8678
S70612,B DR AT #532 (SHED),Bus,Bus Stop,4.127273,2.3545455,1.7727275,40.3429,-79.9122
E43870,OLD WILLIAM PENN HWY AT SCOTT DR,Bus,Bus Stop,4.127272727272729,0.025,4.102272727272728,40.4414,-79.7517
E04900,BAUM BLVD AT MELWOOD AVE FS,Bus,Bus Stop,4.1181817,1.6318181999999999,2.4863635000000004,40.454,-79.9514
E34610,LEECHBURG RD AT BARCKHOFF ST FS,Bus,Bus Stop,4.118181450000001,3.6636360000000003,0.45454545,40.4938,-79.7893
S02160,5TH ST AT COCHRAN ST,Bus,Bus Stop,4.1113636363636346,1.8045454545454551,2.30681818181818,40.3667,-79.848
E48642,ROBERTS ST AT WYLIE AVE,Bus,Bus Stop,4.100000199999999,1.2568181999999999,2.8431819999999997,40.4437,-79.9844
S05235,BALDWIN RD AT GLASS RUN RD,Bus,Bus Stop,4.1000001,3.909091,0.1909091,40.3893,-79.9326
N40740,PARKER ST AT HILL ST,Bus,Bus Stop,4.1,1.6681819999999998,2.431818,40.4944,-79.9566
E18510,ELLSWORTH AVE AT ELLSWORTH PL,Bus,Bus Stop,4.0999998,0.9181817999999999,3.181818,40.452,-79.9389
E70945,HILLCREST ST OPP WICKLOW ST,Bus,Bus Stop,4.097727,0.9772725,3.1204545,40.4678,-79.9357
E59540,WOOD ST OPP HOLMES ST,Bus,Bus Stop,4.08863595,2.8590904999999998,1.22954545,40.447,-79.8835
N52325,THOMPSON RUN RD AT WOODBRIDGE DR,Bus,Bus Stop,4.086363775000001,0.022727275,4.0636365,40.5183,-79.9929
N50240,SOUTH SIDE AVE AT MATHIAS ST,Bus,Bus Stop,4.0840907,3.8772725,0.2068182,40.4701,-79.9958
N04360,9TH AVE AT PENN ST FS,Bus,Bus Stop,4.079545454545455,4.079545454545455,0.0,40.61,-79.7404
S45480,TEXAS AVE AT MIFFLIN ST,Bus,Bus Stop,4.079545275,1.554545275,2.5250000000000004,40.366,-79.8578
S10600,CAMFIELD ST AT CALLE ST,Bus,Bus Stop,4.0704545,0.675,3.3954545,40.4079,-79.9983
E09120,BRADDOCK AVE OPP ELECTRIC AVE,Bus,Bus Stop,4.0681819,2.5250001,1.5431818,40.4004,-79.8336
N06565,BABCOCK BLVD AT MCCANDLESS CROSSING,Bus,Bus Stop,4.063636363636363,3.195454545454545,0.868181818181818,40.5694,-80.0164
X04260,CEDAR BLVD OPP LONGRIDGE DR,Bus,Bus Stop,4.06136375,3.834091,0.22727275,40.3786,-80.0544
S21410,GREENSPRINGS AVE AT HAZEL ST,Bus,Bus Stop,4.0613635,4.0613635,0.0,40.3871,-79.8806
N49960,SIRIUS ST AT #3517,Bus,Bus Stop,4.05909117,3.5522730000000005,0.5068181700000001,40.4849,-80.0057
E52630,STANTON AVE AT DEMARILLAC HOME,Bus,Bus Stop,4.0590910000000004,3.184091,0.875,40.4769,-79.9326
N17870,EAST ST OPP MILROY ST,Bus,Bus Stop,4.05909075,3.7113635,0.34772725,40.4768,-80.0067
X20410,WEST LIBERTY AVE OPP RAY AVE STEPS,Bus,Bus Stop,4.0545455,0.85,3.2045455,40.4027,-80.021
S70131,LEBANON CHURCH RD AT CECO DR,Bus,Bus Stop,4.05227275,2.6568182,1.3954545500000002,40.3462,-79.9571
X01880,BOGGS AVE AT GREENBUSH ST,Bus,Bus Stop,4.04545465,0.16136365,3.884091,40.4264,-80.0075
X02590,BOWER HILL RD OPP MCLAUGHLIN RUN RD,Bus,Bus Stop,4.045454545454545,0.025,4.020454545454545,40.3583,-80.1051
S25460,INTERBORO AVE AT BRIERLY LN,Bus,Bus Stop,4.038636599999999,3.6727274999999997,0.36590910000000004,40.3768,-79.9094
W23191,SWALLOW HILL RD AT ROBIN DR,Bus,Bus Stop,4.0363635,0.0,4.0363635,40.3953,-80.0768
E40810,MT CARMEL RD AT CALMAR DR,Bus,Bus Stop,4.03181839,3.6181820449999997,0.413636345,40.4668,-79.8731
E36300,LINCOLN HWY AT LEUHM ST,Bus,Bus Stop,4.0295455,0.025,4.0045455,40.3704,-79.7864
E70111,COLUMBO ST AT SCHENLEY AVE,Bus,Bus Stop,4.029545349999999,3.6409089999999997,0.38863635,40.4716,-79.9401
W22470,STEUBENVILLE PIKE AT #6181,Bus,Bus Stop,4.013636345,3.75,0.263636345,40.4447,-80.1497
E70856,HAZELWOOD AVE AT SECOND AVE,Bus,Bus Stop,4.011363545,0.19545454499999998,3.815909,40.4114,-79.9445
S70356,EAST PITTSBURGH-MCKEESPORT BLV AT ORRIS RD,Bus,Bus Stop,4.0113635,2.1295455,1.881818,40.3691,-79.8308
S35233,MOUNTAINVIEW DR AT CENTURY DR FS,Bus,Bus Stop,4.009091075000001,2.743182,1.2659090750000002,40.3466,-79.9515
W03300,CHARTIERS AVE OPP CORLISS ST,Bus,Bus Stop,4.0022725,3.4272725,0.575,40.4505,-80.0456
S31730,MAIN ST AT W JAMES ST,Bus,Bus Stop,4.0022725,0.55,3.4522725000000003,40.3917,-79.9005
E10330,BRINTON RD AT WILKINS AVE,Bus,Bus Stop,3.997727272727272,0.456818181818182,3.54090909090909,40.4225,-79.8643
W10470,ISLAND AVE AT ORR ST FS,Bus,Bus Stop,3.9909089000000004,3.7818180000000003,0.20909090000000002,40.4842,-80.0723
E38305,MALL BLVD AT JO ANN FABRIC,Bus,Bus Stop,3.9795454545454545,3.625,0.3545454545454545,40.4338,-79.7888
N16720,DUNCAN AVE OPP ALLEGHENY MEMORIAL PARK,Bus,Bus Stop,3.977272727272728,0.02272727272727275,3.954545454545455,40.567,-80.0048
W25750,WINDGAP AVE AT SUMMERDALE ST,Bus,Bus Stop,3.9750002500000003,0.45227275,3.5227275000000002,40.4563,-80.0803
E21660,FRANKSTOWN RD OPP HOWARD ST,Bus,Bus Stop,3.975,3.0272725,0.9477275000000001,40.463,-79.8565
X02010,BOGGS AVE AT #207,Bus,Bus Stop,3.97272735,3.584091,0.38863635,40.4261,-80.0078
S34070,MIFFLIN RD AT GLENHURST RD,Bus,Bus Stop,3.9727273000000003,3.9045455000000002,0.0681818,40.3721,-79.9169
E55260,UPLAND ST AT #7500,Bus,Bus Stop,3.972727,1.4204545,2.5522725,40.4609,-79.8901
E70746,MINGO ST AT OAKDENE ST,Bus,Bus Stop,3.965909,2.2659089999999997,1.7,40.4647,-79.8911
N14900,CHATEAU ST AT PENNSYLVANIA AVE,Bus,Bus Stop,3.9636365000000002,2.9295455,1.034091,40.4535,-80.0282
W70116,W PROSPECT AVE AT BERRY ST FS,Bus,Bus Stop,3.96363636363636,2.211363636363635,1.7522727272727248,40.4472,-80.0697
S39650,PROSPECT RD AT ABBOTT DR,Bus,Bus Stop,3.9636362750000003,3.915909,0.047727275,40.3641,-79.9731
N31270,LOWRIE ST AT HECKLEMAN ST,Bus,Bus Stop,3.959091,2.4477275,1.5113634999999999,40.4688,-79.9791
S39660,PROSPECT RD AT BAUMAN AVE,Bus,Bus Stop,3.9568180450000003,3.8613635000000004,0.095454545,40.3608,-79.98
E09830,BRINTON AVE AT QUARRY AVE,Bus,Bus Stop,3.952273,1.0886365,2.8636365,40.4036,-79.843
E06660,BELLEFIELD AVE AT BOARD OF EDUCATION,Bus,Bus Stop,3.9431817750000002,0.047727275,3.8954545,40.4444,-79.9509
E45180,PAULSON AVE AT NAVARRO ST FS,Bus,Bus Stop,3.9409088999999997,3.306818,0.6340909,40.4683,-79.9028
E45150,PAULSON AVE AT LEMINGTON AVE,Bus,Bus Stop,3.9340907499999997,0.42272725,3.5113635,40.47,-79.8974
W02910,CAROTHERS AVE OPP LOCUST ST,Bus,Bus Stop,3.931818,3.931818,0.0,40.3978,-80.0883
S00680,SECOND AVE AT AMERICAN ST,Bus,Bus Stop,3.9295455999999995,0.5409091,3.3886364999999996,40.4029,-79.942
S70528,CUSTER AVE OPP ST WENDELIN CHURCH,Bus,Bus Stop,3.9272727272727277,0.093181818181818,3.83409090909091,40.3934,-79.9746
N22200,FREEPORT RD OPP #2238,Bus,Bus Stop,3.9227272727272746,2.913636363636365,1.00909090909091,40.5264,-79.851
E09920,BRINTON AVE OPP RAVINE ST,Bus,Bus Stop,3.9181818,3.725,0.19318180000000001,40.4015,-79.8412
S34340,MIFFLIN RD OPP MCBRIDE AVE,Bus,Bus Stop,3.915909325,0.504545475,3.41136385,40.3693,-79.9107
S21700,HABERMAN RAMP AT HARWOOD ST STEPS,Bus,Bus Stop,3.91590925,1.3818182,2.53409105,40.4215,-80.0035
S28020,LEBANON CHURCH RD AT PLEASANT ST,Bus,Bus Stop,3.90909107,3.261363775,0.647727295,40.3537,-79.9015
S23630,HWY RT 51 AT COAL VALLEY RD FS,Bus,Bus Stop,3.9068181818181804,0.8,3.10681818181818,40.3124,-79.9385
E70991,BEDFORD AVE AT LOGAN ST,Bus,Bus Stop,3.9045456499999998,1.90227295,2.0022727,40.4426,-79.991
E70826,BRINTON AVE AT 5TH ST NS,Bus,Bus Stop,3.9022727272727287,3.490909090909092,0.4113636363636365,40.3854,-79.7609
N32940,MCKNIGHT RD AT SIEBERT RD NS,Bus,Bus Stop,3.8931820249999998,2.509091125,1.3840909000000001,40.5311,-80.0103
E04840,BAUM BLVD AT ENFIELD ST,Bus,Bus Stop,3.890909,2.5272725,1.3636365000000001,40.4541,-79.9493
N45950,RIDGE AVE OPP GALVESTON AVE,Bus,Bus Stop,3.8886363999999998,0.1590909,3.7295455,40.4501,-80.016
E43850,OLD WILLIAM PENN HWY OPP BAYHILL DR,Bus,Bus Stop,3.8863636363636362,0.14545454545454545,3.7409090909090907,40.4417,-79.7496
E28630,HAZELWOOD AVE AT #771,Bus,Bus Stop,3.884091045,0.44545454500000004,3.4386365,40.4199,-79.9304
N17860,EAST ST AT MILROY ST,Bus,Bus Stop,3.87954535,0.41363635,3.465909,40.4769,-80.0069
E06035,BEECHWOOD BLVD AT CROMBIE ST FS,Bus,Bus Stop,3.8750001000000003,2.659091,1.2159091,40.4309,-79.9152
E59550,WOOD ST OPP SUSQUEHANNA ST,Bus,Bus Stop,3.8749999499999994,2.2090908999999996,1.66590905,40.4481,-79.8838
S17080,ELIZA ST AT DIVISION ST,Bus,Bus Stop,3.8681818999999997,3.184091,0.6840909,40.3945,-79.8794
E50180,SALTSBURG RD AT STOTLER RD,Bus,Bus Stop,3.8636361999999997,0.5568182,3.306818,40.483,-79.8098
E21140,FRANKSTOWN RD OPP LONG RD FS,Bus,Bus Stop,3.8590910449999996,3.7136365,0.145454545,40.4658,-79.8322
S10450,BUTTERMILK HOLLOW RD AT PGH-MCKEESPORT BLVD,Bus,Bus Stop,3.859090825,0.94545455,2.913636275,40.3581,-79.9092
E35910,LINCOLN AVE AT RENFREW ST,Bus,Bus Stop,3.8590907750000003,3.2863635,0.572727275,40.4622,-79.9064
E04645,AURELIUS ST AT HARRISON AVE,Bus,Bus Stop,3.854545675,2.4886364,1.365909275,40.423,-79.8959
W70135,STEUBEN ST AT MCCORMICK AVE,Bus,Bus Stop,3.8545454545454527,3.35681818181818,0.49772727272727274,40.4398,-80.078
E39590,MONONGAHELA AVE AT #2130,Bus,Bus Stop,3.8499999650000003,2.13409087,1.715909095,40.4174,-79.8877
E36052,LINCOLN AVE OPP ATWELL ST,Bus,Bus Stop,3.84772732,3.7045455,0.14318182000000002,40.4632,-79.9046
E36430,LINCOLN HWY OPP DIX DR,Bus,Bus Stop,3.8409093000000003,0.0681818,3.7727275000000002,40.3691,-79.7826
S05430,BAPTIST RD OPP LACHMAN DR,Bus,Bus Stop,3.840909275,0.022727275,3.818182,40.3557,-80.0028
W04350,CHARTIERS VALLEY SC DR AT GIANT EAGLE,Bus,Bus Stop,3.84090909090909,2.08181818181818,1.7590909090909101,40.3672,-80.1093
E34600,LEECHBURG RD AT AUBURN ST FS,Bus,Bus Stop,3.8386365,3.8136365,0.025,40.4929,-79.7908
N10640,BRIGHTON RD OPP FARRIS ST STEPS,Bus,Bus Stop,3.834091,1.4636365,2.3704545,40.4627,-80.0202
X07050,GRANDVIEW AVE OPP SHALER ST,Bus,Bus Stop,3.82954565,0.46136365,3.368182,40.4404,-80.0231
E10680,BROADWAY BLVD OPP BRINTON AVE,Bus,Bus Stop,3.82954535,0.13863635,3.690909,40.4021,-79.7754
E15110,COMMERCIAL ST AT BLACKHAWK ST,Bus,Bus Stop,3.82727282,1.677272775,2.150000045,40.4204,-79.8985
N08660,BEAVER ST AT ST ANDREWS CHURCH,Bus,Bus Stop,3.8249997999999996,0.34318180000000004,3.4818179999999996,40.5373,-80.1775
E59480,WOOD ST AT SUSQUEHANNA ST FS,Bus,Bus Stop,3.8204546450000003,1.234090895,2.5863637500000003,40.448,-79.8839
N08240,BEAVER ST AT CAMP MEETING RD,Bus,Bus Stop,3.820454545454545,1.50681818181818,2.313636363636365,40.5638,-80.2054
N44960,PITTSBURGH ST OPP DUQUESNE CT,Bus,Bus Stop,3.8136363949999996,0.284090895,3.5295455,40.5409,-79.7931
S05370,BAPTIST RD AT WEYMAN RD FS (CASTE VILLAGE),Bus,Bus Stop,3.81363615,0.33636365,3.4772724999999998,40.3577,-80.0003
E34230,LAKETON RD OPP TURNER AVE,Bus,Bus Stop,3.81136385,0.16363634999999999,3.6477275000000002,40.4525,-79.8604
S50210,WORTHINGTON AVE AT 12TH ST,Bus,Bus Stop,3.811363636363635,3.6409090909090898,0.17045454545454544,40.2927,-79.8972
N24100,GRANT AVE AT VILSACK ST,Bus,Bus Stop,3.8068181818181843,2.9022727272727296,0.9045454545454545,40.5052,-79.95
W07290,FOREST GROVE RD AT MIDWAY DR,Bus,Bus Stop,3.80681818181818,2.69090909090909,1.11590909090909,40.4778,-80.1029
S26980,JOSEPHINE ST AT #3203,Bus,Bus Stop,3.8045455450000003,3.634091,0.170454545,40.42,-79.9642
E34810,LEMINGTON AVE AT WESTMORELAND AVE,Bus,Bus Stop,3.8045455,1.290909,2.5136365,40.467,-79.8934
E30425,HWY RT 286 AT PINE VALLEY DR,Bus,Bus Stop,3.8045455,3.7795455000000002,0.025,40.4551,-79.7108
N35660,MT ROYAL BLVD AT BRIDLE RD,Bus,Bus Stop,3.8045452,2.7954543000000003,1.0090909,40.5451,-79.9724
N21810,FREEPORT RD AT #1150,Bus,Bus Stop,3.8022729999999996,2.234091,1.568182,40.488,-79.8794
W70129,ORCHARD SPRING RD AT GREENTREE RD,Bus,Bus Stop,3.8022727499999998,3.0045455,0.79772725,40.3987,-80.0658
N17815,EAST ST OPP ROYAL ST,Bus,Bus Stop,3.80227265,2.490909,1.31136365,40.466,-79.9998
S70621,STATE ST OPP LOCUST AVE,Bus,Bus Stop,3.7999999999999985,1.518181818181818,2.2818181818181804,40.3076,-79.8876
W19442,ORCHARD SPRING RD OPP BLACKBERRY DR,Bus,Bus Stop,3.7977274999999997,0.0,3.7977274999999997,40.3949,-80.0693
S25510,INTERBORO AVE AT LINDBERG AVE FS,Bus,Bus Stop,3.79772745,0.80454545,2.993182,40.3754,-79.9105
X13730,PIONEER AVE OPP NORTHCREST DR,Bus,Bus Stop,3.7954543,0.2431818,3.5522725,40.4095,-80.014
S34270,MIFFLIN RD AT SLATE ST,Bus,Bus Stop,3.793182,3.518182,0.275,40.3814,-79.9276
E51330,SHADY AVE AT DARLINGTON RD,Bus,Bus Stop,3.79318175,1.415909,2.37727275,40.4371,-79.9192
E58710,WM PENN HWY AT SAM'S WAREHOUSE DRVWY,Bus,Bus Stop,3.7909090909090906,2.8090909090909086,0.9818181818181818,40.4333,-79.7984
S70507,CLOVERFIELD DR AT SANDRA DR,Bus,Bus Stop,3.7818181818181826,3.70909090909091,0.07272727272727275,40.3973,-79.9661
E03100,AIRBRAKE AVE OPP 11TH ST,Bus,Bus Stop,3.781818125,0.577272725,3.2045453999999998,40.4032,-79.8231
E02850,ABER RD AT URBAN DR,Bus,Bus Stop,3.7795452950000006,3.1931816500000005,0.586363645,40.4673,-79.8694
E30490,HWY RT 286 AT RICKENBAKER DR,Bus,Bus Stop,3.777272727272728,0.02272727272727275,3.754545454545455,40.4422,-79.7133
E38340,MALL BLVD AT TGI FRIDAY,Bus,Bus Stop,3.774999999999998,1.193181818181818,2.5818181818181802,40.4338,-79.7884
N18743,EVERGREEN AVE AT EMMA ST,Bus,Bus Stop,3.772727272727273,2.729545454545455,1.043181818181818,40.4892,-79.9722
N13803,CENTER AVE OPP CORNELL AVE EXT,Bus,Bus Stop,3.7704545,2.3136365,1.4568180000000002,40.5138,-80.0455
E42850,OAKWOOD ST AT BENNETT ST,Bus,Bus Stop,3.7522727000000002,0.5068182,3.2454545,40.4543,-79.8858
N35760,MT ROYAL BLVD AT ELFINWILD LN,Bus,Bus Stop,3.75,2.9863635,0.7636365,40.5493,-79.9718
E58240,WM PENN HWY OPP VALUE CITY,Bus,Bus Stop,3.749999999999999,0.584090909090909,3.16590909090909,40.4365,-79.7826
X04480,COCHRAN RD AT BEVERLY RD,Bus,Bus Stop,3.7477272999999998,3.5045455,0.2431818,40.3871,-80.0546
N50260,SOUTH SIDE AVE AT SUNSET AVE,Bus,Bus Stop,3.74318165,0.16136365,3.5818179999999997,40.4696,-79.9991
W08043,GREENTREE RD AT FOREST DR FS,Bus,Bus Stop,3.740909090909093,3.69318181818182,0.04772727272727275,40.4056,-80.0541
E15100,SCHENLEY AVE OPP COLUMBO ST,Bus,Bus Stop,3.7386364500000004,1.0045454500000002,2.7340910000000003,40.4717,-79.9401
S31380,MAIN ST AT MARHAM RD,Bus,Bus Stop,3.736363545,0.07045454500000001,3.665909,40.3926,-79.9003
W70180,UNIVERSITY BLVD OPP PATTON DR,Bus,Bus Stop,3.731818,0.025,3.706818,40.5064,-80.2233
W17560,NOBLESTOWN RD AT WEAVER ST FS,Bus,Bus Stop,3.729545545,0.24545454500000002,3.4840910000000003,40.4372,-80.0399
N40080,OHIO RIVER BLVD OPP MEMORIAL DR,Bus,Bus Stop,3.7295454545454545,2.95,0.7795454545454545,40.5087,-80.0907
S70189,KENNEDY AVE AT 4TH ST,Bus,Bus Stop,3.7295454545454527,0.8227272727272725,2.9068181818181804,40.3715,-79.8483
S45020,ST JOSEPH ST AT #144,Bus,Bus Stop,3.7272725450000004,3.6568180000000003,0.07045454500000001,40.4134,-79.9854
E38661,MAPLE AVE AT CHARLES ST,Bus,Bus Stop,3.7250001,0.6409091,3.084091,40.4078,-79.8206
X06810,GILKESON RD OPP CEDAR BLVD FS,Bus,Bus Stop,3.725,0.0,3.725,40.3614,-80.0635
N04340,9TH AVE AT PENN ST,Bus,Bus Stop,3.7249999999999983,0.1136363636363635,3.611363636363635,40.6099,-79.7402
S10500,BUTTERMILK HOLLOW RD AT WALNUT DR,Bus,Bus Stop,3.722727095,2.77727255,0.945454545,40.3562,-79.9116
N13250,CALIFORNIA AVE OPP STRANMORE ST,Bus,Bus Stop,3.7159093,3.6477275,0.0681818,40.4604,-80.027
E70996,CRAWFORD ST AT WYLIE AVE,Bus,Bus Stop,3.7090909000000005,2.2,1.5090909000000001,40.4428,-79.9874
E02940,AIRBRAKE AVE AT 11TH ST,Bus,Bus Stop,3.7090908999999996,3.05,0.6590909,40.4033,-79.823
X02660,BOWER HILL RD OPP SOMERVILLE DR,Bus,Bus Stop,3.7068184000000004,0.43409090000000006,3.2727275000000002,40.3715,-80.0801
N24180,GRANT AVE AT DAVIS AVE,Bus,Bus Stop,3.7022727272727254,0.09545454545454546,3.60681818181818,40.4902,-80.0507
E70256,ROBINSON BLVD AT #2600 (OPP E GATE),Bus,Bus Stop,3.7022726,0.11590910000000001,3.5863635,40.4594,-79.8659
W00260,3RD ST AT MAIN ST,Bus,Bus Stop,3.697727272727275,1.504545454545455,2.19318181818182,40.4045,-80.0911
W13190,MCCOY RD AT AL SMITH DR,Bus,Bus Stop,3.697727272727275,3.697727272727275,0.0,40.4799,-80.0855
N19670,FERGUSON RD OPP LINWOOD DR #2,Bus,Bus Stop,3.6977272727272714,0.24545454545454543,3.452272727272726,40.5582,-79.9848
W25810,W CARSON ST AT EARL ST,Bus,Bus Stop,3.6954545750000003,3.02045455,0.675000025,40.4602,-80.0483
E70407,TERRACE ST AT ROBINSON ST,Bus,Bus Stop,3.6954545,1.8522725,1.8431819999999999,40.4403,-79.9657
S00670,SECOND AVE AT ALUVIAN ST,Bus,Bus Stop,3.693182,3.243182,0.45,40.4003,-79.938
E70739,STRANAHAN ST AT OAKDENE ST,Bus,Bus Stop,3.6931814999999997,1.840909,1.8522725,40.4619,-79.8907
X00590,BANKSVILLE RD AT CHAPPEL AVE,Bus,Bus Stop,3.6909092,0.5568181999999999,3.134091,40.4094,-80.0322
E29910,HOMEWOOD AVE AT RACE ST,Bus,Bus Stop,3.68863625,2.5363635,1.15227275,40.4588,-79.8957
E70028,ALLEGHENY AVE AT DELAWARE AVE,Bus,Bus Stop,3.6818183,3.6136365,0.0681818,40.5178,-79.8432
S70503,CUSTER AVE AT ST WENDELIN CHURCH,Bus,Bus Stop,3.6795456,3.4386365,0.2409091,40.3933,-79.9743
N43190,PERRY HWY AT #328,Bus,Bus Stop,3.6795455,0.85,2.8295455,40.5184,-80.0277
W18190,NOBLESTOWN RD OPP #2212,Bus,Bus Stop,3.6795452500000003,2.856818,0.82272725,40.4298,-80.0535
S09420,BROWNSVILLE RD OPP CURRY RD FS,Bus,Bus Stop,3.67727285,3.4886365,0.18863635,40.3585,-79.9906
W14420,MIDDLETOWN RD AT #3205,Bus,Bus Stop,3.6727273,3.6045455,0.0681818,40.4508,-80.0669
W00290,4TH AVE OPP ARCH ST,Bus,Bus Stop,3.6727272727272724,0.7272727272727275,2.945454545454545,40.5156,-80.1561
E25040,GRANT ST AT TRI-BORO EXPWY,Bus,Bus Stop,3.672727,1.490909,2.181818,40.4063,-79.8252
E70306,MCCLURE AVE AT NEVADA ST,Bus,Bus Stop,3.6704549,1.5340911,2.1363638000000003,40.4206,-79.8965
N44570,PITTSBURGH ST AT ELIZABETH ST,Bus,Bus Stop,3.6704545454545454,2.8613636363636363,0.8090909090909091,40.5411,-79.805
S35900,BLOSSOM DR AT NORMA DR,Bus,Bus Stop,3.670454545454545,0.025,3.645454545454545,40.3437,-80.0023
W22577,STEUBENVILLE PIKE AT WATERFORD DR,Bus,Bus Stop,3.6704542950000003,0.443181795,3.2272725,40.4495,-80.1411
E70862,TILBURY AVE AT NICHOLSON ST,Bus,Bus Stop,3.6681820450000004,3.5977275000000004,0.07045454500000001,40.4303,-79.9177
W23089,CRENNELL AVE AT CRAFTON MUNICIPAL BLDG,Bus,Bus Stop,3.6681818181818167,1.1613636363636366,2.50681818181818,40.435,-80.0664
N21290,FREEPORT RD AT HUMBOLDT ST,Bus,Bus Stop,3.6636363636363645,0.2545454545454545,3.40909090909091,40.4961,-79.8572
N36940,MT TROY RD AT BECKERT ST,Bus,Bus Stop,3.663636275,0.07272727500000001,3.590909,40.4702,-79.9821
E51130,SCHOYER AVE AT MONONGAHELA AVE,Bus,Bus Stop,3.659091275,1.236363775,2.4227275,40.4235,-79.8916
N16662,DUNCAN AVE AT ROYAL MANOR CT #1,Bus,Bus Stop,3.6590909090909127,1.0113636363636378,2.647727272727275,40.5661,-80.0016
S46390,VERSAILLES AVE OPP SUMAC ST,Bus,Bus Stop,3.6568181818181795,2.802272727272725,0.8545454545454545,40.3452,-79.8409
W16570,NOBLESTOWN RD AT MANSFIELD AVE FS,Bus,Bus Stop,3.6522724999999996,3.3522724999999998,0.3,40.4171,-80.0662
N28940,KENDALL AVE AT CRAWFORD AVE,Bus,Bus Stop,3.643181818181818,3.620454545454545,0.02272727272727275,40.489,-80.0507
E70820,7TH ST AT PROSPECT AVE,Bus,Bus Stop,3.6431818181818176,0.0,3.6431818181818176,40.3865,-79.7523
E70370,ALLEQUIPPA ST AT OUTLET ST,Bus,Bus Stop,3.6409095,2.043182,1.5977275,40.4424,-79.9664
N46060,RISING MAIN AVE AT LANARK ST,Bus,Bus Stop,3.6340909999999997,0.9454545,2.6886365,40.4637,-80.0053
E50170,SALTSBURG RD OPP STOTLER RD,Bus,Bus Stop,3.6227275,3.0727275,0.55,40.4827,-79.8095
S01060,SECOND AVE OPP ALUVIAN ST,Bus,Bus Stop,3.622727275,0.272727275,3.35,40.4002,-79.9381
S08440,BROWNSVILLE RD AT CURRY RD,Bus,Bus Stop,3.6227272,0.2568182,3.365909,40.3583,-79.9907
E42990,OBERLIN ST AT MINGO ST,Bus,Bus Stop,3.6227271000000005,2.7818180000000003,0.8409091,40.4649,-79.8901
N14255,CENTER AVE AT WAVERLY AVE,Bus,Bus Stop,3.62045465,3.259091,0.36136365000000004,40.5175,-80.0356
E70766,4TH AVE AT ANTISBURY ST,Bus,Bus Stop,3.6159092250000002,2.2795456,1.3363636250000002,40.4127,-79.8794
S00530,22ND AVE AT MAIN ST,Bus,Bus Stop,3.6159091500000002,0.7613636500000001,2.8545455,40.3977,-79.9019
N39800,OHIO RIVER BLVD AT LOCUST ST,Bus,Bus Stop,3.615909090909092,0.531818181818182,3.08409090909091,40.4977,-80.0696
E50550,SALTSBURG RD OPP MILLERS LN,Bus,Bus Stop,3.61590885,0.025,3.59090885,40.4752,-79.7728
N37040,MT TROY RD AT KINKURA DR,Bus,Bus Stop,3.6113634999999995,0.05,3.5613634999999997,40.4795,-79.9876
X17727,SOUTHERN AVE AT WHITWORTH ST,Bus,Bus Stop,3.6090911000000006,0.21590910000000002,3.3931820000000004,40.4259,-80.0092
E55040,UNIVERSAL RD AT FREY RD,Bus,Bus Stop,3.6068179999999996,0.0,3.6068179999999996,40.4605,-79.8115
N39520,OHIO RIVER BLVD AT MEMORIAL DR,Bus,Bus Stop,3.5999999999999983,0.7136363636363634,2.886363636363635,40.5088,-80.0907
E20030,FOREST AVE AT 6TH ST,Bus,Bus Stop,3.5977272727272753,3.5977272727272753,0.0,40.3868,-79.7576
E26040,GROVE RD AT SUNCREST DR,Bus,Bus Stop,3.597727175,2.790909,0.8068181750000001,40.471,-79.8669
S70637,COMMONWEALTH AVE AT OVERLAND AVE,Bus,Bus Stop,3.595454545454545,1.94318181818182,1.6522727272727251,40.3815,-79.8598
W10950,LADOGA ST AT MIDDLETOWN RD,Bus,Bus Stop,3.5954544999999998,1.7886365,1.806818,40.4514,-80.0695
E35772,LINCOLN AVE AT ATWELL ST,Bus,Bus Stop,3.5886365999999996,0.18636365,3.4022729499999995,40.4631,-79.9045
E55420,VERONA RD AT BRINLEY DR,Bus,Bus Stop,3.58863645,0.25454545,3.334091,40.4844,-79.8374
E04510,ATLANTIC AVE AT BROAD ST,Bus,Bus Stop,3.5840909499999998,3.1295455,0.45454545,40.4657,-79.9382
E25371,GREENFIELD AVE OPP YODER ST FS,Bus,Bus Stop,3.5818185,1.7977275,1.784091,40.4253,-79.9475
N08350,BEAVER ST AT GRANT ST,Bus,Bus Stop,3.5795455,1.8909090000000002,1.6886364999999999,40.5438,-80.1855
W70169,PINE HOLLOW RD AT LAB CORP SQUARE,Bus,Bus Stop,3.579545454545455,0.93409090909091,2.645454545454545,40.4762,-80.1009
W25110,WASHINGTON PIKE AT VANADIUM RD,Bus,Bus Stop,3.577272727272729,3.309090909090911,0.268181818181818,40.3701,-80.1008
N22820,FREEPORT RD OPP WILSON AVE,Bus,Bus Stop,3.577272727272726,0.49545454545454554,3.0818181818181802,40.5406,-79.8096
W22640,STEUBENVILLE PIKE OPP DEVASSIE RD,Bus,Bus Stop,3.5749999,0.3090909,3.2659089999999997,40.4457,-80.1512
S27290,KENNEDY AVE AT DELL ST,Bus,Bus Stop,3.5727272727272723,2.945454545454545,0.6272727272727275,40.3665,-79.8573
S39900,PROVOST RD AT BAPTIST RD,Bus,Bus Stop,3.5704545,1.0,2.5704545,40.3612,-79.9911
S10480,BUTTERMILK HOLLOW RD AT #5055,Bus,Bus Stop,3.5704543,3.0113634,0.5590909000000001,40.3547,-79.9135
S70578,SIDNEY ST AT SARAH ST,Bus,Bus Stop,3.5659092749999997,0.272727275,3.293182,40.4251,-79.9616
S70226,DELWAR RD OPP APPLEBEE'S DRVWY,Bus,Bus Stop,3.5613637,3.2295455,0.3318182,40.3489,-79.9476
N40000,OHIO RIVER BLVD AT SHILOH AVE,Bus,Bus Stop,3.5590909090909095,0.8704545454545449,2.688636363636365,40.4879,-80.0563
E45200,PAULSON AVE AT OLIVANT ST,Bus,Bus Stop,3.55227285,0.56363635,2.9886365,40.4695,-79.8994
E10070,BRINTON RD AT BRINTON MANOR DR,Bus,Bus Stop,3.552272727272728,0.368181818181818,3.18409090909091,40.4112,-79.852
S25099,HWY RT 885 AT LEWIS RUN RD,Bus,Bus Stop,3.547727275,3.5,0.047727275,40.3323,-79.9337
S70454,BROWNSVILLE RD OPP WILHELM AVE,Bus,Bus Stop,3.5454545499999996,0.64545455,2.9,40.3251,-79.9877
S14950,EASTMAN ST AT GREENSPRINGS AVE FS,Bus,Bus Stop,3.5454545,1.8545455,1.690909,40.3836,-79.8778
E70895,BEECHWOOD BLVD AT #3735,Bus,Bus Stop,3.545454425,0.43409092499999996,3.1113635,40.4274,-79.9281
X00570,BANKSVILLE RD OPP BANKSVILLE AVE,Bus,Bus Stop,3.540909,2.175,1.365909,40.4182,-80.0297
E04580,ATLANTIC AVE AT ROSETTA ST,Bus,Bus Stop,3.540909,1.3295455,2.2113635,40.4673,-79.9378
E70848,HAZELWOOD AVE AT CALVARY ST,Bus,Bus Stop,3.53636355,3.0159089999999997,0.52045455,40.4195,-79.9341
E55410,VERONA RD AT ARTHUR DR,Bus,Bus Stop,3.53409095,3.2545455,0.27954545,40.485,-79.8374
N21530,FREEPORT RD AT MURRAY HILL RD,Bus,Bus Stop,3.5318181818181804,3.0727272727272714,0.459090909090909,40.5814,-79.7789
E70278,MONROEVILLE TRESTLE RD AT SALTSBURG RD,Bus,Bus Stop,3.520454525,3.29772725,0.222727275,40.4763,-79.7601
N21740,FREEPORT RD AT RIDDLE RUN RD,Bus,Bus Stop,3.5181819,3.309091,0.2090909,40.5459,-79.7706
E70142,GREENFIELD AVE AT #322,Bus,Bus Stop,3.5181816,1.5159091,2.0022725,40.4253,-79.9481
X01640,BEVERLY RD AT W MARLIN DR,Bus,Bus Stop,3.51136385,3.2477275,0.26363634999999996,40.3877,-80.0522
E03120,AIRBRAKE AVE OPP 1ST ST,Bus,Bus Stop,3.50909075,0.6,2.90909075,40.3979,-79.813
N40030,OHIO RIVER BLVD AT WALLISTON AVE,Bus,Bus Stop,3.5045454545454535,2.66590909090909,0.8386363636363634,40.5119,-80.1032
W08590,HERBST RD AT DOWNS DR,Bus,Bus Stop,3.502272727272728,3.05909090909091,0.443181818181818,40.4928,-80.1183
E26020,GROVE RD AT SELVIN DR,Bus,Bus Stop,3.4977271500000002,2.83863625,0.6590909,40.4738,-79.8687
E25377,GREENFIELD BRIDGE AT ALGER ST,Bus,Bus Stop,3.495454775,0.447727275,3.0477274999999997,40.4273,-79.9388
X04210,CEDAR BLVD OPP BEADLING RD,Bus,Bus Stop,3.4954543499999997,0.18863635,3.306818,40.3663,-80.0612
X00530,BANK ST AT WINFIELD ST,Bus,Bus Stop,3.49318181818182,0.0,3.49318181818182,40.3505,-80.105
S39940,PROVOST RD AT BRIGHTVIEW DR,Bus,Bus Stop,3.493181775,3.4204545,0.07272727500000001,40.3647,-79.9921
E58060,WINTERBURN AVE AT BLANTON ST,Bus,Bus Stop,3.4840910000000003,2.309091,1.175,40.4243,-79.9398
S70278,WATERFRONT DR AT LOWES DRVWY FS,Bus,Bus Stop,3.4840909999999994,2.5477274999999997,0.9363634999999999,40.4142,-79.9025
S70323,ST CLAIR AVE OPP 8TH ST,Bus,Bus Stop,3.4840909090909102,0.9909090909090901,2.49318181818182,40.294,-79.8912
X15600,RUTH ST OPP KATHLEEN ST,Bus,Bus Stop,3.4818183,2.6136365,0.8681818,40.4258,-80.0052
N14690,N CHARLES ST OPP CROSS ST,Bus,Bus Stop,3.4795455,3.1295455,0.35,40.4652,-80.0207
E51010,SAVANNAH AVE AT OVERTON ST,Bus,Bus Stop,3.477272845,3.3818183,0.095454545,40.435,-79.893
N52600,TROY HILL RD AT PROVIDENCE ST FS,Bus,Bus Stop,3.4727273,3.3545455,0.1181818,40.4576,-79.9894
N16664,DUNCAN AVE AT ROYAL MANOR CT #2,Bus,Bus Stop,3.4727272727272753,0.07045454545454545,3.40227272727273,40.5666,-80.0036
E03260,AIRBRAKE AVE OPP #620,Bus,Bus Stop,3.46590905,0.26363635,3.2022727,40.3963,-79.8105
W14460,MIDDLETOWN RD AT STRATMORE ST FS,Bus,Bus Stop,3.46590885,1.36363635,2.1022724999999998,40.4445,-80.0583
E25347,GREENFIELD AVE AT SYLVAN AVE,Bus,Bus Stop,3.4590909499999998,1.07954545,2.3795455,40.4256,-79.9497
N40130,OHIO RIVER BLVD OPP EAT-N-PARK,Bus,Bus Stop,3.45909090909091,0.8045454545454545,2.654545454545455,40.4943,-80.0643
S31610,MAIN ST AT WEST RUN RD (BRIERLY LANE),Bus,Bus Stop,3.45227265,0.13636365,3.315909,40.3771,-79.9092
N22790,FREEPORT RD OPP VALLEY MOTEL,Bus,Bus Stop,3.4500000000000024,0.46136363636363653,2.988636363636366,40.5353,-79.8426
N14332,CENTER AVE OPP WAVERLY AVE,Bus,Bus Stop,3.4454547,0.2568182,3.1886365,40.5174,-80.0358
N32430,MCKNIGHT RD AT BABCOCK BLVD RAMP FS,Bus,Bus Stop,3.44090915,3.1454546,0.29545455,40.5151,-80.0044
N14580,N CHARLES ST AT KIMBERLIN WAY,Bus,Bus Stop,3.436364,1.0227275,2.4136365,40.4698,-80.014
N15190,CHURCH AVE AT RIDGE AVE,Bus,Bus Stop,3.4363636363636347,0.0,3.4363636363636347,40.5074,-80.0791
E70389,LEECHBURG RD OPP AUBURN ST,Bus,Bus Stop,3.4272728,0.275,3.1522728,40.4929,-79.7907
N24030,GRANT AVE AT #114,Bus,Bus Stop,3.4250000000000003,1.111363636363635,2.3136363636363653,40.4781,-79.9697
N71328,CHURCH AVE AT ROSTREVOR PL,Bus,Bus Stop,3.422727272727273,3.4,0.02272727272727275,40.5103,-80.0871
S24070,HWY RT 51 AT #2859,Bus,Bus Stop,3.42045495,2.7159095,0.7045454500000001,40.3777,-79.9873
E34220,LAKETON RD OPP SOUTHERN AVE,Bus,Bus Stop,3.420454775,3.3727275,0.047727275,40.458,-79.8515
E36360,LINCOLN HWY AT TAYLOR ST,Bus,Bus Stop,3.4204545,3.4204545,0.0,40.3782,-79.8035
E07790,BIGELOW BLVD OPP FINLAND ST,Bus,Bus Stop,3.415909,1.4,2.015909,40.4576,-79.9611
N37030,MT TROY RD OPP KINKURA DR,Bus,Bus Stop,3.4113635,3.3613635000000004,0.05,40.4795,-79.9877
X08920,KATHLEEN ST AT ESTELLA AVE FS,Bus,Bus Stop,3.4113634499999996,2.931818,0.47954545000000004,40.4256,-80.001
W16380,NOBLESTOWN RD OPP DUNCAN WAY,Bus,Bus Stop,3.4045455000000002,2.9045455000000002,0.5,40.4131,-80.0755
E14133,CHASKE ST AT BRAMBLE ST,Bus,Bus Stop,3.40454535,2.8499999,0.55454545,40.4743,-79.866
N71292,BAKERSTOWN RD AT SILVERVILLE RD,Bus,Bus Stop,3.4,0.025,3.375,40.6676,-79.7125
N45060,PITTVIEW AVE AT MT TROY RD,Bus,Bus Stop,3.4,0.0,3.4,40.4692,-79.982
N12900,CALIFORNIA AVE AT MARQUIS WAY,Bus,Bus Stop,3.395455,2.2477275,1.1477275,40.4594,-80.0184
S46910,WALNUT ST AT 28TH AVE,Bus,Bus Stop,3.3954545454545437,0.1886363636363635,3.2068181818181802,40.3328,-79.8467
E48646,ROBERTS ST AT WYLIE AVE,Bus,Bus Stop,3.393182,0.9181819999999999,2.475,40.4435,-79.9841
W13280,MCCOY RD AT JEFFERSON DR,Bus,Bus Stop,3.390909275,0.097727275,3.293182,40.4795,-80.0785
N52670,TROY HILL RD OPP VINIAL ST,Bus,Bus Stop,3.38863645,0.80454545,2.584091,40.4569,-79.9909
S39830,PROSPECT RD OPP BAUMAN AVE,Bus,Bus Stop,3.3886364,0.3590909,3.0295455000000002,40.3608,-79.98
E34200,LAKETON RD AT LINDBERG AVE,Bus,Bus Stop,3.3886362749999996,0.12272727500000001,3.2659089999999997,40.4584,-79.8463
X01920,BOGGS AVE AT PAUL ST,Bus,Bus Stop,3.3886362,3.006818,0.3818182,40.4224,-80.0101
E32275,JAMES ST AT HARPER DR,Bus,Bus Stop,3.3863637000000004,0.4818182,2.9045455000000002,40.4163,-79.8148
E32760,JOHNSTON AVE OPP BROADVIEW DR,Bus,Bus Stop,3.3840907749999998,1.613636275,1.7704545,40.4074,-79.9264
S70410,MIFFLIN ST AT CHERRY ST,Bus,Bus Stop,3.3795455,3.3795455,0.0,40.3971,-79.8893
N18747,EVERGREEN AVE AT FREDERICK ST,Bus,Bus Stop,3.375,2.29090909090909,1.0840909090909099,40.4881,-79.9727
W13505,MCCOY RD OPP JEFFERSON DR,Bus,Bus Stop,3.375,3.225,0.15,40.4797,-80.0787
E70828,7TH ST EXT AT TIMBER DR,Bus,Bus Stop,3.36818181818182,3.36818181818182,0.0,40.3881,-79.7484
E48210,RANKIN BLVD AT #211,Bus,Bus Stop,3.365908875,0.147727275,3.2181816000000003,40.4114,-79.8801
S13480,CONNISTON AVE AT CALLE ST,Bus,Bus Stop,3.3636362,1.956818,1.4068182,40.4077,-79.9993
E53720,SWISSVALE AVE AT NORTH AVE,Bus,Bus Stop,3.3568182500000003,2.3272728000000003,1.02954545,40.443,-79.8768
S12500,CLIMAX ST AT ESTELLA AVE,Bus,Bus Stop,3.35454545,3.05,0.30454545,40.4199,-80.0006
S08360,BROWNSVILLE RD AT CARLYN DR,Bus,Bus Stop,3.3522727750000003,3.3045455,0.047727275,40.3539,-79.9898
S70486,EDEN PARK BLVD AT MCKEESPORT HIGH SCHOOL DRVWY F,Bus,Bus Stop,3.3522727272727253,0.025,3.3272727272727254,40.3449,-79.8305
N37110,MT TROY RD AT PITTVIEW AVE,Bus,Bus Stop,3.35,3.325,0.025,40.4694,-79.9819
E38330,MALL BLVD AT WM PENN HWY,Bus,Bus Stop,3.3499999999999988,0.3886363636363635,2.961363636363635,40.4359,-79.7854
N24095,CRESCENT ST AT SULLIVAN WAY,Bus,Bus Stop,3.3477272727272718,2.588636363636363,0.759090909090909,40.502,-79.947
N71327,CENTER AVE OPP VISTA ST,Bus,Bus Stop,3.345454545454545,3.345454545454545,0.0,40.5116,-80.0909
N08090,BEAVER AVE AT NORTH POINTE DR,Bus,Bus Stop,3.3431819999999997,0.9704545,2.3727275,40.4496,-80.027
E52410,SOUTH AVE AT MILL ST,Bus,Bus Stop,3.34318182,1.9863634449999998,1.356818375,40.4408,-79.8815
S70501,SPENCER AVE AT WATERMAN AVE FS,Bus,Bus Stop,3.3431817749999997,2.9704544999999998,0.37272727499999997,40.3915,-79.9764
E09860,BRINTON AVE AT TERRACE ST,Bus,Bus Stop,3.34090915,0.26136365,3.0795455,40.4003,-79.8412
S14380,DESIDERIO BLVD OPP WASHINGTON AVE,Bus,Bus Stop,3.3409090909090926,2.888636363636365,0.4522727272727275,40.2869,-79.8948
E14430,COAL ST OPP HUTCHINSON AVE,Bus,Bus Stop,3.34090909090909,1.50909090909091,1.83181818181818,40.4352,-79.8831
S70524,CLOVERFIELD DR AT SANDRA DR,Bus,Bus Stop,3.331818181818183,0.02272727272727275,3.30909090909091,40.3975,-79.966
S12550,CLIMAX ST OPP GEARING AVE,Bus,Bus Stop,3.33181795,0.32954545,3.0022725,40.4192,-80.0055
E32970,JONES AVE AT ZUERNER WAY,Bus,Bus Stop,3.3295457,0.9318182,2.3977275000000002,40.406,-79.8585
E55500,VERONA RD AT GRAHAM BLVD EXT,Bus,Bus Stop,3.3295453750000004,3.140909,0.188636375,40.4632,-79.8657
S02250,5TH ST AT PRISCILLA AVE,Bus,Bus Stop,3.3250000000000024,0.4522727272727275,2.872727272727275,40.3685,-79.8484
N22490,PITTSBURGH ST OPP MOYHEND ST,Bus,Bus Stop,3.3204548000000003,0.46818180000000004,2.8522730000000003,40.5417,-79.7761
N44560,PITTSBURGH ST AT DUQUESNE CT FS,Bus,Bus Stop,3.3204546500000003,2.884091,0.43636365,40.541,-79.7934
E34640,LEECHBURG RD AT RICHEY DR,Bus,Bus Stop,3.3181815,3.2681815000000003,0.05,40.4863,-79.8146
E42950,OAKWOOD ST OPP INGLENOOK PL,Bus,Bus Stop,3.3136364499999997,2.0954546499999998,1.2181818,40.451,-79.8845
E58790,WM PENN HWY AT RODI RD FS,Bus,Bus Stop,3.3090909090909055,2.943181818181815,0.3659090909090908,40.4385,-79.8308
W23090,SUMMIT PARK DR AT #20,Bus,Bus Stop,3.306818275,3.284091,0.022727275,40.4529,-80.1935
X07010,GRANDVIEW AVE AT SHALER ST,Bus,Bus Stop,3.3068180450000004,3.2363635000000004,0.07045454500000001,40.4404,-80.0232
E16160,DARLINGTON RD AT BEACON ST,Bus,Bus Stop,3.3045454999999997,1.3477275,1.956818,40.4362,-79.9138
E70955,LARIMER AVE AT AUBURN ST,Bus,Bus Stop,3.3045452500000003,1.67727275,1.6272725000000001,40.4638,-79.9168
W02810,CAROTHERS AVE AT FINLEY AVE FS,Bus,Bus Stop,3.2977272,0.2568182,3.040909,40.3966,-80.0881
S70564,MOUNTAINVIEW DR AT POOL CITY DR,Bus,Bus Stop,3.2954547499999998,2.8727275,0.42272725,40.3449,-79.9422
X10640,MCFARLAND RD AT HELEN DR FS,Bus,Bus Stop,3.2909089999999996,0.05,3.240909,40.3963,-80.0465
N71322,CENTER AVE AT ALLEGHENY AVE,Bus,Bus Stop,3.286363636363635,3.286363636363635,0.0,40.5131,-80.1012
E25465,GREENSBURG PIKE AT CORVETTE TECHNICIANS,Bus,Bus Stop,3.2863634999999998,3.2613635,0.025,40.3824,-79.8182
W70158,W CARSON ST AT CORLISS TUNNEL NS,Bus,Bus Stop,3.28409115,1.07727275,2.2068184,40.453,-80.0396
S70449,BLOSSOM DR OPP CLELIA DR,Bus,Bus Stop,3.2795454545454548,0.025,3.254545454545455,40.3443,-80.0005
E29990,HOMEWOOD AVE AT THOMAS BLVD,Bus,Bus Stop,3.27954535,2.340909,0.9386363499999999,40.451,-79.9
N50580,SPRING GARDEN AVE OPP SPRING GARDEN LOOP,Bus,Bus Stop,3.2772726999999997,0.3318182,2.9454545,40.4666,-79.9852
W16390,NOBLESTOWN RD AT DUNCAN WAY FS,Bus,Bus Stop,3.2704544999999996,1.1022725,2.168182,40.4131,-80.0752
E34450,LARIMER AVE AT SHETLAND ST,Bus,Bus Stop,3.2681819500000002,2.4886365,0.77954545,40.4662,-79.9121
S17850,EVANS ST AT MCKEESPORT HOSPITAL EMERGENCY,Bus,Bus Stop,3.2681818181818185,1.1886363636363635,2.079545454545455,40.3509,-79.8499
E70390,LEECHBURG RD OPP BARCKHOFF ST,Bus,Bus Stop,3.2636363750000004,0.222727275,3.0409091000000004,40.4937,-79.7892
X70065,WASHINGTON RD AT BOWER HILL RD FS,Bus,Bus Stop,3.261363545,0.19545454499999998,3.065909,40.3868,-80.0438
S02260,5TH ST AT PRISCILLA AVE,Bus,Bus Stop,3.2590909090909093,2.629545454545455,0.6295454545454544,40.3683,-79.8483
W23188,SWALLOW HILL RD AT GREENTREE RD FS,Bus,Bus Stop,3.25681795,0.65454545,2.6022724999999998,40.3901,-80.0741
X70087,BOGGS AVE AT #304,Bus,Bus Stop,3.25454545,0.30454545,2.95,40.4255,-80.0084
N70158,CENTER ST AT W 7TH AVE,Bus,Bus Stop,3.2522725,3.2022725000000003,0.05,40.6002,-79.7607
X00450,BANK ST AT DEWEY AVE,Bus,Bus Stop,3.25,3.225,0.025,40.3562,-80.1101
X09310,LABELLE ST AT PIERMONT ST,Bus,Bus Stop,3.2499997749999996,3.2272724999999998,0.022727275,40.4346,-80.016
E40110,MONROEVILLE BLVD OPP JAMISON LN,Bus,Bus Stop,3.2454545454545456,2.75,0.49545454545454554,40.4274,-79.7882
W18280,NOBLESTOWN RD OPP #608,Bus,Bus Stop,3.24318195,2.6886365,0.55454545,40.4371,-80.0401
E34830,LEMINGTON AVE OPP WESTMORELAND AVE,Bus,Bus Stop,3.2409089,0.43409090000000006,2.806818,40.4669,-79.8937
N21630,FREEPORT RD AT ORR AVE,Bus,Bus Stop,3.236363636363637,2.604545454545455,0.6318181818181821,40.5405,-79.8117
S02210,5TH ST AT KENNEDY AVE,Bus,Bus Stop,3.2295454545454554,1.220454545454545,2.00909090909091,40.3712,-79.8496
W02890,CAROTHERS AVE OPP FINLEY AVE,Bus,Bus Stop,3.2227275,3.2227275,0.0,40.3965,-80.0878
E70878,GREENSBURG PIKE AT KLINE AVE FS,Bus,Bus Stop,3.2204544,0.6840909000000001,2.5363634999999998,40.3978,-79.8211
E48880,ROBINSON ST AT ELLERS ST,Bus,Bus Stop,3.215909,1.075,2.140909,40.4417,-79.9657
N14460,N CHARLES ST AT BIZET ST,Bus,Bus Stop,3.215909,3.215909,0.0,40.4665,-80.0199
S33300,MCKINLEY ST AT GROGAN AVE,Bus,Bus Stop,3.2136365999999996,3.0477274999999997,0.1659091,40.4092,-79.9938
S09380,BROWNSVILLE RD OPP CARLYN DR,Bus,Bus Stop,3.2136362999999997,0.1431818,3.0704545,40.3539,-79.9898
N14510,N CHARLES ST AT CROSS ST,Bus,Bus Stop,3.2113637499999994,0.82272725,2.3886364999999996,40.4652,-80.0206
E70419,LARIMER AVE AT MAYFLOWER ST,Bus,Bus Stop,3.2113635,0.715909,2.4954545,40.4643,-79.916
N24130,CRESCENT ST OPP SULLIVAN WAY,Bus,Bus Stop,3.2000000000000015,0.2863636363636365,2.913636363636365,40.502,-79.9468
S47120,WALNUT ST OPP EXXON STATION,Bus,Bus Stop,3.2,2.027272727272725,1.172727272727275,40.3258,-79.8395
S39666,PROSPECT RD OPP BERYL DR,Bus,Bus Stop,3.1931818181818192,0.184090909090909,3.00909090909091,40.3613,-79.9623
N54790,WURZELL AVE AT BURGESS ST,Bus,Bus Stop,3.19318175,2.0954544999999998,1.09772725,40.4687,-80.0042
W03980,CHARTIERS AVE AT NITTANY ST FS,Bus,Bus Stop,3.1931816,2.9022725,0.29090910000000003,40.4472,-80.0442
X01935,BOGGS AVE AT SOFFEL ST,Bus,Bus Stop,3.1909092749999997,3.043182,0.147727275,40.4196,-80.0114
X06910,GRANDVIEW AVE AT HALLOCK ST,Bus,Bus Stop,3.190909,3.190909,0.0,40.4373,-80.0173
E70752,EVERTON ST AT OAKDENE ST,Bus,Bus Stop,3.19090885,2.4272725,0.7636363500000001,40.4626,-79.8909
W23001,STEUBENVILLE PIKE AT MCKEES ROCKS RD,Bus,Bus Stop,3.186364,1.1136365000000001,2.0727275,40.4493,-80.1192
S35905,BLOSSOM DR AT NORMA DR,Bus,Bus Stop,3.1863636363636347,3.1863636363636347,0.0,40.3439,-80.002
W10610,ISLAND AVE OPP ORR ST,Bus,Bus Stop,3.181818275,0.097727275,3.084091,40.4844,-80.0725
N71344,MARSHALL AVE AT SORREL ST,Bus,Bus Stop,3.1818182,3.0,0.1818182,40.4641,-80.0282
W26360,W PROSPECT AVE OPP BERRY ST,Bus,Bus Stop,3.179545454545455,1.204545454545455,1.975,40.4471,-80.0693
S33690,MELLON ST AT VERMONT AVE,Bus,Bus Stop,3.179545425,2.9204545,0.259090925,40.364,-79.8591
E20050,5TH ST AT DUQUESNE AVE,Bus,Bus Stop,3.1750000000000016,3.1250000000000018,0.05,40.3857,-79.7591
N39790,OHIO RIVER BLVD AT LAUREL AVE,Bus,Bus Stop,3.1727272727272755,0.9727272727272751,2.2,40.5019,-80.0762
S24355,HWY RT 51 AT #2850,Bus,Bus Stop,3.1727272500000003,0.7931818,2.37954545,40.3776,-79.9874
S01040,SECOND AVE AT WINSTON ST,Bus,Bus Stop,3.1659089999999996,2.6409089999999997,0.525,40.4045,-79.9425
S24060,HWY RT 51 AT #2790,Bus,Bus Stop,3.16363635,1.17954545,1.9840909,40.3783,-79.9899
E32890,JONES AVE AT MILLER AVE,Bus,Bus Stop,3.161364,0.9181819999999999,2.243182,40.4057,-79.8595
S35500,ARLINGTON AVE AT #916,Bus,Bus Stop,3.15681815,0.48636365,2.6704545,40.4249,-79.9903
E45280,PAULSON AVE AT OLIVANT ST,Bus,Bus Stop,3.15454565,2.518182,0.6363636500000001,40.4696,-79.8993
S12470,CLIMAX ST AT CURTIN AVE,Bus,Bus Stop,3.1545454,0.45909089999999997,2.6954545,40.42,-79.9988
N14470,N CHARLES ST OPP BIZET ST,Bus,Bus Stop,3.1477271,0.21590910000000002,2.931818,40.4665,-80.0198
N08750,BEAVER ST OPP GRANT ST,Bus,Bus Stop,3.14545465,0.61136365,2.534091,40.5439,-80.1855
N41755,PENNSYLVANIA AVE AT CHATEAU ST,Bus,Bus Stop,3.145454575,0.347727275,2.7977273,40.4537,-80.0281
S08500,BROWNSVILLE RD AT FELIX DR,Bus,Bus Stop,3.1386365,0.8227275000000001,2.315909,40.3503,-79.9879
S17070,ELIZA ST AT DIVISION ST,Bus,Bus Stop,3.1386365,1.415909,1.7227275,40.3946,-79.8796
E49590,SALTSBURG RD AT ALCOMA PARK PLAZA,Bus,Bus Stop,3.1363633999999996,2.3522724999999998,0.7840909,40.4767,-79.7883
S50240,WORTHINGTON AVE AT 9TH ST,Bus,Bus Stop,3.134090909090908,3.04090909090909,0.093181818181818,40.2922,-79.8915
E55032,UNIVERSAL RD AT VOLUNTEER FIRE CO,Bus,Bus Stop,3.131818,2.290909,0.840909,40.4661,-79.8244
E59690,WOODSTOCK AVE AT #2690,Bus,Bus Stop,3.1249998999999997,0.47954545000000004,2.64545445,40.4143,-79.8728
N15280,COLBY ST AT AMES ST,Bus,Bus Stop,3.1204545,3.0704545000000003,0.05,40.4841,-80.0039
X06790,GILKESON RD OPP OLD GILKESON RD,Bus,Bus Stop,3.1204543,0.0681818,3.0522725,40.3592,-80.0604
E32420,JANCEY ST AT #1853,Bus,Bus Stop,3.10681825,2.1954546,0.91136365,40.4869,-79.9254
N20160,FOREST AVE AT #546,Bus,Bus Stop,3.1068181818181833,0.23863636363636348,2.86818181818182,40.5007,-80.0538
E49780,SALTSBURG RD AT FORD AVE,Bus,Bus Stop,3.10681795,0.0,3.10681795,40.4767,-79.7828
N15330,COLBY ST OPP AMES ST,Bus,Bus Stop,3.1022727750000003,0.047727275,3.0545455,40.484,-80.0039
S70483,HARTMAN ST AT CAMP ST,Bus,Bus Stop,3.1022727272727275,2.779545454545455,0.3227272727272725,40.3547,-79.8347
S39950,PROVOST RD AT BRIGHTVIEW DR,Bus,Bus Stop,3.0999999999999996,0.175,2.925,40.3649,-79.9922
W21780,STEUBEN ST OPP MCCORMICK AVE,Bus,Bus Stop,3.0977272727272704,0.8954545454545454,2.202272727272725,40.4398,-80.0777
N31320,LOWRIE ST AT SUNDEMAN ST,Bus,Bus Stop,3.0954544999999998,2.2704545,0.825,40.4663,-79.9808
E06040,BEECHWOOD BLVD AT PHILLIPS AVE FS,Bus,Bus Stop,3.0931819999999997,1.2477274999999999,1.8454545,40.4325,-79.9152
W16400,NOBLESTOWN RD AT DURBIN ST,Bus,Bus Stop,3.09318195,0.7545454500000001,2.3386365,40.4237,-80.0667
S70377,STATE ST AT MAPLE AVE,Bus,Bus Stop,3.0931818181818196,1.0545454545454545,2.038636363636365,40.2986,-79.8756
S06490,BLOSSOM RD AT LAUREL DR,Bus,Bus Stop,3.0931818181818196,0.0,3.0931818181818196,40.3434,-79.9943
N39720,OHIO RIVER BLVD AT HARRISON AVE,Bus,Bus Stop,3.0931818181818187,0.7886363636363635,2.304545454545455,40.5005,-80.0734
S70539,CHURCHVIEW AVE AT CASTLEVIEW DR,Bus,Bus Stop,3.088636363636365,0.0,3.088636363636365,40.385,-79.9592
X02060,BOWER HILL RD AT CLEMSON DR,Bus,Bus Stop,3.0818182750000003,3.009091,0.07272727500000001,40.3724,-80.0765
X15590,RUTLEDGE ST AT REPUBLIC ST,Bus,Bus Stop,3.081818275,3.059091,0.022727275,40.4403,-80.0254
N19600,FERGUSON RD AT POST RD,Bus,Bus Stop,3.0818181818181847,0.05,3.031818181818185,40.5639,-79.99
N71339,MT TROY RD AT VILLA DR,Bus,Bus Stop,3.0795456,2.8136365,0.2659091,40.4957,-80.0007
W17730,NOBLESTOWN RD OPP DURBIN ST,Bus,Bus Stop,3.0772729500000002,2.3227275,0.7545454500000001,40.4236,-80.0666
E52430,SOUTH AVE AT MULBERRY ST,Bus,Bus Stop,3.0772725000000003,1.740909,1.3363635,40.4416,-79.8843
N08470,BEAVER ST AT OAK DR,Bus,Bus Stop,3.0750000000000006,0.3954545454545455,2.679545454545455,40.5624,-80.2039
E52390,SOUTH AVE AT ELVIA WAY FS,Bus,Bus Stop,3.07272715,2.6704544,0.40227275,40.439,-79.8763
E55600,VERONA RD AT RANDOLPH LN,Bus,Bus Stop,3.0681820450000004,2.8977275000000002,0.170454545,40.4789,-79.8408
N10953,BROAD ST AT THORN ST,Bus,Bus Stop,3.0681819999999997,0.025,3.043182,40.5391,-80.1816
X03440,BROOKLINE BLVD OPP #1572,Bus,Bus Stop,3.0659092749999997,0.022727275,3.043182,40.3912,-80.0031
E28730,HERRON AVE OPP RUTHVEN ST FS,Bus,Bus Stop,3.0636365,1.118182,1.9454544999999999,40.4592,-79.966
E10050,BRINTON RD AT BRADDOCK RD,Bus,Bus Stop,3.0636363636363644,2.68409090909091,0.3795454545454545,40.4225,-79.8639
E04665,BAKER ST AT #7124,Bus,Bus Stop,3.0613637000000002,0.7159091,2.3454546,40.4878,-79.9235
E36120,LINCOLN HWY AT 3RD ST,Bus,Bus Stop,3.0613635,0.0,3.0613635,40.3794,-79.8072
N08410,BEAVER ST AT LOGAN ST FS,Bus,Bus Stop,3.05909115,2.7227275,0.33636365,40.538,-80.1783
E56200,WARDSONS ST AT CHURCHLAND ST,Bus,Bus Stop,3.0568182000000004,1.2068182,1.85,40.4719,-79.8975
E51430,SHADY AVE AT PHILLIPS AVE,Bus,Bus Stop,3.052272775,0.12272727500000001,2.9295455,40.4324,-79.9183
X20590,WINFIELD ST AT BANK ST,Bus,Bus Stop,3.0522727272727255,2.98181818181818,0.07045454545454545,40.3504,-80.1046
S31650,MAIN ST AT W LEHIGH AVE,Bus,Bus Stop,3.0522725,0.05,3.0022725,40.3809,-79.9066
S02170,5TH ST AT COCHRAN ST,Bus,Bus Stop,3.05,1.970454545454545,1.079545454545455,40.3665,-79.8479
S70619,GRANDVIEW AVE AT #39,Bus,Bus Stop,3.047727272727275,2.179545454545455,0.8681818181818199,40.3498,-79.8374
S24260,HWY RT 51 AT #3500,Bus,Bus Stop,3.043181818181819,0.9295454545454545,2.113636363636364,40.3731,-79.9821
E70763,LARIMER AVE AT SHETLAND ST,Bus,Bus Stop,3.0431816,0.7659091,2.2772725,40.4661,-79.9123
E55780,VERONA RD OPP MAPLE AVE,Bus,Bus Stop,3.04090925,0.42272725,2.618182,40.4798,-79.8394
E70252,EAST HILLS DR OPP WILNER DR,Bus,Bus Stop,3.04090915,2.6045455,0.43636365,40.4552,-79.8711
N36690,MT ROYAL BLVD OPP SCOTT AVE,Bus,Bus Stop,3.0409090199999995,0.06818182,2.9727271999999996,40.5391,-79.9722
E43860,OLD WILLIAM PENN HWY OPP GLENWOOD DR,Bus,Bus Stop,3.038636363636362,0.07272727272727275,2.965909090909089,40.4407,-79.7453
W18290,NOBLESTOWN RD OPP #640,Bus,Bus Stop,3.03636375,1.02272725,2.0136365,40.4159,-80.0707
E27580,BEATTY RD AT HAYMAKER RD FS,Bus,Bus Stop,3.034090909090908,0.093181818181818,2.94090909090909,40.4485,-79.7614
E39950,MONROEVILLE BLVD OPP BRINTON ST,Bus,Bus Stop,3.0340909090909074,2.461363636363635,0.5727272727272725,40.4248,-79.7902
E55050,UNIVERSAL RD AT WEBSTER DR,Bus,Bus Stop,3.0295455,0.025,3.0045455,40.4622,-79.8147
W10615,ISLAND AVE OPP #1179,Bus,Bus Stop,3.02954535,0.68863635,2.340909,40.4795,-80.0676
E09930,BRINTON AVE OPP TERRACE ST,Bus,Bus Stop,3.0204546999999997,2.3386365,0.6818182,40.4003,-79.8411
N71256,FERGUSON RD AT DUNCAN AVE NS,Bus,Bus Stop,3.0204545454545424,0.12272727272727275,2.89772727272727,40.5658,-79.9982
N50220,SOUTH SIDE AVE AT LAPPE LN,Bus,Bus Stop,3.011363775,2.9886365,0.022727275,40.4702,-79.9966
N22540,FREEPORT RD OPP MURRAY HILL RD,Bus,Bus Stop,3.011363636363638,0.390909090909091,2.620454545454547,40.5811,-79.7789
E10420,BRINTON RD OPP KINGS RD,Bus,Bus Stop,3.009090909090908,2.69090909090909,0.318181818181818,40.4276,-79.873
E48680,ROBINSON BLVD AT SUNRISE AVE,Bus,Bus Stop,3.00681815,2.6454545,0.36136365000000004,40.4512,-79.8683
S31700,MAIN ST OPP BOTSFORD ST,Bus,Bus Stop,3.0,0.525,2.475,40.3847,-79.9037
E17325,EAST HILLS DR AT SCHOOL DRVWY,Bus,Bus Stop,2.99318185,2.6045455,0.38863635,40.4539,-79.8731
N03995,7TH ST OPP NEW KEN HOSPITAL,Bus,Bus Stop,2.9909090909090903,1.45909090909091,1.53181818181818,40.5623,-79.7667
W10475,ISLAND AVE AT #1179,Bus,Bus Stop,2.9886363499999997,2.525,0.46363635,40.4795,-80.0677
X17670,SOUTHERN AVE OPP LELIA ST,Bus,Bus Stop,2.98636385,2.6477275000000002,0.33863635000000003,40.4215,-80.0127
E07630,BIGELOW BLVD AT HARDING WAY,Bus,Bus Stop,2.975,1.159091,1.815909,40.4567,-79.9636
W16640,NOBLESTOWN RD AT IDLEWOOD AVE,Bus,Bus Stop,2.975,1.143182,1.8318180000000002,40.4134,-80.0771
E04250,ARDMORE BLVD AT FAIRFAX RD,Bus,Bus Stop,2.972727272727272,0.2431818181818182,2.729545454545454,40.4222,-79.8547
E06440,BEELER ST AT UNGER LN,Bus,Bus Stop,2.97045445,2.55227265,0.41818180000000005,40.445,-79.9365
E34760,LEMINGTON AVE AT OBERLIN ST,Bus,Bus Stop,2.96590925,0.95227275,2.0136365,40.4671,-79.8902
E43030,OBERLIN ST OPP LEMINGTON AVE,Bus,Bus Stop,2.95909075,1.12272725,1.8363635,40.4671,-79.8901
N35940,MT ROYAL BLVD AT IRENE AVE,Bus,Bus Stop,2.9568183500000003,2.3295456000000003,0.6272727499999999,40.5107,-79.9569
W04150,CHARTIERS AVE EXT AT HOWARD ST,Bus,Bus Stop,2.9522727272727254,0.2,2.752272727272725,40.4679,-80.0841
E26660,HAMILTON AVE OPP LASCHALL ST,Bus,Bus Stop,2.94999985,0.28863635,2.6613635,40.4567,-79.907
E70325,COAL HOLLOW RD AT CLIFF DR,Bus,Bus Stop,2.949999775,0.07272727500000001,2.8772725,40.4635,-79.8442
S70532,SPENCER AVE OPP BEAU ST,Bus,Bus Stop,2.94772735,0.38863635,2.559091,40.3878,-79.9764
S48587,WEYMAN RD AT VILLAGE LN,Bus,Bus Stop,2.9454547750000004,0.047727275,2.8977275000000002,40.3599,-80.0008
N71279,FREEPORT RD AT HULTON BRIDGE FS,Bus,Bus Stop,2.945454545454545,2.195454545454545,0.75,40.5298,-79.8497
X18555,VANADIUM RD AT BOWER HILL RD FS,Bus,Bus Stop,2.945454545,2.85,0.095454545,40.3688,-80.0848
N12570,BUTLER ST OPP ISABELLA ST,Bus,Bus Stop,2.940909090909093,1.1590909090909092,1.7818181818181842,40.4945,-79.9465
W22576,STEUBENVILLE PIKE OPP WATERFORD DR,Bus,Bus Stop,2.9409089,2.35454525,0.58636365,40.4495,-80.1409
S70342,BOWMAN AVE AT JARVIS ST,Bus,Bus Stop,2.93636363636364,1.122727272727275,1.8136363636363648,40.3554,-79.8397
W14500,CORAOPOLIS RD OPP EHLE AVE,Bus,Bus Stop,2.93409090909091,1.513636363636365,1.420454545454545,40.4879,-80.107
X70054,BOGGS AVE AT SOFFEL ST,Bus,Bus Stop,2.9318180000000003,0.025,2.9068180000000003,40.4197,-80.0114
E49945,SALTSBURG RD AT MILLERS LN,Bus,Bus Stop,2.9295455500000003,2.8590910000000003,0.07045455,40.4752,-79.773
W70154,GRAND AVE AT FRONTIER STEEL,Bus,Bus Stop,2.9295455450000003,0.07045454500000001,2.8590910000000003,40.5095,-80.1223
S24000,HWY RT 51 AT OLD CLAIRTON RD FS (LARGE),Bus,Bus Stop,2.9295454545454565,0.4113636363636365,2.51818181818182,40.2944,-79.918
E59510,WOOD ST AT WALLACE AVE,Bus,Bus Stop,2.920454725,1.252272775,1.66818195,40.4444,-79.8843
E40990,MT CARMEL RD OPP PERSHING ST,Bus,Bus Stop,2.9181820499999995,2.8954547749999997,0.022727275,40.4657,-79.8763
E04240,ARDMORE BLVD AT CENTURION DR,Bus,Bus Stop,2.918181818181816,2.6840909090909073,0.23409090909090893,40.4222,-79.8541
E08051,BLACK ST OPP CHISLETT ST,Bus,Bus Stop,2.9113637,2.4545455,0.45681820000000006,40.4697,-79.9304
E52250,SHUMAN CENTER DR AT MAIN BLDG,Bus,Bus Stop,2.9113635,1.0022725000000001,1.909091,40.4808,-79.903
W25775,WINDGAP AVE AT SUMMERDALE ST FS,Bus,Bus Stop,2.9113635,2.3363635,0.575,40.4563,-80.0802
E58120,WINTERBURN AVE AT MINNESOTA ST,Bus,Bus Stop,2.90909115,1.76136365,1.1477275,40.4252,-79.9398
E52990,STANTON AVE OPP HOLMES ST,Bus,Bus Stop,2.90681835,2.668182,0.23863635,40.4775,-79.9528
W03610,CHARTIERS AVE AT NITTANY ST,Bus,Bus Stop,2.90681815,0.58636365,2.3204545,40.4475,-80.044
N04300,9TH AVE AT MORGAN ST,Bus,Bus Stop,2.904545454545457,2.722727272727275,0.181818181818182,40.6096,-79.7419
X17660,SOUTHERN AVE AT LELIA ST,Bus,Bus Stop,2.9000000000000004,1.3636365000000001,1.5363635,40.4218,-80.0126
E32870,JONES AVE OPP MAIN ST,Bus,Bus Stop,2.89772725,0.92727275,1.9704545,40.4075,-79.8569
N50230,SOUTH SIDE AVE AT LUELLA ST,Bus,Bus Stop,2.8909089999999997,2.840909,0.05,40.4699,-79.9978
W07280,FOREST GROVE RD AT CORAOPOLIS RD,Bus,Bus Stop,2.8886363636363654,0.325,2.5636363636363653,40.4812,-80.1065
S38350,PENN AVE AT #197,Bus,Bus Stop,2.8886363,0.1681818,2.7204544999999998,40.4141,-79.9834
X70024,MCFARLAND RD AT THE FIREPLACE & PATIO PLACE,Bus,Bus Stop,2.888636275,0.247727275,2.640909,40.3946,-80.0465
E53050,STANTON AVE OPP MCCANDLESS AVE,Bus,Bus Stop,2.88636385,1.5977275,1.28863635,40.4781,-79.9492
W08034,GREENTREE RD AT BANBURY LN,Bus,Bus Stop,2.8863636363636367,2.479545454545455,0.40681818181818197,40.4064,-80.0529
E70823,FOREST AVE AT DUQUESNE AVE,Bus,Bus Stop,2.886363636363635,0.07045454545454545,2.8159090909090896,40.3859,-79.7587
N28130,IVORY AVE AT EVERGREEN & PEOPLES PLANK RD,Bus,Bus Stop,2.8840908,0.09318180000000001,2.790909,40.4961,-80.0076
N16065,DIVISION ST OPP MARIE AVE,Bus,Bus Stop,2.8818181818181827,2.83409090909091,0.04772727272727275,40.5044,-80.0752
N20850,FREEPORT RD AT CALIFORNIA AVE,Bus,Bus Stop,2.879545454545455,2.854545454545455,0.025,40.6184,-79.7322
N22580,FREEPORT RD OPP ORR AVE,Bus,Bus Stop,2.8750000000000018,0.4363636363636365,2.4386363636363653,40.5404,-79.8118
S13075,COMMONWEALTH AVE AT RITE AID,Bus,Bus Stop,2.872727,1.3272724999999999,1.5454545,40.3829,-79.8771
W00530,5TH AVE AT OFFICE BLDG,Bus,Bus Stop,2.8704545454545474,2.372727272727275,0.49772727272727246,40.5149,-80.1576
X00760,BANKSVILLE RD AT CARNAHAN RD,Bus,Bus Stop,2.870454545,0.9704545450000001,1.9,40.4071,-80.0342
E59680,WOODSTOCK AVE OPP WOODSTOCK TERR,Bus,Bus Stop,2.8704545,2.1704545,0.7000000000000001,40.4148,-79.8741
S10620,CAMFIELD ST AT GOSSER ST,Bus,Bus Stop,2.8659090000000003,1.1045455,1.7613635,40.4064,-79.9982
W19454,ORCHARD SPRING RD AT BLACKBERRY DR,Bus,Bus Stop,2.8613635000000004,2.8613635000000004,0.0,40.3949,-80.0693
E70753,OAKDENE ST AT STRANAHAN ST,Bus,Bus Stop,2.8613635,1.2295455,1.631818,40.4619,-79.8909
N71334,CENTER AVE AT MILLER AVE,Bus,Bus Stop,2.8590909090909102,0.0,2.8590909090909102,40.5132,-80.0936
N21370,FREEPORT RD AT LEWIS AVE FS,Bus,Bus Stop,2.8590909090909102,2.663636363636365,0.19545454545454544,40.4973,-79.8558
X01250,BELTZHOOVER AVE AT EDGEMONT ST,Bus,Bus Stop,2.8590907750000003,2.7863635,0.07272727500000001,40.4226,-79.9975
S21600,GREENSPRINGS AVE OPP ROBERTA DR,Bus,Bus Stop,2.859090775,2.8363635,0.022727275,40.3858,-79.8801
N44700,PITTSBURGH ST AT MURRAYHILL AVE FS,Bus,Bus Stop,2.8545454545454527,2.536363636363635,0.318181818181818,40.541,-79.7956
W14320,CORAOPOLIS RD AT LONG VALLEY DR,Bus,Bus Stop,2.850000000000001,0.8159090909090909,2.03409090909091,40.4899,-80.1091
E20385,FRANKSTOWN AVE AT DORNBUSH ST,Bus,Bus Stop,2.8477272,0.8818182,1.965909,40.4551,-79.8799
S70520,AGNEW RD OPP LAFFERTY DR,Bus,Bus Stop,2.845454545454543,0.168181818181818,2.677272727272725,40.3979,-79.9693
E70998,UPLAND ST AT #7506,Bus,Bus Stop,2.831818,1.7363635,1.0954545,40.4609,-79.8897
X18730,VIRGINIA AVE AT BERTHA ST,Bus,Bus Stop,2.8318179999999997,0.025,2.806818,40.4315,-80.0122
N39620,OHIO RIVER BLVD AT DICKSON AVE,Bus,Bus Stop,2.829545454545453,0.543181818181818,2.286363636363635,40.5036,-80.0809
S70522,AGNEW RD AT CLOVERFIELD DR,Bus,Bus Stop,2.8272727272727254,0.0,2.8272727272727254,40.3988,-79.9647
S70133,BUTTERMILK HOLLOW RD AT LEBANON CHURCH RD,Bus,Bus Stop,2.81363615,0.21136365000000001,2.6022724999999998,40.3543,-79.9143
E19420,FORBES AVE AT CELERON ST,Bus,Bus Stop,2.80909085,2.6454545,0.16363634999999999,40.4398,-79.8956
E59670,WOODSTOCK AVE AT WOODSTOCK TERRACE,Bus,Bus Stop,2.80909075,1.0977272999999999,1.7113634500000001,40.4148,-79.8744
S70632,COMMONWEALTH AVE AT OVERLAND AVE,Bus,Bus Stop,2.80681818181818,1.09090909090909,1.71590909090909,40.3816,-79.8597
X08940,KATHLEEN ST OPP CRAIGHEAD ST,Bus,Bus Stop,2.8045455999999995,0.1659091,2.6386364999999996,40.4257,-79.9986
S70492,CHURCHVIEW AVE AT GREENGLEN DR,Bus,Bus Stop,2.804545454545455,2.804545454545455,0.0,40.384,-79.9528
S70417,MONONGAHELA AVE AT ARCH ST,Bus,Bus Stop,2.804545454545455,1.0681818181818201,1.736363636363635,40.3378,-79.8894
S70527,CUSTER AVE OPP MARY ST,Bus,Bus Stop,2.8045454545454533,0.28863636363636347,2.5159090909090898,40.3937,-79.9726
W10500,ISLAND AVE AT FRANKLIN INTERIORS,Bus,Bus Stop,2.7977273,0.3931818,2.4045455000000002,40.4834,-80.0711
N25500,HENDERSON ST AT JAMES ST STEPS,Bus,Bus Stop,2.795454545,0.220454545,2.575,40.4596,-80.0026
W21720,STEUBEN ST AT #1129,Bus,Bus Stop,2.790909095,1.0454545450000001,1.7454545499999998,40.4411,-80.0466
E70985,BLAIR ST AT SECOND AVE FS,Bus,Bus Stop,2.7886365,1.240909,1.5477275000000001,40.4271,-79.9557
W08460,HECKLE RD AT PINE HOLLOW RD,Bus,Bus Stop,2.786363636363638,2.1340909090909106,0.6522727272727272,40.4749,-80.0959
W70132,MCCOY RD AT S VIREO DR,Bus,Bus Stop,2.7863636363636353,2.74090909090909,0.04545454545454545,40.4775,-80.0952
N44000,PERRYSVILLE AVE OPP #1757,Bus,Bus Stop,2.7863634499999996,0.35454545,2.431818,40.46,-80.011
S70498,CHURCHVIEW AVE OPP WAIDLER AVE,Bus,Bus Stop,2.7795454545454525,2.5613636363636347,0.21818181818181798,40.3849,-79.974
S45040,ST JOSEPH ST OPP RATON ST,Bus,Bus Stop,2.779545275,0.097727275,2.681818,40.4135,-79.9806
S01520,4TH ST AT GRANT AVE,Bus,Bus Stop,2.7750000000000004,1.629545454545455,1.145454545454545,40.3726,-79.8489
S70320,HWY RT 885 OPP WALL RD FS,Bus,Bus Stop,2.772727272727273,0.143181818181818,2.629545454545455,40.307,-79.9043
E49770,SALTSBURG RD OPP FORD AVE,Bus,Bus Stop,2.772727225,2.57499995,0.19772727499999998,40.4767,-79.7827
E25366,GREENFIELD AVE OPP BLANTON ST STEPS FS,Bus,Bus Stop,2.7704547,2.4636365000000002,0.30681820000000004,40.4243,-79.9374
E02430,7TH ST AT PROSPECT AVE,Bus,Bus Stop,2.7704545454545437,2.7704545454545437,0.0,40.3864,-79.7525
N33540,MERCHANT ST AT PA JOB SERVICE,Bus,Bus Stop,2.7704545454545437,2.4363636363636347,0.334090909090909,40.5801,-80.2223
E34780,LEMINGTON AVE OPP PAULSON AVE,Bus,Bus Stop,2.768182,1.1954544999999999,1.5727275,40.47,-79.897
S70569,STILLEY RD AT HWY RT 51,Bus,Bus Stop,2.768181818181815,1.21590909090909,1.552272727272725,40.3613,-79.9822
E03550,ALLEGHENY RIVER BLVD AT SELDON AVE FS,Bus,Bus Stop,2.7681817,0.4568182,2.3113635,40.5084,-79.8426
E29920,HOMEWOOD AVE AT RACE ST,Bus,Bus Stop,2.76590895,1.5863635,1.17954545,40.4589,-79.8957
W17860,NOBLESTOWN RD OPP IDLEWOOD AVE,Bus,Bus Stop,2.7636364,1.7545455,1.0090909,40.4133,-80.0778
S70326,STATE ST AT MAPLE AVE,Bus,Bus Stop,2.7590909090909097,1.175,1.5840909090909099,40.2984,-79.8753
S70037,BROWNSVILLE RD AT SYLVANIA DR,Bus,Bus Stop,2.7590907,1.1568182,1.6022725,40.3218,-79.9952
N45905,RIDGE AVE OPP BRIGHTON RD,Bus,Bus Stop,2.7568183,0.1681818,2.5886365,40.4505,-80.0136
S70538,CHURCHVIEW AVE AT VILLAGE DR,Bus,Bus Stop,2.7545454545454553,0.07045454545454545,2.68409090909091,40.386,-79.9623
X08950,KATHLEEN ST OPP ESTELLA AVE,Bus,Bus Stop,2.7545452750000003,0.047727275,2.706818,40.4257,-80.001
E59430,WOOD ST AT ROSS AVE,Bus,Bus Stop,2.745454925,0.259090925,2.486364,40.4428,-79.8852
S32150,MAPLE ST AT ELIZA ST,Bus,Bus Stop,2.74318205,0.7204545499999999,2.0227275000000002,40.3961,-79.8813
S70639,AURILES ST AT KENNEDY AVE,Bus,Bus Stop,2.74318181818182,2.6681818181818198,0.075,40.3704,-79.8527
W22930,STEUBENVILLE PIKE OPP SUNSET DR,Bus,Bus Stop,2.74090905,1.29090905,1.45,40.4509,-80.1386
N71266,IVORY AVE OPP SCHERLING ST,Bus,Bus Stop,2.73863635,2.575,0.16363634999999999,40.496,-80.0073
E15520,COREY AVE AT MILLS AVE,Bus,Bus Stop,2.734090909090905,1.08181818181818,1.6522727272727251,40.4052,-79.8674
S70509,CLOVERFIELD DR AT AGNEW RD,Bus,Bus Stop,2.7318181818181797,2.68181818181818,0.05,40.3987,-79.9646
N36480,MT ROYAL BLVD OPP DEHAVEN AVE,Bus,Bus Stop,2.729545395,0.304545445,2.42499995,40.5511,-79.9714
E36268,LINCOLN HWY AT ISAAC ST FS,Bus,Bus Stop,2.7295453000000003,2.6613635,0.0681818,40.3775,-79.8018
S70495,CHURCHVIEW AVE AT WALTON RD FS,Bus,Bus Stop,2.727272727272725,2.727272727272725,0.0,40.3855,-79.9611
E70379,LEECHBURG RD OPP RICHEY DR,Bus,Bus Stop,2.7227273949999997,0.145454545,2.57727285,40.4862,-79.8148
N20520,FREEPORT RD AT 2ND ST,Bus,Bus Stop,2.722727272727273,2.527272727272728,0.19545454545454544,40.5749,-79.7779
X18580,VANADIUM DR AT VOLUNTEER FIRE COMPANY,Bus,Bus Stop,2.7204546,2.1295455,0.5909091,40.3746,-80.093
S45030,ST JOSEPH ST AT #184,Bus,Bus Stop,2.7181819999999997,2.7181819999999997,0.0,40.4134,-79.9837
W02870,CAROTHERS AVE AT WASHINGTON AVE,Bus,Bus Stop,2.7181818,0.1181818,2.6,40.3957,-80.087
E27510,HAWKINS AVE AT #504,Bus,Bus Stop,2.71590905,0.47045454999999997,2.2454545,40.4082,-79.8655
W14495,MIDDLETOWN RD AT WYNETTE ST,Bus,Bus Stop,2.7136362000000003,0.23181820000000003,2.481818,40.4512,-80.0679
S50263,WORTHINGTON AVE AT HWY RT 51 FS,Bus,Bus Stop,2.711363636363634,1.8068181818181799,0.9045454545454544,40.2907,-79.9129
X08851,KANE BLVD OPP HUGHES ST,Bus,Bus Stop,2.711363545,0.045454545,2.665909,40.3772,-80.0904
W24600,WASHINGTON PIKE AT ANDERSON EQUIPMENT,Bus,Bus Stop,2.706818181818184,2.109090909090911,0.5977272727272726,40.3645,-80.1092
X02290,BOWER HILL RD AT PAT HAVEN DR,Bus,Bus Stop,2.7045455,2.6295455,0.075,40.3733,-80.0755
E38667,MAPLE ST AT CHARLES ST,Bus,Bus Stop,2.70454525,2.4022725,0.30227275,40.4079,-79.8204
E34790,LEMINGTON AVE AT #7249,Bus,Bus Stop,2.70227295,1.9977274999999999,0.70454545,40.467,-79.8916
S70366,MONONGAHELA AVE AT 2ND ST,Bus,Bus Stop,2.7022727272727254,1.4159090909090901,1.286363636363635,40.3327,-79.8919
W14540,MIDDLETOWN RD OPP HODGSON AVE FS,Bus,Bus Stop,2.7022726500000003,0.16136365,2.540909,40.4458,-80.0601
W02800,CAROTHERS AVE AT CREEK AVE,Bus,Bus Stop,2.700000045,2.5045455,0.19545454499999998,40.4017,-80.0884
E20470,FRANKSTOWN AVE AT JULIUS ST,Bus,Bus Stop,2.7,0.87045455,1.8295454500000001,40.4596,-79.9115
N14645,N CHARLES ST AT #2562,Bus,Bus Stop,2.6977273999999998,0.3840909,2.3136365,40.4676,-80.0167
S31210,MAIN ST AT E EDNA ST,Bus,Bus Stop,2.695454775,2.5727275,0.12272727500000001,40.3932,-79.9002
S46480,VERSAILLES AVE OPP PACKER ST,Bus,Bus Stop,2.6954545454545475,2.072727272727275,0.6227272727272725,40.3457,-79.8477
S46450,VERSAILLES AVE OPP HAMILTON ST,Bus,Bus Stop,2.690909090909095,1.6227272727272748,1.0681818181818201,40.3454,-79.8442
W10165,INGRAM AVE AT MAINSGATE ST,Bus,Bus Stop,2.690909090909091,1.3727272727272726,1.3181818181818183,40.4461,-80.0676
W70179,UNIVERSITY BLVD AT TIGER TRAIL,Bus,Bus Stop,2.6886365,2.5886365,0.1,40.509,-80.223
S70604,LEBANON CHURCH RD AT CLOVERLEAF TOWERS,Bus,Bus Stop,2.6863636499999997,1.775,0.91136365,40.3427,-79.9647
E17720,EDGEWOOD AVE AT SAILOR PL FS,Bus,Bus Stop,2.67045475,2.40454565,0.2659091,40.4234,-79.8863
S24515,HWY RT 51 OPP OLD CLAIRTON RD,Bus,Bus Stop,2.670454545454548,2.397727272727275,0.27272727272727276,40.2945,-79.9178
E34270,LARIMER AVE AT APPLE ST,Bus,Bus Stop,2.66818185,2.3545455,0.31363635,40.4686,-79.9064
S06500,BLOSSOM RD AT MCANULTY RD,Bus,Bus Stop,2.661363636363635,2.661363636363635,0.0,40.3439,-79.9969
S39880,PROSPECT RD AT STILLEY RD,Bus,Bus Stop,2.6613636,2.3954545,0.2659091,40.3595,-79.9805
W03620,CHARTIERS AVE AT OETTING ST,Bus,Bus Stop,2.6613635999999996,0.3159091,2.3454544999999998,40.4579,-80.0673
E70864,FORWARD AVE AT BEECHWOOD BLVD,Bus,Bus Stop,2.659091045,0.19545454499999998,2.4636365,40.4279,-79.9162
S20000,CRAWFORD VILLAGE PL AT GRANDVIEW AVE,Bus,Bus Stop,2.6545454545454525,1.9818181818181801,0.6727272727272725,40.3511,-79.8375
S10510,BUTTERMILK HOLLOW RD OPP WALNUT DR,Bus,Bus Stop,2.65454544,0.8909090900000001,1.76363635,40.3563,-79.9116
W10620,ISLAND AVE OPP FRANKLIN INTERIORS,Bus,Bus Stop,2.6522729,2.293182,0.3590909,40.4833,-80.0711
N08430,BEAVER ST AT MCKOWN ST,Bus,Bus Stop,2.6500000000000017,2.213636363636365,0.4363636363636365,40.534,-80.1738
E55070,UNIVERSAL RD AT JOSLYN DR,Bus,Bus Stop,2.6477275000000002,0.0,2.6477275000000002,40.4631,-79.8027
N20510,FREEPORT RD AT 1ST ST,Bus,Bus Stop,2.647727272727273,2.1681818181818184,0.4795454545454545,40.5733,-79.7775
X00740,BANKSVILLE RD AT DAYS INN,Bus,Bus Stop,2.63636375,0.74772725,1.8886365,40.4195,-80.0299
E07770,BIGELOW BLVD OPP BLOOMFIELD BRIDGE,Bus,Bus Stop,2.6318184000000002,1.1090909,1.5227275,40.4586,-79.9575
S26950,JOSEPHINE ST AT #3033,Bus,Bus Stop,2.6318183,2.1386365,0.4931818,40.4219,-79.965
W70059,WEST BUSWAY AT IDLEWOOD STATION B,Busway,Busway Station,2.6318181818181796,2.434090909090907,0.19772727272727275,40.4263,-80.0727
N32980,MCKNIGHT RD AT U-HAUL,Bus,Bus Stop,2.629545625,0.422727275,2.20681835,40.5164,-80.0044
S50290,WORTHINGTON AVE OPP 9TH ST,Bus,Bus Stop,2.629545454545456,0.11590909090909099,2.513636363636365,40.2921,-79.8916
N25360,HAZELTON ST AT N CHARLES ST,Bus,Bus Stop,2.6272725,0.55,2.0772725000000003,40.4712,-80.0072
E29750,HOMEWOOD AVE AT HERMITAGE ST,Bus,Bus Stop,2.6227275,0.9227275,1.7,40.4602,-79.8952
E21080,FRANKSTOWN RD AT HIGHLAND RD,Bus,Bus Stop,2.6204544000000003,0.45909089999999997,2.1613635,40.4671,-79.8363
S44680,STILLEY RD AT HWY RT 51 FS,Bus,Bus Stop,2.61818181818182,1.238636363636365,1.379545454545455,40.3612,-79.9821
E70797,KIRKPATRICK ST AT ROSE ST,Bus,Bus Stop,2.6136365,1.243182,1.3704545,40.4445,-79.9757
S70602,BAUSMAN ST AT GEORGIA AVE,Bus,Bus Stop,2.6113637499999998,1.8386365,0.77272725,40.4143,-79.9948
S08170,BROWNSVILLE RD AT BAPTIST RD FS,Bus,Bus Stop,2.6113635,0.975,1.6363634999999999,40.3613,-79.9911
X04280,CEDAR BLVD OPP MAYFAIR DR,Bus,Bus Stop,2.6068182749999997,0.022727275,2.584091,40.371,-80.0598
E15470,COREY AVE AT 5TH ST,Bus,Bus Stop,2.602272727272725,2.077272727272725,0.525,40.4076,-79.8668
S01540,4TH ST AT VIOLA AVE,Bus,Bus Stop,2.5999999999999988,2.36590909090909,0.23409090909090902,40.3694,-79.8476
E36265,LINCOLN HWY AT JACKS RUN RD,Bus,Bus Stop,2.5977272,0.30681820000000004,2.290909,40.3683,-79.7806
S70414,MIFFLIN ST AT CHERRY ST,Bus,Bus Stop,2.5954544999999998,0.0,2.5954544999999998,40.3972,-79.8892
S70595,PIRL ST OPP BROWNLEE ST,Bus,Bus Stop,2.593181818181818,1.2022727272727276,1.3909090909090902,40.3521,-79.8448
X70068,LABELLE ST AT PIERMONT ST,Bus,Bus Stop,2.590909045,0.07045454500000001,2.5204545,40.4345,-80.016
N05380,AMITY DR AT LINGAY DR,Bus,Bus Stop,2.5886365,0.0,2.5886365,40.5475,-79.9946
E55530,VERONA RD AT MAPLE AVE,Bus,Bus Stop,2.5818182999999997,2.4386365,0.1431818,40.48,-79.8393
E20920,FRANKSTOWN RD AT CRAB HOLLOW RD,Bus,Bus Stop,2.57954565,0.33636365,2.243182,40.4618,-79.8488
S70408,CYPRESS ST AT OAK ST,Bus,Bus Stop,2.5795455,2.5795455,0.0,40.3941,-79.8876
E39080,MIDDLE AVE AT 4TH ST,Bus,Bus Stop,2.57727285,2.57727285,0.0,40.4007,-79.8164
W03350,CHARTIERS AVE AT DUBOIS ST,Bus,Bus Stop,2.57499985,2.1863635,0.38863635,40.4514,-80.0505
N71263,PERRYSVILLE AVE OPP CONNIE DR,Bus,Bus Stop,2.5727272727272714,0.8363636363636364,1.736363636363635,40.4963,-80.0199
N13780,CENTER AVE AT COLUMBIA AVE FS,Bus,Bus Stop,2.5727271500000004,0.28636364999999997,2.2863635,40.5202,-80.042
S27900,LEBANON CHURCH RD AT POLK AVE,Bus,Bus Stop,2.57045455,2.0909091,0.47954545000000004,40.3543,-79.9123
S46470,VERSAILLES AVE AT MAPLE ST,Bus,Bus Stop,2.55681818181818,1.88181818181818,0.675,40.3455,-79.8458
S37602,OLYMPIA SHOPPING CTR DR AT SAVE-A-LOT,Bus,Bus Stop,2.556818,0.9704545,1.5863635,40.322,-79.8354
S06620,BON AIR AVE AT CAMFIELD ST,Bus,Bus Stop,2.5522728,2.334091,0.21818179999999998,40.4103,-79.9979
E70449,FRANKSTOWN RD AT FRANKSTOWN GARDENS,Bus,Bus Stop,2.55227275,1.0045455,1.5477272499999999,40.4635,-79.8512
S50200,WORTHINGTON AVE AT 11TH ST FS,Bus,Bus Stop,2.552272727272726,2.4068181818181804,0.14545454545454545,40.2924,-79.896
N43660,PERRYSVILLE AVE OPP O'HERN ST,Bus,Bus Stop,2.5499998,0.21818179999999998,2.331818,40.4604,-80.013
S70361,BOWMAN AVE OPP JARVIS ST,Bus,Bus Stop,2.547727272727274,1.5181818181818199,1.0295454545454543,40.3555,-79.8397
S10610,CAMFIELD ST AT DRYCOVE ST,Bus,Bus Stop,2.5454545499999996,1.4659091,1.07954545,40.404,-79.9981
W70105,MAHONEY RD OPP HAWTHORNE DR,Bus,Bus Stop,2.543182045,0.07045454500000001,2.4727275,40.4424,-80.2115
E17790,EDGEWOOD TOWNE CENTRE AT RENT WAY,Bus,Bus Stop,2.543181818181816,1.8886363636363614,0.6545454545454548,40.4267,-79.8877
W70094,FOREST GROVE RD AT #324 (FLAMINGO LANDSCAPE),Bus,Bus Stop,2.536363636363638,2.388636363636365,0.14772727272727276,40.481,-80.1061
X08850,KANE BLVD AT HUGHES ST,Bus,Bus Stop,2.5340910450000003,2.4886365,0.045454545,40.3773,-80.0905
N20660,FREEPORT RD AT BARTSCH ST,Bus,Bus Stop,2.534090909090909,2.4363636363636365,0.09772727272727275,40.5858,-79.777
S30280,LONG RUN RD OPP SUNSET DR,Bus,Bus Stop,2.5295455,2.5045455,0.025,40.335,-79.8114
W11681,LINDSAY RD AT GREENTREE RD,Bus,Bus Stop,2.5295454,0.3590909,2.1704545,40.3862,-80.0843
E56190,WARDSONS ST AT CHURCHLAND ST,Bus,Bus Stop,2.527272775,2.2045455,0.322727275,40.472,-79.8974
E70843,HAZELWOOD AVE AT NANSEN ST,Bus,Bus Stop,2.524999775,2.1772725,0.347727275,40.4134,-79.9394
N26415,HILL ST AT LOCUST PL,Bus,Bus Stop,2.52272725,0.45227275,2.0704545,40.5422,-80.1786
S50264,WORTHINGTON AVE AT ONEIDA DR,Bus,Bus Stop,2.520454545454545,0.15,2.370454545454545,40.2946,-79.9057
E57165,WHIPPLE ST AT AURELIUS ST,Bus,Bus Stop,2.51818165,1.27727265,1.2409089999999998,40.4246,-79.8963
E70844,HAZELWOOD AVE AT GIDDINGS ST,Bus,Bus Stop,2.5136366,2.3727275,0.1409091,40.4146,-79.9393
N08380,BEAVER ST AT LEET ST FS,Bus,Bus Stop,2.513636363636364,0.884090909090909,1.629545454545455,40.5713,-80.2163
N14190,CENTER AVE AT TOWNSHIP RD,Bus,Bus Stop,2.51363635,2.1,0.41363635,40.5188,-80.0255
S12520,CLIMAX ST AT HABERMAN AVE,Bus,Bus Stop,2.5136363,1.9954545,0.5181818,40.4198,-80.0025
N28090,ITIN ST OPP GOEHRING ST,Bus,Bus Stop,2.513636275,0.8227272750000001,1.690909,40.4611,-79.9933
S70380,ST CLAIR AVE AT 8TH ST,Bus,Bus Stop,2.5113636363636367,1.5,1.0113636363636365,40.294,-79.891
S18000,PROVOST RD AT STEWART AVE,Bus,Bus Stop,2.5090907500000004,2.0249998500000004,0.4840909,40.3781,-79.9936
N50770,SPRING GARDEN OPP TELL ST,Bus,Bus Stop,2.5045455,2.4795455,0.025,40.4607,-79.9887
S28030,LEBANON CHURCH RD AT PLEASANT HILLS BLVD,Bus,Bus Stop,2.5045450000000002,2.404545,0.1,40.3449,-79.9611
E15490,COREY AVE AT CENTER ST,Bus,Bus Stop,2.502272727272729,1.8181818181818201,0.6840909090909091,40.4061,-79.8663
X70066,COCHRAN RD AT ARDEN RD,Bus,Bus Stop,2.4999997749999996,2.4772724999999998,0.022727275,40.3878,-80.0553
W16830,NOBLESTOWN RD AT MORANGE RD,Bus,Bus Stop,2.4977275,1.0136365,1.4840909999999998,40.4207,-80.067
E14330,CHURCH ST AT MONONGAHELA AVE,Bus,Bus Stop,2.4931818199999998,0.24545454500000002,2.247727275,40.422,-79.8903
E52840,STANTON AVE AT #4343,Bus,Bus Stop,2.4909092750000004,0.047727275,2.443182,40.4805,-79.9425
E10440,BRINTON RD OPP MCKELVEY RD,Bus,Bus Stop,2.488636363636366,1.8727272727272748,0.615909090909091,40.4254,-79.8691
N71293,BAKERSTOWN RD AT BP ENTRANCE FS,Bus,Bus Stop,2.488636363636365,2.488636363636365,0.0,40.6674,-79.7119
E70281,SALTSBURG RD OPP MONROEVILLE TRESTLE RD,Bus,Bus Stop,2.48863615,0.05,2.4386361500000002,40.4765,-79.7602
W14430,MIDDLETOWN RD AT #3206,Bus,Bus Stop,2.486363775,0.097727275,2.3886365,40.4509,-80.067
E34700,LEECHBURG RD AT SALTSBURG RD,Bus,Bus Stop,2.48181809,0.91590909,1.565909,40.4851,-79.8177
E58030,WILTSIE ST AT WARDSONS ST,Bus,Bus Stop,2.481818045,2.3613635,0.120454545,40.4726,-79.8967
W23184,SWALLOW HILL RD AT GREENTREE RD FS,Bus,Bus Stop,2.4795453,1.8113635000000001,0.6681817999999999,40.3908,-80.074
E70944,ELECTRIC AVE AT #1208,Bus,Bus Stop,2.475000095,0.847727295,1.6272728,40.4072,-79.8416
W70155,GRAND AVE AT #4700,Bus,Bus Stop,2.4750000500000002,1.7045455,0.77045455,40.5094,-80.1223
E28725,HERRON AVE AT RUTHVEN ST,Bus,Bus Stop,2.4749998499999997,0.9386363499999999,1.5363635,40.4592,-79.9659
S25580,INTERBORO AVE OPP PLAPORT ST,Bus,Bus Stop,2.472727275,2.375,0.097727275,40.3738,-79.9119
S70453,COCHRANS MILL RD AT BROWNSVILLE RD FS,Bus,Bus Stop,2.4704546,2.3795455,0.0909091,40.3251,-79.9857
S32920,BLOSSOM DR AT MCANULTY RD,Bus,Bus Stop,2.4681818181818196,0.0,2.4681818181818196,40.3438,-79.9972
W02440,BROADHEAD-FORDING RD OPP VILLAGE RD #2,Bus,Bus Stop,2.4681817500000003,0.92727275,1.540909,40.4499,-80.0806
S40570,RICHLAND AVE AT 6TH ST,Bus,Bus Stop,2.461363636363637,0.7431818181818185,1.7181818181818185,40.3505,-79.8951
E44420,OLD WILLIAM PENN HWY AT BAYHILL DR,Bus,Bus Stop,2.4590909090909077,2.4590909090909077,0.0,40.4418,-79.7498
W07390,FOREST GROVE RD AT ST MALACHY CHURCH,Bus,Bus Stop,2.4568181818181807,0.090909090909091,2.36590909090909,40.4799,-80.1042
E38730,MARK DR AT CALMAR DR FS,Bus,Bus Stop,2.45454545,1.9045454499999999,0.55,40.4697,-79.8742
S70236,DELWAR DR AT APPLEBEE'S DRVWY,Bus,Bus Stop,2.4522728,0.1431818,2.309091,40.349,-79.9478
N21140,FREEPORT RD AT FERRY ST FS,Bus,Bus Stop,2.452272727272728,0.28863636363636347,2.1636363636363645,40.5875,-79.7762
N71303,SEAVEY RD AT ELBE DR FS,Bus,Bus Stop,2.45227265,0.38636365,2.065909,40.4913,-79.9696
S70506,CLOVERFIELD DR AT EDWARD DR FS,Bus,Bus Stop,2.45,2.254545454545455,0.19545454545454544,40.3949,-79.9662
N22650,FREEPORT RD OPP RIDDLE RUN RD,Bus,Bus Stop,2.4454546,0.07500000000000001,2.3704546,40.5462,-79.7704
N28100,ITIN ST OPP HIGH ST,Bus,Bus Stop,2.4454543,2.2772725,0.1681818,40.4598,-79.9947
W10420,ISLAND AVE AT JOHN ST FS,Bus,Bus Stop,2.4431818181818197,0.05,2.39318181818182,40.4693,-80.0601
N04200,9TH AVE AT CORBET ST,Bus,Bus Stop,2.4431818,2.375,0.0681818,40.6049,-79.7535
S27410,KENNYWOOD BLVD AT GLENCAIRN ST,Bus,Bus Stop,2.440909275,1.0204545,1.420454775,40.3891,-79.868
N13175,CALIFORNIA AVE OPP KUNKLE WAY,Bus,Bus Stop,2.4386363500000003,2.325,0.11363635,40.4601,-80.026
S70568,LEBANON CHURCH RD AT PLEASANT HILLS BLVD,Bus,Bus Stop,2.438636045,0.12045454500000001,2.3181815,40.3447,-79.9613
E06140,BEECHWOOD BLVD AT #3825,Bus,Bus Stop,2.43181835,0.17045455,2.2613638,40.4283,-79.9309
W13420,MCCOY RD AT SHAFTER ST,Bus,Bus Stop,2.429545275,0.07272727500000001,2.356818,40.4808,-80.0792
N71335,CENTER AVE AT LOCUST AVE,Bus,Bus Stop,2.425,0.0,2.425,40.5134,-80.0952
N36370,MT ROYAL BLVD AT W GLENN AVE FS,Bus,Bus Stop,2.4227274999999997,2.02045475,0.40227274999999996,40.5214,-79.9596
E03150,AIRBRAKE AVE OPP 3RD ST,Bus,Bus Stop,2.422727295,0.9,1.522727295,40.3999,-79.8161
S09450,BROWNSVILLE RD OPP FELIX DR,Bus,Bus Stop,2.4227271,2.231818,0.1909091,40.35,-79.9876
E36440,LINCOLN HWY OPP LEUHM ST,Bus,Bus Stop,2.422727045,2.3022725,0.120454545,40.3705,-79.7861
S70365,MONONGAHELA AVE OPP 1ST ST,Bus,Bus Stop,2.4204545454545476,1.1431818181818199,1.2772727272727276,40.3345,-79.8911
E30175,HULTON RD AT 3RD ST,Bus,Bus Stop,2.420454545,0.095454545,2.325,40.526,-79.8425
X17729,SOUTHERN AVE OPP COWAN ST,Bus,Bus Stop,2.4204543,0.1181818,2.3022725,40.4276,-80.0089
X04485,COCHRAN RD AT BEVERLY RD,Bus,Bus Stop,2.4181818,0.09318180000000001,2.325,40.3874,-80.055
W11754,LINDSAY RD OPP CHERRY TREE DR,Bus,Bus Stop,2.415909,0.225,2.190909,40.3854,-80.0738
E55065,UNIVERSAL RD AT JOSLYN DR,Bus,Bus Stop,2.4136365,2.4136365,0.0,40.4633,-79.8025
S70530,SPENCER AVE AT MAKARY WAY,Bus,Bus Stop,2.4136365,0.1,2.3136365,40.3919,-79.9764
S70347,EAST PITTSBURGH-MCKEESPORT BLV OPP ORRIS RD,Bus,Bus Stop,2.4136364500000003,0.97954545,1.434091,40.369,-79.8307
S23020,HOMEVILLE RD AT DUQUESNE VILLAGE ENTRANCE #2,Bus,Bus Stop,2.41363635,0.23863635,2.175,40.3655,-79.8706
E42900,OAKWOOD ST AT KELLY ST,Bus,Bus Stop,2.41363625,0.74772725,1.665909,40.4532,-79.8855
W14580,MIDDLETOWN RD OPP STRATMORE ST,Bus,Bus Stop,2.41136365,0.28636364999999997,2.125,40.4447,-80.0585
N50610,SPRING GARDEN AVE OPP BASIN ST,Bus,Bus Stop,2.4113634999999998,2.3863635,0.025,40.4604,-79.9904
E01910,FIFTH AVE OPP BRENHAM ST,Bus,Bus Stop,2.4090909,1.34999999,1.05909091,40.4364,-79.9686
N18010,EAST ST AT ROYAL ST,Bus,Bus Stop,2.4068180999999997,0.8159091,1.590909,40.4658,-79.9996
X02560,BOWER HILL RD OPP HILLAIRE DR,Bus,Bus Stop,2.4,0.05,2.35,40.375,-80.0718
S12900,ZUPANCIC DR AT BROGLIE DR,Bus,Bus Stop,2.39772735,1.834091,0.56363635,40.3207,-79.9854
N08170,BEAVER ST AT BEAVER CT,Bus,Bus Stop,2.393182,1.9181819999999998,0.475,40.5364,-80.1767
X02640,BOWER HILL RD OPP SALEM DR,Bus,Bus Stop,2.39318165,0.21136365000000001,2.181818,40.3817,-80.0587
S34180,MIFFLIN RD AT LEBANON RD FS,Bus,Bus Stop,2.3886365449999998,0.24545454500000002,2.143182,40.3793,-79.9249
W00390,4TH AVE AT THORN ST,Bus,Bus Stop,2.386363636363635,0.4295454545454545,1.9568181818181802,40.5225,-80.1744
S03550,9TH AVE AT ANN ST,Bus,Bus Stop,2.3863636363636345,1.1545454545454543,1.2318181818181801,40.4073,-79.9084
X19460,WASHINGTON RD OPP CEDAR BLVD,Bus,Bus Stop,2.3840909999999997,2.359091,0.025,40.3814,-80.0442
E34268,LARIMER AVE AT APPLE ST,Bus,Bus Stop,2.38409075,0.65227275,1.731818,40.4685,-79.9065
E70953,BRERETON ST AT #3035,Bus,Bus Stop,2.38181805,0.42045455,1.9613635,40.4566,-79.9685
E09650,BRERETON ST AT #3028,Bus,Bus Stop,2.37954555,2.009091,0.37045455,40.4565,-79.9692
N32590,MCKNIGHT RD AT EVERGREEN RD,Bus,Bus Stop,2.3795450000000002,1.2272725,1.1522725,40.494,-80.0116
E70742,SILVERTON ST OPP TILDEN ST,Bus,Bus Stop,2.3772727500000004,1.27727275,1.1,40.4634,-79.8918
W24330,WASHINGTON AVE AT PRESTLEY RD,Bus,Bus Stop,2.377272727272727,0.4590909090909092,1.918181818181818,40.3627,-80.1105
N70011,NORTH HILLS VILLAGE AT BEST BUY,Bus,Bus Stop,2.3681815,0.8863635,1.481818,40.5237,-80.0066
E10390,BRINTON RD OPP FAIRFAX RD,Bus,Bus Stop,2.36590909090909,0.3,2.06590909090909,40.4215,-79.8613
E48520,REYNOLDS ST AT MURTLAND ST,Bus,Bus Stop,2.3636365450000003,0.295454545,2.068182,40.448,-79.9079
N71333,CENTER AVE AT VISTA ST,Bus,Bus Stop,2.363636363636365,0.025,2.338636363636365,40.5116,-80.0906
E10400,WOLFE AVE AT GENERAL BRADDOCK DR NS,Bus,Bus Stop,2.36363615,2.0022725,0.36136365000000004,40.4104,-79.8508
N42210,PERRY HWY AT CONNIE DR,Bus,Bus Stop,2.36136365,1.4931818,0.86818185,40.4965,-80.02
S70455,OLD ELIZABETH RD AT BLUEMONT DR,Bus,Bus Stop,2.36136355,2.215909,0.14545455000000002,40.3473,-79.9371
E04540,ATLANTIC AVE AT KINCAID ST,Bus,Bus Stop,2.3590909,1.825,0.5340909,40.4666,-79.938
W24610,WASHINGTON PIKE AT BERAM AVE FS,Bus,Bus Stop,2.356818181818182,2.168181818181818,0.18863636363636374,40.3689,-80.1019
S70542,CHURCHVIEW AVE AT CATHELL RD NS,Bus,Bus Stop,2.35681818181818,0.0,2.35681818181818,40.3845,-79.9497
N43740,PERRYSVILLE AVE AT #1749,Bus,Bus Stop,2.349999995,1.845454545,0.5045454500000001,40.46,-80.0117
S21470,GREENSPRINGS AVE AT ROBERTA DR,Bus,Bus Stop,2.3477275,0.0,2.3477275,40.386,-79.8803
X15270,REPUBLIC ST AT RUTLEDGE ST,Bus,Bus Stop,2.343182045,0.120454545,2.2227275,40.4404,-80.0252
E10290,WOLFE AVE AT TURNER DR,Bus,Bus Stop,2.3431818,2.15,0.19318180000000001,40.4077,-79.8491
N36200,MT ROYAL BLVD AT SCOTT AVE,Bus,Bus Stop,2.33863645,2.084091,0.25454545,40.5392,-79.9723
E53150,STANTON AVE OPP STEPS FS,Bus,Bus Stop,2.3318182499999995,1.7340909999999998,0.5977272499999999,40.4778,-79.9477
S70337,MONONGAHELA AVE AT 2ND ST,Bus,Bus Stop,2.3318181818181802,1.33181818181818,1.0,40.3325,-79.8918
E70875,GREENSBURG PIKE AT KLINE AVE,Bus,Bus Stop,2.32727275,1.6113636500000001,0.7159091,40.3977,-79.821
W70133,MCCOY RD AT N VIREO DR,Bus,Bus Stop,2.327272727272728,0.04772727272727275,2.279545454545455,40.4776,-80.0953
E48510,REYNOLDS ST AT MURTLAND ST,Bus,Bus Stop,2.3249997749999998,2.3022725,0.022727275,40.448,-79.9077
S27870,LEBANON CHURCH RD AT COUNTY AIRPORT ENTRANCE,Bus,Bus Stop,2.3227275,0.4,1.9227275,40.3504,-79.9268
S70504,CUSTER AVE AT MARY ST,Bus,Bus Stop,2.3227272727272745,2.2977272727272746,0.025,40.3936,-79.9727
E70439,SALTSBURG RD AT PIERSON RUN RD FS,Bus,Bus Stop,2.3204547499999997,1.96136385,0.3590909,40.4771,-79.7597
S27340,KENNEDY AVE OPP DELL ST,Bus,Bus Stop,2.320454545454543,0.19545454545454544,2.124999999999998,40.3664,-79.8573
E70381,LEECHBURG RD OPP CLOVERLEAF RD,Bus,Bus Stop,2.31590892,0.19318182,2.1227271,40.487,-79.8089
E58410,WILLIAM PENN HWY AT ELLIOTT RD,Bus,Bus Stop,2.3136363636363653,2.26818181818182,0.04545454545454545,40.434,-79.7323
W18250,NOBLESTOWN RD OPP PACE DR,Bus,Bus Stop,2.3113638,0.1181818,2.193182,40.4249,-80.0657
E70880,GREENSBURG PIKE AT CENTRAL AVE FS,Bus,Bus Stop,2.30909095,0.47954545000000004,1.8295455,40.3928,-79.8192
N71313,BROAD ST AT BANK ST FS,Bus,Bus Stop,2.304545545,0.24545454500000002,2.059091,40.5371,-80.184
S34280,MIFFLIN RD AT #669,Bus,Bus Stop,2.3045452749999997,0.247727275,2.056818,40.3819,-79.9285
E02990,AIRBRAKE AVE AT 7TH ST,Bus,Bus Stop,2.302272525,2.27954525,0.022727275,40.4018,-79.8195
S70375,STATE ST AT DIVISION AVE,Bus,Bus Stop,2.295454545454545,1.5,0.795454545454545,40.3069,-79.8865
N15698,CORPORATE DR OPP #5700,Bus,Bus Stop,2.286363636363638,0.04772727272727275,2.238636363636365,40.5635,-80.023
N40120,OHIO RIVER BLVD OPP DICKSON AVE,Bus,Bus Stop,2.2863636363636366,1.534090909090909,0.7522727272727275,40.5036,-80.0812
S10470,BUTTERMILK HOLLOW RD AT REMNANT WORLD,Bus,Bus Stop,2.28636347,0.41818182,1.8681816500000001,40.3553,-79.9129
S50255,WORTHINGTON AVE OPP PETERSON DR,Bus,Bus Stop,2.28409090909091,2.28409090909091,0.0,40.2939,-79.9032
E52910,STANTON AVE AT STEPS,Bus,Bus Stop,2.2840909,0.33409089999999997,1.95,40.4778,-79.9476
N36550,MT ROYAL BLVD AT GLENSHAW AVE,Bus,Bus Stop,2.2750000999999997,0.7227272499999999,1.55227285,40.5228,-79.9602
N50400,SPRING GARDEN AVE AT LAGER ST,Bus,Bus Stop,2.275,0.0,2.275,40.464,-79.9859
E17780,EDGEWOOD TOWNE CENTRE AT LAUNDRY ROOM,Bus,Bus Stop,2.2727272727272707,0.8045454545454545,1.468181818181816,40.4279,-79.8873
W02450,BROADHEAD-FORDING RD AT VILLAGE RD #2,Bus,Bus Stop,2.27272715,1.8363635,0.43636365,40.4497,-80.0807
W09620,HWY RT 51 AT EDGETOWN APTS,Bus,Bus Stop,2.27045454545455,1.122727272727275,1.1477272727272751,40.5,-80.1121
E05230,BEACON ST AT MURRAY AVE FS,Bus,Bus Stop,2.2659092000000003,0.2568182,2.009091,40.4348,-79.9221
E57990,WILNER DR AT #2278,Bus,Bus Stop,2.2659091,0.4659091,1.8,40.4544,-79.8697
S46970,WALNUT ST OPP 33RD AVE,Bus,Bus Stop,2.2659090909090898,0.025,2.24090909090909,40.33,-79.8422
N20200,FOREST AVE OPP #550,Bus,Bus Stop,2.2659090909090884,1.6022727272727249,0.6636363636363635,40.5009,-80.0543
N52550,TROY HILL RD AT CHESTNUT ST,Bus,Bus Stop,2.2636364,1.3545455,0.9090909,40.4555,-79.9944
E70017,LINDEN AVE AT CABLE AVE,Bus,Bus Stop,2.263636363636366,1.672727272727275,0.5909090909090908,40.3998,-79.8356
S24015,HWY RT 51 AT PETERS CREEK RD,Bus,Bus Stop,2.2613636363636367,0.9363636363636365,1.325,40.2923,-79.9154
S23625,HWY RT 51 AT COAL VALLEY RD,Bus,Bus Stop,2.2613636363636354,1.84090909090909,0.42045454545454547,40.3131,-79.9385
E27520,HAWKINS AVE AT #509,Bus,Bus Stop,2.25909105,1.7886365,0.47045454999999997,40.4083,-79.8655
N08810,BEAVER ST OPP OAK DR,Bus,Bus Stop,2.2590909090909115,1.9977272727272752,0.26136363636363646,40.5625,-80.2041
N20530,FREEPORT RD AT 3RD ST,Bus,Bus Stop,2.2590909090909093,2.188636363636364,0.07045454545454545,40.577,-79.7784
N71277,GAMMA DR AT COMFORT INN DRVWY,Bus,Bus Stop,2.25909068,2.09318159,0.16590908999999998,40.501,-79.861
W01860,BERRY ST AT WINDGAP AVE,Bus,Bus Stop,2.25681825,0.42272725,1.834091,40.4479,-80.0684
N22130,FREEPORT RD OPP 3RD ST,Bus,Bus Stop,2.2568181818181823,0.24545454545454543,2.0113636363636367,40.5769,-79.7783
W23187,SWALLOW HILL RD AT HOPE HOLLOW RD,Bus,Bus Stop,2.250000045,0.570454545,1.6795455000000001,40.3912,-80.0742
S70525,CLOVERFIELD DR AT EDWARD DR,Bus,Bus Stop,2.25,0.45,1.8,40.3949,-79.9664
E70331,UPLAND ST AT APPLE ST,Bus,Bus Stop,2.2499998999999997,1.590909,0.6590909,40.4619,-79.8937
E25960,GROVE RD AT CHASKE ST,Bus,Bus Stop,2.24999985,1.7022726,0.54772725,40.4748,-79.8715
N45080,PITTVIEW AVE AT TEUTONIA ST,Bus,Bus Stop,2.240909,0.05,2.190909,40.469,-79.9828
S35490,ARLINGTON AVE OPP ROANOKE ST,Bus,Bus Stop,2.2386362749999997,2.1409089999999997,0.097727275,40.4253,-79.9905
W11664,LINDSAY RD AT CHERRY TREE DR,Bus,Bus Stop,2.2363635,2.1613634999999998,0.075,40.3854,-80.0739
E46850,PENN AVE OPP WEBER ST,Bus,Bus Stop,2.2340911,0.1681818,2.0659093,40.4419,-79.8691
E70748,TILDEN ST OPP #7110,Bus,Bus Stop,2.22045455,1.09545455,1.125,40.4648,-79.895
N40810,PARKER ST AT SOOSE RD,Bus,Bus Stop,2.22045445,1.590909,0.62954545,40.4942,-79.9629
S19230,GARDENVILLE RD AT KOEFFLER DR,Bus,Bus Stop,2.2181818181818196,2.2181818181818196,0.0,40.3478,-80.0076
E55180,UNIVERSAL RD AT HAZEL RD FS,Bus,Bus Stop,2.2181817749999997,0.147727275,2.0704545,40.4612,-79.8129
E49600,SALTSBURG RD AT ASTER ST,Bus,Bus Stop,2.21818165,0.83636365,1.381818,40.4839,-79.8148
E39150,MIDDLE AVE AT MAPLE AVE,Bus,Bus Stop,2.211363645,1.9409091,0.27045454500000005,40.3967,-79.8101
S70428,GRANDVIEW AVE AT BROWNLEE ST,Bus,Bus Stop,2.2113636363636346,1.78181818181818,0.4295454545454545,40.3489,-79.8372
E46905,PENN CENTER BLVD AT PENN TOWERS (LOWER),Bus,Bus Stop,2.2090908000000002,2.140909,0.0681818,40.4246,-79.814
S70620,STATE ST AT LOCUST AVE FS,Bus,Bus Stop,2.204545454545455,1.6795454545454551,0.525,40.3075,-79.8875
S18030,FAIRHAVEN RD OPP STEWART AVE,Bus,Bus Stop,2.20227285,0.50227275,1.7000001,40.3782,-79.9937
E09180,BRADDOCK AVE AT KEYSTONE COMMONS PORTAL 7,Bus,Bus Stop,2.202272745,0.465909095,1.73636365,40.402,-79.8321
S70374,OHIO AVE OPP WALL ST,Bus,Bus Stop,2.202272727272726,0.090909090909091,2.111363636363635,40.3172,-79.8897
E11160,BRYANT ST AT MELLON ST,Bus,Bus Stop,2.1886365,2.1636365,0.025,40.4764,-79.9215
E70961,6TH ST AT MARGARETTA ST,Bus,Bus Stop,2.1863636363636365,1.0136363636363634,1.172727272727273,40.4043,-79.8669
E70333,UPLAND ST OPP APPLE ST,Bus,Bus Stop,2.18409105,0.52045455,1.6636365,40.4619,-79.8938
E42960,OAKWOOD ST OPP KELLY ST,Bus,Bus Stop,2.184091,1.4113635,0.7727275,40.4528,-79.8853
S47570,WARRINGTON AVE AT DELMONT AVE FS,Bus,Bus Stop,2.184090975,0.26363637500000003,1.9204546,40.4208,-80.0047
S13980,CURRY RD OPP LAUREL DR,Bus,Bus Stop,2.18409090909091,2.18409090909091,0.0,40.3443,-79.9921
S35250,ARLINGTON AVE AT FREELAND ST,Bus,Bus Stop,2.17954535,1.01363635,1.165909,40.4193,-79.9895
E10710,BROADWAY BLVD OPP QUARRY RD,Bus,Bus Stop,2.1750000000000025,0.7522727272727274,1.422727272727275,40.3964,-79.7937
N44060,PERRYSVILLE AVE OPP #3358,Bus,Bus Stop,2.1727272,0.965909,1.2068182,40.4812,-80.0135
S70628,BOWMAN AVE AT CHESTUT AVE,Bus,Bus Stop,2.1704545454545467,1.50909090909091,0.6613636363636366,40.359,-79.8342
S50350,YESTER SQ AT CRAIG ST,Bus,Bus Stop,2.170454545454546,1.979545454545455,0.190909090909091,40.3495,-79.8397
E32302,JAMES ST AT BOONE DR,Bus,Bus Stop,2.1681817,1.6613635,0.5068182,40.4149,-79.8158
E10180,WOLFE AVE AT MARY ST,Bus,Bus Stop,2.1681816499999997,0.13636365,2.031818,40.4069,-79.8479
E20910,FRANKSTOWN RD OPP CRAB HOLLOW RD,Bus,Bus Stop,2.1659091,2.025,0.1409091,40.4619,-79.8488
N22070,FREEPORT RD AT MAIN ENTRANCE (WATERWORKS),Bus,Bus Stop,2.1659090450000003,0.8613636,1.304545445,40.4871,-79.8864
X09320,LABELLE ST OPP SYCAMORE ST,Bus,Bus Stop,2.165909,2.165909,0.0,40.4333,-80.0163
N50645,SPRING GARDEN AVE OPP MAUCH ST,Bus,Bus Stop,2.1636365,2.0636365,0.1,40.4717,-79.9866
E70952,PARK AVE AT MONTIER ST,Bus,Bus Stop,2.1636364,0.88636365,1.27727275,40.4447,-79.8746
N14780,N CHARLES ST OPP SHELTON AVE,Bus,Bus Stop,2.15909085,0.11363635,2.0454545,40.4705,-80.0113
N21380,FREEPORT RD AT LEWIS AVE,Bus,Bus Stop,2.154545454545455,0.1,2.054545454545455,40.4971,-79.856
S47070,WALNUT ST AT 7TH AVE FS,Bus,Bus Stop,2.1545454545454543,1.7295454545454545,0.425,40.3489,-79.8646
W01204,BEAVER GRADE RD OPP AIKEN RD,Bus,Bus Stop,2.15227285,0.48863635,1.6636365,40.4552,-80.1363
S70418,MONONGAHELA AVE OPP ARCH ST,Bus,Bus Stop,2.1522727272727273,1.55,0.6022727272727275,40.3379,-79.8894
S23900,HWY RT 51 AT WRAY LARGE RD,Bus,Bus Stop,2.1500000000000012,1.90909090909091,0.240909090909091,40.3004,-79.9225
N44050,PERRYSVILLE AVE OPP #3418,Bus,Bus Stop,2.1431815999999997,1.9522724999999999,0.1909091,40.4827,-80.0134
N35900,MT ROYAL BLVD AT HOFFMAN ST FS,Bus,Bus Stop,2.1409091,1.3909091,0.75,40.5225,-79.96
N08825,BEAVER RD OPP QUAKER RD,Bus,Bus Stop,2.1409090909090907,0.7613636363636365,1.3795454545454544,40.5484,-80.1895
N32740,MCKNIGHT RD AT MCKNIGHT-IVORY BLDG,Bus,Bus Stop,2.13863635,1.02272725,1.1159091,40.5014,-80.0114
N71235,CORBET ST AT 9TH AVE,Bus,Bus Stop,2.138636275,0.047727275,2.090909,40.6048,-79.7535
W04070,CHARTIERS AVE AT UNIVERSAL ST,Bus,Bus Stop,2.13636355,1.07045455,1.065909,40.4537,-80.0608
N18590,ESSEN ST AT SUNSET AVE,Bus,Bus Stop,2.1363635,2.1113635,0.025,40.4733,-80.0008
S70186,KENNEDY AVE AT 4TH ST,Bus,Bus Stop,2.134090909090907,1.152272727272725,0.981818181818182,40.3713,-79.8486
S38460,PENNSYLVANIA AVE AT CARNEGIE ST,Bus,Bus Stop,2.13409075,0.34772725,1.7863635,40.3622,-79.8561
X02350,BOWER HILL RD AT #736,Bus,Bus Stop,2.1295454545454553,2.08409090909091,0.04545454545454545,40.3586,-80.1039
E21020,FRANKSTOWN RD AT ERHARDT DR,Bus,Bus Stop,2.12727295,1.7227275,0.40454545,40.4659,-79.8386
N71330,CHURCH AVE AT DALZELL AVE,Bus,Bus Stop,2.127272727272728,0.02272727272727275,2.104545454545455,40.5091,-80.0849
S70397,LEWIS RUN RD OPP MON VALLEY SCHOOL DRVWY,Bus,Bus Stop,2.125000045,0.270454545,1.8545455,40.3243,-79.9401
W04140,CHARTIERS AVE EXT AT HOWARD ST,Bus,Bus Stop,2.1227272727272704,2.077272727272725,0.04545454545454545,40.4679,-80.0844
E34080,LAKETON RD AT SOUTHERN AVE,Bus,Bus Stop,2.1181818,0.1431818,1.975,40.4579,-79.8515
W70128,GREENTREE RD AT VIRGINIA MANSIONS,Bus,Bus Stop,2.118181775,0.222727275,1.8954545,40.3916,-80.0712
S38470,PENNSYLVANIA AVE AT CARNEGIE ST,Bus,Bus Stop,2.1136365,1.7386365000000001,0.375,40.3621,-79.8564
W23182,SWALLOW HILL RD AT FOXCROFT RD,Bus,Bus Stop,2.1136365,2.0886365000000002,0.025,40.3991,-80.0742
N50320,SPRING GARDEN AVE AT ARCOLA WAY,Bus,Bus Stop,2.11363645,1.459091,0.65454545,40.4602,-79.9915
E21510,FRANKSTOWN RD AT WILSON DR NS,Bus,Bus Stop,2.11363625,1.7613635,0.35227275,40.4668,-79.8372
W10340,ISLAND AVE AT #1470,Bus,Bus Stop,2.111363545,0.045454545,2.065909,40.4869,-80.0763
X17653,SOUTHERN AVE AT #221,Bus,Bus Stop,2.1113635,0.95,1.1613635,40.4238,-80.011
X12684,OXFORD DR AT HOME DEPOT,Bus,Bus Stop,2.10681818181818,0.0,2.10681818181818,40.3446,-80.0497
E36480,LINCOLN HWY AT MOTEL,Bus,Bus Stop,2.1045456000000002,0.0909091,2.0136365,40.378,-79.8033
W05921,CRENNELL AVE AT W CRAFTON AVE,Bus,Bus Stop,2.1045454545454545,1.75,0.3545454545454545,40.4367,-80.0691
S48680,WHITAKER ST AT OAK ST,Bus,Bus Stop,2.1022727999999997,0.5931818,1.509091,40.3962,-79.8836
N08390,BEAVER ST AT LITTLE ST,Bus,Bus Stop,2.1022724999999998,1.075,1.0272725,40.5424,-80.1834
N70173,PATRIOT WAY AT DELAFIELD RD,Bus,Bus Stop,2.0977274999999995,2.0477274999999997,0.05,40.497,-79.8909
N36740,MT ROYAL BLVD OPP WOODLAND AVE,Bus,Bus Stop,2.097727425,0.37272727499999997,1.72500015,40.5379,-79.9721
E20760,FRANKSTOWN AVE OPP INWOOD ST,Bus,Bus Stop,2.09772725,0.6545454500000001,1.4431818,40.4581,-79.9048
S70512,AGNEW RD OPP JOSEPH ST,Bus,Bus Stop,2.095454545454548,2.022727272727275,0.07272727272727275,40.3963,-79.9715
N14020,CENTER AVE AT PENNSYLVANIA AVE,Bus,Bus Stop,2.095454545454545,0.0,2.095454545454545,40.5132,-80.0998
S33650,MELLON ST AT HIGHLAND AVE,Bus,Bus Stop,2.095454525,1.22954545,0.865909075,40.3631,-79.859
E10480,WOLFE AVE OPP TURNER DR NS,Bus,Bus Stop,2.0954543,0.1681818,1.9272725,40.408,-79.8494
S70362,MONONGAHELA AVE OPP LINCOLN ST,Bus,Bus Stop,2.09318181818182,1.245454545454545,0.8477272727272751,40.3402,-79.8879
N19540,FERGUSON RD AT LINWOOD DR #1,Bus,Bus Stop,2.0909090909090904,1.8227272727272723,0.268181818181818,40.5581,-79.9848
W11735,LINDSAY RD AT WYNNECLIFF DR #2,Bus,Bus Stop,2.0886365000000002,0.0,2.0886365000000002,40.3838,-80.0803
S46130,VERSAILLES AVE AT CRAIG ST,Bus,Bus Stop,2.088636363636363,1.470454545454545,0.6181818181818179,40.3451,-79.8393
X08910,KATHLEEN ST AT CRAIGHEAD ST,Bus,Bus Stop,2.084091045,2.0136365,0.07045454500000001,40.4257,-79.9987
E34820,LEMINGTON AVE OPP #7249,Bus,Bus Stop,2.084091,0.675,1.409091,40.467,-79.8917
W22870,STEUBENVILLE PIKE AT MCCORMICK RD FS,Bus,Bus Stop,2.0818181749999995,2.0590908999999997,0.022727275,40.4492,-80.1244
E52710,STANTON AVE AT HOLMES ST,Bus,Bus Stop,2.081818,0.0,2.081818,40.4776,-79.9527
N71318,CORNELL AVE AT #1718,Bus,Bus Stop,2.081818,2.081818,0.0,40.512,-80.0453
N25490,HENDERSON ST AT CARRIE ST,Bus,Bus Stop,2.0772728000000003,0.6431818,1.434091,40.4613,-80.0016
N16742,DUNCAN AVE OPP ROYAL MANOR CT #1,Bus,Bus Stop,2.077272727272729,1.8000000000000014,0.2772727272727275,40.5666,-80.0037
S23515,HWY RT 51 AT DICK CORPORATION DR,Bus,Bus Stop,2.077272727272728,0.02272727272727275,2.054545454545455,40.2924,-79.9157
W13613,MCKEES ROCKS RD AT HECKLE RD FS,Bus,Bus Stop,2.074999999999998,0.268181818181818,1.8068181818181799,40.4707,-80.092
N08450,BEAVER ST AT NEVIN AVE,Bus,Bus Stop,2.0749999000000003,0.43409090000000006,1.6409090000000002,40.5364,-80.1766
S70464,OLD ELIZABETH RD OPP BLUEMONT DR,Bus,Bus Stop,2.0749997749999998,0.022727275,2.0522725,40.3474,-79.9369
E33870,LAKETON RD AT CHURCHILL AVE,Bus,Bus Stop,2.0704547,0.2068182,1.8636365,40.4577,-79.8502
E70849,HAZELWOOD AVE AT EMAHLEA ST,Bus,Bus Stop,2.065909275,0.097727275,1.9681819999999999,40.4181,-79.9367
W16030,NOBLE AVE OPP SIDNEY ST,Bus,Bus Stop,2.065909090909093,0.268181818181818,1.797727272727275,40.4379,-80.0633
S25530,INTERBORO AVE AT PLAPORT ST,Bus,Bus Stop,2.065909,0.1,1.965909,40.3738,-79.9119
S25660,IRVINE ST AT TULLYMET ST,Bus,Bus Stop,2.0613636,1.7704545,0.29090910000000003,40.4145,-79.9459
W70181,UNIVERSITY BLVD AT PATTON DR,Bus,Bus Stop,2.06136345,1.856818,0.20454545,40.5061,-80.2231
X02620,BOWER HILL RD OPP PAT HAVEN DR,Bus,Bus Stop,2.0545456,0.1659091,1.8886365,40.3734,-80.0755
S34400,MIFFLIN RD OPP #5419,Bus,Bus Stop,2.05454545,0.025,2.02954545,40.3682,-79.9105
N13190,CALIFORNIA AVE OPP MARVISTA ST NS,Bus,Bus Stop,2.0545453499999997,1.890909,0.16363634999999999,40.4611,-80.0285
S30240,LONG RUN RD AT COOLSPRINGS RD,Bus,Bus Stop,2.049999775,0.07272727500000001,1.9772725,40.3329,-79.8136
W70092,FOREST GROVE RD AT #1764 (PLAZA),Bus,Bus Stop,2.047727272727275,0.98409090909091,1.063636363636365,40.4762,-80.1008
E70323,COAL HOLLOW RD AT OLD COAL HOLLOW RD #2,Bus,Bus Stop,2.0477272,0.4068182,1.6409090000000002,40.4621,-79.8425
S23915,HWY RT 51 AT LARGE VFD,Bus,Bus Stop,2.0431818181818184,0.2636363636363635,1.779545454545455,40.3006,-79.9236
S17050,ELIZA ST AT CORBIN ST FS,Bus,Bus Stop,2.03636385,0.91363635,1.1227274999999999,40.3875,-79.8749
S35470,ARLINGTON AVE AT NEWTON ST,Bus,Bus Stop,2.036363545,1.965909,0.07045454500000001,40.4265,-79.9929
E10287,BRINTON RD AT #1584,Bus,Bus Stop,2.034090909090911,0.11590909090909099,1.9181818181818198,40.4128,-79.8577
E70382,LEECHBURG RD OPP COURTNEY DR,Bus,Bus Stop,2.03181815,0.2409091,1.79090905,40.4868,-79.8045
W70091,CHARTIERS AVE EXT AT HECKLE RD,Bus,Bus Stop,2.025,0.0,2.025,40.4706,-80.0911
W22420,STEUBENVILLE PIKE AT PALOMINO DR FS,Bus,Bus Stop,2.0227275,1.9977274999999999,0.025,40.4418,-80.1983
N51620,SUNSET AVE AT NORRIS ST,Bus,Bus Stop,2.02272725,0.25227275,1.7704545,40.4712,-80.0007
E36260,LINCOLN HWY AT JACKS RUN RD FS,Bus,Bus Stop,2.02045475,1.7477274999999999,0.27272725,40.3685,-79.7808
E53470,STEVENSON ST AT LOCUST ST,Bus,Bus Stop,2.02045475,0.45227275,1.568182,40.4368,-79.9866
N71331,CHURCH AVE AT PERRYSVILLE AVE,Bus,Bus Stop,2.020454545454545,0.025,1.995454545454545,40.5103,-80.0869
E10220,BRINTON RD AT RIDGE RD,Bus,Bus Stop,2.015909090909091,1.225,0.790909090909091,40.4199,-79.8589
W23091,SUMMIT PARK DR OPP #20,Bus,Bus Stop,2.0136365,0.0,2.0136365,40.4529,-80.1934
E20600,FRANKSTOWN AVE AT PUTNAM ST,Bus,Bus Stop,2.013636225,0.511363625,1.5022726,40.46,-79.9125
W23190,SWALLOW HILL RD AT ROBIN DR,Bus,Bus Stop,2.0113635,1.9863635,0.025,40.3951,-80.0767
N21200,FREEPORT RD AT GLASSMERE GAS STATION,Bus,Bus Stop,2.0090908250000004,1.9386362750000001,0.07045455,40.5606,-79.773
S70341,MONONGAHELA AVE AT LINCOLN ST,Bus,Bus Stop,2.006818181818185,1.16818181818182,0.838636363636365,40.3399,-79.888
S17730,EVANS ST AT LAMONT ST,Bus,Bus Stop,2.0068181818181836,1.71818181818182,0.28863636363636347,40.3467,-79.8493
X70077,BOGGS AVE OPP MINSINGER ST,Bus,Bus Stop,2.0022728499999998,1.8386364999999998,0.16363634999999999,40.4185,-80.0121
E17940,ELECTRIC AVE AT GREEK CATHOLIC CHURCH,Bus,Bus Stop,1.9954547450000002,0.2068182,1.7886365450000001,40.4029,-79.8375
S70338,MONONGAHELA AVE AT 1ST ST,Bus,Bus Stop,1.9954545454545465,1.0363636363636366,0.9590909090909099,40.3342,-79.8911
S45010,ST JOSEPH ST AT RATON ST,Bus,Bus Stop,1.995454545,1.925,0.07045454500000001,40.4135,-79.9806
S70510,AGNEW RD AT ACADEMY CHARTER SCHOOL DRVWY,Bus,Bus Stop,1.9909090909090903,1.870454545454545,0.12045454545454545,40.3994,-79.9676
S35510,ARLINGTON AVE AT #1047,Bus,Bus Stop,1.9886365,1.9386364999999999,0.05,40.4235,-79.9891
N70099,MCKNIGHT RD AT JAREDS JEWELERS DRVWY,Bus,Bus Stop,1.9886364,1.43636365,0.55227275,40.5395,-80.012
E06030,BEECHWOOD BLVD AT NICHOLSON ST,Bus,Bus Stop,1.98636365,0.92954545,1.0568182,40.4304,-79.9153
N37070,MT TROY RD AT MT TROY RD EXT,Bus,Bus Stop,1.9863635000000002,0.05,1.9363635000000001,40.4957,-80.0003
W03895,CHARTIERS AVE OPP DANLEY ST,Bus,Bus Stop,1.9818182750000002,1.784091,0.19772727499999998,40.4495,-80.0449
N20860,FREEPORT RD AT CALIFORNIA AVE,Bus,Bus Stop,1.9818181818181804,0.09545454545454546,1.886363636363635,40.6181,-79.7324
S50310,WORTON BLVD AT CONLIN ST,Bus,Bus Stop,1.981818,0.15,1.8318180000000002,40.3629,-79.8707
E20800,FRANKSTOWN AVE OPP WILKINSBURG AVE,Bus,Bus Stop,1.9795455999999998,1.8136364999999999,0.1659091,40.4582,-79.8758
W25350,WASHINGTON PIKE OPP #1375,Bus,Bus Stop,1.9795454545454545,1.247727272727273,0.7318181818181816,40.3794,-80.0959
N19660,FERGUSON RD OPP FOXCROFT LN,Bus,Bus Stop,1.977272727272725,0.02272727272727275,1.9545454545454524,40.5651,-79.9958
X04040,CEDAR BLVD AT GREENHURST DR,Bus,Bus Stop,1.97499995,0.35454545,1.6204545,40.3753,-80.0567
E70297,BRYN MAWR RD AT ANDOVER TERR,Bus,Bus Stop,1.968182,0.475,1.493182,40.4502,-79.957
S70541,CHURCHVIEW AVE AT MARY ANN DR FS,Bus,Bus Stop,1.9681818181818203,0.05,1.9181818181818202,40.384,-79.953
X19505,WASHINGTON RD AT FLORENCE PL,Bus,Bus Stop,1.965909275,0.022727275,1.943182,40.3845,-80.0439
S25160,HWY RT 885 AT HUSTON DR,Bus,Bus Stop,1.9636367749999997,1.9159094999999997,0.047727275,40.3384,-79.9377
E51360,SHADY AVE AT HIGHMONT RD,Bus,Bus Stop,1.96136365,1.1818182,0.7795454500000001,40.4499,-79.9208
W00440,4TH AVE OPP KENDALL ST,Bus,Bus Stop,1.9545454545454546,0.725,1.2295454545454545,40.52,-80.1678
N36930,MT TROY RD AT BECKERT ST,Bus,Bus Stop,1.9477275,1.9227275000000001,0.025,40.4703,-79.9822
N43650,PERRYSVILLE AVE AT O'HERN ST,Bus,Bus Stop,1.9454545,1.5431818000000002,0.4022727,40.4603,-80.0132
E48470,REYNOLDS ST AT DALLAS AVE,Bus,Bus Stop,1.943182045,1.7227275,0.220454545,40.4487,-79.91
W22990,STEUBENVILLE PIKE OPP WEST HILLS PLAZA,Bus,Bus Stop,1.94318195,0.27954545,1.6636365,40.4515,-80.131
X04030,CEDAR BLVD AT MORGAN DR,Bus,Bus Stop,1.9409093,1.7227275,0.21818179999999998,40.375,-80.0568
W13460,MCCOY RD AT WARBLER DR,Bus,Bus Stop,1.9409090909090898,0.075,1.8659090909090899,40.4805,-80.0909
W70178,UNIVERSITY BLVD OPP TIGER TRAIL,Bus,Bus Stop,1.940909,0.0,1.940909,40.5093,-80.2231
N15521,CONNIE DR AT PERRY HWY,Bus,Bus Stop,1.9363635000000001,0.0,1.9363635000000001,40.4963,-80.0203
N21790,FREEPORT RD AT ROWE'S CROSSING,Bus,Bus Stop,1.9340909090909084,0.20681818181818176,1.7272727272727266,40.5836,-79.7778
E60150,YOST BLVD OPP MAIN ST,Bus,Bus Stop,1.9340908950000002,1.22954545,0.704545445,40.4083,-79.858
W70137,STEUBEN ST AT CUMBERLAND ST FS,Bus,Bus Stop,1.9295454545454525,1.5272727272727251,0.40227272727272745,40.4421,-80.0606
X18550,VANADIUM RD AT BOWER HILL RD,Bus,Bus Stop,1.9249999999999998,1.025,0.9,40.3684,-80.0843
S39810,PROSPECT RD OPP ABBOTT DR,Bus,Bus Stop,1.922727275,0.047727275,1.875,40.3641,-79.9734
E70744,TILDEN ST AT #7110,Bus,Bus Stop,1.92045455,0.45454545,1.4659091,40.4648,-79.895
E30385,HWY RT 286 AT KANE RD (YMCA),Bus,Bus Stop,1.9181819999999998,0.025,1.893182,40.4578,-79.7085
S20510,GRANT AVE AT ERWIN ST,Bus,Bus Stop,1.9113636363636377,1.788636363636365,0.12272727272727275,40.3717,-79.8532
N52640,TROY HILL RD OPP N CATHOLIC HIGH SCHOOL,Bus,Bus Stop,1.909091,0.0,1.909091,40.4603,-79.985
E39580,MONONGAHELA AVE AT #2129,Bus,Bus Stop,1.90909092,0.6090909,1.30000002,40.4174,-79.8875
S10460,BUTTERMILK HOLLOW RD OPP PGH-MCKEESPORT BLVD,Bus,Bus Stop,1.9090908999999998,0.7136363499999999,1.19545455,40.3588,-79.9085
E42880,OAKWOOD ST AT HAMILTON AVE,Bus,Bus Stop,1.90909075,0.42727275,1.481818,40.4519,-79.8848
W26390,W PROSPECT AVE OPP MAINSGATE ST,Bus,Bus Stop,1.906818181818182,0.697727272727273,1.209090909090909,40.4462,-80.068
S70294,STATE ST AT WALNUT AVE,Bus,Bus Stop,1.9022727272727276,1.156818181818182,0.7454545454545456,40.3084,-79.8891
W21900,STEUBEN ST AT WHITEWOOD DR FS,Bus,Bus Stop,1.902272725,1.67954545,0.222727275,40.442,-80.0495
X70083,WASHINGTON RD AT CONSOL DR FS,Bus,Bus Stop,1.9022725,0.05,1.8522725,40.3459,-80.0575
S21620,GREENSPRINGS AVE AT SPRING ST,Bus,Bus Stop,1.9022725,1.9022725,0.0,40.3915,-79.8835
N08690,BEAVER ST AT VALLEY LN,Bus,Bus Stop,1.9000000000000026,0.4522727272727275,1.447727272727275,40.5611,-80.2026
S70064,BROWNSVILLE RD AT NATIVITY CHURCH,Bus,Bus Stop,1.897727275,0.07272727500000001,1.825,40.3291,-79.9875
E34620,LEECHBURG RD AT CLOVERLEAF RD,Bus,Bus Stop,1.89772725,1.87272725,0.025,40.487,-79.8085
N45850,RIALTO ST OPP WICKLINES LN,Bus,Bus Stop,1.8954545454545477,0.07272727272727275,1.822727272727275,40.4672,-79.9829
S09760,BROWNSVILLE RD OPP STREETS RUN RD,Bus,Bus Stop,1.8886366,0.11590910000000001,1.7727275,40.3468,-79.9865
N14915,CHATEAU ST TURNAROUND AT BEAVER AVE,Bus,Bus Stop,1.8886365,0.0,1.8886365,40.4614,-80.0316
N12972,CALIFORNIA AVE AT RANKIN AVE,Bus,Bus Stop,1.8886363499999999,0.23863635,1.65,40.4762,-80.0398
E70383,LEECHBURG RD OPP #6503,Bus,Bus Stop,1.8863636499999998,0.23636365,1.65,40.4871,-79.8032
S33720,MELLON ST OPP MAINE AVE,Bus,Bus Stop,1.88636345,0.8568180000000001,1.0295454499999999,40.3648,-79.8591
N15285,COLBY ST AT CHAPIN ST,Bus,Bus Stop,1.884091,1.884091,0.0,40.489,-80.0065
S44970,ST JOSEPH ST OPP COMO ST STEPS,Bus,Bus Stop,1.877272775,1.8545455,0.022727275,40.4135,-79.9792
S50265,WORTHINGTON AVE AT PETERSON DR,Bus,Bus Stop,1.8749999999999978,0.04772727272727275,1.827272727272725,40.2938,-79.9033
N18580,ESSEN ST OPP PENFORT ST FS,Bus,Bus Stop,1.8727272000000001,1.665909,0.2068182,40.4732,-80.0024
E20960,FRANKSTOWN RD AT CURTIS ST,Bus,Bus Stop,1.87045475,0.54772725,1.3227275,40.4627,-79.8501
X06700,GILKESON RD AT OLD GILKESON RD,Bus,Bus Stop,1.870454545,1.75,0.120454545,40.359,-80.0597
S40100,PROVOST RD AT SHADOWLAWN DR,Bus,Bus Stop,1.865909045,0.095454545,1.7704545,40.3724,-79.9948
N50510,SPRING GARDEN AVE OPP GIDDY WAY,Bus,Bus Stop,1.86363615,0.23636365,1.6272725000000001,40.4746,-79.989
W24420,WASHINGTON AVE AT TRIMBLE AVE,Bus,Bus Stop,1.861363636363637,1.379545454545455,0.481818181818182,40.4055,-80.0836
W70044,JEFFERSON DR AT MCCOY RD,Bus,Bus Stop,1.8613636,1.6704545,0.1909091,40.4797,-80.0785
E10430,WOLFE AVE OPP MARY ST,Bus,Bus Stop,1.8590906999999999,1.5522725,0.30681820000000004,40.4069,-79.8478
N35990,MT ROYAL BLVD AT MCELHENY RD,Bus,Bus Stop,1.8568181950000002,1.7863636500000002,0.07045454500000001,40.5326,-79.9681
E08610,BRADDOCK AVE AT 7TH ST,Bus,Bus Stop,1.8568181818181817,1.109090909090909,0.7477272727272728,40.4025,-79.8676
N45610,REMINGTON DR AT REGENCY DR,Bus,Bus Stop,1.8568181818181801,0.0,1.8568181818181801,40.556,-80.0075
E06215,BEECHWOOD BLVD OPP FEDERAL HILL ST,Bus,Bus Stop,1.8545454399999999,0.21590909,1.6386363499999999,40.421,-79.9276
N52650,TROY HILL RD OPP PROVINCE ST FS,Bus,Bus Stop,1.8522725,0.075,1.7772725,40.4576,-79.9891
E34170,LAKETON RD OPP CHURCHILL AVE,Bus,Bus Stop,1.85,1.8,0.05,40.4577,-79.8502
S27400,KENNYWOOD BLVD AT GLENCAIRN ST FS,Bus,Bus Stop,1.8499999749999998,1.16363635,0.6863636249999999,40.3891,-79.8678
E55480,VERONA RD AT GALETON DR,Bus,Bus Stop,1.8477275,1.8477275,0.0,40.4904,-79.8362
N36500,MT ROYAL BLVD OPP EADE AVE,Bus,Bus Stop,1.8477274000000001,0.0681818,1.7795456,40.5465,-79.9723
S50254,WORTHINGTON AVE AT ONEIDA DR,Bus,Bus Stop,1.8477272727272749,1.8477272727272749,0.0,40.2946,-79.9055
S70485,EDEN PARK BLVD AT VICTORY DR,Bus,Bus Stop,1.8477272727272749,1.822727272727275,0.025,40.3457,-79.831
S21430,GREENSPRINGS AVE AT HIGH ST,Bus,Bus Stop,1.8454545,1.8454545,0.0,40.3878,-79.8808
N45580,REMINGTON DR AT HAZLETT RD,Bus,Bus Stop,1.83409090909091,0.0,1.83409090909091,40.5598,-80.0106
N71253,SUNSET AVE OPP ESSEN ST,Bus,Bus Stop,1.8295457,0.1818182,1.6477275,40.4729,-80.0005
S70349,EAST PITTSBURGH-MCKEESPORT BLV AT BROWN PL,Bus,Bus Stop,1.82954545,1.0409091,0.78863635,40.3751,-79.8274
E15840,CRAWFORD ST AT WEBSTER AVE,Bus,Bus Stop,1.8272727,0.7431818,1.0840909,40.4432,-79.9875
N16744,DUNCAN AVE OPP ROYAL MANOR CT #2,Bus,Bus Stop,1.8250000000000024,1.422727272727275,0.40227272727272745,40.566,-80.0017
N21120,FREEPORT RD AT BAILEY'S RUN RD,Bus,Bus Stop,1.825000000000002,1.5090909090909108,0.31590909090909103,40.5875,-79.7763
E04663,AVENUE U AT WATKINS AVE,Bus,Bus Stop,1.8227274,0.9136365,0.9090909,40.3949,-79.8039
E32297,JAMES ST OPP OHIO ST,Bus,Bus Stop,1.8204545454545433,1.6818181818181799,0.1386363636363635,40.4191,-79.8113
S27810,LEBANON CHURCH RD AT CAMP HOLLOW RD,Bus,Bus Stop,1.818182,0.875,0.943182,40.3502,-79.9277
W03910,CHARTIERS AVE OPP DUBOIS ST,Bus,Bus Stop,1.8159091,0.11590910000000001,1.7,40.4514,-80.0503
S33660,MELLON ST AT MAINE AVE,Bus,Bus Stop,1.8136363949999998,1.577272745,0.23636365,40.3648,-79.8592
N41090,PEEBLES RD AT REMINGTON DR,Bus,Bus Stop,1.813636363636364,0.7022727272727275,1.1113636363636366,40.5612,-80.0132
S70641,NORMAN ST AT GRANT AVE,Bus,Bus Stop,1.80909090909091,0.025,1.78409090909091,40.3717,-79.8526
S13500,CONNISTON AVE AT GOSSER ST,Bus,Bus Stop,1.80909085,0.9954544999999999,0.81363635,40.4056,-79.9992
E70750,TILDEN ST AT SILVERTON ST,Bus,Bus Stop,1.8068182,0.87727275,0.92954545,40.4635,-79.8918
E70983,HAZELWOOD AVE AT LYTLE ST,Bus,Bus Stop,1.806818,0.075,1.731818,40.4108,-79.9468
S44960,ST JOSEPH ST AT COMO ST STEPS,Bus,Bus Stop,1.806818,0.1,1.706818,40.4135,-79.9792
W22220,STEUBENVILLE PIKE AT FARMCREST DR,Bus,Bus Stop,1.806818,1.806818,0.0,40.4418,-80.203
N71254,BEAVER ST OPP GLEN MITCHELL RD,Bus,Bus Stop,1.7999999999999998,1.4,0.4,40.5315,-80.169
E44550,OLD WILLIAM PENN HWY OPP WILLIAMSBURG DR,Bus,Bus Stop,1.799999999999998,1.799999999999998,0.0,40.4414,-79.7536
W03410,CHARTIERS AVE AT PITTSBURGH CLASSICAL ACADEMY,Bus,Bus Stop,1.79772725,1.74772725,0.05,40.4508,-80.0477
S05232,BALDWIN RD AT HOLY ANGEL SCHOOL,Bus,Bus Stop,1.7954543,0.1681818,1.6272725000000001,40.3877,-79.9326
W04670,CLEVER RD OPP PITCHFORK LN,Bus,Bus Stop,1.7931818181818202,1.7931818181818202,0.0,40.465,-80.1095
W70034,MCKEE RD OPP CCAC WEST,Bus,Bus Stop,1.7931818,1.7681818,0.025,40.4371,-80.1915
N17850,EAST ST AT HAZLETT ST,Bus,Bus Stop,1.7909091,1.4,0.3909091,40.4745,-80.0051
W25990,W CARSON ST OPP BUSWAY RAMP FS,Bus,Bus Stop,1.790909075,1.009090925,0.78181815,40.451,-80.037
E41060,MULHATTON ST AT DARLINGTON RD,Bus,Bus Stop,1.78636365,0.80227275,0.9840909,40.4364,-79.9162
W22160,STEUBENVILLE PIKE AT DEVASSIE RD,Bus,Bus Stop,1.78409085,1.3522726999999999,0.43181815,40.4459,-80.1516
S70489,CHURCHVIEW GARDEN APTS DRVWY AT CHURCHVIEW AVE,Bus,Bus Stop,1.7772727272727278,1.729545454545455,0.04772727272727275,40.3856,-79.9405
S25170,HWY RT 885 AT LEWIS RUN RD NS,Bus,Bus Stop,1.775,0.025,1.75,40.3335,-79.9349
N71265,FREEPORT RD AT POWERS RUN RD FS,Bus,Bus Stop,1.775,1.65,0.125,40.5065,-79.8516
E48480,REYNOLDS ST AT HOMEWOOD AVE,Bus,Bus Stop,1.77045455,0.21590910000000002,1.55454545,40.4465,-79.9034
S25109,HWY RT 885 OPP HUSTON DR,Bus,Bus Stop,1.7659094999999998,0.0,1.7659094999999998,40.3383,-79.9378
N36210,MT ROYAL BLVD AT SHAW PL,Bus,Bus Stop,1.7659091,1.0568182,0.7090909,40.5297,-79.9658
E41360,MURRAY AVE AT SOLWAY ST,Bus,Bus Stop,1.7659091,0.53863635,1.22727275,40.4428,-79.9236
E30247,HUTCHINSON ST AT EAST END AVE,Bus,Bus Stop,1.7590909090909108,1.5659090909090927,0.1931818181818182,40.4332,-79.8932
S38690,PENNSYLVANIA AVE AT VERMONT AVE,Bus,Bus Stop,1.7568182749999999,1.7340909999999998,0.022727275,40.3621,-79.8666
X00460,BANK ST AT ELIZABETH ST,Bus,Bus Stop,1.7568181818181827,0.04772727272727275,1.7090909090909099,40.3531,-80.1059
S11470,GARDENVILLE RD AT CHARLOTTE DR,Bus,Bus Stop,1.75681818181818,1.75681818181818,0.0,40.3456,-80.0069
E70280,UNITY TRESTLE RD AT SALTSBURG RD,Bus,Bus Stop,1.7545454,0.5318181500000001,1.22272725,40.4776,-79.7595
E17340,EAST HILLS DR AT #2220,Bus,Bus Stop,1.7522729,1.568182,0.1840909,40.4546,-79.872
S47065,WALNUT ST AT 7TH AVE,Bus,Bus Stop,1.7522727272727268,0.409090909090909,1.3431818181818178,40.3491,-79.8645
N71320,BROWNS LN OPP NORTHWAY MALL DR,Bus,Bus Stop,1.7522727,1.386363625,0.36590907500000003,40.5494,-80.0228
W24385,WASHINGTON PIKE AT SCHULTE ST,Bus,Bus Stop,1.747727272727273,1.7000000000000002,0.04772727272727275,40.3629,-80.1103
N45120,PITTVIEW AVE OPP TEUTONIA ST,Bus,Bus Stop,1.7454545449999999,1.65,0.095454545,40.4691,-79.9828
E04520,ATLANTIC AVE AT HILLCREST ST,Bus,Bus Stop,1.74318185,0.2659091,1.47727275,40.4683,-79.9382
W02860,CAROTHERS AVE AT WASHINGTON AVE FS,Bus,Bus Stop,1.7363636,1.3454545,0.3909091,40.3961,-80.0869
S23960,HWY RT 51 AT MAXWELL DR FS,Bus,Bus Stop,1.7340910999999999,0.22954544999999998,1.5045456499999998,40.35,-79.9765
N08300,BEAVER RD AT EDGEWORTH LN FS,Bus,Bus Stop,1.734090909090909,1.284090909090909,0.45,40.552,-80.1918
S70107,PROSPECT RD OPP CAPAREL TOWNHOUSES,Bus,Bus Stop,1.734090909090908,1.6863636363636352,0.04772727272727275,40.3596,-79.9597
X70055,LABELLE ST AT GRANDVIEW AVE,Bus,Bus Stop,1.7318182750000002,0.07272727500000001,1.659091,40.4363,-80.0156
N50530,SPRING GARDEN RD AT #3364,Bus,Bus Stop,1.731818,1.731818,0.0,40.4806,-79.996
W14270,MIDDLETOWN RD AT HODGSON AVE,Bus,Bus Stop,1.7272727272727257,1.3568181818181801,0.37045454545454554,40.4456,-80.06
N28050,ITIN ST AT GOEHRING ST,Bus,Bus Stop,1.724999995,1.32954545,0.395454545,40.4611,-79.9934
N22330,FREEPORT RD OPP E OAK HILL RD,Bus,Bus Stop,1.7249998500000001,0.31363635,1.4113635,40.4892,-79.875
E51280,SHADY AVE AT BEACON ST,Bus,Bus Stop,1.7227274499999998,0.55454545,1.1681819999999998,40.4354,-79.919
E21240,FRANKSTOWN RD OPP FRANKSTOWN GARDENS,Bus,Bus Stop,1.718182045,1.4477275,0.270454545,40.4637,-79.8512
S70329,OHIO AVE AT WALL ST,Bus,Bus Stop,1.7181818181818187,1.015909090909091,0.7022727272727275,40.317,-79.8894
N37190,MT TROY RD AT #3735,Bus,Bus Stop,1.715909275,1.618182,0.097727275,40.4918,-79.9938
N28110,IVORY AVE AT CHERRYLAND ST,Bus,Bus Stop,1.7159092749999998,0.122727275,1.5931819999999999,40.4964,-80.009
N20720,FREEPORT RD AT BOYD AVE,Bus,Bus Stop,1.713636545,1.5431819999999998,0.170454545,40.4982,-79.8546
W70106,CRENNELL AVE AT BROADHEAD AVE FS,Bus,Bus Stop,1.711363636363634,0.409090909090909,1.302272727272725,40.4369,-80.0691
S70167,WALNUT ST AT 13TH AVE,Bus,Bus Stop,1.7113636363636338,1.2272727272727249,0.484090909090909,40.3425,-79.8622
N20730,FREEPORT RD AT BOYD AVE,Bus,Bus Stop,1.7113635,1.1863635000000001,0.525,40.4979,-79.8548
W17240,NOBLESTOWN RD AT #640,Bus,Bus Stop,1.7090909,1.3,0.40909090000000004,40.4157,-80.0707
W70102,CLIFF MINE RD AT OAK MOSS DR,Bus,Bus Stop,1.7022724999999999,1.7022724999999999,0.0,40.4518,-80.2053
S70390,WEYMAN RD AT SOUTH PASSAGE DR,Bus,Bus Stop,1.7022724999999999,0.025,1.6772725,40.3626,-80.0004
S34220,MIFFLIN RD AT #5419,Bus,Bus Stop,1.7000002399999998,1.6090911499999998,0.09090909,40.3682,-79.9104
N15660,CORBETT CT AT BROWNS LN,Bus,Bus Stop,1.699999925,1.268181775,0.43181815,40.5459,-80.0202
E70745,VANN RD AT MINGO ST,Bus,Bus Stop,1.69545455,0.8613636499999999,0.8340909000000001,40.465,-79.8928
S70437,CUSTER AVE AT JOSEPH ST,Bus,Bus Stop,1.6954545454545475,0.997727272727275,0.6977272727272725,40.3945,-79.9702
E05220,BEACON ST AT #5414,Bus,Bus Stop,1.69090905,0.3931818,1.2977272499999999,40.4335,-79.9325
N13650,CENTER AVE AT ALLEGHENY AVE,Bus,Bus Stop,1.68409090909091,0.0,1.68409090909091,40.5131,-80.101
N49090,SEAVEY RD AT PARKER ST,Bus,Bus Stop,1.6818182,0.5,1.1818182,40.494,-79.9635
N08270,BEAVER RD AT CHURCH LN,Bus,Bus Stop,1.6795454545454536,1.36590909090909,0.3136363636363635,40.5563,-80.197
E34660,LEECHBURG RD AT #6503,Bus,Bus Stop,1.6795453999999999,1.5409090499999998,0.13863635,40.4872,-79.8032
N08520,BEAVER RD AT QUAKER RD,Bus,Bus Stop,1.6772727272727275,0.9522727272727275,0.725,40.5486,-80.1897
E01230,FIFTH AVE AT HAMILTON AVE,Bus,Bus Stop,1.6772725000000002,1.5022725000000001,0.175,40.4574,-79.9091
S21540,GREENSPRINGS AVE OPP SPRING ST FS,Bus,Bus Stop,1.6727275000000001,0.0,1.6727275000000001,40.3914,-79.8835
X02610,BOWER HILL RD OPP PAINTERS RUN RD FS,Bus,Bus Stop,1.6727273,0.3931818,1.2795455,40.3641,-80.087
N42120,PERRY HWY AT CEMETERY LN,Bus,Bus Stop,1.6727271499999998,0.41136365,1.2613634999999999,40.5032,-80.0249
E55580,VERONA RD AT RAITHEL ST,Bus,Bus Stop,1.6681819999999998,1.6681819999999998,0.0,40.4962,-79.8368
N36055,MT ROYAL BLVD AT SHALER LIBRARY,Bus,Bus Stop,1.668181875,0.734090925,0.93409095,40.5281,-79.9646
W03520,CHARTIERS AVE AT LITCHFIELD ST STEPS,Bus,Bus Stop,1.6681818499999999,0.8068181999999999,0.8613636499999999,40.4525,-80.0542
S70353,EAST PITTSBURGH-MCKEESPORT BLV AT OVERHILL DR FS,Bus,Bus Stop,1.6681818,0.28409090000000004,1.3840909,40.3777,-79.8281
S70416,CYPRESS ST OPP OAK ST,Bus,Bus Stop,1.665909,0.0,1.665909,40.3943,-79.8878
E49810,SALTSBURG RD AT HERSHEY RD,Bus,Bus Stop,1.661363775,0.047727275,1.6136365000000001,40.4776,-79.7997
E29940,HOMEWOOD AVE AT REYNOLDS ST,Bus,Bus Stop,1.6613636499999997,1.4795454499999998,0.1818182,40.4466,-79.9032
N15900,CUMBERLAND RD AT FOX HUNT DR,Bus,Bus Stop,1.6590909090909098,0.025,1.63409090909091,40.5719,-80.0185
S23950,HWY RT 51 AT MAXWELL DR NS,Bus,Bus Stop,1.656818181818181,1.5113636363636356,0.1454545454545455,40.3496,-79.9759
N05360,AMITY DR AT BLAZE DR,Bus,Bus Stop,1.656818,0.0,1.656818,40.5448,-79.9932
E02810,ABER RD AT #8141,Bus,Bus Stop,1.654545545,1.584091,0.07045454500000001,40.4712,-79.8612
N05370,AMITY DR AT CARRIAGE HILL RD,Bus,Bus Stop,1.6522725,0.0,1.6522725,40.5489,-79.9963
W07870,GRAND AVE AT VON STEIN LN FS,Bus,Bus Stop,1.6500001,0.1409091,1.509091,40.5174,-80.1488
W07450,FOREST GROVE RD OPP MIDWAY DR,Bus,Bus Stop,1.65,0.993181818181818,0.656818181818182,40.4779,-80.1028
E59050,WILLIAM PENN HWY OPP ELLIOTT RD,Bus,Bus Stop,1.645454775,0.047727275,1.5977275,40.4341,-79.7327
W11775,LINDSAY RD AT WYNNECLIFF DR #2,Bus,Bus Stop,1.643182,1.643182,0.0,40.3873,-80.0794
W70173,WASHINGTON PIKE AT #1370,Bus,Bus Stop,1.6431818181818183,0.7159090909090908,0.9272727272727275,40.3795,-80.096
N27620,INDUSTRIAL BLVD AT KEY LINCOLN-MERCURY,Bus,Bus Stop,1.643181818181817,1.386363636363635,0.256818181818182,40.5634,-79.7679
E52600,STANTON AVE AT CARNEGIE ST,Bus,Bus Stop,1.6409092749999998,0.097727275,1.5431819999999998,40.4778,-79.9548
S70544,CHURCHVIEW AVE AT DONAHUE DR NS,Bus,Bus Stop,1.638636363636365,0.0,1.638636363636365,40.3856,-79.9407
W04820,CLIFF MINE RD OPP OAK MOSS DR,Bus,Bus Stop,1.638636275,0.12272727500000001,1.5159090000000002,40.4518,-80.2052
W22690,STEUBENVILLE PIKE OPP FARMCREST DR,Bus,Bus Stop,1.6363637750000002,0.022727275,1.6136365000000001,40.4417,-80.2032
S25470,INTERBORO AVE AT LEASIDE DR,Bus,Bus Stop,1.6363635,0.05,1.5863635,40.3722,-79.9124
S70521,AGNEW RD OPP ACADEMY CHARTER SCHOOL DRVWY,Bus,Bus Stop,1.6340909090909097,0.025,1.6090909090909098,40.3994,-79.9678
S70625,BROWNSVILLE RD AT SUNNY DR,Bus,Bus Stop,1.634090909090908,0.19772727272727275,1.4363636363636352,40.345,-79.9857
N22180,FREEPORT RD OPP BARTSCH ST,Bus,Bus Stop,1.6318181818181816,0.07045454545454545,1.561363636363636,40.5855,-79.777
N22770,FREEPORT RD OPP S OAK HILL RD,Bus,Bus Stop,1.63181815,0.16136365,1.4704545,40.4887,-79.8773
N44890,PITTSBURGH ST AT SHADY AVE,Bus,Bus Stop,1.6295454545454549,0.5363636363636365,1.0931818181818185,40.5409,-79.7959
N21890,FREEPORT RD AT SAXONBURG RD,Bus,Bus Stop,1.627272727272725,1.627272727272725,0.0,40.6361,-79.7125
S00925,SECOND AVE AT SECOND AVE PARKING PL (#1250),Bus,Bus Stop,1.627272725,0.561363625,1.0659091,40.4345,-79.9872
N15315,COLBY ST AT MT PLEASANT RD FS,Bus,Bus Stop,1.625,0.1409091,1.4840909,40.4832,-80.0038
E70860,HALKET ST AT LOUISA ST,Bus,Bus Stop,1.6227274999999999,0.5,1.1227274999999999,40.437,-79.9594
N42660,PERRY HWY OPP #328,Bus,Bus Stop,1.6227274500000002,0.843182,0.7795454500000001,40.5187,-80.0267
X04100,CEDAR BLVD AT MAYFAIR DR,Bus,Bus Stop,1.6204545,1.6204545,0.0,40.3708,-80.0599
S30245,LONG RUN RD OPP COOLSPRINGS RD,Bus,Bus Stop,1.618182,1.618182,0.0,40.3326,-79.8137
W07730,GRAND AVE AT CALGON CARBON,Bus,Bus Stop,1.615909045,1.5454545,0.07045454500000001,40.509,-80.119
W10580,ISLAND AVE OPP MCCOY RD,Bus,Bus Stop,1.6136363636363629,0.04772727272727275,1.56590909090909,40.4756,-80.065
X08854,KANE BLVD OPP CHURCH RECTORY,Bus,Bus Stop,1.6090909999999998,0.0,1.6090909999999998,40.3731,-80.0839
E07550,BIGELOW BLVD AT BLOOMFIELD BRDGE FS,Bus,Bus Stop,1.6068182000000002,0.5409091,1.0659091,40.4588,-79.9583
N15696,CORPORATE DR AT #5700,Bus,Bus Stop,1.6045454545454556,1.53409090909091,0.07045454545454545,40.5636,-80.0228
N36360,MT ROYAL BLVD AT WILJOHN ST,Bus,Bus Stop,1.5977275,1.3977275,0.2,40.514,-79.9591
N21920,FREEPORT RD AT SPRING HILL RD,Bus,Bus Stop,1.5977272727272749,1.572727272727275,0.025,40.6268,-79.7213
E70887,HAZELWOOD AVE AT GREENFIELD AVE,Bus,Bus Stop,1.59772725,0.6090909,0.9886363499999999,40.4198,-79.929
E08240,BLVD OF ALLIES AT MARION ST (MERCY HOSP),Bus,Bus Stop,1.5954547749999999,0.822727275,0.7727275,40.4355,-79.9842
N37310,MT TROY RD OPP RIDGELAWN CEMETERY ENTRANCE,Bus,Bus Stop,1.5931819999999999,0.025,1.568182,40.4821,-79.9894
N08280,BEAVER ST AT DAVIS LN,Bus,Bus Stop,1.5909090909090902,0.3,1.2909090909090901,40.5339,-80.1735
S70400,LEWIS RUN RD AT KELLY LN,Bus,Bus Stop,1.5909090000000001,0.45,1.1409090000000002,40.3314,-79.9366
W07940,GRAND AVE OPP MAPLE LN,Bus,Bus Stop,1.58636365,1.2568181999999999,0.32954545,40.5164,-80.1464
S70398,LEWIS RUN RD AT MON VALLEY SCHOOL DRVWY,Bus,Bus Stop,1.5863636363636355,1.3909090909090902,0.19545454545454544,40.3246,-79.9399
E59720,WOODSTOCK AVE AT WILKINS AVE FS,Bus,Bus Stop,1.5863635999999999,1.275,0.31136359999999996,40.4136,-79.8714
E70442,UNIVERSAL RD OPP WEBSTER DR,Bus,Bus Stop,1.584091,1.584091,0.0,40.4639,-79.8184
N35700,MT ROYAL BLVD AT DEHAVEN AVE,Bus,Bus Stop,1.5840908999999999,1.4,0.1840909,40.5512,-79.9715
W70165,GRAND AVE AT HUBERT ST (NEVILLE PARK-AND-RI,Bus,Bus Stop,1.5818181999999998,0.70227275,0.87954545,40.5131,-80.1351
S33710,MELLON ST OPP HIGHLAND AVE,Bus,Bus Stop,1.5795457,0.1409091,1.4386366,40.363,-79.8589
W04180,CHARTIERS AVE EXT AT OWEN ST,Bus,Bus Stop,1.579545454545457,0.456818181818182,1.122727272727275,40.4666,-80.0771
E04420,ARDMORE BLVD OPP 2 PARKWAY CENTER EAST,Bus,Bus Stop,1.579545454545455,1.081818181818182,0.497727272727273,40.4212,-79.8523
S31690,MAIN ST AT WOODLAWN AVE,Bus,Bus Stop,1.579545445,0.220454545,1.3590909,40.3909,-79.9007
X01960,BOGGS AVE AT WARRINGTON AVE FS,Bus,Bus Stop,1.57500005,1.0477273,0.5272727500000001,40.4156,-80.0113
E29360,HILLCREST AVE AT ATLANTIC AVE,Bus,Bus Stop,1.5727273,0.9659091,0.6068182,40.4682,-79.9381
E70258,ROBINSON BLVD OPP DOUGLASS DR,Bus,Bus Stop,1.5727272,0.940909,0.6318182,40.456,-79.8639
E46910,PENN CENTER BLVD AT RODI RD,Bus,Bus Stop,1.570454545,1.275,0.295454545,40.4294,-79.8158
N18210,EAST ST OPP HAZLETT ST,Bus,Bus Stop,1.5704544500000002,1.040909,0.52954545,40.4748,-80.0054
N06770,BABCOCK BLVD AT ROSECLIFF DR,Bus,Bus Stop,1.5681819999999997,0.025,1.5431819999999998,40.5098,-79.9916
E03000,AIRBRAKE AVE OPP 7TH ST,Bus,Bus Stop,1.5681817999999998,0.27272725,1.2954545499999999,40.4017,-79.8195
E51310,SHADY AVE AT DOUGLAS ST,Bus,Bus Stop,1.5681817999999998,1.4,0.1681818,40.4335,-79.9185
S70591,BROWNSVILLE RD AT MARYAL DR,Bus,Bus Stop,1.563636545,1.368182,0.19545454499999998,40.352,-79.9888
S70463,OLD ELIZABETH RD OPP WOODHILL RD,Bus,Bus Stop,1.5613638,0.5681818000000001,0.993182,40.3477,-79.9335
E40950,MT CARMEL RD AT TYLER RD,Bus,Bus Stop,1.56136365,1.56136365,0.0,40.468,-79.8832
S70404,LEWIS RUN RD AT ANNHURST APTS,Bus,Bus Stop,1.5590909090909075,0.6727272727272725,0.886363636363635,40.3268,-79.9389
E55730,VERONA RD OPP ELLIOTT ST,Bus,Bus Stop,1.554545275,0.022727275,1.531818,40.4989,-79.8374
S46800,WALNUT ST AT 13TH AVE FS,Bus,Bus Stop,1.5522727272727268,0.6068181818181819,0.945454545454545,40.3428,-79.8624
N37290,MT TROY RD AT CRONEMEYER AVE FS,Bus,Bus Stop,1.5477275000000001,1.5477275000000001,0.0,40.4737,-79.9845
X08861,KANE BLVD AT CHURCH RECTORY,Bus,Bus Stop,1.5477275,1.4977274999999999,0.05,40.3731,-80.084
E52995,STANTON AVE OPP DUNCAN ST,Bus,Bus Stop,1.5477274000000003,1.1136365000000001,0.43409090000000006,40.4775,-79.9519
E10450,BRINTON RD OPP RIDGE RD,Bus,Bus Stop,1.5431818181818184,0.3272727272727275,1.215909090909091,40.4199,-79.859
N23970,GRANT AVE AT BYERLEY AVE,Bus,Bus Stop,1.5409090499999998,1.0863635999999999,0.45454545,40.5082,-79.9519
W11776,LINDSAY RD OPP WYNNECLIFF DR #1,Bus,Bus Stop,1.5409090449999998,1.4954545,0.045454545,40.3837,-80.0805
N43230,PERRY HWY OPP CLARWIN AVE,Bus,Bus Stop,1.54090885,1.3522725,0.18863635,40.5053,-80.0286
E36370,LINCOLN HWY OPP FOSTER RD,Bus,Bus Stop,1.5363635,1.5363635,0.0,40.3755,-79.7965
S30270,LONG RUN RD AT SUNSET DR,Bus,Bus Stop,1.5363635,0.0,1.5363635,40.3351,-79.8116
N29840,LEY ST OPP COWLEY ST,Bus,Bus Stop,1.5363634999999998,0.025,1.5113634999999999,40.4656,-79.9819
E43990,OLD WILLIAM PENN HWY AT WILLIAMSBURG DR,Bus,Bus Stop,1.53409090909091,0.025,1.5090909090909101,40.4414,-79.7538
E54870,UNITY TRESTLE RD AT JACKSON RD,Bus,Bus Stop,1.5318181499999999,1.50681815,0.025,40.4855,-79.7691
E40825,MT CARMEL RD AT FAYBERN DR,Bus,Bus Stop,1.5318180449999999,1.5318180449999999,0.0,40.4666,-79.8743
E55160,UNIVERSAL RD AT WEBSTER DR FS,Bus,Bus Stop,1.525,0.2,1.325,40.4638,-79.8182
X05460,FINGAL ST AT #225 (FINGAL & RUTLEDGE TERMIN,Bus,Bus Stop,1.52045465,1.109091,0.41136365,40.44,-80.027
N21300,FREEPORT RD AT IDAHO AVE,Bus,Bus Stop,1.513636363636365,1.513636363636365,0.0,40.6197,-79.7304
S50253,WORTHINGTON AVE AT HWY RT 51,Bus,Bus Stop,1.5136363636363634,0.509090909090909,1.0045454545454544,40.291,-79.9136
X02090,BOWER HILL RD AT COOK SCHOOL RD,Bus,Bus Stop,1.511363636363635,1.511363636363635,0.0,40.3611,-80.1002
S05350,BAPTIST RD AT #5348,Bus,Bus Stop,1.5113634999999999,0.0,1.5113634999999999,40.3535,-80.0072
N35850,MT ROYAL BLVD AT GRANDVIEW AVE,Bus,Bus Stop,1.509090945,0.120454545,1.3886364,40.5502,-79.9715
E34060,LAKETON RD AT #1753,Bus,Bus Stop,1.5068183,1.3886365,0.1181818,40.4492,-79.866
E55590,VERONA RD AT RAITHEL ST FS,Bus,Bus Stop,1.5068182749999999,0.047727275,1.459091,40.496,-79.8367
E45030,PATTON ST AT MIDDLE AVE,Bus,Bus Stop,1.5068182,0.67045455,0.83636365,40.3957,-79.8048
E36280,LINCOLN HWY AT JACOB ST,Bus,Bus Stop,1.506818,0.0,1.506818,40.3768,-79.8
W11765,LINDSAY RD OPP GREENVIEW DR,Bus,Bus Stop,1.5045455,1.5045455,0.0,40.3869,-80.0765
N22060,FREEPORT RD AT WORKS ENTRANCE #3,Bus,Bus Stop,1.5022727272727279,0.0,1.5022727272727279,40.5939,-79.7698
N37200,MT TROY RD AT #3802,Bus,Bus Stop,1.5022725000000001,0.0,1.5022725000000001,40.4921,-79.994
W13260,MCCOY RD AT HILLCREST AVE,Bus,Bus Stop,1.4977274999999999,1.4727275,0.025,40.4807,-80.0792
N71255,BEAVER ST AT GLEN MITCHELL RD,Bus,Bus Stop,1.497727272727275,0.325,1.172727272727275,40.5315,-80.1688
N36540,MT ROYAL BLVD OPP HARTLE RD,Bus,Bus Stop,1.4954545250000002,0.022727275,1.4727272500000002,40.5413,-79.9723
N36960,MT TROY RD AT GARDENVIEW DR,Bus,Bus Stop,1.493182,1.443182,0.05,40.4851,-79.992
E30600,HWY RT 286 OPP KANE RD (YMCA),Bus,Bus Stop,1.490909,1.490909,0.0,40.4581,-79.7084
N45040,PITTSBURGH ST OPP WASHINGTON ST,Bus,Bus Stop,1.48863635,0.05,1.43863635,40.5411,-79.7906
N08880,BEAVER ST OPP VALLEY LN,Bus,Bus Stop,1.486363636363636,1.218181818181818,0.268181818181818,40.5611,-80.2027
N36570,MT ROYAL BLVD AT KLEBER RD,Bus,Bus Stop,1.486363625,0.11590907500000001,1.37045455,40.5356,-79.9704
N36650,MT ROYAL BLVD OPP ROYAL COURT DR,Bus,Bus Stop,1.4863635450000001,0.0,1.4863635450000001,40.5427,-79.9723
N32330,MCINTYRE RD AT CHARTERWOOD DR,Bus,Bus Stop,1.4840909999999998,0.0,1.4840909999999998,40.5518,-80.0006
N25370,HAZELTON ST AT SUFFOLK ST,Bus,Bus Stop,1.4795454499999998,0.79772725,0.6818181999999999,40.4673,-80.0058
N71307,MCKNIGHT RD AT #7905 (MAD MEX),Bus,Bus Stop,1.475000025,1.17727275,0.297727275,40.5497,-80.0191
N71186,DELAFIELD RD OPP PATRIOT WAY,Bus,Bus Stop,1.475,0.0,1.475,40.4971,-79.891
E52560,STANTON AVE AT 52ND ST,Bus,Bus Stop,1.4704545450000002,0.120454545,1.35,40.4777,-79.9503
N50520,SPRING GARDEN AVE AT GIDDY WAY,Bus,Bus Stop,1.459091,1.459091,0.0,40.4746,-79.9891
N53670,WESTERN AVE AT BRIGHTON RD,Bus,Bus Stop,1.459090925,0.447727275,1.01136365,40.4524,-80.0142
X70084,VILLAGE DR AT WASHINGTON RD FS,Bus,Bus Stop,1.45909085,0.16363634999999999,1.2954545,40.3427,-80.0597
W23198,SWALLOW HILL RD OPP THE BOURSE,Bus,Bus Stop,1.4568181,0.1409091,1.315909,40.3893,-80.0741
E49200,RODI RD OPP PENN CENTER BLVD NS,Bus,Bus Stop,1.454545475,0.12272727500000001,1.3318182,40.4304,-79.817
N25510,HENDERSON ST AT FOUNTAIN ST,Bus,Bus Stop,1.45454535,0.33863635000000003,1.115909,40.459,-80.0069
E20630,FRANKSTOWN RD AT #8877,Bus,Bus Stop,1.4545453000000002,1.1863635000000001,0.2681818,40.4609,-79.8723
W08700,HERBST RD AT #225,Bus,Bus Stop,1.4522727272727272,0.9045454545454545,0.5477272727272725,40.4995,-80.1166
E36100,LINCOLN AVE OPP RENFREW ST,Bus,Bus Stop,1.452272675,0.306818175,1.1454544999999998,40.4621,-79.9064
W22700,STEUBENVILLE PIKE OPP FIRESIDE INN,Bus,Bus Stop,1.4522726499999998,1.015909,0.43636365,40.4396,-80.0893
X00078,BOGGS AVE AT MINSINGER ST,Bus,Bus Stop,1.4522724999999999,0.025,1.4272725,40.4186,-80.0122
E38770,MARK DR AT #7843,Bus,Bus Stop,1.4500000000000002,1.2204545500000001,0.22954544999999998,40.4687,-79.8724
N21480,FREEPORT RD AT MONTANA AVE,Bus,Bus Stop,1.45,0.05,1.4,40.6209,-79.7286
N22700,FREEPORT RD OPP #153,Bus,Bus Stop,1.4477272727272723,0.2954545454545454,1.152272727272727,40.5679,-79.7761
N71180,FOX CHAPEL RD AT S MARGERY DR,Bus,Bus Stop,1.44545455,0.20909090000000002,1.23636365,40.4898,-79.8826
S47180,WALNUT ST AT EDEN PARK BLVD FS,Bus,Bus Stop,1.440909090909091,1.0545454545454545,0.38636363636363646,40.3278,-79.8404
E38200,MAIN ST AT THOMPSON RUN RD,Bus,Bus Stop,1.440909,0.0,1.440909,40.4685,-79.7911
E70083,JAMES ST AT LOWER BOONE DR,Bus,Bus Stop,1.43636365,0.6863636500000001,0.75,40.4148,-79.8158
W08227,GREENTREE RD OPP GREENRIDGE LN,Bus,Bus Stop,1.4363636363636365,1.0,0.4363636363636365,40.4098,-80.0481
S46940,WALNUT ST AT 30TH AVE FS,Bus,Bus Stop,1.4363636363636365,0.9772727272727275,0.459090909090909,40.3319,-79.8451
E50030,SALTSBURG RD AT REGENCY DR,Bus,Bus Stop,1.43409085,1.38409085,0.05,40.4753,-79.7708
N71276,BETA DR AT EMERSON PROCESS MGMT,Bus,Bus Stop,1.4318182,0.0,1.4318182,40.4992,-79.8633
W70167,WASHINGTON PIKE AT #1343,Bus,Bus Stop,1.4318181818181819,0.2636363636363635,1.1681818181818184,40.3773,-80.0973
N33025,MCKNIGHT RD OPP BROOKVIEW LN,Bus,Bus Stop,1.43181817,1.384090895,0.047727275,40.5117,-80.0039
E32304,JAMES ST AT OHIO ST,Bus,Bus Stop,1.4295454545454547,0.2545454545454545,1.175,40.4191,-79.8113
W70160,HERBST RD OPP AGNES ST,Bus,Bus Stop,1.4295454545454545,0.6795454545454545,0.75,40.4863,-80.1137
S28470,LEBANON CHURCH RD AT #4513,Bus,Bus Stop,1.42954544,0.911363645,0.5181817950000001,40.3523,-79.9035
N22670,FREEPORT RD AT ROWE'S CROSSING,Bus,Bus Stop,1.4204545454545459,1.247727272727273,0.17272727272727273,40.5836,-79.7779
S09150,BROWNSVILLE RD AT STREETS RUN RD FS,Bus,Bus Stop,1.4113636,1.3181818,0.09318180000000001,40.3472,-79.9863
S19280,GARDENVILLE RD OPP CROSS ST,Bus,Bus Stop,1.40909090909091,1.40909090909091,0.0,40.3499,-80.0082
S70644,MIFFLIN RD AT MOONEY RD FS,Bus,Bus Stop,1.4090909,0.6818182,0.7272727,40.3791,-79.9241
N36730,MT ROYAL BLVD OPP WILJOHN ST,Bus,Bus Stop,1.4068182,0.125,1.2818182,40.514,-79.959
W13500,MCCOY RD AT #1044,Bus,Bus Stop,1.40681818181818,0.075,1.33181818181818,40.4767,-80.0968
S05330,BAPTIST RD AT #5341,Bus,Bus Stop,1.406818,1.381818,0.025,40.3535,-80.007
W20470,ROSELEAF DR AT FOXCROFT RD,Bus,Bus Stop,1.406818,0.0,1.406818,40.3983,-80.0731
E37220,LONG RD AT BEULAH RD,Bus,Bus Stop,1.4045455,1.4045455,0.0,40.4507,-79.8435
E52970,STANTON AVE OPP 52ND ST,Bus,Bus Stop,1.40454545,0.8659091000000001,0.53863635,40.4776,-79.9505
S70605,CAMP HOLLOW RD AT LIVINGSTON RD FS,Bus,Bus Stop,1.4022727750000001,1.1795455000000001,0.222727275,40.346,-79.9257
E20950,FRANKSTOWN RD OPP CURTIS ST,Bus,Bus Stop,1.4022727,0.52272725,0.87954545,40.4628,-79.8501
N22100,FREEPORT RD OPP 1ST ST FS,Bus,Bus Stop,1.4000000000000001,0.5477272727272731,0.8522727272727271,40.5733,-79.7774
N37280,MT TROY RD OPP KLEMENTINA DR,Bus,Bus Stop,1.4,0.0,1.4,40.4895,-79.9924
E49880,SALTSBURG RD AT LEECHBURG RD,Bus,Bus Stop,1.4,0.675,0.725,40.485,-79.8174
N41100,PEEBLES RD AT REMINGTON DR,Bus,Bus Stop,1.3999999999999986,0.3386363636363635,1.061363636363635,40.5614,-80.013
S70456,OLD ELIZABETH RD AT WOODHILL RD,Bus,Bus Stop,1.3977273000000001,1.0772727500000001,0.32045455,40.3477,-79.9336
N21820,FREEPORT RD AT #153,Bus,Bus Stop,1.3977272727272732,1.3000000000000005,0.09772727272727275,40.5678,-79.7762
N16520,DUNCAN AVE AT ALLEGHENY MEMORIAL PARK,Bus,Bus Stop,1.3977272727272725,0.95,0.4477272727272725,40.567,-80.005
S25610,IRVINE ST AT MOBILE ST,Bus,Bus Stop,1.39545465,0.68636365,0.709091,40.416,-79.9466
S32220,MAPLE ST OPP KENNETT ST,Bus,Bus Stop,1.3954545500000002,0.3840909,1.01136365,40.3959,-79.882
N71257,FERGUSON RD AT THOMPSON RUN RD FS,Bus,Bus Stop,1.3931818181818203,1.272727272727275,0.12045454545454545,40.5657,-79.9983
N13210,CALIFORNIA AVE OPP RANKIN AVE,Bus,Bus Stop,1.3909091,1.0590909,0.3318182,40.4765,-80.04
N08490,BEAVER ST AT OSBORNE LN,Bus,Bus Stop,1.390909090909093,1.297727272727275,0.093181818181818,40.5331,-80.1721
N52310,THOMPSON RUN RD OPP CHERRINGTON DR,Bus,Bus Stop,1.3886365,0.0,1.3886365,40.5365,-79.9903
E27390,HAWKINS AVE AT 2ND ST,Bus,Bus Stop,1.3886364,1.1636364,0.225,40.4119,-79.8698
E70965,6TH ST AT MAIN ST,Bus,Bus Stop,1.38636367,0.21818182,1.1681818499999999,40.4082,-79.8581
W04620,CLEVER RD AT PATRICIA PARK DR,Bus,Bus Stop,1.3863636363636365,1.140909090909091,0.24545454545454545,40.4694,-80.1015
N28240,IVORY AVE OPP CHERRYLAND ST,Bus,Bus Stop,1.386363625,0.472727275,0.91363635,40.4964,-80.0091
N42850,PERRY HWY AT CLARWIN AVE,Bus,Bus Stop,1.3863634999999999,0.0,1.3863634999999999,40.5052,-80.0283
W11732,LINDSAY RD AT #722,Bus,Bus Stop,1.384091,1.384091,0.0,40.3855,-80.0793
S13700,CRAWFORD AVE AT JUNO AVE,Bus,Bus Stop,1.384090909090909,0.5227272727272725,0.8613636363636366,40.3626,-79.8536
S19320,GEARING AVE AT CLIMAX ST,Bus,Bus Stop,1.3840909000000001,0.3931818,0.9909091000000001,40.4191,-80.0055
E12790,CENTER RD AT WIMBLEDON DR FS,Bus,Bus Stop,1.3840909,0.38636365,0.99772725,40.4671,-79.7571
E18020,ELECTRIC AVE AT OLYMPIA HALL,Bus,Bus Stop,1.3818183999999998,1.3568183999999999,0.025,40.403,-79.8374
W01200,BEAVER GRADE RD AT AIKEN RD,Bus,Bus Stop,1.3795454500000002,1.08863635,0.29090910000000003,40.4551,-80.1362
N14810,CHARTERWOOD DR AT LAURELWOOD DR,Bus,Bus Stop,1.3772725000000001,0.0,1.3772725000000001,40.5525,-80.0012
W70088,BROADWAY AVE AT 14TH ST,Bus,Bus Stop,1.3750002000000001,0.43181820000000004,0.943182,40.475,-80.0806
N45940,RIDGE AVE AT GALVESTON AVE,Bus,Bus Stop,1.375,1.2,0.175,40.4502,-80.0155
N39560,OHIO RIVER BLVD AT BRIGHTON RD,Bus,Bus Stop,1.3727272727272726,0.22272727272727277,1.15,40.505,-80.0848
W13380,MCCOY RD AT #723,Bus,Bus Stop,1.37045475,1.018182,0.35227275,40.4808,-80.0814
E70443,UNIVERSAL RD AT POPLAR RIDGE RD FS,Bus,Bus Stop,1.368182,1.368182,0.0,40.4646,-79.8203
X70064,COCHRAN RD AT OSAGE RD,Bus,Bus Stop,1.3659089999999998,0.025,1.340909,40.3886,-80.0574
E70338,UNIVERSAL RD OPP THOMPSON RUN RD,Bus,Bus Stop,1.3568182,1.3568182,0.0,40.4684,-79.7913
N52130,THOMPSON RUN RD AT ABARD DR,Bus,Bus Stop,1.3545455,0.0,1.3545455,40.5316,-79.9902
W04320,CHARTIERS AVE EXT OPP #1536,Bus,Bus Stop,1.3545454545454545,1.2795454545454545,0.075,40.467,-80.0818
E70337,UNIVERSAL RD OPP REITER RD,Bus,Bus Stop,1.3522725,1.3522725,0.0,40.472,-79.7878
E57410,WILDWOOD AVE AT FOOD PARK,Bus,Bus Stop,1.350000045,1.2795455,0.07045454500000001,40.5036,-79.8401
N12885,CALIFORNIA AVE AT KUNKLE WAY,Bus,Bus Stop,1.35,0.1431818,1.2068182,40.4599,-80.0252
E34630,LEECHBURG RD AT COURTNEY DR,Bus,Bus Stop,1.34999997,1.28181815,0.06818182,40.4867,-79.8048
N04380,9TH AVE AT PROSPECT ST,Bus,Bus Stop,1.3477272727272724,1.3477272727272724,0.0,40.6091,-79.7441
E10610,BROADWAY BLVD AT QUARRY RD,Bus,Bus Stop,1.3431818181818183,0.7909090909090908,0.5522727272727275,40.3965,-79.7937
N15630,CORBET ST AT E 6TH AVE,Bus,Bus Stop,1.34318175,0.30227275,1.040909,40.6029,-79.7524
E03200,AIRBRAKE AVE OPP 9TH ST,Bus,Bus Stop,1.33863639,0.26590909,1.0727273,40.4025,-79.8214
E10200,BRINTON RD AT MCKELVEY RD,Bus,Bus Stop,1.33181818181818,0.25,1.08181818181818,40.4255,-79.8692
E70740,OAKDENE ST OPP EVERTON ST,Bus,Bus Stop,1.3318181500000001,0.40909090000000004,0.92272725,40.4625,-79.8909
E04290,ARDMORE BLVD AT LAFAYETTE RD,Bus,Bus Stop,1.3227272727272725,0.04545454545454545,1.2772727272727271,40.4297,-79.8639
W07750,GRAND AVE AT MAPLE LN,Bus,Bus Stop,1.3227272499999998,0.575,0.74772725,40.5165,-80.1463
S19200,GARDENVILLE RD AT BAPTIST RD,Bus,Bus Stop,1.318182,1.318182,0.0,40.352,-80.0108
S70519,AGNEW RD AT JOSEPH ST FS,Bus,Bus Stop,1.31818181818182,0.0,1.31818181818182,40.3963,-79.9712
E32329,JAMES ST AT TURTLE CREEK-MONROEVILLE RD,Bus,Bus Stop,1.318181818181818,0.3795454545454545,0.9386363636363635,40.4245,-79.7906
E70873,GREENSBURG PIKE AT CENTRAL AVE FS,Bus,Bus Stop,1.3181818,0.7090909000000001,0.6090909,40.3929,-79.8191
N33040,MCKNIGHT RD OPP EVERGREEN RD,Bus,Bus Stop,1.31818175,1.015909,0.30227275,40.4935,-80.0116
N19620,FERGUSON RD AT WALLACE RD,Bus,Bus Stop,1.315909090909091,0.025,1.290909090909091,40.5649,-79.9925
S70494,CHURCHVIEW AVE OPP CASTLEVIEW DR,Bus,Bus Stop,1.31590909090909,1.31590909090909,0.0,40.385,-79.9591
S38490,PENNSYLVANIA AVE AT CONLIN ST,Bus,Bus Stop,1.315909,1.315909,0.0,40.3618,-79.8679
S19270,GARDENVILLE RD OPP CHARLOTTE DR,Bus,Bus Stop,1.3136363636363648,0.125,1.1886363636363648,40.3458,-80.007
N14335,CENTER AVE OPP YALE AVE,Bus,Bus Stop,1.3136363500000001,1.175,0.13863635,40.5168,-80.0446
N15310,COLBY ST AT MT PLEASANT RD,Bus,Bus Stop,1.3113636450000001,1.2409091,0.07045454500000001,40.4832,-80.0039
N08735,BEAVER RD OPP EDGEWORTH LN,Bus,Bus Stop,1.3113636363636365,0.3113636363636365,1.0,40.552,-80.1918
W10530,ISLAND AVE OPP #1470,Bus,Bus Stop,1.309091045,1.2636365,0.045454545,40.4868,-80.0763
E05340,BEATTY RD AT COLLEGE PARK DR,Bus,Bus Stop,1.3045454545454547,0.14090909090909098,1.1636363636363636,40.4416,-79.7428
S70592,BROWNSVILLE RD AT THURNER DR,Bus,Bus Stop,1.302272775,0.07272727500000001,1.2295455,40.3522,-79.9889
E70986,BLAIR ST OPP STREET A,Bus,Bus Stop,1.2999999999999998,0.49772724999999995,0.80227275,40.4263,-79.9557
S70351,PORT PERRY RD AT E PITTSBURGH-MCKEESPORT BLVD F,Bus,Bus Stop,1.2977273,0.25227275,1.04545455,40.3837,-79.8285
X70067,LABELLE ST AT SYCAMORE ST,Bus,Bus Stop,1.295454545,0.045454545,1.25,40.4331,-80.0163
E70893,ROBINSON BLVD AT W'BURG-PENN JOINT WATER AUTHOR,Bus,Bus Stop,1.2931820450000002,0.120454545,1.1727275000000001,40.4576,-79.8644
W07790,GRAND AVE AT NEVILLE RD FS,Bus,Bus Stop,1.290909075,0.097727275,1.1931818,40.5025,-80.1019
N37020,MT TROY RD AT HOMESTEAD AVE,Bus,Bus Stop,1.290909,0.0,1.290909,40.4725,-79.983
E05380,BEATTY RD AT HAYMAKER RD,Bus,Bus Stop,1.28181818181818,1.28181818181818,0.0,40.4485,-79.761
X70078,WEST LIBERTY AVE OPP BROOKSIDE AVE,Bus,Bus Stop,1.27954545,0.77954545,0.5,40.4102,-80.0156
W10940,LADOGA ST AT KATHY DR,Bus,Bus Stop,1.277272725,0.5727272750000001,0.70454545,40.4506,-80.0694
E53430,STEVENSON ST AT FIFTH AVE,Bus,Bus Stop,1.277272545,0.045454545,1.231818,40.4385,-79.9864
E70455,UPLAND ST OPP STERRETT ST STEPS NS,Bus,Bus Stop,1.275,0.325,0.95,40.4615,-79.8922
W11685,LINDSAY RD AT GREENVIEW DR FS,Bus,Bus Stop,1.275,0.0,1.275,40.3869,-80.0764
S70413,MIFFLIN ST AT GEORGE ST,Bus,Bus Stop,1.2727275,0.0,1.2727275,40.3978,-79.8877
X18590,VANADIUM RD OPP VOLUNTEER FIRE COMPANY,Bus,Bus Stop,1.2727273000000001,0.62045455,0.65227275,40.3745,-80.093
E32327,JAMES ST OPP QUEEN DR,Bus,Bus Stop,1.272727272727273,0.6704545454545455,0.6022727272727275,40.4219,-79.8033
S70629,BOWMAN AVE OPP CHESTNUT AVE,Bus,Bus Stop,1.2727272727272725,0.8545454545454545,0.418181818181818,40.359,-79.8341
N21895,FREEPORT RD OPP SAXONBURG RD,Bus,Bus Stop,1.270454545454545,0.0,1.270454545454545,40.6361,-79.7123
S19240,GARDENVILLE RD AT KOEFFLER DR,Bus,Bus Stop,1.2681818181818199,0.0,1.2681818181818199,40.348,-80.0077
S70636,COMMONWEALTH AVE AT CLONMEL ST,Bus,Bus Stop,1.265909090909092,0.20681818181818198,1.05909090909091,40.3801,-79.8621
S13710,CRAWFORD AVE OPP JUNO AVE,Bus,Bus Stop,1.265909090909091,0.5545454545454545,0.7113636363636365,40.3625,-79.8537
E02925,AIKEN AVE AT BROAD ST,Bus,Bus Stop,1.265909045,0.145454545,1.1204545,40.4656,-79.9359
X04160,CEDAR BLVD AT #1154,Bus,Bus Stop,1.2636363750000001,0.022727275,1.2409091,40.3695,-80.0606
E09590,BRERETON ST AT 28TH ST,Bus,Bus Stop,1.2568181999999999,0.13636365,1.1204545499999998,40.4558,-79.9728
S28190,LEBANON CHURCH RD AT #4512,Bus,Bus Stop,1.2568181818181818,0.481818181818182,0.7749999999999999,40.3523,-79.9033
W06630,FAIRHAVEN RD AT #59,Bus,Bus Stop,1.254545454545456,1.1840909090909104,0.07045454545454545,40.471,-80.1001
E36150,LINCOLN HWY AT FOSTER RD,Bus,Bus Stop,1.252272775,0.147727275,1.1045455,40.3756,-79.797
W70166,WASHINGTON PIKE AT #1308,Bus,Bus Stop,1.2454545454545451,0.9499999999999996,0.29545454545454547,40.3772,-80.0972
S70036,HORNING RD AT BROUGHTON RD,Bus,Bus Stop,1.2454545,0.0,1.2454545,40.3306,-79.9883
S14792,DUQUESNE BLVD AT WHITFIELD AVE,Bus,Bus Stop,1.240909090909091,0.23863636363636348,1.0022727272727274,40.3712,-79.8435
N14452,CHAPIN ST AT COLBY ST,Bus,Bus Stop,1.2386365000000001,0.0,1.2386365000000001,40.4893,-80.0065
N50330,SPRING GARDEN AVE AT ARCOLA WAY,Bus,Bus Stop,1.2386363500000002,0.54772725,0.6909091,40.4601,-79.9916
E55330,VERONA BLVD AT RUNNETTE ST,Bus,Bus Stop,1.23863635,1.115909075,0.12272727500000001,40.4705,-79.8876
E41040,MULHATTON ST AT BARTLETT ST,Bus,Bus Stop,1.23863635,1.075,0.16363634999999999,40.4355,-79.9164
S70344,BOWMAN AVE AT LIME ST,Bus,Bus Stop,1.2363636363636386,0.872727272727275,0.3636363636363635,40.3609,-79.8328
X02540,BOWER HILL RD OPP COOKS SCHOOL RD,Bus,Bus Stop,1.2340909090909098,0.0,1.2340909090909098,40.3612,-80.1003
X00500,BANK ST AT GREGG AVE,Bus,Bus Stop,1.23181818181818,0.025,1.20681818181818,40.3552,-80.1087
S38700,PENNSYLVANIA AVE AT VERMONT AVE,Bus,Bus Stop,1.231818045,0.045454545,1.1863635000000001,40.3621,-79.867
N50340,SPRING GARDEN AVE AT BASIN ST,Bus,Bus Stop,1.2272727250000002,0.07272727500000001,1.15454545,40.4603,-79.9905
S34300,MIFFLIN RD AT #1236,Bus,Bus Stop,1.220454775,0.047727275,1.1727275000000001,40.3711,-79.9151
N71242,CORBET ST AT 4TH AVE,Bus,Bus Stop,1.22045455,1.05227275,0.1681818,40.6024,-79.7522
W23186,SWALLOW HILL RD AT HOPE ST,Bus,Bus Stop,1.218182,0.0,1.218182,40.3929,-80.0761
N27905,INGOMAR RD OPP SARATOGA DR,Bus,Bus Stop,1.2181818181818178,1.170454545454545,0.04772727272727275,40.5841,-80.0281
E70951,EAST HILLS DR AT CALISTOGA PL FS,Bus,Bus Stop,1.2159091,0.95,0.2659091,40.4528,-79.8735
W07340,FOREST GROVE RD AT SPEER DR,Bus,Bus Stop,1.2159090909090902,1.1659090909090901,0.05,40.4818,-80.1098
N37120,MT TROY RD AT BAUN RD,Bus,Bus Stop,1.215909,1.190909,0.025,40.4815,-79.9892
S27460,KENNYWOOD BLVD AT #4000,Bus,Bus Stop,1.2136364000000002,0.05,1.1636364000000001,40.3931,-79.8704
N13760,CENTER AVE AT CHURCH AVE,Bus,Bus Stop,1.213636363636365,0.0,1.213636363636365,40.5132,-80.0985
S70618,CAMP HOLLOW RD OPP MILLPORT DR,Bus,Bus Stop,1.21136365,1.00227275,0.20909090000000002,40.345,-79.9242
N71248,PROSPECT ST AT 9TH AVE,Bus,Bus Stop,1.2113636363636353,0.12045454545454545,1.09090909090909,40.6091,-79.7444
E39200,MIDDLE AVE AT #644,Bus,Bus Stop,1.21136362,0.8909090949999999,0.320454525,40.3975,-79.8114
N28120,IVORY AVE AT EVERGREEN RD,Bus,Bus Stop,1.2090908949999999,0.47954545,0.729545445,40.496,-80.0081
E15500,COREY AVE AT CENTER ST,Bus,Bus Stop,1.206818181818182,0.481818181818182,0.725,40.4064,-79.8663
S70607,CAMP HOLLOW RD AT BEVERLY DR,Bus,Bus Stop,1.2068181500000001,0.6340909,0.57272725,40.3435,-79.9203
S70642,CONLIN ST AT WORTON BLVD,Bus,Bus Stop,1.20454545,1.20454545,0.0,40.3626,-79.8705
W19447,ORCHARD SPRING RD AT #252,Bus,Bus Stop,1.2,0.0,1.2,40.395,-80.0683
E70896,BUTLER ST AT BAKER ST FS,Bus,Bus Stop,1.195454545,0.24545454500000002,0.95,40.488,-79.9206
X02150,BOWER HILL RD AT KANE BLVD,Bus,Bus Stop,1.1954544999999999,0.0,1.1954544999999999,40.3718,-80.0824
N37320,MT TROY RD OPP #2722,Bus,Bus Stop,1.190909,1.190909,0.0,40.474,-79.9866
N04320,9TH AVE AT ORMOND ST,Bus,Bus Stop,1.1886364999999999,1.1886364999999999,0.0,40.6068,-79.7491
N71280,FREEPORT RD OPP #2366,Bus,Bus Stop,1.188636363636364,0.40000000000000024,0.7886363636363636,40.5306,-79.8493
N39980,OHIO RIVER BLVD AT #4401 (OPP SPRING AVE STEPS),Bus,Bus Stop,1.1886363636363635,1.0,0.1886363636363635,40.4888,-80.0578
W11766,LINDSAY RD OPP NIXON SCHOOL,Bus,Bus Stop,1.18636365,0.05,1.13636365,40.3862,-80.0752
E59010,WILLIAM PENN HWY OPP CHURCHILL BORO BLDG,Bus,Bus Stop,1.1863636363636363,0.2636363636363638,0.9227272727272725,40.4462,-79.8514
S70328,STATE ST AT MILL DR (2),Bus,Bus Stop,1.186363636363636,0.7477272727272725,0.4386363636363635,40.307,-79.8864
S70359,BOWMAN AVE AT LIME ST,Bus,Bus Stop,1.1863636363636345,0.4545454545454545,0.73181818181818,40.361,-79.8329
W10970,LADOGA ST AT #3218,Bus,Bus Stop,1.18409115,1.0227275,0.16136365,40.4498,-80.0682
W11734,LINDSAY RD AT WYNNECLIFF DR #1,Bus,Bus Stop,1.1818182,0.0,1.1818182,40.3875,-80.0795
N28270,IVORY AVE OPP NELSON RUN RD,Bus,Bus Stop,1.1795455000000001,1.1295455,0.05,40.4966,-80.0146
E12780,CENTER RD OPP WIMBLEDON DR,Bus,Bus Stop,1.17954545,0.9363636500000001,0.2431818,40.467,-79.757
E50450,SALTSBURG RD OPP CRESTVIEW APTS,Bus,Bus Stop,1.179545275,0.022727275,1.156818,40.4814,-79.8058
E02790,ABER RD AT #8077,Bus,Bus Stop,1.17727275,1.0318182,0.14545455000000002,40.4692,-79.8622
S13934,CURRY RD AT HORNING RD,Bus,Bus Stop,1.177272727272725,0.0,1.177272727272725,40.3373,-79.9914
S70324,STATE ST AT MILL DR,Bus,Bus Stop,1.1750000000000003,0.6977272727272728,0.4772727272727275,40.2944,-79.8746
E50460,SALTSBURG RD OPP HERSHEY RD,Bus,Bus Stop,1.175,1.125,0.05,40.4777,-79.7997
W07525,FOXCROFT RD AT SWALLOW HILL RD,Bus,Bus Stop,1.172727272727275,0.0,1.172727272727275,40.3991,-80.0736
E03285,ALCOMA BLVD AT SALTSBURG RD,Bus,Bus Stop,1.1727272499999999,0.5977272499999999,0.575,40.4815,-79.8047
W17960,NOBLESTOWN RD AT BRENFORD AVE,Bus,Bus Stop,1.1681818,0.7,0.4681818,40.4205,-80.0668
S70352,PORT PERRY RD AT E PITTSBURGH-MCKEESPORT BLVD,Bus,Bus Stop,1.1659091,1.05227275,0.11363635,40.3834,-79.8283
W08760,HERBST RD AT VIGNE RD,Bus,Bus Stop,1.1613636363636366,0.6272727272727275,0.534090909090909,40.4895,-80.1196
S28150,LEBANON CHURCH RD AT #4220,Bus,Bus Stop,1.16136362,0.349999995,0.811363625,40.3521,-79.9076
S70438,CUSTER AVE OPP BICKAR ST,Bus,Bus Stop,1.1590909090909092,0.634090909090909,0.525,40.3942,-79.971
N19640,FERGUSON RD AT WYLAND AVE,Bus,Bus Stop,1.159090909090909,0.025,1.134090909090909,40.5617,-79.9875
N08730,BEAVER RD OPP CHURCH LN,Bus,Bus Stop,1.1590909090909076,0.02272727272727275,1.136363636363635,40.5562,-80.1968
E32324,JAMES ST AT SPEELMAN LN,Bus,Bus Stop,1.1568181818181826,0.07272727272727275,1.0840909090909099,40.4212,-79.8
N05450,AMITY DR AT THOMPSON RUN RD,Bus,Bus Stop,1.15454545,0.0,1.15454545,40.5501,-79.9977
S70405,LEWIS RUN RD OPP ANNHURST APTS,Bus,Bus Stop,1.1500001,0.809091,0.3409091,40.3268,-79.939
W26300,W PROSPECT AVE AT #221 (STEPS),Bus,Bus Stop,1.1500000000000004,0.8522727272727275,0.2977272727272728,40.4475,-80.0741
W08250,GREENTREE RD OPP ORIOLE DR,Bus,Bus Stop,1.1454545454545455,0.025,1.1204545454545456,40.4104,-80.0475
X00490,BANK ST AT GREGG AVE,Bus,Bus Stop,1.145454545454545,1.145454545454545,0.0,40.3551,-80.1085
E52640,STANTON AVE AT DUNCAN ST,Bus,Bus Stop,1.143182045,0.07045454500000001,1.0727275,40.4776,-79.9519
W15940,NOBLE AVE AT E CRAFTON AVE,Bus,Bus Stop,1.1409090909090904,0.293181818181818,0.8477272727272724,40.436,-80.0645
W10380,ISLAND AVE AT CUTLER ST,Bus,Bus Stop,1.138636363636365,0.025,1.113636363636365,40.4717,-80.0612
E55450,VERONA RD AT ELLIOTT ST,Bus,Bus Stop,1.1363638,1.068182,0.0681818,40.499,-79.8375
E10280,BRINTON RD AT #1246,Bus,Bus Stop,1.1363636363636356,0.14545454545454545,0.9909090909090901,40.423,-79.8668
E55020,UNIVERSAL RD AT AUSTIN ST,Bus,Bus Stop,1.1363634999999999,0.025,1.1113635,40.4752,-79.7866
S70233,PROSPECT RD AT CAPAREL TOWNHOUSE,Bus,Bus Stop,1.13409090909091,0.025,1.10909090909091,40.3597,-79.9599
N71319,CORNELL AVE AT #1719,Bus,Bus Stop,1.1318181999999999,0.0,1.1318181999999999,40.512,-80.0451
E38810,MARK DR AT #7915,Bus,Bus Stop,1.1295455,0.7727273,0.35681820000000003,40.47,-79.8681
W70151,CORAOPOLIS RD AT #285,Bus,Bus Stop,1.1295454999999999,0.70227275,0.42727275,40.502,-80.1207
E70237,FIFTH AVE AT HAMILTON AVE,Bus,Bus Stop,1.12954545,0.1431818,0.9863636499999999,40.4571,-79.9091
E59570,WOODSTOCK AVE AT #2695,Bus,Bus Stop,1.127272575,1.0545453,0.07272727500000001,40.4143,-79.8726
S17060,ELIZA ST AT CORBIN ST,Bus,Bus Stop,1.125,0.43181820000000004,0.6931818,40.3875,-79.8749
W13250,MCCOY RD AT GREENWOOD DR,Bus,Bus Stop,1.125,1.1,0.025,40.478,-80.0941
S09370,RIDGEVUE DR AT BROWNSVILLE RD,Bus,Bus Stop,1.125,0.37272724999999995,0.75227275,40.3191,-79.9959
W11701,LINDSAY RD AT NIXON SCHOOL,Bus,Bus Stop,1.1227274999999999,1.1227274999999999,0.0,40.3861,-80.0753
S70411,MIFFLIN ST AT GEORGE ST,Bus,Bus Stop,1.1227274999999999,1.1227274999999999,0.0,40.3977,-79.8879
S24285,HWY RT 51 OPP BLUE FLAME,Bus,Bus Stop,1.122727272727273,0.4772727272727275,0.6454545454545455,40.3048,-79.9335
N53645,WESTERN AVE AT ALLEGHENY AVE,Bus,Bus Stop,1.122727045,0.145454545,0.9772725,40.4516,-80.0185
E49970,SALTSBURG RD AT REITER RD,Bus,Bus Stop,1.12045455,0.0,1.12045455,40.4764,-79.7808
E49595,SALTSBURG RD OPP ASTER ST NS,Bus,Bus Stop,1.12045455,1.05227275,0.0681818,40.4839,-79.8143
N43800,PERRYSVILLE AVE AT #3358,Bus,Bus Stop,1.1181818,0.09318180000000001,1.025,40.4811,-80.0134
E37330,LONG RD OPP SAYLONG DR,Bus,Bus Stop,1.1136365,1.0886365,0.025,40.4561,-79.836
E07340,BEULAH RD AT LONG RD,Bus,Bus Stop,1.1113636363636363,0.22272727272727277,0.8886363636363634,40.4506,-79.8437
N15220,CHURCH AVE AT WALNUT RD,Bus,Bus Stop,1.111363636363635,1.111363636363635,0.0,40.507,-80.0769
N71332,CENTER AVE AT PLUMER AVE,Bus,Bus Stop,1.111363636363635,0.0,1.111363636363635,40.5111,-80.0882
N04310,9TH AVE AT MORGAN ST,Bus,Bus Stop,1.10909090909091,0.0,1.10909090909091,40.6095,-79.7421
W17810,NOBLESTOWN RD OPP HARTWELL ST,Bus,Bus Stop,1.1090909,0.18636365,0.92272725,40.4376,-80.0524
S14790,DUQUESNE BLVD AT WYLIE AVE,Bus,Bus Stop,1.106818181818182,0.22272727272727277,0.8840909090909093,40.3674,-79.8424
E48645,ROBINSON BLVD AT EAST GATE ENTRANCE FS,Bus,Bus Stop,1.1045456,0.9886365,0.11590910000000001,40.4592,-79.866
E10475,BRINTON RD OPP #1584,Bus,Bus Stop,1.1045454545454545,0.7886363636363635,0.31590909090909103,40.4128,-79.8576
E54460,TILBURY AVE OPP WALDRON ST FS,Bus,Bus Stop,1.10454545,0.21590910000000002,0.8886363500000001,40.4314,-79.9181
W70157,CLEVER RD AT REGINA DR FS,Bus,Bus Stop,1.1045454499999998,0.50454545,0.6,40.466,-80.136
E40840,MT CARMEL RD AT HIGHLANDVIEW ST,Bus,Bus Stop,1.10227275,0.8409091,0.26136365,40.4688,-79.8868
E70352,UNITY TRESTLE RD AT ANDERSON LN,Bus,Bus Stop,1.10227275,0.125,0.97727275,40.4856,-79.7696
E70879,GREENSBURG PIKE OPP LLOYD AVE,Bus,Bus Stop,1.1022727,0.2340909,0.8681818000000001,40.397,-79.8213
N22440,FREEPORT RD OPP #1372,Bus,Bus Stop,1.100000195,1.02954565,0.07045454500000001,40.4898,-79.8725
S70395,LEWIS RUN RD AT NORTH AVE,Bus,Bus Stop,1.0977272999999999,0.69545455,0.40227274999999996,40.3317,-79.9362
N37260,MT TROY RD OPP HIGHLAND AVE (#1287),Bus,Bus Stop,1.095454775,1.0727275,0.022727275,40.4709,-79.9825
S31260,MAIN ST AT EMERSON AVE,Bus,Bus Stop,1.0931818500000001,0.32727275,0.7659091,40.3853,-79.9034
E59730,WOODSTOCK AVE OPP WILKINS AVE,Bus,Bus Stop,1.093181795,0.145454545,0.94772725,40.4133,-79.8712
N12930,CALIFORNIA AVE AT MARVISTA ST,Bus,Bus Stop,1.090909275,0.07272727500000001,1.018182,40.4611,-80.0286
E70355,UNIVERSAL RD OPP HERSHEY RD,Bus,Bus Stop,1.08636365,0.025,1.06136365,40.4693,-79.7956
W07780,GRAND AVE AT NEVILLE RD NS,Bus,Bus Stop,1.0818182,1.0318182,0.05,40.5029,-80.1018
S24150,HWY RT 51 AT STEWART AVE,Bus,Bus Stop,1.081818175,0.215909075,0.8659091000000001,40.3787,-79.9932
N28180,IVORY AVE AT PEACHTREE WAY,Bus,Bus Stop,1.0818180000000002,0.0,1.0818180000000002,40.4967,-80.0146
N35740,MT ROYAL BLVD AT EADE AVE,Bus,Bus Stop,1.0795455,0.82727275,0.25227275,40.5466,-79.9724
S20460,GRANT AVE AT 4TH ST,Bus,Bus Stop,1.077272727272725,0.0,1.077272727272725,40.3726,-79.8492
E40770,MT CARMEL RD AT ABER RD,Bus,Bus Stop,1.077272695,0.554545445,0.52272725,40.4671,-79.8695
W17640,NOBLESTOWN RD OPP BARTOW ST,Bus,Bus Stop,1.075,0.4409091,0.6340909,40.438,-80.0534
E30010,HOMEWOOD AVE OPP ROYCREST PL,Bus,Bus Stop,1.07272725,0.5090909,0.56363635,40.4481,-79.9021
S70383,HWY RT 885 AT WALL RD,Bus,Bus Stop,1.0704545454545455,0.490909090909091,0.5795454545454545,40.307,-79.905
X00800,BANKSVILLE RD AT BANKSVILLE AVE,Bus,Bus Stop,1.070454545,0.145454545,0.925,40.4184,-80.0299
E57980,WILNER DR AT #2202,Bus,Bus Stop,1.0681818,0.2340909,0.8340909000000001,40.4543,-79.8681
E70977,VERONA RD AT PELONE DR (VERONA ESTATES),Bus,Bus Stop,1.0590908,0.09318180000000001,0.965909,40.4884,-79.8369
E70075,BROADWAY BLVD AT #1010,Bus,Bus Stop,1.056818195,1.056818195,0.0,40.4007,-79.7727
E18025,ELECTRIC AVE AT ELECTRIC AVENUE APARTMENTS,Bus,Bus Stop,1.0568181818181814,0.409090909090909,0.6477272727272725,40.4021,-79.8367
W70170,PINE HOLLOW RD AT #1806,Bus,Bus Stop,1.054545454545456,0.090909090909091,0.963636363636365,40.479,-80.1037
S25680,IRVINE ST OPP MOBILE ST,Bus,Bus Stop,1.05454545,0.09318180000000001,0.96136365,40.4161,-79.9468
W08010,GRAND AVE OPP VON STEIN LN,Bus,Bus Stop,1.052272745,0.9818182,0.07045454500000001,40.5172,-80.1488
S17170,ELIZA ST OPP FRANK ST (#3932),Bus,Bus Stop,1.0522727,0.09318180000000001,0.9590909000000001,40.3919,-79.8774
S48470,WEST ST AT HOMESTEAD HEALTH CENTER,Bus,Bus Stop,1.0500000250000001,0.19772727499999998,0.85227275,40.3997,-79.9048
N71336,CENTER AVE AT NORTH AVE,Bus,Bus Stop,1.047727272727275,0.0,1.047727272727275,40.5132,-80.0972
E25328,GREENFIELD AVE AT YODER ST,Bus,Bus Stop,1.0477272499999999,0.6886363499999999,0.3590909,40.4251,-79.947
E70300,BRYN MAWR RD OPP ANDOVER TERR,Bus,Bus Stop,1.0431818499999999,0.6409091,0.40227274999999996,40.4503,-79.9571
E34055,LAKETON RD AT #1746,Bus,Bus Stop,1.0431818,0.225,0.8181818,40.4491,-79.866
N14890,CHATEAU ST AT NORTH AVE,Bus,Bus Stop,1.03863635,0.5090909,0.52954545,40.4518,-80.0276
E29800,HOMEWOOD AVE AT KEDRON ST,Bus,Bus Stop,1.038636345,0.345454545,0.6931818000000001,40.4607,-79.895
N36530,MT ROYAL BLVD OPP GRANDVIEW AVE,Bus,Bus Stop,1.03636365,0.7818182,0.25454545,40.5502,-79.9715
S27450,KENNYWOOD BLVD AT #4000,Bus,Bus Stop,1.03636365,0.8704545499999999,0.1659091,40.3926,-79.8699
E49680,SALTSBURG RD AT COLONIAL VILLAGE DR,Bus,Bus Stop,1.0363635,0.0,1.0363635,40.475,-79.7909
S70515,AGNEW AVE AT BECKS RUN RD,Bus,Bus Stop,1.0340909999999999,1.009091,0.025,40.397,-79.9786
W08800,HERBST RD OPP GRANT ST,Bus,Bus Stop,1.034090909090911,0.165909090909091,0.8681818181818199,40.4869,-80.1152
W14240,CORAOPOLIS RD AT DOROTHY ST,Bus,Bus Stop,1.03409090909091,0.0,1.03409090909091,40.4831,-80.1072
N20640,FREEPORT RD AT AUTO PARTS STORE,Bus,Bus Stop,1.034090909090909,0.025,1.009090909090909,40.6319,-79.7152
N31886,MARSHALL AVE OPP SORREL ST,Bus,Bus Stop,1.0340909,0.0,1.0340909,40.4638,-80.0283
S46950,WALNUT ST AT 31ST AVE FS,Bus,Bus Stop,1.031818181818182,0.3954545454545455,0.6363636363636365,40.3307,-79.8433
S46960,WALNUT ST AT 31ST AVE,Bus,Bus Stop,1.031818181818182,0.7,0.331818181818182,40.331,-79.8435
N71264,FREEPORT RD OPP POWERS RUN RD,Bus,Bus Stop,1.0295457,0.2568182,0.7727275,40.5073,-79.8516
E70817,FORBES RD AT CK STUDIOS DRIVEWAY,Bus,Bus Stop,1.0272727250000002,0.0,1.0272727250000002,40.3922,-79.7583
W25940,W CARSON ST AT SAGINAW ST,Bus,Bus Stop,1.027272715,0.959090895,0.06818182,40.4611,-80.0497
S14780,DUQUESNE BLVD AT CAMP AVE,Bus,Bus Stop,1.0227272727272725,0.18636363636363623,0.8363636363636362,40.3694,-79.8428
W14400,CORAOPOLIS RD AT #28,Bus,Bus Stop,1.0204545454545455,0.5295454545454545,0.49090909090909096,40.4841,-80.107
S14370,DESIDERIO BLVD OPP JEFFERSON DR,Bus,Bus Stop,1.0204545454545455,0.7363636363636364,0.284090909090909,40.2887,-79.8913
N50750,SPRING GARDEN AVE AT MAUCH ST,Bus,Bus Stop,1.0204544999999998,0.025,0.9954544999999999,40.4716,-79.9865
N14910,CHATEAU ST AT SHEFFIELD ST,Bus,Bus Stop,1.0181818500000002,0.11590910000000001,0.9022727500000001,40.4527,-80.0279
X08848,KANE BLVD AT ELM DR,Bus,Bus Stop,1.01363635,0.96363635,0.05,40.3759,-80.0886
N71278,SPRING GARDEN AVE AT TELL ST FS,Bus,Bus Stop,1.0136363499999999,0.15,0.8636363499999999,40.4607,-79.9885
E70981,BLAIR ST OPP BEEHIVE ST,Bus,Bus Stop,1.0113636449999999,0.170454545,0.8409091,40.4181,-79.9507
W70143,HERBST RD AT HERBST MANOR RD,Bus,Bus Stop,1.011363636363636,0.593181818181818,0.418181818181818,40.4914,-80.1192
N36560,MT ROYAL BLVD OPP IOLA AVE,Bus,Bus Stop,1.011363625,0.022727275,0.98863635,40.5367,-79.9714
N50460,SPRING GARDEN RD AT LUKE'S ROAD HOUSE (#3254),Bus,Bus Stop,1.009090925,0.96136365,0.047727275,40.4784,-79.995
E70853,HAZELWOOD AVE AT GLADSTONE ST,Bus,Bus Stop,1.0090909000000001,0.05,0.9590909000000001,40.4125,-79.9403
S46850,WALNUT ST AT 25TH AVE FS,Bus,Bus Stop,1.0045454545454549,0.8818181818181821,0.12272727272727275,40.3347,-79.8497
N08000,BEAVER AVE AT BRANCHPORT ST,Bus,Bus Stop,1.0,0.64772725,0.35227275,40.4594,-80.0311
S46930,WALNUT ST AT 29TH AVE FS,Bus,Bus Stop,1.0,0.8113636363636365,0.1886363636363635,40.3323,-79.8458
N37050,MT TROY RD AT KLEMENTINA DR,Bus,Bus Stop,0.9977275,0.9727275,0.025,40.4897,-79.9924
N45290,PRESIDENTIAL DR AT JACKSON,Bus,Bus Stop,0.9954545454545456,0.025,0.9704545454545456,40.5833,-79.9981
S35980,BLOSSOM DR AT GARDENVILLE RD,Bus,Bus Stop,0.9954545454545455,0.9954545454545455,0.0,40.3427,-80.0053
E53110,STANTON AVE AT #4340,Bus,Bus Stop,0.9909091000000001,0.9909091000000001,0.0,40.4804,-79.9424
E51320,SHADY AVE AT DOUGLAS ST,Bus,Bus Stop,0.9886364000000001,0.13636365,0.85227275,40.4336,-79.9186
E16600,DOBSON ST AT HARDING WAY,Bus,Bus Stop,0.988636375,0.8159091,0.17272727499999999,40.4579,-79.965
N19690,FERGUSON RD OPP SWEENEY RD,Bus,Bus Stop,0.9886363636363635,0.5295454545454545,0.459090909090909,40.5578,-79.9757
S70505,CUSTER AVE AT EDWARD DR,Bus,Bus Stop,0.9886363636363635,0.9886363636363635,0.0,40.3955,-79.9684
E57960,WILNER DR AT ROBINSON BLVD,Bus,Bus Stop,0.98636365,0.525,0.46136365,40.4528,-79.8668
E70847,HAZELWOOD AVE OPP EMAHLEA ST,Bus,Bus Stop,0.9863636499999999,0.7363636499999999,0.25,40.4179,-79.9367
S70490,CHURCHVIEW AVE OPP REVO RD,Bus,Bus Stop,0.9863636363636364,0.9613636363636364,0.025,40.3862,-79.9429
E32303,JAMES ST AT BUENA VISTA RD,Bus,Bus Stop,0.9863636363636364,0.3704545454545455,0.615909090909091,40.4202,-79.8083
E10270,BRINTON RD AT #1245,Bus,Bus Stop,0.981818181818182,0.8818181818181821,0.1,40.423,-79.8667
E50560,SALTSBURG RD OPP REGENCY DR,Bus,Bus Stop,0.979545475,0.0,0.979545475,40.4753,-79.771
N32360,MCINTYRE RD AT THOMPSON RUN RD FS,Bus,Bus Stop,0.975,0.0,0.975,40.5525,-79.9985
E70341,UNIVERSAL RD AT DEERFIELD DR,Bus,Bus Stop,0.975,0.975,0.0,40.4669,-79.7988
N37250,MT TROY RD AT # 3222,Bus,Bus Stop,0.9727275,0.0,0.9727275,40.4856,-79.9919
N14270,CENTER AVE AT YALE AVE,Bus,Bus Stop,0.972727295,0.120454545,0.85227275,40.5167,-80.0444
N20705,FREEPORT RD OPP CLIFTON AVE,Bus,Bus Stop,0.97045455,0.1181818,0.85227275,40.4995,-79.8529
N28210,RODENBAUGH AVE AT IVORY AVE FS,Bus,Bus Stop,0.9681818181818177,0.02272727272727275,0.945454545454545,40.4972,-80.018
E55490,VERONA RD OPP GALETON DR,Bus,Bus Stop,0.968181795,0.145454545,0.82272725,40.4904,-79.8361
N50680,SPRING GARDEN AVE OPP REEKES WAY,Bus,Bus Stop,0.965909275,0.943182,0.022727275,40.4763,-79.9894
E06050,BEECHWOOD BLVD AT #2530,Bus,Bus Stop,0.9659091000000001,0.41590910000000003,0.55,40.4293,-79.9156
E20990,FRANKSTOWN RD AT DUFFIELD AVE,Bus,Bus Stop,0.9659091,0.1909091,0.775,40.4613,-79.848
E05297,BEATTY RD OPP BEATTY POINTE VILLAGE,Bus,Bus Stop,0.9636363636363636,0.02272727272727275,0.9409090909090909,40.4458,-79.7474
S23550,HWY RT 51 AT BLUE FLAME,Bus,Bus Stop,0.9636363636363634,0.5954545454545455,0.368181818181818,40.3052,-79.9342
S28250,LEBANON CHURCH RD AT WILSON ST,Bus,Bus Stop,0.96136365,0.45227275,0.5090909,40.3524,-79.9069
E17965,ELECTRIC AVE OPP ELECTRIC AVENUE APARTMENTS,Bus,Bus Stop,0.9613636363636364,0.8204545454545454,0.14090909090909098,40.4022,-79.8366
N71324,CENTER AVE AT NORTH AVE,Bus,Bus Stop,0.9613636363636364,0.9613636363636364,0.0,40.5132,-80.0973
E70336,UNIVERSAL RD OPP AUSTIN ST,Bus,Bus Stop,0.9613635,0.9613635,0.0,40.4753,-79.7867
E03140,AIRBRAKE AVE OPP 2ND ST,Bus,Bus Stop,0.956818195,0.279545445,0.67727275,40.3995,-79.8154
W07720,GRAND AVE AT IDAHO AVE,Bus,Bus Stop,0.954545475,0.022727275,0.9318181999999999,40.5141,-80.1386
S47320,WALNUT ST AT #4913,Bus,Bus Stop,0.95227275,0.92727275,0.025,40.3163,-79.8329
W07300,FOREST GROVE RD AT DIEBOLD RD,Bus,Bus Stop,0.9522727272727269,0.784090909090909,0.168181818181818,40.4796,-80.1042
N15515,CONNIE DR AT #110,Bus,Bus Stop,0.9522727,0.23863635,0.71363635,40.5001,-80.0281
E34730,LEECHBURG RD OPP RAILROAD ST,Bus,Bus Stop,0.9477273,0.9477273,0.0,40.494,-79.7875
W23185,SWALLOW HILL RD AT HOPE ST,Bus,Bus Stop,0.947727275,0.825,0.12272727500000001,40.3928,-80.076
W70127,GREENTREE RD AT #2080,Bus,Bus Stop,0.94772725,0.0,0.94772725,40.392,-80.0691
E53020,STANTON AVE OPP JANCEY ST,Bus,Bus Stop,0.945454545,0.9,0.045454545,40.4742,-79.9316
W11731,LINDSAY RD AT #723,Bus,Bus Stop,0.943182,0.0,0.943182,40.3857,-80.0793
N10948,BROAD ST AT HILL ST,Bus,Bus Stop,0.9431818249999999,0.07272727500000001,0.8704545499999999,40.5415,-80.1784
S47310,WALNUT ST AT #2906,Bus,Bus Stop,0.9431818181818181,0.425,0.5181818181818181,40.3319,-79.8453
S47410,WALNUT ST OPP EDEN PARK BLVD,Bus,Bus Stop,0.9409090909090909,0.3772727272727275,0.5636363636363635,40.3274,-79.8404
N51640,SUNSET AVE OPP NORRIS ST,Bus,Bus Stop,0.9409090449999999,0.8954544999999999,0.045454545,40.4712,-80.0008
N40090,OHIO RIVER BLVD OPP BRIGHTON RD (#7139),Bus,Bus Stop,0.9386363636363637,0.8159090909090909,0.12272727272727275,40.5048,-80.0847
W20430,RIVER AVE AT UNDERPASS,Bus,Bus Stop,0.9386363636363635,0.8,0.1386363636363635,40.4704,-80.0541
E40890,MT CARMEL RD AT TIERS ST,Bus,Bus Stop,0.93636365,0.75,0.18636365,40.4704,-79.8876
S27705,LAUREL DR AT CURRY RD,Bus,Bus Stop,0.936363636363635,0.0,0.936363636363635,40.3443,-79.9923
W70163,GRAND AVE AT #3000 (HOLDEN CORP),Bus,Bus Stop,0.931818195,0.32045454500000004,0.6113636499999999,40.5054,-80.1048
S70543,CHURCHVIEW AVE AT REVO RD,Bus,Bus Stop,0.9295454545454545,0.025,0.9045454545454544,40.3861,-79.943
S18010,PROVOST RD AT WEYMAN RD,Bus,Bus Stop,0.9295454250000001,0.11363635,0.8159090750000001,40.376,-79.994
X06940,GRANDVIEW AVE AT LABELLE ST,Bus,Bus Stop,0.9295452750000001,0.906818,0.022727275,40.4364,-80.0157
N21855,FREEPORT RD AT #2238,Bus,Bus Stop,0.925,0.215909090909091,0.709090909090909,40.5273,-79.8506
E32299,JAMES ST AT #530,Bus,Bus Stop,0.9227272999999999,0.32727275,0.5954545499999999,40.4108,-79.8188
N39060,THE BLOCK NORTHWAY DR OPP DAVE AND BUSTERS,Bus,Bus Stop,0.920454545,0.288636345,0.6318182,40.5496,-80.0211
N21490,FREEPORT RD AT CLIFTON AVE,Bus,Bus Stop,0.9181818,0.43863635,0.47954545000000004,40.4996,-79.853
N36980,MT TROY RD AT GEYER RD,Bus,Bus Stop,0.9181818,0.05,0.8681818,40.4934,-79.9948
S70379,STATE ST AT SHAW AVE,Bus,Bus Stop,0.915909090909091,0.5,0.415909090909091,40.2947,-79.8747
E50730,SALTSBURG RD AT TILFORD RD,Bus,Bus Stop,0.9159090000000001,0.0,0.9159090000000001,40.475,-79.7923
X04330,CEDAR BLVD OPP #1289,Bus,Bus Stop,0.9136363500000001,0.025,0.8886363500000001,40.3631,-80.0635
E40100,MONROEVILLE BLVD OPP BOSSES DR,Bus,Bus Stop,0.909090909090909,0.0,0.909090909090909,40.4282,-79.7874
N49441,SEWICKLEY BRIDGE RAMP OPP KRAMER WAY,Bus,Bus Stop,0.9090909,0.9090909,0.0,40.536,-80.1849
X04250,CEDAR BLVD OPP LINDENDALE DR,Bus,Bus Stop,0.9068182,0.9068182,0.0,40.3676,-80.0613
X20240,WEST LIBERTY AVE AT #2666,Bus,Bus Stop,0.90681815,0.33409089999999997,0.57272725,40.3976,-80.0283
W11767,LINDSAY RD OPP #834,Bus,Bus Stop,0.9045454500000001,0.0,0.9045454500000001,40.3886,-80.0782
E40350,MONTIER ST AT #1438,Bus,Bus Stop,0.895454525,0.13863635,0.756818175,40.4452,-79.8739
E02931,AIKEN AVE AT ROSETTA ST,Bus,Bus Stop,0.8909090000000001,0.025,0.865909,40.4671,-79.935
N10375,BRIGHTON RD OPP GIANT EAGLE LOT,Bus,Bus Stop,0.89090885,0.13863635,0.7522725,40.4898,-80.045
E34320,LARIMER AVE AT ORPHAN ST,Bus,Bus Stop,0.8886364,0.23181820000000003,0.6568182,40.467,-79.9101
X04165,CEDAR BLVD AT BEADLING RD,Bus,Bus Stop,0.8886363500000001,0.8886363500000001,0.0,40.3643,-80.0627
W14370,CORAOPOLIS RD AT PORTER HOLLOW RD,Bus,Bus Stop,0.8863636363636362,0.2977272727272728,0.5886363636363635,40.4862,-80.1065
W09795,HWY RT 51 AT VALLEY AMBULANCE,Bus,Bus Stop,0.884090925,0.19772727499999998,0.68636365,40.5275,-80.185
N15640,CORBET ST AT 6TH AVE,Bus,Bus Stop,0.8818182,0.7818182,0.1,40.6031,-79.7526
N71237,10TH AVE AT GARFIELD ST,Bus,Bus Stop,0.8818182,0.0,0.8818182,40.6068,-79.7531
N21360,FREEPORT RD AT LENGEL AVE,Bus,Bus Stop,0.8818181818181821,0.8818181818181821,0.0,40.6346,-79.7135
N53760,WESTERN AVE AT BRIGHTON RD FS,Bus,Bus Stop,0.8818181500000001,0.5431818,0.33863635000000003,40.4523,-80.0146
E17750,EDGEWOOD TOWNE CENTRE AT TOWNE CENTRE OFFICES,Bus,Bus Stop,0.8772727499999999,0.12272727500000001,0.7545454749999999,40.4248,-79.8874
N19700,FERGUSON RD AT LAMMERTON DR,Bus,Bus Stop,0.877272727272727,0.877272727272727,0.0,40.5612,-79.9876
E70842,HAZELWOOD AVE OPP GLADSTONE ST,Bus,Bus Stop,0.8750000000000001,0.7318182000000001,0.1431818,40.4124,-79.9402
X10260,MAIN ST AT #1737,Bus,Bus Stop,0.875,0.85,0.025,40.3768,-80.0929
S70493,CHURCHVIEW AVE OPP JOHN ROMANUS DR,Bus,Bus Stop,0.8727272727272727,0.85,0.02272727272727275,40.3835,-79.9555
S50262,WORTHINGTON AVE AT 13TH ST,Bus,Bus Stop,0.8704545454545456,0.05,0.8204545454545455,40.2936,-79.8995
E12280,BUTLER ST AT #5770 (CAR WASH),Bus,Bus Stop,0.8681818250000001,0.138636375,0.72954545,40.4858,-79.9443
N40910,PEEBLES RD AT DUNCAN AVE FS,Bus,Bus Stop,0.8681818181818199,0.0,0.8681818181818199,40.5683,-80.0057
W11671,LINDSAY RD AT #834,Bus,Bus Stop,0.8681818,0.8431818,0.025,40.3886,-80.0783
S34060,MIFFLIN RD OPP #1236,Bus,Bus Stop,0.865909275,0.843182,0.022727275,40.3711,-79.915
X03990,CEDAR BLVD AT CARNEGIE DR,Bus,Bus Stop,0.8659091,0.33863635000000003,0.52727275,40.38,-80.053
S47620,WARRINGTON AVE AT MONTOOTH ST,Bus,Bus Stop,0.8636363499999999,0.4340909,0.42954545,40.4206,-80.0061
S70574,HORNING RD OPP #5621,Bus,Bus Stop,0.8613636363636366,0.0,0.8613636363636366,40.333,-79.9891
N71241,PROSPECT ST OPP ROUP AVE,Bus,Bus Stop,0.8613636363636366,0.0,0.8613636363636366,40.6097,-79.745
E32328,JAMES ST OPP JAMES ST EXT,Bus,Bus Stop,0.8613636363636366,0.0,0.8613636363636366,40.4235,-79.7941
E38790,MARK DR AT #7865,Bus,Bus Stop,0.8590909,0.7840909,0.075,40.4692,-79.8711
N21310,FREEPORT RD AT IDAHO AVE,Bus,Bus Stop,0.856818181818182,0.0,0.856818181818182,40.6193,-79.7305
S70606,CAMP HOLLOW RD AT SKYPORT DR,Bus,Bus Stop,0.854545445,0.045454545,0.8090909,40.3447,-79.9235
E05270,BEACON ST OPP #5414,Bus,Bus Stop,0.8545454,0.59090905,0.26363634999999996,40.4336,-79.9321
X02340,BOWER HILL RD AT #737,Bus,Bus Stop,0.852272727272727,0.143181818181818,0.709090909090909,40.3587,-80.1039
E70076,BROADWAY BLVD OPP #1010,Bus,Bus Stop,0.84772725,0.0,0.84772725,40.4008,-79.773
W23193,SWALLOW HILL RD AT SWALLOW HILL PL,Bus,Bus Stop,0.84545455,0.0,0.84545455,40.3987,-80.076
S70385,HWY RT 885 AT #1118,Bus,Bus Stop,0.8454545454545452,0.7227272727272724,0.12272727272727275,40.3114,-79.9164
N18180,EAST ST AT SUFFOLK ST,Bus,Bus Stop,0.8431818499999999,0.52727275,0.3159091,40.4691,-80.0016
X70063,COCHRAN RD AT PARKER DR,Bus,Bus Stop,0.843181825,0.82045455,0.022727275,40.3884,-80.0568
W21730,STEUBEN ST AT #1260,Bus,Bus Stop,0.8431818,0.19545455,0.64772725,40.4411,-80.0471
E70948,MT CARMEL RD OPP MASON RD,Bus,Bus Stop,0.8409090749999999,0.7681817999999999,0.07272727500000001,40.4655,-79.8782
E49560,SALTSBURG RD AT ALCOMA DR,Bus,Bus Stop,0.83636365,0.81136365,0.025,40.4771,-79.7982
E70995,WYLIE AVE AT FULLERTON ST,Bus,Bus Stop,0.8363636,0.26363634999999996,0.57272725,40.442,-79.9889
E39060,MIDDLE AVE AT 2ND ST,Bus,Bus Stop,0.8340909000000001,0.6681818,0.1659091,40.3997,-79.8148
N16060,DIVISION ST AT MARIE AVE,Bus,Bus Stop,0.831818181818182,0.0,0.831818181818182,40.5044,-80.0751
S23810,HWY RT 51 AT HILLVIEW ST FS,Bus,Bus Stop,0.83181817,0.64545455,0.18636362,40.3813,-79.9955
E70342,UNIVERSAL RD OPP DEERFIELD DR,Bus,Bus Stop,0.82954545,0.0,0.82954545,40.4669,-79.7987
E47580,PITCAIRN-TRAFFORD RD OPP CLARK ST,Bus,Bus Stop,0.8250000000000002,0.04545454545454545,0.7795454545454548,40.3953,-79.7674
N50410,SPRING GARDEN AVE AT OLD HONESTY ST,Bus,Bus Stop,0.822727295,0.70227275,0.120454545,40.4622,-79.9872
W22580,STEUBENVILLE PIKE AT WEST HILLS PLAZA,Bus,Bus Stop,0.82272725,0.82272725,0.0,40.4515,-80.1316
N50700,SPRING GARDEN RD AT #3253,Bus,Bus Stop,0.818181825,0.022727275,0.79545455,40.4784,-79.9949
E30035,HULTON RD AT HULTON ESTATES,Bus,Bus Stop,0.8181818,0.0,0.8181818,40.5134,-79.8034
N71271,ALPHA DR OPP PRINT TECH DRVWY,Bus,Bus Stop,0.8159091,0.8159091,0.0,40.4935,-79.8697
N08500,BEAVER ST AT OSBORNE LN,Bus,Bus Stop,0.8159090909090908,0.04772727272727275,0.7681818181818181,40.5331,-80.1719
W04200,CHARTIERS AVE EXT AT #1536,Bus,Bus Stop,0.8136363636363635,0.075,0.7386363636363635,40.4671,-80.0818
E51550,SHADY AVE OPP HIGHMONT RD,Bus,Bus Stop,0.81363635,0.0681818,0.74545455,40.4498,-79.9207
N37090,MT TROY RD OPP #2840,Bus,Bus Stop,0.81136365,0.81136365,0.0,40.4768,-79.9878
E08210,BLVD OF ALLIES AT JUMONVILLE ST,Bus,Bus Stop,0.809090925,0.047727275,0.7613636500000001,40.4363,-79.9777
E06230,BEECHWOOD BLVD OPP FOREST GLEN RD,Bus,Bus Stop,0.80681815,0.34318180000000004,0.46363635,40.4343,-79.9122
N21000,FREEPORT RD AT DAVIS ST,Bus,Bus Stop,0.8022727272727275,0.8022727272727275,0.0,40.6327,-79.7148
N28280,IVORY AVE OPP RODENBAUGH AVE FS,Bus,Bus Stop,0.8022727272727269,0.6386363636363634,0.1636363636363635,40.4973,-80.0177
W11721,LINDSAY RD AT #443,Bus,Bus Stop,0.79772725,0.05,0.74772725,40.3842,-80.0844
S70588,HWY RT 51 OPP STEWART AVE,Bus,Bus Stop,0.79545457,0.411363645,0.38409092499999997,40.3787,-79.9928
W70142,STEUBEN ST AT WINLOCK AVE,Bus,Bus Stop,0.7954545454545454,0.584090909090909,0.21136363636363648,40.4408,-80.0612
X18575,VANADIUM RD AT GREEN COMMONS DR FS,Bus,Bus Stop,0.7931819999999999,0.7931819999999999,0.0,40.3716,-80.0888
E15460,COREY AVE AT 5TH ST,Bus,Bus Stop,0.7931818181818184,0.365909090909091,0.42727272727272747,40.4075,-79.8666
N37060,MT TROY RD AT LONSDALE ST,Bus,Bus Stop,0.7931817999999999,0.0,0.7931817999999999,40.4738,-79.9841
S70567,BROADWAY AVE AT RED LOT NS (CROSSWALK),Bus,Bus Stop,0.7909090999999999,0.075,0.7159091,40.3458,-79.8274
E45060,PATTON ST BRIDGE AT MIDDLE AVE,Bus,Bus Stop,0.7909090999999999,0.1909091,0.6,40.3953,-79.8047
N47130,SAMPLE RD AT EASTVIEW DR #1,Bus,Bus Stop,0.7909090909090907,0.04772727272727275,0.7431818181818179,40.5707,-80.0008
S17690,EVANS ST AT HOSPITAL DR,Bus,Bus Stop,0.7886363636363636,0.2954545454545455,0.493181818181818,40.35,-79.8495
S70615,LEBANON SCHOOL RD AT CAMP HOLLOW RD,Bus,Bus Stop,0.78636365,0.5090909,0.27727275,40.3407,-79.915
N71239,10TH AVE AT ORMOND ST,Bus,Bus Stop,0.78636365,0.0,0.78636365,40.6084,-79.7505
N18320,EAST ST OPP SUFFOLK ST NS,Bus,Bus Stop,0.7863636,0.31363635,0.47272725,40.4689,-80.0014
N15230,CHURCH AVE AT WALNUT RD,Bus,Bus Stop,0.784090909090909,0.0,0.784090909090909,40.507,-80.0766
X04150,CEDAR BLVD AT #1163,Bus,Bus Stop,0.7840909,0.7840909,0.0,40.3692,-80.0607
S33730,MELLON ST OPP VERMONT AVE,Bus,Bus Stop,0.7840908950000001,0.025,0.759090895,40.3639,-79.859
N36970,MT TROY RD OPP GEYER RD,Bus,Bus Stop,0.7840908950000001,0.58863635,0.19545454499999998,40.4935,-79.9949
N28570,JACKS RUN RD OPP YORK DR,Bus,Bus Stop,0.78181815,0.71363635,0.0681818,40.4999,-80.0315
E34330,LARIMER AVE OPP ORPHAN ST,Bus,Bus Stop,0.7818181499999999,0.11363635,0.6681817999999999,40.4668,-79.9104
N37140,MT TROY RD AT #2652,Bus,Bus Stop,0.7795455,0.0,0.7795455,40.4734,-79.9855
E52730,STANTON AVE AT KEYSTONE ST,Bus,Bus Stop,0.7795454500000001,0.0,0.7795454500000001,40.4773,-79.9539
N29320,LAURELWOOD DR AT FENWICK DR,Bus,Bus Stop,0.7772727500000001,0.0,0.7772727500000001,40.5521,-80.0023
W13330,MCCOY RD AT #1044,Bus,Bus Stop,0.775,0.625,0.15,40.4766,-80.0968
S12760,COCHRAN MILLS RD AT #985,Bus,Bus Stop,0.7727272999999999,0.39545454999999996,0.37727275,40.3238,-79.9846
N19590,FERGUSON RD AT POST RD,Bus,Bus Stop,0.7727272727272727,0.75,0.02272727272727275,40.5638,-79.99
X06770,GILKESON RD AT WASHINGTON RD FS,Bus,Bus Stop,0.77272725,0.4840909,0.28863635,40.3557,-80.0512
W07980,GRAND AVE OPP NEVILLE METALS,Bus,Bus Stop,0.765909045,0.7204545,0.045454545,40.506,-80.1065
E06180,BEECHWOOD BLVD AT #3986,Bus,Bus Stop,0.7613636500000001,0.025,0.73636365,40.4276,-79.9362
W13470,MCCOY RD OPP GREENWOOD DR,Bus,Bus Stop,0.7613636363636366,0.025,0.7363636363636366,40.4781,-80.094
N37270,MT TROY RD OPP HOMESTEAD AVE,Bus,Bus Stop,0.7590908999999999,0.7590908999999999,0.0,40.4725,-79.9831
W03705,CHARTIERS AVE AT #1338,Bus,Bus Stop,0.7590908949999999,0.295454545,0.46363635,40.4492,-80.0446
N45387,RAMAGE RD OPP CHERRYWOOD DR,Bus,Bus Stop,0.7568182,0.7568182,0.0,40.4906,-80.0002
N45640,REMINGTON DR OPP BALMORAL DR #1,Bus,Bus Stop,0.7568181818181821,0.0,0.7568181818181821,40.555,-80.0075
N19545,FERGUSON RD AT LINWOOD DR #2,Bus,Bus Stop,0.7545454545454546,0.7545454545454546,0.0,40.5571,-79.9735
E70984,HAZELWOOD AVE AT LYTLE ST,Bus,Bus Stop,0.75454545,0.6136363499999999,0.1409091,40.4109,-79.9468
N07290,BABCOCK BLVD OPP WINCHESTER DR,Bus,Bus Stop,0.7522727272727275,0.7522727272727275,0.0,40.5661,-80.0165
E58020,WILTSIE ST AT #6903,Bus,Bus Stop,0.750000025,0.047727275,0.70227275,40.4738,-79.8977
W09797,HWY RT 51 OPP VALLEY AMBULANCE,Bus,Bus Stop,0.75,0.675,0.075,40.5274,-80.1852
N37220,MT TROY RD AT ST MARY CEMETERY ENTRANCE,Bus,Bus Stop,0.74545455,0.0,0.74545455,40.4955,-79.999
E05390,BEATTY RD AT OLD WM PENN HWY,Bus,Bus Stop,0.7454545454545454,0.7454545454545454,0.0,40.4408,-79.7424
X08853,KANE BLVD OPP OUR LADY OF GRACE CHURCH,Bus,Bus Stop,0.743181825,0.022727275,0.7204545499999999,40.3739,-80.0847
S19220,GARDENVILLE RD AT CROSS ST,Bus,Bus Stop,0.7431818181818199,0.0,0.7431818181818199,40.3499,-80.0082
E70260,MT CARMEL RD AT VERONA RD FS,Bus,Bus Stop,0.7431818,0.577272725,0.165909075,40.4659,-79.8661
E12350,BUTLER ST OPP #6002,Bus,Bus Stop,0.74090912,0.45454547500000003,0.286363645,40.4863,-79.9432
N36100,MT ROYAL BLVD AT ROYAL COURT DR,Bus,Bus Stop,0.73636365,0.71136365,0.025,40.5428,-79.9724
E70950,CHASKE ST AT #8038,Bus,Bus Stop,0.73409092,0.661363645,0.07272727500000001,40.476,-79.8709
N18335,E 5TH AVE AT ROSS ST,Bus,Bus Stop,0.7340909,0.35454545,0.37954544999999995,40.601,-79.7567
X02530,BOWER HILL RD OPP CLEMSON DR,Bus,Bus Stop,0.7340909,0.0,0.7340909,40.3726,-80.0764
N52150,THOMPSON RUN RD AT BERKLEY MEADOWS CT,Bus,Bus Stop,0.7318182,0.0,0.7318182,40.5382,-79.9899
W08610,HERBST RD AT FOREST GROVE RD,Bus,Bus Stop,0.7295454545454545,0.6545454545454545,0.075,40.4822,-80.1119
W08740,HERBST RD AT MARY ST,Bus,Bus Stop,0.7295454545454545,0.4704545454545455,0.25909090909090904,40.4864,-80.1175
N50470,SPRING GARDEN AVE AT #1036,Bus,Bus Stop,0.72954545,0.72954545,0.0,40.4593,-79.9937
E06160,BEECHWOOD BLVD AT #3911,Bus,Bus Stop,0.727272725,0.047727275,0.67954545,40.4282,-79.9337
E30125,HULTON RD AT HULTON ARBORS,Bus,Bus Stop,0.7272727,0.7272727,0.0,40.5137,-79.8042
W70125,GREENTREE RD AT VIRGINIA MANOR SC DRIVEWAY,Bus,Bus Stop,0.7250000000000001,0.3818182,0.34318180000000004,40.3922,-80.0677
E03010,AIRBRAKE AVE AT 9TH ST,Bus,Bus Stop,0.725,0.5068182,0.21818179999999998,40.4025,-79.8212
E50570,SALTSBURG RD OPP REITER RD,Bus,Bus Stop,0.725,0.7,0.025,40.4765,-79.7804
W08049,GREENTREE RD AT GREENRIDGE LN,Bus,Bus Stop,0.7204545454545456,0.05,0.6704545454545455,40.4099,-80.0481
S46860,WALNUT ST AT 25TH AVE,Bus,Bus Stop,0.7204545454545455,0.4204545454545455,0.3,40.3345,-79.8496
N25380,HAZELTON ST OPP SEABRIGHT ST,Bus,Bus Stop,0.7204545450000001,0.32045454500000004,0.4,40.4669,-80.0051
E49565,SALTSBURG RD AT ALCOMA GOLF CLUB,Bus,Bus Stop,0.7181818,0.025,0.6931818,40.481,-79.8026
N45384,RAMAGE RD AT CHERRYWOOD DR FS,Bus,Bus Stop,0.71363635,0.0,0.71363635,40.4907,-80.0
N71258,JACKS RUN RD AT YORK DR,Bus,Bus Stop,0.71136365,0.025,0.68636365,40.4999,-80.0318
N36340,MT ROYAL BLVD AT VILSACK RD,Bus,Bus Stop,0.7113636499999999,0.5954545499999999,0.11590910000000001,40.5359,-79.9708
N15110,CHURCH AVE AT DICKSON AVE,Bus,Bus Stop,0.7113636363636362,0.6886363636363635,0.02272727272727275,40.5075,-80.0814
X04060,CEDAR BLVD AT LINDENDALE DR,Bus,Bus Stop,0.709090925,0.097727275,0.61136365,40.3677,-80.0614
E50380,SALTSBURG RD OPP COLONIAL VILLAGE DR,Bus,Bus Stop,0.7068182000000001,0.7068182000000001,0.0,40.475,-79.791
W23192,SWALLOW HILL RD AT SWALLOW HILL CT,Bus,Bus Stop,0.7068182000000001,0.7068182000000001,0.0,40.3984,-80.0764
S33120,MCCLEARY ST OPP IDAHO ST,Bus,Bus Stop,0.7068181818181819,0.6363636363636365,0.07045454545454545,40.3481,-79.8385
E39960,MONROEVILLE BLVD AT JAMISON LN,Bus,Bus Stop,0.7068181818181817,0.04772727272727275,0.659090909090909,40.4272,-79.7881
E38180,MAIN ST AT #2636,Bus,Bus Stop,0.70454545,0.0,0.70454545,40.4734,-79.7876
E14350,CHURCHILL RD AT HOLLAND RD,Bus,Bus Stop,0.7,0.09545454545454546,0.6045454545454545,40.4445,-79.8446
W70111,MCCOY RD AT ISLAND AVE,Bus,Bus Stop,0.7,0.5318182,0.1681818,40.4758,-80.0654
S70430,GREEN LOT AT BROADWAY AVE,Bus,Bus Stop,0.7,0.56136365,0.13863635,40.3461,-79.8284
S70403,LEWIS RUN RD AT HWY 51 FS,Bus,Bus Stop,0.699999995,0.55454545,0.145454545,40.3215,-79.9417
S25140,HWY RT 885 OPP GORDONS LN,Bus,Bus Stop,0.6977272750000001,0.675,0.022727275,40.336,-79.9366
S34330,MIFFLIN RD OPP LEBANON RD FS,Bus,Bus Stop,0.69545455,0.647727275,0.047727275,40.3796,-79.9254
E26450,HAMILTON AVE AT EAST LIBERTY BLVD,Bus,Bus Stop,0.69545455,0.13863635,0.5568182,40.4598,-79.9155
W21680,STEUBEN ST OPP CUMBERLAND ST,Bus,Bus Stop,0.6954545454545452,0.04772727272727275,0.6477272727272725,40.4421,-80.0608
E50020,SALTSBURG RD AT CHANTICLEER DR,Bus,Bus Stop,0.695454545,0.025,0.670454545,40.4755,-79.7937
E03270,AIRBRAKE AVE AT 10TH ST,Bus,Bus Stop,0.6954545449999999,0.44999999999999996,0.245454545,40.4029,-79.8221
S43665,ZUPANCIC DR OPP #6516,Bus,Bus Stop,0.6954545,0.34772725,0.34772725,40.3205,-79.9921
N50620,SPRING GARDEN AVE OPP BOROUGH ST,Bus,Bus Stop,0.6931818000000001,0.05,0.6431818,40.4687,-79.9853
N45840,RIALTO ST AT TOURS ST,Bus,Bus Stop,0.6931818,0.075,0.6181818,40.4666,-79.9823
N50350,SPRING GARDEN AVE AT BOROUGH ST,Bus,Bus Stop,0.6909090999999999,0.6659090999999999,0.025,40.4688,-79.9855
S33110,MCCLEARY ST OPP FORD ST,Bus,Bus Stop,0.6909090909090909,0.3272727272727275,0.3636363636363635,40.3462,-79.8385
N36955,MT TROY RD AT FORNOF LN,Bus,Bus Stop,0.690909,0.0,0.690909,40.4782,-79.986
E12570,CENTER RD AT FOUR SEASONS APTS,Bus,Bus Stop,0.6886365,0.6886365,0.0,40.461,-79.7594
S14670,DRYCOVE ST AT CONNISTON AVE,Bus,Bus Stop,0.6886363999999999,0.28636364999999997,0.40227274999999996,40.404,-79.9991
E51450,SHADY AVE AT #1810,Bus,Bus Stop,0.688636375,0.097727275,0.5909091,40.4367,-79.9192
E26060,GROVE RD AT WESTMINSTER DR,Bus,Bus Stop,0.688636345,0.295454545,0.3931818,40.4732,-79.868
W70048,CHARTIERS VALLEY SC AT CINEMA FRONT,Bus,Bus Stop,0.6863636363636365,0.11590909090909099,0.5704545454545455,40.3669,-80.1119
E15200,CONNECTING RD AT HAYMAKER RD,Bus,Bus Stop,0.6863636363636365,0.6613636363636365,0.025,40.4496,-79.7617
N08760,BEAVER ST OPP LEET ST,Bus,Bus Stop,0.684090909090909,0.3954545454545455,0.28863636363636347,40.5714,-80.2164
E53080,STANTON AVE OPP MORNINGSIDE AVE,Bus,Bus Stop,0.6840909,0.52045455,0.16363634999999999,40.4754,-79.932
W19449,ORCHARD SPRING RD AT #29,Bus,Bus Stop,0.675,0.675,0.0,40.3985,-80.0671
W17360,NOBLESTOWN RD AT ST PAUL'S SEMINARY,Bus,Bus Stop,0.6727273,0.0909091,0.5818182000000001,40.42,-80.0668
W22520,STEUBENVILLE PIKE AT SUNSET DR,Bus,Bus Stop,0.672727275,0.497727275,0.175,40.4508,-80.1385
X06740,GILKESON RD AT #223,Bus,Bus Stop,0.67272725,0.0,0.67272725,40.3575,-80.0554
W08586,HERBST RD AT BOSTIAN DR,Bus,Bus Stop,0.668181818181818,0.6181818181818179,0.05,40.4853,-80.113
S25098,HWY RT 885 AT GORDONS LN,Bus,Bus Stop,0.665909125,0.022727275,0.6431818499999999,40.3359,-79.9368
E41365,MURRAY AVE AT SOLWAY ST,Bus,Bus Stop,0.6636363750000001,0.5409091,0.12272727500000001,40.4429,-79.9237
N52305,THOMPSON RUN RD OPP BARNWOOD LN,Bus,Bus Stop,0.66363635,0.0,0.66363635,40.5302,-79.9903
N71238,10TH AVE AT SUMMIT ST,Bus,Bus Stop,0.66136365,0.0,0.66136365,40.6076,-79.7518
N36440,MT ROYAL BLVD OPP BRAUN ST,Bus,Bus Stop,0.66136365,0.30681820000000004,0.35454545,40.519,-79.9589
W22830,STEUBENVILLE PIKE OPP PALOMINO DR,Bus,Bus Stop,0.66136365,0.0,0.66136365,40.4417,-80.1983
X08860,KANE BLVD AT OUR LADY OF GRACE CHURCH,Bus,Bus Stop,0.6590909250000001,0.6363636500000001,0.022727275,40.374,-80.085
E12860,CENTER RD OPP FOUR SEASONS APTS,Bus,Bus Stop,0.6568182,0.2,0.4568182,40.4611,-79.7596
X08846,KANE BLVD AT DAVIS ST,Bus,Bus Stop,0.6545454749999999,0.6068182,0.047727275,40.378,-80.0915
W19446,ORCHARD SPRING RD AT #137,Bus,Bus Stop,0.6545454500000001,0.6545454500000001,0.0,40.3982,-80.0692
S23670,HWY RT 51 AT ELLIOTT RD FS,Bus,Bus Stop,0.6522727272727269,0.118181818181818,0.534090909090909,40.3103,-79.9376
S70617,CAMP HOLLOW RD OPP BEVERLY DR,Bus,Bus Stop,0.65,0.4840909,0.1659091,40.3435,-79.9202
E49695,SALTSBURG RD AT CRESTVIEW APTS,Bus,Bus Stop,0.6499999999999999,0.575,0.075,40.4814,-79.8057
W08083,GREENTREE RD AT ORIOLE DR,Bus,Bus Stop,0.6477272727272725,0.6477272727272725,0.0,40.4102,-80.0476
E55190,UNIVERSAL RD OPP POPLAR RIDGE RD,Bus,Bus Stop,0.64772725,0.0,0.64772725,40.4646,-79.8203
W20672,SILVER LANE AT DIANA DR FS,Bus,Bus Stop,0.64772725,0.64772725,0.0,40.4595,-80.1388
E10740,BROADWAY BLVD OPP VALLEY RD NS,Bus,Bus Stop,0.6454545454545454,0.575,0.07045454545454545,40.3979,-79.7919
N53640,WESTERN AVE AT GALVESTON AVE,Bus,Bus Stop,0.6409091,0.0,0.6409091,40.452,-80.0164
E56390,WASHINGTON BLVD AT #965,Bus,Bus Stop,0.6409091,0.16363634999999999,0.47727275,40.4614,-79.9061
N25520,HENDERSON ST OPP JAY ST,Bus,Bus Stop,0.640909075,0.247727275,0.3931818,40.4603,-80.0017
E37030,LINDEN AVE OPP BESSEMER AVE FS,Bus,Bus Stop,0.6340909090909093,0.19772727272727275,0.4363636363636365,40.3951,-79.8381
N14870,CHATEAU ST AT ADAMS ST,Bus,Bus Stop,0.6340909,0.025,0.6090909,40.4582,-80.0296
N37160,MT TROY RD AT #2768,Bus,Bus Stop,0.6318182,0.0,0.6318182,40.4752,-79.9869
S40020,PROVOST RD AT WHITEHALL CIR,Bus,Bus Stop,0.62954545,0.075,0.55454545,40.3671,-79.9936
S13990,CURRY RD AT #5415,Bus,Bus Stop,0.625,0.625,0.0,40.3391,-79.9909
N41250,PEEBLES RD AT #8077,Bus,Bus Stop,0.6249999999999998,0.02272727272727275,0.6022727272727271,40.5574,-80.0177
E41400,MURRAY AVE AT WILKINS AVE FS,Bus,Bus Stop,0.62272725,0.1181818,0.50454545,40.4436,-79.9238
S47420,WALNUT ST OPP GRANT ST,Bus,Bus Stop,0.618181825,0.37045455,0.247727275,40.3199,-79.8353
X10265,MAIN ST OPP #1737,Bus,Bus Stop,0.618181825,0.047727275,0.57045455,40.377,-80.0928
E70760,BUTLER ST AT JANCEY ST (STEPS),Bus,Bus Stop,0.6159091000000001,0.6159091000000001,0.0,40.4888,-79.9243
E70448,SALTSBURG RD OPP ALCOMA GOLF CLUB,Bus,Bus Stop,0.6113636499999999,0.6113636499999999,0.0,40.4811,-79.8025
N51060,SPRINGFIELD DR AT PEEBLES RD,Bus,Bus Stop,0.6113636363636366,0.0,0.6113636363636366,40.5796,-79.9947
W70149,CORAOPOLIS RD AT HERBST RD,Bus,Bus Stop,0.6113636363636366,0.306818181818182,0.3045454545454545,40.501,-80.1147
N52295,THOMPSON RUN RD AT VILSACK RD,Bus,Bus Stop,0.6068182,0.0,0.6068182,40.5268,-79.9882
W25070,WASHINGTON PIKE AT STEEN RD,Bus,Bus Stop,0.6045454545454545,0.075,0.5295454545454545,40.3763,-80.0979
N53750,WESTERN AVE AT GALVESTON AVE,Bus,Bus Stop,0.6045454450000001,0.5590909000000001,0.045454545,40.4519,-80.0167
E70894,ROBINSON BLVD OPP W'BURG-PENN JOINT WATER AUTHOR,Bus,Bus Stop,0.6022727000000001,0.43409090000000006,0.1681818,40.4578,-79.8649
S70457,OLD ELIZABETH RD AT LEBANON SCHOOL RD,Bus,Bus Stop,0.6,0.21363635,0.38636365,40.3481,-79.9293
S70526,EDWARD DR AT CUSTER AVE,Bus,Bus Stop,0.6,0.175,0.425,40.3956,-79.9683
W04650,CLEVER RD OPP MONTOUR HIGH SCHOOL,Bus,Bus Stop,0.6,0.0,0.6,40.4685,-80.1236
N54540,WILSON AVE OPP KENWOOD AVE,Bus,Bus Stop,0.5977273000000001,0.13636365,0.46136365,40.4685,-80.0139
E05295,BEATTY RD AT BEATTY POINTE VILLAGE FS,Bus,Bus Stop,0.5977272727272728,0.55,0.04772727272727275,40.4457,-79.7474
E12100,BUTLER ST AT #6012,Bus,Bus Stop,0.59772725,0.1181818,0.47954545000000004,40.4864,-79.9428
W13390,MCCOY RD AT #724,Bus,Bus Stop,0.5977272499999999,0.09318180000000001,0.50454545,40.4809,-80.0814
S09340,BROWNSVILLE RD AT #311 (BAUSMAN NS),Bus,Bus Stop,0.59545455,0.45454545,0.1409091,40.4141,-79.9882
N19520,FERGUSON RD AT FOXCROFT LN,Bus,Bus Stop,0.5954545454545455,0.5454545454545454,0.05,40.5651,-79.9958
S17100,ELIZA ST AT FRANK ST,Bus,Bus Stop,0.59318185,0.1659091,0.42727275,40.3918,-79.8772
W26290,W PROSPECT AVE AT #210,Bus,Bus Stop,0.5909090909090905,0.118181818181818,0.4727272727272725,40.4476,-80.0742
E70874,GREENSBURG PIKE AT LLOYD AVE,Bus,Bus Stop,0.59090909,0.345454545,0.24545454500000002,40.3968,-79.8212
S17980,PROVOST RD AT ARCATA ST,Bus,Bus Stop,0.5886364,0.1409091,0.44772729999999994,40.3768,-79.9942
E55350,VERONA BLVD AT #7281,Bus,Bus Stop,0.586363645,0.44090910000000005,0.145454545,40.471,-79.8883
E32307,JAMES ST OPP BUENA VISTA RD,Bus,Bus Stop,0.5863636363636365,0.0,0.5863636363636365,40.4201,-79.8084
W70153,CORAOPOLIS RD AT #338,Bus,Bus Stop,0.5863636249999999,0.12272727500000001,0.46363635,40.503,-80.1269
N32855,MCKNIGHT RD AT PITTSBURGH REVIVAL CENTER,Bus,Bus Stop,0.5840909,0.5590909,0.025,40.5029,-80.0108
W20740,SILVER LANE AT FALCK RD FS,Bus,Bus Stop,0.5818182000000001,0.5318182,0.05,40.4629,-80.1394
S09320,BROWNSVILLE RD OPP AUDBERT DR,Bus,Bus Stop,0.5818182,0.5818182,0.0,40.3514,-79.9884
S70622,HWY RT 885 AT #1620,Bus,Bus Stop,0.5818181818181816,0.3136363636363635,0.268181818181818,40.3241,-79.9269
N71274,ALPHA DR AT PRINT TECH DRVWY,Bus,Bus Stop,0.5795454750000001,0.022727275,0.5568182,40.4932,-79.8708
S24350,HWY RT 51 OPP ELLIOTT RD,Bus,Bus Stop,0.5795454545454545,0.5795454545454545,0.0,40.3099,-79.9372
N37150,MT TROY RD AT #2722,Bus,Bus Stop,0.57727275,0.0,0.57727275,40.4738,-79.9865
N37130,MT TROY RD AT #2637,Bus,Bus Stop,0.57727275,0.57727275,0.0,40.4734,-79.9853
E38100,MAIN ST AT REITER RD,Bus,Bus Stop,0.57727275,0.0,0.57727275,40.4719,-79.7877
E70179,EAST LIBERTY DIV DRVWY AT EMPLOYEE PARKING LOT,Bus,Bus Stop,0.577272725,0.481818175,0.09545455000000001,40.4566,-79.9114
N40830,PARKER ST OPP HILL ST,Bus,Bus Stop,0.5772727,0.37272724999999995,0.20454545,40.4943,-79.9566
X19720,WASHINGTON RD AT FIDELITY INVESTMENTS,Bus,Bus Stop,0.5727272727272728,0.02272727272727275,0.55,40.3503,-80.0514
W11704,LINDSAY RD OPP PEACHTREE RD,Bus,Bus Stop,0.57045455,0.0,0.57045455,40.3843,-80.0716
W70145,CORAOPOLIS RD OPP HERBST RD,Bus,Bus Stop,0.5704545454545455,0.093181818181818,0.4772727272727275,40.5011,-80.1147
S27540,KENNYWOOD MALL DR AT HOFFMAN BLVD,Bus,Bus Stop,0.568181825,0.44545455,0.12272727500000001,40.3824,-79.8688
E41050,MULHATTON ST AT BEACON ST FS,Bus,Bus Stop,0.568181825,0.022727275,0.54545455,40.435,-79.9164
N15650,CORBET ST AT 8TH AVE,Bus,Bus Stop,0.5681818249999999,0.52045455,0.047727275,40.6044,-79.7533
N06930,BABCOCK BLVD AT WINCHESTER DR,Bus,Bus Stop,0.568181818181818,0.025,0.543181818181818,40.5659,-80.0164
W01830,BERRY ST AT CENTER ST,Bus,Bus Stop,0.5681818181818179,0.2795454545454545,0.28863636363636347,40.4476,-80.0685
E30275,JACKS RUN RD AT MCKEE RD,Bus,Bus Stop,0.5659091,0.025,0.5409091,40.3441,-79.7985
E40815,MT CARMEL RD AT CHADWICK ST,Bus,Bus Stop,0.565909095,0.49545455,0.07045454500000001,40.4685,-79.8861
W12620,MAIN ST OPP JANE ST,Bus,Bus Stop,0.565909090909091,0.515909090909091,0.05,40.4119,-80.08
W12350,MAIN ST AT JANE ST,Bus,Bus Stop,0.5659090909090907,0.07272727272727275,0.493181818181818,40.412,-80.0801
E70026,ALLEGHENY AVE AT ANN ST NS,Bus,Bus Stop,0.563636375,0.3409091,0.222727275,40.5203,-79.8429
S46900,WALNUT ST OPP 27TH AVE,Bus,Bus Stop,0.5636363636363637,0.49090909090909096,0.07272727272727275,40.3333,-79.8476
S40070,PROVOST RD OPP WEYMAN RD,Bus,Bus Stop,0.56363635,0.53863635,0.025,40.3757,-79.9939
N47170,SAMPLE RD AT RINGEISEN RD,Bus,Bus Stop,0.5613636363636365,0.0,0.5613636363636365,40.5718,-79.9985
S70235,DELWAR DR AT RITTER ENGINEERING,Bus,Bus Stop,0.561363625,0.022727275,0.53863635,40.3508,-79.9509
X00640,BANKSVILLE RD AT GOLDSTROM AVE,Bus,Bus Stop,0.559090925,0.297727275,0.26136365,40.4129,-80.0305
S22190,ZUPANCIC DR AT SPRINGVALE DR,Bus,Bus Stop,0.559090895,0.38863635,0.170454545,40.3206,-79.9942
S08160,BROWNSVILLE RD AT AUDBERT DR,Bus,Bus Stop,0.5568182,0.0,0.5568182,40.3514,-79.9885
W19444,ORCHARD SPRING RD AT ROSELEAF RD #1,Bus,Bus Stop,0.5568181999999999,0.0,0.5568181999999999,40.397,-80.0691
W14280,CORAOPOLIS RD AT HWY RT 51,Bus,Bus Stop,0.5545454545454545,0.5545454545454545,0.0,40.4919,-80.1117
S70314,HWY RT 885 AT COAL VALLEY RD,Bus,Bus Stop,0.5545454545454545,0.418181818181818,0.1363636363636365,40.3228,-79.9265
X19500,WASHINGTON RD OPP FLORENCE PL,Bus,Bus Stop,0.55227275,0.52727275,0.025,40.3844,-80.0437
E50390,SALTSBURG RD OPP CRESTVIEW DR,Bus,Bus Stop,0.552272725,0.19772727499999998,0.35454545000000004,40.476,-79.7787
E26490,HAMILTON AVE OPP ENTERPRISE ST,Bus,Bus Stop,0.5522727249999999,0.047727275,0.50454545,40.4593,-79.9146
E55135,UNIVERSAL RD AT STOTLER RD,Bus,Bus Stop,0.550000025,0.52727275,0.022727275,40.4608,-79.8046
E12430,CALMAR DR AT #220,Bus,Bus Stop,0.5499999999999999,0.502272725,0.047727275,40.4686,-79.8738
E46570,PENN AVE AT WEBER ST,Bus,Bus Stop,0.549999975,0.45227269999999997,0.097727275,40.442,-79.8692
S22275,HOFFMAN BLVD AT CLONMEL ST,Bus,Bus Stop,0.547727272727273,0.356818181818182,0.190909090909091,40.3828,-79.8669
E05460,BEATTY RD OPP BRUNNER DR,Bus,Bus Stop,0.5477272727272727,0.02272727272727275,0.525,40.4517,-79.7553
W11707,LINDSAY RD AT PEACHTREE RD FS,Bus,Bus Stop,0.54772725,0.52272725,0.025,40.3843,-80.0717
N52240,THOMPSON RUN RD AT MILLER RD,Bus,Bus Stop,0.5409091,0.0,0.5409091,40.5223,-79.9909
S70402,LEWIS RUN RD AT HWY 51 NS,Bus,Bus Stop,0.5409091,0.05,0.4909091,40.3216,-79.9417
S70388,HWY RT 885 AT COAL VALLEY RD FS,Bus,Bus Stop,0.540909090909091,0.11590909090909099,0.425,40.3221,-79.9258
E70349,LEECHBURG RD AT RAILROAD ST FS,Bus,Bus Stop,0.538636345,0.025,0.513636345,40.4917,-79.7855
E37320,LONG RD AT SAYLONG DR,Bus,Bus Stop,0.5318181750000001,0.022727275,0.5090909,40.456,-79.836
W07640,GRAND AVE AT COTTAGE AVE,Bus,Bus Stop,0.5295454749999999,0.047727275,0.4818182,40.5157,-80.144
E36410,LINCOLN HWY OPP CLYDE AVE,Bus,Bus Stop,0.52954545,0.52954545,0.0,40.3887,-79.8302
W20860,SILVER LANE OPP DIANA DR,Bus,Bus Stop,0.52954545,0.0,0.52954545,40.4594,-80.1388
E30320,HWY RT 286 AT DUANE DR,Bus,Bus Stop,0.5272727500000001,0.50227275,0.025,40.4684,-79.706
S46870,WALNUT ST AT 26TH AVE FS,Bus,Bus Stop,0.527272727272727,0.318181818181818,0.209090909090909,40.3341,-79.8487
W19455,ORCHARD SPRING RD OPP ROSELEAF RD,Bus,Bus Stop,0.525,0.525,0.0,40.3968,-80.0689
N71267,IVORY AVE AT SCHERLING ST,Bus,Bus Stop,0.525,0.0,0.525,40.4958,-80.0054
E21780,FRANKSTOWN RD OPP VANCE ST,Bus,Bus Stop,0.5249999949999999,0.095454545,0.42954545,40.4633,-79.84
N71343,CHATEAU ST AT HOFFMAN ST FS,Bus,Bus Stop,0.5227272749999999,0.025,0.49772727499999997,40.4596,-80.0301
W19441,ORCHARD SPRING RD AT ROSELEAF RD #2,Bus,Bus Stop,0.52272725,0.0,0.52272725,40.3983,-80.0714
N50440,SPRING GARDEN AVE AT REEKES WAY,Bus,Bus Stop,0.52045455,0.0,0.52045455,40.4763,-79.9893
S70354,EAST PITTSBURGH-MCKEESPORT BLV AT #625,Bus,Bus Stop,0.51818182,0.420454545,0.097727275,40.3743,-79.8277
N53650,WESTERN AVE AT ALLEGHENY AVE FS,Bus,Bus Stop,0.5181818,0.18863635,0.32954545,40.4515,-80.0186
N15528,CONNIE DR OPP #110,Bus,Bus Stop,0.5181818,0.4,0.1181818,40.5001,-80.0281
S21350,GREENSPRINGS AVE AT CYPRESS ST,Bus,Bus Stop,0.5181818,0.4931818,0.025,40.393,-79.886
E40360,MONTIER ST AT #1449,Bus,Bus Stop,0.5159091,0.44090910000000005,0.075,40.4453,-79.8739
W70016,CLEVER RD OPP FIELD CLUB DR,Bus,Bus Stop,0.515909075,0.46818180000000004,0.047727275,40.4688,-80.1264
W11730,LINDSAY RD AT SWALLOW HILL RD FS,Bus,Bus Stop,0.5113636500000001,0.0,0.5113636500000001,40.3846,-80.0708
N36990,MT TROY RD AT HIGHLAND AVE,Bus,Bus Stop,0.5113636500000001,0.0,0.5113636500000001,40.4708,-79.9824
W11755,LINDSAY RD OPP CLAIREVIEW DR,Bus,Bus Stop,0.5113636500000001,0.0,0.5113636500000001,40.3878,-80.0774
E06950,BENTLEY DR AT KIRKPATRICK ST,Bus,Bus Stop,0.5113636450000001,0.24545454500000002,0.2659091,40.4407,-79.9742
E41320,MURRAY AVE AT NORTHUMBERLAND ST,Bus,Bus Stop,0.511363625,0.07272727500000001,0.43863635,40.4415,-79.9234
S21330,GREENSPRINGS AVE AT CHURCH ST FS,Bus,Bus Stop,0.5090909,0.0,0.5090909,40.3907,-79.8826
W25860,W CARSON ST AT GLENMAWR AVE,Bus,Bus Stop,0.506818195,0.09545455000000001,0.411363645,40.4544,-80.0409
S30210,GARDENVILLE RD OPP BLOSSOM DR,Bus,Bus Stop,0.5068181818181821,0.0,0.5068181818181821,40.3427,-80.0056
S70386,HWY RT 885 OPP WRAY DR,Bus,Bus Stop,0.506818181818182,0.481818181818182,0.025,40.3152,-79.9171
N50650,SPRING GARDEN AVE OPP OLD HONESTY ST,Bus,Bus Stop,0.504545475,0.07272727500000001,0.43181820000000004,40.462,-79.9872
W11665,LINDSAY RD AT CLAIREVIEW DR,Bus,Bus Stop,0.50227275,0.50227275,0.0,40.388,-80.0774
N45510,REMINGTON DR AT BALMORAL DR #2,Bus,Bus Stop,0.5,0.0,0.5,40.5582,-80.0086
S40662,ZUPANCIC DR AT QUAKER DR,Bus,Bus Stop,0.5,0.3181818,0.1818182,40.3208,-79.9894
N14647,N CHARLES ST OPP #2568,Bus,Bus Stop,0.5,0.5,0.0,40.4678,-80.0162
W22225,STEUBENVILLE PIKE AT FIRESIDE INN,Bus,Bus Stop,0.5,0.025,0.475,40.4397,-80.0889
S47250,WALNUT ST AT LARCH ST,Bus,Bus Stop,0.49772725,0.025,0.47272725,40.3183,-79.8341
E70441,UNIVERSAL RD AT POPLAR RIDGE RD,Bus,Bus Stop,0.49772724999999995,0.49772724999999995,0.0,40.4636,-79.8167
E70254,WOOD ST OPP TIOGA ST,Bus,Bus Stop,0.497727245,0.3590909,0.138636345,40.4493,-79.8841
E34353,LARIMER AVE AT MAYFLOWER ST,Bus,Bus Stop,0.49545455,0.2340909,0.26136365,40.4644,-79.916
N41060,PEEBLES RD OPP PARKWAY RD,Bus,Bus Stop,0.49545454545454565,0.04545454545454545,0.4500000000000002,40.5641,-80.0097
E08740,BRADDOCK AVE AT DELMAR WAY,Bus,Bus Stop,0.48863635,0.0,0.48863635,40.4239,-79.8873
N52365,THOMPSON RUN RD OPP WOODBRIDGE DR,Bus,Bus Stop,0.48636365000000004,0.48636365000000004,0.0,40.5185,-79.9927
N08290,BEAVER ST AT MAIN ST FS,Bus,Bus Stop,0.4863636363636362,0.28863636363636347,0.19772727272727275,40.5776,-80.2204
E70827,FOREST AVE AT 7TH ST,Bus,Bus Stop,0.484090909090909,0.46136363636363625,0.02272727272727275,40.3873,-79.7571
N14540,N CHARLES ST AT HAZELTON ST,Bus,Bus Stop,0.484090895,0.24545454500000002,0.23863635,40.4712,-80.0073
E36180,LINCOLN HWY AT CLYDE AVE,Bus,Bus Stop,0.484090895,0.095454545,0.38863635,40.389,-79.8308
W04678,CLIFF MINE RD AT ENLOW RD,Bus,Bus Stop,0.47954545454545455,0.40454545454545454,0.075,40.4519,-80.1992
N35930,MT ROYAL BLVD AT IOLA AVE,Bus,Bus Stop,0.47727274500000005,0.47727274500000005,0.0,40.5369,-79.9715
N25475,HEMLOCK DR AT SAMPLE RD,Bus,Bus Stop,0.4772727272727275,0.0,0.4772727272727275,40.5762,-79.979
E25560,GREENSBURG PIKE AT HILDA AVE,Bus,Bus Stop,0.47727272727272724,0.02272727272727275,0.4545454545454545,40.3808,-79.8147
X04130,CEDAR BLVD AT #1046 FS,Bus,Bus Stop,0.475,0.0,0.475,40.3728,-80.0584
E53440,STEVENSON ST AT FORBES AVE,Bus,Bus Stop,0.470454545,0.270454545,0.2,40.4376,-79.9865
X06122,FT COUCH RD AT MEDICAL ARTS BLDG,Bus,Bus Stop,0.46818181818181803,0.46818181818181803,0.0,40.3408,-80.0523
N52160,THOMPSON RUN RD AT CHERRINGTON DR,Bus,Bus Stop,0.4681818,0.4681818,0.0,40.5365,-79.9903
W19945,PITCHFORK LN AT FIDDLEBACK DR,Bus,Bus Stop,0.465909090909091,0.0,0.465909090909091,40.4698,-80.1117
S70462,LEBANON SCHOOL RD OPP OLD ELIZABETH RD,Bus,Bus Stop,0.46363637500000004,0.2,0.26363637500000003,40.3482,-79.9291
S46920,WALNUT ST AT 28TH AVE,Bus,Bus Stop,0.46363636363636374,0.340909090909091,0.12272727272727275,40.3327,-79.8464
E55304,HIGHLAND DR AT JOB CORP DR FS,Bus,Bus Stop,0.45681819500000004,0.21136365000000001,0.24545454500000002,40.4782,-79.8991
N71326,CENTER AVE AT MILLER AVE,Bus,Bus Stop,0.456818181818182,0.456818181818182,0.0,40.5132,-80.0938
S70358,EAST PITTSBURGH-MCKEESPORT BLV AT FAIRMONT ST,Bus,Bus Stop,0.45681817500000005,0.047727275,0.40909090000000004,40.3622,-79.8307
E30126,HULTON RD OPP HULTON ARBORS,Bus,Bus Stop,0.4545455,0.0,0.4545455,40.5137,-79.8042
E70430,HULTON RD OPP PENNSYLVANIA AVE,Bus,Bus Stop,0.4545455,0.4545455,0.0,40.526,-79.8154
W19452,ORCHARD SPRING RD AT #453,Bus,Bus Stop,0.45454545,0.45454545,0.0,40.3966,-80.071
N41700,PENN ST AT ROUP AVE,Bus,Bus Stop,0.4522727272727275,0.4522727272727275,0.0,40.6109,-79.7405
E70982,BLAIR ST AT BEEHIVE ST,Bus,Bus Stop,0.452272725,0.40454545,0.047727275,40.4181,-79.9506
S70192,HOFFMAN BLVD OPP CLONMEL ST NS,Bus,Bus Stop,0.45227269999999997,0.09318180000000001,0.3590909,40.3829,-79.8668
E04635,AURELIUS ST AT MCCLURE AVE,Bus,Bus Stop,0.45,0.1909091,0.2590909,40.4212,-79.8952
E40240,MONROEVILLE-TRESTLE RD OPP BOYCE PARK ENTRANCE,Bus,Bus Stop,0.447727275,0.0,0.447727275,40.4704,-79.7549
X20230,WEST LIBERTY AVE AT #2665,Bus,Bus Stop,0.445454545,0.35,0.095454545,40.3975,-80.0285
S70134,CONLIN ST OPP CAROLINA AVE,Bus,Bus Stop,0.44090910000000005,0.44090910000000005,0.0,40.3622,-79.8694
N36950,MT TROY RD OPP FORNOF LN,Bus,Bus Stop,0.44090910000000005,0.44090910000000005,0.0,40.4784,-79.9863
S70448,DUQUESNE BLVD OPP WYLIE AVE,Bus,Bus Stop,0.4409090909090909,0.0,0.4409090909090909,40.3672,-79.8421
N19675,FERGUSON RD OPP LINWOOD DR #1,Bus,Bus Stop,0.43863636363636377,0.02272727272727275,0.415909090909091,40.557,-79.9733
N45490,REGULUS ST AT COLBY ST,Bus,Bus Stop,0.43863634500000004,0.338636345,0.1,40.4846,-80.0045
S19210,GARDENVILLE RD AT BAPTIST RD FS,Bus,Bus Stop,0.4363636363636365,0.0,0.4363636363636365,40.3515,-80.0105
N45340,PRESIDENTIAL DR AT MADISON (LEASE OFFICE),Bus,Bus Stop,0.431818181818182,0.0,0.431818181818182,40.5835,-79.9988
X06720,GILKESON RD AT #187,Bus,Bus Stop,0.42954545,0.0,0.42954545,40.357,-80.0543
N14295,CORNELL AVE AT SPRUCE VALLEY DR,Bus,Bus Stop,0.42954545,0.0,0.42954545,40.5108,-80.0455
N52290,THOMPSON RUN RD AT SUTTER RD,Bus,Bus Stop,0.42954545,0.0,0.42954545,40.5432,-79.9934
W22670,STEUBENVILLE PIKE AT PAUL LN,Bus,Bus Stop,0.42727275,0.3568182,0.07045455,40.4457,-80.1439
S35600,ARLINGTON AVE AT WILLIAM ST FS,Bus,Bus Stop,0.427272745,0.095454545,0.3318182,40.4279,-79.9963
S46890,WALNUT ST AT 27TH AVE FS,Bus,Bus Stop,0.427272727272727,0.334090909090909,0.093181818181818,40.3336,-79.8478
E70830,FORBES RD OPP CK STUDIOS DRIVEWAY,Bus,Bus Stop,0.425000025,0.07272727500000001,0.35227275,40.3921,-79.7582
E41390,MURRAY AVE AT WILKINS AVE,Bus,Bus Stop,0.425,0.11363635,0.31136365,40.4439,-79.9238
E36270,LINCOLN HWY OPP JACOB ST,Bus,Bus Stop,0.42045455,0.42045455,0.0,40.3768,-79.7996
N22405,FREEPORT RD AT HARRISON AVE FS,Bus,Bus Stop,0.4204545454545455,0.0,0.4204545454545455,40.6345,-79.7134
E70348,LEECHBURG RD AT CALDWELL AVE,Bus,Bus Stop,0.420454545,0.0,0.420454545,40.4938,-79.7863
E58480,WM PENN HWY AT HAWTHORNE DR,Bus,Bus Stop,0.420454545,0.420454545,0.0,40.4329,-79.8191
N71249,FREEPORT RD AT HORNER ST,Bus,Bus Stop,0.4159090909090908,0.02272727272727275,0.393181818181818,40.6093,-79.7491
S17670,EVANS ST AT BALDWIN ST,Bus,Bus Stop,0.41590909090909073,0.368181818181818,0.04772727272727275,40.3473,-79.8493
E70048,JOHNSTON AVE OPP NAOMI DR,Bus,Bus Stop,0.41136365,0.025,0.38636365,40.4084,-79.9257
S13965,CURRY RD OPP OLYMPIC RD,Bus,Bus Stop,0.4113636363636365,0.4113636363636365,0.0,40.3402,-79.9909
S70630,BOWMAN AVE AT #2314,Bus,Bus Stop,0.4113636363636365,0.3204545454545455,0.090909090909091,40.3563,-79.838
S70540,CHURCHVIEW AVE AT JOHN ROMANUS DR FS,Bus,Bus Stop,0.41136363636363626,0.02272727272727275,0.3886363636363635,40.3835,-79.9554
X19470,WASHINGTON RD AT SHADY DR,Bus,Bus Stop,0.40909090000000004,0.40909090000000004,0.0,40.3836,-80.0437
S70633,COMMONWEALTH AVE AT CLONMEL ST,Bus,Bus Stop,0.40454545454545454,0.3113636363636365,0.093181818181818,40.3802,-79.862
E57970,WILNER DR AT ROBINSON BLVD FS,Bus,Bus Stop,0.40454545,0.1181818,0.28636364999999997,40.4529,-79.8668
N71181,FOX CHAPEL RD AT N MARGERY DR,Bus,Bus Stop,0.4,0.0909091,0.3090909,40.4921,-79.8814
S48710,WHITAKER ST OPP ELM ST FS,Bus,Bus Stop,0.39772730000000006,0.0909091,0.30681820000000004,40.3971,-79.8842
E55340,VERONA BLVD AT #7278,Bus,Bus Stop,0.39772725,0.39772725,0.0,40.4709,-79.8883
E70978,VERONA RD OPP PELONE DR (VERONA ESTATES),Bus,Bus Stop,0.39545454999999996,0.39545454999999996,0.0,40.4886,-79.8369
S21590,GREENSPRINGS AVE OPP HIGH ST,Bus,Bus Stop,0.3909091,0.0,0.3909091,40.3879,-79.8809
S70319,HWY RT 885 AT SUNSET DR,Bus,Bus Stop,0.3886363636363635,0.0,0.3886363636363635,40.3065,-79.9087
S35020,8TH AVE AT HILLTOP ST,Bus,Bus Stop,0.38863634500000005,0.045454545,0.34318180000000004,40.4078,-79.8919
N37240,MT TROY RD OPP ALFRED ST,Bus,Bus Stop,0.3818182,0.3818182,0.0,40.4731,-79.9835
N20620,FREEPORT RD AT ARGONNE DR,Bus,Bus Stop,0.3795454545454545,0.0,0.3795454545454545,40.6174,-79.7339
W70015,CLEVER RD AT FIELD CLUB DR,Bus,Bus Stop,0.377272725,0.022727275,0.35454545,40.4689,-80.1264
W13520,MCCOY RD OPP WARBLER DR,Bus,Bus Stop,0.3750000000000002,0.3272727272727275,0.04772727272727275,40.4804,-80.091
S46980,WALNUT ST AT 33RD AVE FS,Bus,Bus Stop,0.375,0.2545454545454545,0.12045454545454545,40.3302,-79.8423
E06940,BENTLEY DR AT KIRKPATRICK ST FS,Bus,Bus Stop,0.375,0.2340909,0.1409091,40.4406,-79.9746
N19610,FERGUSON RD AT SWEENEY RD,Bus,Bus Stop,0.375,0.0,0.375,40.558,-79.9752
N15250,CHURCH AVE OPP VICTORIA AVE,Bus,Bus Stop,0.375,0.375,0.0,40.5065,-80.0748
E70821,7TH ST AT FOREST AVE,Bus,Bus Stop,0.3681818181818183,0.0,0.3681818181818183,40.3875,-79.7568
N35890,MT ROYAL BLVD AT HARTLE RD,Bus,Bus Stop,0.3681818,0.3681818,0.0,40.5413,-79.9723
N71236,CORBET ST AT 10TH AVE NS (FREEPORT),Bus,Bus Stop,0.36590910000000004,0.0,0.36590910000000004,40.6058,-79.7543
S28220,LEBANON CHURCH RD AT VINDALE DR FS,Bus,Bus Stop,0.365909095,0.16818182,0.197727275,40.3539,-79.9153
S70106,WORTHINGTON AVE AT INTERCHANGE LOUNGE (#1560),Bus,Bus Stop,0.36590909090909074,0.14772727272727276,0.21818181818181798,40.2927,-79.9094
E59710,WOODSTOCK AVE AT VERNON AVE (BUSWAY),Bus,Bus Stop,0.3636364,0.0,0.3636364,40.4161,-79.8794
E10140,WOLFE AVE AT GENERAL BRADDOCK DR FS,Bus,Bus Stop,0.36363635000000005,0.025,0.33863635000000003,40.4087,-79.8499
S48589,WEYMAN RD OPP FOXWOOD MANOR APTS,Bus,Bus Stop,0.36363635,0.0,0.36363635,40.3674,-79.9992
N28290,IVORY AVE OPP VALLEY VIEW ST,Bus,Bus Stop,0.363636345,0.3181818,0.045454545,40.4967,-80.0113
N71309,SEAVEY RD OPP ELBE DR NS,Bus,Bus Stop,0.361363645,0.2659091,0.095454545,40.4914,-79.9698
W19917,PINE HOLLOW RD AT #1625 (MICKEY'S PLACE),Bus,Bus Stop,0.3590909090909093,0.02272727272727275,0.33636363636363653,40.4756,-80.0858
S20495,GRANT AVE AT 6TH ST,Bus,Bus Stop,0.35909090909090924,0.21136363636363648,0.14772727272727276,40.3723,-79.851
N45382,RAMAGE RD AT CHARLEMMA DR,Bus,Bus Stop,0.3590909,0.3590909,0.0,40.4901,-80.0032
S47130,WALNUT ST AT CENTER ST FS,Bus,Bus Stop,0.35454547500000005,0.30681820000000004,0.047727275,40.3158,-79.8319
X08849,KANE BLVD OPP ELM DR,Bus,Bus Stop,0.354545475,0.022727275,0.3318182,40.3759,-80.0885
S17710,EVANS ST AT COLFAX ST,Bus,Bus Stop,0.3545454545454545,0.23863636363636348,0.11590909090909099,40.348,-79.8494
E10650,BROADWAY BLVD AT VALLEY RD,Bus,Bus Stop,0.35,0.0,0.35,40.3979,-79.7921
E43000,OBERLIN ST AT OAKDENE ST FS,Bus,Bus Stop,0.35,0.13863635,0.21136365000000001,40.4663,-79.8901
E40190,MONROEVILLE-TRESTLE RD AT FOUR SEASONS,Bus,Bus Stop,0.347727275,0.3,0.047727275,40.4701,-79.7548
W25400,WASHINGTON PIKE OPP STEEN RD,Bus,Bus Stop,0.34545454545454557,0.32045454545454555,0.025,40.3762,-80.0978
X00470,BANK ST AT ELM ST,Bus,Bus Stop,0.3454545454545455,0.0,0.3454545454545455,40.3537,-80.1066
W70152,CORAOPOLIS RD AT #333,Bus,Bus Stop,0.34318182,0.24545454500000002,0.097727275,40.503,-80.127
S13400,CONLIN ST AT PENNSYLVANIA AVE,Bus,Bus Stop,0.34318180000000004,0.0,0.34318180000000004,40.3617,-79.8681
E25457,GREENSBURG PIKE AT BOWLING ALLEY,Bus,Bus Stop,0.34318180000000004,0.025,0.3181818,40.3836,-79.8193
E70829,FORBES RD AT MEADOW ST,Bus,Bus Stop,0.340909090909091,0.340909090909091,0.0,40.389,-79.7503
E55250,UPLAND ST AT #7310,Bus,Bus Stop,0.340909075,0.047727275,0.2931818,40.4614,-79.8922
E30185,HULTON RD AT RIVERVIEW HIGH SCHOOL,Bus,Bus Stop,0.340909075,0.2931818,0.047727275,40.5263,-79.8441
S27880,LEBANON CHURCH RD AT CURRY HOLLOW RD,Bus,Bus Stop,0.33863637500000004,0.28863637500000006,0.05,40.3506,-79.9245
E39940,MONROEVILLE BLVD AT BOSSES DR,Bus,Bus Stop,0.33863636363636346,0.268181818181818,0.07045454545454545,40.4284,-79.7874
W19445,ORCHARD SPRING RD AT #120,Bus,Bus Stop,0.33863635000000003,0.0,0.33863635000000003,40.3985,-80.0685
N21635,FREEPORT RD AT PADDOCK RESTAURANT,Bus,Bus Stop,0.33636363636363653,0.0,0.33636363636363653,40.6434,-79.7101
N28540,JACKS RUN RD OPP CONNIE DR,Bus,Bus Stop,0.3340909,0.025,0.3090909,40.4991,-80.0294
E36435,LINCOLN HWY OPP ISAAC ST,Bus,Bus Stop,0.334090895,0.16363634999999999,0.170454545,40.3776,-79.8023
W23000,STEUBENVILLE PIKE AT #4460,Bus,Bus Stop,0.3318182,0.0,0.3318182,40.4438,-80.0974
N20560,FREEPORT RD AT ALABAMA AVE,Bus,Bus Stop,0.3295454545454545,0.0,0.3295454545454545,40.6163,-79.7366
N05480,AMITY DR OPP CARRIAGE HILL RD,Bus,Bus Stop,0.32727275,0.32727275,0.0,40.5492,-79.9966
S40030,PROVOST RD AT WHITEHALL COUNTRY CLUB,Bus,Bus Stop,0.32727274500000003,0.2568182,0.07045454500000001,40.3722,-79.9947
W07665,GRAND AVE AT TRIAD METALS,Bus,Bus Stop,0.325000025,0.22727275,0.097727275,40.5079,-80.1124
S70384,HWY RT 885 OPP SUNSET DR,Bus,Bus Stop,0.325,0.3,0.025,40.3067,-79.9093
N41160,PEEBLES RD OPP BINGAY DR,Bus,Bus Stop,0.32272727272727275,0.0,0.32272727272727275,40.559,-80.0153
N21110,FREEPORT RD AT FAIRMONT AVE,Bus,Bus Stop,0.3227272727272725,0.3227272727272725,0.0,40.6222,-79.727
S70409,CYPRESS ST AT MIFFLIN ST,Bus,Bus Stop,0.32272724999999997,0.32272724999999997,0.0,40.3963,-79.8912
N13955,CORNELL AVE AT OAKRIDGE RD,Bus,Bus Stop,0.32045454500000004,0.295454545,0.025,40.5108,-80.0456
S22990,HOMEVILLE RD AT CASTLE DR #2,Bus,Bus Stop,0.3181818,0.0,0.3181818,40.3768,-79.8755
N26854,HULTON RD OPP THE FAIRWAYS,Bus,Bus Stop,0.3181818,0.0,0.3181818,40.526,-79.8218
E47500,PITCAIRN-TRAFFORD RD AT CLARK ST,Bus,Bus Stop,0.3159090909090909,0.3159090909090909,0.0,40.3952,-79.7672
E41080,MURRAY AVE AT AYLESBORO AVE,Bus,Bus Stop,0.315909075,0.07272727500000001,0.2431818,40.4398,-79.9231
N21590,FREEPORT RD AT OLD FREEPORT RD,Bus,Bus Stop,0.313636375,0.21590910000000002,0.097727275,40.4899,-79.8715
E30440,HWY RT 286 AT #1610,Bus,Bus Stop,0.3136363636363635,0.0,0.3136363636363635,40.4351,-79.7141
W70035,PTI DR AT MCKEE RD,Bus,Bus Stop,0.31363635,0.23863635,0.075,40.4221,-80.1916
S70019,WALNUT ST AT WAMPLER ST,Bus,Bus Stop,0.31363635,0.0,0.31363635,40.3172,-79.8337
S47220,WALNUT ST AT JUNIPER ST,Bus,Bus Stop,0.31136365,0.31136365,0.0,40.319,-79.8343
N41620,PENN ST AT ATLANTIC AVE,Bus,Bus Stop,0.3113636363636365,0.3113636363636365,0.0,40.6117,-79.7408
S35520,ARLINGTON AVE OPP #1047 FS,Bus,Bus Stop,0.311363625,0.022727275,0.28863635,40.4235,-79.9892
S34965,8TH AVE OPP HILLTOP ST,Bus,Bus Stop,0.309090925,0.23636365,0.07272727500000001,40.4078,-79.8916
S70516,AGNEW AVE AT BECKS RUN RD FS,Bus,Bus Stop,0.3090909,0.0,0.3090909,40.3969,-79.9782
N33230,MEADVILLE ST OPP #1603,Bus,Bus Stop,0.3090909,0.1181818,0.1909091,40.4606,-80.0047
S22980,HOMEVILLE RD AT CASTLE DR #1,Bus,Bus Stop,0.306818195,0.045454545,0.26136365,40.3815,-79.8774
E70262,MT CARMEL RD AT DOLLMAN RD,Bus,Bus Stop,0.304545475,0.2818182,0.022727275,40.4664,-79.8687
E51290,SHADY AVE AT BEACON ST,Bus,Bus Stop,0.304545445,0.2340909,0.07045454500000001,40.4353,-79.919
N05470,AMITY DR OPP BLAZE DR,Bus,Bus Stop,0.30227275,0.30227275,0.0,40.5449,-79.9934
N50480,SPRING GARDEN AVE AT #1043,Bus,Bus Stop,0.30227275,0.13636365,0.1659091,40.4592,-79.9937
N04650,ALLEGHENY AVE OPP SHEFFIELD ST,Bus,Bus Stop,0.30000000000000004,0.0681818,0.23181820000000003,40.4542,-80.0197
W08660,HERBST RD AT ROSE AVE FS,Bus,Bus Stop,0.30000000000000004,0.275,0.025,40.4872,-80.1184
N04640,ALLEGHENY AVE AT NORTH AVE,Bus,Bus Stop,0.29772730000000003,0.0909091,0.2068182,40.453,-80.0193
S70415,CYPRESS ST AT MIFFLIN ST FS,Bus,Bus Stop,0.297727275,0.022727275,0.275,40.3961,-79.8911
E30276,JACKS RUN RD AT MCKEESPORT SPORTSMEN'S ASSOC,Bus,Bus Stop,0.29772727499999996,0.19772727499999998,0.1,40.3586,-79.7861
E10040,BRINTON RD AT ARDMORE BLVD,Bus,Bus Stop,0.29772727499999996,0.15,0.147727275,40.4354,-79.8717
S50252,WORTHINGTON AVE OPP 13TH ST,Bus,Bus Stop,0.29545454545454547,0.24545454545454545,0.05,40.2937,-79.8995
S47230,WALNUT ST AT JUNIPER ST,Bus,Bus Stop,0.295454545,0.07045454500000001,0.225,40.3192,-79.8347
N45383,RAMAGE RD AT CHARLEMMA DR,Bus,Bus Stop,0.29090910000000003,0.0,0.29090910000000003,40.4901,-80.0029
E12730,CENTER RD AT RUTH DR FS,Bus,Bus Stop,0.290909090909091,0.290909090909091,0.0,40.4537,-79.7605
N19530,FERGUSON RD AT GUYTON RD,Bus,Bus Stop,0.290909090909091,0.215909090909091,0.075,40.5649,-79.9928
S50270,WORTHINGTON AVE OPP 11TH ST,Bus,Bus Stop,0.28863636363636375,0.04772727272727275,0.240909090909091,40.2923,-79.8959
E41310,MURRAY AVE AT NORTHUMBERLAND ST,Bus,Bus Stop,0.288636345,0.1181818,0.170454545,40.4414,-79.9233
N47140,SAMPLE RD AT EASTVIEW DR #2,Bus,Bus Stop,0.2863636363636365,0.0,0.2863636363636365,40.5711,-79.9997
N08580,BEAVER ST AT #1446,Bus,Bus Stop,0.284090909090909,0.209090909090909,0.075,40.5299,-80.1656
X18577,VANADIUM RD AT VANADIUM WOODS VILLAGE NS,Bus,Bus Stop,0.28409090000000004,0.025,0.2590909,40.3722,-80.0898
E36310,LINCOLN HWY AT MCKEE RD,Bus,Bus Stop,0.279545445,0.045454545,0.2340909,40.3731,-79.7931
N05490,AMITY DR OPP LINGAY DR,Bus,Bus Stop,0.275,0.275,0.0,40.5477,-79.9947
N47230,SAMPLE RD OPP NORTHGATE DR,Bus,Bus Stop,0.27272727272727276,0.0,0.27272727272727276,40.5746,-79.9905
E70444,UNIVERSAL RD OPP #150,Bus,Bus Stop,0.27272725,0.27272725,0.0,40.4663,-79.8228
E52420,SOUTH AVE AT MILL ST,Bus,Bus Stop,0.270454545,0.05,0.220454545,40.4408,-79.8817
N35650,MT ROYAL BLVD AT BRAUN ST,Bus,Bus Stop,0.26818182,0.147727275,0.120454545,40.519,-79.959
W11733,LINDSAY RD AT SWALLOW HILL RD,Bus,Bus Stop,0.2659091,0.2659091,0.0,40.3846,-80.0707
N71312,BROAD ST AT ST JAMES CHURCH,Bus,Bus Stop,0.2659091,0.0,0.2659091,40.5376,-80.1836
S46990,WALNUT ST AT 34TH AVE,Bus,Bus Stop,0.265909090909091,0.190909090909091,0.075,40.3296,-79.8415
E08741,BRADDOCK AVE OPP DELMAR WAY,Bus,Bus Stop,0.26590909,0.14090909000000001,0.125,40.4238,-79.8871
E25339,GREENFIELD AVE AT HAYWORTH ST,Bus,Bus Stop,0.265909075,0.1681818,0.097727275,40.4254,-79.9451
S47350,WALNUT ST OPP 35TH AVE,Bus,Bus Stop,0.2636363636363638,0.09772727272727275,0.165909090909091,40.3287,-79.8411
S11285,CURRY RD AT OLYMPIC RD,Bus,Bus Stop,0.2636363636363635,0.0,0.2636363636363635,40.3404,-79.991
S20497,GRANT AVE AT 6TH ST,Bus,Bus Stop,0.2613636363636365,0.025,0.2363636363636365,40.3721,-79.8512
N21660,FREEPORT RD AT PENNSYLVANIA AVE,Bus,Bus Stop,0.26136363636363646,0.26136363636363646,0.0,40.6249,-79.7232
N37195,MT TROY RD AT #2840,Bus,Bus Stop,0.2590909,0.0,0.2590909,40.4769,-79.9876
N70178,FOX CHAPEL RD OPP S MARGERY DR,Bus,Bus Stop,0.256818195,0.18636365,0.07045454500000001,40.4899,-79.8828
S40090,PROVOST RD OPP WHITEHALL CIR,Bus,Bus Stop,0.25454545,0.025,0.22954544999999998,40.3671,-79.9935
N29350,LAURELWOOD DR AT #126,Bus,Bus Stop,0.25227275,0.0,0.25227275,40.5519,-80.0051
N45600,REMINGTON DR AT REGENCY DR,Bus,Bus Stop,0.2522727272727275,0.2522727272727275,0.0,40.5562,-80.0076
N45570,REMINGTON DR AT HAZLETT RD,Bus,Bus Stop,0.25,0.25,0.0,40.5601,-80.011
N36920,MT TROY RD AT ALFRED ST,Bus,Bus Stop,0.25,0.0,0.25,40.4731,-79.9834
S48557,WEYMAN RD AT FOXWOOD MANOR APTS,Bus,Bus Stop,0.25,0.25,0.0,40.3672,-79.9992
E25363,GREENFIELD AVE OPP HAYWORTH ST,Bus,Bus Stop,0.24772727500000002,0.125,0.12272727500000001,40.4252,-79.9454
E30270,JACKS RUN RD AT BIROS TRAILER PARK,Bus,Bus Stop,0.247727275,0.07272727500000001,0.175,40.3602,-79.7857
E70968,JAMES ST AT #1445,Bus,Bus Stop,0.247727275,0.247727275,0.0,40.4212,-79.8063
N21640,FREEPORT RD AT PAINTER AVE,Bus,Bus Stop,0.24772727272727274,0.0,0.24772727272727274,40.631,-79.7159
W04795,CLIFF MINE RD OPP ENLOW RD,Bus,Bus Stop,0.24772727272727274,0.0,0.24772727272727274,40.4521,-80.199
N21345,FREEPORT RD AT JEFFERSON AVE FS,Bus,Bus Stop,0.24772727272727274,0.0,0.24772727272727274,40.6326,-79.7147
S70497,CHURCHVIEW AVE AT ANDRADE ST FS,Bus,Bus Stop,0.24772727272727274,0.24772727272727274,0.0,40.3858,-79.9699
N41240,PEEBLES RD OPP LOCUST ST,Bus,Bus Stop,0.24772727272727274,0.0,0.24772727272727274,40.5696,-80.0039
S70571,WORTON BLVD AT HOMESTEAD DUQUESNE RD FS,Bus,Bus Stop,0.24545454500000002,0.0,0.24545454500000002,40.3639,-79.8699
S70345,EAST PITTSBURGH-MCKEESPORT BLV OPP FAIRMONT ST,Bus,Bus Stop,0.245454545,0.145454545,0.1,40.3622,-79.8306
W18340,NOBLESTOWN RD OPP ST PAUL'S SEMINARY,Bus,Bus Stop,0.24318182,0.220454545,0.022727275,40.4196,-80.0666
N71247,CORBET ST AT 8TH AVE,Bus,Bus Stop,0.24318182,0.022727275,0.220454545,40.6043,-79.7531
N06875,BABCOCK BLVD AT THOMPSON RUN RD,Bus,Bus Stop,0.2431818,0.0,0.2431818,40.5108,-79.9937
N06530,BABCOCK BLVD AT HOFFMAN BLVD,Bus,Bus Stop,0.2431818,0.0,0.2431818,40.5078,-79.9897
S70394,LEWIS RUN RD AT HWY 885 FS,Bus,Bus Stop,0.240909075,0.1431818,0.097727275,40.3323,-79.9344
E05470,BEATTY RD OPP COLLEGE PARK DR,Bus,Bus Stop,0.23863636363636376,0.190909090909091,0.04772727272727275,40.4418,-79.7431
W13310,MCCOY RD AT NEVILLE AVE FS,Bus,Bus Stop,0.23863636363636348,0.0,0.23863636363636348,40.4798,-80.084
N20800,FREEPORT RD AT BURTNER RD,Bus,Bus Stop,0.23863636363636348,0.0,0.23863636363636348,40.6295,-79.7177
E70757,BUTLER ST OPP JANCEY ST (STEPS),Bus,Bus Stop,0.23863635,0.025,0.21363635,40.4889,-79.9242
S70018,WALNUT ST OPP WAMPLER ST,Bus,Bus Stop,0.23863635,0.21363635,0.025,40.3173,-79.8337
E70263,MT CARMEL RD AT VERONA RD,Bus,Bus Stop,0.23863635,0.0,0.23863635,40.4657,-79.8656
S47240,WALNUT ST AT LARCH ST FS,Bus,Bus Stop,0.23863635,0.23863635,0.0,40.3184,-79.834
W20670,CLEVER RD AT SILVER LN FS,Bus,Bus Stop,0.23636365,0.0,0.23636365,40.4658,-80.1378
E70947,WM PENN HWY AT #2295,Bus,Bus Stop,0.23636363636363628,0.18863636363636352,0.04772727272727275,40.446,-79.8531
N07070,BABCOCK BLVD OPP FAIRFIELD RD,Bus,Bus Stop,0.23409090909090902,0.0,0.23409090909090902,40.5642,-80.019
N21460,FREEPORT RD AT MILE LOCK LN,Bus,Bus Stop,0.23409090909090902,0.0,0.23409090909090902,40.6155,-79.7388
E70065,WILDWOOD AVE AT #444,Bus,Bus Stop,0.23409089500000002,0.18863635,0.045454545,40.5037,-79.8412
S47340,WALNUT ST AT WORTHINGTON ST,Bus,Bus Stop,0.231818195,0.045454545,0.18636365,40.3164,-79.8333
E70324,COAL HOLLOW RD OPP OLD COAL HOLLOW RD #2,Bus,Bus Stop,0.231818195,0.18636365,0.045454545,40.4621,-79.8425
N47120,SAMPLE RD AT COLLINGTON SQ,Bus,Bus Stop,0.2272727272727275,0.2272727272727275,0.0,40.5721,-79.9981
X70079,BOWER HILL RD AT UNIVERSAL CYCLOPS,Bus,Bus Stop,0.22727272499999998,0.20454545,0.022727275,40.3621,-80.0947
N20650,FREEPORT RD AT BONNIEVIEW DR FS,Bus,Bus Stop,0.225,0.225,0.0,40.6431,-79.7104
W25150,WASHINGTON PIKE AT WINSTEIN ST,Bus,Bus Stop,0.22499999999999998,0.0,0.22499999999999998,40.3741,-80.0992
E55140,UNIVERSAL RD OPP STOTLER RD,Bus,Bus Stop,0.222727275,0.15,0.07272727500000001,40.4606,-79.8047
W11715,LINDSAY RD OPP #443,Bus,Bus Stop,0.22272727499999997,0.19772727499999998,0.025,40.3842,-80.0845
N50760,SPRING GARDEN AVE OPP #2200,Bus,Bus Stop,0.22272727499999997,0.025,0.19772727499999998,40.4707,-79.986
N70105,FREEPORT RD AT OAK MANOR DR,Bus,Bus Stop,0.22045454545454546,0.05,0.17045454545454544,40.6507,-79.7084
N36390,MT ROYAL BLVD AT WOODLAND AVE,Bus,Bus Stop,0.220454545,0.170454545,0.05,40.5379,-79.9722
E40860,MT CARMEL RD AT PERSHING ST,Bus,Bus Stop,0.220454545,0.075,0.145454545,40.4656,-79.8764
S47200,WALNUT ST AT GRANT ST,Bus,Bus Stop,0.220454545,0.0,0.220454545,40.3199,-79.8353
S47000,WALNUT ST AT 35TH AVE,Bus,Bus Stop,0.218181818181818,0.193181818181818,0.025,40.3285,-79.8408
N71194,HEMLOCK DR OPP NORTH PARK POOL (PARK AND RIDE,Bus,Bus Stop,0.21818181818181798,0.0,0.21818181818181798,40.5867,-79.9968
E54880,UNITY TRESTLE RD AT LEECHBURG RD,Bus,Bus Stop,0.21590910000000002,0.1659091,0.05,40.4915,-79.785
N50360,SPRING GARDEN AVE AT MONETA ST,Bus,Bus Stop,0.2159091,0.025,0.1909091,40.4578,-79.9948
W03800,CHARTIERS AVE AT UNIVERSAL ST,Bus,Bus Stop,0.2159091,0.025,0.1909091,40.4538,-80.0606
N15340,COLBY ST OPP REGULUS ST,Bus,Bus Stop,0.21590907500000003,0.07272727500000001,0.14318180000000003,40.4847,-80.0044
N04260,9TH AVE AT HORNER ST,Bus,Bus Stop,0.2136363636363635,0.2136363636363635,0.0,40.6076,-79.7475
E51180,SCHOYER AVE AT TONETTE ST,Bus,Bus Stop,0.213636345,0.1431818,0.07045454500000001,40.4225,-79.8948
X04310,CEDAR BLVD OPP #1046,Bus,Bus Stop,0.21136365000000001,0.21136365000000001,0.0,40.3727,-80.0583
N50690,SPRING GARDEN AVE OPP REPPEL WAY,Bus,Bus Stop,0.21136365000000001,0.0,0.21136365000000001,40.4728,-79.9875
E05300,BEATTY RD AT BRUNNER DR,Bus,Bus Stop,0.21136363636363648,0.21136363636363648,0.0,40.4519,-79.7551
N41180,PEEBLES RD AT PEEBLES SCHOOL DRVWY,Bus,Bus Stop,0.21136363636363645,0.165909090909091,0.04545454545454545,40.5654,-80.0085
X15710,SARAH ST AT WINFIELD ST,Bus,Bus Stop,0.21136363636363625,0.1636363636363635,0.04772727272727275,40.3504,-80.1037
E53030,STANTON AVE OPP KEYSTONE ST,Bus,Bus Stop,0.20909092499999998,0.18636365,0.022727275,40.4773,-79.954
E70758,BUTLER ST OPP LIVONIA ST,Bus,Bus Stop,0.20909090000000002,0.0,0.20909090000000002,40.4889,-79.9359
N14720,N CHARLES ST OPP IZORA ST,Bus,Bus Stop,0.20454545000000002,0.13636365,0.0681818,40.4641,-80.0206
N32350,MCINTYRE RD AT THOMPSON RUN RD,Bus,Bus Stop,0.20454545,0.20454545,0.0,40.5524,-79.9986
N37010,MT TROY RD AT HOFFMAN RD,Bus,Bus Stop,0.2,0.0,0.2,40.4906,-79.992
N70175,DELAFIELD RD AT FOX CHAPEL RD,Bus,Bus Stop,0.2,0.125,0.075,40.4991,-79.8839
E54855,UNITY TRESTLE RD AT #1049,Bus,Bus Stop,0.197727275,0.122727275,0.07500000000000001,40.4783,-79.7613
N31100,LOCUST PL AT CENTENNIAL AVE,Bus,Bus Stop,0.19772727499999998,0.0,0.19772727499999998,40.5417,-80.1798
E57380,WILDWOOD AVE OPP VERONA ST,Bus,Bus Stop,0.19772727499999998,0.0,0.19772727499999998,40.5033,-79.8394
E29361,HILLCREST ST OPP FANNELL ST,Bus,Bus Stop,0.19545454999999998,0.022727275,0.17272727499999999,40.4679,-79.9366
N71289,FREEPORT RD AT ALTERMOOR DR,Bus,Bus Stop,0.1954545454545455,0.09772727272727275,0.09772727272727275,40.6561,-79.7075
E12840,CENTER RD OPP COTTAGE LN,Bus,Bus Stop,0.19545454545454544,0.14545454545454545,0.05,40.4561,-79.7598
N08630,BEAVER RD AT SHIELDS LN,Bus,Bus Stop,0.19545454545454544,0.14545454545454545,0.05,40.5572,-80.1982
N21470,FREEPORT RD AT MONTANA AVE,Bus,Bus Stop,0.19545454545454544,0.19545454545454544,0.0,40.6212,-79.7285
E12920,CENTER RD OPP RUTH DR,Bus,Bus Stop,0.19545454545454544,0.0,0.19545454545454544,40.4538,-79.7606
E26540,HAMILTON AVE AT JULIUS ST,Bus,Bus Stop,0.19545454499999998,0.0,0.19545454499999998,40.4583,-79.9116
W22610,STEUBENVILLE PIKE AT E WINDHAVEN RD FS,Bus,Bus Stop,0.19545454499999998,0.145454545,0.05,40.4444,-80.099
E70339,UNIVERSAL RD AT HERSHEY RD FS,Bus,Bus Stop,0.19545454499999998,0.19545454499999998,0.0,40.469,-79.7958
E03080,AIRBRAKE AVE OPP 10TH ST,Bus,Bus Stop,0.19318182,0.1,0.09318182,40.4029,-79.8223
N15925,CUMBERLAND RD OPP FOX HUNT DR,Bus,Bus Stop,0.19318181818181798,0.168181818181818,0.025,40.5719,-80.0185
N52200,THOMPSON RUN RD AT HODIL RD,Bus,Bus Stop,0.1909091,0.0,0.1909091,40.5347,-79.9903
X00440,BANK ST AT CHESTNUT ST,Bus,Bus Stop,0.190909090909091,0.0,0.190909090909091,40.3544,-80.1076
N12120,BRULE ST AT MAGNET ST,Bus,Bus Stop,0.188636375,0.1659091,0.022727275,40.471,-80.006
N40990,PEEBLES RD AT KNOLL ST,Bus,Bus Stop,0.1886363636363635,0.1886363636363635,0.0,40.5682,-80.0061
N50450,SPRING GARDEN AVE AT REPPEL WAY,Bus,Bus Stop,0.18863635,0.18863635,0.0,40.4728,-79.9876
E09580,BRERETON ST OPP 28TH ST FS,Bus,Bus Stop,0.188636345,0.07045454500000001,0.1181818,40.4558,-79.9725
E29950,HOMEWOOD AVE AT ROYCREST PL,Bus,Bus Stop,0.18636364500000002,0.1409091,0.045454545,40.4481,-79.9021
N41000,PEEBLES RD AT LOCUST ST,Bus,Bus Stop,0.1863636363636365,0.1863636363636365,0.0,40.5696,-80.0039
N25465,HEMLOCK DR OPP LAUREL OAK DR,Bus,Bus Stop,0.184090909090909,0.0,0.184090909090909,40.5772,-79.9796
E12670,CENTER RD OPP MCKENZIE DR,Bus,Bus Stop,0.184090909090909,0.0,0.184090909090909,40.4573,-79.7583
E58040,WILTSIE ST OPP #6903,Bus,Bus Stop,0.1840909,0.0909091,0.09318180000000001,40.4738,-79.8977
X00720,BANKSVILLE RD AT #3030,Bus,Bus Stop,0.1818182,0.0,0.1818182,40.4016,-80.0425
N04240,9TH AVE OPP GRANT ST,Bus,Bus Stop,0.175,0.175,0.0,40.6083,-79.7459
E12890,CENTER RD OPP HELMAR DR FS,Bus,Bus Stop,0.175,0.0,0.175,40.4524,-79.7613
X00630,BANKSVILLE RD AT JIFFY LUBE,Bus,Bus Stop,0.175,0.0,0.175,40.4046,-80.0393
N52590,TROY HILL RD AT N CATHOLIC HIGH SCHOOL,Bus,Bus Stop,0.175,0.175,0.0,40.4605,-79.985
S70162,BOSTON BRIDGE TERMINAL,Bus,Bus Stop,0.172727275,0.125,0.047727275,40.3139,-79.8288
E54860,UNITY TRESTLE RD AT COLLEGE AVE,Bus,Bus Stop,0.17272727499999999,0.17272727499999999,0.0,40.4846,-79.7675
S23880,HWY RT 51 AT JEFFERSON VETERINARY CLINIC,Bus,Bus Stop,0.17272727272727276,0.04772727272727275,0.125,40.3016,-79.9303
N70171,PENN ST AT BROADVIEW BLVD,Bus,Bus Stop,0.17272727272727273,0.075,0.09772727272727275,40.6139,-79.7421
N22830,FREEPORT RD OPP WORKS ENTRANCE #3,Bus,Bus Stop,0.17045454545454547,0.17045454545454547,0.0,40.593,-79.7709
S70322,RAVENSBURG BLVD AT CLAIRTON MUNICIPAL COMPLEX,Bus,Bus Stop,0.17045454545454547,0.1,0.07045454545454545,40.2958,-79.8939
E30300,HWY RT 286 AT DAY CHEVROLET,Bus,Bus Stop,0.17045454545454544,0.0,0.17045454545454544,40.4315,-79.717
N08845,BEAVER RD OPP SHIELDS LN,Bus,Bus Stop,0.17045454545454544,0.0,0.17045454545454544,40.5572,-80.1981
N70002,SPRING GARDEN AVE AT #1435 WALTMIRE PHARMACY,Bus,Bus Stop,0.170454545,0.0,0.170454545,40.4628,-79.9868
E70391,UNITY TRESTLE RD OPP FRANCIS RD,Bus,Bus Stop,0.170454545,0.05,0.120454545,40.4837,-79.7659
N70106,FREEPORT RD OPP OAK MANOR DR (YMCA ENTRANCE),Bus,Bus Stop,0.1681818181818182,0.12045454545454545,0.04772727272727275,40.6512,-79.7084
W25460,WASHINGTON PIKE OPP WINSTEIN ST,Bus,Bus Stop,0.168181818181818,0.168181818181818,0.0,40.3737,-80.0991
X08847,KANE BLVD OPP DAVIS ST,Bus,Bus Stop,0.1659091,0.0,0.1659091,40.3781,-80.0914
S23000,HOMEVILLE RD AT COMMONWEALTH AVE,Bus,Bus Stop,0.1659091,0.075,0.0909091,40.3827,-79.8778
E32321,JAMES ST AT QUEEN DR,Bus,Bus Stop,0.165909090909091,0.165909090909091,0.0,40.4219,-79.8031
E58705,WM PENN HWY AT KIA DEALERSHIP,Bus,Bus Stop,0.16590909090909095,0.11818181818181821,0.04772727272727275,40.4336,-79.7973
N70096,FREEPORT RD AT EVERGREEN DR,Bus,Bus Stop,0.16363636363636375,0.14090909090909098,0.02272727272727275,40.6492,-79.7089
N71240,PROSPECT ST OPP RESERVOIR DR,Bus,Bus Stop,0.1636363636363635,0.0,0.1636363636363635,40.6108,-79.7465
N70097,FREEPORT RD OPP EVERGREEN DR,Bus,Bus Stop,0.1636363636363635,0.0,0.1636363636363635,40.6491,-79.7088
N19665,FERGUSON RD OPP LAMMERTON DR,Bus,Bus Stop,0.16363636363636347,0.0,0.16363636363636347,40.5613,-79.9875
S70381,RAVENSBURG BLVD OPP CLAIRTON MUNICIPAL COMPLEX,Bus,Bus Stop,0.16363636363636347,0.09545454545454546,0.068181818181818,40.2958,-79.8938
N05460,AMITY DR AT THOMPSON RUN RD FS,Bus,Bus Stop,0.16363634999999999,0.16363634999999999,0.0,40.5501,-79.9975
E49690,SALTSBURG RD AT CRESTVIEW DR,Bus,Bus Stop,0.16363634999999999,0.16363634999999999,0.0,40.4759,-79.7782
N06760,BABCOCK BLVD OPP ROSECLIFF DR,Bus,Bus Stop,0.16363634999999999,0.16363634999999999,0.0,40.5099,-79.9919
S70165,WALNUT ST AT 12TH AVE,Bus,Bus Stop,0.16136363636363624,0.1136363636363635,0.04772727272727275,40.3435,-79.8632
N45320,PRESIDENTIAL DR AT KENNEDY,Bus,Bus Stop,0.15,0.0,0.15,40.5853,-79.9998
W19930,PITCHFORK LN OPP CRABAPPLE DR,Bus,Bus Stop,0.15,0.0,0.15,40.4706,-80.112
S47440,WALNUT ST OPP LINDEN ST,Bus,Bus Stop,0.15,0.0,0.15,40.3146,-79.8298
S48810,WHITAKER WAY OPP HIGHWOOD ST,Bus,Bus Stop,0.147727275,0.097727275,0.05,40.406,-79.893
E18970,FIESTA DR AT #251,Bus,Bus Stop,0.147727275,0.05,0.097727275,40.4732,-79.7082
E70877,GREENSBURG PIKE AT 1ST ST FS,Bus,Bus Stop,0.147727275,0.097727275,0.05,40.4019,-79.8238
X70016,BOWER HILL RD AT #809,Bus,Bus Stop,0.14772727272727276,0.0,0.14772727272727276,40.3602,-80.1015
S70536,CHURCHVIEW AVE OPP ANDRADE ST,Bus,Bus Stop,0.14772727272727276,0.0,0.14772727272727276,40.3858,-79.9695
S46840,WALNUT ST AT 15TH AVE BRIDGE FS,Bus,Bus Stop,0.1454545454545455,0.12272727272727275,0.02272727272727275,40.3395,-79.8595
S46880,WALNUT ST AT 26TH AVE,Bus,Bus Stop,0.14545454545454545,0.05,0.09545454545454546,40.334,-79.8487
W70150,CORAOPOLIS RD AT #298,Bus,Bus Stop,0.145454545,0.05,0.095454545,40.5023,-80.1225
N15450,CONNIE DR AT MULKERIN DR,Bus,Bus Stop,0.14318182000000002,0.045454545,0.097727275,40.4985,-80.0234
N47220,SAMPLE RD OPP HIGHMEADOW RD,Bus,Bus Stop,0.143181818181818,0.0,0.143181818181818,40.5734,-79.9937
X06670,GILKESON RD AT GALLERIA DRIVEWAY FS,Bus,Bus Stop,0.1431818,0.0,0.1431818,40.3569,-80.0536
E70261,MT CARMEL RD OPP DOLLMAN RD,Bus,Bus Stop,0.1431818,0.025,0.1181818,40.4664,-79.8685
N39030,NORTHGATE DR AT SPRINGFIELD DR,Bus,Bus Stop,0.1386363636363635,0.0,0.1386363636363635,40.5778,-79.9922
N41030,PEEBLES RD AT PARKWAY RD FS,Bus,Bus Stop,0.1386363636363635,0.1136363636363635,0.025,40.5641,-80.0095
W07840,GRAND AVE AT NEVILLE METALS,Bus,Bus Stop,0.13863635,0.0,0.13863635,40.5062,-80.1068
E70883,CHURCH ST AT BRADDOCK AVE NS,Bus,Bus Stop,0.13863635,0.13863635,0.0,40.4229,-79.8877
N52190,THOMPSON RUN RD AT EASLEY RD,Bus,Bus Stop,0.13863635,0.13863635,0.0,40.5274,-79.9886
E55100,UNIVERSAL RD AT #150,Bus,Bus Stop,0.13636365,0.0,0.13636365,40.4662,-79.8226
N45560,ENNERDALE LN AT DOUNREAY PL,Bus,Bus Stop,0.13636365,0.13636365,0.0,40.5515,-80.0068
N29360,LAURELWOOD DR OPP FENWICK DR,Bus,Bus Stop,0.13636365,0.13636365,0.0,40.552,-80.0026
N40800,PARKER ST AT #90,Bus,Bus Stop,0.1363636363636365,0.0,0.1363636363636365,40.4937,-79.9516
E70434,MILLTOWN RD OPP COMMUNITY MARKET DRVWY,Bus,Bus Stop,0.1363636,0.0,0.1363636,40.4987,-79.79
E70357,MILLTOWN RD OPP LEECHBURG RD FS,Bus,Bus Stop,0.1363636,0.0,0.1363636,40.4945,-79.7884
E12600,CENTER RD AT GATEWAY DR,Bus,Bus Stop,0.125,0.075,0.05,40.4585,-79.7577
E56440,WASHINGTON BLVD OPP HIGHLAND DR,Bus,Bus Stop,0.125,0.125,0.0,40.4743,-79.9084
S70227,DELWAR RD OPP RITTER ENGINEERING,Bus,Bus Stop,0.125,0.125,0.0,40.3508,-79.9508
N70003,SPRING GARDEN AVE OPP #1435 WALTMIRE PHARMACY,Bus,Bus Stop,0.125,0.125,0.0,40.4628,-79.9869
S70401,LEWIS RUN RD AT HWY 885,Bus,Bus Stop,0.125,0.025,0.1,40.3324,-79.934
N52220,THOMPSON RUN RD AT LOIRE VALLEY DR,Bus,Bus Stop,0.12272727500000001,0.0,0.12272727500000001,40.5242,-79.9887
E12410,CALMAR DR AT MT CARMEL RD FS,Bus,Bus Stop,0.122727275,0.075,0.047727275,40.4673,-79.8734
E38170,MAIN ST AT WASHINGTON SCHOOL,Bus,Bus Stop,0.122727275,0.097727275,0.025,40.4705,-79.7892
N20060,FOREST AVE OPP #1055,Bus,Bus Stop,0.122727275,0.025,0.097727275,40.5081,-80.0486
N42300,PERRY HWY AT HANWAY AVE,Bus,Bus Stop,0.122727275,0.047727275,0.075,40.5043,-80.0264
S46810,WALNUT ST AT 14TH AVE,Bus,Bus Stop,0.12272727272727274,0.075,0.04772727272727275,40.3412,-79.8609
S70387,HWY RT 885 OPP WRAY LARGE RD,Bus,Bus Stop,0.12272727272727274,0.075,0.04772727272727275,40.3185,-79.9216
S48750,WHITAKER WAY AT HIGHWOOD ST,Bus,Bus Stop,0.12045454500000001,0.05,0.07045454500000001,40.406,-79.8928
W20890,SILVER LANE OPP FALCK RD,Bus,Bus Stop,0.12045454500000001,0.05,0.07045454500000001,40.4628,-80.1396
N33200,MEADVILLE ST AT TELEVISION HILL ST,Bus,Bus Stop,0.120454545,0.045454545,0.075,40.4625,-80.0057
X70086,KANE BLVD AT BOWER HILL RD,Bus,Bus Stop,0.120454545,0.120454545,0.0,40.3719,-80.0827
E36240,LINCOLN HWY AT GREENSBURG PIKE,Bus,Bus Stop,0.11818182,0.095454545,0.022727275,40.3815,-79.8168
E70949,MT CARMEL RD AT GEISLER WAY,Bus,Bus Stop,0.11818182,0.095454545,0.022727275,40.4682,-79.8845
E70328,WILTSIE ST AT HIGHLAND DR FS,Bus,Bus Stop,0.11818182,0.095454545,0.022727275,40.4762,-79.8985
N37000,MT TROY RD OPP HOFFMAN RD,Bus,Bus Stop,0.11818182,0.095454545,0.022727275,40.4908,-79.9921
N41720,PENN ST AT UNION AVE,Bus,Bus Stop,0.11818181818181821,0.09545454545454546,0.02272727272727275,40.6132,-79.7417
N71288,FREEPORT RD OPP ALTERMOOR DR,Bus,Bus Stop,0.1181818181818182,0.04772727272727275,0.07045454545454545,40.6558,-79.7073
N08590,BEAVER ST AT #1449,Bus,Bus Stop,0.118181818181818,0.0,0.118181818181818,40.53,-80.1655
N45380,PRESIDENTIAL DR OPP WASHINGTON,Bus,Bus Stop,0.118181818181818,0.118181818181818,0.0,40.585,-79.9997
S47380,WALNUT ST OPP EXXON STATION,Bus,Bus Stop,0.118181818181818,0.118181818181818,0.0,40.3259,-79.8394
W20471,ROSELEAF DR AT FOXCROFT RD FS,Bus,Bus Stop,0.11590910000000001,0.11590910000000001,0.0,40.3982,-80.073
N04560,ALLEGHENY AVE AT NORTH AVE,Bus,Bus Stop,0.11590910000000001,0.11590910000000001,0.0,40.4532,-80.0195
N47200,SAMPLE RD OPP EASTVIEW DR #2,Bus,Bus Stop,0.11590909090909099,0.11590909090909099,0.0,40.5712,-79.9996
N71260,SAMPLE RD OPP EASTVIEW DR #1,Bus,Bus Stop,0.11590909090909099,0.11590909090909099,0.0,40.5707,-80.0008
E70818,FORBES RD OPP MEADOW ST,Bus,Bus Stop,0.11590909090909075,0.02272727272727275,0.093181818181818,40.3889,-79.7503
S06273,BELTZHOOVER AVE AT FREELAND ST,Bus,Bus Stop,0.11590907500000001,0.09318180000000001,0.022727275,40.4192,-79.9974
S70376,STATE ST AT MONTOUR TRAIL,Bus,Bus Stop,0.11363636363636374,0.090909090909091,0.02272727272727275,40.3055,-79.884
E12660,CENTER RD AT MCKENZIE DR FS,Bus,Bus Stop,0.11363636363636374,0.090909090909091,0.02272727272727275,40.4572,-79.7583
N71259,NORTHGATE DR AT SAMPLE RD,Bus,Bus Stop,0.1136363636363635,0.1136363636363635,0.0,40.5748,-79.9906
N52300,THOMPSON RUN RD AT WHITE OAK DR,Bus,Bus Stop,0.11363635,0.11363635,0.0,40.542,-79.9924
S70325,STATE ST AT FRANCIS AVE,Bus,Bus Stop,0.1,0.05,0.05,40.2966,-79.8746
N15210,CHURCH AVE AT VICTORIA AVE,Bus,Bus Stop,0.1,0.025,0.075,40.5064,-80.0746
E70326,COAL HOLLOW RD OPP OLD COAL HOLLOW RD #1,Bus,Bus Stop,0.1,0.0,0.1,40.4667,-79.8468
W08720,HERBST RD AT #235,Bus,Bus Stop,0.1,0.1,0.0,40.4995,-80.1152
S70616,CAMP HOLLOW RD OPP LEBANON MANOR DR,Bus,Bus Stop,0.1,0.025,0.075,40.3425,-79.9176
N15510,CONNIE DR OPP OLD CONNIE DR,Bus,Bus Stop,0.1,0.05,0.05,40.4964,-80.0229
N50570,SPRING GARDEN AVE AT TRACY'S DELI,Bus,Bus Stop,0.097727275,0.07272727500000001,0.025,40.4695,-79.9857
S28080,LEBANON CHURCH RD AT RODEO DR,Bus,Bus Stop,0.097727275,0.025,0.07272727500000001,40.3529,-79.9174
E32291,JAMES ST AT #531,Bus,Bus Stop,0.097727275,0.07272727500000001,0.025,40.4109,-79.8189
N41640,PENN ST AT BROADVIEW BLVD FS,Bus,Bus Stop,0.09772727272727275,0.07272727272727275,0.025,40.6135,-79.7419
S70105,WORTHINGTON AVE OPP INTERCHANGE LOUNGE (#1560),Bus,Bus Stop,0.09772727272727275,0.09772727272727275,0.0,40.2927,-79.9095
S70608,CAMP HOLLOW RD AT LEBANON MANOR DR,Bus,Bus Stop,0.09545455,0.047727275,0.047727275,40.3425,-79.9178
E32280,JAMES ST AT JAMES ST EXT,Bus,Bus Stop,0.0954545454545455,0.07272727272727275,0.02272727272727275,40.4236,-79.794
E10150,BRINTON RD AT DRIVEWAY,Bus,Bus Stop,0.0954545454545455,0.04772727272727275,0.04772727272727275,40.4326,-79.8728
N21680,FREEPORT RD AT POPLAR ST,Bus,Bus Stop,0.09545454545454546,0.09545454545454546,0.0,40.6274,-79.7207
N20790,FREEPORT RD AT BURTNER RD,Bus,Bus Stop,0.09545454545454546,0.09545454545454546,0.0,40.6297,-79.7183
S70626,HWY RT 885 AT ANDREW DR,Bus,Bus Stop,0.09545454545454546,0.09545454545454546,0.0,40.3212,-79.9245
N40870,PEEBLES RD AT BINGAY DR,Bus,Bus Stop,0.09545454545454546,0.05,0.04545454545454545,40.559,-80.0152
N28230,IVORY AVE AT VALLEY VIEW ST,Bus,Bus Stop,0.095454545,0.0,0.095454545,40.4968,-80.0112
E08170,BLVD OF ALLIES AT GIST ST,Bus,Bus Stop,0.095454545,0.0,0.095454545,40.4361,-79.9795
E43040,OBERLIN ST OPP OAKDENE ST,Bus,Bus Stop,0.09318182000000001,0.022727275,0.07045454500000001,40.4664,-79.8901
W19450,ORCHARD SPRING RD AT #312,Bus,Bus Stop,0.09318182000000001,0.022727275,0.07045454500000001,40.3937,-80.0684
S70624,HOFFMAN BLVD AT KENNYWOOD MALL DR,Bus,Bus Stop,0.09318182,0.045454545,0.047727275,40.3824,-79.8684
N08680,BEAVER ST AT SYCAMORE AVE,Bus,Bus Stop,0.0931818181818182,0.02272727272727275,0.07045454545454545,40.5283,-80.1614
N20550,FREEPORT RD AT ALABAMA AVE,Bus,Bus Stop,0.0931818181818182,0.07045454545454545,0.02272727272727275,40.6166,-79.7364
N45650,REMINGTON DR OPP BINGAY DR,Bus,Bus Stop,0.093181818181818,0.0,0.093181818181818,40.5594,-80.0098
N41680,PENN ST AT PACIFIC AVE,Bus,Bus Stop,0.093181818181818,0.093181818181818,0.0,40.6123,-79.741
S47430,WALNUT ST OPP SUNOCO STATION,Bus,Bus Stop,0.093181818181818,0.0,0.093181818181818,40.3364,-79.853
E41070,MURRAY AVE AT AYLESBORO AVE,Bus,Bus Stop,0.09318180000000001,0.09318180000000001,0.0,40.4398,-79.923
N71244,1ST AVE AT LOCK ST,Bus,Bus Stop,0.09318180000000001,0.09318180000000001,0.0,40.6,-79.7527
W07930,GRAND AVE OPP CALGON CARBON,Bus,Bus Stop,0.09318180000000001,0.0,0.09318180000000001,40.5091,-80.119
N29310,LAURELWOOD DR AT ENNERDALE LN,Bus,Bus Stop,0.09318180000000001,0.0,0.09318180000000001,40.5515,-80.0066
E55035,UNIVERSAL RD OPP FREY RD,Bus,Bus Stop,0.09318180000000001,0.09318180000000001,0.0,40.4605,-79.8112
N41630,PENN ST AT ATLANTIC AVE,Bus,Bus Stop,0.090909090909091,0.0,0.090909090909091,40.6115,-79.7407
N41140,SPRINGFIELD DR AT PEEBLES RD FS,Bus,Bus Stop,0.090909090909091,0.090909090909091,0.0,40.5795,-79.9947
N45520,REMINGTON DR AT BALMORAL DR #1,Bus,Bus Stop,0.090909090909091,0.090909090909091,0.0,40.5584,-80.0088
E70346,MILLTOWN RD AT COMMUNITY MARKET DRVWY,Bus,Bus Stop,0.09090909,0.09090909,0.0,40.4985,-79.79
E70359,MILLTOWN RD OPP NEWFIELD DR,Bus,Bus Stop,0.09090909,0.0,0.09090909,40.501,-79.7921
E70440,UNITY TRESTLE RD AT FRANCIS RD,Bus,Bus Stop,0.07500000000000001,0.07500000000000001,0.0,40.4836,-79.7657
N71245,1ST AVE AT BOYD ST,Bus,Bus Stop,0.07500000000000001,0.05,0.025,40.5994,-79.7555
W23181,SWALLOW HILL RD AT CHARTIERS VALLEY SCHOOL DRVWY,Bus,Bus Stop,0.075,0.0,0.075,40.3964,-80.0771
W07630,GRAND AVE AT COTTAGE AVE,Bus,Bus Stop,0.075,0.075,0.0,40.5157,-80.1442
E30250,HUTCHINSON ST AT EAST END AVE,Bus,Bus Stop,0.075,0.0,0.075,40.4333,-79.893
E12515,CENTER RD AT HELMAR DR FS,Bus,Bus Stop,0.075,0.075,0.0,40.4524,-79.7612
W70036,PTI DR AT MCKEE RD FS,Bus,Bus Stop,0.075,0.0,0.075,40.4221,-80.1912
S48275,WATERFRONT DR AT RECREATION CENTER,Bus,Bus Stop,0.075,0.0,0.075,40.4139,-79.9049
N41730,PENN ST AT UNION AVE,Bus,Bus Stop,0.075,0.0,0.075,40.613,-79.7415
E70761,BUTLER ST AT GALLATIN ST,Bus,Bus Stop,0.07272727500000001,0.07272727500000001,0.0,40.4882,-79.9217
N70176,FOX CHAPEL RD AT #325 (O'HARA MUNICIPAL BUILDIN,Bus,Bus Stop,0.07272727500000001,0.07272727500000001,0.0,40.4956,-79.8822
S00550,22ND AVE AT WEST ST,Bus,Bus Stop,0.07272727500000001,0.025,0.047727275,40.3974,-79.9026
E70987,BLAIR ST AT ELIZA ST,Bus,Bus Stop,0.07272727500000001,0.025,0.047727275,40.4138,-79.95
W70164,GRAND AVE OPP #3000 (HOLDEN CORP),Bus,Bus Stop,0.07272727500000001,0.05,0.022727275,40.5053,-80.1048
S13450,CONNISTON AVE AT BON AIR AVE,Bus,Bus Stop,0.07272727500000001,0.022727275,0.05,40.4104,-79.9995
W11720,LINDSAY RD AT OLD GREENTREE RD,Bus,Bus Stop,0.07272727500000001,0.047727275,0.025,40.3858,-80.0843
E32226,IMOGENE RD OPP DESDEMONA AVE,Bus,Bus Stop,0.07272727500000001,0.025,0.047727275,40.4119,-79.9228
E40820,MT CARMEL RD AT ELK RD,Bus,Bus Stop,0.07272727500000001,0.07272727500000001,0.0,40.4676,-79.883
X04070,CEDAR BLVD AT LONGRIDGE DR,Bus,Bus Stop,0.07272727500000001,0.022727275,0.05,40.3786,-80.0545
S24470,HWY RT 51 OPP JEFFERSON VETERINARY CLINIC,Bus,Bus Stop,0.07272727272727275,0.05,0.02272727272727275,40.3014,-79.9296
W06670,FAIRHAVEN RD OPP #63,Bus,Bus Stop,0.07272727272727275,0.025,0.04772727272727275,40.4705,-80.1001
N15880,CUMBERLAND RD EXT AT BABCOCK BLVD,Bus,Bus Stop,0.07272727272727275,0.025,0.04772727272727275,40.5721,-80.0162
S70316,HWY RT 885 AT WRAY LARGE RD,Bus,Bus Stop,0.07272727272727275,0.0,0.07272727272727275,40.3186,-79.9218
N25437,HEMLOCK DR AT LAUREL OAK DR,Bus,Bus Stop,0.07045454545454545,0.07045454545454545,0.0,40.5772,-79.9795
N47150,SAMPLE RD AT HIGHMEADOW RD,Bus,Bus Stop,0.07045454545454545,0.07045454545454545,0.0,40.5735,-79.9936
X00550,BANK ST OPP ELM ST,Bus,Bus Stop,0.07045454545454545,0.07045454545454545,0.0,40.3538,-80.1065
N14815,CHARTERWOOD DR AT MCINTYRE RD,Bus,Bus Stop,0.07045454500000001,0.07045454500000001,0.0,40.5518,-80.0008
S70260,WARRINGTON AVE OPP BOGGSTON AVE,Bus,Bus Stop,0.07045454500000001,0.0,0.07045454500000001,40.4201,-80.0079
N50380,SPRING GARDEN AVE AT WILLIAMS RD,Bus,Bus Stop,0.0681818181818182,0.04545454545454545,0.02272727272727275,40.4773,-79.9936
N47110,SAMPLE RD AT ARDEN DR,Bus,Bus Stop,0.068181818181818,0.0,0.068181818181818,40.5737,-79.9929
N45270,PRESIDENTIAL DR AT HARDING,Bus,Bus Stop,0.068181818181818,0.0,0.068181818181818,40.5822,-79.9952
N33700,METROPOLITAN ST AT BRANCHPORT ST,Bus,Bus Stop,0.0681818,0.0,0.0681818,40.4587,-80.0323
E70353,UNITY TRESTLE RD AT WILLOW DR,Bus,Bus Stop,0.05,0.0,0.05,40.4849,-79.7681
N45350,PRESIDENTIAL DR AT WASHINGTON,Bus,Bus Stop,0.05,0.0,0.05,40.5849,-79.9996
W11717,LINDSAY RD OPP #559,Bus,Bus Stop,0.05,0.05,0.0,40.3823,-80.0842
N52390,THOMPSON RUN RD OPP WHITE OAK DR,Bus,Bus Stop,0.05,0.0,0.05,40.5419,-79.9923
S33070,MCCLEARY ST AT #914,Bus,Bus Stop,0.05,0.05,0.0,40.3474,-79.8385
E70976,BEATTY RD AT #560,Bus,Bus Stop,0.05,0.0,0.05,40.4511,-79.7564
E38560,MALL CIRCLE DR AT MALL BLVD,Bus,Bus Stop,0.05,0.025,0.025,40.4302,-79.7915
S47210,WALNUT ST AT SUNOCO STATION,Bus,Bus Stop,0.05,0.025,0.025,40.3365,-79.8529
N71183,FOX CHAPEL RD OPP DELAFIELD RD NS,Bus,Bus Stop,0.05,0.0,0.05,40.4986,-79.8834
E70351,UNITY TRESTLE RD AT ASHLAND DR,Bus,Bus Stop,0.05,0.0,0.05,40.4862,-79.7714
N52280,THOMPSON RUN RD AT SUNSET DR,Bus,Bus Stop,0.05,0.05,0.0,40.5322,-79.9902
N45590,REMINGTON DR AT PEEBLES RD,Bus,Bus Stop,0.05,0.0,0.05,40.5613,-80.013
E30285,JACKS RUN RD OPP MCKEE RD,Bus,Bus Stop,0.05,0.025,0.025,40.3438,-79.7988
X04170,CEDAR BLVD AT #1281,Bus,Bus Stop,0.05,0.05,0.0,40.3631,-80.0634
W07915,GRAND AVE OPP TRIAD METALS,Bus,Bus Stop,0.05,0.025,0.025,40.5079,-80.1116
S70327,STATE ST OPP MONTOUR TRAIL,Bus,Bus Stop,0.05,0.0,0.05,40.3055,-79.8839
W21690,STEUBEN ST AT RIDENOUR AVE,Bus,Bus Stop,0.05,0.0,0.05,40.4405,-80.0612
N05420,AMITY DR AT SUTTER RD FS,Bus,Bus Stop,0.047727275,0.0,0.047727275,40.5438,-79.9925
E26650,HAMILTON AVE OPP JULIUS ST,Bus,Bus Stop,0.047727275,0.022727275,0.025,40.4582,-79.9117
E54470,TILBURY AVE OPP ALDERSON ST,Bus,Bus Stop,0.047727275,0.047727275,0.0,40.4274,-79.9189
W70168,NEVILLE RD AT #200,Bus,Bus Stop,0.047727275,0.0,0.047727275,40.4926,-80.0802
E50590,SALTSBURG RD OPP CHANTICLEER DR,Bus,Bus Stop,0.047727275,0.047727275,0.0,40.4755,-79.7937
S35460,ARLINGTON AVE AT E CARSON ST,Bus,Bus Stop,0.047727275,0.0,0.047727275,40.4307,-80.0012
S47140,WALNUT ST AT CP INDUSTRIES,Bus,Bus Stop,0.04772727272727275,0.04772727272727275,0.0,40.3357,-79.8515
E12550,CENTER RD AT COTTAGE LN,Bus,Bus Stop,0.04772727272727275,0.0,0.04772727272727275,40.4562,-79.7599
X02360,BOWER HILL RD AT #802,Bus,Bus Stop,0.04772727272727275,0.02272727272727275,0.025,40.3598,-80.1018
N21450,FREEPORT RD AT MILE LOCK LN,Bus,Bus Stop,0.04772727272727275,0.04772727272727275,0.0,40.6157,-79.7387
E70431,HULTON RD OPP LINCOLN AVE,Bus,Bus Stop,0.04545455,0.04545455,0.0,40.5251,-79.814
E30036,HULTON RD OPP HULTON ESTATES,Bus,Bus Stop,0.04545455,0.04545455,0.0,40.5132,-79.8032
E32224,IMOGENE RD AT DESDEMONA AVE,Bus,Bus Stop,0.04545455,0.022727275,0.022727275,40.4117,-79.9228
E70345,MILLTOWN RD AT NEWFIELD DR,Bus,Bus Stop,0.04545455,0.04545455,0.0,40.501,-79.7924
N26860,HULTON RD OPP 10TH ST,Bus,Bus Stop,0.04545455,0.0,0.04545455,40.524,-79.8316
S09560,CURRY RD OPP #5415,Bus,Bus Stop,0.04545454545454545,0.0,0.04545454545454545,40.3389,-79.991
N45540,REMINGTON DR AT BINGAY DR,Bus,Bus Stop,0.04545454545454545,0.04545454545454545,0.0,40.5594,-80.01
W05630,CRABAPPLE DR AT PITCHFORK LN,Bus,Bus Stop,0.04545454545454545,0.04545454545454545,0.0,40.4671,-80.1104
N20990,FREEPORT RD AT DALLAS AVE,Bus,Bus Stop,0.04545454545454545,0.04545454545454545,0.0,40.6228,-79.7262
W04720,CLIFF MINE RD AT OMSLAER STEEL SUPPLIES,Bus,Bus Stop,0.04545454545454545,0.0,0.04545454545454545,40.4522,-80.2019
N50270,SOUTH SIDE AVE OPP LAPPE LN,Bus,Bus Stop,0.045454545,0.045454545,0.0,40.4702,-79.9967
S47400,WALNUT ST OPP CENTER ST,Bus,Bus Stop,0.045454545,0.0,0.045454545,40.3157,-79.8317
E36450,LINCOLN HWY OPP MCKEE RD,Bus,Bus Stop,0.045454545,0.045454545,0.0,40.373,-79.7927
W23194,SWALLOW HILL RD OPP CHARTIERS VALLEY SCHOOL DRVWY,Bus,Bus Stop,0.045454545,0.045454545,0.0,40.396,-80.0769
N52250,THOMPSON RUN RD AT SANGREE RD,Bus,Bus Stop,0.045454545,0.045454545,0.0,40.5389,-79.9902
E55750,VERONA RD OPP GRAHAM BLVD EXT,Bus,Bus Stop,0.045454545,0.0,0.045454545,40.4633,-79.8658
N51670,SUTTER DR AT THOMPSON RUN RD,Bus,Bus Stop,0.045454545,0.045454545,0.0,40.5434,-79.9935
X70080,BOWER HILL RD OPP UNIVERSAL CYCLOPS,Bus,Bus Stop,0.045454545,0.0,0.045454545,40.362,-80.0947
W21870,STEUBEN ST AT UNION AVE,Bus,Bus Stop,0.025,0.025,0.0,40.439,-80.0625
X00710,BANKSVILLE RD AT #3021,Bus,Bus Stop,0.025,0.0,0.025,40.4015,-80.0425
S30257,LONG RUN RD AT OLD LONG RUN RD FS,Bus,Bus Stop,0.025,0.0,0.025,40.3221,-79.8258
N50660,SPRING GARDEN RD OPP BEECH ST,Bus,Bus Stop,0.025,0.0,0.025,40.4812,-79.9962
N50390,SPRING GARDEN AVE AT LAGER ST,Bus,Bus Stop,0.025,0.025,0.0,40.4642,-79.9859
N08870,BEAVER ST OPP SYCAMORE AVE,Bus,Bus Stop,0.025,0.0,0.025,40.5284,-80.1617
W16850,NOBLESTOWN RD AT #2793,Bus,Bus Stop,0.025,0.025,0.0,40.419,-80.0664
N15523,CONNIE DR OPP MULKERIN DR,Bus,Bus Stop,0.025,0.025,0.0,40.4984,-80.0232
N50420,SPRING GARDEN RD AT BEECH ST,Bus,Bus Stop,0.025,0.025,0.0,40.4813,-79.9963
N18690,EVERGREEN & PEOPLES PLANK RD AT BABCOCK BLVD,Bus,Bus Stop,0.025,0.0,0.025,40.506,-79.991
N47100,SAMPLE RD OPP ARDEN DR,Bus,Bus Stop,0.025,0.025,0.0,40.5738,-79.9928
E12650,CENTER RD AT LORRAINE DR FS,Bus,Bus Stop,0.025,0.025,0.0,40.4546,-79.7602
W04840,CLIFF MINE RD AT OMSLAER STEEL SUPPLIES,Bus,Bus Stop,0.025,0.025,0.0,40.4522,-80.2017
N15500,CONNIE DR AT MERWOOD DR,Bus,Bus Stop,0.025,0.0,0.025,40.4995,-80.0248
N37670,NELSON RUN RD RAMP AT NELSON RUN RD,Bus,Bus Stop,0.025,0.0,0.025,40.4989,-80.0125
N15440,CONNIE DR AT JACKS RUN RD,Bus,Bus Stop,0.025,0.0,0.025,40.4992,-80.0292
E58930,WILLIAM PENN HWY AT JADENS II,Bus,Bus Stop,0.025,0.025,0.0,40.432,-79.7303
E40970,MT CARMEL RD OPP FAYBERN DR,Bus,Bus Stop,0.025,0.0,0.025,40.4663,-79.8748
X12683,OXFORD DR AT THOMAS MORE MANOR,Bus,Bus Stop,0.025,0.025,0.0,40.3434,-80.052
X06730,GILKESON RD AT #223,Bus,Bus Stop,0.025,0.025,0.0,40.3582,-80.0569
N43060,PERRY HWY OPP HANWAY AVE,Bus,Bus Stop,0.025,0.025,0.0,40.5044,-80.0267
N52370,THOMPSON RUN RD OPP SIEBERT RD,Bus,Bus Stop,0.025,0.0,0.025,40.529,-79.9902
E70321,COAL HOLLOW RD AT OLD COAL HOLLOW RD #1,Bus,Bus Stop,0.025,0.025,0.0,40.4665,-79.8469
X04000,CEDAR BLVD OPP DUQUESNE DR,Bus,Bus Stop,0.025,0.0,0.025,40.3798,-80.053
S47450,WALNUT ST OPP LONG RUN RD,Bus,Bus Stop,0.025,0.0,0.025,40.3242,-79.8392
W05670,CRABAPPLE DR AT #4023,Bus,Bus Stop,0.025,0.0,0.025,40.4686,-80.1122
X70081,BOWER HILL RD OPP BEDNER'S FARM MARKET,Bus,Bus Stop,0.025,0.0,0.025,40.3616,-80.0899
E70759,BUTLER ST AT LIVONIA ST,Bus,Bus Stop,0.022727275,0.022727275,0.0,40.4888,-79.936
E70967,JAMES ST AT #1446,Bus,Bus Stop,0.022727275,0.0,0.022727275,40.4212,-79.8062
X04320,CEDAR BLVD OPP #1269,Bus,Bus Stop,0.022727275,0.0,0.022727275,40.3651,-80.062
E32738,JOHNSTON AVE AT NAOMI DR,Bus,Bus Stop,0.022727275,0.0,0.022727275,40.4083,-79.9258
E56295,WASHINGTON BLVD AT ALLEGHENY RIVER BLVD,Bus,Bus Stop,0.022727275,0.022727275,0.0,40.4833,-79.9081
S70267,BROWNSVILLE RD OPP NATIVITY CHURCH,Bus,Bus Stop,0.022727275,0.022727275,0.0,40.329,-79.9873
E08260,BLVD OF ALLIES AT MILTENBERGER ST,Bus,Bus Stop,0.022727275,0.0,0.022727275,40.4359,-79.9814
E70756,BUTLER ST OPP GALLATIN ST,Bus,Bus Stop,0.022727275,0.022727275,0.0,40.4884,-79.9223
E26480,HAMILTON AVE AT ENTERPRISE ST,Bus,Bus Stop,0.022727275,0.0,0.022727275,40.4594,-79.9144
E49622,SALTSBURG RD AT CHAPEL HILL DENTAL BLDG (#7641,Bus,Bus Stop,0.022727275,0.022727275,0.0,40.4751,-79.7753
S35540,ARLINGTON AVE OPP SYCAMORE ST,Bus,Bus Stop,0.022727275,0.0,0.022727275,40.4303,-80.0005
E70392,UNITY TRESTLE RD AT #1010,Bus,Bus Stop,0.022727275,0.0,0.022727275,40.4788,-79.7626
N45660,REMINGTON DR OPP WALDWICK DR,Bus,Bus Stop,0.022727275,0.0,0.022727275,40.5539,-80.0074
W19451,ORCHARD SPRING RD AT #313,Bus,Bus Stop,0.022727275,0.022727275,0.0,40.3936,-80.0685
N52145,THOMPSON RUN RD AT BARNWOOD LN,Bus,Bus Stop,0.022727275,0.022727275,0.0,40.5304,-79.9904
N05410,AMITY DR AT SUTTER RD,Bus,Bus Stop,0.022727275,0.022727275,0.0,40.5435,-79.9926
E10410,BRINTON RD OPP DRIVEWAY,Bus,Bus Stop,0.02272727272727275,0.0,0.02272727272727275,40.4328,-79.8727
S70318,HWY RT 885 AT PAYNE HILL RD FS,Bus,Bus Stop,0.02272727272727275,0.0,0.02272727272727275,40.3101,-79.9155
N19580,FERGUSON RD AT OHIO DR,Bus,Bus Stop,0.02272727272727275,0.02272727272727275,0.0,40.5573,-79.9788
S30255,LONG RUN RD OPP OLD LONG RUN RD NS,Bus,Bus Stop,0.02272727272727275,0.02272727272727275,0.0,40.3219,-79.8261
N20680,FREEPORT RD AT BEACON ST,Bus,Bus Stop,0.02272727272727275,0.02272727272727275,0.0,40.629,-79.7189
E12580,CENTER RD AT FRANKLIN HEIGHTS DR FS,Bus,Bus Stop,0.02272727272727275,0.0,0.02272727272727275,40.4545,-79.7603
N19680,FERGUSON RD OPP OHIO DR,Bus,Bus Stop,0.02272727272727275,0.0,0.02272727272727275,40.5574,-79.9784
N21210,FREEPORT RD AT OLIVE AVE,Bus,Bus Stop,0.02272727272727275,0.0,0.02272727272727275,40.6389,-79.7112
X00510,BANK ST AT #1060,Bus,Bus Stop,0.02272727272727275,0.0,0.02272727272727275,40.3518,-80.1052
S46830,WALNUT ST AT 15TH AVE BRIDGE,Bus,Bus Stop,0.02272727272727275,0.0,0.02272727272727275,40.34,-79.8597
E12880,CENTER RD OPP GATEWAY DR,Bus,Bus Stop,0.02272727272727275,0.0,0.02272727272727275,40.4585,-79.7578
S46820,WALNUT ST AT 14TH AVE FS,Bus,Bus Stop,0.02272727272727275,0.0,0.02272727272727275,40.3412,-79.861
N71291,BAKERSTOWN RD OPP #1 COCHRAN DRVWY,Bus,Bus Stop,0.02272727272727275,0.02272727272727275,0.0,40.6671,-79.7068
X00540,BANK ST OPP CHESTNUT ST,Bus,Bus Stop,0.02272727272727275,0.02272727272727275,0.0,40.3545,-80.1076
S70317,HWY RT 885 AT WRAY DR FS,Bus,Bus Stop,0.02272727272727275,0.02272727272727275,0.0,40.3152,-79.9172
W08820,HERBST RD OPP JENNY LN,Bus,Bus Stop,0.0,0.0,0.0,40.494,-80.1171
E56300,WASHINGTON BLVD AT CYPHERS COMPANY,Bus,Bus Stop,0.0,0.0,0.0,40.4632,-79.9059
E70239,WASHINGTON BLVD AT SILVER LAKE DR,Bus,Bus Stop,0.0,0.0,0.0,40.4622,-79.9056
N45330,PRESIDENTIAL DR OPP MADISON (LEASE OFFICE),Bus,Bus Stop,0.0,0.0,0.0,40.5835,-79.9989
S13380,CONLIN ST AT CAROLINA AVE,Bus,Bus Stop,0.0,0.0,0.0,40.3622,-79.8694
E70432,HULTON RD OPP JEFFERSON ST,Bus,Bus Stop,0.0,0.0,0.0,40.523,-79.8117
W11718,LINDSAY RD OPP #601,Bus,Bus Stop,0.0,0.0,0.0,40.3831,-80.0825
E55000,UNITY TRESTLE RD OPP ASHLAND DR FS,Bus,Bus Stop,0.0,0.0,0.0,40.4864,-79.7716
N18890,EVERGREEN & PEOPLES PLANK RD AT PEOPLE'S TWP RD,Bus,Bus Stop,0.0,0.0,0.0,40.5056,-79.9959
E55080,UNIVERSAL RD AT MAIN ST,Bus,Bus Stop,0.0,0.0,0.0,40.4677,-79.7934
N52195,THOMPSON RUN RD AT EVERGREEN RD,Bus,Bus Stop,0.0,0.0,0.0,40.5115,-79.9937
N51050,SPRINGFIELD DR AT NORTHGATE DR,Bus,Bus Stop,0.0,0.0,0.0,40.5779,-79.9924
N45595,ENNERDALE LN AT #210,Bus,Bus Stop,0.0,0.0,0.0,40.5526,-80.0074
E70344,HULTON RD AT CENTER AVE,Bus,Bus Stop,0.0,0.0,0.0,40.5222,-79.8112
N45310,PRESIDENTIAL DR AT JEFFERSON,Bus,Bus Stop,0.0,0.0,0.0,40.5843,-79.9995
N52330,THOMPSON RUN RD OPP HODIL RD,Bus,Bus Stop,0.0,0.0,0.0,40.5349,-79.9904
E36420,LINCOLN HWY OPP DENNING WAY,Bus,Bus Stop,0.0,0.0,0.0,40.3714,-79.789
N39010,NORTHGATE DR AT #9396,Bus,Bus Stop,0.0,0.0,0.0,40.5764,-79.9906
S70378,STATE ST AT FRANCIS ST,Bus,Bus Stop,0.0,0.0,0.0,40.2968,-79.8747
W11726,LINDSAY RD AT #559,Bus,Bus Stop,0.0,0.0,0.0,40.3822,-80.0844
E70969,JACKS RUN RD AT #3150,Bus,Bus Stop,0.0,0.0,0.0,40.3491,-79.791
N45210,PRESIDENTIAL DR AT BABCOCK BLVD,Bus,Bus Stop,0.0,0.0,0.0,40.5863,-80.0002
X04290,CEDAR BLVD OPP OLD CEDAR BLVD,Bus,Bus Stop,0.0,0.0,0.0,40.3717,-80.0592
N52230,THOMPSON RUN RD AT MILLER RD,Bus,Bus Stop,0.0,0.0,0.0,40.5223,-79.991
N41130,PEEBLES RD AT SAMPLE RD,Bus,Bus Stop,0.0,0.0,0.0,40.5705,-80.0028
N26862,HULTON RD OPP 12TH ST,Bus,Bus Stop,0.0,0.0,0.0,40.5245,-79.8288
E30277,JACKS RUN RD AT #3193,Bus,Bus Stop,0.0,0.0,0.0,40.3522,-79.7894
N25430,HEMLOCK DR AT BABCOCK BLVD,Bus,Bus Stop,0.0,0.0,0.0,40.5872,-79.9991
N45300,PRESIDENTIAL DR OPP JEFFERSON,Bus,Bus Stop,0.0,0.0,0.0,40.5846,-79.9996
N40890,PEEBLES RD OPP PEEBLES SCHOOL DRVWY,Bus,Bus Stop,0.0,0.0,0.0,40.5653,-80.0085
E30550,HWY RT 286 OPP #1610,Bus,Bus Stop,0.0,0.0,0.0,40.4356,-79.714
N05870,ANDERSON ST AT LACOCK ST,Bus,Bus Stop,0.0,0.0,0.0,40.4499,-80.0011
E58260,WILLIAM PENN HWY OPP JADENS II,Bus,Bus Stop,0.0,0.0,0.0,40.4319,-79.7305
E44360,OLD WILLIAM PENN HWY OPP ROTH DR,Bus,Bus Stop,0.0,0.0,0.0,40.4411,-79.7476
N50640,SPRING GARDEN AVE OPP WILLIAMS RD,Bus,Bus Stop,0.0,0.0,0.0,40.4772,-79.9933
N05860,ANDERSON ST AT GENERAL ROBINSON ST,Bus,Bus Stop,0.0,0.0,0.0,40.4491,-80.0008
N40850,PARKER ST OPP #90,Bus,Bus Stop,0.0,0.0,0.0,40.4938,-79.9521
W11728,LINDSAY RD AT #601,Bus,Bus Stop,0.0,0.0,0.0,40.3831,-80.0827
S23095,HOMEVILLE RD OPP DUQUESNE VILLAGE ENTRANCE #1,Bus,Bus Stop,0.0,0.0,0.0,40.3667,-79.8713
N14455,CHAPIN ST AT #354,Bus,Bus Stop,0.0,0.0,0.0,40.4898,-80.0048
E60085,YOST BLVD AT ARDMORE MANOR DR,Bus,Bus Stop,0.0,0.0,0.0,40.4139,-79.8511
S70346,EAST PITTSBURGH-MCKEESPORT BLV AT AULT ST,Bus,Bus Stop,0.0,0.0,0.0,40.3645,-79.8292
N25460,HEMLOCK DR OPP #4424,Bus,Bus Stop,0.0,0.0,0.0,40.5788,-79.9808
S23130,HOMEVILLE RD OPP MUNICIPAL RD,Bus,Bus Stop,0.0,0.0,0.0,40.3736,-79.8737
E32326,JAMES ST OPP SPEELMAN LN FS,Bus,Bus Stop,0.0,0.0,0.0,40.4217,-79.798
N52235,THOMPSON RUN RD AT RADCLIFFE DR,Bus,Bus Stop,0.0,0.0,0.0,40.5173,-79.9938
W11716,LINDSAY RD OPP #509,Bus,Bus Stop,0.0,0.0,0.0,40.3822,-80.0858
N18920,EVERGREEN & PEOPLES PLANK RD AT #4535,Bus,Bus Stop,0.0,0.0,0.0,40.501,-80.0038
N45530,REMINGTON DR AT BALMORAL DR #2,Bus,Bus Stop,0.0,0.0,0.0,40.5551,-80.0075
N15480,CONNIE DR OPP OLD CONNIE DR,Bus,Bus Stop,0.0,0.0,0.0,40.4962,-80.0227
N26856,HULTON RD AT 5TH ST,Bus,Bus Stop,0.0,0.0,0.0,40.525,-79.8384
E70988,BLAIR ST AT ELIZA ST,Bus,Bus Stop,0.0,0.0,0.0,40.4141,-79.9501
N37080,MT TROY RD AT #3467,Bus,Bus Stop,0.0,0.0,0.0,40.4877,-79.992
E70360,MILLTOWN RD OPP HULTON RD,Bus,Bus Stop,0.0,0.0,0.0,40.5059,-79.7931
E44410,OLD WILLIAM PENN HWY OPP #4533,Bus,Bus Stop,0.0,0.0,0.0,40.4429,-79.7563
E70362,HULTON RD AT PENNSYLVANIA AVE,Bus,Bus Stop,0.0,0.0,0.0,40.526,-79.8152
X06800,GILKESON RD OPP #183,Bus,Bus Stop,0.0,0.0,0.0,40.3576,-80.0551
S47150,WALNUT ST AT CP INDUSTRIES,Bus,Bus Stop,0.0,0.0,0.0,40.3357,-79.8516
N26832,HULTON RD AT 5TH ST,Bus,Bus Stop,0.0,0.0,0.0,40.525,-79.8386
E70438,HULTON RD AT LINCOLN AVE,Bus,Bus Stop,0.0,0.0,0.0,40.525,-79.8137
N45240,PRESIDENTIAL DR AT COOLIDGE,Bus,Bus Stop,0.0,0.0,0.0,40.5824,-79.9969
N37300,MT TROY RD OPP MOST HOLY NAME OF JESUS CEMETE,Bus,Bus Stop,0.0,0.0,0.0,40.488,-79.9921
N06450,BABCOCK BLVD AT FAIRFIELD RD,Bus,Bus Stop,0.0,0.0,0.0,40.5642,-80.0191
N29340,LAURELWOOD DR AT #125,Bus,Bus Stop,0.0,0.0,0.0,40.5518,-80.0051
N52340,THOMPSON RUN RD OPP HORIZON DR,Bus,Bus Stop,0.0,0.0,0.0,40.5354,-79.9907
N45160,PREBLE AVE AT ISLAND AVE,Bus,Bus Stop,0.0,0.0,0.0,40.4614,-80.0345
S70576,LONG RUN RD AT MARSHALL DR FS,Bus,Bus Stop,0.0,0.0,0.0,40.3231,-79.8209
N45260,PRESIDENTIAL DR AT HARDING,Bus,Bus Stop,0.0,0.0,0.0,40.5821,-79.9947
N52210,THOMPSON RUN RD AT HORIZON DR,Bus,Bus Stop,0.0,0.0,0.0,40.5355,-79.9906
S70627,HWY RT 885 OPP ANDREW DR,Bus,Bus Stop,0.0,0.0,0.0,40.321,-79.9242
N50540,SPRING GARDEN RD AT #3681,Bus,Bus Stop,0.0,0.0,0.0,40.4853,-79.9965
N45360,PRESIDENTIAL DR AT COOLIDGE,Bus,Bus Stop,0.0,0.0,0.0,40.5824,-79.9969
N47190,SAMPLE RD AT #1848,Bus,Bus Stop,0.0,0.0,0.0,40.5723,-79.9963
N26852,HULTON RD AT THE FAIRWAYS,Bus,Bus Stop,0.0,0.0,0.0,40.5259,-79.8217
S23090,HOMEVILLE RD OPP CASTLE DR #1,Bus,Bus Stop,0.0,0.0,0.0,40.3768,-79.8754
E70876,GREENSBURG PIKE OPP 1ST ST,Bus,Bus Stop,0.0,0.0,0.0,40.4021,-79.8238
N26846,HULTON RD AT 15TH ST,Bus,Bus Stop,0.0,0.0,0.0,40.5256,-79.8231
N05400,AMITY DR AT #213,Bus,Bus Stop,0.0,0.0,0.0,40.5457,-79.9945
X00780,BANKSVILLE RD AT #2857,Bus,Bus Stop,0.0,0.0,0.0,40.4044,-80.0393
N18480,ENNERDALE DR AT LAURELWOOD DR,Bus,Bus Stop,0.0,0.0,0.0,40.5517,-80.006
S70313,HWY RT 885 AT SPARTZ DR,Bus,Bus Stop,0.0,0.0,0.0,40.3281,-79.9317
N26834,HULTON RD AT 7TH ST,Bus,Bus Stop,0.0,0.0,0.0,40.5243,-79.8359
N26840,HULTON RD AT 11TH ST,Bus,Bus Stop,0.0,0.0,0.0,40.5241,-79.8304
N51070,SPRINGFIELD DR OPP SHADY OAK DR,Bus,Bus Stop,0.0,0.0,0.0,40.5795,-79.9939
N50730,SPRING GARDEN RD OPP #3681,Bus,Bus Stop,0.0,0.0,0.0,40.4854,-79.9966
N15522,CONNIE DR OPP MERWOOD DR,Bus,Bus Stop,0.0,0.0,0.0,40.4994,-80.0246
X70082,BOWER HILL RD AT BEDNER'S FARM MARKET,Bus,Bus Stop,0.0,0.0,0.0,40.3616,-80.09
E56370,WASHINGTON BLVD AT LIBERTY WELDING,Bus,Bus Stop,0.0,0.0,0.0,40.4669,-79.9086
N39000,NORTHGATE DR AT #9396,Bus,Bus Stop,0.0,0.0,0.0,40.5767,-79.9907
N51080,SPRINGFIELD DR AT SHADY OAK DR,Bus,Bus Stop,0.0,0.0,0.0,40.5795,-79.9937
N26842,HULTON RD AT 12TH ST,Bus,Bus Stop,0.0,0.0,0.0,40.5243,-79.829
N18930,EVERGREEN & PEOPLES PLANK RD AT #4534,Bus,Bus Stop,0.0,0.0,0.0,40.5009,-80.0037
N71290,BAKERSTOWN RD AT #1 COCHRAN DRVWY FS,Bus,Bus Stop,0.0,0.0,0.0,40.667,-79.7065
N70177,FOX CHAPEL RD OPP N MARGERY DR,Bus,Bus Stop,0.0,0.0,0.0,40.4918,-79.8817
X12687,OXFORD DR OPP VILLAGE SQUARE UPPER ENTRANCE,Bus,Bus Stop,0.0,0.0,0.0,40.3479,-80.0496
N26836,HULTON RD AT 9TH ST,Bus,Bus Stop,0.0,0.0,0.0,40.5237,-79.8332
E38160,MAIN ST AT #2344,Bus,Bus Stop,0.0,0.0,0.0,40.4696,-79.7901
E30045,MILLTOWN RD AT HULTON RD,Bus,Bus Stop,0.0,0.0,0.0,40.506,-79.7932
N25441,HEMLOCK DR AT #4424,Bus,Bus Stop,0.0,0.0,0.0,40.5789,-79.9807
N52380,THOMPSON RUN RD OPP RADCLIFFE DR,Bus,Bus Stop,0.0,0.0,0.0,40.5175,-79.9935
X08115,HIGHLAND RD AT WASHINGTON RD FS,Bus,Bus Stop,0.0,0.0,0.0,40.3482,-80.0518
N45280,PRESIDENTIAL DR OPP JACKSON,Bus,Bus Stop,0.0,0.0,0.0,40.5833,-79.9984
N52360,THOMPSON RUN RD OPP #218,Bus,Bus Stop,0.0,0.0,0.0,40.5198,-79.9919
N21770,FREEPORT RD AT ROSS ST,Bus,Bus Stop,0.0,0.0,0.0,40.6278,-79.7193
N50370,SPRING GARDEN RD AT FIRE HOUSE (#3367),Bus,Bus Stop,0.0,0.0,0.0,40.4804,-79.9959
W70130,HWY RT 51 AT STANFORD CT,Bus,Bus Stop,0.0,0.0,0.0,40.4953,-80.1112
E08330,BLVD OF ALLIES AT VAN BRAAM ST,Bus,Bus Stop,0.0,0.0,0.0,40.4357,-79.9827
X00700,BANKSVILLE RD AT #1593,Bus,Bus Stop,0.0,0.0,0.0,40.411,-80.0311
N71310,PRESIDENTIAL DR AT BABCOCK BLVD FS,Bus,Bus Stop,0.0,0.0,0.0,40.5865,-80.0004
E43780,OLD WILLIAM PENN HWY AT ROTH DR,Bus,Bus Stop,0.0,0.0,0.0,40.4411,-79.7478
N05890,ANDERSON ST AT ISABELLA ST,Bus,Bus Stop,0.0,0.0,0.0,40.4483,-80.0007
N52350,THOMPSON RUN RD AT #218,Bus,Bus Stop,0.0,0.0,0.0,40.5199,-79.992
S70570,WORTON BLVD AT HOMESTEAD DUQUESNE RD,Bus,Bus Stop,0.0,0.0,0.0,40.3645,-79.8698
N06430,BABCOCK BLVD AT EVERGREEN & PEOPLES PLANK RD,Bus,Bus Stop,0.0,0.0,0.0,40.5062,-79.9904
E70363,MILLTOWN RD AT LEECHBURG RD,Bus,Bus Stop,0.0,0.0,0.0,40.4946,-79.7886
E70361,HULTON RD AT FRANKLAND AVE,Bus,Bus Stop,0.0,0.0,0.0,40.5221,-79.8109
N26844,HULTON RD AT 13TH ST,Bus,Bus Stop,0.0,0.0,0.0,40.5247,-79.8271
E36350,LINCOLN HWY AT SANTOS ST FS,Bus,Bus Stop,0.0,0.0,0.0,40.3814,-79.8136
N45620,REMINGTON DR AT WALDWICK DR,Bus,Bus Stop,0.0,0.0,0.0,40.5541,-80.0075
E10620,BROADWAY BLVD AT MAWCO DR,Bus,Bus Stop,0.0,0.0,0.0,40.3984,-79.7888
N45386,RAMAGE RD AT SPRING GARDEN RD,Bus,Bus Stop,0.0,0.0,0.0,40.4925,-79.9964
N10060,BRANCHPORT ST AT PREBLE AVE,Bus,Bus Stop,0.0,0.0,0.0,40.4588,-80.0334
S70350,EAST PITTSBURGH-MCKEESPORT BLV AT PINE PL,Bus,Bus Stop,0.0,0.0,0.0,40.378,-79.8279
S70389,HWY RT 885 AT HAMPTON RD,Bus,Bus Stop,0.0,0.0,0.0,40.3275,-79.9311
S70575,LONG RUN RD OPP MARSHALL DR,Bus,Bus Stop,0.0,0.0,0.0,40.323,-79.8209
N26838,HULTON RD AT 10TH ST,Bus,Bus Stop,0.0,0.0,0.0,40.5239,-79.8318
E50362,SALTSBURG RD OPP CHAPEL HILL DENTAL BLDG (#7641,Bus,Bus Stop,0.0,0.0,0.0,40.4751,-79.7762
N45220,PRESIDENTIAL DR OPP CLEVELAND,Bus,Bus Stop,0.0,0.0,0.0,40.5819,-79.9938
N26858,HULTON RD OPP 9TH ST,Bus,Bus Stop,0.0,0.0,0.0,40.5238,-79.8329
N71182,FOX CHAPEL RD AT PARK ENTRANCE (BASEBALL FIELD),Bus,Bus Stop,0.0,0.0,0.0,40.4969,-79.8825
E26620,HAMILTON AVE AT PUTNAM ST,Bus,Bus Stop,0.0,0.0,0.0,40.4588,-79.913
N52270,THOMPSON RUN RD AT SUNNYHILL DR,Bus,Bus Stop,0.0,0.0,0.0,40.5241,-79.9889
N22160,FREEPORT RD OPP AUTO PARTS STORE,Bus,Bus Stop,0.0,0.0,0.0,40.6302,-79.7177
N26864,HULTON RD OPP 13TH ST,Bus,Bus Stop,0.0,0.0,0.0,40.5248,-79.827
N05390,AMITY DR AT #212,Bus,Bus Stop,0.0,0.0,0.0,40.5459,-79.9945
E43840,OLD WILLIAM PENN HWY AT #4533,Bus,Bus Stop,0.0,0.0,0.0,40.4429,-79.7562
N45230,PRESIDENTIAL DR AT CLEVELAND,Bus,Bus Stop,0.0,0.0,0.0,40.5819,-79.9937
N47160,SAMPLE RD AT PEEBLES RD,Bus,Bus Stop,0.0,0.0,0.0,40.5706,-80.0024
E70437,HULTON RD AT JEFFERSON ST,Bus,Bus Stop,0.0,0.0,0.0,40.5231,-79.8117
N18870,EVERGREEN & PEOPLES PLANK RD AT NELSON RUN RD,Bus,Bus Stop,0.0,0.0,0.0,40.5057,-79.9951
X06760,GILKESON RD AT WASHINGTON RD,Bus,Bus Stop,0.0,0.0,0.0,40.3551,-80.0505
E55136,UNIVERSAL RD OPP #1048,Bus,Bus Stop,0.0,0.0,0.0,40.4604,-79.8072
N21390,FREEPORT RD AT LILAC ST FS,Bus,Bus Stop,0.0,0.0,0.0,40.6283,-79.7196
W19920,PITCHFORK LN AT CLEVER RD,Bus,Bus Stop,0.0,0.0,0.0,40.4652,-80.1093
E51560,SHADY AVE OPP HOBART ST,Bus,Bus Stop,0.0,0.0,0.0,40.4343,-79.9187
E55090,UNIVERSAL RD AT #1048,Bus,Bus Stop,0.0,0.0,0.0,40.4603,-79.8069
E36190,LINCOLN HWY AT DENNING WAY,Bus,Bus Stop,0.0,0.0,0.0,40.3714,-79.7892
E26831,HULTON RD AT COXCOMB HILL RD,Bus,Bus Stop,0.0,0.0,0.0,40.527,-79.8167
N52260,THOMPSON RUN RD AT SIEBERT RD,Bus,Bus Stop,0.0,0.0,0.0,40.5292,-79.9904
S23030,HOMEVILLE RD AT MUNICIPAL RD,Bus,Bus Stop,0.0,0.0,0.0,40.3738,-79.8739
N29300,LAURELWOOD DR AT CHARTERWOOD DR,Bus,Bus Stop,0.0,0.0,0.0,40.5524,-80.0014
W11723,LINDSAY RD AT #509,Bus,Bus Stop,0.0,0.0,0.0,40.3821,-80.0857
N50550,SPRING GARDEN RD AT #3851,Bus,Bus Stop,0.0,0.0,0.0,40.4877,-79.9972
N18820,EVERGREEN & PEOPLES PLANK RD AT IVORY AVE NS,Bus,Bus Stop,0.0,0.0,0.0,40.4963,-80.0079
E25767,GREENSBURG PIKE OPP BOWLING ALLEY,Bus,Bus Stop,0.0,0.0,0.0,40.3837,-79.8192
N25450,HEMLOCK DR AT NORTH PARK POOL (PARK AND RIDE,Bus,Bus Stop,0.0,0.0,0.0,40.5867,-79.9963
S70357,EAST PITTSBURGH-MCKEESPORT BLV OPP AULT ST,Bus,Bus Stop,0.0,0.0,0.0,40.3645,-79.8293
N50740,SPRING GARDEN RD OPP #3851,Bus,Bus Stop,0.0,0.0,0.0,40.4877,-79.9973
E10705,BROADWAY BLVD OPP MAWCO DR,Bus,Bus Stop,0.0,0.0,0.0,40.3983,-79.7889
S70573,HORNING RD AT #5621,Bus,Bus Stop,0.0,0.0,0.0,40.333,-79.989
S23100,HOMEVILLE RD OPP CASTLE DR #2,Bus,Bus Stop,0.0,0.0,0.0,40.3813,-79.8772
E30510,HWY RT 286 OPP DAY CHEVROLET,Bus,Bus Stop,0.0,0.0,0.0,40.4315,-79.7171
N25456,HEMLOCK DR AT SAMPLE RD FS,Bus,Bus Stop,0.0,0.0,0.0,40.5764,-79.979
