stop_id,avg_ons,avg_offs,stop_name,lat,lon,direction,mode,net_flow,total_usage,flow_type,on_off_ratio
E12790,0.38636365,0.99772725,CENTER RD AT WIMBLEDON DR FS,40.4671,-79.7571,Outbound,Bus,-0.6113636,1.3840909,Attractor,0.38724375825156626
S09520,5.7863635,0.19318180000000001,BROWNSVILLE RD OPP MCANULTY RD,40.3552,-79.9905,Inbound,Bus,5.593181700000001,5.9795453,Generator,29.95294328968878
E70039,6.0136365000000005,2.8386365,FRANKSTOWN RD OPP RITZLAND RD FS,40.4622,-79.841,Inbound,Bus,3.1750000000000007,8.852273,Generator,2.1184947421059372
S08860,151.7659,72.602273,BROWNSVILLE RD OPP MATTHEWS AVE,40.4134,-79.9887,Inbound,Bus,79.16362699999999,224.36817299999998,Generator,2.0903739473831626
W10670,10.984091,10.459091,JEFFERS ST AT #1330,40.453,-80.0656,Both,Bus,0.5249999999999986,21.443182,Generator,1.050195566708426
N31510,27.720455,25.486365,MAIN ST AT 6TH ST,40.4947,-79.9357,Inbound,Bus,2.234090000000002,53.20682,Generator,1.0876582439276845
N41325,1.5659091,47.088635,PENFORT ST AT #174,40.4744,-80.0024,Outbound,Bus,-45.5227259,48.654544099999995,Attractor,0.03325450185591492
S70192,0.09318180000000001,0.3590909,HOFFMAN BLVD OPP CLONMEL ST NS,40.3829,-79.8668,Both,Bus,-0.2659091,0.45227269999999997,Attractor,0.2594936268226235
E55498,16.347725,17.402275,GIANT EAGLE (VERONA RD) AT ENTRANCE,40.4623,-79.865,Both,Bus,-1.054549999999999,33.75,Attractor,0.9394016012274258
E39600,5.26590915,19.295453775000002,MONONGAHELA AVE AT SCHLEY AVE,40.4208,-79.8898,Outbound,Bus,-14.029544625000003,24.561362925,Attractor,0.27290931902429433
S70562,10.802272649999999,13.09545412,CENTURY DR OPP GABRIEL BROTHERS,40.3433,-79.9426,Both,Bus,-2.2931814700000004,23.89772677,Attractor,0.8248872128460406
N35640,0.8909091,23.7931795,MT PLEASANT RD AT #415,40.4799,-80.0016,Outbound,Bus,-22.9022704,24.684088600000003,Attractor,0.03744388596740507
E70293,11.493182000000001,73.738635,TERRACE ST AT SUTHERLAND DR,40.4429,-79.962,Inbound,Bus,-62.245453,85.231817,Attractor,0.1558637748040766
N10490,1.9249999999999998,25.834089,BRIGHTON RD AT KLEBER ST,40.487,-80.0372,Outbound,Bus,-23.909088999999998,27.759089,Attractor,0.07451394937905494
S16120,54.965905,22.0681815,E CARSON ST AT S 14TH ST,40.4288,-79.9839,Inbound,Bus,32.8977235,77.0340865,Generator,2.4907310554791295
N71276,0.0,1.4318182,BETA DR AT EMERSON PROCESS MGMT,40.4992,-79.8633,Both,Bus,-1.4318182,1.4318182,Attractor,0.0
N71331,0.025,1.995454545454545,CHURCH AVE AT PERRYSVILLE AVE,40.5103,-80.0869,Outbound,Bus,-1.970454545454545,2.020454545454545,Attractor,0.012528473804100233
E41840,2.1727273499999997,49.98636,NEGLEY AVE AT HAYS ST,40.4696,-79.9271,Outbound,Bus,-47.813632649999995,52.15908735,Attractor,0.043466404635184475
W03450,9.915909,3.0272725,CHARTIERS AVE AT HOOVER ST,40.4534,-80.0622,Inbound,Bus,6.888636499999999,12.9431815,Generator,3.2755257414058363
W03610,0.58636365,2.3204545,CHARTIERS AVE AT NITTANY ST,40.4475,-80.044,Outbound,Bus,-1.7340908499999999,2.90681815,Attractor,0.2526934486325847
S00010,14.17272727272725,2.9681818181818196,10TH AVE AT ANN ST,40.4064,-79.9081,Inbound,Bus,11.204545454545432,17.14090909090907,Generator,4.774885145482379
E05520,16.04772765,34.9159115,BEATTY ST AT PENN AVE NS,40.4616,-79.9271,Both,Bus,-18.86818385,50.96363915,Attractor,0.45961073220156373
S47730,2.8613635000000004,1.75909095,PALM GARDEN RAMP AT WARRINGTON AVE,40.4169,-80.0113,Outbound,Bus,1.1022725500000004,4.62045445,Generator,1.6266148717324709
E04410,17.979545454545455,0.5227272727272729,ARDMORE BLVD OPP BEVINGTON RD,40.427,-79.8628,Inbound,Bus,17.456818181818182,18.50227272727273,Generator,34.395652173913035
E19890,67.27499499999999,109.15227499999999,FORBES AVE OPP MARGARET MORRISON ST,40.4426,-79.9375,Inbound,Bus,-41.87728,176.42726999999996,Attractor,0.6163407496545537
E18270,10.870455,21.16818,ELLA ST AT FRIENDSHIP AVE FS,40.4645,-79.9506,Inbound,Bus,-10.297725,32.038635,Attractor,0.5135280879130847
N41320,19.0681835,2.1545457,PENFORT ST AT #173,40.4744,-80.0024,Inbound,Bus,16.9136378,21.2227292,Generator,8.850210742802997
N22130,0.24545454545454543,2.0113636363636367,FREEPORT RD OPP 3RD ST,40.5769,-79.7783,Outbound,Bus,-1.7659090909090913,2.2568181818181823,Attractor,0.12203389830508471
N08410,2.7227275,0.33636365,BEAVER ST AT LOGAN ST FS,40.538,-80.1783,Inbound,Bus,2.38636385,3.05909115,Generator,8.094594942111016
W24310,0.09545454545454546,8.131818181818184,WASHINGTON AVE AT MURRAY ST,40.3603,-80.1115,Outbound,Bus,-8.036363636363639,8.22727272727273,Attractor,0.011738401341531578
S70534,3.0022725,7.5272725000000005,CHURCHVIEW AVE AT SANKEY AVE,40.3854,-79.9766,Outbound,Bus,-4.525,10.529545,Attractor,0.3988526388542463
W70030,0.345454545,3.75,SUMMIT PARK DR OPP CHAUVET DR #1,40.448,-80.181,Outbound,Bus,-3.404545455,4.095454545,Attractor,0.092121212
W20960,3.6522724999999996,7.9954545,S MAIN ST AT SANCTUS ST,40.4417,-80.0328,Outbound,Bus,-4.3431820000000005,11.647727,Attractor,0.4567936069175304
W07585,156.89090909090908,107.62727272727275,CRAFTON INGRAM SC AT GIANT EAGLE,40.4408,-80.0718,Both,Bus,49.26363636363632,264.5181818181818,Generator,1.4577244699721255
E44950,4.9454545,0.85454545,PARK HILL DR AT #2501,40.4563,-79.8734,Outbound,Bus,4.0909090500000005,5.79999995,Generator,5.7872340201448615
N71275,0.30681820000000004,50.4568159,BETA DR AT ALPHA DR FS,40.4959,-79.8673,Both,Bus,-50.1499977,50.763634100000004,Attractor,0.0060808078061858045
N28570,0.71363635,0.0681818,JACKS RUN RD OPP YORK DR,40.4999,-80.0315,Inbound,Bus,0.6454545500000001,0.78181815,Generator,10.466669257778468
X20280,1.05227275,5.5045455,WEST LIBERTY AVE OPP BELLE ISLE AVE,40.4003,-80.0237,Outbound,Bus,-4.45227275,6.55681825,Attractor,0.19116432955273055
S10470,0.41818182,1.8681816500000001,BUTTERMILK HOLLOW RD AT REMNANT WORLD,40.3553,-79.9129,Outbound,Bus,-1.44999983,2.28636347,Attractor,0.22384430336311245
E41990,1.1545455,43.18409,NEGLEY AVE AT WELLESLEY AVE NS,40.4741,-79.9251,Outbound,Bus,-42.0295445,44.338635499999995,Attractor,0.026735436592504325
E26440,7.922727500000001,3.8522724999999998,HAMILTON AVE AT COLLIER ST,40.4536,-79.8928,Inbound,Bus,4.070455000000001,11.775,Generator,2.05663734847418
E13385,238.9,160.045455,CENTRE AVE AT DINWIDDIE ST,40.4432,-79.9807,Outbound,Bus,78.854545,398.94545500000004,Generator,1.492700932994317
E70322,4.2545455,0.047727275,COAL HOLLOW RD OPP CLIFF DR,40.4636,-79.8448,Inbound,Bus,4.206818225,4.302272775,Generator,89.14285385034029
E10920,84.9340945,49.554545,BROWNS HILL RD AT PARKVIEW BLVD FS,40.4141,-79.923,Inbound,Bus,35.3795495,134.4886395,Generator,1.7139516567047484
E32222,7.0886365,0.91363635,IMOGENE RD AT BROWNS HILL RD FS,40.4153,-79.925,Inbound,Bus,6.17500015,8.00227285,Generator,7.758706732717016
E49622,0.022727275,0.0,SALTSBURG RD AT CHAPEL HILL DENTAL BLDG (#7641,40.4751,-79.7753,Inbound,Bus,0.022727275,0.022727275,Generator,
N31500,10.118182000000001,30.5204525,MAIN ST AT 62ND ST BRIDGE FS,40.4955,-79.9389,Outbound,Bus,-20.4022705,40.6386345,Attractor,0.3315213626010296
E40110,2.75,0.49545454545454554,MONROEVILLE BLVD OPP JAMISON LN,40.4274,-79.7882,Inbound,Bus,2.2545454545454544,3.2454545454545456,Generator,5.55045871559633
X18580,2.1295455,0.5909091,VANADIUM DR AT VOLUNTEER FIRE COMPANY,40.3746,-80.093,Inbound,Bus,1.5386364,2.7204546,Generator,3.6038461753254434
P00490,56.363636,170.622729,FIFTH AVE AT GRANT ST NS,40.4392,-79.9962,Inbound,Bus,-114.259093,226.98636499999998,Attractor,0.33034072500387685
X19920,8.097727500000001,0.67272725,WEST LIBERTY AVE AT BELLE ISLE AVE,40.4001,-80.0238,Inbound,Bus,7.425000250000001,8.77045475,Generator,12.03716290666091
S48572,0.15,4.234091,WEYMAN RD AT MCROBERTS RD,40.3704,-79.9977,Outbound,Bus,-4.084091,4.384091000000001,Attractor,0.03542673031826666
N43430,6.8,84.638635,PERRYSVILLE AVE AT EAST ST,40.4893,-80.0182,Outbound,Bus,-77.838635,91.43863499999999,Attractor,0.08034156032880256
X03290,0.87954545,15.33182,BROOKLINE BLVD OPP BIRCHLAND ST,40.3923,-80.0095,Both,Bus,-14.45227455,16.21136545,Attractor,0.05736732168783614
S11460,2.181818,19.136364999999998,CHARLES ST AT KNOX AVE,40.4166,-79.9908,Outbound,Bus,-16.954546999999998,21.318182999999998,Attractor,0.11401423415575529
E34780,1.1954544999999999,1.5727275,LEMINGTON AVE OPP PAULSON AVE,40.47,-79.897,Inbound,Bus,-0.3772730000000002,2.768182,Attractor,0.7601154681914062
S02210,1.220454545454545,2.00909090909091,5TH ST AT KENNEDY AVE,40.3712,-79.8496,Inbound,Bus,-0.7886363636363651,3.2295454545454554,Attractor,0.6074660633484158
E17540,10.286363636363635,0.897727272727275,EDGEWOOD AVE AT GORDON ST,40.4288,-79.8845,Inbound,Bus,9.38863636363636,11.18409090909091,Generator,11.458227848101235
W07890,1.06363635,18.236365,GRAND AVE AT PITTSBURGH RECYCLING CENTER,40.5088,-80.1168,Outbound,Bus,-17.17272865,19.30000135,Attractor,0.05832501981617499
N08490,1.297727272727275,0.093181818181818,BEAVER ST AT OSBORNE LN,40.5331,-80.1721,Inbound,Bus,1.204545454545457,1.390909090909093,Generator,13.926829268292735
S39940,3.4204545,0.07272727500000001,PROVOST RD AT BRIGHTVIEW DR,40.3647,-79.9921,Inbound,Bus,3.347727225,3.493181775,Generator,47.031247905273496
E11700,7.36818205,33.66818000000001,BUTLER ST AT 44TH ST,40.4713,-79.9598,Outbound,Bus,-26.299997950000005,41.03636205000001,Attractor,0.21884705529078194
S24100,11.1454545,5.3795455,HWY RT 51 AT SOUTH MALL ENTRANCE DR,40.3352,-79.9469,Both,Bus,5.765909,16.525,Generator,2.071820844344564
E19370,6.7045455,31.179544999999997,FORBES AVE AT DENNISTON ST,40.438,-79.9181,Outbound,Bus,-24.474999499999996,37.8840905,Attractor,0.21503025461083541
E19430,3.506818,40.80682,FORBES AVE AT EAST END AVE,40.4397,-79.8967,Outbound,Bus,-37.300002,44.313638000000005,Attractor,0.08593705659985267
S70437,0.997727272727275,0.6977272727272725,CUSTER AVE AT JOSEPH ST,40.3945,-79.9702,Inbound,Bus,0.3000000000000025,1.6954545454545475,Generator,1.4299674267101015
P00660,19.88636395,49.075,FIFTH AVE OPP DIAMOND ST,40.4389,-79.9925,Inbound,Bus,-29.188636050000003,68.96136395,Attractor,0.40522392154865
E30385,0.025,1.893182,HWY RT 286 AT KANE RD (YMCA),40.4578,-79.7085,Outbound,Bus,-1.868182,1.9181819999999998,Attractor,0.013205280844630893
E70282,13.709091,42.393181999999996,CENTRE AVE AT WHOLE FOODS,40.459,-79.9281,Outbound,Bus,-28.684090999999995,56.102273,Attractor,0.3233796179772493
N33675,9.08409090909091,0.8772727272727275,MERCHANT ST OPP VALLEY RD,40.5799,-80.2216,Inbound,Bus,8.206818181818184,9.961363636363638,Generator,10.354922279792746
E59630,7.956818,2.095454625,WOODSTOCK AVE AT MELROSE ST,40.4171,-79.8808,Inbound,Bus,5.861363375,10.052272625,Generator,3.7971798124714824
N28130,0.09318180000000001,2.790909,IVORY AVE AT EVERGREEN & PEOPLES PLANK RD,40.4961,-80.0076,Outbound,Bus,-2.6977272,2.8840908,Attractor,0.033387616722723674
S70458,6.7681817749999995,1.0818184,CAMP HOLLOW RD AT LIVINGSTON RD FS,40.3466,-79.9262,Both,Bus,5.686363374999999,7.850000175,Generator,6.256301219317401
E70280,0.5318181500000001,1.22272725,UNITY TRESTLE RD AT SALTSBURG RD,40.4776,-79.7595,Both,Bus,-0.6909090999999998,1.7545454,Attractor,0.43494421998037597
E04670,4.0090905,0.822727275,BAKER ST AT GALLATIN ST,40.4875,-79.9217,Inbound,Bus,3.186363225,4.831817775,Generator,4.872927666096885
N12440,1.8863636363636374,3.2090909090909108,BUTLER ST AT ISABELLA ST,40.4943,-79.9466,Outbound,Bus,-1.3227272727272734,5.095454545454548,Attractor,0.5878186968838527
E52430,1.740909,1.3363635,SOUTH AVE AT MULBERRY ST,40.4416,-79.8843,Outbound,Bus,0.4045455,3.0772725000000003,Generator,1.3027211533388932
E46090,2.60454525,34.613635,PENN AVE AT HOMEWOOD AVE,40.4492,-79.9015,Outbound,Bus,-32.00908975,37.21818025,Attractor,0.07524622161180125
E70020,12.002275000000001,19.811365000000002,CENTRE AVE AT DITHRIDGE ST,40.4514,-79.9534,Outbound,Bus,-7.809090000000001,31.813640000000003,Attractor,0.6058277660322748
E55410,3.2545455,0.27954545,VERONA RD AT ARTHUR DR,40.485,-79.8374,Inbound,Bus,2.97500005,3.53409095,Generator,11.642276774671167
S70432,0.047727275,13.275000200000001,LEBANON RD OPP SOUTH HILLS INDUSTRIAL PARK,40.3596,-79.9337,Outbound,Bus,-13.227272925000001,13.322727475,Attractor,0.0035952748987529205
E29980,0.7227272499999999,3.9045455000000002,HOMEWOOD AVE AT THOMAS BLVD,40.4509,-79.9001,Inbound,Bus,-3.18181825,4.62727275,Attractor,0.1850989442945408
S24285,0.4772727272727275,0.6454545454545455,HWY RT 51 OPP BLUE FLAME,40.3048,-79.9335,Inbound,Bus,-0.168181818181818,1.122727272727273,Attractor,0.7394366197183102
E70761,0.07272727500000001,0.0,BUTLER ST AT GALLATIN ST,40.4882,-79.9217,Inbound,Bus,0.07272727500000001,0.07272727500000001,Generator,
S01290,74.63863636363637,13.952272727272712,2ND ST AT GRANT AVE,40.373,-79.8469,Inbound,Bus,60.68636363636365,88.59090909090908,Generator,5.349568333604828
S16570,358.506825,50.9863615,E CARSON ST AT STATION SQUARE STATION,40.4318,-80.0035,Outbound,Bus,307.5204635,409.4931865,Generator,7.03142594319071
S23025,0.05,1.6,HOMEVILLE RD AT DUQUESNE VILLAGE ENTRANCE #1,40.3669,-79.8716,Outbound,Bus,-1.55,1.6500000000000001,Attractor,0.03125
E41770,15.08182,20.84318,NEGLEY AVE AT ELLSWORTH AVE,40.4547,-79.9325,Inbound,Bus,-5.76136,35.925,Attractor,0.7235853646132692
E70777,6.4386365,3.2272724999999998,BEDFORD AVE AT HERRON AVE FS,40.453,-79.9659,Inbound,Bus,3.2113640000000006,9.665909,Generator,1.9950706052866627
N41790,1.64545455,15.2454532,PENNSYLVANIA AVE AT SEDGEWICK ST,40.4548,-80.0222,Outbound,Bus,-13.59999865,16.89090775,Attractor,0.1079308386844151
N39000,0.0,0.0,NORTHGATE DR AT #9396,40.5767,-79.9907,Inbound,Bus,0.0,0.0,Balanced,
S70627,0.0,0.0,HWY RT 885 OPP ANDREW DR,40.321,-79.9242,Outbound,Bus,0.0,0.0,Balanced,
N14815,0.07045454500000001,0.0,CHARTERWOOD DR AT MCINTYRE RD,40.5518,-80.0008,Inbound,Bus,0.07045454500000001,0.07045454500000001,Generator,
E53030,0.18636365,0.022727275,STANTON AVE OPP KEYSTONE ST,40.4773,-79.954,Inbound,Bus,0.163636375,0.20909092499999998,Generator,8.19999978000002
P02670,283.78408725,157.5931818,LIBERTY AVE OPP SMITHFIELD ST,40.4434,-79.9965,Both,Bus,126.19090545000003,441.37726905,Generator,1.8007383568798534
S70640,4.447727272727275,4.597727272727274,KENNEDY AVE AT AURILES ST,40.3703,-79.8527,Both,Bus,-0.14999999999999947,9.04545454545455,Attractor,0.9673751853682651
N08620,1.0227272727272751,10.693181818181799,BEAVER ST AT #306,40.5678,-80.2115,Outbound,Bus,-9.670454545454524,11.715909090909074,Attractor,0.09564293304994727
E01470,22.806816045,217.415906,FIFTH AVE AT NEGLEY AVE,40.4497,-79.9298,Both,Bus,-194.609089955,240.222722045,Attractor,0.1048994825843147
E70013,6.615909,3.9795455,BAUM BLVD AT AIKEN AVE,40.4571,-79.9383,Inbound,Bus,2.6363635000000003,10.5954545,Generator,1.6624785418334833
E03030,11.1590905,21.92499995,PENN AVE AT GRANT ST,40.4047,-79.8256,Inbound,Bus,-10.76590945,33.08409045,Attractor,0.5089665005905736
W25940,0.959090895,0.06818182,W CARSON ST AT SAGINAW ST,40.4611,-80.0497,Inbound,Bus,0.8909090749999999,1.027272715,Generator,14.066666084888903
E20990,0.1909091,0.775,FRANKSTOWN RD AT DUFFIELD AVE,40.4613,-79.848,Outbound,Bus,-0.5840909000000001,0.9659091,Attractor,0.24633432258064517
S35234,1.795454545,10.495454500000001,MOUNTAINVIEW DR OPP HOME DEPOT,40.3422,-79.9539,Inbound,Bus,-8.699999955000001,12.290909045000001,Attractor,0.17106972785218588
E70756,0.022727275,0.0,BUTLER ST OPP GALLATIN ST,40.4884,-79.9223,Outbound,Bus,0.022727275,0.022727275,Generator,
W70106,0.409090909090909,1.302272727272725,CRENNELL AVE AT BROADHEAD AVE FS,40.4369,-80.0691,Inbound,Bus,-0.8931818181818161,1.711363636363634,Attractor,0.31413612565445076
N45520,0.090909090909091,0.0,REMINGTON DR AT BALMORAL DR #1,40.5584,-80.0088,Inbound,Bus,0.090909090909091,0.090909090909091,Generator,
N70105,0.05,0.17045454545454544,FREEPORT RD AT OAK MANOR DR,40.6507,-79.7084,Outbound,Bus,-0.12045454545454544,0.22045454545454546,Attractor,0.2933333333333334
E12410,0.075,0.047727275,CALMAR DR AT MT CARMEL RD FS,40.4673,-79.8734,Outbound,Bus,0.027272724999999998,0.122727275,Generator,1.571428496598643
E36310,0.045454545,0.2340909,LINCOLN HWY AT MCKEE RD,40.3731,-79.7931,Outbound,Bus,-0.18863635499999998,0.279545445,Attractor,0.1941747628805733
E50560,0.0,0.979545475,SALTSBURG RD OPP REGENCY DR,40.4753,-79.771,Outbound,Bus,-0.979545475,0.979545475,Attractor,0.0
W13520,0.3272727272727275,0.04772727272727275,MCCOY RD OPP WARBLER DR,40.4804,-80.091,Inbound,Bus,0.27954545454545476,0.3750000000000002,Generator,6.8571428571428585
X03990,0.33863635000000003,0.52727275,CEDAR BLVD AT CARNEGIE DR,40.38,-80.053,Outbound,Bus,-0.18863639999999993,0.8659091,Attractor,0.6422413257654602
N71207,13.031818181818199,2.9181818181818198,BALPH AVE AT ORCHARD AVE,40.4992,-80.0531,Inbound,Bus,10.11363636363638,15.950000000000019,Generator,4.465732087227418
W20190,2.0477272727272715,7.695454545454545,E RAILROAD ST AT 4TH ST,40.3891,-80.0889,Outbound,Bus,-5.647727272727273,9.743181818181817,Attractor,0.266095688127584
W23093,3.1113635000000004,21.79318,SUMMIT PARK DR AT ANDREW DR,40.45,-80.1761,Outbound,Bus,-18.6818165,24.9045435,Attractor,0.14276776037274047
S14745,2.07727272727273,5.438636363636365,DUQUESNE BLVD AT OAKMONT AVE,40.3809,-79.8554,Both,Bus,-3.3613636363636354,7.515909090909095,Attractor,0.38194734642707934
N28100,2.2772725,0.1681818,ITIN ST OPP HIGH ST,40.4598,-79.9947,Inbound,Bus,2.1090907,2.4454543,Generator,13.540540653031423
E70397,10.429545000000001,2.6022724999999998,MOSSFIELD ST AT FERN ST,40.4713,-79.9336,Inbound,Bus,7.827272500000001,13.0318175,Generator,4.007860437367724
S27546,3.9386365000000003,13.361365,KENNYWOOD MALL FIRE LANE AT HOLLYWOOD VIDEO,40.3836,-79.8675,Both,Bus,-9.422728499999998,17.3000015,Attractor,0.29477800359469264
E16160,1.3477275,1.956818,DARLINGTON RD AT BEACON ST,40.4362,-79.9138,Both,Bus,-0.6090905,3.3045454999999997,Attractor,0.6887342103353505
S70190,1.66818181818182,4.870454545454545,KENNEDY AVE AT 6TH ST,40.371,-79.8505,Outbound,Bus,-3.2022727272727254,6.538636363636365,Attractor,0.34251049930004707
P03090,2676.6819499999997,683.8090775,SMITHFIELD ST AT SIXTH AVE,40.4417,-79.9976,Outbound,Bus,1992.8728724999996,3360.4910274999997,Generator,3.9143703090136293
N22580,0.4363636363636365,2.4386363636363653,FREEPORT RD OPP ORR AVE,40.5404,-79.8118,Outbound,Bus,-2.0022727272727288,2.8750000000000018,Attractor,0.17893755824790303
E50320,0.2431818,7.584091,SALTSBURG RD OPP ALCOMA PARK PLAZA,40.4768,-79.788,Outbound,Bus,-7.3409092,7.8272728,Attractor,0.032064726016605025
E43040,0.022727275,0.07045454500000001,OBERLIN ST OPP OAKDENE ST,40.4664,-79.8901,Inbound,Bus,-0.04772727,0.09318182000000001,Attractor,0.3225806795005205
E10080,2.022727272727275,10.8681818181818,BRINTON RD AT BRINTON MANOR DR W FS,40.4118,-79.8541,Outbound,Bus,-8.845454545454524,12.890909090909075,Attractor,0.18611459640317912
N17640,31.6727286,19.495454775,EAST OHIO ST OPP JAMES ST,40.4535,-80.0006,Outbound,Bus,12.177273825,51.168183375,Generator,1.6246211727574331
S38470,1.7386365000000001,0.375,PENNSYLVANIA AVE AT CARNEGIE ST,40.3621,-79.8564,Outbound,Bus,1.3636365000000001,2.1136365,Generator,4.636364
E70828,3.36818181818182,0.0,7TH ST EXT AT TIMBER DR,40.3881,-79.7484,Inbound,Bus,3.36818181818182,3.36818181818182,Generator,
W03430,17.111365,10.4,CHARTIERS AVE AT HILLSBORO ST,40.4534,-80.0548,Inbound,Bus,6.711364999999999,27.511364999999998,Generator,1.6453235576923075
S70105,0.09772727272727275,0.0,WORTHINGTON AVE OPP INTERCHANGE LOUNGE (#1560),40.2927,-79.9095,Inbound,Bus,0.09772727272727275,0.09772727272727275,Generator,
E21320,5.9886363000000005,34.927275,FRANKSTOWN RD AT RODI RD FS,40.4666,-79.8259,Outbound,Bus,-28.938638700000002,40.915911300000005,Attractor,0.17146016401222255
N25450,0.0,0.0,HEMLOCK DR AT NORTH PARK POOL (PARK AND RIDE,40.5867,-79.9963,Inbound,Bus,0.0,0.0,Balanced,
W08075,2.165909,8.940909,GREENTREE RD OPP MANORVIEW RD,40.3947,-80.0664,Outbound,Bus,-6.7749999999999995,11.106818,Attractor,0.24224706906199361
E19700,19.2204545,5.00000025,FORBES AVE AT PLAINFIELD ST,40.4404,-79.9354,Inbound,Bus,14.22045425,24.22045475,Generator,3.844090707795464
E53530,27.025,0.4522727,ST CLAIR ST AT CALLOWHILL ST,40.4776,-79.9199,Inbound,Bus,26.572727299999997,27.4772727,Generator,59.75377244746366
X15270,0.120454545,2.2227275,REPUBLIC ST AT RUTLEDGE ST,40.4404,-80.0252,Outbound,Bus,-2.102272955,2.343182045,Attractor,0.0541922232932287
E32480,22.906820000000003,1.984091045,JANCEY ST AT VILSACK ST,40.4827,-79.9287,Inbound,Bus,20.922728955000004,24.890911045000003,Generator,11.545246402742574
E32277,3.9886365,1.315909,JAMES ST OPP HARPER DR,40.4168,-79.8146,Inbound,Bus,2.6727275,5.3045455,Generator,3.031088395930114
S70330,7.570454545454545,4.620454545454545,OHIO AVE AT BROADWAY ST,40.319,-79.8906,Inbound,Bus,2.95,12.190909090909091,Generator,1.6384653221839647
N14980,13.372724999999999,2.3295455,CHESTNUT ST AT PROGRESS ST,40.4533,-79.9929,Outbound,Bus,11.043179499999999,15.7022705,Generator,5.740486717258795
S70332,17.643181818181798,8.20909090909091,MONONGAHELA AVE AT 8TH ST,40.3226,-79.8924,Inbound,Bus,9.434090909090887,25.85227272727271,Generator,2.1492248062015475
N04610,6.4931814999999995,381.34319999999997,ALLEGHENY AVE AT REEDSDALE ST FS,40.4478,-80.0178,Inbound,Bus,-374.8500185,387.83638149999996,Attractor,0.017027133301446045
E52500,4.093181599999999,14.7522723,SOUTH AVE OPP MULBERRY ST,40.4416,-79.8841,Inbound,Bus,-10.6590907,18.8454539,Attractor,0.27746109323104073
E10440,1.8727272727272748,0.615909090909091,BRINTON RD OPP MCKELVEY RD,40.4254,-79.8691,Inbound,Bus,1.2568181818181838,2.488636363636366,Generator,3.0405904059040623
N30480,16.740909090909096,58.37954545454545,LINCOLN AVE AT STARR AVE,40.4978,-80.06,Outbound,Bus,-41.63863636363635,75.12045454545455,Attractor,0.2867598396075837
E20810,0.65454545,16.165909499999998,FRANKSTOWN RD AT 1ST REFORMED CHURCH,40.4815,-79.8216,Outbound,Bus,-15.511364049999997,16.82045495,Attractor,0.040489243738497986
E54590,16.063634999999998,1.3545455,TRENTON AVE OPP REBECCA AVE NS,40.4419,-79.8924,Inbound,Bus,14.709089499999997,17.4181805,Generator,11.859058998018153
X04560,6.140909000000001,1.784091045,COCHRAN RD AT MCCULLY ST,40.3856,-80.0538,Inbound,Bus,4.356817955,7.925000045000001,Generator,3.4420379033963484
E45130,8.315909,2.9886365,PAULSON AVE AT DEAN ST,40.468,-79.9034,Inbound,Bus,5.327272499999999,11.3045455,Generator,2.7825093483265695
N37120,1.190909,0.025,MT TROY RD AT BAUN RD,40.4815,-79.9892,Inbound,Bus,1.165909,1.215909,Generator,47.636359999999996
E09400,0.5568182,6.072727499999999,BRADDOCK AVE OPP GUTHRIE ST,40.4384,-79.8971,Outbound,Bus,-5.515909299999999,6.6295456999999995,Attractor,0.0916916163289066
X00710,0.0,0.025,BANKSVILLE RD AT #3021,40.4015,-80.0425,Inbound,Bus,-0.025,0.025,Attractor,0.0
E53080,0.52045455,0.16363634999999999,STANTON AVE OPP MORNINGSIDE AVE,40.4754,-79.932,Inbound,Bus,0.3568182,0.6840909,Generator,3.180555848379654
E06580,7.036363400000001,12.2227275,JONES AVE AT PARKVIEW AVE,40.4037,-79.8626,Both,Bus,-5.186364099999999,19.2590909,Attractor,0.5756786609208134
S24150,0.215909075,0.8659091000000001,HWY RT 51 AT STEWART AVE,40.3787,-79.9932,Outbound,Bus,-0.6500000250000001,1.081818175,Attractor,0.24934381103051115
E03010,0.5068182,0.21818179999999998,AIRBRAKE AVE AT 9TH ST,40.4025,-79.8212,Inbound,Bus,0.2886364,0.725,Generator,2.3229169435764123
N07045,12.68636363636365,0.243181818181818,BABCOCK BLVD OPP DUNCAN AVE,40.5674,-80.0166,Inbound,Bus,12.443181818181833,12.929545454545467,Generator,52.168224299065514
X02540,0.0,1.2340909090909098,BOWER HILL RD OPP COOKS SCHOOL RD,40.3612,-80.1003,Outbound,Bus,-1.2340909090909098,1.2340909090909098,Attractor,0.0
E70993,13.6727275,26.379545,WYLIE AVE AT CRAWFORD ST,40.4426,-79.9873,Outbound,Bus,-12.7068175,40.0522725,Attractor,0.5183079351823544
S31750,1.2386365000000001,7.4454545,MAIN ST OPP HOMESTEAD-DUQUESNE RD,40.3955,-79.8997,Outbound,Bus,-6.206818,8.684091,Attractor,0.16636143569207226
E70802,0.9340909,18.995455,PENN AVE AT DALLAS AVE,40.4515,-79.9083,Outbound,Bus,-18.0613641,19.9295459,Attractor,0.0491744419915185
E57990,0.4659091,1.8,WILNER DR AT #2278,40.4544,-79.8697,Both,Bus,-1.3340909,2.2659091,Attractor,0.2588383888888889
E70434,0.0,0.1363636,MILLTOWN RD OPP COMMUNITY MARKET DRVWY,40.4987,-79.79,Outbound,Bus,-0.1363636,0.1363636,Attractor,0.0
E11800,2.51818182,25.9045475,BUTLER ST AT 54TH ST,40.4828,-79.9513,Outbound,Bus,-23.38636568,28.42272932,Attractor,0.09721002924293505
S48500,2.213636363636365,11.57727272727275,WEST ST OPP 18TH AVE,40.4001,-79.9051,Outbound,Bus,-9.363636363636385,13.790909090909114,Attractor,0.19120533961523337
S70588,0.411363645,0.38409092499999997,HWY RT 51 OPP STEWART AVE,40.3787,-79.9928,Inbound,Bus,0.027272720000000028,0.79545457,Generator,1.0710058952837795
E54140,0.81363635,7.0204545,TERRACE ST AT CHESTERFIELD RD,40.4409,-79.9638,Outbound,Bus,-6.206818149999999,7.83409085,Attractor,0.11589511049462682
E46160,1.234090925,10.043182,PENN AVE AT LEXINGTON ST,40.4486,-79.8997,Outbound,Bus,-8.809091075,11.277272925,Attractor,0.12287847865347856
N31570,19.461363,18.952272,MAIN ST AT CANAL ST,40.4946,-79.9322,Inbound,Bus,0.509090999999998,38.413635,Generator,1.0268617398483937
E32308,1.284091,8.115909,JAMES ST OPP CAROTHERS DR,40.4129,-79.818,Outbound,Bus,-6.831818,9.4,Attractor,0.15821899925196303
S01040,2.6409089999999997,0.525,SECOND AVE AT WINSTON ST,40.4045,-79.9425,Inbound,Bus,2.115909,3.1659089999999996,Generator,5.030302857142856
S21600,2.8363635,0.022727275,GREENSPRINGS AVE OPP ROBERTA DR,40.3858,-79.8801,Inbound,Bus,2.813636225,2.859090775,Generator,124.79998152000184
S48820,12.3272725,0.62727275,WHITAKER WAY AT LARKSPUR ST,40.4033,-79.89,Both,Bus,11.69999975,12.954545249999999,Generator,19.65217283868939
W03580,15.295455,1.7454545,CHARTIERS AVE AT MIDDLETOWN RD,40.4576,-80.0736,Inbound,Bus,13.550000500000001,17.0409095,Generator,8.763021321953682
E21780,0.095454545,0.42954545,FRANKSTOWN RD OPP VANCE ST,40.4633,-79.84,Outbound,Bus,-0.334090905,0.5249999949999999,Attractor,0.2222222235155791
E15110,1.677272775,2.150000045,COMMERCIAL ST AT BLACKHAWK ST,40.4204,-79.8985,Both,Bus,-0.47272727000000003,3.82727282,Attractor,0.7801268557647867
E35840,4.3045457,57.4431805,LINCOLN AVE AT LEMINGTON AVE,40.4687,-79.8961,Outbound,Bus,-53.1386348,61.747726199999995,Attractor,0.07493571321316375
W12350,0.07272727272727275,0.493181818181818,MAIN ST AT JANE ST,40.412,-80.0801,Outbound,Bus,-0.42045454545454525,0.5659090909090907,Attractor,0.14746543778801854
W11728,0.0,0.0,LINDSAY RD AT #601,40.3831,-80.0827,Outbound,Bus,0.0,0.0,Balanced,
S70167,1.2272727272727249,0.484090909090909,WALNUT ST AT 13TH AVE,40.3425,-79.8622,Outbound,Bus,0.7431818181818158,1.7113636363636338,Generator,2.535211267605629
E52385,0.9431818000000001,4.2295455,SOUTH AVE AT COAL ST,40.4403,-79.8804,Outbound,Bus,-3.2863637000000003,5.1727273,Attractor,0.2229983812681528
E34740,5.2295455,1.8022725,LEMINGTON AVE AT LINCOLN AVE,40.4688,-79.8961,Outbound,Bus,3.4272730000000005,7.031818,Generator,2.9016397353896264
N04340,0.1136363636363635,3.611363636363635,9TH AVE AT PENN ST,40.6099,-79.7402,Outbound,Bus,-3.4977272727272717,3.7249999999999983,Attractor,0.03146633102580236
E70233,7.490909,52.536365,ELLSWORTH AVE AT SPAHR ST,40.4582,-79.9275,Outbound,Bus,-45.045456,60.027274000000006,Attractor,0.14258521692545725
S11380,1.2659090000000002,6.384091,CHALFONT ST AT HABERMAN AVE,40.4166,-80.0024,Outbound,Bus,-5.118181999999999,7.65,Attractor,0.1982911897715744
E14440,6.484091,1.281818,COAL ST AT REBECCA AVE,40.4386,-79.8812,Inbound,Bus,5.202273,7.765909000000001,Generator,5.05851142673921
E56340,4.3636365,2.9795455,WASHINGTON BLVD AT FRANKSTOWN AVE,40.4589,-79.908,Inbound,Bus,1.3840910000000002,7.3431820000000005,Generator,1.4645309158729076
E41755,24.097724999999997,86.90908999999999,NEGLEY AVE AT EAST BUSWAY STEPS,40.4561,-79.9333,Inbound,Bus,-62.811364999999995,111.00681499999999,Attractor,0.2772750813522498
N31730,5.063636499999999,10.1863635,MAIN ST OPP 21ST ST,40.4937,-79.916,Outbound,Bus,-5.122727000000001,15.25,Attractor,0.49709952918919487
N21710,4.902272727272725,0.02272727272727275,FREEPORT RD AT PRINCETON AVE,40.6239,-79.7244,Inbound,Bus,4.879545454545452,4.924999999999997,Generator,215.69999999999968
E26040,2.790909,0.8068181750000001,GROVE RD AT SUNCREST DR,40.471,-79.8669,Both,Bus,1.984090825,3.597727175,Generator,3.4591548461337025
S70578,0.272727275,3.293182,SIDNEY ST AT SARAH ST,40.4251,-79.9616,Inbound,Bus,-3.020454725,3.5659092749999997,Attractor,0.08281573110748207
E50362,0.0,0.0,SALTSBURG RD OPP CHAPEL HILL DENTAL BLDG (#7641,40.4751,-79.7762,Outbound,Bus,0.0,0.0,Balanced,
E06917,5.793182,1.556818,BENTLEY DR AT BURROWS ST,40.4398,-79.9704,Inbound,Bus,4.236364,7.35,Generator,3.721168434589014
W10410,0.8704545499999999,5.3704545,ISLAND AVE AT GLENN WAY,40.4889,-80.0793,Outbound,Bus,-4.49999995,6.24090905,Attractor,0.162082101244876
S70476,0.04545454545454545,23.32954545454545,HARTMAN ST AT O'NEIL BLVD,40.3478,-79.8327,Outbound,Bus,-23.284090909090903,23.374999999999996,Attractor,0.001948368241597662
N20590,3.4204545,7.6272725,FREEPORT RD AT ALPHA DR (RIDC PARK),40.4916,-79.8658,Inbound,Bus,-4.206818,11.047727,Attractor,0.44845054375597565
E70346,0.09090909,0.0,MILLTOWN RD AT COMMUNITY MARKET DRVWY,40.4985,-79.79,Inbound,Bus,0.09090909,0.09090909,Generator,
E70399,2.3454544999999998,7.0272725000000005,MOSSFIELD ST AT AZURE ST,40.4722,-79.9345,Outbound,Bus,-4.681818000000001,9.372727000000001,Attractor,0.33376455801308397
S48410,2.90909090909091,24.49545454545455,WEST ST AT 15TH AVE,40.402,-79.9069,Outbound,Bus,-21.58636363636364,27.40454545454546,Attractor,0.11876043792911488
W08740,0.4704545454545455,0.25909090909090904,HERBST RD AT MARY ST,40.4864,-80.1175,Both,Bus,0.21136363636363648,0.7295454545454545,Generator,1.815789473684211
N43255,4.459091,1.5318181000000002,PERRY HWY OPP WEST VIEW AVE FS,40.4999,-80.0217,Inbound,Bus,2.9272728999999997,5.9909091,Generator,2.910979443316409
N36950,0.44090910000000005,0.0,MT TROY RD OPP FORNOF LN,40.4784,-79.9863,Inbound,Bus,0.44090910000000005,0.44090910000000005,Generator,
E55025,5.2613635,0.120454545,UNIVERSAL RD AT COLLINS DR,40.4612,-79.8127,Inbound,Bus,5.140908955,5.381818045,Generator,43.67924431577073
N35900,1.3909091,0.75,MT ROYAL BLVD AT HOFFMAN ST FS,40.5225,-79.96,Inbound,Bus,0.6409091,2.1409091,Generator,1.8545454666666668
E32754,4.306818,0.8659091000000001,JOHNSTON AVE AT #635,40.4049,-79.9354,Both,Bus,3.4409088999999997,5.1727270999999995,Generator,4.973753018648262
S40455,10.475,9.3363636,REGIS AVE EXT AT HOME DEPOT,40.3398,-79.953,Outbound,Bus,1.1386363999999993,19.8113636,Generator,1.1219571611371262
S01360,3.497727272727275,13.67727272727273,2ND ST AT OLIVER AVE,40.3766,-79.85,Both,Bus,-10.179545454545455,17.175000000000004,Attractor,0.25573280159521444
W24035,3.86818181818182,3.054545454545455,WASHINGTON AVE AT ACADEMY ST,40.4074,-80.0837,Inbound,Bus,0.8136363636363648,6.9227272727272755,Generator,1.266369047619048
S48785,1.3977273000000001,15.606820500000001,WHITAKER ST AT MIFFLIN ST,40.3988,-79.8855,Both,Bus,-14.209093200000002,17.0045478,Attractor,0.08955874772827688
N43060,0.025,0.0,PERRY HWY OPP HANWAY AVE,40.5044,-80.0267,Inbound,Bus,0.025,0.025,Generator,
W02890,3.2227275,0.0,CAROTHERS AVE OPP FINLEY AVE,40.3965,-80.0878,Inbound,Bus,3.2227275,3.2227275,Generator,
S70592,0.07272727500000001,1.2295455,BROWNSVILLE RD AT THURNER DR,40.3522,-79.9889,Outbound,Bus,-1.1568182249999999,1.302272775,Attractor,0.05914972239742247
S34000,40.072725000000005,36.38409,MIDWAY DR AT #24,40.3976,-79.8808,Both,Bus,3.688635000000005,76.456815,Generator,1.1013804385378336
E58350,10.76818181818182,0.5272727272727274,WM PENN HWY AT CENTER RD FS,40.4388,-79.7696,Inbound,Bus,10.240909090909092,11.295454545454547,Generator,20.422413793103445
S24470,0.05,0.02272727272727275,HWY RT 51 OPP JEFFERSON VETERINARY CLINIC,40.3014,-79.9296,Inbound,Bus,0.027272727272727254,0.07272727272727275,Generator,2.199999999999998
X05910,1.8,3.9613635,FREEDOM AVE AT WAREMAN AVE,40.3894,-80.0113,Both,Bus,-2.1613635,5.7613635,Attractor,0.45438900015108435
S09300,7.225,45.86818,BROWNSVILLE RD AT W WOODFORD AVE,40.3933,-79.9866,Outbound,Bus,-38.64318,53.093180000000004,Attractor,0.1575166051934042
N13760,0.0,1.213636363636365,CENTER AVE AT CHURCH AVE,40.5132,-80.0985,Outbound,Bus,-1.213636363636365,1.213636363636365,Attractor,0.0
E70266,6.1704545,12.961365,TOKAY ST AT BENNETT ST,40.4548,-79.8809,Outbound,Bus,-6.790910500000001,19.1318195,Attractor,0.4760651752342442
E27490,11.120455,5.1477275,RANKIN BLVD AT HAWKINS AVE,40.412,-79.881,Inbound,Bus,5.9727274999999995,16.2681825,Generator,2.1602648935865387
W09620,1.122727272727275,1.1477272727272751,HWY RT 51 AT EDGETOWN APTS,40.5,-80.1121,Both,Bus,-0.025000000000000133,2.27045454545455,Attractor,0.9782178217821782
N22160,0.0,0.0,FREEPORT RD OPP AUTO PARTS STORE,40.6302,-79.7177,Inbound,Bus,0.0,0.0,Balanced,
N52590,0.175,0.0,TROY HILL RD AT N CATHOLIC HIGH SCHOOL,40.4605,-79.985,Inbound,Bus,0.175,0.175,Generator,
P01340,35.4931845,3.54090925,BLVD OF ALLIES AT WOOD ST,40.4384,-80.0021,Outbound,Bus,31.95227525,39.03409375,Generator,10.023748702398967
N52240,0.0,0.5409091,THOMPSON RUN RD AT MILLER RD,40.5223,-79.9909,Outbound,Bus,-0.5409091,0.5409091,Attractor,0.0
W14450,0.9386363499999999,10.2522725,MIDDLETOWN RD AT STRAKA ST FS,40.4476,-80.0617,Outbound,Bus,-9.31363615,11.19090885,Attractor,0.091553979861538
S70486,0.025,3.3272727272727254,EDEN PARK BLVD AT MCKEESPORT HIGH SCHOOL DRVWY F,40.3449,-79.8305,Outbound,Bus,-3.3022727272727255,3.3522727272727253,Attractor,0.007513661202185797
E06215,0.21590909,1.6386363499999999,BEECHWOOD BLVD OPP FEDERAL HILL ST,40.421,-79.9276,Outbound,Bus,-1.4227272599999998,1.8545454399999999,Attractor,0.13176144298275821
X13772,10.634091,5.55,PIONEER AVE RAMP AT SOUTH BUSWAY,40.4119,-80.0089,Inbound,Bus,5.084091,16.184091,Generator,1.9160524324324324
P01150,45.754545,562.42958,BLVD OF ALLIES AT CHERRY WAY FS,40.4377,-79.9997,Inbound,Bus,-516.675035,608.184125,Attractor,0.08135159783025638
X17675,1.5386365,5.1795455,SOUTHERN AVE AT MINSINGER ST,40.4188,-80.0136,Outbound,Bus,-3.6409089999999997,6.718182,Attractor,0.29706013780552754
N14660,4.090909,1.0454543,N CHARLES ST AT SHELTON AVE,40.4705,-80.0112,Both,Bus,3.0454546999999996,5.1363633,Generator,3.9130443100190986
E17230,23.754545454545443,10.125,DYNAMO WAY AT BEECH ST,40.4005,-79.8356,Inbound,Bus,13.629545454545443,33.87954545454544,Generator,2.346127946127945
S05570,10.5045455,4.365908849999999,BAUSMAN ST AT KNOX AVE FS,40.4144,-79.9901,Both,Bus,6.138636650000001,14.87045435,Generator,2.406038664778813
N14000,0.9477275000000001,4.740909,CENTER AVE AT PARK AVE,40.5113,-80.0275,Outbound,Bus,-3.7931815,5.6886365,Attractor,0.1999041744948068
N70099,1.43636365,0.55227275,MCKNIGHT RD AT JAREDS JEWELERS DRVWY,40.5395,-80.012,Both,Bus,0.8840909000000001,1.9886364,Generator,2.6008229629290964
E05000,2.865909,4.6636365,BAUM BLVD AT ENFIELD ST FS,40.4541,-79.9492,Outbound,Bus,-1.7977275000000001,7.529545499999999,Attractor,0.614522379692328
W23102,0.0,4.8,SUMMIT PARK DR AT #35,40.4505,-80.1902,Outbound,Bus,-4.8,4.8,Attractor,0.0
S70497,0.24772727272727274,0.0,CHURCHVIEW AVE AT ANDRADE ST FS,40.3858,-79.9699,Inbound,Bus,0.24772727272727274,0.24772727272727274,Generator,
E45530,12.284091,26.4249985,PENN AVE AT 32ND ST,40.461,-79.9697,Inbound,Bus,-14.1409075,38.709089500000005,Attractor,0.46486628939638347
W17250,13.336364999999999,3.0318180000000003,NOBLESTOWN RD AT SCHOOL ST,40.4264,-80.0571,Inbound,Bus,10.304547,16.368183,Generator,4.398801313271442
E58790,2.943181818181815,0.3659090909090908,WM PENN HWY AT RODI RD FS,40.4385,-79.8308,Inbound,Bus,2.577272727272724,3.3090909090909055,Generator,8.04347826086956
S27530,15.093181999999999,8.2954545,KENNYWOOD BLVD OPP HOFFMAN BLVD,40.385,-79.8625,Inbound,Bus,6.797727499999999,23.388636499999997,Generator,1.819452086681929
N43450,55.050000499999996,4.688636249999999,PERRYSVILLE AVE AT FEDERAL ST,40.4612,-80.0089,Both,Bus,50.361364249999994,59.73863675,Generator,11.741154050924724
E05297,0.02272727272727275,0.9409090909090909,BEATTY RD OPP BEATTY POINTE VILLAGE,40.4458,-79.7474,Outbound,Bus,-0.9181818181818182,0.9636363636363636,Attractor,0.0241545893719807
S17655,2.9363635,18.752275,CHALFONT ST AT ESTELLA AVE,40.4166,-80.0005,Outbound,Bus,-15.8159115,21.6886385,Attractor,0.15658705410410204
X17720,4.334091,1.3681818000000001,SOUTHERN AVE OPP SOFFEL ST,40.4198,-80.0133,Inbound,Bus,2.9659091999999996,5.7022728,Generator,3.167774194920587
E09840,0.3840909,5.368182,BRINTON AVE AT RAVINE ST,40.4016,-79.8413,Outbound,Bus,-4.9840911,5.7522729,Attractor,0.07154953017613784
W03800,0.025,0.1909091,CHARTIERS AVE AT UNIVERSAL ST,40.4538,-80.0606,Outbound,Bus,-0.1659091,0.2159091,Attractor,0.1309523747165536
X17736,0.41136365,6.0590910000000004,SOUTHERN AVE OPP SHILOH ST,40.4288,-80.0073,Outbound,Bus,-5.64772735,6.470454650000001,Attractor,0.06789197422517668
N52200,0.0,0.1909091,THOMPSON RUN RD AT HODIL RD,40.5347,-79.9903,Outbound,Bus,-0.1909091,0.1909091,Attractor,0.0
N45320,0.0,0.15,PRESIDENTIAL DR AT KENNEDY,40.5853,-79.9998,Outbound,Bus,-0.15,0.15,Attractor,0.0
S48270,52.034087,81.3136335,WATERFRONT DR AT LOEW'S THEATRE,40.4075,-79.9188,Both,Bus,-29.279546499999995,133.34772049999998,Attractor,0.6399183600619692
S44770,17.622727272727282,33.36590909090908,ST CLAIR AVE AT 6TH ST,40.2933,-79.8878,Both,Bus,-15.743181818181796,50.98863636363636,Attractor,0.5281656562904439
W70084,7.66136325,2.6863635,STANHOPE ST AT CHARTIERS AVE FS (SUNOCO),40.4635,-80.0563,Inbound,Bus,4.97499975,10.34772675,Generator,2.8519458554287236
N38340,38.8340915,31.249997999999998,NORTH AVE AT ARCH ST,40.4552,-80.0085,Outbound,Bus,7.584093500000002,70.0840895,Generator,1.2426910075322246
S70615,0.5090909,0.27727275,LEBANON SCHOOL RD AT CAMP HOLLOW RD,40.3407,-79.915,Both,Bus,0.23181815,0.78636365,Generator,1.8360653904864435
N45280,0.0,0.0,PRESIDENTIAL DR OPP JACKSON,40.5833,-79.9984,Inbound,Bus,0.0,0.0,Balanced,
E42792,21.109090000000002,15.845455000000001,OAK HILL DR AT BENTLEY DR,40.4402,-79.9699,Inbound,Bus,5.263635000000001,36.954545,Generator,1.332185790815095
E34170,1.8,0.05,LAKETON RD OPP CHURCHILL AVE,40.4577,-79.8502,Inbound,Bus,1.75,1.85,Generator,36.0
E70245,17.334091,5.41363625,40TH ST AT PENN AVE NS,40.4656,-79.9585,Both,Bus,11.920454750000001,22.74772725,Generator,3.2019312342974655
N18335,0.35454545,0.37954544999999995,E 5TH AVE AT ROSS ST,40.601,-79.7567,Outbound,Bus,-0.024999999999999967,0.7340909,Attractor,0.9341317357381047
S00530,0.7613636500000001,2.8545455,22ND AVE AT MAIN ST,40.3977,-79.9019,Outbound,Bus,-2.0931818499999997,3.6159091500000002,Attractor,0.26671974575287033
E29800,0.345454545,0.6931818000000001,HOMEWOOD AVE AT KEDRON ST,40.4607,-79.895,Inbound,Bus,-0.34772725500000007,1.038636345,Attractor,0.4983606681537224
E56000,6.945454799999999,3.1159091,WALLACE AVE AT COAL ST,40.4427,-79.8788,Both,Bus,3.8295456999999993,10.0613639,Generator,2.2290299803675273
E11570,4.7136365,7.043182,BUTLER ST AT 36TH ST,40.4654,-79.9652,Outbound,Bus,-2.3295455,11.7568185,Attractor,0.6692481466473534
N08290,0.28863636363636347,0.19772727272727275,BEAVER ST AT MAIN ST FS,40.5776,-80.2204,Inbound,Bus,0.09090909090909072,0.4863636363636362,Generator,1.4597701149425277
S70343,1.38409090909091,4.711363636363635,BOWMAN AVE AT POPLAR ST,40.3575,-79.8358,Inbound,Bus,-3.3272727272727254,6.095454545454545,Attractor,0.2937771345875545
S27490,10.872727,4.406818275,KENNYWOOD BLVD OPP MIFFLIN ST,40.4013,-79.8805,Inbound,Bus,6.465908724999999,15.279545275,Generator,2.4672510463345576
E58700,0.4659091,17.19091,WM PENN HWY AT PENN CENTER BLVD NS (DONUT SHO,40.4303,-79.8136,Outbound,Bus,-16.725000899999998,17.6568191,Attractor,0.027102061496453653
S70387,0.075,0.04772727272727275,HWY RT 885 OPP WRAY LARGE RD,40.3185,-79.9216,Outbound,Bus,0.027272727272727247,0.12272727272727274,Generator,1.5714285714285705
E54430,0.47727275,16.595455,TILBURY AVE AT NICHOLSON ST,40.4304,-79.9178,Outbound,Bus,-16.11818225,17.072727750000002,Attractor,0.02875924462450713
E34300,1.2068180000000002,3.6795455,LARIMER AVE AT DEAN ST,40.4691,-79.9058,Outbound,Bus,-2.4727275,4.8863635,Attractor,0.3279801812479286
E58650,0.5227272727272727,4.190909090909089,WM PENN HWY AT NOTTINGHAM DR,40.4382,-79.8307,Outbound,Bus,-3.668181818181816,4.713636363636361,Attractor,0.12472885032537967
N06210,50.5568181818182,36.68863636363635,AVALON LOOP AT CALIFORNIA AVE FS,40.5037,-80.0744,Both,Bus,13.868181818181853,87.24545454545455,Generator,1.3779966548968605
S17120,2.2386365,4.709091,ELIZA ST AT GLENCAIRN ST FS,40.3887,-79.8754,Inbound,Bus,-2.4704544999999998,6.9477275,Attractor,0.47538612016629117
N36940,0.07272727500000001,3.590909,MT TROY RD AT BECKERT ST,40.4702,-79.9821,Outbound,Bus,-3.518181725,3.663636275,Attractor,0.02025316570261179
E46350,23.881816399999998,2.2727271,PENN AVE AT PRINCETON BLVD,40.4408,-79.8716,Inbound,Bus,21.609089299999997,26.1545435,Generator,10.508000014608001
E09580,0.07045454500000001,0.1181818,BRERETON ST OPP 28TH ST FS,40.4558,-79.9725,Outbound,Bus,-0.047727254999999996,0.188636345,Attractor,0.5961539340236822
N17815,2.490909,1.31136365,EAST ST OPP ROYAL ST,40.466,-79.9998,Inbound,Bus,1.1795453499999997,3.80227265,Generator,1.8994799802480415
N40380,2.3,3.56818181818182,OHIO RIVER BLVD AT SPRING AVE STEPS,40.4889,-80.0577,Outbound,Bus,-1.2681818181818203,5.86818181818182,Attractor,0.6445859872611461
N45384,0.0,0.71363635,RAMAGE RD AT CHERRYWOOD DR FS,40.4907,-80.0,Outbound,Bus,-0.71363635,0.71363635,Attractor,0.0
W25950,11.4068175,2.5068184000000002,W CARSON ST AT TABOR ST,40.4628,-80.052,Inbound,Bus,8.8999991,13.913635900000001,Generator,4.550316648385858
X20410,0.85,3.2045455,WEST LIBERTY AVE OPP RAY AVE STEPS,40.4027,-80.021,Outbound,Bus,-2.3545455,4.0545455,Attractor,0.2652482231879685
N20710,4.61818181818182,14.9931818181818,FREEPORT RD AT BLAW AVE,40.4928,-79.8631,Outbound,Bus,-10.374999999999979,19.61136363636362,Attractor,0.3080187964226168
X17732,0.48636365,3.65,SOUTHERN AVE OPP GRAY ST,40.4267,-80.009,Outbound,Bus,-3.16363635,4.13636365,Attractor,0.13325031506849314
N14470,0.21590910000000002,2.931818,N CHARLES ST OPP BIZET ST,40.4665,-80.0198,Outbound,Bus,-2.7159088999999996,3.1477271,Attractor,0.07364341852052209
N06570,1.2363636363636366,15.27045454545455,BABCOCK BLVD AT LAROCHE COLLEGE DRVWY,40.5681,-80.0165,Outbound,Bus,-14.034090909090914,16.506818181818186,Attractor,0.08096442923054024
N39850,2.9363635,5.459090949999999,OHIO RIVER BLVD AT MILLERTON AVE,40.4815,-80.046,Outbound,Bus,-2.522727449999999,8.395454449999999,Attractor,0.5378850667435757
E45060,0.1909091,0.6,PATTON ST BRIDGE AT MIDDLE AVE,40.3953,-79.8047,Outbound,Bus,-0.4090909,0.7909090999999999,Attractor,0.31818183333333333
S70570,0.0,0.0,WORTON BLVD AT HOMESTEAD DUQUESNE RD,40.3645,-79.8698,Inbound,Bus,0.0,0.0,Balanced,
N50390,0.025,0.0,SPRING GARDEN AVE AT LAGER ST,40.4642,-79.9859,Inbound,Bus,0.025,0.025,Generator,
S70498,2.5613636363636347,0.21818181818181798,CHURCHVIEW AVE OPP WAIDLER AVE,40.3849,-79.974,Inbound,Bus,2.343181818181817,2.7795454545454525,Generator,11.739583333333337
E06460,13.956818000000002,0.5659091,BEELER ST AT WILKINS AVE FS,40.4456,-79.9318,Inbound,Bus,13.390908900000001,14.522727100000003,Generator,24.662649884937352
N15660,1.268181775,0.43181815,CORBETT CT AT BROWNS LN,40.5459,-80.0202,Both,Bus,0.8363636249999999,1.699999925,Generator,2.9368422216620584
S70327,0.0,0.05,STATE ST OPP MONTOUR TRAIL,40.3055,-79.8839,Inbound,Bus,-0.05,0.05,Attractor,0.0
N12790,11.872724999999999,2.4545455,CALIFORNIA AVE AT FAIRLEE ST FS,40.479,-80.0408,Inbound,Bus,9.418179499999999,14.3272705,Generator,4.8370360215363695
N02010,39.6772725,60.972727500000005,E 4TH AVE AT HICKORY AL,40.602,-79.7529,Both,Bus,-21.295455000000004,100.65,Attractor,0.6507380287358803
S70466,1.22727275,5.381818,MAPLE DR AT HOLLYROOD DR,40.3642,-79.9644,Outbound,Bus,-4.15454525,6.60909075,Attractor,0.22804055246758623
N52195,0.0,0.0,THOMPSON RUN RD AT EVERGREEN RD,40.5115,-79.9937,Inbound,Bus,0.0,0.0,Balanced,
N40150,15.225,6.975,OHIO RIVER BLVD OPP ELIZABETH AVE,40.4959,-80.0674,Inbound,Bus,8.25,22.2,Generator,2.1827956989247315
W09795,0.19772727499999998,0.68636365,HWY RT 51 AT VALLEY AMBULANCE,40.5275,-80.185,Outbound,Bus,-0.488636375,0.884090925,Attractor,0.2880794677865006
N21400,1.0022727272727274,4.720454545454545,FREEPORT RD AT MAPLE AVE,40.4939,-79.8608,Outbound,Bus,-3.7181818181818174,5.722727272727273,Attractor,0.21232546942705832
X17652,0.7227272499999999,5.7954545,SOUTHERN AVE AT CARFEL WAY,40.4202,-80.0131,Outbound,Bus,-5.07272725,6.51818175,Attractor,0.12470587940945786
N37010,0.0,0.2,MT TROY RD AT HOFFMAN RD,40.4906,-79.992,Outbound,Bus,-0.2,0.2,Attractor,0.0
N28050,1.32954545,0.395454545,ITIN ST AT GOEHRING ST,40.4611,-79.9934,Inbound,Bus,0.9340909049999999,1.724999995,Generator,3.3620689578874354
E03270,0.44999999999999996,0.245454545,AIRBRAKE AVE AT 10TH ST,40.4029,-79.8221,Inbound,Bus,0.20454545499999996,0.6954545449999999,Generator,1.8333333367283948
E70892,4.1409095,2.5954546,BRADDOCK AVE OPP KEYSTONE COMMONS PORTAL 9 FS,40.4028,-79.8315,Inbound,Bus,1.5454549000000002,6.7363641,Generator,1.5954467090273896
S00550,0.025,0.047727275,22ND AVE AT WEST ST,40.3974,-79.9026,Inbound,Bus,-0.022727274999999998,0.07272727500000001,Attractor,0.5238094988662144
N71254,1.4,0.4,BEAVER ST OPP GLEN MITCHELL RD,40.5315,-80.169,Inbound,Bus,0.9999999999999999,1.7999999999999998,Generator,3.4999999999999996
N40850,0.0,0.0,PARKER ST OPP #90,40.4938,-79.9521,Inbound,Bus,0.0,0.0,Balanced,
E34210,1.5386365,32.663635,LAKETON RD AT #3600,40.4594,-79.8438,Outbound,Bus,-31.1249985,34.2022715,Attractor,0.047105489024721225
E17367,3.3136365000000003,1.0772724999999999,EAST LIBERTY BLVD AT EUCLID AVE,40.4667,-79.9255,Inbound,Bus,2.2363640000000005,4.390909000000001,Generator,3.075950142605516
S23850,4.0727272727272705,9.11590909090909,HWY RT 51 OPP IRWIN DR,40.3435,-79.9703,Outbound,Bus,-5.04318181818182,13.18863636363636,Attractor,0.44677137870855127
X04360,5.790909,28.69091,CHELTON AVE AT FREEDOM AVE,40.3884,-80.0127,Both,Bus,-22.900001,34.481819,Attractor,0.20183775976432955
W10215,18.40909090909089,24.4318181818182,INGRAM AVE AT WEST BUSWAY RAMP FS,40.4439,-80.0662,Inbound,Bus,-6.0227272727273125,42.84090909090909,Attractor,0.7534883720930218
S70453,2.3795455,0.0909091,COCHRANS MILL RD AT BROWNSVILLE RD FS,40.3251,-79.9857,Both,Bus,2.2886363999999997,2.4704546,Generator,26.174997882500207
N33000,12.436363300000002,1.284090875,MCKNIGHT RD AT TOYOTA DEALERSHIP,40.5403,-80.0123,Both,Bus,11.152272425000001,13.720454175000002,Generator,9.684955747388207
S34290,14.4318165,2.71363635,BUTTERMILK HOLLOW RD AT THOMPSON RUN RD FS,40.3609,-79.9076,Inbound,Bus,11.71818015,17.145452849999998,Generator,5.318257363408329
P00650,148.00909295,424.80909635,FIFTH AVE AT WOOD ST NS,40.4405,-79.9995,Both,Bus,-276.80000340000004,572.8181893,Attractor,0.3484131912939439
N21460,0.0,0.23409090909090902,FREEPORT RD AT MILE LOCK LN,40.6155,-79.7388,Outbound,Bus,-0.23409090909090902,0.23409090909090902,Attractor,0.0
W02760,0.8181818000000001,0.5340909,BROADWAY ST AT PINE HOLLOW RD,40.4757,-80.0837,Outbound,Bus,0.28409090000000004,1.3522727,Generator,1.5319148856496152
N25510,0.33863635000000003,1.115909,HENDERSON ST AT FOUNTAIN ST,40.459,-80.0069,Outbound,Bus,-0.77727265,1.45454535,Attractor,0.3034623342942839
E35980,1.96363625,3.8818182500000002,LINCOLN AVE AT #409,40.4608,-79.9114,Inbound,Bus,-1.9181820000000003,5.845454500000001,Attractor,0.5058547627777266
N38710,11.772727,54.3,NORTH AVE AT MONTEREY ST,40.4544,-80.0124,Outbound,Bus,-42.527272999999994,66.072727,Attractor,0.21680896869244937
P00680,21.8681815,159.73864,SIXTH AVE AT FIFTH AVE,40.4393,-79.9946,Inbound,Bus,-137.8704585,181.6068215,Attractor,0.13689976013317753
E70739,1.840909,1.8522725,STRANAHAN ST AT OAKDENE ST,40.4619,-79.8907,Inbound,Bus,-0.011363500000000082,3.6931814999999997,Attractor,0.9938651035417304
S17980,0.1409091,0.44772729999999994,PROVOST RD AT ARCATA ST,40.3768,-79.9942,Outbound,Bus,-0.30681819999999993,0.5886364,Attractor,0.31472081331649876
N19550,9.79318181818182,1.3181818181818206,FERGUSON RD AT MT ROYAL BLVD,40.5552,-79.9714,Inbound,Bus,8.475,11.11136363636364,Generator,7.429310344827574
X07000,5.581818,1.4840909999999998,GRANDVIEW AVE AT #1209 (DUQUESNE INCLINE),40.4382,-80.0189,Inbound,Bus,4.097727000000001,7.0659089999999996,Generator,3.7611022504684692
E12840,0.14545454545454545,0.05,CENTER RD OPP COTTAGE LN,40.4561,-79.7598,Inbound,Bus,0.09545454545454544,0.19545454545454544,Generator,2.9090909090909087
W08465,5.41818181818182,1.922727272727271,HECKLE RD OPP SHOP-N-SAVE DRVWY,40.4734,-80.0941,Both,Bus,3.4954545454545487,7.340909090909091,Generator,2.8179669030732892
S46450,1.6227272727272748,1.0681818181818201,VERSAILLES AVE OPP HAMILTON ST,40.3454,-79.8442,Outbound,Bus,0.5545454545454547,2.690909090909095,Generator,1.519148936170212
E00970,173.625,271.65,FIFTH AVE AT BELLEFIELD AVE,40.4467,-79.9517,Both,Bus,-98.02499999999998,445.275,Attractor,0.639149641082275
E41960,22.388637,157.22273,NEGLEY AVE AT STANTON AVE,40.4713,-79.9263,Outbound,Bus,-134.83409300000002,179.611367,Attractor,0.1424007648257984
E13790,10.484091,9.540909,CENTRE AVE AT SOHO ST,40.4452,-79.9739,Inbound,Bus,0.9431820000000002,20.025,Generator,1.0988566183788149
S16170,17.759093,58.561365,E CARSON ST AT S 17TH ST,40.4288,-79.9822,Outbound,Bus,-40.802272,76.320458,Attractor,0.30325613141018826
E52380,8.0204544,2.4113637750000003,SOUTH AVE AT COAL ST,40.4403,-79.8801,Inbound,Bus,5.609090625,10.431818175,Generator,3.3261071942577387
E52580,8.163636499999999,0.1431818,STANTON AVE AT BUTLER ST FS,40.4781,-79.9553,Inbound,Bus,8.020454699999998,8.3068183,Generator,57.01588120836586
S33080,5.81590909090909,2.461363636363635,MCCLEARY ST AT VERSAILLES AVE,40.3451,-79.8387,Outbound,Bus,3.3545454545454545,8.277272727272724,Generator,2.3628808864265936
W22280,14.5,2.2750002,STEUBENVILLE PIKE AT WEST WAY SHOPPES,40.4443,-80.1461,Inbound,Bus,12.224999799999999,16.7750002,Generator,6.373625813307621
N21470,0.19545454545454544,0.0,FREEPORT RD AT MONTANA AVE,40.6212,-79.7285,Inbound,Bus,0.19545454545454544,0.19545454545454544,Generator,
W70170,0.090909090909091,0.963636363636365,PINE HOLLOW RD AT #1806,40.479,-80.1037,Both,Bus,-0.8727272727272739,1.054545454545456,Attractor,0.0943396226415094
E70260,0.577272725,0.165909075,MT CARMEL RD AT VERONA RD FS,40.4659,-79.8661,Inbound,Bus,0.4113636500000001,0.7431818,Generator,3.479452374742009
S42270,2.6386364,0.15000000000000002,SOUTH BUSWAY AT CENTRAL SHELTER,40.3903,-79.9982,Inbound,Busway,2.4886364000000003,2.7886364,Generator,17.590909333333332
N18320,0.31363635,0.47272725,EAST ST OPP SUFFOLK ST NS,40.4689,-80.0014,Outbound,Bus,-0.15909089999999998,0.7863636,Attractor,0.6634615415125742
S25170,0.025,1.75,HWY RT 885 AT LEWIS RUN RD NS,40.3335,-79.9349,Outbound,Bus,-1.725,1.775,Attractor,0.014285714285714287
N18930,0.0,0.0,EVERGREEN & PEOPLES PLANK RD AT #4534,40.5009,-80.0037,Outbound,Bus,0.0,0.0,Balanced,
N21380,0.1,2.054545454545455,FREEPORT RD AT LEWIS AVE,40.4971,-79.856,Outbound,Bus,-1.954545454545455,2.154545454545455,Attractor,0.04867256637168141
E70142,1.5159091,2.0022725,GREENFIELD AVE AT #322,40.4253,-79.9481,Outbound,Bus,-0.4863634000000001,3.5181816,Attractor,0.7570943015998072
W02650,21.875,6.7386365,BROADWAY AVE AT 13TH ST,40.4746,-80.0798,Inbound,Bus,15.1363635,28.6136365,Generator,3.246205667867676
E32292,2.9795455,1.459091,JAMES ST AT CAROTHERS DR,40.4131,-79.8178,Inbound,Bus,1.5204545,4.438636499999999,Generator,2.042055978688101
N49510,0.5,8.615909,SHADELAND AVE AT HARBISON ST FS,40.4776,-80.0335,Outbound,Bus,-8.115909,9.115909,Attractor,0.058032182094773746
S43380,65.306815,63.954545,SOUTH CAMPUS DRVWY AT LIBRARY ENTRANCE,40.3302,-79.9235,Both,Bus,1.3522699999999972,129.26136,Generator,1.0211442361133207
W22225,0.025,0.475,STEUBENVILLE PIKE AT FIRESIDE INN,40.4397,-80.0889,Outbound,Bus,-0.44999999999999996,0.5,Attractor,0.052631578947368425
N41720,0.09545454545454546,0.02272727272727275,PENN ST AT UNION AVE,40.6132,-79.7417,Inbound,Bus,0.07272727272727271,0.11818181818181821,Generator,4.199999999999997
E01090,116.8863665,20.265909045,FIFTH AVE AT COLLEGE ST,40.4513,-79.9257,Both,Bus,96.620457455,137.152275545,Generator,5.767635009140543
E70816,0.4659091000000001,5.068182,FORBES RD AT HAYMAKER RD FS,40.3911,-79.7654,Outbound,Bus,-4.6022729,5.5340911,Attractor,0.0919282496169238
N25465,0.0,0.184090909090909,HEMLOCK DR OPP LAUREL OAK DR,40.5772,-79.9796,Outbound,Bus,-0.184090909090909,0.184090909090909,Attractor,0.0
E49200,0.12272727500000001,1.3318182,RODI RD OPP PENN CENTER BLVD NS,40.4304,-79.817,Outbound,Bus,-1.2090909250000001,1.454545475,Attractor,0.092150171096926
E10475,0.7886363636363635,0.31590909090909103,BRINTON RD OPP #1584,40.4128,-79.8576,Inbound,Bus,0.47272727272727244,1.1045454545454545,Generator,2.4964028776978404
S70630,0.3204545454545455,0.090909090909091,BOWMAN AVE AT #2314,40.3563,-79.838,Inbound,Bus,0.2295454545454545,0.4113636363636365,Generator,3.5249999999999972
S21312,7.35,0.7386363499999999,GREENSPRINGS AVE AT BOROUGH PARKING LOT,40.3918,-79.8846,Inbound,Bus,6.6113636499999995,8.08863635,Generator,9.950769414475744
W07240,0.02272727272727275,0.8772727272727275,PINE HOLLOW RD AT MCCOY RD,40.4754,-80.0968,Outbound,Bus,-0.8545454545454548,0.9000000000000002,Attractor,0.025906735751295352
W07340,1.1659090909090901,0.05,FOREST GROVE RD AT SPEER DR,40.4818,-80.1098,Both,Bus,1.11590909090909,1.2159090909090902,Generator,23.318181818181802
E25371,1.7977275,1.784091,GREENFIELD AVE OPP YODER ST FS,40.4253,-79.9475,Inbound,Bus,0.01363649999999983,3.5818185,Generator,1.0076433881455598
E70952,0.88636365,1.27727275,PARK AVE AT MONTIER ST,40.4447,-79.8746,Both,Bus,-0.3909091000000001,2.1636364,Attractor,0.6939501762642316
E57450,40.179546,1.38409095,WILKINS AVE OPP BARNSDALE ST,40.4449,-79.9156,Both,Bus,38.79545505,41.56363695,Generator,29.029556186318537
E41060,0.80227275,0.9840909,MULHATTON ST AT DARLINGTON RD,40.4364,-79.9162,Both,Bus,-0.18181815,1.78636365,Attractor,0.8152425248521249
N14710,11.397725000000001,0.52954545,N CHARLES ST OPP IRWIN AVE,40.4669,-80.0188,Inbound,Bus,10.86817955,11.927270450000002,Generator,21.523601043121044
W22577,0.443181795,3.2272725,STEUBENVILLE PIKE AT WATERFORD DR,40.4495,-80.1411,Outbound,Bus,-2.784090705,3.6704542950000003,Attractor,0.13732394614957366
N12822,16.256819999999998,4.715909,CALIFORNIA AVE AT FORSYTHE ST,40.4708,-80.0363,Inbound,Bus,11.540910999999998,20.972728999999998,Generator,3.447229367657433
E36060,46.2613625,4.5750001000000005,LINCOLN AVE OPP CHAUCER ST,40.4644,-79.9004,Inbound,Bus,41.68636239999999,50.8363626,Generator,10.111773003021353
E49560,0.81136365,0.025,SALTSBURG RD AT ALCOMA DR,40.4771,-79.7982,Inbound,Bus,0.78636365,0.83636365,Generator,32.454546
E17380,17.674998000000002,9.3,EAST LIBERTY BLVD AT LARIMER AVE,40.4636,-79.9178,Inbound,Bus,8.374998000000001,26.974998000000003,Generator,1.9005374193548388
W16990,5.1045455,0.8568182,NOBLESTOWN RD AT HAWTHORNE ST,40.4163,-80.0671,Inbound,Bus,4.2477273,5.961363700000001,Generator,5.9575596083276485
E30460,0.220454545,19.272725,HWY RT 286 AT SANDUNE DR,40.4634,-79.7055,Outbound,Bus,-19.052270455000002,19.493179545,Attractor,0.011438680570599123
E16080,5.615909,18.934091000000002,DALLAS AVE AT PENN AVE,40.4512,-79.9083,Outbound,Bus,-13.318182000000002,24.550000000000004,Attractor,0.2966030426282413
W08079,1.5840909090909099,14.79545454545455,GREENTREE RD OPP ORCHARD DR,40.4123,-80.046,Outbound,Bus,-13.21136363636364,16.37954545454546,Attractor,0.10706605222734257
E15470,2.077272727272725,0.525,COREY AVE AT 5TH ST,40.4076,-79.8668,Outbound,Bus,1.552272727272725,2.602272727272725,Generator,3.956709956709952
N21855,0.215909090909091,0.709090909090909,FREEPORT RD AT #2238,40.5273,-79.8506,Outbound,Bus,-0.493181818181818,0.925,Attractor,0.3044871794871796
S25470,0.05,1.5863635,INTERBORO AVE AT LEASIDE DR,40.3722,-79.9124,Outbound,Bus,-1.5363635,1.6363635,Attractor,0.031518627351171405
S23550,0.5954545454545455,0.368181818181818,HWY RT 51 AT BLUE FLAME,40.3052,-79.9342,Outbound,Bus,0.22727272727272746,0.9636363636363634,Generator,1.6172839506172847
S17690,0.2954545454545455,0.493181818181818,EVANS ST AT HOSPITAL DR,40.35,-79.8495,Outbound,Bus,-0.19772727272727247,0.7886363636363636,Attractor,0.5990783410138253
S70003,0.340909090909091,13.37045454545455,DUQUESNE BLVD AT LIBRARY PL,40.3719,-79.8439,Outbound,Bus,-13.029545454545458,13.711363636363641,Attractor,0.02549719530851606
S24260,0.9295454545454545,2.113636363636364,HWY RT 51 AT #3500,40.3731,-79.9821,Outbound,Bus,-1.1840909090909097,3.043181818181819,Attractor,0.439784946236559
N38430,8.21818181818182,1.261363636363635,NORTH AVE AT ELIZABETH ST,40.4838,-79.9729,Inbound,Bus,6.956818181818186,9.479545454545455,Generator,6.515315315315324
W01830,0.2795454545454545,0.28863636363636347,BERRY ST AT CENTER ST,40.4476,-80.0685,Inbound,Bus,-0.009090909090908983,0.5681818181818179,Attractor,0.9685039370078744
S19340,1.7477275,10.084091,GEARING AVE AT LAFFERTY AVE,40.4183,-80.0054,Outbound,Bus,-8.336363500000001,11.8318185,Attractor,0.17331532410804304
N20930,26.200000000000003,2.363636363636366,FREEPORT RD AT CENTER AVE (ASPINWALL),40.4899,-79.9049,Inbound,Bus,23.836363636363636,28.56363636363637,Generator,11.084615384615375
N54800,10.686364999999999,3.9545455,WINHURST ST AT CALIFORNIA AVE FS,40.4874,-80.0448,Inbound,Bus,6.7318194999999985,14.640910499999999,Generator,2.7022991643413885
E70944,0.847727295,1.6272728,ELECTRIC AVE AT #1208,40.4072,-79.8416,Outbound,Bus,-0.7795455050000001,2.475000095,Attractor,0.5209497110748732
N14510,0.82272725,2.3886364999999996,N CHARLES ST AT CROSS ST,40.4652,-80.0206,Outbound,Bus,-1.5659092499999996,3.2113637499999994,Attractor,0.34443384332442384
S70383,0.490909090909091,0.5795454545454545,HWY RT 885 AT WALL RD,40.307,-79.905,Outbound,Bus,-0.08863636363636346,1.0704545454545455,Attractor,0.8470588235294121
W02450,1.8363635,0.43636365,BROADHEAD-FORDING RD AT VILLAGE RD #2,40.4497,-80.0807,Inbound,Bus,1.39999985,2.27272715,Generator,4.20833288932293
W23191,0.0,4.0363635,SWALLOW HILL RD AT ROBIN DR,40.3953,-80.0768,Outbound,Bus,-4.0363635,4.0363635,Attractor,0.0
N41740,21.127275,23.161365,PENNSYLVANIA AVE AT BRIGHTON RD FS,40.4561,-80.0158,Outbound,Bus,-2.034089999999999,44.28864,Attractor,0.9121774558623812
E53830,6.220454500000001,6.643181500000001,SWISSVALE AVE AT STONER WAY,40.4409,-79.8779,Both,Bus,-0.4227270000000001,12.863636000000001,Attractor,0.9363667844992644
N45310,0.0,0.0,PRESIDENTIAL DR AT JEFFERSON,40.5843,-79.9995,Outbound,Bus,0.0,0.0,Balanced,
E28590,1.90227275,12.1363635,HAZELWOOD AVE AT FRANK ST,40.4199,-79.9329,Both,Bus,-10.23409075,14.03863625,Attractor,0.15674157666750835
E01360,1396.89091,573.074982,FIFTH AVE AT OAKLAND AVE,40.4421,-79.9579,Both,Bus,823.8159280000001,1969.9658920000002,Generator,2.4375360186287107
X00510,0.0,0.02272727272727275,BANK ST AT #1060,40.3518,-80.1052,Outbound,Bus,-0.02272727272727275,0.02272727272727275,Attractor,0.0
E70237,0.1431818,0.9863636499999999,FIFTH AVE AT HAMILTON AVE,40.4571,-79.9091,Outbound,Bus,-0.8431818499999999,1.12954545,Attractor,0.1451612698825631
E05990,1.8318183499999998,5.2954545,BEECHWOOD BLVD AT LORETTA ST FS,40.422,-79.9278,Outbound,Bus,-3.46363615,7.12727285,Attractor,0.3459227815100668
E11540,4.356818,3.6772725,BUTLER ST OPP 35TH ST,40.4646,-79.966,Inbound,Bus,0.6795454999999997,8.0340905,Generator,1.1847960682815863
W06630,1.1840909090909104,0.07045454545454545,FAIRHAVEN RD AT #59,40.471,-80.1001,Inbound,Bus,1.1136363636363649,1.254545454545456,Generator,16.806451612903246
E30570,203.4022727272725,0.7386363636363635,HWY RT 286 AT ALPINE VILLAGE PARK AND RIDE,40.4291,-79.7197,Inbound,Bus,202.66363636363613,204.14090909090888,Generator,275.37538461538435
E70880,0.47954545000000004,1.8295455,GREENSBURG PIKE AT CENTRAL AVE FS,40.3928,-79.8192,Outbound,Bus,-1.35000005,2.30909095,Attractor,0.2621117922456698
E48880,1.075,2.140909,ROBINSON ST AT ELLERS ST,40.4417,-79.9657,Outbound,Bus,-1.0659090000000002,3.215909,Attractor,0.5021231635721088
N04300,2.722727272727275,0.181818181818182,9TH AVE AT MORGAN ST,40.6096,-79.7419,Inbound,Bus,2.540909090909093,2.904545454545457,Generator,14.974999999999998
E11740,13.3636345,2.29090915,BUTLER ST AT 49TH ST,40.4771,-79.9569,Inbound,Bus,11.072725349999999,15.65454365,Generator,5.833332369378332
S38530,10.209091,16.536365,PENNSYLVANIA AVE AT MELLON ST,40.3621,-79.8587,Inbound,Bus,-6.327273999999999,26.745456,Attractor,0.6173721371051014
E38050,39.695454999999995,13.556818,MAIN ST AT HOWLEY ST,40.4643,-79.9535,Both,Bus,26.138636999999996,53.252272999999995,Generator,2.9280805422039298
N10370,52.086365,9.677275,BRIGHTON RD AT DAVIS AVE,40.4818,-80.0342,Inbound,Bus,42.40909,61.76364,Generator,5.382338003208548
N39880,1.1659090909090901,7.45,OHIO RIVER BLVD AT PENNSYLVANIA AVE,40.5111,-80.0997,Outbound,Bus,-6.28409090909091,8.61590909090909,Attractor,0.1564978645515557
E21280,2.3295455,6.9681820000000005,FRANKSTOWN RD AT RITZLAND RD,40.4624,-79.8408,Outbound,Bus,-4.6386365000000005,9.2977275,Attractor,0.33431180471463
N40310,9.13181818181818,1.8727272727272752,OHIO RIVER BLVD OPP MONITOR AVE,40.5016,-80.0755,Inbound,Bus,7.259090909090904,11.004545454545454,Generator,4.876213592233002
X08920,2.931818,0.47954545000000004,KATHLEEN ST AT ESTELLA AVE FS,40.4256,-80.001,Inbound,Bus,2.45227255,3.4113634499999996,Generator,6.113743754632641
W11685,0.0,1.275,LINDSAY RD AT GREENVIEW DR FS,40.3869,-80.0764,Outbound,Bus,-1.275,1.275,Attractor,0.0
E06250,7.788636000000001,2.04318185,BEECHWOOD BLVD OPP LORETTA ST,40.422,-79.9277,Inbound,Bus,5.745454150000001,9.83181785,Generator,3.8120131108251583
W11681,0.3590909,2.1704545,LINDSAY RD AT GREENTREE RD,40.3862,-80.0843,Outbound,Bus,-1.8113636,2.5295454,Attractor,0.16544502545434608
E42940,4.1795455,3.4499998,OAKWOOD ST OPP HAMILTON AVE,40.4515,-79.8847,Inbound,Bus,0.7295456999999996,7.6295453,Generator,1.211462533997828
E36910,2.238636363636365,3.3113636363636365,LINDEN AVE AT SR CITIZEN APTS,40.3987,-79.8367,Inbound,Bus,-1.0727272727272714,5.550000000000002,Attractor,0.676046671242279
E21120,1.02727275,4.275,FRANKSTOWN RD AT HOWARD ST,40.4628,-79.8567,Outbound,Bus,-3.2477272500000005,5.30227275,Attractor,0.24029771929824562
E56400,4.625,1.17954545,WASHINGTON BLVD AT SHETLAND ST,40.4601,-79.9071,Inbound,Bus,3.44545455,5.80454545,Generator,3.921001941892108
E13190,42.004545,33.33409,CENTRE AVE AT ALLEQUIPPA ST,40.4483,-79.959,Outbound,Bus,8.670454999999997,75.33863500000001,Generator,1.2601077455541758
N71323,6.05,0.025,CENTER AVE AT PENNSYLVANIA AVE,40.5131,-80.1,Inbound,Bus,6.0249999999999995,6.075,Generator,241.99999999999997
E12240,4.054545249999999,16.5818185,BUTLER ST OPP 47TH ST,40.4738,-79.958,Outbound,Bus,-12.52727325,20.63636375,Attractor,0.2445175268321746
N14250,0.0,4.18409090909091,CENTER AVE AT WALLISTON AVE,40.5131,-80.1028,Outbound,Bus,-4.18409090909091,4.18409090909091,Attractor,0.0
E45490,10.177273,10.8159095,PENN AVE AT 28TH ST,40.457,-79.9756,Inbound,Bus,-0.6386365000000005,20.9931825,Attractor,0.9409539715545882
N50330,0.54772725,0.6909091,SPRING GARDEN AVE AT ARCOLA WAY,40.4601,-79.9916,Outbound,Bus,-0.14318185000000005,1.2386363500000002,Attractor,0.7927631145689064
E34275,5.7181820000000005,3.943182,LARIMER AVE AT AUBURN ST,40.4638,-79.9169,Inbound,Bus,1.7750000000000004,9.661364,Generator,1.4501440714630975
N39860,1.081818181818182,6.0,OHIO RIVER BLVD AT ORCHARD AVE,40.5106,-80.0979,Outbound,Bus,-4.918181818181818,7.081818181818182,Attractor,0.18030303030303033
N36100,0.71136365,0.025,MT ROYAL BLVD AT ROYAL COURT DR,40.5428,-79.9724,Inbound,Bus,0.68636365,0.73636365,Generator,28.454546
N36920,0.0,0.25,MT TROY RD AT ALFRED ST,40.4731,-79.9834,Outbound,Bus,-0.25,0.25,Attractor,0.0
N18275,3.7386365,3.9022725,EAST ST OPP LAREDA ST,40.4628,-79.999,Inbound,Bus,-0.1636359999999999,7.640909000000001,Attractor,0.958066485618316
N49580,7.0272725,0.62272725,SHADELAND AVE AT STOKES WAY,40.4773,-80.0336,Inbound,Bus,6.40454525,7.649999749999999,Generator,11.284671579732539
P00940,9.6045455,904.7955000000001,7TH ST AT PENN AVE FS,40.4429,-80.0002,Both,Bus,-895.1909545000001,914.4000455,Attractor,0.01061515613196573
N43020,1.4363635000000001,0.53636365,PERRY HWY AT I-279 RAMP,40.5036,-80.0255,Inbound,Bus,0.8999998500000002,1.97272715,Generator,2.6779657793737517
E70002,3.9113635,5.465909,16TH ST AT PENN AVE,40.4488,-79.9874,Inbound,Bus,-1.5545454999999997,9.3772725,Attractor,0.7155925025462371
S27410,1.0204545,1.420454775,KENNYWOOD BLVD AT GLENCAIRN ST,40.3891,-79.868,Outbound,Bus,-0.400000275,2.440909275,Attractor,0.718399851906584
W22000,19.9568195,10.513636,STEUBEN ST OPP LORENZ AVE,40.4428,-80.0425,Inbound,Bus,9.443183500000002,30.4704555,Generator,1.8981843674253134
S16250,91.73863500000002,44.45454455,E CARSON ST AT S 21ST ST,40.4285,-79.9765,Both,Bus,47.284090450000015,136.19317955000002,Generator,2.0636503180640506
E29240,6.2727275,48.275,HIGHLAND AVE OPP HAYS ST,40.4682,-79.9217,Outbound,Bus,-42.0022725,54.5477275,Attractor,0.12993738995339205
S35020,0.045454545,0.34318180000000004,8TH AVE AT HILLTOP ST,40.4078,-79.8919,Outbound,Bus,-0.297727255,0.38863634500000005,Attractor,0.1324503368185609
S44990,0.36590910000000004,4.5590910000000004,ST JOSEPH ST OPP ORMSBY ST,40.4127,-79.9774,Outbound,Bus,-4.193181900000001,4.9250001,Attractor,0.08025922272663565
E41140,81.01364000000001,109.94091,MURRAY AVE AT DARLINGTON RD,40.4372,-79.923,Outbound,Bus,-28.927269999999993,190.95455,Attractor,0.7368834767694756
E70370,2.043182,1.5977275,ALLEQUIPPA ST AT OUTLET ST,40.4424,-79.9664,Outbound,Bus,0.44545449999999986,3.6409095,Generator,1.278805052801557
E70302,12.702275,13.922725,TERRACE ST AT OAK HILL DR,40.44,-79.9677,Outbound,Bus,-1.2204499999999996,26.625,Attractor,0.9123411544794572
S27594,4.0477272727272755,1.68409090909091,KNOEDLER RD OPP MERRYHEART HOME (#100),40.342,-79.9825,Inbound,Bus,2.3636363636363655,5.731818181818186,Generator,2.403508771929825
S48680,0.5931818,1.509091,WHITAKER ST AT OAK ST,40.3962,-79.8836,Outbound,Bus,-0.9159092,2.1022727999999997,Attractor,0.39307225342938235
W70150,0.05,0.095454545,CORAOPOLIS RD AT #298,40.5023,-80.1225,Both,Bus,-0.045454545,0.145454545,Attractor,0.5238095263038549
N49560,7.2954545,0.28409090000000004,SHADELAND AVE AT #3475,40.4793,-80.0342,Inbound,Bus,7.0113636,7.5795454,Generator,25.68000066176002
E29690,5.5886365,2.915909,HOMEWOOD AVE AT BENNETT ST,40.4564,-79.8967,Inbound,Bus,2.6727274999999997,8.504545499999999,Generator,1.9166018212502516
X01890,0.420454545,7.990909,BOGGS AVE AT LELIA ST,40.4219,-80.0104,Outbound,Bus,-7.570454455,8.411363545,Attractor,0.052616610325558706
X00630,0.0,0.175,BANKSVILLE RD AT JIFFY LUBE,40.4046,-80.0393,Outbound,Bus,-0.175,0.175,Attractor,0.0
N41090,0.7022727272727275,1.1113636363636366,PEEBLES RD AT REMINGTON DR,40.5612,-80.0132,Inbound,Bus,-0.40909090909090906,1.813636363636364,Attractor,0.6319018404907977
N44640,4.727273,0.7159091,PITTSBURGH ST AT JAMES ST FS,40.5412,-79.7803,Inbound,Bus,4.0113639,5.4431821000000005,Generator,6.6031749002771445
E10420,2.69090909090909,0.318181818181818,BRINTON RD OPP KINGS RD,40.4276,-79.873,Inbound,Bus,2.372727272727272,3.009090909090908,Generator,8.457142857142859
E55855,1.3818181999999999,4.068182,WADSWORTH ST AT ROBINSON ST,40.4433,-79.9662,Outbound,Bus,-2.6863638000000005,5.4500002,Attractor,0.339664793757998
E70117,25.28182,1.256818,BALDRIDGE AVE AT MIDDLE ST,40.4048,-79.8624,Inbound,Bus,24.025002,26.538638,Generator,20.115736725603867
S70574,0.0,0.8613636363636366,HORNING RD OPP #5621,40.333,-79.9891,Outbound,Bus,-0.8613636363636366,0.8613636363636366,Attractor,0.0
S17070,1.415909,1.7227275,ELIZA ST AT DIVISION ST,40.3946,-79.8796,Inbound,Bus,-0.3068184999999999,3.1386365,Attractor,0.8218995749472857
S70503,3.4386365,0.2409091,CUSTER AVE AT ST WENDELIN CHURCH,40.3933,-79.9743,Inbound,Bus,3.1977273999999998,3.6795456,Generator,14.273584933072266
X17735,0.6136363499999999,11.465910000000001,SOUTHERN AVE OPP SANDWICH ST,40.4251,-80.0097,Outbound,Bus,-10.85227365,12.079546350000001,Attractor,0.053518329552560584
S45040,0.097727275,2.681818,ST JOSEPH ST OPP RATON ST,40.4135,-79.9806,Outbound,Bus,-2.584090725,2.779545275,Attractor,0.03644068128411399
E17965,0.8204545454545454,0.14090909090909098,ELECTRIC AVE OPP ELECTRIC AVENUE APARTMENTS,40.4022,-79.8366,Inbound,Bus,0.6795454545454545,0.9613636363636364,Generator,5.822580645161287
S70415,0.022727275,0.275,CYPRESS ST AT MIFFLIN ST FS,40.3961,-79.8911,Outbound,Bus,-0.25227272500000003,0.297727275,Attractor,0.08264463636363636
S16190,188.300015,198.94092500000002,E CARSON ST AT S 18TH ST,40.4287,-79.9807,Outbound,Bus,-10.64091000000002,387.24094,Attractor,0.9465122121051763
E11170,0.097727275,15.302274999999998,BRYANT ST AT MELLON ST,40.4765,-79.9218,Outbound,Bus,-15.204547724999998,15.400002274999999,Attractor,0.0063864539749808455
E54400,1.3818181999999999,7.368182,TILBURY AVE AT FORWARD AVE,40.4286,-79.9185,Outbound,Bus,-5.9863638,8.7500002,Attractor,0.18753855428652547
N32890,53.4500032,5.095454774999999,MCKNIGHT RD AT ROSS TOWNE CENTER,40.5378,-80.0115,Both,Bus,48.354548425,58.545457975,Generator,10.489741457866241
E28610,4.00681795,0.6477273,HAZELWOOD AVE AT NOTLEY ST,40.4198,-79.9315,Both,Bus,3.35909065,4.65454525,Generator,6.185964293924311
E06430,1.4886363449999997,6.436363999999999,BEELER ST OPP OLYMPIA PL,40.4453,-79.9349,Outbound,Bus,-4.947727655,7.925000344999999,Attractor,0.23128529477201723
S27705,0.0,0.936363636363635,LAUREL DR AT CURRY RD,40.3443,-79.9923,Outbound,Bus,-0.936363636363635,0.936363636363635,Attractor,0.0
S04660,1.8113635000000001,3.575,ARLINGTON AVE OPP COLOGNE ST,40.4175,-79.9695,Outbound,Bus,-1.7636365,5.3863635,Attractor,0.5066751048951049
E04860,11.368179999999999,12.875,BAUM BLVD OPP FAIRMOUNT ST FS,40.458,-79.935,Outbound,Bus,-1.5068200000000012,24.24318,Attractor,0.8829654368932038
N43770,4.7136365,0.7090909,PERRYSVILLE AVE AT CUTLER ST,40.4662,-80.0117,Inbound,Bus,4.0045456,5.422727399999999,Generator,6.6474361749671305
X04615,2.543182,7.284091,COCHRAN RD OPP ROESSLER RD,40.393,-80.0633,Outbound,Bus,-4.740909,9.827273,Attractor,0.34914198628215926
N31280,4.5136365000000005,8.1272725,LOWRIE ST AT HECKLEMAN ST,40.4687,-79.9791,Both,Bus,-3.6136359999999996,12.640909,Attractor,0.5553691598257595
S70361,1.5181818181818199,1.0295454545454543,BOWMAN AVE OPP JARVIS ST,40.3555,-79.8397,Outbound,Bus,0.48863636363636553,2.547727272727274,Generator,1.4746136865342183
S17170,0.09318180000000001,0.9590909000000001,ELIZA ST OPP FRANK ST (#3932),40.3919,-79.8774,Inbound,Bus,-0.8659091000000001,1.0522727,Attractor,0.09715638006783299
W19490,16.849999,15.43863865,PARK MANOR BLVD AT ROBINSON LN,40.4529,-80.1652,Both,Bus,1.4113603500000007,32.28863765,Generator,1.091417409397039
S70392,0.23181818181818198,7.425,BROWNSVILLE RD AT BRENTRIDGE AVE,40.3675,-79.9787,Outbound,Bus,-7.1931818181818175,7.656818181818182,Attractor,0.0312213039485767
N33540,2.4363636363636347,0.334090909090909,MERCHANT ST AT PA JOB SERVICE,40.5801,-80.2223,Inbound,Bus,2.1022727272727257,2.7704545454545437,Generator,7.2925170068027185
W70058,19.23409090909091,1.3886363636363634,WEST BUSWAY AT CRAFTON STATION B,40.4357,-80.0677,Outbound,Busway,17.845454545454547,20.62272727272727,Generator,13.851063829787236
E39940,0.268181818181818,0.07045454545454545,MONROEVILLE BLVD AT BOSSES DR,40.4284,-79.7874,Inbound,Bus,0.19772727272727258,0.33863636363636346,Generator,3.8064516129032238
N40990,0.1886363636363635,0.0,PEEBLES RD AT KNOLL ST,40.5682,-80.0061,Inbound,Bus,0.1886363636363635,0.1886363636363635,Generator,
E17300,22.1818188,0.879545395,EAST BUSWAY AT HERRON STATION B,40.4592,-79.9669,Outbound,Busway,21.302273404999998,23.061364195,Generator,25.219640653112624
E17620,0.9977272727272728,8.13181818181818,EDGEWOOD AVE OPP COLUMBIA AVE,40.4247,-79.886,Outbound,Bus,-7.134090909090906,9.129545454545452,Attractor,0.12269424259362777
E46290,16.602275,11.1022725,PENN AVE AT NEGLEY AVE,40.4634,-79.9302,Inbound,Bus,5.500002499999999,27.704547499999997,Generator,1.4953942987798219
S05370,0.33636365,3.4772724999999998,BAPTIST RD AT WEYMAN RD FS (CASTE VILLAGE),40.3577,-80.0003,Outbound,Bus,-3.1409088499999998,3.81363615,Attractor,0.09673203638771481
E70022,3.4250000000000003,7.42272725,CENTRE AVE OPP WASHINGTON PLAZA,40.4407,-79.9872,Inbound,Bus,-3.99772725,10.84772725,Attractor,0.4614206995144541
N50730,0.0,0.0,SPRING GARDEN RD OPP #3681,40.4854,-79.9966,Inbound,Bus,0.0,0.0,Balanced,
E50590,0.047727275,0.0,SALTSBURG RD OPP CHANTICLEER DR,40.4755,-79.7937,Inbound,Bus,0.047727275,0.047727275,Generator,
E70780,50.663635,33.19091,BEDFORD AVE AT CHAUNCEY DR,40.4509,-79.9721,Inbound,Bus,17.472724999999997,83.854545,Generator,1.5264310318698702
W03590,0.8477275,11.5545455,CHARTIERS AVE AT MIDDLETOWN RD,40.4577,-80.073,Outbound,Bus,-10.706818,12.402273,Attractor,0.0733674466035899
E70425,238.7000025,135.12500165,PENN AVE AT EASTSIDE III DR,40.4602,-79.9215,Outbound,Bus,103.57500085000001,373.82500415000004,Generator,1.7665124853672851
N12710,1.5,6.8977275,CALIFORNIA AVE AT CHELLIS ST,40.4862,-80.0433,Outbound,Bus,-5.3977275,8.3977275,Attractor,0.21746292528952468
N40435,0.07272727500000001,7.3431815,OLD FREEPORT RD AT #1380,40.4887,-79.8727,Outbound,Bus,-7.270454225,7.415908775,Attractor,0.009904055210946373
E01150,278.97727135,132.3636365,FIFTH AVE AT CRAIG ST NS,40.4468,-79.9496,Outbound,Bus,146.61363485,411.34090785,Generator,2.1076579544563963
N37020,0.0,1.290909,MT TROY RD AT HOMESTEAD AVE,40.4725,-79.983,Outbound,Bus,-1.290909,1.290909,Attractor,0.0
W03820,12.638635,2.918182,CHARTIERS AVE AT MERLE ST,40.4589,-80.0772,Inbound,Bus,9.720453000000001,15.556817,Generator,4.330996147601486
E12670,0.0,0.184090909090909,CENTER RD OPP MCKENZIE DR,40.4573,-79.7583,Outbound,Bus,-0.184090909090909,0.184090909090909,Attractor,0.0
E10100,1.05909090909091,10.179545454545455,BRINTON RD AT COLUMBIA AVE,40.4246,-79.8686,Outbound,Bus,-9.120454545454544,11.238636363636365,Attractor,0.10404108059834793
W70040,30.3,24.761364999999998,PLEASANT RIDGE RD OPP OVERLOOK PL,40.4805,-80.0726,Both,Bus,5.538635000000003,55.061364999999995,Generator,1.2236805200359513
N22830,0.17045454545454547,0.0,FREEPORT RD OPP WORKS ENTRANCE #3,40.593,-79.7709,Inbound,Bus,0.17045454545454547,0.17045454545454547,Generator,
E07670,4.8795455,14.809090000000001,BIGELOW BLVD AT HERRON AVE FS,40.4557,-79.9659,Outbound,Bus,-9.929544500000002,19.6886355,Attractor,0.3294966469918138
E29105,3.1204545,47.65,HIGHLAND AVE OPP ELWOOD ST,40.4551,-79.9253,Outbound,Bus,-44.5295455,50.7704545,Attractor,0.06548697796432319
N19520,0.5454545454545454,0.05,FERGUSON RD AT FOXCROFT LN,40.5651,-79.9958,Inbound,Bus,0.4954545454545454,0.5954545454545455,Generator,10.909090909090908
N40870,0.05,0.04545454545454545,PEEBLES RD AT BINGAY DR,40.559,-80.0152,Inbound,Bus,0.004545454545454554,0.09545454545454546,Generator,1.1
E54180,8.847726999999999,24.109090000000002,TERRACE ST AT ROBINSON ST,40.4404,-79.9654,Inbound,Bus,-15.261363000000003,32.956817,Attractor,0.3669871820130913
E53150,1.7340909999999998,0.5977272499999999,STANTON AVE OPP STEPS FS,40.4778,-79.9477,Inbound,Bus,1.13636375,2.3318182499999995,Generator,2.901140946811443
X03000,2.631818,42.35,BROOKLINE BLVD AT CASTLEGATE AVE,40.395,-80.0218,Outbound,Bus,-39.718182,44.981818000000004,Attractor,0.06214446280991735
S48560,12.175,0.022727275,WEYMAN RD AT WHITE HAMPTON LN,40.3643,-79.9997,Inbound,Bus,12.152272725000001,12.197727275,Generator,535.6999464300053
X18880,25.41818,9.740909,VIRGINIA AVE AT SHOP-N-SAVE,40.4298,-80.0081,Inbound,Bus,15.677271,35.159089,Generator,2.6094258759629105
E59380,2.059091,29.697725000000002,WOOD ST AT HILL AVE,40.4462,-79.8834,Outbound,Bus,-27.638634000000003,31.756816,Attractor,0.06933497431200537
X04310,0.21136365000000001,0.0,CEDAR BLVD OPP #1046,40.3727,-80.0583,Inbound,Bus,0.21136365000000001,0.21136365000000001,Generator,
E14133,2.8499999,0.55454545,CHASKE ST AT BRAMBLE ST,40.4743,-79.866,Both,Bus,2.29545445,3.40454535,Generator,5.139344124092984
E29860,3.4886365,6.427272500000001,HOMEWOOD AVE AT MT VERNON ST,40.4614,-79.8947,Inbound,Bus,-2.9386360000000007,9.915909000000001,Attractor,0.5427864619089979
W70178,0.0,1.940909,UNIVERSITY BLVD OPP TIGER TRAIL,40.5093,-80.2231,Outbound,Bus,-1.940909,1.940909,Attractor,0.0
E55450,1.068182,0.0681818,VERONA RD AT ELLIOTT ST,40.499,-79.8375,Inbound,Bus,1.0000002,1.1363638,Generator,15.666673511112936
E55045,4.3977275,0.0,UNIVERSAL RD AT GREENWAY DR,40.4623,-79.8148,Inbound,Bus,4.3977275,4.3977275,Generator,
E60100,1.5613636363636367,14.377272727272729,YOST BLVD AT BRINTON RD,40.4125,-79.8564,Outbound,Bus,-12.815909090909091,15.938636363636366,Attractor,0.10859943092001266
X00140,5.875,6.2386365,ALTMAR ST OPP REAMER ST,40.3915,-80.0002,Both,Bus,-0.36363650000000014,12.1136365,Attractor,0.9417121834234131
E35380,11.797726999999998,16.5090905,LIBERTY AVE AT EVALINE ST,40.458,-79.9421,Inbound,Bus,-4.711363500000001,28.306817499999998,Attractor,0.7146200452411354
S50265,0.04772727272727275,1.827272727272725,WORTHINGTON AVE AT PETERSON DR,40.2938,-79.9033,Outbound,Bus,-1.779545454545452,1.8749999999999978,Attractor,0.02611940298507467
E51035,6.7272725,0.7704545500000001,SAVANNAH AVE AT WHITNEY AVE,40.4363,-79.8938,Inbound,Bus,5.95681795,7.49772705,Generator,8.73156307533001
S09760,0.11590910000000001,1.7727275,BROWNSVILLE RD OPP STREETS RUN RD,40.3468,-79.9865,Outbound,Bus,-1.6568184,1.8886366,Attractor,0.06538461213017795
E70971,5.311363636363635,0.7568181818181821,BRINTON RD OPP BRINTON MANOR DR W,40.4119,-79.8541,Inbound,Bus,4.554545454545453,6.068181818181817,Generator,7.018018018018013
E10610,0.7909090909090908,0.5522727272727275,BROADWAY BLVD AT QUARRY RD,40.3965,-79.7937,Inbound,Bus,0.2386363636363633,1.3431818181818183,Generator,1.432098765432098
S40550,13.838636363636365,6.43409090909091,RICHLAND AVE AT 3RD ST,40.349,-79.8919,Inbound,Bus,7.404545454545454,20.272727272727273,Generator,2.1508300953726596
S70382,3.2181818181818196,8.197727272727274,RAVENSBURG BLVD AT HWY RT 885,40.3046,-79.8951,Outbound,Bus,-4.9795454545454545,11.415909090909093,Attractor,0.3925700027723871
E17293,289.42729045,462.73407,EAST BUSWAY AT SWISSVALE STATION A,40.4153,-79.8791,Both,Busway,-173.30677955,752.16136045,Attractor,0.6254721863250744
E16620,5.5704545,1.21136365,DOBSON ST AT HERRON AVE,40.4583,-79.9643,Outbound,Bus,4.35909085,6.78181815,Generator,4.598498972624777
S46840,0.12272727272727275,0.02272727272727275,WALNUT ST AT 15TH AVE BRIDGE FS,40.3395,-79.8595,Outbound,Bus,0.1,0.1454545454545455,Generator,5.399999999999996
W11723,0.0,0.0,LINDSAY RD AT #509,40.3821,-80.0857,Outbound,Bus,0.0,0.0,Balanced,
W23186,0.0,1.218182,SWALLOW HILL RD AT HOPE ST,40.3929,-80.0761,Outbound,Bus,-1.218182,1.218182,Attractor,0.0
N37160,0.0,0.6318182,MT TROY RD AT #2768,40.4752,-79.9869,Outbound,Bus,-0.6318182,0.6318182,Attractor,0.0
E70288,1.90681825,6.527273,BAUM BLVD AT BEATTY ST,40.4602,-79.9277,Inbound,Bus,-4.62045475,8.43409125,Attractor,0.292130917459711
N14890,0.5090909,0.52954545,CHATEAU ST AT NORTH AVE,40.4518,-80.0276,Outbound,Bus,-0.02045454999999996,1.03863635,Attractor,0.96137338164269
E70904,7.25,0.64772725,BELL AVE AT JONES AVE,40.4034,-79.8627,Inbound,Bus,6.60227275,7.89772725,Generator,11.192982848876591
E39350,70.10909000000001,7.306818,MILLVALE AVE AT MOREWOOD AVE,40.4561,-79.9476,Outbound,Bus,62.80227200000001,77.415908,Generator,9.595023442488921
S13700,0.5227272727272725,0.8613636363636366,CRAWFORD AVE AT JUNO AVE,40.3626,-79.8536,Inbound,Bus,-0.33863636363636407,1.384090909090909,Attractor,0.6068601583113452
S70642,1.20454545,0.0,CONLIN ST AT WORTON BLVD,40.3626,-79.8705,Inbound,Bus,1.20454545,1.20454545,Generator,
E29760,4.9136365,3.0363635,HOMEWOOD AVE AT HERMITAGE ST,40.4602,-79.8952,Outbound,Bus,1.8772729999999997,7.95,Generator,1.6182635906405802
E35250,36.379545,41.6250005,LIBERTY AVE AT EDMOND ST,40.4611,-79.9479,Inbound,Bus,-5.2454554999999985,78.0045455,Attractor,0.8739830525647682
W03710,24.352272727272748,0.9159090909090901,CHARTIERS AVE AT SINGER AVE FS,40.4649,-80.074,Inbound,Bus,23.43636363636366,25.268181818181837,Generator,26.58808933002486
X00640,0.297727275,0.26136365,BANKSVILLE RD AT GOLDSTROM AVE,40.4129,-80.0305,Inbound,Bus,0.03636362500000001,0.559090925,Generator,1.1391303840453713
X15600,2.6136365,0.8681818,RUTH ST OPP KATHLEEN ST,40.4258,-80.0052,Inbound,Bus,1.7454547000000002,3.4818183,Generator,3.010471424303067
S70130,2.34090925,3.0590907499999997,LEBANON CHURCH RD AT COMFORT INN,40.346,-79.9573,Outbound,Bus,-0.7181814999999996,5.4,Attractor,0.765230403838134
X04460,0.91136365,6.2113635,COCHRAN RD AT ALTOONA PL,40.383,-80.0525,Outbound,Bus,-5.29999985,7.12272715,Attractor,0.1467252158080911
E41130,7.63863625,27.004545,MURRAY AVE OPP BURCHFIELD AVE,40.4275,-79.9263,Both,Bus,-19.36590875,34.64318125,Attractor,0.28286483812261976
S47430,0.0,0.093181818181818,WALNUT ST OPP SUNOCO STATION,40.3364,-79.853,Outbound,Bus,-0.093181818181818,0.093181818181818,Attractor,0.0
S04320,6.6136365,23.70682,ARLINGTON AVE OPP CLOVER ST,40.4176,-79.9713,Outbound,Bus,-17.093183500000002,30.3204565,Attractor,0.27897611320286736
N71325,4.304545454545455,0.02272727272727275,CENTER AVE AT LOCUST AVE,40.5133,-80.0955,Inbound,Bus,4.281818181818182,4.327272727272727,Generator,189.39999999999984
E02870,3.5045455,1.64545455,ABER RD OPP HARVEST DR,40.4733,-79.8616,Both,Bus,1.85909095,5.15000005,Generator,2.1298342758844355
S70336,3.111363636363635,1.511363636363635,MONONGAHELA AVE AT 3RD ST,40.3307,-79.8925,Inbound,Bus,1.6,4.6227272727272695,Generator,2.0586466165413544
S70412,12.177275,0.21590910000000002,MIFFLIN ST AT WHITAKER ST,40.3987,-79.8855,Inbound,Bus,11.9613659,12.3931841,Generator,56.4000081515786
E70788,21.154545,36.995455,BEDFORD AVE AT ERIN ST,40.4471,-79.981,Outbound,Bus,-15.840910000000001,58.15,Attractor,0.5718146999408441
E48210,0.147727275,3.2181816,RANKIN BLVD AT #211,40.4114,-79.8801,Both,Bus,-3.070454325,3.3659088749999997,Attractor,0.045903958620607366
E46520,1.41590905,13.745453175000002,PENN AVE AT SWISSVALE AVE,40.4413,-79.8774,Inbound,Bus,-12.329544125000002,15.161362225000001,Attractor,0.1030092665533379
N12760,7.4772725,54.829544999999996,CALIFORNIA AVE AT DAVIS AVE,40.4799,-80.041,Outbound,Bus,-47.3522725,62.306817499999994,Attractor,0.13637305398029476
N21350,3.9977275,1.9795455,FREEPORT RD AT #1372,40.4897,-79.8727,Outbound,Bus,2.018182,5.977273,Generator,2.0195178640753646
E53010,30.075,5.8636365,STANTON AVE OPP HETH'S AVE,40.4724,-79.9286,Inbound,Bus,24.211363499999997,35.9386365,Generator,5.12906964816117
N08300,1.284090909090909,0.45,BEAVER RD AT EDGEWORTH LN FS,40.552,-80.1918,Inbound,Bus,0.834090909090909,1.734090909090909,Generator,2.8535353535353534
N04360,4.079545454545455,0.0,9TH AVE AT PENN ST FS,40.61,-79.7404,Inbound,Bus,4.079545454545455,4.079545454545455,Generator,
E10680,0.13863635,3.690909,BROADWAY BLVD OPP BRINTON AVE,40.4021,-79.7754,Outbound,Bus,-3.55227265,3.82954535,Attractor,0.03756157358526043
W20150,1.8000000000000025,10.634090909090904,E RAILROAD ST AT 1ST ST FS,40.3933,-80.0877,Outbound,Bus,-8.834090909090902,12.434090909090907,Attractor,0.16926693737978232
E20940,6.313636499999999,0.3090909,FRANKSTOWN RD AT CRESTVIEW RD,40.4799,-79.8226,Inbound,Bus,6.004545599999999,6.6227274,Generator,20.42647163019034
E18410,12.879545,47.675,ELLSWORTH AVE AT AIKEN AVE,40.4527,-79.9368,Outbound,Bus,-34.795455,60.554545,Attractor,0.27015301520713164
S09180,33.950001,5.99999985,BROWNSVILLE RD AT THE BOULEVARD,40.4009,-79.9892,Inbound,Bus,27.95000115,39.95000085,Generator,5.658333641458341
N53500,260.734075,83.468178,WATERWORKS MALL AT GIANT EAGLE,40.4877,-79.894,Inbound,Bus,177.26589700000002,344.20225300000004,Generator,3.1237542408077967
E10280,0.14545454545454545,0.9909090909090901,BRINTON RD AT #1246,40.423,-79.8668,Outbound,Bus,-0.8454545454545446,1.1363636363636356,Attractor,0.1467889908256882
E39210,6.40227275,1.60454542,MILLER AVE AT GAS ST,40.416,-79.8852,Both,Bus,4.79772733,8.006818169999999,Generator,3.9900850859055144
S70360,4.36818181818182,2.320454545454545,BOWMAN AVE AT POPLAR ST,40.3576,-79.8358,Outbound,Bus,2.047727272727275,6.688636363636364,Generator,1.882468168462293
X03050,7.806818,0.222727275,BROOKLINE BLVD AT GREENCREST DR,40.3922,-80.0051,Inbound,Bus,7.584090724999999,8.029545275,Generator,35.051019234173275
S70236,0.1431818,2.309091,DELWAR DR AT APPLEBEE'S DRVWY,40.349,-79.9478,Outbound,Bus,-2.1659092,2.4522728,Attractor,0.062007863700477804
E40310,2.84318195,8.770454999999998,MONTIER ST AT LABELLE AVE,40.4466,-79.8705,Both,Bus,-5.927273049999998,11.613636949999998,Attractor,0.3241772462204071
N18360,23.047725,18.806820000000002,E 6TH AVE AT LOCK ST,40.6025,-79.7544,Both,Bus,4.240904999999998,41.854545,Generator,1.2254982501028882
E01420,446.779527275,37.788636999999994,FIFTH AVE AT MOREWOOD AVE,40.4474,-79.9426,Outbound,Bus,408.990890275,484.568164275,Generator,11.823118343088163
W08570,1.8,6.4863636363636346,HELEN ST AT SPROUL ST,40.4715,-80.0553,Outbound,Bus,-4.686363636363635,8.286363636363635,Attractor,0.2775052557813596
E35340,14.022727,10.36590895,LIBERTY AVE AT MAIN ST FS,40.4634,-79.954,Inbound,Bus,3.65681805,24.38863595,Generator,1.3527735066590567
W19451,0.022727275,0.0,ORCHARD SPRING RD AT #313,40.3936,-80.0685,Inbound,Bus,0.022727275,0.022727275,Generator,
E27510,0.47045454999999997,2.2454545,HAWKINS AVE AT #504,40.4082,-79.8655,Outbound,Bus,-1.7749999500000002,2.71590905,Attractor,0.20951417630595495
E13640,1.05,4.19772725,CENTRE AVE AT MOREWOOD AVE,40.4542,-79.9444,Inbound,Bus,-3.14772725,5.24772725,Attractor,0.25013535598340747
E08330,0.0,0.0,BLVD OF ALLIES AT VAN BRAAM ST,40.4357,-79.9827,Inbound,Bus,0.0,0.0,Balanced,
P02270,539.390894545,77.27499825000001,LIBERTY AVE AT FIFTH AVE,40.4418,-80.0025,Both,Bus,462.115896295,616.665892795,Generator,6.980147612555914
N29320,0.0,0.7772727500000001,LAURELWOOD DR AT FENWICK DR,40.5521,-80.0023,Outbound,Bus,-0.7772727500000001,0.7772727500000001,Attractor,0.0
E48490,3.675,2.5113635,REYNOLDS ST AT LANG AVE,40.4472,-79.9056,Inbound,Bus,1.1636365,6.1863635,Generator,1.4633484957474296
N42210,1.4931818,0.86818185,PERRY HWY AT CONNIE DR,40.4965,-80.02,Inbound,Bus,0.6249999499999999,2.36136365,Generator,1.719895203982898
N12910,10.7386365,11.211365,CALIFORNIA AVE AT MARSHALL AVE,40.4622,-80.031,Inbound,Bus,-0.47272850000000055,21.9500015,Attractor,0.9578348845122784
E08730,1.888636363636365,32.5818181818182,BRADDOCK AVE OPP COREY AVE,40.4039,-79.8695,Outbound,Bus,-30.693181818181834,34.470454545454565,Attractor,0.05796595982142858
E06315,6.2295455,0.5931818,BEECHWOOD BLVD AT PARKWAY ENTRANCE,40.4285,-79.931,Inbound,Bus,5.6363637,6.8227273,Generator,10.501916107338426
N71220,4.18181818181818,31.954545454545467,CALIFORNIA AVE AT AVALON LOOP,40.5035,-80.0742,Outbound,Bus,-27.772727272727288,36.13636363636365,Attractor,0.13086770981507811
S04480,9.634091,14.736363500000001,ARLINGTON AVE AT KNOX AVE,40.4202,-79.9909,Both,Bus,-5.1022725000000015,24.3704545,Attractor,0.6537631214105162
E05260,2.1045457,37.86818,BEACON ST AT WIGHTMAN ST,40.434,-79.928,Both,Bus,-35.7636343,39.972725700000005,Attractor,0.05557557030731342
E03273,11.581818,0.975,ALBERT ST AT MAPLE AVE,40.408,-79.8196,Inbound,Bus,10.606818,12.556818,Generator,11.878787692307693
W19450,0.022727275,0.07045454500000001,ORCHARD SPRING RD AT #312,40.3937,-80.0684,Outbound,Bus,-0.04772727,0.09318182000000001,Attractor,0.3225806795005205
E23560,13.020454999999998,2.65,FRIENDSHIP AVE AT PACIFIC AVE,40.4621,-79.9403,Inbound,Bus,10.370454999999998,15.670454999999999,Generator,4.913379245283019
W70115,3.306818,10.95,CHARTIERS AVE AT HARLOW ST,40.4583,-80.0707,Outbound,Bus,-7.6431819999999995,14.256817999999999,Attractor,0.30199251141552513
E70590,7.60681818181818,29.0068181818182,BRADDOCK AVE AT 6TH ST,40.4033,-79.8687,Both,Bus,-21.40000000000002,36.61363636363638,Attractor,0.2622424194938492
X03430,0.0,9.422725,BROOKLINE BLVD OPP #1439,40.3924,-80.0075,Both,Bus,-9.422725,9.422725,Attractor,0.0
E70871,2.4272725,4.7363635,REED ST OPP ELMORE ST,40.4424,-79.9782,Outbound,Bus,-2.3090910000000004,7.163636,Attractor,0.5124759744474848
W02810,0.2568182,3.040909,CAROTHERS AVE AT FINLEY AVE FS,40.3966,-80.0881,Outbound,Bus,-2.7840908,3.2977272,Attractor,0.08445441807038619
X01640,3.2477275,0.26363634999999996,BEVERLY RD AT W MARLIN DR,40.3877,-80.0522,Inbound,Bus,2.98409115,3.51136385,Generator,12.318967016498295
W21810,5.8795455,26.2022725,STEUBEN ST OPP SANCTUS ST,40.4424,-80.0335,Outbound,Bus,-20.322727,32.081818,Attractor,0.2243906706946888
X18750,1.0772727500000001,14.429545000000001,VIRGINIA AVE AT BIGHAM ST,40.432,-80.0152,Outbound,Bus,-13.35227225,15.506817750000002,Attractor,0.07465743029319359
S48620,111.345455,112.59091000000001,WHARTON ST AT S 20TH ST,40.4304,-79.9772,Both,Bus,-1.2454550000000069,223.93636500000002,Attractor,0.9889382277841079
P00375,528.665895,138.843179,FOURTH AVE AT PPG ENTRANCE,40.4402,-80.0036,Outbound,Bus,389.822716,667.5090739999999,Generator,3.8076475834653714
N13540,1.9477275,4.640909,CATOMA ST AT LANARK ST,40.4606,-80.0041,Outbound,Bus,-2.6931814999999997,6.5886365,Attractor,0.4196866389752525
N28080,4.259091,0.05,ITIN ST OPP DIANA ST,40.4621,-79.9919,Inbound,Bus,4.209091,4.309091,Generator,85.18181999999999
N36480,0.304545445,2.42499995,MT ROYAL BLVD OPP DEHAVEN AVE,40.5511,-79.9714,Outbound,Bus,-2.120454505,2.729545395,Attractor,0.1255857531048609
E70262,0.2818182,0.022727275,MT CARMEL RD AT DOLLMAN RD,40.4664,-79.8687,Outbound,Bus,0.259090925,0.304545475,Generator,12.399999560000044
W08045,1.1386365,18.65,GREENTREE RD AT FORSYTHE RD,40.3999,-80.065,Outbound,Bus,-17.511363499999998,19.7886365,Attractor,0.061052895442359256
E70083,0.6863636500000001,0.75,JAMES ST AT LOWER BOONE DR,40.4148,-79.8158,Outbound,Bus,-0.0636363499999999,1.43636365,Attractor,0.9151515333333334
E17292,8.163636,369.04314999999997,EAST BUSWAY AT ROSLYN STATION A,40.4191,-79.8863,Outbound,Busway,-360.879514,377.20678599999997,Attractor,0.022121088008272206
N18590,2.1113635,0.025,ESSEN ST AT SUNSET AVE,40.4733,-80.0008,Inbound,Bus,2.0863635,2.1363635,Generator,84.45454
W02785,35.3181818181818,5.39090909090909,BROADWAY AVE AT WAYNE AVE,40.4693,-80.0692,Inbound,Bus,29.927272727272708,40.70909090909089,Generator,6.551433389544686
E08260,0.0,0.022727275,BLVD OF ALLIES AT MILTENBERGER ST,40.4359,-79.9814,Inbound,Bus,-0.022727275,0.022727275,Attractor,0.0
E54550,9.209091,1.1818182,TRENTON AVE AT FRANKLIN AVE,40.4433,-79.8924,Inbound,Bus,8.0272728,10.390909200000001,Generator,7.792307649349114
S70188,3.377272727272725,5.6386363636363654,KENNEDY AVE AT 2ND ST,40.3718,-79.8466,Inbound,Bus,-2.2613636363636402,9.01590909090909,Attractor,0.5989520354695682
S70401,0.025,0.1,LEWIS RUN RD AT HWY 885,40.3324,-79.934,Inbound,Bus,-0.07500000000000001,0.125,Attractor,0.25
S14784,4.363636363636361,6.5068181818181845,DUQUESNE BLVD AT CENTER ST,40.364,-79.8429,Both,Bus,-2.143181818181824,10.870454545454546,Attractor,0.6706252183024792
S42380,22.454545,3.793182175,SOUTH BUSWAY AT WHITED ST SHELTER,40.3956,-79.9996,Inbound,Busway,18.661362824999998,26.247727175,Generator,5.919711725946829
S24515,2.397727272727275,0.27272727272727276,HWY RT 51 OPP OLD CLAIRTON RD,40.2945,-79.9178,Inbound,Bus,2.125000000000002,2.670454545454548,Generator,8.791666666666675
E17422,6.3636365,6.6840910000000004,ECKSTEIN PL AT WADSWORTH ST,40.4426,-79.9684,Outbound,Bus,-0.3204545000000003,13.0477275,Attractor,0.9520571308798758
N36450,1.0181818,5.943182,MT ROYAL BLVD AT DEHAVEN CT,40.5446,-79.9723,Outbound,Bus,-4.9250002,6.9613638,Attractor,0.17131930336308057
S70490,0.9613636363636364,0.025,CHURCHVIEW AVE OPP REVO RD,40.3862,-79.9429,Inbound,Bus,0.9363636363636364,0.9863636363636364,Generator,38.45454545454545
E36098,4.4772728,40.04318015,LINCOLN AVE AT VERONA BLVD,40.4729,-79.889,Outbound,Bus,-35.565907349999996,44.52045295,Attractor,0.11181111947723263
E70352,0.125,0.97727275,UNITY TRESTLE RD AT ANDERSON LN,40.4856,-79.7696,Both,Bus,-0.85227275,1.10227275,Attractor,0.12790697376960525
E70901,9.95,0.640909090909091,BRADDOCK AVE AT 9TH ST,40.4001,-79.8643,Inbound,Bus,9.309090909090909,10.59090909090909,Generator,15.524822695035459
E16030,0.352272745,19.9704547,DALLAS AVE AT EDGERTON AVE,40.4476,-79.9109,Both,Bus,-19.618181955,20.322727445,Attractor,0.01763969575514973
E13490,86.12045499999999,152.625001,CENTRE AVE AT GRAHAM ST,40.4565,-79.9366,Outbound,Bus,-66.504546,238.745456,Attractor,0.5642617817247385
X00550,0.07045454545454545,0.0,BANK ST OPP ELM ST,40.3538,-80.1065,Inbound,Bus,0.07045454545454545,0.07045454545454545,Generator,
N21290,0.2545454545454545,3.40909090909091,FREEPORT RD AT HUMBOLDT ST,40.4961,-79.8572,Outbound,Bus,-3.1545454545454557,3.6636363636363645,Attractor,0.07466666666666663
N39650,3.472727272727275,10.6318181818182,OHIO RIVER BLVD AT ELIZABETH AVE FS,40.496,-80.0672,Outbound,Bus,-7.159090909090926,14.104545454545475,Attractor,0.326635314236853
X02270,8.534091,0.025,BOWER HILL RD AT PARKVIEW DR,40.3797,-80.0632,Inbound,Bus,8.509091,8.559091,Generator,341.36364
E25950,5.138636599999999,34.15908999999999,GREENWOOD ST AT JANCEY ST,40.4859,-79.9264,Outbound,Bus,-29.020453399999994,39.29772659999999,Attractor,0.15043247931956033
S24390,22.179546,2.4022727,HWY RT 51 OPP GLEN ELM DR,40.3566,-79.9802,Inbound,Bus,19.777273299999997,24.5818187,Generator,9.232734485139842
W22630,0.67272725,17.052273,STEUBENVILLE PIKE AT HIGHTOWER BLVD FS,40.4478,-80.1549,Outbound,Bus,-16.37954575,17.72500025,Attractor,0.03945088434837983
S70580,29.44091,4.568182,SARAH ST AT E CARSON ST,40.4243,-79.9624,Outbound,Bus,24.872728,34.009091999999995,Generator,6.44477606189946
E01480,43.586365,55.829544999999996,FIFTH AVE AT NEVILLE ST,40.4471,-79.9472,Inbound,Bus,-12.243179999999995,99.41591,Attractor,0.7807042848011748
N12960,1.659091,9.722727500000001,CALIFORNIA AVE AT PERROTT ST,40.4853,-80.0418,Outbound,Bus,-8.063636500000001,11.381818500000001,Attractor,0.17064049156988098
E19850,0.8409091000000001,36.9795475,FORBES AVE OPP BRIARCLIFF RD,40.4395,-79.8995,Outbound,Bus,-36.138638400000005,37.8204566,Attractor,0.0227398428820688
W07690,4.2772725000000005,4.7613635,GRAND AVE AT GIBSON LN,40.5152,-80.1423,Outbound,Bus,-0.4840909999999994,9.038636,Attractor,0.8983293336037041
E13270,15.672725,26.34091,CENTRE AVE AT BRYN MAWR RD,40.4491,-79.9575,Inbound,Bus,-10.668185000000001,42.013635,Attractor,0.5949955791200835
E41110,87.82273,163.04772499999999,MURRAY AVE AT BEACON ST,40.4349,-79.9229,Outbound,Bus,-75.22499499999998,250.870455,Attractor,0.5386320477639294
E55350,0.44090910000000005,0.145454545,VERONA BLVD AT #7281,40.471,-79.8883,Inbound,Bus,0.29545455500000006,0.586363645,Generator,3.031250071972657
E29870,4.856818,2.868182,HOMEWOOD AVE AT MT VERNON ST,40.4615,-79.8947,Outbound,Bus,1.9886359999999996,7.725,Generator,1.6933437278387493
N12820,42.29772727272726,3.0340909090909105,CALIFORNIA AVE AT FLORENCE AVE,40.5035,-80.0746,Inbound,Bus,39.263636363636344,45.33181818181817,Generator,13.940823970037442
W02820,0.66136365,14.529544999999999,CAROTHERS AVE AT HILL ST,40.4003,-80.0883,Outbound,Bus,-13.868181349999999,15.190908649999999,Attractor,0.04551853826117749
W70128,0.222727275,1.8954545,GREENTREE RD AT VIRGINIA MANSIONS,40.3916,-80.0712,Outbound,Bus,-1.672727225,2.118181775,Attractor,0.11750599922076736
E25352,4.6909089999999996,5.159091,GREENFIELD AVE AT HOOSAC ST,40.4258,-79.941,Outbound,Bus,-0.46818200000000054,9.85,Attractor,0.9092510676783951
E19790,30.9068185,35.247727499999996,FORBES AVE AT VAN BRAAM ST,40.4375,-79.9828,Outbound,Bus,-4.340908999999996,66.154546,Attractor,0.8768457058685557
E59730,0.145454545,0.94772725,WOODSTOCK AVE OPP WILKINS AVE,40.4133,-79.8712,Outbound,Bus,-0.802272705,1.093181795,Attractor,0.15347722142631226
X02080,4.256818,19.754545,BOWER HILL RD AT COCHRAN RD FS,40.3848,-80.0539,Outbound,Bus,-15.497727000000001,24.011363,Attractor,0.21548549966602623
S47340,0.045454545,0.18636365,WALNUT ST AT WORTHINGTON ST,40.3164,-79.8333,Outbound,Bus,-0.14090910499999998,0.231818195,Attractor,0.2439024187388474
W13200,4.1954545,1.0045454500000002,MCCOY RD OPP DUNN ST,40.4756,-80.0728,Inbound,Bus,3.19090905,5.1999999500000005,Generator,4.176470561884482
N70053,5.1704545,26.71591,PERRYSVILLE AVE AT WATSON BLVD,40.4842,-80.0136,Outbound,Bus,-21.545455500000003,31.8863645,Attractor,0.19353465781251694
S13874,10.225,1.45454545,CURRY HOLLOW RD OPP GREEN DR,40.3403,-79.9674,Inbound,Bus,8.77045455,11.679545449999999,Generator,7.029687521967774
N31540,8.884091,12.845455000000001,MAIN ST AT ALI ST,40.4946,-79.9347,Outbound,Bus,-3.9613640000000014,21.729546,Attractor,0.691613570714311
N52540,13.861365,14.413635,TROY HILL LOOP AT LOWRIE ST,40.4692,-79.9784,Both,Bus,-0.55227,28.275,Attractor,0.9616841969426866
P00690,10.27954545,139.3659055,SIXTH AVE AT BIGELOW BLVD,40.4404,-79.9946,Inbound,Bus,-129.08636005,149.64545095,Attractor,0.0737593991379764
N35700,1.4,0.1840909,MT ROYAL BLVD AT DEHAVEN AVE,40.5512,-79.9715,Inbound,Bus,1.2159091,1.5840908999999999,Generator,7.604938647157463
W11704,0.0,0.57045455,LINDSAY RD OPP PEACHTREE RD,40.3843,-80.0716,Outbound,Bus,-0.57045455,0.57045455,Attractor,0.0
E70939,3.1477275000000002,3.5295455000000002,CENTRE AVE OPP JUNILLA ST STEPS FS,40.4456,-79.97,Outbound,Bus,-0.381818,6.6772730000000005,Attractor,0.8918223323654562
X20430,5.30681818181818,17.3931818181818,WEST LIBERTY AVE OPP WISCONSIN AVE,40.3938,-80.0361,Outbound,Bus,-12.086363636363622,22.69999999999998,Attractor,0.30510910753952714
E52700,3.0749999,22.395452499999998,STANTON AVE AT HIGHVIEW ST,40.4729,-79.9298,Outbound,Bus,-19.320452599999996,25.4704524,Attractor,0.13730465593405627
N32970,4.934091,9.522727,MCKNIGHT RD AT STEVENS DR,40.509,-80.0041,Outbound,Bus,-4.588636,14.456817999999998,Attractor,0.518138449206829
E70876,0.0,0.0,GREENSBURG PIKE OPP 1ST ST,40.4021,-79.8238,Inbound,Bus,0.0,0.0,Balanced,
N31690,11.8272725,11.7113625,MAIN ST OPP 16TH ST,40.4946,-79.9252,Outbound,Bus,0.11590999999999951,23.538635,Generator,1.00989722587786
N21345,0.0,0.24772727272727274,FREEPORT RD AT JEFFERSON AVE FS,40.6326,-79.7147,Outbound,Bus,-0.24772727272727274,0.24772727272727274,Attractor,0.0
W20860,0.0,0.52954545,SILVER LANE OPP DIANA DR,40.4594,-80.1388,Outbound,Bus,-0.52954545,0.52954545,Attractor,0.0
N22760,2.1681817999999997,17.275,PITTSBURGH ST OPP SCHOOL ST,40.5414,-79.7779,Outbound,Bus,-15.1068182,19.443181799999998,Attractor,0.1255098002894356
E35300,22.997726,4.5977274999999995,LIBERTY AVE AT GROSS ST,40.4595,-79.9451,Outbound,Bus,18.399998500000002,27.595453499999998,Generator,5.001976737420824
N24100,2.9022727272727296,0.9045454545454545,GRANT AVE AT VILSACK ST,40.5052,-79.95,Inbound,Bus,1.997727272727275,3.8068181818181843,Generator,3.2085427135678417
E08741,0.14090909000000001,0.125,BRADDOCK AVE OPP DELMAR WAY,40.4238,-79.8871,Inbound,Bus,0.015909090000000015,0.26590909,Generator,1.1272727200000001
X02375,0.19545454499999998,7.175,BOWER HILL RD AT SEGAR RD,40.3784,-80.0646,Outbound,Bus,-6.979545455,7.370454544999999,Attractor,0.02724105156794425
X05120,0.265909090909091,6.227272727272725,DEWEY AVE OPP BANK ST,40.3564,-80.1103,Outbound,Bus,-5.961363636363634,6.4931818181818155,Attractor,0.042700729927007325
S70599,6.8431818181818205,4.911363636363635,LARGE PARK-AND-RIDE TERMINAL -,40.2949,-79.9104,Both,Bus,1.9318181818181852,11.754545454545456,Generator,1.3933364183248504
N10840,13.272725000000001,5.6295455,BRIGHTON RD OPP BRIGHTRIDGE ST,40.4616,-80.019,Inbound,Bus,7.643179500000001,18.9022705,Generator,2.3576903321946685
S19280,1.40909090909091,0.0,GARDENVILLE RD OPP CROSS ST,40.3499,-80.0082,Inbound,Bus,1.40909090909091,1.40909090909091,Generator,
N09501,7.35909090909091,5.68181818181818,BLAZIER DR AT GIANT EAGLE ENTRANCE DRIVE,40.5854,-80.0375,Both,Bus,1.6772727272727304,13.04090909090909,Generator,1.2952000000000006
X09320,2.165909,0.0,LABELLE ST OPP SYCAMORE ST,40.4333,-80.0163,Inbound,Bus,2.165909,2.165909,Generator,
N45680,1.42954545,16.295455,RHINE ST AT BUENTE ST,40.4662,-79.993,Outbound,Bus,-14.865909550000001,17.72500045,Attractor,0.08772663604667681
S70421,3.377272727272728,6.825000000000001,WATERFRONT DR AT COMMONWEALTH BANK DR FS,40.4134,-79.9065,Both,Bus,-3.447727272727273,10.202272727272728,Attractor,0.49483849483849485
E23510,10.856818,3.9613635,FRIENDSHIP AVE AT GROSS ST,40.4625,-79.9444,Inbound,Bus,6.8954545000000005,14.818181500000001,Generator,2.7406770421346085
N36390,0.170454545,0.05,MT ROYAL BLVD AT WOODLAND AVE,40.5379,-79.9722,Inbound,Bus,0.12045454500000001,0.220454545,Generator,3.4090909000000003
E23570,2.7545455,15.979545000000002,FRIENDSHIP AVE AT PACIFIC AVE,40.4621,-79.9405,Outbound,Bus,-13.224999500000003,18.7340905,Attractor,0.1723794701288428
E09330,19.875000000000007,1.663636363636364,BRADDOCK AVE OPP CHARLESTON AVE,40.4306,-79.8925,Inbound,Bus,18.211363636363643,21.53863636363637,Generator,11.946721311475411
N45230,0.0,0.0,PRESIDENTIAL DR AT CLEVELAND,40.5819,-79.9937,Outbound,Bus,0.0,0.0,Balanced,
E29057,6.665909,27.99091,HIGHLAND AVE AT STATION ST,40.4636,-79.9238,Outbound,Bus,-21.325001,34.656819,Attractor,0.23814549080397887
E70879,0.2340909,0.8681818000000001,GREENSBURG PIKE OPP LLOYD AVE,40.397,-79.8213,Outbound,Bus,-0.6340909000000001,1.1022727,Attractor,0.2696335030289738
N17270,27.156818545,36.81817945,EAST OHIO ST AT CHESTNUT ST FS,40.4546,-79.9953,Inbound,Bus,-9.661360905000002,63.974997995,Attractor,0.7375926498994778
W08254,0.025,8.586363500000001,GREENTREE RD OPP RYAN DR,40.4029,-80.0606,Outbound,Bus,-8.5613635,8.611363500000001,Attractor,0.0029115934819204893
N50550,0.0,0.0,SPRING GARDEN RD AT #3851,40.4877,-79.9972,Outbound,Bus,0.0,0.0,Balanced,
E54900,9.193182,0.147727275,UNITY TRESTLE RD AT EAST ALLEY NS,40.4898,-79.7796,Both,Bus,9.045454725,9.340909275,Generator,62.23076950414201
S37740,0.65,31.636364999999998,OTTILLA ST AT ST JOSEPH ST,40.4135,-79.9818,Outbound,Bus,-30.986365,32.286364999999996,Attractor,0.020545976125891836
E70182,222.4159055,60.513634499999995,ROSS AVE AT WOOD ST FS (SAVE A LOT),40.4425,-79.8841,Both,Bus,161.902271,282.92954,Generator,3.6754676419245653
E08980,0.28636364999999997,17.027275000000003,BRADDOCK AVE AT OVERTON ST,40.4343,-79.8952,Outbound,Bus,-16.740911350000005,17.31363865,Attractor,0.016817937691145524
N14030,2.3386365000000002,4.2227274999999995,CENTER AVE AT PERRYSVILLE RD,40.51,-80.0282,Inbound,Bus,-1.8840909999999993,6.561363999999999,Attractor,0.5538213157254406
S70406,42.46818181818181,12.388636363636364,5TH AVE OPP #1681,40.3531,-79.8463,Both,Bus,30.079545454545446,54.85681818181818,Generator,3.427994863327829
E35390,16.3022715,9.731818,LIBERTY AVE AT OSCEOLA ST,40.4579,-79.9422,Outbound,Bus,6.570453499999999,26.0340895,Generator,1.675151703412456
N71341,0.28863636363636347,18.397727272727252,MERCHANT ST AT 6TH ST,40.5865,-80.2272,Outbound,Bus,-18.109090909090888,18.686363636363616,Attractor,0.015688696726374313
W70133,0.04772727272727275,2.279545454545455,MCCOY RD AT N VIREO DR,40.4776,-80.0953,Outbound,Bus,-2.2318181818181824,2.327272727272728,Attractor,0.020937188434695917
S19240,0.0,1.2681818181818199,GARDENVILLE RD AT KOEFFLER DR,40.348,-80.0077,Outbound,Bus,-1.2681818181818199,1.2681818181818199,Attractor,0.0
S05232,0.1681818,1.6272725000000001,BALDWIN RD AT HOLY ANGEL SCHOOL,40.3877,-79.9326,Outbound,Bus,-1.4590907000000002,1.7954543,Attractor,0.10335195856870928
N44080,17.60682,5.0545455,PERRYSVILLE AVE OPP WALDORF ST,40.4914,-80.0204,Inbound,Bus,12.5522745,22.6613655,Generator,3.4833636377395356
E53470,0.45227275,1.568182,STEVENSON ST AT LOCUST ST,40.4368,-79.9866,Inbound,Bus,-1.11590925,2.02045475,Attractor,0.28840577815585183
E70308,5.3204547,6.7363636,COMMERCIAL ST AT WHIPPLE ST,40.4213,-79.9004,Both,Bus,-1.4159088999999998,12.0568183,Attractor,0.7898110933323136
S33290,48.281819999999996,19.311365,MCKINLEY ST AT BROWNSVILLE RD,40.4088,-79.9915,Both,Bus,28.970454999999998,67.59318499999999,Generator,2.5001764504994854
S14940,1.20454545,3.25,EASTMAN ST AT GREENSPRINGS AVE,40.3836,-79.8779,Inbound,Bus,-2.04545455,4.4545454499999995,Attractor,0.3706293692307692
W13210,1.1431818,3.915909,MCCOY RD AT DUNN ST,40.4757,-80.0727,Outbound,Bus,-2.7727272000000003,5.0590908,Attractor,0.2919326777001202
E45880,104.9045451,101.37500270000001,PENN AVE AT VILLAGE OF EASTSIDE SHPG CTR,40.4582,-79.9184,Inbound,Bus,3.529542399999997,206.27954780000002,Generator,1.0348166935239944
X18810,1.5818180000000002,8.086363500000001,VIRGINIA AVE AT MAPLE TERRACE,40.4306,-80.0094,Outbound,Bus,-6.504545500000001,9.668181500000001,Attractor,0.19561549514809717
N32490,2.13636365,20.1090905,MCKNIGHT RD AT BRAUNLICH DR,40.5218,-80.0052,Outbound,Bus,-17.97272685,22.24545415,Attractor,0.10623870085024481
E25339,0.1681818,0.097727275,GREENFIELD AVE AT HAYWORTH ST,40.4254,-79.9451,Inbound,Bus,0.07045452499999999,0.265909075,Generator,1.7209300064899997
W07990,3.993182,1.5931819999999999,GRAND AVE OPP ARMY CORPS OF ENGINEERS,40.5081,-80.1134,Inbound,Bus,2.4000000000000004,5.586364,Generator,2.506419228939318
W10310,11.04090909090909,0.840909090909091,ISLAND AVE AT BRADLEY ST,40.4704,-80.0605,Inbound,Bus,10.199999999999998,11.881818181818181,Generator,13.129729729729725
N71343,0.025,0.49772727499999997,CHATEAU ST AT HOFFMAN ST FS,40.4596,-80.0301,Outbound,Bus,-0.47272727499999995,0.5227272749999999,Attractor,0.05022831027293009
E44970,2.1363635,8.425,PARK HILL DR AT WHITE PINE PL,40.4545,-79.8741,Inbound,Bus,-6.288636500000001,10.5613635,Attractor,0.2535743026706231
N19610,0.0,0.375,FERGUSON RD AT SWEENEY RD,40.558,-79.9752,Outbound,Bus,-0.375,0.375,Attractor,0.0
E34820,0.675,1.409091,LEMINGTON AVE OPP #7249,40.467,-79.8917,Outbound,Bus,-0.734091,2.084091,Attractor,0.4790322271592112
E70741,3.3431819999999997,4.9136365,EVERTON ST AT SILVERTON ST,40.4628,-79.8916,Inbound,Bus,-1.5704545000000003,8.2568185,Attractor,0.6803885472602623
S70635,19.58636363636365,16.988636363636353,COMMONWEALTH AVE AT HILLTOP/PARKVIEW MANOR APTS,40.3802,-79.8655,Inbound,Bus,2.5977272727272975,36.575,Generator,1.1529096989966572
N36550,0.7227272499999999,1.55227285,MT ROYAL BLVD AT GLENSHAW AVE,40.5228,-79.9602,Outbound,Bus,-0.8295456000000001,2.2750000999999997,Attractor,0.4655929207291102
E25362,1.4181819999999998,3.7681820000000004,GREENFIELD AVE AT BLANTON ST STEPS,40.4244,-79.9375,Outbound,Bus,-2.3500000000000005,5.186364,Attractor,0.3763570867861477
E70362,0.0,0.0,HULTON RD AT PENNSYLVANIA AVE,40.526,-79.8152,Outbound,Bus,0.0,0.0,Balanced,
E57590,2.52954565,37.220455,WILKINS AVE AT NEGLEY AVE,40.444,-79.9261,Outbound,Bus,-34.69090935,39.750000650000004,Attractor,0.06796116946985199
E15680,156.522725,448.05683,CRAIG ST AT CENTRE AVE,40.4517,-79.9518,Both,Bus,-291.53410499999995,604.579555,Attractor,0.3493367682845054
W24050,5.1204545,9.1386365,WASHINGTON AVE AT CAROTHERS AVE,40.3961,-80.0863,Outbound,Bus,-4.018182,14.259091000000002,Attractor,0.5603083676651325
E37300,29.438634999999998,0.170454545,LONG RD AT PENTLAND DR,40.4543,-79.8376,Inbound,Bus,29.268180455,29.609089544999996,Generator,172.70665912721773
N38740,106.38636319999999,86.193183,NORTH AVE AT REDDOUR ST,40.4554,-80.0075,Both,Bus,20.193180199999986,192.57954619999998,Generator,1.2342781586334963
S16600,1.0977272999999999,6.53409075,E CARSON ST OPP S 2ND ST,40.4301,-79.9993,Outbound,Bus,-5.43636345,7.63181805,Attractor,0.16800000826434802
S13740,5.529545454545455,6.1,CRAWFORD AVE AT MONTEREY ST,40.3629,-79.8521,Inbound,Bus,-0.5704545454545444,11.629545454545454,Attractor,0.9064828614008944
N45890,18.897725,0.89772725,RIDGE AVE AT ARCH ST NS,40.4523,-80.0088,Outbound,Bus,17.999997750000002,19.79545225,Generator,21.0506309126742
N13020,0.5272727272727274,21.895454545454566,CALIFORNIA AVE AT SCHOOL ST,40.501,-80.0671,Outbound,Bus,-21.36818181818184,22.422727272727293,Attractor,0.024081378451318233
E70321,0.025,0.0,COAL HOLLOW RD AT OLD COAL HOLLOW RD #1,40.4665,-79.8469,Inbound,Bus,0.025,0.025,Generator,
E38322,15.00681818181819,4.974999999999999,MALL BLVD AT #120 (AT HOME STORE),40.4316,-79.7912,Both,Bus,10.031818181818192,19.981818181818188,Generator,3.0164458656920994
E08130,17.104544999999998,7.993182,BLVD OF ALLIES AT CRAFT AVE,40.4359,-79.9614,Both,Bus,9.111362999999997,25.097727,Generator,2.1398918478273106
S27207,29.006818181818197,2.6886363636363653,KEEPORT DR AT YOUNGRIDGE DR,40.3408,-79.9812,Inbound,Bus,26.31818181818183,31.695454545454563,Generator,10.788672865595942
S43665,0.34772725,0.34772725,ZUPANCIC DR OPP #6516,40.3205,-79.9921,Both,Bus,0.0,0.6954545,Balanced,1.0
N13955,0.295454545,0.025,CORNELL AVE AT OAKRIDGE RD,40.5108,-80.0456,Inbound,Bus,0.270454545,0.32045454500000004,Generator,11.8181818
N52330,0.0,0.0,THOMPSON RUN RD OPP HODIL RD,40.5349,-79.9904,Inbound,Bus,0.0,0.0,Balanced,
N44770,6.7818185,0.51363635,PITTSBURGH ST AT ORCHARD ST,40.542,-79.7747,Inbound,Bus,6.26818215,7.29545485,Generator,13.203540793014358
E29140,12.431818,129.170455,HIGHLAND AVE AT STANTON AVE,40.4696,-79.921,Outbound,Bus,-116.73863700000001,141.602273,Attractor,0.09624351017421127
E32240,5.225,3.584091,IOWA ST OPP CLARISSA ST,40.4524,-79.9567,Inbound,Bus,1.6409089999999997,8.809090999999999,Generator,1.4578312883238733
E32753,14.4590909,40.17273,JOHNSTON AVE OPP ROSELLE CT,40.4062,-79.9327,Both,Bus,-25.7136391,54.6318209,Attractor,0.3599230348547385
S70249,4.393182,0.5840909,CHALFONT ST AT CURTIN AVE,40.4167,-79.9987,Inbound,Bus,3.8090911000000003,4.9772729,Generator,7.5214012065587745
E25348,13.227272500000002,5.34545475,GREENFIELD AVE AT SECOND AVE,40.425,-79.9526,Inbound,Bus,7.8818177500000015,18.57272725,Generator,2.4744896587142566
E20455,4.5249999999999995,8.1,FRANKSTOWN AVE AT HOMEWOOD HOUSE,40.4576,-79.8975,Outbound,Bus,-3.575,12.625,Attractor,0.5586419753086419
E19010,1.9727275,2.5227275000000002,FIESTA DR OPP SUN VALLEY DR,40.4715,-79.7076,Both,Bus,-0.5500000000000003,4.495455,Attractor,0.781982001623243
E21430,21.256816999999998,0.465909075,FRANKSTOWN RD AT SPRING GROVE RD,40.4744,-79.822,Inbound,Bus,20.790907925,21.722726074999997,Generator,45.624389265223044
X00650,4.7795455,16.66818,BANKSVILLE RD AT MCMONAGLE AVE,40.3997,-80.0444,Outbound,Bus,-11.888634499999998,21.4477255,Attractor,0.2867466934002393
E39960,0.04772727272727275,0.659090909090909,MONROEVILLE BLVD AT JAMISON LN,40.4272,-79.7881,Outbound,Bus,-0.6113636363636362,0.7068181818181817,Attractor,0.07241379310344832
W04260,1.09318181818182,4.554545454545455,CHARTIERS AVE EXT AT STATE ST,40.4667,-80.0797,Outbound,Bus,-3.4613636363636346,5.647727272727275,Attractor,0.24001996007984072
N32690,0.97272725,55.047725,MCKNIGHT RD AT JOHNANNA DR FS,40.5463,-80.017,Both,Bus,-54.07499775,56.02045225,Attractor,0.017670616723942725
N14295,0.0,0.42954545,CORNELL AVE AT SPRUCE VALLEY DR,40.5108,-80.0455,Outbound,Bus,-0.42954545,0.42954545,Attractor,0.0
E17350,0.68636365,6.4340910000000004,EAST HILLS DR OPP #2220,40.4547,-79.872,Inbound,Bus,-5.747727350000001,7.12045465,Attractor,0.10667608680076175
E13510,7.1568185,9.231818,CENTRE AVE AT HELDMAN ST,40.4424,-79.9826,Outbound,Bus,-2.0749995000000006,16.3886365,Attractor,0.7752339246722585
N31905,8.284091,2.6772725,MATHIAS ST AT RHINE ST,40.4682,-79.9951,Inbound,Bus,5.6068185,10.961363500000001,Generator,3.0942278008682345
E70037,0.225,4.284091,ALLEGHENY AVE OPP ARCHIE ST,40.5237,-79.842,Outbound,Bus,-4.0590910000000004,4.509091,Attractor,0.052519892784723764
E29850,2.4272725,1.743182,HOMEWOOD AVE AT MONTICELLO ST,40.4595,-79.8955,Inbound,Bus,0.6840904999999999,4.1704545,Generator,1.3924377947913642
E70893,0.120454545,1.1727275000000001,ROBINSON BLVD AT W'BURG-PENN JOINT WATER AUTHOR,40.4576,-79.8644,Inbound,Bus,-1.052272955,1.2931820450000002,Attractor,0.10271315800132595
S42290,16.03181785,45.893182,SOUTH BUSWAY AT GLENBURY ST RAMP,40.3829,-79.9968,Outbound,Busway,-29.861364150000004,61.924999850000006,Attractor,0.34932896677332154
N50750,0.025,0.9954544999999999,SPRING GARDEN AVE AT MAUCH ST,40.4716,-79.9865,Outbound,Bus,-0.9704544999999999,1.0204544999999998,Attractor,0.02511415639790669
E46190,18.19772955,33.27727,PENN AVE AT MAIN ST,40.4657,-79.9551,Inbound,Bus,-15.079540450000003,51.47499955,Attractor,0.5468516362670375
E70033,0.65,6.2772725000000005,ALLEGHENY AVE OPP DELAWARE AVE,40.5176,-79.8431,Outbound,Bus,-5.6272725,6.927272500000001,Attractor,0.103548157260976
E01410,37.73182,433.69545,FIFTH AVE AT MOREWOOD AVE,40.4475,-79.9423,Inbound,Bus,-395.96362999999997,471.42727,Attractor,0.08700072827602871
N31886,0.0,1.0340909,MARSHALL AVE OPP SORREL ST,40.4638,-80.0283,Outbound,Bus,-1.0340909,1.0340909,Attractor,0.0
N14670,1.4545455,4.068182,N CHARLES ST AT STRAUSS ST,40.4632,-80.0197,Outbound,Bus,-2.6136365,5.5227275,Attractor,0.35754189463499914
E05210,10.556818250000001,35.172725,BEACON ST AT MURRAY AVE NS,40.4347,-79.9234,Both,Bus,-24.61590675,45.72954325,Attractor,0.3001421769282875
E70021,5.9340910000000004,3.1386364,OAKWOOD ST AT NIMICK PL,40.4499,-79.8842,Inbound,Bus,2.7954546000000002,9.072727400000002,Generator,1.890658949854784
E09620,1.5704544999999999,5.1227275,BRERETON ST AT DOBSON ST,40.4567,-79.9672,Inbound,Bus,-3.552273,6.693182,Attractor,0.3065660822286565
E30045,0.0,0.0,MILLTOWN RD AT HULTON RD,40.506,-79.7932,Inbound,Bus,0.0,0.0,Balanced,
E70034,0.8636363499999999,7.7454545,ALLEGHENY AVE OPP MARYLAND AVE NS,40.519,-79.8429,Outbound,Bus,-6.88181815,8.60909085,Attractor,0.11150234631163349
E04940,7.952272499999999,10.913635,BAUM BLVD AT MOREWOOD AVE,40.4549,-79.9453,Outbound,Bus,-2.9613625,18.8659075,Attractor,0.7286547974162596
N39550,1.1886363636363635,7.252272727272725,OHIO RIVER BLVD AT BIRMINGHAM AVE STEPS,40.4992,-80.0714,Outbound,Bus,-6.063636363636362,8.440909090909088,Attractor,0.1638984644312128
P70027,486.1591,1128.49997,LIBERTY AVE AT 6TH ST NS (SHELTER),40.4421,-80.0014,Both,Bus,-642.34087,1614.6590700000002,Attractor,0.4308011634240451
X06660,3.7886365,0.3409091,GILKESON RD AT CEDAR BLVD,40.3615,-80.0636,Inbound,Bus,3.4477273999999998,4.1295456,Generator,11.113333436977774
S70589,14.7977275,5.081818125,JUGHANDLE AT IVYGLEN ST FS,40.3824,-79.9956,Inbound,Bus,9.715909375,19.879545625,Generator,2.9118963205712918
E36180,0.095454545,0.38863635,LINCOLN HWY AT CLYDE AVE,40.389,-79.8308,Outbound,Bus,-0.293181805,0.484090895,Attractor,0.24561404253616523
N44530,1.2,8.893182,PITTSBURGH ST AT COLFAX ST FS,40.541,-79.7842,Outbound,Bus,-7.693181999999999,10.093181999999999,Attractor,0.13493482985055294
W26280,8.30681818181818,6.50909090909091,W PROSPECT AVE OPP KINGSLAND AVE,40.4476,-80.0717,Inbound,Bus,1.7977272727272702,14.81590909090909,Generator,1.2761871508379885
E70401,10.356818,8.7363635,WINTERBURN AVE AT GREENFIELD AVE,40.4263,-79.9398,Inbound,Bus,1.620454500000001,19.0931815,Generator,1.185483868659998
W70105,0.07045454500000001,2.4727275,MAHONEY RD OPP HAWTHORNE DR,40.4424,-80.2115,Outbound,Bus,-2.402272955,2.543182045,Attractor,0.02849264425619079
N31805,15.7818185,1.6136365449999999,MANHATTAN ST AT PENNSYLVANIA AVE,40.4542,-80.0264,Inbound,Bus,14.168181955,17.395455045,Generator,9.780280788075483
N10730,4.56363635,40.61591,BRIGHTON RD AT TERMON AVE,40.483,-80.0353,Outbound,Bus,-36.05227365,45.17954635,Attractor,0.11236080516231202
W24385,1.7000000000000002,0.04772727272727275,WASHINGTON PIKE AT SCHULTE ST,40.3629,-80.1103,Inbound,Bus,1.6522727272727273,1.747727272727273,Generator,35.619047619047606
N13860,2.031818,4.65,CENTER AVE AT HAWTHORNE AVE,40.5166,-80.022,Outbound,Bus,-2.6181820000000005,6.681818,Attractor,0.4369501075268817
E52960,1.5954545,27.397725,STANTON AVE AT WOODBINE ST FS,40.4818,-79.9392,Outbound,Bus,-25.802270500000002,28.9931795,Attractor,0.0582331014710163
W07870,0.1409091,1.509091,GRAND AVE AT VON STEIN LN FS,40.5174,-80.1488,Outbound,Bus,-1.3681819,1.6500001,Attractor,0.09337349437509071
X01935,3.043182,0.147727275,BOGGS AVE AT SOFFEL ST,40.4196,-80.0114,Inbound,Bus,2.895454725,3.1909092749999997,Generator,20.60000091384614
P03150,411.193193,45.140911,SMITHFIELD ST AT FT PITT BLVD,40.4369,-80.0008,Outbound,Bus,366.052282,456.334104,Generator,9.109102671853476
E36095,0.1590909,20.211365,LINCOLN AVE OPP LEMINGTON HOME DRVWY,40.471,-79.8921,Outbound,Bus,-20.0522741,20.3704559,Attractor,0.007871358515369941
E38330,0.3886363636363635,2.961363636363635,MALL BLVD AT WM PENN HWY,40.4359,-79.7854,Outbound,Bus,-2.5727272727272714,3.3499999999999988,Attractor,0.13123561013046817
N71339,2.8136365,0.2659091,MT TROY RD AT VILLA DR,40.4957,-80.0007,Inbound,Bus,2.5477274,3.0795456,Generator,10.581196732266777
N05390,0.0,0.0,AMITY DR AT #212,40.5459,-79.9945,Outbound,Bus,0.0,0.0,Balanced,
E33970,11.354545000000002,0.45454545,LAKETON RD AT HOWARD ST,40.4582,-79.8554,Inbound,Bus,10.899999550000002,11.809090450000001,Generator,24.979999249799995
N21715,0.04545454545454545,5.8613636363636346,FREEPORT RD AT PRINCETON AVE,40.6237,-79.7245,Outbound,Bus,-5.815909090909089,5.90681818181818,Attractor,0.00775494377665762
E50250,11.9227275,1.5068181999999999,SALTSBURG RD AT UNIVERSAL RD FS,40.4777,-79.7854,Inbound,Bus,10.415909300000001,13.4295457,Generator,7.912518909049546
S40090,0.025,0.22954544999999998,PROVOST RD OPP WHITEHALL CIR,40.3671,-79.9935,Inbound,Bus,-0.20454545,0.25454545,Attractor,0.10891089324576028
N10260,17.174997750000003,82.15682000000001,BRIGHTON RD AT BENTON AVE,40.4842,-80.0357,Outbound,Bus,-64.98182225000001,99.33181775000001,Attractor,0.20905139402912626
E19520,119.231815,67.78182,FORBES AVE AT MARGARET MORRISON ST NS,40.4428,-79.9378,Outbound,Bus,51.449995,187.013635,Generator,1.7590530174610244
E04430,1.0590909090909095,21.74318181818183,ARDMORE BLVD OPP NEWPORT RD,40.4257,-79.8618,Outbound,Bus,-20.684090909090923,22.80227272727274,Attractor,0.04870910421239677
S50253,0.509090909090909,1.0045454545454544,WORTHINGTON AVE AT HWY RT 51,40.291,-79.9136,Inbound,Bus,-0.49545454545454537,1.5136363636363634,Attractor,0.5067873303167421
S09340,0.45454545,0.1409091,BROWNSVILLE RD AT #311 (BAUSMAN NS),40.4141,-79.9882,Inbound,Bus,0.31363635,0.59545455,Generator,3.225806211238309
W23090,3.284091,0.022727275,SUMMIT PARK DR AT #20,40.4529,-80.1935,Inbound,Bus,3.2613637250000003,3.306818275,Generator,144.49998955000103
X04290,0.0,0.0,CEDAR BLVD OPP OLD CEDAR BLVD,40.3717,-80.0592,Inbound,Bus,0.0,0.0,Balanced,
E12000,19.045454499999998,4.7022729000000005,BUTLER ST AT 47TH ST,40.4741,-79.9579,Inbound,Bus,14.343181599999998,23.7477274,Generator,4.050265670459066
N15685,2.8522729,3.3431818499999997,CORBETT CT AT TOWNE TOWERS NORTH,40.5467,-80.0202,Both,Bus,-0.4909089499999997,6.19545475,Attractor,0.8531611584335445
N50645,2.0636365,0.1,SPRING GARDEN AVE OPP MAUCH ST,40.4717,-79.9866,Inbound,Bus,1.9636364999999998,2.1636365,Generator,20.636364999999998
S42280,40.720453045,14.929544875,SOUTH BUSWAY AT EDGEBROOK SHELTER,40.403,-80.0022,Inbound,Busway,25.79090817,55.64999792,Generator,2.7275079974599694
S04360,12.08409,2.2386365,ARLINGTON AVE AT DENGLER ST,40.4172,-79.9677,Inbound,Bus,9.8454535,14.3227265,Generator,5.397968808245555
N25460,0.0,0.0,HEMLOCK DR OPP #4424,40.5788,-79.9808,Outbound,Bus,0.0,0.0,Balanced,
E17302,715.6999699999999,513.9613445,EAST BUSWAY AT EAST LIBERTY STATION C,40.4594,-79.9231,Inbound,Busway,201.7386254999999,1229.6613145,Generator,1.3925171175981308
W03540,62.727275,10.209091,CHARTIERS AVE AT LORENZ AVE,40.444,-80.0407,Inbound,Bus,52.518184,72.93636599999999,Generator,6.1442566238267435
N10340,14.3613635,33.4454525,BRIGHTON RD AT N CHARLES ST,40.4596,-80.0169,Outbound,Bus,-19.084089000000002,47.806816,Attractor,0.4293965973401017
W08590,3.05909090909091,0.443181818181818,HERBST RD AT DOWNS DR,40.4928,-80.1183,Both,Bus,2.615909090909092,3.502272727272728,Generator,6.902564102564107
S34170,3.7613640000000004,0.559090895,MIFFLIN RD AT MOHRBACH ST FS,40.3669,-79.9099,Inbound,Bus,3.2022731050000006,4.320454895,Generator,6.727643096387753
S70041,0.7227272499999999,57.781819999999996,S 26TH ST AT SIDNEY ST,40.4282,-79.968,Inbound,Bus,-57.05909275,58.504547249999995,Attractor,0.012507865795850667
W17240,1.3,0.40909090000000004,NOBLESTOWN RD AT #640,40.4157,-80.0707,Inbound,Bus,0.8909091,1.7090909,Generator,3.177777848395063
W21480,8.738636,1.5568181,STEUBEN ST AT DEXTER ST,40.4423,-80.0506,Inbound,Bus,7.1818178999999995,10.2954541,Generator,5.613138747551817
S02880,2.9159093,9.0590909,8TH AVE AT RAVINE ST,40.4087,-79.8955,Both,Bus,-6.143181599999999,11.9750002,Attractor,0.32187659139174774
S25570,4.5863635,0.5068182,INTERBORO AVE OPP LINDBERG AVE,40.3753,-79.9105,Inbound,Bus,4.0795453,5.0931817,Generator,9.049326760562268
S70502,5.1613635,0.47727275,SPENCER AVE AT CUSTER AVE,40.393,-79.9763,Inbound,Bus,4.68409075,5.63863625,Generator,10.81428491360548
W18290,1.02272725,2.0136365,NOBLESTOWN RD OPP #640,40.4159,-80.0707,Outbound,Bus,-0.9909092500000001,3.03636375,Attractor,0.5079006315191446
E20950,0.52272725,0.87954545,FRANKSTOWN RD OPP CURTIS ST,40.4628,-79.8501,Inbound,Bus,-0.3568182,1.4022727,Attractor,0.5943152227096394
W03970,2.556818,12.590910000000001,CHARTIERS AVE OPP MUNICIPAL ST,40.4522,-80.0527,Outbound,Bus,-10.034092000000001,15.147728,Attractor,0.20306856295533837
X09310,3.2272724999999998,0.022727275,LABELLE ST AT PIERMONT ST,40.4346,-80.016,Inbound,Bus,3.204545225,3.2499997749999996,Generator,141.9999758000024
E35360,11.565909999999999,18.01818,LIBERTY AVE AT MILLVALE AVE,40.46,-79.9458,Inbound,Bus,-6.452270000000002,29.58409,Attractor,0.6419022342989136
P00330,21.288636500000003,251.41591,SECOND AVE OPP MUNICIPAL COURTS DR FS,40.436,-79.9955,Inbound,Bus,-230.1272735,272.7045465,Attractor,0.08467497741093634
S70362,1.245454545454545,0.8477272727272751,MONONGAHELA AVE OPP LINCOLN ST,40.3402,-79.8879,Outbound,Bus,0.3977272727272698,2.09318181818182,Generator,1.4691689008042847
X02330,8.620454500000001,0.18636365,BOWER HILL RD OPP RUTH ST,40.3805,-80.0614,Inbound,Bus,8.43409085,8.806818150000002,Generator,46.25609393248094
S48589,0.0,0.36363635,WEYMAN RD OPP FOXWOOD MANOR APTS,40.3674,-79.9992,Outbound,Bus,-0.36363635,0.36363635,Attractor,0.0
E11680,12.740908999999998,21.868182499999996,BUTLER ST AT 43RD ST,40.4705,-79.9604,Outbound,Bus,-9.127273499999998,34.60909149999999,Attractor,0.582623132946691
E70763,0.7659091,2.2772725,LARIMER AVE AT SHETLAND ST,40.4661,-79.9123,Outbound,Bus,-1.5113634,3.0431816,Attractor,0.33632738286700425
E14136,3.31363615,0.8340909000000001,CHASKE ST AT WESTMINSTER DR,40.4739,-79.8639,Both,Bus,2.4795452499999997,4.14772705,Generator,3.972751830765687
E28660,7.2431814999999995,1.9227273,HAZELWOOD AVE OPP #711,40.4198,-79.9326,Both,Bus,5.3204541999999995,9.1659088,Generator,3.767139260986204
E46150,20.5477285,1.1159091,PENN AVE AT LEXINGTON ST,40.4487,-79.8996,Inbound,Bus,19.431819400000002,21.6636376,Generator,18.413442904982134
N29350,0.0,0.25227275,LAURELWOOD DR AT #126,40.5519,-80.0051,Outbound,Bus,-0.25227275,0.25227275,Attractor,0.0
S47450,0.0,0.025,WALNUT ST OPP LONG RUN RD,40.3242,-79.8392,Outbound,Bus,-0.025,0.025,Attractor,0.0
E36360,3.4204545,0.0,LINCOLN HWY AT TAYLOR ST,40.3782,-79.8035,Inbound,Bus,3.4204545,3.4204545,Generator,
S70481,23.4590909090909,0.21136363636363648,EDEN PARK BLVD AT O'NEIL BLVD,40.3474,-79.8323,Inbound,Bus,23.247727272727264,23.670454545454536,Generator,110.98924731182785
N33150,10.313635999999999,3.7409089000000004,MCKNIGHT RD OPP STEVENS DR,40.5094,-80.0042,Inbound,Bus,6.572727099999998,14.0545449,Generator,2.756986677756306
E70853,0.05,0.9590909000000001,HAZELWOOD AVE AT GLADSTONE ST,40.4125,-79.9403,Inbound,Bus,-0.9090909,1.0090909000000001,Attractor,0.05213270191594978
E70986,0.49772724999999995,0.80227275,BLAIR ST OPP STREET A,40.4263,-79.9557,Inbound,Bus,-0.3045455,1.2999999999999998,Attractor,0.620396554662987
X18780,2.1795455,4.456818,VIRGINIA AVE AT KEARSARGE ST,40.4311,-80.0102,Outbound,Bus,-2.2772725,6.6363635,Attractor,0.4890362361667001
E32746,4.8886365,1.12272725,JOHNSTON AVE AT RIVERMONT DR FS,40.4067,-79.9278,Both,Bus,3.7659092499999995,6.011363749999999,Generator,4.354251221745976
E04320,26.847725275000002,5.043181945000001,ARDMORE BLVD AT MARLBORO AVE FS,40.4359,-79.8717,Inbound,Bus,21.80454333,31.890907220000003,Generator,5.323568645310892
S27340,0.19545454545454544,2.124999999999998,KENNEDY AVE OPP DELL ST,40.3664,-79.8573,Both,Bus,-1.9295454545454525,2.320454545454543,Attractor,0.09197860962566853
N50650,0.07272727500000001,0.43181820000000004,SPRING GARDEN AVE OPP OLD HONESTY ST,40.462,-79.9872,Outbound,Bus,-0.35909092500000006,0.504545475,Attractor,0.16842105080332417
S00200,1.08863635,20.377271,S 18TH ST AT CROSSMAN ST FS,40.4217,-79.9794,Outbound,Bus,-19.28863465,21.465907350000002,Attractor,0.053424050256778745
S12530,0.45681820000000006,3.375,CLIMAX ST AT HABERMAN AVE,40.42,-80.0023,Outbound,Bus,-2.9181818,3.8318182,Attractor,0.13535354074074077
E70967,0.0,0.022727275,JAMES ST AT #1446,40.4212,-79.8062,Outbound,Bus,-0.022727275,0.022727275,Attractor,0.0
N14190,2.1,0.41363635,CENTER AVE AT TOWNSHIP RD,40.5188,-80.0255,Inbound,Bus,1.68636365,2.51363635,Generator,5.076923244294173
N40270,7.677272500000001,5.5204545000000005,OHIO RIVER BLVD OPP MCKEES ROCKS BRIDGE FS,40.4794,-80.0435,Outbound,Bus,2.1568180000000003,13.197727,Generator,1.3906957298534024
X02230,3.6409089999999997,10.313636299999999,BOWER HILL RD AT N MEADOWCROFT AVE,40.3867,-80.0461,Both,Bus,-6.672727299999999,13.9545453,Attractor,0.35301894444348403
E38810,0.7727273,0.35681820000000003,MARK DR AT #7915,40.47,-79.8681,Both,Bus,0.4159091,1.1295455,Generator,2.16560506162522
N33580,21.652272727272752,1.0227272727272751,MERCHANT ST AT 4TH ST,40.5838,-80.2253,Inbound,Bus,20.62954545454548,22.675000000000026,Generator,21.171111111111085
S70324,0.6977272727272728,0.4772727272727275,STATE ST AT MILL DR,40.2944,-79.8746,Inbound,Bus,0.22045454545454524,1.1750000000000003,Generator,1.4619047619047612
E36970,2.9568181818181833,4.41590909090909,LINDEN AVE OPP SR CITIZEN APTS,40.3987,-79.8365,Outbound,Bus,-1.4590909090909068,7.372727272727273,Attractor,0.6695831188883175
S50255,2.28409090909091,0.0,WORTHINGTON AVE OPP PETERSON DR,40.2939,-79.9032,Inbound,Bus,2.28409090909091,2.28409090909091,Generator,
N70175,0.125,0.075,DELAFIELD RD AT FOX CHAPEL RD,40.4991,-79.8839,Inbound,Bus,0.05,0.2,Generator,1.6666666666666667
E70825,14.713636363636365,8.536363636363637,VIADUCT WAY TERMINAL,40.3852,-79.7614,Both,Bus,6.177272727272728,23.25,Generator,1.7236421725239617
E08120,5.3704543000000005,33.8863625,BLVD OF ALLIES AT CRAFT AVE FS,40.4358,-79.9609,Both,Bus,-28.5159082,39.256816799999996,Attractor,0.15848423683716423
N37070,0.05,1.9363635000000001,MT TROY RD AT MT TROY RD EXT,40.4957,-80.0003,Outbound,Bus,-1.8863635,1.9863635000000002,Attractor,0.025821598062553856
N40320,19.895454545454548,0.40681818181818197,OHIO RIVER BLVD OPP PENNSYLVANIA AVE,40.511,-80.0999,Inbound,Bus,19.488636363636367,20.30227272727273,Generator,48.905027932960884
E70999,6.045453999999999,1.2727275500000002,FRANKSTOWN RD AT #12245,40.4724,-79.8197,Inbound,Bus,4.7727264499999995,7.318181549999999,Generator,4.74999853660746
S70504,2.2977272727272746,0.025,CUSTER AVE AT MARY ST,40.3936,-79.9727,Inbound,Bus,2.2727272727272747,2.3227272727272745,Generator,91.90909090909098
E70807,33.022725,13.809090000000001,STANTON AVE AT HIGHLAND AVE,40.4697,-79.9212,Inbound,Bus,19.213635,46.831815000000006,Generator,2.3913758980497626
W15770,5.518182,0.993182,NEVILLE RD OPP GULF OIL ENTRANCE,40.4977,-80.0917,Inbound,Bus,4.525,6.511364,Generator,5.556063239164625
S04550,55.252275,14.925,ARLINGTON AVE OPP JOSEPHINE ST,40.4173,-79.9656,Inbound,Bus,40.327275,70.177275,Generator,3.7019949748743715
S49500,3.2681818181818203,23.593181818181804,W 5TH AVE OPP RAMP #2,40.3466,-79.8807,Both,Bus,-20.324999999999985,26.861363636363624,Attractor,0.13852230035642055
E01840,74.7795455,51.5295455,FIFTH AVE AT WYANDOTTE ST,40.4383,-79.9774,Inbound,Bus,23.25,126.309091,Generator,1.4511974591353616
E26400,10.281818,5.052272500000001,HAMILTON AVE AT BRADDOCK AVE,40.4531,-79.8907,Inbound,Bus,5.229545499999999,15.3340905,Generator,2.0350877748577494
W08490,2.8499999999999988,11.065909090909095,HECKLE RD AT SHOP-N-SAVE DRVWY FS,40.4735,-80.0944,Both,Bus,-8.215909090909097,13.915909090909093,Attractor,0.25754775107824995
E70949,0.095454545,0.022727275,MT CARMEL RD AT GEISLER WAY,40.4682,-79.8845,Outbound,Bus,0.07272727,0.11818182,Generator,4.199999560000044
S70485,1.822727272727275,0.025,EDEN PARK BLVD AT VICTORY DR,40.3457,-79.831,Inbound,Bus,1.797727272727275,1.8477272727272749,Generator,72.90909090909099
W04650,0.0,0.6,CLEVER RD OPP MONTOUR HIGH SCHOOL,40.4685,-80.1236,Outbound,Bus,-0.6,0.6,Attractor,0.0
S70541,0.05,1.9181818181818202,CHURCHVIEW AVE AT MARY ANN DR FS,40.384,-79.953,Outbound,Bus,-1.8681818181818202,1.9681818181818203,Attractor,0.026066350710900448
S09200,99.34545499999999,58.927274999999995,BROWNSVILLE RD AT WALNUT ST FS,40.416,-79.9871,Inbound,Bus,40.41817999999999,158.27272999999997,Generator,1.6858993564525087
W03500,17.675,4.7613635,CHARTIERS AVE AT KRUPP ST,40.4581,-80.0709,Inbound,Bus,12.9136365,22.4363635,Generator,3.7121719440240177
W10610,0.097727275,3.084091,ISLAND AVE OPP ORR ST,40.4844,-80.0725,Outbound,Bus,-2.986363725,3.181818275,Attractor,0.03168754586035237
S01620,16.77045454545454,64.69999999999999,5TH AVE AT #1681,40.3533,-79.8461,Both,Bus,-47.92954545454545,81.47045454545453,Attractor,0.2592033160039342
E09900,1.3931818,8.8272725,BRINTON AVE OPP BOWERS ST,40.4026,-79.842,Outbound,Bus,-7.4340907,10.2204543,Attractor,0.15782698449606036
N08840,0.877272727272725,4.504545454545455,BEAVER ST OPP RAPP ST,40.5667,-80.2097,Outbound,Bus,-3.6272727272727296,5.38181818181818,Attractor,0.19475277497477245
E44800,4.0113635,0.8181818,PALLAS ST AT WOLFE AVE,40.4058,-79.8453,Inbound,Bus,3.1931817,4.8295452999999995,Generator,4.902777720061727
E01960,24.83409,25.89545475,FIFTH AVE OPP GIST ST,40.4383,-79.9794,Inbound,Bus,-1.0613647499999992,50.72954475,Attractor,0.9590134732042117
W19945,0.0,0.465909090909091,PITCHFORK LN AT FIDDLEBACK DR,40.4698,-80.1117,Both,Bus,-0.465909090909091,0.465909090909091,Attractor,0.0
N12720,52.2181818181818,1.3068181818181799,CALIFORNIA AVE AT CHESTNUT ST,40.5002,-80.066,Inbound,Bus,50.91136363636362,53.52499999999998,Generator,39.95826086956526
N18220,1.809091,8.7772725,EAST ST OPP MT PLEASANT RD,40.4823,-80.006,Inbound,Bus,-6.9681815,10.586363500000001,Attractor,0.20611083910178246
X02290,2.6295455,0.075,BOWER HILL RD AT PAT HAVEN DR,40.3733,-80.0755,Inbound,Bus,2.5545454999999997,2.7045455,Generator,35.060606666666665
P70019,28.1613635,794.4227450000001,SIXTH AVE AT CENTRE AVE,40.4398,-79.9942,Inbound,Bus,-766.2613815000001,822.5841085000001,Attractor,0.0354488383889361
E17340,1.568182,0.1840909,EAST HILLS DR AT #2220,40.4546,-79.872,Outbound,Bus,1.3840911,1.7522729,Generator,8.51851992684049
N16744,1.422727272727275,0.40227272727272745,DUNCAN AVE OPP ROYAL MANOR CT #2,40.566,-80.0017,Inbound,Bus,1.0204545454545477,1.8250000000000024,Generator,3.536723163841812
W70132,2.74090909090909,0.04545454545454545,MCCOY RD AT S VIREO DR,40.4775,-80.0952,Inbound,Bus,2.6954545454545444,2.7863636363636353,Generator,60.29999999999998
S00410,21.3727275,3.1431818000000002,S 18TH ST OPP WACHTER ST,40.4206,-79.9861,Inbound,Bus,18.2295457,24.5159093,Generator,6.799710885320091
W08043,3.69318181818182,0.04772727272727275,GREENTREE RD AT FOREST DR FS,40.4056,-80.0541,Inbound,Bus,3.6454545454545473,3.740909090909093,Generator,77.38095238095238
W24270,13.82727272727275,8.65681818181818,WASHINGTON AVE AT MAIN ST FS,40.4091,-80.0837,Outbound,Bus,5.17045454545457,22.48409090909093,Generator,1.5972696245733817
E32324,0.07272727272727275,1.0840909090909099,JAMES ST AT SPEELMAN LN,40.4212,-79.8,Outbound,Bus,-1.0113636363636371,1.1568181818181826,Attractor,0.06708595387840668
E70973,2.681818,8.2704545,FRANKSTOWN OPP HOCHBERG RD FS,40.4616,-79.861,Outbound,Bus,-5.5886365,10.9522725,Attractor,0.32426488773984546
E70368,2.30681815,10.772727000000001,BEATTY ST AT BAUM BLVD,40.46,-79.9278,Outbound,Bus,-8.465908850000002,13.079545150000001,Attractor,0.2141350235645997
E39530,41.7340907,18.374998650000002,MONONGAHELA AVE AT CHURCH ST,40.4217,-79.8903,Inbound,Bus,23.35909205,60.109089350000005,Generator,2.271243198159364
N24180,0.09545454545454546,3.60681818181818,GRANT AVE AT DAVIS AVE,40.4902,-80.0507,Outbound,Bus,-3.511363636363635,3.7022727272727254,Attractor,0.026465028355387537
S70477,0.168181818181818,10.90909090909091,EDEN PARK BLVD AT MAYFAIR AVE,40.3434,-79.8294,Outbound,Bus,-10.740909090909092,11.077272727272728,Attractor,0.015416666666666648
S70510,1.870454545454545,0.12045454545454545,AGNEW RD AT ACADEMY CHARTER SCHOOL DRVWY,40.3994,-79.9676,Inbound,Bus,1.7499999999999996,1.9909090909090903,Generator,15.528301886792448
E30036,0.04545455,0.0,HULTON RD OPP HULTON ESTATES,40.5132,-79.8032,Inbound,Bus,0.04545455,0.04545455,Generator,
E01730,897.2454465,1392.3363605,FIFTH AVE AT THACKERAY AVE,40.4433,-79.9565,Both,Bus,-495.090914,2289.581807,Attractor,0.6444171623714484
E48205,8.879545499999999,3.1613635,RANKIN BLVD AT KENMAWR AVE FS,40.4104,-79.878,Inbound,Bus,5.718181999999999,12.040909,Generator,2.808770804116641
W70180,0.025,3.706818,UNIVERSITY BLVD OPP PATTON DR,40.5064,-80.2233,Outbound,Bus,-3.6818180000000003,3.731818,Attractor,0.006744328963547711
E46940,1.6772725,4.893182,PENN CENTER BLVD OPP PENN TOWERS (UPPER),40.4242,-79.8125,Outbound,Bus,-3.2159095000000004,6.5704545,Attractor,0.3427774605563414
E70969,0.0,0.0,JACKS RUN RD AT #3150,40.3491,-79.791,Inbound,Bus,0.0,0.0,Balanced,
E58725,0.5022727272727275,8.00909090909091,WM PENN HWY OPP RITE AID,40.4387,-79.7679,Outbound,Bus,-7.506818181818182,8.511363636363637,Attractor,0.06271282633371172
X18550,1.025,0.9,VANADIUM RD AT BOWER HILL RD,40.3684,-80.0843,Outbound,Bus,0.12499999999999989,1.9249999999999998,Generator,1.1388888888888888
E30100,10.134091,43.236365000000006,HOWLEY ST AT SHUR SAVE DRVWY FS (GANGWISH S,40.4644,-79.9523,Outbound,Bus,-33.10227400000001,53.370456000000004,Attractor,0.23438813600542038
W16360,1.1,11.895454999999998,NOBLESTOWN RD OPP DENISONVIEW ST,40.4351,-80.0505,Outbound,Bus,-10.795454999999999,12.995454999999998,Attractor,0.09247229298921313
S70643,0.225,4.21590909090909,PROSPECT RD AT HOLLYROOD RD FS,40.3627,-79.9636,Outbound,Bus,-3.99090909090909,4.44090909090909,Attractor,0.05336927223719678
E01350,118.509091,17.93636385,FIFTH AVE AT MARYLAND AVE,40.4506,-79.9274,Both,Bus,100.57272714999999,136.44545485,Generator,6.607197088054166
E08450,60.974999999999994,76.08409090909089,BOYCE CAMPUS EAST PKG LOT AT STEPS,40.4532,-79.7514,Both,Bus,-15.109090909090895,137.05909090909088,Attractor,0.8014158974818534
N27620,1.386363636363635,0.256818181818182,INDUSTRIAL BLVD AT KEY LINCOLN-MERCURY,40.5634,-79.7679,Both,Bus,1.1295454545454529,1.643181818181817,Generator,5.398230088495565
N22770,0.16136365,1.4704545,FREEPORT RD OPP S OAK HILL RD,40.4887,-79.8773,Outbound,Bus,-1.30909085,1.63181815,Attractor,0.1097372615065614
W08820,0.0,0.0,HERBST RD OPP JENNY LN,40.494,-80.1171,Both,Bus,0.0,0.0,Balanced,
N28060,0.2931818,4.159091,ITIN ST AT HIGH ST,40.4597,-79.9947,Outbound,Bus,-3.8659092,4.4522728,Attractor,0.07049179736629951
N39030,0.0,0.1386363636363635,NORTHGATE DR AT SPRINGFIELD DR,40.5778,-79.9922,Outbound,Bus,-0.1386363636363635,0.1386363636363635,Attractor,0.0
E30375,85.21591000000001,0.3181818,HWY RT 286 AT HOLIDAY PARK VFD,40.4665,-79.7055,Inbound,Bus,84.8977282,85.53409180000001,Generator,267.8214467326541
P02430,129.979543,1239.3090849999999,LIBERTY AVE AT GATEWAY #4,40.4413,-80.005,Both,Bus,-1109.329542,1369.2886279999998,Attractor,0.10488065049567519
E70384,1.000000025,12.7363635,LEECHBURG RD AT ALCOMA BLVD,40.4882,-79.8013,Outbound,Bus,-11.736363475,13.736363525,Attractor,0.07851534898481817
E14400,4.2477275,8.518182,CLARISSA ST AT LYON ST,40.4531,-79.9599,Outbound,Bus,-4.2704545,12.7659095,Attractor,0.4986659712131063
S70263,4.6022725,8.009091,BAUSMAN AVE AT GRIMES AVE,40.4143,-79.9929,Outbound,Bus,-3.4068185,12.6113635,Attractor,0.5746310661222354
E38355,7.41590909090909,1.1136363636363635,MALL BLVD AT MCDONALD'S,40.4349,-79.7865,Inbound,Bus,6.302272727272727,8.529545454545454,Generator,6.659183673469387
S11360,10.163635,2.1386365,CHALFONT ST AT GEARING AVE,40.4166,-80.0048,Inbound,Bus,8.024998499999999,12.3022715,Generator,4.752390132685007
N31250,0.825,26.525,LOWRIE ST OPP FROMAN ST,40.4641,-79.9823,Outbound,Bus,-25.7,27.349999999999998,Attractor,0.03110273327049953
E32695,0.37272724999999995,3.9613635,JEFFERSON RD AT UNIVERSAL RD,40.4654,-79.8245,Outbound,Bus,-3.58863625,4.33409075,Attractor,0.09409064580920179
E05240,1.325,11.165909,BEACON ST AT SHADY AVE,40.4353,-79.9191,Both,Bus,-9.840909,12.490908999999998,Attractor,0.11866476791096901
E03330,1.0818182,12.643180000000001,ALLEGHENY RIVER BLVD AT CENTER AVE FS,40.5067,-79.8427,Outbound,Bus,-11.5613618,13.724998200000002,Attractor,0.08556535618412456
E70843,2.1772725,0.347727275,HAZELWOOD AVE AT NANSEN ST,40.4134,-79.9394,Outbound,Bus,1.829545225,2.524999775,Generator,6.261437213977534
E35400,28.543185,57.252275,LIBERTY AVE AT PEARL ST,40.4621,-79.9497,Inbound,Bus,-28.709089999999996,85.79545999999999,Attractor,0.4985511056110871
S00800,11.215909,0.9159090999999999,SECOND AVE AT GLENWOOD AVE,40.401,-79.9393,Inbound,Bus,10.2999999,12.1318181,Generator,12.245657347437644
S70262,2.475,4.109091,BAUSMAN AVE OPP ROMEYN ST,40.4144,-79.992,Outbound,Bus,-1.6340910000000002,6.584091000000001,Attractor,0.6023229955238275
S27320,2.911363636363638,6.9477272727272705,KENNEDY AVE AT PETER ST,40.3675,-79.8559,Both,Bus,-4.036363636363633,9.85909090909091,Attractor,0.4190382728164871
N40900,0.922727272727273,3.9659090909090926,PEEBLES RD AT DUNCAN AVE FS,40.5671,-80.0072,Both,Bus,-3.0431818181818198,4.8886363636363654,Attractor,0.23266475644699136
N35950,0.7795454500000001,3.9295457000000003,MT ROYAL BLVD AT KENNETH DR,40.5109,-79.957,Outbound,Bus,-3.15000025,4.709091150000001,Attractor,0.19838055325326795
N28970,9.87727272727275,0.3545454545454545,KENDALL AVE OPP WATSON AVE,40.4879,-80.052,Inbound,Bus,9.522727272727295,10.231818181818205,Generator,27.85897435897443
N45700,0.41818180000000005,18.320455000000003,RHINE ST AT ITIN ST FS,40.4628,-79.991,Outbound,Bus,-17.902273200000003,18.738636800000002,Attractor,0.022825950556358998
E70447,2.1704547,21.8818175,FRANKSTOWN RD AT PETERMANS LN,40.4838,-79.8192,Outbound,Bus,-19.7113628,24.0522722,Attractor,0.09918987305327814
X18720,5.0613635,0.12272727500000001,VIRGINIA AVE OPP BERTHA ST,40.4314,-80.0122,Inbound,Bus,4.938636225,5.184090775,Generator,41.240738865912235
S27330,9.420454545454545,4.004545454545452,KENNEDY AVE AT WILMOT ST,40.3689,-79.8545,Both,Bus,5.415909090909093,13.424999999999997,Generator,2.352440408626562
E70143,0.07272727500000001,12.788635,HWY RT 286 AT ROYAL OAKS SHOPPING CENTER DRV,40.444,-79.7135,Outbound,Bus,-12.715907725,12.861362275,Attractor,0.005686867675870021
N21510,26.640909090909116,17.515909090909073,FREEPORT RD AT TARGET (HARMAR),40.5376,-79.8366,Inbound,Bus,9.125000000000043,44.15681818181819,Generator,1.520954975995851
E70814,54.24318,42.80909,HIGHLAND AVE AT ELLSWORTH AVE STEPS,40.4588,-79.9252,Inbound,Bus,11.434090000000005,97.05227,Generator,1.2670949090485224
E41120,141.288635,66.9386365,MURRAY AVE AT BEACON ST NS,40.4346,-79.9228,Both,Bus,74.3499985,208.2272715,Generator,2.1107187476099845
S25490,4.1022725,0.075,INTERBORO AVE AT LEASIDE DR #2,40.372,-79.9123,Inbound,Bus,4.0272725,4.1772725,Generator,54.69696666666667
E08045,4.115909,3.5113635,BLACK ST AT NEGLEY AVE FS,40.469,-79.9281,Outbound,Bus,0.6045455000000004,7.6272725,Generator,1.1721683044207758
S70491,4.395454545454545,0.37272727272727246,CHURCHVIEW AVE AT CATHELL RD,40.3847,-79.9495,Inbound,Bus,4.0227272727272725,4.768181818181817,Generator,11.792682926829274
E41920,1.90909105,44.106820500000005,NEGLEY AVE AT RIPPEY ST,40.4665,-79.9288,Outbound,Bus,-42.197729450000004,46.015911550000006,Attractor,0.04328335228788481
N08870,0.0,0.025,BEAVER ST OPP SYCAMORE AVE,40.5284,-80.1617,Inbound,Bus,-0.025,0.025,Attractor,0.0
E46390,15.477273,1.731818225,PENN AVE AT BRITTANY APTS (#1717),40.4437,-79.8659,Inbound,Bus,13.745454775,17.209091225,Generator,8.937007808657286
N21000,0.8022727272727275,0.0,FREEPORT RD AT DAVIS ST,40.6327,-79.7148,Inbound,Bus,0.8022727272727275,0.8022727272727275,Generator,
X13771,2.925,6.175,PIONEER AVE RAMP AT PIONEER AVE,40.4119,-80.0091,Outbound,Bus,-3.25,9.1,Attractor,0.47368421052631576
W17960,0.7,0.4681818,NOBLESTOWN RD AT BRENFORD AVE,40.4205,-80.0668,Inbound,Bus,0.23181819999999997,1.1681818,Generator,1.4951456891318713
W26150,347.6795454545454,32.99545454545455,WEST BUSWAY AT CRAFTON STATION C,40.4357,-80.0676,Inbound,Busway,314.68409090909086,380.67499999999995,Generator,10.53719520595123
E40300,0.8500000000000001,4.3704545,MONTIER ST AT HERR ST,40.4472,-79.8697,Both,Bus,-3.5204545,5.220454500000001,Attractor,0.1944877815339343
N43890,4.2727275,7.6295455,PERRYSVILLE AVE AT WALDORF ST FS,40.4914,-80.0202,Outbound,Bus,-3.3568179999999996,11.902273000000001,Attractor,0.560023857253358
E10270,0.8818181818181821,0.1,BRINTON RD AT #1245,40.423,-79.8667,Inbound,Bus,0.7818181818181821,0.981818181818182,Generator,8.81818181818182
E48190,13.18181845,2.32954565,RANKIN BLVD AT BLDG #5,40.4131,-79.883,Both,Bus,10.8522728,15.5113641,Generator,5.6585362257228145
N36570,0.11590907500000001,1.37045455,MT ROYAL BLVD AT KLEBER RD,40.5356,-79.9704,Outbound,Bus,-1.254545475,1.486363625,Attractor,0.08457710253871609
S27280,3.9727272727272727,3.424999999999999,KENNEDY AVE AT CATHERINE ST,40.3697,-79.8536,Both,Bus,0.5477272727272737,7.397727272727272,Generator,1.1599203715992041
N08280,0.3,1.2909090909090901,BEAVER ST AT DAVIS LN,40.5339,-80.1735,Outbound,Bus,-0.9909090909090901,1.5909090909090902,Attractor,0.23239436619718323
W00510,4.052272727272725,0.3113636363636365,5TH AVE AT CHESTNUT ST FS,40.5156,-80.1594,Inbound,Bus,3.7409090909090885,4.3636363636363615,Generator,13.014598540145972
X00540,0.02272727272727275,0.0,BANK ST OPP CHESTNUT ST,40.3545,-80.1076,Inbound,Bus,0.02272727272727275,0.02272727272727275,Generator,
N70144,1.05909085,38.534091000000004,W 4TH AVE AT ROSS ST,40.6004,-79.7568,Outbound,Bus,-37.47500015000001,39.59318185,Attractor,0.027484516243032695
N39960,11.54318181818182,14.825,OHIO RIVER BLVD AT RIVERVIEW AVE FS,40.4918,-80.0614,Outbound,Bus,-3.2818181818181795,26.368181818181817,Attractor,0.7786294649701059
N08760,0.3954545454545455,0.28863636363636347,BEAVER ST OPP LEET ST,40.5714,-80.2164,Outbound,Bus,0.10681818181818203,0.684090909090909,Generator,1.3700787401574812
E40270,33.095455,2.40681825,MONTIER ST AT BESSICA ST,40.4462,-79.8711,Both,Bus,30.68863675,35.50227325,Generator,13.750708014616391
S02170,1.970454545454545,1.079545454545455,5TH ST AT COCHRAN ST,40.3665,-79.8479,Outbound,Bus,0.89090909090909,3.05,Generator,1.8252631578947356
N40060,17.243181818181803,3.288636363636365,OHIO RIVER BLVD AT WILLOW ST,40.5101,-80.0941,Inbound,Bus,13.954545454545439,20.531818181818167,Generator,5.243261921216303
E28705,1.006818,8.65682,HERRON AVE AT DOBSON ST,40.4584,-79.9643,Inbound,Bus,-7.650002,9.663637999999999,Attractor,0.11630344630014255
S70602,1.8386365,0.77272725,BAUSMAN ST AT GEORGIA AVE,40.4143,-79.9948,Outbound,Bus,1.06590925,2.6113637499999998,Generator,2.379412011159177
S46980,0.2545454545454545,0.12045454545454545,WALNUT ST AT 33RD AVE FS,40.3302,-79.8423,Inbound,Bus,0.13409090909090907,0.375,Generator,2.1132075471698113
E49410,2.2886363849999998,5.093182015,ROSS AVE AT MILL ST,40.4416,-79.8814,Both,Bus,-2.8045456300000002,7.3818184,Attractor,0.4493529542552584
W00370,0.8045454545454545,13.0181818181818,4TH AVE AT MULBERRY ST,40.5178,-80.1619,Outbound,Bus,-12.213636363636345,13.822727272727255,Attractor,0.06180167597765371
E52810,15.40682,2.565909,STANTON AVE AT ORANMORE ST,40.4806,-79.9349,Inbound,Bus,12.840911,17.972729,Generator,6.004429619288914
N10880,3.0545455,28.086365,BRIGHTON RD OPP ISLAND AVE (OLIVER HIGH SCHOOL,40.4645,-80.0236,Outbound,Bus,-25.0318195,31.1409105,Attractor,0.10875545838701449
N36300,0.38409089999999996,6.643181500000001,MT ROYAL BLVD AT UNDERCLIFF ST,40.5158,-79.9591,Outbound,Bus,-6.2590906,7.027272400000001,Attractor,0.0578173123826287
N05490,0.275,0.0,AMITY DR OPP LINGAY DR,40.5477,-79.9947,Inbound,Bus,0.275,0.275,Generator,
E08070,0.220454545,5.822727499999999,BLUFF ST AT STEVENSON ST,40.4352,-79.9866,Inbound,Bus,-5.602272954999999,6.043182044999999,Attractor,0.037861044501910836
N31550,10.663636,19.711362,MAIN ST OPP 9TH ST,40.4946,-79.9337,Outbound,Bus,-9.047726,30.374998,Attractor,0.540989303529609
E28720,0.568182,4.909091,HERRON AVE AT HANCOCK ST,40.457,-79.9648,Inbound,Bus,-4.340909,5.477273,Attractor,0.11574077563443007
E48645,0.9886365,0.11590910000000001,ROBINSON BLVD AT EAST GATE ENTRANCE FS,40.4592,-79.866,Outbound,Bus,0.8727274,1.1045456,Generator,8.529412272202958
N15300,9.5909095,13.6227273,COLBY ST AT FABER ST,40.4861,-80.005,Both,Bus,-4.031817799999999,23.2136368,Attractor,0.7040373993245832
W03950,51.86136363636365,9.525,CHARTIERS AVE OPP MARGARET ST,40.4658,-80.0642,Inbound,Bus,42.33636363636365,61.38636363636365,Generator,5.444762586494871
E06650,0.047727275,8.7295455,BELLEFIELD AVE AT 5TH AVE,40.4464,-79.9518,Outbound,Bus,-8.681818225,8.777272775,Attractor,0.005467326449011578
N32780,68.47727499999999,6.63409105,MCKNIGHT RD AT NORTH HILLS VILLAGE (NORTH ENT,40.5283,-80.0073,Both,Bus,61.84318394999999,75.11136604999999,Generator,10.322028215153903
S48230,53.804545454545405,44.45227272727275,LAYOVER WATERFRONT TERMINUS,40.4111,-79.9063,Both,Bus,9.352272727272656,98.25681818181815,Generator,1.2103890791962761
E41820,0.27727275,43.16818000000001,NEGLEY AVE AT HAMPTON ST,40.4753,-79.9245,Outbound,Bus,-42.890907250000005,43.44545275000001,Attractor,0.006423081769951848
W70090,0.09545454545454546,1.209090909090909,CLEVER RD AT PITCHFORK LN,40.4651,-80.1091,Outbound,Bus,-1.1136363636363635,1.3045454545454545,Attractor,0.07894736842105264
E54855,0.122727275,0.07500000000000001,UNITY TRESTLE RD AT #1049,40.4783,-79.7613,Both,Bus,0.047727274999999986,0.197727275,Generator,1.6363636666666663
N12685,0.8386365,7.231818,CALIFORNIA AVE AT BENTON AVE FS,40.4847,-80.0408,Outbound,Bus,-6.3931815,8.0704545,Attractor,0.1159648237828994
E45730,6.275000175000001,40.561364499999996,PENN AVE AT BEACON HILL DR FS,40.444,-79.8644,Outbound,Bus,-34.286364324999994,46.836364675,Attractor,0.1547038728196632
E32752,44.031815,20.088635500000002,JOHNSTON AVE AT ROSELLE CT FS,40.4062,-79.9328,Both,Bus,23.9431795,64.1204505,Generator,2.191876844995271
S13380,0.0,0.0,CONLIN ST AT CAROLINA AVE,40.3622,-79.8694,Outbound,Bus,0.0,0.0,Balanced,
E04900,1.6318181999999999,2.4863635000000004,BAUM BLVD AT MELWOOD AVE FS,40.454,-79.9514,Outbound,Bus,-0.8545453000000005,4.1181817,Attractor,0.6563071731064262
S14743,3.256818181818179,2.2318181818181833,DUQUESNE BLVD OPP FAIRMONT AVE,40.3821,-79.8564,Both,Bus,1.024999999999996,5.488636363636362,Generator,1.4592668024439897
E52590,0.145454545,6.575,STANTON AVE AT BUTLER ST,40.4783,-79.9554,Outbound,Bus,-6.429545455,6.720454545,Attractor,0.02212236425855513
N28230,0.0,0.095454545,IVORY AVE AT VALLEY VIEW ST,40.4968,-80.0112,Both,Bus,-0.095454545,0.095454545,Attractor,0.0
N21590,0.21590910000000002,0.097727275,FREEPORT RD AT OLD FREEPORT RD,40.4899,-79.8715,Outbound,Bus,0.11818182500000002,0.313636375,Generator,2.2093023672255265
E35210,4.811363500000001,4.42500025,LIBERTY AVE AT CANOE WAY,40.4633,-79.955,Inbound,Bus,0.3863632500000005,9.23636375,Generator,1.0873137238805808
E46885,7.1772725,0.4068182,PENN CENTER BLVD AT BLDG #7,40.4266,-79.8116,Inbound,Bus,6.7704543,7.5840907,Generator,17.642456753409753
S14300,2.911363636363635,2.94090909090909,DESIDERIO BLVD AT JEFFERSON DR,40.2888,-79.8913,Both,Bus,-0.029545454545455208,5.852272727272725,Attractor,0.989953632148377
E52620,10.531818000000001,38.497730000000004,STANTON AVE AT CHISLETT ST,40.4733,-79.9306,Outbound,Bus,-27.965912000000003,49.029548000000005,Attractor,0.27356984424795955
S31660,0.62954545,14.754545,MAIN ST AT W OLIVER RD FS,40.3898,-79.901,Outbound,Bus,-14.12499955,15.38409045,Attractor,0.042667899958961794
E70445,0.0,4.4386365,UNIVERSAL RD OPP ANTHON DR,40.4639,-79.8009,Outbound,Bus,-4.4386365,4.4386365,Attractor,0.0
E17940,0.2068182,1.7886365450000001,ELECTRIC AVE AT GREEK CATHOLIC CHURCH,40.4029,-79.8375,Outbound,Bus,-1.581818345,1.9954547450000002,Attractor,0.11562896921576653
E15960,74.05227,53.4818185,EAST LIBERTY BLVD AT FRANKSTOWN AVE,40.4606,-79.9157,Outbound,Bus,20.57045149999999,127.5340885,Generator,1.3846251319969607
E17680,2.070454545454547,22.393181818181837,EDGEWOOD AVE OPP GORDON ST,40.4289,-79.8846,Outbound,Bus,-20.322727272727292,24.463636363636382,Attractor,0.09245914949761494
W26186,0.975,7.802272500000001,W PROSPECT AVE AT ALLEGHENY VALLEY SCHOOL,40.4465,-80.0785,Outbound,Bus,-6.827272500000001,8.7772725,Attractor,0.12496359233800151
N05060,9.704545454545455,4.4863636363636346,ALPHA DR AT FREEPORT RD (HARMAR),40.5392,-79.8307,Both,Bus,5.2181818181818205,14.19090909090909,Generator,2.1631205673758873
E70440,0.07500000000000001,0.0,UNITY TRESTLE RD AT FRANCIS RD,40.4836,-79.7657,Both,Bus,0.07500000000000001,0.07500000000000001,Generator,
W22740,1.01136365,17.597729100000002,STEUBENVILLE PIKE AT HOLY TRINITY CHURCH,40.4517,-80.136,Outbound,Bus,-16.586365450000002,18.609092750000002,Attractor,0.057471259175139816
S70389,0.0,0.0,HWY RT 885 AT HAMPTON RD,40.3275,-79.9311,Outbound,Bus,0.0,0.0,Balanced,
N32750,15.927273,1.46136365,MCKNIGHT RD AT NORTHLAND MEDICAL CENTER,40.5192,-80.005,Inbound,Bus,14.46590935,17.38863665,Generator,10.89891143795728
E41340,49.270457,261.61593,MURRAY AVE AT PHILLIPS AVE,40.4325,-79.9232,Both,Bus,-212.345473,310.886387,Attractor,0.18833125719829064
E28880,12.675,85.775,HIGHLAND AVE AT FIFTH AVE FS,40.4523,-79.9242,Outbound,Bus,-73.10000000000001,98.45,Attractor,0.14777032935004372
S70538,0.07045454545454545,2.68409090909091,CHURCHVIEW AVE AT VILLAGE DR,40.386,-79.9623,Outbound,Bus,-2.6136363636363646,2.7545454545454553,Attractor,0.026248941574936485
W24710,1.213636363636365,20.195454545454563,WASHINGTON PIKE AT GREAT SOUTHERN SC ENT #1,40.3688,-80.1024,Outbound,Bus,-18.9818181818182,21.409090909090928,Attractor,0.06009453072248482
N12770,1.786363636363637,42.2590909090909,CALIFORNIA AVE OPP ELIZABETH AVE,40.4992,-80.0633,Outbound,Bus,-40.47272727272726,44.04545454545454,Attractor,0.04227170054856408
E38666,0.7227275,5.165909,MAPLE AVE OPP #843,40.4075,-79.8229,Outbound,Bus,-4.4431815,5.8886365000000005,Attractor,0.13990325807132878
E05270,0.59090905,0.26363634999999996,BEACON ST OPP #5414,40.4336,-79.9321,Both,Bus,0.3272727000000001,0.8545454,Generator,2.2413792711058247
N50340,0.07272727500000001,1.15454545,SPRING GARDEN AVE AT BASIN ST,40.4603,-79.9905,Outbound,Bus,-1.081818175,1.2272727250000002,Attractor,0.0629921282007564
E44410,0.0,0.0,OLD WILLIAM PENN HWY OPP #4533,40.4429,-79.7563,Outbound,Bus,0.0,0.0,Balanced,
W13390,0.09318180000000001,0.50454545,MCCOY RD AT #724,40.4809,-80.0814,Outbound,Bus,-0.41136364999999997,0.5977272499999999,Attractor,0.18468465031247436
S70358,0.047727275,0.40909090000000004,EAST PITTSBURGH-MCKEESPORT BLV AT FAIRMONT ST,40.3622,-79.8307,Outbound,Bus,-0.361363625,0.45681817500000005,Attractor,0.11666667481481499
N52305,0.0,0.66363635,THOMPSON RUN RD OPP BARNWOOD LN,40.5302,-79.9903,Outbound,Bus,-0.66363635,0.66363635,Attractor,0.0
E04160,2.529545454545453,32.90454545454544,ARDMORE BLVD AT BERKLEY AVE,40.4198,-79.8503,Outbound,Bus,-30.37499999999999,35.4340909090909,Attractor,0.07687525901367591
S09560,0.0,0.04545454545454545,CURRY RD OPP #5415,40.3389,-79.991,Outbound,Bus,-0.04545454545454545,0.04545454545454545,Attractor,0.0
E17480,14.125,0.9045454500000001,EDGEWOOD AVE AT DELAWARE AVE,40.4254,-79.8857,Inbound,Bus,13.22045455,15.02954545,Generator,15.615577967917476
E37330,1.0886365,0.025,LONG RD OPP SAYLONG DR,40.4561,-79.836,Inbound,Bus,1.0636365,1.1136365,Generator,43.54546
E29820,2.2659089999999997,2.5613635,HOMEWOOD AVE AT KELLY ST,40.4554,-79.897,Inbound,Bus,-0.2954545000000004,4.827272499999999,Attractor,0.8846495235838254
N12420,5.431818181818181,5.845454545454548,BUTLER ST AT HIGH ST,40.4979,-79.9439,Inbound,Bus,-0.4136363636363676,11.27727272727273,Attractor,0.9292379471228609
E34220,3.3727275,0.047727275,LAKETON RD OPP SOUTHERN AVE,40.458,-79.8515,Inbound,Bus,3.3250002249999997,3.420454775,Generator,70.666668063492
S48745,3.1431818,5.959091,WHITAKER ST AT GRANT AVE,40.3995,-79.8862,Both,Bus,-2.8159092,9.1022728,Attractor,0.5274599431356225
N50740,0.0,0.0,SPRING GARDEN RD OPP #3851,40.4877,-79.9973,Inbound,Bus,0.0,0.0,Balanced,
S02270,0.8045454545454545,5.777272727272725,5TH ST AT VIOLA AVE,40.3693,-79.8488,Inbound,Bus,-4.97272727272727,6.581818181818179,Attractor,0.1392604248623132
X08113,1.0227272727272751,7.820454545454545,HIGHLAND RD AT OXFORD DR,40.3489,-80.0503,Outbound,Bus,-6.79772727272727,8.84318181818182,Attractor,0.13077593722755043
W70138,1.411363545,17.2022725,STEUBENVILLE PIKE OPP CAMPBELLS RUN RD,40.4485,-80.1579,Outbound,Bus,-15.790908954999999,18.613636045,Attractor,0.08204518007722526
E39140,10.76591,1.215909,MIDDLE ST AT HAWKINS AVE,40.4054,-79.8618,Inbound,Bus,9.550001,11.981819,Generator,8.854207017136973
W23188,0.65454545,2.6022724999999998,SWALLOW HILL RD AT GREENTREE RD FS,40.3901,-80.0741,Outbound,Bus,-1.9477270499999997,3.25681795,Attractor,0.25152840450029734
W70173,0.7159090909090908,0.9272727272727275,WASHINGTON PIKE AT #1370,40.3795,-80.096,Outbound,Bus,-0.21136363636363664,1.6431818181818183,Attractor,0.7720588235294115
E30240,0.3681818181818182,9.272727272727275,HUTCHINSON ST AT BRADDOCK AVE,40.4331,-79.8935,Outbound,Bus,-8.904545454545456,9.640909090909094,Attractor,0.03970588235294117
N13805,1.5795455,3.809091,CORNELL AVE AT WILLIAM ST,40.5135,-80.0455,Outbound,Bus,-2.2295455,5.3886365000000005,Attractor,0.4146778063322719
X03440,0.022727275,3.043182,BROOKLINE BLVD OPP #1572,40.3912,-80.0031,Both,Bus,-3.020454725,3.0659092749999997,Attractor,0.007468260196071087
S70464,0.022727275,2.0522725,OLD ELIZABETH RD OPP BLUEMONT DR,40.3474,-79.9369,Both,Bus,-2.029545225,2.0749997749999998,Attractor,0.011074199454507138
S08490,59.390910000000005,10.37500015,BROWNSVILLE RD AT E MEYERS AVE,40.3997,-79.989,Inbound,Bus,49.01590985000001,69.76591015000001,Generator,5.7244249774781935
N71308,14.65682,10.934091,BEAVER AVE AT FRANKLIN ST,40.4563,-80.0301,Inbound,Bus,3.7227289999999993,25.590911,Generator,1.34046991194787
S24010,5.9568183,32.777275,HWY RT 51 AT OLD CLAIRTON RD FS,40.3405,-79.9644,Outbound,Bus,-26.8204567,38.734093300000005,Attractor,0.18173622730992736
W13280,0.097727275,3.293182,MCCOY RD AT JEFFERSON DR,40.4795,-80.0785,Outbound,Bus,-3.195454725,3.390909275,Attractor,0.02967563742301519
E32738,0.0,0.022727275,JOHNSTON AVE AT NAOMI DR,40.4083,-79.9258,Inbound,Bus,-0.022727275,0.022727275,Attractor,0.0
E27230,2.0590908949999998,18.1136384,HARRIET ST AT 5TH AVE,40.4148,-79.8833,Both,Bus,-16.054547505,20.172729295,Attractor,0.11367627251518943
E51450,0.097727275,0.5909091,SHADY AVE AT #1810,40.4367,-79.9192,Outbound,Bus,-0.49318182499999996,0.688636375,Attractor,0.16538461668639054
W70144,5.7772725000000005,1.21136365,WASHINGTON AVE AT DOLLAR TREE,40.3982,-80.0832,Inbound,Bus,4.5659088500000005,6.9886361500000005,Generator,4.769230527926111
N71259,0.1136363636363635,0.0,NORTHGATE DR AT SAMPLE RD,40.5748,-79.9906,Inbound,Bus,0.1136363636363635,0.1136363636363635,Generator,
W70102,1.7022724999999999,0.0,CLIFF MINE RD AT OAK MOSS DR,40.4518,-80.2053,Inbound,Bus,1.7022724999999999,1.7022724999999999,Generator,
E04470,3.4295454545454565,4.745454545454545,ARDMORE BLVD OPP YOST BLVD,40.4157,-79.8474,Inbound,Bus,-1.3159090909090887,8.175,Attractor,0.7227011494252878
E01210,441.38181499999996,161.429548,FIFTH AVE AT MCKEE PL FS,40.4406,-79.9599,Both,Bus,279.95226699999995,602.811363,Generator,2.734207092000282
E01040,2.109090895,3.277272665,FIFTH AVE AT BRENHAM ST FS,40.4365,-79.9685,Both,Bus,-1.16818177,5.3863635599999995,Attractor,0.6435506320619191
E70046,39.647725,40.81591,FRANKSTOWN AVE AT HOMEWOOD AVE,40.4574,-79.896,Inbound,Bus,-1.1681850000000011,80.46363500000001,Attractor,0.9713791754244852
S09150,1.3181818,0.09318180000000001,BROWNSVILLE RD AT STREETS RUN RD FS,40.3472,-79.9863,Inbound,Bus,1.225,1.4113636,Generator,14.146344028554932
S39840,7.6886365,0.12272727500000001,PROSPECT RD OPP COLTER DR,40.3629,-79.9707,Inbound,Bus,7.565909225,7.811363775,Generator,62.64814809910837
N13650,0.0,1.68409090909091,CENTER AVE AT ALLEGHENY AVE,40.5131,-80.101,Outbound,Bus,-1.68409090909091,1.68409090909091,Attractor,0.0
P02800,10.3431815,303.175,PENN AVE AT 11TH ST,40.4451,-79.9936,Inbound,Bus,-292.8318185,313.5181815,Attractor,0.03411620846046013
N71283,9.431818,15.05681955,RIDC PARK TERMINAL,40.5004,-79.8609,Both,Bus,-5.62500155,24.48863755,Attractor,0.6264150253431177
E70439,1.96136385,0.3590909,SALTSBURG RD AT PIERSON RUN RD FS,40.4771,-79.7597,Both,Bus,1.60227295,2.3204547499999997,Generator,5.462026049671546
W13613,0.268181818181818,1.8068181818181799,MCKEES ROCKS RD AT HECKLE RD FS,40.4707,-80.092,Outbound,Bus,-1.5386363636363618,2.074999999999998,Attractor,0.14842767295597492
E18570,4.634091,34.104545,ELLSWORTH AVE AT MARYLAND AVE,40.456,-79.9309,Outbound,Bus,-29.470454000000004,38.738636,Attractor,0.1358789862172329
E40980,4.825000045,1.18863635,MT CARMEL RD OPP HIGHLANDVIEW ST,40.4687,-79.8866,Inbound,Bus,3.6363636950000005,6.013636395000001,Generator,4.059273506989754
S35520,0.022727275,0.28863635,ARLINGTON AVE OPP #1047 FS,40.4235,-79.9892,Outbound,Bus,-0.265909075,0.311363625,Attractor,0.0787401690743387
N15650,0.52045455,0.047727275,CORBET ST AT 8TH AVE,40.6044,-79.7533,Inbound,Bus,0.47272727499999995,0.5681818249999999,Generator,10.904761480725643
E19660,390.4,898.1840500000001,FORBES AVE AT MURRAY AVE,40.438,-79.9232,Outbound,Bus,-507.7840500000001,1288.58405,Attractor,0.43465479040737803
E34970,12.0431815,22.404547,LIBERTY AVE AT 26TH ST,40.4545,-79.9776,Inbound,Bus,-10.361365500000002,34.4477285,Attractor,0.5375329168672769
S48380,15.7,3.011363636363635,WEST ST AT 13TH AVE,40.403,-79.9081,Inbound,Bus,12.688636363636364,18.711363636363636,Generator,5.21358490566038
E49595,1.05227275,0.0681818,SALTSBURG RD OPP ASTER ST NS,40.4839,-79.8143,Inbound,Bus,0.98409095,1.12045455,Generator,15.433337782223408
N14080,1.21136365,7.8454545,CENTER AVE AT PRINCETON AVE,40.5183,-80.0441,Outbound,Bus,-6.63409085,9.05681815,Attractor,0.1544032471286399
E16190,5.554545,19.3000005,DARRAGH ST OPP VICTORIA ST,40.4412,-79.9614,Outbound,Bus,-13.745455499999998,24.8545455,Attractor,0.28780025161139244
W02700,4.8045455,1.843182,BROADWAY AVE AT 15TH ST,40.4753,-80.0818,Inbound,Bus,2.9613634999999996,6.6477275,Generator,2.6066582138931476
E05250,1.2409090950000001,22.8636365,BEACON ST AT WENDOVER ST,40.4339,-79.9292,Both,Bus,-21.622727405,24.104545594999998,Attractor,0.05427435373196211
E46700,0.88409092,10.718182,PENN AVE OPP MURTLAND ST,40.4507,-79.9061,Outbound,Bus,-9.83409108,11.60227292,Attractor,0.08248515653121023
S70022,1.81590909090909,4.28409090909091,KNOEDLER RD AT BALDWIN TOWERS (#200),40.3419,-79.9823,Outbound,Bus,-2.46818181818182,6.1,Attractor,0.4238726790450925
N41030,0.1136363636363635,0.025,PEEBLES RD AT PARKWAY RD FS,40.5641,-80.0095,Both,Bus,0.08863636363636349,0.1386363636363635,Generator,4.54545454545454
E39200,0.8909090949999999,0.320454525,MIDDLE AVE AT #644,40.3975,-79.8114,Inbound,Bus,0.5704545699999999,1.21136362,Generator,2.780142034193463
S08600,25.331818181818164,6.5454545454545485,BROWNSVILLE RD AT PARK DR,40.3751,-79.9755,Inbound,Bus,18.786363636363618,31.87727272727271,Generator,3.8701388888888846
N36540,0.022727275,1.4727272500000002,MT ROYAL BLVD OPP HARTLE RD,40.5413,-79.9723,Outbound,Bus,-1.449999975,1.4954545250000002,Attractor,0.015432100546791675
S16330,77.563635,1.084091,E CARSON ST AT S 26TH ST,40.4275,-79.9682,Outbound,Bus,76.479544,78.647726,Generator,71.54716255369708
E29077,10.822725,80.938635,HIGHLAND AVE OPP BAUM BLVD,40.4603,-79.9249,Outbound,Bus,-70.11591,91.76136000000001,Attractor,0.13371519052674904
W03250,25.43181818181815,13.53409090909091,CHARTIERS AVE OPP ISLAND AVE NS,40.4657,-80.0623,Inbound,Bus,11.897727272727241,38.965909090909065,Generator,1.8790931989924409
W26350,1.1590909,6.0386365,W PROSPECT AVE OPP ARBORDALE ST,40.4469,-80.0806,Outbound,Bus,-4.8795456,7.1977274,Attractor,0.19194579769787434
E42796,23.927275,30.881819999999998,OAK HILL DR AT HYMAN PL,40.4414,-79.9701,Inbound,Bus,-6.954544999999996,54.809095,Attractor,0.7748013232380735
E70975,0.21136365000000001,23.15682,MOREWOOD AVE AT FORBES AVE FS,40.4451,-79.9427,Inbound,Bus,-22.94545635,23.36818365,Attractor,0.009127490303072703
E48640,2.725,9.343182,ROBERTS ST AT CENTRE AVE,40.4423,-79.9834,Outbound,Bus,-6.618182000000001,12.068182,Attractor,0.2916565255819698
E00270,8.397727249999999,9.7363635,32ND ST AT SPRING WAY,40.4604,-79.9696,Outbound,Bus,-1.3386362500000004,18.13409075,Attractor,0.8625116810809292
X04332,0.33636365,4.725,CEDAR BLVD OPP #1331,40.3626,-80.0638,Outbound,Bus,-4.38863635,5.06136365,Attractor,0.07118807407407408
E25960,1.7022726,0.54772725,GROVE RD AT CHASKE ST,40.4748,-79.8715,Both,Bus,1.1545453499999998,2.24999985,Generator,3.107883714020071
S42420,10.7681821,23.6181821,SOUTH BUSWAY AT EDGEBROOK SHELTER,40.4029,-80.0023,Outbound,Busway,-12.849999999999998,34.3863642,Attractor,0.4559276431355824
W14490,0.3090909,8.5886365,MIDDLETOWN RD AT TYNDALL ST,40.4495,-80.0642,Outbound,Bus,-8.2795456,8.897727399999999,Attractor,0.03598835507824787
E13260,1.5636364999999999,9.0113635,CENTRE AVE AT BIGELOW BLVD,40.4506,-79.9552,Outbound,Bus,-7.447727,10.575,Attractor,0.17351830275185326
E48644,3.884091,4.0295455,ROBERTS ST AT WEBSTER AVE,40.4443,-79.9848,Inbound,Bus,-0.14545450000000004,7.913636500000001,Attractor,0.9639030009712013
N49600,29.118180000000002,3.5477274999999997,SHADELAND AVE AT WOODLAND AVE,40.4692,-80.0302,Inbound,Bus,25.570452500000002,32.6659075,Generator,8.207558218606136
X11175,1.7,8.3772725,EBEN ST AT SHIRE PL,40.3885,-80.0082,Both,Bus,-6.6772725,10.0772725,Attractor,0.2029300109313622
N31640,3.56590925,4.3386365,MAIN ST AT #1704,40.4947,-79.923,Inbound,Bus,-0.77272725,7.90454575,Attractor,0.8218962916114314
E55330,1.115909075,0.12272727500000001,VERONA BLVD AT RUNNETTE ST,40.4705,-79.8876,Inbound,Bus,0.9931818,1.23863635,Generator,9.092592294581623
X02670,10.3386365,0.6136363499999999,BOWER HILL RD AT LAKEMONT DR (ST CLAIR HOSPITAL,40.3778,-80.0652,Inbound,Bus,9.72500015,10.95227285,Generator,16.848148744773678
E70031,0.3,9.345454499999999,ALLEGHENY AVE OPP CALIFORNIA AVE,40.5153,-79.8434,Outbound,Bus,-9.045454499999998,9.6454545,Attractor,0.032101167471309186
N13160,4.140909,19.370455,CALIFORNIA AVE OPP COLUMBUS AVE BRIDGE,40.4588,-80.0233,Outbound,Bus,-15.229546,23.511364,Attractor,0.21377448283997458
W07510,8.36590909090909,0.8795454545454545,FOSTER AVE AT SR CITIZEN BLDG,40.4408,-80.0686,Inbound,Bus,7.486363636363635,9.245454545454544,Generator,9.511627906976743
N45560,0.13636365,0.0,ENNERDALE LN AT DOUNREAY PL,40.5515,-80.0068,Inbound,Bus,0.13636365,0.13636365,Generator,
N18420,10.936363499999999,0.120454545,E 7TH AVE AT WOOD ST,40.6026,-79.7557,Inbound,Bus,10.815908955,11.056818044999998,Generator,90.79245204072623
X70024,0.247727275,2.640909,MCFARLAND RD AT THE FIREPLACE & PATIO PLACE,40.3946,-80.0465,Outbound,Bus,-2.3931817250000003,2.888636275,Attractor,0.09380379066450226
E11550,2.3204545,7.7772725000000005,BUTLER ST AT 35TH ST,40.4645,-79.9659,Outbound,Bus,-5.456818,10.097727,Attractor,0.2983635329738028
N43080,2.6068182,0.6613636500000001,PERRY HWY OPP IVORY AVE,40.4983,-80.0204,Inbound,Bus,1.94545455,3.2681818500000004,Generator,3.9415807022354494
E46310,2.4636365,7.5022725,PENN AVE AT PEARL ST,40.4657,-79.9482,Outbound,Bus,-5.038636,9.965909,Attractor,0.3283853659007987
E04420,1.081818181818182,0.497727272727273,ARDMORE BLVD OPP 2 PARKWAY CENTER EAST,40.4212,-79.8523,Inbound,Bus,0.584090909090909,1.579545454545455,Generator,2.173515981735159
N43310,7.893182,56.611365000000006,PERRYSVILLE AVE AT VINCETON ST,40.4927,-80.0217,Outbound,Bus,-48.718183,64.504547,Attractor,0.13942751601202338
W10615,0.68863635,2.340909,ISLAND AVE OPP #1179,40.4795,-80.0676,Outbound,Bus,-1.65227265,3.02954535,Attractor,0.2941747628805733
W03870,4.0477275,13.66818,CHARTIERS AVE OPP AZALIA ST,40.4448,-80.0415,Outbound,Bus,-9.620452499999999,17.7159075,Attractor,0.296142390574312
W17095,5.4545455,2.2818180000000003,NOBLESTOWN RD OPP #2148 (SHOP-N-SAVE DR #1),40.431,-80.0534,Inbound,Bus,3.1727274999999997,7.7363635,Generator,2.3904384574054545
E35170,13.031818000000001,23.179545,LIBERTY AVE AT 40TH ST NS,40.463,-79.9564,Inbound,Bus,-10.147727,36.211363000000006,Attractor,0.5622119847477594
N43590,31.654543,7.681818,PERRYSVILLE AVE AT MCCLINTOCK AVE,40.463,-80.0138,Both,Bus,23.972725,39.336361,Generator,4.120709837176564
E04140,3.184090909090911,58.37954545454547,ARDMORE BLVD OPP AVE B (PARK AND RIDE),40.4132,-79.8453,Outbound,Bus,-55.19545454545456,61.563636363636384,Attractor,0.054541207614746776
E70267,3.6636365,5.4613635,LARIMER AVE AT MEADOW ST,40.4652,-79.9146,Outbound,Bus,-1.797727,9.125,Attractor,0.670828173220845
E70000,123.58182000000001,26.6727282,WOODSTOCK AVE AT SWISSVALE STATION STEPS,40.4158,-79.8787,Outbound,Bus,96.9090918,150.25454820000002,Generator,4.633265074099169
W08036,136.23635,6.2227275,GREENTREE RD AT CHATHAM PARK DR,40.4034,-80.0583,Inbound,Bus,130.0136225,142.45907749999998,Generator,21.893349821280136
E55420,0.25454545,3.334091,VERONA RD AT BRINLEY DR,40.4844,-79.8374,Outbound,Bus,-3.0795455499999997,3.58863645,Attractor,0.07634628149021727
E70998,1.7363635,1.0954545,UPLAND ST AT #7506,40.4609,-79.8897,Outbound,Bus,0.640909,2.831818,Generator,1.5850621819527877
E70377,1.075,4.6454545,FIFTH AVE AT FRANKSTOWN AVE,40.4586,-79.9081,Outbound,Bus,-3.5704544999999994,5.7204545,Attractor,0.23140900422122315
E15510,3.679545454545455,0.859090909090909,COREY AVE AT MARGARETTA ST,40.4049,-79.8677,Inbound,Bus,2.820454545454546,4.538636363636364,Generator,4.283068783068784
S70576,0.0,0.0,LONG RUN RD AT MARSHALL DR FS,40.3231,-79.8209,Outbound,Bus,0.0,0.0,Balanced,
N08690,0.4522727272727275,1.447727272727275,BEAVER ST AT VALLEY LN,40.5611,-80.2026,Outbound,Bus,-0.9954545454545475,1.9000000000000026,Attractor,0.3124018838304549
N22220,1.5409090909090901,5.35,FREEPORT RD OPP CABLE AVE,40.4948,-79.8591,Outbound,Bus,-3.8090909090909095,6.89090909090909,Attractor,0.288020390824129
E10040,0.15,0.147727275,BRINTON RD AT ARDMORE BLVD,40.4354,-79.8717,Inbound,Bus,0.002272725000000003,0.29772727499999996,Generator,1.015384599763314
N45530,0.0,0.0,REMINGTON DR AT BALMORAL DR #2,40.5551,-80.0075,Inbound,Bus,0.0,0.0,Balanced,
S49470,1.7977272727272733,2.8977272727272743,W 5TH AVE OPP RAMP #1,40.35,-79.8717,Both,Bus,-1.100000000000001,4.695454545454547,Attractor,0.620392156862745
N17300,49.411363636363625,69.36136363636365,EAST OHIO ST AT GRANT AVE,40.4783,-79.9689,Both,Bus,-19.950000000000024,118.77272727272728,Attractor,0.7123758969822075
E25365,3.143182,7.3090910000000004,GREENFIELD AVE OPP GRAPHIC ST,40.4243,-79.9354,Outbound,Bus,-4.165909000000001,10.452273,Attractor,0.4300373329597346
S70350,0.0,0.0,EAST PITTSBURGH-MCKEESPORT BLV AT PINE PL,40.378,-79.8279,Inbound,Bus,0.0,0.0,Balanced,
S23570,37.38863636363638,42.622727272727225,HWY RT 51 AT BROWNSVILLE RD,40.3635,-79.9839,Inbound,Bus,-5.234090909090845,80.0113636363636,Attractor,0.8771995307667712
P02550,994.60459545,398.55226500000003,LIBERTY AVE AT WOOD ST,40.4425,-79.9994,Both,Bus,596.05233045,1393.15686045,Generator,2.4955437035340897
N70143,20.675,16.15,TARENTUM PARK AND RIDE (TERMIN,40.6007,-79.7571,Both,Bus,4.525000000000002,36.825,Generator,1.280185758513932
E20750,3.3363635,6.6704545,FRANKSTOWN AVE OPP FINLEY ST FS,40.459,-79.9096,Outbound,Bus,-3.334091,10.006817999999999,Attractor,0.5001703407166633
E34720,8.945454999999999,0.263636375,LEECHBURG RD AT SUTTON DR,40.4919,-79.7929,Inbound,Bus,8.681818624999998,9.209091375,Generator,33.93103474435195
S13730,3.0272725,4.6545455,PENNSYLVANIA AVE AT MIFFLIN ST,40.3622,-79.855,Outbound,Bus,-1.6272730000000002,7.681818,Attractor,0.6503905698204046
TP7010,222.5090715,194.475023,LAYOVER-EAST BUSWAY SWISSVALE,40.415,-79.8795,Both,Bus,28.03404850000001,416.98409449999997,Generator,1.1441524369944414
S70561,4.4340910000000004,10.797725,SKYLINE DR AT MAPLE DR NS,40.3649,-79.9646,Outbound,Bus,-6.363633999999999,15.231816,Attractor,0.410650484245524
E13880,15.995455,71.49091,CENTRE AVE OPP ALLEQUIPPA ST,40.4484,-79.9588,Inbound,Bus,-55.495455,87.486365,Attractor,0.22374110219047427
W21410,6.7659095,4.05681835,STEUBEN ST AT ALEXANDER ST,40.4419,-80.0346,Inbound,Bus,2.70909115,10.82272785,Generator,1.6677871465455187
E52995,1.1136365000000001,0.43409090000000006,STANTON AVE OPP DUNCAN ST,40.4775,-79.9519,Inbound,Bus,0.6795456000000001,1.5477274000000003,Generator,2.5654453940407413
E11820,3.8249997749999998,18.24317965,BUTLER ST AT 55TH ST,40.4835,-79.95,Outbound,Bus,-14.418179874999998,22.068179424999997,Attractor,0.20966738520277634
W08227,1.0,0.4363636363636365,GREENTREE RD OPP GREENRIDGE LN,40.4098,-80.0481,Inbound,Bus,0.5636363636363635,1.4363636363636365,Generator,2.291666666666666
E17424,4.793182,11.03182,ECKSTEIN PL AT WADSWORTH ST FS,40.4427,-79.9685,Inbound,Bus,-6.238638,15.825002,Attractor,0.43448696588595537
S70416,0.0,1.665909,CYPRESS ST OPP OAK ST,40.3943,-79.8878,Outbound,Bus,-1.665909,1.665909,Attractor,0.0
E70330,12.577275,5.5272725000000005,BRUSHTON AVE AT UPLAND ST,40.4606,-79.8885,Outbound,Bus,7.0500025,18.104547500000002,Generator,2.2754939258015594
S70131,2.6568182,1.3954545500000002,LEBANON CHURCH RD AT CECO DR,40.3462,-79.9571,Inbound,Bus,1.2613636499999998,4.05227275,Generator,1.903908801615932
W03560,6.252272727272728,18.790909090909103,CHARTIERS AVE AT MARGARET ST,40.4658,-80.0639,Outbound,Bus,-12.538636363636375,25.043181818181832,Attractor,0.33272859216255424
W00790,13.184090000000001,10.527272499999999,ALLENDALE CIR AT #3658,40.4605,-80.0637,Both,Bus,2.6568175000000025,23.7113625,Generator,1.2523747247922008
N24095,2.588636363636363,0.759090909090909,CRESCENT ST AT SULLIVAN WAY,40.502,-79.947,Inbound,Bus,1.829545454545454,3.3477272727272718,Generator,3.410179640718562
E04690,0.67727275,3.6590908499999997,BAKER ST OPP GALLATIN ST,40.4875,-79.9219,Outbound,Bus,-2.9818181,4.336363599999999,Attractor,0.18509317690212584
W11718,0.0,0.0,LINDSAY RD OPP #601,40.3831,-80.0825,Inbound,Bus,0.0,0.0,Balanced,
E32749,6.8704543000000005,31.75909,JOHNSTON AVE AT MANSION ST,40.4054,-79.9372,Both,Bus,-24.888635700000002,38.6295443,Attractor,0.21633032621526627
N32790,24.474998499999998,1.75909085,MCKNIGHT RD AT NORTH HILLS VILLAGE (SOUTH ENT,40.5221,-80.0054,Inbound,Bus,22.71590765,26.234089349999998,Generator,13.913436307169695
X00450,3.225,0.025,BANK ST AT DEWEY AVE,40.3562,-80.1101,Inbound,Bus,3.2,3.25,Generator,129.0
W02780,10.03181818181818,27.95227272727275,BROADWAY AVE OPP WAYNE AVE,40.4692,-80.069,Outbound,Bus,-17.920454545454568,37.98409090909093,Attractor,0.3588909667452635
N71280,0.40000000000000024,0.7886363636363636,FREEPORT RD OPP #2366,40.5306,-79.8493,Inbound,Bus,-0.38863636363636334,1.188636363636364,Attractor,0.507204610951009
N22320,2.8568181818181833,6.5409090909090875,FREEPORT RD OPP EASTERN AVE,40.4895,-79.9036,Outbound,Bus,-3.684090909090904,9.39772727272727,Attractor,0.43676164002779755
X00490,1.145454545454545,0.0,BANK ST AT GREGG AVE,40.3551,-80.1085,Inbound,Bus,1.145454545454545,1.145454545454545,Generator,
S70594,16.8090909090909,23.429545454545448,MCKEESPORT TRANSPORTATION CENT AT BAY #4,40.3523,-79.8612,Both,Bus,-6.620454545454546,40.238636363636346,Attractor,0.7174313706470073
N43200,13.047725,4.334091,PERRYSVILLE AVE AT PERRYVIEW AVE,40.4938,-80.0221,Inbound,Bus,8.713633999999999,17.381816,Generator,3.0104870894496676
N12520,36.422727272727286,34.19772727272728,BUTLER ST AT FREEPORT ST,40.4964,-79.9442,Outbound,Bus,2.2250000000000085,70.62045454545456,Generator,1.0650628032165883
N21480,0.05,1.4,FREEPORT RD AT MONTANA AVE,40.6209,-79.7286,Outbound,Bus,-1.3499999999999999,1.45,Attractor,0.03571428571428572
E30125,0.7272727,0.0,HULTON RD AT HULTON ARBORS,40.5137,-79.8042,Inbound,Bus,0.7272727,0.7272727,Generator,
W17810,0.18636365,0.92272725,NOBLESTOWN RD OPP HARTWELL ST,40.4376,-80.0524,Outbound,Bus,-0.7363636,1.1090909,Attractor,0.20197046310272077
E57790,20.3363655,0.6909091,WILKINS AVE OPP WORTH ST,40.4467,-79.913,Both,Bus,19.6454564,21.0272746,Generator,29.434212836391932
S42330,5.204545550000001,27.838636545,SOUTH BUSWAY AT SOUTH BANK,40.3925,-79.9984,Inbound,Busway,-22.634090995,33.043182095,Attractor,0.18695403927513005
E70966,22.940909090909102,27.6227272727273,BRADDOCK HILLS SHOPPING CENTER,40.4138,-79.8532,Both,Bus,-4.681818181818198,50.563636363636405,Attractor,0.8305084745762707
S70628,1.50909090909091,0.6613636363636366,BOWMAN AVE AT CHESTUT AVE,40.359,-79.8342,Outbound,Bus,0.8477272727272733,2.1704545454545467,Generator,2.2817869415807563
N10375,0.13863635,0.7522725,BRIGHTON RD OPP GIANT EAGLE LOT,40.4898,-80.045,Outbound,Bus,-0.61363615,0.89090885,Attractor,0.18429006776134976
S35900,0.025,3.645454545454545,BLOSSOM DR AT NORMA DR,40.3437,-80.0023,Outbound,Bus,-3.620454545454545,3.670454545454545,Attractor,0.006857855361596011
S70355,2.565909,4.0704545,EAST PITTSBURGH-MCKEESPORT BLV OPP THE LANE,40.3714,-79.8284,Outbound,Bus,-1.5045455000000003,6.6363635,Attractor,0.630374077391112
E70446,1.1863638,18.084090500000002,FRANKSTOWN RD OPP MUNICIPAL BLDG,40.4724,-79.8196,Outbound,Bus,-16.897726700000003,19.2704543,Attractor,0.06560262458319371
N45820,6.2045455,0.05,RIALTO ST AT LEY ST,40.466,-79.982,Inbound,Bus,6.1545455,6.2545455,Generator,124.09091
N05000,49.177274999999995,40.822725000000005,CHILDREN'S WAY,40.452,-80.0064,Both,Bus,8.354549999999989,90.0,Generator,1.204654392865738
S18030,0.50227275,1.7000001,FAIRHAVEN RD OPP STEWART AVE,40.3782,-79.9937,Outbound,Bus,-1.19772735,2.20227285,Attractor,0.2954545414438505
S08160,0.0,0.5568182,BROWNSVILLE RD AT AUDBERT DR,40.3514,-79.9885,Outbound,Bus,-0.5568182,0.5568182,Attractor,0.0
E34700,0.91590909,1.565909,LEECHBURG RD AT SALTSBURG RD,40.4851,-79.8177,Inbound,Bus,-0.64999991,2.48181809,Attractor,0.5849056937535961
E57510,0.92045455,17.175,WILKINS AVE AT BELLEROCK ST,40.4448,-79.9294,Outbound,Bus,-16.254545450000002,18.09545455,Attractor,0.05359269577874818
S28690,0.120454545,6.0272725000000005,LEBANON RD AT NOBLE DR,40.3619,-79.9323,Outbound,Bus,-5.906817955,6.147727045000001,Attractor,0.019984917721904888
E13390,31.147727500000002,66.59091,CENTRE AVE AT DEVILLIERS ST,40.4437,-79.9803,Inbound,Bus,-35.44318249999999,97.7386375,Attractor,0.4677474373003764
S70596,1.11590909090909,3.897727272727275,BROWNLEE ST AT #60,40.3507,-79.8431,Inbound,Bus,-2.781818181818185,5.0136363636363654,Attractor,0.2862973760932941
S44970,1.8545455,0.022727275,ST JOSEPH ST OPP COMO ST STEPS,40.4135,-79.9792,Inbound,Bus,1.831818225,1.877272775,Generator,81.59999384000061
N13215,4.740909,0.62727275,CALIFORNIA AVE OPP #3228,40.4739,-80.0387,Inbound,Bus,4.11363625,5.368181750000001,Generator,7.557970595725703
X08070,0.46363635,12.78182,HABERMAN AVE AT KATHLEEN ST FS,40.4259,-80.0026,Outbound,Bus,-12.31818365,13.24545635,Attractor,0.036273108993867854
E57540,2.5386366000000002,27.702275,WILKINS AVE AT FAIR OAKS ST,40.4454,-79.9306,Outbound,Bus,-25.1636384,30.2409116,Attractor,0.09164000429567609
E70301,2.5727275,4.875,BRYN MAWR RD AT CENTRE AVE,40.4493,-79.9576,Outbound,Bus,-2.3022725,7.4477275,Attractor,0.5277389743589743
N37130,0.57727275,0.0,MT TROY RD AT #2637,40.4734,-79.9853,Inbound,Bus,0.57727275,0.57727275,Generator,
S70459,3.58181815,3.025,CAMP HOLLOW RD AT LEBANON CHURCH RD,40.3497,-79.927,Both,Bus,0.5568181500000002,6.6068181500000005,Generator,1.1840721157024794
S21590,0.0,0.3909091,GREENSPRINGS AVE OPP HIGH ST,40.3879,-79.8809,Outbound,Bus,-0.3909091,0.3909091,Attractor,0.0
N15900,0.025,1.63409090909091,CUMBERLAND RD AT FOX HUNT DR,40.5719,-80.0185,Outbound,Bus,-1.60909090909091,1.6590909090909098,Attractor,0.015299026425591092
E70862,3.5977275000000004,0.07045454500000001,TILBURY AVE AT NICHOLSON ST,40.4303,-79.9177,Inbound,Bus,3.5272729550000004,3.6681820450000004,Generator,51.06451968428723
N71265,1.65,0.125,FREEPORT RD AT POWERS RUN RD FS,40.5065,-79.8516,Inbound,Bus,1.525,1.775,Generator,13.2
E42794,32.995455,28.713635000000004,OAK HILL DR AT ECKSTEIN PL,40.4415,-79.9699,Outbound,Bus,4.281819999999996,61.70909,Generator,1.1491214887979175
E01980,18.859088500000002,87.877271,FIFTH AVE OPP HIGHLAND AVE,40.4518,-79.9241,Both,Bus,-69.0181825,106.73635949999999,Attractor,0.2146071252030574
S70227,0.125,0.0,DELWAR RD OPP RITTER ENGINEERING,40.3508,-79.9508,Inbound,Bus,0.125,0.125,Generator,
E44360,0.0,0.0,OLD WILLIAM PENN HWY OPP ROTH DR,40.4411,-79.7476,Inbound,Bus,0.0,0.0,Balanced,
W00900,6.8045455,12.872724999999999,ALLENDALE ST OPP STANHOPE ST,40.4571,-80.0628,Both,Bus,-6.068179499999999,19.6772705,Attractor,0.5286017917729152
W08800,0.165909090909091,0.8681818181818199,HERBST RD OPP GRANT ST,40.4869,-80.1152,Both,Bus,-0.7022727272727289,1.034090909090911,Attractor,0.1910994764397903
E46500,1.554545275,7.324999999999999,PENN AVE AT SUMMIT ST,40.4431,-79.8667,Outbound,Bus,-5.770454725,8.879545275,Attractor,0.21222461092150172
S11450,19.05,1.9636364999999998,CHARLES ST AT KNOX AVE,40.4166,-79.9905,Inbound,Bus,17.0863635,21.0136365,Generator,9.701388215181375
E06040,1.2477274999999999,1.8454545,BEECHWOOD BLVD AT PHILLIPS AVE FS,40.4325,-79.9152,Both,Bus,-0.5977270000000001,3.0931819999999997,Attractor,0.6761085141898648
S08620,0.415909090909091,2.895454545454545,BROWNSVILLE RD AT HOLLOW HAVEN DR FS,40.3435,-79.9852,Outbound,Bus,-2.479545454545454,3.311363636363636,Attractor,0.14364207221350084
S19970,52.524999,5.44318175,GLENBURY ST RAMP AT SOUTH BUSWAY,40.3828,-79.9966,Inbound,Busway,47.08181725,57.96818075,Generator,9.649686784755993
S13965,0.4113636363636365,0.0,CURRY RD OPP OLYMPIC RD,40.3402,-79.9909,Inbound,Bus,0.4113636363636365,0.4113636363636365,Generator,
E56370,0.0,0.0,WASHINGTON BLVD AT LIBERTY WELDING,40.4669,-79.9086,Inbound,Bus,0.0,0.0,Balanced,
E11780,62.277271,13.152273545,BUTLER ST AT 52ND ST,40.4805,-79.9545,Inbound,Bus,49.124997455,75.429544545,Generator,4.73509547888589
X18730,0.025,2.806818,VIRGINIA AVE AT BERTHA ST,40.4315,-80.0122,Outbound,Bus,-2.781818,2.8318179999999997,Attractor,0.00890688316805721
S70331,1.720454545454545,4.761363636363635,9TH ST AT HEMLOCK WAY,40.3211,-79.8918,Inbound,Bus,-3.04090909090909,6.48181818181818,Attractor,0.3613365155131265
N71303,0.38636365,2.065909,SEAVEY RD AT ELBE DR FS,40.4913,-79.9696,Outbound,Bus,-1.67954535,2.45227265,Attractor,0.18701871670049358
W25240,0.6431818181818182,11.484090909090908,WASHINGTON PIKE OPP MAYER ST,40.3662,-80.1069,Outbound,Bus,-10.84090909090909,12.127272727272725,Attractor,0.056006332871561454
W12703,26.395455,34.479545,MALL AT ROBINSON AT ENTRANCE K,40.4529,-80.157,Both,Bus,-8.084090000000003,60.875,Attractor,0.7655395394573796
N45290,0.025,0.9704545454545456,PRESIDENTIAL DR AT JACKSON,40.5833,-79.9981,Outbound,Bus,-0.9454545454545455,0.9954545454545456,Attractor,0.025761124121779857
W24250,20.49545454545455,3.83409090909091,WASHINGTON AVE AT LINCOLN AVE,40.4045,-80.0835,Inbound,Bus,16.66136363636364,24.32954545454546,Generator,5.345583876704208
S70378,0.0,0.0,STATE ST AT FRANCIS ST,40.2968,-79.8747,Outbound,Bus,0.0,0.0,Balanced,
E10400,2.0022725,0.36136365000000004,WOLFE AVE AT GENERAL BRADDOCK DR NS,40.4104,-79.8508,Inbound,Bus,1.6409088500000002,2.36363615,Generator,5.540879665124038
W08460,2.1340909090909106,0.6522727272727272,HECKLE RD AT PINE HOLLOW RD,40.4749,-80.0959,Both,Bus,1.4818181818181833,2.786363636363638,Generator,3.271777003484323
E33910,19.395455,0.3590909,LAKETON RD AT DOYLE ST FS,40.4562,-79.8578,Inbound,Bus,19.0363641,19.754545899999997,Generator,54.01266086108002
S70553,3.4545455,31.53409,PARKLINE DR AT RADFORD RD FS,40.3652,-79.9669,Outbound,Bus,-28.079544499999997,34.9886355,Attractor,0.10954955414917635
E14510,4.0590910000000004,0.57045455,COAL ST OPP WOODWORTH ST,40.4374,-79.8818,Inbound,Bus,3.4886364500000004,4.6295455500000005,Generator,7.115537951270615
N36380,0.21818179999999998,8.279544999999999,MT ROYAL BLVD AT WOOD PL,40.5325,-79.9679,Outbound,Bus,-8.061363199999999,8.497726799999999,Attractor,0.02635190701904513
N19540,1.8227272727272723,0.268181818181818,FERGUSON RD AT LINWOOD DR #1,40.5581,-79.9848,Inbound,Bus,1.5545454545454542,2.0909090909090904,Generator,6.796610169491528
N24220,0.068181818181818,9.611363636363635,GRANT AVE AT LINCOLN AVE,40.492,-80.0485,Outbound,Bus,-9.543181818181816,9.679545454545453,Attractor,0.0070938756207140985
E55590,0.047727275,1.459091,VERONA RD AT RAITHEL ST FS,40.496,-79.8367,Outbound,Bus,-1.411363725,1.5068182749999999,Attractor,0.032710279893440504
E70419,0.715909,2.4954545,LARIMER AVE AT MAYFLOWER ST,40.4643,-79.916,Outbound,Bus,-1.7795455000000002,3.2113635,Attractor,0.2868852146973627
S27480,10.5522726,39.99090700000001,KENNYWOOD BLVD AT HOFFMAN BLVD,40.385,-79.8631,Outbound,Bus,-29.438634400000005,50.54317960000001,Attractor,0.2638667985199735
S09490,1.9613636363636384,8.418181818181814,BROWNSVILLE RD OPP HILLMAN ST,40.3717,-79.9754,Outbound,Bus,-6.456818181818176,10.379545454545452,Attractor,0.23299136069114507
W70045,28.011364999999998,31.861365,PLEASANT RIDGE RD AT COMMUNITY CENTER,40.48,-80.0765,Both,Bus,-3.8500000000000014,59.87273,Attractor,0.8791639968971825
E17308,188.4477325,2.499999985,EAST BUSWAY AT NEGLEY STATION B,40.4566,-79.9326,Outbound,Busway,185.947732515,190.947732485,Generator,75.37909345227456
E11750,0.9704545499999999,12.1568185,BUTLER ST OPP 49TH ST,40.477,-79.9569,Outbound,Bus,-11.18636395,13.12727305,Attractor,0.07982800351917732
E40240,0.0,0.447727275,MONROEVILLE-TRESTLE RD OPP BOYCE PARK ENTRANCE,40.4704,-79.7549,Outbound,Bus,-0.447727275,0.447727275,Attractor,0.0
S45020,3.6568180000000003,0.07045454500000001,ST JOSEPH ST AT #144,40.4134,-79.9854,Inbound,Bus,3.5863634550000003,3.7272725450000004,Generator,51.90322356066596
S24480,1.47727275,3.66590925,HWY RT 51 OPP LEWIS RUN RD,40.3212,-79.9423,Outbound,Bus,-2.1886365,5.1431819999999995,Attractor,0.4029758101622401
S48810,0.097727275,0.05,WHITAKER WAY OPP HIGHWOOD ST,40.406,-79.893,Both,Bus,0.047727275,0.147727275,Generator,1.9545455
E39310,2.825,21.736365,MILLVALE AVE AT CYPRESS ST,40.4586,-79.9472,Inbound,Bus,-18.911365,24.561365,Attractor,0.12996653304266836
E70230,72.525,97.46363500000001,ELLSWORTH AVE AT EAST LIBERTY STATION,40.4593,-79.923,Inbound,Bus,-24.938635000000005,169.98863500000002,Attractor,0.7441236929035121
W21860,5.777272727272725,6.738636363636365,STEUBEN ST AT CVS DRVWY,40.4385,-80.07,Outbound,Bus,-0.9613636363636404,12.51590909090909,Attractor,0.8573355817875206
W20170,4.159090909090912,0.025,E RAILROAD ST AT 3RD ST,40.3903,-80.088,Inbound,Bus,4.1340909090909115,4.184090909090912,Generator,166.36363636363646
E70819,0.0,4.890909090909091,7TH ST EXT OPP TIMBER DR,40.3883,-79.7484,Outbound,Bus,-4.890909090909091,4.890909090909091,Attractor,0.0
E23610,13.95909,2.443182,FRIENDSHIP AVE AT WINEBIDDLE ST,40.4624,-79.9431,Inbound,Bus,11.515908,16.402272,Generator,5.713487574810227
E39580,0.6090909,1.30000002,MONONGAHELA AVE AT #2129,40.4174,-79.8875,Both,Bus,-0.6909091199999999,1.90909092,Attractor,0.4685314543302853
S08770,27.829546,133.33409,BROWNSVILLE RD AT MAYTIDE ST,40.3846,-79.978,Outbound,Bus,-105.50454400000001,161.163636,Attractor,0.20872041051167034
W70016,0.46818180000000004,0.047727275,CLEVER RD OPP FIELD CLUB DR,40.4688,-80.1264,Inbound,Bus,0.420454525,0.515909075,Generator,9.809522961451288
S19230,2.2181818181818196,0.0,GARDENVILLE RD AT KOEFFLER DR,40.3478,-80.0076,Inbound,Bus,2.2181818181818196,2.2181818181818196,Generator,
E59450,7.8022727750000005,22.668182949999995,WOOD ST AT SOUTH AVE,40.442,-79.8857,Both,Bus,-14.865910174999994,30.470455724999994,Attractor,0.34419489167745587
S09310,75.66818,30.395455000000002,BROWNSVILLE RD AT WYNOKA ST,40.4056,-79.9911,Inbound,Bus,45.27272500000001,106.063635,Generator,2.4894570586293248
S09530,102.72500000000001,41.22727499999999,BROWNSVILLE RD OPP MCKINLEY ST,40.4085,-79.9911,Inbound,Bus,61.49772500000002,143.952275,Generator,2.491675717107183
W26190,4.7136365,1.6681819999999998,W PROSPECT AVE AT ARBORDALE ST FS,40.4469,-80.0805,Inbound,Bus,3.0454545,6.3818185,Generator,2.8256128527942397
N20090,3.5727275,0.9045454500000001,FOREST AVE AT KLEMONT AVE,40.5067,-80.0512,Inbound,Bus,2.66818205,4.47727295,Generator,3.949749014822859
W19454,2.8613635000000004,0.0,ORCHARD SPRING RD AT BLACKBERRY DR,40.3949,-80.0693,Inbound,Bus,2.8613635000000004,2.8613635000000004,Generator,
N70171,0.075,0.09772727272727275,PENN ST AT BROADVIEW BLVD,40.6139,-79.7421,Outbound,Bus,-0.02272727272727275,0.17272727272727273,Attractor,0.7674418604651161
E17460,7.295455,0.6613636450000001,EDGEWOOD AVE AT COLUMBIA AVE,40.4244,-79.886,Inbound,Bus,6.634091355,7.956818644999999,Generator,11.03092837829028
E04740,5.5136365000000005,4.1886365,BALDRIDGE AVE AT 6TH ST FS (SR HI-RISE),40.4055,-79.8634,Inbound,Bus,1.3250000000000002,9.702273000000002,Generator,1.316332056983221
N71205,69.1590925,53.02727300000001,FEDERAL ST AT HEMLOCK ST,40.4572,-80.0071,Outbound,Bus,16.13181949999999,122.18636550000001,Generator,1.3042174071444328
E70003,2.4772724999999998,5.2181820000000005,EAST HILLS DR AT #2303,40.4561,-79.871,Inbound,Bus,-2.7409095000000008,7.6954545,Attractor,0.4747386158627659
E32500,12.620455,3.4818181,JANCEY ST AT WELLESLEY AVE,40.4762,-79.9308,Inbound,Bus,9.1386369,16.102273099999998,Generator,3.6246738449662264
S44750,4.247727272727274,14.197727272727251,ST CLAIR AVE AT 5TH ST,40.293,-79.8857,Both,Bus,-9.949999999999978,18.445454545454524,Attractor,0.29918360813190387
E54860,0.17272727499999999,0.0,UNITY TRESTLE RD AT COLLEGE AVE,40.4846,-79.7675,Both,Bus,0.17272727499999999,0.17272727499999999,Generator,
E29130,67.66818,1.7113635,HIGHLAND AVE AT STANTON AVE,40.4698,-79.921,Inbound,Bus,65.9568165,69.37954350000001,Generator,39.54050673629536
W07730,1.5454545,0.07045454500000001,GRAND AVE AT CALGON CARBON,40.509,-80.119,Inbound,Bus,1.474999955,1.615909045,Generator,21.935483367325695
E35800,26.406818999999995,0.8681818,LINCOLN AVE AT CHURCHLAND ST,40.4698,-79.8945,Inbound,Bus,25.538637199999997,27.275000799999994,Generator,30.416231945889667
N39060,0.288636345,0.6318182,THE BLOCK NORTHWAY DR OPP DAVE AND BUSTERS,40.5496,-80.0211,Both,Bus,-0.343181855,0.920454545,Attractor,0.45683448973138163
E59270,2.2045455,17.679545,WM PENN HWY OPP RED LOBSTER,40.4379,-79.7755,Outbound,Bus,-15.474999500000001,19.8840905,Attractor,0.12469469661125328
E23605,6.909091,11.311364000000001,FRIENDSHIP AVE AT TAYLOR ST,40.464,-79.9497,Outbound,Bus,-4.402273000000001,18.220455,Attractor,0.6108097131345078
N70049,48.5886365,13.1295453,WATERWORKS MALL AT MARSHALLS,40.4888,-79.8919,Inbound,Bus,35.4590912,61.718181799999996,Generator,3.700709764869009
E14330,0.24545454500000002,2.247727275,CHURCH ST AT MONONGAHELA AVE,40.422,-79.8903,Outbound,Bus,-2.00227273,2.4931818199999998,Attractor,0.10920121303417472
E32460,7.890909000000001,0.938636375,JANCEY ST AT VETTER ST,40.4811,-79.9292,Inbound,Bus,6.952272625000001,8.829545375,Generator,8.406779462387659
E45980,12.722727045000001,1.45454545,PENN AVE AT FINDLEY DR EAST,40.4444,-79.8632,Inbound,Bus,11.268181595000001,14.177272495,Generator,8.746874870771485
E34200,0.12272727500000001,3.2659089999999997,LAKETON RD AT LINDBERG AVE,40.4584,-79.8463,Outbound,Bus,-3.143181725,3.3886362749999996,Attractor,0.037578289842123594
S70345,0.145454545,0.1,EAST PITTSBURGH-MCKEESPORT BLV OPP FAIRMONT ST,40.3622,-79.8306,Inbound,Bus,0.045454544999999985,0.245454545,Generator,1.45454545
W20400,27.63863636363635,21.270454545454548,RIVER AVE AT MARINA,40.4662,-80.0527,Outbound,Bus,6.368181818181803,48.9090909090909,Generator,1.29939096057271
N52235,0.0,0.0,THOMPSON RUN RD AT RADCLIFFE DR,40.5173,-79.9938,Inbound,Bus,0.0,0.0,Balanced,
W02930,7.734091,0.37954544999999995,CAROTHERS AVE AT PACHEL WAY,40.3995,-80.0882,Inbound,Bus,7.35454555,8.11363645,Generator,20.377245992541873
E70990,4.6272728,1.32045455,BEDFORD AVE AT WASHINGTON PL FS,40.4418,-79.9918,Outbound,Bus,3.30681825,5.94772735,Generator,3.5043029690041205
W13290,7.063636363636365,0.5886363636363635,MCCOY RD AT KENNEDY LN,40.4804,-80.0896,Inbound,Bus,6.475000000000001,7.652272727272729,Generator,12.000000000000005
W22300,16.836365,2.1863635,STEUBENVILLE PIKE AT HADDOCK RD,40.4494,-80.1077,Inbound,Bus,14.6500015,19.0227285,Generator,7.700624804612773
S40630,2.234090909090909,2.754545454545454,RICHLAND AVE AT BRIDGE STEPS,40.348,-79.8913,Outbound,Bus,-0.5204545454545451,4.988636363636363,Attractor,0.8110561056105612
S09790,7.5818168,31.722728500000002,BROWNSVILLE RD OPP THE BOULEVARD,40.4011,-79.9893,Outbound,Bus,-24.140911700000004,39.3045453,Attractor,0.23900266964741068
N33660,0.7954545454545455,19.7840909090909,MERCHANT ST AT #826,40.5895,-80.2293,Outbound,Bus,-18.988636363636353,20.579545454545446,Attractor,0.04020677771395752
X02640,0.21136365000000001,2.181818,BOWER HILL RD OPP SALEM DR,40.3817,-80.0587,Outbound,Bus,-1.9704543499999998,2.39318165,Attractor,0.09687501432291787
W23100,4.0045455,0.375,SUMMIT PARK DR OPP PARK LANE #2,40.4551,-80.192,Inbound,Bus,3.6295455,4.3795455,Generator,10.678787999999999
N45210,0.0,0.0,PRESIDENTIAL DR AT BABCOCK BLVD,40.5863,-80.0002,Outbound,Bus,0.0,0.0,Balanced,
W02730,83.313635,23.602275,BROADWAY AVE AT 9TH ST FS,40.4734,-80.0763,Inbound,Bus,59.711360000000006,106.91591,Generator,3.529898494954406
S70346,0.0,0.0,EAST PITTSBURGH-MCKEESPORT BLV AT AULT ST,40.3645,-79.8292,Inbound,Bus,0.0,0.0,Balanced,
S46920,0.340909090909091,0.12272727272727275,WALNUT ST AT 28TH AVE,40.3327,-79.8464,Inbound,Bus,0.21818181818181825,0.46363636363636374,Generator,2.7777777777777777
E45890,45.26818025,62.827271849999995,PENN AVE OPP VILLAGE OF EASTSIDE SHPG CTR,40.4584,-79.9188,Outbound,Bus,-17.559091599999995,108.09545209999999,Attractor,0.7205179998596423
E55380,6.325,0.3590909,VERONA RD AT HUDSON ST,40.4777,-79.8427,Inbound,Bus,5.9659091,6.6840909,Generator,17.61392449655505
S01010,0.8113636500000001,3.7636365,SECOND AVE AT VESPUCIUS ST,40.4017,-79.9407,Outbound,Bus,-2.95227285,4.57500015,Attractor,0.21557970595725706
E56003,8.375,93.1022767,WALLACE AVE AT HAY ST,40.4449,-79.8853,Both,Bus,-84.7272767,101.4772767,Attractor,0.08995483565870736
E07500,37.57272727272725,0.3204545454545455,BEULAH RD OPP MCCRADY RD FS,40.4465,-79.8484,Inbound,Bus,37.252272727272704,37.893181818181795,Generator,117.24822695035452
W22840,2.7363635000000004,1.08863635,STEUBENVILLE PIKE OPP PITTSBURGH MOTEL,40.4397,-80.0909,Inbound,Bus,1.6477271500000004,3.82499985,Generator,2.513569843593777
N14020,0.0,2.095454545454545,CENTER AVE AT PENNSYLVANIA AVE,40.5132,-80.0998,Outbound,Bus,-2.095454545454545,2.095454545454545,Attractor,0.0
S02840,39.81363636363638,45.254545454545465,8TH AVE AT MCCLURE ST,40.4087,-79.9076,Both,Bus,-5.440909090909088,85.06818181818184,Attractor,0.8797709923664123
X02280,0.16136365,7.665909,BOWER HILL RD AT PARKVIEW DR,40.3801,-80.0629,Outbound,Bus,-7.50454535,7.82727265,Attractor,0.021049512849682928
S05260,6.9886365,0.022727275,BAPTIST RD AT LACHMAN DR,40.3556,-80.0029,Inbound,Bus,6.965909225,7.011363775,Generator,307.4999752500025
W21960,1.9545457000000002,7.2863635,STEUBEN ST OPP HERSCHEL ST,40.4422,-80.0451,Outbound,Bus,-5.3318178,9.2409092,Attractor,0.2682470755130457
W25670,6.4340910000000004,3.2772725,WINDGAP AVE AT BELHURST AVE,40.4582,-80.079,Inbound,Bus,3.1568185000000004,9.711363500000001,Generator,1.9632456562583673
N41160,0.0,0.32272727272727275,PEEBLES RD OPP BINGAY DR,40.559,-80.0153,Outbound,Bus,-0.32272727272727275,0.32272727272727275,Attractor,0.0
E41970,15.302274999999998,26.53409,NEGLEY AVE AT WALNUT ST,40.452,-79.9309,Inbound,Bus,-11.231815000000001,41.836365,Attractor,0.5767024608720329
E45670,11.134091,12.125,PENN AVE AT AIKEN AVE,40.4647,-79.9362,Inbound,Bus,-0.9909090000000003,23.259090999999998,Attractor,0.9182755463917526
X00440,0.0,0.190909090909091,BANK ST AT CHESTNUT ST,40.3544,-80.1076,Outbound,Bus,-0.190909090909091,0.190909090909091,Attractor,0.0
E34450,2.4886365,0.77954545,LARIMER AVE AT SHETLAND ST,40.4662,-79.9121,Inbound,Bus,1.70909105,3.2681819500000002,Generator,3.1924200186146945
W18220,5.5590910000000004,0.1431818,NOBLESTOWN RD AT HOLIDAY DR,40.4263,-80.062,Inbound,Bus,5.415909200000001,5.7022728,Generator,38.825402390527294
S08780,0.36590910000000004,7.2181820000000005,BROWNSVILLE RD AT MCANULTY RD,40.3554,-79.9907,Outbound,Bus,-6.852272900000001,7.5840911,Attractor,0.050692695196657554
E11640,49.763635,29.26136545,BUTLER ST AT 40TH ST NS,40.4683,-79.9627,Outbound,Bus,20.50226955,79.02500045,Generator,1.7006600421649154
E46510,1.24545455,19.054547499999998,PENN AVE AT SUPERIOR ST,40.4425,-79.8679,Outbound,Bus,-17.809092949999997,20.30000205,Attractor,0.0653625886418977
N22680,13.175,10.4000001,FREEPORT RD OPP #1050,40.4874,-79.8844,Inbound,Bus,2.774999900000001,23.5750001,Generator,1.2668269108958952
N44590,2.8795454545454535,14.370454545454546,PITTSBURGH ST AT HIGHLAND AVE FS,40.5414,-79.7997,Outbound,Bus,-11.490909090909092,17.25,Attractor,0.20037956666139484
W16380,2.9045455000000002,0.5,NOBLESTOWN RD OPP DUNCAN WAY,40.4131,-80.0755,Inbound,Bus,2.4045455000000002,3.4045455000000002,Generator,5.8090910000000004
S70525,0.45,1.8,CLOVERFIELD DR AT EDWARD DR,40.3949,-79.9664,Outbound,Bus,-1.35,2.25,Attractor,0.25
X17670,2.6477275000000002,0.33863635000000003,SOUTHERN AVE OPP LELIA ST,40.4215,-80.0127,Inbound,Bus,2.3090911500000004,2.98636385,Generator,7.818792932300386
E03930,1.759091,10.195454999999999,ALLEQUIPPA ST OPP SUTHERLAND DR FS,40.4444,-79.9637,Outbound,Bus,-8.436364,11.954545999999999,Attractor,0.17253678232114214
S21580,0.120454545,7.306818,GREENSPRINGS AVE OPP EASTMAN ST,40.3835,-79.8783,Outbound,Bus,-7.1863634549999995,7.427272545,Attractor,0.016485225853442635
S33710,0.1409091,1.4386366,MELLON ST OPP HIGHLAND AVE,40.363,-79.8589,Both,Bus,-1.2977275,1.5795457,Attractor,0.09794627774658313
S70235,0.022727275,0.53863635,DELWAR DR AT RITTER ENGINEERING,40.3508,-79.9509,Outbound,Bus,-0.5159090749999999,0.561363625,Attractor,0.04219409811461852
S05490,3.2136365,0.6840909,BAUSMAN ST OPP GEORGIA AVE STEPS,40.4142,-79.9949,Inbound,Bus,2.5295455999999996,3.8977274,Generator,4.69767468036777
W70072,61.58636249999999,70.05908885,PARK MANOR BLVD AT ROBINSON CENTER DR,40.4517,-80.1614,Both,Bus,-8.472726350000002,131.64545134999997,Attractor,0.8790631381441382
W07830,1.1295454500000002,4.0,GRAND AVE AT NEVILLE RECYCLING,40.5071,-80.109,Outbound,Bus,-2.87045455,5.12954545,Attractor,0.28238636250000004
N33025,1.384090895,0.047727275,MCKNIGHT RD OPP BROOKVIEW LN,40.5117,-80.0039,Inbound,Bus,1.33636362,1.43181817,Generator,28.999998323809603
E70759,0.022727275,0.0,BUTLER ST AT LIVONIA ST,40.4888,-79.936,Inbound,Bus,0.022727275,0.022727275,Generator,
N28110,0.122727275,1.5931819999999999,IVORY AVE AT CHERRYLAND ST,40.4964,-80.009,Both,Bus,-1.470454725,1.7159092749999998,Attractor,0.07703280290638484
E52780,87.89545,39.09091,STANTON AVE AT NEGLEY AVE,40.4716,-79.9266,Inbound,Bus,48.804539999999996,126.98635999999999,Generator,2.24848820352353
E70040,10.09545385,10.097726999999999,LIBERTY AVE AT 36TH ST,40.4619,-79.9638,Inbound,Bus,-0.002273149999998836,20.193180849999997,Attractor,0.999774884981541
N71326,0.456818181818182,0.0,CENTER AVE AT MILLER AVE,40.5132,-80.0938,Inbound,Bus,0.456818181818182,0.456818181818182,Generator,
E05517,29.952270999999996,13.0818185,BEATTY ST AT CENTRE AVE,40.4594,-79.9276,Inbound,Bus,16.870452499999995,43.03408949999999,Generator,2.289610653136641
N37220,0.0,0.74545455,MT TROY RD AT ST MARY CEMETERY ENTRANCE,40.4955,-79.999,Outbound,Bus,-0.74545455,0.74545455,Attractor,0.0
N28290,0.3181818,0.045454545,IVORY AVE OPP VALLEY VIEW ST,40.4967,-80.0113,Both,Bus,0.272727255,0.363636345,Generator,6.999999669999998
E26650,0.022727275,0.025,HAMILTON AVE OPP JULIUS ST,40.4582,-79.9117,Inbound,Bus,-0.0022727249999999997,0.047727275,Attractor,0.909091
E70852,0.07045454500000001,5.4045455,HAZELWOOD AVE OPP NANSEN ST,40.4134,-79.9395,Inbound,Bus,-5.334090955000001,5.475000045,Attractor,0.01303616465066304
E16020,12.777272499999999,0.24090909,DALLAS AVE OPP EDGERTON AVE,40.4479,-79.9108,Both,Bus,12.536363409999998,13.01818159,Generator,53.03773510580277
S10590,3.7272724999999998,7.0590910000000004,CAMFIELD ST AT BANDI AVE,40.4092,-79.9984,Both,Bus,-3.3318185000000007,10.7863635,Attractor,0.5280102636444267
S70365,1.1431818181818199,1.2772727272727276,MONONGAHELA AVE OPP 1ST ST,40.3345,-79.8911,Outbound,Bus,-0.1340909090909077,2.4204545454545476,Attractor,0.8950177935943071
E17560,15.197727500000001,0.79318185,EDGEWOOD AVE AT LACROSSE ST,40.4267,-79.8852,Inbound,Bus,14.404545650000001,15.99090935,Generator,19.160457970640657
X20170,0.54772725,4.2363635,WEST LIBERTY AVE AT PAULINE AVE,40.4019,-80.0221,Outbound,Bus,-3.6886362500000005,4.784090750000001,Attractor,0.12929184429051
S00900,10.4204543,8.325,SECOND AVE AT TECHNOLOGY DR,40.4341,-79.9655,Outbound,Bus,2.0954543,18.7454543,Generator,1.2517062222222222
E14020,93.845455,38.7204565,CENTRE AVE OPP NEVILLE ST,40.4527,-79.9495,Both,Bus,55.124998500000004,132.5659115,Generator,2.423666027801093
S70376,0.090909090909091,0.02272727272727275,STATE ST AT MONTOUR TRAIL,40.3055,-79.884,Outbound,Bus,0.06818181818181825,0.11363636363636374,Generator,4.0
E35820,0.7568182,19.4659105,LINCOLN AVE AT JOSHUA ST,40.4704,-79.8929,Outbound,Bus,-18.7090923,20.2227287,Attractor,0.03887915748919117
S70357,0.0,0.0,EAST PITTSBURGH-MCKEESPORT BLV OPP AULT ST,40.3645,-79.8293,Outbound,Bus,0.0,0.0,Balanced,
N30190,12.252272727272725,102.98409090909095,LINCOLN AVE AT BALPH AVE,40.4955,-80.0554,Outbound,Bus,-90.73181818181823,115.23636363636368,Attractor,0.11897248030366554
N09506,3.2977272727272746,5.3431818181818205,BLAZIER DR AT TARGET ENTRANCE DRIVE,40.5862,-80.0411,Both,Bus,-2.045454545454546,8.640909090909094,Attractor,0.6171841769459805
E19910,1390.195495,522.68863,FORBES AVE OPP MOREWOOD AVE (CARNEGIE MELLON),40.4445,-79.9423,Outbound,Bus,867.506865,1912.884125,Generator,2.659701044195279
W04320,1.2795454545454545,0.075,CHARTIERS AVE EXT OPP #1536,40.467,-80.0818,Inbound,Bus,1.2045454545454546,1.3545454545454545,Generator,17.060606060606062
E39670,3.922727275,29.7772735,MONONGAHELA AVE AT WHIPPLE ST FS,40.4254,-79.8916,Outbound,Bus,-25.854546225,33.700000775,Attractor,0.13173560954128322
N43940,24.43409,2.1886365,PERRYSVILLE AVE OPP DELAWARE ST,40.4799,-80.0121,Inbound,Bus,22.2454535,26.622726500000002,Generator,11.164069501719451
E41771,25.586365,13.225,NEGLEY AVE AT ELLSWORTH AVE,40.4549,-79.9327,Outbound,Bus,12.361365000000001,38.811365,Generator,1.934696786389414
S04040,70.940905,8.3636365,AMANDA ST AT GOLDBACH WAY,40.4156,-79.988,Inbound,Bus,62.5772685,79.3045415,Generator,8.482064589966338
E42910,4.49090895,11.6886365,OAKWOOD ST AT TIOGA ST,40.4494,-79.8842,Outbound,Bus,-7.19772755,16.17954545,Attractor,0.3842115331416115
S13710,0.5545454545454545,0.7113636363636365,CRAWFORD AVE OPP JUNO AVE,40.3625,-79.8537,Outbound,Bus,-0.15681818181818208,1.265909090909091,Attractor,0.7795527156549518
S70402,0.05,0.4909091,LEWIS RUN RD AT HWY 51 NS,40.3216,-79.9417,Outbound,Bus,-0.4409091,0.5409091,Attractor,0.1018518499657065
N39800,0.531818181818182,3.08409090909091,OHIO RIVER BLVD AT LOCUST ST,40.4977,-80.0696,Outbound,Bus,-2.5522727272727277,3.615909090909092,Attractor,0.17243920412675018
W23183,2.4227274999999997,0.125,SWALLOW HILL RD AT THE BOURSE,40.3892,-80.074,Inbound,Bus,2.2977274999999997,2.5477274999999997,Generator,19.381819999999998
E02030,53.8863635,14.245454895,FIFTH AVE OPP #2358,40.4372,-79.971,Both,Bus,39.640908605,68.131818395,Generator,3.782705704885109
S13500,0.9954544999999999,0.81363635,CONNISTON AVE AT GOSSER ST,40.4056,-79.9992,Both,Bus,0.1818181499999999,1.80909085,Generator,1.2234636517898936
N12825,3.606818,16.688634999999998,CALIFORNIA AVE AT FORSYTHE ST,40.4706,-80.0361,Outbound,Bus,-13.081816999999997,20.295453,Attractor,0.21612420668317095
E32870,0.92727275,1.9704545,JONES AVE OPP MAIN ST,40.4075,-79.8569,Outbound,Bus,-1.04318175,2.89772725,Attractor,0.47058825768369683
X10475,9.140909,13.702275,GALLERIA STOREFRONT AT SOUTHEAST ENTRANCE,40.3565,-80.0519,Both,Bus,-4.561366,22.843184,Attractor,0.6671088560111369
E28860,47.786365,9.7045455,HIGHLAND AVE AT FIFTH AVE,40.4521,-79.9241,Inbound,Bus,38.0818195,57.490910500000005,Generator,4.924121897310905
N13840,6.7136365,0.83636365,CENTER AVE AT HARVARD AVE,40.5154,-80.0448,Inbound,Bus,5.87727285,7.55000015,Generator,8.02717394520912
E54585,2.934091,28.45,TRENTON AVE AT PENN AVE FS,40.4455,-79.8916,Outbound,Bus,-25.515909,31.384090999999998,Attractor,0.10313149384885764
E37280,0.022727275,9.506817999999999,LONG RD AT JOAN DR,40.4589,-79.834,Outbound,Bus,-9.484090725,9.529545274999998,Attractor,0.0023906290201411245
S70398,1.3909090909090902,0.19545454545454544,LEWIS RUN RD AT MON VALLEY SCHOOL DRVWY,40.3246,-79.9399,Inbound,Bus,1.1954545454545449,1.5863636363636355,Generator,7.1162790697674385
X17653,0.95,1.1613635,SOUTHERN AVE AT #221,40.4238,-80.011,Outbound,Bus,-0.21136350000000004,2.1113635,Attractor,0.8180040099417624
X04050,4.918182,0.1409091,CEDAR BLVD AT HOLLYCREST DR,40.3776,-80.0553,Inbound,Bus,4.7772729,5.0590911,Generator,34.90322484495323
E06390,5.470455,27.788636500000003,BEELER ST AT FORBES AVE,40.444,-79.9386,Inbound,Bus,-22.3181815,33.259091500000004,Attractor,0.19685942489477667
N45510,0.0,0.5,REMINGTON DR AT BALMORAL DR #2,40.5582,-80.0086,Outbound,Bus,-0.5,0.5,Attractor,0.0
X01550,0.36590910000000004,7.5704545,BEVERLY RD AT COCHRAN RD,40.3873,-80.0547,Outbound,Bus,-7.204545400000001,7.9363636,Attractor,0.04833383517462525
N31770,18.0340925,16.240910500000002,MAIN ST OPP CANAL ST,40.4945,-79.9321,Outbound,Bus,1.793181999999998,34.275003,Generator,1.1104114205912283
X04480,3.5045455,0.2431818,COCHRAN RD AT BEVERLY RD,40.3871,-80.0546,Inbound,Bus,3.2613637,3.7477272999999998,Generator,14.411216217661025
E59550,2.2090908999999996,1.66590905,WOOD ST OPP SUSQUEHANNA ST,40.4481,-79.8838,Inbound,Bus,0.5431818499999996,3.8749999499999994,Generator,1.3260573258786243
E70754,5.1613635,6.4136365,STRANAHAN ST OPP OBERLIN ST,40.4617,-79.89,Outbound,Bus,-1.2522729999999997,11.575,Attractor,0.8047483670145634
S14790,0.22272727272727277,0.8840909090909091,DUQUESNE BLVD AT WYLIE AVE,40.3674,-79.8424,Both,Bus,-0.6613636363636364,1.106818181818182,Attractor,0.25192802056555275
E06450,2.51590925,16.886364,BEELER ST AT #5358,40.4455,-79.9319,Outbound,Bus,-14.37045475,19.40227325,Attractor,0.14899058494771283
S00230,5.256818,5.618181999999999,S 18TH ST AT JOSEPHINE ST,40.4248,-79.9794,Inbound,Bus,-0.36136399999999913,10.875,Attractor,0.9356795490071345
N15040,1.3886363499999999,4.793182,CHESTNUT ST OPP CONCORD ST,40.4584,-79.9954,Outbound,Bus,-3.40454565,6.1818183499999995,Attractor,0.28971074956052156
S70430,0.56136365,0.13863635,GREEN LOT AT BROADWAY AVE,40.3461,-79.8284,Inbound,Bus,0.42272730000000003,0.7,Generator,4.049180824509589
N15250,0.375,0.0,CHURCH AVE OPP VICTORIA AVE,40.5065,-80.0748,Inbound,Bus,0.375,0.375,Generator,
N33710,0.30681820000000004,14.127275000000001,METROPOLITAN ST AT CITIZEN'S BANK DRVWY,40.4555,-80.0313,Outbound,Bus,-13.8204568,14.434093200000001,Attractor,0.021718144511238015
E01450,9.5090907,23.736364,FIFTH AVE AT MOULTRIE ST FS,40.4381,-79.9745,Inbound,Bus,-14.227273299999998,33.245454699999996,Attractor,0.40061277708751014
S70438,0.634090909090909,0.525,CUSTER AVE OPP BICKAR ST,40.3942,-79.971,Outbound,Bus,0.10909090909090902,1.1590909090909092,Generator,1.2077922077922076
N24260,0.7636363636363636,3.6068181818181797,GRANT AVE AT WOODLAWN AVE,40.4889,-80.0524,Outbound,Bus,-2.843181818181816,4.370454545454543,Attractor,0.2117202268431003
E70854,0.33409089999999997,11.29091,HAZELWOOD AVE AT SYLVAN AVE,40.412,-79.9417,Inbound,Bus,-10.9568191,11.6250009,Attractor,0.029589368793126503
S39890,4.093182,0.23636365,PROSPECT RD OPP WAINWRIGHT AVE,40.3623,-79.9784,Inbound,Bus,3.8568183499999997,4.32954565,Generator,17.317307462463027
S70026,9.49772715,22.643181849999998,CENTURY DR AT SAM'S CLUB DRVWY FS,40.3445,-79.9483,Outbound,Bus,-13.145454699999998,32.14090899999999,Attractor,0.419451966288033
N35630,3.9340910000000004,79.08182,MT PLEASANT RD OPP HAZLETT ST,40.4776,-80.0,Outbound,Bus,-75.147729,83.01591099999999,Attractor,0.04974709737332804
E55990,11.865909049999999,19.647727,WALLACE AVE AT CENTER ST,40.4436,-79.8813,Both,Bus,-7.781817950000001,31.51363605,Attractor,0.6039329154970445
N71266,2.575,0.16363634999999999,IVORY AVE OPP SCHERLING ST,40.496,-80.0073,Inbound,Bus,2.41136365,2.73863635,Generator,15.736112422453816
N22405,0.0,0.4204545454545455,FREEPORT RD AT HARRISON AVE FS,40.6345,-79.7134,Outbound,Bus,-0.4204545454545455,0.4204545454545455,Attractor,0.0
N21120,1.5090909090909108,0.31590909090909103,FREEPORT RD AT BAILEY'S RUN RD,40.5875,-79.7763,Inbound,Bus,1.1931818181818197,1.825000000000002,Generator,4.776978417266191
E29940,1.4795454499999998,0.1818182,HOMEWOOD AVE AT REYNOLDS ST,40.4466,-79.9032,Outbound,Bus,1.2977272499999999,1.6613636499999997,Generator,8.137499161250082
E32297,1.6818181818181799,0.1386363636363635,JAMES ST OPP OHIO ST,40.4191,-79.8113,Inbound,Bus,1.5431818181818164,1.8204545454545433,Generator,12.131147540983605
E70164,1.9,22.411365,HIGHLAND AVE OPP RIPPEY ST FS,40.4649,-79.9232,Outbound,Bus,-20.511365,24.311365,Attractor,0.0847784148801289
W19920,0.0,0.0,PITCHFORK LN AT CLEVER RD,40.4652,-80.1093,Both,Bus,0.0,0.0,Balanced,
N38700,2.2795455000000002,2.6113635000000004,NORTH AVE AT MIDDLE ST,40.4566,-80.0002,Outbound,Bus,-0.33181800000000017,4.890909000000001,Attractor,0.8729330481949372
E02850,3.1931816500000005,0.586363645,ABER RD AT URBAN DR,40.4673,-79.8694,Both,Bus,2.6068180050000005,3.7795452950000006,Generator,5.445736067078307
E52970,0.8659091000000001,0.53863635,STANTON AVE OPP 52ND ST,40.4776,-79.9505,Inbound,Bus,0.3272727500000001,1.40454545,Generator,1.6075949942851055
S11440,1.6295455,15.961364999999999,CHARLES ST AT GRIMES AVE,40.4165,-79.9932,Outbound,Bus,-14.331819499999998,17.5909105,Attractor,0.10209311672278656
N71291,0.02272727272727275,0.0,BAKERSTOWN RD OPP #1 COCHRAN DRVWY,40.6671,-79.7068,Inbound,Bus,0.02272727272727275,0.02272727272727275,Generator,
E32275,0.4818182,2.9045455000000002,JAMES ST AT HARPER DR,40.4163,-79.8148,Outbound,Bus,-2.4227273,3.3863637000000004,Attractor,0.1658841977169922
S70267,0.022727275,0.0,BROWNSVILLE RD OPP NATIVITY CHURCH,40.329,-79.9873,Inbound,Bus,0.022727275,0.022727275,Generator,
X00750,1.465909,3.1272725,BANKSVILLE RD AT WENZELL AVE,40.4068,-80.0342,Inbound,Bus,-1.6613635000000002,4.5931815,Attractor,0.4687500049963666
N05420,0.0,0.047727275,AMITY DR AT SUTTER RD FS,40.5438,-79.9925,Outbound,Bus,-0.047727275,0.047727275,Attractor,0.0
N14630,22.309092999999997,20.6318185,N CHARLES ST AT PERRYSVILLE AVE,40.4711,-80.0085,Both,Bus,1.6772744999999958,42.9409115,Generator,1.0812955241924018
E01540,138.7590915,175.1613675,FIFTH AVE AT PRIDE ST,40.4386,-79.9849,Both,Bus,-36.402276,313.92045900000005,Attractor,0.7921786263743346
N45850,0.07272727272727275,1.822727272727275,RIALTO ST OPP WICKLINES LN,40.4672,-79.9829,Outbound,Bus,-1.7500000000000022,1.8954545454545477,Attractor,0.03990024937655857
S31700,0.525,2.475,MAIN ST OPP BOTSFORD ST,40.3847,-79.9037,Outbound,Bus,-1.9500000000000002,3.0,Attractor,0.21212121212121213
W70148,3.784091,2.9681819999999997,LEWIS AVE AT #1236,40.5052,-80.1424,Both,Bus,0.8159090000000004,6.752273,Generator,1.274885098016227
N70210,4.05,5.0659089999999996,FELICITY RD AT KANE CTR (STAFF ENTRANCE),40.5496,-80.015,Both,Bus,-1.0159089999999997,9.115908999999998,Attractor,0.7994616563384775
W12940,0.17272727272727273,1.0727272727272728,MANSFIELD BLVD AT CHARTIERS AVE FS,40.4072,-80.0893,Outbound,Bus,-0.9,1.2454545454545456,Attractor,0.16101694915254236
W03520,0.8068181999999999,0.8613636499999999,CHARTIERS AVE AT LITCHFIELD ST STEPS,40.4525,-80.0542,Inbound,Bus,-0.054545449999999995,1.6681818499999999,Attractor,0.9366754680209688
W19452,0.45454545,0.0,ORCHARD SPRING RD AT #453,40.3966,-80.071,Inbound,Bus,0.45454545,0.45454545,Generator,
E10410,0.0,0.02272727272727275,BRINTON RD OPP DRIVEWAY,40.4328,-79.8727,Outbound,Bus,-0.02272727272727275,0.02272727272727275,Attractor,0.0
X05880,0.7636363500000001,4.5318179999999995,FREEDOM AVE AT MERRICK AVE,40.3901,-80.0105,Both,Bus,-3.7681816499999994,5.29545435,Attractor,0.16850552030112423
E70983,0.075,1.731818,HAZELWOOD AVE AT LYTLE ST,40.4108,-79.9468,Outbound,Bus,-1.6568180000000001,1.806818,Attractor,0.043307091160849465
E35030,8.468181999999999,48.94091,LIBERTY AVE AT 29TH ST,40.4575,-79.9733,Inbound,Bus,-40.472728000000004,57.409092,Attractor,0.173028699302894
E44797,2.40454545,2.9704546,PANTHER HOLLOW RD AT PANTHER HOLLOW BRIDGE FS,40.4352,-79.9454,Both,Bus,-0.56590915,5.375000050000001,Attractor,0.809487359274907
E70283,19.0022725,8.1250002,PENN AVE AT BAKERY SQUARE,40.456,-79.9151,Inbound,Bus,10.8772723,27.1272727,Generator,2.338741173200217
E30277,0.0,0.0,JACKS RUN RD AT #3193,40.3522,-79.7894,Outbound,Bus,0.0,0.0,Balanced,
N33200,0.045454545,0.075,MEADVILLE ST AT TELEVISION HILL ST,40.4625,-80.0057,Outbound,Bus,-0.029545454999999998,0.120454545,Attractor,0.6060606000000001
E34060,1.3886365,0.1181818,LAKETON RD AT #1753,40.4492,-79.866,Inbound,Bus,1.2704547000000002,1.5068183,Generator,11.750002961538918
E26590,2.868182,9.256817999999999,HAMILTON AVE AT MULFORD ST,40.4521,-79.8866,Outbound,Bus,-6.388635999999999,12.125,Attractor,0.3098453485852266
N52370,0.0,0.025,THOMPSON RUN RD OPP SIEBERT RD,40.529,-79.9902,Outbound,Bus,-0.025,0.025,Attractor,0.0
E59590,3.9,6.1386362,WOODSTOCK AVE AT ARDMORE ST,40.4191,-79.8844,Outbound,Bus,-2.2386361999999997,10.0386362,Attractor,0.6353202686942093
N31660,10.4545455,10.190909,MAIN ST OPP 13TH ST FS,40.4943,-79.9294,Outbound,Bus,0.2636365000000005,20.6454545,Generator,1.0258697727553059
E07910,1.3727274999999999,4.9613635,BIGELOW ST AT TESLA ST,40.4194,-79.9359,Outbound,Bus,-3.588636,6.334091,Attractor,0.27668351653733897
N70106,0.12045454545454545,0.04772727272727275,FREEPORT RD OPP OAK MANOR DR (YMCA ENTRANCE),40.6512,-79.7084,Inbound,Bus,0.0727272727272727,0.1681818181818182,Generator,2.5238095238095224
X10265,0.047727275,0.57045455,MAIN ST OPP #1737,40.377,-80.0928,Outbound,Bus,-0.522727275,0.618181825,Attractor,0.08366534196282596
N25380,0.32045454500000004,0.4,HAZELTON ST OPP SEABRIGHT ST,40.4669,-80.0051,Outbound,Bus,-0.07954545499999999,0.7204545450000001,Attractor,0.8011363625000001
X16315,1.465909,15.238635,SHILOH ST AT VIRGINIA AVE,40.4293,-80.0073,Outbound,Bus,-13.772726,16.704544,Attractor,0.09619687065147238
P02890,127.07954600000001,23.4295456,PENN AVE AT 9TH ST,40.4438,-79.9981,Outbound,Bus,103.65000040000001,150.5090916,Generator,5.4239014349471635
S47230,0.07045454500000001,0.225,WALNUT ST AT JUNIPER ST,40.3192,-79.8347,Outbound,Bus,-0.154545455,0.295454545,Attractor,0.31313131111111114
E08510,17.58863636363635,2.263636363636365,BRADDOCK AVE AT 2ND ST,40.4061,-79.8733,Inbound,Bus,15.324999999999985,19.852272727272716,Generator,7.77008032128513
N54690,1.5613635000000001,13.770454999999998,WOODLAND AVE AT STAYTON ST,40.4697,-80.0273,Outbound,Bus,-12.209091499999998,15.331818499999999,Attractor,0.11338503339214284
E18980,2.6477275000000002,3.1568180000000003,FIESTA DR OPP RIVIERA DR,40.4747,-79.7091,Both,Bus,-0.5090905000000001,5.804545500000001,Attractor,0.8387330216692885
W04795,0.0,0.24772727272727274,CLIFF MINE RD OPP ENLOW RD,40.4521,-80.199,Outbound,Bus,-0.24772727272727274,0.24772727272727274,Attractor,0.0
E70331,1.590909,0.6590909,UPLAND ST AT APPLE ST,40.4619,-79.8937,Outbound,Bus,0.9318180999999999,2.2499998999999997,Generator,2.4137929988109375
W70137,1.5272727272727251,0.40227272727272745,STEUBEN ST AT CUMBERLAND ST FS,40.4421,-80.0606,Inbound,Bus,1.1249999999999978,1.9295454545454525,Generator,3.7966101694915184
E09810,6.990909,1.8363635,BRINTON AVE AT PALLAS ST,40.4058,-79.8442,Inbound,Bus,5.1545455,8.8272725,Generator,3.8069309262572473
E20850,6.3204545,2.431818,FRANKSTOWN RD AT BON AIR RD FS,40.4636,-79.8557,Inbound,Bus,3.8886365000000005,8.7522725,Generator,2.5990655961918208
S70532,0.38863635,2.559091,SPENCER AVE OPP BEAU ST,40.3878,-79.9764,Outbound,Bus,-2.17045465,2.94772735,Attractor,0.15186499815754892
S70455,2.215909,0.14545455000000002,OLD ELIZABETH RD AT BLUEMONT DR,40.3473,-79.9371,Both,Bus,2.0704544499999997,2.36136355,Generator,15.234373898925814
X06760,0.0,0.0,GILKESON RD AT WASHINGTON RD,40.3551,-80.0505,Outbound,Bus,0.0,0.0,Balanced,
E38770,1.2204545500000001,0.22954544999999998,MARK DR AT #7843,40.4687,-79.8724,Both,Bus,0.9909091000000001,1.4500000000000002,Generator,5.316831808254096
N50320,1.459091,0.65454545,SPRING GARDEN AVE AT ARCOLA WAY,40.4602,-79.9915,Inbound,Bus,0.8045455499999999,2.11363645,Generator,2.229166821035881
E58120,1.76136365,1.1477275,WINTERBURN AVE AT MINNESOTA ST,40.4252,-79.9398,Outbound,Bus,0.61363615,2.90909115,Generator,1.5346531733360054
N49620,2.0227275000000002,7.7045455,SHADELAND AVE OPP GEYER AVE,40.4749,-80.0319,Outbound,Bus,-5.681818,9.727273,Attractor,0.262536901105977
S22275,0.356818181818182,0.190909090909091,HOFFMAN BLVD AT CLONMEL ST,40.3828,-79.8669,Both,Bus,0.16590909090909098,0.547727272727273,Generator,1.869047619047619
W04200,0.075,0.7386363636363635,CHARTIERS AVE EXT AT #1536,40.4671,-80.0818,Outbound,Bus,-0.6636363636363636,0.8136363636363635,Attractor,0.10153846153846155
E20470,0.87045455,1.8295454500000001,FRANKSTOWN AVE AT JULIUS ST,40.4596,-79.9115,Outbound,Bus,-0.9590909000000001,2.7,Attractor,0.47577640118205317
W07820,1.8363635,0.5272727500000001,GRAND AVE OPP NEVILLE RECYCLING,40.507,-80.109,Inbound,Bus,1.30909075,2.36363625,Generator,3.4827582119500766
S03550,1.1545454545454543,1.2318181818181801,9TH AVE AT ANN ST,40.4073,-79.9084,Outbound,Bus,-0.07727272727272583,2.3863636363636345,Attractor,0.937269372693728
W26300,0.8522727272727275,0.2977272727272728,W PROSPECT AVE AT #221 (STEPS),40.4475,-80.0741,Outbound,Bus,0.5545454545454547,1.1500000000000004,Generator,2.8625954198473287
E23520,5.5363635,12.78182,FRIENDSHIP AVE AT GROSS ST,40.4623,-79.9447,Outbound,Bus,-7.2454564999999995,18.3181835,Attractor,0.43314359770361344
W70037,9.222725,14.088635,MCCARTAN DR OPP 4TH AISLE,40.4252,-80.1886,Both,Bus,-4.8659099999999995,23.31136,Attractor,0.6546216152239022
E55100,0.0,0.13636365,UNIVERSAL RD AT #150,40.4662,-79.8226,Outbound,Bus,-0.13636365,0.13636365,Attractor,0.0
S70054,43.345455,33.936364999999995,E CARSON ST AT S 11TH ST,40.4288,-79.9874,Inbound,Bus,9.409090000000006,77.28182,Generator,1.2772568600084306
X01900,4.625,0.3681818,BOGGS AVE AT KRAMER WAY,40.4246,-80.0089,Inbound,Bus,4.2568182,4.9931818,Generator,12.561729015394025
N52650,0.075,1.7772725,TROY HILL RD OPP PROVINCE ST FS,40.4576,-79.9891,Outbound,Bus,-1.7022725,1.8522725,Attractor,0.04219949388740331
E13500,10.6454545,9.2977275,CENTRE AVE AT HELDMAN ST,40.4426,-79.9825,Inbound,Bus,1.347726999999999,19.943182,Generator,1.1449523015166878
S01260,0.55454545,3.775,SECOND AVE OPP WINSTON ST,40.4046,-79.9426,Outbound,Bus,-3.22045455,4.3295454499999995,Attractor,0.1468994569536424
S70618,1.00227275,0.20909090000000002,CAMP HOLLOW RD OPP MILLPORT DR,40.345,-79.9242,Both,Bus,0.7931818499999999,1.21136365,Generator,4.793478577977329
N43630,3.306818,24.063634999999998,PERRYSVILLE AVE AT MCINTYRE AVE,40.4687,-80.0095,Outbound,Bus,-20.756816999999998,27.370452999999998,Attractor,0.13741972066979907
E59680,2.1704545,0.7000000000000001,WOODSTOCK AVE OPP WOODSTOCK TERR,40.4148,-79.8741,Inbound,Bus,1.4704544999999998,2.8704545,Generator,3.1006492857142853
N45780,9.643182,118.225,RHINE ST OPP #2129,40.4671,-79.9944,Outbound,Bus,-108.581818,127.86818199999999,Attractor,0.08156635229435398
E02900,3.9227274999999997,3.3454544999999998,ADELAIDE ST AT IOWA ST FS,40.453,-79.9567,Inbound,Bus,0.5772729999999999,7.2681819999999995,Generator,1.1725544316923155
S23740,1.575,5.4636365,HWY RT 51 AT GLENBURN DR,40.3389,-79.9606,Outbound,Bus,-3.8886364999999996,7.0386365,Attractor,0.28826954355400475
N35500,63.679545,1.4386362999999998,MT PLEASANT RD AT CHICAGO ST,40.4787,-80.001,Inbound,Bus,62.2409087,65.1181813,Generator,44.26382470677266
S33300,3.0477274999999997,0.1659091,MCKINLEY ST AT GROGAN AVE,40.4092,-79.9938,Both,Bus,2.8818184,3.2136365999999996,Generator,18.369863376993784
N43560,27.927275,6.634091,PERRYSVILLE AVE AT MARSHALL AVE,40.4751,-80.0116,Inbound,Bus,21.293184000000004,34.561366,Generator,4.209661127651098
N15522,0.0,0.0,CONNIE DR OPP MERWOOD DR,40.4994,-80.0246,Inbound,Bus,0.0,0.0,Balanced,
S70299,2.818182,4.1272725,EAST PITTSBURGH MCKEESPORT BLV AT MARYLAND AVE,40.38,-79.8283,Inbound,Bus,-1.3090905,6.9454545,Attractor,0.6828194649129662
X17729,0.1181818,2.3022725,SOUTHERN AVE OPP COWAN ST,40.4276,-80.0089,Outbound,Bus,-2.1840907,2.4204543,Attractor,0.05133267239216904
E16540,1.243182,5.4545455,DEVILLIERS ST AT WYLIE AVE,40.4443,-79.9809,Inbound,Bus,-4.2113635,6.6977275,Attractor,0.22791669810069418
S70312,1.668182,7.215909,BELTZHOOVER AVE AT RENTZ WAY,40.4167,-79.9972,Outbound,Bus,-5.547727,8.884091,Attractor,0.23118113047157332
S27570,1.190909090909091,11.25909090909091,KNOEDLER RD AT BROWNSVILLE RD FS,40.3416,-79.9845,Outbound,Bus,-10.068181818181818,12.450000000000001,Attractor,0.10577311263625352
S34990,4.50681805,2.21363615,MONONGAHELA BLVD AT #1224,40.4058,-79.8863,Outbound,Bus,2.2931818999999996,6.7204542,Generator,2.035934428519339
E11150,13.152275,0.0909091,BRYANT ST AT HIGHLAND AVE,40.4752,-79.9185,Inbound,Bus,13.0613659,13.243184099999999,Generator,144.67501053249893
E28950,51.970455,1.365909,HIGHLAND AVE AT EAST LIBERTY BLVD,40.4665,-79.9226,Inbound,Bus,50.604546,53.336364,Generator,38.04825577692218
N37300,0.0,0.0,MT TROY RD OPP MOST HOLY NAME OF JESUS CEMETE,40.488,-79.9921,Outbound,Bus,0.0,0.0,Balanced,
N45260,0.0,0.0,PRESIDENTIAL DR AT HARDING,40.5821,-79.9947,Inbound,Bus,0.0,0.0,Balanced,
S23950,1.5113636363636356,0.1454545454545455,HWY RT 51 AT MAXWELL DR NS,40.3496,-79.9759,Inbound,Bus,1.36590909090909,1.656818181818181,Generator,10.390624999999991
S08130,16.211361500000002,66.48863850000001,BROWNSVILLE RD AT W AGNEW AVE,40.3951,-79.9868,Outbound,Bus,-50.277277000000005,82.70000000000002,Attractor,0.24382152899701806
E29920,1.5863635,1.17954545,HOMEWOOD AVE AT RACE ST,40.4589,-79.8957,Outbound,Bus,0.40681805000000004,2.76590895,Generator,1.344893916550651
N43670,66.92727500000001,4.4022725000000005,PERRYSVILLE AVE AT PERRY ACADEMY,40.4893,-80.0183,Inbound,Bus,62.52500250000001,71.3295475,Generator,15.202892369793101
E29020,36.29318000000001,2.2613635,HIGHLAND AVE AT HOWE ST,40.4534,-79.9249,Inbound,Bus,34.031816500000005,38.55454350000001,Generator,16.049246394929433
S70408,2.5795455,0.0,CYPRESS ST AT OAK ST,40.3941,-79.8876,Inbound,Bus,2.5795455,2.5795455,Generator,
N39500,0.6727272727272725,15.515909090909101,OHIO RIVER BLVD AT ALLEGHENY AVE,40.5115,-80.1009,Outbound,Bus,-14.84318181818183,16.188636363636373,Attractor,0.0433572579463893
W07590,2.3772725,1.893182,GRAND AVE AT 2ND ST,40.5104,-80.126,Inbound,Bus,0.4840905000000002,4.2704545,Generator,1.2557020402687118
E70865,4.5,2.4545455,REED ST AT ELMORE ST,40.4422,-79.9785,Inbound,Bus,2.0454545,6.9545455,Generator,1.8333332993827167
N71234,11.78182,0.87954545,LOWRIE ST AT DEHAVEN ST FS,40.4619,-79.9843,Inbound,Bus,10.90227455,12.66136545,Generator,13.395350973619385
S24355,0.7931818,2.37954545,HWY RT 51 AT #2850,40.3776,-79.9874,Outbound,Bus,-1.58636365,3.1727272500000003,Attractor,0.3333333263291945
E70829,0.340909090909091,0.0,FORBES RD AT MEADOW ST,40.389,-79.7503,Inbound,Bus,0.340909090909091,0.340909090909091,Generator,
W19444,0.0,0.5568181999999999,ORCHARD SPRING RD AT ROSELEAF RD #1,40.397,-80.0691,Outbound,Bus,-0.5568181999999999,0.5568181999999999,Attractor,0.0
W21610,1.0818181949999999,3.9840910000000003,STEUBEN ST AT LINHART ST,40.4413,-80.0375,Outbound,Bus,-2.9022728050000004,5.065909195,Attractor,0.2715345093774213
E06050,0.41590910000000003,0.55,BEECHWOOD BLVD AT #2530,40.4293,-79.9156,Both,Bus,-0.1340909,0.9659091000000001,Attractor,0.7561983636363636
W08040,0.5431818,47.020455,GREENTREE RD AT COVENANT COMMUNITY CHURCH,40.4006,-80.0643,Outbound,Bus,-46.4772732,47.5636368,Attractor,0.011552031982676477
N71248,0.12045454545454545,1.09090909090909,PROSPECT ST AT 9TH AVE,40.6091,-79.7444,Outbound,Bus,-0.9704545454545445,1.2113636363636353,Attractor,0.11041666666666676
E55510,7.043182,1.08636365,VERONA RD AT HOMESTEAD RD,40.4818,-79.8381,Inbound,Bus,5.95681835,8.12954565,Generator,6.483263684310497
E25085,3.4863635000000004,5.765909,GREENFIELD AVE AT IRVINE ST,40.4248,-79.9524,Outbound,Bus,-2.2795454999999993,9.2522725,Attractor,0.6046511486740427
W08033,2.8727275,331.2341,GREENTREE RD AT ARLA DR FS,40.4035,-80.0581,Outbound,Bus,-328.3613725,334.1068275,Attractor,0.008672801200117982
N45300,0.0,0.0,PRESIDENTIAL DR OPP JEFFERSON,40.5846,-79.9996,Inbound,Bus,0.0,0.0,Balanced,
N10900,1.8545455,4.8363635,BRIGHTON RD AT FARRIS ST STEPS,40.463,-80.0205,Outbound,Bus,-2.981818,6.6909089999999996,Attractor,0.3834586668268421
N71333,0.025,2.338636363636365,CENTER AVE AT VISTA ST,40.5116,-80.0906,Outbound,Bus,-2.3136363636363653,2.363636363636365,Attractor,0.01068999028182701
E32312,2.415909,5.2886365,JAMES ST AT MONROEVILLE AVE,40.409,-79.8189,Outbound,Bus,-2.8727275,7.7045455,Attractor,0.4568113161114401
N70096,0.14090909090909098,0.02272727272727275,FREEPORT RD AT EVERGREEN DR,40.6492,-79.7089,Inbound,Bus,0.11818181818181824,0.16363636363636375,Generator,6.1999999999999975
E35900,5.290909,27.7272725,LINCOLN AVE AT MEADOW ST,40.461,-79.9099,Outbound,Bus,-22.436363500000002,33.018181500000004,Attractor,0.19081967041655468
N71217,35.379545,3.35,ALLEGHENY STATION BAY 2,40.4476,-80.0194,Both,Bus,32.029545,38.729545,Generator,10.561058208955224
E46600,14.604545000000002,9.490909,PENN AVE AT WINEBIDDLE ST,40.465,-79.9427,Inbound,Bus,5.113636000000001,24.095454000000004,Generator,1.5387930702949528
S35500,0.48636365,2.6704545,ARLINGTON AVE AT #916,40.4249,-79.9903,Outbound,Bus,-2.18409085,3.15681815,Attractor,0.18212766778089648
N16664,0.07045454545454545,3.40227272727273,DUNCAN AVE AT ROYAL MANOR CT #2,40.5666,-80.0036,Outbound,Bus,-3.3318181818181847,3.4727272727272753,Attractor,0.02070808283233131
S37602,0.9704545,1.5863635,OLYMPIA SHOPPING CTR DR AT SAVE-A-LOT,40.322,-79.8354,Both,Bus,-0.615909,2.556818,Attractor,0.6117478749353474
N31410,13.436363499999999,11.781818000000001,MAIN ST AT 13TH ST FS,40.4944,-79.9294,Inbound,Bus,1.6545454999999976,25.2181815,Generator,1.1404321047906187
S30740,102.21818181818185,41.64545454545456,LYSLE BLVD AT MCKEESPORT TRANSPORTATION CENT,40.3521,-79.861,Both,Bus,60.572727272727285,143.8636363636364,Generator,2.4544859201047804
E35650,7.504545454545455,7.30681818181818,LIBRARY ST AT BRADDOCK AVE,40.4014,-79.8655,Inbound,Bus,0.19772727272727497,14.811363636363634,Generator,1.0270606531881807
E56560,12.638637000000001,10.3636365,WAVERLY AVE AT BRADDOCK AVE,40.4222,-79.8861,Inbound,Bus,2.275000500000001,23.0022735,Generator,1.219517589216874
N30230,11.20227272727273,54.4363636363636,LINCOLN AVE AT BRIGHTON RD,40.4925,-80.0492,Outbound,Bus,-43.234090909090874,65.63863636363634,Attractor,0.20578657314629276
E49880,0.675,0.725,SALTSBURG RD AT LEECHBURG RD,40.485,-79.8174,Inbound,Bus,-0.04999999999999993,1.4,Attractor,0.9310344827586208
E27540,31.825,106.59773100000001,HAY ST AT PENN AVE,40.4443,-79.8858,Both,Bus,-74.77273100000001,138.422731,Attractor,0.29855232096825773
E09110,13.961363636363636,2.727272727272727,BRADDOCK AVE AT SANDERS ST,40.4317,-79.8932,Inbound,Bus,11.23409090909091,16.688636363636363,Generator,5.119166666666667
E70306,1.5340911,2.1363638000000003,MCCLURE AVE AT NEVADA ST,40.4206,-79.8965,Both,Bus,-0.6022727000000003,3.6704549,Attractor,0.7180851407424146
E14135,3.05,1.218181775,CHASKE ST AT #8168,40.4747,-79.8669,Both,Bus,1.831818225,4.2681817749999995,Generator,2.503731432035256
E15460,0.365909090909091,0.42727272727272747,COREY AVE AT 5TH ST,40.4075,-79.8666,Inbound,Bus,-0.06136363636363645,0.7931818181818184,Attractor,0.8563829787234041
N26834,0.0,0.0,HULTON RD AT 7TH ST,40.5243,-79.8359,Inbound,Bus,0.0,0.0,Balanced,
S27680,0.33409089999999997,4.731818,KNOX AVE AT ROCHELLE ST,40.4152,-79.9906,Outbound,Bus,-4.3977271,5.065908899999999,Attractor,0.07060518811163066
S34340,0.504545475,3.41136385,MIFFLIN RD OPP MCBRIDE AVE,40.3693,-79.9107,Outbound,Bus,-2.906818375,3.915909325,Attractor,0.14790139580097855
E19680,6.09999975,31.756818,FORBES AVE AT NORTHUMBERLAND ST,40.439,-79.9342,Outbound,Bus,-25.65681825,37.85681775,Attractor,0.19208472807319676
E53520,53.529545,0.6909090950000001,ST CLAIR ST AT BRYANT ST,40.4762,-79.9207,Inbound,Bus,52.838635905,54.220454095,Generator,77.47697256757054
E13910,53.522724999999994,181.561365,CENTRE AVE OPP CYPRESS ST,40.455,-79.9416,Outbound,Bus,-128.03864,235.08409,Attractor,0.29479137811064593
E19260,5.2,58.488635,FORBES AVE AT BRADDOCK AVE,40.4396,-79.8979,Outbound,Bus,-53.288635,63.688635000000005,Attractor,0.08890616100033794
E52460,2.6136364750000003,9.1477276,SOUTH AVE AT SWISSVALE AVE,40.4397,-79.8783,Inbound,Bus,-6.534091125,11.761364075,Attractor,0.28571428766637086
W07640,0.047727275,0.4818182,GRAND AVE AT COTTAGE AVE,40.5157,-80.144,Outbound,Bus,-0.43409092499999996,0.5295454749999999,Attractor,0.09905660475258096
W12250,10.08181818181818,4.636363636363635,MAIN ST AT CHESTNUT ST,40.4101,-80.0826,Inbound,Bus,5.445454545454545,14.718181818181815,Generator,2.174509803921569
E57650,9.6386365,23.73863635,WILKINS AVE AT SHADY AVE FS,40.4439,-79.9201,Both,Bus,-14.09999985,33.37727285,Attractor,0.40603160004176064
S16590,82.65,0.8863636500000001,E CARSON ST AT S 27TH ST,40.4271,-79.9668,Outbound,Bus,81.76363635,83.53636365000001,Generator,93.24615241159765
E58930,0.025,0.0,WILLIAM PENN HWY AT JADENS II,40.432,-79.7303,Inbound,Bus,0.025,0.025,Generator,
E70789,11.777275,25.609090000000002,BEDFORD AVE AT KIRKPATRICK ST,40.4481,-79.9784,Outbound,Bus,-13.831815000000002,37.386365,Attractor,0.4598865090481543
X70068,0.07045454500000001,2.5204545,LABELLE ST AT PIERMONT ST,40.4345,-80.016,Outbound,Bus,-2.449999955,2.590909045,Attractor,0.027953111234501556
E43460,1.1522727272727273,28.693181818181827,OLD WILLIAM PENN HWY OPP GOOD SHEPHERD CHURCH,40.4437,-79.7578,Outbound,Bus,-27.5409090909091,29.845454545454555,Attractor,0.040158415841584146
E45975,2.940909,9.563636500000001,PENN AVE AT FAIRMOUNT ST,40.4641,-79.9326,Outbound,Bus,-6.622727500000002,12.5045455,Attractor,0.3075094918130776
S27030,0.4,4.6886365,JOSEPHINE ST OPP #3033,40.4219,-79.965,Outbound,Bus,-4.2886365,5.088636500000001,Attractor,0.08531264899720846
E35090,2.9545455,20.563635,LIBERTY AVE AT 32ND ST,40.4604,-79.9691,Inbound,Bus,-17.609089500000003,23.5181805,Attractor,0.14367817265770375
X02180,6.650000045,1.6159091,BOWER HILL RD AT MARLIN DR,40.3857,-80.0502,Both,Bus,5.034090944999999,8.265909145,Generator,4.11533052508956
N18005,2.3454544999999998,3.8931820000000004,EAST ST AT LAREDA ST,40.4623,-79.9989,Outbound,Bus,-1.5477275000000006,6.2386365,Attractor,0.6024517990682171
W23194,0.045454545,0.0,SWALLOW HILL RD OPP CHARTIERS VALLEY SCHOOL DRVWY,40.396,-80.0769,Inbound,Bus,0.045454545,0.045454545,Generator,
E13350,11.911364,22.8636385,CENTRE AVE AT CRAWFORD ST,40.4411,-79.9859,Inbound,Bus,-10.9522745,34.7750025,Attractor,0.5209741222946646
E70792,26.361365,65.679545,BEDFORD AVE AT WATT LN,40.4507,-79.9723,Outbound,Bus,-39.318180000000005,92.04091,Attractor,0.4013633925143665
E42131,47.329544999999996,46.636365,NEVILLE RAMP AT CENTRE AVE,40.4527,-79.9498,Inbound,Bus,0.6931799999999981,93.96591,Generator,1.0148635083373243
N45270,0.0,0.068181818181818,PRESIDENTIAL DR AT HARDING,40.5822,-79.9952,Outbound,Bus,-0.068181818181818,0.068181818181818,Attractor,0.0
S42320,8.6863638,7.4499999500000005,SOUTH BUSWAY AT PIONEER AVE RAMP FS,40.4118,-80.0085,Outbound,Busway,1.23636385,16.13636375,Generator,1.165954880308422
E59690,0.47954545000000004,2.64545445,WOODSTOCK AVE AT #2690,40.4143,-79.8728,Outbound,Bus,-2.165909,3.1249998999999997,Attractor,0.1812714824857408
S23030,0.0,0.0,HOMEVILLE RD AT MUNICIPAL RD,40.3738,-79.8739,Outbound,Bus,0.0,0.0,Balanced,
E41380,3.3818182500000002,47.922729499999996,MURRAY AVE AT WELFER ST,40.4251,-79.9281,Both,Bus,-44.54091124999999,51.30454775,Attractor,0.07056814762606542
N18870,0.0,0.0,EVERGREEN & PEOPLES PLANK RD AT NELSON RUN RD,40.5057,-79.9951,Inbound,Bus,0.0,0.0,Balanced,
S48275,0.0,0.075,WATERFRONT DR AT RECREATION CENTER,40.4139,-79.9049,Inbound,Bus,-0.075,0.075,Attractor,0.0
N18700,4.8863635,6.1113634999999995,EVERGREEN RD AT BAYTREE ST,40.4887,-80.0103,Inbound,Bus,-1.2249999999999996,10.997727,Attractor,0.7995537329762826
E35930,1.868182,24.056816,LINCOLN AVE AT UPLAND ST,40.4638,-79.9021,Outbound,Bus,-22.188634,25.924998000000002,Attractor,0.07765707648094411
E21065,4.7,15.29318,FRANKSTOWN RD AT HEBRON CHURCH,40.4604,-79.8444,Outbound,Bus,-10.59318,19.99318,Attractor,0.3073265337882638
E52450,1.806818,4.0113635,SOUTH AVE AT SWISSVALE AVE,40.4398,-79.879,Outbound,Bus,-2.2045455,5.8181815,Attractor,0.45042489916458583
E36097,0.31363635,10.581818,LINCOLN AVE OPP WILTSIE ST,40.4701,-79.8937,Outbound,Bus,-10.26818165,10.89545435,Attractor,0.029639174478336333
X06800,0.0,0.0,GILKESON RD OPP #183,40.3576,-80.0551,Inbound,Bus,0.0,0.0,Balanced,
E17257,345.19089999999994,12.1,EAST BUSWAY AT HAMNETT STATION C,40.4372,-79.8856,Inbound,Busway,333.0908999999999,357.29089999999997,Generator,28.528173553719004
N11980,1.72954545,3.88863645,BROWNS LN AT CORBETT CT,40.5457,-80.02,Both,Bus,-2.159091,5.6181819,Attractor,0.44476912980641325
N41180,0.165909090909091,0.04545454545454545,PEEBLES RD AT PEEBLES SCHOOL DRVWY,40.5654,-80.0085,Both,Bus,0.12045454545454556,0.21136363636363645,Generator,3.6500000000000026
E17295,263.8204525,10.7000002,EAST BUSWAY AT WILKINSBURG STATION B,40.4468,-79.8888,Both,Busway,253.12045229999998,274.52045269999996,Generator,24.656116595212772
W21680,0.04772727272727275,0.6477272727272725,STEUBEN ST OPP CUMBERLAND ST,40.4421,-80.0608,Outbound,Bus,-0.5999999999999998,0.6954545454545452,Attractor,0.07368421052631585
N30500,5.193181818181817,17.134090909090926,LINCOLN AVE AT STRAW AVE,40.4916,-80.0477,Outbound,Bus,-11.94090909090911,22.327272727272742,Attractor,0.3030905955697038
E20670,16.863636,7.2613635,FRANKSTOWN AVE AT STERRETT ST,40.4569,-79.8939,Inbound,Bus,9.6022725,24.1249995,Generator,2.3223787102794122
X04610,3.2863635,2.581818,COCHRAN RD AT ROESSLER RD,40.393,-80.063,Inbound,Bus,0.7045455,5.8681815,Generator,1.2728873607667155
S70326,1.175,1.5840909090909099,STATE ST AT MAPLE AVE,40.2984,-79.8753,Inbound,Bus,-0.40909090909090984,2.7590909090909097,Attractor,0.741750358680057
N49090,0.5,1.1818182,SEAVEY RD AT PARKER ST,40.494,-79.9635,Outbound,Bus,-0.6818181999999999,1.6818182,Attractor,0.42307691656804747
W17820,1.8590909999999998,8.234091,NOBLESTOWN RD OPP HAWTHORNE ST,40.4162,-80.0674,Outbound,Bus,-6.375,10.093181999999999,Attractor,0.22577974909434448
N12930,0.07272727500000001,1.018182,CALIFORNIA AVE AT MARVISTA ST,40.4611,-80.0286,Outbound,Bus,-0.9454547249999999,1.090909275,Attractor,0.07142856090561414
S44980,19.540909999999997,8.806818,ST JOSEPH ST AT HAYS AVE NS,40.4133,-79.9875,Inbound,Bus,10.734091999999997,28.347727999999996,Generator,2.2188388587115115
N44800,10.606818,2.2477275,PITTSBURGH ST AT PORTER ST,40.5413,-79.7885,Inbound,Bus,8.3590905,12.8545455,Generator,4.718907429837469
N35760,2.9863635,0.7636365,MT ROYAL BLVD AT ELFINWILD LN,40.5493,-79.9718,Inbound,Bus,2.222727,3.75,Generator,3.910713408801177
W20982,18.720455,15.215910000000001,S MAIN ST AT WABASH ST,40.441,-80.0347,Outbound,Bus,3.5045450000000002,33.936365,Generator,1.2303210915416825
S05235,3.909091,0.1909091,BALDWIN RD AT GLASS RUN RD,40.3893,-79.9326,Inbound,Bus,3.7181819000000003,4.1000001,Generator,20.47618997732429
W22700,1.015909,0.43636365,STEUBENVILLE PIKE OPP FIRESIDE INN,40.4396,-80.0893,Inbound,Bus,0.57954535,1.4522726499999998,Generator,2.328124718912769
S48780,0.52045455,4.4795455,WHITAKER WAY AT MARIGOLD ST,40.4026,-79.8894,Both,Bus,-3.95909095,5.000000050000001,Attractor,0.11618467766428534
W08010,0.9818182,0.07045454500000001,GRAND AVE OPP VON STEIN LN,40.5172,-80.1488,Inbound,Bus,0.9113636549999999,1.052272745,Generator,13.935484218938607
S70261,5.1045455,11.854545000000002,BAUSMAN ST AT KNOX AVE,40.4144,-79.9902,Outbound,Bus,-6.749999500000001,16.959090500000002,Attractor,0.43059817985422466
E09010,0.9681818,4.9045455,BRADDOCK AVE AT PENN AVE,40.4045,-79.8302,Outbound,Bus,-3.9363637000000002,5.8727273,Attractor,0.19740499909726597
S21350,0.4931818,0.025,GREENSPRINGS AVE AT CYPRESS ST,40.393,-79.886,Inbound,Bus,0.4681818,0.5181818,Generator,19.727272
W11731,0.0,0.943182,LINDSAY RD AT #723,40.3857,-80.0793,Outbound,Bus,-0.943182,0.943182,Attractor,0.0
E34790,1.9977274999999999,0.70454545,LEMINGTON AVE AT #7249,40.467,-79.8916,Inbound,Bus,1.29318205,2.70227295,Generator,2.8354842118418335
N70011,0.8863635,1.481818,NORTH HILLS VILLAGE AT BEST BUY,40.5237,-80.0066,Both,Bus,-0.5954545000000001,2.3681815,Attractor,0.5981594905717166
S70165,0.1136363636363635,0.04772727272727275,WALNUT ST AT 12TH AVE,40.3435,-79.8632,Inbound,Bus,0.06590909090909075,0.16136363636363624,Generator,2.380952380952377
W11715,0.19772727499999998,0.025,LINDSAY RD OPP #443,40.3842,-80.0845,Inbound,Bus,0.17272727499999999,0.22272727499999997,Generator,7.909090999999999
X04070,0.022727275,0.05,CEDAR BLVD AT LONGRIDGE DR,40.3786,-80.0545,Outbound,Bus,-0.027272725,0.07272727500000001,Attractor,0.4545455
E13310,6.856818,3.7363635000000004,CENTRE AVE AT CHAUNCEY ST,40.4457,-79.972,Inbound,Bus,3.1204544999999992,10.5931815,Generator,1.8351581691663563
E10140,0.025,0.33863635000000003,WOLFE AVE AT GENERAL BRADDOCK DR FS,40.4087,-79.8499,Outbound,Bus,-0.31363635,0.36363635000000005,Attractor,0.07382550632854387
N36730,0.125,1.2818182,MT ROYAL BLVD OPP WILJOHN ST,40.514,-79.959,Outbound,Bus,-1.1568182,1.4068182,Attractor,0.0975177291132237
N36740,0.37272727499999997,1.72500015,MT ROYAL BLVD OPP WOODLAND AVE,40.5379,-79.9721,Outbound,Bus,-1.3522728750000002,2.097727425,Attractor,0.2160737638196727
N12972,0.23863635,1.65,CALIFORNIA AVE AT RANKIN AVE,40.4762,-80.0398,Outbound,Bus,-1.41136365,1.8886363499999999,Attractor,0.14462809090909093
S06290,23.906817500000002,35.597727,BELTZHOOVER AVE AT WARRINGTON AVE,40.4215,-79.9974,Both,Bus,-11.690909499999997,59.5045445,Attractor,0.6715826968390427
S00620,24.122725,10.381820000000001,S 26TH ST AT SARAH ST,40.4265,-79.9688,Inbound,Bus,13.740904999999998,34.504545,Generator,2.323554540533355
E18625,48.595455,3.9840910000000003,ELLSWORTH AVE AT SUMMERLEA ST,40.4553,-79.9317,Inbound,Bus,44.611364,52.579546,Generator,12.197375762752406
S70591,1.368182,0.19545454499999998,BROWNSVILLE RD AT MARYAL DR,40.352,-79.9888,Inbound,Bus,1.172727455,1.563636545,Generator,7.000000946511631
N71236,0.0,0.36590910000000004,CORBET ST AT 10TH AVE NS (FREEPORT),40.6058,-79.7543,Outbound,Bus,-0.36590910000000004,0.36590910000000004,Attractor,0.0
E70820,0.0,3.6431818181818176,7TH ST AT PROSPECT AVE,40.3865,-79.7523,Outbound,Bus,-3.6431818181818176,3.6431818181818176,Attractor,0.0
S70367,1.9636363636363652,3.079545454545455,MONONGAHELA AVE AT 3RD ST,40.3309,-79.8926,Outbound,Bus,-1.1159090909090899,5.04318181818182,Attractor,0.6376383763837642
X04485,0.09318180000000001,2.325,COCHRAN RD AT BEVERLY RD,40.3874,-80.055,Outbound,Bus,-2.2318182,2.4181818,Attractor,0.0400781935483871
E19920,12.1340905,31.261364,FORBES AVE OPP PLAINFIELD ST,40.4406,-79.9357,Outbound,Bus,-19.1272735,43.3954545,Attractor,0.3881497461211225
E26530,6.534091,20.120455,HAMILTON AVE AT HOMEWOOD AVE,40.4546,-79.8977,Outbound,Bus,-13.586364,26.654546,Attractor,0.3247486699480703
S70270,8.418182,2.85,HWY RT 51 RAMP AT HWY RT 51 (STEPS),40.3424,-79.9658,Inbound,Bus,5.568182,11.268182,Generator,2.9537480701754384
X11150,2.8204545,9.7863635,MERRICK AVE AT HOBSON ST,40.3896,-80.0096,Both,Bus,-6.965909,12.606818,Attractor,0.28820250749933823
S31090,4.4454545,0.68863635,MAIN ST AT BOTSFORD ST,40.3844,-79.9037,Inbound,Bus,3.7568181500000004,5.134090850000001,Generator,6.455445606378461
S20495,0.21136363636363648,0.14772727272727276,GRANT AVE AT 6TH ST,40.3723,-79.851,Inbound,Bus,0.06363636363636371,0.35909090909090924,Generator,1.4307692307692312
N31340,0.3090909,15.520454999999998,LOWRIE ST OPP CLAIM ST,40.4631,-79.983,Outbound,Bus,-15.211364099999999,15.829545899999998,Attractor,0.01991506692297359
E70381,0.19318182,2.1227271,LEECHBURG RD OPP CLOVERLEAF RD,40.487,-79.8089,Outbound,Bus,-1.9295452800000001,2.31590892,Attractor,0.09100643224463474
S23890,34.29545454545455,0.23409090909090902,LARGE PARK-AND-RIDE INBOUND PL,40.2932,-79.9109,Inbound,Bus,34.06136363636364,34.529545454545456,Generator,146.5048543689321
N06760,0.16363634999999999,0.0,BABCOCK BLVD OPP ROSECLIFF DR,40.5099,-79.9919,Inbound,Bus,0.16363634999999999,0.16363634999999999,Generator,
E12350,0.45454547500000003,0.286363645,BUTLER ST OPP #6002,40.4863,-79.9432,Both,Bus,0.16818183000000003,0.74090912,Generator,1.5873016108591578
N41340,122.14545,2.2295455000000004,PENFORT ST AT #338,40.4762,-80.0005,Inbound,Bus,119.9159045,124.3749955,Generator,54.78491019806502
S27040,0.65,4.8477274999999995,JOSEPHINE ST OPP #3201,40.42,-79.9643,Outbound,Bus,-4.197727499999999,5.4977275,Attractor,0.1340834442530031
N44810,0.8409091,9.5613635,PITTSBURGH ST AT PORTER ST,40.5412,-79.7889,Outbound,Bus,-8.720454400000001,10.4022726,Attractor,0.08794865920535287
X18770,10.279545,0.41136365,VIRGINIA AVE AT KEARSARGE ST,40.4311,-80.0107,Inbound,Bus,9.86818135,10.69090865,Generator,24.98894834290779
E23490,12.986365,4.3159089999999996,FRIENDSHIP AVE AT GRAHAM ST,40.4618,-79.9362,Inbound,Bus,8.670456,17.302273999999997,Generator,3.008952459377619
E41745,14.20682,9.381817999999999,NEGLEY AVE OPP CLAYBOURNE ST,40.4567,-79.9337,Outbound,Bus,4.825002000000001,23.588638,Generator,1.5142928588041253
S70565,5.668182,0.397727275,MOUNTAIN AVE AT SCHULER ST,40.4096,-79.9774,Inbound,Bus,5.270454725,6.065909275,Generator,14.251428947134691
E09880,0.43181820000000004,8.831818,BRINTON AVE AT SHERIDAN ST,40.4051,-79.8439,Outbound,Bus,-8.3999998,9.2636362,Attractor,0.048893466781131587
S47380,0.118181818181818,0.0,WALNUT ST OPP EXXON STATION,40.3259,-79.8394,Inbound,Bus,0.118181818181818,0.118181818181818,Generator,
E32751,1.2000000000000002,6.372727,JOHNSTON AVE AT RIVERMONT DR,40.4066,-79.9278,Both,Bus,-5.172727,7.572727,Attractor,0.18830243316558204
E23500,1.9954545,14.720455,FRIENDSHIP AVE AT GRAHAM ST,40.4618,-79.9365,Outbound,Bus,-12.7250005,16.7159095,Attractor,0.1355565775650277
E70349,0.025,0.513636345,LEECHBURG RD AT RAILROAD ST FS,40.4917,-79.7855,Both,Bus,-0.48863634499999997,0.538636345,Attractor,0.04867256813767725
W00280,1.247727272727275,5.186363636363635,3RD ST AT MAIN ST FS,40.4044,-80.0911,Outbound,Bus,-3.93863636363636,6.4340909090909095,Attractor,0.24057843996494355
E70348,0.0,0.420454545,LEECHBURG RD AT CALDWELL AVE,40.4938,-79.7863,Both,Bus,-0.420454545,0.420454545,Attractor,0.0
E56220,1.1590909,3.6977275,WARDSONS ST AT WILTSIE ST,40.4725,-79.8967,Both,Bus,-2.5386366000000002,4.8568184,Attractor,0.31346033475965984
W14460,1.36363635,2.1022724999999998,MIDDLETOWN RD AT STRATMORE ST FS,40.4445,-80.0583,Inbound,Bus,-0.7386361499999998,3.46590885,Attractor,0.6486487122863474
E41780,8.7704545,6.7272725,NEGLEY AVE AT ELMER ST,40.4533,-79.9317,Inbound,Bus,2.043182,15.497727,Generator,1.3037162535039275
N15698,0.04772727272727275,2.238636363636365,CORPORATE DR OPP #5700,40.5635,-80.023,Outbound,Bus,-2.1909090909090922,2.286363636363638,Attractor,0.021319796954314716
E11720,8.3477275,39.32727,BUTLER ST AT 46TH ST,40.4727,-79.9588,Outbound,Bus,-30.9795425,47.674997499999996,Attractor,0.2122630810630893
N41240,0.0,0.24772727272727274,PEEBLES RD OPP LOCUST ST,40.5696,-80.0039,Outbound,Bus,-0.24772727272727274,0.24772727272727274,Attractor,0.0
E51430,0.12272727500000001,2.9295455,SHADY AVE AT PHILLIPS AVE,40.4324,-79.9183,Outbound,Bus,-2.806818225,3.052272775,Attractor,0.04189294038955872
N45840,0.075,0.6181818,RIALTO ST AT TOURS ST,40.4666,-79.9823,Outbound,Bus,-0.5431818,0.6931818,Attractor,0.12132353298010391
N32940,2.509091125,1.3840909000000001,MCKNIGHT RD AT SIEBERT RD NS,40.5311,-80.0103,Both,Bus,1.1250002249999997,3.8931820249999998,Generator,1.8128080496736159
E41040,1.075,0.16363634999999999,MULHATTON ST AT BARTLETT ST,40.4355,-79.9164,Both,Bus,0.91136365,1.23863635,Generator,6.569444991898194
S70605,1.1795455000000001,0.222727275,CAMP HOLLOW RD AT LIVINGSTON RD FS,40.346,-79.9257,Both,Bus,0.9568182250000001,1.4022727750000001,Generator,5.295918517388587
E35850,56.14318,23.938638500000003,LINCOLN AVE AT LINCOLN LOOP,40.4731,-79.8882,Both,Bus,32.2045415,80.0818185,Generator,2.3452954519531257
X20020,4.3272725,10.690909,WEST LIBERTY AVE AT CURRANHILL AVE,40.4056,-80.0189,Outbound,Bus,-6.363636499999999,15.0181815,Attractor,0.40476188694525417
X02430,8.65,0.120454545,BOWER HILL RD AT SYLVANDELL DR,40.3744,-80.0734,Inbound,Bus,8.529545455000001,8.770454545,Generator,71.81132102570311
N22590,1.8499999999999974,7.561363636363636,FREEPORT RD OPP PEARL AVE,40.5407,-79.8165,Outbound,Bus,-5.711363636363638,9.411363636363633,Attractor,0.244664863240156
E02040,24.2454549,30.3886366,FIFTH AVE OPP SENECA ST,40.4382,-79.9758,Inbound,Bus,-6.143181700000003,54.6340915,Attractor,0.7978460902717827
W11707,0.52272725,0.025,LINDSAY RD AT PEACHTREE RD FS,40.3843,-80.0717,Inbound,Bus,0.49772724999999995,0.54772725,Generator,20.90909
N33470,0.1136363636363635,5.9681818181818205,MERCHANT ST AT 10TH ST,40.5916,-80.23,Outbound,Bus,-5.854545454545457,6.081818181818184,Attractor,0.019040365575019008
E03200,0.26590909,1.0727273,AIRBRAKE AVE OPP 9TH ST,40.4025,-79.8214,Outbound,Bus,-0.8068182099999999,1.33863639,Attractor,0.2478813487826776
S70353,0.28409090000000004,1.3840909,EAST PITTSBURGH-MCKEESPORT BLV AT OVERHILL DR FS,40.3777,-79.8281,Outbound,Bus,-1.0999999999999999,1.6681818,Attractor,0.20525451037934
E57770,3.69545435,5.311363849999999,WILKINS AVE OPP WOODLAND RD,40.4439,-79.9222,Both,Bus,-1.6159094999999994,9.0068182,Attractor,0.6957637349585832
E43870,0.025,4.102272727272728,OLD WILLIAM PENN HWY AT SCOTT DR,40.4414,-79.7517,Outbound,Bus,-4.077272727272728,4.127272727272729,Attractor,0.006094182825484763
W04140,2.077272727272725,0.04545454545454545,CHARTIERS AVE EXT AT HOWARD ST,40.4679,-80.0844,Inbound,Bus,2.0318181818181795,2.1227272727272704,Generator,45.69999999999995
S16520,2.6409091499999997,7.0795455,E CARSON ST OPP ARLINGTON AVE,40.4308,-80.0011,Inbound,Bus,-4.43863635,9.72045465,Attractor,0.37303371381679795
E03120,0.6,2.90909075,AIRBRAKE AVE OPP 1ST ST,40.3979,-79.813,Outbound,Bus,-2.3090907499999997,3.50909075,Attractor,0.20625001127929748
X02220,14.170452275,4.0181815,BOWER HILL RD AT S MEADOWCROFT AVE,40.3866,-80.0462,Both,Bus,10.152270775000002,18.188633775,Generator,3.526583424616335
E70014,21.311363999999998,59.954544999999996,NEGLEY AVE AT BAUM BLVD,40.4582,-79.9338,Outbound,Bus,-38.643181,81.265909,Attractor,0.35545868957891347
E46650,23.1000005,1.5022727,PENN AVE OPP CARNEGIE PL,40.4481,-79.898,Inbound,Bus,21.5977278,24.6022732,Generator,15.376702578699593
E70779,12.702275,4.3295455,BEDFORD AVE OPP MORGAN ST,40.4521,-79.9694,Inbound,Bus,8.3727295,17.031820500000002,Generator,2.933858761849252
E21720,38.602275000000006,6.22727265,FRANKSTOWN RD OPP RODI RD,40.4664,-79.8261,Inbound,Bus,32.37500235,44.82954765000001,Generator,6.198905551373282
S46150,4.129545454545455,1.01818181818182,VERSAILLES AVE AT EVANS ST,40.3459,-79.8493,Outbound,Bus,3.1113636363636346,5.147727272727275,Generator,4.055803571428564
S70322,0.1,0.07045454545454545,RAVENSBURG BLVD AT CLAIRTON MUNICIPAL COMPLEX,40.2958,-79.8939,Inbound,Bus,0.029545454545454555,0.17045454545454547,Generator,1.4193548387096775
E70848,3.0159089999999997,0.52045455,HAZELWOOD AVE AT CALVARY ST,40.4195,-79.9341,Outbound,Bus,2.4954544499999995,3.53636355,Generator,5.794759600045768
N22700,0.2954545454545454,1.152272727272727,FREEPORT RD OPP #153,40.5679,-79.7761,Outbound,Bus,-0.8568181818181815,1.4477272727272723,Attractor,0.25641025641025644
N08560,3.120454545454545,2.261363636363635,BEAVER ST AT RIVER RD,40.5267,-80.1593,Inbound,Bus,0.8590909090909102,5.38181818181818,Generator,1.379899497487438
N08660,0.34318180000000004,3.4818179999999996,BEAVER ST AT ST ANDREWS CHURCH,40.5373,-80.1775,Outbound,Bus,-3.1386361999999997,3.8249997999999996,Attractor,0.09856396859341875
S08140,121.993159,141.87273,BROWNSVILLE RD AT BAUSMAN ST FS,40.4141,-79.9883,Outbound,Bus,-19.879570999999984,263.865889,Attractor,0.8598774338098661
W21880,1.5,6.545454545454545,STEUBEN ST AT UNION AVE FS (NOBLE AVE),40.439,-80.0627,Outbound,Bus,-5.045454545454545,8.045454545454545,Attractor,0.22916666666666669
N24040,4.7181818181818205,5.3886363636363654,GRANT AVE OPP SCHOOL ST,40.4783,-79.9704,Inbound,Bus,-0.670454545454545,10.106818181818186,Attractor,0.8755799240826657
S10450,0.94545455,2.913636275,BUTTERMILK HOLLOW RD AT PGH-MCKEESPORT BLVD,40.3581,-79.9092,Inbound,Bus,-1.968181725,3.859090825,Attractor,0.32449299115072283
N20200,1.6022727272727249,0.6636363636363635,FOREST AVE OPP #550,40.5009,-80.0543,Inbound,Bus,0.9386363636363614,2.2659090909090884,Generator,2.4143835616438327
W00850,7.206818,0.52272725,ALLENDALE ST AT STANHOPE ST,40.4571,-80.063,Both,Bus,6.68409075,7.72954525,Generator,13.786956773345947
E17304,433.90452500000004,175.27500149999997,EAST BUSWAY AT NEGLEY STATION C,40.4565,-79.9329,Inbound,Busway,258.62952350000006,609.1795265000001,Generator,2.475564234983048
N28240,0.472727275,0.91363635,IVORY AVE OPP CHERRYLAND ST,40.4964,-80.0091,Both,Bus,-0.440909075,1.386363625,Attractor,0.5174129455335266
N10790,8.1954545,54.852275,BRIGHTON RD AT WESTBORN ST,40.4735,-80.0286,Outbound,Bus,-46.656820499999995,63.0477295,Attractor,0.149409564142964
S20510,1.788636363636365,0.12272727272727275,GRANT AVE AT ERWIN ST,40.3717,-79.8532,Inbound,Bus,1.6659090909090921,1.9113636363636377,Generator,14.574074074074082
S70040,4.418181875,36.725002350000004,WATERFRONT DR AT 5TH AVE FS,40.4041,-79.9201,Both,Bus,-32.306820475,41.143184225000006,Attractor,0.12030446813572497
E07770,1.1090909,1.5227275,BIGELOW BLVD OPP BLOOMFIELD BRIDGE,40.4586,-79.9575,Outbound,Bus,-0.4136366,2.6318184000000002,Attractor,0.7283580942749113
N15130,12.12727272727275,0.04545454545454545,CHURCH AVE AT FOREST AVE,40.5082,-80.0829,Inbound,Bus,12.081818181818205,12.172727272727295,Generator,266.8000000000005
N10360,18.502273,46.345451,BRIGHTON RD AT COLUMBIA PL,40.4584,-80.016,Outbound,Bus,-27.843177999999998,64.847724,Attractor,0.39922522277321243
E42030,35.411362499999996,1.3772726999999998,NEGLEY AVE OPP RIPPEY ST FS,40.4669,-79.9287,Inbound,Bus,34.0340898,36.788635199999995,Generator,25.71122080616279
E50520,1.0545455000000001,3.2954545,SALTSBURG RD OPP LEECHBURG RD,40.4849,-79.818,Outbound,Bus,-2.240909,4.35,Attractor,0.32000001820689683
E38060,13.04545454545455,2.24090909090909,MAIN ST AT MAPLE ST,40.398,-79.8411,Inbound,Bus,10.80454545454546,15.28636363636364,Generator,5.8215010141987875
S70162,0.125,0.047727275,BOSTON BRIDGE TERMINAL,40.3139,-79.8288,Both,Bus,0.077272725,0.172727275,Generator,2.6190474943310718
N03700,8.50454525,0.147727275,W 7TH AVE AT WESTERN ST,40.5994,-79.7624,Inbound,Bus,8.356817975,8.652272524999999,Generator,57.56922849893495
E46820,4.92500025,1.218181795,PENN AVE OPP SUMMIT ST,40.4432,-79.8666,Inbound,Bus,3.706818455,6.143182045,Generator,4.042910729921062
X02570,0.345454545,12.40682,BOWER HILL RD OPP KELSO RD,40.372,-80.0779,Outbound,Bus,-12.061365454999999,12.752274545,Attractor,0.027843923342161812
S50220,0.17272727272727273,3.988636363636365,WORTHINGTON AVE AT 12TH ST,40.2929,-79.8979,Outbound,Bus,-3.8159090909090922,4.161363636363638,Attractor,0.04330484330484329
E03290,0.8431818,4.8295455,ALGER ST AT WINTERBURN AVE,40.4271,-79.9396,Inbound,Bus,-3.9863637,5.6727273,Attractor,0.1745882298862284
E38170,0.097727275,0.025,MAIN ST AT WASHINGTON SCHOOL,40.4705,-79.7892,Inbound,Bus,0.07272727500000001,0.122727275,Generator,3.909091
N13790,5.3454545,1.3840909,CENTER AVE AT CORNELL AVE,40.5196,-80.0435,Inbound,Bus,3.9613636,6.729545399999999,Generator,3.862068958043146
E34310,3.375,0.8159091,LARIMER AVE OPP DEARY ST,40.4679,-79.9071,Inbound,Bus,2.5590909,4.1909091,Generator,4.136490204607351
E56360,0.0,0.3590909,WASHINGTON BLVD AT HIGHLAND DR,40.474,-79.9082,Outbound,Bus,-0.3590909,0.3590909,Attractor,0.0
S33720,0.8568180000000001,1.0295454499999999,MELLON ST OPP MAINE AVE,40.3648,-79.8591,Both,Bus,-0.17272744999999978,1.88636345,Attractor,0.8322294076478122
E11730,21.863637,7.0977275,BUTLER ST AT 48TH ST,40.476,-79.9577,Inbound,Bus,14.7659095,28.961364500000002,Generator,3.0803714287425095
W08210,0.7363636363636366,4.879545454545455,GREENTREE RD OPP BANBURY LN,40.4066,-80.0527,Outbound,Bus,-4.1431818181818185,5.615909090909091,Attractor,0.15090824406148118
N21070,8.05,3.427272775,FREEPORT RD AT E OAK HILL RD,40.4893,-79.875,Inbound,Bus,4.622727225,11.477272775000001,Generator,2.348806333338904
S08480,25.2159090909091,5.8704545454545425,BROWNSVILLE RD AT E GARDEN RD,40.3778,-79.9754,Inbound,Bus,19.345454545454558,31.086363636363643,Generator,4.295392953929543
N28270,1.1295455,0.05,IVORY AVE OPP NELSON RUN RD,40.4966,-80.0146,Inbound,Bus,1.0795455,1.1795455000000001,Generator,22.59091
E57340,11.325,0.43409090000000006,WIGHTMAN ST AT BEACON ST,40.434,-79.9276,Both,Bus,10.8909091,11.759090899999999,Generator,26.0890057819687
E70001,6.8454545,2.9545455,BUTLER ST AT 38TH ST,40.467,-79.9643,Inbound,Bus,3.8909089999999997,9.8,Generator,2.316923025893492
E26380,6.243182,26.49091,HAMILTON AVE AT FIFTH AVE FS,40.457,-79.9083,Outbound,Bus,-20.247728,32.734092,Attractor,0.2356726137380709
E00750,6.46590909090909,8.288636363636364,4TH ST AT COREY AVE,40.4083,-79.8672,Outbound,Bus,-1.822727272727274,14.754545454545454,Attractor,0.7800932273101178
N21245,4.66818181818182,0.07272727272727275,FREEPORT RD AT HARVARD AVE FS,40.6259,-79.7223,Inbound,Bus,4.5954545454545475,4.740909090909092,Generator,64.1875
N31530,13.8159095,11.2613635,MAIN ST AT 8TH ST,40.4947,-79.9344,Inbound,Bus,2.554546,25.077272999999998,Generator,1.2268416253502519
S16310,33.118181,168.16135,E CARSON ST AT S 24TH ST,40.4282,-79.9713,Both,Bus,-135.043169,201.279531,Attractor,0.19694288253513664
S10480,3.0113634,0.5590909000000001,BUTTERMILK HOLLOW RD AT #5055,40.3547,-79.9135,Inbound,Bus,2.4522725,3.5704543,Generator,5.386178526604528
E46140,1.9568181999999998,32.974999499999996,PENN AVE AT LANG AVE,40.45,-79.9039,Outbound,Bus,-31.018181299999995,34.931817699999996,Attractor,0.059342478534381786
P02310,1311.738655,248.15000175,LIBERTY AVE AT 7TH ST (CLARK BLDG),40.4425,-79.9998,Outbound,Bus,1063.58865325,1559.88865675,Generator,5.2860715121876884
W20230,0.543181818181818,5.47727272727273,E RAILROAD ST AT COLLIER AVE,40.3883,-80.0899,Outbound,Bus,-4.934090909090912,6.020454545454548,Attractor,0.09917012448132771
E43000,0.13863635,0.21136365000000001,OBERLIN ST AT OAKDENE ST FS,40.4663,-79.8901,Outbound,Bus,-0.07272730000000002,0.35,Attractor,0.6559138716614705
N25430,0.0,0.0,HEMLOCK DR AT BABCOCK BLVD,40.5872,-79.9991,Inbound,Bus,0.0,0.0,Balanced,
E70076,0.0,0.84772725,BROADWAY BLVD OPP #1010,40.4008,-79.773,Outbound,Bus,-0.84772725,0.84772725,Attractor,0.0
W03620,0.3159091,2.3454544999999998,CHARTIERS AVE AT OETTING ST,40.4579,-80.0673,Outbound,Bus,-2.0295454,2.6613635999999996,Attractor,0.1346899289668591
E41900,55.19318165,58.9,NEGLEY AVE AT PENN AVE FS,40.4632,-79.931,Inbound,Bus,-3.706818349999999,114.09318164999999,Attractor,0.93706590237691
S70440,0.193181818181818,7.3431818181818205,CHURCHVIEW AVE AT WILLETT RD,40.3856,-79.9715,Outbound,Bus,-7.150000000000002,7.536363636363639,Attractor,0.026307644692045773
N12950,0.331818181818182,23.13636363636365,CALIFORNIA AVE AT OHIO ST,40.5026,-80.0712,Outbound,Bus,-22.80454545454547,23.468181818181833,Attractor,0.014341846758349704
S70377,1.0545454545454545,2.038636363636365,STATE ST AT MAPLE AVE,40.2986,-79.8756,Outbound,Bus,-0.9840909090909105,3.0931818181818196,Attractor,0.5172798216276473
S50290,0.11590909090909099,2.513636363636365,WORTHINGTON AVE OPP 9TH ST,40.2921,-79.8916,Outbound,Bus,-2.397727272727274,2.629545454545456,Attractor,0.046112115732368904
N20180,2.070454545454545,11.7840909090909,FOREST AVE OPP CAROLYN AVE,40.5025,-80.0543,Outbound,Bus,-9.713636363636354,13.854545454545445,Attractor,0.17569913211186122
E26500,7.775,3.5318180000000003,HAMILTON AVE AT HALE ST,40.4524,-79.8874,Inbound,Bus,4.243182,11.306818,Generator,2.201415814744701
E30545,0.0,4.2386365,HWY RT 286 OPP PINE VALLEY DR,40.455,-79.7108,Outbound,Bus,-4.2386365,4.2386365,Attractor,0.0
W20180,8.05909090909091,1.0886363636363638,E RAILROAD ST AT 4TH ST,40.3892,-80.0887,Inbound,Bus,6.970454545454547,9.147727272727273,Generator,7.402922755741127
E15500,0.481818181818182,0.725,COREY AVE AT CENTER ST,40.4064,-79.8663,Outbound,Bus,-0.243181818181818,1.206818181818182,Attractor,0.6645768025078372
E12280,0.138636375,0.72954545,BUTLER ST AT #5770 (CAR WASH),40.4858,-79.9443,Both,Bus,-0.590909075,0.8681818250000001,Attractor,0.1900311694082939
E05220,0.3931818,1.2977272499999999,BEACON ST AT #5414,40.4335,-79.9325,Both,Bus,-0.9045454499999999,1.69090905,Attractor,0.3029772242202667
N38580,0.8659091000000001,9.8727275,NORTH AVE AT JAMES ST,40.4565,-80.0014,Inbound,Bus,-9.0068184,10.7386366,Attractor,0.08770718122221038
N41350,1.0931818500000001,52.881820000000005,PENFORT ST AT MT PLEASANT RD,40.4769,-79.9996,Outbound,Bus,-51.788638150000004,53.975001850000005,Attractor,0.020672167675015726
E33130,23.50909135,13.338636774999998,KELLY AVE AT TRENTON AVE FS,40.4413,-79.8927,Both,Bus,10.170454575,36.847728124999996,Generator,1.7624808101875915
E17305,142.83636275,553.3204774999999,EAST BUSWAY AT NEGLEY STATION A,40.4567,-79.9324,Outbound,Busway,-410.4841147499999,696.15684025,Attractor,0.2581440025414567
E52740,0.33863635000000003,8.620454500000001,STANTON AVE AT MCCANDLESS AVE FS,40.4819,-79.9408,Outbound,Bus,-8.281818150000001,8.95909085,Attractor,0.03928288815862319
S13075,1.3272724999999999,1.5454545,COMMONWEALTH AVE AT RITE AID,40.3829,-79.8771,Inbound,Bus,-0.2181820000000001,2.872727,Attractor,0.8588234076124531
S00420,18.536366,0.7090909,S 18TH ST OPP CROSSMAN ST,40.4217,-79.9793,Inbound,Bus,17.8272751,19.2454569,Generator,26.14102930950038
N03640,0.6477273,20.154544,W 7TH AVE AT CENTER ST,40.6002,-79.7608,Outbound,Bus,-19.5068167,20.8022713,Attractor,0.032138028029808065
W03400,8.3272725,1.481818,CHARTIERS AVE OPP FURMAN WAY FS,40.4538,-80.0645,Inbound,Bus,6.845454499999999,9.8090905,Generator,5.61963243799171
S14782,11.48409090909091,1.8068181818181839,DUQUESNE BLVD AT CENTER ST,40.3637,-79.8429,Both,Bus,9.677272727272726,13.290909090909093,Generator,6.355974842767289
W70034,1.7681818,0.025,MCKEE RD OPP CCAC WEST,40.4371,-80.1915,Inbound,Bus,1.7431818000000001,1.7931818,Generator,70.727272
E70996,2.2,1.5090909000000001,CRAWFORD ST AT WYLIE AVE,40.4428,-79.9874,Inbound,Bus,0.6909091,3.7090909000000005,Generator,1.4578313340833213
S05350,0.0,1.5113634999999999,BAPTIST RD AT #5348,40.3535,-80.0072,Outbound,Bus,-1.5113634999999999,1.5113634999999999,Attractor,0.0
P03360,962.7727,301.631825,STANWIX ST AT FORBES AVE,40.441,-80.004,Outbound,Bus,661.140875,1264.404525,Generator,3.1918803660721147
N45770,38.970455,2.2386365,RHINE ST AT YETTA AVE FS,40.4634,-79.9915,Inbound,Bus,36.7318185,41.2090915,Generator,17.408120970063695
E20560,11.093181999999999,27.79091,FRANKSTOWN AVE AT MURTLAND ST,40.4585,-79.9013,Outbound,Bus,-16.697728,38.884091999999995,Attractor,0.39916584235636754
E32303,0.3704545454545455,0.615909090909091,JAMES ST AT BUENA VISTA RD,40.4202,-79.8083,Inbound,Bus,-0.24545454545454548,0.9863636363636364,Attractor,0.6014760147601476
N32820,1.088636363636365,15.20454545454545,MCKNIGHT RD AT PEEBLES RD,40.5543,-80.021,Outbound,Bus,-14.115909090909085,16.293181818181814,Attractor,0.07159940209267575
S08560,41.51590909090909,1.654545454545455,BROWNSVILLE RD AT MEADOWBROOK BLVD,40.366,-79.9817,Inbound,Bus,39.861363636363635,43.17045454545455,Generator,25.09203296703296
N19560,1.2136363636363658,15.454545454545455,FERGUSON RD AT MT ROYAL BLVD FS,40.5557,-79.9718,Outbound,Bus,-14.240909090909089,16.66818181818182,Attractor,0.07852941176470603
N13050,0.4681818,5.9613635,CALIFORNIA AVE AT STRANMORE ST,40.4604,-80.0266,Outbound,Bus,-5.4931817,6.4295453,Attractor,0.07853602619602042
X02040,1.465909,13.131820000000001,BOWER HILL RD AT BOWER HILL APTS,40.3754,-80.0697,Outbound,Bus,-11.665911000000001,14.597729000000001,Attractor,0.1116302995319765
P03490,149.795455,85.604545,STANWIX ST OPP FOURTH AVE,40.4407,-80.0044,Both,Bus,64.19091,235.4,Generator,1.7498539943177083
E01000,35.0136364,178.734089425,FIFTH AVE AT UNIVERSITY PL,40.4446,-79.9547,Both,Bus,-143.720453025,213.747725825,Attractor,0.1958979202716242
N71194,0.0,0.21818181818181798,HEMLOCK DR OPP NORTH PARK POOL (PARK AND RIDE,40.5867,-79.9968,Outbound,Bus,-0.21818181818181798,0.21818181818181798,Attractor,0.0
X07080,0.50227275,3.8772725,GREENLEAF ST AT FINGAL ST,40.439,-80.0272,Outbound,Bus,-3.37499975,4.3795452500000005,Attractor,0.1295428036074328
N33500,0.31590909090909103,20.43863636363635,MERCHANT ST AT 11TH ST,40.5927,-80.2304,Outbound,Bus,-20.122727272727257,20.75454545454544,Attractor,0.015456466140331386
E18970,0.05,0.097727275,FIESTA DR AT #251,40.4732,-79.7082,Both,Bus,-0.047727275,0.147727275,Attractor,0.5116278950784211
W03270,42.64318,7.8363635,CHARTIERS AVE AT AZALIA ST FS,40.4447,-80.0415,Inbound,Bus,34.806816500000004,50.4795435,Generator,5.441705199101599
E51520,11.39091,8.7022725,SHADY AVE AT WILKINS AVE,40.4438,-79.9204,Inbound,Bus,2.6886375000000005,20.093182499999998,Generator,1.3089580911193026
S00590,52.86818,42.220455,S 26TH ST AT E CARSON ST,40.4272,-79.9684,Inbound,Bus,10.647725000000001,95.08863500000001,Generator,1.252193516152301
N21530,3.0727272727272714,0.459090909090909,FREEPORT RD AT MURRAY HILL RD,40.5814,-79.7789,Inbound,Bus,2.6136363636363624,3.5318181818181804,Generator,6.693069306930692
E23550,11.222725,26.03409,FRIENDSHIP AVE AT NEGLEY AVE,40.4607,-79.9326,Outbound,Bus,-14.811364999999999,37.256815,Attractor,0.43107805957496503
S09580,45.086363999999996,8.87045475,BROWNSVILLE RD OPP OVERBROOK BLVD,40.3893,-79.9854,Inbound,Bus,36.215909249999996,53.95681875,Generator,5.082756777492157
S42410,1.3636364,2.954545445,SOUTH BUSWAY AT CENTRAL SHELTER,40.3904,-79.9982,Outbound,Busway,-1.5909090449999999,4.318181845,Attractor,0.4615384753372782
E11770,12.36363635,73.30227550000001,BUTLER ST AT 52ND ST,40.4803,-79.9545,Outbound,Bus,-60.93863915000001,85.66591185000001,Attractor,0.16866647407146315
N45383,0.0,0.29090910000000003,RAMAGE RD AT CHARLEMMA DR,40.4901,-80.0029,Outbound,Bus,-0.29090910000000003,0.29090910000000003,Attractor,0.0
E10130,3.16590909090909,1.447727272727275,BRINTON RD AT FAIRFAX RD,40.4216,-79.8613,Inbound,Bus,1.7181818181818151,4.613636363636365,Generator,2.186813186813183
E07000,2.690909,1.5045455,BENTLEY DR AT NIGH WAY,40.4406,-79.9782,Inbound,Bus,1.1863635,4.1954545,Generator,1.7885195230054525
W08034,2.479545454545455,0.40681818181818197,GREENTREE RD AT BANBURY LN,40.4064,-80.0529,Inbound,Bus,2.072727272727273,2.8863636363636367,Generator,6.094972067039105
N70003,0.125,0.0,SPRING GARDEN AVE OPP #1435 WALTMIRE PHARMACY,40.4628,-79.9869,Inbound,Bus,0.125,0.125,Generator,
E07190,8.93409090909091,3.404545454545455,BESSEMER AVE AT MAIN ST,40.3952,-79.8416,Inbound,Bus,5.529545454545455,12.338636363636365,Generator,2.624165554072096
E25360,2.506818,4.8613634999999995,GREENFIELD AVE AT IRVINE ST,40.4249,-79.9526,Outbound,Bus,-2.3545454999999995,7.3681814999999995,Attractor,0.5156615011405751
P02650,936.143122275,42.9886371,LIBERTY AVE AT WYNDHAM GRAND HOTEL,40.4415,-80.0056,Both,Bus,893.154485175,979.131759375,Generator,21.77652480811028
W70127,0.0,0.94772725,GREENTREE RD AT #2080,40.392,-80.0691,Outbound,Bus,-0.94772725,0.94772725,Attractor,0.0
N05370,0.0,1.6522725,AMITY DR AT CARRIAGE HILL RD,40.5489,-79.9963,Outbound,Bus,-1.6522725,1.6522725,Attractor,0.0
E39640,12.888638624999999,16.63409,MONONGAHELA AVE OPP WASHINGTON ST,40.4201,-79.8893,Outbound,Bus,-3.745451375000002,29.522728625,Attractor,0.7748328057020251
E20800,1.8136364999999999,0.1659091,FRANKSTOWN AVE OPP WILKINSBURG AVE,40.4582,-79.8758,Inbound,Bus,1.6477274,1.9795455999999998,Generator,10.931507072246188
E18870,0.379545445,34.98182,EUCLID AVE AT CALLOWHILL ST,40.4771,-79.9189,Outbound,Bus,-34.602274555,35.361365445,Attractor,0.010849791263004612
E36190,0.0,0.0,LINCOLN HWY AT DENNING WAY,40.3714,-79.7892,Outbound,Bus,0.0,0.0,Balanced,
N41630,0.0,0.090909090909091,PENN ST AT ATLANTIC AVE,40.6115,-79.7407,Outbound,Bus,-0.090909090909091,0.090909090909091,Attractor,0.0
S33660,1.577272745,0.23636365,MELLON ST AT MAINE AVE,40.3648,-79.8592,Both,Bus,1.340909095,1.8136363949999998,Generator,6.673076613091733
E03020,0.6477272749999999,3.7477275,AIRBRAKE AVE AT BRIDGE ST,40.3953,-79.8055,Outbound,Bus,-3.100000225,4.395454775,Attractor,0.17283200953110917
W10600,1.268182,4.465909,ISLAND AVE OPP #1308,40.4818,-80.0694,Outbound,Bus,-3.197727,5.734090999999999,Attractor,0.283969512141873
E16560,4.0363635,1.6022725,DOBSON ST AT BRERETON ST FS,40.4569,-79.9673,Outbound,Bus,2.4340910000000004,5.638636,Generator,2.5191492083899587
E46630,91.38409000000001,22.772724999999998,PENN AVE OPP 44TH ST (CHILDRENS HOSPITAL),40.4659,-79.9537,Outbound,Bus,68.61136500000002,114.15681500000001,Generator,4.012874612063335
X08853,0.022727275,0.7204545499999999,KANE BLVD OPP OUR LADY OF GRACE CHURCH,40.3739,-80.0847,Outbound,Bus,-0.6977272749999999,0.743181825,Attractor,0.031545744280468496
S22980,0.045454545,0.26136365,HOMEVILLE RD AT CASTLE DR #1,40.3815,-79.8774,Outbound,Bus,-0.215909105,0.306818195,Attractor,0.17391303266540697
S30760,52.161363636363625,29.41363636363635,LYSLE BLVD AT SENIOR CARE PLAZA,40.3521,-79.8586,Both,Bus,22.747727272727275,81.57499999999997,Generator,1.7733735125946535
E38070,11.8386365,119.17954499999999,MAIN ST AT PENN AVE NS,40.4655,-79.9548,Both,Bus,-107.34090849999998,131.0181815,Attractor,0.09933446632977161
E25355,11.620454500000001,2.418182,GREENFIELD AVE AT WINTERBURN AVE FS,40.4262,-79.94,Inbound,Bus,9.202272500000001,14.0386365,Generator,4.805450747710471
W08073,15.1159090909091,4.61590909090909,GREENTREE RD AT MANILLA AVE FS,40.4186,-80.0457,Inbound,Bus,10.500000000000009,19.73181818181819,Generator,3.2747415066469743
E11790,33.41364,4.715909275,BUTLER ST AT 54TH ST,40.4829,-79.9511,Inbound,Bus,28.697730725,38.129549275,Generator,7.085301699320754
E28960,4.9795455,74.938635,HIGHLAND AVE AT EAST LIBERTY BLVD,40.4657,-79.9228,Outbound,Bus,-69.9590895,79.9181805,Attractor,0.06644830800561019
W02460,23.734090000000002,4.531818,BROADHEAD-FORDING RD AT VILLAGE RD #1,40.4514,-80.0786,Inbound,Bus,19.202272,28.265908000000003,Generator,5.237211644421731
W70149,0.306818181818182,0.3045454545454545,CORAOPOLIS RD AT HERBST RD,40.501,-80.1147,Both,Bus,0.0022727272727274817,0.6113636363636366,Generator,1.0074626865671648
N41140,0.090909090909091,0.0,SPRINGFIELD DR AT PEEBLES RD FS,40.5795,-79.9947,Inbound,Bus,0.090909090909091,0.090909090909091,Generator,
W00390,0.4295454545454545,1.9568181818181802,4TH AVE AT THORN ST,40.5225,-80.1744,Outbound,Bus,-1.5272727272727258,2.386363636363635,Attractor,0.2195121951219514
E70934,5.3977275,0.57727275,LOWES DR AT FOX PLAN RD FS,40.438,-79.7617,Inbound,Bus,4.820454750000001,5.97500025,Generator,9.350393726362451
N18210,1.040909,0.52954545,EAST ST OPP HAZLETT ST,40.4748,-80.0054,Inbound,Bus,0.5113635500000001,1.5704544500000002,Generator,1.9656650812503442
S05390,0.047727275,5.0022725,BAPTIST RD AT WINDVALE DR FS,40.354,-80.0053,Outbound,Bus,-4.954545225,5.049999775,Attractor,0.009541118561613746
E21090,6.4886365,0.9409091,FRANKSTOWN RD AT HIGHPOINT DR FS,40.4675,-79.8347,Inbound,Bus,5.5477274,7.4295456,Generator,6.896135343998692
N43660,0.21818179999999998,2.331818,PERRYSVILLE AVE OPP O'HERN ST,40.4604,-80.013,Outbound,Bus,-2.1136362,2.5499998,Attractor,0.09356725096040942
S01070,10.156818,11.3159095,SECOND AVE OPP BATES ST FS,40.431,-79.9591,Outbound,Bus,-1.1590915000000006,21.472727499999998,Attractor,0.8975697446148716
S39830,0.3590909,3.0295455000000002,PROSPECT RD OPP BAUMAN AVE,40.3608,-79.98,Outbound,Bus,-2.6704546000000002,3.3886364,Attractor,0.11852962762896281
N37080,0.0,0.0,MT TROY RD AT #3467,40.4877,-79.992,Inbound,Bus,0.0,0.0,Balanced,
E38160,0.0,0.0,MAIN ST AT #2344,40.4696,-79.7901,Outbound,Bus,0.0,0.0,Balanced,
X70022,10.7613635,0.30681820000000004,VIRGINIA AVE AT BIGHAM ST,40.432,-80.0155,Inbound,Bus,10.4545453,11.0681817,Generator,35.07407155116613
E55730,0.022727275,1.531818,VERONA RD OPP ELLIOTT ST,40.4989,-79.8374,Outbound,Bus,-1.5090907249999999,1.554545275,Attractor,0.01483679849694938
X13660,0.1409091,13.95682,PIONEER AVE OPP BERWIN AVE,40.3993,-80.0212,Outbound,Bus,-13.8159109,14.0977291,Attractor,0.010096074893851179
N22670,1.247727272727273,0.17272727272727273,FREEPORT RD AT ROWE'S CROSSING,40.5836,-79.7779,Inbound,Bus,1.0750000000000002,1.4204545454545459,Generator,7.223684210526318
N33490,23.4681818181818,0.634090909090909,MERCHANT ST AT 11TH ST FS,40.5923,-80.2303,Inbound,Bus,22.834090909090893,24.10227272727271,Generator,37.01075268817202
S30590,1.0136363636363634,4.165909090909089,LYSLE BLVD OPP 5TH AVE,40.3529,-79.8479,Both,Bus,-3.1522727272727256,5.179545454545453,Attractor,0.2433169667212221
E70411,13.088635,7.4386365,CRAIG ST OPP BAUM BLVD FS (MOOREHEAD TOWER),40.4537,-79.9532,Inbound,Bus,5.6499985,20.5272715,Generator,1.7595475998860812
E45650,5.4204545,3.806818,PENN AVE AT FIFTH AVE,40.4539,-79.9121,Inbound,Bus,1.6136365000000001,9.2272725,Generator,1.423880653080867
N30400,5.125,27.50454545454545,LINCOLN AVE AT KESWICK AVE,40.4899,-80.0477,Outbound,Bus,-22.37954545454545,32.62954545454545,Attractor,0.18633283754751284
N43740,1.845454545,0.5045454500000001,PERRYSVILLE AVE AT #1749,40.46,-80.0117,Both,Bus,1.3409090949999998,2.349999995,Generator,3.6576576897086275
E16600,0.8159091,0.17272727499999999,DOBSON ST AT HARDING WAY,40.4579,-79.965,Outbound,Bus,0.6431818250000001,0.988636375,Generator,4.723684201004156
N47110,0.0,0.068181818181818,SAMPLE RD AT ARDEN DR,40.5737,-79.9929,Both,Bus,-0.068181818181818,0.068181818181818,Attractor,0.0
S02500,0.7431818181818199,1.78409090909091,7TH ST OPP WORTHINGTON AVE FS,40.2921,-79.8895,Outbound,Bus,-1.0409090909090901,2.52727272727273,Attractor,0.41656050955414087
S02570,44.93863636363636,67.48636363636365,8TH AVE AT AMITY ST FS,40.4071,-79.9106,Both,Bus,-22.547727272727286,112.42500000000001,Attractor,0.6658920994140229
S46190,4.186363636363635,0.5454545454545455,VERSAILLES AVE AT FREEMONT ST,40.3453,-79.842,Outbound,Bus,3.6409090909090893,4.731818181818181,Generator,7.674999999999996
E25364,2.95,1.7454545,GREENFIELD AVE OPP BEEHNER RD,40.4243,-79.9341,Inbound,Bus,1.2045455000000003,4.6954545,Generator,1.6901042106797974
S70428,1.78181818181818,0.4295454545454545,GRANDVIEW AVE AT BROWNLEE ST,40.3489,-79.8372,Outbound,Bus,1.3522727272727255,2.2113636363636346,Generator,4.148148148148144
N37000,0.095454545,0.022727275,MT TROY RD OPP HOFFMAN RD,40.4908,-79.9921,Inbound,Bus,0.07272727,0.11818182,Generator,4.199999560000044
S17660,1.395454545454545,6.31590909090909,EVANS ST AT MCKEESPORT HOSPITAL MAIN ENTRA,40.3515,-79.8505,Outbound,Bus,-4.920454545454545,7.711363636363634,Attractor,0.2209427851745232
S00180,239.15456,210.64317,S 18TH ST AT E CARSON ST,40.4285,-79.9805,Inbound,Bus,28.511390000000006,449.79773,Generator,1.1353539732619862
N36520,0.7568181749999999,13.090909,MT ROYAL BLVD AT GARDEN PL,40.5246,-79.962,Outbound,Bus,-12.334090825,13.847727175,Attractor,0.057812499880642354
E21080,0.45909089999999997,2.1613635,FRANKSTOWN RD AT HIGHLAND RD,40.4671,-79.8363,Outbound,Bus,-1.7022726000000001,2.6204544000000003,Attractor,0.21240800078283914
S70006,7.027272727272726,5.618181818181819,HWY RT 51 AT BRENTWOOD TOWN SQUARE,40.3667,-79.9842,Inbound,Bus,1.4090909090909065,12.645454545454545,Generator,1.2508090614886727
S23090,0.0,0.0,HOMEVILLE RD OPP CASTLE DR #1,40.3768,-79.8754,Inbound,Bus,0.0,0.0,Balanced,
N25437,0.07045454545454545,0.0,HEMLOCK DR AT LAUREL OAK DR,40.5772,-79.9795,Inbound,Bus,0.07045454545454545,0.07045454545454545,Generator,
X03390,0.6681817999999999,16.10909,BROOKLINE BLVD OPP GREENCREST DR,40.3924,-80.0054,Both,Bus,-15.440908199999999,16.777271799999998,Attractor,0.041478556516848564
N50460,0.96136365,0.047727275,SPRING GARDEN RD AT LUKE'S ROAD HOUSE (#3254),40.4784,-79.995,Inbound,Bus,0.9136363750000001,1.009090925,Generator,20.142856469387787
E70373,11.295455,24.834090000000003,DEVILLIERS ST AT CENTRE AVE,40.4437,-79.9804,Inbound,Bus,-13.538635000000003,36.12954500000001,Attractor,0.45483667813074685
N06770,0.025,1.5431819999999998,BABCOCK BLVD AT ROSECLIFF DR,40.5098,-79.9916,Outbound,Bus,-1.518182,1.5681819999999997,Attractor,0.01620029264208629
P02130,0.047727275,28.502275,GRANT ST AT US STEEL STOP B,40.4417,-79.9952,Inbound,Bus,-28.454547725,28.550002275,Attractor,0.0016745075612385326
X04450,5.025,0.8727275,COCHRAN RD AT ALTOONA PL,40.3827,-80.0523,Inbound,Bus,4.1522725000000005,5.8977275,Generator,5.757811000570053
N26860,0.0,0.04545455,HULTON RD OPP 10TH ST,40.524,-79.8316,Outbound,Bus,-0.04545455,0.04545455,Attractor,0.0
X10260,0.85,0.025,MAIN ST AT #1737,40.3768,-80.0929,Inbound,Bus,0.825,0.875,Generator,34.0
N22510,10.0068181818182,15.92727272727273,FREEPORT RD OPP HWY RT 910 (WERNER CAMP),40.5369,-79.8393,Outbound,Bus,-5.920454545454529,25.93409090909093,Attractor,0.6282819634703207
N36650,0.0,1.4863635450000001,MT ROYAL BLVD OPP ROYAL COURT DR,40.5427,-79.9723,Outbound,Bus,-1.4863635450000001,1.4863635450000001,Attractor,0.0
E47580,0.04545454545454545,0.7795454545454548,PITCAIRN-TRAFFORD RD OPP CLARK ST,40.3953,-79.7674,Outbound,Bus,-0.7340909090909093,0.8250000000000002,Attractor,0.05830903790087461
E04910,11.684090000000001,5.234091,BAUM BLVD AT MILLVALE AVE,40.4545,-79.9476,Inbound,Bus,6.449999000000001,16.918181,Generator,2.2323054757741128
S70462,0.2,0.26363637500000003,LEBANON SCHOOL RD OPP OLD ELIZABETH RD,40.3482,-79.9291,Both,Bus,-0.06363637500000002,0.46363637500000004,Attractor,0.7586206569560061
P02830,235.786365,8.779545,PENN AVE AT CECIL PL,40.4425,-80.0031,Outbound,Bus,227.00681999999998,244.56591,Generator,26.85633082352217
W14220,0.145454545,4.4795455,MIDDLETOWN RD AT BERRY ST,40.4485,-80.0627,Outbound,Bus,-4.334090955000001,4.625000045,Attractor,0.03247082656041779
N36360,1.3977275,0.2,MT ROYAL BLVD AT WILJOHN ST,40.514,-79.9591,Inbound,Bus,1.1977275,1.5977275,Generator,6.988637499999999
E70821,0.0,0.3681818181818183,7TH ST AT FOREST AVE,40.3875,-79.7568,Outbound,Bus,-0.3681818181818183,0.3681818181818183,Attractor,0.0
E36220,0.41136365,6.4954545,LINCOLN HWY AT GRAHAM AVE,40.3801,-79.8092,Outbound,Bus,-6.08409085,6.90681815,Attractor,0.06333100324234432
N70008,80.2840909090909,15.149999999999999,LINCOLN AVE AT HARRISON AVE,40.4935,-80.0515,Inbound,Bus,65.1340909090909,95.43409090909091,Generator,5.299279927992799
N50250,6.425,0.18863635,SOUTH SIDE AVE OPP ENTRANCE ST,40.4696,-79.9988,Inbound,Bus,6.2363636499999995,6.61363635,Generator,34.060243426041694
W07280,0.325,2.5636363636363653,FOREST GROVE RD AT CORAOPOLIS RD,40.4812,-80.1065,Both,Bus,-2.238636363636365,2.8886363636363654,Attractor,0.12677304964539
E36270,0.42045455,0.0,LINCOLN HWY OPP JACOB ST,40.3768,-79.7996,Inbound,Bus,0.42045455,0.42045455,Generator,
E34090,7.606818,0.147727275,LAKETON RD OPP COLLINS RD,40.4536,-79.859,Inbound,Bus,7.459090724999999,7.754545275,Generator,51.49230566934914
E06010,28.5977255,0.70681815,BEECHWOOD BLVD AT MONITOR ST,40.4254,-79.9267,Inbound,Bus,27.89090735,29.30454365,Generator,40.45980638725816
E70868,3.4795455,3.5272724999999996,ELMORE ST AT ROSE ST,40.4439,-79.9766,Inbound,Bus,-0.04772699999999963,7.006817999999999,Attractor,0.986469148612703
X13770,14.663635,1.334091,PIONEER AVE OPP STETSON ST,40.4055,-80.015,Inbound,Bus,13.329543999999999,15.997726,Generator,10.991480341296059
E38730,1.9045454499999999,0.55,MARK DR AT CALMAR DR FS,40.4697,-79.8742,Both,Bus,1.3545454499999998,2.45454545,Generator,3.4628099090909084
E70403,1.690909,4.0613635,BIGELOW ST AT MCCASLIN ST,40.4191,-79.9378,Outbound,Bus,-2.3704544999999997,5.7522725,Attractor,0.416340226625861
E45325,0.138636375,4.8272728,PEEBLES ST OPP GREEN ST,40.4389,-79.895,Outbound,Bus,-4.688636425,4.965909175,Attractor,0.02871939928483014
S34310,4.8772725,9.6045455,MIFFLIN RD AT #605,40.3832,-79.9303,Inbound,Bus,-4.727273,14.481818,Attractor,0.5078087765839623
E70847,0.7363636499999999,0.25,HAZELWOOD AVE OPP EMAHLEA ST,40.4179,-79.9367,Outbound,Bus,0.4863636499999999,0.9863636499999999,Generator,2.9454545999999997
E57940,6.0045455,7.15,WILNER DR AT BRACEY DR,40.454,-79.8671,Both,Bus,-1.1454545000000005,13.154545500000001,Attractor,0.8397965734265733
E19170,42.850002499999995,48.2750055,FORBES AVE AT BEELER ST,40.4438,-79.9386,Inbound,Bus,-5.425003000000004,91.125008,Attractor,0.8876229439269561
E35810,7.0909089000000005,5.0886365,LINCOLN AVE AT FRANKSTOWN AVE,40.4605,-79.9132,Inbound,Bus,2.0022724000000007,12.1795454,Generator,1.393479156941157
N36055,0.734090925,0.93409095,MT ROYAL BLVD AT SHALER LIBRARY,40.5281,-79.9646,Outbound,Bus,-0.20000002500000003,1.668181875,Attractor,0.7858880604720557
N44580,17.850000000000026,2.0431818181818198,PITTSBURGH ST AT HIGHLAND AVE FS,40.5416,-79.7996,Inbound,Bus,15.806818181818207,19.893181818181844,Generator,8.736373748609573
S70397,0.270454545,1.8545455,LEWIS RUN RD OPP MON VALLEY SCHOOL DRVWY,40.3243,-79.9401,Outbound,Bus,-1.584090955,2.125000045,Attractor,0.14583332951388897
S39860,6.0295455,0.170454545,PROSPECT RD OPP GIESE DR,40.3638,-79.9749,Inbound,Bus,5.859090955,6.200000045,Generator,35.37333369432889
P03000,399.9500225,40.436363549999996,SMITHFIELD ST AT THIRD AVE,40.4383,-79.9999,Outbound,Bus,359.51365895,440.38638605,Generator,9.890850397698534
S39720,0.4068182,6.3772725,PROSPECT RD AT GIESE DR,40.3636,-79.975,Outbound,Bus,-5.9704543,6.7840907,Attractor,0.06379187967896933
W16560,7.0272725000000005,0.1681818,NOBLESTOWN RD AT HARTWELL ST,40.4375,-80.051,Inbound,Bus,6.8590907,7.195454300000001,Generator,41.78378694959859
S70641,0.025,1.78409090909091,NORMAN ST AT GRANT AVE,40.3717,-79.8526,Outbound,Bus,-1.7590909090909101,1.80909090909091,Attractor,0.014012738853503178
N12010,22.5295441,4.8363635,BROWNS LN AT MCKNIGHT RD,40.5458,-80.017,Both,Bus,17.693180599999998,27.3659076,Generator,4.658364512923812
W19456,0.2431818,7.3159089999999996,ORCHARD SPRING RD AT GREENTREE RD FS,40.3989,-80.0658,Outbound,Bus,-7.072727199999999,7.5590908,Attractor,0.033240134616217894
E70800,8.529545500000001,6.1886365,COAL HOLLOW RD AT FRANKSTOWN RD FS,40.4609,-79.8424,Outbound,Bus,2.340909000000001,14.718182000000002,Generator,1.3782592498363735
N08770,3.4818181818181797,3.427272727272725,BEAVER RD OPP LITTLE SEWICKLEY RD,40.5588,-80.2004,Inbound,Bus,0.054545454545454675,6.909090909090905,Generator,1.0159151193633953
N08390,1.075,1.0272725,BEAVER ST AT LITTLE ST,40.5424,-80.1834,Inbound,Bus,0.04772749999999992,2.1022724999999998,Generator,1.04646040850894
S34070,3.9045455000000002,0.0681818,MIFFLIN RD AT GLENHURST RD,40.3721,-79.9169,Inbound,Bus,3.8363637,3.9727273000000003,Generator,57.2666826044487
S46470,1.88181818181818,0.675,VERSAILLES AVE AT MAPLE ST,40.3455,-79.8458,Outbound,Bus,1.20681818181818,2.55681818181818,Generator,2.787878787878785
W03600,4.518182,2.9772724999999998,CHARTIERS AVE AT MUNICIPAL ST,40.4522,-80.0528,Inbound,Bus,1.5409095000000006,7.4954545,Generator,1.517557428821178
N18920,0.0,0.0,EVERGREEN & PEOPLES PLANK RD AT #4535,40.501,-80.0038,Inbound,Bus,0.0,0.0,Balanced,
E51390,7.8704545,1.540909,SHADY AVE AT NORTHUMBERLAND ST,40.4417,-79.9198,Inbound,Bus,6.3295455,9.4113635,Generator,5.107669888358105
E70823,0.07045454545454545,2.8159090909090896,FOREST AVE AT DUQUESNE AVE,40.3859,-79.7587,Outbound,Bus,-2.7454545454545443,2.886363636363635,Attractor,0.025020177562550455
E12890,0.0,0.175,CENTER RD OPP HELMAR DR FS,40.4524,-79.7613,Outbound,Bus,-0.175,0.175,Attractor,0.0
S48557,0.25,0.0,WEYMAN RD AT FOXWOOD MANOR APTS,40.3672,-79.9992,Inbound,Bus,0.25,0.25,Generator,
E58890,3.725,0.77045455,WM PENN HWY AT VALUE CITY,40.4366,-79.783,Inbound,Bus,2.9545454500000004,4.49545455,Generator,4.834808231063079
E21740,0.943181825,18.3181795,FRANKSTOWN RD AT SHENANDOAH DR,40.4742,-79.8218,Outbound,Bus,-17.374997675,19.261361325,Attractor,0.051488840635064204
E21570,53.929545,10.7590905,FRANKSTOWN RD OPP DUFF RD,40.465,-79.8283,Inbound,Bus,43.1704545,64.6886355,Generator,5.0124631817159635
N32550,1.9090908999999998,0.363636375,MCKNIGHT RD OPP OLD MCKNIGHT RD,40.5337,-80.0111,Both,Bus,1.5454545249999998,2.272727275,Generator,5.2499998109375055
N08100,4.459091,1.5590909,BEAVER AVE AT NORTH AVE,40.452,-80.0287,Inbound,Bus,2.9000000999999997,6.0181819,Generator,2.860058384023664
S70597,2.54090909090909,13.220454545454551,BROWNLEE ST AT #44,40.3492,-79.8412,Inbound,Bus,-10.679545454545462,15.76136363636364,Attractor,0.19219528966821373
S70501,2.9704544999999998,0.37272727499999997,SPENCER AVE AT WATERMAN AVE FS,40.3915,-79.9764,Inbound,Bus,2.597727225,3.3431817749999997,Generator,7.969512024576146
E49770,2.57499995,0.19772727499999998,SALTSBURG RD OPP FORD AVE,40.4767,-79.7827,Inbound,Bus,2.377272675,2.772727225,Generator,13.022988103184046
N07730,9.425,5.313636363636365,BALPH AVE AT TEECE AVE,40.4974,-80.0544,Inbound,Bus,4.111363636363635,14.738636363636367,Generator,1.7737382378100937
S33120,0.6363636363636365,0.07045454545454545,MCCLEARY ST OPP IDAHO ST,40.3481,-79.8385,Outbound,Bus,0.565909090909091,0.7068181818181819,Generator,9.032258064516132
W24740,9.05227272727273,0.18863636363636377,WASHINGTON AVE AT CHARTIERS ST FS,40.3564,-80.1133,Inbound,Bus,8.863636363636365,9.240909090909094,Generator,47.987951807228896
S06273,0.09318180000000001,0.022727275,BELTZHOOVER AVE AT FREELAND ST,40.4192,-79.9974,Inbound,Bus,0.070454525,0.11590907500000001,Generator,4.099998790000121
N19590,0.75,0.02272727272727275,FERGUSON RD AT POST RD,40.5638,-79.99,Inbound,Bus,0.7272727272727273,0.7727272727272727,Generator,32.99999999999997
E20720,19.125,1.725,FRANKSTOWN RD AT WOODS RD,40.46,-79.8737,Inbound,Bus,17.4,20.85,Generator,11.086956521739129
S21710,2.51590895,27.575002500000004,HABERMAN RAMP AT SOUTH HILLS JCT,40.4215,-80.0061,Inbound,Bus,-25.059093550000004,30.090911450000004,Attractor,0.09123875691398395
E70782,15.754545,10.215910000000001,BEDFORD AVE AT SOMERS DR,40.4491,-79.9765,Inbound,Bus,5.538634999999999,25.970455,Generator,1.5421577715543695
E70341,0.975,0.0,UNIVERSAL RD AT DEERFIELD DR,40.4669,-79.7988,Inbound,Bus,0.975,0.975,Generator,
E57610,0.50909092,4.890908775,WILKINS AVE AT #6640,40.446,-79.9145,Both,Bus,-4.3818178549999995,5.399999695,Attractor,0.10408922828457376
E46550,11.2386366,7.64318205,PENN AVE AT TRENTON AVE FS (LIFE CARE),40.4462,-79.8921,Inbound,Bus,3.5954545499999995,18.88181865,Generator,1.4704133077662331
W07290,2.69090909090909,1.11590909090909,FOREST GROVE RD AT MIDWAY DR,40.4778,-80.1029,Both,Bus,1.575,3.80681818181818,Generator,2.4114052953156833
N31810,6.60909075,2.995454775,MANHATTAN ST AT N FRANKLIN ST,40.4561,-80.027,Inbound,Bus,3.6136359750000002,9.604545524999999,Generator,2.2063730706800606
E26510,4.0022725,7.7454545,HAMILTON AVE AT HALE ST,40.4524,-79.8877,Outbound,Bus,-3.743182,11.747727000000001,Attractor,0.5167253258023787
E48840,1.5863635,6.4681820000000005,ROBINSON ST AT ALLEQUIPPA ST,40.4429,-79.9658,Outbound,Bus,-4.8818185000000005,8.0545455,Attractor,0.24525647237508158
W19930,0.0,0.15,PITCHFORK LN OPP CRABAPPLE DR,40.4706,-80.112,Both,Bus,-0.15,0.15,Attractor,0.0
E11850,9.809091,3.76590925,BUTLER ST AT 57TH ST,40.4853,-79.9462,Both,Bus,6.0431817500000005,13.57500025,Generator,2.604707216457752
E29030,2.868182,63.834089999999996,HIGHLAND AVE AT HOWE ST,40.4532,-79.9247,Outbound,Bus,-60.965908,66.702272,Attractor,0.04493182247918001
E10720,0.6840909090909091,3.174999999999999,BROADWAY BLVD OPP BROADVIEW MANOR HI-RISE,40.4009,-79.7828,Outbound,Bus,-2.49090909090909,3.859090909090908,Attractor,0.2154617036506801
N19120,20.234092999999998,6.30681835,FEDERAL ST AT ALPINE ST,40.4589,-80.0078,Both,Bus,13.927274649999998,26.54091135,Generator,3.2082885342654586
W20890,0.05,0.07045454500000001,SILVER LANE OPP FALCK RD,40.4628,-80.1396,Outbound,Bus,-0.020454545000000005,0.12045454500000001,Attractor,0.7096774239334027
S70521,0.025,1.6090909090909098,AGNEW RD OPP ACADEMY CHARTER SCHOOL DRVWY,40.3994,-79.9678,Outbound,Bus,-1.5840909090909099,1.6340909090909097,Attractor,0.015536723163841802
E70355,0.025,1.06136365,UNIVERSAL RD OPP HERSHEY RD,40.4693,-79.7956,Outbound,Bus,-1.0363636500000002,1.08636365,Attractor,0.02355460355176098
N08570,2.711363636363635,3.247727272727275,BEAVER ST AT RIVER RD,40.5266,-80.1589,Outbound,Bus,-0.5363636363636397,5.95909090909091,Attractor,0.8348495451364581
E52735,0.047727275,5.4022725000000005,STANTON AVE AT MCCANDLESS AVE,40.4783,-79.949,Outbound,Bus,-5.354545225000001,5.449999775,Attractor,0.008834666337175697
W08660,0.275,0.025,HERBST RD AT ROSE AVE FS,40.4872,-80.1184,Both,Bus,0.25,0.30000000000000004,Generator,11.0
E18020,1.3568183999999999,0.025,ELECTRIC AVE AT OLYMPIA HALL,40.403,-79.8374,Inbound,Bus,1.3318184,1.3818183999999998,Generator,54.272735999999995
N31450,9.9204545,5.7181820000000005,MAIN ST AT 18TH ST,40.4946,-79.9215,Inbound,Bus,4.202272499999999,15.6386365,Generator,1.73489659825448
E09930,2.3386365,0.6818182,BRINTON AVE OPP TERRACE ST,40.4003,-79.8411,Inbound,Bus,1.6568182999999999,3.0204546999999997,Generator,3.43000010853333
X70078,0.77954545,0.5,WEST LIBERTY AVE OPP BROOKSIDE AVE,40.4102,-80.0156,Inbound,Bus,0.27954545,1.27954545,Generator,1.5590909
E13725,12.4363635,13.327273,CENTRE AVE AT PROTECTORY PL,40.4415,-79.9849,Inbound,Bus,-0.8909094999999994,25.7636365,Attractor,0.9331514031415129
S46970,0.025,2.24090909090909,WALNUT ST OPP 33RD AVE,40.33,-79.8422,Outbound,Bus,-2.21590909090909,2.2659090909090898,Attractor,0.01115618661257607
E70798,12.9,14.784089999999999,BENTLEY DR AT OAK HILL DR,40.44,-79.9698,Outbound,Bus,-1.8840899999999987,27.684089999999998,Attractor,0.8725596232165795
S70638,6.679545454545455,7.61818181818182,DESIDERIO BLVD OPP BAKER AVE,40.2906,-79.8898,Both,Bus,-0.9386363636363653,14.297727272727276,Attractor,0.8767899761336514
N37310,0.025,1.568182,MT TROY RD OPP RIDGELAWN CEMETERY ENTRANCE,40.4821,-79.9894,Outbound,Bus,-1.543182,1.5931819999999999,Attractor,0.015942027137156277
S09550,75.890905,22.3954532,BROWNSVILLE RD OPP NOBLES LN,40.4038,-79.99,Inbound,Bus,53.495451800000005,98.2863582,Generator,3.3886746708032685
N50270,0.045454545,0.0,SOUTH SIDE AVE OPP LAPPE LN,40.4702,-79.9967,Outbound,Bus,0.045454545,0.045454545,Generator,
E48910,0.8681818000000001,3.4068180000000003,ROBINSON ST OPP ELLERS ST,40.4416,-79.9656,Inbound,Bus,-2.5386362,4.274999800000001,Attractor,0.25483656596859594
P02325,733.8591045000001,1731.838653645,LIBERTY AVE AT 10TH ST NS,40.4438,-79.9949,Both,Bus,-997.979549145,2465.697758145,Attractor,0.4237456549173603
E58380,1.125,4.979545454545455,WM PENN HWY AT DENNY'S,40.4383,-79.7724,Outbound,Bus,-3.8545454545454554,6.104545454545455,Attractor,0.2259242355089
W02710,21.354545454545452,23.175,BROADWAY AVE AT 3RD ST,40.4674,-80.067,Outbound,Bus,-1.8204545454545489,44.529545454545456,Attractor,0.9214474845542805
N37670,0.0,0.025,NELSON RUN RD RAMP AT NELSON RUN RD,40.4989,-80.0125,Outbound,Bus,-0.025,0.025,Attractor,0.0
S05236,0.97727275,6.693182,BALDWIN RD OPP RAMP ST,40.387,-79.9327,Outbound,Bus,-5.71590925,7.67045475,Attractor,0.1460101861864805
X07010,3.2363635000000004,0.07045454500000001,GRANDVIEW AVE AT SHALER ST,40.4404,-80.0232,Inbound,Bus,3.1659089550000004,3.3068180450000004,Generator,45.935482231841824
E44930,4.6295455,1.068182,PARK HILL DR AT #2401,40.4555,-79.8742,Outbound,Bus,3.5613634999999997,5.6977275,Generator,4.3340418580354285
N71320,1.386363625,0.36590907500000003,BROWNS LN OPP NORTHWAY MALL DR,40.5494,-80.0228,Both,Bus,1.02045455,1.7522727,Generator,3.7888200094518014
N52270,0.0,0.0,THOMPSON RUN RD AT SUNNYHILL DR,40.5241,-79.9889,Inbound,Bus,0.0,0.0,Balanced,
N24020,3.086363636363635,8.295454545454545,GRANT AVE AT NORTH AVE,40.4809,-79.9748,Outbound,Bus,-5.20909090909091,11.38181818181818,Attractor,0.3720547945205478
W11765,1.5045455,0.0,LINDSAY RD OPP GREENVIEW DR,40.3869,-80.0765,Inbound,Bus,1.5045455,1.5045455,Generator,
E10950,26.79318155,11.1340912,BROWNS HILL RD OPP IMOGENE RD,40.4153,-79.9246,Inbound,Bus,15.65909035,37.92727275,Generator,2.4064093843599914
E70822,0.19999999999999998,4.695454545454545,FOREST AVE AT 6TH ST,40.387,-79.7576,Outbound,Bus,-4.495454545454545,4.8954545454545455,Attractor,0.04259438528557599
S09380,0.1431818,3.0704545,BROWNSVILLE RD OPP CARLYN DR,40.3539,-79.9898,Outbound,Bus,-2.9272727,3.2136362999999997,Attractor,0.04663211912112686
E35600,11.7909095,15.527274,LIBERTY AVE AT 36TH ST,40.4618,-79.9639,Outbound,Bus,-3.7363645000000005,27.3181835,Attractor,0.7593676456021836
E70746,2.2659089999999997,1.7,MINGO ST AT OAKDENE ST,40.4647,-79.8911,Inbound,Bus,0.5659089999999998,3.965909,Generator,1.3328876470588233
S00430,1.7227274499999998,5.275,S 18TH ST OPP JOSEPHINE ST,40.4248,-79.9799,Outbound,Bus,-3.5522725500000005,6.99772745,Attractor,0.3265834028436018
N14460,3.215909,0.0,N CHARLES ST AT BIZET ST,40.4665,-80.0199,Inbound,Bus,3.215909,3.215909,Generator,
P01250,251.82729,513.7704755,BLVD OF ALLIES AT POST GAZETTE BLDG,40.4399,-80.0061,Both,Bus,-261.94318549999997,765.5977654999999,Attractor,0.4901552385915567
N41780,16.581816,1.043181795,PENNSYLVANIA AVE AT FULTON ST,40.4543,-80.0248,Inbound,Bus,15.538634205,17.624997795,Generator,15.895423098329664
E32744,40.28409,6.72954545,JOHNSTON AVE AT GLENWOOD AVE,40.4065,-79.9396,Both,Bus,33.55454455,47.013635449999995,Generator,5.986153195532694
E45660,4.1886365,14.70909,PENN AVE AT FIFTH AVE,40.4542,-79.9128,Outbound,Bus,-10.520453499999999,18.8977265,Attractor,0.2847651690213331
N40120,1.534090909090909,0.7522727272727275,OHIO RIVER BLVD OPP DICKSON AVE,40.5036,-80.0812,Inbound,Bus,0.7818181818181814,2.2863636363636366,Generator,2.039274924471298
N15925,0.168181818181818,0.025,CUMBERLAND RD OPP FOX HUNT DR,40.5719,-80.0185,Inbound,Bus,0.143181818181818,0.19318181818181798,Generator,6.7272727272727195
N50700,0.022727275,0.79545455,SPRING GARDEN RD AT #3253,40.4784,-79.9949,Outbound,Bus,-0.7727272749999999,0.818181825,Attractor,0.028571431265306108
E25367,4.9795455,11.9795455,GREENFIELD AVE AT KEARCHER ST,40.4253,-79.9439,Outbound,Bus,-7.0,16.959091,Attractor,0.41567065294755967
N05480,0.32727275,0.0,AMITY DR OPP CARRIAGE HILL RD,40.5492,-79.9966,Inbound,Bus,0.32727275,0.32727275,Generator,
E39270,4.802272500000001,10.309091,MILLVALE AVE AT BAUM BLVD,40.4543,-79.9476,Inbound,Bus,-5.5068185,15.111363500000001,Attractor,0.4658288980085636
S16230,75.82272499999999,52.7,E CARSON ST AT S 20TH ST,40.4286,-79.9778,Both,Bus,23.12272499999999,128.52272499999998,Generator,1.4387613851992407
P02860,917.9840750000001,517.3136453500001,PENN AVE AT 7TH ST,40.4433,-80.0001,Both,Bus,400.67042964999996,1435.2977203500002,Generator,1.774521285590519
W04840,0.025,0.0,CLIFF MINE RD AT OMSLAER STEEL SUPPLIES,40.4522,-80.2017,Inbound,Bus,0.025,0.025,Generator,
S70418,1.55,0.6022727272727275,MONONGAHELA AVE OPP ARCH ST,40.3379,-79.8894,Outbound,Bus,0.9477272727272725,2.1522727272727273,Generator,2.5735849056603763
E32745,2.8999999499999998,16.7522725,JOHNSTON AVE AT WINSTON ST,40.4058,-79.9382,Both,Bus,-13.85227255,19.652272449999998,Attractor,0.17311083914137618
S30580,2.9772727272727293,1.345454545454545,LYSLE BLVD AT 5TH AVE,40.3527,-79.8483,Both,Bus,1.6318181818181843,4.322727272727274,Generator,2.21283783783784
P00390,302.5091,27.9340885,FOURTH AVE AT WOOD ST,40.4395,-80.0017,Outbound,Bus,274.57501149999996,330.4431885,Generator,10.829388615991531
N03630,11.027272499999999,0.54772725,W 7TH AVE AT CENTER ST,40.6003,-79.7607,Inbound,Bus,10.47954525,11.574999749999998,Generator,20.132780503434873
E46570,0.4522727,0.097727275,PENN AVE AT WEBER ST,40.442,-79.8692,Inbound,Bus,0.354545425,0.549999975,Generator,4.627906590048684
N53290,5.306818,8.6795455,WARREN ST AT CATOMA ST,40.4609,-80.0027,Outbound,Bus,-3.3727275,13.9863635,Attractor,0.6114165770546396
E27250,2.88181815,10.37727265,HARRIET ST OPP BLDG #2,40.4139,-79.8838,Both,Bus,-7.4954545,13.2590908,Attractor,0.2777047734213671
S11430,24.575,1.281818,CHARLES ST AT GRIMES AVE FS,40.4165,-79.9932,Inbound,Bus,23.293181999999998,25.856818,Generator,19.171988535033837
E46890,0.8181818000000001,8.109091,PENN CENTER BLVD OPP BLDG #7,40.4263,-79.8113,Outbound,Bus,-7.2909092,8.927272799999999,Attractor,0.10089685761326395
N08500,0.04772727272727275,0.7681818181818181,BEAVER ST AT OSBORNE LN,40.5331,-80.1719,Outbound,Bus,-0.7204545454545453,0.8159090909090908,Attractor,0.06213017751479294
E07880,4.3090910000000004,1.7272725,BIGELOW ST AT MCCASLIN ST,40.4191,-79.9383,Inbound,Bus,2.5818185000000007,6.0363635,Generator,2.49473722299174
E52445,0.45227275,18.09318,SOUTH AVE AT PITT ST,40.4429,-79.8883,Outbound,Bus,-17.64090725,18.54545275,Attractor,0.02499686345904921
N38540,7.752272727272725,3.211363636363635,NORTH AVE AT FREEMONT ALLEY,40.4822,-79.9738,Inbound,Bus,4.54090909090909,10.963636363636361,Generator,2.4140127388535033
X02650,0.05,5.5363635,BOWER HILL RD OPP SERPENTINE DR,40.3845,-80.0554,Outbound,Bus,-5.4863635,5.5863635,Attractor,0.009031198908814424
E11580,10.8227275,4.6386365,BUTLER ST AT 37TH ST,40.4664,-79.9647,Inbound,Bus,6.184091,15.461364,Generator,2.3331699951052425
N52130,0.0,1.3545455,THOMPSON RUN RD AT ABARD DR,40.5316,-79.9902,Outbound,Bus,-1.3545455,1.3545455,Attractor,0.0
E46870,7.0,7.311363500000001,PENN AVE OPP WEST ST,40.4452,-79.8892,Inbound,Bus,-0.31136350000000057,14.3113635,Attractor,0.9574137573655036
S23670,0.118181818181818,0.534090909090909,HWY RT 51 AT ELLIOTT RD FS,40.3103,-79.9376,Outbound,Bus,-0.41590909090909095,0.6522727272727269,Attractor,0.22127659574468056
S00090,5.222727272727275,18.78636363636365,12TH AVE AT AMITY ST FS,40.4043,-79.9084,Outbound,Bus,-13.563636363636373,24.009090909090926,Attractor,0.2780062908299056
N13250,3.6477275,0.0681818,CALIFORNIA AVE OPP STRANMORE ST,40.4604,-80.027,Inbound,Bus,3.5795456999999997,3.7159093,Generator,53.50001760000469
N71324,0.9613636363636364,0.0,CENTER AVE AT NORTH AVE,40.5132,-80.0973,Inbound,Bus,0.9613636363636364,0.9613636363636364,Generator,
E13550,5.140909,6.797727500000001,CENTRE AVE AT JUNILLA ST STEPS,40.4456,-79.9704,Inbound,Bus,-1.6568185000000009,11.938636500000001,Attractor,0.7562687677609906
E02940,3.05,0.6590909,AIRBRAKE AVE AT 11TH ST,40.4033,-79.823,Inbound,Bus,2.3909091,3.7090908999999996,Generator,4.6275862707253275
W00530,2.372727272727275,0.49772727272727246,5TH AVE AT OFFICE BLDG,40.5149,-80.1576,Inbound,Bus,1.8750000000000022,2.8704545454545474,Generator,4.7671232876712395
N39820,10.415909,7.4068184,OHIO RIVER BLVD AT MCKEES ROCKS BRIDGE,40.4789,-80.0433,Inbound,Bus,3.0090905999999995,17.822727399999998,Generator,1.4062595351331957
E39280,24.229545,12.904545,MILLVALE AVE AT BAUM BLVD,40.4545,-79.9477,Outbound,Bus,11.325000000000001,37.13409,Generator,1.877597776597315
E13600,138.002275,74.336365,CENTRE AVE AT MELWOOD AVE,40.4523,-79.9507,Both,Bus,63.66591,212.33864,Generator,1.8564571323873584
W70163,0.32045454500000004,0.6113636499999999,GRAND AVE AT #3000 (HOLDEN CORP),40.5054,-80.1048,Outbound,Bus,-0.2909091049999999,0.931818195,Attractor,0.5241635563383594
E34845,5.7431818,66.0613655,LIBERTY AVE AT 12TH ST,40.4453,-79.9917,Inbound,Bus,-60.31818369999999,71.8045473,Attractor,0.08693707368189356
E35790,0.122727275,17.2840925,LINCOLN AVE AT CAMPANIA ST,40.4722,-79.8909,Outbound,Bus,-17.161365225,17.406819775,Attractor,0.007100591193896931
E70438,0.0,0.0,HULTON RD AT LINCOLN AVE,40.525,-79.8137,Outbound,Bus,0.0,0.0,Balanced,
E15585,3.740909,17.15,CRAFT AVE AT FORBES AVE,40.4369,-79.9629,Outbound,Bus,-13.409090999999998,20.890908999999997,Attractor,0.21812880466472304
S31555,10.38409,0.6,MAIN ST AT E OLIVER RD,40.3896,-79.901,Inbound,Bus,9.78409,10.98409,Generator,17.30681666666667
S47620,0.4340909,0.42954545,WARRINGTON AVE AT MONTOOTH ST,40.4206,-80.0061,Outbound,Bus,0.004545450000000006,0.8636363499999999,Generator,1.010582000111979
N32590,1.2272725,1.1522725,MCKNIGHT RD AT EVERGREEN RD,40.494,-80.0116,Outbound,Bus,0.07499999999999996,2.3795450000000002,Generator,1.0650887702344713
N33570,0.46818181818181803,9.83181818181818,MERCHANT ST AT 3RD ST,40.5818,-80.2238,Outbound,Bus,-9.363636363636362,10.299999999999999,Attractor,0.04761904761904761
E17320,0.6159091000000001,5.5659089999999996,EAST HILLS DR AT PARK HILL DR,40.4526,-79.8737,Inbound,Bus,-4.9499999,6.181818099999999,Attractor,0.11065741462894922
N49960,3.5522730000000005,0.50681817,SIRIUS ST AT #3517,40.4849,-80.0057,Both,Bus,3.0454548300000006,4.05909117,Generator,7.008969311419913
W70039,4.743182,4.5022725,PLEASANT RIDGE RD OPP OAK DR,40.4791,-80.0738,Both,Bus,0.2409094999999999,9.245454500000001,Generator,1.0535084226909854
N31430,3.7931818500000003,3.975,MAIN ST AT 15TH ST,40.4946,-79.9262,Inbound,Bus,-0.1818181499999998,7.76818185,Attractor,0.9542595849056604
E09920,3.725,0.19318180000000001,BRINTON AVE OPP RAVINE ST,40.4015,-79.8412,Inbound,Bus,3.5318182,3.9181818,Generator,19.28235475598633
X08850,2.4886365,0.045454545,KANE BLVD AT HUGHES ST,40.3773,-80.0905,Inbound,Bus,2.443181955,2.5340910450000003,Generator,54.75000354750004
N53605,29.70227,9.0136365,WEST VIEW PARK DR OPP WEST VIEW TOWER,40.5169,-80.0336,Inbound,Bus,20.688633499999998,38.7159065,Generator,3.295259355089369
S21705,4.7045455,0.6340908999999999,HABERMAN RAMP OPP HARWOOD ST STEPS,40.4215,-80.0036,Inbound,Bus,4.0704546,5.3386364,Generator,7.419355016764948
S47580,3.9295455999999995,14.3386365,WARRINGTON AVE AT ESTELLA AVE,40.4211,-80.0005,Both,Bus,-10.4090909,18.2681821,Attractor,0.2740529477820293
S13934,0.0,1.177272727272725,CURRY RD AT HORNING RD,40.3373,-79.9914,Outbound,Bus,-1.177272727272725,1.177272727272725,Attractor,0.0
N36290,4.69545445,0.8568182,MT ROYAL BLVD AT UNDERCLIFF ST,40.5159,-79.9591,Inbound,Bus,3.8386362499999995,5.55227265,Generator,5.480105873101201
N40400,4.379545454545455,1.545454545454545,OHIO RIVER BLVD OPP SHILOH AVE,40.4879,-80.0565,Inbound,Bus,2.83409090909091,5.925,Generator,2.8338235294117657
N20790,0.09545454545454546,0.0,FREEPORT RD AT BURTNER RD,40.6297,-79.7183,Inbound,Bus,0.09545454545454546,0.09545454545454546,Generator,
E70392,0.0,0.022727275,UNITY TRESTLE RD AT #1010,40.4788,-79.7626,Both,Bus,-0.022727275,0.022727275,Attractor,0.0
N13605,7.9454545,1.165909,CEDAR AVE OPP FORELAND ST,40.454,-80.002,Outbound,Bus,6.7795455,9.1113635,Generator,6.814815307198074
W21700,2.368182,9.795454499999998,STEUBEN ST AT RINGGOLD ST FS,40.4424,-80.0507,Outbound,Bus,-7.427272499999998,12.163636499999999,Attractor,0.2417633607506421
S70624,0.045454545,0.047727275,HOFFMAN BLVD AT KENNYWOOD MALL DR,40.3824,-79.8684,Both,Bus,-0.0022727300000000006,0.09318182,Attractor,0.9523808975056716
S70451,4.545454545454545,9.04318181818182,AMITY ST AT 10TH AVE,40.4057,-79.9093,Inbound,Bus,-4.497727272727275,13.588636363636365,Attractor,0.5026388539834128
S16400,3.4863634,1.7681817,E CARSON ST AT S 2ND ST,40.4301,-79.9988,Inbound,Bus,1.7181817000000001,5.2545451,Generator,1.9717223631485385
W20280,0.565909090909091,4.1636363636363605,E RAILROAD ST AT 3RD ST STEPS,40.3904,-80.0881,Outbound,Bus,-3.5977272727272696,4.729545454545452,Attractor,0.13591703056768573
E34320,0.23181820000000003,0.6568182,LARIMER AVE AT ORPHAN ST,40.467,-79.9101,Inbound,Bus,-0.425,0.8886364,Attractor,0.3529411943822507
E05910,6.806818,3.6363635,BEECHWOOD BLVD AT DOUGLAS ST FS,40.4333,-79.9146,Both,Bus,3.1704545,10.4431815,Generator,1.8718750201953134
E01860,11.631818299999999,29.397726,FIFTH AVE OPP AMBERSON AVE,40.4476,-79.9389,Both,Bus,-17.7659077,41.0295443,Attractor,0.3956706821473198
E70938,4.2227274999999995,6.681818,CENTRE AVE AT ARTHUR ST,40.442,-79.9837,Inbound,Bus,-2.4590905000000003,10.9045455,Attractor,0.6319728403257915
E59050,0.047727275,1.5977275,WILLIAM PENN HWY OPP ELLIOTT RD,40.4341,-79.7327,Outbound,Bus,-1.550000225,1.645454775,Attractor,0.0298719744136594
E41150,5.3931819,72.18182,MURRAY AVE AT FLEMINGTON ST,40.4264,-79.9276,Both,Bus,-66.7886381,77.5750019,Attractor,0.07471662393660897
E70441,0.49772724999999995,0.0,UNIVERSAL RD AT POPLAR RIDGE RD,40.4636,-79.8167,Inbound,Bus,0.49772724999999995,0.49772724999999995,Generator,
E41210,71.79772700000001,24.868181500000002,MURRAY AVE AT HAZELWOOD AVE FS,40.4203,-79.9284,Both,Bus,46.9295455,96.66590850000001,Generator,2.8871321773166247
X02590,0.025,4.020454545454545,BOWER HILL RD OPP MCLAUGHLIN RUN RD,40.3583,-80.1051,Outbound,Bus,-3.9954545454545447,4.045454545454545,Attractor,0.0062182023742227265
TP7106,16.7727272727273,23.5454545454545,LAYOVER AIRPORT TERMINUS (NO S,40.4962,-80.2589,Both,Bus,-6.772727272727202,40.3181818181818,Attractor,0.7123552123552148
X04150,0.7840909,0.0,CEDAR BLVD AT #1163,40.3692,-80.0607,Inbound,Bus,0.7840909,0.7840909,Generator,
S70323,0.9909090909090901,2.49318181818182,ST CLAIR AVE OPP 8TH ST,40.294,-79.8912,Inbound,Bus,-1.5022727272727299,3.4840909090909102,Attractor,0.3974475843208745
W26185,53.08181999999999,387.42275,WEST BUSWAY AT SHERADEN STATION A,40.4528,-80.0532,Outbound,Busway,-334.34093,440.50457,Attractor,0.13701265607143615
S35231,7.8613634999999995,2.5295452999999997,MOUNTAINVIEW DR AT HOME DEPOT,40.3423,-79.9538,Outbound,Bus,5.3318182,10.390908799999998,Generator,3.1078168475575434
N71328,3.4,0.02272727272727275,CHURCH AVE AT ROSTREVOR PL,40.5103,-80.0871,Inbound,Bus,3.377272727272727,3.422727272727273,Generator,149.59999999999985
S70614,4.1545455,3.65,BLACKBERRY DR AT #847,40.3422,-79.9127,Both,Bus,0.5045455000000003,7.8045455,Generator,1.1382316438356166
N14332,0.2568182,3.1886365,CENTER AVE OPP WAVERLY AVE,40.5174,-80.0358,Outbound,Bus,-2.9318182999999998,3.4454547,Attractor,0.08054169862259307
E52640,0.07045454500000001,1.0727275,STANTON AVE AT DUNCAN ST,40.4776,-79.9519,Outbound,Bus,-1.002272955,1.143182045,Attractor,0.06567795176314582
S34270,3.518182,0.275,MIFFLIN RD AT SLATE ST,40.3814,-79.9276,Inbound,Bus,3.243182,3.793182,Generator,12.79338909090909
S70388,0.11590909090909099,0.425,HWY RT 885 AT COAL VALLEY RD FS,40.3221,-79.9258,Outbound,Bus,-0.30909090909090897,0.540909090909091,Attractor,0.27272727272727293
E58410,2.26818181818182,0.04545454545454545,WILLIAM PENN HWY AT ELLIOTT RD,40.434,-79.7323,Inbound,Bus,2.2227272727272744,2.3136363636363653,Generator,49.90000000000004
E46460,273.70000365,142.5545485,PENN AVE AT SHADY AVE FS (GIANT EAGLE),40.4592,-79.9201,Outbound,Bus,131.14545514999998,416.25455215,Generator,1.919966823436714
E32328,0.0,0.8613636363636366,JAMES ST OPP JAMES ST EXT,40.4235,-79.7941,Outbound,Bus,-0.8613636363636366,0.8613636363636366,Attractor,0.0
E15640,2.9977275,3.768182,CRAIG ST AT BAUM BLVD FS,40.4544,-79.9535,Inbound,Bus,-0.7704545,6.765909499999999,Attractor,0.7955368132430971
N05950,7.5113635,0.12272727500000001,ARCH ST AT NORTH SHORE FAMILY HEALTH,40.4543,-80.009,Outbound,Bus,7.388636225,7.634090775,Generator,61.203701459190704
S45010,1.925,0.07045454500000001,ST JOSEPH ST AT RATON ST,40.4135,-79.9806,Inbound,Bus,1.854545455,1.995454545,Generator,27.322580821436002
E00430,0.21363635,18.497725,40TH ST AT DAVIDSON ST FS,40.4677,-79.9609,Outbound,Bus,-18.284088649999998,18.71136135,Attractor,0.011549331066387895
E70444,0.27272725,0.0,UNIVERSAL RD OPP #150,40.4663,-79.8228,Inbound,Bus,0.27272725,0.27272725,Generator,
E13900,11.754545499999999,9.093182,CENTRE AVE OPP BRYN MAWR RD,40.449,-79.9576,Outbound,Bus,2.6613634999999984,20.847727499999998,Generator,1.2926768099439776
X17700,5.1636365,0.4681818,SOUTHERN AVE AT PROSPECT ST,40.4282,-80.0087,Inbound,Bus,4.6954547,5.6318183,Generator,11.029126933169978
E01010,1080.100025,345.13635999999997,FIFTH AVE AT BIGELOW BLVD (PITT),40.4442,-79.9549,Both,Bus,734.963665,1425.236385,Generator,3.1294877914340873
N20660,2.4363636363636365,0.09772727272727275,FREEPORT RD AT BARTSCH ST,40.5858,-79.777,Inbound,Bus,2.338636363636364,2.534090909090909,Generator,24.930232558139533
S70467,10.45,0.21818179999999998,MOUNTAIN AVE AT FISHER ST,40.4114,-79.9772,Inbound,Bus,10.2318182,10.6681818,Generator,47.89583732465311
W02740,5.7227274999999995,21.486365,BROADWAY AVE OPP CHARLES ST,40.4703,-80.0704,Outbound,Bus,-15.7636375,27.209092499999997,Attractor,0.2663422826522774
N36440,0.30681820000000004,0.35454545,MT ROYAL BLVD OPP BRAUN ST,40.519,-79.9589,Outbound,Bus,-0.04772724999999994,0.66136365,Attractor,0.8653846777613422
S48600,5.4022725000000005,0.05,WEYMAN RD OPP VILLAGE LN,40.3597,-80.0007,Inbound,Bus,5.352272500000001,5.4522725,Generator,108.04545
X17730,4.615909,1.306818,SOUTHERN AVE OPP DEWITT ST,40.4246,-80.0103,Inbound,Bus,3.3090910000000004,5.922727,Generator,3.532174334911212
X13650,0.62272725,40.718180000000004,PIONEER AVE OPP BELLBROOK ST,40.4012,-80.018,Outbound,Bus,-40.09545275000001,41.34090725,Attractor,0.015293592444456012
S70037,1.1568182,1.6022725,BROWNSVILLE RD AT SYLVANIA DR,40.3218,-79.9952,Both,Bus,-0.44545429999999997,2.7590907,Attractor,0.7219859293597063
W11775,1.643182,0.0,LINDSAY RD AT WYNNECLIFF DR #2,40.3873,-80.0794,Inbound,Bus,1.643182,1.643182,Generator,
N53635,1.1727272499999999,5.8863635,WEST VIEW PLAZA FIRE LANE AT K-MART,40.5166,-80.0367,Both,Bus,-4.71363625,7.059090749999999,Attractor,0.19922779998211118
W03910,0.11590910000000001,1.7,CHARTIERS AVE OPP DUBOIS ST,40.4514,-80.0503,Outbound,Bus,-1.5840908999999999,1.8159091,Attractor,0.06818182352941178
E26430,4.1840910000000004,13.440909999999999,HAMILTON AVE AT BRUSHTON AVE,40.4527,-79.8893,Outbound,Bus,-9.256818999999998,17.625000999999997,Attractor,0.311295217362515
N08720,5.154545454545455,1.515909090909091,BEAVER ST OPP CAMP MEETING RD,40.5641,-80.2058,Inbound,Bus,3.638636363636364,6.670454545454547,Generator,3.4002998500749624
N71263,0.8363636363636364,1.736363636363635,PERRYSVILLE AVE OPP CONNIE DR,40.4963,-80.0199,Outbound,Bus,-0.8999999999999986,2.5727272727272714,Attractor,0.48167539267015747
E70264,2.65454555,2.1772728949999998,BRADDOCK AVE AT ELECTRIC AVE,40.4007,-79.8334,Inbound,Bus,0.47727265500000016,4.831818445,Generator,1.2192066305037064
E29190,0.045454545,24.647725,HIGHLAND AVE AT WELLESLEY AVE,40.4723,-79.9197,Outbound,Bus,-24.602270455000003,24.693179545,Attractor,0.0018441679708776366
E70896,0.24545454500000002,0.95,BUTLER ST AT BAKER ST FS,40.488,-79.9206,Outbound,Bus,-0.7045454549999999,1.195454545,Attractor,0.25837320526315793
S70575,0.0,0.0,LONG RUN RD OPP MARSHALL DR,40.323,-79.8209,Inbound,Bus,0.0,0.0,Balanced,
S11290,1.8272728999999999,18.115911,CENTURY SQUARE ENTRANCE RAMP AT MOUNTAINVIEW DR,40.3476,-79.9491,Outbound,Bus,-16.2886381,19.9431839,Attractor,0.10086563684266277
N71208,25.765909999999998,21.620455,AMBULATORY CARE CENTER DR AT BLDG #71,40.4946,-79.8891,Both,Bus,4.145454999999998,47.386365,Generator,1.1917376391939947
S32700,23.66136363636365,10.38181818181818,MATHIAS ST AT QUARRY ST,40.3523,-79.8432,Both,Bus,13.27954545454547,34.04318181818183,Generator,2.2791155866900192
E11180,13.325,0.525,BRYANT ST AT NEGLEY AVE,40.4772,-79.9236,Inbound,Bus,12.799999999999999,13.85,Generator,25.38095238095238
E55535,6.665909,0.70227275,VERONA RD OPP 2ND ST,40.5016,-79.8377,Inbound,Bus,5.96363625,7.36818175,Generator,9.49190894848191
E41830,43.78864,2.725,NEGLEY AVE AT HAYS ST,40.4699,-79.9271,Inbound,Bus,41.06364,46.51364,Generator,16.069225688073395
E58385,10.10227272727273,1.495454545454545,WM PENN HWY AT DUFF RD,40.4382,-79.7741,Inbound,Bus,8.606818181818186,11.597727272727274,Generator,6.755319148936175
N44990,1.2454545454545456,6.643181818181819,PITTSBURGH ST AT BLOCKDALE ST,40.5408,-79.8072,Outbound,Bus,-5.397727272727273,7.8886363636363654,Attractor,0.18747861785836467
E70261,0.025,0.1181818,MT CARMEL RD OPP DOLLMAN RD,40.4664,-79.8685,Inbound,Bus,-0.09318180000000001,0.1431818,Attractor,0.21153849408284525
E34660,1.5409090499999998,0.13863635,LEECHBURG RD AT #6503,40.4872,-79.8032,Inbound,Bus,1.4022726999999997,1.6795453999999999,Generator,11.114754896533267
E01760,1.829545275,40.6681825,FIFTH AVE AT THOMAS BLVD,40.4548,-79.9115,Both,Bus,-38.838637225,42.497727775,Attractor,0.04498714136044806
S70354,0.420454545,0.097727275,EAST PITTSBURGH-MCKEESPORT BLV AT #625,40.3743,-79.8277,Outbound,Bus,0.32272727,0.51818182,Generator,4.302325476690105
E13250,10.154545500000001,13.64091,CENTRE AVE AT BIGELOW BLVD,40.4512,-79.9545,Inbound,Bus,-3.4863644999999988,23.795455500000003,Attractor,0.7444184808784752
E70753,1.2295455,1.631818,OAKDENE ST AT STRANAHAN ST,40.4619,-79.8909,Outbound,Bus,-0.40227250000000003,2.8613635,Attractor,0.7534820059589978
E42920,6.015909,1.6522725,OAKWOOD ST AT BENNETT ST,40.4539,-79.8856,Inbound,Bus,4.3636365,7.668181499999999,Generator,3.6409908171926846
S33900,6.75,1.134091,MIDWAY DR AT #1F,40.3981,-79.8844,Both,Bus,5.615909,7.884091,Generator,5.951903330508752
N12570,1.1590909090909092,1.7818181818181842,BUTLER ST OPP ISABELLA ST,40.4945,-79.9465,Inbound,Bus,-0.622727272727275,2.940909090909093,Attractor,0.6505102040816318
N26858,0.0,0.0,HULTON RD OPP 9TH ST,40.5238,-79.8329,Outbound,Bus,0.0,0.0,Balanced,
N71260,0.11590909090909099,0.0,SAMPLE RD OPP EASTVIEW DR #1,40.5707,-80.0008,Inbound,Bus,0.11590909090909099,0.11590909090909099,Generator,
S00990,8.7,4.46818195,SECOND AVE AT TIPTON ST,40.4077,-79.9434,Both,Bus,4.231818049999999,13.16818195,Generator,1.947100654663358
S70511,3.979545454545455,0.9863636363636366,AGNEW RD AT LAFFERTY DR,40.3982,-79.9693,Inbound,Bus,2.993181818181818,4.965909090909092,Generator,4.034562211981567
N04200,2.375,0.0681818,9TH AVE AT CORBET ST,40.6049,-79.7535,Inbound,Bus,2.3068182,2.4431818,Generator,34.8333426222247
N52620,5.5045455,0.975,TROY HILL RD AT VINIAL ST,40.4569,-79.991,Inbound,Bus,4.5295455,6.4795454999999995,Generator,5.645687692307693
N70149,2.234091,24.29318,CASINO DR AT NORTH POINTE DR FS (BUS BAY),40.4484,-80.023,Inbound,Bus,-22.059089,26.527271,Attractor,0.0919637116260613
S30840,19.370454545454542,36.59090909090909,LYSLE BLVD AT LOCUST ST FS,40.3517,-79.8628,Both,Bus,-17.22045454545455,55.961363636363636,Attractor,0.5293788819875775
E18620,5.9136365,5.4045455,ELLSWORTH AVE AT NEVILLE ST,40.4482,-79.9476,Inbound,Bus,0.5090909999999997,11.318182,Generator,1.094196820065628
S46890,0.334090909090909,0.093181818181818,WALNUT ST AT 27TH AVE FS,40.3336,-79.8478,Inbound,Bus,0.240909090909091,0.427272727272727,Generator,3.5853658536585424
E30440,0.0,0.3136363636363635,HWY RT 286 AT #1610,40.4351,-79.7141,Outbound,Bus,-0.3136363636363635,0.3136363636363635,Attractor,0.0
E70365,88.25909,20.972724999999997,HIGHLAND AVE AT BAUM BLVD,40.4606,-79.925,Inbound,Bus,67.286365,109.231815,Generator,4.208279563099216
W00300,3.65,12.7090909090909,4TH AVE AT BROADWAY ST,40.5172,-80.1604,Outbound,Bus,-9.0590909090909,16.3590909090909,Attractor,0.28719599427753956
W24040,12.652272727272749,20.0681818181818,WASHINGTON AVE OPP KNOX AVE FS,40.4029,-80.0833,Outbound,Bus,-7.41590909090905,32.720454545454544,Attractor,0.630464326160817
N71290,0.0,0.0,BAKERSTOWN RD AT #1 COCHRAN DRVWY FS,40.667,-79.7065,Outbound,Bus,0.0,0.0,Balanced,
E29730,4.943182,4.0272725,HOMEWOOD AVE AT HAMILTON AVE,40.4545,-79.8976,Inbound,Bus,0.9159095000000006,8.970454499999999,Generator,1.227426750983451
S28470,0.911363645,0.5181817950000001,LEBANON CHURCH RD AT #4513,40.3523,-79.9035,Inbound,Bus,0.39318184999999994,1.42954544,Generator,1.7587720251731342
E58480,0.420454545,0.0,WM PENN HWY AT HAWTHORNE DR,40.4329,-79.8191,Inbound,Bus,0.420454545,0.420454545,Generator,
N45382,0.3590909,0.0,RAMAGE RD AT CHARLEMMA DR,40.4901,-80.0032,Inbound,Bus,0.3590909,0.3590909,Generator,
S48770,0.9500000000000001,12.218181999999999,WHITAKER WAY AT LARKSPUR ST,40.4035,-79.8904,Both,Bus,-11.268182,13.168181999999998,Attractor,0.07775297503343788
W18010,4.6204545,2.8477275,NOBLESTOWN RD OPP OBEY ST,40.438,-80.0495,Inbound,Bus,1.7727270000000002,7.4681820000000005,Generator,1.6225058401830934
N29120,2.1636365,10.161365,PARKER ST AT KOEHLER ST,40.4942,-79.9588,Outbound,Bus,-7.9977285,12.325001499999999,Attractor,0.2129277414992966
X70054,0.025,2.9068180000000003,BOGGS AVE AT SOFFEL ST,40.4197,-80.0114,Outbound,Bus,-2.8818180000000004,2.9318180000000003,Attractor,0.00860046965444689
N32380,22.54545454545455,23.4590909090909,MCINTYRE SQUARE AT GABRIEL BROTHERS,40.554,-80.0165,Both,Bus,-0.9136363636363498,46.00454545454545,Attractor,0.9610540592908356
E60150,1.22954545,0.704545445,YOST BLVD OPP MAIN ST,40.4083,-79.858,Inbound,Bus,0.525000005,1.9340908950000002,Generator,1.7451613075150887
P02865,132.390915,59.22954899999999,PENN AVE AT 8TH ST,40.4436,-79.9992,Outbound,Bus,73.16136600000002,191.620464,Generator,2.2352173405878886
S31390,5.15,0.15,MAIN ST AT LESLIE ST,40.3795,-79.9073,Inbound,Bus,5.0,5.300000000000001,Generator,34.333333333333336
W04150,0.2,2.752272727272725,CHARTIERS AVE EXT AT HOWARD ST,40.4679,-80.0841,Outbound,Bus,-2.552272727272725,2.9522727272727254,Attractor,0.07266721717588775
S08720,147.886365,61.37954774999999,BROWNSVILLE RD OPP KNOX AVE,40.4106,-79.9902,Inbound,Bus,86.50681725000001,209.26591275,Generator,2.409375279243566
W70014,13.375,14.656818181818181,CRAFTON INGRAM SC AT BANK (CITIZENS),40.4404,-80.0697,Both,Bus,-1.2818181818181813,28.03181818181818,Attractor,0.9125445805551249
E04635,0.1909091,0.2590909,AURELIUS ST AT MCCLURE AVE,40.4212,-79.8952,Both,Bus,-0.06818180000000001,0.45,Attractor,0.7368421662049882
E01370,66.13863500000001,5.9386364,FIFTH AVE OPP MCPHERSON ST FS,40.4555,-79.9109,Both,Bus,60.19999860000001,72.0772714,Generator,11.13700697352005
N70015,92.7568185,24.206818775000002,EAST OHIO ST AT NASH ST FS,40.4539,-79.9981,Outbound,Bus,68.54999972499999,116.963637275,Generator,3.831846694196602
N14620,7.1522725,17.868180000000002,N CHARLES ST AT PERRYSVILLE AVE,40.471,-80.0087,Outbound,Bus,-10.715907500000004,25.0204525,Attractor,0.4002798550272047
W22200,0.4340909,1.7999998000000001,STEUBENVILLE PIKE OPP PAUL LN,40.4458,-80.144,Outbound,Bus,-1.3659089000000002,2.2340907000000003,Attractor,0.24116163790684864
N42120,0.41136365,1.2613634999999999,PERRY HWY AT CEMETERY LN,40.5032,-80.0249,Outbound,Bus,-0.8499998499999999,1.6727271499999998,Attractor,0.32612617219382045
E55780,0.42272725,2.618182,VERONA RD OPP MAPLE AVE,40.4798,-79.8394,Outbound,Bus,-2.19545475,3.04090925,Attractor,0.1614583134403949
E42880,0.42727275,1.481818,OAKWOOD ST AT HAMILTON AVE,40.4519,-79.8848,Outbound,Bus,-1.05454525,1.90909075,Attractor,0.2883436089992158
E32755,0.89318185,5.340909,JOHNSTON AVE OPP #643,40.4048,-79.935,Both,Bus,-4.4477271499999995,6.23409085,Attractor,0.16723405135717537
E06160,0.047727275,0.67954545,BEECHWOOD BLVD AT #3911,40.4282,-79.9337,Outbound,Bus,-0.631818175,0.727272725,Attractor,0.07023411752664961
E70977,0.09318180000000001,0.965909,VERONA RD AT PELONE DR (VERONA ESTATES),40.4884,-79.8369,Outbound,Bus,-0.8727272,1.0590908,Attractor,0.09647057849134857
X13390,11.1613635,0.0,PIONEER AVE AT BELLAIRE AVE,40.3971,-80.0232,Inbound,Bus,11.1613635,11.1613635,Generator,
E44960,4.95,0.6727275,PARK HILL DR AT #2567,40.4566,-79.8718,Outbound,Bus,4.2772725000000005,5.6227275,Generator,7.358105622261614
N45670,95.28635,5.1363635,RHINE ST AT BUENTE ST,40.4666,-79.994,Inbound,Bus,90.1499865,100.4227135,Generator,18.551325271274123
E12030,25.522728999999998,58.236365,BUTLER ST AT MAIN ST,40.4697,-79.9609,Outbound,Bus,-32.713636,83.759094,Attractor,0.4382610247050962
E56030,11.7704545,80.5159125,WALLACE AVE AT WOOD ST,40.4445,-79.8842,Both,Bus,-68.745458,92.286367,Attractor,0.14618792900099095
N40830,0.37272724999999995,0.20454545,PARKER ST OPP HILL ST,40.4943,-79.9566,Outbound,Bus,0.16818179999999996,0.5772727,Generator,1.8222221516049366
S70441,13.31136363636365,10.988636363636349,CHURCHVIEW GARDEN APARTMENTS,40.3861,-79.938,Both,Bus,2.3227272727273007,24.299999999999997,Generator,1.2113753877973141
S48430,2.927272727272725,27.0159090909091,WEST ST AT 17TH AVE,40.4007,-79.9057,Outbound,Bus,-24.088636363636375,29.943181818181827,Attractor,0.10835366366618983
N25500,0.220454545,2.575,HENDERSON ST AT JAMES ST STEPS,40.4596,-80.0026,Outbound,Bus,-2.3545454550000002,2.795454545,Attractor,0.08561341553398058
S70293,17.2409090909091,13.64772727272725,STATE ST AT WALNUT AVE FS,40.3088,-79.8895,Inbound,Bus,3.593181818181849,30.88863636363635,Generator,1.263280599500419
N14160,16.14318,1.4704545,CENTER AVE AT PERRY HWY FS (STEPS),40.518,-80.0324,Inbound,Bus,14.6727255,17.6136345,Generator,10.978360772128617
E56210,7.584091,0.8409091,WARDSONS ST AT LEMINGTON AVE,40.4715,-79.898,Both,Bus,6.7431819,8.4250001,Generator,9.018918929525201
S01330,36.71136363636363,12.093181818181822,2ND ST AT KENNEDY AVE,40.3718,-79.8463,Both,Bus,24.618181818181807,48.80454545454545,Generator,3.0357075737643284
E19720,243.03864000000002,136.743175,FORBES AVE AT PRIDE ST (MERCY HOSPITAL),40.4376,-79.9853,Outbound,Bus,106.29546500000001,379.78181500000005,Generator,1.7773365288614953
S16090,28.745455,58.06818,E CARSON ST AT S 12TH ST,40.4287,-79.9866,Outbound,Bus,-29.322725,86.813635,Attractor,0.49502937753516646
E30275,0.025,0.5409091,JACKS RUN RD AT MCKEE RD,40.3441,-79.7985,Outbound,Bus,-0.5159091,0.5659091,Attractor,0.04621848661817669
W25350,1.247727272727273,0.7318181818181816,WASHINGTON PIKE OPP #1375,40.3794,-80.0959,Inbound,Bus,0.5159090909090914,1.9795454545454545,Generator,1.7049689440993798
P00610,132.85227450000002,320.85457499999995,FIFTH AVE AT SMITHFIELD ST,40.4401,-79.9984,Both,Bus,-188.00230049999993,453.7068495,Attractor,0.4140575975891883
S50330,8.786363636363635,1.75909090909091,YESTER SQ AT CRAWFORD VILLAGE PL,40.3505,-79.8391,Outbound,Bus,7.027272727272726,10.545454545454545,Generator,4.994832041343666
N40353,18.7090909090909,9.688636363636366,OHIO RIVER BLVD OPP RIVERVIEW AVE,40.4918,-80.0615,Inbound,Bus,9.020454545454534,28.397727272727266,Generator,1.9310344827586192
E39590,2.13409087,1.7159090949999998,MONONGAHELA AVE AT #2130,40.4174,-79.8877,Both,Bus,0.4181817750000003,3.849999965,Generator,1.2437085835249333
X08111,3.988636363636365,0.456818181818182,HIGHLAND RD AT OXFORD DR FS,40.349,-80.0506,Inbound,Bus,3.531818181818183,4.445454545454547,Generator,8.731343283582088
E70869,4.925,19.931820000000002,ELMORE ST AT ROSE ST FS,40.4437,-79.9766,Outbound,Bus,-15.006820000000001,24.856820000000003,Attractor,0.24709233777949025
S09630,7.9204545,28.040909999999997,BROWNSVILLE RD AT #2336,40.3882,-79.9848,Outbound,Bus,-20.1204555,35.961364499999995,Attractor,0.2824606797710916
E58100,4.468182,2.815909,WINTERBURN AVE AT GREENFIELD AVE,40.426,-79.9397,Outbound,Bus,1.6522729999999997,7.284091,Generator,1.5867636347623448
W07525,0.0,1.172727272727275,FOXCROFT RD AT SWALLOW HILL RD,40.3991,-80.0736,Outbound,Bus,-1.172727272727275,1.172727272727275,Attractor,0.0
W24610,2.168181818181818,0.18863636363636374,WASHINGTON PIKE AT BERAM AVE FS,40.3689,-80.1019,Inbound,Bus,1.9795454545454543,2.356818181818182,Generator,11.49397590361445
X70076,9.78181818181818,7.504545454545455,WEST LIBERTY AVE AT DORMONT AVE,40.3913,-80.0389,Inbound,Bus,2.2772727272727247,17.286363636363635,Generator,1.303452453058752
N70010,4.211363636363635,0.431818181818182,KENDALL AVE AT CEDAR AVE,40.4867,-80.0536,Inbound,Bus,3.779545454545453,4.643181818181817,Generator,9.752631578947362
N35550,67.86591,2.44545435,MT PLEASANT RD AT PENFORT ST,40.4771,-79.9997,Inbound,Bus,65.42045565,70.31136435,Generator,27.751861325892264
X01250,2.7863635,0.07272727500000001,BELTZHOOVER AVE AT EDGEMONT ST,40.4226,-79.9975,Inbound,Bus,2.713636225,2.8590907750000003,Generator,38.31249692773447
E14370,2.9977275,8.934091,CLARISSA ST AT CAMP ST,40.4527,-79.9585,Outbound,Bus,-5.936363500000001,11.9318185,Attractor,0.33553805305990275
X07030,0.5159091,6.606818,GRANDVIEW AVE OPP AUGUSTA ST,40.4398,-80.022,Outbound,Bus,-6.0909089,7.1227271,Attractor,0.07808737882593407
N31200,13.91818,1.1545455,LOWRIE ST AT CLAIM ST,40.4632,-79.983,Inbound,Bus,12.7636345,15.072725499999999,Generator,12.055116060822202
E32737,0.893181795,7.879545500000001,JOHNSTON AVE OPP #857,40.4061,-79.9307,Both,Bus,-6.9863637050000005,8.772727295000001,Attractor,0.11335448154972896
E33880,0.120454545,4.868182,LAKETON RD AT COLLINS RD,40.4534,-79.859,Outbound,Bus,-4.747727455,4.988636545,Attractor,0.024743229608096
X70057,1.3795455,12.647725000000001,GRANDVIEW AVE OPP COHASSETT ST,40.4379,-80.0182,Outbound,Bus,-11.2681795,14.027270500000002,Attractor,0.10907459641951418
E70750,0.87727275,0.92954545,TILDEN ST AT SILVERTON ST,40.4635,-79.8918,Outbound,Bus,-0.05227269999999995,1.8068182,Attractor,0.9437653102384612
E70979,14.977274999999999,18.938634999999998,HAYMAKER VILLAGE (SHOP N SAVE),40.3894,-79.7668,Both,Bus,-3.961359999999999,33.91591,Attractor,0.7908318102122989
E08840,14.677272727272705,0.35681818181818203,BRADDOCK AVE AT GREENDALE AVE FS,40.4288,-79.8917,Inbound,Bus,14.320454545454522,15.034090909090887,Generator,41.13375796178335
W20740,0.5318182,0.05,SILVER LANE AT FALCK RD FS,40.4629,-80.1394,Inbound,Bus,0.48181820000000003,0.5818182000000001,Generator,10.636364
E20550,29.922725,19.297729,FRANKSTOWN AVE AT MURTLAND ST,40.4585,-79.9009,Inbound,Bus,10.624996,49.220454000000004,Generator,1.5505827136446988
W04350,2.08181818181818,1.7590909090909101,CHARTIERS VALLEY SC DR AT GIANT EAGLE,40.3672,-80.1093,Both,Bus,0.32272727272726964,3.84090909090909,Generator,1.1834625322997396
N30350,77.30454545454545,9.915909090909105,LINCOLN AVE AT JACKSON AVE,40.4969,-80.0583,Inbound,Bus,67.38863636363634,87.22045454545456,Generator,7.796011918404756
E01440,9.9113635,5.477273,FIFTH AVE AT MOULTRIE ST,40.438,-79.9746,Outbound,Bus,4.4340905,15.3886365,Generator,1.8095434534667159
P02600,546.67273254,498.0659132,LIBERTY AVE OPP 9TH ST,40.4428,-79.9981,Both,Bus,48.60681933999996,1044.73864574,Generator,1.0975911381441632
E11710,49.145455,11.3113625,BUTLER ST AT 46TH ST,40.4729,-79.9588,Inbound,Bus,37.8340925,60.4568175,Generator,4.344786492343429
N14270,0.120454545,0.85227275,CENTER AVE AT YALE AVE,40.5167,-80.0444,Outbound,Bus,-0.731818205,0.972727295,Attractor,0.1413333290311112
E70960,5.5886365,11.184091,WESTINGHOUSE AVE AT HERMAN AVE,40.3918,-79.8098,Both,Bus,-5.595454500000001,16.772727500000002,Attractor,0.499695192036617
N45386,0.0,0.0,RAMAGE RD AT SPRING GARDEN RD,40.4925,-79.9964,Inbound,Bus,0.0,0.0,Balanced,
N71288,0.04772727272727275,0.07045454545454545,FREEPORT RD OPP ALTERMOOR DR,40.6558,-79.7073,Outbound,Bus,-0.0227272727272727,0.1181818181818182,Attractor,0.6774193548387101
N32850,0.02272727272727275,13.55,MCKNIGHT RD AT PERRYMONT RD FS,40.5583,-80.0233,Outbound,Bus,-13.527272727272727,13.572727272727274,Attractor,0.0016772895001677304
N20130,1.5636364999999999,11.479545000000002,FOREST AVE AT RAVENSWOOD AVE,40.5056,-80.0515,Outbound,Bus,-9.915908500000002,13.043181500000001,Attractor,0.13621066862841685
N12730,0.3977272727272727,39.1340909090909,CALIFORNIA AVE AT CHESTNUT ST,40.5001,-80.0655,Outbound,Bus,-38.73636363636363,39.531818181818174,Attractor,0.010163191822986238
N21820,1.3000000000000005,0.09772727272727275,FREEPORT RD AT #153,40.5678,-79.7762,Inbound,Bus,1.2022727272727278,1.3977272727272732,Generator,13.302325581395351
S01020,5.5545455,0.38636365,SECOND AVE OPP VESPUCIUS ST,40.4017,-79.9405,Inbound,Bus,5.16818185,5.9409091499999995,Generator,14.376470198477522
E70298,8.711363500000001,9.5545455,BRYN MAWR RD AT IOWA ST,40.4515,-79.9573,Outbound,Bus,-0.8431819999999988,18.265909,Attractor,0.9117506949964288
N70177,0.0,0.0,FOX CHAPEL RD OPP N MARGERY DR,40.4918,-79.8817,Inbound,Bus,0.0,0.0,Balanced,
E70246,6.0477275,0.7363636499999999,FRIENDSHIP AVE AT HOWLEY ST,40.4652,-79.9514,Outbound,Bus,5.311363849999999,6.78409115,Generator,8.212963119513029
S23640,6.672727272727272,37.80454545454549,HWY RT 51 AT DELCO RD,40.3708,-79.9823,Outbound,Bus,-31.13181818181822,44.47727272727276,Attractor,0.17650595166526373
E57380,0.0,0.19772727499999998,WILDWOOD AVE OPP VERONA ST,40.5033,-79.8394,Outbound,Bus,-0.19772727499999998,0.19772727499999998,Attractor,0.0
E35000,5.952273,8.8522725,LIBERTY AVE AT 28TH ST,40.4564,-79.9749,Inbound,Bus,-2.8999995,14.8045455,Attractor,0.6724005615507205
E34950,42.488637,37.8568185,LIBERTY AVE AT 25TH ST,40.4535,-79.9791,Inbound,Bus,4.631818499999994,80.3454555,Generator,1.1223509709353943
E14080,9.5022725,17.96818,CENTRE AVE OPP WATT ST,40.4465,-79.9683,Outbound,Bus,-8.4659075,27.4704525,Attractor,0.5288388974286767
X02335,0.48636365000000004,7.584091,BOWER HILL RD AT RUTH DR,40.3806,-80.0613,Outbound,Bus,-7.0977273499999995,8.07045465,Attractor,0.06412945862595795
E08350,58.6499975,7.720454200000001,BLVD OF ALLIES AT WARD ST,40.4346,-79.9545,Both,Bus,50.9295433,66.3704517,Generator,7.596702989313762
N50590,12.481819999999999,0.3159091,SPRING GARDEN AVE AT SPRING GARDEN LOOP,40.4664,-79.9853,Inbound,Bus,12.165910899999998,12.7977291,Generator,39.51079598530083
E70342,0.0,0.82954545,UNIVERSAL RD OPP DEERFIELD DR,40.4669,-79.7987,Outbound,Bus,-0.82954545,0.82954545,Attractor,0.0
E06585,11.98409,11.540909,JONES AVE AT BELL AVE,40.4033,-79.8629,Outbound,Bus,0.44318100000000094,23.524999,Generator,1.0384008746624724
E23440,22.1954545,20.965907,FRIENDSHIP AVE AT EDMOND ST,40.4629,-79.9477,Inbound,Bus,1.229547499999999,43.1613615,Generator,1.0586450898594562
S04190,16.1931818181818,29.16363636363635,ANN ST AT 8TH AVE,40.4078,-79.9091,Inbound,Bus,-12.970454545454551,45.35681818181815,Attractor,0.5552524937655856
N43680,1.9590910000000001,23.595455,PERRYSVILLE AVE AT RICHEY AVE,40.4867,-80.0162,Outbound,Bus,-21.636364,25.554546000000002,Attractor,0.0830283204964685
E70179,0.481818175,0.09545455000000001,EAST LIBERTY DIV DRVWY AT EMPLOYEE PARKING LOT,40.4566,-79.9114,Inbound,Bus,0.386363625,0.577272725,Generator,5.047618735827679
E49310,1.1545455,3.3977275,ROSE ST AT KIRKPATRICK ST,40.4444,-79.9757,Inbound,Bus,-2.243182,4.552273,Attractor,0.33979932175255373
S24013,5.5886365,6.9113635,HWY RT 51 AT PEP BOYS,40.3377,-79.9517,Outbound,Bus,-1.3227270000000004,12.5,Attractor,0.8086156226625903
N40080,2.95,0.7795454545454545,OHIO RIVER BLVD OPP MEMORIAL DR,40.5087,-80.0907,Inbound,Bus,2.170454545454546,3.7295454545454545,Generator,3.784256559766764
S14770,9.14090909090909,16.86136363636364,DUQUESNE BLVD AT COMMONWEALTH AVE,40.383,-79.8576,Both,Bus,-7.720454545454551,26.002272727272732,Attractor,0.5421215797277259
S70311,1.5863635,9.6454545,MICHIGAN ST AT BELTZHOOVER AVE,40.4159,-79.9973,Outbound,Bus,-8.059090999999999,11.231818,Attractor,0.16446747014357904
E29830,2.6977275,2.9863635000000004,HOMEWOOD AVE AT KELLY ST,40.4555,-79.897,Outbound,Bus,-0.28863600000000034,5.6840910000000004,Attractor,0.903348671385784
E55530,2.4386365,0.1431818,VERONA RD AT MAPLE AVE,40.48,-79.8393,Inbound,Bus,2.2954547,2.5818182999999997,Generator,17.03174914688878
E70766,2.2795456,1.3363636250000002,4TH AVE AT ANTISBURY ST,40.4127,-79.8794,Both,Bus,0.9431819749999999,3.6159092250000002,Generator,1.70578243627366
E42250,18.813638045,14.431818045000002,NOBLE ST AT DICKSON ST,40.4206,-79.8854,Inbound,Bus,4.381819999999999,33.245456090000005,Generator,1.3036221761067803
S08430,50.172729,9.8545453,BROWNSVILLE RD AT CRAILO AVE,40.3966,-79.9876,Inbound,Bus,40.3181837,60.027274299999995,Generator,5.091328668406446
E16500,4.884091,19.74091,DEVILLIERS ST AT WEBSTER AVE,40.4456,-79.9817,Outbound,Bus,-14.856819,24.625000999999997,Attractor,0.24740961789502106
N52600,3.3545455,0.1181818,TROY HILL RD AT PROVIDENCE ST FS,40.4576,-79.9894,Inbound,Bus,3.2363637,3.4727273,Generator,28.384620136095403
W21110,6.254545349999999,19.102273,STANHOPE ST AT W CARSON ST FS,40.4643,-80.0538,Outbound,Bus,-12.847727650000001,25.356818349999998,Attractor,0.32742414214266535
S42440,0.884090925,8.529545675,SOUTH BUSWAY AT INGLEWOOD SHELTER,40.3877,-79.9972,Outbound,Busway,-7.64545475,9.4136366,Attractor,0.10365041218915802
E44920,2.384091,5.7863635,PARK HILL DR AT #2350,40.4555,-79.8742,Inbound,Bus,-3.4022725,8.1704545,Attractor,0.4120188785236185
E58440,6.54318165,18.845456300000002,WM PENN HWY AT GRAHAM BLVD,40.4451,-79.8587,Outbound,Bus,-12.302274650000001,25.388637950000003,Attractor,0.34720208127833974
E70016,7.67272727272727,14.74772727272727,LINDEN AVE AT BEECH ST NS,40.3998,-79.8355,Outbound,Bus,-7.074999999999999,22.42045454545454,Attractor,0.5202650639543843
N37030,3.3613635000000004,0.05,MT TROY RD OPP KINKURA DR,40.4795,-79.9877,Inbound,Bus,3.3113635000000006,3.4113635,Generator,67.22727
S70338,1.0363636363636366,0.9590909090909099,MONONGAHELA AVE AT 1ST ST,40.3342,-79.8911,Inbound,Bus,0.07727272727272672,1.9954545454545465,Generator,1.0805687203791463
S08460,72.21591000000001,9.813636149999999,BROWNSVILLE RD AT E AGNEW AVE,40.3951,-79.9867,Inbound,Bus,62.40227385000001,82.02954615,Generator,7.35873114676256
S09620,114.67272999999999,24.136361499999996,BROWNSVILLE RD OPP PARKFIELD ST,40.3912,-79.9865,Inbound,Bus,90.5363685,138.8090915,Generator,4.7510363150634785
S23720,2.197727325,18.8181815,HWY RT 51 AT GLEN ELM DR,40.3567,-79.9805,Outbound,Bus,-16.620454175000003,21.015908825,Attractor,0.11678744436597126
E39220,1.14772727,4.063636450000001,MILLER AVE AT GAS ST,40.416,-79.8854,Both,Bus,-2.9159091800000008,5.2113637200000005,Attractor,0.2824384720734553
S70463,0.5681818000000001,0.993182,OLD ELIZABETH RD OPP WOODHILL RD,40.3477,-79.9335,Both,Bus,-0.42500019999999994,1.5613638,Attractor,0.5720822568270468
E70025,14.059090000000001,0.66136365,ALLEGHENY AVE AT PENNSYLVANIA AVE,40.5221,-79.8426,Inbound,Bus,13.397726350000001,14.720453650000001,Generator,21.25773014588873
E25353,21.76818,6.3090910000000004,GREENFIELD AVE AT LYDIA ST FS,40.4255,-79.9426,Inbound,Bus,15.459089,28.077271000000003,Generator,3.450287846537639
W16930,56.022725,8.181818,NOBLESTOWN RD AT POPLAR ST,40.4278,-80.0538,Inbound,Bus,47.840907,64.204543,Generator,6.847222096604936
S70469,14.140909090909096,39.706818181818214,WATERFRONT DR AT BRIDGE ST,40.4091,-79.9167,Both,Bus,-25.565909090909116,53.84772727272731,Attractor,0.3561330204338617
E08185,6.05227295,4.018181800000001,BLVD OF ALLIES OPP HALKET ST,40.4358,-79.9583,Both,Bus,2.034091149999999,10.07045475,Generator,1.5062217817023607
E36268,2.6613635,0.0681818,LINCOLN HWY AT ISAAC ST FS,40.3775,-79.8018,Inbound,Bus,2.5931817,2.7295453000000003,Generator,39.033341742224465
E21675,0.66363635,6.725,FRANKSTOWN RD AT PENN ARBORS DR FS,40.4642,-79.8396,Outbound,Bus,-6.06136365,7.38863635,Attractor,0.09868198513011153
E17294,2.85454542,150.4636385,EAST BUSWAY AT EAST LIBERTY STATION D,40.4595,-79.9228,Inbound,Busway,-147.60909308,153.31818392,Attractor,0.018971662844641364
N36220,0.35681817499999996,4.99090885,MT ROYAL BLVD AT SHAW PL,40.5294,-79.9656,Outbound,Bus,-4.634090675,5.347727025,Attractor,0.07149362685716049
W70165,0.70227275,0.87954545,GRAND AVE AT HUBERT ST (NEVILLE PARK-AND-RI,40.5131,-80.1351,Outbound,Bus,-0.17727269999999995,1.5818181999999998,Attractor,0.7984496423692489
N71182,0.0,0.0,FOX CHAPEL RD AT PARK ENTRANCE (BASEBALL FIELD),40.4969,-79.8825,Outbound,Bus,0.0,0.0,Balanced,
S02180,1.7477272727272748,2.75681818181818,5TH ST AT CRAWFORD AVE,40.3647,-79.8471,Inbound,Bus,-1.0090909090909053,4.504545454545455,Attractor,0.6339653751030514
E00180,1.025,14.6863635,28TH ST AT LIBERTY AVE,40.4562,-79.9748,Inbound,Bus,-13.6613635,15.711363500000001,Attractor,0.0697926345075144
E33100,17.947725249999998,5.515909125,KELLY AVE AT PITT ST,40.4405,-79.8894,Both,Bus,12.431816124999997,23.463634374999998,Generator,3.2538109028400637
N35850,0.120454545,1.3886364,MT ROYAL BLVD AT GRANDVIEW AVE,40.5502,-79.9715,Outbound,Bus,-1.268181855,1.509090945,Attractor,0.08674304159101691
N40010,3.863636363636365,13.111363636363649,OHIO RIVER BLVD AT THRIFT STORE,40.4952,-80.0659,Outbound,Bus,-9.247727272727284,16.975000000000016,Attractor,0.2946784538048187
N53645,0.145454545,0.9772725,WESTERN AVE AT ALLEGHENY AVE,40.4516,-80.0185,Outbound,Bus,-0.831817955,1.122727045,Attractor,0.1488372434505217
E19570,336.647723545,175.4340905,FORBES AVE AT MCKEE PL,40.4397,-79.9595,Both,Bus,161.21363304500002,512.081814045,Generator,1.9189413105829625
E08150,11.456818,47.904546,BLVD OF ALLIES AT DAWSON ST FS,40.4343,-79.9529,Both,Bus,-36.447728000000005,59.361364,Attractor,0.23915930650924025
E38030,7.20909090909091,0.718181818181818,MAIN ST AT HOWARD ST,40.3973,-79.8412,Inbound,Bus,6.490909090909092,7.927272727272728,Generator,10.037974683544308
W10166,2.134090909090909,24.65681818181819,INGRAM AVE AT MARCROSS AVE,40.4439,-80.0663,Outbound,Bus,-22.52272727272728,26.790909090909096,Attractor,0.08655175592220478
W21840,6.747727272727275,2.44090909090909,STEUBEN ST AT STRATMORE ST FS,40.4431,-80.0578,Inbound,Bus,4.306818181818185,9.188636363636364,Generator,2.7644320297951603
E44900,16.48182,2.9545455,PARK HILL DR AT #2101,40.453,-79.8743,Outbound,Bus,13.527274499999999,19.4363655,Generator,5.5784620680236605
S70229,10.42272727272727,0.12045454545454545,HOLLYROOD DR AT PROSPECT RD,40.3628,-79.9636,Inbound,Bus,10.302272727272724,10.543181818181816,Generator,86.52830188679243
W07840,0.0,0.13863635,GRAND AVE AT NEVILLE METALS,40.5062,-80.1068,Outbound,Bus,-0.13863635,0.13863635,Attractor,0.0
W22720,0.19772727499999998,9.659091,STEUBENVILLE PIKE OPP N FAYETTE VFD,40.4411,-80.2067,Outbound,Bus,-9.461363725,9.856818275,Attractor,0.020470588277923873
E20910,2.025,0.1409091,FRANKSTOWN RD OPP CRAB HOLLOW RD,40.4619,-79.8488,Inbound,Bus,1.8840909,2.1659091,Generator,14.370966814776333
N44600,4.356818181818184,3.7272727272727275,PITTSBURGH ST AT HILL AVE,40.5411,-79.8024,Inbound,Bus,0.6295454545454566,8.08409090909091,Generator,1.1689024390243907
S23900,1.90909090909091,0.240909090909091,HWY RT 51 AT WRAY LARGE RD,40.3004,-79.9225,Inbound,Bus,1.668181818181819,2.1500000000000012,Generator,7.924528301886794
P00930,1122.28865,1719.07275,7TH ST AT PENN AVE,40.4433,-80.0003,Both,Bus,-596.7841000000001,2841.3614,Attractor,0.6528453493314927
N20680,0.02272727272727275,0.0,FREEPORT RD AT BEACON ST,40.629,-79.7189,Inbound,Bus,0.02272727272727275,0.02272727272727275,Generator,
N08250,3.8318181818181802,0.390909090909091,BEAVER RD AT CHESTNUT RD,40.5503,-80.1905,Inbound,Bus,3.440909090909089,4.222727272727271,Generator,9.802325581395342
E10650,0.0,0.35,BROADWAY BLVD AT VALLEY RD,40.3979,-79.7921,Inbound,Bus,-0.35,0.35,Attractor,0.0
E70844,2.3727275,0.1409091,HAZELWOOD AVE AT GIDDINGS ST,40.4146,-79.9393,Outbound,Bus,2.2318184,2.5136366,Generator,16.83871020395418
S09290,43.79318000000001,11.1113635,BROWNSVILLE RD AT E WOODFORD AVE,40.393,-79.9865,Inbound,Bus,32.68181650000001,54.9045435,Generator,3.9412966734460633
W14570,5.9636365,1.6204545,MIDDLETOWN RD OPP MUTUAL ST,40.4502,-80.0654,Inbound,Bus,4.343182,7.584091,Generator,3.680224591310648
S50262,0.05,0.8204545454545455,WORTHINGTON AVE AT 13TH ST,40.2936,-79.8995,Outbound,Bus,-0.7704545454545455,0.8704545454545456,Attractor,0.06094182825484764
E02931,0.025,0.865909,AIKEN AVE AT ROSETTA ST,40.4671,-79.935,Outbound,Bus,-0.840909,0.8909090000000001,Attractor,0.028871394107232978
E27220,11.309091599999999,1.8704545499999998,HARRIET ST AT 5TH AVE,40.4146,-79.8833,Both,Bus,9.438637049999999,13.179546149999998,Generator,6.046172894176979
S23600,7.0113636363636385,11.720454545454544,HWY RT 51 AT OLD CLAIRTON RD,40.3669,-79.9843,Outbound,Bus,-4.709090909090905,18.731818181818184,Attractor,0.5982160170641848
X70030,4.327272727272725,0.306818181818182,VILLAGE DR AT SOUTH HILLS VILLAGE PARKING GA,40.34,-80.0536,Inbound,Bus,4.020454545454544,4.634090909090907,Generator,14.10370370370369
W70151,0.70227275,0.42727275,CORAOPOLIS RD AT #285,40.502,-80.1207,Both,Bus,0.275,1.1295454999999999,Generator,1.6436169870416497
E70390,0.222727275,3.0409091000000004,LEECHBURG RD OPP BARCKHOFF ST,40.4937,-79.7892,Outbound,Bus,-2.8181818250000004,3.2636363750000004,Attractor,0.0732436477630982
E70894,0.43409090000000006,0.1681818,ROBINSON BLVD OPP W'BURG-PENN JOINT WATER AUTHOR,40.4578,-79.8649,Outbound,Bus,0.26590910000000006,0.6022727000000001,Generator,2.581081306062844
W10340,0.045454545,2.065909,ISLAND AVE AT #1470,40.4869,-80.0763,Outbound,Bus,-2.020454455,2.111363545,Attractor,0.02200220096819366
N36970,0.58863635,0.19545454499999998,MT TROY RD OPP GEYER RD,40.4935,-79.9949,Inbound,Bus,0.39318180500000005,0.7840908950000001,Generator,3.0116278442130886
E70030,8.936363499999999,0.0681818,ALLEGHENY AVE OPP COLLEGE AVE,40.5141,-79.8436,Inbound,Bus,8.8681817,9.004545299999998,Generator,131.06669961778655
S31590,2.3272725000000003,13.51591,MAIN ST AT VIRGINIA AVE,40.386,-79.903,Outbound,Bus,-11.188637499999999,15.843182500000001,Attractor,0.17218762924582956
N15521,0.0,1.9363635000000001,CONNIE DR AT PERRY HWY,40.4963,-80.0203,Outbound,Bus,-1.9363635000000001,1.9363635000000001,Attractor,0.0
N43810,0.16363634999999999,6.1045455,PERRYSVILLE AVE AT #3436,40.4832,-80.013,Outbound,Bus,-5.94090915,6.26818185,Attractor,0.026805656539049462
S33280,17.911365,6.9954545,MCKINLEY ST AT BROWNSVILLE RD FS,40.4089,-79.9915,Both,Bus,10.915910499999999,24.9068195,Generator,2.560429061471274
X02620,0.1659091,1.8886365,BOWER HILL RD OPP PAT HAVEN DR,40.3734,-80.0755,Outbound,Bus,-1.7227274000000001,2.0545456,Attractor,0.08784596718320334
E70747,2.081818,2.490909,MINGO ST AT VANN RD,40.4651,-79.8928,Outbound,Bus,-0.40909099999999965,4.572727,Attractor,0.8357663808673863
S28000,1.936363636363638,9.98409090909091,LEBANON CHURCH RD AT PGH-MCKEESPORT BLVD,40.356,-79.8995,Outbound,Bus,-8.047727272727272,11.920454545454547,Attractor,0.19394491236057382
W22520,0.497727275,0.175,STEUBENVILLE PIKE AT SUNSET DR,40.4508,-80.1385,Inbound,Bus,0.32272727500000004,0.672727275,Generator,2.8441558571428573
S70381,0.09545454545454546,0.068181818181818,RAVENSBURG BLVD OPP CLAIRTON MUNICIPAL COMPLEX,40.2958,-79.8938,Outbound,Bus,0.027272727272727462,0.16363636363636347,Generator,1.400000000000004
E17297,941.1545000000001,104.20681775,EAST BUSWAY AT WILKINSBURG STATION C,40.4469,-79.8886,Inbound,Busway,836.9476822500001,1045.3613177500001,Generator,9.031601965409793
X18570,0.27272725,6.0386365,VANADIUM RD AT ELMBROOK LN,40.3696,-80.0861,Outbound,Bus,-5.76590925,6.31136375,Attractor,0.04516371369596431
E70242,0.8477275,24.915909999999997,GROSS ST AT FRIENDSHIP AVE,40.4623,-79.9445,Inbound,Bus,-24.068182499999995,25.763637499999998,Attractor,0.034023541584473536
S01140,1.368182,5.1886365,SECOND AVE OPP JOHNSTON AVE,40.4062,-79.9431,Outbound,Bus,-3.8204545000000003,6.5568185,Attractor,0.2636881577655324
E26060,0.295454545,0.3931818,GROVE RD AT WESTMINSTER DR,40.4732,-79.868,Both,Bus,-0.09772725500000001,0.688636345,Attractor,0.7514451202980402
E59230,9.956818,0.2659091,WM PENN HWY OPP PENN CENTER BLVD,40.4301,-79.8117,Inbound,Bus,9.6909089,10.2227271,Generator,37.44444248053188
W13380,1.018182,0.35227275,MCCOY RD AT #723,40.4808,-80.0814,Inbound,Bus,0.6659092499999999,1.37045475,Generator,2.890322910301747
N24000,6.679545454545455,1.5113636363636365,GRANT AVE AT EAST OHIO ST,40.4778,-79.9695,Inbound,Bus,5.168181818181818,8.190909090909091,Generator,4.419548872180451
E26460,9.1704545,1.2818182,HAMILTON AVE AT DALLAS AVE,40.4563,-79.9046,Inbound,Bus,7.8886363,10.4522727,Generator,7.1542551822091465
P00760,120.80909225000002,9.079545125,6TH ST AT FT DUQUESNE BLVD,40.4439,-80.0026,Outbound,Bus,111.72954712500002,129.88863737500003,Generator,13.305632670667523
N39560,0.22272727272727277,1.15,OHIO RIVER BLVD AT BRIGHTON RD,40.505,-80.0848,Outbound,Bus,-0.9272727272727271,1.3727272727272726,Attractor,0.1936758893280633
X70067,0.045454545,1.25,LABELLE ST AT SYCAMORE ST,40.4331,-80.0163,Outbound,Bus,-1.204545455,1.295454545,Attractor,0.036363636
S32920,0.0,2.4681818181818196,BLOSSOM DR AT MCANULTY RD,40.3438,-79.9972,Outbound,Bus,-2.4681818181818196,2.4681818181818196,Attractor,0.0
S06500,2.661363636363635,0.0,BLOSSOM RD AT MCANULTY RD,40.3439,-79.9969,Inbound,Bus,2.661363636363635,2.661363636363635,Generator,
S40020,0.075,0.55454545,PROVOST RD AT WHITEHALL CIR,40.3671,-79.9936,Outbound,Bus,-0.47954545,0.62954545,Attractor,0.13524590274791723
S06490,0.0,3.0931818181818196,BLOSSOM RD AT LAUREL DR,40.3434,-79.9943,Outbound,Bus,-3.0931818181818196,3.0931818181818196,Attractor,0.0
N20720,1.5431819999999998,0.170454545,FREEPORT RD AT BOYD AVE,40.4982,-79.8546,Inbound,Bus,1.3727274549999997,1.713636545,Generator,9.053334424142223
W03300,3.4272725,0.575,CHARTIERS AVE OPP CORLISS ST,40.4505,-80.0456,Inbound,Bus,2.8522724999999998,4.0022725,Generator,5.9604739130434785
W16340,8.656818,21.445455000000003,NOBLESTOWN RD AT CRAFTON BLVD FS,40.4375,-80.0538,Outbound,Bus,-12.788637000000003,30.102273000000004,Attractor,0.4036667909354219
E70864,0.19545454499999998,2.4636365,FORWARD AVE AT BEECHWOOD BLVD,40.4279,-79.9162,Outbound,Bus,-2.2681819549999997,2.659091045,Attractor,0.07933578878215192
X19930,5.729545454545455,0.784090909090909,WEST LIBERTY AVE AT BLAINE ST,40.3968,-80.0305,Inbound,Bus,4.945454545454546,6.513636363636365,Generator,7.307246376811596
N15110,0.6886363636363635,0.02272727272727275,CHURCH AVE AT DICKSON AVE,40.5075,-80.0814,Inbound,Bus,0.6659090909090908,0.7113636363636362,Generator,30.299999999999965
N13970,2.3613635,2.909091,CENTER AVE AT OAKWOOD AVE,40.5143,-80.0242,Outbound,Bus,-0.5477275000000001,5.2704545,Attractor,0.8117186777587913
N35670,4.6431819999999995,1.6,MT ROYAL BLVD AT CAMPBELL PL,40.5266,-79.9635,Inbound,Bus,3.0431819999999994,6.243181999999999,Generator,2.9019887499999997
P00600,659.4795418,159.2022735,FIFTH AVE AT SMITHFIELD ST,40.4401,-79.9988,Both,Bus,500.2772683,818.6818152999999,Generator,4.142400276714642
E55070,0.0,2.6477275000000002,UNIVERSAL RD AT JOSLYN DR,40.4631,-79.8027,Outbound,Bus,-2.6477275000000002,2.6477275000000002,Attractor,0.0
S46960,0.7,0.331818181818182,WALNUT ST AT 31ST AVE,40.331,-79.8435,Inbound,Bus,0.36818181818181794,1.031818181818182,Generator,2.109589041095889
E70812,10.222726999999999,35.1545459,EAST LIBERTY BLVD AT HIGHLAND AVE,40.4658,-79.9218,Outbound,Bus,-24.931818900000003,45.3772729,Attractor,0.29079388563514336
E70255,11.6954545,2.75,ROBINSON BLVD AT FRANKSTOWN RD FS,40.4607,-79.8665,Outbound,Bus,8.9454545,14.4454545,Generator,4.252892545454546
E23630,18.993184,34.93182,FRIENDSHIP AVE AT EDMOND ST,40.4626,-79.9479,Outbound,Bus,-15.938636000000002,53.925004,Attractor,0.5437215696176151
S38370,10.184091,7.009091,PENN AVE AT SCHOOL WAY FS,40.4139,-79.9872,Outbound,Bus,3.1750000000000007,17.193182,Generator,1.4529831329055367
S70505,0.9886363636363635,0.0,CUSTER AVE AT EDWARD DR,40.3955,-79.9684,Inbound,Bus,0.9886363636363635,0.9886363636363635,Generator,
X70085,2.0454545,17.461365,SHIRE PL AT BREINING ST,40.3884,-80.0071,Both,Bus,-15.4159105,19.5068195,Attractor,0.11714172975594977
N50580,0.3318182,2.9454545,SPRING GARDEN AVE OPP SPRING GARDEN LOOP,40.4666,-79.9852,Outbound,Bus,-2.6136363,3.2772726999999997,Attractor,0.11265432889898656
E13730,8.5113635,8.9772725,CENTRE AVE AT REED ST,40.4454,-79.9711,Outbound,Bus,-0.4659089999999999,17.488636,Attractor,0.9481012746354753
P01260,85.70909,5.2022731,BLVD OF ALLIES AT SMITHFIELD ST,40.4378,-80.0004,Outbound,Bus,80.5068169,90.9113631,Generator,16.475315377041625
S38460,0.34772725,1.7863635,PENNSYLVANIA AVE AT CARNEGIE ST,40.3622,-79.8561,Inbound,Bus,-1.43863625,2.13409075,Attractor,0.1946564906862461
W24400,21.67272727272729,0.3340909090909092,WASHINGTON AVE AT STATION ST NS,40.3581,-80.1124,Inbound,Bus,21.33863636363638,22.0068181818182,Generator,64.87074829931976
E26450,0.13863635,0.5568182,HAMILTON AVE AT EAST LIBERTY BLVD,40.4598,-79.9155,Outbound,Bus,-0.4181818500000001,0.69545455,Attractor,0.24897955921699394
W11735,0.0,2.0886365000000002,LINDSAY RD AT WYNNECLIFF DR #2,40.3838,-80.0803,Outbound,Bus,-2.0886365000000002,2.0886365000000002,Attractor,0.0
W25450,0.6363636363636365,5.911363636363639,WASHINGTON PIKE OPP VANADIUM RD,40.3705,-80.1007,Outbound,Bus,-5.275000000000002,6.5477272727272755,Attractor,0.10765090349865433
N14990,3.259091,14.422725,CHESTNUT ST AT PROGRESS ST FS,40.4533,-79.9928,Inbound,Bus,-11.163634,17.681816,Attractor,0.22596915631408074
E50170,3.0727275,0.55,SALTSBURG RD OPP STOTLER RD,40.4827,-79.8095,Inbound,Bus,2.5227275000000002,3.6227275,Generator,5.586777272727272
X08843,14.520455,2.0204545,KANE BLVD AT GREEN COMMONS DR,40.3753,-80.0879,Inbound,Bus,12.5000005,16.5409095,Generator,7.186727045820631
N10920,11.96818,38.94091,BRIGHTON RD OPP WADLOW ST,40.4753,-80.0302,Outbound,Bus,-26.972730000000002,50.909090000000006,Attractor,0.3073420728996831
E27640,0.5704545454545455,8.029545454545456,HAYMAKER RD AT CLOVER DR,40.4422,-79.7601,Outbound,Bus,-7.459090909090911,8.600000000000001,Attractor,0.07104443815454288
N71243,5.040909,0.272727275,CORBET ST AT 2ND AVE,40.6013,-79.7513,Inbound,Bus,4.768181725,5.313636275,Generator,18.483332845972228
N24150,4.524999999999998,18.90909090909091,GRANT AVE OPP WILSON ST,40.5041,-79.949,Outbound,Bus,-14.384090909090911,23.43409090909091,Attractor,0.2393028846153845
W10530,1.2636365,0.045454545,ISLAND AVE OPP #1470,40.4868,-80.0763,Inbound,Bus,1.2181819550000001,1.309091045,Generator,27.800003278000034
W22640,0.3090909,3.2659089999999997,STEUBENVILLE PIKE OPP DEVASSIE RD,40.4457,-80.1512,Outbound,Bus,-2.9568180999999996,3.5749999,Attractor,0.09464161432544509
N13150,16.220455,8.3227275,CALIFORNIA AVE OPP FALCK AVE,40.4781,-80.0406,Inbound,Bus,7.897727500000002,24.5431825,Generator,1.9489350095867013
X06790,0.0681818,3.0522725,GILKESON RD OPP OLD GILKESON RD,40.3592,-80.0604,Outbound,Bus,-2.9840907,3.1204543,Attractor,0.02233804485018949
E56380,14.902275,0.7636363500000001,WASHINGTON BLVD AT NEGLEY RUN BLVD FS,40.47,-79.9087,Inbound,Bus,14.138638649999999,15.66591135,Generator,19.514884277051504
X70084,0.16363634999999999,1.2954545,VILLAGE DR AT WASHINGTON RD FS,40.3427,-80.0597,Outbound,Bus,-1.13181815,1.45909085,Attractor,0.12631578337950117
N17765,58.6204522,61.674997000000005,EAST OHIO ST OPP UNION PL,40.453,-80.0029,Outbound,Bus,-3.054544800000002,120.29544920000001,Attractor,0.9504735314377072
N71235,0.047727275,2.090909,CORBET ST AT 9TH AVE,40.6048,-79.7535,Outbound,Bus,-2.0431817249999997,2.138636275,Attractor,0.022826089035916916
E40990,2.8954547749999997,0.022727275,MT CARMEL RD OPP PERSHING ST,40.4657,-79.8763,Inbound,Bus,2.8727275,2.9181820499999995,Generator,127.39999736000024
S70625,0.19772727272727275,1.4363636363636352,BROWNSVILLE RD AT SUNNY DR,40.345,-79.9857,Outbound,Bus,-1.2386363636363624,1.634090909090908,Attractor,0.1376582278481014
E08550,22.238636363636353,2.947727272727275,BRADDOCK AVE AT 4TH ST,40.4049,-79.8711,Inbound,Bus,19.29090909090908,25.186363636363627,Generator,7.544333076329983
E41940,5.3431815,23.4431835,NEGLEY AVE AT RURAL ST,40.4655,-79.9294,Outbound,Bus,-18.100002,28.786365,Attractor,0.2279204741966892
E58040,0.0909091,0.09318180000000001,WILTSIE ST OPP #6903,40.4738,-79.8977,Both,Bus,-0.0022727000000000025,0.1840909,Attractor,0.975610044021472
W00290,0.7272727272727275,2.945454545454545,4TH AVE OPP ARCH ST,40.5156,-80.1561,Outbound,Bus,-2.2181818181818174,3.6727272727272724,Attractor,0.2469135802469137
W23187,0.570454545,1.6795455000000001,SWALLOW HILL RD AT HOPE HOLLOW RD,40.3912,-80.0742,Outbound,Bus,-1.109090955,2.250000045,Attractor,0.3396481637442987
S08400,50.709095000000005,6.5431818,BROWNSVILLE RD AT CLIFTON BLVD,40.3869,-79.9818,Inbound,Bus,44.165913200000006,57.252276800000004,Generator,7.749913811045263
E43740,18.972727272727276,1.0863636363636364,OLD WILLIAM PENN HWY AT GOOD SHEPHERD CHURCH,40.4438,-79.7577,Inbound,Bus,17.88636363636364,20.059090909090912,Generator,17.464435146443517
E18520,10.540909,65.652275,ELLSWORTH AVE AT FILBERT ST,40.4538,-79.9344,Outbound,Bus,-55.111366000000004,76.193184,Attractor,0.1605566448382786
N71334,0.0,2.8590909090909102,CENTER AVE AT MILLER AVE,40.5132,-80.0936,Outbound,Bus,-2.8590909090909102,2.8590909090909102,Attractor,0.0
E10620,0.0,0.0,BROADWAY BLVD AT MAWCO DR,40.3984,-79.7888,Inbound,Bus,0.0,0.0,Balanced,
E10220,1.225,0.790909090909091,BRINTON RD AT RIDGE RD,40.4199,-79.8589,Inbound,Bus,0.4340909090909091,2.015909090909091,Generator,1.5488505747126435
N41680,0.093181818181818,0.0,PENN ST AT PACIFIC AVE,40.6123,-79.741,Outbound,Bus,0.093181818181818,0.093181818181818,Generator,
N51620,0.25227275,1.7704545,SUNSET AVE AT NORRIS ST,40.4712,-80.0007,Outbound,Bus,-1.51818175,2.02272725,Attractor,0.14249038876740408
E49690,0.16363634999999999,0.0,SALTSBURG RD AT CRESTVIEW DR,40.4759,-79.7782,Inbound,Bus,0.16363634999999999,0.16363634999999999,Generator,
E16580,8.211363500000001,2.209091,DOBSON ST AT HANCOCK ST,40.4575,-79.9659,Outbound,Bus,6.002272500000001,10.420454500000002,Generator,3.717077974605845
W07930,0.0,0.09318180000000001,GRAND AVE OPP CALGON CARBON,40.5091,-80.119,Outbound,Bus,-0.09318180000000001,0.09318180000000001,Attractor,0.0
E17580,7.406818181818185,0.168181818181818,EDGEWOOD AVE AT LLOYD AVE,40.4278,-79.8848,Inbound,Bus,7.238636363636367,7.575000000000003,Generator,44.04054054054061
E23450,9.4477275,2.8113635,FRIENDSHIP AVE AT EVALINE ST,40.4622,-79.9415,Inbound,Bus,6.636363999999999,12.259091,Generator,3.360549960899755
E51260,3.381818,2.0931819999999997,SHADY AVE AT AYLESBORO AVE,40.4402,-79.9195,Inbound,Bus,1.2886360000000003,5.475,Generator,1.6156349519535331
W16570,3.3522724999999998,0.3,NOBLESTOWN RD AT MANSFIELD AVE FS,40.4171,-80.0662,Inbound,Bus,3.0522725,3.6522724999999996,Generator,11.174241666666667
E53070,4.0886365,1.056818,STANTON AVE OPP MCCANDLESS AVE NS,40.4817,-79.9408,Inbound,Bus,3.0318185,5.1454545,Generator,3.8688179989364295
E51037,0.406818175,8.879545499999999,SAVANNAH AVE AT WHITNEY AVE,40.4366,-79.894,Outbound,Bus,-8.472727325,9.286363674999999,Attractor,0.04581520247855029
E23620,0.9727275,16.622725,FRIENDSHIP AVE AT WINEBIDDLE ST,40.4623,-79.9433,Outbound,Bus,-15.6499975,17.5954525,Attractor,0.058517932529113005
N13200,11.06818,3.206818,CALIFORNIA AVE OPP PERROTT ST FS,40.4851,-80.0417,Inbound,Bus,7.861362,14.274998,Generator,3.4514524990192768
W23105,0.095454545,2.009091,SUMMIT PARK DR OPP QUINN DR,40.4478,-80.1784,Outbound,Bus,-1.9136364550000002,2.104545545,Attractor,0.0475113098411172
X02530,0.0,0.7340909,BOWER HILL RD OPP CLEMSON DR,40.3726,-80.0764,Outbound,Bus,-0.7340909,0.7340909,Attractor,0.0
W22830,0.0,0.66136365,STEUBENVILLE PIKE OPP PALOMINO DR,40.4417,-80.1983,Outbound,Bus,-0.66136365,0.66136365,Attractor,0.0
E32400,28.259089000000003,3.0750001,JANCEY ST AT MARTHA ST,40.485,-79.9278,Inbound,Bus,25.184088900000003,31.334089100000003,Generator,9.189947343416348
N36210,1.0568182,0.7090909,MT ROYAL BLVD AT SHAW PL,40.5297,-79.9658,Inbound,Bus,0.34772729999999996,1.7659091,Generator,1.4903846601331365
S02750,16.57727272727272,11.075000000000001,8TH AVE AT HEISEL ST,40.4091,-79.904,Both,Bus,5.50227272727272,27.652272727272724,Generator,1.4968192078801552
E04290,0.04545454545454545,1.2772727272727271,ARDMORE BLVD AT LAFAYETTE RD,40.4297,-79.8639,Outbound,Bus,-1.2318181818181817,1.3227272727272725,Attractor,0.03558718861209965
S70404,0.6727272727272725,0.886363636363635,LEWIS RUN RD AT ANNHURST APTS,40.3268,-79.9389,Inbound,Bus,-0.21363636363636251,1.5590909090909075,Attractor,0.7589743589743598
N19530,0.215909090909091,0.075,FERGUSON RD AT GUYTON RD,40.5649,-79.9928,Inbound,Bus,0.14090909090909098,0.290909090909091,Generator,2.8787878787878802
W13220,0.7204545454545455,3.454545454545455,MCCOY RD AT EWING RD FS,40.4805,-80.0895,Outbound,Bus,-2.7340909090909093,4.175000000000001,Attractor,0.20855263157894735
E28300,12.86363636363634,0.5045454545454545,HAYMAKER RD OPP CLOVER DR,40.4424,-79.7602,Inbound,Bus,12.359090909090886,13.368181818181794,Generator,25.49549549549545
E70806,16.770455,4.7204545,STANTON AVE AT EUCLID AVE,40.4704,-79.9232,Inbound,Bus,12.0500005,21.490909499999997,Generator,3.552720400122488
S30600,6.588636363636366,15.409090909090905,LYSLE BLVD AT CENTER ST,40.3525,-79.8531,Both,Bus,-8.820454545454538,21.99772727272727,Attractor,0.42758112094395306
S70264,2.759091,3.3863635,BAUSMAN AVE AT BERND ST,40.4142,-79.9971,Outbound,Bus,-0.6272724999999997,6.1454545,Attractor,0.8147651603261139
E38340,1.193181818181818,2.5818181818181802,MALL BLVD AT TGI FRIDAY,40.4338,-79.7884,Outbound,Bus,-1.3886363636363623,3.774999999999998,Attractor,0.46214788732394385
X03110,4.243182,81.92727500000001,BROOKLINE BLVD AT PIONEER AVE FS (#506),40.3959,-80.0231,Outbound,Bus,-77.684093,86.17045700000001,Attractor,0.051792055820238124
W00870,12.08182,9.597725,ALLENDALE ST AT TWEED ST,40.4566,-80.0624,Both,Bus,2.484095,21.679545,Generator,1.2588212310729887
W16120,2.8477275,12.381817999999999,NOBLESTOWN RD AT ALTER ST,40.4139,-80.0732,Outbound,Bus,-9.5340905,15.229545499999999,Attractor,0.22999267958873246
E39610,40.834092399999996,3.88409095,MONONGAHELA AVE AT SCHOYER AVE,40.4235,-79.8913,Both,Bus,36.950001449999995,44.71818335,Generator,10.513165867035115
S70457,0.21363635,0.38636365,OLD ELIZABETH RD AT LEBANON SCHOOL RD,40.3481,-79.9293,Both,Bus,-0.1727273,0.6,Attractor,0.5529411216609016
S44730,11.068181818181795,22.606818181818166,ST CLAIR AVE AT 3RD ST,40.2922,-79.882,Both,Bus,-11.538636363636371,33.67499999999996,Attractor,0.4895948527194122
N25360,0.55,2.0772725000000003,HAZELTON ST AT N CHARLES ST,40.4712,-80.0072,Outbound,Bus,-1.5272725000000003,2.6272725,Attractor,0.26477026966851963
W19495,88.497729,87.88181585,PARK MANOR DR AT ROBINSON PLAZA,40.4492,-80.163,Both,Bus,0.6159131500000115,176.37954485,Generator,1.0070084253954341
P01330,28.765911499999998,274.504545,BLVD OF ALLIES AT WOOD ST,40.4384,-80.0017,Inbound,Bus,-245.73863350000002,303.2704565,Attractor,0.10479211373349026
E04810,4.3363635,7.3772725,BAUM BLVD AT CRAIG ST FS,40.454,-79.9527,Outbound,Bus,-3.040909,11.713636000000001,Attractor,0.5878003693099313
E58850,0.38636365,6.5,WM PENN HWY AT STROSCHEIN RD,40.4385,-79.7698,Outbound,Bus,-6.11363635,6.88636365,Attractor,0.05944056153846154
E39575,2.154545545,60.6977273,MONONGAHELA AVE AT MCCLURE AVE,40.4231,-79.8912,Both,Bus,-58.543181755,62.852272844999995,Attractor,0.035496313302656395
W06670,0.025,0.04772727272727275,FAIRHAVEN RD OPP #63,40.4705,-80.1001,Outbound,Bus,-0.02272727272727275,0.07272727272727275,Attractor,0.5238095238095236
E70019,0.31590910000000005,10.177273,EDGEWOOD AVE AT BRADDOCK AVE NS,40.4236,-79.8863,Outbound,Bus,-9.861363899999999,10.4931821,Attractor,0.031040643205699606
N12955,16.64318,3.090909,CALIFORNIA AVE AT POST OFFICE,40.459,-80.0202,Inbound,Bus,13.552271000000001,19.734089,Generator,5.384558393663482
S04260,21.85,49.00909,ARLINGTON AVE AT S 18TH ST,40.4176,-79.9862,Outbound,Bus,-27.15909,70.85909000000001,Attractor,0.4458356602826129
S27220,49.05227272727275,8.770454545454545,KEEPORT DR AT KNOEDLER RD,40.342,-79.9812,Inbound,Bus,40.28181818181821,57.82272727272729,Generator,5.592899714952063
X19970,19.15,5.5931820000000005,WEST LIBERTY AVE AT BROOKLINE BLVD FS,40.3985,-80.0258,Inbound,Bus,13.556817999999998,24.743181999999997,Generator,3.423811347458387
W20470,0.0,1.406818,ROSELEAF DR AT FOXCROFT RD,40.3983,-80.0731,Outbound,Bus,-1.406818,1.406818,Attractor,0.0
X04060,0.097727275,0.61136365,CEDAR BLVD AT LINDENDALE DR,40.3677,-80.0614,Outbound,Bus,-0.513636375,0.709090925,Attractor,0.15985130126725722
S70333,8.347727272727269,5.14318181818182,MONONGAHELA AVE AT 7TH ST,40.3242,-79.8924,Inbound,Bus,3.204545454545449,13.490909090909089,Generator,1.6230667255855047
W70135,3.35681818181818,0.49772727272727274,STEUBEN ST AT MCCORMICK AVE,40.4398,-80.078,Inbound,Bus,2.8590909090909076,3.8545454545454527,Generator,6.744292237442919
W10630,6.556818,9.2272725,ISLAND AVE OPP TUNNEL WAY,40.4771,-80.0661,Outbound,Bus,-2.6704545,15.7840905,Attractor,0.7105911308027372
E17970,7.347727,1.4227275000000001,ELECTRIC AVE AT NORTH AVE,40.4055,-79.8391,Inbound,Bus,5.9249995,8.7704545,Generator,5.164535724515059
S24300,3.0136363636363597,28.536363636363653,HWY RT 51 OPP CLOVERLEAF TOWERS,40.3421,-79.9668,Outbound,Bus,-25.522727272727295,31.55000000000001,Attractor,0.10560688117234768
W08074,6.8954545,1.13863635,GREENTREE RD AT MANORVIEW RD,40.3948,-80.0662,Inbound,Bus,5.756818149999999,8.03409085,Generator,6.055888256158342
N15030,5.243182,3.675,CHESTNUT ST AT TRIPOLI ST FS,40.4571,-79.9953,Inbound,Bus,1.5681820000000002,8.918182,Generator,1.4267161904761905
N45720,1.45,13.797725,RHINE ST AT #2146,40.4676,-79.9947,Outbound,Bus,-12.347725,15.247724999999999,Attractor,0.10508978835279004
S25099,3.5,0.047727275,HWY RT 885 AT LEWIS RUN RD,40.3323,-79.9337,Inbound,Bus,3.452272725,3.547727275,Generator,73.33332984127001
W26290,0.118181818181818,0.4727272727272725,W PROSPECT AVE AT #210,40.4476,-80.0742,Inbound,Bus,-0.3545454545454545,0.5909090909090905,Attractor,0.24999999999999972
E14420,11.211365,2.790909,COAL ST AT FRANKLIN AVE,40.4394,-79.8807,Inbound,Bus,8.420456000000001,14.002274,Generator,4.017101596648261
X06700,1.75,0.120454545,GILKESON RD AT OLD GILKESON RD,40.359,-80.0597,Inbound,Bus,1.629545455,1.870454545,Generator,14.528301941616235
S35590,1.6045455,14.3,ARLINGTON AVE AT WARRINGTON AVE,40.422,-79.9922,Outbound,Bus,-12.6954545,15.904545500000001,Attractor,0.11220597902097901
E70752,2.4272725,0.7636363500000001,EVERTON ST AT OAKDENE ST,40.4626,-79.8909,Outbound,Bus,1.6636361499999999,3.19090885,Generator,3.1785711877125804
E01335,861.404555,464.959097,FIFTH AVE AT MEYRAN AVE,40.4411,-79.9592,Both,Bus,396.445458,1326.363652,Generator,1.8526458790847145
S00690,25.359091499999998,21.843182,SECOND AVE AT BATES ST FS,40.4314,-79.9595,Inbound,Bus,3.5159094999999994,47.2022735,Generator,1.1609614157863997
E44910,7.1909089999999996,17.895455,PARK HILL DR AT #2102,40.453,-79.8743,Inbound,Bus,-10.704545999999999,25.086363999999996,Attractor,0.4018287883711255
N45220,0.0,0.0,PRESIDENTIAL DR OPP CLEVELAND,40.5819,-79.9938,Inbound,Bus,0.0,0.0,Balanced,
N10720,32.5022745,6.8863637,BRIGHTON RD AT TERMON AVE,40.4831,-80.0355,Inbound,Bus,25.615910799999998,39.3886382,Generator,4.7198021940084285
S48710,0.0909091,0.30681820000000004,WHITAKER ST OPP ELM ST FS,40.3971,-79.8842,Outbound,Bus,-0.21590910000000002,0.39772730000000006,Attractor,0.29629630836762616
S13480,1.956818,1.4068182,CONNISTON AVE AT CALLE ST,40.4077,-79.9993,Both,Bus,0.5499997999999999,3.3636362,Generator,1.39095300302484
N37270,0.7590908999999999,0.0,MT TROY RD OPP HOMESTEAD AVE,40.4725,-79.9831,Inbound,Bus,0.7590908999999999,0.7590908999999999,Generator,
E02080,22.27045505,33.37272705,FIFTH AVE OPP VAN BRAAM ST,40.4385,-79.9824,Inbound,Bus,-11.102272000000003,55.643182100000004,Attractor,0.6673249991417767
N13810,2.625,5.643182,CENTER AVE AT FRANKFORT AVE,40.5133,-80.0257,Outbound,Bus,-3.0181820000000004,8.268182,Attractor,0.4651630941550352
W08249,5.302272500000001,0.9863636499999999,GREENTREE RD AT GREENBRIAR DR,40.3969,-80.0659,Inbound,Bus,4.315908850000001,6.28863615,Generator,5.375575732134899
E40890,0.75,0.18636365,MT CARMEL RD AT TIERS ST,40.4704,-79.8876,Outbound,Bus,0.56363635,0.93636365,Generator,4.024389949434882
W20471,0.11590910000000001,0.0,ROSELEAF DR AT FOXCROFT RD FS,40.3982,-80.073,Inbound,Bus,0.11590910000000001,0.11590910000000001,Generator,
E51180,0.1431818,0.07045454500000001,SCHOYER AVE AT TONETTE ST,40.4225,-79.8948,Both,Bus,0.07272725499999999,0.213636345,Generator,2.0322578195629535
W08250,0.025,1.1204545454545456,GREENTREE RD OPP ORIOLE DR,40.4104,-80.0475,Outbound,Bus,-1.0954545454545457,1.1454545454545455,Attractor,0.02231237322515213
E11922,2.0045457000000004,3.1522725,BUTLER ST AT #6130,40.488,-79.9383,Both,Bus,-1.1477267999999996,5.1568182,Attractor,0.6359049542829817
E04250,0.2431818181818182,2.7295454545454536,ARDMORE BLVD AT FAIRFAX RD,40.4222,-79.8547,Outbound,Bus,-2.4863636363636354,2.9727272727272718,Attractor,0.08909242298084932
N24140,0.431818181818182,6.934090909090905,GRANT AVE OPP VILSACK ST,40.5051,-79.9498,Outbound,Bus,-6.502272727272723,7.365909090909087,Attractor,0.06227466404457561
E46880,9.8022725,0.43409090000000006,PENN CENTER BLVD AT BLDG #3,40.428,-79.8119,Inbound,Bus,9.368181600000002,10.2363634,Generator,22.581151781804223
S43040,80.7090884,51.359090949999995,SMITHFIELD ST BRIDGE AT STATION SQUARE,40.433,-80.0035,Outbound,Bus,29.349997450000004,132.06817934999998,Generator,1.5714664513547043
E38560,0.025,0.025,MALL CIRCLE DR AT MALL BLVD,40.4302,-79.7915,Inbound,Bus,0.0,0.05,Balanced,1.0
W00820,5.7636365000000005,12.845455,ALLENDALE ST AT FAIRDALE ST,40.4554,-80.061,Both,Bus,-7.081818499999999,18.609091499999998,Attractor,0.4486907236839801
E35320,10.936364000000001,11.5363635,LIBERTY AVE AT HERRON AVE,40.4614,-79.9672,Outbound,Bus,-0.5999994999999991,22.4727275,Attractor,0.9479905864616698
X15250,4.572727499999999,0.05,REAMER ST AT #1555,40.3919,-80.0026,Inbound,Bus,4.522727499999999,4.622727499999999,Generator,91.45454999999998
X02320,0.77954545,4.2795455,BOWER HILL RD AT ROCKHILL RD,40.367,-80.0861,Outbound,Bus,-3.50000005,5.05909095,Attractor,0.18215613083211754
N70004,12.859090909090904,2.299999999999999,LINCOLN AVE AT BURNSIDE AVE FS,40.4891,-80.047,Inbound,Bus,10.559090909090905,15.159090909090903,Generator,5.590909090909092
N24250,0.025,5.625,GRANT AVE AT WASHINGTON AVE FS,40.4909,-80.0499,Outbound,Bus,-5.6,5.65,Attractor,0.0044444444444444444
E56005,14.650002050000001,9.961363595,WALLACE AVE AT PITT ST,40.4453,-79.8867,Inbound,Bus,4.688638455000001,24.611365645,Generator,1.4706823930564499
W03720,1.3954545454545455,16.88636363636365,CHARTIERS AVE AT SINGER AVE,40.465,-80.074,Outbound,Bus,-15.490909090909106,18.281818181818196,Attractor,0.08263795423956924
E02980,0.27045454999999996,4.0590907000000005,AIRBRAKE AVE OPP 5TH ST,40.401,-79.8179,Outbound,Bus,-3.7886361500000003,4.329545250000001,Attractor,0.06662934385772654
P02530,263.58863767,223.25227264499998,LIBERTY AVE AT WILLIAM PENN PL,40.4435,-79.9954,Both,Bus,40.33636502500005,486.840910315,Generator,1.1806761675798934
N20050,5.9681818181818205,3.21590909090909,FOREST AVE AT CAROLYN AVE FS,40.5022,-80.0545,Inbound,Bus,2.7522727272727305,9.18409090909091,Generator,1.8558303886925809
S70468,11.138635,3.3477275000000004,WARRINGTON AVE AT BELTZHOOVER AVE,40.4216,-79.9976,Inbound,Bus,7.7909075,14.486362500000002,Generator,3.3272227204872555
E70453,19.42727045,2.0204546,FIFTH AVE AT PENN AVE FS,40.454,-79.913,Both,Bus,17.40681585,21.447725050000003,Generator,9.61529670104936
E35310,13.593181999999999,14.495454500000001,LIBERTY AVE AT LIGONIER ST (HERRON AVE),40.4617,-79.9668,Inbound,Bus,-0.9022725000000023,28.0886365,Attractor,0.9377547975470516
N18580,1.665909,0.2068182,ESSEN ST OPP PENFORT ST FS,40.4732,-80.0024,Inbound,Bus,1.4590908,1.8727272000000001,Generator,8.054943907257679
S39790,0.6136363499999999,4.7522725,PROSPECT RD AT WAINWRIGHT AVE,40.3622,-79.9786,Outbound,Bus,-4.13863615,5.36590885,Attractor,0.12912482396579741
E53740,1.71363635,8.3863635,SWISSVALE AVE AT PARK AVE,40.4445,-79.8758,Both,Bus,-6.67272715,10.09999985,Attractor,0.20433604505695466
E25337,10.106818,2.2136365000000002,GREENFIELD AVE AT GRAPHIC ST,40.4244,-79.9352,Inbound,Bus,7.893181500000001,12.3204545,Generator,4.56570805550053
E20385,0.8818182,1.965909,FRANKSTOWN AVE AT DORNBUSH ST,40.4551,-79.8799,Outbound,Bus,-1.0840907999999998,2.8477272,Attractor,0.4485549432857777
X13773,17.888635,0.6181818,BROOKLINE BLVD AT BELLAIRE PL,40.3922,-80.0129,Inbound,Bus,17.270453200000002,18.5068168,Generator,28.93749864522055
S19380,312.4704545454546,189.1386363636364,GIANT EAGLE DR AT DRUG STORE,40.4115,-79.9083,Both,Bus,123.33181818181816,501.609090909091,Generator,1.652070991696807
N03670,0.140909075,7.906817950000001,W 7TH AVE AT GRANTHAM ST,40.598,-79.7647,Outbound,Bus,-7.765908875000001,8.047727025,Attractor,0.01782121150266271
W70174,5.7477275,0.6909091,UNIVERSITY BLVD AT CARNOT RD,40.5149,-80.2222,Inbound,Bus,5.0568184,6.4386366,Generator,8.319079166854221
N08830,15.325,19.7159090909091,BEAVER ST OPP VILLAGE DR,40.5595,-80.2012,Outbound,Bus,-4.390909090909101,35.040909090909096,Attractor,0.7772910662824203
S27990,9.275,1.9568180000000002,LEBANON CHURCH RD AT PGH-MCKEESPORT BLVD FS,40.3559,-79.8998,Inbound,Bus,7.318182,11.231818,Generator,4.739837838777035
S09140,22.997725,60.1,BROWNSVILLE RD AT STEWART AVE,40.383,-79.977,Outbound,Bus,-37.102275000000006,83.097725,Attractor,0.3826576539101497
E70751,5.015909,2.9022725,SILVERTON ST AT EVERTON ST,40.4629,-79.8918,Outbound,Bus,2.1136364999999997,7.918181499999999,Generator,1.7282694853774068
E39080,2.57727285,0.0,MIDDLE AVE AT 4TH ST,40.4007,-79.8164,Inbound,Bus,2.57727285,2.57727285,Generator,
N15500,0.0,0.025,CONNIE DR AT MERWOOD DR,40.4995,-80.0248,Outbound,Bus,-0.025,0.025,Attractor,0.0
N71327,3.345454545454545,0.0,CENTER AVE OPP VISTA ST,40.5116,-80.0909,Inbound,Bus,3.345454545454545,3.345454545454545,Generator,
W22930,1.29090905,1.45,STEUBENVILLE PIKE OPP SUNSET DR,40.4509,-80.1386,Outbound,Bus,-0.15909094999999995,2.74090905,Attractor,0.8902821034482759
N04240,0.175,0.0,9TH AVE OPP GRANT ST,40.6083,-79.7459,Inbound,Bus,0.175,0.175,Generator,
E70038,0.1681818,4.034091,ALLEGHENY AVE AT HULTON RD NS (PORTE ST STEPS),40.5248,-79.8414,Outbound,Bus,-3.8659092,4.2022728,Attractor,0.041690135398532155
S09450,2.231818,0.1909091,BROWNSVILLE RD OPP FELIX DR,40.35,-79.9876,Inbound,Bus,2.0409089000000002,2.4227271,Generator,11.690474681405968
E41790,86.82272649999999,10.913636499999999,NEGLEY AVE AT FRIENDSHIP AVE,40.4608,-79.9324,Inbound,Bus,75.90908999999999,97.73636299999998,Generator,7.955435065113264
S70315,2.097727272727275,3.475,COAL VALLEY RD AT JEFFERSON PHYSICAL THERAPY DRV,40.3228,-79.9308,Both,Bus,-1.3772727272727252,5.572727272727275,Attractor,0.6036625245258345
S04150,59.83863636363636,4.090909090909089,AMITY ST OPP TARGET DR,40.4101,-79.9127,Inbound,Bus,55.747727272727275,63.92954545454545,Generator,14.627222222222228
N13740,0.475,4.7454545,CENTER AVE OPP CHALFONTE AVE,40.5203,-80.0382,Outbound,Bus,-4.2704545000000005,5.2204545,Attractor,0.10009578639938492
N70158,3.2022725000000003,0.05,CENTER ST AT W 7TH AVE,40.6002,-79.7607,Inbound,Bus,3.1522725000000005,3.2522725,Generator,64.04545
N31856,9.425,0.347727275,MARSHALL AVE AT NEW HAMPSHIRE DR,40.4646,-80.0276,Inbound,Bus,9.077272725,9.772727275000001,Generator,27.10457498624461
E70889,35.152275,2.784091,BEACON ST AT WIGHTMAN ST,40.4342,-79.9274,Outbound,Bus,32.368184,37.93636600000001,Generator,12.62612285302456
E06440,2.55227265,0.41818180000000005,BEELER ST AT UNGER LN,40.445,-79.9365,Inbound,Bus,2.1340908499999998,2.97045445,Generator,6.103260950141779
S32220,0.3840909,1.01136365,MAPLE ST OPP KENNETT ST,40.3959,-79.882,Outbound,Bus,-0.62727275,1.3954545500000002,Attractor,0.37977526678954693
X00570,2.175,1.365909,BANKSVILLE RD OPP BANKSVILLE AVE,40.4182,-80.0297,Inbound,Bus,0.8090909999999998,3.540909,Generator,1.5923461958300296
S16130,29.045454999999997,53.03182,E CARSON ST AT S 14TH ST,40.4288,-79.9843,Outbound,Bus,-23.986365000000006,82.077275,Attractor,0.5476986269752763
N12550,6.274999999999998,2.4159090909090906,BUTLER ST OPP CENTER ST,40.4953,-79.9456,Inbound,Bus,3.859090909090907,8.690909090909088,Generator,2.5973659454374407
N08430,2.213636363636365,0.4363636363636365,BEAVER ST AT MCKOWN ST,40.534,-80.1738,Inbound,Bus,1.7772727272727287,2.6500000000000017,Generator,5.072916666666669
N30360,13.7340909090909,65.1181818181818,LINCOLN AVE AT JACKSON AVE,40.4968,-80.058,Outbound,Bus,-51.384090909090894,78.85227272727269,Attractor,0.21091023314253798
X19470,0.40909090000000004,0.0,WASHINGTON RD AT SHADY DR,40.3836,-80.0437,Inbound,Bus,0.40909090000000004,0.40909090000000004,Generator,
E39950,2.461363636363635,0.5727272727272725,MONROEVILLE BLVD OPP BRINTON ST,40.4248,-79.7902,Inbound,Bus,1.8886363636363626,3.0340909090909074,Generator,4.297619047619047
E48680,2.6454545,0.36136365000000004,ROBINSON BLVD AT SUNRISE AVE,40.4512,-79.8683,Outbound,Bus,2.28409085,3.00681815,Generator,7.320754314940088
W14550,5.775,3.95,MIDDLETOWN RD OPP MARTERA PL,40.4441,-80.056,Inbound,Bus,1.8250000000000002,9.725000000000001,Generator,1.4620253164556962
E50460,1.125,0.05,SALTSBURG RD OPP HERSHEY RD,40.4777,-79.7997,Inbound,Bus,1.075,1.175,Generator,22.5
E34100,7.331818,0.19318180000000001,LAKETON RD AT TURNER AVE,40.4527,-79.8603,Inbound,Bus,7.1386362000000005,7.5249998,Generator,37.952943807335885
N71338,6.8886363636363654,7.4068181818181795,HARMAR GARAGE TERMINAL - NO ST,40.5408,-79.8312,Both,Bus,-0.5181818181818141,14.295454545454545,Attractor,0.9300398895366683
E56223,27.704545,3.84090895,WARREN DR AT LINCOLN HWY NS,40.3849,-79.8233,Both,Bus,23.86363605,31.54545395,Generator,7.213017897755686
E12860,0.2,0.4568182,CENTER RD OPP FOUR SEASONS APTS,40.4611,-79.7596,Outbound,Bus,-0.2568182,0.6568182,Attractor,0.4378109278483213
E70430,0.4545455,0.0,HULTON RD OPP PENNSYLVANIA AVE,40.526,-79.8154,Inbound,Bus,0.4545455,0.4545455,Generator,
S40050,0.6318182,4.2272725,PROVOST RD OPP FRANK ST,40.3684,-79.9942,Outbound,Bus,-3.5954542999999997,4.859090699999999,Attractor,0.14946237792808484
N54540,0.13636365,0.46136365,WILSON AVE OPP KENWOOD AVE,40.4685,-80.0139,Outbound,Bus,-0.325,0.5977273000000001,Attractor,0.29556652328374805
S06305,5.231818,1.1204545,BERND ST AT BAUSMAN ST,40.4142,-79.9975,Inbound,Bus,4.1113634999999995,6.3522725,Generator,4.669371223909583
E70859,1.318182,4.5454545,BRERETON ST AT 30TH ST,40.4566,-79.97,Inbound,Bus,-3.2272724999999998,5.8636365,Attractor,0.2900000429000004
E70954,5.240909,22.054544999999997,MONTIER ST AT WRIGHT ST NS,40.4486,-79.868,Inbound,Bus,-16.813635999999995,27.295454,Attractor,0.2376339661507413
X02120,36.2,3.056818,BOWER HILL RD AT FIRWOOD DR,40.3762,-80.0678,Inbound,Bus,33.143182,39.256818,Generator,11.842379886535609
E55065,2.4136365,0.0,UNIVERSAL RD AT JOSLYN DR,40.4633,-79.8025,Inbound,Bus,2.4136365,2.4136365,Generator,
E48020,27.3840909090909,31.434090909090898,PRIVATE DR AT BRINTON TOWERS,40.4098,-79.8524,Both,Bus,-4.049999999999997,58.8181818181818,Attractor,0.8711589906731256
S70608,0.047727275,0.047727275,CAMP HOLLOW RD AT LEBANON MANOR DR,40.3425,-79.9178,Both,Bus,0.0,0.09545455,Balanced,1.0
W70146,15.45682,13.65,VILLAGE DR OPP GROVETON DR,40.5044,-80.1404,Both,Bus,1.80682,29.10682,Generator,1.1323677655677655
S17050,0.91363635,1.1227274999999999,ELIZA ST AT CORBIN ST FS,40.3875,-79.8749,Outbound,Bus,-0.2090911499999999,2.03636385,Attractor,0.8137650053107277
S31490,0.8159091,11.3204545,MAIN ST AT MILLER AVE,40.3874,-79.9023,Outbound,Bus,-10.5045454,12.136363600000001,Attractor,0.07207388183928481
E36052,3.7045455,0.14318182000000002,LINCOLN AVE OPP ATWELL ST,40.4632,-79.9046,Inbound,Bus,3.56136368,3.84772732,Generator,25.873015861929954
N18010,0.8159091,1.590909,EAST ST AT ROYAL ST,40.4658,-79.9996,Outbound,Bus,-0.7749998999999999,2.4068180999999997,Attractor,0.5128571778775531
N50660,0.0,0.025,SPRING GARDEN RD OPP BEECH ST,40.4812,-79.9962,Outbound,Bus,-0.025,0.025,Attractor,0.0
E27530,1.0545455000000001,8.7613635,HAWKINS AVE AT #552,40.407,-79.8639,Outbound,Bus,-7.706818,9.815909,Attractor,0.1203631717825656
W07915,0.025,0.025,GRAND AVE OPP TRIAD METALS,40.5079,-80.1116,Outbound,Bus,0.0,0.05,Balanced,1.0
E34140,0.20454545,8.265909,LAKETON RD AT WINTON ST,40.4509,-79.8621,Outbound,Bus,-8.061363550000001,8.47045445,Attractor,0.024745669230087093
N08270,1.36590909090909,0.3136363636363635,BEAVER RD AT CHURCH LN,40.5563,-80.197,Inbound,Bus,1.0522727272727266,1.6795454545454536,Generator,4.355072463768115
E34635,15.7295455,0.33636365,LEECHBURG RD AT GARDEN DR,40.4882,-79.8014,Inbound,Bus,15.393181850000001,16.06590915,Generator,46.7635117528306
E17610,2.186363636363637,23.92954545454545,EDGEWOOD AVE OPP ELM ST,40.4319,-79.8846,Outbound,Bus,-21.743181818181814,26.11590909090909,Attractor,0.0913667014911198
E59650,8.4863638,2.74090895,WOODSTOCK AVE AT ORMOND ST,40.4181,-79.8825,Inbound,Bus,5.74545485,11.22727275,Generator,3.096185956852014
E45310,14.84545455,6.71818185,PEEBLES ST AT FORBES AVE,40.4399,-79.8947,Both,Bus,8.127272699999999,21.5636364,Generator,2.2097428860161026
E14430,1.50909090909091,1.83181818181818,COAL ST OPP HUTCHINSON AVE,40.4352,-79.8831,Inbound,Bus,-0.3227272727272701,3.34090909090909,Attractor,0.8238213399503734
E03240,2.5249998000000002,16.4204545,AIRBRAKE AVE AT MILLER ST,40.3954,-79.8065,Outbound,Bus,-13.895454700000002,18.9454543,Attractor,0.15377161454331242
E57710,1.1249999499999999,15.765909500000001,WILKINS AVE AT WORTH ST,40.4466,-79.9128,Both,Bus,-14.640909550000002,16.890909450000002,Attractor,0.07135648913879658
W03280,2.3568182,10.5,CHARTIERS AVE AT CITADEL ST,40.4543,-80.0583,Outbound,Bus,-8.1431818,12.8568182,Attractor,0.22445887619047622
N15020,3.99545465,2.1795452749999997,CHESTNUT ST AT SUISMON ST,40.4563,-79.995,Inbound,Bus,1.8159093750000004,6.174999925,Generator,1.833159740166444
N36200,2.084091,0.25454545,MT ROYAL BLVD AT SCOTT AVE,40.5392,-79.9723,Inbound,Bus,1.82954555,2.33863645,Generator,8.187500503348224
E25560,0.02272727272727275,0.4545454545454545,GREENSBURG PIKE AT HILDA AVE,40.3808,-79.8147,Outbound,Bus,-0.4318181818181817,0.47727272727272724,Attractor,0.05000000000000006
N18180,0.52727275,0.3159091,EAST ST AT SUFFOLK ST,40.4691,-80.0016,Inbound,Bus,0.21136364999999996,0.8431818499999999,Generator,1.6690647721132439
X16330,4.740909,3.1,SHILOH ST AT VIRGINIA AVE FS,40.4291,-80.0073,Inbound,Bus,1.6409090000000002,7.840909,Generator,1.5293254838709678
E44740,3.963636363636365,0.22045454545454543,OXFORD DR AT PRIMARY CARE CENTER,40.4314,-79.7881,Inbound,Bus,3.74318181818182,4.18409090909091,Generator,17.979381443298976
E41290,152.75682,10.31590935,MURRAY AVE AT MORROWFIELD AVE FS,40.4282,-79.9248,Both,Bus,142.44091065,163.07272935,Generator,14.807887004164106
N45340,0.0,0.431818181818182,PRESIDENTIAL DR AT MADISON (LEASE OFFICE),40.5835,-79.9988,Outbound,Bus,-0.431818181818182,0.431818181818182,Attractor,0.0
E70337,1.3522725,0.0,UNIVERSAL RD OPP REITER RD,40.472,-79.7878,Inbound,Bus,1.3522725,1.3522725,Generator,
X05460,1.109091,0.41136365,FINGAL ST AT #225 (FINGAL & RUTLEDGE TERMIN,40.44,-80.027,Both,Bus,0.6977273500000001,1.52045465,Generator,2.6961327283049923
E58140,7.081818,10.2295455,WINTERBURN AVE OPP CONNOR ST,40.4204,-79.9398,Outbound,Bus,-3.1477275000000002,17.3113635,Attractor,0.6922905812384333
E33940,9.6704545,0.145454545,LAKETON RD AT GRAHAM BLVD,40.4571,-79.8573,Inbound,Bus,9.524999955,9.815909045,Generator,66.48437489526367
E10490,0.7386363636363635,3.420454545454545,BRINTON RD OPP #1001,40.429,-79.8743,Outbound,Bus,-2.6818181818181817,4.159090909090908,Attractor,0.2159468438538206
E35772,0.18636365,3.4022729499999995,LINCOLN AVE AT ATWELL ST,40.4631,-79.9045,Outbound,Bus,-3.2159092999999994,3.5886365999999996,Attractor,0.05477621952700768
E17510,15.09090909090909,1.365909090909091,EDGEWOOD AVE AT EDGEWOOD CT,40.4303,-79.8843,Inbound,Bus,13.725,16.456818181818182,Generator,11.048252911813643
N41100,0.3386363636363635,1.061363636363635,PEEBLES RD AT REMINGTON DR,40.5614,-80.013,Both,Bus,-0.7227272727272714,1.3999999999999986,Attractor,0.3190578158458247
N50690,0.0,0.21136365000000001,SPRING GARDEN AVE OPP REPPEL WAY,40.4728,-79.9875,Outbound,Bus,-0.21136365000000001,0.21136365000000001,Attractor,0.0
N32720,0.28863635,6.6022725,MCKNIGHT RD AT MCINTYRE RD,40.5503,-80.0191,Both,Bus,-6.31363615,6.89090885,Attractor,0.04371772749458614
E41350,37.0227265,9.777273000000001,MURRAY AVE AT #2825,40.4277,-79.9258,Both,Bus,27.245453499999996,46.7999995,Generator,3.78661069400435
E53430,0.045454545,1.231818,STEVENSON ST AT FIFTH AVE,40.4385,-79.9864,Inbound,Bus,-1.1863634550000002,1.277272545,Attractor,0.036900374081236025
N15285,1.884091,0.0,COLBY ST AT CHAPIN ST,40.489,-80.0065,Inbound,Bus,1.884091,1.884091,Generator,
E70773,13.090906799999999,20.17727115,WASHINGTON ST AT NOBLE ST,40.4212,-79.8862,Both,Bus,-7.08636435,33.268177949999995,Attractor,0.6487947107753468
X00700,0.0,0.0,BANKSVILLE RD AT #1593,40.411,-80.0311,Inbound,Bus,0.0,0.0,Balanced,
N14540,0.24545454500000002,0.23863635,N CHARLES ST AT HAZELTON ST,40.4712,-80.0073,Outbound,Bus,0.006818195000000027,0.484090895,Generator,1.0285714854421801
E51560,0.0,0.0,SHADY AVE OPP HOBART ST,40.4343,-79.9187,Inbound,Bus,0.0,0.0,Balanced,
E54470,0.047727275,0.0,TILBURY AVE OPP ALDERSON ST,40.4274,-79.9189,Both,Bus,0.047727275,0.047727275,Generator,
N54680,13.861365,2.4772724999999998,WOODLAND AVE AT STAYTON ST,40.4696,-80.0275,Inbound,Bus,11.3840925,16.338637499999997,Generator,5.5954139078361385
W11721,0.05,0.74772725,LINDSAY RD AT #443,40.3842,-80.0844,Outbound,Bus,-0.6977272499999999,0.79772725,Attractor,0.06686930294435572
S17100,0.1659091,0.42727275,ELIZA ST AT FRANK ST,40.3918,-79.8772,Outbound,Bus,-0.26136364999999995,0.59318185,Attractor,0.3882978729628791
W24380,4.011363636363635,4.836363636363635,WASHINGTON AVE OPP ACADEMY ST,40.4074,-80.0837,Outbound,Bus,-0.8250000000000002,8.847727272727269,Attractor,0.8294172932330827
E70452,8.831818,6.7727275,MILWAUKEE ST AT ORION ST,40.4544,-79.9612,Inbound,Bus,2.0590905,15.6045455,Generator,1.3040267750326586
E15980,39.73863479999999,29.3772715,EAST LIBERTY BLVD AT PENN AVE,40.4577,-79.9172,Inbound,Bus,10.361363299999994,69.11590629999999,Generator,1.352699987812006
E70451,45.69091,88.354545,LAWRENCEVILLE SHOPPING CENTER,40.4829,-79.948,Both,Bus,-42.663635,134.045455,Attractor,0.5171314050680698
N44700,2.536363636363635,0.318181818181818,PITTSBURGH ST AT MURRAYHILL AVE FS,40.541,-79.7956,Inbound,Bus,2.218181818181817,2.8545454545454527,Generator,7.971428571428571
W70153,0.12272727500000001,0.46363635,CORAOPOLIS RD AT #338,40.503,-80.1269,Both,Bus,-0.34090907499999995,0.5863636249999999,Attractor,0.2647058950403695
S13690,2.3318181818181802,1.9727272727272749,CRAWFORD AVE AT CATHERINE ST,40.3642,-79.8479,Outbound,Bus,0.35909090909090535,4.304545454545455,Generator,1.1820276497695832
E17720,2.40454565,0.2659091,EDGEWOOD AVE AT SAILOR PL FS,40.4234,-79.8863,Inbound,Bus,2.13863655,2.67045475,Generator,9.042735468624429
W17860,1.7545455,1.0090909,NOBLESTOWN RD OPP IDLEWOOD AVE,40.4133,-80.0778,Inbound,Bus,0.7454546000000002,2.7636364,Generator,1.7387387994480976
N38440,1.3795454545454544,6.011363636363635,NORTH AVE AT ELIZABETH ST,40.4835,-79.9728,Outbound,Bus,-4.631818181818181,7.390909090909089,Attractor,0.2294896030245747
N08680,0.02272727272727275,0.07045454545454545,BEAVER ST AT SYCAMORE AVE,40.5283,-80.1614,Outbound,Bus,-0.0477272727272727,0.0931818181818182,Attractor,0.32258064516129065
S16580,16.656816,7.888636,E CARSON ST AT TERMINAL WAY FS,40.4295,-79.9972,Inbound,Bus,8.76818,24.545451999999997,Generator,2.111495067081305
N31710,4.861364,8.979545,MAIN ST OPP 18TH ST,40.4946,-79.9219,Outbound,Bus,-4.118181,13.840909,Attractor,0.5413819965265501
N35820,1.184090895,3.615909,MT ROYAL BLVD AT GENESSEE AVE,40.5175,-79.959,Outbound,Bus,-2.4318181049999996,4.799999895,Attractor,0.3274670062216721
N15510,0.05,0.05,CONNIE DR OPP OLD CONNIE DR,40.4964,-80.0229,Outbound,Bus,0.0,0.1,Balanced,1.0
E54410,15.897727499999998,3.1022724999999998,TILBURY AVE AT FORWARD AVE,40.4283,-79.9185,Both,Bus,12.795454999999999,19.0,Generator,5.124542573226562
S70109,46.061365,30.079545,OLYMPIA PARK AND RIDE,40.3224,-79.8348,Both,Bus,15.981820000000003,76.14091,Generator,1.5313185422186406
E70443,1.368182,0.0,UNIVERSAL RD AT POPLAR RIDGE RD FS,40.4646,-79.8203,Inbound,Bus,1.368182,1.368182,Generator,
E55500,3.140909,0.188636375,VERONA RD AT GRAHAM BLVD EXT,40.4632,-79.8657,Inbound,Bus,2.952272625,3.3295453750000004,Generator,16.650600924662598
E12080,13.447725,40.61818,BUTLER ST AT PENN AVE,40.4629,-79.9671,Inbound,Bus,-27.170455000000004,54.065905,Attractor,0.3310765031815803
N03995,1.45909090909091,1.53181818181818,7TH ST OPP NEW KEN HOSPITAL,40.5623,-79.7667,Both,Bus,-0.07272727272726986,2.9909090909090903,Attractor,0.9525222551928801
S70552,10.381817999999999,2.065909,PARKLINE DR AT #1551 (RENTAL OFFICE),40.366,-79.9682,Inbound,Bus,8.315909,12.447726999999999,Generator,5.025302663379655
W21800,14.231818,3.4545456000000003,STEUBEN ST AT SANCTUS ST FS,40.4425,-80.0331,Inbound,Bus,10.777272400000001,17.6863636,Generator,4.11973661601109
S24200,2.95,13.029545,HWY RT 51 AT STREETS RUN RD,40.3465,-79.9736,Outbound,Bus,-10.079545,15.979545000000002,Attractor,0.2264085200212287
E25050,7.6113634999999995,2.709091,GRANT ST AT TRI-BORO EXPWY,40.4058,-79.8252,Outbound,Bus,4.9022725,10.3204545,Generator,2.809563613773033
W70162,0.34545454545454546,0.12045454545454545,PINE HOLLOW RD AT KENMAWR PLAZA DRVWY,40.4754,-80.0976,Inbound,Bus,0.225,0.46590909090909094,Generator,2.867924528301887
W26340,5.840909,0.46136365,W PROSPECT AVE OPP ALLEGHENY VALLEY SCHOOL,40.4465,-80.0785,Inbound,Bus,5.37954535,6.30227265,Generator,12.660097950933064
S50280,18.4659090909091,5.529545454545455,WORTHINGTON AVE OPP 8TH ST,40.2925,-79.8902,Inbound,Bus,12.936363636363645,23.995454545454557,Generator,3.3394985614467747
E70007,5.2386365,63.14318,WOODSTOCK AVE OPP SWISSVALE STATION STEPS,40.4157,-79.8783,Inbound,Bus,-57.9045435,68.3818165,Attractor,0.08296440724081365
E38667,2.4022725,0.30227275,MAPLE ST AT CHARLES ST,40.4079,-79.8204,Inbound,Bus,2.0999997500000003,2.70454525,Generator,7.9473670716265365
N71279,2.195454545454545,0.75,FREEPORT RD AT HULTON BRIDGE FS,40.5298,-79.8497,Outbound,Bus,1.4454545454545449,2.945454545454545,Generator,2.9272727272727264
E53290,5.8545455,1.8863634999999999,STATION ST AT SR CITIZEN BLDG,40.3932,-79.8077,Both,Bus,3.9681820000000005,7.740909,Generator,3.1036147062854007
E57460,2.4000001,37.7204518,WILKINS AVE AT BARNSDALE ST,40.4448,-79.9157,Both,Bus,-35.3204517,40.1204519,Attractor,0.06362596378021114
S09090,155.545455,24.28409135,BROWNSVILLE RD AT SANKEY AVE,40.3841,-79.9775,Inbound,Bus,131.26136365,179.82954635000002,Generator,6.405240894467315
N49471,0.7431818,11.611365,SHADELAND AVE AT DICKSON ST,40.4697,-80.0302,Outbound,Bus,-10.868183199999999,12.3545468,Attractor,0.06400468850992111
S70611,4.243182,4.0022725,B DR AT MANAGEMENT OFFICE,40.3422,-79.9115,Both,Bus,0.2409094999999999,8.245454500000001,Generator,1.0601931777508902
S70549,22.225,4.625,PARKLINE DR AT #1695,40.368,-79.9655,Inbound,Bus,17.6,26.85,Generator,4.805405405405406
S70515,1.009091,0.025,AGNEW AVE AT BECKS RUN RD,40.397,-79.9786,Inbound,Bus,0.9840909999999999,1.0340909999999999,Generator,40.36364
P01600,81.134090525,61.5477287,EAST BUSWAY AT PENN STATION A,40.4439,-79.9921,Both,Busway,19.586361825000004,142.681819225,Generator,1.3182304568941794
E34240,1.6113635,14.895454999999998,LAKETON RD AT PADEN ST,40.4491,-79.8642,Outbound,Bus,-13.284091499999999,16.506818499999998,Attractor,0.10817819932321639
N08730,0.02272727272727275,1.136363636363635,BEAVER RD OPP CHURCH LN,40.5562,-80.1968,Outbound,Bus,-1.1136363636363622,1.1590909090909076,Attractor,0.020000000000000046
E36420,0.0,0.0,LINCOLN HWY OPP DENNING WAY,40.3714,-79.789,Inbound,Bus,0.0,0.0,Balanced,
W22990,0.27954545,1.6636365,STEUBENVILLE PIKE OPP WEST HILLS PLAZA,40.4515,-80.131,Outbound,Bus,-1.3840910499999999,1.94318195,Attractor,0.16803277037982756
E58240,0.584090909090909,3.16590909090909,WM PENN HWY OPP VALUE CITY,40.4365,-79.7826,Outbound,Bus,-2.581818181818181,3.749999999999999,Attractor,0.18449389806173727
E01460,144.47500250000002,14.36136335,FIFTH AVE AT NEGLEY AVE,40.4499,-79.9296,Both,Bus,130.11363915,158.83636585000002,Generator,10.059978219268439
E12430,0.502272725,0.047727275,CALMAR DR AT #220,40.4686,-79.8738,Both,Bus,0.45454544999999996,0.5499999999999999,Generator,10.523808975056715
E19320,197.48181499999998,382.8886368,FORBES AVE AT CRAIG ST,40.4445,-79.9485,Both,Bus,-185.4068218,580.3704518,Attractor,0.5157682835679286
E40320,55.449999999999996,5.8204545,MONTIER ST AT LAKETON RD FS,40.4489,-79.8678,Both,Bus,49.62954549999999,61.2704545,Generator,9.526747438709467
N20030,16.063636363636352,2.43181818181818,FOREST AVE AT BALPH AVE,40.5,-80.0526,Inbound,Bus,13.631818181818172,18.495454545454532,Generator,6.605607476635514
S70506,2.254545454545455,0.19545454545454544,CLOVERFIELD DR AT EDWARD DR FS,40.3949,-79.9662,Inbound,Bus,2.0590909090909095,2.45,Generator,11.534883720930235
E70075,1.056818195,0.0,BROADWAY BLVD AT #1010,40.4007,-79.7727,Inbound,Bus,1.056818195,1.056818195,Generator,
S70577,0.19318180000000001,16.511364999999998,SIDNEY ST AT CIRCUIT CENTER DRVWY FS,40.4256,-79.9623,Inbound,Bus,-16.318183199999996,16.7045468,Attractor,0.011699929109434626
E42850,0.5068182,3.2454545,OAKWOOD ST AT BENNETT ST,40.4543,-79.8858,Outbound,Bus,-2.7386363,3.7522727000000002,Attractor,0.15616247277538475
N44890,0.5363636363636365,1.0931818181818185,PITTSBURGH ST AT SHADY AVE,40.5409,-79.7959,Outbound,Bus,-0.556818181818182,1.6295454545454549,Attractor,0.4906444906444906
S27900,2.0909091,0.47954545000000004,LEBANON CHURCH RD AT POLK AVE,40.3543,-79.9123,Inbound,Bus,1.6113636500000001,2.57045455,Generator,4.360189633745874
E38750,4.52954545,2.0204545,MARK DR AT GROVE RD,40.4701,-79.8671,Both,Bus,2.5090909499999996,6.54999995,Generator,2.2418448175893095
W08253,1.66818181818182,14.347727272727251,GREENTREE RD OPP POTOMAC AVE,40.4086,-80.0499,Outbound,Bus,-12.679545454545432,16.015909090909073,Attractor,0.1162680183747825
E37965,13.586365,15.784089999999999,KANE CENTER MAIN ENTRANCE (GLE,40.4076,-79.9299,Both,Bus,-2.1977249999999984,29.370455,Attractor,0.8607632749179713
E06410,20.227273,8.609091,BEELER ST AT FORBES AVE FS,40.444,-79.9384,Outbound,Bus,11.618182000000001,28.836364,Generator,2.3495248220747116
E19220,99.556815,22.179545,FORBES AVE AT BOYD ST (DUQUESNE UNIV),40.438,-79.9935,Outbound,Bus,77.37727,121.73636,Generator,4.48867706709042
N19700,0.877272727272727,0.0,FERGUSON RD AT LAMMERTON DR,40.5612,-79.9876,Inbound,Bus,0.877272727272727,0.877272727272727,Generator,
S70296,4.886363636363635,7.204545454545455,MONONGAHELA AVE AT 5TH ST,40.3277,-79.8926,Outbound,Bus,-2.31818181818182,12.09090909090909,Attractor,0.6782334384858042
E32302,1.6613635,0.5068182,JAMES ST AT BOONE DR,40.4149,-79.8158,Inbound,Bus,1.1545453,2.1681817,Generator,3.2780265191739364
N15280,3.0704545000000003,0.05,COLBY ST AT AMES ST,40.4841,-80.0039,Inbound,Bus,3.0204545000000005,3.1204545,Generator,61.409090000000006
E11870,2.8454543,1.6909091,BUTLER ST AT 62ND ST BRIDGE FS,40.4881,-79.9382,Both,Bus,1.1545452,4.5363634,Generator,1.682795544716153
S70321,4.588636363636365,7.4068181818181795,RAVENSBURG BLVD AT HWY RT 885 FS,40.3044,-79.8956,Inbound,Bus,-2.818181818181815,11.995454545454544,Attractor,0.619515188708193
S32090,19.025,2.4704544999999998,MAPLE DR AT SKYLINE DR,40.3645,-79.9646,Inbound,Bus,16.5545455,21.495454499999997,Generator,7.701012101214574
S28250,0.45227275,0.5090909,LEBANON CHURCH RD AT WILSON ST,40.3524,-79.9069,Inbound,Bus,-0.05681815000000001,0.96136365,Attractor,0.8883929176498735
S35050,2.05454535,4.6386362,MONONGAHELA BLVD OPP #1224,40.4059,-79.8862,Inbound,Bus,-2.5840908499999995,6.69318155,Attractor,0.44292013027449756
W20420,1.034090909090909,5.836363636363635,RIVER AVE AT RAILROAD UNDERPASS,40.4704,-80.0539,Outbound,Bus,-4.802272727272726,6.870454545454544,Attractor,0.17718068535825546
S13760,1.547727272727275,2.652272727272725,CRAWFORD AVE AT PIRL ST,40.364,-79.8486,Inbound,Bus,-1.10454545454545,4.2,Attractor,0.5835475578406183
E18590,24.397725,27.522725,ELLSWORTH AVE AT MOREWOOD AVE,40.4508,-79.9432,Outbound,Bus,-3.125,51.92045,Attractor,0.8864574637867435
S35980,0.9954545454545455,0.0,BLOSSOM DR AT GARDENVILLE RD,40.3427,-80.0053,Inbound,Bus,0.9954545454545455,0.9954545454545455,Generator,
W70141,0.39545455,5.915908999999999,PARK MANOR BLVD AT ROBINSON CENTER DR FS,40.4519,-80.1619,Outbound,Bus,-5.520454449999999,6.311363549999999,Attractor,0.06684594877980714
N31320,2.2704545,0.825,LOWRIE ST AT SUNDEMAN ST,40.4663,-79.9808,Both,Bus,1.4454545,3.0954544999999998,Generator,2.7520660606060607
E16070,15.8886365,4.845454500000001,DALLAS AVE AT PENHAM PL,40.4511,-79.9085,Inbound,Bus,11.043182,20.734091,Generator,3.2790807343253348
E35970,1.9363635000000001,7.0045455,LINCOLN AVE OPP MAYFLOWER ST (#408),40.4607,-79.9114,Outbound,Bus,-5.068182,8.940909,Attractor,0.2764438463566266
E41090,43.090908,178.96818000000002,MURRAY AVE AT BARTLETT ST,40.4361,-79.9229,Outbound,Bus,-135.877272,222.05908800000003,Attractor,0.24077413090975164
N13585,203.822735,120.63636,CEDAR AVE AT PRESSLEY ST,40.4515,-80.001,Outbound,Bus,83.186375,324.459095,Generator,1.689563038871531
N10585,44.511364,29.184089,BRIGHTON RD AT PENNSYLVANIA AVE,40.4562,-80.0154,Inbound,Bus,15.327275,73.695453,Generator,1.525192854229577
S02260,2.629545454545455,0.6295454545454544,5TH ST AT PRISCILLA AVE,40.3683,-79.8483,Outbound,Bus,2.0000000000000004,3.2590909090909093,Generator,4.176895306859207
N22650,0.07500000000000001,2.3704546,FREEPORT RD OPP RIDDLE RUN RD,40.5462,-79.7704,Outbound,Bus,-2.2954546,2.4454546,Attractor,0.03163950071011696
N32540,38.75,0.5931818249999999,MCKNIGHT RD AT BROWNS LN,40.546,-80.0171,Both,Bus,38.156818175,39.343181825,Generator,65.32566974721453
N50630,1.2568181999999999,0.0,SPRING GARDEN AVE OPP CONSTANCE ST,40.458,-79.9946,Inbound,Bus,1.2568181999999999,1.2568181999999999,Generator,
N37240,0.3818182,0.0,MT TROY RD OPP ALFRED ST,40.4731,-79.9835,Inbound,Bus,0.3818182,0.3818182,Generator,
N29300,0.0,0.0,LAURELWOOD DR AT CHARTERWOOD DR,40.5524,-80.0014,Inbound,Bus,0.0,0.0,Balanced,
E20570,26.911365,13.584091,FRANKSTOWN RD AT OVERBROOK RD,40.4609,-79.8674,Inbound,Bus,13.327274,40.495456000000004,Generator,1.9810942815386026
X70077,1.8386364999999998,0.16363634999999999,BOGGS AVE OPP MINSINGER ST,40.4185,-80.0121,Inbound,Bus,1.6750001499999998,2.0022728499999998,Generator,11.236112880787184
N54510,5.2295455,7.802272500000001,WILSON AVE AT CHESTER AVE,40.4674,-80.0136,Outbound,Bus,-2.5727270000000004,13.031818000000001,Attractor,0.670259273820544
W16030,0.268181818181818,1.797727272727275,NOBLE AVE OPP SIDNEY ST,40.4379,-80.0633,Outbound,Bus,-1.529545454545457,2.065909090909093,Attractor,0.14917825537294535
E38100,0.0,0.57727275,MAIN ST AT REITER RD,40.4719,-79.7877,Outbound,Bus,-0.57727275,0.57727275,Attractor,0.0
N50520,1.459091,0.0,SPRING GARDEN AVE AT GIDDY WAY,40.4746,-79.9891,Inbound,Bus,1.459091,1.459091,Generator,
X02130,10.78182,0.13863635,BOWER HILL RD AT HILLAIRE DR FS,40.3749,-80.0716,Inbound,Bus,10.64318365,10.92045635,Generator,77.7705125675914
E70997,3.57499985,11.195454100000001,LINCOLN AVE AT FRANKSTOWN AVE FS,40.4605,-79.9129,Outbound,Bus,-7.620454250000001,14.77045395,Attractor,0.3193260244798824
E70762,0.7931817999999999,3.3704545,LARMIER AVE AT WINSLOW ST,40.4657,-79.9135,Outbound,Bus,-2.5772727,4.1636363,Attractor,0.23533378065183788
W08700,0.9045454545454545,0.5477272727272725,HERBST RD AT #225,40.4995,-80.1166,Both,Bus,0.35681818181818203,1.4522727272727272,Generator,1.651452282157677
E38660,0.67727275,4.3613635,MAPLE AVE AT ALBERT ST,40.4079,-79.8196,Outbound,Bus,-3.68409075,5.038636250000001,Attractor,0.15528922319820393
S17730,1.71818181818182,0.28863636363636347,EVANS ST AT LAMONT ST,40.3467,-79.8493,Outbound,Bus,1.4295454545454565,2.0068181818181836,Generator,5.952755905511821
E05510,11.9386365,4.7545455,BEATTY ST AT EVA ST,40.4612,-79.9274,Inbound,Bus,7.184091,16.693182,Generator,2.5109942685373396
E32750,3.709091,2.4431819999999997,JOHNSTON AVE AT BROADVIEW DR FS,40.4072,-79.9268,Both,Bus,1.2659090000000002,6.152272999999999,Generator,1.518139459115203
W03860,9.67272727272725,1.1772727272727275,CHARTIERS AVE OPP AMELIA ST,40.4649,-80.0685,Inbound,Bus,8.495454545454523,10.849999999999978,Generator,8.216216216216196
E34030,38.468180000000004,5.8204545,LAKETON RD OPP NELBON AVE,40.4596,-79.8438,Inbound,Bus,32.64772550000001,44.2886345,Generator,6.609136795073306
N49460,13.565909999999999,2.1090910000000003,SHADELAND AVE AT COMPLETE ST FS,40.4734,-80.0315,Inbound,Bus,11.456819,15.675000999999998,Generator,6.432112222753782
E01030,13.272727,5.92727275,FIFTH AVE AT BIRMINGHAM BRIDGE,40.4377,-79.9729,Outbound,Bus,7.3454542499999995,19.19999975,Generator,2.2392637490825775
N71245,0.05,0.025,1ST AVE AT BOYD ST,40.5994,-79.7555,Inbound,Bus,0.025,0.07500000000000001,Generator,2.0
E15060,2.9795455,1.756818,COLUMBO ST AT PACIFIC AVE,40.4691,-79.939,Inbound,Bus,1.2227275,4.7363634999999995,Generator,1.6959898521076173
E49970,0.0,1.12045455,SALTSBURG RD AT REITER RD,40.4764,-79.7808,Outbound,Bus,-1.12045455,1.12045455,Attractor,0.0
N31480,3.4068185,2.5295455000000002,MAIN ST AT 23RD ST,40.4934,-79.9142,Inbound,Bus,0.8772729999999997,5.936364,Generator,1.3468105238668369
X07040,1.093182,15.34318,GRANDVIEW AVE OPP PLYMOUTH ST,40.4389,-80.0205,Outbound,Bus,-14.249998,16.436362,Attractor,0.07124872418885786
N52550,1.3545455,0.9090909,TROY HILL RD AT CHESTNUT ST,40.4555,-79.9944,Inbound,Bus,0.4454545999999999,2.2636364,Generator,1.4900000649000005
W20450,1.0954545454545457,5.0931818181818205,ROBB ST AT HELEN ST,40.4706,-80.0545,Outbound,Bus,-3.997727272727275,6.188636363636366,Attractor,0.21508255243194996
N52630,0.7340909,17.586365,TROY HILL RD OPP GOETTMANN ST,40.4597,-79.9858,Outbound,Bus,-16.852274100000002,18.3204559,Attractor,0.04174204845628986
E45950,5.4227275,11.863635,PENN AVE AT EVALINE ST,40.4648,-79.9413,Outbound,Bus,-6.440907500000001,17.2863625,Attractor,0.45708819430132497
E26831,0.0,0.0,HULTON RD AT COXCOMB HILL RD,40.527,-79.8167,Inbound,Bus,0.0,0.0,Balanced,
E15660,90.34773,205.32955,CRAIG ST AT BAYARD ST,40.4497,-79.9506,Both,Bus,-114.98182000000001,295.67728,Attractor,0.4400132859590838
N05360,0.0,1.656818,AMITY DR AT BLAZE DR,40.5448,-79.9932,Outbound,Bus,-1.656818,1.656818,Attractor,0.0
W25550,6.254545454545455,3.79090909090909,WHITE AVE AT STOTZ AVE FS,40.4352,-80.0662,Outbound,Bus,2.4636363636363647,10.045454545454545,Generator,1.6498800959232618
E57620,4.99772735,0.1681818,WILKINS AVE AT #6647,40.4462,-79.9144,Both,Bus,4.82954555,5.16590915,Generator,29.716219888239987
X20080,1.8477272727272749,9.170454545454545,WEST LIBERTY AVE AT KELTON AVE FS,40.3926,-80.0375,Outbound,Bus,-7.3227272727272705,11.01818181818182,Attractor,0.2014869888475839
N15340,0.07272727500000001,0.14318180000000003,COLBY ST OPP REGULUS ST,40.4847,-80.0044,Outbound,Bus,-0.07045452500000002,0.21590907500000003,Attractor,0.507936588309408
P02080,59.69318125,209.7295418,GRANT ST AT STRAWBERRY WAY (US STEEL TOWER,40.4416,-79.9955,Both,Bus,-150.03636054999998,269.42272305,Attractor,0.2846198048099679
E36260,1.7477274999999999,0.27272725,LINCOLN HWY AT JACKS RUN RD FS,40.3685,-79.7808,Inbound,Bus,1.47500025,2.02045475,Generator,6.408334700694558
N10640,1.4636365,2.3704545,BRIGHTON RD OPP FARRIS ST STEPS,40.4627,-80.0202,Inbound,Bus,-0.9068180000000001,3.834091,Attractor,0.6174497337957763
N71322,3.286363636363635,0.0,CENTER AVE AT ALLEGHENY AVE,40.5131,-80.1012,Inbound,Bus,3.286363636363635,3.286363636363635,Generator,
N38370,58.145453,80.870454,NORTH AVE AT BRIGHTON RD,40.4541,-80.0144,Outbound,Bus,-22.725000999999992,139.015907,Attractor,0.7189950114537506
X02260,0.8431818,0.2681818,BOWER HILL RD AT PAINTERS RUN RD FS,40.364,-80.0869,Inbound,Bus,0.575,1.1113636,Generator,3.1440679419707074
E55800,0.85,4.3522725,VERONA RD OPP RANDOLPH LN,40.4788,-79.8407,Outbound,Bus,-3.5022724999999997,5.202272499999999,Attractor,0.19530027129505334
W21870,0.025,0.0,STEUBEN ST AT UNION AVE,40.439,-80.0625,Inbound,Bus,0.025,0.025,Generator,
E59140,1.0772727450000001,8.8022725,WM PENN HWY OPP KINGSTON DR,40.4298,-79.8094,Outbound,Bus,-7.724999755000001,9.879545245000001,Attractor,0.1223857526564873
E11590,1.1227274999999999,6.2545455,BUTLER ST AT 37TH ST,40.4661,-79.9648,Outbound,Bus,-5.131818,7.377273,Attractor,0.17950584898614932
S01340,11.85454545454545,41.67045454545455,2ND ST AT KENNEDY AVE FS,40.372,-79.8465,Outbound,Bus,-29.815909090909095,53.525,Attractor,0.2844832287973819
N32730,11.209090999999999,2.9363638,MCKNIGHT RD AT MCKNIGHT CIR(OPP ROSS PARK MAL,40.5422,-80.0133,Both,Bus,8.272727199999999,14.1454548,Generator,3.8173372795291916
N39570,3.4227272727272746,14.988636363636349,OHIO RIVER BLVD AT CAMP HORNE RD NS,40.5102,-80.0941,Outbound,Bus,-11.565909090909074,18.411363636363625,Attractor,0.2283548142532225
X70015,0.0,7.811363636363635,BOWER HILL RD AT LIBERTY ST,40.359,-80.1088,Outbound,Bus,-7.811363636363635,7.811363636363635,Attractor,0.0
N43550,2.7886365,37.238635,PERRYSVILLE AVE AT LANGLEY ST,40.4625,-80.0133,Outbound,Bus,-34.4499985,40.027271500000005,Attractor,0.07488557247063432
W19485,6.9295456,34.477275000000006,PARK MANOR BLVD OPP IKEA,40.4536,-80.1676,Outbound,Bus,-27.547729400000005,41.4068206,Attractor,0.20098878464147757
N71312,0.0,0.2659091,BROAD ST AT ST JAMES CHURCH,40.5376,-80.1836,Outbound,Bus,-0.2659091,0.2659091,Attractor,0.0
X00530,0.0,3.49318181818182,BANK ST AT WINFIELD ST,40.3505,-80.105,Outbound,Bus,-3.49318181818182,3.49318181818182,Attractor,0.0
E04310,42.08863636363637,4.365909090909092,ARDMORE BLVD AT MARION AVE FS,40.4199,-79.8501,Inbound,Bus,37.722727272727276,46.45454545454546,Generator,9.640291514836022
E46810,16.634090775,33.095453,PENN AVE OPP SHAW AVE FS,40.4052,-79.8289,Outbound,Bus,-16.461362225,49.729543774999996,Attractor,0.5026095510763972
N32460,1.9659091000000002,27.66591,MCKNIGHT RD AT SIEBERT RD,40.5304,-80.0096,Both,Bus,-25.7000009,29.6318191,Attractor,0.07105889883976345
X08950,0.047727275,2.706818,KATHLEEN ST OPP ESTELLA AVE,40.4257,-80.001,Outbound,Bus,-2.659090725,2.7545452750000003,Attractor,0.017632243837598243
E20610,14.01591,33.81818,FRANKSTOWN RD AT ROBINSON BLVD NS,40.4609,-79.8672,Outbound,Bus,-19.80227,47.834089999999996,Attractor,0.41444897389510615
E70888,10.586365,4.2977275,BEACON ST OPP MUNHALL RD,40.4346,-79.9246,Outbound,Bus,6.288637500000001,14.884092500000001,Generator,2.463247146311627
E34760,0.95227275,2.0136365,LEMINGTON AVE AT OBERLIN ST,40.4671,-79.8902,Outbound,Bus,-1.06136375,2.96590925,Attractor,0.47291194314366075
E20795,9.0704545,3.334091,FRANKSTOWN AVE AT LAWNDALE ST,40.4552,-79.8817,Inbound,Bus,5.7363635,12.404545500000001,Generator,2.7205179762639955
W10350,3.13409090909091,11.815909090909098,ISLAND AVE AT CHURCHILL ST,40.4724,-80.0616,Outbound,Bus,-8.681818181818189,14.950000000000008,Attractor,0.2652433160223119
E70333,0.52045455,1.6636365,UPLAND ST OPP APPLE ST,40.4619,-79.8938,Inbound,Bus,-1.14318195,2.18409105,Attractor,0.3128415071441387
S70374,0.090909090909091,2.111363636363635,OHIO AVE OPP WALL ST,40.3172,-79.8897,Outbound,Bus,-2.020454545454544,2.202272727272726,Attractor,0.04305705059203451
N08650,7.372727272727275,3.7772727272727247,BEAVER ST AT SPENCER ST,40.565,-80.2071,Inbound,Bus,3.59545454545455,11.149999999999999,Generator,1.9518652226233473
E01330,33.072727975,45.0954541,FIFTH AVE AT MAGEE ST,40.4387,-79.9881,Inbound,Bus,-12.022726124999998,78.168182075,Attractor,0.7333938339252692
E09540,78.15227272727273,137.5068181818182,BRADDOCK HILLS SHPG CTR AT PROPEL SCHOOL,40.4146,-79.8533,Both,Bus,-59.35454545454547,215.65909090909093,Attractor,0.5683519825463199
W22460,0.36363635,3.809091,STEUBENVILLE PIKE OPP MCCORMICK RD,40.4494,-80.1248,Outbound,Bus,-3.44545465,4.17272735,Attractor,0.09546538793638693
E06420,4.711364,0.32727275,BEELER ST AT OLYMPIA PL,40.4454,-79.9349,Inbound,Bus,4.38409125,5.038636749999999,Generator,14.395833444733787
E16530,3.875,8.815909,DEVILLIERS ST AT WYLIE AVE,40.4442,-79.9807,Outbound,Bus,-4.9409089999999996,12.690909,Attractor,0.4395462793456693
N44060,0.965909,1.2068182,PERRYSVILLE AVE OPP #3358,40.4812,-80.0135,Inbound,Bus,-0.24090920000000005,2.1727272,Attractor,0.8003765604463041
E18907,67.42954545454545,0.543181818181818,EXPOMART DR AT WEST ENTRANCE,40.4324,-79.794,Inbound,Bus,66.88636363636363,67.97272727272727,Generator,124.13807531380756
E12340,3.9022725,23.5681835,BUTLER ST OPP 48TH ST,40.4757,-79.9576,Outbound,Bus,-19.665911,27.470456,Attractor,0.1655737490333101
S70396,5.215909,8.9295455,LEWIS RUN RD AT SOUTHWESTERN HEALTH CENTER,40.3292,-79.9379,Outbound,Bus,-3.7136365,14.1454545,Attractor,0.5841180830536112
W00470,1.3204544999999999,10.004545,4TH AVE OPP THORN RUN RD (OPP PARK AND RID,40.5234,-80.1769,Outbound,Bus,-8.6840905,11.3249995,Attractor,0.131985462607245
W21670,1.7863636363636364,4.1727272727272755,STEUBEN ST AT RICHMOND ST,40.4387,-80.071,Outbound,Bus,-2.3863636363636394,5.959090909090912,Attractor,0.4281045751633984
S21320,1.340909,0.022727275,GREENSPRINGS AVE AT CHURCH ST,40.3906,-79.8824,Inbound,Bus,1.3181817249999999,1.363636275,Generator,58.99999010000098
E08051,2.4545455,0.45681820000000006,BLACK ST OPP CHISLETT ST,40.4697,-79.9304,Inbound,Bus,1.9977273,2.9113637,Generator,5.373134214004608
P03660,214.07955,861.8659250000001,WOOD ST AT THIRD AVE FS,40.4391,-80.0015,Inbound,Bus,-647.786375,1075.945475,Attractor,0.24839078073541426
X13590,7.3727275,0.045454545,PIONEER AVE AT ROSSMORE AVE,40.3979,-80.0228,Inbound,Bus,7.327272955,7.418182045,Generator,162.20000662200007
E20785,0.8886363500000001,10.993182000000001,FRANKSTOWN AVE OPP STANDARD AVE FS,40.4571,-79.8775,Outbound,Bus,-10.10454565,11.881818350000001,Attractor,0.08083522586999833
S70318,0.0,0.02272727272727275,HWY RT 885 AT PAYNE HILL RD FS,40.3101,-79.9155,Inbound,Bus,-0.02272727272727275,0.02272727272727275,Attractor,0.0
S40565,4.8886363636363654,3.0545454545454547,RICHLAND AVE AT 4TH ST FS,40.3498,-79.8932,Inbound,Bus,1.8340909090909108,7.94318181818182,Generator,1.600446428571429
E02810,1.584091,0.07045454500000001,ABER RD AT #8141,40.4712,-79.8612,Both,Bus,1.5136364549999999,1.654545545,Generator,22.483872403121755
N08180,12.35909,14.9,BEAVER RD AT BLACKBURN RD FS,40.5415,-80.1819,Outbound,Bus,-2.5409100000000002,27.25909,Attractor,0.8294691275167785
E50570,0.7,0.025,SALTSBURG RD OPP REITER RD,40.4765,-79.7804,Inbound,Bus,0.6749999999999999,0.725,Generator,27.999999999999996
N43930,16.679544999999997,2.2818180000000003,PERRYSVILLE AVE OPP CHERRYFIELD ST,40.485,-80.0157,Inbound,Bus,14.397726999999996,18.961363,Generator,7.309761339423212
S10560,2.3272727,13.590908500000001,BUTTERMILK HOLLOW RD OPP THOMPSON RUN RD,40.3608,-79.9077,Outbound,Bus,-11.263635800000001,15.918181200000001,Attractor,0.17123746363239806
X04170,0.05,0.0,CEDAR BLVD AT #1281,40.3631,-80.0634,Inbound,Bus,0.05,0.05,Generator,
E48641,3.6022725,6.818182,ROBERTS ST AT WEBSTER AVE,40.4445,-79.985,Outbound,Bus,-3.2159095,10.4204545,Attractor,0.5283332859111124
E05515,4.172727,2.168182,BEATTY ST AT BAUM BLVD NS,40.4605,-79.9279,Inbound,Bus,2.0045450000000002,6.340909,Generator,1.924528014714632
E52485,1.0090909,15.079545,SOUTH AVE AT WEST ST,40.4437,-79.8906,Outbound,Bus,-14.0704541,16.0886359,Attractor,0.06691786124846605
E33160,5.465909045,12.420454999999999,KELLY AVE AT PITT ST,40.4406,-79.8896,Both,Bus,-6.954545954999999,17.886364045,Attractor,0.4400731732452636
S00160,93.15908950000001,203.693185,S 18TH ST AT ARLINGTON AVE,40.4179,-79.9864,Outbound,Bus,-110.53409549999999,296.8522745,Attractor,0.45735005567319303
E18627,5.068182,25.629545,ELLSWORTH AVE AT SUMMERLEA ST,40.4551,-79.9318,Outbound,Bus,-20.561363,30.697727,Attractor,0.19774763851640753
E32850,5.6886365,5.140909,JONES AVE OPP HAWKINS AVE,40.4048,-79.8609,Outbound,Bus,0.5477275000000006,10.8295455,Generator,1.1065429284976647
N71277,2.09318159,0.16590908999999998,GAMMA DR AT COMFORT INN DRVWY,40.501,-79.861,Inbound,Bus,1.9272725,2.25909068,Generator,12.616437049953081
E35410,50.245455,28.047729999999998,LIBERTY AVE AT PEARL ST,40.4621,-79.95,Outbound,Bus,22.197725000000002,78.293185,Generator,1.7914267928277976
E58150,7.2545455,8.543182,WINTERBURN AVE OPP FARNSWORTH ST,40.4231,-79.9398,Outbound,Bus,-1.2886365,15.7977275,Attractor,0.8491619984216654
X20230,0.35,0.095454545,WEST LIBERTY AVE AT #2665,40.3975,-80.0285,Inbound,Bus,0.254545455,0.445454545,Generator,3.6666666841269837
E30320,0.50227275,0.025,HWY RT 286 AT DUANE DR,40.4684,-79.706,Inbound,Bus,0.47727275,0.5272727500000001,Generator,20.09091
S24000,0.4113636363636365,2.51818181818182,HWY RT 51 AT OLD CLAIRTON RD FS (LARGE),40.2944,-79.918,Outbound,Bus,-2.1068181818181833,2.9295454545454565,Attractor,0.1633574007220216
E70842,0.7318182000000001,0.1431818,HAZELWOOD AVE OPP GLADSTONE ST,40.4124,-79.9402,Outbound,Bus,0.5886364000000001,0.8750000000000001,Generator,5.11111188712532
E17313,14.445455345,32.08636335,EAST BUSWAY AT GARAGE EMPLOYEES ONLY STOP,40.4576,-79.9121,Outbound,Busway,-17.640908005,46.531818695,Attractor,0.45020544046790517
S04090,3.7227272727272753,4.072727272727275,AMITY ST AT 10TH AVE,40.4058,-79.9096,Outbound,Bus,-0.34999999999999964,7.79545454545455,Attractor,0.9140625000000001
W70142,0.584090909090909,0.21136363636363648,STEUBEN ST AT WINLOCK AVE,40.4408,-80.0612,Outbound,Bus,0.3727272727272725,0.7954545454545454,Generator,2.7634408602150518
E70455,0.325,0.95,UPLAND ST OPP STERRETT ST STEPS NS,40.4615,-79.8922,Outbound,Bus,-0.625,1.275,Attractor,0.34210526315789475
W08070,1.3909090000000002,0.38863635,GREENTREE RD AT LINDSAY RD,40.3861,-80.0846,Inbound,Bus,1.00227265,1.7795453500000002,Generator,3.578947260080021
N71316,5.234091,13.422725,CALIFORNIA AVE AT CHIDELL ST,40.4772,-80.0401,Outbound,Bus,-8.188634,18.656816,Attractor,0.3899425042232483
W22430,1.65,5.2295455,STEUBENVILLE PIKE AT PITTSBURGH MOTEL,40.4399,-80.0913,Outbound,Bus,-3.5795455000000005,6.879545500000001,Attractor,0.3155149907386789
S34160,0.561363645,5.352273,MIFFLIN RD AT MOHRBACH ST FS,40.3666,-79.9098,Outbound,Bus,-4.790909355,5.913636645,Attractor,0.10488322344544085
X02160,6.3454545,0.095454545,BOWER HILL RD AT KELSO RD,40.372,-80.0779,Inbound,Bus,6.249999955,6.440909045,Generator,66.47619031655329
N33210,1.981818,3.9545455,MEADVILLE ST AT RISING MAIN AVE,40.4636,-80.006,Outbound,Bus,-1.9727275,5.936363500000001,Attractor,0.5011493735500072
S10460,0.7136363499999999,1.19545455,BUTTERMILK HOLLOW RD OPP PGH-MCKEESPORT BLVD,40.3588,-79.9085,Outbound,Bus,-0.4818182000000001,1.9090908999999998,Attractor,0.5969581612282959
N13950,3.084091,3.7795455000000002,CENTER AVE AT NORWICH ST,40.5178,-80.0231,Outbound,Bus,-0.6954545000000003,6.8636365,Attractor,0.8159952036561009
E20680,7.0931820000000005,13.711364,FRANKSTOWN AVE AT STERRETT ST,40.4569,-79.8943,Outbound,Bus,-6.618181999999999,20.804546000000002,Attractor,0.5173213985129416
W11730,0.0,0.5113636500000001,LINDSAY RD AT SWALLOW HILL RD FS,40.3846,-80.0708,Outbound,Bus,-0.5113636500000001,0.5113636500000001,Attractor,0.0
E50550,0.025,3.59090885,SALTSBURG RD OPP MILLERS LN,40.4752,-79.7728,Outbound,Bus,-3.56590885,3.61590885,Attractor,0.006962025783528313
E51400,2.609091,6.890909,SHADY AVE AT NORTHUMBERLAND ST,40.4421,-79.92,Outbound,Bus,-4.2818179999999995,9.5,Attractor,0.37862798652543517
E54170,1.37045455,3.35454545,TERRACE ST OPP DUNSSEITH ST,40.4404,-79.965,Outbound,Bus,-1.9840908999999998,4.725,Attractor,0.40853658727443987
S05380,7.1136365,0.0,BAPTIST RD AT WINDVALE DR,40.354,-80.0053,Inbound,Bus,7.1136365,7.1136365,Generator,
N71273,2.931818,5.6386365000000005,ALPHA DR AT FREEPORT RD FS,40.4917,-79.866,Outbound,Bus,-2.7068185000000007,8.5704545,Attractor,0.5199515875868217
E57670,5.297727500000001,43.027275,WILKINS AVE AT WIGHTMAN ST,40.4441,-79.9281,Outbound,Bus,-37.7295475,48.325002500000004,Attractor,0.12312486672697726
W04370,2.51818181818182,2.663636363636365,CHARTIERS VALLEY SC DR AT K MART (FRONT),40.3668,-80.11,Both,Bus,-0.14545454545454506,5.181818181818185,Attractor,0.945392491467577
S44760,33.8409090909091,16.83181818181816,ST CLAIR AVE AT 6TH ST FS,40.2935,-79.8879,Both,Bus,17.00909090909094,50.67272727272726,Generator,2.0105320010802084
X70082,0.0,0.0,BOWER HILL RD AT BEDNER'S FARM MARKET,40.3616,-80.09,Inbound,Bus,0.0,0.0,Balanced,
E01550,15.254546999999999,39.845453500000005,FIFTH AVE AT ROBINSON ST,40.4378,-79.9652,Both,Bus,-24.590906500000006,55.10000050000001,Attractor,0.38284285056512146
E38350,3.663636363636366,10.20909090909091,MALL BLVD OPP K-MART,40.4319,-79.7912,Both,Bus,-6.545454545454545,13.872727272727277,Attractor,0.35886019590382917
E32370,40.49091,6.9795453,JANCEY ST AT GREENWOOD ST,40.486,-79.9265,Inbound,Bus,33.5113647,47.4704553,Generator,5.801367891401178
W17780,13.627275000000001,3.6954545,NOBLESTOWN RD OPP NOBLE MANOR (COGOS),40.4271,-80.0554,Inbound,Bus,9.9318205,17.3227295,Generator,3.6875775361325656
E23445,7.495454499999999,6.2068185,FRIENDSHIP AVE AT ELLA ST,40.4646,-79.9505,Outbound,Bus,1.2886359999999994,13.702272999999998,Generator,1.2076161885513488
X20435,13.51591,21.631819999999998,WEST LIBERTY AVE AT WENZELL AVE,40.3985,-80.0261,Outbound,Bus,-8.115909999999998,35.147729999999996,Attractor,0.6248161273531307
W24770,13.129545454545452,1.6363636363636358,WASHINGTON PIKE OPP GREAT SOUTHERN SHPG CTR,40.3683,-80.1029,Inbound,Bus,11.493181818181817,14.765909090909087,Generator,8.023611111111112
P01040,469.75458249999997,925.4500400000001,9TH ST AT PENN AVE,40.4439,-79.9985,Both,Bus,-455.6954575000001,1395.2046225,Attractor,0.5075958314292146
E50020,0.025,0.670454545,SALTSBURG RD AT CHANTICLEER DR,40.4755,-79.7937,Outbound,Bus,-0.645454545,0.695454545,Attractor,0.03728813561850043
N10380,5.1295455,52.545455,BRIGHTON RD AT DAVIS AVE,40.4815,-80.0336,Outbound,Bus,-47.4159095,57.675000499999996,Attractor,0.09762110728701465
E45940,15.1,12.559090000000001,PENN AVE AT EVALINE ST,40.4648,-79.941,Inbound,Bus,2.5409099999999984,27.65909,Generator,1.2023164098672752
S39710,0.6681817999999999,17.14318,PROSPECT RD AT E WILLOCK RD,40.3633,-79.9683,Outbound,Bus,-16.4749982,17.8113618,Attractor,0.0389765376085417
W70050,9.925,2.4522725000000003,OVERLOOK PL AT PLEASANT RIDGE RD,40.4801,-80.0751,Both,Bus,7.4727275,12.3772725,Generator,4.047266362119218
N71210,1457.104536375,2450.7772089,NORTH SIDE STATION,40.4475,-80.00895,Inbound,Light Rail,-993.672672525,3907.881745275,Attractor,0.5945479381330638
N10450,57.661364999999996,20.406819499999997,BRIGHTON RD AT JACKSONIA ST,40.457,-80.0157,Inbound,Bus,37.2545455,78.0681845,Generator,2.8255929347539928
N13780,0.28636364999999997,2.2863635,CENTER AVE AT COLUMBIA AVE FS,40.5202,-80.042,Outbound,Bus,-1.9999998500000002,2.5727271500000004,Attractor,0.12524852238062756
E08090,46.288637,18.429546199999997,BLVD OF ALLIES AT BATES ST,40.4352,-79.9563,Both,Bus,27.859090800000004,64.7181832,Generator,2.5116536510269585
N71209,1.218182,10.4295455,AMBULATORY CARE CENTER DR AT BLDG #51,40.495,-79.8887,Both,Bus,-9.2113635,11.6477275,Attractor,0.11680106290346019
N37280,0.0,1.4,MT TROY RD OPP KLEMENTINA DR,40.4895,-79.9924,Outbound,Bus,-1.4,1.4,Attractor,0.0
N45950,0.1590909,3.7295455,RIDGE AVE OPP GALVESTON AVE,40.4501,-80.016,Outbound,Bus,-3.5704546,3.8886363999999998,Attractor,0.042656913556893196
S42400,41.4590907,17.872727575,SOUTH BUSWAY AT PALM GARDEN,40.4161,-80.0118,Outbound,Busway,23.586363125,59.331818274999996,Generator,2.3196845879300545
E04663,0.9136365,0.9090909,AVENUE U AT WATKINS AVE,40.3949,-79.8039,Outbound,Bus,0.0045455999999999275,1.8227274,Generator,1.0050001600500016
W21550,6.2250000000000005,1.37272725,STEUBEN ST AT HARKER ST,40.443,-80.0441,Inbound,Bus,4.852272750000001,7.59772725,Generator,4.534768286999475
N71218,61.62954545454545,12.69772727272729,LINCOLN AVE AT STARR AVE FS (KUHN'S),40.4976,-80.0598,Inbound,Bus,48.93181818181816,74.32727272727274,Generator,4.853588688025767
E35430,4.99318195,7.252273000000001,LIBERTY AVE AT WINEBIDDLE ST,40.4588,-79.9436,Inbound,Bus,-2.2590910500000003,12.245454950000001,Attractor,0.6884988954497439
N36955,0.0,0.690909,MT TROY RD AT FORNOF LN,40.4782,-79.986,Outbound,Bus,-0.690909,0.690909,Attractor,0.0
E70273,18.875,10.879545499999999,ALLEQUIPPA ST AT SR RESIDENCE (TERRACE),40.4406,-79.9688,Outbound,Bus,7.995454500000001,29.7545455,Generator,1.734907032651318
E11690,51.66136,11.75454525,BUTLER ST AT 44TH ST,40.4716,-79.9598,Inbound,Bus,39.90681475,63.41590525,Generator,4.395011368049309
E13610,83.99318,96.21590499999999,CENTRE AVE AT MELWOOD AVE,40.4522,-79.951,Both,Bus,-12.222724999999997,180.209085,Attractor,0.8729656494942286
E70824,0.775,11.30227272727273,5TH ST AT BRINTON AVE,40.386,-79.7605,Outbound,Bus,-10.52727272727273,12.07727272727273,Attractor,0.06857027950935048
E44730,0.05,5.954545454545455,OXFORD DR AT MALL BLVD,40.432,-79.7891,Outbound,Bus,-5.904545454545455,6.004545454545455,Attractor,0.008396946564885497
S70524,0.02272727272727275,3.30909090909091,CLOVERFIELD DR AT SANDRA DR,40.3975,-79.966,Outbound,Bus,-3.286363636363637,3.331818181818183,Attractor,0.006868131868131872
E11620,30.236365,22.561365000000002,BUTLER ST AT 39TH ST,40.4677,-79.9637,Inbound,Bus,7.674999999999997,52.79773,Generator,1.3401833178090066
S70639,2.6681818181818198,0.075,AURILES ST AT KENNEDY AVE,40.3704,-79.8527,Inbound,Bus,2.5931818181818196,2.74318181818182,Generator,35.5757575757576
N21770,0.0,0.0,FREEPORT RD AT ROSS ST,40.6278,-79.7193,Outbound,Bus,0.0,0.0,Balanced,
W26390,0.697727272727273,1.209090909090909,W PROSPECT AVE OPP MAINSGATE ST,40.4462,-80.068,Outbound,Bus,-0.511363636363636,1.906818181818182,Attractor,0.5770676691729326
E53240,1.9568180000000002,7.2863635,STATION ST OPP HERMAN AVE,40.3933,-79.8084,Both,Bus,-5.3295455,9.2431815,Attractor,0.2685589320379089
N70009,1.556818,5.993182,CALIFORNIA AVE AT ST JOHN'S CHURCH,40.4679,-80.0352,Outbound,Bus,-4.436364,7.55,Attractor,0.25976484612014117
E35760,2.08636385,18.1318205,LINCOLN AVE AT APPLE ST,40.4646,-79.899,Outbound,Bus,-16.04545665,20.21818435,Attractor,0.11506642976087261
E70084,2.21136365,12.16818,ALLEQUIPPA ST AT ROBINSON ST,40.4427,-79.9659,Inbound,Bus,-9.95681635,14.379543649999999,Attractor,0.18173331180176494
N44840,12.224998,4.2022725,PITTSBURGH ST AT ROSA ST FS,40.5413,-79.7869,Inbound,Bus,8.0227255,16.4272705,Generator,2.909139757119511
E02430,2.7704545454545437,0.0,7TH ST AT PROSPECT AVE,40.3864,-79.7525,Inbound,Bus,2.7704545454545437,2.7704545454545437,Generator,
N12740,1.531818,18.925,CALIFORNIA AVE AT COOPER AVE,40.483,-80.0411,Outbound,Bus,-17.393182,20.456818000000002,Attractor,0.08094150594451782
N10510,5.234091,40.85682,BRIGHTON RD AT MARSHALL AVE,40.4668,-80.0249,Outbound,Bus,-35.622729,46.090911,Attractor,0.12810813470064486
S14746,1.8522727272727275,4.0590909090909095,DUQUESNE BLVD AT OVERLAND AVE,40.3797,-79.8541,Both,Bus,-2.206818181818182,5.911363636363637,Attractor,0.4563269876819709
N50240,3.8772725,0.2068182,SOUTH SIDE AVE AT MATHIAS ST,40.4701,-79.9958,Inbound,Bus,3.6704543000000003,4.0840907,Generator,18.74725000024176
E07870,5.3045455,1.5386365,BIGELOW ST AT HAZELWOOD AVE,40.4197,-79.9341,Inbound,Bus,3.7659089999999997,6.843182,Generator,3.4475625009545787
S26920,7.9477275,0.16363634999999999,JOSEPHINE ST AT S 26TH ST,40.4241,-79.9698,Inbound,Bus,7.78409115,8.11136385,Generator,48.569449880787495
N14800,26.602272499999998,1.959091,N CHARLES ST OPP WILSON AVE,40.4693,-80.0146,Inbound,Bus,24.643181499999997,28.5613635,Generator,13.578885564784892
S12790,2.334091,1.8113635000000001,ZUPANCIC DR AT HURL LN,40.321,-79.9833,Both,Bus,0.5227274999999998,4.1454545,Generator,1.2885823303826094
E36240,0.095454545,0.022727275,LINCOLN HWY AT GREENSBURG PIKE,40.3815,-79.8168,Inbound,Bus,0.07272727,0.11818182,Generator,4.199999560000044
W17100,0.7954545,21.352275,NOBLESTOWN RD AT #2128,40.432,-80.0527,Outbound,Bus,-20.5568205,22.147729499999997,Attractor,0.03725385234126106
N38140,5.572727272727275,6.945454545454545,PASSAVANT HOSPITAL AT MAIN ENTRANCE,40.5722,-80.0135,Both,Bus,-1.3727272727272704,12.51818181818182,Attractor,0.8023560209424088
N21200,1.9386362750000001,0.07045455,FREEPORT RD AT GLASSMERE GAS STATION,40.5606,-79.773,Inbound,Bus,1.8681817250000001,2.0090908250000004,Generator,27.516125998959613
N05990,0.9431818000000001,29.197725,ARCH ST AT RIDGE AVE,40.4522,-80.0088,Inbound,Bus,-28.254543199999997,30.1409068,Attractor,0.03230326335356608
S24340,23.577274000000003,9.490908775000001,HWY RT 51 OPP E BRUCETON RD,40.3285,-79.9448,Both,Bus,14.086365225000002,33.068182775000004,Generator,2.4841956190860133
S02660,28.147727272727266,8.240909090909092,8TH AVE AT DICKSON ST,40.409,-79.9052,Both,Bus,19.906818181818174,36.38863636363636,Generator,3.4156094870380573
E35270,48.715909999999994,81.20909,LIBERTY AVE AT ELLA ST,40.4631,-79.9517,Inbound,Bus,-32.49318000000001,129.925,Attractor,0.5998824762104832
P02060,62.4090891,2.656818,GRANT ST AT POST OFFICE,40.443,-79.9943,Outbound,Bus,59.7522711,65.0659071,Generator,23.49016345869382
S50180,4.179545454545455,0.24545454545454545,WORTHINGTON AVE AT 10TH ST,40.292,-79.8936,Inbound,Bus,3.934090909090909,4.425,Generator,17.02777777777778
E45080,2.0681818,5.409091,PAULSON AVE AT BRAINARD ST,40.4686,-79.9018,Outbound,Bus,-3.3409092,7.4772728,Attractor,0.3823529313890264
N22420,6.61590909090909,8.852272727272725,FREEPORT RD OPP HULTON BRIDGE NS,40.529,-79.8502,Inbound,Bus,-2.2363636363636346,15.468181818181815,Attractor,0.7473684210526317
E01820,13.772727499999998,43.48182,FIFTH AVE AT WILKINS AVE FS,40.4478,-79.9369,Both,Bus,-29.7090925,57.2545475,Attractor,0.31674680360665675
W10270,28.6068181818182,5.9522727272727245,ISLAND AVE OPP ADRIAN ST,40.4745,-80.0643,Inbound,Bus,22.654545454545474,34.559090909090926,Generator,4.806032836960677
N05450,0.0,1.15454545,AMITY DR AT THOMPSON RUN RD,40.5501,-79.9977,Outbound,Bus,-1.15454545,1.15454545,Attractor,0.0
S70136,11.068181818181817,11.354545454545457,WATERFRONT DR OPP BRIDGE ST (RED ROBIN),40.4095,-79.9166,Both,Bus,-0.2863636363636406,22.422727272727272,Attractor,0.9747798238590869
E19590,77.956818,61.118182,FORBES AVE AT MILTENBERGER ST,40.4375,-79.9817,Outbound,Bus,16.838636,139.075,Generator,1.2755094384188326
S47590,22.668183499999998,6.50227275,WARRINGTON AVE AT ESTELLA AVE,40.421,-80.0007,Both,Bus,16.16591075,29.170456249999997,Generator,3.4861938850534986
E32760,1.613636275,1.7704545,JOHNSTON AVE OPP BROADVIEW DR,40.4074,-79.9264,Both,Bus,-0.1568182250000001,3.3840907749999998,Attractor,0.911424877058405
W05670,0.0,0.025,CRABAPPLE DR AT #4023,40.4686,-80.1122,Both,Bus,-0.025,0.025,Attractor,0.0
W08049,0.05,0.6704545454545455,GREENTREE RD AT GREENRIDGE LN,40.4099,-80.0481,Outbound,Bus,-0.6204545454545455,0.7204545454545456,Attractor,0.07457627118644067
S34220,1.6090911499999998,0.09090909,MIFFLIN RD AT #5419,40.3682,-79.9104,Inbound,Bus,1.5181820599999998,1.7000002399999998,Generator,17.700002827000027
P03690,583.045476,1724.46823,WOOD ST AT SIXTH AVE,40.4418,-79.9996,Inbound,Bus,-1141.422754,2307.5137059999997,Attractor,0.33810160480602186
N53595,3.0840907,24.159090000000003,WEST VIEW PARK DR AT PERRY HWY FS,40.5175,-80.032,Outbound,Bus,-21.0749993,27.243180700000003,Attractor,0.1276575690557881
E70945,0.9772725,3.1204545,HILLCREST ST OPP WICKLOW ST,40.4678,-79.9357,Outbound,Bus,-2.1431820000000004,4.097727,Attractor,0.31318274309079014
S70622,0.3136363636363635,0.268181818181818,HWY RT 885 AT #1620,40.3241,-79.9269,Outbound,Bus,0.04545454545454547,0.5818181818181816,Generator,1.169491525423729
S33270,5.5886365,7.3886365000000005,MCKINLEY ST AT ALICE ST,40.4101,-79.9947,Both,Bus,-1.8000000000000007,12.977273,Attractor,0.7563826559880161
S35470,1.965909,0.07045454500000001,ARLINGTON AVE AT NEWTON ST,40.4265,-79.9929,Inbound,Bus,1.8954544549999999,2.036363545,Generator,27.90322469614983
S04490,11.486365,1.184091,ARLINGTON AVE AT KOEHLER ST,40.4176,-79.9846,Inbound,Bus,10.302273999999999,12.670456,Generator,9.700576222604512
E20330,17.486365,5.0454545,FRANKSTOWN AVE AT BRADDOCK AVE,40.4559,-79.8896,Inbound,Bus,12.4409105,22.531819499999997,Generator,3.4657660672591537
S50350,1.979545454545455,0.190909090909091,YESTER SQ AT CRAIG ST,40.3495,-79.8397,Outbound,Bus,1.788636363636364,2.170454545454546,Generator,10.369047619047617
W08089,14.879545,0.025,GREENTREE RD AT RYAN DR NS,40.4024,-80.0616,Inbound,Bus,14.854545,14.904545,Generator,595.1818
N41310,18.3068185,1.3749998,PENFORT ST AT ESSEN ST,40.4733,-80.003,Inbound,Bus,16.931818699999997,19.6818183,Generator,13.314051754771162
E44770,0.143181818181818,4.770454545454545,OXFORD DR AT RACQUET CLUB APTS,40.4313,-79.7876,Outbound,Bus,-4.627272727272727,4.913636363636362,Attractor,0.030014292520247704
E56225,6.734090775,0.40227272499999994,WARREN DR AT WALMART DRVWY,40.3857,-79.8216,Both,Bus,6.331818050000001,7.1363635,Generator,16.74011275559386
S42350,68.02954895,106.2795485,SOUTH BUSWAY AT SOUTH HILLS JCT,40.4213,-80.0068,Inbound,Busway,-38.24999955,174.30909745000002,Attractor,0.6401000936694796
E29710,8.788636499999999,9.311363499999999,HOMEWOOD AVE AT FRANKSTOWN AVE,40.4574,-79.8963,Outbound,Bus,-0.5227269999999997,18.099999999999998,Attractor,0.9438613904397568
S30245,1.618182,0.0,LONG RUN RD OPP COOLSPRINGS RD,40.3326,-79.8137,Inbound,Bus,1.618182,1.618182,Generator,
S70317,0.02272727272727275,0.0,HWY RT 885 AT WRAY DR FS,40.3152,-79.9172,Inbound,Bus,0.02272727272727275,0.02272727272727275,Generator,
E46060,219.82272634999998,167.0227245,PENN AVE AT HIGHLAND AVE,40.4614,-79.9246,Inbound,Bus,52.80000184999997,386.84545085,Generator,1.3161246591328353
N19545,0.7545454545454546,0.0,FERGUSON RD AT LINWOOD DR #2,40.5571,-79.9735,Inbound,Bus,0.7545454545454546,0.7545454545454546,Generator,
E70982,0.40454545,0.047727275,BLAIR ST AT BEEHIVE ST,40.4181,-79.9506,Inbound,Bus,0.35681817499999996,0.452272725,Generator,8.476189977324287
E38110,2.747727272727275,1.422727272727275,MAIN ST AT RIDGE AVE,40.3984,-79.841,Inbound,Bus,1.3249999999999997,4.17045454545455,Generator,1.931309904153353
N08780,3.9840909090909102,3.079545454545455,BEAVER RD OPP MEADOW LN FS,40.547,-80.1893,Outbound,Bus,0.9045454545454552,7.063636363636365,Generator,1.293726937269373
N33120,2.32954565,62.059092275,MCKNIGHT RD OPP NORTH HILLS VILLAGE (NORTH ENT,40.5281,-80.0067,Both,Bus,-59.729546625,64.388637925,Attractor,0.0375375398608342
N08000,0.64772725,0.35227275,BEAVER AVE AT BRANCHPORT ST,40.4594,-80.0311,Both,Bus,0.29545449999999995,1.0,Generator,1.8387094942768065
E70989,35.70682,3.972727,LAWRENCEVILLE SHOPPING CTR (BO,40.4834,-79.9475,Inbound,Bus,31.734093,39.679547,Generator,8.98798734471309
E36070,1.19999985,16.54318,LINCOLN AVE OPP CHURCHLAND ST,40.4697,-79.8945,Outbound,Bus,-15.34318015,17.74317985,Attractor,0.07253743536611462
S46830,0.0,0.02272727272727275,WALNUT ST AT 15TH AVE BRIDGE,40.34,-79.8597,Inbound,Bus,-0.02272727272727275,0.02272727272727275,Attractor,0.0
N18820,0.0,0.0,EVERGREEN & PEOPLES PLANK RD AT IVORY AVE NS,40.4963,-80.0079,Inbound,Bus,0.0,0.0,Balanced,
E52670,6.1522725000000005,27.954545,STANTON AVE AT HETH'S AVE,40.4723,-79.9282,Outbound,Bus,-21.8022725,34.1068175,Attractor,0.2200812962614845
E05920,16.068182,3.24318175,BEECHWOOD BLVD AT FEDERAL HILL ST,40.4209,-79.9274,Inbound,Bus,12.82500025,19.31136375,Generator,4.954450055104066
E45150,0.42272725,3.5113635,PAULSON AVE AT LEMINGTON AVE,40.47,-79.8974,Outbound,Bus,-3.08863625,3.9340907499999997,Attractor,0.12038834771734684
E32748,34.270455,17.959091349999998,JOHNSTON AVE AT MANSION ST,40.4055,-79.9373,Both,Bus,16.31136365,52.22954634999999,Generator,1.908251054138104
N47130,0.04772727272727275,0.7431818181818179,SAMPLE RD AT EASTVIEW DR #1,40.5707,-80.0008,Both,Bus,-0.6954545454545452,0.7909090909090907,Attractor,0.06422018348623858
E53160,1.0090909,6.5,STANTON AVE AT UPVIEW TERRACE,40.4793,-79.9438,Outbound,Bus,-5.4909091,7.5090909,Attractor,0.15524475384615383
E42132,53.31591,59.511365,NEVILLE RAMP AT CENTRE AVE FS,40.4527,-79.9497,Outbound,Bus,-6.1954549999999955,112.827275,Attractor,0.8958945908903283
E50390,0.19772727499999998,0.35454545000000004,SALTSBURG RD OPP CRESTVIEW DR,40.476,-79.7787,Outbound,Bus,-0.15681817500000006,0.552272725,Attractor,0.5576923212524655
E58780,6.9068181818181795,0.5295454545454545,WM PENN HWY AT RED LOBSTER,40.438,-79.7756,Inbound,Bus,6.377272727272725,7.436363636363634,Generator,13.042918454935618
X70073,28.072725,7.4045455,WASHINGTON RD AT BOWER HILL RD FS,40.3873,-80.0436,Inbound,Bus,20.668179499999997,35.477270499999996,Generator,3.7912826654924325
X04210,0.18863635,3.306818,CEDAR BLVD OPP BEADLING RD,40.3663,-80.0612,Outbound,Bus,-3.11818165,3.4954543499999997,Attractor,0.05704467255228441
S08170,0.975,1.6363634999999999,BROWNSVILLE RD AT BAPTIST RD FS,40.3613,-79.9911,Inbound,Bus,-0.6613634999999999,2.6113635,Attractor,0.5958333829861153
S04000,35.525,8.277272499999999,AMANDA ST AT ARLINGTON AVE,40.4183,-79.9882,Inbound,Bus,27.2477275,43.8022725,Generator,4.291872715317758
N20990,0.04545454545454545,0.0,FREEPORT RD AT DALLAS AVE,40.6228,-79.7262,Inbound,Bus,0.04545454545454545,0.04545454545454545,Generator,
E01225,429.94318,249.7954568,FIFTH AVE AT HALKET ST,40.439,-79.9622,Both,Bus,180.14772319999997,679.7386368,Generator,1.7211809434317942
E70027,12.072725,0.5090909,ALLEGHENY AVE AT MARYLAND AVE,40.5189,-79.843,Inbound,Bus,11.5636341,12.5818159,Generator,23.714281673469316
E07600,3.7272724999999998,1.7295455,BIGELOW BLVD AT FINLAND ST,40.4581,-79.9604,Inbound,Bus,1.9977269999999998,5.456818,Generator,2.155058944676506
W70108,0.515909090909091,5.54090909090909,CRENNELL AVE AT LINWOOD AVE,40.4358,-80.0686,Inbound,Bus,-5.0249999999999995,6.056818181818181,Attractor,0.0931091058244463
E05230,0.2568182,2.009091,BEACON ST AT MURRAY AVE FS,40.4348,-79.9221,Both,Bus,-1.7522728,2.2659092000000003,Attractor,0.12782805756434126
N12410,11.877272727272716,9.740909090909069,BUTLER ST OPP FREEPORT ST,40.4966,-79.9441,Inbound,Bus,2.1363636363636473,21.618181818181785,Generator,1.2193187120858626
W24430,3.76818181818182,3.95909090909091,WASHINGTON AVE AT TRIMBLE AVE,40.4056,-80.0837,Outbound,Bus,-0.19090909090909003,7.72727272727273,Attractor,0.9517795637198625
E51330,1.415909,2.37727275,SHADY AVE AT DARLINGTON RD,40.4371,-79.9192,Inbound,Bus,-0.9613637499999999,3.79318175,Attractor,0.595602250520055
E35130,3.15,15.11591,LIBERTY AVE AT 34TH ST,40.4618,-79.9657,Inbound,Bus,-11.96591,18.265909999999998,Attractor,0.20838970329937131
S70509,2.68181818181818,0.05,CLOVERFIELD DR AT AGNEW RD,40.3987,-79.9646,Inbound,Bus,2.63181818181818,2.7318181818181797,Generator,53.6363636363636
E56390,0.16363634999999999,0.47727275,WASHINGTON BLVD AT #965,40.4614,-79.9061,Inbound,Bus,-0.31363640000000004,0.6409091,Attractor,0.3428570979591858
W24540,6.199999999999999,0.12272727272727274,WASHINGTON AVE OPP MURRAY ST,40.3602,-80.1115,Inbound,Bus,6.077272727272726,6.322727272727272,Generator,50.518518518518505
E25075,3.309091,6.5045455,GREENFIELD AVE OPP FRANK ST (#912),40.424,-79.9328,Outbound,Bus,-3.1954545,9.8136365,Attractor,0.5087351606657221
W11726,0.0,0.0,LINDSAY RD AT #559,40.3822,-80.0844,Outbound,Bus,0.0,0.0,Balanced,
E32743,5.0590907000000005,41.02727,JOHNSTON AVE AT GLENWOOD AVE,40.4065,-79.9398,Both,Bus,-35.9681793,46.0863607,Attractor,0.12331043961735695
N44040,8.2954545,3.306818,PERRYSVILLE AVE OPP #3000,40.4761,-80.0124,Inbound,Bus,4.9886365,11.6022725,Generator,2.5085911894758044
E21550,8.4272725,8.431818,FRANKSTOWN RD AT BEULAH RD FS,40.4607,-79.8419,Outbound,Bus,-0.004545499999998981,16.8590905,Attractor,0.9994609110395885
S05270,5.0045455,0.0,BAPTIST RD AT MCKEE DR,40.3527,-80.0098,Inbound,Bus,5.0045455,5.0045455,Generator,
S23630,0.8,3.10681818181818,HWY RT 51 AT COAL VALLEY RD FS,40.3124,-79.9385,Outbound,Bus,-2.30681818181818,3.9068181818181804,Attractor,0.2574981711777617
S70420,22.3568181818182,11.1068181818182,STATE ST AT ELM ST,40.3093,-79.8905,Outbound,Bus,11.249999999999998,33.4636363636364,Generator,2.012891344383055
N21635,0.0,0.33636363636363653,FREEPORT RD AT PADDOCK RESTAURANT,40.6434,-79.7101,Outbound,Bus,-0.33636363636363653,0.33636363636363653,Attractor,0.0
X00670,0.77272725,6.2795455,BANKSVILLE RD AT POTOMAC AVE,40.4035,-80.0407,Outbound,Bus,-5.50681825,7.05227275,Attractor,0.12305464623196057
W70060,13.26818181818182,1.0909090909090913,WEST BUSWAY AT BELL STATION B,40.4156,-80.0829,Outbound,Busway,12.177272727272728,14.359090909090911,Generator,12.162499999999998
S70020,199.679525,168.37046,S 18TH ST AT SARAH ST,40.4279,-79.9807,Outbound,Bus,31.309065000000004,368.049985,Generator,1.18595343268647
X18840,0.4431818,7.318182,VIRGINIA AVE AT MERRIMAC ST,40.4317,-80.0135,Outbound,Bus,-6.875000200000001,7.7613638,Attractor,0.060559002222136595
E36265,0.30681820000000004,2.290909,LINCOLN HWY AT JACKS RUN RD,40.3683,-79.7806,Outbound,Bus,-1.9840908000000002,2.5977272,Attractor,0.13392858467970575
X08910,2.0136365,0.07045454500000001,KATHLEEN ST AT CRAIGHEAD ST,40.4257,-79.9987,Inbound,Bus,1.943181955,2.084091045,Generator,28.580647281165465
S00490,4.1272727499999995,20.797725999999997,S 18TH ST OPP ST PATRICK ST,40.4215,-79.9825,Outbound,Bus,-16.670453249999998,24.924998749999997,Attractor,0.198448270258008
N19270,81.074998,50.8409115,FEDERAL ST AT NORTH AVE FS,40.4559,-80.0067,Outbound,Bus,30.234086499999997,131.9159095,Generator,1.5946802606007564
S06270,11.093181999999999,12.863636,BELTZHOOVER AVE AT CLIMAX ST,40.4201,-79.9974,Both,Bus,-1.7704540000000009,23.956818,Attractor,0.8623675296782339
N21300,1.513636363636365,0.0,FREEPORT RD AT IDAHO AVE,40.6197,-79.7304,Inbound,Bus,1.513636363636365,1.513636363636365,Generator,
X02610,0.3931818,1.2795455,BOWER HILL RD OPP PAINTERS RUN RD FS,40.3641,-80.087,Outbound,Bus,-0.8863637,1.6727273,Attractor,0.30728239050506606
E27520,1.7886365,0.47045454999999997,HAWKINS AVE AT #509,40.4083,-79.8655,Inbound,Bus,1.31818195,2.25909105,Generator,3.8019326202711827
E34830,0.43409090000000006,2.806818,LEMINGTON AVE OPP WESTMORELAND AVE,40.4669,-79.8937,Outbound,Bus,-2.3727270999999996,3.2409089,Attractor,0.15465587722467225
X15150,22.0931818181818,0.3704545454545455,RAILROAD ST AT STATION ST FS,40.3582,-80.1104,Inbound,Bus,21.722727272727255,22.463636363636347,Generator,59.6380368098159
N02030,6.736363400000001,9.8272728,E 4TH AVE AT WOOD ST,40.6012,-79.7549,Both,Bus,-3.0909093999999984,16.5636362,Attractor,0.6854763816060954
E13945,31.570457,6.256818,CENTRE AVE AT S EUCLID AVE,40.4589,-79.9288,Inbound,Bus,25.313639000000002,37.827275,Generator,5.045768791740467
E60110,12.53409090909091,5.45681818181818,YOST BLVD AT BRINTON RD FS,40.4123,-79.8564,Inbound,Bus,7.07727272727273,17.990909090909092,Generator,2.296959600166598
N22030,32.01590909090909,4.06818181818182,FREEPORT RD AT WESTERN AVE,40.4907,-79.9074,Inbound,Bus,27.94772727272727,36.08409090909091,Generator,7.869832402234633
W10520,4.443182,4.6272725,ISLAND AVE AT TUNNEL WAY,40.4772,-80.0663,Inbound,Bus,-0.18409049999999993,9.0704545,Attractor,0.9602161964742729
N12800,7.34318181818182,0.25909090909090904,CALIFORNIA AVE AT FISK AVE,40.5032,-80.0725,Inbound,Bus,7.084090909090911,7.602272727272728,Generator,28.342105263157904
N04320,1.1886364999999999,0.0,9TH AVE AT ORMOND ST,40.6068,-79.7491,Inbound,Bus,1.1886364999999999,1.1886364999999999,Generator,
E57950,17.49091,23.770455,WILNER DR AT EAST HILLS DR,40.4551,-79.871,Both,Bus,-6.279544999999999,41.261365,Attractor,0.7358256289162324
S70393,0.681818181818182,18.23863636363635,DUQUESNE BLVD AT GRANT AVE,40.3738,-79.845,Outbound,Bus,-17.556818181818166,18.920454545454533,Attractor,0.0373831775700935
E58665,8.1340905,0.813636375,WM PENN HWY AT OLD GATE RD,40.4457,-79.8551,Inbound,Bus,7.3204541249999995,8.947726874999999,Generator,9.997206061491536
E53500,62.87727,58.5409075,ST CLAIR ST AT BUNKER HILL APTS,40.4789,-79.9191,Both,Bus,4.3363625,121.41817750000001,Generator,1.0740740566756672
S25850,0.20909090000000002,18.372725,JACKS RUN RD AT RAINBOW SHOPPING CTR ENTRANCE,40.3381,-79.8066,Outbound,Bus,-18.1636341,18.5818159,Attractor,0.011380505613620192
E53780,0.39772725,6.5477275,SWISSVALE AVE AT #441 (MERCY GARDENVIEW MANOR),40.4368,-79.8806,Outbound,Bus,-6.15000025,6.94545475,Attractor,0.060742792060298784
E30035,0.0,0.8181818,HULTON RD AT HULTON ESTATES,40.5134,-79.8034,Outbound,Bus,-0.8181818,0.8181818,Attractor,0.0
W08087,8.538636363636364,3.613636363636365,GREENTREE RD AT POTOMAC AVE,40.4084,-80.0501,Inbound,Bus,4.924999999999999,12.15227272727273,Generator,2.3628930817610057
W11755,0.0,0.5113636500000001,LINDSAY RD OPP CLAIREVIEW DR,40.3878,-80.0774,Outbound,Bus,-0.5113636500000001,0.5113636500000001,Attractor,0.0
X02660,0.43409090000000006,3.2727275000000002,BOWER HILL RD OPP SOMERVILLE DR,40.3715,-80.0801,Outbound,Bus,-2.8386366,3.7068184000000004,Attractor,0.132638876900078
E41866,16.445455000000003,18.022725,NEGLEY AVE AT KENTUCKY AVE,40.4506,-79.9301,Outbound,Bus,-1.5772699999999986,34.468180000000004,Attractor,0.9124843773624689
N49480,8.218182,0.85227275,SHADELAND AVE AT DAVIS AVE FS,40.4814,-80.0349,Inbound,Bus,7.3659092500000005,9.07045475,Generator,9.642666622862224
N13080,42.472725,11.595455,CALIFORNIA AVE AT TERMON AVE FS,40.4816,-80.0416,Inbound,Bus,30.877269999999996,54.06818,Generator,3.6628769634309304
E53020,0.9,0.045454545,STANTON AVE OPP JANCEY ST,40.4742,-79.9316,Inbound,Bus,0.854545455,0.945454545,Generator,19.800000198000003
E10160,0.17045454545454544,4.872727272727275,BRINTON RD AT KINGS RD,40.4276,-79.873,Outbound,Bus,-4.702272727272729,5.043181818181821,Attractor,0.03498134328358207
W01204,0.48863635,1.6636365,BEAVER GRADE RD OPP AIKEN RD,40.4552,-80.1363,Outbound,Bus,-1.17500015,2.15227285,Attractor,0.29371581472274744
X03270,0.095454545,4.9386365,BROOKLINE BLVD OPP ALTMAR ST,40.3911,-80.0005,Both,Bus,-4.843181955,5.034091045,Attractor,0.019328117183761144
W08252,5.4,43.5931818181818,GREENTREE RD OPP POCONO DR FS,40.4164,-80.0451,Outbound,Bus,-38.1931818181818,48.993181818181796,Attractor,0.12387258224284454
W17080,0.33409089999999997,5.118182,NOBLESTOWN RD AT #2094,40.4327,-80.0518,Outbound,Bus,-4.7840911,5.4522729,Attractor,0.06527530673977595
E43990,0.025,1.5090909090909101,OLD WILLIAM PENN HWY AT WILLIAMSBURG DR,40.4414,-79.7538,Outbound,Bus,-1.4840909090909102,1.53409090909091,Attractor,0.016566265060240955
N08750,0.61136365,2.534091,BEAVER ST OPP GRANT ST,40.5439,-80.1855,Outbound,Bus,-1.9227273500000002,3.14545465,Attractor,0.24125560210742236
W07665,0.22727275,0.097727275,GRAND AVE AT TRIAD METALS,40.5079,-80.1124,Inbound,Bus,0.129545475,0.325000025,Generator,2.3255815738236842
E42240,17.31363635,17.2772728,NOBLE ST OPP WASHINGTON ST,40.4213,-79.886,Inbound,Bus,0.0363635500000008,34.59090915,Generator,1.0021047042794857
E35160,17.052273500000002,13.350000150000001,LIBERTY AVE AT 39TH ST,40.4626,-79.9592,Inbound,Bus,3.7022733500000005,30.402273650000005,Generator,1.2773238433259493
N14550,0.36136365000000004,5.943182,N CHARLES ST AT IRWIN ST,40.4668,-80.0189,Outbound,Bus,-5.58181835,6.304545650000001,Attractor,0.060803059707745785
W70109,2.404545454545455,2.33181818181818,NOBLE AVE AT E CRAFTON AVE,40.436,-80.0646,Outbound,Bus,0.07272727272727542,4.7363636363636346,Generator,1.0311890838206639
N26852,0.0,0.0,HULTON RD AT THE FAIRWAYS,40.5259,-79.8217,Inbound,Bus,0.0,0.0,Balanced,
E38725,5.884091,1.8022725,MAPLE ST AT #843,40.4075,-79.823,Inbound,Bus,4.0818185,7.6863635,Generator,3.2648176122090304
N52220,0.0,0.12272727500000001,THOMPSON RUN RD AT LOIRE VALLEY DR,40.5242,-79.9887,Outbound,Bus,-0.12272727500000001,0.12272727500000001,Attractor,0.0
E09550,169.16136363636366,153.6590909090909,BRADDOCK HILLS SHPG CTR AT GIANT EAGLE,40.4145,-79.8552,Both,Bus,15.502272727272754,322.8204545454546,Generator,1.1008874426859934
S13780,1.4159090909090901,3.51818181818182,CRAWFORD AVE AT STATE ST,40.3637,-79.8496,Inbound,Bus,-2.1022727272727297,4.93409090909091,Attractor,0.4024547803617567
E18600,49.170455000000004,11.1,ELLSWORTH AVE AT NEGLEY AVE,40.4549,-79.9324,Inbound,Bus,38.070455,60.270455000000005,Generator,4.429770720720721
W21740,11.361363950000001,1.831818375,STEUBEN ST AT #211,40.4412,-80.0367,Inbound,Bus,9.529545575,13.193182325000002,Generator,6.202232767754609
S70631,6.8022727,14.136363900000001,CENTURY DR AT GABRIEL BROTHERS,40.3433,-79.9427,Both,Bus,-7.334091200000001,20.938636600000002,Attractor,0.48118969970771613
W11734,0.0,1.1818182,LINDSAY RD AT WYNNECLIFF DR #1,40.3875,-80.0795,Outbound,Bus,-1.1818182,1.1818182,Attractor,0.0
E70236,4.4977275,37.820454999999995,FIFTH AVE RAMP AT FIFTH AVE NS,40.4559,-79.9109,Outbound,Bus,-33.3227275,42.31818249999999,Attractor,0.11892314621809813
E10450,0.3272727272727275,1.215909090909091,BRINTON RD OPP RIDGE RD,40.4199,-79.859,Outbound,Bus,-0.8886363636363636,1.5431818181818184,Attractor,0.26915887850467307
N15140,0.0,7.2181818181818205,CHURCH AVE AT FOREST AVE,40.5081,-80.0826,Outbound,Bus,-7.2181818181818205,7.2181818181818205,Attractor,0.0
N12120,0.1659091,0.022727275,BRULE ST AT MAGNET ST,40.471,-80.006,Outbound,Bus,0.143181825,0.188636375,Generator,7.299999670000033
E05670,6.5863635,5.1545455,BEDFORD AVE AT MANILLA ST,40.445,-79.9861,Inbound,Bus,1.4318179999999998,11.740909,Generator,1.27777774005487
N40910,0.0,0.8681818181818199,PEEBLES RD AT DUNCAN AVE FS,40.5683,-80.0057,Outbound,Bus,-0.8681818181818199,0.8681818181818199,Attractor,0.0
W17640,0.4409091,0.6340909,NOBLESTOWN RD OPP BARTOW ST,40.438,-80.0534,Outbound,Bus,-0.19318180000000001,1.075,Attractor,0.6953405260980721
W24260,5.595454545454545,5.754545454545455,WASHINGTON AVE AT MAIN ST,40.4093,-80.0835,Inbound,Bus,-0.15909090909091006,11.35,Attractor,0.9723538704581357
S17670,0.368181818181818,0.04772727272727275,EVANS ST AT BALDWIN ST,40.3473,-79.8493,Outbound,Bus,0.32045454545454527,0.41590909090909073,Generator,7.714285714285706
E01310,12.254545375000001,12.431818195,FIFTH AVE AT KIRKPATRICK ST FS,40.4379,-79.973,Inbound,Bus,-0.1772728199999989,24.68636357,Attractor,0.9857403947500377
S14380,2.888636363636365,0.4522727272727275,DESIDERIO BLVD OPP WASHINGTON AVE,40.2869,-79.8948,Both,Bus,2.4363636363636374,3.3409090909090926,Generator,6.386934673366834
W70125,0.3818182,0.34318180000000004,GREENTREE RD AT VIRGINIA MANOR SC DRIVEWAY,40.3922,-80.0677,Inbound,Bus,0.03863639999999996,0.7250000000000001,Generator,1.112582893381875
N36960,1.443182,0.05,MT TROY RD AT GARDENVIEW DR,40.4851,-79.992,Inbound,Bus,1.393182,1.493182,Generator,28.863639999999997
N45650,0.0,0.093181818181818,REMINGTON DR OPP BINGAY DR,40.5594,-80.0098,Outbound,Bus,-0.093181818181818,0.093181818181818,Attractor,0.0
E53720,2.3272728000000003,1.02954545,SWISSVALE AVE AT NORTH AVE,40.443,-79.8768,Both,Bus,1.2977273500000002,3.3568182500000003,Generator,2.260485731834374
N20850,2.854545454545455,0.025,FREEPORT RD AT CALIFORNIA AVE,40.6184,-79.7322,Inbound,Bus,2.829545454545455,2.879545454545455,Generator,114.18181818181819
E44620,3.0363635,7.206818,ORION ST AT MILWAUKEE ST,40.4543,-79.9615,Outbound,Bus,-4.1704545,10.2431815,Attractor,0.42131818786043995
W21510,11.420454499999998,2.95681825,STEUBEN ST AT ELBON ST,40.4416,-80.0409,Inbound,Bus,8.463636249999999,14.377272749999998,Generator,3.862413423618445
E56440,0.125,0.0,WASHINGTON BLVD OPP HIGHLAND DR,40.4743,-79.9084,Inbound,Bus,0.125,0.125,Generator,
X20010,19.536365,1.1795455000000001,WEST LIBERTY AVE AT CAPITAL AVE,40.4052,-80.0188,Inbound,Bus,18.3568195,20.7159105,Generator,16.562620941710172
E17700,1.4295454545454545,13.424999999999999,EDGEWOOD AVE OPP LACROSSE AVE,40.4274,-79.8851,Outbound,Bus,-11.995454545454544,14.854545454545454,Attractor,0.10648383274081598
S24430,7.909091,7.4613635,HWY RT 51 AT PETCO DRIVEWAY,40.3383,-79.953,Inbound,Bus,0.44772750000000006,15.370454500000001,Generator,1.0600061235456495
E59360,1.315909175,5.75227285,WOOD ST AT FRANKLIN AVE,40.4412,-79.8861,Both,Bus,-4.436363675,7.068182025,Attractor,0.2287633443882969
N49570,1.5272725,17.556820000000002,SHADELAND AVE AT SCHIMMER ST,40.4732,-80.0313,Outbound,Bus,-16.029547500000003,19.0840925,Attractor,0.08699026930845107
E13720,42.9090895,76.11135999999999,CENTRE AVE AT NEVILLE ST,40.4525,-79.9498,Both,Bus,-33.20227049999999,119.02044949999998,Attractor,0.5637672155641419
S02830,43.14545454545452,18.452272727272714,8TH AVE AT MCCLURE ST,40.4088,-79.9074,Both,Bus,24.693181818181806,61.597727272727234,Generator,2.33821899248676
E53690,4.293182,0.9,SWISSVALE AVE AT HILL AVE,40.4438,-79.8764,Both,Bus,3.393182,5.193182,Generator,4.770202222222222
N17350,4.1409095,6.0363635,EAST OHIO ST AT HEINZ ST,40.4552,-79.9928,Outbound,Bus,-1.895454,10.177273,Attractor,0.6859940591715525
E36350,0.0,0.0,LINCOLN HWY AT SANTOS ST FS,40.3814,-79.8136,Inbound,Bus,0.0,0.0,Balanced,
E13770,2.45681835,3.0068185,CENTRE AVE AT #5803,40.458,-79.9316,Inbound,Bus,-0.5500001500000002,5.46363685,Attractor,0.8170823579807028
E39060,0.6681818,0.1659091,MIDDLE AVE AT 2ND ST,40.3997,-79.8148,Inbound,Bus,0.5022727,0.8340909000000001,Generator,4.027396930005648
E03277,18.829545,17.386364999999998,ALCOMA BLVD AT TURNAROUND,40.4853,-79.7997,Both,Bus,1.4431800000000017,36.215909999999994,Generator,1.0830064248622413
W70086,4.840909,20.81591,BROADWAY AVE AT 11TH ST,40.4741,-80.0779,Outbound,Bus,-15.975000999999999,25.656819,Attractor,0.2325581250111093
E41890,79.72727499999999,124.8659105,NEGLEY AVE AT PENN AVE,40.4632,-79.9308,Outbound,Bus,-45.13863550000001,204.5931855,Attractor,0.6385031325263111
N12020,4.077272499999999,17.3318168,BROWNS LN AT MCKNIGHT RD FS,40.5458,-80.0174,Both,Bus,-13.2545443,21.409089299999998,Attractor,0.2352478419919601
E14000,59.45,142.634095,CENTRE AVE OPP MILLVALE AVE,40.4532,-79.9475,Outbound,Bus,-83.184095,202.084095,Attractor,0.41680076562339463
N35530,105.593185,4.472727,MT PLEASANT RD AT HAZLETT ST,40.4778,-80.0003,Inbound,Bus,101.120458,110.06591200000001,Generator,23.608233858225642
E18560,60.43409,3.4545455,ELLSWORTH AVE AT MARYLAND AVE,40.4562,-79.9307,Inbound,Bus,56.979544499999996,63.8886355,Generator,17.49407845402528
E41300,14.1477275,175.061365,MURRAY AVE OPP MORROWFIELD AVE,40.4281,-79.9252,Both,Bus,-160.9136375,189.2090925,Attractor,0.08081581849884469
W18250,0.1181818,2.193182,NOBLESTOWN RD OPP PACE DR,40.4249,-80.0657,Outbound,Bus,-2.0750002000000003,2.3113638,Attractor,0.053885997605305894
N71287,4.2181818181818205,9.34090909090909,ALPHA DR W OPP ANCHOR DR,40.5394,-79.8352,Both,Bus,-5.1227272727272695,13.55909090909091,Attractor,0.45158150851581536
W16150,6.0363635,9.1704545,NOBLESTOWN RD AT BALDWICK RD,40.4266,-80.0566,Outbound,Bus,-3.1340909999999997,15.206818,Attractor,0.6582403849231246
S70368,2.24090909090909,4.977272727272725,MONONGAHELA AVE OPP 4TH ST,40.3292,-79.8926,Outbound,Bus,-2.736363636363635,7.218181818181815,Attractor,0.4502283105022831
E07340,0.22272727272727277,0.8886363636363634,BEULAH RD AT LONG RD,40.4506,-79.8437,Outbound,Bus,-0.6659090909090907,1.1113636363636363,Attractor,0.2506393861892584
S16325,4.4363636,49.640910000000005,E CARSON ST AT S 25TH ST,40.4278,-79.97,Both,Bus,-45.204546400000005,54.077273600000005,Attractor,0.08936910302409846
E02990,2.27954525,0.022727275,AIRBRAKE AVE AT 7TH ST,40.4018,-79.8195,Inbound,Bus,2.256817975,2.302272525,Generator,100.2999809700019
S70394,0.1431818,0.097727275,LEWIS RUN RD AT HWY 885 FS,40.3323,-79.9344,Outbound,Bus,0.045454524999999996,0.240909075,Generator,1.4651160589507892
E18850,0.17045455,11.3727275,EUCLID AVE AT BUNKERHILL ST,40.479,-79.9178,Outbound,Bus,-11.20227295,11.54318205,Attractor,0.014988009692485819
N24002,4.26590909090909,0.0931818181818182,GRANT AVE AT LEHR AVE FS,40.5068,-79.951,Inbound,Bus,4.172727272727272,4.359090909090908,Generator,45.78048780487803
S70364,2.06818181818182,3.4977272727272752,MONONGAHELA AVE AT HARRISON ST,40.3367,-79.8902,Outbound,Bus,-1.4295454545454551,5.565909090909095,Attractor,0.5912930474333984
W00590,10.35909090909091,0.4386363636363635,5TH AVE AT LOCUST ST NS,40.5204,-80.172,Inbound,Bus,9.920454545454547,10.797727272727272,Generator,23.61658031088084
X13710,0.15,9.5113635,PIONEER AVE OPP GALLION AVE,40.3985,-80.0221,Outbound,Bus,-9.3613635,9.6613635,Attractor,0.015770609545098343
W24600,2.109090909090911,0.5977272727272726,WASHINGTON PIKE AT ANDERSON EQUIPMENT,40.3645,-80.1092,Inbound,Bus,1.5113636363636385,2.706818181818184,Generator,3.528517110266164
N18985,15.9590909090909,2.572727272727275,EVERGREEN AVE OPP FRANKLIN ST,40.4905,-79.9718,Inbound,Bus,13.386363636363626,18.531818181818174,Generator,6.203180212014125
N36500,0.0681818,1.7795456,MT ROYAL BLVD OPP EADE AVE,40.5465,-79.9723,Outbound,Bus,-1.7113638,1.8477274000000001,Attractor,0.0383141628964158
N22100,0.5477272727272731,0.8522727272727271,FREEPORT RD OPP 1ST ST FS,40.5733,-79.7774,Outbound,Bus,-0.304545454545454,1.4000000000000001,Attractor,0.6426666666666672
E70036,0.43636365,12.0,ALLEGHENY AVE AT PENNSYLVANIA AVE,40.5218,-79.8426,Outbound,Bus,-11.56363635,12.43636365,Attractor,0.0363636375
S23100,0.0,0.0,HOMEVILLE RD OPP CASTLE DR #2,40.3813,-79.8772,Inbound,Bus,0.0,0.0,Balanced,
N21630,2.604545454545455,0.6318181818181821,FREEPORT RD AT ORR AVE,40.5405,-79.8117,Inbound,Bus,1.9727272727272729,3.236363636363637,Generator,4.1223021582733805
E56920,6.306818,9.1727275,WEBSTER AVE OPP MCNEIL PL,40.454,-79.9632,Outbound,Bus,-2.8659095000000008,15.4795455,Attractor,0.6875619056600122
N54500,27.125,13.861365,WILSON AVE AT BURGESS ST,40.4665,-80.0133,Outbound,Bus,13.263635,40.986365,Generator,1.9568779842389261
E70877,0.097727275,0.05,GREENSBURG PIKE AT 1ST ST FS,40.4019,-79.8238,Outbound,Bus,0.047727275,0.147727275,Generator,1.9545455
E70903,21.075,3.4113635,VERONA ST AT BELL AVE,40.402,-79.861,Inbound,Bus,17.6636365,24.4863635,Generator,6.177881659342371
W00260,1.504545454545455,2.19318181818182,3RD ST AT MAIN ST,40.4045,-80.0911,Inbound,Bus,-0.688636363636365,3.697727272727275,Attractor,0.6860103626943002
E70378,19.709090545,189.5727235,FIFTH AVE OPP AIKEN AVE,40.4483,-79.9344,Both,Bus,-169.86363295499999,209.281814045,Attractor,0.10396585638017697
E29420,6.8454545,6.993182,HOLIDAY PARK DR AT HWY RT 286,40.4753,-79.7076,Both,Bus,-0.14772750000000023,13.8386365,Attractor,0.978875496161833
N43380,12.15,58.336365,PERRYSVILLE AVE AT N CHARLES ST,40.4709,-80.0085,Outbound,Bus,-46.186365,70.486365,Attractor,0.20827488994214843
X70083,0.05,1.8522725,WASHINGTON RD AT CONSOL DR FS,40.3459,-80.0575,Outbound,Bus,-1.8022725,1.9022725,Attractor,0.026993868342805934
E46920,2.556818,8.970454499999999,PENN CENTER BLVD AT WM PENN HWY,40.4298,-79.812,Outbound,Bus,-6.413636499999999,11.527272499999999,Attractor,0.2850265836586095
E70158,1.7522727,31.474998999999997,PENN AVE AT CARNEGIE PL FS,40.448,-79.8979,Outbound,Bus,-29.722726299999998,33.227271699999996,Attractor,0.05567189056940082
E26600,3.8227275,1.7409089999999998,HAMILTON AVE AT MURTLAND ST,40.4557,-79.9021,Inbound,Bus,2.0818185000000002,5.563636499999999,Generator,2.1958226995207677
W70089,2.3227275,5.7636365000000005,BROADWAY AVE AT 15TH ST,40.4753,-80.0815,Outbound,Bus,-3.4409090000000004,8.086364,Attractor,0.40299687532341777
S33070,0.05,0.0,MCCLEARY ST AT #914,40.3474,-79.8385,Outbound,Bus,0.05,0.05,Generator,
E43860,0.07272727272727275,2.965909090909089,OLD WILLIAM PENN HWY OPP GLENWOOD DR,40.4407,-79.7453,Outbound,Bus,-2.8931818181818163,3.038636363636362,Attractor,0.02452107279693489
E23420,9.556818,1.4295455000000001,FRIENDSHIP AVE AT ATLANTIC AVE,40.462,-79.9388,Inbound,Bus,8.1272725,10.9863635,Generator,6.685214286638654
E20490,9.65,14.918182,FRANKSTOWN AVE AT LANG AVE,40.4579,-79.8987,Outbound,Bus,-5.2681819999999995,24.568182,Attractor,0.6468616618298396
E09590,0.13636365,1.1204545499999998,BRERETON ST AT 28TH ST,40.4558,-79.9728,Inbound,Bus,-0.9840908999999998,1.2568181999999999,Attractor,0.12170386563203302
N32360,0.0,0.975,MCINTYRE RD AT THOMPSON RUN RD FS,40.5525,-79.9985,Outbound,Bus,-0.975,0.975,Attractor,0.0
S70443,7.25909090909091,0.6113636363636366,CHURCHVIEW AVE OPP WILLETT RD,40.3857,-79.9713,Inbound,Bus,6.647727272727273,7.870454545454546,Generator,11.873605947955388
W02880,0.33409089999999997,1.590909,CAROTHERS AVE OPP CREEK,40.4016,-80.0884,Outbound,Bus,-1.2568180999999998,1.9249999,Attractor,0.21000000628571464
E12090,22.886364999999998,11.575,BUTLER ST AT PENN AVE FS,40.463,-79.967,Outbound,Bus,11.311364999999999,34.461365,Generator,1.977223758099352
W10330,12.67727272727275,9.463636363636365,ISLAND AVE AT CHARTIERS AVE NS (MARY ST),40.4659,-80.0609,Inbound,Bus,3.213636363636386,22.140909090909116,Generator,1.3395773294908764
E70809,2.8386365,17.745455,STANTON AVE AT EUCLID AVE,40.4704,-79.9229,Outbound,Bus,-14.9068185,20.5840915,Attractor,0.15996414293124633
N10265,2.990909,9.26818,BRIGHTON RD AT BRIGHTRIDGE ST,40.4615,-80.0189,Outbound,Bus,-6.277270999999999,12.259089,Attractor,0.32270726291461754
W03390,0.9340909,9.093182,CHARTIERS AVE AT FAIRDALE ST,40.4538,-80.0639,Outbound,Bus,-8.159091100000001,10.0272729,Attractor,0.10272431586654704
W24160,0.87272725,4.1840910000000004,WASHINGTON AVE AT HOPE ST,40.3969,-80.0847,Outbound,Bus,-3.3113637500000004,5.05681825,Attractor,0.20858228226871736
N21260,1.0068181818181818,4.25909090909091,FREEPORT RD AT COMFORT INN,40.5383,-79.8327,Inbound,Bus,-3.252272727272728,5.2659090909090915,Attractor,0.23639274279615793
N50280,0.3818182,9.481818,SOUTH SIDE AVE OPP LUELLA ST,40.47,-79.9976,Outbound,Bus,-9.0999998,9.8636362,Attractor,0.04026845906555051
E02770,7.5659095,1.4431818,ABER RD AT GROVE RD,40.4678,-79.8653,Both,Bus,6.1227277,9.0090913,Generator,5.242520034551434
E13650,61.58636,240.697735,CENTRE AVE AT MOREWOOD AVE,40.4541,-79.9445,Outbound,Bus,-179.111375,302.284095,Attractor,0.25586597231585917
S31580,21.306820000000002,2.106818,MAIN ST AT VIRGINIA AVE,40.3858,-79.903,Inbound,Bus,19.200002,23.413638000000002,Generator,10.1132703441873
E35570,13.768182,26.520456,LIBERTY AVE OPP 31ST ST,40.459,-79.9709,Outbound,Bus,-12.752274,40.288638,Attractor,0.5191532905769041
E18420,11.952275,3.106818,ELLSWORTH AVE AT AMBERSON AVE,40.4514,-79.9408,Inbound,Bus,8.845457,15.059093,Generator,3.8471114175339527
S46130,1.470454545454545,0.6181818181818179,VERSAILLES AVE AT CRAIG ST,40.3451,-79.8393,Outbound,Bus,0.8522727272727271,2.088636363636363,Generator,2.3786764705882355
W04720,0.0,0.04545454545454545,CLIFF MINE RD AT OMSLAER STEEL SUPPLIES,40.4522,-80.2019,Outbound,Bus,-0.04545454545454545,0.04545454545454545,Attractor,0.0
W22850,0.8181818000000001,7.7113635,STEUBENVILLE PIKE AT ROBINSON MANOR BLVD,40.4488,-80.1218,Outbound,Bus,-6.8931816999999995,8.5295453,Attractor,0.10610079527440251
E49590,2.3522724999999998,0.7840909,SALTSBURG RD AT ALCOMA PARK PLAZA,40.4767,-79.7883,Inbound,Bus,1.5681815999999997,3.1363633999999996,Generator,2.999999744927533
E46610,4.575,10.854545000000002,PENN AVE AT WINEBIDDLE ST,40.465,-79.943,Outbound,Bus,-6.2795450000000015,15.429545000000001,Attractor,0.42148242971031946
S47540,4.65,25.0659105,WARRINGTON AVE AT BELTZHOOVER AVE,40.4217,-79.9972,Outbound,Bus,-20.415910500000003,29.7159105,Attractor,0.18551091531265143
E70398,10.1045455,32.875,MOSSFIELD ST OPP FERN ST,40.4713,-79.9335,Outbound,Bus,-22.7704545,42.9795455,Attractor,0.3073626007604563
E15730,334.529545,125.00681499999999,CRAIG ST AT PARK PLAZA,40.4479,-79.9495,Both,Bus,209.52273,459.53635999999995,Generator,2.6760904595481456
E70781,34.71591,14.175,BEDFORD AVE OPP DUFF ST,40.4502,-79.9738,Inbound,Bus,20.54091,48.890910000000005,Generator,2.4490941798941797
E09730,11.797725,1.1340909,BRINTON AVE AT BOWERS ST,40.4022,-79.8416,Inbound,Bus,10.6636341,12.9318159,Generator,10.402803690603637
E15100,1.0045454500000002,2.7340910000000003,SCHENLEY AVE OPP COLUMBO ST,40.4717,-79.9401,Outbound,Bus,-1.72954555,3.7386364500000004,Attractor,0.3674147824633489
N10410,38.1636375,18.4954525,BRIGHTON RD AT HIGHWOOD ST,40.4685,-80.0253,Inbound,Bus,19.668185,56.65909,Generator,2.063406531956977
E47720,6.7181820000000005,0.575,POCUSSETT ST AT WIGHTMAN ST,40.4293,-79.9272,Both,Bus,6.143182,7.293182000000001,Generator,11.683794782608697
E08170,0.0,0.095454545,BLVD OF ALLIES AT GIST ST,40.4361,-79.9795,Inbound,Bus,-0.095454545,0.095454545,Attractor,0.0
E59710,0.0,0.3636364,WOODSTOCK AVE AT VERNON AVE (BUSWAY),40.4161,-79.8794,Outbound,Bus,-0.3636364,0.3636364,Attractor,0.0
E40840,0.8409091,0.26136365,MT CARMEL RD AT HIGHLANDVIEW ST,40.4688,-79.8868,Outbound,Bus,0.5795454499999999,1.10227275,Generator,3.2173911712665473
E30425,3.7795455000000002,0.025,HWY RT 286 AT PINE VALLEY DR,40.4551,-79.7108,Inbound,Bus,3.7545455000000003,3.8045455,Generator,151.18182
N36530,0.7818182,0.25454545,MT ROYAL BLVD OPP GRANDVIEW AVE,40.5502,-79.9715,Inbound,Bus,0.5272727500000001,1.03636365,Generator,3.071428697704084
E36440,2.3022725,0.120454545,LINCOLN HWY OPP LEUHM ST,40.3705,-79.7861,Inbound,Bus,2.181817955,2.422727045,Generator,19.113205732502664
X01870,0.3568182,9.720455,BOGGS AVE AT DEWITT ST FS,40.4242,-80.0092,Outbound,Bus,-9.3636368,10.077273199999999,Attractor,0.036707973032126584
E58400,5.886363636363635,0.2136363636363635,WM PENN HWY AT NORTHERN PIKE FS,40.4376,-79.7784,Inbound,Bus,5.672727272727271,6.099999999999999,Generator,27.553191489361712
S04650,5.1022725,26.277275000000003,ARLINGTON AVE AT STERLING ST,40.4173,-79.9744,Outbound,Bus,-21.175002500000005,31.3795475,Attractor,0.19417053328398776
E70994,24.725002500000002,23.659093,CENTRE AVE AT CRAWFORD ST FS,40.4411,-79.9857,Outbound,Bus,1.0659095000000036,48.3840955,Generator,1.0450528471230915
W24690,5.877272727272725,2.127272727272727,WASHINGTON PIKE AT PIZZA HUT,40.3676,-80.1042,Inbound,Bus,3.7499999999999982,8.004545454545452,Generator,2.7628205128205123
S24280,2.90681805,5.7613635,HWY RT 51 OPP BEALL DR,40.3556,-79.9797,Outbound,Bus,-2.85454545,8.66818155,Attractor,0.5045364782138811
E15665,5.931818,8.618182000000001,CRAIG ST OPP BIGELOW BLVD,40.4566,-79.9548,Both,Bus,-2.686364000000001,14.55,Attractor,0.6882911036225504
E17307,41.4659082,15.611365000000001,EAST BUSWAY AT HERRON STATION A,40.4592,-79.9667,Outbound,Busway,25.854543200000002,57.0772732,Generator,2.6561359752974836
S24160,4.718181818181815,1.845454545454545,HWY RT 51 AT STILLEY RD,40.3612,-79.9824,Inbound,Bus,2.8727272727272704,6.56363636363636,Generator,2.5566502463054177
E44810,0.50227275,5.925,PALLAS ST AT BRINTON AVE,40.4059,-79.8444,Outbound,Bus,-5.422727249999999,6.42727275,Attractor,0.08477177215189874
E46360,3.9840907000000003,30.159090799999998,PENN AVE AT PRINCETON BLVD,40.4405,-79.8719,Outbound,Bus,-26.1750001,34.1431815,Attractor,0.13210248035726596
S70495,2.727272727272725,0.0,CHURCHVIEW AVE AT WALTON RD FS,40.3855,-79.9611,Inbound,Bus,2.727272727272725,2.727272727272725,Generator,
E39290,54.877275,28.068179999999998,MILLVALE AVE AT CENTRE AVE,40.4534,-79.9475,Outbound,Bus,26.809095,82.945455,Generator,1.955141908025387
E33455,7.618182,11.606818,KIRKPATRICK ST AT CENTRE AVE,40.4452,-79.9761,Inbound,Bus,-3.9886360000000005,19.225,Attractor,0.6563540498351916
N52300,0.11363635,0.0,THOMPSON RUN RD AT WHITE OAK DR,40.542,-79.9924,Inbound,Bus,0.11363635,0.11363635,Generator,
N12700,0.4977272727272725,27.900000000000023,CALIFORNIA AVE AT BIRMINGHAM AVE,40.5018,-80.069,Outbound,Bus,-27.402272727272752,28.397727272727295,Attractor,0.01783968719452588
N27905,1.170454545454545,0.04772727272727275,INGOMAR RD OPP SARATOGA DR,40.5841,-80.0281,Inbound,Bus,1.1227272727272721,1.2181818181818178,Generator,24.5238095238095
N23584,2.1795455,0.46363635000000003,BRIGHTON RD AT GIANT EAGLE LOWER LOT,40.4897,-80.0445,Inbound,Bus,1.71590915,2.6431818500000004,Generator,4.700980628460215
N15640,0.7818182,0.1,CORBET ST AT 6TH AVE,40.6031,-79.7526,Inbound,Bus,0.6818182,0.8818182,Generator,7.818182
E58560,11.7954545,1.920454545,WM PENN HWY AT KINGSTON DR FS,40.43,-79.8095,Inbound,Bus,9.874999955,13.715909045,Generator,6.142011812104618
E07800,1.7590910000000002,2.4068180000000003,BIGELOW BLVD OPP HARDING WAY,40.4566,-79.9635,Outbound,Bus,-0.6477270000000002,4.165909000000001,Attractor,0.7308782799530334
E70415,4.1522725000000005,30.575,WARREN DR AT LINCOLN HWY FS,40.3848,-79.8236,Both,Bus,-26.4227275,34.7272725,Attractor,0.1358061324611611
E70217,86.486365,112.5932,VA HOSPITAL TRANSIT LOOP AT SHELTER,40.4467,-79.9604,Both,Bus,-26.10683499999999,199.079565,Attractor,0.76813133475201
E38325,1.270454545454545,6.570454545454545,MALL BLVD AT ALTMEYER'S DRIVEWAY,40.435,-79.786,Outbound,Bus,-5.300000000000001,7.84090909090909,Attractor,0.19335869941196812
E56995,1.356818,2.9295455,WESTINGHOUSE AVE AT COMMERCE ST,40.3927,-79.8098,Both,Bus,-1.5727275,4.2863635,Attractor,0.4631496592218827
E39190,5.7681819,1.424999775,MIDDLE AVE AT #526,40.3963,-79.8088,Inbound,Bus,4.343182125,7.193181675,Generator,4.04784758650225
E70442,1.584091,0.0,UNIVERSAL RD OPP WEBSTER DR,40.4639,-79.8184,Inbound,Bus,1.584091,1.584091,Generator,
E41070,0.09318180000000001,0.0,MURRAY AVE AT AYLESBORO AVE,40.4398,-79.923,Inbound,Bus,0.09318180000000001,0.09318180000000001,Generator,
N36560,0.022727275,0.98863635,MT ROYAL BLVD OPP IOLA AVE,40.5367,-79.9714,Outbound,Bus,-0.965909075,1.011363625,Attractor,0.022988508363059885
E25040,1.490909,2.181818,GRANT ST AT TRI-BORO EXPWY,40.4063,-79.8252,Inbound,Bus,-0.6909089999999998,3.672727,Attractor,0.6833333486111125
N35650,0.147727275,0.120454545,MT ROYAL BLVD AT BRAUN ST,40.519,-79.959,Inbound,Bus,0.027272729999999995,0.26818182,Generator,1.2264151178355287
N40200,4.1,1.0704545454545449,OHIO RIVER BLVD OPP HARRISON AVE,40.5004,-80.0736,Inbound,Bus,3.0295454545454548,5.170454545454545,Generator,3.830148619957539
S11285,0.0,0.2636363636363635,CURRY RD AT OLYMPIC RD,40.3404,-79.991,Outbound,Bus,-0.2636363636363635,0.2636363636363635,Attractor,0.0
E70943,2.5272725,3.334091,ALLEQUIPPA ST AT CENTRE AVE,40.4482,-79.9589,Inbound,Bus,-0.8068184999999999,5.8613634999999995,Attractor,0.7580094544510033
E13690,128.50682,75.672725,CENTRE AVE AT NEGLEY AVE,40.4574,-79.9339,Inbound,Bus,52.834095000000005,204.17954500000002,Generator,1.6981920500418084
N21180,11.2136365,2.88636375,FREEPORT RD AT FOX CHAPEL RD NS (PLAZA DRVWY),40.4879,-79.8807,Inbound,Bus,8.327272749999999,14.10000025,Generator,3.8850392643685328
S70186,1.152272727272725,0.981818181818182,KENNEDY AVE AT 4TH ST,40.3713,-79.8486,Inbound,Bus,0.17045454545454286,2.134090909090907,Generator,1.1736111111111085
N26840,0.0,0.0,HULTON RD AT 11TH ST,40.5241,-79.8304,Inbound,Bus,0.0,0.0,Balanced,
E34330,0.11363635,0.6681817999999999,LARIMER AVE OPP ORPHAN ST,40.4668,-79.9104,Outbound,Bus,-0.55454545,0.7818181499999999,Attractor,0.17006801143042208
S45375,106.8318181818182,257.45909090909083,TARGET DR AT TARGET PERIMETER RD,40.4111,-79.9097,Both,Bus,-150.6272727272726,364.29090909090905,Attractor,0.4149467700075919
N53620,13.418182,56.51591,WEST VIEW PLAZA FIRE LANE AT DOLLAR TREE,40.5176,-80.0378,Both,Bus,-43.097728,69.93409199999999,Attractor,0.23742309024131436
E70421,6.7704545000000005,2.6318184000000002,FRANKSTOWN AVE AT GERRITT ST,40.4587,-79.902,Inbound,Bus,4.1386361,9.4022729,Generator,2.5725386295650186
S42340,38.2954524,5.1499999999999995,SOUTH BUSWAY AT SOUTH BANK,40.3926,-79.9984,Outbound,Busway,33.1454524,43.4454524,Generator,7.436010174757283
W70134,2.3477275,0.0,SUMMIT PARK DR AT CHAUVET DR #2,40.4483,-80.1816,Inbound,Bus,2.3477275,2.3477275,Generator,
W00780,8.629545499999999,13.777275,ALLENDALE CIR AT #3604,40.4594,-80.0645,Both,Bus,-5.1477295000000005,22.4068205,Attractor,0.6263608369579615
E35260,72.456818,40.627275,LIBERTY AVE AT EDMOND ST,40.4611,-79.9482,Outbound,Bus,31.829543,113.084093,Generator,1.7834525697330181
E08910,36.354545454545445,2.9181818181818167,BRADDOCK AVE AT HUTCHINSON ST,40.4327,-79.8939,Inbound,Bus,33.43636363636363,39.27272727272726,Generator,12.457943925233648
W04070,1.07045455,1.065909,CHARTIERS AVE AT UNIVERSAL ST,40.4537,-80.0608,Inbound,Bus,0.004545550000000009,2.13636355,Generator,1.004264482240041
E29780,3.809091,3.0045455,HOMEWOOD AVE AT IDLEWILD ST,40.4581,-79.896,Inbound,Bus,0.8045455000000001,6.813636499999999,Generator,1.2677761079005128
W21900,1.67954545,0.222727275,STEUBEN ST AT WHITEWOOD DR FS,40.442,-80.0495,Inbound,Bus,1.456818175,1.902272725,Generator,7.540816229175345
W26155,21.375,300.1022727272725,WEST BUSWAY AT CRAFTON STATION A,40.4355,-80.0677,Outbound,Busway,-278.7272727272725,321.4772727272725,Attractor,0.07122571850505514
E40820,0.07272727500000001,0.0,MT CARMEL RD AT ELK RD,40.4676,-79.883,Outbound,Bus,0.07272727500000001,0.07272727500000001,Generator,
S34360,2.1863634999999997,6.574999999999999,BUTTERMILK HOLLOW RD OPP NAUGLE ST,40.3648,-79.9084,Outbound,Bus,-4.3886365,8.761363499999998,Attractor,0.3325267680608365
W10960,14.41591,12.527273000000001,LADOGA ST AT MIDDLETOWN RD,40.4517,-80.0694,Both,Bus,1.8886369999999992,26.943183,Generator,1.1507620213912477
S01280,33.41363636363634,71.17045454545453,2ND ST AT GRANT AVE,40.3733,-79.8471,Both,Bus,-37.75681818181819,104.58409090909088,Attractor,0.469487466070573
N36350,6.629545299999999,0.41590910000000003,MT ROYAL BLVD AT WETZELL RD,40.5249,-79.9623,Inbound,Bus,6.213636199999999,7.0454544,Generator,15.939889990384914
N71192,76.286358,20.77500005,EAST OHIO ST AT CEDAR AVE,40.4532,-80.0019,Outbound,Bus,55.511357950000004,97.06135805000001,Generator,3.672026850368167
E01700,88.061363,47.75454515,FIFTH AVE AT STEVENSON ST,40.4386,-79.9862,Both,Bus,40.30681785,135.81590814999998,Generator,1.8440414985294862
E48520,0.295454545,2.068182,REYNOLDS ST AT MURTLAND ST,40.448,-79.9079,Inbound,Bus,-1.772727455,2.3636365450000003,Attractor,0.14285713007849404
E70299,11.829545,13.945454999999999,BRYN MAWR RD AT IOWA ST,40.4514,-79.957,Inbound,Bus,-2.1159099999999995,25.775,Attractor,0.8482724299780825
X01600,6.984091,1.7613634999999999,BEVERLY RD AT OVERLOOK DR,40.3883,-80.0504,Inbound,Bus,5.2227275,8.745454500000001,Generator,3.965161648915741
S50264,0.15,2.370454545454545,WORTHINGTON AVE AT ONEIDA DR,40.2946,-79.9057,Outbound,Bus,-2.2204545454545452,2.520454545454545,Attractor,0.06327900287631832
S14744,3.1340909090909066,5.315909090909091,DUQUESNE BLVD AT FAIRMONT AVE,40.3821,-79.8567,Both,Bus,-2.1818181818181848,8.449999999999998,Attractor,0.5895681915348434
N25456,0.0,0.0,HEMLOCK DR AT SAMPLE RD FS,40.5764,-79.979,Inbound,Bus,0.0,0.0,Balanced,
S09320,0.5818182,0.0,BROWNSVILLE RD OPP AUDBERT DR,40.3514,-79.9884,Inbound,Bus,0.5818182,0.5818182,Generator,
N36370,2.02045475,0.40227274999999996,MT ROYAL BLVD AT W GLENN AVE FS,40.5214,-79.9596,Inbound,Bus,1.618182,2.4227274999999997,Generator,5.022599094768413
E70849,0.097727275,1.9681819999999999,HAZELWOOD AVE AT EMAHLEA ST,40.4181,-79.9367,Inbound,Bus,-1.8704547249999999,2.065909275,Attractor,0.04965357624447333
N32410,9.20681818181818,0.7204545454545452,MCKNIGHT RD AT ARCADIA DR,40.5767,-80.0261,Inbound,Bus,8.486363636363635,9.927272727272726,Generator,12.779179810725553
N71272,5.6954545,1.4090909,ALPHA DR AT FREEPORT RD,40.4916,-79.866,Inbound,Bus,4.2863636000000005,7.1045454,Generator,4.041935477689907
E39630,26.2500016,31.302275700000003,MONONGAHELA AVE AT WASHINGTON ST,40.4198,-79.8891,Both,Bus,-5.052274100000002,57.5522773,Attractor,0.8385972269741397
E57180,4.65000005,4.74090895,WHIPPLE ST AT NEVADA ST,40.423,-79.8991,Both,Bus,-0.09090889999999963,9.390909,Attractor,0.9808245842814595
W16170,2.856818,17.186365000000002,NOBLESTOWN RD AT BARTOW ST,40.4362,-80.0521,Outbound,Bus,-14.329547000000002,20.043183000000003,Attractor,0.16622584240472024
E53180,10.825,0.5954545499999999,STANTON AVE AT WOODBINE ST FS,40.4794,-79.9436,Inbound,Bus,10.22954545,11.420454549999999,Generator,18.179389174203138
E70329,1.604545454545455,4.99090909090909,STRANAHAN ST AT BRUSHTON AVE,40.4613,-79.8885,Outbound,Bus,-3.3863636363636354,6.595454545454546,Attractor,0.3214936247723134
W22032,4.125,10.09318181818182,STEUBEN ST OPP STRATMORE ST,40.4432,-80.0578,Outbound,Bus,-5.9681818181818205,14.21818181818182,Attractor,0.4086917360954739
E14480,10.34318,2.259091,COAL ST AT WALNUT ST FS,40.4364,-79.8824,Inbound,Bus,8.084089,12.602271,Generator,4.578469835876465
E45510,15.35,9.215909499999999,PENN AVE AT 30TH ST,40.4589,-79.9727,Inbound,Bus,6.134090500000001,24.565909499999997,Generator,1.6655979531917064
E35770,8.3431815,0.097727275,LINCOLN AVE AT ARBOR ST,40.4664,-79.8978,Inbound,Bus,8.245454225,8.440908775,Generator,85.37208778204447
S02610,46.302272727272715,46.065909090909074,8TH AVE AT ANN ST,40.408,-79.9092,Both,Bus,0.23636363636364166,92.3681818181818,Generator,1.0051309882085946
E07630,1.159091,1.815909,BIGELOW BLVD AT HARDING WAY,40.4567,-79.9636,Inbound,Bus,-0.6568179999999999,2.975,Attractor,0.6382979543578451
N17690,6.731818,14.275,31ST ST BRIDGE RAMP AT 31ST ST BRIDGE,40.4646,-79.9797,Outbound,Bus,-7.543182000000001,21.006818,Attractor,0.47158094570928194
W14310,0.47272725,10.5204545,MIDDLETOWN RD AT LADOGA ST,40.4516,-80.0693,Outbound,Bus,-10.04772725,10.99318175,Attractor,0.04493410907294927
S28080,0.025,0.07272727500000001,LEBANON CHURCH RD AT RODEO DR,40.3529,-79.9174,Both,Bus,-0.047727275000000006,0.097727275,Attractor,0.3437499892578128
S21420,0.045454545,5.175,GREENSPRINGS AVE OPP HAZEL ST,40.3872,-79.8807,Outbound,Bus,-5.129545455,5.220454545,Attractor,0.008783486956521739
E15950,31.6204535,37.402270699999995,EAST LIBERTY BLVD AT DAHLEM PL,40.458,-79.9167,Outbound,Bus,-5.781817199999995,69.0227242,Attractor,0.8454153426572576
N53760,0.5431818,0.33863635000000003,WESTERN AVE AT BRIGHTON RD FS,40.4523,-80.0146,Outbound,Bus,0.20454545000000002,0.8818181500000001,Generator,1.6040268565379943
S25660,1.7704545,0.29090910000000003,IRVINE ST AT TULLYMET ST,40.4145,-79.9459,Inbound,Bus,1.4795454000000001,2.0613636,Generator,6.085937153564464
N14120,2.7704545,7.6363635,CENTER AVE AT RIDGEWOOD AVE STEPS,40.5151,-80.0231,Outbound,Bus,-4.865909,10.406818,Attractor,0.36279761957376705
E70878,0.6840909000000001,2.5363634999999998,GREENSBURG PIKE AT KLINE AVE FS,40.3978,-79.8211,Outbound,Bus,-1.8522725999999996,3.2204544,Attractor,0.26971327256522976
N38330,28.515909999999998,26.684090500000003,NORTH AVE AT ARCH ST,40.455,-80.0088,Inbound,Bus,1.8318194999999946,55.2000005,Generator,1.0686483768296318
W10380,0.025,1.113636363636365,ISLAND AVE AT CUTLER ST,40.4717,-80.0612,Outbound,Bus,-1.0886363636363652,1.138636363636365,Attractor,0.022448979591836705
E28640,8.8204545,5.7749999999999995,HAZELWOOD AVE OPP GREENFIELD AVE,40.4197,-79.9294,Both,Bus,3.045454500000001,14.595454499999999,Generator,1.5273514285714287
S70593,22.270455,4.5931820000000005,PARKLINE DR AT RADFORD RD,40.365,-79.967,Inbound,Bus,17.677273,26.863636999999997,Generator,4.848589714058793
S70386,0.481818181818182,0.025,HWY RT 885 OPP WRAY DR,40.3152,-79.9171,Outbound,Bus,0.45681818181818196,0.506818181818182,Generator,19.272727272727277
S23770,22.67045454545456,61.8909090909091,HWY RT 51 AT GREENLEE RD,40.3757,-79.9837,Outbound,Bus,-39.22045454545454,84.56136363636367,Attractor,0.3662970035252646
S25530,0.1,1.965909,INTERBORO AVE AT PLAPORT ST,40.3738,-79.9119,Outbound,Bus,-1.8659089999999998,2.065909,Attractor,0.050867054375355124
W10450,3.086363636363635,12.87272727272725,ISLAND AVE AT MCKEES ROCKS BRIDGE,40.4734,-80.0623,Outbound,Bus,-9.786363636363614,15.959090909090886,Attractor,0.23975988700565004
S13450,0.022727275,0.05,CONNISTON AVE AT BON AIR AVE,40.4104,-79.9995,Both,Bus,-0.027272725,0.07272727500000001,Attractor,0.4545455
S24025,10.218181818181819,1.4454545454545455,HWY RT 51 AT PIZZA HUT,40.368,-79.9836,Inbound,Bus,8.772727272727273,11.663636363636364,Generator,7.069182389937107
N05980,0.22954544999999998,14.425,ARCH ST AT NORTH AVE FS,40.4549,-80.0086,Inbound,Bus,-14.195454550000001,14.65454545,Attractor,0.0159130294627383
E55370,0.120454545,8.811363499999999,VERONA RD AT 2ND ST,40.5014,-79.8376,Outbound,Bus,-8.690908955,8.931818044999998,Attractor,0.013670363843234933
E42010,14.2249995,39.5909095,NEGLEY AVE OPP CORAL ST,40.462,-79.9315,Outbound,Bus,-25.365910000000003,53.815909000000005,Attractor,0.3592996392265249
E13940,65.931815,66.07273,CENTRE AVE AT ADDISON ST,40.4444,-79.9786,Outbound,Bus,-0.14091500000000678,132.004545,Attractor,0.9978672744413617
W19493,0.5863636249999999,5.847727,PARK MANOR BLVD OPP ROBINSON LN,40.4528,-80.1648,Outbound,Bus,-5.261363375,6.434090625,Attractor,0.10027205869904665
N71274,0.022727275,0.5568182,ALPHA DR AT PRINT TECH DRVWY,40.4932,-79.8708,Outbound,Bus,-0.534090925,0.5795454750000001,Attractor,0.0408163292794668
E10705,0.0,0.0,BROADWAY BLVD OPP MAWCO DR,40.3983,-79.7889,Outbound,Bus,0.0,0.0,Balanced,
S35905,3.1863636363636347,0.0,BLOSSOM DR AT NORMA DR,40.3439,-80.002,Inbound,Bus,3.1863636363636347,3.1863636363636347,Generator,
E17303,298.899994,729.1772910000001,EAST BUSWAY AT EAST LIBERTY STATION A,40.4595,-79.9225,Outbound,Busway,-430.2772970000001,1028.077285,Attractor,0.4099140191133571
N04630,0.42045455,0.16363634999999999,ALLEGHENY AVE AT SHEFFIELD ST,40.4543,-80.0198,Inbound,Bus,0.2568182,0.5840909,Generator,2.569444686342613
E46840,2.22727275,19.3636365,PENN AVE OPP THOMPSON ST,40.4052,-79.8273,Outbound,Bus,-17.136363749999997,21.59090925,Attractor,0.11502347454208822
S14792,0.23863636363636348,1.0022727272727274,DUQUESNE BLVD AT WHITFIELD AVE,40.3712,-79.8435,Outbound,Bus,-0.7636363636363639,1.240909090909091,Attractor,0.23809523809523792
S13770,3.386363636363635,1.038636363636365,CRAWFORD AVE AT PIRL ST,40.3639,-79.8488,Outbound,Bus,2.34772727272727,4.425,Generator,3.260393873085334
N14940,4.5931818,1.8954545,CHESTNUT ST AT PHINEAS ST (EAST OHIO),40.4555,-79.9947,Inbound,Bus,2.6977273,6.4886363,Generator,2.423261439406749
N37190,1.618182,0.097727275,MT TROY RD AT #3735,40.4918,-79.9938,Inbound,Bus,1.520454725,1.715909275,Generator,16.55814101027579
E10290,2.15,0.19318180000000001,WOLFE AVE AT TURNER DR,40.4077,-79.8491,Inbound,Bus,1.9568181999999998,2.3431818,Generator,11.129412812180028
W11671,0.8431818,0.025,LINDSAY RD AT #834,40.3886,-80.0783,Inbound,Bus,0.8181818,0.8681818,Generator,33.727272
X08940,0.1659091,2.6386364999999996,KATHLEEN ST OPP CRAIGHEAD ST,40.4257,-79.9986,Outbound,Bus,-2.4727273999999997,2.8045455999999995,Attractor,0.06287683051454795
N15680,3.2045455999999994,5.18863625,CORBETT CT OPP TOWNE TOWERS NORTH,40.5466,-80.0201,Both,Bus,-1.9840906500000006,8.39318185,Attractor,0.6176084515463961
S40115,23.345455,1.5954545,RADFORD RD AT WILLOCK RD (OPP 7-11),40.3638,-79.968,Inbound,Bus,21.750000500000002,24.9409095,Generator,14.63247933425867
X10640,0.05,3.240909,MCFARLAND RD AT HELEN DR FS,40.3963,-80.0465,Outbound,Bus,-3.190909,3.2909089999999996,Attractor,0.01542777041873129
E53660,7.94090909090909,17.03181818181816,SWISSVALE AVE OPP MAPLE AVE,40.4332,-79.8848,Outbound,Bus,-9.09090909090907,24.972727272727248,Attractor,0.4662396583933819
E70374,10.575,10.565909,ROBERTS ST AT BEDFORD AVE,40.4452,-79.9854,Inbound,Bus,0.009090999999999738,21.140909,Generator,1.0008604086974437
N43565,35.397725,3.5272725,PERRYSVILLE AVE AT MARSHALL RD,40.4783,-80.0121,Inbound,Bus,31.870452500000003,38.9249975,Generator,10.035438146613282
E70799,17.76136363636363,7.479545454545455,BRADDOCK AVE OPP LIBRARY ST,40.4012,-79.8658,Both,Bus,10.281818181818174,25.240909090909085,Generator,2.3746581586144018
E36340,5.140909,0.1818182,LINCOLN HWY AT DIX DR,40.3692,-79.7826,Inbound,Bus,4.959090799999999,5.3227272,Generator,28.27499667250033
S21410,4.0613635,0.0,GREENSPRINGS AVE AT HAZEL ST,40.3871,-79.8806,Inbound,Bus,4.0613635,4.0613635,Generator,
N70102,7.4704545,1.8454545,PARKER ST AT KOEHLER ST FS,40.4943,-79.9588,Inbound,Bus,5.625,9.315909,Generator,4.048029631724868
E52990,2.668182,0.23863635,STANTON AVE OPP HOLMES ST,40.4775,-79.9528,Inbound,Bus,2.4295456499999997,2.90681835,Generator,11.180953781768787
E18470,4.306818,19.881819999999998,ELLSWORTH AVE AT COLLEGE ST,40.457,-79.9294,Outbound,Bus,-15.575001999999998,24.188637999999997,Attractor,0.21662091297476793
E42150,80.445455,23.065905,NEVILLE ST AT ELLSWORTH AVE NS,40.4477,-79.9475,Outbound,Bus,57.379549999999995,103.51136,Generator,3.487634887943915
S23860,6.08863636363636,2.095454545454543,HWY RT 51 AT IRWIN DR FS,40.3436,-79.9702,Inbound,Bus,3.9931818181818173,8.184090909090903,Generator,2.905639913232106
N45800,0.5136363500000001,12.277275,RHINE ST OPP STEINE ST,40.4652,-79.992,Outbound,Bus,-11.763638649999999,12.79091135,Attractor,0.041836348049546834
E34620,1.87272725,0.025,LEECHBURG RD AT CLOVERLEAF RD,40.487,-79.8085,Inbound,Bus,1.8477272500000002,1.89772725,Generator,74.90908999999999
N31790,11.109091,2.0136365,MANHATTAN ST AT JUNIATA ST,40.4569,-80.0273,Inbound,Bus,9.095454499999999,13.1227275,Generator,5.516929694113113
W00460,3.775,17.6818181818182,4TH AVE AT CORAOPOLIS BRIDGE FS,40.5148,-80.1539,Outbound,Bus,-13.9068181818182,21.4568181818182,Attractor,0.21349614395886865
S13810,7.113636363636365,4.79090909090909,CRAWFORD AVE AT WOOL ALLEY,40.3632,-79.8507,Outbound,Bus,2.322727272727275,11.904545454545456,Generator,1.4848197343453515
E05700,16.24091,21.947725,BEDFORD AVE OPP MERCER ST,40.4445,-79.9872,Inbound,Bus,-5.706814999999999,38.188635,Attractor,0.7399814787181815
N04560,0.11590910000000001,0.0,ALLEGHENY AVE AT NORTH AVE,40.4532,-80.0195,Inbound,Bus,0.11590910000000001,0.11590910000000001,Generator,
S23730,4.993182,0.67727275,HWY RT 51 AT GLENBURN DR,40.339,-79.9603,Inbound,Bus,4.31590925,5.67045475,Generator,7.37248324253412
E18490,2.625,3.7818180000000003,ELLSWORTH AVE AT DEVONSHIRE ST,40.4506,-79.9449,Inbound,Bus,-1.1568180000000003,6.406818,Attractor,0.6941106102937793
E30285,0.025,0.025,JACKS RUN RD OPP MCKEE RD,40.3438,-79.7988,Inbound,Bus,0.0,0.05,Balanced,1.0
N53640,0.0,0.6409091,WESTERN AVE AT GALVESTON AVE,40.452,-80.0164,Outbound,Bus,-0.6409091,0.6409091,Attractor,0.0
W20130,49.145455,61.62045500000001,RACEWAY FIRELANE AT SHOP N SAVE,40.388,-80.0936,Both,Bus,-12.475000000000009,110.76591,Attractor,0.7975509917932283
E70432,0.0,0.0,HULTON RD OPP JEFFERSON ST,40.523,-79.8117,Inbound,Bus,0.0,0.0,Balanced,
E70591,9.702272727272724,27.090909090909104,BRADDOCK AVE AT 6TH ST,40.4032,-79.8684,Both,Bus,-17.38863636363638,36.79318181818183,Attractor,0.3581375838926172
N15420,12.106818,0.31136365,COLUMBUS AVE AT MANHATTAN ST,40.4577,-80.0276,Inbound,Bus,11.79545435,12.418181650000001,Generator,38.88320939197624
E01940,196.30681785000002,332.78863535,FIFTH AVE OPP CRAFT AVE (CARLOW UNIV),40.438,-79.9638,Both,Bus,-136.48181749999998,529.0954532000001,Attractor,0.5898843800466338
E37230,5.9022725000000005,0.2409091,LONG RD AT CLEMATIS BLVD,40.465,-79.8326,Inbound,Bus,5.661363400000001,6.1431816,Generator,24.499998132075547
N28940,3.620454545454545,0.02272727272727275,KENDALL AVE AT CRAWFORD AVE,40.489,-80.0507,Inbound,Bus,3.597727272727272,3.643181818181818,Generator,159.29999999999984
W22440,3.818182,0.9977275,STEUBENVILLE PIKE AT OMEGA DR,40.4489,-80.1227,Inbound,Bus,2.8204545000000003,4.8159095,Generator,3.8268785815766333
E05300,0.21136363636363648,0.0,BEATTY RD AT BRUNNER DR,40.4519,-79.7551,Inbound,Bus,0.21136363636363648,0.21136363636363648,Generator,
N44980,3.3227272727272723,6.13409090909091,PITTSBURGH ST OPP HILL AVE,40.541,-79.8025,Outbound,Bus,-2.8113636363636374,9.456818181818182,Attractor,0.5416821044831418
E13950,41.329544999999996,47.788635,CENTRE AVE OPP FRANCIS ST,40.447,-79.9675,Outbound,Bus,-6.459090000000003,89.11818,Attractor,0.8648404584060624
E51025,5.7818179999999995,0.47045455,SAVANNAH AVE AT UNION ST,40.4387,-79.8948,Inbound,Bus,5.311363449999999,6.25227255,Generator,12.28985456724778
E45750,65.604545,11.568182,PENN AVE AT BRADDOCK AVE,40.4471,-79.8949,Inbound,Bus,54.036363,77.17272700000001,Generator,5.671119714402834
E03100,0.577272725,3.2045453999999998,AIRBRAKE AVE OPP 11TH ST,40.4032,-79.8231,Outbound,Bus,-2.6272726749999995,3.781818125,Attractor,0.18014184632865557
N71216,334.95,18.01818,ALLEGHENY STATION BAY 1,40.4477,-80.019,Both,Bus,316.93182,352.96817999999996,Generator,18.589557879874658
E01190,58.0613635,54.42272685,FIFTH AVE AT DINWIDDIE ST,40.4384,-79.9806,Inbound,Bus,3.6386366500000022,112.48409035,Generator,1.066858771336997
E29000,51.33409,7.5386365,HIGHLAND AVE AT HAYS ST,40.4682,-79.9218,Inbound,Bus,43.7954535,58.872726500000006,Generator,6.809466141523073
N36502,6.925,0.811363636363635,MT ROYAL BLVD OPP HAMPTON AVE,40.5545,-79.9712,Inbound,Bus,6.113636363636365,7.7363636363636346,Generator,8.535014005602255
E04170,1.0795454545454548,12.35681818181818,ARDMORE BLVD AT BEVINGTON RD FS,40.4268,-79.8629,Outbound,Bus,-11.277272727272726,13.436363636363636,Attractor,0.08736435534302008
N39490,4.11818181818182,1.2227272727272749,OHIO RIVER BLVD AT ALLEGHENY AVE,40.5114,-80.1011,Inbound,Bus,2.895454545454545,5.340909090909095,Generator,3.368029739776947
S70269,10.475,1.5272725,MICHIGAN ST AT BERND ST,40.416,-79.9981,Inbound,Bus,8.9477275,12.0022725,Generator,6.85863197301071
X19505,0.022727275,1.943182,WASHINGTON RD AT FLORENCE PL,40.3845,-80.0439,Outbound,Bus,-1.920454725,1.965909275,Attractor,0.011695906507985358
W22670,0.3568182,0.07045455,STEUBENVILLE PIKE AT PAUL LN,40.4457,-80.1439,Inbound,Bus,0.28636364999999997,0.42727275,Generator,5.064516060353802
N04380,1.3477272727272724,0.0,9TH AVE AT PROSPECT ST,40.6091,-79.7441,Inbound,Bus,1.3477272727272724,1.3477272727272724,Generator,
E17311,25.33181755,1.788636345,EAST BUSWAY AT HOMEWOOD STATION B,40.453,-79.8994,Outbound,Busway,23.543181205,27.120453895,Generator,14.162642742228298
E32734,14.7590905,2.911363545,JOHNSTON AVE AT #657,40.4054,-79.9341,Both,Bus,11.847726954999999,17.670454045,Generator,5.069476989690066
E30270,0.07272727500000001,0.175,JACKS RUN RD AT BIROS TRAILER PARK,40.3602,-79.7857,Outbound,Bus,-0.10227272499999998,0.247727275,Attractor,0.41558442857142863
W70082,6.711363636363639,1.0318181818181822,FAIRHAVEN RD AT KENMAWR PLAZA ENTRANCE (SHELTE,40.4748,-80.0993,Inbound,Bus,5.6795454545454565,7.743181818181821,Generator,6.504405286343612
E20630,1.1863635000000001,0.2681818,FRANKSTOWN RD AT #8877,40.4609,-79.8723,Inbound,Bus,0.9181817000000001,1.4545453000000002,Generator,4.42372860499855
E70323,0.4068182,1.6409090000000002,COAL HOLLOW RD AT OLD COAL HOLLOW RD #2,40.4621,-79.8425,Inbound,Bus,-1.2340908000000002,2.0477272,Attractor,0.24792246248877908
E50260,2.8977275000000002,7.1272725,SALTSBURG RD AT UNIVERSAL RD,40.4776,-79.7854,Outbound,Bus,-4.229545,10.025,Attractor,0.40656892240334574
E19580,24.022727500000002,12.336363500000001,FORBES AVE AT MEYRAN AVE,40.4405,-79.9584,Inbound,Bus,11.686364000000001,36.35909100000001,Generator,1.9473102831316538
E21640,1.0340909,5.9886365,FRANKSTOWN RD OPP HIGHPOINT DR,40.4674,-79.8348,Outbound,Bus,-4.9545456,7.0227274,Attractor,0.172675516371715
X01620,2.1795455,17.638635,BEVERLY RD AT PARKER DR,40.3925,-80.047,Outbound,Bus,-15.459089500000001,19.8181805,Attractor,0.12356656283210124
W22310,3.256818,22.93409,STEUBENVILLE PIKE AT LORISH RD NS (ECONO LODGE),40.4492,-80.1066,Outbound,Bus,-19.677272000000002,26.190908,Attractor,0.14200772736132106
E41320,0.07272727500000001,0.43863635,MURRAY AVE AT NORTHUMBERLAND ST,40.4415,-79.9234,Outbound,Bus,-0.36590907500000003,0.511363625,Attractor,0.16580311914413842
E10070,0.368181818181818,3.18409090909091,BRINTON RD AT BRINTON MANOR DR,40.4112,-79.852,Outbound,Bus,-2.815909090909092,3.552272727272728,Attractor,0.11563169164882219
E39050,3.556818,0.85227275,MIDDLE AVE AT 1ST ST,40.3982,-79.8125,Inbound,Bus,2.70454525,4.40909075,Generator,4.173333008711119
S12510,0.43181820000000004,4.681818,CLIMAX ST AT ESTELLA AVE,40.42,-80.0004,Outbound,Bus,-4.249999799999999,5.1136362,Attractor,0.09223301717409776
E41690,58.76363500000001,3.6454545,NEGLEY AVE AT BLACK ST,40.4689,-79.9275,Inbound,Bus,55.11818050000001,62.40908950000001,Generator,16.119700575058612
W06650,0.9204545454545455,12.37045454545454,FAIRHAVEN RD OPP KENMAWR PLAZA ENTRANCE,40.475,-80.0994,Outbound,Bus,-11.449999999999996,13.290909090909086,Attractor,0.07440749586625027
W00810,9.690909,6.865909,ALLENDALE ST AT CHARTIERS AVE,40.4541,-80.0597,Both,Bus,2.8249999999999993,16.556818,Generator,1.4114531666528058
W04180,0.456818181818182,1.122727272727275,CHARTIERS AVE EXT AT OWEN ST,40.4666,-80.0771,Outbound,Bus,-0.665909090909093,1.579545454545457,Attractor,0.40688259109311675
W70113,3.88636365,5.575,JEFFERS ST OPP FADETTE ST,40.4521,-80.066,Both,Bus,-1.6886363500000003,9.46136365,Attractor,0.6971055874439461
S47200,0.0,0.220454545,WALNUT ST AT GRANT ST,40.3199,-79.8353,Outbound,Bus,-0.220454545,0.220454545,Attractor,0.0
E52390,2.6704544,0.40227275,SOUTH AVE AT ELVIA WAY FS,40.439,-79.8763,Inbound,Bus,2.2681816500000003,3.07272715,Generator,6.638417342462297
E46620,17.6999985,9.1,PENN AVE OPP 36TH ST,40.4641,-79.964,Outbound,Bus,8.5999985,26.7999985,Generator,1.9450547802197802
E52730,0.0,0.7795454500000001,STANTON AVE AT KEYSTONE ST,40.4773,-79.9539,Outbound,Bus,-0.7795454500000001,0.7795454500000001,Attractor,0.0
W16390,1.1022725,2.168182,NOBLESTOWN RD AT DUNCAN WAY FS,40.4131,-80.0752,Outbound,Bus,-1.0659094999999998,3.2704544999999996,Attractor,0.5083855967810821
E01810,63.354545775,166.7068105,FIFTH AVE AT WASHINGTON PL,40.4388,-79.9907,Inbound,Bus,-103.352264725,230.06135627499998,Attractor,0.3800357381020136
W26160,112.34091000000001,4.138636249999999,WEST BUSWAY AT IDLEWOOD STATION C,40.4262,-80.0726,Inbound,Busway,108.20227375,116.47954625000001,Generator,27.14442710445984
S70545,15.95909,1.7136364999999998,SKYLINE DR AT #1765,40.3657,-79.964,Inbound,Bus,14.2454535,17.6727265,Generator,9.312996075888908
W00490,5.204545454545455,0.434090909090909,5TH AVE AT CHESS ST FS,40.5212,-80.1738,Inbound,Bus,4.770454545454546,5.638636363636364,Generator,11.989528795811522
N14255,3.259091,0.36136365000000004,CENTER AVE AT WAVERLY AVE,40.5175,-80.0356,Inbound,Bus,2.8977273500000003,3.62045465,Generator,9.018867835765993
E26660,0.28863635,2.6613635,HAMILTON AVE OPP LASCHALL ST,40.4567,-79.907,Outbound,Bus,-2.3727271500000002,2.94999985,Attractor,0.10845431298655744
W70087,5.118182,7.381818,BROADWAY AVE AT 13TH ST,40.4747,-80.0797,Outbound,Bus,-2.263636,12.5,Attractor,0.6933497954027044
S70319,0.0,0.3886363636363635,HWY RT 885 AT SUNSET DR,40.3065,-79.9087,Inbound,Bus,-0.3886363636363635,0.3886363636363635,Attractor,0.0
E70745,0.8613636499999999,0.8340909000000001,VANN RD AT MINGO ST,40.465,-79.8928,Inbound,Bus,0.027272749999999846,1.69545455,Generator,1.0326975752882568
N38770,75.9704555,75.2272731,NORTH AVE OPP BOYLE ST,40.4556,-80.0057,Both,Bus,0.7431823999999949,151.1977286,Generator,1.0098791617637406
E41760,6.090909,54.252275000000004,NEGLEY AVE AT EAST LIBERTY BLVD,40.4675,-79.9282,Outbound,Bus,-48.161366,60.34318400000001,Attractor,0.11227011217501938
W08530,68.41363636363634,6.04090909090909,HELEN ST AT ELLA ST,40.474,-80.0573,Inbound,Bus,62.37272727272725,74.45454545454544,Generator,11.325056433408577
P02610,81.624998,7.3659091,LIBERTY AVE OPP 11TH ST FS (AMTRAK),40.4446,-79.9927,Outbound,Bus,74.25908890000001,88.9909071,Generator,11.081456055437883
S50254,1.8477272727272749,0.0,WORTHINGTON AVE AT ONEIDA DR,40.2946,-79.9055,Inbound,Bus,1.8477272727272749,1.8477272727272749,Generator,
N50470,0.72954545,0.0,SPRING GARDEN AVE AT #1036,40.4593,-79.9937,Inbound,Bus,0.72954545,0.72954545,Generator,
E11785,1.779545545,13.72954535,BUTLER ST AT 53RD ST,40.482,-79.9525,Outbound,Bus,-11.949999805000001,15.509090895,Attractor,0.1296143098431151
E19470,195.990905,77.827271,FORBES AVE AT MCANULTY DR,40.4379,-79.9913,Outbound,Bus,118.163634,273.818176,Generator,2.5182805780251503
S70558,4.2113635,18.46818,PARKLINE DR AT SKYLINE DR,40.3673,-79.9641,Outbound,Bus,-14.2568165,22.6795435,Attractor,0.22803348786940564
W08610,0.6545454545454545,0.075,HERBST RD AT FOREST GROVE RD,40.4822,-80.1119,Both,Bus,0.5795454545454546,0.7295454545454545,Generator,8.727272727272728
X04130,0.0,0.475,CEDAR BLVD AT #1046 FS,40.3728,-80.0584,Outbound,Bus,-0.475,0.475,Attractor,0.0
E56295,0.022727275,0.0,WASHINGTON BLVD AT ALLEGHENY RIVER BLVD,40.4833,-79.9081,Inbound,Bus,0.022727275,0.022727275,Generator,
W16290,14.745455,2.1590909,NOBLESTOWN RD AT COLESCOTT ST,40.4342,-80.0502,Inbound,Bus,12.5863641,16.9045459,Generator,6.829473923492523
S40570,0.7431818181818185,1.7181818181818185,RICHLAND AVE AT 6TH ST,40.3505,-79.8951,Inbound,Bus,-0.975,2.461363636363637,Attractor,0.43253968253968267
S10620,1.1045455,1.7613635,CAMFIELD ST AT GOSSER ST,40.4064,-79.9982,Both,Bus,-0.6568180000000001,2.8659090000000003,Attractor,0.6270968485494334
E42140,14.518182,105.36818,NEVILLE ST AT FIFTH AVE,40.4473,-79.9475,Inbound,Bus,-90.849998,119.88636199999999,Attractor,0.13778525926897475
E46000,15.329545,5.2,PENN AVE AT FRIENDSHIP AVE,40.4661,-79.9524,Outbound,Bus,10.129545,20.529545,Generator,2.947989423076923
N31680,2.9659089,4.025,MAIN ST OPP 15TH ST,40.4945,-79.9265,Outbound,Bus,-1.0590911000000003,6.990908900000001,Attractor,0.7368717763975154
X18841,18.120455,0.47272725,VIRGINIA AVE AT MERRIMAC ST,40.4317,-80.014,Inbound,Bus,17.64772775,18.593182249999998,Generator,38.33173357364104
E70413,0.8090909,28.056820000000002,SOUTH AVE AT PENNWOOD AVE,40.4427,-79.8876,Outbound,Bus,-27.2477291,28.865910900000003,Attractor,0.028837583874437654
E03140,0.279545445,0.67727275,AIRBRAKE AVE OPP 2ND ST,40.3995,-79.8154,Outbound,Bus,-0.397727305,0.956818195,Attractor,0.4127516499076628
S40640,0.6681818181818179,6.488636363636365,RICHLAND AVE OPP 6TH ST,40.3504,-79.8952,Outbound,Bus,-5.820454545454547,7.156818181818183,Attractor,0.10297723292469345
E70818,0.02272727272727275,0.093181818181818,FORBES RD OPP MEADOW ST,40.3889,-79.7503,Outbound,Bus,-0.07045454545454526,0.11590909090909075,Attractor,0.24390243902439093
X15260,0.78636365,6.7522725,REPUBLIC ST AT GREENLEAF ST,40.4391,-80.0264,Outbound,Bus,-5.96590885,7.53863615,Attractor,0.1164591106179438
N41620,0.3113636363636365,0.0,PENN ST AT ATLANTIC AVE,40.6117,-79.7408,Inbound,Bus,0.3113636363636365,0.3113636363636365,Generator,
X08849,0.022727275,0.3318182,KANE BLVD OPP ELM DR,40.3759,-80.0885,Outbound,Bus,-0.309090925,0.354545475,Attractor,0.06849315378119705
N13610,176.768184,205.488633,CEDAR AVE OPP PRESSLEY ST,40.4516,-80.0012,Both,Bus,-28.720449000000002,382.25681699999996,Attractor,0.8602333930558582
S14665,1.05,19.490909000000002,DRIVE TO LOWE'S AT STOREFRONT DRIVE,40.413,-79.9031,Both,Bus,-18.440909,20.540909000000003,Attractor,0.05387126890798166
E33120,10.7250003,29.2590914,KELLY AVE AT TRENTON AVE,40.4412,-79.8925,Both,Bus,-18.534091099999998,39.9840917,Attractor,0.3665527460637414
N43130,0.8613636499999999,16.404545,PERRY HWY AT VFW,40.5177,-80.03,Outbound,Bus,-15.54318135,17.26590865,Attractor,0.052507622125453644
N71313,0.24545454500000002,2.059091,BROAD ST AT BANK ST FS,40.5371,-80.184,Outbound,Bus,-1.813636455,2.304545545,Attractor,0.11920529252956767
E70367,8.720454499999999,2.8636365,FRANKSTOWN AVE AT BLACKADORE AVE,40.4555,-79.8832,Inbound,Bus,5.856817999999999,11.584090999999999,Generator,3.045237934353749
E18430,5.3704545,8.718182,ELLSWORTH AVE AT AMBERSON AVE,40.4512,-79.9411,Outbound,Bus,-3.3477275000000004,14.0886365,Attractor,0.6160062384565956
N31220,0.7204545,17.01818,LOWRIE ST AT HOFF ST,40.462,-79.9841,Outbound,Bus,-16.297725500000002,17.7386345,Attractor,0.042334403561367896
S70300,3.8863635,2.5954544999999998,EAST PITTSBURGH MCKEESPORT BLV AT MARYLAND AVE,40.3803,-79.8286,Outbound,Bus,1.290909,6.481818,Generator,1.4973730034566202
E19840,260.1590891,99.063635,FORBES AVE OPP BELLEFIELD AVE NS,40.4436,-79.9515,Both,Bus,161.0954541,359.22272410000005,Generator,2.6261815357371048
E17325,2.6045455,0.38863635,EAST HILLS DR AT SCHOOL DRVWY,40.4539,-79.8731,Outbound,Bus,2.21590915,2.99318185,Generator,6.701754738073265
N71304,0.40227274999999996,6.1454545,MATHIAS ST AT MANOR CARE DRVWY,40.4684,-79.9949,Outbound,Bus,-5.74318175,6.547727249999999,Attractor,0.06545858406404279
E01380,2.6227275,17.447725,FIFTH AVE AT MCPHERSON ST,40.4556,-79.9107,Outbound,Bus,-14.824997499999998,20.0704525,Attractor,0.15031916768518533
S34060,0.843182,0.022727275,MIFFLIN RD OPP #1236,40.3711,-79.915,Inbound,Bus,0.8204547249999999,0.865909275,Generator,37.10000428999957
S46880,0.05,0.09545454545454546,WALNUT ST AT 26TH AVE,40.334,-79.8487,Outbound,Bus,-0.045454545454545456,0.14545454545454545,Attractor,0.5238095238095238
S39665,4.313636363636365,0.068181818181818,PROSPECT RD AT BERYL DR FS,40.3614,-79.9622,Inbound,Bus,4.245454545454547,4.381818181818184,Generator,63.266666666666865
N43620,24.23182,4.365909,PERRYSVILLE AVE AT MCINTYRE AVE,40.4689,-80.0093,Inbound,Bus,19.865910999999997,28.597729,Generator,5.550234785012696
E19750,9.5749995,8.918182,FORBES AVE AT SENECA ST,40.4372,-79.9761,Outbound,Bus,0.6568175000000007,18.4931815,Generator,1.073649259456692
S50210,3.6409090909090898,0.17045454545454544,WORTHINGTON AVE AT 12TH ST,40.2927,-79.8972,Inbound,Bus,3.4704545454545443,3.811363636363635,Generator,21.359999999999996
S00260,75.51136,5.8840909,S 18TH ST AT MISSION ST,40.4237,-79.9776,Inbound,Bus,69.62726909999999,81.3954509,Generator,12.833139610402686
X00470,0.0,0.3454545454545455,BANK ST AT ELM ST,40.3537,-80.1066,Outbound,Bus,-0.3454545454545455,0.3454545454545455,Attractor,0.0
W08025,299.168181818182,169.7681818181818,PGH INTERNL AIRPORT LOWER LEVE,40.4963,-80.2558,Inbound,Bus,129.4000000000002,468.9363636363638,Generator,1.7622158558462087
E13180,33.2545445,206.470455,CENTRE AVE AT AIKEN AVE,40.4558,-79.9388,Outbound,Bus,-173.21591049999998,239.7249995,Attractor,0.16106200037191765
N53750,0.5590909000000001,0.045454545,WESTERN AVE AT GALVESTON AVE,40.4519,-80.0167,Inbound,Bus,0.513636355,0.6045454450000001,Generator,12.299999923000001
N52230,0.0,0.0,THOMPSON RUN RD AT MILLER RD,40.5223,-79.991,Inbound,Bus,0.0,0.0,Balanced,
S70422,0.1886363636363635,6.38409090909091,WALNUT ST AT 1ST EVANGELICAL FREE CHURCH,40.3448,-79.8265,Outbound,Bus,-6.195454545454546,6.572727272727273,Attractor,0.02954788180847274
N41640,0.07272727272727275,0.025,PENN ST AT BROADVIEW BLVD FS,40.6135,-79.7419,Inbound,Bus,0.04772727272727275,0.09772727272727275,Generator,2.90909090909091
E54610,3.6522725,33.988635,TRENTON AVE AT SOUTH AVE,40.4443,-79.8921,Outbound,Bus,-30.336362500000003,37.640907500000004,Attractor,0.1074556980590718
E05980,6.768182,20.6613655,BEECHWOOD BLVD AT LILAC ST,40.4232,-79.9276,Outbound,Bus,-13.8931835,27.429547499999998,Attractor,0.3275767034855465
E53760,6.181818,3.1704543500000004,SWISSVALE AVE AT PENN AVE FS,40.4417,-79.8775,Both,Bus,3.0113636499999994,9.35227235,Generator,1.949820851386805
W13470,0.025,0.7363636363636366,MCCOY RD OPP GREENWOOD DR,40.4781,-80.094,Outbound,Bus,-0.7113636363636365,0.7613636363636366,Attractor,0.03395061728395061
S23885,33.852275,5.86818185,HWY RT 51 AT OLD LEBANON CHURCH RD,40.3405,-79.9642,Inbound,Bus,27.98409315,39.72045685,Generator,5.768784244475995
S50190,0.193181818181818,4.795454545454545,WORTHINGTON AVE AT 10TH ST FS,40.292,-79.8936,Outbound,Bus,-4.602272727272727,4.988636363636363,Attractor,0.040284360189573425
W10165,1.3727272727272726,1.3181818181818183,INGRAM AVE AT MAINSGATE ST,40.4461,-80.0676,Inbound,Bus,0.05454545454545423,2.690909090909091,Generator,1.0413793103448274
E49400,25.265909944999997,26.05681925,ROSS AVE AT COAL ST,40.4411,-79.88,Both,Bus,-0.7909093050000031,51.322729194999994,Attractor,0.9696467440092481
E29180,17.25909,0.097727275,HIGHLAND AVE AT WELLESLEY AVE,40.4726,-79.9197,Inbound,Bus,17.161362725,17.356817275,Generator,176.60463775338053
S35210,6.2727275,0.047727275,ST JOSEPH ST OPP ORMSBY ST,40.4127,-79.9773,Inbound,Bus,6.2250002250000005,6.320454775,Generator,131.42856993197287
N70022,22.320455000000003,10.211363500000001,BEAVER ST AT DIVISION ST FS,40.5397,-80.1799,Inbound,Bus,12.109091500000002,32.5318185,Generator,2.185844720932714
E39540,19.022728775,47.140909900000004,MONONGAHELA AVE AT CHURCH ST,40.422,-79.8905,Both,Bus,-28.118181125000003,66.163638675,Attractor,0.40352909639107326
E39700,6.5659092,13.381819649999999,MONONGAHELA AVE OPP DUQUESNE AVE,40.4184,-79.8883,Both,Bus,-6.815910449999999,19.947728849999997,Attractor,0.49065892171099473
N45350,0.0,0.05,PRESIDENTIAL DR AT WASHINGTON,40.5849,-79.9996,Outbound,Bus,-0.05,0.05,Attractor,0.0
E25767,0.0,0.0,GREENSBURG PIKE OPP BOWLING ALLEY,40.3837,-79.8192,Inbound,Bus,0.0,0.0,Balanced,
S31790,7.5545455,0.82045455,MAIN ST OPP #4117,40.3817,-79.9055,Inbound,Bus,6.73409095,8.37500005,Generator,9.207756237076142
S24015,0.9363636363636365,1.325,HWY RT 51 AT PETERS CREEK RD,40.2923,-79.9154,Inbound,Bus,-0.38863636363636345,2.2613636363636367,Attractor,0.7066895368782162
W11720,0.047727275,0.025,LINDSAY RD AT OLD GREENTREE RD,40.3858,-80.0843,Inbound,Bus,0.022727274999999998,0.07272727500000001,Generator,1.9090909999999999
N43970,17.554544999999997,4.6954545,PERRYSVILLE AVE OPP LAFAYETTE AVE,40.4649,-80.0116,Inbound,Bus,12.859090499999997,22.249999499999998,Generator,3.738625302406827
S30640,120.77499999999999,75.15681818181815,LYSLE BLVD AT COURSIN ST FS,40.3522,-79.856,Both,Bus,45.61818181818184,195.93181818181813,Generator,1.6069732982551639
S70616,0.025,0.075,CAMP HOLLOW RD OPP LEBANON MANOR DR,40.3425,-79.9176,Both,Bus,-0.049999999999999996,0.1,Attractor,0.33333333333333337
E70899,0.625,8.01818181818182,BRADDOCK AVE OPP 9TH ST,40.4001,-79.8641,Outbound,Bus,-7.393181818181819,8.64318181818182,Attractor,0.07794784580498865
E53730,4.881818,5.0704545,SWISSVALE AVE AT NORTH AVE,40.4428,-79.8768,Both,Bus,-0.18863650000000032,9.9522725,Attractor,0.9627969248121642
N43395,3.8045455,25.211365,PERRYSVILLE AVE AT CLAYTON AVE,40.4641,-80.0113,Outbound,Bus,-21.4068195,29.0159105,Attractor,0.15090597038280157
S27300,4.159090909090912,1.8704545454545454,KENNEDY AVE AT MIFFLIN ST,40.3662,-79.8577,Both,Bus,2.2886363636363667,6.029545454545457,Generator,2.223572296476308
W25070,0.075,0.5295454545454545,WASHINGTON PIKE AT STEEN RD,40.3763,-80.0979,Outbound,Bus,-0.45454545454545453,0.6045454545454545,Attractor,0.14163090128755365
N52605,1.2113635,2.9522725,TROY HILL RD AT #1034,40.4562,-79.9923,Inbound,Bus,-1.7409089999999998,4.163636,Attractor,0.41031561280335743
X07050,0.46136365,3.368182,GRANDVIEW AVE OPP SHALER ST,40.4404,-80.0231,Outbound,Bus,-2.90681835,3.82954565,Attractor,0.13697705468409963
S27210,3.504545454545455,20.175,KEEPORT DR OPP YOUNGRIDGE DR,40.3409,-79.9813,Outbound,Bus,-16.670454545454547,23.679545454545455,Attractor,0.17370733355863469
N45830,4.2477275,0.07045454500000001,RIALTO ST OPP TOURS ST,40.4666,-79.9824,Inbound,Bus,4.177272955,4.3181820449999995,Generator,60.29032619542145
E52230,39.627275,21.66591,SHUMAN CENTER DR AT JOB CORPS DR,40.4786,-79.9019,Both,Bus,17.961364999999997,61.293184999999994,Generator,1.8290150286786937
X04330,0.025,0.8886363500000001,CEDAR BLVD OPP #1289,40.3631,-80.0635,Outbound,Bus,-0.86363635,0.9136363500000001,Attractor,0.028132992759074056
N40130,0.8045454545454545,2.654545454545455,OHIO RIVER BLVD OPP EAT-N-PARK,40.4943,-80.0643,Outbound,Bus,-1.8500000000000008,3.45909090909091,Attractor,0.3030821917808218
S13980,2.18409090909091,0.0,CURRY RD OPP LAUREL DR,40.3443,-79.9921,Inbound,Bus,2.18409090909091,2.18409090909091,Generator,
E17373,14.32045275,20.6818195,EAST LIBERTY BLVD AT HIGHLAND AVE FS,40.4658,-79.9223,Inbound,Bus,-6.36136675,35.00227225,Attractor,0.6924174514722943
S70528,0.093181818181818,3.83409090909091,CUSTER AVE OPP ST WENDELIN CHURCH,40.3934,-79.9746,Outbound,Bus,-3.740909090909092,3.9272727272727277,Attractor,0.024303497332542924
S12500,3.05,0.30454545,CLIMAX ST AT ESTELLA AVE,40.4199,-80.0006,Inbound,Bus,2.74545455,3.35454545,Generator,10.01492552261083
E29740,1.9227275,4.456818,HOMEWOOD AVE AT HAMILTON AVE,40.4547,-79.8975,Outbound,Bus,-2.5340905000000005,6.3795455,Attractor,0.431412613214181
N52350,0.0,0.0,THOMPSON RUN RD AT #218,40.5199,-79.992,Inbound,Bus,0.0,0.0,Balanced,
W17160,0.1840909,9.334091,NOBLESTOWN RD OPP HOLIDAY DR,40.4264,-80.0616,Outbound,Bus,-9.150000100000002,9.5181819,Attractor,0.019722423961797672
W23198,0.1409091,1.315909,SWALLOW HILL RD OPP THE BOURSE,40.3893,-80.0741,Outbound,Bus,-1.1749999,1.4568181,Attractor,0.10708118874481443
E54600,9.470454499999999,1.22727275,TRENTON AVE AT SOUTH AVE,40.444,-79.8921,Inbound,Bus,8.243181749999998,10.69772725,Generator,7.716666486728397
W26135,3.58409090909091,91.875,WEST BUSWAY AT BELL STATION A,40.4154,-80.083,Outbound,Busway,-88.2909090909091,95.4590909090909,Attractor,0.03901051329622759
N10948,0.07272727500000001,0.8704545499999999,BROAD ST AT HILL ST,40.5415,-80.1784,Outbound,Bus,-0.797727275,0.9431818249999999,Attractor,0.08355091601278897
X06740,0.0,0.67272725,GILKESON RD AT #223,40.3575,-80.0554,Outbound,Bus,-0.67272725,0.67272725,Attractor,0.0
N71183,0.0,0.05,FOX CHAPEL RD OPP DELAFIELD RD NS,40.4986,-79.8834,Outbound,Bus,-0.05,0.05,Attractor,0.0
W08072,2.722727272727275,27.352272727272748,GREENTREE RD AT MANILLA AVE,40.4186,-80.0459,Outbound,Bus,-24.62954545454547,30.075000000000024,Attractor,0.09954299958454509
N26844,0.0,0.0,HULTON RD AT 13TH ST,40.5247,-79.8271,Inbound,Bus,0.0,0.0,Balanced,
E13580,34.772725,24.077275,CENTRE AVE AT KIRKPATRICK ST,40.4453,-79.9763,Outbound,Bus,10.695450000000001,58.85,Generator,1.4442134751544766
W02670,3.8568179999999996,1.034091,BROADWAY AVE AT 14TH ST,40.475,-80.0808,Inbound,Bus,2.8227269999999995,4.890909,Generator,3.7296698259630916
N14310,3.881818,2.131818,CENTER AVE OPP RIDGEWOOD AVE STEPS,40.5152,-80.023,Inbound,Bus,1.75,6.013636,Generator,1.820895592400477
S21620,1.9022725,0.0,GREENSPRINGS AVE AT SPRING ST,40.3915,-79.8835,Inbound,Bus,1.9022725,1.9022725,Generator,
S05330,1.381818,0.025,BAPTIST RD AT #5341,40.3535,-80.007,Inbound,Bus,1.356818,1.406818,Generator,55.27272
E26560,1.5431819999999998,7.915909,HAMILTON AVE AT LANG AVE,40.4551,-79.8998,Outbound,Bus,-6.372727,9.459091,Attractor,0.19494691007690965
N14025,0.8181818000000001,18.420455,CENTER AVE AT PERRY HWY,40.5181,-80.0318,Outbound,Bus,-17.6022732,19.238636800000002,Attractor,0.04441702444375017
E26610,0.87727275,8.1772725,HAMILTON AVE AT MURTLAND ST,40.4557,-79.9024,Outbound,Bus,-7.2999997500000005,9.05454525,Attractor,0.10728182899615978
E09650,2.009091,0.37045455,BRERETON ST AT #3028,40.4565,-79.9692,Outbound,Bus,1.6386364500000001,2.37954555,Generator,5.423313062290638
N39630,7.954545454545455,2.05909090909091,OHIO RIVER BLVD AT EAT-N-PARK,40.4941,-80.0643,Inbound,Bus,5.895454545454545,10.013636363636365,Generator,3.863134657836643
E34353,0.2340909,0.26136365,LARIMER AVE AT MAYFLOWER ST,40.4644,-79.916,Inbound,Bus,-0.027272750000000012,0.49545455,Attractor,0.8956520924007604
S47150,0.0,0.0,WALNUT ST AT CP INDUSTRIES,40.3357,-79.8516,Outbound,Bus,0.0,0.0,Balanced,
N25441,0.0,0.0,HEMLOCK DR AT #4424,40.5789,-79.9807,Inbound,Bus,0.0,0.0,Balanced,
E03150,0.9,1.522727295,AIRBRAKE AVE OPP 3RD ST,40.3999,-79.8161,Outbound,Bus,-0.6227272949999999,2.422727295,Attractor,0.5910447674742706
S00750,73.67727500000001,13.831818,SECOND AVE AT ELIZABETH ST,40.407,-79.9432,Both,Bus,59.84545700000001,87.50909300000001,Generator,5.32665156525339
E46470,120.53181745,119.495448,PENN AVE AT SHERIDAN AVE,40.461,-79.9236,Inbound,Bus,1.0363694500000094,240.02726545000002,Generator,1.0086728780664516
N41730,0.0,0.075,PENN ST AT UNION AVE,40.613,-79.7415,Outbound,Bus,-0.075,0.075,Attractor,0.0
E45740,5.5409093,27.890907,PENN AVE AT BEATTY ST,40.4622,-79.927,Outbound,Bus,-22.3499977,33.4318163,Attractor,0.19866364690112087
E51040,119.645455,11.004545499999999,SAWYER WAY AT EAST BUSWAY,40.4438,-79.887,Outbound,Bus,108.64090949999999,130.6500005,Generator,10.872366786979072
S17080,3.184091,0.6840909,ELIZA ST AT DIVISION ST,40.3945,-79.8794,Outbound,Bus,2.5000001000000003,3.8681818999999997,Generator,4.654485244577877
S35280,8.984091,11.4295453,ARLINGTON AVE OPP KNOX AVE,40.4202,-79.9907,Both,Bus,-2.4454542999999997,20.4136363,Attractor,0.7860409810003552
S09280,7.30227272727273,21.4,BROWNSVILLE RD AT W GARDEN RD,40.3779,-79.9755,Outbound,Bus,-14.097727272727269,28.702272727272728,Attractor,0.34122769753610893
E41260,12.493182,160.88409000000001,MURRAY AVE AT LILAC ST,40.4233,-79.9287,Both,Bus,-148.39090800000002,173.377272,Attractor,0.07765330928620721
N54520,5.3431820000000005,1.7795455,WILSON AVE AT DRUM ST,40.4648,-80.0127,Outbound,Bus,3.5636365000000003,7.122727500000001,Generator,3.0025543038938878
E36130,21.8181818181818,0.184090909090909,LINCOLN HWY AT 5TH AVE EXT,40.381,-79.8114,Inbound,Bus,21.63409090909089,22.002272727272707,Generator,118.51851851851848
W01885,1.20681818181818,3.31818181818182,BERRY ST AT W PROSPECT AVE,40.4472,-80.0691,Outbound,Bus,-2.11136363636364,4.525,Attractor,0.36369863013698556
N14570,1.3522725,6.0977274999999995,N CHARLES ST AT KENN AVE,40.4679,-80.0157,Outbound,Bus,-4.745455,7.449999999999999,Attractor,0.22176663355323767
N01920,8.2113637,8.247727000000001,E 4TH AVE AT BOYD ST,40.6007,-79.7561,Both,Bus,-0.03636330000000143,16.4590907,Attractor,0.9955911125574354
N24090,1.63181818181818,7.102272727272725,GRANT AVE AT SHERMAN ST,40.4793,-79.9719,Outbound,Bus,-5.470454545454545,8.734090909090906,Attractor,0.22975999999999983
S70302,2.7022725,1.968182,CLYDE AVE AT PORT PERRY RD,40.3859,-79.8328,Outbound,Bus,0.7340904999999998,4.6704545,Generator,1.372978972473074
E20700,12.5727275,16.956816,FRANKSTOWN AVE AT WASHINGTON BLVD,40.4587,-79.9078,Inbound,Bus,-4.384088500000001,29.5295435,Attractor,0.741455677764033
N20950,3.9250000000000025,0.41136363636363604,FREEPORT RD AT CRAWFORD RUN RD,40.5825,-79.7784,Inbound,Bus,3.5136363636363663,4.336363636363639,Generator,9.541436464088411
S70064,0.07272727500000001,1.825,BROWNSVILLE RD AT NATIVITY CHURCH,40.3291,-79.9875,Outbound,Bus,-1.7522727249999999,1.897727275,Attractor,0.03985056164383562
S48690,0.575,5.1204545,WHITAKER ST AT OAK ST,40.3963,-79.8838,Inbound,Bus,-4.5454545,5.6954545,Attractor,0.11229471915041915
S46860,0.4204545454545455,0.3,WALNUT ST AT 25TH AVE,40.3345,-79.8496,Outbound,Bus,0.12045454545454554,0.7204545454545455,Generator,1.4015151515151518
S04310,22.234090000000002,5.0977274999999995,ARLINGTON AVE AT CLOVER ST,40.4176,-79.9715,Inbound,Bus,17.136362500000004,27.3318175,Generator,4.36156895400941
W06780,4.28863615,6.2636365,FARONIA ST AT WYNETTE ST,40.4518,-80.0677,Both,Bus,-1.9750003499999993,10.552272649999999,Attractor,0.6846879045423534
E11660,90.656815,41.5409115,BUTLER ST AT 41ST ST,40.4696,-79.9613,Inbound,Bus,49.115903499999995,132.1977265,Generator,2.182350163404575
TP7076,87.38636799999999,82.104544,LAYOVER PENN PARK TERMINAL - N,40.4462,-79.9887,Both,Bus,5.281823999999986,169.49091199999998,Generator,1.064330471161255
E55750,0.0,0.045454545,VERONA RD OPP GRAHAM BLVD EXT,40.4633,-79.8658,Outbound,Bus,-0.045454545,0.045454545,Attractor,0.0
X70056,0.6409091,3.5931819999999997,GRANDVIEW AVE OPP HALLOCK ST,40.4373,-80.0172,Outbound,Bus,-2.9522728999999996,4.2340911,Attractor,0.17836811494658497
W18280,2.6886365,0.55454545,NOBLESTOWN RD OPP #608,40.4371,-80.0401,Inbound,Bus,2.13409105,3.24318195,Generator,4.848360941380007
W22890,0.484090925,6.1568185,STEUBENVILLE PIKE OPP #6181,40.445,-80.15,Outbound,Bus,-5.672727575,6.640909425,Attractor,0.07862679807761103
W03750,0.49545454545454554,0.4295454545454545,CHARTIERS AVE AT #1241 (OPP VFW),40.4649,-80.0722,Inbound,Bus,0.06590909090909103,0.925,Generator,1.1534391534391537
E70335,0.66590905,5.772727,WHITFIELD ST AT BAUM BLVD,40.4606,-79.9265,Inbound,Bus,-5.10681795,6.4386360499999995,Attractor,0.11535432907185807
S39900,1.0,2.5704545,PROVOST RD AT BAPTIST RD,40.3612,-79.9911,Outbound,Bus,-1.5704544999999999,3.5704545,Attractor,0.3890362579847261
TP7061,3.122727272727275,10.588636363636365,VILLAGE DR AT STAIRTOWER,40.3399,-80.0545,Both,Bus,-7.46590909090909,13.71136363636364,Attractor,0.2949130714745655
S00270,8.1272725,30.988635,S 18TH ST AT MONASTERY AVE,40.4217,-79.9843,Outbound,Bus,-22.8613625,39.1159075,Attractor,0.26226623082946376
E45200,0.56363635,2.9886365,PAULSON AVE AT OLIVANT ST,40.4695,-79.8994,Outbound,Bus,-2.4250001500000002,3.55227285,Attractor,0.18859314272578817
E70032,0.1409091,9.05,ALLEGHENY AVE AT WASHINGTON AVE,40.5161,-79.8433,Outbound,Bus,-8.9090909,9.1909091,Attractor,0.015570066298342542
E39360,1.7977275000000001,14.213635,MILLVALE AVE AT YEW ST,40.4578,-79.9474,Inbound,Bus,-12.4159075,16.0113625,Attractor,0.12647908152981277
S23515,0.02272727272727275,2.054545454545455,HWY RT 51 AT DICK CORPORATION DR,40.2924,-79.9157,Outbound,Bus,-2.031818181818182,2.077272727272728,Attractor,0.011061946902654874
S24590,2.4840910000000003,5.797727500000001,HWY RT 51 OPP STILLEY RD,40.3614,-79.9827,Outbound,Bus,-3.3136365000000003,8.2818185,Attractor,0.42845942655980296
N71268,3.9318183,0.4795455,GAMMA DR AT ZETA DR NS,40.5006,-79.8648,Both,Bus,3.4522728000000003,4.4113638,Generator,8.19905160198563
S02715,6.093181749999999,17.1068165,8TH AVE AT GRANT ST,40.4092,-79.8988,Both,Bus,-11.013634750000001,23.19999825,Attractor,0.35618443384834336
E41360,0.53863635,1.22727275,MURRAY AVE AT SOLWAY ST,40.4428,-79.9236,Inbound,Bus,-0.6886364,1.7659091,Attractor,0.43888886965020607
S12760,0.39545454999999996,0.37727275,COCHRAN MILLS RD AT #985,40.3238,-79.9846,Both,Bus,0.01818179999999997,0.7727272999999999,Generator,1.0481927199883903
S70314,0.418181818181818,0.1363636363636365,HWY RT 885 AT COAL VALLEY RD,40.3228,-79.9265,Inbound,Bus,0.2818181818181815,0.5545454545454545,Generator,3.0666666666666624
S28030,2.404545,0.1,LEBANON CHURCH RD AT PLEASANT HILLS BLVD,40.3449,-79.9611,Inbound,Bus,2.304545,2.5045450000000002,Generator,24.04545
X00460,0.04772727272727275,1.7090909090909099,BANK ST AT ELIZABETH ST,40.3531,-80.1059,Outbound,Bus,-1.661363636363637,1.7568181818181827,Attractor,0.02792553191489362
E06200,10.0886365,7.2227274999999995,BEECHWOOD BLVD AT TILBURY AVE,40.4266,-79.9191,Both,Bus,2.8659090000000003,17.311363999999998,Generator,1.3967904091632974
S06275,8.0772725,0.865909,BELTZHOOVER AVE AT CEDARHURST ST,40.4185,-79.9973,Inbound,Bus,7.211363499999999,8.9431815,Generator,9.328084706360597
W03990,3.2931820000000003,0.9181819999999999,CHARTIERS AVE OPP OETTING ST,40.4579,-80.0675,Inbound,Bus,2.3750000000000004,4.2113640000000006,Generator,3.586633151161753
X20070,13.83863636363635,1.318181818181818,WEST LIBERTY AVE AT KELTON AVE,40.3924,-80.0376,Inbound,Bus,12.520454545454532,15.156818181818169,Generator,10.498275862068958
N12060,2.9318180450000004,1.53181815,BROWNS LN AT ROSS PARK DR,40.5454,-80.0193,Both,Bus,1.3999998950000003,4.463636195,Generator,1.9139465379751508
E36400,17.83863636363635,1.463636363636365,LINCOLN HWY OPP CENTER AVE,40.3956,-79.8386,Inbound,Bus,16.374999999999986,19.302272727272715,Generator,12.187888198757744
N33100,2.2931818,28.675,MCKNIGHT RD OPP NORTHLAND MEDICAL CENTER,40.5191,-80.0048,Outbound,Bus,-26.3818182,30.9681818,Attractor,0.07997146643417612
E06490,1.1477273000000001,4.286364,BEELER ST OPP UNGER LN FS,40.445,-79.9364,Outbound,Bus,-3.1386366999999997,5.4340913,Attractor,0.26776244388017445
E55810,0.21818179999999998,5.818182,VERONA RD OPP RIVERVIEW DR,40.4974,-79.8368,Outbound,Bus,-5.6000002,6.0363638,Attractor,0.03749999570312513
W11717,0.05,0.0,LINDSAY RD OPP #559,40.3823,-80.0842,Inbound,Bus,0.05,0.05,Generator,
S25510,0.80454545,2.993182,INTERBORO AVE AT LINDBERG AVE FS,40.3754,-79.9105,Outbound,Bus,-2.18863655,3.79772745,Attractor,0.2687926928599731
E60085,0.0,0.0,YOST BLVD AT ARDMORE MANOR DR,40.4139,-79.8511,Inbound,Bus,0.0,0.0,Balanced,
E57500,15.143181499999999,0.6136363499999999,WILKINS AVE OPP BELLEROCK ST,40.4447,-79.9291,Inbound,Bus,14.529545149999999,15.75681785,Generator,24.677777807654323
W21720,1.0454545450000001,1.7454545499999998,STEUBEN ST AT #1129,40.4411,-80.0466,Inbound,Bus,-0.7000000049999997,2.790909095,Attractor,0.5989583315131295
S27545,53.486365000000006,47.377275,KENNYWOOD MALL FIRE LANE AT GIANT EAGLE,40.3839,-79.8684,Both,Bus,6.109090000000009,100.86364,Generator,1.1289455757005866
S46930,0.8113636363636365,0.1886363636363635,WALNUT ST AT 29TH AVE FS,40.3323,-79.8458,Inbound,Bus,0.622727272727273,1.0,Generator,4.301204819277112
W24290,2.079545454545455,6.89090909090909,WASHINGTON AVE AT MARSHALL AVE FS,40.3994,-80.0827,Outbound,Bus,-4.811363636363635,8.970454545454544,Attractor,0.30178100263852253
S21330,0.0,0.5090909,GREENSPRINGS AVE AT CHURCH ST FS,40.3907,-79.8826,Outbound,Bus,-0.5090909,0.5090909,Attractor,0.0
S70526,0.175,0.425,EDWARD DR AT CUSTER AVE,40.3956,-79.9683,Outbound,Bus,-0.25,0.6,Attractor,0.4117647058823529
S16160,82.69545,15.5613625,E CARSON ST AT S 17TH ST,40.4289,-79.9819,Inbound,Bus,67.13408749999999,98.2568125,Generator,5.3141522794035545
W70145,0.093181818181818,0.4772727272727275,CORAOPOLIS RD OPP HERBST RD,40.5011,-80.1147,Both,Bus,-0.3840909090909095,0.5704545454545455,Attractor,0.19523809523809477
E32226,0.025,0.047727275,IMOGENE RD OPP DESDEMONA AVE,40.4119,-79.9228,Inbound,Bus,-0.022727274999999998,0.07272727500000001,Attractor,0.5238094988662144
W70156,0.24545454545454545,5.511363636363635,4TH AVE AT CHESTNUT ST,40.5167,-80.159,Outbound,Bus,-5.26590909090909,5.75681818181818,Attractor,0.044536082474226815
S03530,5.00681818181818,1.0704545454545449,9TH AVE AT AMITY ST,40.4065,-79.91,Outbound,Bus,3.936363636363635,6.0772727272727245,Generator,4.6772823779193216
E39400,5.5590910000000004,0.9318182,MILWAUKEE ST OPP BRYN MAWR RD,40.4532,-79.963,Inbound,Bus,4.6272728,6.490909200000001,Generator,5.9658536396906605
E10180,0.13636365,2.031818,WOLFE AVE AT MARY ST,40.4069,-79.8479,Outbound,Bus,-1.8954543499999998,2.1681816499999997,Attractor,0.06711410667687756
N19640,0.025,1.134090909090909,FERGUSON RD AT WYLAND AVE,40.5617,-79.9875,Outbound,Bus,-1.1090909090909091,1.159090909090909,Attractor,0.022044088176352707
S70536,0.0,0.14772727272727276,CHURCHVIEW AVE OPP ANDRADE ST,40.3858,-79.9695,Outbound,Bus,-0.14772727272727276,0.14772727272727276,Attractor,0.0
E70970,42.729546150000004,42.974999600000004,FIFTH AVE AT ROBINSON ST FS,40.4371,-79.9658,Both,Bus,-0.2454534499999994,85.70454575000001,Attractor,0.9942884595163557
E48360,0.397727275,5.559090749999999,REBECCA AVE AT CRAFT ST,40.4371,-79.8761,Outbound,Bus,-5.161363474999999,5.956818025,Attractor,0.07154538266891938
N10530,4.6840910000000004,14.53182,BRIGHTON RD OPP MCDOWELL ST,40.4718,-80.027,Outbound,Bus,-9.847729,19.215911,Attractor,0.3223334035241285
S70547,25.527275000000003,3.6522725,SKLYLINE DR AT PARKLINE DR,40.3671,-79.964,Inbound,Bus,21.875002500000004,29.1795475,Generator,6.989422339105311
X70081,0.0,0.025,BOWER HILL RD OPP BEDNER'S FARM MARKET,40.3616,-80.0899,Outbound,Bus,-0.025,0.025,Attractor,0.0
W03550,15.852274999999999,63.463635,CHARTIERS AVE AT LORENZ AVE,40.444,-80.0405,Outbound,Bus,-47.61136,79.31591,Attractor,0.24978517224864286
N08440,3.35681818181818,4.545454545454545,BEAVER RD AT MEADOW LN,40.5468,-80.1894,Inbound,Bus,-1.1886363636363648,7.902272727272726,Attractor,0.7384999999999997
W70043,8.595454499999999,2.318182,PLEASANT RIDGE RD AT SENIOR HIGHRISE,40.48,-80.0764,Both,Bus,6.277272499999999,10.913636499999999,Generator,3.707842826835856
S70385,0.7227272727272724,0.12272727272727275,HWY RT 885 AT #1118,40.3114,-79.9164,Outbound,Bus,0.5999999999999996,0.8454545454545452,Generator,5.888888888888885
E01260,53.436362,27.925001350000002,FIFTH AVE AT HIGHLAND AVE,40.452,-79.9238,Both,Bus,25.51136065,81.36136335,Generator,1.913567033721916
S30810,66.6477272727273,196.52954545454534,LYSLE BLVD OPP COURSIN ST,40.3523,-79.8565,Both,Bus,-129.88181818181806,263.1772727272726,Attractor,0.33912319452314627
E07790,1.4,2.015909,BIGELOW BLVD OPP FINLAND ST,40.4576,-79.9611,Outbound,Bus,-0.6159090000000003,3.415909,Attractor,0.6944757923100694
E51530,5.409091,14.461365,SHADY AVE AT WILKINS AVE,40.4441,-79.9206,Outbound,Bus,-9.052274,19.870456,Attractor,0.3740373747568089
S30270,0.0,1.5363635,LONG RUN RD AT SUNSET DR,40.3351,-79.8116,Outbound,Bus,-1.5363635,1.5363635,Attractor,0.0
E55160,0.2,1.325,UNIVERSAL RD AT WEBSTER DR FS,40.4638,-79.8182,Outbound,Bus,-1.125,1.525,Attractor,0.15094339622641512
E26540,0.0,0.19545454499999998,HAMILTON AVE AT JULIUS ST,40.4583,-79.9116,Outbound,Bus,-0.19545454499999998,0.19545454499999998,Attractor,0.0
W26170,195.53636363636375,28.9931818181818,WEST BUSWAY AT INGRAM STATION C,40.4439,-80.0659,Inbound,Busway,166.54318181818195,224.52954545454554,Generator,6.744218860233605
X01580,6.243182,0.8681818000000001,BEVERLY RD AT MEADOWCROFT AVE,40.3897,-80.048,Inbound,Bus,5.3750002,7.1113638,Generator,7.191099836462823
N12920,18.565911,19.7022725,CALIFORNIA AVE AT MARSHALL AVE,40.4621,-80.0306,Outbound,Bus,-1.1363614999999996,38.2681835,Attractor,0.942323328438382
S00500,25.770455,1.7181818500000001,S 20TH ST AT E CARSON ST,40.4287,-79.9777,Inbound,Bus,24.052273149999998,27.48863685,Generator,14.99867723547423
E30250,0.0,0.075,HUTCHINSON ST AT EAST END AVE,40.4333,-79.893,Outbound,Bus,-0.075,0.075,Attractor,0.0
N36050,5.256818,0.73636365,MT ROYAL BLVD AT MOREWOOD RD,40.5347,-79.9698,Inbound,Bus,4.52045435,5.99318165,Generator,7.138888509773669
S70334,24.315909090909102,5.154545454545455,MONONGAHELA AVE AT 6TH ST,40.3259,-79.8924,Inbound,Bus,19.161363636363646,29.470454545454558,Generator,4.717372134038802
W07790,0.097727275,1.1931818,GRAND AVE AT NEVILLE RD FS,40.5025,-80.1019,Outbound,Bus,-1.095454525,1.290909075,Attractor,0.08190476505759642
E70981,0.170454545,0.8409091,BLAIR ST OPP BEEHIVE ST,40.4181,-79.9507,Outbound,Bus,-0.670454555,1.0113636449999999,Attractor,0.20270269997078164
W13450,28.986365,7.9613635,MCCOY RD AT TOTERA AVE,40.4746,-80.0704,Inbound,Bus,21.0250015,36.9477285,Generator,3.640879480003645
S19200,1.318182,0.0,GARDENVILLE RD AT BAPTIST RD,40.352,-80.0108,Inbound,Bus,1.318182,1.318182,Generator,
E70811,20.354545,32.238635,STANTON AVE AT NEGLEY AVE,40.4715,-79.9261,Outbound,Bus,-11.88409,52.593180000000004,Attractor,0.6313711793318793
W23000,0.0,0.3318182,STEUBENVILLE PIKE AT #4460,40.4438,-80.0974,Outbound,Bus,-0.3318182,0.3318182,Attractor,0.0
E06230,0.34318180000000004,0.46363635,BEECHWOOD BLVD OPP FOREST GLEN RD,40.4343,-79.9122,Both,Bus,-0.12045454999999994,0.80681815,Attractor,0.7401960609861588
S00390,6.465908949999999,17.1977265,S 18TH ST AT STEPS,40.425,-79.981,Outbound,Bus,-10.731817550000002,23.66363545,Attractor,0.37597463536822723
N35560,0.4909091,8.534091,MT PLEASANT RD AT #305,40.482,-80.0028,Outbound,Bus,-8.0431819,9.0250001,Attractor,0.05752330271612993
E10560,17.1886345,2.8568182749999997,BROADWAY BLVD AT BRINTON AVE,40.4022,-79.7752,Inbound,Bus,14.331816224999999,20.045452774999998,Generator,6.016705595318275
E58730,4.9,0.9409090909090909,WM PENN HWY AT #4155 (PANDA EXPRESS),40.439,-79.7649,Inbound,Bus,3.9590909090909094,5.840909090909092,Generator,5.207729468599034
E70231,38.936365,8.556818,ELLSWORTH AVE OPP SPAHR ST,40.4584,-79.9274,Inbound,Bus,30.379547000000002,47.493183,Generator,4.550332261361642
S70499,5.5863635,0.170454545,SPENCER AVE AT BEAU ST,40.3876,-79.9764,Inbound,Bus,5.415908955,5.756818045,Generator,32.77333262072889
N39810,5.954545454545455,1.413636363636365,OHIO RIVER BLVD AT MAPLE AVE,40.5105,-80.0981,Inbound,Bus,4.54090909090909,7.36818181818182,Generator,4.212218649517681
X18590,0.62045455,0.65227275,VANADIUM RD OPP VOLUNTEER FIRE COMPANY,40.3745,-80.093,Outbound,Bus,-0.03181819999999991,1.2727273000000001,Attractor,0.9512194860202271
E36300,0.025,4.0045455,LINCOLN HWY AT LEUHM ST,40.3704,-79.7864,Outbound,Bus,-3.9795455,4.0295455,Attractor,0.006242905718014692
S03970,6.5590910000000004,0.29090910000000003,ALICE ST AT GEORGIA AVE,40.4101,-79.9953,Both,Bus,6.2681819,6.850000100000001,Generator,22.54687460791017
E16110,0.8909091,15.438636500000001,DALLAS AVE AT REYNOLDS ST,40.4486,-79.9102,Both,Bus,-14.547727400000001,16.329545600000003,Attractor,0.05770646261410455
X08851,0.045454545,2.665909,KANE BLVD OPP HUGHES ST,40.3772,-80.0904,Outbound,Bus,-2.620454455,2.711363545,Attractor,0.017050298791144034
E28970,59.177274999999995,2.4954545,HIGHLAND AVE AT ELWOOD ST,40.4551,-79.9254,Inbound,Bus,56.68182049999999,61.672729499999996,Generator,23.714026843607044
N44050,1.9522724999999999,0.1909091,PERRYSVILLE AVE OPP #3418,40.4827,-80.0134,Inbound,Bus,1.7613633999999998,2.1431815999999997,Generator,10.226188798752913
W02910,3.931818,0.0,CAROTHERS AVE OPP LOCUST ST,40.3978,-80.0883,Inbound,Bus,3.931818,3.931818,Generator,
S21700,1.3818182,2.53409105,HABERMAN RAMP AT HARWOOD ST STEPS,40.4215,-80.0035,Both,Bus,-1.1522728499999997,3.91590925,Attractor,0.5452914566743765
W17093,7.3863635,1.5363635,NOBLESTOWN RD OPP #2120 (SHOP-N-SAVE DR #2),40.4318,-80.0528,Inbound,Bus,5.85,8.922727,Generator,4.807692645653193
X02370,4.093182,0.11590910000000001,BOWER HILL RD AT SALEM DR,40.3814,-80.0591,Inbound,Bus,3.9772728999999996,4.209091099999999,Generator,35.313724289119655
E13630,193.63864,77.440905,CENTRE AVE AT MILLVALE AVE,40.4534,-79.9472,Inbound,Bus,116.19773500000001,271.079545,Generator,2.5004697452851308
E17310,191.231819,9.004545645,EAST BUSWAY AT EAST LIBERTY STATION B,40.4593,-79.9231,Outbound,Busway,182.227273355,200.236364645,Generator,21.23725355384103
N20520,2.527272727272728,0.19545454545454544,FREEPORT RD AT 2ND ST,40.5749,-79.7779,Inbound,Bus,2.3318181818181825,2.722727272727273,Generator,12.930232558139538
S70274,3.0727275,7.4545455,S 26TH ST AT JANE ST,40.4258,-79.9692,Outbound,Bus,-4.381818,10.527273000000001,Attractor,0.4121951499256393
W14480,4.927272500000001,1.0977275,MIDDLETOWN RD AT TYNDALL ST,40.4496,-80.0644,Inbound,Bus,3.829545000000001,6.025,Generator,4.488611700080394
X02380,11.922725,0.07045454500000001,BOWER HILL RD AT SERPENTINE DR,40.3843,-80.0556,Inbound,Bus,11.852270455,11.993179545,Generator,169.22577528532756
S42503,138.829545,144.35681549999998,SHJ BUS TURNAROUND SHELTER,40.4211,-80.0061,Both,Busway,-5.527270499999986,283.1863605,Attractor,0.9617110527074492
E19830,39.0954545,46.099998,FORBES AVE OPP BEELER ST,40.444,-79.9394,Outbound,Bus,-7.004543499999997,85.1954525,Attractor,0.84805761813699
E14060,111.60682,46.065915000000004,CENTRE AVE OPP SHADYSIDE HOSPITAL,40.4554,-79.9405,Inbound,Bus,65.540905,157.672735,Generator,2.4227635552229883
E23470,2.15,22.306820000000002,FRIENDSHIP AVE AT FAIRMOUNT ST,40.4613,-79.9343,Outbound,Bus,-20.156820000000003,24.45682,Attractor,0.09638307925558191
S70556,5.3272725,16.993180000000002,PARKLINE DR AT #1690,40.368,-79.9654,Outbound,Bus,-11.665907500000003,22.320452500000002,Attractor,0.3134947373004935
E26470,2.4,13.29091,HAMILTON AVE AT DALLAS AVE,40.4563,-79.9049,Outbound,Bus,-10.89091,15.69091,Attractor,0.18057454305235682
N43360,17.004545,63.277274999999996,PERRYSVILLE AVE AT BURGESS ST,40.4675,-80.0099,Outbound,Bus,-46.272729999999996,80.28182,Attractor,0.2687306777986252
E04840,2.5272725,1.3636365000000001,BAUM BLVD AT ENFIELD ST,40.4541,-79.9493,Inbound,Bus,1.163636,3.890909,Generator,1.8533329813333683
N45240,0.0,0.0,PRESIDENTIAL DR AT COOLIDGE,40.5824,-79.9969,Inbound,Bus,0.0,0.0,Balanced,
W04670,1.7931818181818202,0.0,CLEVER RD OPP PITCHFORK LN,40.465,-80.1095,Inbound,Bus,1.7931818181818202,1.7931818181818202,Generator,
S70617,0.4840909,0.1659091,CAMP HOLLOW RD OPP BEVERLY DR,40.3435,-79.9202,Both,Bus,0.31818179999999996,0.65,Generator,2.9178080045036707
E70838,6.0590910000000004,19.979545,CRAIG ST AT BAUM BLVD,40.4538,-79.9531,Outbound,Bus,-13.920454000000001,26.038636000000004,Attractor,0.3032647139862294
W10620,2.293182,0.3590909,ISLAND AVE OPP FRANKLIN INTERIORS,40.4833,-80.0711,Inbound,Bus,1.9340910999999998,2.6522729,Generator,6.386076617369028
N47230,0.0,0.27272727272727276,SAMPLE RD OPP NORTHGATE DR,40.5746,-79.9905,Both,Bus,-0.27272727272727276,0.27272727272727276,Attractor,0.0
N05460,0.16363634999999999,0.0,AMITY DR AT THOMPSON RUN RD FS,40.5501,-79.9975,Inbound,Bus,0.16363634999999999,0.16363634999999999,Generator,
N70086,0.17045454545454544,41.997727272727246,MCKNIGHT RD AT DUNCAN AVE,40.5681,-80.0239,Outbound,Bus,-41.8272727272727,42.16818181818179,Attractor,0.004058661182964448
P00710,301.64090999999996,1145.78185,SIXTH AVE AT SMITHFIELD ST,40.4414,-79.9976,Inbound,Bus,-844.1409400000001,1447.42276,Attractor,0.26326207733173634
E48390,3.5090911,11.2659091,REBECCA AVE AT ARDMORE BLVD,40.4368,-79.8736,Outbound,Bus,-7.756818,14.775000200000001,Attractor,0.31147873366029555
S00982,43.9409065,102.38182,SECOND AVE AT TECUMSEH ST,40.4088,-79.9438,Both,Bus,-58.44091350000001,146.3227265,Attractor,0.42918661242787043
N25475,0.0,0.4772727272727275,HEMLOCK DR AT SAMPLE RD,40.5762,-79.979,Outbound,Bus,-0.4772727272727275,0.4772727272727275,Attractor,0.0
N20110,0.9022727272727276,11.55909090909091,FOREST AVE AT MARYLAND AVE,40.5041,-80.0525,Outbound,Bus,-10.656818181818183,12.461363636363638,Attractor,0.07805741250491546
N17860,0.41363635,3.465909,EAST ST AT MILROY ST,40.4769,-80.0069,Inbound,Bus,-3.05227265,3.87954535,Attractor,0.11934426149099703
S33690,2.9204545,0.259090925,MELLON ST AT VERMONT AVE,40.364,-79.8591,Both,Bus,2.6613635749999998,3.179545425,Generator,11.271928956986818
W14320,0.8159090909090909,2.03409090909091,CORAOPOLIS RD AT LONG VALLEY DR,40.4899,-80.1091,Both,Bus,-1.2181818181818191,2.850000000000001,Attractor,0.401117318435754
N31907,0.095454545,9.629545499999999,MATHIAS ST AT SOUTH SIDE AVE,40.47,-79.9953,Outbound,Bus,-9.534090954999998,9.725000045,Attractor,0.009912673967841993
N71307,1.17727275,0.297727275,MCKNIGHT RD AT #7905 (MAD MEX),40.5497,-80.0191,Both,Bus,0.879545475,1.475000025,Generator,3.9541985194335987
E55130,0.1659091,9.6227275,UNIVERSAL RD AT SALTSBURG RD,40.4775,-79.7852,Outbound,Bus,-9.4568184,9.7886366,Attractor,0.01724137984786538
N31750,1.53181815,3.3977272,MAIN ST OPP 23RD ST,40.4934,-79.9144,Outbound,Bus,-1.8659090499999997,4.92954535,Attractor,0.4508361206867933
N41760,2.3386362999999997,20.62272955,PENNSYLVANIA AVE AT MANHATTAN ST,40.4541,-80.0263,Outbound,Bus,-18.284093249999998,22.96136585,Attractor,0.11340091011376327
E58710,2.8090909090909086,0.9818181818181818,WM PENN HWY AT SAM'S WAREHOUSE DRVWY,40.4333,-79.7984,Inbound,Bus,1.8272727272727267,3.7909090909090906,Generator,2.8611111111111107
E10670,2.6681818181818184,37.71590909090908,BROADWAY BLVD OPP WALL AVE,40.4013,-79.7804,Outbound,Bus,-35.04772727272726,40.3840909090909,Attractor,0.07074420006025914
X17740,23.78409,3.393182,SOUTHERN AVE OPP WHITWORTH ST,40.426,-80.0093,Inbound,Bus,20.390908,27.177272,Generator,7.009376449598046
E03450,0.625,5.5386365,ALLEGHENY RIVER BLVD AT PLUM ST FS,40.5124,-79.8433,Outbound,Bus,-4.9136365,6.1636365,Attractor,0.11284365745973761
N22790,0.46136363636363653,2.988636363636366,FREEPORT RD OPP VALLEY MOTEL,40.5353,-79.8426,Outbound,Bus,-2.5272727272727296,3.4500000000000024,Attractor,0.1543726235741444
S48587,0.047727275,2.8977275000000002,WEYMAN RD AT VILLAGE LN,40.3599,-80.0008,Outbound,Bus,-2.850000225,2.9454547750000004,Attractor,0.01647058772779704
W26140,481.7136363636365,7.33181818181818,WEST BUSWAY AT CARNEGIE STATION,40.4062,-80.09,Inbound,Busway,474.38181818181835,489.0454545454547,Generator,65.7017978921265
S34280,0.247727275,2.056818,MIFFLIN RD AT #669,40.3819,-79.9285,Outbound,Bus,-1.809090725,2.3045452749999997,Attractor,0.12044200070205532
E51290,0.2340909,0.07045454500000001,SHADY AVE AT BEACON ST,40.4353,-79.919,Inbound,Bus,0.16363635499999998,0.304545445,Generator,3.3225805375650355
N23220,0.25227275,4.906818,TROY HILL RD AT LOWRIE ST,40.4613,-79.985,Outbound,Bus,-4.65454525,5.159090750000001,Attractor,0.051412697597506156
E34160,0.7659091,9.3863635,LAKETON RD AT WOODGATE RD,40.4582,-79.8552,Outbound,Bus,-8.6204544,10.1522726,Attractor,0.0815980651079622
E07920,0.9886363499999999,5.865909,BIGELOW ST AT WINTERBURN AVE,40.419,-79.9397,Outbound,Bus,-4.87727265,6.85454535,Attractor,0.16853932613001665
S70313,0.0,0.0,HWY RT 885 AT SPARTZ DR,40.3281,-79.9317,Inbound,Bus,0.0,0.0,Balanced,
N20700,16.63863636363635,3.30909090909091,FREEPORT RD OPP BLAW AVE,40.493,-79.8629,Inbound,Bus,13.32954545454544,19.94772727272726,Generator,5.028159340659336
N53630,163.15454499999998,129.470455,WEST VIEW PLAZA FIRE LANE AT GIANT EAGLE,40.5168,-80.0386,Both,Bus,33.68409,292.625,Generator,1.2601681596005823
N35490,0.5181818,38.120455,MT PLEASANT RD AT BEECH ST,40.4812,-80.0022,Outbound,Bus,-37.6022732,38.6386368,Attractor,0.013593274267056886
N50360,0.025,0.1909091,SPRING GARDEN AVE AT MONETA ST,40.4578,-79.9948,Outbound,Bus,-0.1659091,0.2159091,Attractor,0.1309523747165536
E04920,4.043182,10.456818,BAUM BLVD AT MILLVALE AVE,40.4543,-79.9479,Outbound,Bus,-6.413636,14.5,Attractor,0.3866550990941986
E41080,0.07272727500000001,0.2431818,MURRAY AVE AT AYLESBORO AVE,40.4398,-79.9231,Outbound,Bus,-0.170454525,0.315909075,Attractor,0.2990654522665759
E20930,8.8045455,1.7295454749999999,FRANKSTOWN RD AT CRESCENT HILLS RD FS,40.473,-79.8203,Inbound,Bus,7.075000025,10.534090975,Generator,5.090670136904032
E25100,8.1,1.1818182,GREENFIELD AVE AT DELEVAN ST,40.4235,-79.9316,Inbound,Bus,6.918181799999999,9.2818182,Generator,6.853846048402368
W16850,0.025,0.0,NOBLESTOWN RD AT #2793,40.419,-80.0664,Inbound,Bus,0.025,0.025,Generator,
S70325,0.05,0.05,STATE ST AT FRANCIS AVE,40.2966,-79.8746,Inbound,Bus,0.0,0.1,Balanced,1.0
S08220,5.58181825,32.347728,BROWNSVILLE RD AT BISCAYNE DR,40.3874,-79.9841,Outbound,Bus,-26.765909749999995,37.929546249999994,Attractor,0.17255673257794182
N37040,0.05,3.5613634999999997,MT TROY RD AT KINKURA DR,40.4795,-79.9876,Outbound,Bus,-3.5113635,3.6113634999999995,Attractor,0.014039566587347797
X04500,1.1818181,6.1522725000000005,COCHRAN RD AT MCCULLY RD,40.3858,-80.054,Outbound,Bus,-4.9704544,7.334090600000001,Attractor,0.19209456343164252
E12660,0.090909090909091,0.02272727272727275,CENTER RD AT MCKENZIE DR FS,40.4572,-79.7583,Inbound,Bus,0.06818181818181825,0.11363636363636374,Generator,4.0
S70461,0.85,5.602272699999999,LEBANON SCHOOL RD AT LIVINGSTON RD FS,40.3463,-79.9263,Both,Bus,-4.7522727,6.452272699999999,Attractor,0.15172413866965098
S44680,1.238636363636365,1.379545454545455,STILLEY RD AT HWY RT 51 FS,40.3612,-79.9821,Outbound,Bus,-0.14090909090908998,2.61818181818182,Attractor,0.8978583196046136
E30310,0.8227272727272725,200.131818181818,HWY RT 286 OPP ALPINE VILLAGE PARK AND RIDE,40.4291,-79.7194,Outbound,Bus,-199.30909090909074,200.95454545454527,Attractor,0.004110926889095826
E55260,1.4204545,2.5522725,UPLAND ST AT #7500,40.4609,-79.8901,Inbound,Bus,-1.131818,3.972727,Attractor,0.556545000582814
E27450,1.5272725,22.461365,HAWKINS AVE AT MIDDLE ST,40.4055,-79.8618,Outbound,Bus,-20.934092500000002,23.9886375,Attractor,0.0679955336641384
N71258,0.025,0.68636365,JACKS RUN RD AT YORK DR,40.4999,-80.0318,Outbound,Bus,-0.66136365,0.71136365,Attractor,0.0364238403359502
E51270,0.6431818,4.390909,SHADY AVE AT AYLESBORO AVE,40.4401,-79.9196,Outbound,Bus,-3.7477272,5.0340907999999995,Attractor,0.14648033015487227
W22160,1.3522726999999999,0.43181815,STEUBENVILLE PIKE AT DEVASSIE RD,40.4459,-80.1516,Inbound,Bus,0.9204545499999999,1.78409085,Generator,3.131579114958461
S70633,0.3113636363636365,0.093181818181818,COMMONWEALTH AVE AT CLONMEL ST,40.3802,-79.862,Outbound,Bus,0.2181818181818185,0.40454545454545454,Generator,3.341463414634154
N52365,0.48636365000000004,0.0,THOMPSON RUN RD OPP WOODBRIDGE DR,40.5185,-79.9927,Inbound,Bus,0.48636365000000004,0.48636365000000004,Generator,
S27380,17.4113635,1.71136365,KENNYWOOD BLVD AT GLENN ST,40.3906,-79.869,Inbound,Bus,15.699999850000001,19.12272715,Generator,10.173970622783767
S16700,6.884091,26.713634,E CARSON ST OPP TERMINAL WAY,40.4293,-79.9969,Outbound,Bus,-19.829543,33.597725,Attractor,0.25769953275544616
E70748,1.09545455,1.125,TILDEN ST OPP #7110,40.4648,-79.895,Outbound,Bus,-0.029545450000000084,2.22045455,Attractor,0.9737373777777777
S08370,61.23182,91.311365,BROWNSVILLE RD AT CEDRICTON ST FS,40.405,-79.9907,Outbound,Bus,-30.079544999999996,152.543185,Attractor,0.6705826815752891
E33450,12.25909,13.04318,KIRKPATRICK ST AT CENTRE AVE FS,40.4451,-79.9761,Outbound,Bus,-0.7840899999999991,25.30227,Attractor,0.9398850587050092
E04240,2.6840909090909073,0.23409090909090893,ARDMORE BLVD AT CENTURION DR,40.4222,-79.8541,Inbound,Bus,2.4499999999999984,2.918181818181816,Generator,11.466019417475728
X06910,3.190909,0.0,GRANDVIEW AVE AT HALLOCK ST,40.4373,-80.0173,Inbound,Bus,3.190909,3.190909,Generator,
E32415,0.22727275,4.040909,JANCEY ST AT #1842,40.4871,-79.9252,Outbound,Bus,-3.81363625,4.26818175,Attractor,0.05624297651840217
E19510,35.6159085,25.5772725,FORBES AVE AT MAGEE ST,40.4378,-79.9885,Outbound,Bus,10.038636000000004,61.193181,Generator,1.3924826620977668
S27213,7.18409090909091,20.852272727272748,KEEPORT DR AT TRAVIS DR,40.3383,-79.9792,Outbound,Bus,-13.668181818181838,28.03636363636366,Attractor,0.3445231607629425
W11664,2.1613634999999998,0.075,LINDSAY RD AT CHERRY TREE DR,40.3854,-80.0739,Inbound,Bus,2.0863634999999996,2.2363635,Generator,28.818179999999998
N53540,87.234092,246.45682,WATERWORKS MALL OPP GIANT EAGLE,40.4876,-79.8938,Outbound,Bus,-159.222728,333.690912,Attractor,0.3539528425303873
E41670,33.690909500000004,24.802273,NEGLEY AVE AT #370 (BAUM BLVD),40.459,-79.9335,Inbound,Bus,8.888636500000004,58.4931825,Generator,1.3583799154214617
S39950,0.175,2.925,PROVOST RD AT BRIGHTVIEW DR,40.3649,-79.9922,Outbound,Bus,-2.75,3.0999999999999996,Attractor,0.05982905982905983
E26550,7.5318179999999995,3.4022724999999996,HAMILTON AVE AT LANG AVE,40.4551,-79.8995,Inbound,Bus,4.1295455,10.9340905,Generator,2.2137609494830293
X00610,0.85227275,4.543182,BANKSVILLE RD AT CRANE AVE,40.4161,-80.0301,Outbound,Bus,-3.69090925,5.39545475,Attractor,0.18759379439344495
W21730,0.19545455,0.64772725,STEUBEN ST AT #1260,40.4411,-80.0471,Outbound,Bus,-0.45227269999999997,0.8431818,Attractor,0.30175440357032995
W70143,0.593181818181818,0.418181818181818,HERBST RD AT HERBST MANOR RD,40.4914,-80.1192,Both,Bus,0.17500000000000004,1.011363636363636,Generator,1.4184782608695654
S00280,8.8113635,60.302274999999995,S 18TH ST AT PIUS ST,40.424,-79.9778,Outbound,Bus,-51.490911499999996,69.1136385,Attractor,0.14611991836128904
S05480,26.2386375,42.795455000000004,BAUSMAN ST AT BROWNSVILLE RD,40.4144,-79.9883,Both,Bus,-16.556817500000005,69.0340925,Attractor,0.6131173859467085
W25990,1.009090925,0.78181815,W CARSON ST OPP BUSWAY RAMP FS,40.451,-80.037,Outbound,Bus,0.22727277499999998,1.790909075,Generator,1.2906977472958385
E45030,0.67045455,0.83636365,PATTON ST AT MIDDLE AVE,40.3957,-79.8048,Inbound,Bus,-0.16590910000000003,1.5068182,Attractor,0.8016304271473299
W07300,0.784090909090909,0.168181818181818,FOREST GROVE RD AT DIEBOLD RD,40.4796,-80.1042,Both,Bus,0.615909090909091,0.9522727272727269,Generator,4.662162162162167
E49300,13.7181815,22.2409107,RONALD ST AT BEECHWOOD BLVD,40.4267,-79.9386,Outbound,Bus,-8.5227292,35.9590922,Attractor,0.616799450572858
S13750,11.370454545454546,2.8113636363636347,CRAWFORD AVE AT MONTEREY ST,40.3628,-79.8522,Outbound,Bus,8.559090909090912,14.18181818181818,Generator,4.044462409054166
E55211,6.1386365000000005,12.940909999999999,UPLAND ST AT BRUSHTON AVE,40.4606,-79.8885,Inbound,Bus,-6.802273499999998,19.0795465,Attractor,0.4743589515729575
E30276,0.19772727499999998,0.1,JACKS RUN RD AT MCKEESPORT SPORTSMEN'S ASSOC,40.3586,-79.7861,Inbound,Bus,0.09772727499999997,0.29772727499999996,Generator,1.9772727499999998
E20370,13.279545500000001,4.7613635,FRANKSTOWN AVE AT COLLIER ST,40.4564,-79.8917,Inbound,Bus,8.518182000000001,18.040909,Generator,2.7890215691366564
W07390,0.090909090909091,2.36590909090909,FOREST GROVE RD AT ST MALACHY CHURCH,40.4799,-80.1042,Both,Bus,-2.274999999999999,2.4568181818181807,Attractor,0.03842459173871283
N44560,2.884091,0.43636365,PITTSBURGH ST AT DUQUESNE CT FS,40.541,-79.7934,Inbound,Bus,2.44772735,3.3204546500000003,Generator,6.609375001790365
E03080,0.1,0.09318182,AIRBRAKE AVE OPP 10TH ST,40.4029,-79.8223,Outbound,Bus,0.006818180000000007,0.19318182,Generator,1.073170710767401
E32291,0.07272727500000001,0.025,JAMES ST AT #531,40.4109,-79.8189,Inbound,Bus,0.047727275000000006,0.097727275,Generator,2.909091
E04870,10.738635,5.9068179999999995,BAUM BLVD AT LIBERTY AVE,40.4567,-79.9395,Inbound,Bus,4.831817000000001,16.645453,Generator,1.81800675084284
N06565,3.195454545454545,0.868181818181818,BABCOCK BLVD AT MCCANDLESS CROSSING,40.5694,-80.0164,Inbound,Bus,2.3272727272727267,4.063636363636363,Generator,3.6806282722513086
E13800,10.188636500000001,13.36591,CENTRE AVE AT SOHO ST,40.4451,-79.9742,Outbound,Bus,-3.1772734999999983,23.5545465,Attractor,0.7622852839799162
N31760,13.3295455,10.3954545,MAIN ST AT 9TH ST,40.4946,-79.9335,Inbound,Bus,2.9340910000000004,23.725,Generator,1.282247495768463
N45360,0.0,0.0,PRESIDENTIAL DR AT COOLIDGE,40.5824,-79.9969,Outbound,Bus,0.0,0.0,Balanced,
W03640,1.356818,10.006817999999999,CHARTIERS AVE AT OLTMAN ST FS,40.4585,-80.0693,Outbound,Bus,-8.649999999999999,11.363636,Attractor,0.1355893551776399
N52640,0.0,1.909091,TROY HILL RD OPP N CATHOLIC HIGH SCHOOL,40.4603,-79.985,Outbound,Bus,-1.909091,1.909091,Attractor,0.0
E37220,1.4045455,0.0,LONG RD AT BEULAH RD,40.4507,-79.8435,Inbound,Bus,1.4045455,1.4045455,Generator,
S04620,12.75909,2.915909,ARLINGTON AVE AT SPRING ST,40.4179,-79.9789,Inbound,Bus,9.843181000000001,15.674999,Generator,4.375681819974492
E04667,3.3545455,8.9772727,BAKER ST AT BUTLER ST,40.4875,-79.9202,Outbound,Bus,-5.6227272,12.3318182,Attractor,0.3736708922744432
N12885,0.1431818,1.2068182,CALIFORNIA AVE AT KUNKLE WAY,40.4599,-80.0252,Outbound,Bus,-1.0636364,1.35,Attractor,0.1186440509432158
S48390,3.0818181818181802,19.275,WEST ST AT 13TH AVE,40.4032,-79.9085,Outbound,Bus,-16.19318181818182,22.356818181818177,Attractor,0.15988680580120262
S31240,16.329545,1.0454545,MAIN ST AT ELIZABETH ST,40.3784,-79.9081,Inbound,Bus,15.2840905,17.3749995,Generator,15.619565461720237
N10830,14.375,1.0113634999999999,BRIGHTON RD OPP ACACIA LN,40.4797,-80.0312,Inbound,Bus,13.3636365,15.3863635,Generator,14.21348506249237
E41365,0.5409091,0.12272727500000001,MURRAY AVE AT SOLWAY ST,40.4429,-79.9237,Outbound,Bus,0.418181825,0.6636363750000001,Generator,4.407407399862826
S42300,11.6113635,0.47272729,SOUTH BUSWAY AT INGLEWOOD SHELTER,40.3876,-79.9971,Inbound,Busway,11.13863621,12.08409079,Generator,24.56249881406254
N54810,3.5886365,9.5363635,WINHURST ST AT CALIFORNIA AVE,40.4874,-80.0449,Outbound,Bus,-5.947727,13.125,Attractor,0.37631079184429156
E54205,6.975,22.861365,TERRACE ST AT WHITRIDGE ST,40.4401,-79.9676,Inbound,Bus,-15.886365,29.836365,Attractor,0.3050998923292638
N70142,1.4909089999999998,2.67954565,ROSS PARK MALL,40.5452,-80.0062,Both,Bus,-1.1886366500000003,4.17045465,Attractor,0.5564036574633463
S20440,40.520454545454555,15.872727272727273,GRANT AVE AT 1ST ST,40.3734,-79.846,Both,Bus,24.64772727272728,56.39318181818183,Generator,2.5528350515463925
W19455,0.525,0.0,ORCHARD SPRING RD OPP ROSELEAF RD,40.3968,-80.0689,Inbound,Bus,0.525,0.525,Generator,
E40810,3.6181820449999997,0.413636345,MT CARMEL RD AT CALMAR DR,40.4668,-79.8731,Inbound,Bus,3.2045456999999997,4.03181839,Generator,8.747253689711428
N04650,0.0681818,0.23181820000000003,ALLEGHENY AVE OPP SHEFFIELD ST,40.4542,-80.0197,Outbound,Bus,-0.16363640000000002,0.30000000000000004,Attractor,0.29411754555940817
E70408,3.6772725,13.688635000000001,SWISSVALE AVE AT JANE ST LOOP FS,40.4359,-79.8816,Outbound,Bus,-10.0113625,17.365907500000002,Attractor,0.2686369020724126
S27050,1.159091,3.709091,JOSEPHINE ST OPP #3237,40.419,-79.9647,Outbound,Bus,-2.55,4.868182,Attractor,0.31250001685048984
E41230,235.6,26.965909,MURRAY AVE AT HOBART ST,40.4336,-79.9229,Both,Bus,208.63409099999998,262.565909,Generator,8.736957467296948
S42415,1.02727275,3.0477274999999997,SOUTH BUSWAY AT DAWN AVE SHELTER,40.4131,-80.0109,Outbound,Busway,-2.02045475,4.0750002499999995,Attractor,0.33706187643088176
N08420,0.6045454545454545,6.0772727272727245,BEAVER ST AT MAIN ST FS,40.5785,-80.2203,Outbound,Bus,-5.47272727272727,6.681818181818179,Attractor,0.09947643979057595
N71310,0.0,0.0,PRESIDENTIAL DR AT BABCOCK BLVD FS,40.5865,-80.0004,Inbound,Bus,0.0,0.0,Balanced,
N44710,5.2568185,2.118182,PITTSBURGH ST AT MURTLAND ST,40.5411,-79.7823,Inbound,Bus,3.1386364999999996,7.3750005,Generator,2.481759593840378
W24150,2.581818,1.9704545,WASHINGTON AVE AT HOPE ST,40.3966,-80.0849,Inbound,Bus,0.6113635000000002,4.5522725,Generator,1.3102652205366834
E04210,2.8545455,12.609091249999999,ARDMORE BLVD AT BRINTON RD,40.4356,-79.8717,Outbound,Bus,-9.754545749999998,15.46363675,Attractor,0.22638788501114226
N14830,29.6431832,110.85000199999999,CHATEAU ST AT JUNIATA ST,40.4564,-80.0291,Outbound,Bus,-81.2068188,140.4931852,Attractor,0.26741707411065274
N71247,0.022727275,0.220454545,CORBET ST AT 8TH AVE,40.6043,-79.7531,Outbound,Bus,-0.19772727,0.24318182,Attractor,0.10309279402699546
N71292,0.025,3.375,BAKERSTOWN RD AT SILVERVILLE RD,40.6676,-79.7125,Outbound,Bus,-3.35,3.4,Attractor,0.007407407407407408
N47290,22.50681855,46.406819,SANDUSKY ST AT STOCKTON AVE,40.4503,-80.0028,Outbound,Bus,-23.90000045,68.91363755,Attractor,0.4849894699742294
N15310,1.2409091,0.07045454500000001,COLBY ST AT MT PLEASANT RD,40.4832,-80.0039,Inbound,Bus,1.170454555,1.3113636450000001,Generator,17.612903468470346
E20360,13.4181815,28.58409,FRANKSTOWN AVE AT BRUSHTON AVE,40.4555,-79.8882,Outbound,Bus,-15.1659085,42.0022715,Attractor,0.46942832533762663
S27500,4.94772745,10.336364549999999,KENNYWOOD BLVD AT MIFFLIN ST,40.4015,-79.8808,Outbound,Bus,-5.388637099999999,15.284092,Attractor,0.4786719185518666
E05295,0.55,0.04772727272727275,BEATTY RD AT BEATTY POINTE VILLAGE FS,40.4457,-79.7474,Inbound,Bus,0.5022727272727273,0.5977272727272728,Generator,11.523809523809518
N71270,4.1295455,0.0,ALPHA DR OPP BETA DR FS,40.4951,-79.8678,Inbound,Bus,4.1295455,4.1295455,Generator,
E14300,0.488636345,5.8136365,CHISLETT ST OPP VETTER ST,40.4807,-79.9283,Outbound,Bus,-5.325000155000001,6.302272845,Attractor,0.08405003391594916
W10590,19.95227272727275,5.795454545454545,ISLAND AVE OPP MCKEES ROCKS BRIDGE,40.4733,-80.0624,Inbound,Bus,14.156818181818204,25.747727272727296,Generator,3.44274509803922
W25900,36.03636385,25.500000075,W CARSON ST AT GATEWAY VIEW PLAZA,40.4417,-80.0214,Outbound,Bus,10.536363775000002,61.536363925,Generator,1.413190735059243
E11810,14.384090749999999,7.327272500000001,BUTLER ST AT 55TH ST,40.4837,-79.9497,Inbound,Bus,7.056818249999997,21.711363249999998,Generator,1.9630893692025233
E70964,6.506818000000001,7.6613635,6TH ST AT BALDRIDGE ST,40.4056,-79.8636,Outbound,Bus,-1.1545454999999993,14.168181500000001,Attractor,0.8493028688692295
E05390,0.7454545454545454,0.0,BEATTY RD AT OLD WM PENN HWY,40.4408,-79.7424,Inbound,Bus,0.7454545454545454,0.7454545454545454,Generator,
N43900,2.6295455,32.343180000000004,PERRYSVILLE AVE AT WATSON BLVD,40.4783,-80.012,Outbound,Bus,-29.713634500000005,34.9727255,Attractor,0.0813013902776412
E10390,0.3,2.06590909090909,BRINTON RD OPP FAIRFAX RD,40.4215,-79.8613,Outbound,Bus,-1.76590909090909,2.36590909090909,Attractor,0.14521452145214528
W17980,0.045454545,1.0772727500000001,NOBLESTOWN RD OPP #2793,40.419,-80.0666,Outbound,Bus,-1.0318182050000002,1.122727295,Attractor,0.042194091514892576
N44020,0.29090910000000003,5.5022725,PERRYSVILLE AVE OPP #1923,40.4616,-80.0135,Outbound,Bus,-5.2113634,5.7931816000000005,Attractor,0.052870718416799606
W21890,17.740909000000002,10.1,STEUBEN ST AT WABASH ST,40.4416,-80.0354,Inbound,Bus,7.640909000000002,27.840909000000003,Generator,1.7565256435643568
N36600,0.613636375,9.906818,MT ROYAL BLVD OPP MOREWOOD RD,40.5345,-79.9695,Outbound,Bus,-9.293181624999999,10.520454375,Attractor,0.06194081439671144
S50252,0.24545454545454545,0.05,WORTHINGTON AVE OPP 13TH ST,40.2937,-79.8995,Inbound,Bus,0.19545454545454544,0.29545454545454547,Generator,4.909090909090909
N71264,0.2568182,0.7727275,FREEPORT RD OPP POWERS RUN RD,40.5073,-79.8516,Outbound,Bus,-0.5159093,1.0295457,Attractor,0.33235286695503913
S32150,0.7204545499999999,2.0227275000000002,MAPLE ST AT ELIZA ST,40.3961,-79.8813,Inbound,Bus,-1.3022729500000003,2.74318205,Attractor,0.35617973750789456
E30185,0.2931818,0.047727275,HULTON RD AT RIVERVIEW HIGH SCHOOL,40.5263,-79.8441,Inbound,Bus,0.24545452499999998,0.340909075,Generator,6.142856469387787
N47200,0.11590909090909099,0.0,SAMPLE RD OPP EASTVIEW DR #2,40.5712,-79.9996,Inbound,Bus,0.11590909090909099,0.11590909090909099,Generator,
E50990,0.05,6.961363636363638,SAVANNAH AVE AT HUTCHINSON ST,40.4338,-79.8923,Outbound,Bus,-6.911363636363638,7.011363636363638,Attractor,0.007182500816193273
W17730,2.3227275,0.7545454500000001,NOBLESTOWN RD OPP DURBIN ST,40.4236,-80.0666,Inbound,Bus,1.5681820499999999,3.0772729500000002,Generator,3.078313572760925
S48750,0.05,0.07045454500000001,WHITAKER WAY AT HIGHWOOD ST,40.406,-79.8928,Both,Bus,-0.020454545000000005,0.12045454500000001,Attractor,0.7096774239334027
E04220,20.60909090909092,2.9227272727272764,ARDMORE BLVD AT BRYN MAWR RD NS,40.4313,-79.864,Inbound,Bus,17.686363636363645,23.531818181818196,Generator,7.051321928460337
N14610,11.0,3.0,N CHARLES ST AT NORWOOD AVE,40.4703,-80.0126,Both,Bus,8.0,14.0,Generator,3.6666666666666665
E20480,29.9000005,8.7977275,FRANKSTOWN AVE AT LANG AVE NS,40.4579,-79.8982,Inbound,Bus,21.102273,38.697728,Generator,3.398604980661199
S27460,0.05,1.1636364000000001,KENNYWOOD BLVD AT #4000,40.3931,-79.8704,Outbound,Bus,-1.1136364,1.2136364000000002,Attractor,0.0429687486572266
E70410,7.184091,0.75454545,56TH ST AT BUTLER ST,40.4843,-79.9479,Inbound,Bus,6.429545549999999,7.93863645,Generator,9.521084515187257
N31290,8.4795455,0.45681820000000006,LOWRIE ST AT LEY ST,40.4646,-79.982,Inbound,Bus,8.0227273,8.936363700000001,Generator,18.562188415435287
W14350,1.1409090000000002,6.0704545,MIDDLETOWN RD AT MARTERA PL FS,40.4442,-80.056,Outbound,Bus,-4.9295455,7.211363500000001,Attractor,0.187944576472816
N22120,0.19090909090909097,4.475000000000002,FREEPORT RD OPP 2ND ST FS,40.5749,-79.7777,Outbound,Bus,-4.284090909090911,4.665909090909094,Attractor,0.04266124936515997
N30300,76.8727272727273,24.597727272727255,LINCOLN AVE OPP FREMONT AVE NS,40.4943,-80.0531,Inbound,Bus,52.27500000000005,101.47045454545456,Generator,3.1251963411253847
E17640,1.0977272727272724,13.745454545454546,EDGEWOOD AVE OPP DELAWARE AVE,40.4256,-79.8857,Outbound,Bus,-12.647727272727273,14.843181818181819,Attractor,0.07986111111111109
S00450,105.856815,24.663634100000003,S 18TH ST OPP MT OLIVER ST FS,40.4187,-79.9862,Inbound,Bus,81.19318089999999,130.5204491,Generator,4.292020169079624
N37050,0.9727275,0.025,MT TROY RD AT KLEMENTINA DR,40.4897,-79.9924,Inbound,Bus,0.9477275,0.9977275,Generator,38.909099999999995
E11830,6.547727275,6.75681825,BUTLER ST AT 56TH ST,40.4845,-79.9479,Both,Bus,-0.2090909750000005,13.304545525,Attractor,0.9690548173321074
S48257,0.5522727272727275,4.970454545454545,WATERFRONT DR OPP COMMONWEALTH BANK,40.4133,-79.9073,Inbound,Bus,-4.418181818181817,5.5227272727272725,Attractor,0.11111111111111116
W03360,100.05000000000001,59.2590909090909,CHARTIERS AVE AT EAT-N-PARK,40.4641,-80.0576,Inbound,Bus,40.79090909090911,159.3090909090909,Generator,1.6883485464447348
S31730,0.55,3.4522725000000003,MAIN ST AT W JAMES ST,40.3917,-79.9005,Outbound,Bus,-2.9022725000000005,4.0022725,Attractor,0.15931534952701445
N38150,4.965909,4.55,NORTH HILLS VILLAGE AT TARGET,40.5269,-80.0075,Both,Bus,0.4159090000000001,9.515909,Generator,1.0914085714285715
S21450,9.5795455,0.26136365,GREENSPRINGS AVE AT MUNICIPAL BLDG,40.3841,-79.8784,Inbound,Bus,9.31818185,9.84090915,Generator,36.652172174669275
E70955,1.67727275,1.6272725000000001,LARIMER AVE AT AUBURN ST,40.4638,-79.9168,Outbound,Bus,0.05000024999999986,3.3045452500000003,Generator,1.0307264149059239
N08510,5.1977275,1.343182,BEAVER ST AT PEEBLES ST,40.5373,-80.1775,Inbound,Bus,3.8545455,6.5409095,Generator,3.869711997331709
E55080,0.0,0.0,UNIVERSAL RD AT MAIN ST,40.4677,-79.7934,Outbound,Bus,0.0,0.0,Balanced,
W08760,0.6272727272727275,0.534090909090909,HERBST RD AT VIGNE RD,40.4895,-80.1196,Both,Bus,0.09318181818181859,1.1613636363636366,Generator,1.1744680851063838
N05685,70.19545454545454,59.6409090909091,AMBRIDGE PARK AND RIDE,40.5924,-80.2281,Both,Bus,10.55454545454544,129.83636363636364,Generator,1.1769682188857553
S45320,1.6204545,10.5363635,GEARING AVE AT SYLVANIA AVE,40.4174,-80.005,Outbound,Bus,-8.915909000000001,12.156818,Attractor,0.15379637386276582
N43710,7.8886365000000005,33.388635,PERRYSVILLE AVE AT #1664,40.4613,-80.009,Outbound,Bus,-25.4999985,41.2772715,Attractor,0.23626711604113196
E32735,3.4159089999999996,21.156815,JOHNSTON AVE AT #666,40.4055,-79.9338,Both,Bus,-17.740906000000003,24.572724,Attractor,0.1614566748350354
S70634,10.64772727272727,18.27954545454545,COMMONWEALTH AVE AT MILLER AVE,40.3803,-79.8646,Outbound,Bus,-7.631818181818179,28.92727272727272,Attractor,0.5824940942434416
P00615,112.979545,215.6931806,FIFTH AVE AT WILLIAM PENN PL FS,40.4399,-79.998,Both,Bus,-102.7136356,328.67272560000004,Attractor,0.5237974825431269
N33220,19.302275,48.95,MEADVILLE ST AT BELLEAU ST,40.4619,-80.0055,Outbound,Bus,-29.647725,68.252275,Attractor,0.39432635342185907
W24410,0.3363636363636365,22.71363636363637,WASHINGTON AVE AT STATION ST,40.3586,-80.1122,Outbound,Bus,-22.377272727272732,23.050000000000004,Attractor,0.01480888533119872
P00850,456.56137,8.8454546,SEVENTH AVE AT SMITHFIELD ST,40.4428,-79.9966,Both,Bus,447.71591540000003,465.4068246,Generator,51.61536525211491
E17395,1.240909,3.8772725,EAST LIBERTY BLVD AT NEGLEY AVE,40.4677,-79.9279,Outbound,Bus,-2.6363635,5.1181815,Attractor,0.3200468886311189
W70167,0.2636363636363635,1.1681818181818184,WASHINGTON PIKE AT #1343,40.3773,-80.0973,Outbound,Bus,-0.904545454545455,1.4318181818181819,Attractor,0.22568093385213991
X04605,0.69545455,4.531818,COCHRAN RD OPP ROBINWOOD DR,40.3911,-80.0594,Outbound,Bus,-3.8363634500000003,5.22727255,Attractor,0.1534603883033255
E59670,1.0977272999999999,1.7113634500000001,WOODSTOCK AVE AT WOODSTOCK TERRACE,40.4148,-79.8744,Outbound,Bus,-0.6136361500000003,2.80909075,Attractor,0.6414343487352144
E10300,4.504545454545455,0.8863636363636365,BRINTON RD AT #1001,40.429,-79.8742,Inbound,Bus,3.618181818181818,5.3909090909090915,Generator,5.082051282051282
E52400,16.10682,16.556820000000002,SOUTH AVE AT HAY ST,40.4424,-79.8865,Inbound,Bus,-0.45000000000000284,32.66364,Attractor,0.9728208677753335
N33610,20.45454545454545,1.33181818181818,MERCHANT ST AT 8TH ST NS,40.5895,-80.2294,Inbound,Bus,19.12272727272727,21.786363636363628,Generator,15.358361774744045
W15730,0.8613636499999999,5.3954545,NEVILLE RD AT GULF OIL ENTRANCE,40.4977,-80.0913,Outbound,Bus,-4.53409085,6.256818149999999,Attractor,0.15964617067941173
E32345,1.5886364999999998,7.2136365,JANCEY ST AT BAKER ST,40.4877,-79.9247,Outbound,Bus,-5.625,8.802273,Attractor,0.2202268578407021
X03320,24.943179999999998,0.147727275,BROOKLINE BLVD OPP BREINING ST,40.3924,-80.0108,Inbound,Bus,24.795452724999997,25.090907275,Generator,168.84613894082864
E30300,0.0,0.17045454545454544,HWY RT 286 AT DAY CHEVROLET,40.4315,-79.717,Outbound,Bus,-0.17045454545454544,0.17045454545454544,Attractor,0.0
E51340,8.470454499999999,79.59545499999999,SHADY AVE AT FORBES AVE,40.4382,-79.9194,Outbound,Bus,-71.12500049999998,88.06590949999999,Attractor,0.10641882127566203
E52410,1.9863634449999998,1.356818375,SOUTH AVE AT MILL ST,40.4408,-79.8815,Inbound,Bus,0.6295450699999998,3.34318182,Generator,1.4639862501862122
W70129,3.0045455,0.79772725,ORCHARD SPRING RD AT GREENTREE RD,40.3987,-80.0658,Inbound,Bus,2.20681825,3.8022727499999998,Generator,3.7663819306661517
W00840,11.147725000000001,12.66818,ALLENDALE ST AT MOYER ST,40.4582,-80.064,Both,Bus,-1.5204549999999983,23.815905,Attractor,0.8799784183679109
E08560,0.931818181818182,20.7318181818182,BRADDOCK AVE AT 4TH ST,40.4051,-79.8717,Outbound,Bus,-19.800000000000015,21.663636363636382,Attractor,0.04494628370971276
N18745,3.53409090909091,15.30227272727275,EVERGREEN AVE AT FRANKLIN ST,40.4902,-79.9718,Outbound,Bus,-11.76818181818184,18.83636363636366,Attractor,0.23095202732808526
X01270,0.8409091,22.213635,BELTZHOOVER AVE AT EUREKA ST,40.4236,-79.9974,Outbound,Bus,-21.3727259,23.0545441,Attractor,0.03785553782620449
E57350,16.818179999999998,0.2931818,WIGHTMAN ST AT HOBART ST,40.4325,-79.9275,Both,Bus,16.5249982,17.111361799999997,Generator,57.36433844119928
E23410,1.5,16.488635000000002,FRIENDSHIP AVE AT AIKEN AVE,40.4619,-79.9378,Outbound,Bus,-14.988635000000002,17.988635000000002,Attractor,0.09097175114859415
N35920,0.984091,7.090909,MT ROYAL BLVD AT ILLINOIS AVE,40.5492,-79.9718,Outbound,Bus,-6.106818,8.075,Attractor,0.13878206588182138
E70872,4.9022725000000005,0.1181818,GREENSBURG PIKE AT VERSAILLES CASTLE APTS,40.3886,-79.8217,Inbound,Bus,4.7840907,5.020454300000001,Generator,41.4807736893498
E70228,59.597723,47.479546400000004,LAYOVER BRUSHTON TERMINAL,40.4499,-79.8917,Both,Bus,12.118176599999998,107.0772694,Generator,1.2552294096895584
E45680,5.2363634999999995,9.813636500000001,PENN AVE AT AIKEN AVE,40.4646,-79.9367,Outbound,Bus,-4.577273000000002,15.05,Attractor,0.533580339968777
W00330,6.254545454545455,16.6681818181818,4TH AVE AT MAIN ST NS,40.5193,-80.166,Outbound,Bus,-10.413636363636346,22.922727272727254,Attractor,0.3752386146713939
E70048,0.025,0.38636365,JOHNSTON AVE OPP NAOMI DR,40.4084,-79.9257,Outbound,Bus,-0.36136365,0.41136365,Attractor,0.06470588006920423
E15840,0.7431818,1.0840909,CRAWFORD ST AT WEBSTER AVE,40.4432,-79.9875,Outbound,Bus,-0.3409091000000001,1.8272727,Attractor,0.6855345801721977
X13740,0.11590910000000001,13.006820000000001,PIONEER AVE OPP ROSSMORE AVE,40.3981,-80.0228,Outbound,Bus,-12.890910900000002,13.1227291,Attractor,0.008911409552834591
E03260,0.26363635,3.2022727,AIRBRAKE AVE OPP #620,40.3963,-79.8105,Outbound,Bus,-2.93863635,3.46590905,Attractor,0.08232788856489331
E12515,0.075,0.0,CENTER RD AT HELMAR DR FS,40.4524,-79.7612,Inbound,Bus,0.075,0.075,Generator,
E25750,0.7659091,5.1840910000000004,GREENSBURG PIKE AT UNION AVE,40.3811,-79.817,Outbound,Bus,-4.4181819,5.9500001000000005,Attractor,0.14774221748808034
W11733,0.2659091,0.0,LINDSAY RD AT SWALLOW HILL RD,40.3846,-80.0707,Inbound,Bus,0.2659091,0.2659091,Generator,
E70760,0.6159091000000001,0.0,BUTLER ST AT JANCEY ST (STEPS),40.4888,-79.9243,Inbound,Bus,0.6159091000000001,0.6159091000000001,Generator,
N10590,0.3840909,5.425,BRIGHTON RD AT PERROTT ST,40.4876,-80.0404,Outbound,Bus,-5.0409090999999995,5.8090909,Attractor,0.07080016589861751
W16940,15.147725000000001,47.761365,NOBLESTOWN RD AT POPLAR ST,40.4282,-80.0536,Outbound,Bus,-32.61364,62.90909,Attractor,0.31715435687401317
E01230,1.5022725000000001,0.175,FIFTH AVE AT HAMILTON AVE,40.4574,-79.9091,Inbound,Bus,1.3272725,1.6772725000000002,Generator,8.584414285714287
E19200,561.7613650000001,224.970453,FORBES AVE AT BIGELOW BLVD (SCHENLEY DR),40.4431,-79.9538,Both,Bus,336.79091200000005,786.7318180000001,Generator,2.497045089738963
S70537,0.3795454545454545,4.15,CHURCHVIEW AVE AT MELLOTT RD NS,40.3858,-79.9675,Outbound,Bus,-3.770454545454546,4.529545454545455,Attractor,0.09145673603504928
E01910,1.34999999,1.0590909099999999,FIFTH AVE OPP BRENHAM ST,40.4364,-79.9686,Both,Bus,0.29090908000000004,2.4090909,Generator,1.2746781010517785
N39620,0.543181818181818,2.286363636363635,OHIO RIVER BLVD AT DICKSON AVE,40.5036,-80.0809,Outbound,Bus,-1.7431818181818168,2.829545454545453,Attractor,0.23757455268389668
S06620,2.334091,0.21818179999999998,BON AIR AVE AT CAMFIELD ST,40.4103,-79.9979,Both,Bus,2.1159092,2.5522728,Generator,10.697917974826499
P01936,61.4909064,209.438637275,GRANT ST AT OLIVER AVE,40.4402,-79.9963,Both,Bus,-147.947730875,270.929543675,Attractor,0.293598675010764
W07380,0.09545454545454546,7.16818181818182,FOREST GROVE RD AT STARLING DR,40.4757,-80.0988,Outbound,Bus,-7.072727272727274,7.2636363636363654,Attractor,0.013316423589093213
E70942,13.981817999999999,0.3431818,LINCOLN AVE OPP JOSHUA ST,40.4705,-79.8929,Inbound,Bus,13.638636199999999,14.324999799999999,Generator,40.74172348300522
W23190,1.9863635,0.025,SWALLOW HILL RD AT ROBIN DR,40.3951,-80.0767,Inbound,Bus,1.9613635,2.0113635,Generator,79.45454
E19595,77.05681999999999,48.56364,FORBES AVE AT OAKLAND AVE,40.4415,-79.957,Inbound,Bus,28.493179999999988,125.62045999999998,Generator,1.5867183761349024
S01520,1.629545454545455,1.145454545454545,4TH ST AT GRANT AVE,40.3726,-79.8489,Outbound,Bus,0.48409090909091,2.7750000000000004,Generator,1.4226190476190486
E70276,3.0227273,6.3431815,LEECHBURG RD AT SALTSBURG RD FS,40.4855,-79.8174,Outbound,Bus,-3.3204542,9.3659088,Attractor,0.47653173726780484
S70568,0.12045454500000001,2.3181815,LEBANON CHURCH RD AT PLEASANT HILLS BLVD,40.3447,-79.9613,Outbound,Bus,-2.1977269550000003,2.438636045,Attractor,0.05196079124952037
W26145,0.906818181818182,306.3477272727275,WEST BUSWAY AT CARNEGIE STATION,40.4061,-80.0902,Outbound,Busway,-305.4409090909093,307.25454545454573,Attractor,0.0029600943669181616
W13505,3.225,0.15,MCCOY RD OPP JEFFERSON DR,40.4797,-80.0787,Inbound,Bus,3.075,3.375,Generator,21.5
S17850,1.1886363636363635,2.079545454545455,EVANS ST AT MCKEESPORT HOSPITAL EMERGENCY,40.3509,-79.8499,Outbound,Bus,-0.8909090909090915,3.2681818181818185,Attractor,0.5715846994535517
W17560,0.24545454500000002,3.4840910000000003,NOBLESTOWN RD AT WEAVER ST FS,40.4372,-80.0399,Outbound,Bus,-3.2386364550000004,3.729545545,Attractor,0.07045009587866678
E32733,10.7136365,20.940908999999998,JOHNSTON AVE AT SECOND AVE FS,40.4061,-79.9426,Both,Bus,-10.227272499999998,31.654545499999998,Attractor,0.5116127719193088
N16662,1.0113636363636378,2.647727272727275,DUNCAN AVE AT ROYAL MANOR CT #1,40.5661,-80.0016,Outbound,Bus,-1.6363636363636374,3.6590909090909127,Attractor,0.3819742489270388
W08232,20.354545454545452,2.06818181818182,GREENTREE RD OPP MANSFIELD AVE FS,40.4225,-80.0456,Inbound,Bus,18.28636363636363,22.422727272727272,Generator,9.841758241758232
X00780,0.0,0.0,BANKSVILLE RD AT #2857,40.4044,-80.0393,Inbound,Bus,0.0,0.0,Balanced,
X13580,5.068182,0.07045454500000001,PIONEER AVE AT NORTHCREST DR,40.4094,-80.0139,Inbound,Bus,4.997727455000001,5.138636545,Generator,71.93548691571281
E55610,7.306818,0.345454545,VERONA RD AT RIVERSIDE RD,40.4936,-79.8365,Inbound,Bus,6.961363455,7.652272545,Generator,21.15131529098857
S27060,17.23182,0.21363635,JOSEPHINE ST OPP SALISBURY ST NS,40.418,-79.9669,Inbound,Bus,17.018183649999997,17.44545635,Generator,80.65958812720774
W10940,0.5727272750000001,0.70454545,LADOGA ST AT KATHY DR,40.4506,-80.0694,Outbound,Bus,-0.13181817499999993,1.277272725,Attractor,0.8129032342767951
S13680,2.39318181818182,3.588636363636365,CRAWFORD AVE AT CATHERINE ST,40.3643,-79.8478,Inbound,Bus,-1.1954545454545453,5.981818181818185,Attractor,0.6668777707409754
E32327,0.6704545454545455,0.6022727272727275,JAMES ST OPP QUEEN DR,40.4219,-79.8033,Outbound,Bus,0.06818181818181801,1.272727272727273,Generator,1.113207547169811
S70163,3.138636363636365,2.127272727272725,WALNUT ST AT 9TH AVE,40.347,-79.864,Inbound,Bus,1.0113636363636398,5.265909090909091,Generator,1.4754273504273525
S09390,9.870454500000001,52.50682,BROWNSVILLE RD OPP CHURCHVIEW AVE,40.3859,-79.979,Outbound,Bus,-42.6363655,62.3772745,Attractor,0.18798423709529546
W08226,0.047727275,7.534091,GREENTREE RD OPP GREENBRIAR DR,40.3985,-80.0656,Outbound,Bus,-7.486363725,7.581818275,Attractor,0.006334841854179887
N35940,2.3295456000000003,0.6272727499999999,MT ROYAL BLVD AT IRENE AVE,40.5107,-79.9569,Inbound,Bus,1.7022728500000004,2.9568183500000003,Generator,3.7137682132692684
S50270,0.04772727272727275,0.240909090909091,WORTHINGTON AVE OPP 11TH ST,40.2923,-79.8959,Outbound,Bus,-0.19318181818181823,0.28863636363636375,Attractor,0.19811320754716985
W16550,1.9,13.945454999999999,NOBLESTOWN RD AT HARRIS AVE FS,40.4341,-80.0504,Outbound,Bus,-12.045454999999999,15.845455,Attractor,0.1362451063805376
S00680,0.5409091,3.3886364999999996,SECOND AVE AT AMERICAN ST,40.4029,-79.942,Outbound,Bus,-2.8477273999999997,3.9295455999999995,Attractor,0.1596244094047857
N47140,0.0,0.2863636363636365,SAMPLE RD AT EASTVIEW DR #2,40.5711,-79.9997,Both,Bus,-0.2863636363636365,0.2863636363636365,Attractor,0.0
S39650,3.915909,0.047727275,PROSPECT RD AT ABBOTT DR,40.3641,-79.9731,Inbound,Bus,3.868181725,3.9636362750000003,Generator,82.04761323582794
TP0460,6.165909,2.181818,LAYOVER WALLACE TERMINAL (NO S,40.4455,-79.8875,Both,Bus,3.9840910000000003,8.347726999999999,Generator,2.8260418605034885
S09410,13.102273000000002,52.8250005,BROWNSVILLE RD OPP CRAILO AVE,40.3967,-79.9877,Outbound,Bus,-39.7227275,65.9272735,Attractor,0.24803166826283327
E01180,187.6227225,478.87727049999995,FIFTH AVE AT DESOTO ST,40.4424,-79.9578,Inbound,Bus,-291.25454799999994,666.4999929999999,Attractor,0.3917970930299145
E05460,0.02272727272727275,0.525,BEATTY RD OPP BRUNNER DR,40.4517,-79.7553,Outbound,Bus,-0.5022727272727273,0.5477272727272727,Attractor,0.04329004329004333
E70112,1.106818,4.834091,LARIMER AVE AT DEARY ST,40.4678,-79.9073,Outbound,Bus,-3.727273,5.9409089999999996,Attractor,0.22896093598568998
N05970,22.738635000000002,0.6818182,ARCH ST AT NORTH AVE,40.455,-80.0085,Outbound,Bus,22.056816800000004,23.4204532,Generator,33.34999711066674
W26060,24.124999545,34.438635545,W CARSON ST OPP GATEWAY VIEW PLAZA,40.4417,-80.0217,Inbound,Bus,-10.313635999999995,58.56363509,Attractor,0.7005213523479042
N12360,3.5818181818181825,7.961363636363635,BUTLER ST AT BRIDGE ST,40.4977,-79.9439,Outbound,Bus,-4.379545454545452,11.543181818181818,Attractor,0.4499000856408794
X70063,0.82045455,0.022727275,COCHRAN RD AT PARKER DR,40.3884,-80.0568,Inbound,Bus,0.797727275,0.843181825,Generator,36.09999659000034
N39760,2.174999999999999,7.813636363636365,OHIO RIVER BLVD AT KENDALL AVE,40.4863,-80.0539,Outbound,Bus,-5.638636363636366,9.988636363636363,Attractor,0.2783595113438043
E40360,0.44090910000000005,0.075,MONTIER ST AT #1449,40.4453,-79.8739,Both,Bus,0.36590910000000004,0.5159091,Generator,5.878788000000001
E70162,0.097727275,4.911364,FRANKSTOWN RD AT EVERNIA DR FS,40.4649,-79.831,Outbound,Bus,-4.813636725,5.009091274999999,Attractor,0.019898194269453457
S70372,2.720454545454545,5.4,9TH ST AT OHIO AVE,40.321,-79.8916,Outbound,Bus,-2.6795454545454556,8.120454545454546,Attractor,0.5037878787878787
W07600,2.9795455,3.3909089999999997,GRAND AVE AT 2ND ST,40.5104,-80.1258,Outbound,Bus,-0.41136349999999977,6.370454499999999,Attractor,0.878686364039849
E70744,0.45454545,1.4659091,TILDEN ST AT #7110,40.4648,-79.895,Inbound,Bus,-1.0113636499999998,1.92045455,Attractor,0.3100775143561085
N47100,0.025,0.0,SAMPLE RD OPP ARDEN DR,40.5738,-79.9928,Inbound,Bus,0.025,0.025,Generator,
N41830,5.12954565,31.6272709,PENNSYLVANIA AVE AT BIDWELL ST,40.455,-80.0212,Outbound,Bus,-26.49772525,36.756816549999996,Attractor,0.16218742572568914
E26630,10.015909,5.5590910000000004,HAMILTON AVE AT STERRETT ST,40.4541,-79.8951,Inbound,Bus,4.456818,15.575000000000001,Generator,1.8017170433079797
E32970,0.9318182,2.3977275000000002,JONES AVE AT ZUERNER WAY,40.406,-79.8585,Outbound,Bus,-1.4659093000000003,3.3295457,Attractor,0.3886255631634537
E70790,20.945455000000003,43.272725,BEDFORD AVE AT SOMERS ST,40.4493,-79.9756,Outbound,Bus,-22.32727,64.21818,Attractor,0.4840336493715152
E70181,46.18182,0.36363635,OLD WILLIAM PENN HWY AT BEATTY RD,40.4402,-79.7421,Inbound,Bus,45.81818365,46.54545635,Generator,127.00000976250037
W07850,3.0136364999999996,6.1522725000000005,GRAND AVE AT ARMY CORP OF ENGINEERS,40.5082,-80.1133,Outbound,Bus,-3.138636000000001,9.165909,Attractor,0.48984119282752825
S13270,2.1727275,3.815909,COMMONWEALTH AVE OPP RITE AID,40.383,-79.8764,Outbound,Bus,-1.6431814999999999,5.9886365,Attractor,0.5693866127310688
E06030,0.92954545,1.0568182,BEECHWOOD BLVD AT NICHOLSON ST,40.4304,-79.9153,Both,Bus,-0.12727274999999993,1.98636365,Attractor,0.8795698730396582
N44570,2.8613636363636363,0.8090909090909091,PITTSBURGH ST AT ELIZABETH ST,40.5411,-79.805,Inbound,Bus,2.0522727272727272,3.6704545454545454,Generator,3.5365168539325844
E38180,0.0,0.70454545,MAIN ST AT #2636,40.4734,-79.7876,Outbound,Bus,-0.70454545,0.70454545,Attractor,0.0
E70976,0.0,0.05,BEATTY RD AT #560,40.4511,-79.7564,Outbound,Bus,-0.05,0.05,Attractor,0.0
E04830,8.9886365,8.1363635,BAUM BLVD AT CYPRESS ST FS,40.4559,-79.9423,Inbound,Bus,0.8522730000000003,17.125,Generator,1.1047486386270722
N49530,1.0818180000000002,17.445455000000003,SHADELAND AVE AT RANCHERIA ST,40.4719,-80.0309,Outbound,Bus,-16.363637000000004,18.527273,Attractor,0.062011452266507235
E17440,17.09090909090909,0.843181818181818,EDGEWOOD AVE AT ELM ST FS,40.4317,-79.8845,Inbound,Bus,16.24772727272727,17.93409090909091,Generator,20.269541778975743
S02670,10.988636399999999,41.397727,8TH AVE AT DICKSON ST,40.4088,-79.9056,Both,Bus,-30.409090600000006,52.3863634,Attractor,0.2654405735851149
X04160,0.022727275,1.2409091,CEDAR BLVD AT #1154,40.3695,-80.0606,Outbound,Bus,-1.218181825,1.2636363750000001,Attractor,0.018315020012344176
S33675,24.886364999999998,11.91590775,MELLON ST AT PENNSYLVANIA AVE,40.3622,-79.8588,Both,Bus,12.970457249999997,36.80227275,Generator,2.088499300441462
S70384,0.3,0.025,HWY RT 885 OPP SUNSET DR,40.3067,-79.9093,Outbound,Bus,0.27499999999999997,0.325,Generator,11.999999999999998
E00950,0.96136365,62.568183,FIFTH AVE AT BEECHWOOD BLVD,40.4535,-79.9155,Both,Bus,-61.606819349999995,63.52954665,Attractor,0.015365056229937188
S00860,2.868182,3.3136365000000003,SECOND AVE AT JOHNSTON AVE,40.4059,-79.9429,Inbound,Bus,-0.4454545000000003,6.1818185,Attractor,0.8655692922262294
E70736,16.188634999999998,2.0863635,UPMC EAST DRIVE OPP HOSPITAL,40.4374,-79.7598,Inbound,Bus,14.102271499999997,18.2749985,Generator,7.759259112805605
E29170,3.65,50.902275,HIGHLAND AVE AT WALNUT ST,40.4541,-79.9252,Outbound,Bus,-47.252275000000004,54.552275,Attractor,0.0717060288562741
E00920,16.418182,2.8909093500000003,FIFTH AVE AT AMBERSON AVE,40.4478,-79.9387,Both,Bus,13.52727265,19.309091350000003,Generator,5.679244836923026
E18510,0.9181817999999999,3.181818,ELLSWORTH AVE AT ELLSWORTH PL,40.452,-79.9389,Outbound,Bus,-2.2636361999999997,4.0999998,Attractor,0.2885714393469394
N47120,0.2272727272727275,0.0,SAMPLE RD AT COLLINGTON SQ,40.5721,-79.9981,Inbound,Bus,0.2272727272727275,0.2272727272727275,Generator,
E16270,6.1227275,1.2977275000000001,DEAN ST AT LARIMER AVE,40.4692,-79.9057,Inbound,Bus,4.824999999999999,7.4204550000000005,Generator,4.7180378777516845
E42142,27.96818,25.336365,NEVILLE ST AT BAYARD ST,40.4505,-79.9488,Inbound,Bus,2.6318149999999996,53.304545000000005,Generator,1.1038750033795297
S70347,0.97954545,1.434091,EAST PITTSBURGH-MCKEESPORT BLV OPP ORRIS RD,40.369,-79.8307,Inbound,Bus,-0.45454554999999996,2.4136364500000003,Attractor,0.6830427427548182
E70345,0.04545455,0.0,MILLTOWN RD AT NEWFIELD DR,40.501,-79.7924,Inbound,Bus,0.04545455,0.04545455,Generator,
N71315,8.6113636,6.931818,BROWNS LN AT CHAPEL HILL,40.5502,-80.0234,Both,Bus,1.6795456000000009,15.5431816,Generator,1.2422951093061014
S14320,15.28863636363635,11.72954545454545,DESIDERIO BLVD AT SOLTIS DR,40.2865,-79.8958,Both,Bus,3.5590909090908998,27.0181818181818,Generator,1.3034295679131944
S34305,0.1681818,2.7954545,MIFFLIN RD OPP GLENHURST RD,40.3721,-79.9171,Outbound,Bus,-2.6272727,2.9636363,Attractor,0.060162596100204815
S70301,1.8727275,2.7136365,PORT PERRY RD AT CLYDE AVE,40.3859,-79.8325,Inbound,Bus,-0.8409089999999997,4.586364,Attractor,0.6901173020041558
E35150,15.038636,14.4295455,LIBERTY AVE AT 37TH ST,40.4621,-79.9619,Inbound,Bus,0.6090905000000006,29.4681815,Generator,1.0422113433856943
E55050,0.025,3.0045455,UNIVERSAL RD AT WEBSTER DR,40.4622,-79.8147,Outbound,Bus,-2.9795455,3.0295455,Attractor,0.008320726046585084
S01200,8.1977271,18.65681825,SECOND AVE OPP TECHNOLOGY DR,40.4341,-79.9651,Inbound,Bus,-10.45909115,26.854545350000002,Attractor,0.43939577424998494
S10610,1.4659091,1.07954545,CAMFIELD ST AT DRYCOVE ST,40.404,-79.9981,Both,Bus,0.38636365000000006,2.5454545499999996,Generator,1.3578947509806096
W16640,1.143182,1.8318180000000002,NOBLESTOWN RD AT IDLEWOOD AVE,40.4134,-80.0771,Outbound,Bus,-0.6886360000000002,2.975,Attractor,0.6240696401061676
S47250,0.025,0.47272725,WALNUT ST AT LARCH ST,40.3183,-79.8341,Outbound,Bus,-0.44772724999999997,0.49772725,Attractor,0.0528846179271451
E26570,3.909091,0.71363635,HAMILTON AVE AT LASCHALL ST,40.4567,-79.9063,Inbound,Bus,3.1954546500000003,4.62272735,Generator,5.477707238427527
N20510,2.1681818181818184,0.4795454545454545,FREEPORT RD AT 1ST ST,40.5733,-79.7775,Inbound,Bus,1.688636363636364,2.647727272727273,Generator,4.52132701421801
N15330,0.047727275,3.0545455,COLBY ST OPP AMES ST,40.484,-80.0039,Outbound,Bus,-3.006818225,3.1022727750000003,Attractor,0.01562500051153273
N10620,49.64545,60.486366,BRIGHTON RD AT TAYLOR AVE,40.4558,-80.0152,Outbound,Bus,-10.840916,110.13181599999999,Attractor,0.8207709155481419
N20600,8.26590909090909,19.581818181818196,FREEPORT RD AT ALPHA DR E,40.5387,-79.8302,Inbound,Bus,-11.315909090909106,27.847727272727287,Attractor,0.4221216341689876
S30240,0.07272727500000001,1.9772725,LONG RUN RD AT COOLSPRINGS RD,40.3329,-79.8136,Outbound,Bus,-1.904545225,2.049999775,Attractor,0.03678161457259938
S30830,38.515909090909105,105.22045454545457,LYSLE BLVD OPP EVANS ST,40.3526,-79.8508,Both,Bus,-66.70454545454547,143.73636363636368,Attractor,0.36604963604553215
S02910,98.75454545454545,24.78181818181818,8TH AVE AT WEST ST (HI-LEVEL BRIDGE),40.4062,-79.9121,Inbound,Bus,73.97272727272727,123.53636363636363,Generator,3.9849596478356566
S23965,0.49090910000000004,4.359090999999999,HWY RT 51 OPP PRIMANTI BROTHERS,40.3239,-79.9433,Both,Bus,-3.8681818999999993,4.850000099999999,Attractor,0.11261730943446699
E04645,2.4886364,1.365909275,AURELIUS ST AT HARRISON AVE,40.423,-79.8959,Both,Bus,1.122727125,3.854545675,Generator,1.821963175409289
E21040,1.3613635,7.034091,FRANKSTOWN RD AT GRAHAM BLVD,40.4614,-79.8633,Outbound,Bus,-5.672727500000001,8.3954545,Attractor,0.19353794257139975
W70035,0.23863635,0.075,PTI DR AT MCKEE RD,40.4221,-80.1916,Inbound,Bus,0.16363634999999999,0.31363635,Generator,3.1818180000000003
S25520,2.175,9.418182,INTERBORO AVE AT MIFFLIN RD,40.3699,-79.913,Outbound,Bus,-7.243182,11.593181999999999,Attractor,0.2309362889780639
E17590,13.068181818181815,5.440909090909089,EDGEWOOD AVE AT MAPLE AVE,40.4328,-79.8847,Inbound,Bus,7.627272727272726,18.509090909090904,Generator,2.401837928153718
W22120,7.890909,1.77045435,STEUBENVILLE PIKE AT CAMPBELLS RUN RD FS,40.4482,-80.1571,Inbound,Bus,6.120454649999999,9.66136335,Generator,4.456996589604245
N13803,2.3136365,1.4568180000000002,CENTER AVE OPP CORNELL AVE EXT,40.5138,-80.0455,Inbound,Bus,0.8568184999999997,3.7704545,Generator,1.5881438175530502
E58080,3.965909,3.365909,WINTERBURN AVE AT DENMARSH ST,40.4255,-79.9398,Inbound,Bus,0.6000000000000001,7.331818,Generator,1.1782579386430234
S70138,59.99318,92.76590999999999,E CARSON ST AT S 26TH ST,40.4274,-79.9686,Outbound,Bus,-32.77272999999999,152.75909,Attractor,0.6467158032514315
S00920,1.37272725,9.834091,SECOND AVE AT RENOVA ST,40.401,-79.9394,Outbound,Bus,-8.46136375,11.206818250000001,Attractor,0.13958862593400853
W22580,0.82272725,0.0,STEUBENVILLE PIKE AT WEST HILLS PLAZA,40.4515,-80.1316,Inbound,Bus,0.82272725,0.82272725,Generator,
S11410,6.515909,0.625,CHARLES ST AT GEORGIA AVE,40.4165,-79.9949,Inbound,Bus,5.890909,7.140909,Generator,10.4254544
E50450,0.022727275,1.156818,SALTSBURG RD OPP CRESTVIEW APTS,40.4814,-79.8058,Outbound,Bus,-1.1340907249999999,1.179545275,Attractor,0.01964637047487159
N25520,0.247727275,0.3931818,HENDERSON ST OPP JAY ST,40.4603,-80.0017,Outbound,Bus,-0.14545452500000003,0.640909075,Attractor,0.6300578383841774
E59010,0.2636363636363638,0.9227272727272725,WILLIAM PENN HWY OPP CHURCHILL BORO BLDG,40.4462,-79.8514,Inbound,Bus,-0.6590909090909087,1.1863636363636363,Attractor,0.2857142857142859
N21890,1.627272727272725,0.0,FREEPORT RD AT SAXONBURG RD,40.6361,-79.7125,Inbound,Bus,1.627272727272725,1.627272727272725,Generator,
S70626,0.09545454545454546,0.0,HWY RT 885 AT ANDREW DR,40.3212,-79.9245,Inbound,Bus,0.09545454545454546,0.09545454545454546,Generator,
E16470,15.811364,10.0545455,DESOTO ST AT O'HARA ST,40.4431,-79.9597,Inbound,Bus,5.7568185,25.8659095,Generator,1.5725587994007286
E32329,0.3795454545454545,0.9386363636363635,JAMES ST AT TURTLE CREEK-MONROEVILLE RD,40.4245,-79.7906,Outbound,Bus,-0.559090909090909,1.318181818181818,Attractor,0.40435835351089594
E17291,338.6705,14.011364,EAST BUSWAY AT ROSLYN STATION C,40.4194,-79.8864,Inbound,Busway,324.659136,352.681864,Generator,24.17112994851893
N43370,43.711365,14.977274999999999,PERRYSVILLE AVE AT N CHARLES ST,40.4711,-80.0087,Inbound,Bus,28.734090000000002,58.68864,Generator,2.91851254650796
N20860,0.09545454545454546,1.886363636363635,FREEPORT RD AT CALIFORNIA AVE,40.6181,-79.7324,Outbound,Bus,-1.7909090909090895,1.9818181818181804,Attractor,0.05060240963855426
W10560,5.9068179999999995,0.8068181999999999,ISLAND AVE OPP GLENN WAY,40.4889,-80.0795,Inbound,Bus,5.099999799999999,6.7136362,Generator,7.321126370228138
X08930,0.3181818,5.2113635,KATHLEEN ST AT JUDICIAL ST,40.4257,-79.9998,Outbound,Bus,-4.8931817,5.5295453,Attractor,0.06105538406599348
E20650,9.7863635,0.7068182000000001,FRANKSTOWN AVE AT STANDARD AVE,40.4572,-79.8776,Inbound,Bus,9.0795453,10.493181700000001,Generator,13.845658614902671
E37240,0.0,4.131818,LONG RD AT GARDENIA DR,40.4641,-79.833,Outbound,Bus,-4.131818,4.131818,Attractor,0.0
E52495,3.0545455,4.0022725,SOUTH AVE AT WOOD ST,40.4421,-79.8859,Outbound,Bus,-0.947727,7.056818,Attractor,0.7632027804203737
S19210,0.0,0.4363636363636365,GARDENVILLE RD AT BAPTIST RD FS,40.3515,-80.0105,Outbound,Bus,-0.4363636363636365,0.4363636363636365,Attractor,0.0
X19460,2.359091,0.025,WASHINGTON RD OPP CEDAR BLVD,40.3814,-80.0442,Inbound,Bus,2.334091,2.3840909999999997,Generator,94.36363999999999
E09120,2.5250001,1.5431818,BRADDOCK AVE OPP ELECTRIC AVE,40.4004,-79.8336,Outbound,Bus,0.9818183000000003,4.0681819,Generator,1.6362298337111028
S11298,33.9681818181818,34.756818181818204,CENTURY TOWNHOMES AT TURNAROUND,40.2888,-79.8963,Both,Bus,-0.7886363636364067,68.725,Attractor,0.9773098803374081
X04520,0.5159091,7.2795455,COCHRAN RD AT CEDAR BLVD,40.3806,-80.0526,Outbound,Bus,-6.7636364,7.7954546,Attractor,0.07087105918906612
E17770,13.922727272727276,10.243181818181817,EDGEWOOD TOWNE CENTRE AT GIANT EAGLE FS,40.426,-79.8869,Both,Bus,3.6795454545454582,24.165909090909093,Generator,1.3592189926780567
S47070,1.7295454545454545,0.425,WALNUT ST AT 7TH AVE FS,40.3489,-79.8646,Outbound,Bus,1.3045454545454545,2.1545454545454543,Generator,4.06951871657754
E14450,10.75909,5.8772725,COAL ST AT SOUTH AVE,40.4402,-79.8803,Inbound,Bus,4.8818175,16.6363625,Generator,1.830626366226851
N13700,1.7227275,6.259091,CENTER AVE AT BRONX AVE,40.5205,-80.0395,Outbound,Bus,-4.5363635,7.981818499999999,Attractor,0.2752360526472614
S27870,0.4,1.9227275,LEBANON CHURCH RD AT COUNTY AIRPORT ENTRANCE,40.3504,-79.9268,Inbound,Bus,-1.5227274999999998,2.3227275,Attractor,0.2080378004683451
E33040,35.1454545,58.004545,JUMONVILLE ST AT WATSON ST,40.4377,-79.9777,Outbound,Bus,-22.8590905,93.1499995,Attractor,0.6059086318149725
E59365,4.570455,1.6568181000000002,WOOD ST AT MOOSEHEART ST,40.4488,-79.884,Inbound,Bus,2.9136368999999998,6.2272731,Generator,2.7585737987773067
W02440,0.92727275,1.540909,BROADHEAD-FORDING RD OPP VILLAGE RD #2,40.4499,-80.0806,Outbound,Bus,-0.6136362500000001,2.4681817500000003,Attractor,0.6017699617563399
S30210,0.0,0.5068181818181821,GARDENVILLE RD OPP BLOSSOM DR,40.3427,-80.0056,Outbound,Bus,-0.5068181818181821,0.5068181818181821,Attractor,0.0
W08076,0.8954545454545455,16.06363636363635,GREENTREE RD AT MANSFIELD AVE,40.4222,-80.046,Outbound,Bus,-15.168181818181804,16.959090909090893,Attractor,0.055744199207696715
E36430,0.0681818,3.7727275000000002,LINCOLN HWY OPP DIX DR,40.3691,-79.7826,Outbound,Bus,-3.7045457,3.8409093000000003,Attractor,0.018072283248657634
N32400,17.90682,2.8568183,MCKNIGHT RD AT THE BLOCK AT NORTHWAY DRVWY,40.5532,-80.0207,Both,Bus,15.0500017,20.7636383,Generator,6.268099024708712
E52610,32.75227,10.004545,STANTON AVE AT CHISLETT ST,40.4733,-79.9309,Inbound,Bus,22.747725000000003,42.756815,Generator,3.2737390855856017
X00590,0.5568181999999999,3.134091,BANKSVILLE RD AT CHAPPEL AVE,40.4094,-80.0322,Outbound,Bus,-2.5772728000000003,3.6909092,Attractor,0.1776649752671508
E51540,1.475,3.3909089999999997,SHADY AVE OPP HASTINGS ST,40.4458,-79.9212,Outbound,Bus,-1.9159089999999996,4.865909,Attractor,0.43498660683610213
S47310,0.425,0.5181818181818181,WALNUT ST AT #2906,40.3319,-79.8453,Outbound,Bus,-0.09318181818181809,0.9431818181818181,Attractor,0.8201754385964913
N35765,0.284090909090909,6.515909090909094,MT ROYAL BLVD AT HAMPTON AVE,40.5543,-79.9712,Outbound,Bus,-6.231818181818185,6.800000000000003,Attractor,0.043599581444018105
E42000,6.6090905,63.270455000000005,NEGLEY AVE OPP BLACK ST,40.4686,-79.9275,Outbound,Bus,-56.661364500000005,69.8795455,Attractor,0.10445776784756802
E46080,16.5136365,5.47499975,PENN AVE AT HOMEWOOD AVE,40.4491,-79.901,Inbound,Bus,11.03863675,21.98863625,Generator,3.016189452794039
W04330,4.079545454545455,0.6909090909090909,CHARTIERS AVE EXT OPP STATE ST,40.4667,-80.0798,Inbound,Bus,3.388636363636364,4.770454545454546,Generator,5.904605263157896
N16060,0.0,0.831818181818182,DIVISION ST AT MARIE AVE,40.5044,-80.0751,Outbound,Bus,-0.831818181818182,0.831818181818182,Attractor,0.0
N43500,32.261365,3.875,PERRYSVILLE AVE AT KENNEDY AVE FS,40.4743,-80.0105,Inbound,Bus,28.386364999999998,36.136365,Generator,8.325513548387097
N22810,5.720454545454545,34.20681818181821,FREEPORT RD OPP WESTERN AVE,40.4906,-79.9075,Outbound,Bus,-28.486363636363663,39.92727272727275,Attractor,0.1672314131951364
S30735,82.00000000000001,77.26818181818179,LYSLE BLVD OPP MCKEESPORT TRANSPORTATION CENT,40.3519,-79.8609,Both,Bus,4.731818181818227,159.2681818181818,Generator,1.0612388964056716
N14040,1.7477274999999999,2.5954544999999998,CENTER AVE AT PERRYSVILLE RD,40.5098,-80.0283,Outbound,Bus,-0.8477269999999999,4.343182,Attractor,0.673380134384941
N45640,0.0,0.7568181818181821,REMINGTON DR OPP BALMORAL DR #1,40.555,-80.0075,Outbound,Bus,-0.7568181818181821,0.7568181818181821,Attractor,0.0
S27540,0.44545455,0.12272727500000001,KENNYWOOD MALL DR AT HOFFMAN BLVD,40.3824,-79.8688,Both,Bus,0.322727275,0.568181825,Generator,3.6296295994513033
S70559,2.368182,21.411365,SKYLINE DR OPP BALDWIN HEALTH CENTER,40.3669,-79.9627,Outbound,Bus,-19.043183,23.779547,Attractor,0.11060397130215659
N06680,0.165909090909091,4.311363636363635,BABCOCK BLVD OPP PERRYMONT RD,40.5582,-80.023,Outbound,Bus,-4.145454545454544,4.477272727272726,Attractor,0.038481813389562504
S39880,2.3954545,0.2659091,PROSPECT RD AT STILLEY RD,40.3595,-79.9805,Inbound,Bus,2.1295454,2.6613636,Generator,9.008546529622341
S04730,1.15454545,4.9363635,ARLINGTON AVE OPP FREDERICK ST,40.4177,-79.9826,Outbound,Bus,-3.7818180499999996,6.090908949999999,Attractor,0.23388582506130276
S00925,0.561363625,1.0659091,SECOND AVE AT SECOND AVE PARKING PL (#1250),40.4345,-79.9872,Outbound,Bus,-0.504545475,1.627272725,Attractor,0.5266524368729003
E54580,23.061365000000002,4.2181820000000005,TRENTON AVE AT PENN AVE,40.4457,-79.8914,Inbound,Bus,18.843183000000003,27.279547,Generator,5.467133708313202
E39650,24.2454565,1.4977274999999999,MONONGAHELA AVE OPP WHIPPLE ST (#1641),40.4256,-79.8916,Inbound,Bus,22.747729,25.743184,Generator,16.188162733207477
N52280,0.05,0.0,THOMPSON RUN RD AT SUNSET DR,40.5322,-79.9902,Inbound,Bus,0.05,0.05,Generator,
E25368,8.7363635,1.9681819999999999,GREENFIELD AVE OPP KEARCHER ST,40.4254,-79.9438,Inbound,Bus,6.7681815,10.7045455,Generator,4.438798596877728
N35510,1.3409092,60.286365,MT PLEASANT RD AT CHICAGO ST,40.4785,-80.0007,Outbound,Bus,-58.945455800000005,61.6272742,Attractor,0.022242329588124943
S08670,2.5909090909090926,8.627272727272725,BROWNSVILLE RD AT KAUFMANN AVE FS,40.3691,-79.9758,Outbound,Bus,-6.036363636363633,11.218181818181819,Attractor,0.3003161222339307
E57960,0.525,0.46136365,WILNER DR AT ROBINSON BLVD,40.4528,-79.8668,Both,Bus,0.06363635000000001,0.98636365,Generator,1.13793100084933
X18800,11.854545000000002,1.093182,VIRGINIA AVE AT MAPLE TERRACE,40.4307,-80.0097,Inbound,Bus,10.761363000000001,12.947727000000002,Generator,10.844072624686467
W06800,8.7068185,8.890909,FARONIA ST AT WYNETTE ST FS,40.4519,-80.0677,Both,Bus,-0.18409049999999993,17.5977275,Attractor,0.9792945243281649
E58390,0.668181818181818,7.1568181818181795,WM PENN HWY AT DOLLAR BANK,40.4388,-79.7645,Outbound,Bus,-6.4886363636363615,7.8249999999999975,Attractor,0.09336297237218165
S35490,2.1409089999999997,0.097727275,ARLINGTON AVE OPP ROANOKE ST,40.4253,-79.9905,Inbound,Bus,2.0431817249999997,2.2386362749999997,Generator,21.90697530448894
N47075,13.727273,21.0636385,ROSS GARAGE AT TERMINAL,40.5011,-80.0223,Both,Bus,-7.336365499999999,34.7909115,Attractor,0.6517047375267099
S40600,8.31136363636364,9.125,RICHLAND AVE AT CEMETERY LN,40.3497,-79.8933,Outbound,Bus,-0.8136363636363608,17.436363636363637,Attractor,0.910834371108344
W25110,3.309090909090911,0.268181818181818,WASHINGTON PIKE AT VANADIUM RD,40.3701,-80.1008,Inbound,Bus,3.040909090909093,3.577272727272729,Generator,12.338983050847471
N08190,3.6045455,0.66136365,BEAVER ST AT BOUNDARY ST,40.535,-80.1754,Inbound,Bus,2.94318185,4.26590915,Generator,5.450171777659689
S70456,1.0772727500000001,0.32045455,OLD ELIZABETH RD AT WOODHILL RD,40.3477,-79.9336,Both,Bus,0.7568182000000001,1.3977273000000001,Generator,3.361702150897842
S31650,0.05,3.0022725,MAIN ST AT W LEHIGH AVE,40.3809,-79.9066,Outbound,Bus,-2.9522725000000003,3.0522725,Attractor,0.016654051222865347
E32380,17.061363,2.1386364999999996,JANCEY ST AT HAMPTON ST,40.4773,-79.9305,Inbound,Bus,14.9227265,19.1999995,Generator,7.977682509393253
S34080,1.409091,4.0636365,MIFFLIN RD AT HAYS SCHOOL,40.383,-79.93,Outbound,Bus,-2.6545455000000002,5.4727275,Attractor,0.34675616286053146
S70530,0.1,2.3136365,SPENCER AVE AT MAKARY WAY,40.3919,-79.9764,Outbound,Bus,-2.2136365,2.4136365,Attractor,0.04322200138180739
W16370,7.8863635,0.61136365,NOBLESTOWN RD AT DENISONVIEW ST,40.4351,-80.0504,Inbound,Bus,7.2749998499999995,8.49772715,Generator,12.899627742015737
N71342,4.8227274,14.7840909,THE BLOCK NORTHWAY DR AT DAVE AND BUSTERS,40.5498,-80.021,Both,Bus,-9.961363500000001,19.6068183,Attractor,0.3262106160345645
S25610,0.68636365,0.709091,IRVINE ST AT MOBILE ST,40.416,-79.9466,Inbound,Bus,-0.022727350000000035,1.39545465,Attractor,0.9679486130835111
S31140,20.270455,2.1704545,MAIN ST AT CAROLINE AVE,40.3829,-79.9045,Inbound,Bus,18.1000005,22.440909499999997,Generator,9.339267420717642
E18040,1.0931818,3.16818165,ELECTRIC AVE OPP NORTH AVE,40.4056,-79.8394,Outbound,Bus,-2.07499985,4.26136345,Attractor,0.34505022778602357
E05380,1.28181818181818,0.0,BEATTY RD AT HAYMAKER RD,40.4485,-79.761,Inbound,Bus,1.28181818181818,1.28181818181818,Generator,
N16520,0.95,0.4477272727272725,DUNCAN AVE AT ALLEGHENY MEMORIAL PARK,40.567,-80.005,Inbound,Bus,0.5022727272727274,1.3977272727272725,Generator,2.121827411167514
E29900,4.8431820000000005,2.3022725,HOMEWOOD AVE AT PENN AVE,40.4493,-79.9012,Outbound,Bus,2.5409095000000006,7.1454545000000005,Generator,2.1036528039143936
X02240,2.815909,28.58182,BOWER HILL RD AT N WREN DR,40.3766,-80.0674,Outbound,Bus,-25.765911,31.397729,Attractor,0.09852098291851254
E59520,1.77499995,58.654545000000006,WOOD ST AT WALLACE AVE,40.4447,-79.8842,Outbound,Bus,-56.879545050000004,60.42954495000001,Attractor,0.030261933666010023
S14370,0.7363636363636364,0.284090909090909,DESIDERIO BLVD OPP JEFFERSON DR,40.2887,-79.8913,Both,Bus,0.45227272727272744,1.0204545454545455,Generator,2.592000000000001
X06810,0.0,3.725,GILKESON RD OPP CEDAR BLVD FS,40.3614,-80.0635,Outbound,Bus,-3.725,3.725,Attractor,0.0
X01960,1.0477273,0.5272727500000001,BOGGS AVE AT WARRINGTON AVE FS,40.4156,-80.0113,Both,Bus,0.52045455,1.57500005,Generator,1.9870689315918562
W00340,5.93181818181818,17.2090909090909,4TH AVE AT MILL ST,40.5184,-80.1636,Outbound,Bus,-11.27727272727272,23.14090909090908,Attractor,0.34469096671949295
S50370,5.68181818181818,4.825,YOUNG DR AT YESTER SQ,40.3497,-79.8406,Both,Bus,0.8568181818181797,10.50681818181818,Generator,1.1775788977861512
S70135,3.643182,0.87272725,MAIN ST AT 22ND AVE,40.3977,-79.9016,Inbound,Bus,2.77045475,4.51590925,Generator,4.174479483710403
X04100,1.6204545,0.0,CEDAR BLVD AT MAYFAIR DR,40.3708,-80.0599,Inbound,Bus,1.6204545,1.6204545,Generator,
N47280,39.3999994,55.686364,SANDUSKY ST AT GENERAL ROBINSON ST,40.4487,-80.0024,Both,Bus,-16.2863646,95.0863634,Attractor,0.7075340634558219
N07070,0.0,0.23409090909090902,BABCOCK BLVD OPP FAIRFIELD RD,40.5642,-80.019,Outbound,Bus,-0.23409090909090902,0.23409090909090902,Attractor,0.0
W04660,0.681818181818182,1.338636363636365,CLEVER RD OPP PATRICIA PARK DR,40.4698,-80.1008,Outbound,Bus,-0.656818181818183,2.020454545454547,Attractor,0.5093378607809843
S70250,0.6386363500000001,8.2727275,CHALFONT ST AT CURTIN AVE FS,40.4167,-79.9987,Outbound,Bus,-7.63409115,8.91136385,Attractor,0.07719779842863192
E42890,0.8318182,3.8727273500000003,OAKWOOD ST AT INGLENOOK PL FS,40.4507,-79.8845,Outbound,Bus,-3.0409091500000005,4.704545550000001,Attractor,0.21478873280351116
N35990,1.7863636500000002,0.07045454500000001,MT ROYAL BLVD AT MCELHENY RD,40.5326,-79.9681,Inbound,Bus,1.7159091050000002,1.8568181950000002,Generator,25.354839066805415
X13690,3.275,53.586365,PIONEER AVE OPP DUNSTER ST,40.4025,-80.0159,Outbound,Bus,-50.311365,56.861365,Attractor,0.06111629329587853
E42990,2.7818180000000003,0.8409091,OBERLIN ST AT MINGO ST,40.4649,-79.8901,Outbound,Bus,1.9409089000000004,3.6227271000000005,Generator,3.308107856128564
N51070,0.0,0.0,SPRINGFIELD DR OPP SHADY OAK DR,40.5795,-79.9939,Inbound,Bus,0.0,0.0,Balanced,
S23000,0.075,0.0909091,HOMEVILLE RD AT COMMONWEALTH AVE,40.3827,-79.8778,Inbound,Bus,-0.01590910000000001,0.1659091,Attractor,0.8249999175000081
E41175,68.129545,8.106818,MURRAY AVE AT FORBES AVE FS,40.4384,-79.923,Both,Bus,60.02272699999999,76.236363,Generator,8.403981068774454
E45970,1.586363545,16.9068205,PENN AVE AT FAIRMONT ST,40.4437,-79.8656,Outbound,Bus,-15.320456955,18.493184045,Attractor,0.09382979756601782
N17430,17.6022724,88.209089,EAST OHIO ST AT MIDDLE ST,40.4539,-79.9989,Inbound,Bus,-70.6068166,105.81136140000001,Attractor,0.19955168565452477
E35610,10.27954565,11.484091,LIBERTY AVE OPP 37TH ST,40.462,-79.9621,Outbound,Bus,-1.20454535,21.76363665,Attractor,0.8951118246973139
E35440,4.02045475,2.65454555,LIBERTY AVE AT WINEBIDDLE ST,40.4589,-79.944,Outbound,Bus,1.3659092,6.6750003,Generator,1.514554817113611
N06450,0.0,0.0,BABCOCK BLVD AT FAIRFIELD RD,40.5642,-80.0191,Inbound,Bus,0.0,0.0,Balanced,
E70407,1.8522725,1.8431819999999999,TERRACE ST AT ROBINSON ST,40.4403,-79.9657,Outbound,Bus,0.009090500000000112,3.6954545,Generator,1.0049319600560336
E48470,1.7227275,0.220454545,REYNOLDS ST AT DALLAS AVE,40.4487,-79.91,Outbound,Bus,1.502272955,1.943182045,Generator,7.814434036730791
E19630,117.03181500000001,7.2454545,FORBES AVE AT MURDOCH ST,40.4379,-79.9306,Inbound,Bus,109.78636050000001,124.2772695,Generator,16.152446337217356
E04820,4.7045455,13.170455,BAUM BLVD AT CYPRESS ST,40.4559,-79.9421,Outbound,Bus,-8.4659095,17.8750005,Attractor,0.35720447774962977
X17734,0.41363635,13.03182,SOUTHERN AVE OPP PROSPECT ST,40.4281,-80.0086,Outbound,Bus,-12.618183649999999,13.44545635,Attractor,0.03174048981646462
S42240,31.863636045,34.140909475,SOUTH BUSWAY AT PALM GARDEN,40.4164,-80.0118,Inbound,Busway,-2.277273430000001,66.00454552,Attractor,0.93329781001682
E54160,7.652273,6.763636,TERRACE ST AT DARRAGH ST,40.4421,-79.9628,Inbound,Bus,0.8886370000000001,14.415909,Generator,1.1313845097518553
N24070,3.00681818181818,2.24318181818182,GRANT AVE AT SHERIDAN ST,40.4786,-79.9707,Outbound,Bus,0.7636363636363601,5.25,Generator,1.3404255319148919
S46910,0.1886363636363635,3.2068181818181802,WALNUT ST AT 28TH AVE,40.3328,-79.8467,Outbound,Bus,-3.0181818181818167,3.3954545454545437,Attractor,0.05882352941176469
E23580,13.3318159,16.6295475,FRIENDSHIP AVE AT PEARL ST,40.4635,-79.9488,Inbound,Bus,-3.2977316000000005,29.961363400000003,Attractor,0.8016944477893941
N21680,0.09545454545454546,0.0,FREEPORT RD AT POPLAR ST,40.6274,-79.7207,Inbound,Bus,0.09545454545454546,0.09545454545454546,Generator,
N31440,14.3181805,12.5931815,MAIN ST AT 16TH ST,40.4947,-79.9252,Inbound,Bus,1.7249990000000004,26.911362,Generator,1.1369788087307406
E21590,1.00227275,9.868182000000001,FRANKSTOWN RD OPP ERHARDT DR,40.4657,-79.8388,Outbound,Bus,-8.865909250000001,10.87045475,Attractor,0.10156609900384891
E20050,3.1250000000000018,0.05,5TH ST AT DUQUESNE AVE,40.3857,-79.7591,Inbound,Bus,3.075000000000002,3.1750000000000016,Generator,62.500000000000036
S46940,0.9772727272727275,0.459090909090909,WALNUT ST AT 30TH AVE FS,40.3319,-79.8451,Inbound,Bus,0.5181818181818185,1.4363636363636365,Generator,2.1287128712871297
W08067,0.77272725,8.5795455,GREENTREE RD AT MANOR CARE DRIVEWAY,40.3966,-80.0661,Outbound,Bus,-7.80681825,9.352272750000001,Attractor,0.09006622203938425
N15010,1.3431819999999999,7.7204545,CHESTNUT ST AT ZONA WAY,40.457,-79.9952,Outbound,Bus,-6.3772725,9.0636365,Attractor,0.17397706313792793
N21895,0.0,1.270454545454545,FREEPORT RD OPP SAXONBURG RD,40.6361,-79.7123,Outbound,Bus,-1.270454545454545,1.270454545454545,Attractor,0.0
N15696,1.53409090909091,0.07045454545454545,CORPORATE DR AT #5700,40.5636,-80.0228,Inbound,Bus,1.4636363636363645,1.6045454545454556,Generator,21.77419354838711
W08093,83.975,36.49545454545455,GREENTREE RD AT PARKWAY CENTER DR SOUTH,40.4246,-80.0429,Inbound,Bus,47.479545454545445,120.47045454545454,Generator,2.300971478390833
N41700,0.4522727272727275,0.0,PENN ST AT ROUP AVE,40.6109,-79.7405,Inbound,Bus,0.4522727272727275,0.4522727272727275,Generator,
E29700,3.834091,1.1227274999999999,HOMEWOOD AVE AT BENNETT ST,40.4565,-79.8967,Outbound,Bus,2.7113635,4.9568185,Generator,3.414979146765355
S70519,0.0,1.31818181818182,AGNEW RD AT JOSEPH ST FS,40.3963,-79.9712,Outbound,Bus,-1.31818181818182,1.31818181818182,Attractor,0.0
N52580,12.163635,1.5295455,TROY HILL RD AT GOETTMANN ST,40.4598,-79.9859,Inbound,Bus,10.6340895,13.693180499999999,Generator,7.952450580907858
N42300,0.047727275,0.075,PERRY HWY AT HANWAY AVE,40.5043,-80.0264,Outbound,Bus,-0.027272724999999998,0.122727275,Attractor,0.6363636666666667
N40090,0.8159090909090909,0.12272727272727275,OHIO RIVER BLVD OPP BRIGHTON RD (#7139),40.5048,-80.0847,Inbound,Bus,0.6931818181818181,0.9386363636363637,Generator,6.648148148148147
W70097,6.336363636363634,0.615909090909091,FOSTER AVE OPP WILLOW AVE (PLAYGROUND),40.4416,-80.0683,Inbound,Bus,5.720454545454543,6.952272727272725,Generator,10.287822878228777
E18610,14.58409,54.397725,ELLSWORTH AVE AT NEGLEY AVE,40.4547,-79.9327,Outbound,Bus,-39.813635000000005,68.981815,Attractor,0.2681011016545269
E18530,76.829545,9.8272725,ELLSWORTH AVE AT GRAHAM ST,40.4537,-79.9347,Inbound,Bus,67.0022725,86.65681749999999,Generator,7.817992733996132
X18575,0.7931819999999999,0.0,VANADIUM RD AT GREEN COMMONS DR FS,40.3716,-80.0888,Inbound,Bus,0.7931819999999999,0.7931819999999999,Generator,
S42450,4.640908795,22.10909025,SOUTH BUSWAY AT OVERBROOK SHELTER,40.3853,-79.9959,Outbound,Busway,-17.468181455,26.749999045000003,Attractor,0.20990953234722082
N14320,2.809091,2.1113635,CENTER AVE OPP #360,40.517,-80.0222,Inbound,Bus,0.6977275000000001,4.9204545,Generator,1.3304629922796336
W25680,3.206818,5.0795455,WINDGAP AVE AT BELHURST AVE,40.4584,-80.079,Outbound,Bus,-1.8727274999999999,8.2863635,Attractor,0.6313198690709632
E70784,27.552275,28.788635,BEDFORD AVE OPP ERIN ST,40.4472,-79.9809,Inbound,Bus,-1.2363599999999977,56.34091,Attractor,0.9570538860213414
N21925,0.090909090909091,4.3431818181818205,FREEPORT RD AT SPRING HILL RD,40.6265,-79.7213,Outbound,Bus,-4.25227272727273,4.434090909090911,Attractor,0.020931449502878084
E25377,0.447727275,3.0477274999999997,GREENFIELD BRIDGE AT ALGER ST,40.4273,-79.9388,Inbound,Bus,-2.6000002249999996,3.495454775,Attractor,0.1469052843471078
S16060,81.05909,90.78181500000001,E CARSON ST AT S 10TH ST,40.4287,-79.989,Outbound,Bus,-9.722725000000011,171.84090500000002,Attractor,0.8929000813654143
S70373,5.2636363636363654,4.01818181818182,OHIO AVE OPP BROADWAY ST,40.3191,-79.8907,Outbound,Bus,1.2454545454545451,9.281818181818185,Generator,1.3099547511312215
X13610,1.5,13.438635000000001,PIONEER AVE AT STETSON ST,40.4057,-80.0151,Outbound,Bus,-11.938635000000001,14.938635000000001,Attractor,0.11161847910892735
N18740,0.9454545454545455,6.475,EVERGREEN AVE AT DAVID ST,40.4892,-79.9722,Outbound,Bus,-5.529545454545454,7.420454545454545,Attractor,0.14601614601614604
N20550,0.07045454545454545,0.02272727272727275,FREEPORT RD AT ALABAMA AVE,40.6166,-79.7364,Inbound,Bus,0.0477272727272727,0.0931818181818182,Generator,3.099999999999997
E56550,9.836364,22.3704555,WAVERLY AVE AT BRADDOCK AVE FS,40.4222,-79.8863,Outbound,Bus,-12.534091499999999,32.206819499999995,Attractor,0.43970333996998856
S01060,0.272727275,3.35,SECOND AVE OPP ALUVIAN ST,40.4002,-79.9381,Outbound,Bus,-3.0772727250000003,3.622727275,Attractor,0.08141112686567163
N08260,0.393181818181818,4.261363636363635,BEAVER RD AT CHESTNUT RD,40.5502,-80.1903,Outbound,Bus,-3.868181818181817,4.6545454545454525,Attractor,0.09226666666666666
E04230,2.1522727272727273,18.368181818181814,ARDMORE BLVD OPP BRYN MAWR RD FS,40.4322,-79.8649,Outbound,Bus,-16.215909090909086,20.52045454545454,Attractor,0.11717396683989115
N31650,7.461363499999999,4.175,MAIN ST AT #1834,40.4945,-79.9203,Inbound,Bus,3.2863634999999993,11.636363499999998,Generator,1.7871529341317365
S14237,1.359091,10.0522725,CHALFONT ST AT DELMONT AVE,40.4166,-80.004,Outbound,Bus,-8.693181500000001,11.4113635,Attractor,0.13520236344567857
E38010,0.6886363636363635,6.75,MAIN ST AT FRANKLIN ST,40.3967,-79.8414,Outbound,Bus,-6.0613636363636365,7.4386363636363635,Attractor,0.102020202020202
S16180,13.58409,19.91818,E CARSON ST AT S 18TH ST,40.4288,-79.9804,Inbound,Bus,-6.33409,33.502269999999996,Attractor,0.6819945396617563
N31460,16.1931815,8.1136365,MAIN ST AT 19TH ST,40.4941,-79.918,Inbound,Bus,8.079545000000001,24.306818,Generator,1.9957982465692172
E45340,12.095454545,29.25227045,PEEBLES ST AT KELLY AVE,40.4412,-79.8943,Both,Bus,-17.156815905000002,41.347724995,Attractor,0.41348771766876646
W07630,0.075,0.0,GRAND AVE AT COTTAGE AVE,40.5157,-80.1442,Inbound,Bus,0.075,0.075,Generator,
N15935,9.2,1.329545454545455,CUMBERLAND RD OPP LANCELOT DR,40.5721,-80.0227,Inbound,Bus,7.870454545454544,10.529545454545454,Generator,6.919658119658116
E58060,2.309091,1.175,WINTERBURN AVE AT BLANTON ST,40.4243,-79.9398,Outbound,Bus,1.134091,3.4840910000000003,Generator,1.965183829787234
W20980,15.83409,10.8863635,S MAIN ST AT WABASH ST,40.4409,-80.0349,Inbound,Bus,4.9477265,26.720453499999998,Generator,1.4544884524570578
N13720,7.6477275,2.7477275,CENTER AVE AT BRONX AVE,40.5207,-80.0394,Inbound,Bus,4.9,10.395455,Generator,2.7832918293389723
E12880,0.0,0.02272727272727275,CENTER RD OPP GATEWAY DR,40.4585,-79.7578,Outbound,Bus,-0.02272727272727275,0.02272727272727275,Attractor,0.0
S70522,0.0,2.8272727272727254,AGNEW RD AT CLOVERFIELD DR,40.3988,-79.9647,Outbound,Bus,-2.8272727272727254,2.8272727272727254,Attractor,0.0
P01875,94.6545415,586.16818,FT PITT BLVD AT SMITHFIELD ST FS,40.4371,-80.0017,Inbound,Bus,-491.5136385,680.8227215,Attractor,0.16148017707136542
E26670,7.106818,13.797725,HAMILTON AVE OPP STERRETT ST,40.4541,-79.8953,Outbound,Bus,-6.690907,20.904543,Attractor,0.5150717237805508
E17314,0.218181825,16.8727275,EAST BUSWAY AT HERRON STATION D,40.4594,-79.9666,Inbound,Busway,-16.654545675,17.090909325,Attractor,0.01293103471267464
E70427,10.304546,17.7454545,EAST LIBERTY BLVD AT LARIMER AVE,40.4633,-79.9172,Outbound,Bus,-7.440908500000001,28.050000500000003,Attractor,0.5806865076349552
S70619,2.179545454545455,0.8681818181818199,GRANDVIEW AVE AT #39,40.3498,-79.8374,Outbound,Bus,1.3113636363636352,3.047727272727275,Generator,2.510471204188477
E13430,27.288634000000002,42.947726499999995,CENTRE AVE AT ELMORE ST,40.445,-79.9774,Inbound,Bus,-15.659092499999993,70.23636049999999,Attractor,0.6353918175389331
E34910,46.472725499999996,82.41364,LIBERTY AVE AT 21ST ST,40.4512,-79.9824,Inbound,Bus,-35.940914500000005,128.8863655,Attractor,0.5638960431792601
E13620,12.940909000000001,19.677273999999997,CENTRE AVE AT MILLER ST,40.4418,-79.9841,Outbound,Bus,-6.736364999999996,32.618183,Attractor,0.6576576105003165
S33110,0.3272727272727275,0.3636363636363635,MCCLEARY ST OPP FORD ST,40.3462,-79.8385,Outbound,Bus,-0.03636363636363599,0.6909090909090909,Attractor,0.900000000000001
S27590,17.11136363636365,41.5818181818182,KNOEDLER RD AT KEEPORT DR,40.342,-79.9814,Outbound,Bus,-24.47045454545455,58.69318181818185,Attractor,0.41151071272409284
S27310,5.304545454545455,3.815909090909093,KENNEDY AVE AT PETER ST,40.3676,-79.8559,Both,Bus,1.4886363636363615,9.120454545454548,Generator,1.390113162596783
W03705,0.295454545,0.46363635,CHARTIERS AVE AT #1338,40.4492,-80.0446,Outbound,Bus,-0.16818180499999996,0.7590908949999999,Attractor,0.6372549197231839
N33677,1.5227272727272751,8.761363636363635,MERCHANT ST AT VALLEY RD,40.5799,-80.2214,Outbound,Bus,-7.23863636363636,10.28409090909091,Attractor,0.17380025940337254
E28980,11.927275,0.2409091,HIGHLAND AVE AT HAMPTON ST,40.4739,-79.9192,Inbound,Bus,11.6863659,12.1681841,Generator,49.509441527945604
W14390,6.6454545,2.2204544999999998,MIDDLETOWN RD AT #2847,40.4476,-80.0618,Inbound,Bus,4.425,8.865908999999998,Generator,2.992835250620988
S70042,0.77045455,58.372725,SIDNEY ST AT S 27TH ST,40.4279,-79.9665,Inbound,Bus,-57.602270450000006,59.14317955,Attractor,0.01319887927109793
E08690,1.39772725,16.649998275,BRADDOCK AVE AT CHARLESTON AVE,40.4307,-79.8926,Outbound,Bus,-15.252271025000002,18.047725525,Attractor,0.08394759127985554
N50380,0.04545454545454545,0.02272727272727275,SPRING GARDEN AVE AT WILLIAMS RD,40.4773,-79.9936,Inbound,Bus,0.0227272727272727,0.0681818181818182,Generator,1.9999999999999978
N32770,8.797727000000002,20.8113635,MCKNIGHT RD AT NELSON RUN RD NS,40.5056,-80.0082,Outbound,Bus,-12.013636499999997,29.6090905,Attractor,0.42273669382594764
E41781,7.4886365,6.2045455,NEGLEY AVE AT ELMER ST FS,40.4533,-79.9317,Outbound,Bus,1.284091,13.693182,Generator,1.206959720095533
X02560,0.05,2.35,BOWER HILL RD OPP HILLAIRE DR,40.375,-80.0718,Outbound,Bus,-2.3000000000000003,2.4,Attractor,0.02127659574468085
N31100,0.0,0.19772727499999998,LOCUST PL AT CENTENNIAL AVE,40.5417,-80.1798,Outbound,Bus,-0.19772727499999998,0.19772727499999998,Attractor,0.0
E11140,5.8750001,21.663636800000003,BRYANT ST AT EUCLID AVE,40.4757,-79.92,Both,Bus,-15.788636700000001,27.538636900000004,Attractor,0.27119177422693863
E70935,0.3159091,6.7727275,LOWES DR AT FOX PLAN RD,40.438,-79.7616,Outbound,Bus,-6.4568184,7.0886366,Attractor,0.0466442950790505
W25800,81.1886358,37.193181949999996,W CARSON ST AT DUQUESNE INCLINE,40.4399,-80.0174,Inbound,Bus,43.995453850000004,118.38181775,Generator,2.1828902918052164
E46900,6.990909,1.0931818,PENN CENTER BLVD AT PENN TOWERS (UPPER),40.4244,-79.8123,Inbound,Bus,5.8977272,8.0840908,Generator,6.395010418212232
E11310,2.881818,24.65909,BUNKERHILL ST OPP ST CLAIR ST,40.4795,-79.9187,Outbound,Bus,-21.777272,27.540907999999998,Attractor,0.11686635638216983
S21470,0.0,2.3477275,GREENSPRINGS AVE AT ROBERTA DR,40.386,-79.8803,Outbound,Bus,-2.3477275,2.3477275,Attractor,0.0
N14720,0.13636365,0.0681818,N CHARLES ST OPP IZORA ST,40.4641,-80.0206,Inbound,Bus,0.06818185,0.20454545000000002,Generator,2.000000733333529
E70866,5.2704545,4.7386365,REED ST AT ADDISON ST,40.4427,-79.9774,Inbound,Bus,0.5318179999999995,10.009091,Generator,1.1122301742283882
N31845,6.0363635,2.7454545,MARSHALL AVE AT CALIFORNIA AVE,40.4626,-80.0302,Inbound,Bus,3.290909,8.781818000000001,Generator,2.1986754834217797
E70278,3.29772725,0.222727275,MONROEVILLE TRESTLE RD AT SALTSBURG RD,40.4763,-79.7601,Inbound,Bus,3.074999975,3.520454525,Generator,14.806122195855895
E36435,0.16363634999999999,0.170454545,LINCOLN HWY OPP ISAAC ST,40.3776,-79.8023,Outbound,Bus,-0.006818195000000027,0.334090895,Attractor,0.9599999225599997
E15580,13.854546,11.234091,CRAFT AVE AT FIFTH AVE FS (DIALYSIS CTR),40.4375,-79.9637,Inbound,Bus,2.6204549999999998,25.088637,Generator,1.2332591929333667
S47000,0.193181818181818,0.025,WALNUT ST AT 35TH AVE,40.3285,-79.8408,Inbound,Bus,0.16818181818181802,0.218181818181818,Generator,7.72727272727272
E20945,0.3590909,7.1477275,FRANKSTOWN RD AT CRESTVIEW DR,40.4799,-79.8225,Outbound,Bus,-6.7886366,7.5068184,Attractor,0.05023847089861778
N03660,9.643182,0.263636375,W 7TH AVE AT GRANTHAM ST,40.5983,-79.7645,Inbound,Bus,9.379545624999999,9.906818375,Generator,36.57758531993167
W11776,1.4954545,0.045454545,LINDSAY RD OPP WYNNECLIFF DR #1,40.3837,-80.0805,Inbound,Bus,1.449999955,1.5409090449999998,Generator,32.89999932899999
E16300,2.490909,10.556818,DEAN ST AT PAULSON AVE,40.468,-79.9037,Outbound,Bus,-8.065909,13.047727,Attractor,0.2359526326967084
N17440,32.9295451,29.97045425,EAST OHIO ST AT MIDDLE ST,40.4537,-79.9993,Outbound,Bus,2.959090849999999,62.89999935,Generator,1.0987336002756782
S26950,2.1386365,0.4931818,JOSEPHINE ST AT #3033,40.4219,-79.965,Inbound,Bus,1.6454547000000002,2.6318183,Generator,4.336405966319114
X13600,20.290909999999997,2.056818,PIONEER AVE AT SOUTHCREST DR,40.407,-80.015,Inbound,Bus,18.234091999999997,22.347727999999996,Generator,9.865194684216103
S70400,0.45,1.1409090000000002,LEWIS RUN RD AT KELLY LN,40.3314,-79.9366,Inbound,Bus,-0.6909090000000002,1.5909090000000001,Attractor,0.3944223421850471
E59390,0.88863635,4.16363635,WOOD ST AT HOLMES ST,40.4473,-79.8837,Outbound,Bus,-3.275,5.0522727,Attractor,0.2134279450221439
S70579,13.890909,21.015909999999998,SOUTH SIDE WORKS TERMINAL - NO,40.4247,-79.9618,Both,Bus,-7.1250009999999975,34.906819,Attractor,0.6609710928529863
N12705,3.6,8.8636365,CALIFORNIA AVE AT BOSTON ST,40.4694,-80.0357,Outbound,Bus,-5.2636365000000005,12.4636365,Attractor,0.40615383990532555
S70551,13.829545,1.490909,PARKLINE DR AT #1631,40.3671,-79.9674,Inbound,Bus,12.338636,15.320454,Generator,9.275914894872859
E10200,0.25,1.08181818181818,BRINTON RD AT MCKELVEY RD,40.4255,-79.8692,Outbound,Bus,-0.83181818181818,1.33181818181818,Attractor,0.2310924369747903
X13400,42.477275,0.45454545,PIONEER AVE AT BELLBROOK ST,40.4011,-80.0185,Inbound,Bus,42.02272955,42.93182045,Generator,93.45000593450006
S47410,0.3772727272727275,0.5636363636363635,WALNUT ST OPP EDEN PARK BLVD,40.3274,-79.8404,Outbound,Bus,-0.186363636363636,0.9409090909090909,Attractor,0.6693548387096779
N51670,0.045454545,0.0,SUTTER DR AT THOMPSON RUN RD,40.5434,-79.9935,Inbound,Bus,0.045454545,0.045454545,Generator,
W02745,74.36591,12.1795455,BROADWAY AVE AT DALE ST,40.4718,-80.0727,Inbound,Bus,62.186364499999996,86.5454555,Generator,6.105803373368899
N33560,6.2181818181818205,0.7272727272727275,MERCHANT ST AT 3RD ST FS,40.582,-80.224,Inbound,Bus,5.490909090909093,6.945454545454548,Generator,8.55
E53040,0.2409091,14.965910000000001,STANTON AVE OPP MCCABE ST,40.4814,-79.9377,Outbound,Bus,-14.725000900000001,15.2068191,Attractor,0.016097190214293684
S38350,0.1681818,2.7204544999999998,PENN AVE AT #197,40.4141,-79.9834,Outbound,Bus,-2.5522726999999996,2.8886363,Attractor,0.06182121406551736
W19441,0.0,0.52272725,ORCHARD SPRING RD AT ROSELEAF RD #2,40.3983,-80.0714,Outbound,Bus,-0.52272725,0.52272725,Attractor,0.0
N08220,24.28182,26.18409,BEAVER ST AT BROAD ST,40.5401,-80.1801,Outbound,Bus,-1.9022700000000015,50.46591,Attractor,0.9273501580539938
N26810,66.395455,211.68635,HOV PARK AND RIDE LOT DRVWY AT HOV RAMP (SHELTER),40.5076,-80.0301,Both,Bus,-145.290895,278.08180500000003,Attractor,0.3136501479665552
N20160,0.23863636363636348,2.86818181818182,FOREST AVE AT #546,40.5007,-80.0538,Outbound,Bus,-2.6295454545454566,3.1068181818181833,Attractor,0.083201267828843
S70488,0.331818181818182,6.80909090909091,FIFTH AVE OPP LATTERMAN FAMILY HEALTH CENTER,40.354,-79.8366,Outbound,Bus,-6.477272727272728,7.140909090909092,Attractor,0.04873164218958614
E41730,0.075,18.436365000000002,NEGLEY AVE AT BRYANT ST,40.4772,-79.9238,Outbound,Bus,-18.361365000000003,18.511365,Attractor,0.004068047036387053
N18890,0.0,0.0,EVERGREEN & PEOPLES PLANK RD AT PEOPLE'S TWP RD,40.5056,-79.9959,Outbound,Bus,0.0,0.0,Balanced,
N18840,3.63181818181818,0.640909090909091,EVERGREEN AVE AT JOHN ST,40.4872,-79.9727,Inbound,Bus,2.990909090909089,4.272727272727271,Generator,5.666666666666663
E55020,0.025,1.1113635,UNIVERSAL RD AT AUSTIN ST,40.4752,-79.7866,Outbound,Bus,-1.0863635,1.1363634999999999,Attractor,0.02249489028567161
S25590,5.2795455,0.5136363500000001,IRVINE ST AT BERWICK ST,40.4131,-79.9452,Inbound,Bus,4.765909150000001,5.79318185,Generator,10.278761423329948
E55580,1.6681819999999998,0.0,VERONA RD AT RAITHEL ST,40.4962,-79.8368,Inbound,Bus,1.6681819999999998,1.6681819999999998,Generator,
E46040,42.631821,49.08409,PENN AVE AT GRANT ST,40.4048,-79.826,Outbound,Bus,-6.452269000000001,91.715911,Attractor,0.8685466308940433
N47150,0.07045454545454545,0.0,SAMPLE RD AT HIGHMEADOW RD,40.5735,-79.9936,Inbound,Bus,0.07045454545454545,0.07045454545454545,Generator,
N43650,1.5431818000000002,0.4022727,PERRYSVILLE AVE AT O'HERN ST,40.4603,-80.0132,Both,Bus,1.1409091000000002,1.9454545,Generator,3.836158406971192
E55035,0.09318180000000001,0.0,UNIVERSAL RD OPP FREY RD,40.4605,-79.8112,Inbound,Bus,0.09318180000000001,0.09318180000000001,Generator,
E51490,3.590909,4.4386365,SHADY AVE AT SOLWAY ST,40.443,-79.9203,Outbound,Bus,-0.8477275000000004,8.029545500000001,Attractor,0.8090117314179703
N20150,0.5613636363636365,7.05,FOREST AVE AT #414,40.499,-80.0505,Outbound,Bus,-6.488636363636363,7.611363636363636,Attractor,0.07962604771115411
N43400,2.5522725,20.702275,PERRYSVILLE AVE AT DELAWARE ST,40.4796,-80.0117,Outbound,Bus,-18.1500025,23.2545475,Attractor,0.12328463900706564
E04180,18.838636363636375,1.3204545454545453,ARDMORE BLVD AT BRADDOCK RD,40.4246,-79.8592,Inbound,Bus,17.51818181818183,20.15909090909092,Generator,14.266781411359736
W16240,0.7909091,7.9136365,NOBLESTOWN RD AT FIRE STATION (#2200),40.4311,-80.0534,Outbound,Bus,-7.1227274,8.7045456,Attractor,0.09994256117273013
N24120,0.431818181818182,4.872727272727275,GRANT AVE AT HERMAN ST,40.5085,-79.952,Outbound,Bus,-4.440909090909093,5.3045454545454565,Attractor,0.08861940298507462
E01650,142.677259,3.4636363,FIFTH AVE AT SHADY AVE,40.453,-79.9206,Both,Bus,139.2136227,146.14089529999998,Generator,41.192910179397295
N06875,0.0,0.2431818,BABCOCK BLVD AT THOMPSON RUN RD,40.5108,-79.9937,Outbound,Bus,-0.2431818,0.2431818,Attractor,0.0
S09385,29.55909,6.0931820000000005,BROWNSVILLE RD OPP W CHERRYHILL ST,40.3979,-79.9883,Inbound,Bus,23.465908,35.652272,Generator,4.851174640770618
E00910,103.656814,8.1136364,FIFTH AVE AT AIKEN AVE,40.4485,-79.9341,Both,Bus,95.54317759999999,111.7704504,Generator,12.775629679436951
N35660,2.7954543000000003,1.0090909,MT ROYAL BLVD AT BRIDLE RD,40.5451,-79.9724,Inbound,Bus,1.7863634000000004,3.8045452,Generator,2.7702700519844154
N31590,7.8954545,3.4181816,MAIN ST AT POWERS ST,40.4956,-79.9383,Inbound,Bus,4.477272899999999,11.3136361,Generator,2.3098405596706737
X70086,0.120454545,0.0,KANE BLVD AT BOWER HILL RD,40.3719,-80.0827,Inbound,Bus,0.120454545,0.120454545,Generator,
E70047,3.6795453,16.645454,JOHNSTON AVE OPP GERTRUDE ST,40.4065,-79.9412,Both,Bus,-12.9659087,20.3249993,Attractor,0.2210540667740273
S42275,2.168182,0.26363634999999996,SOUTH BUSWAY AT DAWN AVE SHELTER,40.4129,-80.0108,Inbound,Busway,1.9045456499999998,2.43181835,Generator,8.224139046076157
S70329,1.015909090909091,0.7022727272727275,OHIO AVE AT WALL ST,40.317,-79.8894,Inbound,Bus,0.3136363636363636,1.7181818181818187,Generator,1.4466019417475726
N50200,12.856817999999999,41.622725,SOUTH COMMONS AT FEDERAL ST FS,40.4505,-80.0039,Inbound,Bus,-28.765907000000006,54.479543,Attractor,0.30888938674726363
S70043,0.50454545,42.515910000000005,SIDNEY ST AT S 28TH ST,40.4271,-79.965,Inbound,Bus,-42.01136455,43.02045545000001,Attractor,0.01186721512017501
E03550,0.4568182,2.3113635,ALLEGHENY RIVER BLVD AT SELDON AVE FS,40.5084,-79.8426,Outbound,Bus,-1.8545453,2.7681817,Attractor,0.19764013752055876
E16015,38.07954185,17.0136365,FIFTH AVE RAMP AT FIFTH AVE FS,40.456,-79.9109,Both,Bus,21.065905349999998,55.09317835,Generator,2.238177702338944
E19130,677.04541215,373.9840895,FORBES AVE AT ATWOOD ST,40.441,-79.9577,Both,Bus,303.06132264999997,1051.02950165,Generator,1.8103588659484937
E04350,26.784090909090917,0.2590909090909089,ARDMORE BLVD AT NEWPORT RD,40.4258,-79.8614,Inbound,Bus,26.52500000000001,27.043181818181825,Generator,103.37719298245624
E35370,130.413635,40.863635,LIBERTY AVE AT MILLVALE AVE (WEST PENN HOSP),40.46,-79.9461,Outbound,Bus,89.55,171.27727,Generator,3.1914350008265293
W11732,1.384091,0.0,LINDSAY RD AT #722,40.3855,-80.0793,Inbound,Bus,1.384091,1.384091,Generator,
E02890,3.8204545,4.7363634999999995,ADELAIDE ST AT CAMP ST,40.4534,-79.958,Inbound,Bus,-0.9159089999999996,8.556818,Attractor,0.8066218946244308
W03960,10.279545,1.093182,CHARTIERS AVE OPP MARLOW ST,40.4429,-80.0397,Inbound,Bus,9.186363,11.372727000000001,Generator,9.403324423563506
S13440,3.5772725000000003,1.1954544999999999,CONNISTON AVE AT BANDI AVE,40.4093,-79.9994,Both,Bus,2.3818180000000004,4.772727,Generator,2.992395360927581
E21030,5.693182,2.2477275,FRANKSTOWN RD AT GRAHAM BLVD,40.4614,-79.8627,Inbound,Bus,3.4454545000000003,7.9409095,Generator,2.5328613010251466
P70005,79.4977255,3.0545454999999997,SECOND AVE AT B ST,40.4363,-79.9966,Outbound,Bus,76.44318,82.552271,Generator,26.026040699017255
E51220,9.756817999999999,43.727275,SHADY AVE AT FIFTH AVE NS,40.452,-79.9204,Inbound,Bus,-33.970456999999996,53.484093,Attractor,0.2231288823737587
S70500,8.943182,0.32727275,SPENCER AVE AT STEINER ST,40.3893,-79.9762,Inbound,Bus,8.61590925,9.27045475,Generator,27.326387546778644
S21360,0.33863635000000003,6.4068179999999995,GREENSPRINGS AVE AT DUQUESNE AVE FS,40.3923,-79.8853,Outbound,Bus,-6.06818165,6.745454349999999,Attractor,0.052855621932759764
N15220,1.111363636363635,0.0,CHURCH AVE AT WALNUT RD,40.507,-80.0769,Inbound,Bus,1.111363636363635,1.111363636363635,Generator,
S70620,1.6795454545454551,0.525,STATE ST AT LOCUST AVE FS,40.3075,-79.8875,Outbound,Bus,1.1545454545454552,2.204545454545455,Generator,3.1991341991342
W22251,12.743179999999999,0.120454545,STEUBENVILLE PIKE AT NORTH FAYETTE VFD,40.4411,-80.2068,Inbound,Bus,12.622725455,12.863634544999998,Generator,105.7924381350658
E30580,14.7068181818182,0.07045454545454545,HWY RT 286 AT RICKENBAKER DR,40.4424,-79.7134,Inbound,Bus,14.636363636363654,14.777272727272745,Generator,208.74193548387123
N31878,1.825,8.7136365,MARSHALL AVE OPP NEW HAMPSHIRE DR,40.4646,-80.0275,Outbound,Bus,-6.8886365,10.538636499999999,Attractor,0.2094418329247496
E49680,0.0,1.0363635,SALTSBURG RD AT COLONIAL VILLAGE DR,40.475,-79.7909,Outbound,Bus,-1.0363635,1.0363635,Attractor,0.0
N15480,0.0,0.0,CONNIE DR OPP OLD CONNIE DR,40.4962,-80.0227,Inbound,Bus,0.0,0.0,Balanced,
N71181,0.0909091,0.3090909,FOX CHAPEL RD AT N MARGERY DR,40.4921,-79.8814,Outbound,Bus,-0.21818179999999998,0.4,Attractor,0.2941176851211084
E26480,0.0,0.022727275,HAMILTON AVE AT ENTERPRISE ST,40.4594,-79.9144,Outbound,Bus,-0.022727275,0.022727275,Attractor,0.0
E70980,12.222727500000001,4.8477274999999995,HERMAN AVE AT COMMERCE ST,40.3925,-79.8086,Both,Bus,7.375000000000002,17.070455000000003,Generator,2.521331386716766
E49830,27.809091000000002,4.17272745,SALTSBURG RD AT HULTON RD NS,40.4846,-79.8188,Inbound,Bus,23.636363550000002,31.981818450000002,Generator,6.6644877560838545
E34120,25.729545,0.52272725,LAKETON RD AT TURNER SCHOOL,40.4492,-79.864,Inbound,Bus,25.206817750000003,26.25227225,Generator,49.221740400945244
N43760,11.6977285,0.40454545,PERRYSVILLE AVE AT #1923,40.4614,-80.0136,Both,Bus,11.29318305,12.10227395,Generator,28.915733695682402
N71332,0.0,1.111363636363635,CENTER AVE AT PLUMER AVE,40.5111,-80.0882,Outbound,Bus,-1.111363636363635,1.111363636363635,Attractor,0.0
E20870,4.1840910000000004,11.445454999999999,FRANKSTOWN RD OPP BON AIR RD,40.4637,-79.8556,Outbound,Bus,-7.261363999999999,15.629546,Attractor,0.36556790446513493
S28050,6.5318179999999995,0.72954545,LEBANON CHURCH RD OPP REGIS AVE,40.3479,-79.9515,Inbound,Bus,5.80227255,7.261363449999999,Generator,8.953270834599817
S70260,0.0,0.07045454500000001,WARRINGTON AVE OPP BOGGSTON AVE,40.4201,-80.0079,Inbound,Bus,-0.07045454500000001,0.07045454500000001,Attractor,0.0
S08890,12.7204535,47.288636,BROWNSVILLE RD AT OVERBROOK BLVD,40.3894,-79.9855,Outbound,Bus,-34.5681825,60.009089499999995,Attractor,0.2689959909184101
E51070,5.359091,1.22045455,SCHENLEY AVE OPP PACIFIC AVE,40.472,-79.9388,Inbound,Bus,4.13863645,6.579545550000001,Generator,4.391061510647816
W03420,1.4181819999999998,12.91818,CHARTIERS AVE AT MARLOW ST,40.4431,-80.0396,Outbound,Bus,-11.499998,14.336362,Attractor,0.10978187329794134
N52360,0.0,0.0,THOMPSON RUN RD OPP #218,40.5198,-79.9919,Outbound,Bus,0.0,0.0,Balanced,
S34190,9.595455,2.4704544,BUTTERMILK HOLLOW RD AT NAUGLE ST,40.3647,-79.9082,Inbound,Bus,7.1250006,12.065909399999999,Generator,3.8840850492929557
N04640,0.0909091,0.2068182,ALLEGHENY AVE AT NORTH AVE,40.453,-80.0193,Outbound,Bus,-0.1159091,0.29772730000000003,Attractor,0.4395604448738071
S70475,1.211363636363635,14.859090909090899,HARTMAN ST AT ANDERSON AVE,40.35,-79.8344,Outbound,Bus,-13.647727272727263,16.070454545454535,Attractor,0.08152340165188128
W00800,5.6840910000000004,4.3363635,ALLENDALE CIR AT #3728,40.4595,-80.0628,Both,Bus,1.3477275000000004,10.0204545,Generator,1.3107967078866891
E34640,3.2681815000000003,0.05,LEECHBURG RD AT RICHEY DR,40.4863,-79.8146,Inbound,Bus,3.2181815000000005,3.3181815,Generator,65.36363
S04400,21.954545,6.5795455,ARLINGTON AVE AT FERNLEAF ST,40.4173,-79.9763,Inbound,Bus,15.3749995,28.534090499999998,Generator,3.3367874726301383
N14780,0.11363635,2.0454545,N CHARLES ST OPP SHELTON AVE,40.4705,-80.0113,Outbound,Bus,-1.93181815,2.15909085,Attractor,0.05555555012345667
X15710,0.1636363636363635,0.04772727272727275,SARAH ST AT WINFIELD ST,40.3504,-80.1037,Inbound,Bus,0.11590909090909074,0.21136363636363625,Generator,3.428571428571424
E25354,12.113635,6.725,GREENFIELD AVE AT MCCASLIN ST,40.4243,-79.9361,Inbound,Bus,5.388635000000001,18.838635,Generator,1.8012840148698885
W21690,0.0,0.05,STEUBEN ST AT RIDENOUR AVE,40.4405,-80.0612,Inbound,Bus,-0.05,0.05,Attractor,0.0
E04880,8.1704545,14.58182,BAUM BLVD AT LIBERTY AVE FS,40.4567,-79.9393,Outbound,Bus,-6.4113655000000005,22.7522745,Attractor,0.5603178821299398
S40030,0.2568182,0.07045454500000001,PROVOST RD AT WHITEHALL COUNTRY CLUB,40.3722,-79.9947,Inbound,Bus,0.186363655,0.32727274500000003,Generator,3.645161571904268
W23104,1.768182,0.1181818,SUMMIT PARK DR AT QUINN DR,40.4476,-80.1787,Inbound,Bus,1.6500002,1.8863637999999998,Generator,14.961542301775738
N22145,6.168182,7.6704545,FREEPORT RD OPP ALPHA DR (RIDC PARK),40.4914,-79.866,Outbound,Bus,-1.5022725000000001,13.8386365,Attractor,0.8041481766171744
P02470,1486.0158495,1719.28635135,LIBERTY AVE AT MARKET ST,40.4418,-80.0021,Both,Bus,-233.27050184999985,3205.30220085,Attractor,0.864321320490427
N13260,2.881818,1.5977275,CALIFORNIA AVE OPP WINHURST ST,40.4872,-80.045,Inbound,Bus,1.2840905,4.4795455,Generator,1.8036980649078145
N33705,0.047727275,4.5522725,METROPOLITAN ST AT COLUMBUS AVE,40.4568,-80.0317,Outbound,Bus,-4.504545225,4.599999775,Attractor,0.010484274612295287
W08720,0.1,0.0,HERBST RD AT #235,40.4995,-80.1152,Both,Bus,0.1,0.1,Generator,
N43790,2.981818,10.154545500000001,PERRYSVILLE AVE AT #3000,40.4761,-80.0123,Outbound,Bus,-7.172727500000001,13.136363500000002,Attractor,0.29364366923167556
S14765,22.904545454545456,5.890909090909091,DUQUESNE BLVD OPP COMMONWEALTH AVE,40.3829,-79.8573,Both,Bus,17.013636363636365,28.795454545454547,Generator,3.8881172839506175
E27500,6.640909,0.46136365,HAWKINS AVE AT ROSE ST,40.4069,-79.8636,Inbound,Bus,6.17954535,7.10227265,Generator,14.394088047465377
N22060,0.0,1.5022727272727279,FREEPORT RD AT WORKS ENTRANCE #3,40.5939,-79.7698,Outbound,Bus,-1.5022727272727279,1.5022727272727279,Attractor,0.0
E70325,0.07272727500000001,2.8772725,COAL HOLLOW RD AT CLIFF DR,40.4635,-79.8442,Outbound,Bus,-2.804545225,2.949999775,Attractor,0.0252764640818692
E36280,0.0,1.506818,LINCOLN HWY AT JACOB ST,40.3768,-79.8,Outbound,Bus,-1.506818,1.506818,Attractor,0.0
N32570,0.17045454545454544,18.886363636363647,MCKNIGHT RD AT CUMBERLAND RD,40.5719,-80.0234,Outbound,Bus,-18.7159090909091,19.056818181818194,Attractor,0.009025270758122738
E58260,0.0,0.0,WILLIAM PENN HWY OPP JADENS II,40.4319,-79.7305,Outbound,Bus,0.0,0.0,Balanced,
W08224,24.484090000000002,1.4386364999999999,GREENTREE RD OPP FORSYTHE RD,40.3995,-80.065,Inbound,Bus,23.0454535,25.922726500000003,Generator,17.018955100888935
N08150,6.1795455,2.4,BEAVER ST AT ACADEMY AVE FS,40.5448,-80.1871,Inbound,Bus,3.7795455,8.5795455,Generator,2.574810625
N44860,17.188637,3.309091,PITTSBURGH ST AT SCHOOL ST FS,40.5414,-79.7781,Inbound,Bus,13.879546,20.497728,Generator,5.1943681814734015
E04666,10.093182,2.4340909500000003,BAKER ST AT BALLARD WAY,40.4874,-79.9203,Inbound,Bus,7.659091050000001,12.52727295,Generator,4.146591975127305
N39790,0.9727272727272751,2.2,OHIO RIVER BLVD AT LAUREL AVE,40.5019,-80.0762,Outbound,Bus,-1.227272727272725,3.1727272727272755,Attractor,0.44214876033057954
N41060,0.04545454545454545,0.4500000000000002,PEEBLES RD OPP PARKWAY RD,40.5641,-80.0097,Both,Bus,-0.4045454545454547,0.49545454545454565,Attractor,0.10101010101010095
N52325,0.022727275,4.0636365,THOMPSON RUN RD AT WOODBRIDGE DR,40.5183,-79.9929,Outbound,Bus,-4.040909225,4.086363775000001,Attractor,0.005592841534915832
W14580,0.28636364999999997,2.125,MIDDLETOWN RD OPP STRATMORE ST,40.4447,-80.0585,Outbound,Bus,-1.83863635,2.41136365,Attractor,0.13475936470588235
E29210,63.163635,2.675,HIGHLAND AVE AT ALDER ST,40.4574,-79.9252,Inbound,Bus,60.488635,65.838635,Generator,23.612573831775702
E51140,4.2204546,7.8568183000000005,SCHOYER AVE AT MONROE ST,40.4232,-79.8928,Both,Bus,-3.6363637000000004,12.0772729,Attractor,0.537170956339922
E55320,5.0977275,1.3431818,VERONA BLVD AT LINCOLN AVE,40.4729,-79.8888,Inbound,Bus,3.7545457000000004,6.4409093,Generator,3.795262487922335
S34400,0.025,2.02954545,MIFFLIN RD OPP #5419,40.3682,-79.9105,Outbound,Bus,-2.00454545,2.05454545,Attractor,0.012318029142929517
S70546,19.43409,2.9613635,SKYLINE DR AT BALDWIN HEALTH CENTER,40.3666,-79.9625,Inbound,Bus,16.4727265,22.395453500000002,Generator,6.5625479614373585
N33040,1.015909,0.30227275,MCKNIGHT RD OPP EVERGREEN RD,40.4935,-80.0116,Inbound,Bus,0.71363625,1.31818175,Generator,3.3609017021878422
N71256,0.12272727272727275,2.89772727272727,FERGUSON RD AT DUNCAN AVE NS,40.5658,-79.9982,Outbound,Bus,-2.7749999999999972,3.0204545454545424,Attractor,0.04235294117647064
E46895,2.7204544999999998,23.415909999999997,PENN CENTER BLVD OPP BLDG #3,40.4282,-79.8118,Outbound,Bus,-20.695455499999998,26.136364499999996,Attractor,0.11617974701815988
E09600,2.934091,1.08636365,BRERETON ST AT 30TH ST,40.4565,-79.9703,Outbound,Bus,1.84772735,4.02045465,Generator,2.700836869863972
E54870,1.50681815,0.025,UNITY TRESTLE RD AT JACKSON RD,40.4855,-79.7691,Both,Bus,1.48181815,1.5318181499999999,Generator,60.272726
S08610,6.3500000000000005,24.57500000000001,BROWNSVILLE RD AT HILLSON AVE FS,40.3749,-79.9756,Outbound,Bus,-18.22500000000001,30.92500000000001,Attractor,0.25839267548321454
S12900,1.834091,0.56363635,ZUPANCIC DR AT BROGLIE DR,40.3207,-79.9854,Both,Bus,1.27045465,2.39772735,Generator,3.2540324980814312
E30175,0.095454545,2.325,HULTON RD AT 3RD ST,40.526,-79.8425,Outbound,Bus,-2.2295454550000002,2.420454545,Attractor,0.04105571827956989
W70092,0.98409090909091,1.063636363636365,FOREST GROVE RD AT #1764 (PLAZA),40.4762,-80.1008,Both,Bus,-0.07954545454545503,2.047727272727275,Attractor,0.9252136752136748
N38660,4.877272727272725,8.277272727272731,NORTH AVE AT LINCOLN AVE,40.4815,-79.9743,Outbound,Bus,-3.4000000000000057,13.154545454545456,Attractor,0.5892366831411308
X12689,0.5613636363636365,8.411363636363635,OXFORD DR OPP GIANT EAGLE,40.3466,-80.0489,Outbound,Bus,-7.849999999999999,8.972727272727273,Attractor,0.06673871926506353
X03030,59.997725,1.6681819999999998,BROOKLINE BLVD AT FLATBUSH AVE,40.3937,-80.0198,Inbound,Bus,58.329543,61.665907000000004,Generator,35.96593477210521
X00720,0.0,0.1818182,BANKSVILLE RD AT #3030,40.4016,-80.0425,Outbound,Bus,-0.1818182,0.1818182,Attractor,0.0
E29990,2.340909,0.9386363499999999,HOMEWOOD AVE AT THOMAS BLVD,40.451,-79.9,Outbound,Bus,1.40227265,3.27954535,Generator,2.4939466706142377
N52210,0.0,0.0,THOMPSON RUN RD AT HORIZON DR,40.5355,-79.9906,Outbound,Bus,0.0,0.0,Balanced,
E51360,1.1818182,0.7795454500000001,SHADY AVE AT HIGHMONT RD,40.4499,-79.9208,Outbound,Bus,0.40227274999999985,1.96136365,Generator,1.5160350175862098
E09870,6.9636365,1.2204545,BRINTON AVE AT SHERIDAN ST,40.405,-79.8437,Inbound,Bus,5.743182,8.184091,Generator,5.705773136155424
E25351,13.265909,29.947725,GREENFIELD AVE AT LORETTA ST,40.4219,-79.9298,Outbound,Bus,-16.681815999999998,43.213634,Attractor,0.4429688398701404
X02190,2.8295455,6.131818,BOWER HILL RD AT MARLIN DR,40.3858,-80.05,Both,Bus,-3.3022725,8.961363500000001,Attractor,0.4614529491905989
E39160,6.506818275,0.2681818,MIDDLE AVE AT MILLER ST,40.3958,-79.8062,Inbound,Bus,6.238636475,6.7750000749999995,Generator,24.262713856794157
E13380,196.67272499999999,47.452275,CENTRE AVE AT CYPRESS ST,40.4551,-79.9414,Inbound,Bus,149.22044999999997,244.125,Generator,4.144642696266933
E06035,2.659091,1.2159091,BEECHWOOD BLVD AT CROMBIE ST FS,40.4309,-79.9152,Both,Bus,1.4431819000000001,3.8750001000000003,Generator,2.186915946266049
E19640,16.731818,181.197725,FORBES AVE AT MURDOCH ST,40.4378,-79.9308,Outbound,Bus,-164.465907,197.929543,Attractor,0.09234011078229598
S23540,2.4363635,7.213636,HWY RT 51 AT BOROUGH PARK DR,40.3523,-79.9778,Outbound,Bus,-4.7772725000000005,9.6499995,Attractor,0.3377441695145139
S05510,13.5,0.675,BAUSMAN ST AT GRIMES AVE,40.4142,-79.9931,Inbound,Bus,12.825,14.175,Generator,20.0
E55600,2.8977275000000002,0.170454545,VERONA RD AT RANDOLPH LN,40.4789,-79.8408,Inbound,Bus,2.727272955,3.0681820450000004,Generator,17.00000137866667
N28120,0.47954545,0.729545445,IVORY AVE AT EVERGREEN RD,40.496,-80.0081,Both,Bus,-0.24999999499999997,1.2090908949999999,Attractor,0.6573208746440737
X08115,0.0,0.0,HIGHLAND RD AT WASHINGTON RD FS,40.3482,-80.0518,Outbound,Bus,0.0,0.0,Balanced,
E42900,0.74772725,1.665909,OAKWOOD ST AT KELLY ST,40.4532,-79.8855,Outbound,Bus,-0.9181817500000001,2.41363625,Attractor,0.4488403928425862
N38820,48.852274,10.499999599999999,NORTH AVE OPP MONTEREY ST,40.4543,-80.0127,Inbound,Bus,38.3522744,59.352273600000004,Generator,4.6525977010513415
E70778,28.20682,13.10909,BEDFORD AVE OPP WANDLESS ST,40.4528,-79.9677,Inbound,Bus,15.09773,41.31591,Generator,2.1516993170387875
E52560,0.120454545,1.35,STANTON AVE AT 52ND ST,40.4777,-79.9503,Outbound,Bus,-1.229545455,1.4704545450000002,Attractor,0.08922558888888887
E56010,2.52045455,13.518182045,WALLACE AVE AT MILL ST,40.4432,-79.8802,Both,Bus,-10.997727495,16.038636595,Attractor,0.186449223838663
X13774,25.381819999999998,1.1909091,BROOKLINE BLVD AT EDGEBROOK AVE,40.3921,-80.015,Inbound,Bus,24.1909109,26.572729099999997,Generator,21.312978463259704
E70116,1.1522727272727276,7.995454545454545,FRANKSTOWN RD AT EAST HILLS DR NS,40.4611,-79.8705,Outbound,Bus,-6.843181818181818,9.147727272727273,Attractor,0.14411597498578743
X19440,9.2613635,35.886365,WASHINGTON RD AT BOWER HILL RD,40.387,-80.0437,Outbound,Bus,-26.625001499999996,45.1477285,Attractor,0.25807471723591957
N71317,3.5727275,6.0931820000000005,MCINTYRE SQUARE DR OPP OLIVE GARDEN,40.5527,-80.0187,Both,Bus,-2.5204545000000005,9.665909500000001,Attractor,0.5863483972741992
N47310,78.163634,32.73863615,SANDUSKY ST AT UNDERPASS,40.45,-80.0028,Both,Bus,45.424997850000004,110.90227014999999,Generator,2.3875042821537944
S47030,6.777272727272725,3.5272727272727247,WALNUT ST AT 5TH AVE FS,40.3506,-79.865,Outbound,Bus,3.25,10.30454545454545,Generator,1.9213917525773203
N15210,0.025,0.075,CHURCH AVE AT VICTORIA AVE,40.5064,-80.0746,Outbound,Bus,-0.049999999999999996,0.1,Attractor,0.33333333333333337
N40430,0.12045455000000001,6.013636399999999,OLD FREEPORT RD AT POST OFFICE,40.4883,-79.8757,Outbound,Bus,-5.8931818499999995,6.134090949999999,Attractor,0.020030234950686412
E26410,6.0795455,16.35909,HAMILTON AVE AT BRADDOCK AVE,40.4532,-79.8913,Outbound,Bus,-10.279544499999998,22.438635499999997,Attractor,0.3716310320439585
E70791,12.127275000000001,53.088635,BEDFORD AVE AT DUFF ST,40.4501,-79.9739,Outbound,Bus,-40.96136,65.21591,Attractor,0.22843448508329517
S70531,0.40227274999999996,7.8,SPENCER AVE AT ALMORA ST,40.39,-79.9763,Outbound,Bus,-7.39772725,8.20227275,Attractor,0.05157342948717948
E01400,4.40000005,9.43636355,FIFTH AVE AT #2410 (ACTA PROGRAM),40.4369,-79.9702,Both,Bus,-5.036363499999999,13.836363599999999,Attractor,0.4662813197781046
E59580,7.82045465,1.6068182,WOODSTOCK AVE AT ARDMORE ST,40.4191,-79.8842,Inbound,Bus,6.21363645,9.42727285,Generator,4.8670438572328845
W21500,1.486363636363635,3.272727272727275,STEUBEN ST AT DUNCAN AVE,40.4395,-80.0759,Outbound,Bus,-1.7863636363636402,4.75909090909091,Attractor,0.45416666666666594
N32740,1.02272725,1.1159091,MCKNIGHT RD AT MCKNIGHT-IVORY BLDG,40.5014,-80.0114,Outbound,Bus,-0.09318185000000012,2.13863635,Attractor,0.9164969171772144
X20140,12.2068181818182,15.154545454545449,WEST LIBERTY AVE AT PARK BLVD,40.3912,-80.0392,Outbound,Bus,-2.947727272727249,27.36136363636365,Attractor,0.8054889022195576
E04890,5.290909,4.6954545,BAUM BLVD AT MELWOOD AVE,40.4541,-79.9518,Inbound,Bus,0.5954544999999998,9.9863635,Generator,1.126815093192789
W16400,0.7545454500000001,2.3386365,NOBLESTOWN RD AT DURBIN ST,40.4237,-80.0667,Outbound,Bus,-1.5840910499999996,3.09318195,Attractor,0.32264332229485004
E29040,21.756819999999998,0.1431818,HIGHLAND AVE AT JACKSON ST,40.4712,-79.9204,Inbound,Bus,21.613638199999997,21.9000018,Generator,151.95241294633814
X70016,0.0,0.14772727272727276,BOWER HILL RD AT #809,40.3602,-80.1015,Outbound,Bus,-0.14772727272727276,0.14772727272727276,Attractor,0.0
S08590,6.970454545454546,2.097727272727271,BROWNSVILLE RD AT HILLMAN ST FS,40.372,-79.9753,Inbound,Bus,4.872727272727275,9.068181818181817,Generator,3.3228602383531993
N50760,0.025,0.19772727499999998,SPRING GARDEN AVE OPP #2200,40.4707,-79.986,Outbound,Bus,-0.17272727499999999,0.22272727499999997,Attractor,0.1264367801558991
N21355,4.495454545454543,9.19090909090909,FREEPORT RD AT ALPHA DR W,40.5379,-79.8346,Inbound,Bus,-4.695454545454546,13.686363636363634,Attractor,0.48911968348170115
S70410,3.3795455,0.0,MIFFLIN ST AT CHERRY ST,40.3971,-79.8893,Inbound,Bus,3.3795455,3.3795455,Generator,
N47285,30.311363900000003,30.91590925,SANDUSKY ST AT ISABELLA ST,40.4478,-80.002,Outbound,Bus,-0.6045453499999951,61.22727315,Attractor,0.980445493447682
E55040,0.0,3.6068179999999996,UNIVERSAL RD AT FREY RD,40.4605,-79.8115,Outbound,Bus,-3.6068179999999996,3.6068179999999996,Attractor,0.0
N19670,0.24545454545454543,3.452272727272726,FERGUSON RD OPP LINWOOD DR #2,40.5582,-79.9848,Outbound,Bus,-3.2068181818181802,3.6977272727272714,Attractor,0.07109940750493748
E13170,270.88862,110.225,CENTRE AVE AT AIKEN AVE,40.4561,-79.9382,Inbound,Bus,160.66362,381.11361999999997,Generator,2.457596915400318
E70810,3.9613635,16.097725,STANTON AVE AT MELLON ST,40.4711,-79.9248,Outbound,Bus,-12.1363615,20.0590885,Attractor,0.24608219484430252
E17298,70.1136368,1005.1364,EAST BUSWAY AT WILKINSBURG STATION A,40.4465,-79.8886,Outbound,Busway,-935.0227632,1075.2500368,Attractor,0.06975534544366316
E32307,0.0,0.5863636363636365,JAMES ST OPP BUENA VISTA RD,40.4201,-79.8084,Outbound,Bus,-0.5863636363636365,0.5863636363636365,Attractor,0.0
S47130,0.30681820000000004,0.047727275,WALNUT ST AT CENTER ST FS,40.3158,-79.8319,Inbound,Bus,0.259090925,0.35454547500000005,Generator,6.428571503401358
E51280,0.55454545,1.1681819999999998,SHADY AVE AT BEACON ST,40.4354,-79.919,Outbound,Bus,-0.6136365499999998,1.7227274499999998,Attractor,0.474708093430647
E48500,1.5386365,2.6886365,REYNOLDS ST AT LANG AVE,40.4472,-79.9056,Outbound,Bus,-1.15,4.227273,Attractor,0.5722739016598191
E09320,2.109091,24.775,BRADDOCK AVE OPP BIDDLE AVE,40.437,-79.8965,Outbound,Bus,-22.665909,26.884090999999998,Attractor,0.08512980827447023
N14825,5.1113635,9.3636363,CHATEAU ST AT N FRANKLIN ST,40.4554,-80.0288,Outbound,Bus,-4.252272799999999,14.474999799999999,Attractor,0.545873775554482
E52720,0.45,5.631818,STANTON AVE AT JANCEY ST,40.474,-79.9314,Outbound,Bus,-5.181818,6.081818,Attractor,0.07990315027935917
W13250,1.1,0.025,MCCOY RD AT GREENWOOD DR,40.478,-80.0941,Inbound,Bus,1.0750000000000002,1.125,Generator,44.0
N08735,0.3113636363636365,1.0,BEAVER RD OPP EDGEWORTH LN,40.552,-80.1918,Outbound,Bus,-0.6886363636363635,1.3113636363636365,Attractor,0.3113636363636365
N08700,22.945455000000003,24.425,BEAVER ST AT WALNUT ST,40.5413,-80.1818,Inbound,Bus,-1.4795449999999981,47.37045500000001,Attractor,0.9394249744114638
N43390,0.525,5.334091,PERRYSVILLE AVE AT CHERRYFIELD ST,40.485,-80.0156,Outbound,Bus,-4.809091,5.859091,Attractor,0.09842351770901547
W25775,2.3363635,0.575,WINDGAP AVE AT SUMMERDALE ST FS,40.4563,-80.0802,Inbound,Bus,1.7613635,2.9113635,Generator,4.063240869565218
N39540,10.28409090909091,1.375,OHIO RIVER BLVD AT BIRMINGHAM AVE STEPS,40.4991,-80.0716,Inbound,Bus,8.90909090909091,11.65909090909091,Generator,7.479338842975207
N71344,3.0,0.1818182,MARSHALL AVE AT SORREL ST,40.4641,-80.0282,Inbound,Bus,2.8181818,3.1818182,Generator,16.499998350000165
E04520,0.2659091,1.47727275,ATLANTIC AVE AT HILLCREST ST,40.4683,-79.9382,Outbound,Bus,-1.21136365,1.74318185,Attractor,0.18000000338461533
S23790,3.297727,3.3250002500000004,HWY RT 51 AT PARTY CITY (CENTURY III),40.3354,-79.9472,Both,Bus,-0.02727325000000036,6.6227272500000005,Attractor,0.9917975194137202
N14680,2.9386365000000003,20.279545,N CHARLES ST AT WILSON AVE,40.4691,-80.0146,Outbound,Bus,-17.340908499999998,23.2181815,Attractor,0.14490643157920952
E45610,31.81817955,77.28181950000001,PENN AVE AT 40TH ST,40.4653,-79.9577,Both,Bus,-45.463639950000015,109.09999905000001,Attractor,0.4117162323022169
S27450,0.8704545499999999,0.1659091,KENNYWOOD BLVD AT #4000,40.3926,-79.8699,Inbound,Bus,0.7045454499999999,1.03636365,Generator,5.246575082379447
X02630,9.713636545,1.565909,BOWER HILL RD OPP RALSTON PL,40.3863,-80.0479,Both,Bus,8.147727545,11.279545545,Generator,6.203193509329086
S48450,10.85909,1.4113635,WEST ST AT 21ST AVE,40.3979,-79.9032,Inbound,Bus,9.4477265,12.2704535,Generator,7.694041967218226
N21660,0.26136363636363646,0.0,FREEPORT RD AT PENNSYLVANIA AVE,40.6249,-79.7232,Inbound,Bus,0.26136363636363646,0.26136363636363646,Generator,
S28060,0.461363625,9.0,LEBANON CHURCH RD AT REGIS AVE,40.3476,-79.9521,Outbound,Bus,-8.538636375,9.461363625,Attractor,0.051262625
W03830,131.7,90.86818181818185,CHARTIERS AVE AT MCKEES ROCKS PLAZA NS,40.4644,-80.0576,Outbound,Bus,40.831818181818136,222.56818181818184,Generator,1.4493522084938215
E59370,33.368179999999995,3.96818165,WOOD ST AT HILL AVE,40.446,-79.8834,Inbound,Bus,29.399998349999997,37.33636164999999,Generator,8.408934606106047
W11701,1.1227274999999999,0.0,LINDSAY RD AT NIXON SCHOOL,40.3861,-80.0753,Inbound,Bus,1.1227274999999999,1.1227274999999999,Generator,
E70111,3.6409089999999997,0.38863635,COLUMBO ST AT SCHENLEY AVE,40.4716,-79.9401,Inbound,Bus,3.2522726499999997,4.029545349999999,Generator,9.36842114742998
E29070,13.26591,1.1568182,HIGHLAND AVE AT RIPPEY ST,40.4649,-79.9233,Inbound,Bus,12.1090918,14.4227282,Generator,11.467584102670584
N71330,0.02272727272727275,2.104545454545455,CHURCH AVE AT DALZELL AVE,40.5091,-80.0849,Outbound,Bus,-2.081818181818182,2.127272727272728,Attractor,0.010799136069114479
S70294,1.156818181818182,0.7454545454545456,STATE ST AT WALNUT AVE,40.3084,-79.8891,Outbound,Bus,0.4113636363636364,1.9022727272727276,Generator,1.5518292682926829
W22020,3.638636363636365,3.35,STEUBEN ST AT RICHMOND ST,40.4387,-80.0714,Inbound,Bus,0.2886363636363649,6.988636363636365,Generator,1.0861601085481687
N14455,0.0,0.0,CHAPIN ST AT #354,40.4898,-80.0048,Inbound,Bus,0.0,0.0,Balanced,
N31270,2.4477275,1.5113634999999999,LOWRIE ST AT HECKLEMAN ST,40.4688,-79.9791,Both,Bus,0.9363640000000002,3.959091,Generator,1.619549168681128
E03926,1.118182,6.7818179999999995,ALLEQUIPPA ST AT WHITRIDGE ST,40.441,-79.968,Inbound,Bus,-5.6636359999999994,7.8999999999999995,Attractor,0.16487938779837502
E05180,1.993182,14.161363000000001,BEACON ST AT MUNHALL RD,40.4344,-79.9249,Both,Bus,-12.168181,16.154545000000002,Attractor,0.14074789269931148
N50440,0.0,0.52045455,SPRING GARDEN AVE AT REEKES WAY,40.4763,-79.9893,Outbound,Bus,-0.52045455,0.52045455,Attractor,0.0
S48840,16.877274,4.8681818,WHITAKER WAY AT SCHWAB AVE,40.4016,-79.8883,Both,Bus,12.0090922,21.745455800000002,Generator,3.4668536824158864
S45480,1.554545275,2.5250000000000004,TEXAS AVE AT MIFFLIN ST,40.366,-79.8578,Both,Bus,-0.9704547250000004,4.079545275,Attractor,0.6156614950495048
E50987,0.238636375,7.343181775,SAVANNAH AVE AT BIDDLE AVE,40.4375,-79.8944,Outbound,Bus,-7.104545399999999,7.58181815,Attractor,0.03249768047584523
S27020,15.554545,2.6022724999999998,JOSEPHINE ST OPP BARRY ST,40.4238,-79.9688,Inbound,Bus,12.9522725,18.1568175,Generator,5.977292923781041
W07780,1.0318182,0.05,GRAND AVE AT NEVILLE RD NS,40.5029,-80.1018,Inbound,Bus,0.9818182,1.0818182,Generator,20.636364
N71241,0.0,0.8613636363636366,PROSPECT ST OPP ROUP AVE,40.6097,-79.745,Outbound,Bus,-0.8613636363636366,0.8613636363636366,Attractor,0.0
S27290,2.945454545454545,0.6272727272727275,KENNEDY AVE AT DELL ST,40.3665,-79.8573,Both,Bus,2.3181818181818175,3.5727272727272723,Generator,4.69565217391304
E30490,0.02272727272727275,3.754545454545455,HWY RT 286 AT RICKENBAKER DR,40.4422,-79.7133,Outbound,Bus,-3.731818181818182,3.777272727272728,Attractor,0.006053268765133177
N52340,0.0,0.0,THOMPSON RUN RD OPP HORIZON DR,40.5354,-79.9907,Inbound,Bus,0.0,0.0,Balanced,
S24050,30.31818,7.720454500000001,HWY RT 51 AT MONRO MUFFLER,40.3313,-79.9457,Both,Bus,22.597725500000003,38.0386345,Generator,3.926994194448008
N37140,0.0,0.7795455,MT TROY RD AT #2652,40.4734,-79.9855,Outbound,Bus,-0.7795455,0.7795455,Attractor,0.0
S23760,5.813636363636363,50.949999999999996,HWY RT 51 AT GRACE ST,40.344,-79.9717,Outbound,Bus,-45.13636363636363,56.76363636363636,Attractor,0.114104737264698
E13040,1.047727272727275,5.48181818181818,CENTER AVE AT GRANDVIEW AVE,40.3957,-79.8393,Outbound,Bus,-4.434090909090905,6.529545454545454,Attractor,0.19112769485903863
N40230,13.57727272727275,2.4977272727272752,OHIO RIVER BLVD OPP KILBUCK ST (PARK AND RIDE),40.5178,-80.1312,Inbound,Bus,11.079545454545475,16.075000000000024,Generator,5.435850773430395
E46280,3.1772725,9.720454499999999,PENN AVE AT NEGLEY AVE,40.4635,-79.9309,Outbound,Bus,-6.543181999999999,12.897727,Attractor,0.3268646028845668
X17690,2.9477275,1.3545455,SOUTHERN AVE AT OTTAWA ST STEPS,40.4238,-80.0111,Inbound,Bus,1.593182,4.302273,Generator,2.1761745914035373
N71240,0.0,0.1636363636363635,PROSPECT ST OPP RESERVOIR DR,40.6108,-79.7465,Outbound,Bus,-0.1636363636363635,0.1636363636363635,Attractor,0.0
S12460,3.8363635,0.57727275,CLIMAX ST AT CURTIN AVE,40.4199,-79.999,Inbound,Bus,3.25909075,4.41363625,Generator,6.645668793477607
E20770,3.3795453,3.0295455000000002,FRANKSTOWN AVE OPP JULIUS ST,40.4596,-79.9113,Inbound,Bus,0.34999979999999997,6.4090908,Generator,1.1155288144706854
E04700,6.4704545,37.7045465,BALDRIDGE AVE AT WALNUT ST FS,40.4045,-79.8621,Both,Bus,-31.234092,44.175001,Attractor,0.1716093972911198
N20100,12.059090909090902,1.1,FOREST AVE AT MARYLAND AVE,40.5043,-80.0524,Inbound,Bus,10.959090909090902,13.159090909090901,Generator,10.962809917355365
N15190,0.0,3.4363636363636347,CHURCH AVE AT RIDGE AVE,40.5074,-80.0791,Outbound,Bus,-3.4363636363636347,3.4363636363636347,Attractor,0.0
N24280,0.0,6.33409090909091,GRANT AVE OPP JEFFERSON AVE,40.4894,-80.0517,Outbound,Bus,-6.33409090909091,6.33409090909091,Attractor,0.0
S08730,27.3204568,57.602275000000006,BROWNSVILLE RD AT MARLAND AVE,40.4121,-79.9896,Outbound,Bus,-30.281818200000007,84.92273180000001,Attractor,0.4742947531152198
E46070,233.39090700000003,163.161358875,PENN AVE AT HIGHLAND AVE,40.4615,-79.925,Outbound,Bus,70.22954812500004,396.552265875,Generator,1.4304300271169217
W14270,1.3568181818181801,0.37045454545454554,MIDDLETOWN RD AT HODGSON AVE,40.4456,-80.06,Inbound,Bus,0.9863636363636346,1.7272727272727257,Generator,3.6625766871165593
S24420,58.8068181818182,3.679545454545456,HWY RT 51 OPP GRACE ST,40.344,-79.9713,Inbound,Bus,55.12727272727275,62.486363636363656,Generator,15.982087708462013
S31220,0.07272727500000001,6.209091,MAIN ST AT W EDNA ST,40.3932,-79.9003,Outbound,Bus,-6.136363725,6.281818275,Attractor,0.011713030941244058
W25210,0.35227272727272746,18.347727272727276,WASHINGTON AVE OPP JAMES ST FS (POST OFFICE),40.3566,-80.1134,Outbound,Bus,-17.99545454545455,18.700000000000003,Attractor,0.019199801808497466
W23192,0.7068182000000001,0.0,SWALLOW HILL RD AT SWALLOW HILL CT,40.3984,-80.0764,Inbound,Bus,0.7068182000000001,0.7068182000000001,Generator,
N43540,1.815909,17.313634999999998,PERRYSVILLE AVE AT LAFAYETTE AVE,40.4648,-80.0114,Outbound,Bus,-15.497725999999998,19.129544,Attractor,0.10488317444603633
S23780,88.60681818181814,15.531818181818187,HWY RT 51 AT GREENLEE RD,40.3753,-79.9832,Inbound,Bus,73.07499999999996,104.13863636363632,Generator,5.704858062628032
S22190,0.38863635,0.170454545,ZUPANCIC DR AT SPRINGVALE DR,40.3206,-79.9942,Both,Bus,0.218181805,0.559090895,Generator,2.27999992608
S46390,2.802272727272725,0.8545454545454545,VERSAILLES AVE OPP SUMAC ST,40.3452,-79.8409,Outbound,Bus,1.9477272727272705,3.6568181818181795,Generator,3.2792553191489335
N45160,0.0,0.0,PREBLE AVE AT ISLAND AVE,40.4614,-80.0345,Outbound,Bus,0.0,0.0,Balanced,
E03940,1.4363635000000001,8.3886365,ALLEQUIPPA ST AT SUTHERLAND DR (PETERSEN CTR),40.4445,-79.9635,Inbound,Bus,-6.952273,9.825000000000001,Attractor,0.17122729063298905
S70019,0.0,0.31363635,WALNUT ST AT WAMPLER ST,40.3172,-79.8337,Outbound,Bus,-0.31363635,0.31363635,Attractor,0.0
E41910,8.531818000000001,23.5477255,NEGLEY AVE AT BROAD ST FS,40.4646,-79.93,Outbound,Bus,-15.015907499999997,32.0795435,Attractor,0.3623202589141784
S00670,3.243182,0.45,SECOND AVE AT ALUVIAN ST,40.4003,-79.938,Inbound,Bus,2.793182,3.693182,Generator,7.2070711111111105
N43440,37.95909,8.565909,PERRYSVILLE AVE AT ELLZEY ST,40.4718,-80.01,Inbound,Bus,29.393181000000006,46.524999,Generator,4.431414109115566
W03660,19.625000000000025,36.57045454545455,CHARTIERS AVE AT BROADWAY AVE,40.4657,-80.0662,Outbound,Bus,-16.945454545454528,56.19545454545458,Attractor,0.5366353862407562
E12040,44.850001,7.727272575,BUTLER ST AT MCCANDLESS AVE,40.4818,-79.9533,Inbound,Bus,37.122728425,52.577273575,Generator,5.804117890845853
E50985,5.168182045,0.35227274500000005,SAVANNAH AVE AT BIDDLE AVE,40.4373,-79.8942,Inbound,Bus,4.8159092999999995,5.5204547900000005,Generator,14.670967647525497
E40375,1.7522725450000003,8.8477275,MONTIER ST AT #1824,40.4481,-79.8686,Both,Bus,-7.095454954999999,10.600000045,Attractor,0.19804775237483302
N15515,0.23863635,0.71363635,CONNIE DR AT #110,40.5001,-80.0281,Outbound,Bus,-0.47500000000000003,0.9522727,Attractor,0.3343948917400298
S70612,2.3545455,1.7727275,B DR AT #532 (SHED),40.3429,-79.9122,Both,Bus,0.581818,4.127273,Generator,1.3282049835634635
E18905,1.6477272727272732,69.93636363636364,EXPOMART DR AT WEST ENTRANCE,40.4326,-79.7942,Outbound,Bus,-68.28863636363637,71.5840909090909,Attractor,0.02356037956583908
E70268,5.284091,5.0477275,LARIMER AVE AT MEADOW ST,40.4652,-79.9146,Inbound,Bus,0.2363635000000004,10.3318185,Generator,1.0468257250416153
E18580,36.76818,37.11818,ELLSWORTH AVE AT MOREWOOD AVE,40.451,-79.9429,Inbound,Bus,-0.3500000000000014,73.88636,Attractor,0.9905706583674091
P00750,405.145455,1071.46135,SIXTH AVE AT WOOD ST,40.4421,-79.9993,Inbound,Bus,-666.315895,1476.6068050000001,Attractor,0.37812418992061636
E34630,1.28181815,0.06818182,LEECHBURG RD AT COURTNEY DR,40.4867,-79.8048,Inbound,Bus,1.2136363300000002,1.34999997,Generator,18.799999032000027
S23915,0.2636363636363635,1.779545454545455,HWY RT 51 AT LARGE VFD,40.3006,-79.9236,Outbound,Bus,-1.5159090909090915,2.0431818181818184,Attractor,0.14814814814814803
N12530,7.324999999999999,3.8500000000000005,BUTLER ST AT WASHINGTON ST,40.4936,-79.948,Inbound,Bus,3.4749999999999988,11.175,Generator,1.9025974025974022
N19600,0.05,3.031818181818185,FERGUSON RD AT POST RD,40.5639,-79.99,Outbound,Bus,-2.981818181818185,3.0818181818181847,Attractor,0.016491754122938514
S47180,1.0545454545454545,0.38636363636363646,WALNUT ST AT EDEN PARK BLVD FS,40.3278,-79.8404,Inbound,Bus,0.668181818181818,1.440909090909091,Generator,2.7294117647058815
N70023,3.165909090909093,6.5931818181818205,PEEBLES RD AT VINCENTIAN DRVWY FS,40.557,-80.0188,Both,Bus,-3.4272727272727277,9.759090909090913,Attractor,0.48017924853498806
N24080,10.07954545454545,3.052272727272725,GRANT AVE AT SHERMAN ST,40.4793,-79.9721,Inbound,Bus,7.027272727272725,13.131818181818176,Generator,3.302308265078184
E46560,5.165909,6.9045455,PENN AVE AT TRENTON AVE FS (LIFE CARE),40.4458,-79.8912,Outbound,Bus,-1.7386365000000001,12.0704545,Attractor,0.7481895803279158
W20270,3.4818181818181806,9.37272727272727,E RAILROAD ST AT 2ND ST STEPS,40.3919,-80.0878,Outbound,Bus,-5.890909090909089,12.85454545454545,Attractor,0.37148399612027155
W19480,154.81139,177.11817299999998,PARK MANOR BLVD AT IKEA,40.4534,-80.1677,Both,Bus,-22.306782999999996,331.929563,Attractor,0.8740570624562619
N43350,66.775,18.836365,PERRYSVILLE AVE AT BURGESS ST,40.4677,-80.0099,Inbound,Bus,47.938635000000005,85.611365,Generator,3.545004569618395
E45620,21.420452500000003,17.3727285,PENN AVE AT 40TH ST,40.4651,-79.9581,Outbound,Bus,4.047724000000002,38.793181000000004,Generator,1.2329929924363925
E04270,3.6204545454545434,39.302272727272765,ARDMORE BLVD AT KENMORE AVE,40.4174,-79.8487,Outbound,Bus,-35.68181818181822,42.92272727272731,Attractor,0.09211819811484402
E13520,16.38409,17.263635,CENTRE AVE AT HERRON AVE,40.4489,-79.9647,Inbound,Bus,-0.8795450000000002,33.647725,Attractor,0.9490521550067527
P01240,8.62727305,105.75227249999999,BLVD OF ALLIES AT MARKET ST,40.4391,-80.0035,Inbound,Bus,-97.12499944999999,114.37954554999999,Attractor,0.08158002514792295
S27203,20.71136363636365,2.097727272727275,KEEPORT DR AT #5407,40.3396,-79.9802,Inbound,Bus,18.613636363636374,22.809090909090926,Generator,9.873239436619714
S70189,0.8227272727272725,2.9068181818181804,KENNEDY AVE AT 4TH ST,40.3715,-79.8483,Outbound,Bus,-2.084090909090908,3.7295454545454527,Attractor,0.2830336200156373
P02290,1309.263641,410.300001,LIBERTY AVE AT 6TH ST,40.442,-80.0016,Outbound,Bus,898.9636399999999,1719.563642,Generator,3.1909910743578087
W03350,2.1863635,0.38863635,CHARTIERS AVE AT DUBOIS ST,40.4514,-80.0505,Inbound,Bus,1.79772715,2.57499985,Generator,5.625730840668918
N13090,9.577275,34.03182,CALIFORNIA AVE AT TERMON AVE,40.4818,-80.0415,Outbound,Bus,-24.454545000000003,43.609095,Attractor,0.28142118170582703
E55135,0.52727275,0.022727275,UNIVERSAL RD AT STOTLER RD,40.4608,-79.8046,Inbound,Bus,0.5045454749999999,0.550000025,Generator,23.199998680000128
E70984,0.6136363499999999,0.1409091,HAZELWOOD AVE AT LYTLE ST,40.4109,-79.9468,Inbound,Bus,0.47272724999999993,0.75454545,Generator,4.354838331945913
E27425,32.363635,4.1954545,HAWKINS AVE AT 4TH ST,40.4092,-79.8666,Inbound,Bus,28.168180500000002,36.5590895,Generator,7.713975923228341
E41270,73.845455,42.661361,MURRAY AVE AT LORETTA ST,40.4218,-79.9288,Both,Bus,31.184094,116.506816,Generator,1.7309681001503914
E70962,8.675,4.454545454545455,6TH ST AT BRADDOCK AVE,40.4034,-79.8685,Inbound,Bus,4.220454545454546,13.129545454545456,Generator,1.9474489795918366
E11560,8.3386365,5.734091,BUTLER ST AT 36TH ST,40.4655,-79.9653,Inbound,Bus,2.6045454999999995,14.0727275,Generator,1.4542211660052133
S47400,0.0,0.045454545,WALNUT ST OPP CENTER ST,40.3157,-79.8317,Outbound,Bus,-0.045454545,0.045454545,Attractor,0.0
E51300,3.2045455,3.7022725000000003,SHADY AVE AT DEVERAUX LN,40.448,-79.9215,Outbound,Bus,-0.49772700000000025,6.906818,Attractor,0.8655617597029932
S46870,0.318181818181818,0.209090909090909,WALNUT ST AT 26TH AVE FS,40.3341,-79.8487,Inbound,Bus,0.10909090909090902,0.527272727272727,Generator,1.5217391304347825
E17790,1.8886363636363614,0.6545454545454548,EDGEWOOD TOWNE CENTRE AT RENT WAY,40.4267,-79.8877,Both,Bus,1.2340909090909067,2.543181818181816,Generator,2.8854166666666625
E43780,0.0,0.0,OLD WILLIAM PENN HWY AT ROTH DR,40.4411,-79.7478,Outbound,Bus,0.0,0.0,Balanced,
E18630,2.6477275000000002,8.8272725,ELLSWORTH AVE OPP CLYDE ST,40.4489,-79.9468,Inbound,Bus,-6.179544999999999,11.475,Attractor,0.2999485401634537
N14740,0.934091,7.320455,N CHARLES ST OPP LELAND ST,40.4703,-80.0123,Outbound,Bus,-6.386364,8.254546,Attractor,0.127600128680526
E37990,1.81590909090909,12.24545454545455,MAIN ST AT CENTER AVE,40.396,-79.8415,Outbound,Bus,-10.42954545454546,14.06136363636364,Attractor,0.14829250185597612
W24530,5.0136363636363654,1.031818181818182,WASHINGTON AVE OPP MARSHALL AVE,40.3996,-80.0826,Inbound,Bus,3.9818181818181833,6.045454545454548,Generator,4.859030837004406
W08035,5.86590909090909,1.60909090909091,GREENTREE RD AT CARNAHAN RD,40.4141,-80.045,Inbound,Bus,4.25681818181818,7.4750000000000005,Generator,3.645480225988698
E59620,3.175,4.443182,WOODSTOCK AVE AT BRADDOCK AVE FS,40.4155,-79.8772,Inbound,Bus,-1.2681820000000004,7.618182,Attractor,0.7145779758740469
S16540,106.77954535,241.08865915,E CARSON ST OPP STATION SQUARE STATION,40.4319,-80.0033,Inbound,Bus,-134.3091138,347.86820450000005,Attractor,0.442905716620889
W25910,5.2545456,1.734090895,W CARSON ST AT WEST END BRIDGE STEPS (UNDERPA,40.4448,-80.0288,Outbound,Bus,3.520454705,6.988636495,Generator,3.0301442762606743
E35395,5.2954545,6.227273,LIBERTY AVE OPP PACIFIC AVE,40.4573,-79.941,Outbound,Bus,-0.9318185000000003,11.5227275,Attractor,0.8503649189621203
X00078,0.025,1.4272725,BOGGS AVE AT MINSINGER ST,40.4186,-80.0122,Outbound,Bus,-1.4022725,1.4522724999999999,Attractor,0.01751592635603923
W70094,2.388636363636365,0.14772727272727276,FOREST GROVE RD AT #324 (FLAMINGO LANDSCAPE),40.481,-80.1061,Both,Bus,2.240909090909092,2.536363636363638,Generator,16.169230769230776
N28540,0.025,0.3090909,JACKS RUN RD OPP CONNIE DR,40.4991,-80.0294,Outbound,Bus,-0.2840909,0.3340909,Attractor,0.08088235532006928
N08590,0.0,0.118181818181818,BEAVER ST AT #1449,40.53,-80.1655,Outbound,Bus,-0.118181818181818,0.118181818181818,Attractor,0.0
W22620,1.3863634999999999,0.07272727500000001,STEUBENVILLE PIKE OPP BEAVER GRADE RD FS,40.4519,-80.1331,Inbound,Bus,1.3136362249999998,1.459090775,Generator,19.062497529296948
E25340,2.615909,9.279545500000001,GREENFIELD AVE AT HAZELWOOD AVE,40.4199,-79.9293,Outbound,Bus,-6.663636500000001,11.895454500000001,Attractor,0.28190055213372245
S35226,39.538636700000005,13.599999700000001,MOUNTAINVIEW DR AT GREASE MONKEY,40.3446,-79.9397,Both,Bus,25.938637000000003,53.13863640000001,Generator,2.9072527626599873
E08880,13.529545454545449,2.36590909090909,BRADDOCK AVE AT LINE AVE,40.4071,-79.875,Inbound,Bus,11.163636363636359,15.89545454545454,Generator,5.718539865513929
E57360,21.7,0.2659091,WIGHTMAN ST AT PHILLIPS AVE FS,40.4314,-79.9275,Both,Bus,21.4340909,21.965909099999998,Generator,81.60683481686034
X02360,0.02272727272727275,0.025,BOWER HILL RD AT #802,40.3598,-80.1018,Inbound,Bus,-0.0022727272727272527,0.04772727272727275,Attractor,0.90909090909091
N31420,12.024999999999999,6.3454545,MAIN ST AT 14TH ST,40.4945,-79.9274,Inbound,Bus,5.679545499999999,18.370454499999997,Generator,1.8950573201651668
S70607,0.6340909,0.57272725,CAMP HOLLOW RD AT BEVERLY DR,40.3435,-79.9203,Both,Bus,0.06136364999999999,1.2068181500000001,Generator,1.1071428852040828
W02870,0.1181818,2.6,CAROTHERS AVE AT WASHINGTON AVE,40.3957,-80.087,Outbound,Bus,-2.4818182,2.7181818,Attractor,0.04545453846153846
W70172,23.48636363636364,29.7090909090909,CHARTIERS AVE AT ISLAND AVE FS (STEPS),40.4657,-80.062,Outbound,Bus,-6.2227272727272585,53.19545454545454,Attractor,0.7905446756425952
N13580,26.1,11.747724999999999,CEDAR AVE AT NORTH AVE (AGH),40.4561,-80.0025,Outbound,Bus,14.352275000000002,37.847725,Generator,2.221706755988926
E20600,0.511363625,1.5022726,FRANKSTOWN AVE AT PUTNAM ST,40.46,-79.9125,Outbound,Bus,-0.990908975,2.013636225,Attractor,0.3403933646929326
W08225,19.870455,0.690909,GREENTREE RD OPP GREEN OAK DR NS,40.4013,-80.0631,Inbound,Bus,19.179546,20.561364,Generator,28.759872863141165
N15230,0.0,0.784090909090909,CHURCH AVE AT WALNUT RD,40.507,-80.0766,Outbound,Bus,-0.784090909090909,0.784090909090909,Attractor,0.0
N24030,1.111363636363635,2.3136363636363653,GRANT AVE AT #114,40.4781,-79.9697,Outbound,Bus,-1.2022727272727303,3.4250000000000003,Attractor,0.4803536345776022
N13180,2.525,9.33409,CALIFORNIA AVE OPP MARQUIS WAY,40.4594,-80.0184,Outbound,Bus,-6.809089999999999,11.85909,Attractor,0.2705137833468501
N20770,16.434090909090912,3.1409090909090915,FREEPORT RD AT BRILLIANT AVE,40.4889,-79.901,Inbound,Bus,13.293181818181822,19.575000000000003,Generator,5.232272069464544
E06660,0.047727275,3.8954545,BELLEFIELD AVE AT BOARD OF EDUCATION,40.4444,-79.9509,Outbound,Bus,-3.847727225,3.9431817750000002,Attractor,0.012252042733396064
E36170,1.6681818181818202,16.08863636363635,LINCOLN HWY AT CENTER AVE,40.3958,-79.8387,Outbound,Bus,-14.42045454545453,17.756818181818172,Attractor,0.10368696143523118
E41370,42.81818,3.6977274999999996,MURRAY AVE AT WELFER ST,40.4249,-79.9281,Both,Bus,39.1204525,46.5159075,Generator,11.57959314200411
X17737,1.3863634999999999,5.5613635,SOUTHERN AVE OPP SIMMS ST,40.4224,-80.0124,Outbound,Bus,-4.175,6.9477269999999995,Attractor,0.2492848201704492
N70173,2.0477274999999997,0.05,PATRIOT WAY AT DELAFIELD RD,40.497,-79.8909,Inbound,Bus,1.9977274999999997,2.0977274999999995,Generator,40.95454999999999
E01870,1216.84999,2048.563643,FIFTH AVE AT ATWOOD STATION,40.4419,-79.9584,Both,Bus,-831.713653,3265.413633,Attractor,0.5940015552643487
E59640,2.15227265,9.7431819,WOODSTOCK AVE AT MELROSE ST,40.4172,-79.8811,Outbound,Bus,-7.590909249999999,11.89545455,Attractor,0.22090038676174156
E59605,2.4681818,8.2681815,WOODSTOCK AVE OPP BELMAR PL,40.4153,-79.8755,Inbound,Bus,-5.799999700000001,10.7363633,Attractor,0.2985156772380964
W13310,0.0,0.23863636363636348,MCCOY RD AT NEVILLE AVE FS,40.4798,-80.084,Outbound,Bus,-0.23863636363636348,0.23863636363636348,Attractor,0.0
N13120,6.1886365,3.6795455,CALIFORNIA AVE OPP ANTRIM ST,40.4753,-80.0397,Inbound,Bus,2.509091,9.868182000000001,Generator,1.68190242517724
E70951,0.95,0.2659091,EAST HILLS DR AT CALISTOGA PL FS,40.4528,-79.8735,Outbound,Bus,0.6840909,1.2159091,Generator,3.572649450507711
W19917,0.02272727272727275,0.33636363636363653,PINE HOLLOW RD AT #1625 (MICKEY'S PLACE),40.4756,-80.0858,Inbound,Bus,-0.31363636363636377,0.3590909090909093,Attractor,0.0675675675675676
W10550,3.9295455,1.5886365,ISLAND AVE OPP FLEMING AVE,40.4852,-80.0739,Inbound,Bus,2.340909,5.518182,Generator,2.473533435748203
X70064,0.025,1.340909,COCHRAN RD AT OSAGE RD,40.3886,-80.0574,Outbound,Bus,-1.315909,1.3659089999999998,Attractor,0.018644069060614853
E18450,11.206818,6.8545455,ELLSWORTH AVE AT CATHEDRAL MANSIONS,40.4485,-79.947,Outbound,Bus,4.3522725,18.0613635,Generator,1.6349469122351
E01900,19.993181774999996,201.84772850000002,FIFTH AVE OPP BELLEFONTE ST,40.449,-79.9322,Both,Bus,-181.85454672500003,221.840910275,Attractor,0.09905081381681238
S35510,1.9386364999999999,0.05,ARLINGTON AVE AT #1047,40.4235,-79.9891,Inbound,Bus,1.8886364999999998,1.9886365,Generator,38.772729999999996
N17380,15.12272745,108.145452,EAST OHIO ST AT JAMES ST,40.4536,-80.0005,Inbound,Bus,-93.02272455,123.26817945,Attractor,0.13983692490369357
S50263,1.8068181818181799,0.9045454545454544,WORTHINGTON AVE AT HWY RT 51 FS,40.2907,-79.9129,Outbound,Bus,0.9022727272727254,2.711363636363634,Generator,1.9974874371859277
N33590,0.8159090909090909,15.20454545454545,MERCHANT ST AT 4TH ST FS,40.584,-80.2254,Outbound,Bus,-14.388636363636358,16.02045454545454,Attractor,0.05366218236173395
W70171,8.54318181818182,0.1863636363636365,CHARTIERS AVE AT CRAWFORD ST,40.4649,-80.0705,Inbound,Bus,8.356818181818184,8.729545454545455,Generator,45.84146341463412
S70335,5.977272727272725,2.86818181818182,MONONGAHELA AVE AT 4TH ST,40.3289,-79.8925,Inbound,Bus,3.109090909090905,8.845454545454544,Generator,2.0839936608557825
S04450,27.538635,58.470455,JOSEPHINE ST AT ARLINGTON AVE,40.4175,-79.9655,Outbound,Bus,-30.931820000000002,86.00909,Attractor,0.47098376436441275
E19620,11.0704545,3.94090915,FORBES AVE AT MOULTRIE ST,40.4372,-79.9748,Outbound,Bus,7.129545350000001,15.01136365,Generator,2.8091118263916335
E70284,14.434092,2.149999775,JANCEY ST OPP GAEL WAY,40.4877,-79.9248,Inbound,Bus,12.284092225,16.584091775,Generator,6.713531865369614
E35590,3.5886365000000002,1.66818175,LIBERTY AVE AT 32ND ST NS,40.4601,-79.9694,Outbound,Bus,1.9204547500000002,5.25681825,Generator,2.1512263277067984
E70454,0.868181775,23.004547249999998,FIFTH AVE AT HASTINGS ST FS (PENN AVE),40.4539,-79.9131,Both,Bus,-22.136365474999998,23.872729024999998,Attractor,0.03773957233607369
S16625,6.050000000000001,23.243180000000002,E CARSON ST AT S 7TH ST FS,40.4286,-79.992,Outbound,Bus,-17.19318,29.293180000000003,Attractor,0.2602914059091742
S08320,45.68863636363638,5.8431818181818205,BROWNSVILLE RD OPP DEWALT AVE FS,40.3649,-79.983,Inbound,Bus,39.84545454545456,51.531818181818196,Generator,7.819136522753792
N28065,18.961365,4.0363635,ITIN ST AT SPRING GARDEN AVE,40.4579,-79.9955,Inbound,Bus,14.9250015,22.9977285,Generator,4.69763563167688
E29702,26.561365000000002,12.159091,HOMEWOOD AVE AT FINANCE ST (EAST BUSWAY),40.453,-79.8986,Inbound,Bus,14.402274000000002,38.720456,Generator,2.184486077125338
N52160,0.4681818,0.0,THOMPSON RUN RD AT CHERRINGTON DR,40.5365,-79.9903,Inbound,Bus,0.4681818,0.4681818,Generator,
X20330,4.1727275,2.5522725,WEST LIBERTY AVE AT BUSWAY ISLAND,40.4113,-80.0121,Inbound,Bus,1.6204549999999998,6.725,Generator,1.6349067350762898
E58050,4.081818,2.756818,WINTERBURN AVE AT BIGELOW ST,40.419,-79.9399,Inbound,Bus,1.3250000000000002,6.838636,Generator,1.480626577452701
N31862,0.37727275,10.670455,MARSHALL AVE OPP STAYTON ST,40.4663,-80.0256,Outbound,Bus,-10.293182250000001,11.04772775,Attractor,0.03535676313709209
N10946,0.3090909,8.8272725,BROAD ST AT BEAVER ST,40.5404,-80.1803,Outbound,Bus,-8.5181816,9.136363399999999,Attractor,0.03501544786342554
N70130,41.8,21.900000000000002,BRIGHTON RD OPP ARMANDALE ST,40.458,-80.0161,Inbound,Bus,19.899999999999995,63.7,Generator,1.9086757990867578
N70000,52.40681655,135.8159075,NORTH AVE AT SANDUSKY ST (AGH),40.456,-80.0039,Both,Bus,-83.40909095,188.22272405,Attractor,0.3858665565372009
E60095,25.4318181818182,9.363636363636365,YOST BLVD AT ARDMORE BLVD FS,40.4155,-79.848,Inbound,Bus,16.068181818181834,34.79545454545457,Generator,2.7160194174757297
S01530,1.2090909090909099,4.679545454545455,4TH ST AT KENNEDY AVE,40.3713,-79.8484,Outbound,Bus,-3.470454545454545,5.888636363636365,Attractor,0.25837785332685786
E12100,0.1181818,0.47954545000000004,BUTLER ST AT #6012,40.4864,-79.9428,Both,Bus,-0.36136365000000004,0.59772725,Attractor,0.24644546205161574
W14420,3.6045455,0.0681818,MIDDLETOWN RD AT #3205,40.4508,-80.0669,Inbound,Bus,3.5363637,3.6727273,Generator,52.86668143111505
E26370,12.763635,6.740909,HAMILTON AVE AT FIFTH AVE,40.4571,-79.9084,Inbound,Bus,6.0227260000000005,19.504544000000003,Generator,1.8934590275584495
E41400,0.1181818,0.50454545,MURRAY AVE AT WILKINS AVE FS,40.4436,-79.9238,Outbound,Bus,-0.38636364999999995,0.62272725,Attractor,0.23423420030841624
E18025,0.409090909090909,0.6477272727272725,ELECTRIC AVE AT ELECTRIC AVENUE APARTMENTS,40.4021,-79.8367,Outbound,Bus,-0.23863636363636348,1.0568181818181814,Attractor,0.6315789473684211
E41860,1.2295455,40.929545000000005,NEGLEY AVE AT JACKSON ST NS,40.4724,-79.9258,Outbound,Bus,-39.699999500000004,42.159090500000005,Attractor,0.03004053673208436
X19990,4.040909,2.231818,WEST LIBERTY AVE AT BROOKSIDE AVE,40.4106,-80.0156,Outbound,Bus,1.809091,6.272727,Generator,1.810590738133665
E16010,15.6000002,9.71136385,EAST LIBERTY BLVD OPP HAMILTON AVE,40.46,-79.9158,Inbound,Bus,5.8886363500000005,25.31136405,Generator,1.606365536391678
N50220,2.9886365,0.022727275,SOUTH SIDE AVE AT LAPPE LN,40.4702,-79.9966,Inbound,Bus,2.9659092250000003,3.011363775,Generator,131.49999285000072
W70175,0.27954545,10.652275,UNIVERSITY BLVD OPP CARNOT RD,40.5152,-80.2224,Outbound,Bus,-10.372729549999999,10.93182045,Attractor,0.026242793206146104
X06122,0.46818181818181803,0.0,FT COUCH RD AT MEDICAL ARTS BLDG,40.3408,-80.0523,Inbound,Bus,0.46818181818181803,0.46818181818181803,Generator,
E34750,4.306818,6.797727500000001,LEMINGTON AVE AT LINCOLN AVE,40.4687,-79.896,Inbound,Bus,-2.4909095000000008,11.1045455,Attractor,0.6335673208436201
W70088,0.43181820000000004,0.943182,BROADWAY AVE AT 14TH ST,40.475,-80.0806,Outbound,Bus,-0.5113637999999999,1.3750002000000001,Attractor,0.4578312563216856
S02550,69.1204545454545,82.57954545454545,8TH AVE AT AMITY ST,40.4072,-79.9108,Both,Bus,-13.459090909090946,151.69999999999996,Attractor,0.8370166506123567
E41800,21.193182,111.80909,NEGLEY AVE AT FRIENDSHIP AVE,40.4606,-79.9324,Outbound,Bus,-90.61590799999999,133.002272,Attractor,0.18954793389338917
X20310,4.2863635,0.67954545,WEST LIBERTY AVE OPP CAPE MAY AVE,40.4083,-80.0178,Inbound,Bus,3.60681805,4.96590895,Generator,6.307692149215333
E08180,5.852273,8.8181815,BLVD OF ALLIES AT HALKET ST FS,40.436,-79.9586,Both,Bus,-2.9659084999999994,14.6704545,Attractor,0.6636598486887575
E45570,11.531818,19.818181499999998,PENN AVE AT 36TH ST,40.4642,-79.9638,Inbound,Bus,-8.286363499999998,31.349999499999996,Attractor,0.5818807341127641
X20200,7.340909,0.45909089999999997,WEST LIBERTY AVE AT RAY AVE STEPS,40.4027,-80.0209,Inbound,Bus,6.8818181,7.7999998999999995,Generator,15.990099128516816
E38040,2.088636363636365,6.35909090909091,MAIN ST AT HOWARD ST,40.3975,-79.8413,Outbound,Bus,-4.270454545454545,8.447727272727276,Attractor,0.32844889206576144
N18690,0.0,0.025,EVERGREEN & PEOPLES PLANK RD AT BABCOCK BLVD,40.506,-79.991,Outbound,Bus,-0.025,0.025,Attractor,0.0
S08440,0.2568182,3.365909,BROWNSVILLE RD AT CURRY RD,40.3583,-79.9907,Outbound,Bus,-3.1090907999999997,3.6227272,Attractor,0.07629980489668615
E13460,18.738635000000002,36.338635000000004,CENTRE AVE AT EWART DR,40.4488,-79.9614,Inbound,Bus,-17.6,55.077270000000006,Attractor,0.5156670029020077
N13143,6.8113635,2.868182,CALIFORNIA AVE OPP BOSTON ST,40.4694,-80.0358,Inbound,Bus,3.9431814999999997,9.6795455,Generator,2.374801703657578
E06140,0.17045455,2.2613638,BEECHWOOD BLVD AT #3825,40.4283,-79.9309,Outbound,Bus,-2.0909092499999997,2.43181835,Attractor,0.07537688097775334
S31340,8.7613635,0.7318182,MAIN ST AT HOMESTEAD DUQUESNE RD,40.3954,-79.8996,Inbound,Bus,8.0295453,9.4931817,Generator,11.972049205663374
E70898,1.134090909090909,17.07954545454545,VERONA ST OPP MAPLEVIEW DR,40.4005,-79.863,Outbound,Bus,-15.94545454545454,18.213636363636358,Attractor,0.06640053226879576
N35540,29.65,1.0659090999999998,MT PLEASANT RD AT NORTHVIEW HTS SCHOOL,40.4819,-80.0028,Inbound,Bus,28.5840909,30.715909099999998,Generator,27.816630892821916
W08500,4.55681818181818,11.688636363636366,HELEN ST AT CATHERINE ST,40.4726,-80.0562,Outbound,Bus,-7.131818181818186,16.245454545454546,Attractor,0.38985028193661264
S70291,17.652275000000003,27.377275,OLYMPIA DRIVEWAY AT LIFE SPAN,40.3223,-79.8348,Both,Bus,-9.724999999999998,45.02955,Attractor,0.6447783791483996
E35450,12.665909500000001,4.1318184,LIBERTY AVE OPP 14TH ST,40.4467,-79.9893,Outbound,Bus,8.534091100000001,16.7977279,Generator,3.065456482792177
W15700,9.990909,0.37954544999999995,MOYER ST AT ALLENDALE ST,40.4583,-80.064,Both,Bus,9.61136355,10.37045445,Generator,26.323353369141962
W17700,18.15909,4.9636365,NOBLESTOWN RD OPP CRAFTON BLVD,40.4377,-80.0539,Inbound,Bus,13.1954535,23.1227265,Generator,3.6584246247685543
E07170,30.26136363636365,12.204545454545457,BESSEMER AVE AT GRANDVIEW AVE,40.395,-79.8392,Inbound,Bus,18.056818181818194,42.46590909090911,Generator,2.4795158286778407
E26490,0.047727275,0.50454545,HAMILTON AVE OPP ENTERPRISE ST,40.4593,-79.9146,Inbound,Bus,-0.45681817499999994,0.5522727249999999,Attractor,0.0945945999513027
N30310,54.59772727272729,156.73863636363635,LINCOLN AVE OPP FREMONT AVE,40.494,-80.0523,Outbound,Bus,-102.14090909090905,211.33636363636364,Attractor,0.34833611252084407
W16160,15.929545000000001,1.47727275,NOBLESTOWN RD AT BARTOW ST,40.4362,-80.052,Inbound,Bus,14.45227225,17.406817750000002,Generator,10.783076449491132
E08900,1.4636365,10.4295455,BRADDOCK AVE AT HENRIETTA ST,40.436,-79.8961,Outbound,Bus,-8.965909,11.893182,Attractor,0.14033559755791852
S70344,0.872727272727275,0.3636363636363635,BOWMAN AVE AT LIME ST,40.3609,-79.8328,Inbound,Bus,0.5090909090909115,1.2363636363636386,Generator,2.4000000000000075
E70326,0.0,0.1,COAL HOLLOW RD OPP OLD COAL HOLLOW RD #1,40.4667,-79.8468,Outbound,Bus,-0.1,0.1,Attractor,0.0
N53670,0.447727275,1.01136365,WESTERN AVE AT BRIGHTON RD,40.4524,-80.0142,Inbound,Bus,-0.5636363750000001,1.459090925,Attractor,0.44269662549173083
N70012,0.7068182,19.679547,MCKNIGHT RD OPP NORTH HILLS VILLAGE (CENTER EN,40.5254,-80.0054,Both,Bus,-18.9727288,20.3863652,Attractor,0.035916385676967054
W23184,1.8113635000000001,0.6681817999999999,SWALLOW HILL RD AT GREENTREE RD FS,40.3908,-80.074,Inbound,Bus,1.1431817000000002,2.4795453,Generator,2.7108842234254213
E70840,13.784089999999999,1.5886365,HAZELWOOD AVE AT MONONGAHELA ST,40.4116,-79.943,Outbound,Bus,12.1954535,15.372726499999999,Generator,8.676679655792876
N71293,2.488636363636365,0.0,BAKERSTOWN RD AT BP ENTRANCE FS,40.6674,-79.7119,Inbound,Bus,2.488636363636365,2.488636363636365,Generator,
S70036,0.0,1.2454545,HORNING RD AT BROUGHTON RD,40.3306,-79.9883,Outbound,Bus,-1.2454545,1.2454545,Attractor,0.0
E70388,0.095454545,9.15,LEECHBURG RD OPP SUTTON DR,40.4918,-79.7928,Outbound,Bus,-9.054545455,9.245454545000001,Attractor,0.010432190710382514
E70995,0.26363634999999996,0.57272725,WYLIE AVE AT FULLERTON ST,40.442,-79.9889,Inbound,Bus,-0.30909090000000006,0.8363636,Attractor,0.4603174547745021
P01610,80.002273545,24.49545495,EAST BUSWAY AT PENN STATION B,40.4442,-79.9915,Both,Busway,55.506818595,104.49772849499999,Generator,3.2660048040871352
S70233,0.025,1.10909090909091,PROSPECT RD AT CAPAREL TOWNHOUSE,40.3597,-79.9599,Outbound,Bus,-1.08409090909091,1.13409090909091,Attractor,0.02254098360655736
N26862,0.0,0.0,HULTON RD OPP 12TH ST,40.5245,-79.8288,Outbound,Bus,0.0,0.0,Balanced,
S35540,0.0,0.022727275,ARLINGTON AVE OPP SYCAMORE ST,40.4303,-80.0005,Inbound,Bus,-0.022727275,0.022727275,Attractor,0.0
W24190,3.0159089999999997,2.9068180000000003,WASHINGTON AVE AT HOPE HOLLOW RD FS,40.3954,-80.0868,Inbound,Bus,0.10909099999999938,5.922727,Generator,1.0375293534029304
S00870,6.0613635,2.05227275,SECOND AVE AT MANSION ST,40.4036,-79.9422,Inbound,Bus,4.0090907499999995,8.113636249999999,Generator,2.9534882729403287
N47220,0.0,0.143181818181818,SAMPLE RD OPP HIGHMEADOW RD,40.5734,-79.9937,Both,Bus,-0.143181818181818,0.143181818181818,Attractor,0.0
E70281,0.05,2.4386361500000002,SALTSBURG RD OPP MONROEVILLE TRESTLE RD,40.4765,-79.7602,Both,Bus,-2.3886361500000004,2.48863615,Attractor,0.02050326367875749
N10520,19.186365000000002,7.4477275,BRIGHTON RD AT MCDOWELL ST,40.4718,-80.0271,Inbound,Bus,11.738637500000003,26.6340925,Generator,2.5761368148874944
E19770,148.579543,194.73181899999997,FORBES AVE AT SHADY AVE,40.438,-79.9196,Both,Bus,-46.15227599999997,343.311362,Attractor,0.7629957125804901
S70018,0.21363635,0.025,WALNUT ST OPP WAMPLER ST,40.3173,-79.8337,Inbound,Bus,0.18863635,0.23863635,Generator,8.545454
X70079,0.20454545,0.022727275,BOWER HILL RD AT UNIVERSAL CYCLOPS,40.3621,-80.0947,Outbound,Bus,0.181818175,0.22727272499999998,Generator,8.99999890000011
E01560,62.138636,24.940908999999998,FIFTH AVE AT MAURICE ST,40.4374,-79.9654,Both,Bus,37.197727,87.079545,Generator,2.491434293754089
E70324,0.18636365,0.045454545,COAL HOLLOW RD OPP OLD COAL HOLLOW RD #2,40.4621,-79.8425,Outbound,Bus,0.14090910499999998,0.231818195,Generator,4.100000341000003
E70157,0.981818181818182,3.347727272727275,SWISSVALE AVE AT COAL ST,40.4349,-79.8828,Outbound,Bus,-2.365909090909093,4.329545454545457,Attractor,0.29327902240325854
N24130,0.2863636363636365,2.913636363636365,CRESCENT ST OPP SULLIVAN WAY,40.502,-79.9468,Outbound,Bus,-2.6272727272727283,3.2000000000000015,Attractor,0.09828393135725429
N21810,2.234091,1.568182,FREEPORT RD AT #1150,40.488,-79.8794,Outbound,Bus,0.6659089999999999,3.8022729999999996,Generator,1.4246375739550639
E02010,2.911363645,1.43863632,FIFTH AVE OPP #2410 (ACTA PROGRAM),40.4369,-79.9701,Both,Bus,1.4727273250000001,4.349999965,Generator,2.0236967498498855
E59570,1.0545453,0.07272727500000001,WOODSTOCK AVE AT #2695,40.4143,-79.8726,Inbound,Bus,0.981818025,1.127272575,Generator,14.49999742187508
S08360,3.3045455,0.047727275,BROWNSVILLE RD AT CARLYN DR,40.3539,-79.9898,Inbound,Bus,3.256818225,3.3522727750000003,Generator,69.23809289342415
S06271,0.5681818000000001,5.2363634999999995,BELTZHOOVER AVE AT CLIMAX ST,40.4199,-79.9973,Outbound,Bus,-4.6681817,5.804545299999999,Attractor,0.1085069437979239
E36150,0.147727275,1.1045455,LINCOLN HWY AT FOSTER RD,40.3756,-79.797,Outbound,Bus,-0.9568182249999999,1.252272775,Attractor,0.13374485252078797
P01290,31.559091,104.59545499999999,BLVD OF ALLIES AT STANWIX ST,40.4396,-80.0048,Both,Bus,-73.03636399999999,136.15454599999998,Attractor,0.3017252613892258
N53610,51.920455000000004,39.579544999999996,WEST VIEW PLAZA SC AT TERMINUS,40.5175,-80.0369,Both,Bus,12.340910000000008,91.5,Generator,1.3118001988148174
E70936,2.222727272727275,17.95227272727275,BRADDOCK AVE AT 2ND ST,40.4062,-79.8735,Outbound,Bus,-15.729545454545475,20.175000000000026,Attractor,0.12381314090391185
X06990,4.9204545,0.145454545,GRANDVIEW AVE AT PLYMOUTH ST,40.4389,-80.0206,Inbound,Bus,4.774999955,5.065909045,Generator,33.82812479321289
S70573,0.0,0.0,HORNING RD AT #5621,40.333,-79.989,Inbound,Bus,0.0,0.0,Balanced,
E51320,0.13636365,0.85227275,SHADY AVE AT DOUGLAS ST,40.4336,-79.9186,Outbound,Bus,-0.7159091,0.9886364000000001,Attractor,0.16000001173333303
E70256,0.11590910000000001,3.5863635,ROBINSON BLVD AT #2600 (OPP E GATE),40.4594,-79.8659,Inbound,Bus,-3.4704544,3.7022726,Attractor,0.03231939539870959
E04340,0.8159090909090907,4.047727272727274,ARDMORE BLVD AT 2 PARKWAY CENTER EAST,40.4211,-79.8524,Outbound,Bus,-3.2318181818181833,4.863636363636364,Attractor,0.20157215047725988
S28380,0.19545454545454544,3.954545454545454,LEBANON CHURCH RD OPP PLEASANT ST,40.3537,-79.9014,Outbound,Bus,-3.759090909090909,4.1499999999999995,Attractor,0.04942528735632184
E48648,0.69772725,7.2636365000000005,ROBINSON BLVD AT DOUGLASS DR,40.4557,-79.8637,Inbound,Bus,-6.565909250000001,7.96136375,Attractor,0.09605756703271151
S30660,116.41590909090911,45.02045454545457,LYSLE BLVD AT EVANS ST,40.3524,-79.8512,Both,Bus,71.39545454545454,161.4363636363637,Generator,2.585844818012014
E34990,5.03181795,9.3818185,LIBERTY AVE AT 27TH ST,40.4555,-79.9762,Inbound,Bus,-4.35000055,14.413636449999998,Attractor,0.5363371664032938
X18577,0.025,0.2590909,VANADIUM RD AT VANADIUM WOODS VILLAGE NS,40.3722,-80.0898,Outbound,Bus,-0.23409090000000002,0.28409090000000004,Attractor,0.09649123145583269
W23001,1.1136365000000001,2.0727275,STEUBENVILLE PIKE AT MCKEES ROCKS RD,40.4493,-80.1192,Outbound,Bus,-0.9590909999999999,3.186364,Attractor,0.5372807086315013
E35620,7.874999899999999,15.768182499999998,LIBERTY AVE OPP 39TH ST,40.4625,-79.9592,Outbound,Bus,-7.893182599999999,23.643182399999997,Attractor,0.4994234370384792
E36460,2.4886363,5.7136365,LINCOLN HWY OPP LINCOLN SQ SR CITIZEN HOME,40.3869,-79.8277,Both,Bus,-3.2250001999999998,8.2022728,Attractor,0.43556083765566816
N53753,3.875,4.95,WESTERN AVE AT MANHATTAN ST FS,40.4504,-80.0254,Outbound,Bus,-1.0750000000000002,8.825,Attractor,0.7828282828282828
E18500,3.7295455,3.9136365,ELLSWORTH AVE AT DEVONSHIRE ST,40.4504,-79.9451,Outbound,Bus,-0.184091,7.6431819999999995,Attractor,0.9529616508840307
X20400,18.8318181818182,31.386363636363647,WEST LIBERTY AVE OPP PIONEER AVE FS,40.3956,-80.0335,Outbound,Bus,-12.554545454545448,50.21818181818185,Attractor,0.6000000000000003
N12830,13.31818,5.918182,CALIFORNIA AVE AT COLUMBUS AVE BRIDGE,40.4588,-80.0236,Inbound,Bus,7.399998,19.236362,Generator,2.2503836482217006
S46810,0.075,0.04772727272727275,WALNUT ST AT 14TH AVE,40.3412,-79.8609,Inbound,Bus,0.027272727272727247,0.12272727272727274,Generator,1.5714285714285705
X10690,0.8272727272727275,0.425,MCFARLAND RD OPP HELEN DR FS,40.3965,-80.0461,Inbound,Bus,0.4022727272727275,1.2522727272727274,Generator,1.9465240641711237
E20970,10.4545455,80.90681500000001,FRANKSTOWN RD AT DUFF RD FS,40.465,-79.8281,Outbound,Bus,-70.45226950000001,91.3613605,Attractor,0.12921711848377665
E70813,2.7295455,14.302272,CHISLETT ST AT WELLESLEY AVE,40.4757,-79.9299,Outbound,Bus,-11.5727265,17.0318175,Attractor,0.19084698570968303
E55620,6.6454545,0.18863635,VERONA RD AT RIVERVIEW DR,40.4973,-79.8369,Inbound,Bus,6.456818149999999,6.83409085,Generator,35.22891796835551
E26020,2.83863625,0.6590909,GROVE RD AT SELVIN DR,40.4738,-79.8687,Both,Bus,2.1795453499999997,3.4977271500000002,Generator,4.306896438715813
W26000,43.074999274999996,59.97500215,W CARSON ST OPP DUQUESNE INCLINE,40.4399,-80.0172,Outbound,Bus,-16.900002875000006,103.050001425,Attractor,0.7182158854662083
X20320,16.5590909090909,3.361363636363635,WEST LIBERTY AVE OPP MCFARLAND RD FS,40.3895,-80.0416,Inbound,Bus,13.197727272727267,19.920454545454536,Generator,4.9263015551048
N71335,0.0,2.425,CENTER AVE AT LOCUST AVE,40.5134,-80.0952,Outbound,Bus,-2.425,2.425,Attractor,0.0
N10580,1.5227274999999998,6.961364,BRIGHTON RD AT PENNOCK ST,40.4873,-80.039,Outbound,Bus,-5.438636499999999,8.4840915,Attractor,0.21873981880562485
S25600,1.5431819999999998,5.606818,SECOND AVE AT HAZELWOOD AVE,40.4114,-79.9448,Outbound,Bus,-4.063636,7.1499999999999995,Attractor,0.2752331179645924
S18010,0.11363635,0.8159090750000001,PROVOST RD AT WEYMAN RD,40.376,-79.994,Outbound,Bus,-0.702272725,0.9295454250000001,Attractor,0.13927575201930434
E11760,66.775,11.88409275,BUTLER ST AT 51ST ST (STANTON AVE),40.4785,-79.9557,Inbound,Bus,54.890907250000005,78.65909275000001,Generator,5.6188555075018245
N71314,10.1,9.39545445,BROWNS LN OPP CHAPEL HILL,40.5501,-80.0232,Both,Bus,0.7045455499999989,19.49545445,Generator,1.074987916098087
W23189,0.3409091,13.143180000000001,SWALLOW HILL RD AT NOB HILL APTS,40.3878,-80.074,Outbound,Bus,-12.802270900000002,13.4840891,Attractor,0.02593809869453207
E17301,61.615911800000006,234.39091799999997,EAST BUSWAY AT HOMEWOOD STATION A,40.4528,-79.8989,Outbound,Busway,-172.77500619999995,296.0068298,Attractor,0.2628767032688528
E56800,2.7659089999999997,6.0204545,WEBSTER AVE AT ORION ST,40.4549,-79.962,Outbound,Bus,-3.2545455,8.7863635,Attractor,0.45941863691520296
E20350,39.84773,11.0568185,FRANKSTOWN AVE AT BRUSHTON AVE,40.4555,-79.8879,Inbound,Bus,28.7909115,50.9045485,Generator,3.603905590021216
S35600,0.095454545,0.3318182,ARLINGTON AVE AT WILLIAM ST FS,40.4279,-79.9963,Outbound,Bus,-0.236363655,0.427272745,Attractor,0.287671215744043
X18790,0.1659091,4.9136365,VIRGINIA AVE AT LABELLE ST,40.4322,-80.0164,Outbound,Bus,-4.7477274,5.0795456,Attractor,0.03376503329051712
E09180,0.465909095,1.7363636500000001,BRADDOCK AVE AT KEYSTONE COMMONS PORTAL 7,40.402,-79.8321,Outbound,Bus,-1.2704545550000002,2.202272745,Attractor,0.26832460757860255
E05940,3.7045455,2.775,BEECHWOOD BLVD AT FORWARD AVE,40.428,-79.9161,Both,Bus,0.9295455000000001,6.4795455,Generator,1.3349713513513515
E70244,32.11591,47.595455,39TH ST AT BUTLER ST,40.4675,-79.9636,Both,Bus,-15.479545000000002,79.711365,Attractor,0.6747684206401641
S70107,1.6863636363636352,0.04772727272727275,PROSPECT RD OPP CAPAREL TOWNHOUSES,40.3596,-79.9597,Inbound,Bus,1.6386363636363623,1.734090909090908,Generator,35.33333333333329
E70243,0.57954545,14.679545000000001,FRIENDSHIP AVE OPP HOWLEY ST,40.4651,-79.9511,Inbound,Bus,-14.099999550000001,15.25909045,Attractor,0.039479796546827574
S70571,0.0,0.24545454500000002,WORTON BLVD AT HOMESTEAD DUQUESNE RD FS,40.3639,-79.8699,Outbound,Bus,-0.24545454500000002,0.24545454500000002,Attractor,0.0
E01050,639.90227245,789.43409115,FIFTH AVE AT CHESTERFIELD RD,40.4395,-79.9617,Both,Bus,-149.53181869999992,1429.3363636,Attractor,0.8105835301815114
S04160,12.340909090909093,34.415909090909096,AMITY ST AT TARGET DR,40.4098,-79.9123,Both,Bus,-22.075000000000003,46.75681818181819,Attractor,0.3585815228158225
N71321,4.4,0.0,CENTER AVE AT WALLISTON AVE,40.513,-80.103,Inbound,Bus,4.4,4.4,Generator,
N22690,3.1477271499999997,3.299999845,FREEPORT RD OPP #1150,40.4882,-79.8794,Inbound,Bus,-0.15227269500000018,6.447726995,Attractor,0.9538567569235749
W22470,3.75,0.263636345,STEUBENVILLE PIKE AT #6181,40.4447,-80.1497,Inbound,Bus,3.486363655,4.013636345,Generator,14.22413893653396
N31580,15.084091,7.709091,MAIN ST AT GARNIER ST,40.4953,-79.9375,Inbound,Bus,7.375000000000001,22.793182,Generator,1.9566627245676567
S47520,12.590910000000001,1.2136365,WARRINGTON AVE AT ARLINGTON AVE,40.4218,-79.9925,Inbound,Bus,11.377273500000001,13.8045465,Generator,10.374531418591976
E29910,2.5363635,1.15227275,HOMEWOOD AVE AT RACE ST,40.4588,-79.8957,Inbound,Bus,1.3840907500000001,3.68863625,Generator,2.201183270193624
S70601,4.4363635,1.8545455,BELTZHOOVER AVE AT SYLVANIA AVE,40.4177,-79.9973,Inbound,Bus,2.5818179999999997,6.290908999999999,Generator,2.392156730584394
E51310,1.4,0.1681818,SHADY AVE AT DOUGLAS ST,40.4335,-79.9185,Inbound,Bus,1.2318182,1.5681817999999998,Generator,8.324325224251375
W23182,2.0886365000000002,0.025,SWALLOW HILL RD AT FOXCROFT RD,40.3991,-80.0742,Inbound,Bus,2.0636365000000003,2.1136365,Generator,83.54546
S38670,8.675,0.7795454500000001,PENNSYLVANIA AVE AT TAFT AVE,40.3621,-79.8614,Inbound,Bus,7.89545455,9.454545450000001,Generator,11.128279948269853
N45080,0.05,2.190909,PITTVIEW AVE AT TEUTONIA ST,40.469,-79.9828,Outbound,Bus,-2.140909,2.240909,Attractor,0.02282157771043891
W19446,0.6545454500000001,0.0,ORCHARD SPRING RD AT #137,40.3982,-80.0692,Inbound,Bus,0.6545454500000001,0.6545454500000001,Generator,
S49510,2.9340909090909104,2.8454545454545457,W 5TH AVE OPP WINDSOR ST,40.3486,-79.8776,Both,Bus,0.08863636363636473,5.779545454545456,Generator,1.0311501597444093
X04400,2.6272725,79.7,CHELTON AVE AT QUEENSBORO ST,40.3916,-80.0171,Both,Bus,-77.0727275,82.3272725,Attractor,0.03296452321204517
N19690,0.5295454545454545,0.459090909090909,FERGUSON RD OPP SWEENEY RD,40.5578,-79.9757,Inbound,Bus,0.07045454545454555,0.9886363636363635,Generator,1.1534653465346536
N15450,0.045454545,0.097727275,CONNIE DR AT MULKERIN DR,40.4985,-80.0234,Outbound,Bus,-0.05227273,0.14318182000000002,Attractor,0.46511626360194736
E25338,5.9340910000000004,7.6545455,GREENFIELD AVE AT MCCASLIN ST,40.4241,-79.9365,Outbound,Bus,-1.7204544999999998,13.5886365,Attractor,0.7752375369641477
W00650,13.88409,0.52954545,5TH AVE AT THORN HOLLOW RD FS,40.5224,-80.1765,Inbound,Bus,13.35454455,14.413635450000001,Generator,26.218882628488267
N19660,0.02272727272727275,1.9545454545454524,FERGUSON RD OPP FOXCROFT LN,40.5651,-79.9958,Outbound,Bus,-1.9318181818181797,1.977272727272725,Attractor,0.01162790697674421
N54530,8.129545499999999,2.193182,WILSON AVE AT PERRYSVILLE AVE,40.4638,-80.0124,Outbound,Bus,5.936363499999999,10.3227275,Generator,3.706735464726593
N08540,11.825,11.6340909090909,BEAVER ST AT VILLAGE DR,40.5596,-80.2013,Inbound,Bus,0.19090909090909847,23.4590909090909,Generator,1.016409454971675
E04680,4.204545250000001,1.113636375,BAKER ST AT #7207,40.4878,-79.9232,Inbound,Bus,3.0909088750000007,5.318181625000001,Generator,3.7755099818825517
N35810,4.1636365,1.390909,MT ROYAL BLVD AT GENESSEE AVE FS,40.5175,-79.959,Inbound,Bus,2.7727275000000002,5.5545455,Generator,2.993464345978062
E70801,9.243182000000001,0.89772725,PENN AVE AT DALLAS AVE,40.4515,-79.908,Inbound,Bus,8.345454750000002,10.14090925,Generator,10.296202994840584
E29150,17.229545,1.6545455,HIGHLAND AVE AT VINTAGE SENIOR CITIZEN CTR,40.4654,-79.9231,Inbound,Bus,15.574999500000002,18.884090500000003,Generator,10.413460977652171
S42310,36.90908835,1.52045455,SOUTH BUSWAY AT OVERBROOK SHELTER,40.3852,-79.9958,Inbound,Busway,35.3886338,38.429542899999994,Generator,24.275035613527546
E70974,6.2818179999999995,4.1272725,ALCOMA BLVD AT #225,40.4846,-79.801,Both,Bus,2.1545454999999993,10.4090905,Generator,1.5220264714772285
E70338,1.3568182,0.0,UNIVERSAL RD OPP THOMPSON RUN RD,40.4684,-79.7913,Inbound,Bus,1.3568182,1.3568182,Generator,
E12600,0.075,0.05,CENTER RD AT GATEWAY DR,40.4585,-79.7577,Inbound,Bus,0.024999999999999994,0.125,Generator,1.4999999999999998
N41800,2.615909,23.118183000000002,PENNSYLVANIA AVE AT FULTON ST,40.4544,-80.0246,Outbound,Bus,-20.502274000000003,25.734092,Attractor,0.11315374569013488
N53580,38.343180000000004,17.684091000000002,WEST COMMONS AT THE ALLEGHENY SR HOME,40.4506,-80.0071,Inbound,Bus,20.659089,56.027271000000006,Generator,2.1682301906272707
N52655,4.090909,4.0454545,TROY HILL RD AT #1034,40.4563,-79.9921,Outbound,Bus,0.04545449999999995,8.1363635,Generator,1.0112359439464713
S70595,1.2022727272727276,1.3909090909090902,PIRL ST OPP BROWNLEE ST,40.3521,-79.8448,Inbound,Bus,-0.1886363636363626,2.593181818181818,Attractor,0.864379084967321
N44960,0.284090895,3.5295455,PITTSBURGH ST OPP DUQUESNE CT,40.5409,-79.7931,Outbound,Bus,-3.245454605,3.8136363949999996,Attractor,0.08048937037360761
E08160,4.2068182499999995,8.82499982,BLVD OF ALLIES AT DUQUESNE UNIV FOOTBRIDGE,40.4348,-79.9887,Both,Bus,-4.618181570000001,13.03181807,Attractor,0.47669329584190284
E56200,1.2068182,1.85,WARDSONS ST AT CHURCHLAND ST,40.4719,-79.8975,Both,Bus,-0.6431818,3.0568182000000004,Attractor,0.6523341621621621
E21540,16.6159085,0.3409091,FRANKSTOWN RD OPP 1ST REFORMED CHURCH,40.4812,-79.8221,Inbound,Bus,16.2749994,16.9568176,Generator,48.73999696693341
N44660,6.420454545454545,1.3386363636363654,PITTSBURGH ST AT CHESWICK AVE,40.5408,-79.8075,Inbound,Bus,5.081818181818179,7.759090909090911,Generator,4.7962648556876
W04620,1.140909090909091,0.24545454545454545,CLEVER RD AT PATRICIA PARK DR,40.4694,-80.1015,Inbound,Bus,0.8954545454545456,1.3863636363636365,Generator,4.648148148148149
S24190,9.588636363636365,3.0999999999999996,HWY RT 51 AT STREETS RUN RD,40.3462,-79.9733,Inbound,Bus,6.488636363636365,12.688636363636364,Generator,3.0931085043988276
W70099,100.35909090909091,18.640909090909087,WEST BUSWAY AT BELL STATION C,40.4156,-80.0827,Inbound,Busway,81.71818181818182,119.0,Generator,5.383808827115339
W04820,0.12272727500000001,1.5159090000000002,CLIFF MINE RD OPP OAK MOSS DR,40.4518,-80.2052,Outbound,Bus,-1.3931817250000003,1.638636275,Attractor,0.08095952659427445
E35910,3.2863635,0.572727275,LINCOLN AVE AT RENFREW ST,40.4622,-79.9064,Inbound,Bus,2.713636225,3.8590907750000003,Generator,5.738094977229783
E45180,3.306818,0.6340909,PAULSON AVE AT NAVARRO ST FS,40.4683,-79.9028,Inbound,Bus,2.6727271,3.9409088999999997,Generator,5.215053551470302
E10330,0.456818181818182,3.54090909090909,BRINTON RD AT WILKINS AVE,40.4225,-79.8643,Outbound,Bus,-3.084090909090908,3.997727272727272,Attractor,0.12901155327342756
E33140,30.809092645,9.870454545,KELLY AVE AT WEST ST,40.4411,-79.8911,Both,Bus,20.9386381,40.67954719,Generator,3.121344868621752
S25460,3.6727274999999997,0.36590910000000004,INTERBORO AVE AT BRIERLY LN,40.3768,-79.9094,Inbound,Bus,3.3068183999999996,4.038636599999999,Generator,10.037267452490248
N45060,0.0,3.4,PITTVIEW AVE AT MT TROY RD,40.4692,-79.982,Outbound,Bus,-3.4,3.4,Attractor,0.0
S25160,1.9159094999999997,0.047727275,HWY RT 885 AT HUSTON DR,40.3384,-79.9377,Inbound,Bus,1.8681822249999998,1.9636367749999997,Generator,40.14286380272077
S46990,0.190909090909091,0.075,WALNUT ST AT 34TH AVE,40.3296,-79.8415,Inbound,Bus,0.115909090909091,0.265909090909091,Generator,2.5454545454545467
N16742,1.8000000000000014,0.2772727272727275,DUNCAN AVE OPP ROYAL MANOR CT #1,40.5666,-80.0037,Inbound,Bus,1.5227272727272738,2.077272727272729,Generator,6.491803278688524
E08056,9.093182,1.025,BLACK ST AT AIKEN AVE,40.4706,-79.9329,Inbound,Bus,8.068182,10.118182000000001,Generator,8.871397073170733
S47510,12.990909,63.90455,WARRINGTON AVE AT ALLEN ST,40.4218,-79.9936,Outbound,Bus,-50.913641,76.895459,Attractor,0.20328613533778112
E45560,19.3068165,7.8295455,PENN AVE OPP BUTLER ST,40.4629,-79.9668,Outbound,Bus,11.477271,27.136362,Generator,2.46589236884823
N13730,3.2454545,1.26136365,CENTER AVE AT CHALFONTE AVE,40.5202,-80.0379,Inbound,Bus,1.98409085,4.50681815,Generator,2.5729729091210136
E58360,1.1840909090909089,8.897727272727275,WILLIAM PENN HWY AT CHURCHILL BORO BLDG,40.4461,-79.8502,Outbound,Bus,-7.7136363636363665,10.081818181818184,Attractor,0.13307790549169854
N24005,0.2840909090909092,6.83181818181818,GRANT AVE AT MT HOPE ST,40.5067,-79.9509,Outbound,Bus,-6.547727272727271,7.115909090909089,Attractor,0.04158349966733203
P00590,1960.061398,471.31136,FIFTH AVE AT WOOD ST,40.4408,-80.0007,Both,Bus,1488.7500380000001,2431.372758,Generator,4.158739984540157
N53600,34.15909,1.8386365,WEST VIEW PARK DR AT PERRY HWY,40.5177,-80.0312,Inbound,Bus,32.3204535,35.9977265,Generator,18.578490093066247
N04260,0.2136363636363635,0.0,9TH AVE AT HORNER ST,40.6076,-79.7475,Inbound,Bus,0.2136363636363635,0.2136363636363635,Generator,
E03570,4.109091,16.977275,ALLEGHENY RIVER BLVD AT SOUTH AVE,40.5047,-79.8431,Outbound,Bus,-12.868184,21.086365999999998,Attractor,0.24203477884407248
S70539,0.0,3.088636363636365,CHURCHVIEW AVE AT CASTLEVIEW DR,40.385,-79.9592,Outbound,Bus,-3.088636363636365,3.088636363636365,Attractor,0.0
N21240,0.675,5.35,PITTSBURGH ST AT HARTREY ST,40.5419,-79.7747,Outbound,Bus,-4.675,6.0249999999999995,Attractor,0.12616822429906543
E51190,3.5318182750000005,5.9613636,SCHOYER AVE OPP TONETTE ST,40.4226,-79.8947,Both,Bus,-2.429545325,9.493181875000001,Attractor,0.5924514107812515
W19442,0.0,3.7977274999999997,ORCHARD SPRING RD OPP BLACKBERRY DR,40.3949,-80.0693,Outbound,Bus,-3.7977274999999997,3.7977274999999997,Attractor,0.0
E70827,0.46136363636363625,0.02272727272727275,FOREST AVE AT 7TH ST,40.3873,-79.7571,Inbound,Bus,0.4386363636363635,0.484090909090909,Generator,20.299999999999976
E30420,53.05682,0.272727275,HWY RT 286 AT NEW TEXAS RD,40.451,-79.7136,Inbound,Bus,52.784092725,53.329547275,Generator,194.54167171215275
S01410,41.872727272727246,33.3159090909091,THIRD AVE AT RT 51 OVERPASS (SHELTER),40.2731,-79.8857,Both,Bus,8.556818181818144,75.18863636363635,Generator,1.256838802101097
E28730,1.118182,1.9454544999999999,HERRON AVE OPP RUTHVEN ST FS,40.4592,-79.966,Inbound,Bus,-0.8272724999999999,3.0636365,Attractor,0.5747664620272538
N21100,2.7068183,1.45,FREEPORT RD AT ORIGINAL MATTRESS FACTORY,40.492,-79.9091,Inbound,Bus,1.2568183000000002,4.1568183,Generator,1.8667712413793105
E41740,311.93185,107.93409000000001,NEGLEY AVE AT CENTRE AVE,40.4575,-79.9342,Inbound,Bus,203.99775999999997,419.86594,Generator,2.8900215863218004
N14647,0.5,0.0,N CHARLES ST OPP #2568,40.4678,-80.0162,Inbound,Bus,0.5,0.5,Generator,
N33595,17.1931818181818,0.340909090909091,MERCHANT ST AT 6TH ST,40.5866,-80.2274,Inbound,Bus,16.85227272727271,17.53409090909089,Generator,50.433333333333266
N54505,3.090909,1.9545455,WILSON AVE AT N CHARLES ST FS,40.4691,-80.0144,Outbound,Bus,1.1363634999999999,5.0454545,Generator,1.5813952655489472
E47530,6.261363636363635,0.3477272727272725,PITCAIRN-TRAFFORD RD AT HAYMAKER RD FS,40.3919,-79.7661,Inbound,Bus,5.913636363636362,6.609090909090908,Generator,18.006535947712425
N50350,0.6659090999999999,0.025,SPRING GARDEN AVE AT BOROUGH ST,40.4688,-79.9855,Inbound,Bus,0.6409090999999999,0.6909090999999999,Generator,26.636363999999997
S70527,0.28863636363636347,2.5159090909090898,CUSTER AVE OPP MARY ST,40.3937,-79.9726,Outbound,Bus,-2.227272727272726,2.8045454545454533,Attractor,0.1147244805781391
S70110,121.01590999999999,79.35226850000001,CENTURY III PARKING LOT AT SHELTER,40.3363,-79.9459,Both,Bus,41.66364149999998,200.3681785,Generator,1.525046634300064
W25460,0.168181818181818,0.0,WASHINGTON PIKE OPP WINSTEIN ST,40.3737,-80.0991,Inbound,Bus,0.168181818181818,0.168181818181818,Generator,
N22180,0.07045454545454545,1.561363636363636,FREEPORT RD OPP BARTSCH ST,40.5855,-79.777,Outbound,Bus,-1.4909090909090905,1.6318181818181816,Attractor,0.04512372634643377
E29363,1.4840909999999998,8.5886365,HILLCREST ST AT AIKEN AVE,40.4677,-79.9348,Outbound,Bus,-7.1045455,10.0727275,Attractor,0.17279704409425173
E59510,1.252272775,1.66818195,WOOD ST AT WALLACE AVE,40.4444,-79.8843,Inbound,Bus,-0.4159091749999999,2.920454725,Attractor,0.7506811682023056
N21490,0.43863635,0.47954545000000004,FREEPORT RD AT CLIFTON AVE,40.4996,-79.853,Inbound,Bus,-0.04090910000000003,0.9181818,Attractor,0.9146919233620087
N31470,11.7863635,4.279545499999999,MAIN ST AT 21ST ST,40.4937,-79.9157,Inbound,Bus,7.506818000000001,16.065908999999998,Generator,2.754115711586663
E59480,1.234090895,2.5863637500000003,WOOD ST AT SUSQUEHANNA ST FS,40.448,-79.8839,Outbound,Bus,-1.3522728550000003,3.8204546450000003,Attractor,0.4771528734115609
X06940,0.906818,0.022727275,GRANDVIEW AVE AT LABELLE ST,40.4364,-80.0157,Inbound,Bus,0.884090725,0.9295452750000001,Generator,39.899988010001195
E55495,4.24772715,7.134090775,VERONA RD AT GIANT EAGLE DRIVEWAY,40.4622,-79.8659,Inbound,Bus,-2.8863636249999995,11.381817925,Attractor,0.5954125457564002
E03900,2.556818,7.568182,ALLEQUIPPA ST OPP DARRAGH ST,40.4433,-79.9652,Outbound,Bus,-5.011364,10.125,Attractor,0.3378378056975902
W21950,1.49772735,6.563636000000001,STEUBEN ST OPP HARKER ST,40.4431,-80.0441,Outbound,Bus,-5.065908650000001,8.06136335,Attractor,0.2281856199825828
X20090,0.843181818181818,4.48409090909091,WEST LIBERTY AVE AT LASALLE AVE,40.3967,-80.031,Outbound,Bus,-3.6409090909090924,5.327272727272728,Attractor,0.1880385200202736
W07720,0.022727275,0.9318181999999999,GRAND AVE AT IDAHO AVE,40.5141,-80.1386,Outbound,Bus,-0.9090909249999999,0.954545475,Attractor,0.02439024586555618
E07660,9.1704545,2.6409089999999997,BIGELOW BLVD AT HERRON AVE FS,40.4557,-79.9662,Inbound,Bus,6.5295455,11.811363499999999,Generator,3.4724613759883436
N21020,24.234090909090906,3.3340909090909085,FREEPORT RD AT DELAFIELD AVE FS,40.488,-79.898,Inbound,Bus,20.9,27.568181818181813,Generator,7.268575323790048
N05410,0.022727275,0.0,AMITY DR AT SUTTER RD,40.5435,-79.9926,Inbound,Bus,0.022727275,0.022727275,Generator,
P02910,142.5545465,288.01592450000004,PENN AVE AT GARRISON PL NS (#933),40.4442,-79.9969,Both,Bus,-145.46137800000005,430.570471,Attractor,0.49495369656201066
N18747,2.29090909090909,1.0840909090909099,EVERGREEN AVE AT FREDERICK ST,40.4881,-79.9727,Inbound,Bus,1.2068181818181802,3.375,Generator,2.113207547169809
X00480,3.152272727272725,0.0,BANK ST AT GRANDVIEW AVE,40.3531,-80.1057,Inbound,Bus,3.152272727272725,3.152272727272725,Generator,
E11145,0.6431817999999999,49.347725,BRYANT ST AT EUCLID AVE,40.4757,-79.9197,Outbound,Bus,-48.704543199999996,49.9909068,Attractor,0.01303366669892077
S30890,5.627272727272727,14.924999999999997,LYSLE BLVD AT WALNUT ST FS,40.3516,-79.8645,Both,Bus,-9.29772727272727,20.552272727272722,Attractor,0.3770366986447389
N45330,0.0,0.0,PRESIDENTIAL DR OPP MADISON (LEASE OFFICE),40.5835,-79.9989,Inbound,Bus,0.0,0.0,Balanced,
S29245,30.12727272727269,4.384090909090908,LIBRARY PL AT DUQUESNE BLVD FS,40.3718,-79.8442,Both,Bus,25.74318181818178,34.5113636363636,Generator,6.871954380508028
N21440,8.03409090909091,1.20681818181818,FREEPORT RD AT MCKINLEY AVE,40.494,-79.8609,Inbound,Bus,6.82727272727273,9.24090909090909,Generator,6.657250470809804
E46910,1.275,0.295454545,PENN CENTER BLVD AT RODI RD,40.4294,-79.8158,Inbound,Bus,0.9795454549999999,1.570454545,Generator,4.315384622023668
N15440,0.0,0.025,CONNIE DR AT JACKS RUN RD,40.4992,-80.0292,Inbound,Bus,-0.025,0.025,Attractor,0.0
W70147,4.9795455,6.8386365,VILLAGE DR AT LEWIS AVE,40.5066,-80.1402,Both,Bus,-1.8590909999999994,11.818182,Attractor,0.7281488788006206
X17677,5.009091,2.3022725,SOUTHERN AVE OPP MINSINGER ST,40.4188,-80.0136,Inbound,Bus,2.7068185,7.3113635,Generator,2.175715950218751
N15630,0.30227275,1.040909,CORBET ST AT E 6TH AVE,40.6029,-79.7524,Outbound,Bus,-0.7386362500000001,1.34318175,Attractor,0.2903930602963371
E19440,20.2863635,38.1136365,FORBES AVE AT GIST ST,40.4374,-79.9796,Outbound,Bus,-17.827272999999998,58.4,Attractor,0.532259982591795
E70837,6.0045456999999995,9.40681805,CRAFT AVE AT HAMLET PL FS,40.4363,-79.9622,Inbound,Bus,-3.4022723500000005,15.41136375,Attractor,0.6383184694424912
N32680,6.527272999999999,16.0090918,MCKNIGHT RD AT IVORY AVE RAMP FS,40.4991,-80.0128,Outbound,Bus,-9.481818800000001,22.5363648,Attractor,0.40772287907050414
S70598,0.093181818181818,8.93181818181818,LARGE PARK-AND-RIDE OUTBOUND P,40.2931,-79.9109,Outbound,Bus,-8.838636363636361,9.024999999999999,Attractor,0.01043256997455469
E15120,3.2227274,4.2681816,COMMERCIAL ST AT HOMESTEAD ST,40.4208,-79.8995,Both,Bus,-1.0454542,7.490909,Attractor,0.75505864136615
X02520,0.9886363499999999,21.136364999999998,BOWER HILL RD OPP CARNEGIE DR FS,40.3832,-80.0565,Outbound,Bus,-20.147728649999998,22.125001349999998,Attractor,0.04677418988553614
S33730,0.025,0.759090895,MELLON ST OPP VERMONT AVE,40.3639,-79.859,Both,Bus,-0.734090895,0.7840908950000001,Attractor,0.032934132347879105
E53000,9.975,1.10227275,STANTON AVE OPP HAWTHORNE ST,40.4812,-79.9373,Inbound,Bus,8.87272725,11.077272749999999,Generator,9.049484349495167
W23098,0.07272727500000001,3.240909,SUMMIT PARK DR AT PARK LANE #1,40.4511,-80.1868,Outbound,Bus,-3.1681817249999997,3.313636275,Attractor,0.022440394037598715
S48470,0.19772727499999998,0.85227275,WEST ST AT HOMESTEAD HEALTH CENTER,40.3997,-79.9048,Outbound,Bus,-0.654545475,1.0500000250000001,Attractor,0.23199999648000005
W70183,1.0,250.045454545455,PGH AIRPORT UPPER LEVEL (DEPAR,40.4953,-80.2558,Outbound,Bus,-249.045454545455,251.045454545455,Attractor,0.003999272859480088
E70831,10.604545000000002,6.865909,BROADVIEW DR AT JOHNSTON AVE,40.408,-79.9264,Both,Bus,3.7386360000000014,17.470454000000004,Generator,1.5445216358096212
E03927,12.054545000000001,21.85682,ALLEQUIPPA ST AT SR RESIDENCE (#2418),40.4406,-79.9686,Inbound,Bus,-9.802274999999998,33.911365,Attractor,0.5515232774026597
E36110,9.540909,0.36363635,LINCOLN HWY AT 3RD ST,40.3794,-79.8069,Inbound,Bus,9.177272649999999,9.90454535,Generator,26.237500733906277
E70881,0.095454545,8.975,GREENSBURG PIKE OPP VERSAILLES CASTLE APTS,40.3884,-79.8222,Outbound,Bus,-8.879545454999999,9.070454545,Attractor,0.010635603899721449
S24525,4.565909090909095,10.825,HWY RT 51 AT #4040,40.3685,-79.9835,Outbound,Bus,-6.259090909090904,15.390909090909094,Attractor,0.42179298761284945
E70797,1.243182,1.3704545,KIRKPATRICK ST AT ROSE ST,40.4445,-79.9757,Outbound,Bus,-0.1272724999999999,2.6136365,Attractor,0.9071311743658765
E53300,12.95,9.418182,STATION ST AT WESTINGHOUSE AVE,40.3933,-79.8093,Both,Bus,3.5318179999999995,22.368181999999997,Generator,1.3749999734555989
S70535,0.5477272727272725,4.227272727272725,CHURCHVIEW AVE AT WAIDLER AVE FS,40.3849,-79.9737,Outbound,Bus,-3.6795454545454525,4.774999999999998,Attractor,0.12956989247311831
N70178,0.18636365,0.07045454500000001,FOX CHAPEL RD OPP S MARGERY DR,40.4899,-79.8828,Inbound,Bus,0.11590910499999998,0.256818195,Generator,2.6451615009365255
S70449,0.025,3.254545454545455,BLOSSOM DR OPP CLELIA DR,40.3443,-80.0005,Outbound,Bus,-3.229545454545455,3.2795454545454548,Attractor,0.007681564245810056
W70166,0.9499999999999996,0.29545454545454547,WASHINGTON PIKE AT #1308,40.3772,-80.0972,Inbound,Bus,0.6545454545454541,1.2454545454545451,Generator,3.2153846153846137
W70139,0.0,0.19772727499999998,SUMMIT PARK DR AT HOME DEPOT SERVICE DR,40.451,-80.1845,Outbound,Bus,-0.19772727499999998,0.19772727499999998,Attractor,0.0
E34890,32.1636365,45.559089,LIBERTY AVE AT 17TH ST,40.4492,-79.9853,Inbound,Bus,-13.395452499999998,77.7227255,Attractor,0.705976287190466
W25040,0.67499995,22.1204545,WASHINGTON PIKE AT RACEWAY PLAZA,40.3874,-80.0915,Outbound,Bus,-21.44545455,22.79545445,Attractor,0.03051474145795693
N14790,3.709091,1.693182,N CHARLES ST OPP STRAUSS ST,40.4632,-80.0199,Inbound,Bus,2.0159089999999997,5.402273,Generator,2.190603845304285
E25335,4.206818,2.8886364999999996,GREENFIELD AVE AT FRANK ST FS,40.4241,-79.9331,Inbound,Bus,1.3181815000000006,7.0954545,Generator,1.456333463902433
E20380,6.504545500000001,14.1772725,FRANKSTOWN AVE AT COLLIER ST,40.4564,-79.8921,Outbound,Bus,-7.672727,20.681818,Attractor,0.4588009082847212
W22870,2.0590908999999997,0.022727275,STEUBENVILLE PIKE AT MCCORMICK RD FS,40.4492,-80.1244,Inbound,Bus,2.036363625,2.0818181749999995,Generator,90.59999054000093
S48670,4.5522725,0.57045455,WHITAKER ST AT MIFFLIN ST FS,40.3988,-79.8854,Outbound,Bus,3.98181795,5.12272705,Generator,7.980079219282237
E50730,0.0,0.9159090000000001,SALTSBURG RD AT TILFORD RD,40.475,-79.7923,Outbound,Bus,-0.9159090000000001,0.9159090000000001,Attractor,0.0
W08450,8.940909090909088,7.5931818181818205,HECKLE RD AT OHIO VALLEY HOSPITAL ENTRANCE,40.4718,-80.0917,Both,Bus,1.3477272727272673,16.534090909090907,Generator,1.1774917689314568
E10430,1.5522725,0.30681820000000004,WOLFE AVE OPP MARY ST,40.4069,-79.8478,Inbound,Bus,1.2454543,1.8590906999999999,Generator,5.059258218710624
N07290,0.7522727272727275,0.0,BABCOCK BLVD OPP WINCHESTER DR,40.5661,-80.0165,Inbound,Bus,0.7522727272727275,0.7522727272727275,Generator,
E17296,0.463636345,16.0068184,EAST BUSWAY AT HOMEWOOD STATION D,40.4529,-79.8989,Inbound,Busway,-15.543182055,16.470454745,Attractor,0.02896492815836531
E34080,0.1431818,1.975,LAKETON RD AT SOUTHERN AVE,40.4579,-79.8515,Outbound,Bus,-1.8318182,2.1181818,Attractor,0.07249711392405063
X01290,9.475,0.45,BELTZHOOVER AVE AT WARRINGTON AVE,40.4218,-79.9974,Inbound,Bus,9.025,9.924999999999999,Generator,21.055555555555554
E36000,3.334091045,31.972726,LINCOLN AVE AT SHETLAND ST,40.4615,-79.908,Outbound,Bus,-28.638634955,35.306817045,Attractor,0.10427922364205042
N41735,7.9727275,9.697725,PENNSYLVANIA AVE AT BRIGHTON RD,40.456,-80.0155,Inbound,Bus,-1.7249974999999997,17.6704525,Attractor,0.8221234877252139
E26640,4.2818179999999995,8.6386365,HAMILTON AVE OPP COLLIER ST,40.4536,-79.8931,Outbound,Bus,-4.356818500000001,12.9204545,Attractor,0.49565900822427233
E70855,1.0,13.93182,HAZELWOOD AVE AT MONONGAHELA ST,40.4118,-79.9427,Inbound,Bus,-12.93182,14.93182,Attractor,0.07177813092618193
E15440,8.977272727272725,4.54090909090909,COREY AVE AT 4TH ST,40.4082,-79.8671,Inbound,Bus,4.436363636363635,13.518181818181816,Generator,1.9769769769769767
E21160,14.75,3.3363635,FRANKSTOWN RD AT MCCLUTCHEON LN,40.4649,-79.8531,Inbound,Bus,11.413636499999999,18.0863635,Generator,4.420981107124568
E07050,0.9522725,4.425,BENTLEY DR AT NIGH WAY,40.4407,-79.9784,Outbound,Bus,-3.4727275,5.3772725,Attractor,0.21520282485875705
E15070,4.568182,1.1590909,COLUMBO ST AT #5149,40.4699,-79.9401,Inbound,Bus,3.4090911000000004,5.7272729,Generator,3.94117665836217
E70383,0.23636365,1.65,LEECHBURG RD OPP #6503,40.4871,-79.8032,Outbound,Bus,-1.41363635,1.8863636499999998,Attractor,0.14325069696969697
S35250,1.01363635,1.165909,ARLINGTON AVE AT FREELAND ST,40.4193,-79.9895,Inbound,Bus,-0.15227265,2.17954535,Attractor,0.8693957675942119
E21020,1.7227275,0.40454545,FRANKSTOWN RD AT ERHARDT DR,40.4659,-79.8386,Inbound,Bus,1.3181820499999999,2.12727295,Generator,4.258427575937389
S23810,0.64545455,0.18636362,HWY RT 51 AT HILLVIEW ST FS,40.3813,-79.9955,Outbound,Bus,0.45909092999999995,0.83181817,Generator,3.4634149626413135
E26103,0.5340909,6.734091,HALKET ST AT FORBES AVE,40.4384,-79.9611,Outbound,Bus,-6.2000001000000005,7.2681819,Attractor,0.07931150618546735
S17060,0.43181820000000004,0.6931818,ELIZA ST AT CORBIN ST,40.3875,-79.8749,Inbound,Bus,-0.2613635999999999,1.125,Attractor,0.6229508622413342
E32304,0.2545454545454545,1.175,JAMES ST AT OHIO ST,40.4191,-79.8113,Outbound,Bus,-0.9204545454545455,1.4295454545454547,Attractor,0.21663442940038682
E20880,4.918182,0.9886363499999999,FRANKSTOWN RD AT CHAMPA ST,40.4622,-79.8594,Inbound,Bus,3.9295456499999997,5.90681835,Generator,4.974712896202937
E08740,0.0,0.48863635,BRADDOCK AVE AT DELMAR WAY,40.4239,-79.8873,Outbound,Bus,-0.48863635,0.48863635,Attractor,0.0
S47020,4.6386363636363654,3.55,WALNUT ST AT 5TH AVE,40.3509,-79.8649,Inbound,Bus,1.0886363636363656,8.188636363636366,Generator,1.3066581306017933
E19810,30.55,342.711365,FORBES AVE AT WIGHTMAN ST,40.438,-79.928,Outbound,Bus,-312.161365,373.261365,Attractor,0.08914206857423593
S70369,7.279545454545455,12.77272727272725,MONONGAHELA AVE AT 6TH ST,40.3261,-79.8925,Outbound,Bus,-5.493181818181795,20.052272727272705,Attractor,0.5699288256227768
W01200,1.08863635,0.29090910000000003,BEAVER GRADE RD AT AIKEN RD,40.4551,-80.1362,Inbound,Bus,0.79772725,1.3795454500000002,Generator,3.7421873361816456
N14027,7.3977275,1.8590909999999998,CENTER AVE AT PRINCETON AVE,40.5186,-80.0442,Inbound,Bus,5.538636500000001,9.2568185,Generator,3.9792175315786054
N44460,4.265909090909091,2.1613636363636366,PITTSBURGH ST AT ALLEGHENY AVE,40.5412,-79.7979,Outbound,Bus,2.104545454545454,6.427272727272728,Generator,1.973711882229232
E56040,228.1613759,237.62045774999999,WALMART AT SHELTER (N VERSAILLES),40.3876,-79.8235,Both,Bus,-9.45908184999999,465.78183364999995,Attractor,0.9601924769459376
E28725,0.9386363499999999,1.5363635,HERRON AVE AT RUTHVEN ST,40.4592,-79.9659,Outbound,Bus,-0.5977271500000001,2.4749998499999997,Attractor,0.610946790912437
W13655,0.45,0.09545454545454546,MCKEES ROCKS RD OPP HECKEL RD,40.4706,-80.0914,Inbound,Bus,0.35454545454545455,0.5454545454545454,Generator,4.714285714285714
E70336,0.9613635,0.0,UNIVERSAL RD OPP AUSTIN ST,40.4753,-79.7867,Inbound,Bus,0.9613635,0.9613635,Generator,
E25200,2.225,7.572727499999999,GREENFIELD AVE AT DELEVAN ST,40.4235,-79.9318,Outbound,Bus,-5.3477274999999995,9.797727499999999,Attractor,0.2938175181927516
W07970,3.4681819999999997,1.5931819999999999,GRAND AVE OPP PERSHING RD,40.512,-80.1317,Inbound,Bus,1.8749999999999998,5.061363999999999,Generator,2.1768900226088417
E57980,0.2340909,0.8340909000000001,WILNER DR AT #2202,40.4543,-79.8681,Both,Bus,-0.6000000000000001,1.0681818,Attractor,0.2806539431133944
W25390,5.127273,0.7227273000000001,WASHINGTON PIKE OPP RACEWAY PLAZA,40.3864,-80.0924,Inbound,Bus,4.4045457,5.8500003,Generator,7.094339732289066
N71329,4.19318181818182,0.0,CHURCH AVE AT DALZELL AVE,40.5091,-80.0851,Inbound,Bus,4.19318181818182,4.19318181818182,Generator,
E38790,0.7840909,0.075,MARK DR AT #7865,40.4692,-79.8711,Both,Bus,0.7090909000000001,0.8590909,Generator,10.454545333333334
E30550,0.0,0.0,HWY RT 286 OPP #1610,40.4356,-79.714,Inbound,Bus,0.0,0.0,Balanced,
E21460,3.909091,0.9181817999999999,FRANKSTOWN RD AT TREMONT ST,40.4624,-79.858,Inbound,Bus,2.9909092,4.8272728,Generator,4.257425925889622
W22010,2.8727272,7.043182,STEUBEN ST OPP OBEY ST,40.443,-80.0525,Outbound,Bus,-4.1704548,9.9159092,Attractor,0.4078734867280158
N12380,1.852272727272729,5.127272727272725,BUTLER ST AT CENTER ST,40.4953,-79.9455,Outbound,Bus,-3.274999999999996,6.9795454545454545,Attractor,0.3612588652482274
S01540,2.36590909090909,0.23409090909090902,4TH ST AT VIOLA AVE,40.3694,-79.8476,Outbound,Bus,2.131818181818181,2.5999999999999988,Generator,10.106796116504853
E70344,0.0,0.0,HULTON RD AT CENTER AVE,40.5222,-79.8112,Inbound,Bus,0.0,0.0,Balanced,
N13175,2.325,0.11363635,CALIFORNIA AVE OPP KUNKLE WAY,40.4601,-80.026,Inbound,Bus,2.21136365,2.4386363500000003,Generator,20.460002455200296
E06370,9.884091,0.19318182,BEELER ST OPP BEELERMONT PL,40.4455,-79.9333,Inbound,Bus,9.69090918,10.07727282,Generator,51.164705871391
E70978,0.39545454999999996,0.0,VERONA RD OPP PELONE DR (VERONA ESTATES),40.4886,-79.8369,Inbound,Bus,0.39545454999999996,0.39545454999999996,Generator,
S70411,1.1227274999999999,0.0,MIFFLIN ST AT GEORGE ST,40.3977,-79.8879,Inbound,Bus,1.1227274999999999,1.1227274999999999,Generator,
S02160,1.8045454545454551,2.30681818181818,5TH ST AT COCHRAN ST,40.3667,-79.848,Inbound,Bus,-0.5022727272727248,4.1113636363636346,Attractor,0.7822660098522176
W21560,8.6727275,2.32727275,STEUBEN ST AT HERSCHEL ST FS,40.4421,-80.045,Inbound,Bus,6.34545475,11.000000250000001,Generator,3.7265625612640374
E51010,3.3818183,0.095454545,SAVANNAH AVE AT OVERTON ST,40.435,-79.893,Inbound,Bus,3.286363755,3.477272845,Generator,35.428572835374155
N22330,0.31363635,1.4113635,FREEPORT RD OPP E OAK HILL RD,40.4892,-79.875,Outbound,Bus,-1.0977271499999999,1.7249998500000001,Attractor,0.22222223403113373
N43300,56.343180000000004,9.543182,PERRYSVILLE AVE AT BASCOM ST,40.493,-80.022,Inbound,Bus,46.799998,65.886362,Generator,5.904024464795914
E35940,21.00227455,0.69318185,LINCOLN AVE AT LEMINGTON HOME DRVWY,40.4711,-79.8921,Inbound,Bus,20.3090927,21.695456399999998,Generator,30.298361894501422
E23530,21.959093000000003,43.65227,FRIENDSHIP AVE AT MILLVALE AVE,40.4627,-79.9455,Inbound,Bus,-21.693177,65.61136300000001,Attractor,0.5030458438931126
N71239,0.0,0.78636365,10TH AVE AT ORMOND ST,40.6084,-79.7505,Outbound,Bus,-0.78636365,0.78636365,Attractor,0.0
N30370,38.636363636363654,11.168181818181822,LINCOLN AVE AT KENDALL AVE,40.491,-80.0482,Inbound,Bus,27.468181818181833,49.804545454545476,Generator,3.45950345950346
N32980,0.422727275,2.20681835,MCKNIGHT RD AT U-HAUL,40.5164,-80.0044,Outbound,Bus,-1.7840910749999999,2.629545625,Attractor,0.19155508426871656
N71193,70.0704525,51.1590915,CEDAR AVE AT EAST OHIO ST NS,40.4529,-80.0015,Outbound,Bus,18.911361,121.229544,Generator,1.3696578740066172
S47210,0.025,0.025,WALNUT ST AT SUNOCO STATION,40.3365,-79.8529,Inbound,Bus,0.0,0.05,Balanced,1.0
S16610,2.0931817,9.652272499999999,E CARSON ST OPP S 5TH ST,40.4287,-79.9952,Outbound,Bus,-7.559090799999998,11.7454542,Attractor,0.21685895212759487
X02580,0.025,7.9409089999999996,BOWER HILL RD OPP LONGRIDGE DR,40.3821,-80.0578,Outbound,Bus,-7.915908999999999,7.965909,Attractor,0.0031482541860132136
E40970,0.0,0.025,MT CARMEL RD OPP FAYBERN DR,40.4663,-79.8748,Outbound,Bus,-0.025,0.025,Attractor,0.0
N12780,45.170454545454504,2.3681818181818204,CALIFORNIA AVE AT ELIZABETH AVE FS,40.4992,-80.0635,Inbound,Bus,42.80227272727269,47.53863636363632,Generator,19.07389635316695
X13460,10.625,4.9386365,PIONEER AVE AT CRYSLER ST FS,40.4034,-80.0155,Inbound,Bus,5.6863635,15.563636500000001,Generator,2.1514035301039063
N20490,2.315909,9.4772725,FREMONT AVE AT ORCHARD AVE,40.4976,-80.0506,Outbound,Bus,-7.1613635,11.7931815,Attractor,0.2443645046610193
N50530,1.731818,0.0,SPRING GARDEN RD AT #3364,40.4806,-79.996,Inbound,Bus,1.731818,1.731818,Generator,
W03460,2.0727275,5.697727499999999,CHARTIERS AVE AT HUXLEY ST,40.4535,-80.062,Outbound,Bus,-3.624999999999999,7.770454999999999,Attractor,0.36378143742395547
N20500,3.095454545454545,11.64772727272725,FREMONT AVE AT TEECE AVE,40.4958,-80.0517,Outbound,Bus,-8.552272727272705,14.743181818181796,Attractor,0.26575609756097607
E19740,2.0568182,11.1886365,FORBES AVE AT SCHENLEY DR (GOLF COURSE),40.438,-79.9334,Outbound,Bus,-9.131818299999999,13.2454547,Attractor,0.18383099674388384
S33960,18.738635000000002,4.356818,MIDWAY DR AT #4A,40.3976,-79.8832,Both,Bus,14.381817000000002,23.095453000000003,Generator,4.300990998476411
N21960,4.44318181818182,3.565909090909093,FREEPORT RD AT MULLIGAN'S,40.541,-79.8186,Inbound,Bus,0.877272727272727,8.009090909090913,Generator,1.246016571064372
S44900,30.06818181818184,55.45227272727276,ST CLAIR AVE AT MILLER AVE FS,40.2925,-79.8832,Both,Bus,-25.384090909090915,85.5204545454546,Attractor,0.5422353375138327
N31400,11.288636499999999,3.4386365,MADISON AVE AT CONCORD ST,40.4579,-79.998,Outbound,Bus,7.85,14.727272999999999,Generator,3.2828816014719786
N03710,0.247727275,9.031818,W 7TH AVE AT WESTERN ST,40.5992,-79.7627,Outbound,Bus,-8.784090724999999,9.279545275,Attractor,0.02742828464878278
N19680,0.0,0.02272727272727275,FERGUSON RD OPP OHIO DR,40.5574,-79.9784,Outbound,Bus,-0.02272727272727275,0.02272727272727275,Attractor,0.0
E10630,2.9772727272727257,1.111363636363635,BROADWAY BLVD AT BROADVIEW MANOR HI-RISE,40.4009,-79.7828,Inbound,Bus,1.8659090909090907,4.088636363636361,Generator,2.6789366053169754
E32350,14.838636000000001,0.8113636500000001,JANCEY ST AT BRYANT ST,40.4794,-79.9298,Inbound,Bus,14.02727235,15.649999650000002,Generator,18.288514650613198
N71309,0.2659091,0.095454545,SEAVEY RD OPP ELBE DR NS,40.4914,-79.9698,Inbound,Bus,0.170454555,0.361363645,Generator,2.785714394217688
W23981,4.343182,24.579545,BROADHEAD-FORDING RD OPP VILLAGE RD #1,40.4517,-80.0784,Outbound,Bus,-20.236363,28.922727,Attractor,0.1766990397910132
N50570,0.07272727500000001,0.025,SPRING GARDEN AVE AT TRACY'S DELI,40.4695,-79.9857,Inbound,Bus,0.047727275000000006,0.097727275,Generator,2.909091
E13340,44.954544999999996,33.647725,CENTRE AVE AT CRAIG ST NS,40.452,-79.9517,Inbound,Bus,11.306819999999995,78.60227,Generator,1.3360352000023774
S16300,127.36363499999999,16.2909115,E CARSON ST AT S 24TH ST,40.4282,-79.971,Both,Bus,111.0727235,143.65454649999998,Generator,7.818079117304148
E02245,11.8636365,11.5863635,6TH ST AT BALDRIDGE AVE,40.4057,-79.8635,Inbound,Bus,0.277273000000001,23.45,Generator,1.0239309771353196
E10970,24.456818,71.229548,BROWNS HILL RD OPP PARKVIEW BLVD,40.4139,-79.923,Outbound,Bus,-46.772729999999996,95.68636599999999,Attractor,0.3433521436918286
E38120,0.715909090909091,16.9159090909091,MAIN ST AT RIDGE AVE,40.3986,-79.8411,Outbound,Bus,-16.20000000000001,17.63181818181819,Attractor,0.0423216444981862
S70507,3.70909090909091,0.07272727272727275,CLOVERFIELD DR AT SANDRA DR,40.3973,-79.9661,Inbound,Bus,3.636363636363637,3.7818181818181826,Generator,50.99999999999999
W05921,1.75,0.3545454545454545,CRENNELL AVE AT W CRAFTON AVE,40.4367,-80.0691,Outbound,Bus,1.3954545454545455,2.1045454545454545,Generator,4.935897435897437
E17316,7.61818197,308.45908994999996,EAST BUSWAY AT WILKINSBURG STATION D,40.4466,-79.8885,Both,Busway,-300.84090797999994,316.07727192,Attractor,0.02469754407702778
E70787,8.734091,19.022725,DEVILLIERS ST AT BEDFORD AVE,40.4464,-79.9823,Outbound,Bus,-10.288634000000002,27.756816,Attractor,0.4591398445806265
E30260,4.709090909090911,0.0681818181818182,HUTCHINSON ST AT SAVANNAH AVE,40.4336,-79.8922,Inbound,Bus,4.640909090909092,4.777272727272729,Generator,69.06666666666666
S34300,0.047727275,1.1727275000000001,MIFFLIN RD AT #1236,40.3711,-79.9151,Outbound,Bus,-1.1250002250000002,1.220454775,Attractor,0.04069766846944409
X04000,0.0,0.025,CEDAR BLVD OPP DUQUESNE DR,40.3798,-80.053,Inbound,Bus,-0.025,0.025,Attractor,0.0
E25090,1.33636365,3.8386365,GREENFIELD AVE AT BEEHNER RD,40.4242,-79.9341,Outbound,Bus,-2.5022728499999998,5.17500015,Attractor,0.34813498230426354
E55340,0.39772725,0.0,VERONA BLVD AT #7278,40.4709,-79.8883,Outbound,Bus,0.39772725,0.39772725,Generator,
E13470,67.125,36.44091,CENTRE AVE AT FRANCIS ST,40.4472,-79.9674,Inbound,Bus,30.684089999999998,103.56591,Generator,1.8420231547455865
W21450,8.129545454545454,0.5727272727272725,STEUBEN ST AT CRAFTON BLVD,40.4403,-80.0799,Inbound,Bus,7.556818181818182,8.702272727272726,Generator,14.194444444444448
E44420,2.4590909090909077,0.0,OLD WILLIAM PENN HWY AT BAYHILL DR,40.4418,-79.7498,Inbound,Bus,2.4590909090909077,2.4590909090909077,Generator,
N37060,0.0,0.7931817999999999,MT TROY RD AT LONSDALE ST,40.4738,-79.9841,Outbound,Bus,-0.7931817999999999,0.7931817999999999,Attractor,0.0
S33880,8.293182,13.336365,MIDWAY DR AT #19,40.3973,-79.8827,Both,Bus,-5.043183000000001,21.629547000000002,Attractor,0.6218472574798305
E70252,2.6045455,0.43636365,EAST HILLS DR OPP WILNER DR,40.4552,-79.8711,Inbound,Bus,2.16818185,3.04090915,Generator,5.9687499176432315
E55304,0.21136365000000001,0.24545454500000002,HIGHLAND DR AT JOB CORP DR FS,40.4782,-79.8991,Both,Bus,-0.03409089500000001,0.45681819500000004,Attractor,0.861111168261317
E29220,0.075,17.220455,HIGHLAND AVE OPP BRYANT CT,40.4744,-79.9188,Outbound,Bus,-17.145455000000002,17.295455,Attractor,0.004355285618179078
S70448,0.0,0.4409090909090909,DUQUESNE BLVD OPP WYLIE AVE,40.3672,-79.8421,Both,Bus,-0.4409090909090909,0.4409090909090909,Attractor,0.0
E70856,0.19545454499999998,3.815909,HAZELWOOD AVE AT SECOND AVE,40.4114,-79.9445,Inbound,Bus,-3.620454455,4.011363545,Attractor,0.05122096596119037
E27240,16.322727150000002,2.7363637,HARRIET ST AT BLDG #2,40.4139,-79.8837,Both,Bus,13.586363450000002,19.059090850000004,Generator,5.96511609549564
E30247,1.5659090909090927,0.1931818181818182,HUTCHINSON ST AT EAST END AVE,40.4332,-79.8932,Inbound,Bus,1.3727272727272746,1.7590909090909108,Generator,8.105882352941185
E08046,2.840909,7.143182,BLACK ST AT NEGLEY AVE,40.4688,-79.9278,Inbound,Bus,-4.3022730000000005,9.984091,Attractor,0.3977091721868489
S70258,0.5431817999999999,6.1704545,MOUNTAIN AVE OPP SCHULER ST,40.4097,-79.9774,Outbound,Bus,-5.6272727,6.7136363,Attractor,0.08802946363189292
W06810,6.65909090909091,0.5886363636363635,FERREE ST AT 4TH AVE,40.5143,-80.1533,Inbound,Bus,6.070454545454546,7.247727272727274,Generator,11.312741312741316
X03330,46.96591,4.125,BROOKLINE BLVD OPP CASTLEGATE AVE,40.3948,-80.0214,Inbound,Bus,42.84091,51.09091,Generator,11.385675151515152
N08580,0.209090909090909,0.075,BEAVER ST AT #1446,40.5299,-80.1656,Inbound,Bus,0.13409090909090898,0.284090909090909,Generator,2.7878787878787867
E70307,1.7636364000000002,2.552272775,MCCLURE AVE AT COMMERCIAL ST,40.42,-79.8976,Both,Bus,-0.7886363749999998,4.315909175,Attractor,0.6910062346294471
E11630,4.4795455,11.36591,BUTLER ST AT 39TH ST,40.4674,-79.9639,Outbound,Bus,-6.886364499999999,15.8454555,Attractor,0.3941211482406601
X03250,0.7545454500000001,17.802274999999998,BROOKLINE BLVD AT STEBBINS AVE,40.393,-80.0191,Outbound,Bus,-17.04772955,18.556820449999996,Attractor,0.04238477666478021
N12980,5.590909,1.5636364999999999,CALIFORNIA AVE AT CHELLIS ST,40.4863,-80.0436,Inbound,Bus,4.0272725000000005,7.154545499999999,Generator,3.575581025385376
E56020,20.8499999,14.481818045,WALLACE AVE AT SWISSVALE AVE FS,40.4424,-79.8778,Both,Bus,6.368181855,35.331817945,Generator,1.4397363532128262
E39130,11.947727,0.5022727250000001,MIDDLE AVE AT BRIDGE ST,40.3956,-79.8052,Inbound,Bus,11.445454275,12.449999725000001,Generator,23.78732988139063
W02735,21.790909999999997,3.5204545,BROADWAY AVE AT CHARLES ST,40.4704,-80.0708,Inbound,Bus,18.270455499999997,25.311364499999996,Generator,6.189800209035509
N13340,17.761364999999998,2.4522725,CAMBRONNE ST AT BRIGHTON RD,40.4876,-80.0411,Inbound,Bus,15.309092499999998,20.213637499999997,Generator,7.242818650863637
N70048,47.004543999999996,166.674995,WATERWORKS MALL OPP BED BATH & BEYOND (WALMART),40.488,-79.8898,Outbound,Bus,-119.670451,213.67953899999998,Attractor,0.282013171801805
S00080,13.656818181818199,2.9818181818181797,12TH AVE AT AMITY ST,40.4044,-79.9081,Inbound,Bus,10.675000000000018,16.63863636363638,Generator,4.580030487804887
N21370,2.663636363636365,0.19545454545454544,FREEPORT RD AT LEWIS AVE FS,40.4973,-79.8558,Inbound,Bus,2.4681818181818196,2.8590909090909102,Generator,13.627906976744194
E08650,17.370455,1.42727275,BRADDOCK AVE AT BIDDLE AVE,40.4368,-79.8963,Inbound,Bus,15.94318225,18.79772775,Generator,12.170382290280537
N22785,2.9272726000000002,27.831818499999997,FREEPORT RD OPP ST MARGARET'S DR,40.4873,-79.8956,Outbound,Bus,-24.904545899999995,30.7590911,Attractor,0.10517719494326253
S48400,23.7090909090909,4.79318181818182,WEST ST AT 15TH AVE,40.4019,-79.9067,Inbound,Bus,18.915909090909082,28.502272727272718,Generator,4.9464201043148375
S20112,19.429545849999997,4.913636295,WATERFRONT DR AT COSTCO WHOLESALE DRVWY,40.4043,-79.9206,Both,Bus,14.515909554999997,24.343182144999997,Generator,3.9542092013955212
N71253,0.1818182,1.6477275,SUNSET AVE OPP ESSEN ST,40.4729,-80.0005,Outbound,Bus,-1.4659093,1.8295457,Attractor,0.11034482340071403
X02680,0.07272727500000001,10.71818,BOWER HILL RD OPP SYLVANDELL DR FS,40.3745,-80.0733,Outbound,Bus,-10.645452725,10.790907275,Attractor,0.00678541272865356
E33900,21.011364999999998,0.45,LAKETON RD AT DOUGLAS DR FS,40.4548,-79.8584,Inbound,Bus,20.561365,21.461364999999997,Generator,46.69192222222222
E23460,0.9181817999999999,13.597725,FRIENDSHIP AVE AT EVALINE ST,40.4622,-79.9417,Outbound,Bus,-12.679543200000001,14.5159068,Attractor,0.06752466313298731
E15925,13.322727749999999,41.963636,EAST LIBERTY BLVD AT BROAD ST,40.4609,-79.916,Inbound,Bus,-28.640908250000003,55.28636375,Attractor,0.3174826831021029
E34055,0.225,0.8181818,LAKETON RD AT #1746,40.4491,-79.866,Outbound,Bus,-0.5931818,1.0431818,Attractor,0.27500000611111125
W20670,0.0,0.23636365,CLEVER RD AT SILVER LN FS,40.4658,-80.1378,Inbound,Bus,-0.23636365,0.23636365,Attractor,0.0
N54620,5.306818,1.118182,WOODLAND AVE AT BRIGHTON RD,40.4699,-80.0258,Inbound,Bus,4.188636,6.425,Generator,4.745934025051378
E70297,0.475,1.493182,BRYN MAWR RD AT ANDOVER TERR,40.4502,-79.957,Inbound,Bus,-1.018182,1.968182,Attractor,0.318112594445955
N71180,0.20909090000000002,1.23636365,FOX CHAPEL RD AT S MARGERY DR,40.4898,-79.8826,Outbound,Bus,-1.0272727499999998,1.44545455,Attractor,0.16911763784061432
E15030,1.05227275,3.381818,COLUMBO ST AT ATLANTIC AVE,40.4689,-79.9381,Outbound,Bus,-2.32954525,4.43409075,Attractor,0.31115593742773856
W21980,2.545454545454545,4.522727272727275,STEUBEN ST OPP LINDEN AVE,40.439,-80.0732,Inbound,Bus,-1.9772727272727302,7.06818181818182,Attractor,0.5628140703517583
E56035,43.779545,3.4136364500000003,WALLACE AVE AT WOOD ST,40.4445,-79.8844,Inbound,Bus,40.36590855,47.19318145,Generator,12.82489967553516
X08845,3.1409089999999997,27.0,KANE BLVD AT PROVIDENCE POINT BLVD,40.3753,-80.0876,Outbound,Bus,-23.859091,30.140909,Attractor,0.11632996296296295
S20460,0.0,1.077272727272725,GRANT AVE AT 4TH ST,40.3726,-79.8492,Outbound,Bus,-1.077272727272725,1.077272727272725,Attractor,0.0
S47320,0.92727275,0.025,WALNUT ST AT #4913,40.3163,-79.8329,Inbound,Bus,0.90227275,0.95227275,Generator,37.090909999999994
S44810,62.14090909090905,22.522727272727273,ST CLAIR AVE AT MILLER AVE,40.2926,-79.8833,Both,Bus,39.618181818181775,84.66363636363633,Generator,2.7590312815338023
W03310,1.7909091,8.818182,CHARTIERS AVE AT CORLISS ST,40.4503,-80.0451,Outbound,Bus,-7.0272729,10.6090911,Attractor,0.20309278034860245
E04665,0.7159091,2.3454546,BAKER ST AT #7124,40.4878,-79.9235,Outbound,Bus,-1.6295455,3.0613637000000002,Attractor,0.30523255491707235
E70765,6.431818,2.7931815999999996,4TH AVE AT DUQUESNE ST,40.4117,-79.8772,Both,Bus,3.6386364,9.2249996,Generator,2.3026852246198386
N71271,0.8159091,0.0,ALPHA DR OPP PRINT TECH DRVWY,40.4935,-79.8697,Inbound,Bus,0.8159091,0.8159091,Generator,
S09500,18.240909090909106,3.738636363636365,BROWNSVILLE RD OPP KAUFMANN AVE,40.3692,-79.9756,Inbound,Bus,14.502272727272741,21.979545454545473,Generator,4.879027355623102
S70450,5.61590909090909,0.04772727272727275,BLOSSOM DR AT CLELIA DR,40.3444,-80.0003,Inbound,Bus,5.5681818181818175,5.663636363636363,Generator,117.6666666666666
E20760,0.6545454500000001,1.4431818,FRANKSTOWN AVE OPP INWOOD ST,40.4581,-79.9048,Outbound,Bus,-0.78863635,2.09772725,Attractor,0.45354330965093936
X17655,1.1204545,4.0613635,SOUTHERN AVE AT DEWITT ST,40.4245,-80.0103,Outbound,Bus,-2.9409089999999996,5.181818,Attractor,0.27588136348790254
E15620,150.83409,431.42048,CRAIG ST AT FIFTH AVE,40.4472,-79.9492,Both,Bus,-280.58639,582.2545700000001,Attractor,0.3496219975463381
E18280,30.220455,12.70682,ELLA ST AT LIBERTY AVE,40.4633,-79.9517,Inbound,Bus,17.513635,42.927275,Generator,2.378286227395997
N27990,0.5181818,0.0,ISLAND AVE AT BEAVER AVE,40.4619,-80.0325,Both,Bus,0.5181818,0.5181818,Generator,
S31370,6.518182,0.2409091,MAIN ST AT LEA ST,40.3924,-79.9002,Inbound,Bus,6.277272900000001,6.7590911,Generator,27.056603507297982
N26832,0.0,0.0,HULTON RD AT 5TH ST,40.525,-79.8386,Inbound,Bus,0.0,0.0,Balanced,
W70169,0.93409090909091,2.645454545454545,PINE HOLLOW RD AT LAB CORP SQUARE,40.4762,-80.1009,Both,Bus,-1.711363636363635,3.579545454545455,Attractor,0.35309278350515505
S48490,2.284091,9.370454500000001,WEST ST AT MUNHALL BORO BLDG,40.3992,-79.9044,Outbound,Bus,-7.086363500000001,11.654545500000001,Attractor,0.24375455854355835
N13370,1.8613635,11.797725,CAMBRONNE ST AT WINHURST ST,40.4885,-80.0433,Outbound,Bus,-9.9363615,13.6590885,Attractor,0.15777308760799222
S16220,42.66818,58.25,E CARSON ST AT S 20TH ST,40.4286,-79.9775,Both,Bus,-15.58182,100.91818,Attractor,0.7325009442060085
N06430,0.0,0.0,BABCOCK BLVD AT EVERGREEN & PEOPLES PLANK RD,40.5062,-79.9904,Inbound,Bus,0.0,0.0,Balanced,
N14870,0.025,0.6090909,CHATEAU ST AT ADAMS ST,40.4582,-80.0296,Outbound,Bus,-0.5840909,0.6340909,Attractor,0.041044776732011595
N13690,5.3772725,1.540909,CENTER AVE OPP BRIGHTWOOD AVE,40.5159,-80.0225,Inbound,Bus,3.8363635,6.9181815,Generator,3.489675574612128
N21640,0.0,0.24772727272727274,FREEPORT RD AT PAINTER AVE,40.631,-79.7159,Outbound,Bus,-0.24772727272727274,0.24772727272727274,Attractor,0.0
W21940,4.015909,11.447727500000001,STEUBEN ST OPP ELBON ST,40.4416,-80.0407,Outbound,Bus,-7.431818500000001,15.4636365,Attractor,0.35080403512400166
E34730,0.9477273,0.0,LEECHBURG RD OPP RAILROAD ST,40.494,-79.7875,Both,Bus,0.9477273,0.9477273,Generator,
E70364,0.45909089999999997,8.5795455,UNITY TRESTLE RD AT UNIVERSAL RD,40.4905,-79.7834,Both,Bus,-8.1204546,9.0386364,Attractor,0.053509932431735456
W08222,0.975,9.73409090909091,GREENTREE RD OPP CARNAHAN RD,40.4143,-80.0451,Outbound,Bus,-8.75909090909091,10.709090909090909,Attractor,0.1001634368433341
W20390,4.95,20.2068181818182,RIVER AVE AT W CARSON ST NS,40.4654,-80.0533,Inbound,Bus,-15.2568181818182,25.1568181818182,Attractor,0.24496682038015952
E70988,0.0,0.0,BLAIR ST AT ELIZA ST,40.4141,-79.9501,Inbound,Bus,0.0,0.0,Balanced,
N19170,7.497727500000001,25.934091000000002,FEDERAL ST AT HENDERSON ST,40.4588,-80.0076,Outbound,Bus,-18.436363500000002,33.431818500000006,Attractor,0.28910700976564013
S38490,1.315909,0.0,PENNSYLVANIA AVE AT CONLIN ST,40.3618,-79.8679,Inbound,Bus,1.315909,1.315909,Generator,
E19230,16.829545,1.5863635,FORBES AVE AT BRADDOCK AVE,40.4397,-79.8973,Inbound,Bus,15.243181499999999,18.4159085,Generator,10.6088831468954
X08854,0.0,1.6090909999999998,KANE BLVD OPP CHURCH RECTORY,40.3731,-80.0839,Outbound,Bus,-1.6090909999999998,1.6090909999999998,Attractor,0.0
N29310,0.0,0.09318180000000001,LAURELWOOD DR AT ENNERDALE LN,40.5515,-80.0066,Outbound,Bus,-0.09318180000000001,0.09318180000000001,Attractor,0.0
E35070,3.64318165,9.622727,LIBERTY AVE AT 31ST ST,40.4594,-79.9706,Inbound,Bus,-5.9795453499999995,13.26590865,Attractor,0.3786017882456813
N14915,0.0,1.8886365,CHATEAU ST TURNAROUND AT BEAVER AVE,40.4614,-80.0316,Outbound,Bus,-1.8886365,1.8886365,Attractor,0.0
E14170,1.4477273,10.5727275,CHISLETT ST AT BRYANT ST,40.479,-79.9288,Outbound,Bus,-9.125000199999999,12.0204548,Attractor,0.13693035217260635
E15650,212.65682,70.911365,CRAIG ST AT BAYARD ST,40.4499,-79.9508,Both,Bus,141.745455,283.568185,Generator,2.998910259307517
W14340,6.670454545454545,1.85,MIDDLETOWN RD AT MARSHALL ST,40.4467,-80.061,Inbound,Bus,4.820454545454545,8.520454545454545,Generator,3.605651105651105
E34559,4.0886365,1.1,LARIMER AVE OPP WINSLOW ST,40.4657,-79.9134,Inbound,Bus,2.9886364999999997,5.188636499999999,Generator,3.7169422727272723
N47160,0.0,0.0,SAMPLE RD AT PEEBLES RD,40.5706,-80.0024,Inbound,Bus,0.0,0.0,Balanced,
S25098,0.022727275,0.6431818499999999,HWY RT 885 AT GORDONS LN,40.3359,-79.9368,Outbound,Bus,-0.6204545749999999,0.665909125,Attractor,0.035335690831449926
E13230,17.577275,20.78409,CENTRE AVE AT AVALON ST,40.4487,-79.9617,Outbound,Bus,-3.206814999999999,38.361365,Attractor,0.8457081835192207
E23480,13.554545000000001,2.4477275,FRIENDSHIP AVE AT FAIRMOUNT ST FS,40.4615,-79.9345,Inbound,Bus,11.106817500000002,16.0022725,Generator,5.537603756954154
S45470,5.6909089999999996,1.8863635,TEXAS AVE AT MELLON ST,40.3657,-79.859,Both,Bus,3.8045454999999997,7.577272499999999,Generator,3.016867639773564
E21660,3.0272725,0.9477275000000001,FRANKSTOWN RD OPP HOWARD ST,40.463,-79.8565,Inbound,Bus,2.079545,3.975,Generator,3.194243598502734
W00822,8.3863635,0.30681820000000004,ALLENDALE ST AT FAIRDALE ST,40.4555,-80.0612,Both,Bus,8.0795453,8.6931817,Generator,27.333331269135922
E20710,1.1727275000000001,6.8113635,FRANKSTOWN AVE AT WILKINSBURG AVE FS,40.4583,-79.8756,Outbound,Bus,-5.638636,7.984090999999999,Attractor,0.1721722089857633
E45990,51.2,4.9636366,PENN AVE AT FINDLEY DR WEST (BEACON HILL),40.444,-79.8646,Inbound,Bus,46.2363634,56.163636600000004,Generator,10.31501782382699
E45960,13.629545,9.45,PENN AVE AT FAIRMOUNT ST,40.4641,-79.9324,Inbound,Bus,4.179545000000001,23.079545,Generator,1.4422798941798942
W03210,7.8159089999999996,2.75,CHARTIERS AVE AT ALLENDALE ST,40.4539,-80.0596,Inbound,Bus,5.0659089999999996,10.565909,Generator,2.8421487272727273
E36120,0.0,3.0613635,LINCOLN HWY AT 3RD ST,40.3794,-79.8072,Outbound,Bus,-3.0613635,3.0613635,Attractor,0.0
E70448,0.6113636499999999,0.0,SALTSBURG RD OPP ALCOMA GOLF CLUB,40.4811,-79.8025,Inbound,Bus,0.6113636499999999,0.6113636499999999,Generator,
S27810,0.875,0.943182,LEBANON CHURCH RD AT CAMP HOLLOW RD,40.3502,-79.9277,Outbound,Bus,-0.06818199999999996,1.818182,Attractor,0.9277106645377032
E17312,19.45000154,49.68636545,EAST BUSWAY AT GARAGE EMPLOYEES ONLY STOP,40.4577,-79.912,Inbound,Busway,-30.236363909999998,69.13636699,Attractor,0.39145551025608377
N45380,0.118181818181818,0.0,PRESIDENTIAL DR OPP WASHINGTON,40.585,-79.9997,Inbound,Bus,0.118181818181818,0.118181818181818,Generator,
E12550,0.0,0.04772727272727275,CENTER RD AT COTTAGE LN,40.4562,-79.7599,Outbound,Bus,-0.04772727272727275,0.04772727272727275,Attractor,0.0
N17510,11.306818499999999,11.495454500000001,31ST ST BRIDGE RAMP AT RIALTO ST,40.4649,-79.9799,Inbound,Bus,-0.18863600000000247,22.802273,Attractor,0.9835903834859246
X00620,3.1113635,1.170454545,BANKSVILLE RD AT CRANE AVE FS,40.4161,-80.0299,Inbound,Bus,1.940908955,4.281818045,Generator,2.658252311711943
S08390,67.786365,8.668182,BROWNSVILLE RD AT CHURCHVIEW AVE,40.3858,-79.9788,Inbound,Bus,59.118183,76.454547,Generator,7.820136333085761
S70569,1.21590909090909,1.552272727272725,STILLEY RD AT HWY RT 51,40.3613,-79.9822,Inbound,Bus,-0.3363636363636351,2.768181818181815,Attractor,0.7833089311859449
E37030,0.19772727272727275,0.4363636363636365,LINDEN AVE OPP BESSEMER AVE FS,40.3951,-79.8381,Outbound,Bus,-0.23863636363636376,0.6340909090909093,Attractor,0.4531249999999999
W08120,0.575,14.568181818181799,GREENTREE RD AT ST MARGARET SCHOOL DRIVEWAY,40.4232,-80.0447,Outbound,Bus,-13.9931818181818,15.143181818181798,Attractor,0.039469578783151375
W20290,2.711363636363635,1.8522727272727249,CHARTIERS VALLEY SC AT TERMINUS,40.3677,-80.1106,Both,Bus,0.8590909090909102,4.56363636363636,Generator,1.4638036809815964
N32700,14.86590909090909,1.1318181818181798,MCKNIGHT RD AT MALIBRAN DR,40.5574,-80.0231,Inbound,Bus,13.734090909090911,15.99772727272727,Generator,13.134538152610464
N29340,0.0,0.0,LAURELWOOD DR AT #125,40.5518,-80.0051,Inbound,Bus,0.0,0.0,Balanced,
E04150,86.04772727272727,5.240909090909088,ARDMORE BLVD AT AVE B (PARK AND RIDE),40.413,-79.8448,Inbound,Bus,80.80681818181819,91.28863636363636,Generator,16.418473547268007
N15880,0.025,0.04772727272727275,CUMBERLAND RD EXT AT BABCOCK BLVD,40.5721,-80.0162,Outbound,Bus,-0.02272727272727275,0.07272727272727275,Attractor,0.5238095238095236
N71221,1.2522727500000002,23.4409091,RIDGE AVE AT ALLEGHENY AVE,40.4496,-80.0186,Both,Bus,-22.18863635,24.69318185,Attractor,0.053422533428961604
W02920,0.297727275,5.2295455,CAROTHERS AVE AT LOCUST ST,40.3978,-80.0883,Outbound,Bus,-4.931818225000001,5.527272775,Attractor,0.05693176873592552
E35920,18.163636,0.9363636,LINCOLN AVE AT ROWAN ST,40.4639,-79.902,Inbound,Bus,17.2272724,19.0999996,Generator,19.398058617400334
S46900,0.49090909090909096,0.07272727272727275,WALNUT ST OPP 27TH AVE,40.3333,-79.8476,Outbound,Bus,0.4181818181818182,0.5636363636363637,Generator,6.749999999999998
X09330,10.2613635,0.07272727500000001,LABELLE ST AT VIRGINIA AVE,40.4322,-80.0165,Inbound,Bus,10.188636225,10.334090775,Generator,141.0937437158205
N21360,0.8818181818181821,0.0,FREEPORT RD AT LENGEL AVE,40.6346,-79.7135,Inbound,Bus,0.8818181818181821,0.8818181818181821,Generator,
S28220,0.16818182,0.197727275,LEBANON CHURCH RD AT VINDALE DR FS,40.3539,-79.9153,Both,Bus,-0.029545454999999998,0.365909095,Attractor,0.8505747120623597
E53680,20.820454050000002,25.1750018,SWISSVALE AVE AT FRANKLIN AVE,40.4391,-79.8791,Outbound,Bus,-4.354547749999998,45.99545585,Attractor,0.8270289001528494
E25010,12.9818181818182,6.84090909090909,GRANDVIEW AVE AT CENTER AVE,40.3956,-79.8391,Inbound,Bus,6.14090909090911,19.822727272727292,Generator,1.8976744186046541
W70059,2.434090909090907,0.19772727272727275,WEST BUSWAY AT IDLEWOOD STATION B,40.4263,-80.0727,Outbound,Busway,2.236363636363634,2.6318181818181796,Generator,12.310344827586194
E70414,7.781817974999999,4.652272945,PENNWOOD AVE AT FRANKLIN AVE,40.4419,-79.8873,Both,Bus,3.129545029999999,12.43409092,Generator,1.6726916212780374
N53597,7.256817999999999,22.975002,WEST VIEW PARK DR AT WEST VIEW TOWERS,40.517,-80.0334,Outbound,Bus,-15.718184,30.23182,Attractor,0.31585712157935825
S00760,20.350001000000002,48.756815,SECOND AVE AT ELIZABETH ST,40.4072,-79.9434,Both,Bus,-28.406814,69.10681600000001,Attractor,0.41737757070473125
S10500,2.77727255,0.945454545,BUTTERMILK HOLLOW RD AT WALNUT DR,40.3562,-79.9116,Inbound,Bus,1.8318180050000001,3.722727095,Generator,2.9374998139122597
S47420,0.37045455,0.247727275,WALNUT ST OPP GRANT ST,40.3199,-79.8353,Inbound,Bus,0.122727275,0.618181825,Generator,1.4954128486659373
E12486,4.1295455,20.279545,CAMP ST AT BRYN MAWR RD,40.4521,-79.9588,Outbound,Bus,-16.1499995,24.409090499999998,Attractor,0.2036310725906326
S04500,1.3022725,7.793182,ARLINGTON AVE AT KOEHLER ST,40.4176,-79.9845,Outbound,Bus,-6.4909095,9.095454499999999,Attractor,0.1671040789243726
S29255,4.63181818181818,4.30681818181818,LIBRARY PL AT 1ST ST,40.3718,-79.8443,Both,Bus,0.3250000000000002,8.938636363636359,Generator,1.0754617414248022
S09480,4.3,0.3545454545454545,BROWNSVILLE RD OPP HOLLOW HAVEN DR,40.3436,-79.9851,Inbound,Bus,3.9454545454545453,4.654545454545454,Generator,12.12820512820513
S48440,19.56591,5.5,WEST ST AT 18TH AVE,40.4,-79.905,Inbound,Bus,14.065909999999999,25.06591,Generator,3.5574381818181817
E29160,41.275,2.4363635,HIGHLAND AVE AT WALNUT ST,40.4542,-79.9254,Inbound,Bus,38.8386365,43.7113635,Generator,16.94123229148688
E70948,0.7681817999999999,0.07272727500000001,MT CARMEL RD OPP MASON RD,40.4655,-79.8782,Inbound,Bus,0.6954545249999999,0.8409090749999999,Generator,10.56249941992189
W21080,5.0500000499999995,12.924999499999998,STANHOPE ST AT CHARTIERS AVE,40.4636,-80.0564,Outbound,Bus,-7.874999449999999,17.97499955,Attractor,0.3907156862946107
N19580,0.02272727272727275,0.0,FERGUSON RD AT OHIO DR,40.5573,-79.9788,Inbound,Bus,0.02272727272727275,0.02272727272727275,Generator,
E32227,0.5727272750000001,9.256817999999999,IMOGENE RD AT BROWNS HILL RD,40.4151,-79.9249,Outbound,Bus,-8.684090724999999,9.829545275,Attractor,0.061870858323022034
E36410,0.52954545,0.0,LINCOLN HWY OPP CLYDE AVE,40.3887,-79.8302,Inbound,Bus,0.52954545,0.52954545,Generator,
N45387,0.7568182,0.0,RAMAGE RD OPP CHERRYWOOD DR,40.4906,-80.0002,Inbound,Bus,0.7568182,0.7568182,Generator,
E70783,17.447725,15.279544999999999,BEDFORD AVE AT MEMORY LN,40.4483,-79.9783,Inbound,Bus,2.1681799999999996,32.72727,Generator,1.1419008223085176
P02030,182.50001644999998,142.8295427,GRANT ST AT LIBERTY AVE FS (FED BLDG),40.4433,-79.9943,Both,Bus,39.670473749999985,325.32955914999997,Generator,1.2777469772715304
W25100,1.811363636363636,129.10454545454547,WASHINGTON PIKE AT THOMS RUN RD,40.3813,-80.0948,Outbound,Bus,-127.29318181818184,130.9159090909091,Attractor,0.01403020807661162
E35050,1.5409090449999998,4.85,LIBERTY AVE AT 30TH ST,40.4584,-79.9719,Inbound,Bus,-3.309090955,6.390909044999999,Attractor,0.31771320515463913
S70337,1.33181818181818,1.0,MONONGAHELA AVE AT 2ND ST,40.3325,-79.8918,Inbound,Bus,0.33181818181818,2.3318181818181802,Generator,1.33181818181818
N70097,0.0,0.1636363636363635,FREEPORT RD OPP EVERGREEN DR,40.6491,-79.7088,Outbound,Bus,-0.1636363636363635,0.1636363636363635,Attractor,0.0
E70886,1.6113635,8.113636545,HOBART RD AT GREENFIELD RD FS,40.4326,-79.9363,Both,Bus,-6.502273045000001,9.725000045,Attractor,0.19859941852990654
S70349,1.0409091,0.78863635,EAST PITTSBURGH-MCKEESPORT BLV AT BROWN PL,40.3751,-79.8274,Inbound,Bus,0.25227274999999993,1.82954545,Generator,1.3198847605743762
S38690,1.7340909999999998,0.022727275,PENNSYLVANIA AVE AT VERMONT AVE,40.3621,-79.8666,Inbound,Bus,1.7113637249999998,1.7568182749999999,Generator,76.29999637000034
S04670,42.072725000000005,9.043182,ARLINGTON AVE OPP CONWAY ST,40.4173,-79.9737,Inbound,Bus,33.029543000000004,51.11590700000001,Generator,4.652424887611463
W03980,2.9022725,0.29090910000000003,CHARTIERS AVE AT NITTANY ST FS,40.4472,-80.0442,Inbound,Bus,2.6113634,3.1931816,Generator,9.976561406982455
N14645,0.3840909,2.3136365,N CHARLES ST AT #2562,40.4676,-80.0167,Outbound,Bus,-1.9295456,2.6977273999999998,Attractor,0.16601177410539644
E70041,4.322727499999999,0.8704545499999999,FRANKSTOWN RD AT EASTWOOD RD,40.4612,-79.87,Inbound,Bus,3.4522729499999993,5.193182049999999,Generator,4.966057676417453
E45250,5.893182,0.9090909,PAULSON AVE OPP BRAINARD ST,40.4687,-79.9018,Inbound,Bus,4.9840911000000006,6.8022729,Generator,6.482500264825003
S28150,0.349999995,0.811363625,LEBANON CHURCH RD AT #4220,40.3521,-79.9076,Outbound,Bus,-0.46136363,1.16136362,Attractor,0.4313725488987752
N23940,2.30681818181818,3.002272727272725,GRANT AVE AT BLACK ST,40.4801,-79.9734,Outbound,Bus,-0.6954545454545453,5.309090909090905,Attractor,0.7683573050719151
N22805,3.22727265,15.2272725,FREEPORT RD AT #1050,40.4872,-79.8846,Outbound,Bus,-11.99999985,18.45454515,Attractor,0.21194029659612384
E05280,28.395455,2.552272775,BEACON ST OPP WENDOVER ST,40.434,-79.929,Both,Bus,25.843182225,30.947727774999997,Generator,11.125556515016306
E27580,0.093181818181818,2.94090909090909,BEATTY RD AT HAYMAKER RD FS,40.4485,-79.7614,Outbound,Bus,-2.847727272727272,3.034090909090908,Attractor,0.031684698608964404
N12645,1.5977275,8.913636499999999,CALIFORNIA AVE AT ANTRIM ST,40.4752,-80.0395,Outbound,Bus,-7.3159089999999996,10.511363999999999,Attractor,0.1792453057739117
N08845,0.0,0.17045454545454544,BEAVER RD OPP SHIELDS LN,40.5572,-80.1981,Outbound,Bus,-0.17045454545454544,0.17045454545454544,Attractor,0.0
S70328,0.7477272727272725,0.4386363636363635,STATE ST AT MILL DR (2),40.307,-79.8864,Inbound,Bus,0.30909090909090897,1.186363636363636,Generator,1.7046632124352332
E04580,1.3295455,2.2113635,ATLANTIC AVE AT ROSETTA ST,40.4673,-79.9378,Inbound,Bus,-0.881818,3.540909,Attractor,0.6012333567050374
N10250,83.49091,18.102275,BRIGHTON RD AT BENTON AVE,40.4845,-80.036,Inbound,Bus,65.388635,101.593185,Generator,4.612177751139015
W23193,0.0,0.84545455,SWALLOW HILL RD AT SWALLOW HILL PL,40.3987,-80.076,Outbound,Bus,-0.84545455,0.84545455,Attractor,0.0
N52190,0.13863635,0.0,THOMPSON RUN RD AT EASLEY RD,40.5274,-79.9886,Inbound,Bus,0.13863635,0.13863635,Generator,
E11840,5.231818,7.465909,BUTLER ST AT 56TH ST,40.4842,-79.9483,Outbound,Bus,-2.2340910000000003,12.697727,Attractor,0.7007610191873488
E36330,7.734091,2.538636275,LINCOLN HWY AT LINCOLN SQ SR CITIZEN HOME,40.3874,-79.8281,Both,Bus,5.195454725,10.272727275000001,Generator,3.0465534098617573
W19558,13.10454545454545,117.3727272727275,PARKWAY CENTER DR SOUTH AT BUILDING #7,40.4235,-80.041,Outbound,Bus,-104.26818181818206,130.47727272727295,Attractor,0.11164898148865283
W70130,0.0,0.0,HWY RT 51 AT STANFORD CT,40.4953,-80.1112,Both,Bus,0.0,0.0,Balanced,
S39770,0.36363635,5.2727275,PROSPECT RD AT STILLEY RD FS,40.3595,-79.9804,Outbound,Bus,-4.90909115,5.63636385,Attractor,0.06896551168252105
W07680,3.5022725,2.6204545,GRAND AVE AT GIBSON LN,40.5151,-80.1426,Inbound,Bus,0.881818,6.122727,Generator,1.336513379644638
E02929,0.43863635,5.1863635,AIKEN AVE AT KINCAID ST,40.4663,-79.9355,Outbound,Bus,-4.747727149999999,5.62499985,Attractor,0.08457493386261877
E28910,3.756818,82.72727499999999,HIGHLAND AVE AT ALDER ST,40.4571,-79.9252,Outbound,Bus,-78.970457,86.48409299999999,Attractor,0.04541208446670098
N71336,0.0,1.047727272727275,CENTER AVE AT NORTH AVE,40.5132,-80.0972,Outbound,Bus,-1.047727272727275,1.047727272727275,Attractor,0.0
N05470,0.30227275,0.0,AMITY DR OPP BLAZE DR,40.5449,-79.9934,Inbound,Bus,0.30227275,0.30227275,Generator,
N22200,2.913636363636365,1.00909090909091,FREEPORT RD OPP #2238,40.5264,-79.851,Inbound,Bus,1.904545454545455,3.9227272727272746,Generator,2.887387387387386
E55140,0.15,0.07272727500000001,UNIVERSAL RD OPP STOTLER RD,40.4606,-79.8047,Outbound,Bus,0.07727272499999999,0.222727275,Generator,2.0624999355468767
W16470,5.2386365,13.79318,NOBLESTOWN RD AT NOBLE MANOR (RITE AID),40.4271,-80.0555,Outbound,Bus,-8.5545435,19.031816499999998,Attractor,0.37979903836533707
S28360,2.4772727,5.952273,LEBANON CHURCH RD AT OTT DR FS,40.3429,-79.9641,Outbound,Bus,-3.4750003,8.4295457,Attractor,0.41618936161026215
W03220,1.643182,19.438634999999998,CHARTIERS AVE AT ALLENDALE ST,40.4541,-80.0595,Outbound,Bus,-17.795453,21.081816999999997,Attractor,0.08453175853139894
W10290,6.16590909090909,3.55909090909091,ISLAND AVE AT BOUQUET ST,40.4666,-80.0605,Inbound,Bus,2.60681818181818,9.725,Generator,1.7324393358876111
S70520,0.168181818181818,2.677272727272725,AGNEW RD OPP LAFFERTY DR,40.3979,-79.9693,Outbound,Bus,-2.509090909090907,2.845454545454543,Attractor,0.0628183361629881
W07800,0.82954545,5.675,GRAND AVE AT ORCHARD ST,40.5145,-80.1401,Outbound,Bus,-4.8454545499999995,6.50454545,Attractor,0.14617540969162995
S70544,0.0,1.638636363636365,CHURCHVIEW AVE AT DONAHUE DR NS,40.3856,-79.9407,Outbound,Bus,-1.638636363636365,1.638636363636365,Attractor,0.0
S70629,0.8545454545454545,0.418181818181818,BOWMAN AVE OPP CHESTNUT AVE,40.359,-79.8341,Inbound,Bus,0.4363636363636365,1.2727272727272725,Generator,2.043478260869566
E17309,1.6409090100000001,74.981819,EAST BUSWAY AT NEGLEY STATION D,40.4567,-79.9326,Inbound,Busway,-73.34090999,76.62272801,Attractor,0.021884091795639153
E48230,10.68863645,22.3090895,RANKIN BLVD OPP HAWKINS AVE,40.412,-79.8813,Both,Bus,-11.620453049999998,32.99772595,Attractor,0.4791157635545817
N22210,3.052272727272726,26.62727272727274,FREEPORT RD OPP BRILLIANT AVE FS,40.4887,-79.9007,Outbound,Bus,-23.575000000000014,29.679545454545465,Attractor,0.11462956640491626
E50180,0.5568182,3.306818,SALTSBURG RD AT STOTLER RD,40.483,-79.8098,Outbound,Bus,-2.7499998,3.8636361999999997,Attractor,0.1683848944816437
E41250,143.78864,17.752273,MURRAY AVE AT LILAC ST,40.4231,-79.9286,Both,Bus,126.03636699999998,161.540913,Generator,8.099731228784055
E27400,0.58863635,3.62954525,HAWKINS AVE AT 2ND ST,40.4119,-79.8699,Outbound,Bus,-3.0409089,4.2181816,Attractor,0.16217909116851484
S44960,0.1,1.706818,ST JOSEPH ST AT COMO ST STEPS,40.4135,-79.9792,Outbound,Bus,-1.6068179999999999,1.806818,Attractor,0.058588554842988534
E70940,14.579545999999999,0.5954545250000001,LINCOLN AVE AT LYRIC ST,40.4636,-79.9033,Inbound,Bus,13.984091475,15.175000524999998,Generator,24.484734581536678
N45790,23.70682,3.5045455,RHINE ST OPP #2146,40.4676,-79.9948,Inbound,Bus,20.2022745,27.2113655,Generator,6.764591870757564
E52770,0.57954545,5.5318179999999995,STANTON AVE AT MORNINGSIDE AVE,40.4754,-79.9319,Outbound,Bus,-4.952272549999999,6.11136345,Attractor,0.10476582020594316
P03145,1197.759085,58.5272705,SMITHFIELD ST AT FORBES AVE,40.4396,-79.9991,Outbound,Bus,1139.2318145,1256.2863555,Generator,20.464974272121573
N45490,0.338636345,0.1,REGULUS ST AT COLBY ST,40.4846,-80.0045,Inbound,Bus,0.238636345,0.43863634500000004,Generator,3.3863634499999997
E43030,1.12272725,1.8363635,OBERLIN ST OPP LEMINGTON AVE,40.4671,-79.8901,Inbound,Bus,-0.71363625,2.95909075,Attractor,0.611386171637587
S47550,2.181818,14.722725,ARLINGTON AVE AT WARRINGTON AVE,40.4217,-79.9923,Outbound,Bus,-12.540907,16.904543,Attractor,0.14819389752915985
X00660,4.0045455,1.0545455000000001,BANKSVILLE RD AT POTOMAC AVE,40.4032,-80.0408,Inbound,Bus,2.9499999999999997,5.0590910000000004,Generator,3.797413672525272
S11350,12.222725,4.040909,CHALFONT ST AT ESTELLA AVE,40.4167,-80.0002,Inbound,Bus,8.181816000000001,16.263634,Generator,3.0247464122552623
E52250,1.0022725000000001,1.909091,SHUMAN CENTER DR AT MAIN BLDG,40.4808,-79.903,Both,Bus,-0.9068185,2.9113635,Attractor,0.5249998559523879
E35200,18.0386385,18.8863635,LIBERTY AVE AT BAUM BLVD,40.4567,-79.9399,Outbound,Bus,-0.8477250000000005,36.925002000000006,Attractor,0.9551144401091295
S47350,0.09772727272727275,0.165909090909091,WALNUT ST OPP 35TH AVE,40.3287,-79.8411,Outbound,Bus,-0.06818181818181826,0.2636363636363638,Attractor,0.5890410958904108
N50230,2.840909,0.05,SOUTH SIDE AVE AT LUELLA ST,40.4699,-79.9978,Inbound,Bus,2.790909,2.8909089999999997,Generator,56.81818
E21700,18.7113635,1.2363636500000001,FRANKSTOWN RD OPP PARKRIDGE DR FS,40.4709,-79.8213,Inbound,Bus,17.47499985,19.947727150000002,Generator,15.134190899255247
N49441,0.9090909,0.0,SEWICKLEY BRIDGE RAMP OPP KRAMER WAY,40.536,-80.1849,Inbound,Bus,0.9090909,0.9090909,Generator,
N08710,4.404545454545455,14.677272727272749,BEAVER ST OPP BROAD ST,40.5695,-80.2139,Outbound,Bus,-10.272727272727295,19.081818181818203,Attractor,0.30009290802105876
E12920,0.0,0.19545454545454544,CENTER RD OPP RUTH DR,40.4538,-79.7606,Outbound,Bus,-0.19545454545454544,0.19545454545454544,Attractor,0.0
E36480,0.0909091,2.0136365,LINCOLN HWY AT MOTEL,40.378,-79.8033,Outbound,Bus,-1.9227274,2.1045456000000002,Attractor,0.045146728319634656
E02110,4.984090909090909,0.184090909090909,5TH ST AT CAVIT AVE,40.3858,-79.76,Inbound,Bus,4.800000000000001,5.168181818181818,Generator,27.07407407407409
E20620,1.709090909090909,6.06590909090909,FRANKSTOWN RD AT EYMARD ST FS,40.4605,-79.8729,Outbound,Bus,-4.356818181818181,7.774999999999999,Attractor,0.2817534657174972
N71286,83.40681818181821,87.09318181818179,ALPHA DR AT HARMAR PARK-AND-RIDE,40.5406,-79.834,Both,Bus,-3.6863636363635806,170.5,Attractor,0.9576733383784354
N08550,4.88181818181818,0.93181818181818,BEAVER ST AT RAPP ST,40.5666,-80.2097,Inbound,Bus,3.95,5.81363636363636,Generator,5.239024390243911
X02350,2.08409090909091,0.04545454545454545,BOWER HILL RD AT #736,40.3586,-80.1039,Inbound,Bus,2.0386363636363645,2.1295454545454553,Generator,45.85000000000002
E12650,0.025,0.0,CENTER RD AT LORRAINE DR FS,40.4546,-79.7602,Inbound,Bus,0.025,0.025,Generator,
S08270,7.793181818181814,1.2613636363636378,BROWNSVILLE RD AT W BRENTRIDGE AVE FS,40.3676,-79.9784,Inbound,Bus,6.531818181818177,9.054545454545453,Generator,6.178378378378368
E03560,15.188635000000001,1.768182,ALLEGHENY RIVER BLVD AT SOUTH AVE,40.505,-79.8431,Inbound,Bus,13.420453000000002,16.956817,Generator,8.589972638563227
N32815,2.70909115,59.58408865,MCKNIGHT RD AT PATRICK PL FS,40.5377,-80.0112,Both,Bus,-56.8749975,62.2931798,Attractor,0.04546668769095959
N36690,0.06818182,2.9727271999999996,MT ROYAL BLVD OPP SCOTT AVE,40.5391,-79.9722,Outbound,Bus,-2.9045453799999996,3.0409090199999995,Attractor,0.022935780989254584
S23095,0.0,0.0,HOMEVILLE RD OPP DUQUESNE VILLAGE ENTRANCE #1,40.3667,-79.8713,Inbound,Bus,0.0,0.0,Balanced,
X01260,16.261364999999998,1.5977275,BELTZHOOVER AVE AT EUREKA ST,40.4238,-79.9975,Inbound,Bus,14.663637499999998,17.8590925,Generator,10.177808794052803
E36020,0.338636345,24.784090999999997,LINCOLN AVE AT VASSAR ST FS,40.4679,-79.8969,Outbound,Bus,-24.445454654999995,25.122727344999998,Attractor,0.013663456327690213
E27550,53.57273,4.6704545,HAY ST AT PENN AVE,40.4439,-79.8859,Inbound,Bus,48.9022755,58.2431845,Generator,11.470560306282826
E34850,3.34090885,14.0681815,LIBERTY AVE AT 14TH ST,40.4469,-79.9892,Inbound,Bus,-10.72727265,17.40909035,Attractor,0.23747979438564962
E42350,88.61591,71.775,NORTH VERSAILLES PARK AND RIDE AT SHELTER,40.3882,-79.8233,Both,Bus,16.840909999999994,160.39091000000002,Generator,1.234634761407175
W07190,9.375,0.5727272727272725,FOREST GROVE RD AT FAIRHAVEN RD,40.4757,-80.0993,Both,Bus,8.802272727272728,9.947727272727272,Generator,16.369047619047624
S25109,0.0,1.7659094999999998,HWY RT 885 OPP HUSTON DR,40.3383,-79.9378,Outbound,Bus,-1.7659094999999998,1.7659094999999998,Attractor,0.0
N32560,15.78863636363635,0.243181818181818,MCKNIGHT RD AT CUMBERLAND RD,40.5723,-80.0238,Inbound,Bus,15.545454545454533,16.031818181818167,Generator,64.9252336448598
E70234,77.09317999999999,84.32272499999999,ELLSWORTH AVE OPP EAST LIBERTY STATION,40.4592,-79.9229,Outbound,Bus,-7.229545000000002,161.41590499999998,Attractor,0.9142633851076326
E57560,7.81363625,5.547727399999999,WILKINS AVE OPP MURRAY AVE,40.444,-79.9241,Inbound,Bus,2.2659088500000006,13.36136365,Generator,1.408439111481938
E30297,21.861365,0.025,JACKS RUN RD AT OAK PARK MALL,40.3378,-79.8072,Inbound,Bus,21.836365,21.886364999999998,Generator,874.4545999999999
E35220,5.790909,7.5136365,LIBERTY AVE AT CANOE WAY,40.4631,-79.9554,Outbound,Bus,-1.7227274999999995,13.3045455,Attractor,0.7707198771194215
W00480,33.17727272727275,4.713636363636365,5TH AVE AT BROADWAY ST,40.5163,-80.1614,Inbound,Bus,28.463636363636386,37.89090909090912,Generator,7.038572806171652
E55570,1.00227275,6.2363634999999995,VERONA RD AT QUINCY DR,40.4935,-79.8364,Outbound,Bus,-5.23409075,7.238636249999999,Attractor,0.1607142928727615
N20730,1.1863635000000001,0.525,FREEPORT RD AT BOYD AVE,40.4979,-79.8548,Outbound,Bus,0.6613635000000001,1.7113635,Generator,2.2597400000000003
N52545,1.8454545,5.534091,TROY HILL RD AT CHESTNUT ST FS,40.4555,-79.9941,Outbound,Bus,-3.6886365000000003,7.3795455,Attractor,0.3334702121811875
E70764,6.2295456499999995,2.07045475,HAWKINS AVE AT RANKIN BLVD,40.4121,-79.8811,Both,Bus,4.159090899999999,8.3000004,Generator,3.0087813558832903
X13410,0.3318182,7.284091,PIONEER AVE AT BELLE ISLE AVE FS,40.4,-80.0204,Outbound,Bus,-6.9522728,7.6159092,Attractor,0.04555382408045149
E54880,0.1659091,0.05,UNITY TRESTLE RD AT LEECHBURG RD,40.4915,-79.785,Both,Bus,0.1159091,0.21590910000000002,Generator,3.3181819999999997
S70390,0.025,1.6772725,WEYMAN RD AT SOUTH PASSAGE DR,40.3626,-80.0004,Outbound,Bus,-1.6522725,1.7022724999999999,Attractor,0.014905151071158683
E10060,3.5272727272727247,1.25681818181818,BRINTON RD OPP BRINTON MANOR DR FS,40.4114,-79.8521,Inbound,Bus,2.2704545454545446,4.784090909090905,Generator,2.806509945750454
S04010,14.063635000000001,0.9159090000000001,AMANDA ST AT CHARLES ST,40.4165,-79.9881,Inbound,Bus,13.147726000000002,14.979544,Generator,15.354838744897146
E70991,1.90227295,2.0022727,BEDFORD AVE AT LOGAN ST,40.4426,-79.991,Outbound,Bus,-0.09999974999999983,3.9045456499999998,Attractor,0.9500568778668361
P00380,233.19773,24.4363635,FOURTH AVE AT SMITHFIELD ST,40.4388,-79.9997,Outbound,Bus,208.7613665,257.6340935,Generator,9.543061920813217
E01640,39.413636499999996,18.906818,FIFTH AVE AT SENECA ST,40.4381,-79.976,Outbound,Bus,20.506818499999994,58.3204545,Generator,2.084625583215536
E70391,0.05,0.120454545,UNITY TRESTLE RD OPP FRANCIS RD,40.4837,-79.7659,Both,Bus,-0.070454545,0.170454545,Attractor,0.41509434118903527
N12975,1.01363635,5.2022725,CALIFORNIA AVE AT #3228,40.4739,-80.0385,Outbound,Bus,-4.188636150000001,6.21590885,Attractor,0.1948449163322375
W70176,10.204545,0.33636365,UNIVERSITY BLVD AT ROBERT MORRIS,40.5196,-80.2178,Inbound,Bus,9.86818135,10.540908649999999,Generator,30.337835256574245
W25150,0.0,0.225,WASHINGTON PIKE AT WINSTEIN ST,40.3741,-80.0992,Outbound,Bus,-0.225,0.225,Attractor,0.0
N20705,0.1181818,0.85227275,FREEPORT RD OPP CLIFTON AVE,40.4995,-79.8529,Outbound,Bus,-0.73409095,0.97045455,Attractor,0.13866664163555623
S70009,2.05909090909091,42.4568181818182,BROWNSVILLE RD AT TOWN SQUARE DRVWY,40.3667,-79.981,Outbound,Bus,-40.39772727272729,44.51590909090911,Attractor,0.04849847438573952
S04290,54.5568175,36.0704535,ARLINGTON AVE AT JOHN ST FS,40.4179,-79.9871,Both,Bus,18.486364000000002,90.62727100000001,Generator,1.5125071133358499
W70085,32.511365,53.968180000000004,BROADWAY AVE AT 9TH ST,40.4735,-80.0762,Outbound,Bus,-21.456815000000006,86.479545,Attractor,0.602417294783704
E41850,29.877275,0.5659091,NEGLEY AVE AT JACKSON ST,40.4726,-79.9259,Inbound,Bus,29.311365900000002,30.4431841,Generator,52.79518389084041
E41170,61.154545,32.53182,MURRAY AVE AT FORBES AVE,40.4377,-79.9229,Inbound,Bus,28.622724999999996,93.686365,Generator,1.8798378018813577
E10050,2.68409090909091,0.3795454545454545,BRINTON RD AT BRADDOCK RD,40.4225,-79.8639,Inbound,Bus,2.3045454545454556,3.0636363636363644,Generator,7.0718562874251525
E11670,29.472727000000003,10.513636499999999,BUTLER ST AT 43RD ST,40.4708,-79.9603,Inbound,Bus,18.959090500000002,39.9863635,Generator,2.803285713748997
S06480,4.163636363636365,0.0,BLOSSOM RD AT LAUREL DR FS,40.3436,-79.9944,Inbound,Bus,4.163636363636365,4.163636363636365,Generator,
E50200,1.5022725000000001,0.0,SALTSBURG RD OPP TILFORD RD,40.475,-79.7921,Inbound,Bus,1.5022725000000001,1.5022725000000001,Generator,
S31460,4.865909,0.6386363500000001,MAIN ST AT MARION ST,40.3881,-79.9018,Inbound,Bus,4.22727265,5.504545350000001,Generator,7.619217102189689
S11400,4.5931820000000005,1.1727275000000001,CHARLES ST AT BELTZHOOVER AVE,40.4165,-79.9966,Inbound,Bus,3.4204545000000004,5.765909500000001,Generator,3.9166660626616157
E37250,0.145454545,12.379545,LONG RD AT ELIZABETH DR,40.4622,-79.834,Outbound,Bus,-12.234090455,12.524999545,Attractor,0.011749587323282074
S70166,2.377272727272725,2.102272727272725,WALNUT ST AT 9TH AVE,40.3473,-79.8642,Outbound,Bus,0.27500000000000036,4.47954545454545,Generator,1.130810810810811
E39550,8.5727276,5.0454545,MONONGAHELA AVE AT DUQUESNE AVE,40.4182,-79.888,Both,Bus,3.5272731000000004,13.6181821,Generator,1.6990991792711638
N12795,5.540909,22.29318,CALIFORNIA AVE AT FALCK AVE,40.478,-80.0404,Outbound,Bus,-16.752271,27.834089,Attractor,0.24854726871626212
E44890,1.275,5.1954545,PARK HILL DR AT EAST HILLS DR,40.4566,-79.8719,Inbound,Bus,-3.9204545000000004,6.470454500000001,Attractor,0.24540682629402294
S11320,9.4272725,2.693182,CHALFONT ST AT DELMONT AVE,40.4166,-80.0038,Inbound,Bus,6.734090500000001,12.120454500000001,Generator,3.5004216202247007
N21330,1.6295456000000001,5.936364,PITTSBURGH ST AT JAMES ST,40.5412,-79.7797,Outbound,Bus,-4.3068184,7.5659096,Attractor,0.2745023047778068
E70841,6.8272725,1.0136365,HAZELWOOD AVE OPP SYLVAN AVE,40.4119,-79.9417,Outbound,Bus,5.813636000000001,7.840909,Generator,6.735424878642393
X04690,3.7818180000000003,3.334091,COCHRAN RD OPP NAVATO PL FS,40.3841,-80.0529,Outbound,Bus,0.44772700000000043,7.115909,Generator,1.1342875764338767
E20500,6.5204545,1.7454545500000003,FRANKSTOWN AVE OPP LASCHALL ST,40.4583,-79.9058,Inbound,Bus,4.77499995,8.26590905,Generator,3.7356770475633403
N43190,0.85,2.8295455,PERRY HWY AT #328,40.5184,-80.0277,Outbound,Bus,-1.9795455,3.6795455,Attractor,0.30040160159997426
S13872,4.1909089999999996,1.881818,CURRY HOLLOW RD OPP ARBOR LN,40.3367,-79.9713,Inbound,Bus,2.3090909999999996,6.0727269999999995,Generator,2.227053306961672
N37110,3.325,0.025,MT TROY RD AT PITTVIEW AVE,40.4694,-79.9819,Inbound,Bus,3.3000000000000003,3.35,Generator,133.0
E46905,2.140909,0.0681818,PENN CENTER BLVD AT PENN TOWERS (LOWER),40.4246,-79.814,Inbound,Bus,2.0727272,2.2090908000000002,Generator,31.400007040001878
S31480,14.63182,1.4613635,MAIN ST AT MILLER AVE,40.3872,-79.9023,Inbound,Bus,13.1704565,16.0931835,Generator,10.012443858081852
E46540,51.193184,11.0227278,PENN AVE AT THOMPSON ST,40.4053,-79.827,Inbound,Bus,40.170456200000004,62.2159118,Generator,4.644329872683602
N43860,11.356819999999999,1.5704544999999999,PERRYSVILLE AVE AT SEMICIR ST,40.4873,-80.0164,Inbound,Bus,9.786365499999999,12.9272745,Generator,7.231549847512297
S44830,3.9545454545454533,2.950000000000002,ST CLAIR AVE AT STATE ST FS,40.2924,-79.8751,Both,Bus,1.0045454545454513,6.904545454545455,Generator,1.340523882896763
N23970,1.0863635999999999,0.45454545,GRANT AVE AT BYERLEY AVE,40.5082,-79.9519,Inbound,Bus,0.6318181499999999,1.5409090499999998,Generator,2.389999943899999
N10953,0.025,3.043182,BROAD ST AT THORN ST,40.5391,-80.1816,Outbound,Bus,-3.018182,3.0681819999999997,Attractor,0.008215085394169656
E01720,458.59091,304.34091,FIFTH AVE OPP TENNYSON AVE,40.4455,-79.9532,Both,Bus,154.25,762.93182,Generator,1.5068329459881027
S40000,0.7636363500000001,4.006818,PROVOST RD OPP SHADOW DR,40.3708,-79.9946,Outbound,Bus,-3.24318165,4.77045435,Attractor,0.1905842366685984
N10560,29.813634999999998,3.3295455,BRIGHTON RD AT ISLAND AVE (OLIVER HIGH SCHOOL,40.4645,-80.0238,Inbound,Bus,26.484089499999996,33.1431805,Generator,8.954265679805246
N08880,1.218181818181818,0.268181818181818,BEAVER ST OPP VALLEY LN,40.5611,-80.2027,Inbound,Bus,0.95,1.486363636363636,Generator,4.542372881355934
N32650,0.44090909,8.600000000000001,MCKNIGHT RD AT HOUSTON RD FS,40.5268,-80.0057,Both,Bus,-8.159090910000002,9.040909090000001,Attractor,0.0512684988372093
N14810,0.0,1.3772725000000001,CHARTERWOOD DR AT LAURELWOOD DR,40.5525,-80.0012,Outbound,Bus,-1.3772725000000001,1.3772725000000001,Attractor,0.0
E52710,0.0,2.081818,STANTON AVE AT HOLMES ST,40.4776,-79.9527,Outbound,Bus,-2.081818,2.081818,Attractor,0.0
E08970,15.013635,0.125,BRADDOCK AVE AT OVERTON ST,40.4341,-79.8949,Inbound,Bus,14.888635,15.138635,Generator,120.10908
E34800,4.0386365,12.738635,LEMINGTON AVE AT WARDSONS ST,40.4714,-79.8981,Both,Bus,-8.6999985,16.7772715,Attractor,0.31703840325121174
S12550,0.32954545,3.0022725,CLIMAX ST OPP GEARING AVE,40.4192,-80.0055,Outbound,Bus,-2.67272705,3.33181795,Attractor,0.10976533609124421
S48790,4.5613638,13.740908999999998,WHITAKER WAY AT SCHWAB AVE,40.4019,-79.8886,Both,Bus,-9.1795452,18.302272799999997,Attractor,0.3319550256827987
S70564,2.8727275,0.42272725,MOUNTAINVIEW DR AT POOL CITY DR,40.3449,-79.9422,Inbound,Bus,2.45000025,3.2954547499999998,Generator,6.795699827725797
W20430,0.8,0.1386363636363635,RIVER AVE AT UNDERPASS,40.4704,-80.0541,Inbound,Bus,0.6613636363636366,0.9386363636363635,Generator,5.770491803278694
X08846,0.6068182,0.047727275,KANE BLVD AT DAVIS ST,40.378,-80.0915,Inbound,Bus,0.559090925,0.6545454749999999,Generator,12.714285489795929
E20890,1.95,5.5363635,FRANKSTOWN RD OPP CHAMPA ST,40.462,-79.8596,Outbound,Bus,-3.5863635,7.4863635,Attractor,0.35221675744376246
E70339,0.19545454499999998,0.0,UNIVERSAL RD AT HERSHEY RD FS,40.469,-79.7958,Inbound,Bus,0.19545454499999998,0.19545454499999998,Generator,
E46120,15.53636375,1.4818183200000001,PENN AVE AT JACKSON ST,40.4448,-79.8612,Inbound,Bus,14.05454543,17.018182069999998,Generator,10.48466167566345
S70295,5.911363636363635,4.386363636363635,MONONGAHELA AVE AT 5TH ST,40.3275,-79.8924,Inbound,Bus,1.5250000000000004,10.29772727272727,Generator,1.3476683937823837
E70883,0.13863635,0.0,CHURCH ST AT BRADDOCK AVE NS,40.4229,-79.8877,Inbound,Bus,0.13863635,0.13863635,Generator,
E70846,6.956818,2.1613634999999998,HAZELWOOD AVE AT SABINA ST,40.4159,-79.9386,Outbound,Bus,4.7954545,9.1181815,Generator,3.218717258804454
N49470,0.44090910000000005,13.66818,SHADELAND AVE AT DAVIS AVE,40.4815,-80.0348,Outbound,Bus,-13.227270899999999,14.1090891,Attractor,0.032258069472307214
S01150,1.8818181999999999,4.681818,SECOND AVE OPP MANSION ST,40.404,-79.9425,Outbound,Bus,-2.7999998,6.5636361999999995,Attractor,0.4019417670656997
S44820,1.6863636363636365,2.79772727272727,ST CLAIR AVE AT STATE ST,40.2924,-79.8756,Both,Bus,-1.1113636363636337,4.484090909090907,Attractor,0.6027619821283515
E53440,0.270454545,0.2,STEVENSON ST AT FORBES AVE,40.4376,-79.9865,Inbound,Bus,0.07045454499999998,0.470454545,Generator,1.352272725
N28090,0.8227272750000001,1.690909,ITIN ST OPP GOEHRING ST,40.4611,-79.9933,Outbound,Bus,-0.8681817249999999,2.513636275,Attractor,0.4865591672881273
W24450,3.81818181818182,29.777272727272752,WASHINGTON AVE OPP FRANKLIN AVE,40.4017,-80.0831,Outbound,Bus,-25.959090909090932,33.59545454545457,Attractor,0.12822469851930998
N36340,0.5954545499999999,0.11590910000000001,MT ROYAL BLVD AT VILSACK RD,40.5359,-79.9708,Inbound,Bus,0.47954544999999993,0.7113636499999999,Generator,5.1372545382545445
E41865,12.029545,17.570455000000003,NEGLEY AVE AT KENTUCKY AVE NS,40.4502,-79.9298,Inbound,Bus,-5.540910000000002,29.6,Attractor,0.6846461858842016
E39908,89.84772727272725,94.84545454545454,MONROEVILLE MALL AT PARK AND RIDE SHELTER,40.4271,-79.7922,Both,Bus,-4.997727272727289,184.6931818181818,Attractor,0.947306623214799
X04165,0.8886363500000001,0.0,CEDAR BLVD AT BEADLING RD,40.3643,-80.0627,Inbound,Bus,0.8886363500000001,0.8886363500000001,Generator,
X04030,1.7227275,0.21818179999999998,CEDAR BLVD AT MORGAN DR,40.375,-80.0568,Inbound,Bus,1.5045457,1.9409093,Generator,7.895835032986254
S00790,97.46590499999999,32.538637,SECOND AVE AT GLEN CALADH ST,40.4089,-79.9437,Both,Bus,64.927268,130.004542,Generator,2.9953899113844256
S70268,7.3431818181818205,10.79772727272727,HOFFMAN BLVD AT DUQUESNE BLVD FS,40.3844,-79.8636,Both,Bus,-3.4545454545454497,18.14090909090909,Attractor,0.6800673542412128
E33870,0.2068182,1.8636365,LAKETON RD AT CHURCHILL AVE,40.4577,-79.8502,Outbound,Bus,-1.6568182999999999,2.0704547,Attractor,0.11097561139202844
E18010,14.331818181818205,3.2727272727272734,ELECTRIC AVE OPP DYNAMO WAY,40.4012,-79.8349,Inbound,Bus,11.059090909090932,17.60454545454548,Generator,4.379166666666673
W02800,2.5045455,0.19545454499999998,CAROTHERS AVE AT CREEK AVE,40.4017,-80.0884,Inbound,Bus,2.309090955,2.700000045,Generator,12.813953750730125
P01230,43.197725,3.5659088499999996,BLVD OF ALLIES AT MARKET ST,40.4391,-80.0038,Outbound,Bus,39.63181615,46.76363385,Generator,12.11408558578271
E02090,32.4590941,7.090908774999999,FIFTH AVE OPP WILKINS AVE,40.4479,-79.9369,Both,Bus,25.368185325000002,39.550002875000004,Generator,4.577564756500482
X20000,1.9863635,3.5795455,WEST LIBERTY AVE AT CAPE MAY AVE,40.4087,-80.0176,Outbound,Bus,-1.593182,5.5659089999999996,Attractor,0.5549205897787861
E51000,0.19318180000000001,4.670454545,SAVANNAH AVE AT OVERTON ST,40.4351,-79.8932,Outbound,Bus,-4.4772727450000005,4.863636345,Attractor,0.041362526524706816
E19270,52.51590999999999,4.19545475,FORBES AVE AT BRADDOCK AVE FS,40.4397,-79.8984,Inbound,Bus,48.320455249999995,56.71136474999999,Generator,12.517334384311974
S30610,8.472727272727274,8.16363636363637,LYSLE BLVD AT CENTER ST,40.3523,-79.8534,Both,Bus,0.3090909090909051,16.636363636363644,Generator,1.0378619153674828
E06180,0.025,0.73636365,BEECHWOOD BLVD AT #3986,40.4276,-79.9362,Outbound,Bus,-0.71136365,0.7613636500000001,Attractor,0.033950616655235494
X02050,15.45682,0.43409090000000006,BOWER HILL RD AT CARNEGIE DR,40.3837,-80.0562,Inbound,Bus,15.022729100000001,15.8909109,Generator,35.607334777116954
E00175,14.090909,22.190909,26TH ST AT PENN AVE FS (SPRING WAY),40.4546,-79.9781,Inbound,Bus,-8.100000000000001,36.281818,Attractor,0.634985660118745
X02340,0.143181818181818,0.709090909090909,BOWER HILL RD AT #737,40.3587,-80.1039,Outbound,Bus,-0.565909090909091,0.852272727272727,Attractor,0.20192307692307668
E38200,0.0,1.440909,MAIN ST AT THOMPSON RUN RD,40.4685,-79.7911,Outbound,Bus,-1.440909,1.440909,Attractor,0.0
W21490,4.93409090909091,1.275,STEUBEN ST AT DUNCAN AVE,40.4395,-80.0762,Inbound,Bus,3.6590909090909105,6.209090909090911,Generator,3.8698752228164004
N71302,3.868182,22.525,CALIFORNIA AVE AT BAINTON ST,40.4728,-80.0378,Outbound,Bus,-18.656817999999998,26.393182,Attractor,0.17172839067702553
S70494,1.31590909090909,0.0,CHURCHVIEW AVE OPP CASTLEVIEW DR,40.385,-79.9591,Inbound,Bus,1.31590909090909,1.31590909090909,Generator,
N71269,19.579545,2.7431818,GAMMA DR OPP ZOLL DRIVEWAY,40.4987,-79.8682,Both,Bus,16.8363632,22.322726799999998,Generator,7.137530950373031
E70987,0.025,0.047727275,BLAIR ST AT ELIZA ST,40.4138,-79.95,Outbound,Bus,-0.022727274999999998,0.07272727500000001,Attractor,0.5238094988662144
E48220,2.1090909,12.4681819,RANKIN BLVD OPP BLDG #5,40.413,-79.8831,Both,Bus,-10.359091,14.5772728,Attractor,0.16915785452247853
N21210,0.0,0.02272727272727275,FREEPORT RD AT OLIVE AVE,40.6389,-79.7112,Outbound,Bus,-0.02272727272727275,0.02272727272727275,Attractor,0.0
S09400,8.1681817,37.788637,BROWNSVILLE RD OPP CLIFTON BLVD,40.3868,-79.9818,Outbound,Bus,-29.620455300000003,45.9568187,Attractor,0.21615444081775162
W22420,1.9977274999999999,0.025,STEUBENVILLE PIKE AT PALOMINO DR FS,40.4418,-80.1983,Inbound,Bus,1.9727275,2.0227275,Generator,79.9091
X20250,19.375,4.913636363636365,WEST LIBERTY AVE AT WISCONSIN AVE FS,40.3938,-80.0359,Inbound,Bus,14.461363636363636,24.288636363636364,Generator,3.9431082331174827
N45810,4.6522725,24.995455,RHINE ST OPP YETTA AVE,40.4636,-79.9915,Outbound,Bus,-20.3431825,29.6477275,Attractor,0.18612473747727334
X13420,14.775,0.097727275,PIONEER AVE AT BERWIN AVE,40.3991,-80.0212,Inbound,Bus,14.677272725,14.872727275,Generator,151.18604299567343
E00980,203.8181825,15.1454546,FIFTH AVE AT BELLEFONTE ST,40.449,-79.9325,Both,Bus,188.6727279,218.9636371,Generator,13.457382949733315
E70589,4.86818181818182,1.3613636363636366,7TH ST AT BRADDOCK AVE,40.4023,-79.8674,Inbound,Bus,3.5068181818181836,6.229545454545456,Generator,3.5759599332220375
E48646,0.9181819999999999,2.475,ROBERTS ST AT WYLIE AVE,40.4435,-79.9841,Inbound,Bus,-1.5568180000000003,3.393182,Attractor,0.37098262626262624
N19200,63.175,78.3,FEDERAL ST AT MONTGOMERY AVE,40.4547,-80.0063,Outbound,Bus,-15.125,141.475,Attractor,0.8068326947637292
S49380,7.72727272727273,19.14318181818182,W 5TH AVE AT REBECCA ST,40.35,-79.8737,Both,Bus,-11.41590909090909,26.87045454545455,Attractor,0.40365665439867043
E51060,3.256818,15.75,SCHENLEY AVE AT PACIFIC AVE,40.472,-79.9388,Outbound,Bus,-12.493182000000001,19.006818,Attractor,0.20678209523809524
S70540,0.02272727272727275,0.3886363636363635,CHURCHVIEW AVE AT JOHN ROMANUS DR FS,40.3835,-79.9554,Outbound,Bus,-0.36590909090909074,0.41136363636363626,Attractor,0.05847953216374276
E12235,17.686363749999998,2.0022724999999997,BUTLER ST OPP 53RD ST,40.4822,-79.9524,Inbound,Bus,15.684091249999998,19.68863625,Generator,8.833145213750877
S35200,0.09318180000000001,12.170455,MOUNTAIN AVE AT FISHER ST,40.4116,-79.9773,Outbound,Bus,-12.0772732,12.2636368,Attractor,0.007656394111806009
E32224,0.022727275,0.022727275,IMOGENE RD AT DESDEMONA AVE,40.4117,-79.9228,Outbound,Bus,0.0,0.04545455,Balanced,1.0
N40000,0.8704545454545449,2.688636363636365,OHIO RIVER BLVD AT SHILOH AVE,40.4879,-80.0563,Outbound,Bus,-1.81818181818182,3.5590909090909095,Attractor,0.32375316990701575
N28950,7.802272727272725,0.02272727272727275,KENDALL AVE AT DAVIS AVE,40.4897,-80.0499,Inbound,Bus,7.7795454545454525,7.8249999999999975,Generator,343.29999999999956
S40100,0.095454545,1.7704545,PROVOST RD AT SHADOWLAWN DR,40.3724,-79.9948,Outbound,Bus,-1.674999955,1.865909045,Attractor,0.053915277122343445
S26980,3.634091,0.170454545,JOSEPHINE ST AT #3203,40.42,-79.9642,Inbound,Bus,3.463636455,3.8045455450000003,Generator,21.320000590186666
W24110,46.2159090909091,8.752272727272725,WASHINGTON AVE AT FRANKLIN AVE,40.4016,-80.083,Inbound,Bus,37.463636363636375,54.968181818181826,Generator,5.280446637237084
N08450,0.43409090000000006,1.6409090000000002,BEAVER ST AT NEVIN AVE,40.5364,-80.1766,Outbound,Bus,-1.2068181,2.0749999000000003,Attractor,0.26454294540404133
N10890,11.1522725,2.47954565,BRIGHTON RD OPP PENNOCK ST,40.4873,-80.0393,Inbound,Bus,8.67272685,13.63181815,Generator,4.497708078090839
E70363,0.0,0.0,MILLTOWN RD AT LEECHBURG RD,40.4946,-79.7886,Inbound,Bus,0.0,0.0,Balanced,
E05710,25.954545,25.95,BEDFORD AVE AT MERCER ST,40.4444,-79.9873,Outbound,Bus,0.004545000000000243,51.904545,Generator,1.0001751445086706
X13480,54.35682,2.1363635,PIONEER AVE AT DUNSTER ST,40.4024,-80.0159,Inbound,Bus,52.2204565,56.4931835,Generator,25.443619496401247
E58030,2.3613635,0.120454545,WILTSIE ST AT WARDSONS ST,40.4726,-79.8967,Both,Bus,2.240908955,2.481818045,Generator,19.60377252680669
E10550,44.17727272727275,3.504545454545453,BROADWAY BLVD AT WALL AVE,40.4014,-79.78,Inbound,Bus,40.6727272727273,47.6818181818182,Generator,12.605706874189377
S23880,0.04772727272727275,0.125,HWY RT 51 AT JEFFERSON VETERINARY CLINIC,40.3016,-79.9303,Outbound,Bus,-0.07727272727272724,0.17272727272727276,Attractor,0.381818181818182
S27205,40.34772727272725,3.9363636363636347,KEEPORT DR AT TRAVIS DR FS,40.3384,-79.9791,Inbound,Bus,36.41136363636361,44.284090909090885,Generator,10.249999999999998
E19650,542.454575,241.31817999999998,FORBES AVE AT MURRAY AVE FS,40.4381,-79.9235,Inbound,Bus,301.136395,783.772755,Generator,2.2478810962356834
E41190,292.44319500000006,92.431821,MURRAY AVE AT FORWARD AVE,40.4295,-79.9235,Both,Bus,200.01137400000005,384.8750160000001,Generator,3.16388005598202
N52260,0.0,0.0,THOMPSON RUN RD AT SIEBERT RD,40.5292,-79.9904,Inbound,Bus,0.0,0.0,Balanced,
E58450,12.7545453,6.1863633,WM PENN HWY AT GRAHAM BLVD FS,40.4451,-79.8591,Inbound,Bus,6.568182,18.9409086,Generator,2.0617194111441854
E70958,2.340909,2.1272725,EAST PITTSBURGH MCKEESPORT BLV OPP #920,40.3816,-79.8283,Outbound,Bus,0.21363649999999978,4.4681815,Generator,1.1004274252593402
S47570,0.26363637500000003,1.9204546,WARRINGTON AVE AT DELMONT AVE FS,40.4208,-80.0047,Outbound,Bus,-1.6568182249999999,2.184090975,Attractor,0.13727810852701233
E58575,0.9318181818181819,8.109090909090906,WM PENN HWY AT MCCREA DR,40.4456,-79.8555,Outbound,Bus,-7.177272727272724,9.040909090909087,Attractor,0.11491031390134535
E19360,123.76136,42.58409,FORBES AVE BTW DENNISTON ST & SHADY AVE,40.4381,-79.9188,Inbound,Bus,81.17727,166.34545,Generator,2.9062816652886085
N20750,6.2363636363636346,3.395454545454545,FREEPORT ST AT BRIDGE ST,40.4967,-79.942,Outbound,Bus,2.8409090909090895,9.63181818181818,Generator,1.8366800535475232
E57750,26.818181499999998,0.8863636500000001,WILKINS AVE AT FAIR OAKS ST,40.4452,-79.9301,Inbound,Bus,25.931817849999998,27.704545149999998,Generator,30.256409431952672
E25346,3.3204545,11.836363500000001,GREENFIELD AVE AT WINTERBURN AVE,40.4261,-79.9401,Outbound,Bus,-8.515909,15.156818000000001,Attractor,0.2805299533087168
S05280,0.0,5.5977274999999995,BAPTIST RD AT MCKEE DR FS,40.3527,-80.0098,Outbound,Bus,-5.5977274999999995,5.5977274999999995,Attractor,0.0
S47260,1.05227275,0.0,WALNUT ST AT LINDEN ST,40.3146,-79.8297,Inbound,Bus,1.05227275,1.05227275,Generator,
N19290,22.202273,59.059092,FEDERAL ST AT SAMPSONIA WAY,40.4577,-80.0075,Both,Bus,-36.856819,81.261365,Attractor,0.37593319247102547
N26415,0.45227275,2.0704545,HILL ST AT LOCUST PL,40.5422,-80.1786,Outbound,Bus,-1.6181817499999998,2.52272725,Attractor,0.2184412890986013
W14370,0.2977272727272728,0.5886363636363635,CORAOPOLIS RD AT PORTER HOLLOW RD,40.4862,-80.1065,Both,Bus,-0.29090909090909073,0.8863636363636362,Attractor,0.505791505791506
N20040,4.45681818181818,16.9840909090909,FOREST AVE AT BALPH AVE,40.5,-80.0524,Outbound,Bus,-12.527272727272718,21.44090909090908,Attractor,0.26241134751773054
N45570,0.25,0.0,REMINGTON DR AT HAZLETT RD,40.5601,-80.011,Inbound,Bus,0.25,0.25,Generator,
S12470,0.45909089999999997,2.6954545,CLIMAX ST AT CURTIN AVE,40.42,-79.9988,Outbound,Bus,-2.2363636,3.1545454,Attractor,0.17032040422125472
E13210,2.3977273,8.675,CENTRE AVE AT LOGAN ST FS,40.4406,-79.9901,Inbound,Bus,-6.277272700000001,11.0727273,Attractor,0.2763950778097983
N30240,66.5,14.14318181818182,LINCOLN AVE AT BRYANT AVE FS,40.4924,-80.0492,Inbound,Bus,52.356818181818184,80.64318181818182,Generator,4.7019122609673785
P00220,9.27272775,3.54318195,SECOND AVE AT ALLEGHENY COUNTY JAIL,40.4352,-79.9937,Outbound,Bus,5.7295457999999995,12.815909699999999,Generator,2.6170622567096786
E07350,3.954545454545455,53.34772727272725,BEULAH RD AT MCCRADY RD,40.4464,-79.8483,Outbound,Bus,-49.393181818181795,57.3022727272727,Attractor,0.07412772121160487
S10510,0.8909090900000001,1.76363635,BUTTERMILK HOLLOW RD OPP WALNUT DR,40.3563,-79.9116,Outbound,Bus,-0.87272726,2.65454544,Attractor,0.5051546425656287
W02860,1.3454545,0.3909091,CAROTHERS AVE AT WASHINGTON AVE FS,40.3961,-80.0869,Inbound,Bus,0.9545454,1.7363636,Generator,3.4418602687939472
S70092,306.454545,351.038635,WALMART DRVWY AT SHELTER (WEST MIFFLIN),40.3413,-79.9448,Both,Bus,-44.58409,657.4931799999999,Attractor,0.8729937802999946
E30510,0.0,0.0,HWY RT 286 OPP DAY CHEVROLET,40.4315,-79.7171,Inbound,Bus,0.0,0.0,Balanced,
N38690,2.8272725000000003,15.852274999999999,NORTH AVE AT MIDDLE ST FS,40.4567,-80.0003,Inbound,Bus,-13.0250025,18.679547499999998,Attractor,0.1783512145733026
E21362,10.168182,0.5954545499999999,FRANKSTOWN RD AT BARTHOLOMEW CHURCH DR,40.4649,-79.8394,Inbound,Bus,9.57272745,10.76363655,Generator,17.076336052852398
N45590,0.0,0.05,REMINGTON DR AT PEEBLES RD,40.5613,-80.013,Outbound,Bus,-0.05,0.05,Attractor,0.0
S50200,2.4068181818181804,0.14545454545454545,WORTHINGTON AVE AT 11TH ST FS,40.2924,-79.896,Inbound,Bus,2.261363636363635,2.552272727272726,Generator,16.546874999999993
E04380,44.386363636363654,3.143181818181816,ARDMORE BLVD AT SUMNER AVE,40.4172,-79.8482,Inbound,Bus,41.24318181818184,47.52954545454547,Generator,14.12147505422995
N12125,15.013635,0.570454545,BUENTE ST AT RHINE ST,40.4662,-79.9931,Inbound,Bus,14.443180455,15.584089545000001,Generator,26.31872273013444
S70320,0.143181818181818,2.629545454545455,HWY RT 885 OPP WALL RD FS,40.307,-79.9043,Inbound,Bus,-2.4863636363636368,2.772727272727273,Attractor,0.054451166810717294
S27070,4.7522725,0.1409091,JOSEPHINE ST OPP TELESCOPE ST,40.4229,-79.9668,Inbound,Bus,4.6113634,4.8931816,Generator,33.72580266285144
E38305,3.625,0.3545454545454545,MALL BLVD AT JO ANN FABRIC,40.4338,-79.7888,Inbound,Bus,3.2704545454545455,3.9795454545454545,Generator,10.224358974358976
E48510,2.3022725,0.022727275,REYNOLDS ST AT MURTLAND ST,40.448,-79.9077,Outbound,Bus,2.279545225,2.3249997749999998,Generator,101.299979870002
E70857,9.5136365,0.097727275,UNIVERSAL RD AT SALTSBURG RD FS,40.4769,-79.7857,Inbound,Bus,9.415909225,9.611363775000001,Generator,97.34883634072474
N12510,2.2113636363636346,5.270454545454545,BUTLER ST AT #188,40.4934,-79.9483,Outbound,Bus,-3.05909090909091,7.481818181818179,Attractor,0.41957740405347105
E42950,2.0954546499999998,1.2181818,OAKWOOD ST OPP INGLENOOK PL,40.451,-79.8845,Inbound,Bus,0.8772728499999998,3.3136364499999997,Generator,1.7201493652261097
N38390,142.10227749999999,55.856818,NORTH AVE AT CEDAR AVE (AGH),40.4561,-80.0029,Both,Bus,86.24545949999998,197.9590955,Generator,2.5440453392815896
S50310,0.15,1.8318180000000002,WORTON BLVD AT CONLIN ST,40.3629,-79.8707,Outbound,Bus,-1.6818180000000003,1.981818,Attractor,0.08188586420703366
W22400,0.0,0.32954545,STEUBENVILLE PIKE AT OLD STEUBENVILLE PIKE,40.4503,-80.1167,Outbound,Bus,-0.32954545,0.32954545,Attractor,0.0
E70359,0.0,0.09090909,MILLTOWN RD OPP NEWFIELD DR,40.501,-79.7921,Outbound,Bus,-0.09090909,0.09090909,Attractor,0.0
E41220,39.120456000000004,109.19317899999999,MURRAY AVE AT HAZELWOOD AVE,40.4198,-79.9284,Both,Bus,-70.07272299999998,148.31363499999998,Attractor,0.35826831271209725
N50400,0.0,2.275,SPRING GARDEN AVE AT LAGER ST,40.464,-79.9859,Outbound,Bus,-2.275,2.275,Attractor,0.0
S09750,47.979545454545445,14.07045454545455,BROWNSVILLE RD OPP STEWART AVE,40.3828,-79.9767,Inbound,Bus,33.90909090909089,62.05,Generator,3.4099499273138405
W26175,21.9431818181818,171.2386363636365,WEST BUSWAY AT INGRAM STATION A,40.4437,-80.0661,Outbound,Busway,-149.29545454545467,193.1818181818183,Attractor,0.12814387152432125
N06530,0.0,0.2431818,BABCOCK BLVD AT HOFFMAN BLVD,40.5078,-79.9897,Outbound,Bus,-0.2431818,0.2431818,Attractor,0.0
E05200,14.0818185,0.5159090749999999,BEACON ST AT MURDOCH ST FS,40.4338,-79.9309,Both,Bus,13.565909425000001,14.597727575,Generator,27.295155643462955
E57680,1.7204546,2.74090935,WILKINS AVE AT WOODLAND RD,40.4439,-79.922,Both,Bus,-1.0204547499999999,4.46136395,Attractor,0.627694819604304
N10290,47.102271,23.243184,BRIGHTON RD AT CALIFORNIA AVE FS,40.4594,-80.0168,Inbound,Bus,23.859087000000002,70.345455,Generator,2.02649821986523
E20960,0.54772725,1.3227275,FRANKSTOWN RD AT CURTIS ST,40.4627,-79.8501,Outbound,Bus,-0.7750002500000001,1.87045475,Attractor,0.41408925874755004
W18340,0.220454545,0.022727275,NOBLESTOWN RD OPP ST PAUL'S SEMINARY,40.4196,-80.0666,Inbound,Bus,0.19772727,0.24318182,Generator,9.699999010000099
E02930,0.55,3.9727274999999995,AIKEN AVE AT PENN AVE,40.4648,-79.9364,Outbound,Bus,-3.4227274999999997,4.522727499999999,Attractor,0.1384439280066403
E70361,0.0,0.0,HULTON RD AT FRANKLAND AVE,40.5221,-79.8109,Outbound,Bus,0.0,0.0,Balanced,
E48480,0.21590910000000002,1.55454545,REYNOLDS ST AT HOMEWOOD AVE,40.4465,-79.9034,Inbound,Bus,-1.33863635,1.77045455,Attractor,0.13888889514295
N37200,0.0,1.5022725000000001,MT TROY RD AT #3802,40.4921,-79.994,Outbound,Bus,-1.5022725000000001,1.5022725000000001,Attractor,0.0
S00320,4.02954565,19.1863645,S 18TH ST AT #2620,40.4209,-79.9858,Outbound,Bus,-15.15681885,23.21591015,Attractor,0.2100213226950838
N37195,0.0,0.2590909,MT TROY RD AT #2840,40.4769,-79.9876,Outbound,Bus,-0.2590909,0.2590909,Attractor,0.0
W70177,0.54772725,10.79318,UNIVERSITY BLVD AT MOON PLAZA,40.52,-80.2179,Outbound,Bus,-10.24545275,11.340907249999999,Attractor,0.05074753223795026
W08480,8.447727272727276,15.175000000000013,HECKLE RD OPP OHIO VALLEY HOSPITAL ENTRANCE,40.4717,-80.0917,Both,Bus,-6.727272727272737,23.62272727272729,Attractor,0.5566871349408414
E25328,0.6886363499999999,0.3590909,GREENFIELD AVE AT YODER ST,40.4251,-79.947,Outbound,Bus,0.3295454499999999,1.0477272499999999,Generator,1.91772152956257
E41390,0.11363635,0.31136365,MURRAY AVE AT WILKINS AVE,40.4439,-79.9238,Inbound,Bus,-0.1977273,0.425,Attractor,0.3649634438702141
E41750,77.568175,26.709091,NEGLEY AVE AT CORAL ST,40.462,-79.9316,Inbound,Bus,50.859083999999996,104.277266,Generator,2.904186256282552
E17760,1.845454545454543,2.699999999999998,EDGEWOOD TOWNE CENTRE AT DOLLAR TREE,40.4274,-79.8864,Both,Bus,-0.8545454545454549,4.545454545454541,Attractor,0.6835016835016832
N43330,3.3545455,29.220455,PERRYSVILLE AVE AT FRANKLIN RD FS,40.4904,-80.0187,Outbound,Bus,-25.8659095,32.5750005,Attractor,0.11480127533948392
W23185,0.825,0.12272727500000001,SWALLOW HILL RD AT HOPE ST,40.3928,-80.076,Inbound,Bus,0.7022727249999999,0.947727275,Generator,6.722222097736627
N32930,20.395455,1.8340909,MCKNIGHT RD AT SIEBERT RD FS,40.5302,-80.0097,Both,Bus,18.5613641,22.229545899999998,Generator,11.120198568129855
S23960,0.22954544999999998,1.5045456499999998,HWY RT 51 AT MAXWELL DR FS,40.35,-79.9765,Outbound,Bus,-1.2750001999999998,1.7340910999999999,Attractor,0.1525679529896617
N04310,0.0,1.10909090909091,9TH AVE AT MORGAN ST,40.6095,-79.7421,Outbound,Bus,-1.10909090909091,1.10909090909091,Attractor,0.0
E33090,18.152274995000003,17.21590765,KELLY AVE AT PEEBLES ST,40.4413,-79.8942,Both,Bus,0.9363673450000043,35.368182645000005,Generator,1.0543896589152535
S17710,0.23863636363636348,0.11590909090909099,EVANS ST AT COLFAX ST,40.348,-79.8494,Outbound,Bus,0.12272727272727249,0.3545454545454545,Generator,2.058823529411762
S70366,1.4159090909090901,1.286363636363635,MONONGAHELA AVE AT 2ND ST,40.3327,-79.8919,Outbound,Bus,0.12954545454545507,2.7022727272727254,Generator,1.1007067137809192
X17660,1.3636365000000001,1.5363635,SOUTHERN AVE AT LELIA ST,40.4218,-80.0126,Outbound,Bus,-0.17272699999999985,2.9000000000000004,Attractor,0.8875741320332071
P03695,441.3727465,1790.90225,WOOD ST BTW FORBES AVE & FIFTH AVE,40.4403,-80.0006,Inbound,Bus,-1349.5295035000001,2232.2749965000003,Attractor,0.24645272878516958
E70839,11.2863635,14.75682,MELLON TERRACE AT N NEGLEY AVE,40.4796,-79.922,Both,Bus,-3.470456499999999,26.043183499999998,Attractor,0.7648235527708545
S70493,0.85,0.02272727272727275,CHURCHVIEW AVE OPP JOHN ROMANUS DR,40.3835,-79.9555,Inbound,Bus,0.8272727272727273,0.8727272727272727,Generator,37.39999999999996
E18400,34.34091,11.663635,ELLSWORTH AVE AT AIKEN AVE,40.4529,-79.9366,Inbound,Bus,22.677275,46.004545,Generator,2.9442716614503115
E70290,5.475,1.6977275,HAMILTON AVE OPP ROSEDALE ST,40.452,-79.8859,Inbound,Bus,3.7772724999999996,7.1727275,Generator,3.224899166680165
E40350,0.13863635,0.756818175,MONTIER ST AT #1438,40.4452,-79.8739,Both,Bus,-0.6181818250000001,0.895454525,Attractor,0.18318316681546395
E70417,2.7545455,5.1863635,SWISSVALE AVE AT REBECCA AVE,40.4383,-79.8796,Outbound,Bus,-2.431818,7.9409089999999996,Attractor,0.5311130814490731
E70749,1.7068181999999998,2.725,TILDEN ST OPP #7182,40.4639,-79.8937,Outbound,Bus,-1.0181818000000002,4.4318182,Attractor,0.6263553027522935
E20060,11.061363499999999,1.7227275,FORWARD AVE AT SHADY AVE,40.4291,-79.9209,Both,Bus,9.338636,12.784090999999998,Generator,6.4208434009441415
S13873,2.515909,6.368182,CURRY HOLLOW RD AT GREEN DR,40.3399,-79.9675,Outbound,Bus,-3.852273,8.884091,Attractor,0.3950749209114941
S24495,4.6522725000000005,1.2227272999999999,HWY RT 51 AT PRIMANTI BROTHERS,40.3246,-79.9438,Both,Bus,3.4295452000000006,5.8749998,Generator,3.8048324430148908
N18185,3.7681820000000004,6.6886365,EAST ST AT VENTURE ST FS,40.4851,-80.0096,Inbound,Bus,-2.9204545,10.4568185,Attractor,0.5633707258572057
N16720,0.02272727272727275,3.954545454545455,DUNCAN AVE OPP ALLEGHENY MEMORIAL PARK,40.567,-80.0048,Outbound,Bus,-3.931818181818182,3.977272727272728,Attractor,0.005747126436781614
W10300,9.277272727272731,24.7909090909091,ISLAND AVE OPP BOUQUET ST,40.4666,-80.0604,Outbound,Bus,-15.513636363636369,34.06818181818183,Attractor,0.37422075540887423
W16830,1.0136365,1.4840909999999998,NOBLESTOWN RD AT MORANGE RD,40.4207,-80.067,Outbound,Bus,-0.4704544999999998,2.4977275,Attractor,0.6830015814394131
S00205,30.065905,6.94318165,S 18TH ST AT GABLE ST,40.4213,-79.9846,Inbound,Bus,23.12272335,37.00908665,Generator,4.330277748098381
E17289,12.74772735,78.8931828,EAST BUSWAY AT HAY ST RAMP INBOUND SHELTER,40.4435,-79.887,Both,Busway,-66.14545545,91.64091015000001,Attractor,0.1615821151786514
E56300,0.0,0.0,WASHINGTON BLVD AT CYPHERS COMPANY,40.4632,-79.9059,Inbound,Bus,0.0,0.0,Balanced,
E36450,0.045454545,0.0,LINCOLN HWY OPP MCKEE RD,40.373,-79.7927,Inbound,Bus,0.045454545,0.045454545,Generator,
W07920,1.7931819999999998,0.05,GRAND AVE OPP HUBERT ST (NEVILLE PARK AND RI,40.5129,-80.1351,Inbound,Bus,1.7431819999999998,1.8431819999999999,Generator,35.86364
S18000,2.0249998500000004,0.4840909,PROVOST RD AT STEWART AVE,40.3781,-79.9936,Inbound,Bus,1.5409089500000004,2.5090907500000004,Generator,4.183098360245979
E70376,27.077275,7.9681820000000005,GREENFIELD AVE AT LORETTA ST,40.4217,-79.9297,Inbound,Bus,19.109093,35.045457,Generator,3.3981747655864285
W25655,14.84318181818182,22.738636363636353,CRAFTON INGRAM SC AT RITE-AID,40.4418,-80.0699,Both,Bus,-7.895454545454532,37.58181818181817,Attractor,0.6527736131934038
E15520,1.08181818181818,1.6522727272727251,COREY AVE AT MILLS AVE,40.4052,-79.8674,Outbound,Bus,-0.5704545454545451,2.734090909090905,Attractor,0.6547455295735899
E70858,7.722727272727274,1.8909090909090902,BRADDOCK TERMINAL - NO STOP,40.4023,-79.8683,Both,Bus,5.831818181818184,9.613636363636365,Generator,4.084134615384618
N12480,2.497727272727271,2.027272727272725,BUTLER ST AT MAPLEWOOD ST,40.4991,-79.9439,Inbound,Bus,0.4704545454545457,4.524999999999996,Generator,1.2320627802690587
E12580,0.0,0.02272727272727275,CENTER RD AT FRANKLIN HEIGHTS DR FS,40.4545,-79.7603,Outbound,Bus,-0.02272727272727275,0.02272727272727275,Attractor,0.0
W14280,0.5545454545454545,0.0,CORAOPOLIS RD AT HWY RT 51,40.4919,-80.1117,Both,Bus,0.5545454545454545,0.5545454545454545,Generator,
E13780,46.56818,92.686365,CENTRE AVE AT SHADYSIDE HOSPITAL,40.4555,-79.9397,Outbound,Bus,-46.118185,139.254545,Attractor,0.5024275145540555
X06890,8.3227275,0.13863635,GRANDVIEW AVE AT COHASSETT ST,40.4379,-80.0183,Inbound,Bus,8.184091149999999,8.46136385,Generator,60.03279442945519
E43840,0.0,0.0,OLD WILLIAM PENN HWY AT #4533,40.4429,-79.7562,Inbound,Bus,0.0,0.0,Balanced,
E01710,570.943178,937.20001955,FIFTH AVE AT TENNYSON AVE,40.4457,-79.9531,Both,Bus,-366.25684155,1508.14319755,Attractor,0.6092009881456687
S42490,7.4795452749999995,17.3181817,SOUTH BUSWAY AT WHITED ST SHELTER,40.3955,-79.9997,Outbound,Busway,-9.838636425,24.797726975,Attractor,0.4318897563593526
E13440,17.888635999999998,36.9659075,CENTRE AVE AT ELMORE ST FS,40.445,-79.9773,Outbound,Bus,-19.077271500000002,54.8545435,Attractor,0.48392254403601476
W11754,0.225,2.190909,LINDSAY RD OPP CHERRY TREE DR,40.3854,-80.0738,Outbound,Bus,-1.965909,2.415909,Attractor,0.10269709969697509
N18610,0.7386363499999999,4.5590910000000004,ESSEN ST OPP PENFORT ST,40.473,-80.0032,Outbound,Bus,-3.8204546500000003,5.297727350000001,Attractor,0.1620139519040089
S08790,67.33636320000001,125.06591000000002,BROWNSVILLE RD AT MCKINLEY ST,40.409,-79.9911,Outbound,Bus,-57.72954680000001,192.40227320000002,Attractor,0.5384070143494738
N38480,189.93636,245.522728,NORTH AVE AT FEDERAL ST,40.4553,-80.007,Both,Bus,-55.58636799999999,435.459088,Attractor,0.7735999088442843
S33680,1.456818,5.702272499999999,MELLON ST AT TEXAS AVE,40.3655,-79.8592,Both,Bus,-4.245454499999999,7.1590905,Attractor,0.25548024932165203
E70757,0.025,0.21363635,BUTLER ST OPP JANCEY ST (STEPS),40.4889,-79.9242,Outbound,Bus,-0.18863635,0.23863635,Attractor,0.11702128406518834
N15410,18.818184000000002,11.393179550000001,COLUMBUS AVE AT CHATEAU ST FS,40.4574,-80.0289,Inbound,Bus,7.425004450000001,30.21136355,Generator,1.6517060858573058
W07620,2.031818,2.7818180000000003,GRAND AVE AT 4TH ST,40.5109,-80.1275,Outbound,Bus,-0.7500000000000004,4.813636000000001,Attractor,0.7303921392413162
E32732,25.84318,9.8886364,JOHNSTON AVE AT SECOND AVE,40.4062,-79.9428,Both,Bus,15.954543600000001,35.7318164,Generator,2.6134220083165363
N25490,0.6431818,1.434091,HENDERSON ST AT CARRIE ST,40.4613,-80.0016,Outbound,Bus,-0.7909092,2.0772728000000003,Attractor,0.4484944121398154
E08050,1.3681818000000001,3.1204545,BLACK ST AT CHISLETT ST,40.4697,-79.93,Outbound,Bus,-1.7522727,4.4886363000000005,Attractor,0.43845593646694736
E13970,19.627275,16.075,CENTRE AVE AT ROBINSON ST EXT,40.4487,-79.9651,Outbound,Bus,3.5522750000000016,35.702275,Generator,1.22098133748056
S70379,0.5,0.415909090909091,STATE ST AT SHAW AVE,40.2947,-79.8747,Outbound,Bus,0.084090909090909,0.915909090909091,Generator,1.2021857923497266
W70056,40.80227275,2.227272975,WEST BUSWAY AT SHERADEN STATION B,40.4527,-80.0529,Outbound,Busway,38.574999775,43.029545725,Generator,18.319385727741793
S39670,0.21363635,4.7772725000000005,PROSPECT RD AT COLTER DR,40.363,-79.9712,Outbound,Bus,-4.563636150000001,4.99090885,Attractor,0.04471931421119477
N44670,4.734090999999999,0.2681818,PITTSBURGH ST AT MOYHEND ST,40.5418,-79.7758,Inbound,Bus,4.4659092,5.002272799999999,Generator,17.65254390864704
N51080,0.0,0.0,SPRINGFIELD DR AT SHADY OAK DR,40.5795,-79.9937,Outbound,Bus,0.0,0.0,Balanced,
N70085,32.22727272727275,0.534090909090909,MCKNIGHT RD OPP DUNCAN AVE,40.5688,-80.024,Inbound,Bus,31.693181818181838,32.761363636363654,Generator,60.340425531914946
N31800,17.495455999999997,2.1840908,MANHATTAN ST AT LIVERPOOL ST,40.4552,-80.0267,Inbound,Bus,15.311365199999997,19.679546799999997,Generator,8.010406893339782
W10370,10.684090909090902,0.6204545454545456,ISLAND AVE AT CUTLER ST FS,40.4716,-80.0613,Inbound,Bus,10.063636363636355,11.304545454545448,Generator,17.219780219780205
E70743,3.4681819999999997,2.2454545,TILDEN ST AT #7182,40.4638,-79.8932,Inbound,Bus,1.2227274999999995,5.7136365,Generator,1.5445345251930063
S44850,42.71590909090909,11.675000000000015,ST CLAIR AVE AT 3RD ST,40.2922,-79.8817,Both,Bus,31.04090909090908,54.390909090909105,Generator,3.65875024333268
S70011,11.78636363636365,62.43863636363635,BROWNSVILLE RD AT GIANT EAGLE DRVWY,40.3656,-79.9824,Outbound,Bus,-50.6522727272727,74.225,Attractor,0.18876715320496512
E70296,9.831818,1.7977275000000001,BRYN MAWR RD AT CENTRE AVE FS,40.4493,-79.9575,Inbound,Bus,8.0340905,11.6295455,Generator,5.4690257561282225
S39666,0.184090909090909,3.00909090909091,PROSPECT RD OPP BERYL DR,40.3613,-79.9623,Outbound,Bus,-2.825000000000001,3.1931818181818192,Attractor,0.06117824773413892
N15180,4.970454545454545,0.0,CHURCH AVE AT RIDGE AVE,40.5074,-80.0794,Inbound,Bus,4.970454545454545,4.970454545454545,Generator,
S23940,48.8272727272727,3.936363636363635,HWY RT 51 AT MARYLEA DR,40.3705,-79.9823,Inbound,Bus,44.89090909090906,52.76363636363634,Generator,12.404157043879904
W01870,2.0545455,6.0295455,BERRY ST OPP SCOTIA ST,40.4484,-80.0678,Outbound,Bus,-3.975,8.084091,Attractor,0.3407463298850635
E46480,43.629546000000005,13.00454525,PENN AVE AT SHAW AVE NS,40.4053,-79.8287,Inbound,Bus,30.625000750000005,56.634091250000004,Generator,3.3549459178512993
N50770,2.4795455,0.025,SPRING GARDEN OPP TELL ST,40.4607,-79.9887,Inbound,Bus,2.4545455,2.5045455,Generator,99.18181999999999
X04180,0.8386365,7.3363635,CEDAR BLVD AT SALEM DR,40.378,-80.0551,Outbound,Bus,-6.497727,8.175,Attractor,0.11431228837011688
E70895,0.43409092499999996,3.1113635,BEECHWOOD BLVD AT #3735,40.4274,-79.9281,Outbound,Bus,-2.677272575,3.545454425,Attractor,0.13951790750261098
E57490,2.65227275,27.6659091,WILKINS AVE AT BEECHWOOD BLVD,40.4443,-79.9179,Both,Bus,-25.01363635,30.318181850000002,Attractor,0.09586790516853104
N45010,0.6590909090909093,5.927272727272726,PITTSBURGH ST OPP PILLOW AVE,40.541,-79.8042,Outbound,Bus,-5.268181818181817,6.586363636363635,Attractor,0.11119631901840496
S70275,1.6659089999999999,6.181818,S 26TH ST AT JOSEPHINE ST,40.4242,-79.97,Outbound,Bus,-4.515909,7.847727,Attractor,0.2694852873378026
E55480,1.8477275,0.0,VERONA RD AT GALETON DR,40.4904,-79.8362,Inbound,Bus,1.8477275,1.8477275,Generator,
N31230,5.3136365,7.8295455,LOWRIE ST AT FLECK ST,40.466,-79.9809,Both,Bus,-2.5159089999999997,13.143182,Attractor,0.6786647449714674
W19445,0.0,0.33863635000000003,ORCHARD SPRING RD AT #120,40.3985,-80.0685,Outbound,Bus,-0.33863635000000003,0.33863635000000003,Attractor,0.0
TP1090,3.6681820000000003,4.1909089999999996,LAYOVER EAST LIBERTY TERMINAL,40.4575,-79.9146,Both,Bus,-0.5227269999999993,7.859090999999999,Attractor,0.8752712120449289
N10460,43.745455500000006,62.46363500000001,BRIGHTON RD AT JACKSONIA ST FS,40.457,-80.0156,Outbound,Bus,-18.718179500000005,106.20909050000002,Attractor,0.7003347707830324
E41310,0.1181818,0.170454545,MURRAY AVE AT NORTHUMBERLAND ST,40.4414,-79.9233,Inbound,Bus,-0.05227274500000001,0.288636345,Attractor,0.6933332285155552
E46230,4.6500002,12.1727275,PENN AVE AT MIDLAND ST,40.4395,-79.8749,Outbound,Bus,-7.522727300000001,16.8227277,Attractor,0.38200150294993457
N20810,13.013636363636351,27.4568181818182,FREEPORT ST AT BUTLER ST,40.4965,-79.9438,Inbound,Bus,-14.443181818181849,40.47045454545455,Attractor,0.47396738680572725
X01650,0.97954545,6.375,BEVERLY RD AT W MARLIN DR,40.3879,-80.052,Outbound,Bus,-5.39545455,7.35454545,Attractor,0.15365418823529411
S23590,43.345454545454544,54.38636363636365,HWY RT 51 AT BROWNSVILLE RD,40.364,-79.9843,Outbound,Bus,-11.040909090909103,97.7318181818182,Attractor,0.796991224404513
S46820,0.0,0.02272727272727275,WALNUT ST AT 14TH AVE FS,40.3412,-79.861,Outbound,Bus,-0.02272727272727275,0.02272727272727275,Attractor,0.0
S70403,0.55454545,0.145454545,LEWIS RUN RD AT HWY 51 FS,40.3215,-79.9417,Inbound,Bus,0.409090905,0.699999995,Generator,3.8124999806640627
E41810,31.988635000000002,0.7659091,NEGLEY AVE AT HAMPTON ST,40.4756,-79.9245,Inbound,Bus,31.2227259,32.754544100000004,Generator,41.765576358865566
W00450,1.6068181818181801,8.61590909090909,4TH AVE OPP LOCUST ST,40.5212,-80.1711,Outbound,Bus,-7.00909090909091,10.22272727272727,Attractor,0.18649432867317312
E39340,10.313636500000001,46.359089999999995,MILLVALE AVE AT MOREWOOD AVE,40.4559,-79.9476,Inbound,Bus,-36.045453499999994,56.672726499999996,Attractor,0.22247279875424653
W20672,0.64772725,0.0,SILVER LANE AT DIANA DR FS,40.4595,-80.1388,Inbound,Bus,0.64772725,0.64772725,Generator,
X01920,3.006818,0.3818182,BOGGS AVE AT PAUL ST,40.4224,-80.0101,Inbound,Bus,2.6249998,3.3886362,Generator,7.8749991488095645
S04460,5.215909,11.068182,ARLINGTON AVE AT JULIA ST,40.418,-79.9785,Outbound,Bus,-5.852273,16.284091,Attractor,0.4712525507802456
E70804,335.72273,103.579545,CRAIG ST AT CENTRE AVE FS,40.4516,-79.9519,Both,Bus,232.14318500000002,439.302275,Generator,3.2412068425286096
E58090,11.55,8.188636500000001,WINTERBURN AVE AT FARNSWORTH ST FS,40.4231,-79.9399,Inbound,Bus,3.3613634999999995,19.738636500000002,Generator,1.410491233796982
E58370,0.7363636499999999,5.022727,WM PENN HWY AT HOME DEPOT,40.4303,-79.8063,Outbound,Bus,-4.28636335,5.759090649999999,Attractor,0.14660634551708662
S70341,1.16818181818182,0.838636363636365,MONONGAHELA AVE AT LINCOLN ST,40.3399,-79.888,Inbound,Bus,0.32954545454545503,2.006818181818185,Generator,1.3929539295392954
N31610,3.1590909500000004,2.0840908999999996,MAIN ST AT #1102,40.4943,-79.9309,Inbound,Bus,1.0750000500000008,5.24318185,Generator,1.5158124580842425
W23089,1.1613636363636366,2.50681818181818,CRENNELL AVE AT CRAFTON MUNICIPAL BLDG,40.435,-80.0664,Inbound,Bus,-1.3454545454545435,3.6681818181818167,Attractor,0.463281958295558
X00390,8.5136365,1.5431819999999998,BAILEY AVE AT RUTH ST,40.427,-80.0053,Inbound,Bus,6.970454500000001,10.0568185,Generator,5.516936109933891
S08840,31.506819500000002,60.386365,BROWNSVILLE RD AT NOBLES LN,40.404,-79.9902,Outbound,Bus,-28.879545499999995,91.8931845,Attractor,0.521753867781245
N44100,7.4136365,50.629545,PERRYSVILLE AVE OPP WILSON AVE,40.4636,-80.0124,Outbound,Bus,-43.2159085,58.0431815,Attractor,0.14642905639385068
E08210,0.047727275,0.7613636500000001,BLVD OF ALLIES AT JUMONVILLE ST,40.4363,-79.9777,Inbound,Bus,-0.7136363750000001,0.809090925,Attractor,0.06268656902650921
E12780,0.9363636500000001,0.2431818,CENTER RD OPP WIMBLEDON DR,40.467,-79.757,Inbound,Bus,0.6931818500000001,1.17954545,Generator,3.8504676336798234
W25710,6.322727499999999,4.1772725,WINDGAP AVE AT CHARTIERS AVE,40.4592,-80.0778,Inbound,Bus,2.1454549999999992,10.5,Generator,1.5136018777802978
S31260,0.32727275,0.7659091,MAIN ST AT EMERSON AVE,40.3853,-79.9034,Outbound,Bus,-0.43863635,1.0931818500000001,Attractor,0.4272997278658786
W03320,5.0704545,19.429544999999997,CHARTIERS AVE OPP LITCHFIELD ST STEPS,40.4526,-80.0542,Outbound,Bus,-14.359090499999997,24.499999499999998,Attractor,0.26096619864232545
X08960,8.6227275,0.047727275,KATHLEEN ST OPP JUDICIAL ST,40.4256,-79.9998,Inbound,Bus,8.575000225,8.670454775,Generator,180.666662825397
E33990,4.5386365,0.025,LAKETON RD AT LINDBERG AVE,40.4585,-79.8463,Inbound,Bus,4.5136365,4.5636365,Generator,181.54546
E54210,5.797727500000001,14.184091,TERRACE ST OPP CHESTERFIELD RD,40.441,-79.9639,Inbound,Bus,-8.3863635,19.981818500000003,Attractor,0.40874861138440244
E52420,0.05,0.220454545,SOUTH AVE AT MILL ST,40.4408,-79.8817,Outbound,Bus,-0.170454545,0.270454545,Attractor,0.22680412417897758
S02930,46.29772727272728,155.24090909090907,8TH AVE AT WEST ST FS,40.4062,-79.9119,Both,Bus,-108.94318181818178,201.53863636363636,Attractor,0.2982314877170381
E70826,3.490909090909092,0.4113636363636365,BRINTON AVE AT 5TH ST NS,40.3854,-79.7609,Inbound,Bus,3.0795454545454555,3.9022727272727287,Generator,8.486187845303867
E05970,24.4931825,2.7590911,BEECHWOOD BLVD AT LILAC ST,40.4229,-79.9276,Inbound,Bus,21.7340914,27.2522736,Generator,8.877264871754324
E51550,0.0681818,0.74545455,SHADY AVE OPP HIGHMONT RD,40.4498,-79.9207,Inbound,Bus,-0.6772727500000001,0.81363635,Attractor,0.09146338968619884
S70271,4.0863635,5.615909,PARSE WAY AT MT LEBANON STATION,40.382,-80.0436,Both,Bus,-1.5295455000000002,9.7022725,Attractor,0.7276406188205685
E39560,6.3272728250000005,2.69545459,MONONGAHELA AVE AT IRVINE ST,40.4207,-79.8896,Inbound,Bus,3.6318182350000003,9.022727415,Generator,2.3473861694698406
E19780,98.92954350000001,145.31591,FORBES AVE AT STEVENSON ST,40.4377,-79.9867,Outbound,Bus,-46.386366499999994,244.2454535,Attractor,0.6807894847852517
N10060,0.0,0.0,BRANCHPORT ST AT PREBLE AVE,40.4588,-80.0334,Outbound,Bus,0.0,0.0,Balanced,
N26846,0.0,0.0,HULTON RD AT 15TH ST,40.5256,-79.8231,Inbound,Bus,0.0,0.0,Balanced,
E00420,0.57954545,25.868180000000002,40TH ST AT BUTLER ST,40.4686,-79.9621,Outbound,Bus,-25.28863455,26.447725450000004,Attractor,0.02240379686549266
W17620,10.734091,1.415909,NOBLESTOWN RD OPP ALTER ST,40.4138,-80.0733,Inbound,Bus,9.318182,12.149999999999999,Generator,7.581059940999032
S48830,4.6045455,0.19318180000000001,WHITAKER WAY AT MARIGOLD ST,40.4024,-79.8891,Both,Bus,4.411363700000001,4.7977273,Generator,23.83529659626321
N36930,1.9227275000000001,0.025,MT TROY RD AT BECKERT ST,40.4703,-79.9822,Inbound,Bus,1.8977275000000002,1.9477275,Generator,76.9091
W20220,7.852272727272725,1.011363636363636,E RAILROAD ST AT COLLIER AVE,40.3881,-80.09,Inbound,Bus,6.840909090909089,8.863636363636362,Generator,7.764044943820225
X04590,3.65,1.818182,COCHRAN RD AT NAVATO PL,40.384,-80.0528,Inbound,Bus,1.831818,5.468182,Generator,2.00749979925002
E10287,0.11590909090909099,1.9181818181818198,BRINTON RD AT #1584,40.4128,-79.8577,Outbound,Bus,-1.8022727272727288,2.034090909090911,Attractor,0.06042654028436018
N08160,1.9227275,8.313636500000001,BEAVER ST AT ACADEMY AVE,40.545,-80.1873,Outbound,Bus,-6.3909090000000015,10.236364000000002,Attractor,0.2312739437188527
N20120,7.4704545,1.815909,FOREST AVE AT RAVENSWOOD AVE,40.5058,-80.0516,Inbound,Bus,5.654545499999999,9.2863635,Generator,4.113892546377599
S70423,4.545454545454545,0.159090909090909,WALNUT ST AT PENN STATE MAIN BUILDING,40.3448,-79.8266,Inbound,Bus,4.386363636363636,4.704545454545454,Generator,28.571428571428584
S47500,70.847725,12.536363999999999,WARRINGTON AVE AT ALLEN ST,40.4218,-79.9938,Inbound,Bus,58.311361,83.38408899999999,Generator,5.651377464789632
N07750,12.952275,1.8795455,BANK ST AT WALNUT ST,40.5377,-80.1855,Both,Bus,11.0727295,14.831820500000001,Generator,6.8911739566826125
X01280,0.26136365,5.306818,BELTZHOOVER AVE AT KATHLEEN ST,40.4257,-79.9975,Outbound,Bus,-5.04545435,5.56818165,Attractor,0.049250539588883584
W00600,34.26363636363635,8.05227272727273,5TH AVE AT MAIN ST,40.5184,-80.1669,Inbound,Bus,26.21136363636362,42.31590909090908,Generator,4.255151001975724
E52360,4.759090700000001,11.3590911,SOUTH AVE AT CENTER ST,40.4411,-79.8827,Inbound,Bus,-6.6000004,16.118181800000002,Attractor,0.4189675615859794
S08550,32.290909,116.63636,BROWNSVILLE RD AT GOLDBACH WAY,40.4155,-79.9874,Outbound,Bus,-84.345451,148.927269,Attractor,0.27685113801562394
W08047,0.2931818,7.85,GREENTREE RD AT GREEN OAK LN,40.4014,-80.0632,Outbound,Bus,-7.5568181999999995,8.143181799999999,Attractor,0.037348
E46590,11.790909,7.602273,PENN AVE AT WEST ST,40.4453,-79.8898,Outbound,Bus,4.188635999999999,19.393182,Generator,1.5509715318037116
W13190,3.697727272727275,0.0,MCCOY RD AT AL SMITH DR,40.4799,-80.0855,Inbound,Bus,3.697727272727275,3.697727272727275,Generator,
E19670,27.4409095,4.1386363,FORBES AVE AT NORTHUMBERLAND ST FS,40.439,-79.9342,Inbound,Bus,23.302273200000002,31.579545799999998,Generator,6.630423045388163
N33230,0.1181818,0.1909091,MEADVILLE ST OPP #1603,40.4606,-80.0047,Outbound,Bus,-0.0727273,0.3090909,Attractor,0.6190474943310718
E49810,0.047727275,1.6136365000000001,SALTSBURG RD AT HERSHEY RD,40.4776,-79.7997,Outbound,Bus,-1.5659092250000002,1.661363775,Attractor,0.02957746369767912
W70123,1.6886364999999999,0.025,GREENTREE RD OPP VIRGINIA MANSIONS FS,40.3915,-80.0711,Inbound,Bus,1.6636365,1.7136364999999998,Generator,67.54545999999999
S46850,0.8818181818181821,0.12272727272727275,WALNUT ST AT 25TH AVE FS,40.3347,-79.8497,Inbound,Bus,0.7590909090909093,1.0045454545454549,Generator,7.185185185185185
N08825,0.7613636363636365,1.3795454545454544,BEAVER RD OPP QUAKER RD,40.5484,-80.1895,Outbound,Bus,-0.6181818181818179,2.1409090909090907,Attractor,0.5518945634266887
E35280,46.2795445,25.522727,LIBERTY AVE AT ELLA ST,40.4632,-79.952,Outbound,Bus,20.7568175,71.8022715,Generator,1.81326801403314
E12050,5.0750000449999995,32.809092500000006,BUTLER ST AT MCCANDLESS AVE,40.4815,-79.9536,Outbound,Bus,-27.734092455000006,37.884092545,Attractor,0.1546827314714663
E04400,7.0613636363636365,7.822727272727271,ARDMORE BLVD AT YOST BLVD FS,40.4155,-79.8475,Outbound,Bus,-0.7613636363636349,14.884090909090908,Attractor,0.902672864613597
N18970,10.497724999999999,3.509091,EVERGREEN RD OPP BAYTREE ST,40.4883,-80.0101,Outbound,Bus,6.988633999999999,14.006815999999999,Generator,2.991579585710373
S48700,7.0522725,3.2068180450000003,WHITAKER ST OPP OAK ST,40.4003,-79.8869,Both,Bus,3.8454544549999996,10.259090545,Generator,2.1991495622883086
N30390,155.54318181818186,53.3681818181818,LINCOLN AVE AT SHERIDAN AVE,40.4952,-80.0549,Inbound,Bus,102.17500000000007,208.91136363636366,Generator,2.9145302785112017
E59720,1.275,0.31136359999999996,WOODSTOCK AVE AT WILKINS AVE FS,40.4136,-79.8714,Inbound,Bus,0.9636364,1.5863635999999999,Generator,4.094890989184349
S22270,10.379545454545454,1.725,HOFFMAN BLVD AT KENNYWOOD BLVD,40.3847,-79.8629,Both,Bus,8.654545454545454,12.104545454545454,Generator,6.017127799736495
E25349,13.156818,11.4636365,GREENFIELD AVE AT LYDIA ST,40.4255,-79.9426,Outbound,Bus,1.6931814999999997,24.6204545,Generator,1.1477002083937327
N31300,4.515909,2.540909,LOWRIE ST AT NIGGEL ST,40.4678,-79.98,Both,Bus,1.9749999999999996,7.056818,Generator,1.777280886485899
E19340,25.7636355,2.59090895,FORBES AVE AT DALLAS AVE,40.4381,-79.9128,Inbound,Bus,23.17272655,28.35454445,Generator,9.943859856595886
W13500,0.075,1.33181818181818,MCCOY RD AT #1044,40.4767,-80.0968,Outbound,Bus,-1.25681818181818,1.40681818181818,Attractor,0.05631399317406151
E30110,8.0,7.3795455,HOWLEY ST AT FRIENDSHIP AVE,40.4651,-79.9514,Outbound,Bus,0.6204545000000001,15.379545499999999,Generator,1.0840776034242217
S70604,1.775,0.91136365,LEBANON CHURCH RD AT CLOVERLEAF TOWERS,40.3427,-79.9647,Inbound,Bus,0.8636363499999999,2.6863636499999997,Generator,1.9476308935516575
N52250,0.045454545,0.0,THOMPSON RUN RD AT SANGREE RD,40.5389,-79.9902,Inbound,Bus,0.045454545,0.045454545,Generator,
N39750,2.5931818181818196,13.24545454545455,OHIO RIVER BLVD AT KILBUCK ST (I-79 ENT),40.5179,-80.1307,Outbound,Bus,-10.652272727272731,15.838636363636368,Attractor,0.19577899794097464
W00660,4.76590909090909,0.3136363636363635,5TH AVE AT WOOD ST FS,40.5195,-80.1695,Inbound,Bus,4.452272727272726,5.079545454545453,Generator,15.195652173913047
E01500,81.3704532,44.595454000000004,FIFTH AVE AT NEVILLE ST,40.447,-79.9474,Outbound,Bus,36.774999199999996,125.9659072,Generator,1.8246356052345603
S40662,0.3181818,0.1818182,ZUPANCIC DR AT QUAKER DR,40.3208,-79.9894,Both,Bus,0.1363636,0.5,Generator,1.7499997250000274
N26838,0.0,0.0,HULTON RD AT 10TH ST,40.5239,-79.8318,Inbound,Bus,0.0,0.0,Balanced,
E55250,0.047727275,0.2931818,UPLAND ST AT #7310,40.4614,-79.8922,Inbound,Bus,-0.24545452499999998,0.340909075,Attractor,0.16279071552190483
X01930,7.0704545,0.8590909,BOGGS AVE AT SMITH WAY,40.424,-80.0092,Inbound,Bus,6.2113636,7.9295454,Generator,8.230158764340304
E41050,0.022727275,0.54545455,MULHATTON ST AT BEACON ST FS,40.435,-79.9164,Both,Bus,-0.5227272749999999,0.568181825,Attractor,0.041666670486111085
N40890,0.0,0.0,PEEBLES RD OPP PEEBLES SCHOOL DRVWY,40.5653,-80.0085,Both,Bus,0.0,0.0,Balanced,
E26420,14.127275000000001,4.8863635,HAMILTON AVE AT BRUSHTON AVE,40.4527,-79.8889,Inbound,Bus,9.240911500000001,19.0136385,Generator,2.891163336497582
N52295,0.0,0.6068182,THOMPSON RUN RD AT VILSACK RD,40.5268,-79.9882,Outbound,Bus,-0.6068182,0.6068182,Attractor,0.0
N71179,1.0318182,4.1204545,FOX CHAPEL RD AT FREEPORT RD FS,40.4884,-79.883,Outbound,Bus,-3.0886363,5.1522727,Attractor,0.25041368616010684
N32670,14.093183999999999,6.336364,MCKNIGHT RD AT IVORY AVE RAMP (ISLAND),40.4983,-80.0131,Inbound,Bus,7.756819999999999,20.429547999999997,Generator,2.2241752525580916
E42134,21.454545,29.834090000000003,NEVILLE ST AT BAYARD ST,40.4503,-79.9487,Outbound,Bus,-8.379545000000004,51.288635,Attractor,0.7191285204274707
S47220,0.31136365,0.0,WALNUT ST AT JUNIPER ST,40.319,-79.8343,Inbound,Bus,0.31136365,0.31136365,Generator,
E28990,0.025,25.334090000000003,HIGHLAND AVE AT HAMPTON ST,40.4733,-79.9193,Outbound,Bus,-25.309090000000005,25.359090000000002,Attractor,0.0009868126307280031
W21600,9.3,3.879545454545455,STEUBEN ST AT LINDEN AVE,40.439,-80.0728,Outbound,Bus,5.420454545454546,13.179545454545455,Generator,2.397188049209139
N20640,0.025,1.009090909090909,FREEPORT RD AT AUTO PARTS STORE,40.6319,-79.7152,Outbound,Bus,-0.984090909090909,1.034090909090909,Attractor,0.02477477477477478
N32530,0.34545455,8.0477275,MCKNIGHT RD AT BROOKVIEW LN,40.5115,-80.0037,Outbound,Bus,-7.70227295,8.39318205,Attractor,0.042925726548270926
S70391,1.9068180000000001,0.0,WEYMAN RD OPP SOUTH PASSAGE DR,40.3626,-80.0004,Inbound,Bus,1.9068180000000001,1.9068180000000001,Generator,
S39920,5.3,0.13636365,PROVOST RD AT BARLIND DR,40.3638,-79.9922,Inbound,Bus,5.16363635,5.43636365,Generator,38.86666278000039
S23110,4.2272725,0.3931818,HOMEVILLE RD OPP DUQUESNE VILLAGE ENTRANCE #2,40.3656,-79.8705,Inbound,Bus,3.8340907,4.6204543,Generator,10.751445005847167
N21340,4.302272727272725,1.04318181818182,FREEPORT RD AT JEFFERSON AVE,40.5405,-79.8135,Inbound,Bus,3.2590909090909053,5.345454545454545,Generator,4.124183006535938
S02250,0.4522727272727275,2.872727272727275,5TH ST AT PRISCILLA AVE,40.3685,-79.8484,Inbound,Bus,-2.420454545454547,3.3250000000000024,Attractor,0.15743670886075944
S31770,0.25,4.5045455,MAIN ST OPP LESLIE ST,40.3796,-79.9073,Outbound,Bus,-4.2545455,4.7545455,Attractor,0.055499494899096925
W08081,10.96363636363635,1.395454545454545,GREENTREE RD AT ORCHARD DR,40.4121,-80.046,Inbound,Bus,9.568181818181806,12.359090909090895,Generator,7.85667752442996
E23600,18.90682,13.075,FRIENDSHIP AVE AT STRATFORD AVE,40.461,-79.9332,Inbound,Bus,5.8318200000000004,31.98182,Generator,1.4460282982791588
E15200,0.6613636363636365,0.025,CONNECTING RD AT HAYMAKER RD,40.4496,-79.7617,Inbound,Bus,0.6363636363636365,0.6863636363636365,Generator,26.454545454545457
N45750,7.5704545,0.295454545,RHINE ST AT STEINE ST,40.4654,-79.9922,Inbound,Bus,7.274999955,7.865909045,Generator,25.623076808650886
N14600,9.863636,2.1136365,N CHARLES ST AT LINWOOD AVE,40.47,-80.0138,Both,Bus,7.7499994999999995,11.9772725,Generator,4.6666661935484175
S06300,10.3,8.184091,BELTZHOOVER AVE OPP CHARLES ST,40.4165,-79.9973,Both,Bus,2.1159090000000003,18.484091,Generator,1.2585392806604911
S34010,10.586363500000001,19.447725,MIDWAY DR AT WHITAKER ST FS,40.3981,-79.8845,Both,Bus,-8.861361499999997,30.0340885,Attractor,0.544349711855757
N22820,0.49545454545454554,3.0818181818181802,FREEPORT RD OPP WILSON AVE,40.5406,-79.8096,Outbound,Bus,-2.5863636363636346,3.577272727272726,Attractor,0.1607669616519175
N22005,3.927272727272725,0.4795454545454548,FREEPORT RD AT VIRGINIA AVE FS,40.4885,-79.8996,Inbound,Bus,3.44772727272727,4.4068181818181795,Generator,8.189573459715632
X04040,0.35454545,1.6204545,CEDAR BLVD AT GREENHURST DR,40.3753,-80.0567,Outbound,Bus,-1.2659090499999999,1.97499995,Attractor,0.21879383222423093
W22690,0.022727275,1.6136365000000001,STEUBENVILLE PIKE OPP FARMCREST DR,40.4417,-80.2032,Outbound,Bus,-1.590909225,1.6363637750000002,Attractor,0.014084507260464174
N26864,0.0,0.0,HULTON RD OPP 13TH ST,40.5248,-79.827,Outbound,Bus,0.0,0.0,Balanced,
W10500,0.3931818,2.4045455000000002,ISLAND AVE AT FRANKLIN INTERIORS,40.4834,-80.0711,Outbound,Bus,-2.0113637000000004,2.7977273,Attractor,0.1635160574004526
N36990,0.0,0.5113636500000001,MT TROY RD AT HIGHLAND AVE,40.4708,-79.9824,Outbound,Bus,-0.5113636500000001,0.5113636500000001,Attractor,0.0
X12688,3.85,0.22272727272727277,OXFORD DR AT GIANT EAGLE,40.3465,-80.0485,Inbound,Bus,3.6272727272727274,4.072727272727273,Generator,17.28571428571428
E06470,2.17272725,13.306818,BEELER ST AT BEELERMONT PL,40.4454,-79.9334,Outbound,Bus,-11.13409075,15.47954525,Attractor,0.16327924902858068
S09360,24.2068181818182,8.954545454545453,BROWNSVILLE RD OPP BRENTWOOD LOOP,40.3808,-79.9759,Inbound,Bus,15.252272727272747,33.16136363636365,Generator,2.7032994923857894
S48260,7.35909115,6.8545456950000005,WATERFRONT DR OPP LOEW'S THEATRE,40.407,-79.9195,Both,Bus,0.5045454549999997,14.213636845,Generator,1.0736074245398985
N14500,1.740909,3.5772725000000003,N CHARLES ST AT BRIGHTRIDGE ST,40.462,-80.0181,Outbound,Bus,-1.8363635000000003,5.318181500000001,Attractor,0.4866582011854003
E14290,2.0704543,18.1818165,CHISLETT ST OPP MARTHA ST,40.4843,-79.9271,Outbound,Bus,-16.1113622,20.2522708,Attractor,0.11387499703343723
E70028,3.6136365,0.0681818,ALLEGHENY AVE AT DELAWARE AVE,40.5178,-79.8432,Inbound,Bus,3.5454547,3.6818183,Generator,53.00001613333764
S25670,0.87954545,6.4068179999999995,IRVINE ST OPP BERWICK ST,40.4131,-79.9454,Outbound,Bus,-5.527272549999999,7.28636345,Attractor,0.13728272755679966
S70621,1.518181818181818,2.2818181818181804,STATE ST OPP LOCUST AVE,40.3076,-79.8876,Inbound,Bus,-0.7636363636363623,3.7999999999999985,Attractor,0.6653386454183271
W10950,1.7886365,1.806818,LADOGA ST AT MIDDLETOWN RD,40.4514,-80.0695,Inbound,Bus,-0.018181500000000073,3.5954544999999998,Attractor,0.9899372820062673
E70861,3.28181825,35.2,LINCOLN AVE OPP DEARY ST,40.4641,-79.9011,Outbound,Bus,-31.918181750000002,38.48181825,Attractor,0.09323347301136363
S04430,2.4045455000000002,6.659091,ARLINGTON AVE AT FREELAND ST,40.4192,-79.9891,Outbound,Bus,-4.2545455,9.063636500000001,Attractor,0.36109215206700135
S09440,19.209088649999998,53.620457,BROWNSVILLE RD OPP E MEYERS AVE,40.3999,-79.9892,Outbound,Bus,-34.411368350000004,72.82954565,Attractor,0.35824179286648
E70353,0.0,0.05,UNITY TRESTLE RD AT WILLOW DR,40.4849,-79.7681,Both,Bus,-0.05,0.05,Attractor,0.0
E46670,2.19318195,14.3045455,PENN AVE OPP FINDLEY DR EAST,40.4443,-79.8634,Outbound,Bus,-12.11136355,16.49772745,Attractor,0.15332063154330908
N18743,2.729545454545455,1.043181818181818,EVERGREEN AVE AT EMMA ST,40.4892,-79.9722,Inbound,Bus,1.686363636363637,3.772727272727273,Generator,2.616557734204794
W21780,0.8954545454545454,2.202272727272725,STEUBEN ST OPP MCCORMICK AVE,40.4398,-80.0777,Outbound,Bus,-1.3068181818181794,3.0977272727272704,Attractor,0.4066047471620231
X13500,7.9954545,0.19318180000000001,PIONEER AVE AT GALLION AVE,40.3985,-80.0221,Inbound,Bus,7.8022727000000005,8.1886363,Generator,41.388238954187194
W03810,0.375,2.670454545454545,CHARTIERS AVE AT VFW BLDG (WINDGAP AVE),40.465,-80.0725,Outbound,Bus,-2.295454545454545,3.045454545454545,Attractor,0.14042553191489365
E58705,0.11818181818181821,0.04772727272727275,WM PENN HWY AT KIA DEALERSHIP,40.4336,-79.7973,Inbound,Bus,0.07045454545454546,0.16590909090909095,Generator,2.4761904761904754
W18190,2.856818,0.82272725,NOBLESTOWN RD OPP #2212,40.4298,-80.0535,Inbound,Bus,2.03409075,3.6795452500000003,Generator,3.4723755655352364
E45780,11.984091000000001,27.12273,PENN AVE AT BUTLER ST,40.4628,-79.967,Inbound,Bus,-15.138639,39.106821000000004,Attractor,0.4418467831224954
E09100,5.59545455,22.402272,BRADDOCK AVE AT SANDERS ST,40.4319,-79.8934,Outbound,Bus,-16.80681745,27.99772655,Attractor,0.24977174413380931
X01970,9.5363635,1.443182,BOGGS AVE OPP WYOMING ST,40.4268,-80.0064,Inbound,Bus,8.0931815,10.9795455,Generator,6.607873088771894
E17330,8.75,0.52954545,EAST HILLS DR AT WILNER DR,40.455,-79.8711,Outbound,Bus,8.22045455,9.27954545,Generator,16.523605292048114
S25165,0.247727275,4.4386365,HWY RT 885 AT LEBANON CHURCH RD FS,40.348,-79.9392,Inbound,Bus,-4.190909225,4.686363775,Attractor,0.05581157073799577
S09250,9.972727500000001,33.747725,BROWNSVILLE RD AT W CHERRYHILL ST NS,40.3982,-79.9886,Outbound,Bus,-23.7749975,43.72045250000001,Attractor,0.2955081416599193
E20901,10.7363635,5.8795455,FRANKSTOWN RD AT COAL HOLLOW RD,40.4604,-79.8424,Inbound,Bus,4.856818,16.615909,Generator,1.826053306331246
E09860,0.26136365,3.0795455,BRINTON AVE AT TERRACE ST,40.4003,-79.8412,Outbound,Bus,-2.81818185,3.34090915,Attractor,0.08487085188382507
W04080,4.2613635,8.068182,CHARTIERS AVE OPP WARFLE ST,40.4588,-80.0769,Outbound,Bus,-3.8068185000000003,12.3295455,Attractor,0.5281689852806989
N10940,4.7045455,39.502275,BRIGHTON RD OPP WOODLAND AVE,40.47,-80.0256,Outbound,Bus,-34.797729499999996,44.2068205,Attractor,0.11909555842036947
N41250,0.02272727272727275,0.6022727272727271,PEEBLES RD AT #8077,40.5574,-80.0177,Outbound,Bus,-0.5795454545454544,0.6249999999999998,Attractor,0.03773584905660382
S70106,0.14772727272727276,0.21818181818181798,WORTHINGTON AVE AT INTERCHANGE LOUNGE (#1560),40.2927,-79.9094,Outbound,Bus,-0.07045454545454521,0.36590909090909074,Attractor,0.6770833333333341
E19460,227.1431791,151.8590925,FORBES AVE AT HALKET ST (MAGEE HOSPITAL),40.4383,-79.9614,Both,Bus,75.2840866,379.0022716,Generator,1.4957496147291938
N50620,0.05,0.6431818,SPRING GARDEN AVE OPP BOROUGH ST,40.4687,-79.9853,Outbound,Bus,-0.5931818,0.6931818000000001,Attractor,0.07773851809861536
W20160,10.41590909090909,1.9431818181818175,E RAILROAD ST AT 2ND ST,40.3918,-80.0877,Inbound,Bus,8.472727272727273,12.359090909090906,Generator,5.360233918128656
S13933,5.3954545,0.0,HORNING RD AT BROUGHTON RD FS,40.3308,-79.9883,Inbound,Bus,5.3954545,5.3954545,Generator,
N50370,0.0,0.0,SPRING GARDEN RD AT FIRE HOUSE (#3367),40.4804,-79.9959,Outbound,Bus,0.0,0.0,Balanced,
E01140,100.256815,209.90227500000003,FIFTH AVE AT CRAIG ST,40.4471,-79.9488,Inbound,Bus,-109.64546000000003,310.15909000000005,Attractor,0.47763567593538464
S47140,0.04772727272727275,0.0,WALNUT ST AT CP INDUSTRIES,40.3357,-79.8515,Inbound,Bus,0.04772727272727275,0.04772727272727275,Generator,
N44000,0.35454545,2.431818,PERRYSVILLE AVE OPP #1757,40.46,-80.011,Outbound,Bus,-2.07727255,2.7863634499999996,Attractor,0.14579440155472162
E19480,20.0568185,29.7454545,FORBES AVE AT JUMONVILLE ST,40.4373,-79.978,Outbound,Bus,-9.688636000000002,49.802273,Attractor,0.6742817965682789
S23625,1.84090909090909,0.42045454545454547,HWY RT 51 AT COAL VALLEY RD,40.3131,-79.9385,Inbound,Bus,1.4204545454545445,2.2613636363636354,Generator,4.378378378378376
E51050,8.163636499999999,0.9227275,SCHENLEY AVE AT FERN CIR,40.4722,-79.9376,Inbound,Bus,7.240908999999999,9.086364,Generator,8.847288609042213
P00920,218.05000105,11.465908875,7TH ST AT FT DUQUESNE BLVD,40.4444,-80.0007,Outbound,Bus,206.584092175,229.515909925,Generator,19.017245246509077
E60090,8.575,17.975,YOST BLVD AT ARDMORE BLVD,40.4153,-79.848,Outbound,Bus,-9.400000000000002,26.55,Attractor,0.4770514603616133
W70140,0.46136365,2.8522724999999998,SUMMIT PARK DR AT PARK LANE #2,40.4548,-80.1918,Outbound,Bus,-2.3909088499999998,3.31363615,Attractor,0.161753005717371
E17750,0.12272727500000001,0.7545454749999999,EDGEWOOD TOWNE CENTRE AT TOWNE CENTRE OFFICES,40.4248,-79.8874,Inbound,Bus,-0.6318181999999999,0.8772727499999999,Attractor,0.16265060101248374
N42430,4.725,0.9454545,PERRY HWY AT MCDONALDS,40.5177,-80.0299,Inbound,Bus,3.7795455,5.6704545,Generator,4.997596394115211
N71257,1.272727272727275,0.12045454545454545,FERGUSON RD AT THOMPSON RUN RD FS,40.5657,-79.9983,Inbound,Bus,1.1522727272727296,1.3931818181818203,Generator,10.566037735849076
E52890,0.74772725,21.254545,STANTON AVE AT STANTON CT EAST,40.4806,-79.9348,Outbound,Bus,-20.50681775,22.00227225,Attractor,0.035179640401617626
E55560,0.990909,8.265909,VERONA RD AT POKETA RD,40.4864,-79.8373,Outbound,Bus,-7.275,9.256818,Attractor,0.11987901149165808
E33060,3.9818181,31.188637725,KELLY AVE AT HAY ST,40.4401,-79.8883,Both,Bus,-27.206819625,35.170455825,Attractor,0.12766886887170062
X00740,0.74772725,1.8886365,BANKSVILLE RD AT DAYS INN,40.4195,-80.0299,Outbound,Bus,-1.14090925,2.63636375,Attractor,0.3959085033038385
E35890,20.7818185,3.09999995,LINCOLN AVE AT MEADOW ST,40.4611,-79.9097,Inbound,Bus,17.68181855,23.88181845,Generator,6.7038125274808475
W23092,19.80909,2.2818180000000003,SUMMIT PARK DR AT ANDREW DR (WALMART),40.4496,-80.1762,Inbound,Bus,17.527272,22.090908000000002,Generator,8.681275193727107
E19210,788.8250041,334.974996,FORBES AVE AT BOUQUET ST FS,40.4422,-79.9561,Both,Bus,453.8500081,1123.8000001,Generator,2.354877270003759
E49600,0.83636365,1.381818,SALTSBURG RD AT ASTER ST,40.4839,-79.8148,Outbound,Bus,-0.54545435,2.21818165,Attractor,0.6052632474030589
N05860,0.0,0.0,ANDERSON ST AT GENERAL ROBINSON ST,40.4491,-80.0008,Inbound,Bus,0.0,0.0,Balanced,
S19220,0.0,0.7431818181818199,GARDENVILLE RD AT CROSS ST,40.3499,-80.0082,Outbound,Bus,-0.7431818181818199,0.7431818181818199,Attractor,0.0
S70399,9.67045454545455,4.597727272727275,LEWIS RUN RD OPP SOUTHWESTERN HEALTH CENTER,40.3286,-79.9382,Inbound,Bus,5.072727272727275,14.268181818181827,Generator,2.103311913000494
E48370,0.6068182,3.8863636,REBECCA AVE AT ELLA ST,40.4376,-79.8779,Outbound,Bus,-3.2795454,4.4931818,Attractor,0.15614035701651796
E30010,0.5090909,0.56363635,HOMEWOOD AVE OPP ROYCREST PL,40.4481,-79.9021,Inbound,Bus,-0.054545449999999995,1.07272725,Attractor,0.903225812174818
E32280,0.07272727272727275,0.02272727272727275,JAMES ST AT JAMES ST EXT,40.4236,-79.794,Inbound,Bus,0.05,0.0954545454545455,Generator,3.199999999999998
N22065,2.9272727,4.690909145,FREEPORT RD AT DOLLAR BANK FS (WATERWORKS),40.4873,-79.8854,Inbound,Bus,-1.763636445,7.6181818450000005,Attractor,0.6240309947422783
S40180,7.556818,0.53636365,RAMP ST AT BALDWIN RD,40.3867,-79.9325,Inbound,Bus,7.02045435,8.09318165,Generator,14.088982353669941
X03040,1.309091,31.204545,BROOKLINE BLVD OPP FLATBUSH AVE,40.3937,-80.0201,Outbound,Bus,-29.895454,32.513636,Attractor,0.04195193360454383
E34268,0.65227275,1.731818,LARIMER AVE AT APPLE ST,40.4685,-79.9065,Outbound,Bus,-1.0795452500000002,2.38409075,Attractor,0.37664047261317296
X03410,99.10227499999999,1.1954544999999999,BROOKLINE BLVD AT GLENARM AVE,40.3921,-80.0177,Inbound,Bus,97.9068205,100.29772949999999,Generator,82.89924459692945
N71255,0.325,1.172727272727275,BEAVER ST AT GLEN MITCHELL RD,40.5315,-80.1688,Outbound,Bus,-0.8477272727272751,1.497727272727275,Attractor,0.27713178294573587
X70055,0.07272727500000001,1.659091,LABELLE ST AT GRANDVIEW AVE,40.4363,-80.0156,Outbound,Bus,-1.586363725,1.7318182750000002,Attractor,0.04383561540626765
N52380,0.0,0.0,THOMPSON RUN RD OPP RADCLIFFE DR,40.5175,-79.9935,Outbound,Bus,0.0,0.0,Balanced,
N71244,0.09318180000000001,0.0,1ST AVE AT LOCK ST,40.6,-79.7527,Inbound,Bus,0.09318180000000001,0.09318180000000001,Generator,
S70636,0.20681818181818198,1.05909090909091,COMMONWEALTH AVE AT CLONMEL ST,40.3801,-79.8621,Inbound,Bus,-0.852272727272728,1.265909090909092,Attractor,0.19527896995708155
S70496,8.445454545454545,0.334090909090909,CHURCHVIEW AVE AT GLASS RUN RD FS,40.3859,-79.9678,Inbound,Bus,8.111363636363636,8.779545454545454,Generator,25.278911564625858
E32890,0.9181819999999999,2.243182,JONES AVE AT MILLER AVE,40.4057,-79.8595,Outbound,Bus,-1.3250000000000002,3.161364,Attractor,0.4093212231553213
E57410,1.2795455,0.07045454500000001,WILDWOOD AVE AT FOOD PARK,40.5036,-79.8401,Inbound,Bus,1.209090955,1.350000045,Generator,18.161291084911554
S31130,0.6681817999999999,10.615909,MAIN ST AT CAMBRIA ST,40.3817,-79.906,Outbound,Bus,-9.947727200000001,11.2840908,Attractor,0.0629415530973372
E70029,13.99091,0.67045455,ALLEGHENY AVE AT WASHINGTON AVE,40.5164,-79.8433,Inbound,Bus,13.320455449999999,14.66136455,Generator,20.8677978246251
E07030,4.8977275,12.76591,BENTLEY DR AT #1784,40.4401,-79.9766,Outbound,Bus,-7.8681825,17.6636375,Attractor,0.3836567467575755
X08925,8.663636499999999,0.7636363500000001,KATHLEEN ST AT HABERMAN AVE,40.4255,-80.0028,Inbound,Bus,7.9000001499999986,9.42727285,Generator,11.345238476403066
S70407,128.90227499999997,59.470455,E CARSON ST AT S 9TH ST,40.4287,-79.9897,Inbound,Bus,69.43181999999997,188.37273,Generator,2.167501072591423
S70637,1.94318181818182,1.6522727272727251,COMMONWEALTH AVE AT OVERLAND AVE,40.3815,-79.8598,Inbound,Bus,0.2909090909090948,3.595454545454545,Generator,1.1760660247592873
E42230,21.6022705,17.886365,NOBLE ST AT WASHINGTON ST,40.4215,-79.8863,Outbound,Bus,3.715905499999998,39.4886355,Generator,1.20775073638495
S00730,0.51363635,7.42954535,SECOND AVE AT BRADY ST,40.4359,-79.9725,Inbound,Bus,-6.915909,7.943181699999999,Attractor,0.06913429096976977
X18890,9.288636499999999,6.95,VIRGINIA AVE OPP SHOP-N-SAVE,40.4299,-80.008,Outbound,Bus,2.338636499999999,16.2386365,Generator,1.3364944604316544
N22260,1.8113636363636365,21.806818181818187,FREEPORT RD OPP CENTER AVE,40.49,-79.9056,Outbound,Bus,-19.99545454545455,23.618181818181824,Attractor,0.08306409588327253
N45595,0.0,0.0,ENNERDALE LN AT #210,40.5526,-80.0074,Outbound,Bus,0.0,0.0,Balanced,
N13125,17.929545,3.0954544999999998,CALIFORNIA AVE OPP BAINTON ST,40.4728,-80.0379,Inbound,Bus,14.834090500000002,21.0249995,Generator,5.792217265671326
W02743,8.79318181818182,5.554545454545455,BROADWAY AVE AT LAKE ST,40.4661,-80.0665,Inbound,Bus,3.238636363636365,14.347727272727274,Generator,1.5830605564648121
P00860,621.1386,330.290878,SEVENTH AVE AT WILLIAM PENN PL,40.4426,-79.9961,Both,Bus,290.847722,951.429478,Generator,1.8805805469444419
S46950,0.3954545454545455,0.6363636363636365,WALNUT ST AT 31ST AVE FS,40.3307,-79.8433,Outbound,Bus,-0.24090909090909096,1.031818181818182,Attractor,0.6214285714285714
E54150,8.404545500000001,22.213638000000003,TERRACE ST AT DARRAGH ST,40.4419,-79.9629,Outbound,Bus,-13.809092500000002,30.618183500000004,Attractor,0.3783507005921317
N26856,0.0,0.0,HULTON RD AT 5TH ST,40.525,-79.8384,Outbound,Bus,0.0,0.0,Balanced,
S20445,9.622727272727275,12.5431818181818,GRANT AVE AT 2ND ST,40.3731,-79.8471,Outbound,Bus,-2.9204545454545254,22.165909090909075,Attractor,0.7671679652110902
S70133,0.21136365000000001,2.6022724999999998,BUTTERMILK HOLLOW RD AT LEBANON CHURCH RD,40.3543,-79.9143,Outbound,Bus,-2.3909088499999998,2.81363615,Attractor,0.08122271975744279
X03180,7.2272725,0.09318180000000001,BROOKLINE BLVD AT #1439,40.3925,-80.0071,Inbound,Bus,7.1340907,7.3204543,Generator,77.56098830458308
S43390,11.125,1.9022727750000001,SOUTH MALL ENTRANCE DR AT PNC DRVWY,40.3355,-79.9465,Both,Bus,9.222727225,13.027272775,Generator,5.848267475730445
E70758,0.0,0.20909090000000002,BUTLER ST OPP LIVONIA ST,40.4889,-79.9359,Outbound,Bus,-0.20909090000000002,0.20909090000000002,Attractor,0.0
E70767,4.1068180000000005,2.3545455250000003,4TH AVE AT HAWKINS AVE,40.4131,-79.8805,Both,Bus,1.7522724750000003,6.461363525000001,Generator,1.744208364796854
E70874,0.345454545,0.24545454500000002,GREENSBURG PIKE AT LLOYD AVE,40.3968,-79.8212,Inbound,Bus,0.09999999999999998,0.59090909,Generator,1.4074074081618655
E70450,108.47273,105.80454499999999,MONROEVILLE MALL AT WEST COURT ENTRANCE,40.4287,-79.797,Both,Bus,2.6681850000000082,214.27727499999997,Generator,1.0252180565589126
N53650,0.18863635,0.32954545,WESTERN AVE AT ALLEGHENY AVE FS,40.4515,-80.0186,Inbound,Bus,-0.1409091,0.5181818,Attractor,0.5724137596195001
S31610,0.13636365,3.315909,MAIN ST AT WEST RUN RD (BRIERLY LANE),40.3771,-79.9092,Outbound,Bus,-3.17954535,3.45227265,Attractor,0.04112406281354525
S19320,0.3931818,0.9909091000000001,GEARING AVE AT CLIMAX ST,40.4191,-80.0055,Inbound,Bus,-0.5977273000000001,1.3840909000000001,Attractor,0.39678896883679843
E21130,7.6772730000000005,0.57045455,FRANKSTOWN RD AT LIME HOLLOW RD,40.4685,-79.8247,Inbound,Bus,7.1068184500000005,8.24772755,Generator,13.458167701528545
X01660,1.1909091,16.463635,BEVERLY RD OPP RALSTON PL,40.389,-80.0491,Outbound,Bus,-15.2727259,17.6545441,Attractor,0.07233573266171171
E01920,166.07272999999998,19.3159091,FIFTH AVE OPP CLYDE ST,40.4472,-79.945,Outbound,Bus,146.75682089999998,185.38863909999998,Generator,8.59771751566174
E40280,2.6022727000000003,18.979546,MONTIER ST AT PARK AVE,40.4459,-79.8717,Both,Bus,-16.3772733,21.5818187,Attractor,0.13710932284681626
E13330,25.536365,41.91591,CENTRE AVE AT CRAIG ST,40.4518,-79.9521,Outbound,Bus,-16.379544999999997,67.452275,Attractor,0.6092284528714753
S30257,0.0,0.025,LONG RUN RD AT OLD LONG RUN RD FS,40.3221,-79.8258,Outbound,Bus,-0.025,0.025,Attractor,0.0
E00975,398.095455,296.184095,FIFTH AVE AT BELLEFIELD AVE,40.4463,-79.9521,Both,Bus,101.91136,694.27955,Generator,1.3440811364296925
S39810,0.047727275,1.875,PROSPECT RD OPP ABBOTT DR,40.3641,-79.9734,Outbound,Bus,-1.827272725,1.922727275,Attractor,0.025454546666666668
N37150,0.0,0.57727275,MT TROY RD AT #2722,40.4738,-79.9865,Outbound,Bus,-0.57727275,0.57727275,Attractor,0.0
E29361,0.022727275,0.17272727499999999,HILLCREST ST OPP FANNELL ST,40.4679,-79.9366,Outbound,Bus,-0.15,0.19545454999999998,Attractor,0.13157895879501372
E53700,2.2045453999999998,4.3863635,SWISSVALE AVE AT HILL AVE,40.4436,-79.8764,Both,Bus,-2.1818181,6.5909089,Attractor,0.502590676764477
S70512,2.022727272727275,0.07272727272727275,AGNEW RD OPP JOSEPH ST,40.3963,-79.9715,Inbound,Bus,1.9500000000000024,2.095454545454548,Generator,27.812500000000025
E49695,0.575,0.075,SALTSBURG RD AT CRESTVIEW APTS,40.4814,-79.8057,Inbound,Bus,0.49999999999999994,0.6499999999999999,Generator,7.666666666666666
X01610,7.4545455,1.75,BEVERLY RD AT PARKER DR,40.3922,-80.0469,Inbound,Bus,5.7045455,9.2045455,Generator,4.259740285714286
W16880,5.6545455,6.5704545,NOBLESTOWN RD AT OBEY ST,40.4381,-80.0493,Outbound,Bus,-0.9159090000000001,12.225000000000001,Attractor,0.8606018807374741
S28300,1.24545455,4.2954547,LEBANON CHURCH RD OPP POLK AVE,40.3542,-79.9122,Outbound,Bus,-3.05000015,5.5409092499999995,Attractor,0.28994708057333257
E37290,9.8954545,0.0681818,LONG RD AT PARIS RD,40.4591,-79.834,Inbound,Bus,9.8272727,9.9636363,Generator,145.13337136889902
E41160,66.7818185,4.69318155,MURRAY AVE AT FLEMINGTON ST FS,40.4264,-79.9274,Both,Bus,62.08863695,71.47500005,Generator,14.229540832487078
E32736,5.879545,2.3863637750000004,JOHNSTON AVE AT #857,40.4062,-79.931,Both,Bus,3.493181225,8.265908775,Generator,2.4638091901977517
E25366,2.4636365000000002,0.30681820000000004,GREENFIELD AVE OPP BLANTON ST STEPS FS,40.4243,-79.9374,Inbound,Bus,2.1568183000000003,2.7704547,Generator,8.029629598244172
E59060,0.2659091,7.197727499999999,WM PENN HWY OPP NORTHERN PIKE,40.4375,-79.7779,Outbound,Bus,-6.931818399999999,7.463636599999999,Attractor,0.036943479730234305
W70155,1.7045455,0.77045455,GRAND AVE AT #4700,40.5094,-80.1223,Inbound,Bus,0.9340909500000001,2.4750000500000002,Generator,2.212389426475579
E19420,2.6454545,0.16363634999999999,FORBES AVE AT CELERON ST,40.4398,-79.8956,Inbound,Bus,2.48181815,2.80909085,Generator,16.1666677361112
E20730,2.13181818181818,13.3818181818182,FRANKSTOWN RD OPP WOODS RD,40.4597,-79.8739,Outbound,Bus,-11.250000000000021,15.51363636363638,Attractor,0.15930706521739096
W10970,1.0227275,0.16136365,LADOGA ST AT #3218,40.4498,-80.0682,Inbound,Bus,0.86136385,1.18409115,Generator,6.338029041856701
S46480,2.072727272727275,0.6227272727272725,VERSAILLES AVE OPP PACKER ST,40.3457,-79.8477,Outbound,Bus,1.4500000000000024,2.6954545454545475,Generator,3.3284671532846763
S39990,0.4840909,4.106818,PROVOST RD AT W LAWNVIEW AVE,40.363,-79.9923,Outbound,Bus,-3.6227270999999996,4.5909089,Attractor,0.11787493382954882
E08610,1.109090909090909,0.7477272727272728,BRADDOCK AVE AT 7TH ST,40.4025,-79.8676,Both,Bus,0.3613636363636361,1.8568181818181817,Generator,1.483282674772036
W22610,0.145454545,0.05,STEUBENVILLE PIKE AT E WINDHAVEN RD FS,40.4444,-80.099,Inbound,Bus,0.09545454499999999,0.19545454499999998,Generator,2.9090909
N13620,4.4863634999999995,28.661365,CEDAR AVE OPP TRIPOLI ST,40.4557,-80.0026,Inbound,Bus,-24.1750015,33.1477285,Attractor,0.15653000127523584
E51580,2.5136364999999996,2.6295455,SHADY AVE OPP SOLWAY ST,40.4427,-79.9201,Inbound,Bus,-0.11590900000000026,5.1431819999999995,Attractor,0.9559205193445026
P70007,16.7568185,93.645455,FIFTH AVE AT ROSS ST,40.439,-79.9953,Inbound,Bus,-76.88863649999999,110.4022735,Attractor,0.17893894049636475
E48690,1.2659090000000002,4.2113635,ROBINSON BLVD OPP SUNRISE AVE,40.4511,-79.8682,Inbound,Bus,-2.9454545,5.4772725,Attractor,0.3005936200947746
W07960,10.070454999999999,0.8318182000000001,GRAND AVE AT PINE LN,40.5145,-80.1406,Inbound,Bus,9.238636799999998,10.9022732,Generator,12.106557658873054
X12687,0.0,0.0,OXFORD DR OPP VILLAGE SQUARE UPPER ENTRANCE,40.3479,-80.0496,Inbound,Bus,0.0,0.0,Balanced,
E18480,4.2795455,0.66136365,ELLSWORTH AVE AT COLONIAL PL,40.452,-79.9392,Inbound,Bus,3.61818185,4.94090915,Generator,6.470790313317039
E19150,17.609091,2.17727285,FORBES AVE AT BEECHWOOD BLVD,40.4381,-79.9151,Inbound,Bus,15.43181815,19.78636385,Generator,8.087682258105593
N71204,34.172725,4.9954545,PERRYSVILLE AVE OPP WATSON BLVD FS,40.484,-80.0134,Inbound,Bus,29.1772705,39.1681795,Generator,6.840763938496487
W07940,1.2568181999999999,0.32954545,GRAND AVE OPP MAPLE LN,40.5164,-80.1464,Inbound,Bus,0.9272727499999999,1.58636365,Generator,3.8137932112247332
X01590,1.6136365000000001,11.01591,BEVERLY RD AT MEADOWCROFT AVE,40.3901,-80.0478,Outbound,Bus,-9.4022735,12.6295465,Attractor,0.14648236051311242
E19690,0.34318180000000004,14.075,FORBES AVE AT PEEBLES ST,40.4394,-79.895,Outbound,Bus,-13.7318182,14.4181818,Attractor,0.024382365896980465
N44760,1.8727274999999999,5.4272725,PITTSBURGH ST AT OAK ST,40.541,-79.7823,Outbound,Bus,-3.554545,7.3,Attractor,0.3450586827914021
X00400,1.0590909,14.470455,BAILEY AVE OPP RUTH ST,40.4271,-80.0052,Outbound,Bus,-13.4113641,15.529545899999999,Attractor,0.07318988241903934
S70356,2.1295455,1.881818,EAST PITTSBURGH-MCKEESPORT BLV AT ORRIS RD,40.3691,-79.8308,Outbound,Bus,0.24772749999999988,4.0113635,Generator,1.1316426455693376
N13210,1.0590909,0.3318182,CALIFORNIA AVE OPP RANKIN AVE,40.4765,-80.04,Inbound,Bus,0.7272726999999999,1.3909091,Generator,3.191780619628459
E08920,1.4295455000000001,42.072725000000005,BRADDOCK AVE AT HUTCHINSON ST,40.433,-79.8943,Outbound,Bus,-40.6431795,43.50227050000001,Attractor,0.033977963157841566
N20620,0.0,0.3795454545454545,FREEPORT RD AT ARGONNE DR,40.6174,-79.7339,Outbound,Bus,-0.3795454545454545,0.3795454545454545,Attractor,0.0
W10650,3.654545,2.5113634,JEFFERS ST AT FADETTE ST,40.452,-80.0659,Both,Bus,1.1431816000000001,6.1659084,Generator,1.4552035758743638
S70352,1.05227275,0.11363635,PORT PERRY RD AT E PITTSBURGH-MCKEESPORT BLVD,40.3834,-79.8283,Outbound,Bus,0.9386364,1.1659091,Generator,9.260001311200158
E25030,4.2113635,10.318182,GRANT ST AT PENN AVE,40.4049,-79.8259,Inbound,Bus,-6.1068185,14.529545500000001,Attractor,0.40814975932775754
E70830,0.07272727500000001,0.35227275,FORBES RD OPP CK STUDIOS DRIVEWAY,40.3921,-79.7582,Inbound,Bus,-0.27954547500000004,0.425000025,Attractor,0.20645160603538026
X01945,1.3318180000000002,7.0590910000000004,BOGGS AVE AT ST JUSTIN'S PLAZA,40.4267,-80.0069,Outbound,Bus,-5.727273,8.390909,Attractor,0.18866706775702424
S70417,1.0681818181818201,1.736363636363635,MONONGAHELA AVE AT ARCH ST,40.3378,-79.8894,Inbound,Bus,-0.6681818181818149,2.804545454545455,Attractor,0.6151832460733
E55303,3.831818,5.109091,HIGHLAND DR OPP JOB CORPS DR,40.4782,-79.899,Both,Bus,-1.277273,8.940909000000001,Attractor,0.7499999510676165
S70492,2.804545454545455,0.0,CHURCHVIEW AVE AT GREENGLEN DR,40.384,-79.9528,Inbound,Bus,2.804545454545455,2.804545454545455,Generator,
N14452,0.0,1.2386365000000001,CHAPIN ST AT COLBY ST,40.4893,-80.0065,Outbound,Bus,-1.2386365000000001,1.2386365000000001,Attractor,0.0
E46050,1.8227272000000003,16.215909099999998,PENN AVE AT GREENSBURG PIKE,40.4447,-79.8612,Outbound,Bus,-14.393181899999997,18.038636299999997,Attractor,0.1124036394604605
E36100,0.306818175,1.1454544999999998,LINCOLN AVE OPP RENFREW ST,40.4621,-79.9064,Outbound,Bus,-0.8386363249999997,1.452272675,Attractor,0.26785714753401385
E25357,4.5272725,0.8931818,GREENFIELD AVE AT FRAZIER ST,40.4257,-79.9498,Inbound,Bus,3.6340907,5.420454299999999,Generator,5.068702138803096
E48200,13.709090775,12.5818181,RANKIN BLVD AT KENMAWR AVE,40.4102,-79.8778,Both,Bus,1.1272726750000004,26.290908875,Generator,1.089595372150548
W17130,0.8704545499999999,10.0977275,NOBLESTOWN RD AT #2212,40.4302,-80.0535,Outbound,Bus,-9.22727295,10.96818205,Attractor,0.08620301449014146
X02170,8.6954545,0.075,BOWER HILL RD AT LONGRIDGE DR,40.3819,-80.058,Inbound,Bus,8.620454500000001,8.7704545,Generator,115.93939333333334
N08630,0.14545454545454545,0.05,BEAVER RD AT SHIELDS LN,40.5572,-80.1982,Inbound,Bus,0.09545454545454544,0.19545454545454544,Generator,2.9090909090909087
S70613,13.952275,12.70682,B DR AT D DR,40.3442,-79.9121,Both,Bus,1.2454549999999998,26.659095,Generator,1.0980146881753263
N38380,72.21591000000001,69.71364,NORTH AVE AT BRIGHTON RD FS,40.454,-80.0141,Inbound,Bus,2.50227000000001,141.92955,Generator,1.0358935496697634
E19160,2.3863635,31.936365000000002,FORBES AVE AT BEECHWOOD BLVD,40.438,-79.9164,Outbound,Bus,-29.5500015,34.322728500000004,Attractor,0.07472245197598411
X17680,12.222725,0.31363635,SOUTHERN AVE AT NATCHEZ ST,40.4287,-80.0081,Inbound,Bus,11.909088650000001,12.53636135,Generator,38.971008940768506
W11767,0.0,0.9045454500000001,LINDSAY RD OPP #834,40.3886,-80.0782,Outbound,Bus,-0.9045454500000001,0.9045454500000001,Attractor,0.0
W12620,0.515909090909091,0.05,MAIN ST OPP JANE ST,40.4119,-80.08,Inbound,Bus,0.465909090909091,0.565909090909091,Generator,10.318181818181818
E70154,3.293182,3.2249999,WOODSTOCK AVE AT BELMAR PL,40.4153,-79.8758,Outbound,Bus,0.06818210000000002,6.5181819,Generator,1.0211417370896663
N38640,2.620454545454545,14.738636363636349,NORTH AVE AT KLOPFER ST,40.4848,-79.973,Outbound,Bus,-12.118181818181803,17.359090909090895,Attractor,0.1777949113338475
E35290,5.7977275,23.047729,LIBERTY AVE AT GROSS ST,40.4594,-79.9447,Inbound,Bus,-17.2500015,28.8454565,Attractor,0.25155309228080563
S39660,3.8613635000000004,0.095454545,PROSPECT RD AT BAUMAN AVE,40.3608,-79.98,Inbound,Bus,3.7659089550000004,3.9568180450000003,Generator,40.45237971643991
E21670,1.93636365,4.49318165,FRANKSTOWN RD OPP LIME HOLLOW RD,40.4683,-79.8247,Outbound,Bus,-2.5568180000000003,6.429545300000001,Attractor,0.4309560130959762
S11470,1.75681818181818,0.0,GARDENVILLE RD AT CHARLOTTE DR,40.3456,-80.0069,Inbound,Bus,1.75681818181818,1.75681818181818,Generator,
E14134,7.425000000000001,2.5590907750000005,CHASKE ST OPP CROSS ST,40.4758,-79.8692,Both,Bus,4.865909225,9.984090775000002,Generator,2.9014211111757064
X20110,5.477272727272725,14.263636363636351,WEST LIBERTY AVE AT MCFARLAND RD,40.3896,-80.0416,Outbound,Bus,-8.786363636363626,19.740909090909078,Attractor,0.38400254939451894
W07700,1.8,6.1909089999999996,GRAND AVE AT PERSHING RD FS,40.5122,-80.1315,Outbound,Bus,-4.390909,7.990908999999999,Attractor,0.2907489029478547
N32760,2.95909095,0.9022727,MCKNIGHT RD AT NELSON RUN RD,40.507,-80.0068,Inbound,Bus,2.05681825,3.8613636500000004,Generator,3.2795971218014244
E19870,655.8341268,262.247725,FORBES AVE OPP CRAIG ST,40.4443,-79.9489,Both,Bus,393.58640180000003,918.0818518000001,Generator,2.5008191274109244
E70271,14.879545499999999,105.85681500000001,DARRAGH ST AT FIFTH AVE,40.4407,-79.9605,Outbound,Bus,-90.9772695,120.73636050000002,Attractor,0.14056294344393414
S09420,3.4886365,0.18863635,BROWNSVILLE RD OPP CURRY RD FS,40.3585,-79.9906,Inbound,Bus,3.3000001500000002,3.67727285,Generator,18.493977963420093
W24745,1.1499999999999977,10.575,WASHINGTON PIKE AT CHARTIERS VALLEY SC,40.3656,-80.1081,Outbound,Bus,-9.425,11.724999999999998,Attractor,0.10874704491725747
E12570,0.6886365,0.0,CENTER RD AT FOUR SEASONS APTS,40.461,-79.7594,Inbound,Bus,0.6886365,0.6886365,Generator,
N40423,10.090909,7.6840910000000004,OLD CALIFORNIA AVE AT WOODLAND AVE,40.4667,-80.034,Both,Bus,2.4068179999999995,17.775,Generator,1.3132209131828345
N13990,4.8045455,0.7909091,CENTER AVE AT PARK AVE,40.5116,-80.0275,Inbound,Bus,4.013636399999999,5.5954546,Generator,6.074712631325141
W03290,5.6795455,1.5272725,CHARTIERS AVE AT CITADEL ST FS,40.4543,-80.0583,Inbound,Bus,4.152272999999999,7.206818,Generator,3.718750583147408
S09370,0.37272724999999995,0.75227275,RIDGEVUE DR AT BROWNSVILLE RD,40.3191,-79.9959,Both,Bus,-0.3795455000000001,1.125,Attractor,0.4954682327653101
E14190,2.124999775,17.85,CHISLETT ST AT GREENWOOD ST,40.4853,-79.9259,Outbound,Bus,-15.725000225000002,19.974999775,Attractor,0.11904760644257702
E45602,13.7022726,30.468182,PENN AVE AT 39TH ST,40.4649,-79.9602,Inbound,Bus,-16.765909399999998,44.1704546,Attractor,0.4497239973162823
P02120,629.0795735,74.2431815,GRANT ST AT US STEEL STOP A,40.4414,-79.9954,Outbound,Bus,554.836392,703.322755,Generator,8.4732302790661
E46710,7.829545545,25.9113625,PENN AVE OPP BAKERY SQUARE,40.4561,-79.9156,Outbound,Bus,-18.081816955,33.740908045,Attractor,0.30216649336753326
W70091,0.0,2.025,CHARTIERS AVE EXT AT HECKLE RD,40.4706,-80.0911,Outbound,Bus,-2.025,2.025,Attractor,0.0
N19015,1.8045454545454551,4.722727272727275,EVERGREEN AVE OPP JOHN ST,40.4871,-79.9726,Outbound,Bus,-2.91818181818182,6.527272727272731,Attractor,0.3820981713185755
N24290,0.38636363636363646,11.5431818181818,GRANT AVE OPP LAUREL AVE,40.4884,-80.0531,Outbound,Bus,-11.156818181818164,11.929545454545437,Attractor,0.033471155739318824
E70400,3.4818181999999998,2.540909,GREENFIELD RD AT OVERLOOK DR,40.4328,-79.9373,Inbound,Bus,0.9409091999999997,6.0227272,Generator,1.3703041706727788
E13450,62.395455,52.990905000000005,CENTRE AVE AT ERIN ST,40.4445,-79.9787,Inbound,Bus,9.404549999999993,115.38636,Generator,1.177474794967174
X15160,3.95,22.57272727272725,RAILROAD ST AT STATION ST,40.358,-80.1107,Outbound,Bus,-18.62272727272725,26.52272727272725,Attractor,0.17498993153443435
E39150,1.9409091,0.27045454500000005,MIDDLE AVE AT MAPLE AVE,40.3967,-79.8101,Inbound,Bus,1.670454555,2.211363645,Generator,7.176470633910034
E35520,22.05227,17.679545,LIBERTY AVE OPP 27TH ST,40.4552,-79.9764,Outbound,Bus,4.372724999999999,39.731815,Generator,1.2473324398337173
S25480,11.88409,2.8909089999999997,INTERBORO AVE AT LEASIDE DR #1 (MIFFLIN),40.3701,-79.9128,Inbound,Bus,8.993181,14.774999000000001,Generator,4.110848871410343
E45710,37.563635,23.9886375,PENN AVE AT ATLANTIC AVE,40.4646,-79.9385,Both,Bus,13.574997499999998,61.5522725,Generator,1.5658928107109042
N29830,7.072727499999999,0.45227275,LEY ST AT FROMAN ST,40.4648,-79.9822,Inbound,Bus,6.6204547499999995,7.525000249999999,Generator,15.638190671447703
N39680,1.88409090909091,5.775,OHIO RIVER BLVD AT FISK AVE,40.5014,-80.0749,Outbound,Bus,-3.8909090909090907,7.65909090909091,Attractor,0.32624950806769
N51050,0.0,0.0,SPRINGFIELD DR AT NORTHGATE DR,40.5779,-79.9924,Inbound,Bus,0.0,0.0,Balanced,
E70292,2.1863635,7.072727499999999,HAMILTON AVE AT OAKWOOD ST,40.4517,-79.8849,Outbound,Bus,-4.886363999999999,9.259091,Attractor,0.3091259347967245
E13480,184.713632,64.7204545,CENTRE AVE AT GRAHAM ST,40.4566,-79.9364,Inbound,Bus,119.99317749999999,249.43408649999998,Generator,2.854022479091212
P02280,522.6590858,753.6840642,LIBERTY AVE AT SIXTH AVE,40.4422,-80.0003,Both,Bus,-231.0249784,1276.34315,Attractor,0.6934723853485981
P01620,156.022729795,601.18635954,EAST BUSWAY AT PENN STATION C,40.444,-79.9921,Both,Busway,-445.163629745,757.209089335,Attractor,0.259524733585741
X08861,1.4977274999999999,0.05,KANE BLVD AT CHURCH RECTORY,40.3731,-80.084,Inbound,Bus,1.4477274999999998,1.5477275,Generator,29.954549999999998
S24350,0.5795454545454545,0.0,HWY RT 51 OPP ELLIOTT RD,40.3099,-79.9372,Inbound,Bus,0.5795454545454545,0.5795454545454545,Generator,
N13100,0.67045455,4.927272500000001,CALIFORNIA AVE AT WINHURST ST FS,40.4876,-80.0453,Outbound,Bus,-4.256817950000001,5.5977270500000005,Attractor,0.13607011789991316
N08170,1.9181819999999998,0.475,BEAVER ST AT BEAVER CT,40.5364,-80.1767,Inbound,Bus,1.4431819999999997,2.393182,Generator,4.038277894736842
E34230,0.16363634999999999,3.6477275000000002,LAKETON RD OPP TURNER AVE,40.4525,-79.8604,Outbound,Bus,-3.4840911500000002,3.81136385,Attractor,0.04485980655079086
W24730,2.175000000000001,13.038636363636366,WASHINGTON PIKE AT GREAT SOUTHERN SC ENT #2,40.3677,-80.1042,Outbound,Bus,-10.863636363636365,15.213636363636367,Attractor,0.16681192260763472
W07880,11.854545000000002,3.1113635000000004,GRAND AVE OPP PITTSBURGH RECYCLING CENTER,40.5087,-80.1169,Inbound,Bus,8.743181500000002,14.965908500000001,Generator,3.8100803715155753
E47500,0.3159090909090909,0.0,PITCAIRN-TRAFFORD RD AT CLARK ST,40.3952,-79.7672,Inbound,Bus,0.3159090909090909,0.3159090909090909,Generator,
S23620,15.411364,1.020454545,HWY RT 51 AT CLOVERLEAF TOWERS,40.342,-79.9662,Inbound,Bus,14.390909455000001,16.431818545000002,Generator,15.102450251716014
N35830,0.2659091,3.9295454999999997,MT ROYAL BLVD AT GLENN AVE,40.5214,-79.9596,Outbound,Bus,-3.6636363999999997,4.1954546,Attractor,0.06766917446305178
N25530,2.775,7.793182,HENDERSON ST OPP SANDUSKY CT,40.4592,-80.0056,Outbound,Bus,-5.0181819999999995,10.568182,Attractor,0.3560804816312515
E57470,25.2977284,3.8113635000000006,WILKINS AVE AT BEECHWOOD BLVD,40.4444,-79.9176,Both,Bus,21.486364899999998,29.109091900000003,Generator,6.637448356736375
S29243,5.675,11.429545454545456,LIBRARY PL AT DUQUESNE BLVD,40.3717,-79.8438,Both,Bus,-5.754545454545457,17.104545454545455,Attractor,0.49652018293895395
N22400,2.3113636363636383,7.36818181818182,FREEPORT RD OPP GUYS RUN RD,40.5338,-79.8449,Outbound,Bus,-5.056818181818182,9.679545454545458,Attractor,0.3136952498457744
S31230,5.5772725,0.8318182000000001,MAIN ST AT E JAMES ST,40.3915,-79.9005,Inbound,Bus,4.7454543000000005,6.4090907,Generator,6.704917613007265
E58590,4.40454525,0.07272727500000001,WM PENN HWY AT PEP BOYS,40.4307,-79.8057,Inbound,Bus,4.331817975,4.477272525,Generator,60.562495294922016
E70066,3.5363635,12.15682,BENTLEY DR AT BURROWS ST,40.4396,-79.9707,Outbound,Bus,-8.6204565,15.6931835,Attractor,0.290895439761385
X20370,5.7181820000000005,0.32727275,WEST LIBERTY AVE OPP PAULINE AVE,40.4016,-80.0222,Inbound,Bus,5.390909250000001,6.04545475,Generator,17.47222156442906
N17850,1.4,0.3909091,EAST ST AT HAZLETT ST,40.4745,-80.0051,Outbound,Bus,1.0090909,1.7909091,Generator,3.581395265548947
S70395,0.69545455,0.40227274999999996,LEWIS RUN RD AT NORTH AVE,40.3317,-79.9362,Outbound,Bus,0.29318180000000005,1.0977272999999999,Generator,1.7288134729483915
N17250,2.0113635,25.756819999999998,EAST OHIO ST AT CEDAR AVE,40.4534,-80.0015,Inbound,Bus,-23.745456499999996,27.7681835,Attractor,0.0780905212677652
N20840,3.272727272727275,0.95681818181818,FREEPORT RD AT CABLE AVE,40.4947,-79.8594,Inbound,Bus,2.315909090909095,4.229545454545455,Generator,3.4204275534441897
E29790,8.947725,43.027275,HOMEWOOD AVE OPP FINANCE ST (EAST BUSWAY),40.4532,-79.8985,Outbound,Bus,-34.079550000000005,51.975,Attractor,0.2079547217433593
E46220,2.9681819999999997,8.034091,PENN AVE AT MATHILDA ST,40.4655,-79.9466,Outbound,Bus,-5.065909,11.002272999999999,Attractor,0.3694483918591412
N20060,0.025,0.097727275,FOREST AVE OPP #1055,40.5081,-80.0486,Outbound,Bus,-0.07272727500000001,0.122727275,Attractor,0.25581394753921055
E02790,1.0318182,0.14545455000000002,ABER RD AT #8077,40.4692,-79.8622,Both,Bus,0.8863636500000001,1.17727275,Generator,7.093749903320315
S31280,5.259091,0.295454545,MAIN ST AT FULTON ST,40.3807,-79.9066,Inbound,Bus,4.963636455,5.554545545,Generator,17.800000335076923
W04610,0.95454545,0.025,CLEVER RD AT MONTOUR HIGH SCHOOL,40.4685,-80.124,Inbound,Bus,0.92954545,0.97954545,Generator,38.181818
E38715,2.4681819999999997,7.856818,MAPLE AVE AT JAMES ST,40.408,-79.8187,Outbound,Bus,-5.388636,10.325,Attractor,0.3141452430233206
X04260,3.834091,0.22727275,CEDAR BLVD OPP LONGRIDGE DR,40.3786,-80.0544,Inbound,Bus,3.60681825,4.06136375,Generator,16.86999871300013
N43920,42.075,6.1568179999999995,PERRYSVILLE AVE AT WILSON AVE,40.4637,-80.0122,Inbound,Bus,35.918182,48.231818000000004,Generator,6.833887245002209
N18480,0.0,0.0,ENNERDALE DR AT LAURELWOOD DR,40.5517,-80.006,Inbound,Bus,0.0,0.0,Balanced,
N35740,0.82727275,0.25227275,MT ROYAL BLVD AT EADE AVE,40.5466,-79.9724,Inbound,Bus,0.575,1.0795455,Generator,3.2792790739388225
S26990,4.7795455,0.95454545,JOSEPHINE ST AT #3237,40.419,-79.9646,Inbound,Bus,3.8250000500000003,5.734090950000001,Generator,5.007142928605442
S27350,3.1977272727272714,6.238636363636365,KENNEDY AVE OPP WILMOT ST,40.3687,-79.8545,Both,Bus,-3.0409090909090937,9.436363636363637,Attractor,0.5125683060109286
E70772,12.070454999999999,13.797727275,WASHINGTON ST AT MONONGAHELA AVE,40.4202,-79.8889,Both,Bus,-1.7272722750000007,25.868182275,Attractor,0.8748147256012494
E51350,2.0931819999999997,3.2772725,SHADY AVE AT HASTINGS ST,40.4456,-79.921,Inbound,Bus,-1.1840905000000004,5.370454499999999,Attractor,0.6386963549720078
N50680,0.943182,0.022727275,SPRING GARDEN AVE OPP REEKES WAY,40.4763,-79.9894,Inbound,Bus,0.9204547249999999,0.965909275,Generator,41.50000384999961
N28280,0.6386363636363634,0.1636363636363635,IVORY AVE OPP RODENBAUGH AVE FS,40.4973,-80.0177,Inbound,Bus,0.475,0.8022727272727269,Generator,3.90277777777778
N08610,9.347727272727251,0.838636363636365,BEAVER ST AT #305,40.5678,-80.2116,Inbound,Bus,8.509090909090887,10.186363636363616,Generator,11.146341463414592
N22000,2.8272727272727254,1.577272727272725,FREEPORT RD AT VALLEY MOTEL,40.5354,-79.8426,Inbound,Bus,1.2500000000000004,4.404545454545451,Generator,1.7925072046109525
E45770,23.7954545,7.034091,PENN AVE AT BRUSHTON AVE,40.4466,-79.8934,Inbound,Bus,16.7613635,30.829545500000002,Generator,3.3828755556332726
N15910,0.565909090909091,9.81590909090909,CUMBERLAND RD AT LANCELOT DR,40.5722,-80.0224,Outbound,Bus,-9.249999999999998,10.381818181818181,Attractor,0.057652234313498515
W02720,27.9,10.4,BROADWAY AVE AT 3RD ST,40.4678,-80.0674,Inbound,Bus,17.5,38.3,Generator,2.6826923076923075
S70375,1.5,0.795454545454545,STATE ST AT DIVISION AVE,40.3069,-79.8865,Outbound,Bus,0.704545454545455,2.295454545454545,Generator,1.8857142857142868
N54640,0.743182,4.8113635,WOODLAND AVE AT BRIGHTON RD FS,40.4699,-80.026,Outbound,Bus,-4.0681815,5.5545455,Attractor,0.1544639061255713
E45900,10.425,34.322728999999995,PENN AVE AT EAST END AVE,40.4467,-79.8941,Outbound,Bus,-23.897728999999995,44.74772899999999,Attractor,0.30373458940284154
W70057,20.940909090909106,1.7568181818181818,WEST BUSWAY AT INGRAM STATION B,40.4438,-80.0661,Outbound,Busway,19.184090909090923,22.69772727272729,Generator,11.91979301423028
E23400,12.079545,1.3409091,FRIENDSHIP AVE AT AIKEN AVE,40.4619,-79.9375,Inbound,Bus,10.7386359,13.420454099999999,Generator,9.008474176213735
W25860,0.09545455000000001,0.411363645,W CARSON ST AT GLENMAWR AVE,40.4544,-80.0409,Inbound,Bus,-0.315909095,0.506818195,Attractor,0.2320442050731051
S28850,16.975,0.5818182000000001,LEBANON RD OPP NOBLE DR FS (HARLEY DAVIDSON),40.3618,-79.9324,Inbound,Bus,16.3931818,17.556818200000002,Generator,29.175780338256864
N31520,23.284092,24.411362500000003,MAIN ST AT 7TH ST NS,40.4946,-79.9354,Outbound,Bus,-1.1272705000000016,47.695454500000004,Attractor,0.9538218933908338
S70513,5.2022727272727245,0.09545454545454546,AGNEW RD AT PENN ST FS,40.3965,-79.9743,Inbound,Bus,5.106818181818179,5.29772727272727,Generator,54.49999999999997
E55032,2.290909,0.840909,UNIVERSAL RD AT VOLUNTEER FIRE CO,40.4661,-79.8244,Inbound,Bus,1.4500000000000002,3.131818,Generator,2.724324510737785
X19500,0.52727275,0.025,WASHINGTON RD OPP FLORENCE PL,40.3844,-80.0437,Inbound,Bus,0.5022727499999999,0.55227275,Generator,21.090909999999997
N29360,0.13636365,0.0,LAURELWOOD DR OPP FENWICK DR,40.552,-80.0026,Inbound,Bus,0.13636365,0.13636365,Generator,
W08580,7.347727272727275,1.7295454545454545,HELEN ST AT SPROUL ST FS,40.4715,-80.0554,Inbound,Bus,5.618181818181821,9.07727272727273,Generator,4.248357424441526
E70382,0.2409091,1.79090905,LEECHBURG RD OPP COURTNEY DR,40.4868,-79.8045,Outbound,Bus,-1.5499999500000001,2.03181815,Attractor,0.1345177746463451
N71340,2.159091,6.7,PERRY HWY AT OLD PERRYSVILLE RD FS,40.5078,-80.0296,Outbound,Bus,-4.540909,8.859091,Attractor,0.3222523880597015
N37320,1.190909,0.0,MT TROY RD OPP #2722,40.474,-79.9866,Inbound,Bus,1.190909,1.190909,Generator,
S70339,4.43409090909091,1.386363636363635,MONONGAHELA AVE AT HARRISON ST,40.3365,-79.8902,Inbound,Bus,3.0477272727272755,5.820454545454545,Generator,3.198360655737709
S38540,0.27727275,8.168182,PENNSYLVANIA AVE AT MELLON ST,40.3621,-79.8589,Outbound,Bus,-7.89090925,8.44545475,Attractor,0.03394546669013986
E56190,2.2045455,0.322727275,WARDSONS ST AT CHURCHLAND ST,40.472,-79.8974,Both,Bus,1.881818225,2.527272775,Generator,6.830986008232493
E70867,6.9977275,5.506818,REED ST AT ELMORE ST,40.4431,-79.9763,Inbound,Bus,1.4909094999999999,12.504545499999999,Generator,1.2707388368382613
W70120,6.9522727272727245,38.0818181818182,HELEN ST AT ELLA ST FS,40.4743,-80.0575,Outbound,Bus,-31.129545454545475,45.03409090909092,Attractor,0.18256147051802324
E45604,10.784091,6.140909,PENN AVE AT 39TH ST,40.4648,-79.9603,Outbound,Bus,4.643182,16.925,Generator,1.7561066285137918
E21360,11.2386365,3.7,FRANKSTOWN RD AT #10485,40.4606,-79.8444,Inbound,Bus,7.5386365,14.938636500000001,Generator,3.037469324324324
X00500,0.025,1.20681818181818,BANK ST AT GREGG AVE,40.3552,-80.1087,Outbound,Bus,-1.18181818181818,1.23181818181818,Attractor,0.020715630885122443
E20590,38.220453500000005,39.677271,FRANKSTOWN AVE AT PAULSON AVE,40.4609,-79.915,Inbound,Bus,-1.4568174999999925,77.89772450000001,Attractor,0.9632833240975672
N17880,6.427272500000001,2.5295455000000002,EAST ST AT MT PLEASANT RD,40.4822,-80.0059,Outbound,Bus,3.8977270000000006,8.956818000000002,Generator,2.5408803676391667
N43445,9.281818,32.75,PERRYSVILLE AVE OPP ELLZEY ST,40.4718,-80.01,Outbound,Bus,-23.468182,42.031818,Attractor,0.28341429007633584
N21920,1.572727272727275,0.025,FREEPORT RD AT SPRING HILL RD,40.6268,-79.7213,Inbound,Bus,1.547727272727275,1.5977272727272749,Generator,62.909090909091
S70554,3.4113635,12.045455,PARKLINE DR AT #1620,40.3668,-79.9677,Outbound,Bus,-8.6340915,15.4568185,Attractor,0.28320752516198017
E44880,14.213634499999998,1.0522727,PARK AVE AT SWISSVALE AVE,40.4448,-79.8755,Both,Bus,13.161361799999998,15.265907199999997,Generator,13.507557974277958
S45030,2.7181819999999997,0.0,ST JOSEPH ST AT #184,40.4134,-79.9837,Inbound,Bus,2.7181819999999997,2.7181819999999997,Generator,
S70351,0.25227275,1.04545455,PORT PERRY RD AT E PITTSBURGH-MCKEESPORT BLVD F,40.3837,-79.8285,Inbound,Bus,-0.7931818000000002,1.2977273,Attractor,0.24130436851606793
S24070,2.7159095,0.7045454500000001,HWY RT 51 AT #2859,40.3777,-79.9873,Inbound,Bus,2.01136405,3.42045495,Generator,3.854839315192511
E34610,3.6636360000000003,0.45454545,LEECHBURG RD AT BARCKHOFF ST FS,40.4938,-79.7893,Inbound,Bus,3.2090905500000004,4.118181450000001,Generator,8.059999280599992
E48405,4.40681805,3.377272545,REBECCA AVE AT SWISSVALE AVE FS,40.438,-79.8791,Outbound,Bus,1.0295455050000002,7.784090595,Generator,1.3048452534647303
E46170,5.8886365000000005,0.9727275,PENN AVE AT LINDEN AVE,40.4525,-79.9101,Inbound,Bus,4.915909000000001,6.861364,Generator,6.053737043519383
W14500,1.513636363636365,1.420454545454545,CORAOPOLIS RD OPP EHLE AVE,40.4879,-80.107,Both,Bus,0.09318181818182003,2.93409090909091,Generator,1.0656000000000014
S34180,0.24545454500000002,2.143182,MIFFLIN RD AT LEBANON RD FS,40.3793,-79.9249,Outbound,Bus,-1.8977274549999998,2.3886365449999998,Attractor,0.11452809187460516
W25750,0.45227275,3.5227275000000002,WINDGAP AVE AT SUMMERDALE ST,40.4563,-80.0803,Outbound,Bus,-3.07045475,3.9750002500000003,Attractor,0.12838709494276807
S25140,0.675,0.022727275,HWY RT 885 OPP GORDONS LN,40.336,-79.9366,Inbound,Bus,0.652272725,0.6977272750000001,Generator,29.699997030000297
E48890,1.7704545,4.7772725000000005,ROBINSON ST AT TERRACE ST,40.4404,-79.9656,Outbound,Bus,-3.0068180000000004,6.547727,Attractor,0.37059943723118155
W70158,1.07727275,2.2068184,W CARSON ST AT CORLISS TUNNEL NS,40.453,-80.0396,Inbound,Bus,-1.12954565,3.28409115,Attractor,0.4881565016858659
W26200,4.8545454545454545,4.49772727272727,W PROSPECT AVE AT BERRY ST NS,40.4468,-80.0687,Inbound,Bus,0.35681818181818414,9.352272727272725,Generator,1.0793329964628606
N01830,22.50227272727275,26.1,4TH AVE AT 7TH ST,40.5626,-79.7657,Both,Bus,-3.5977272727272513,48.60227272727275,Attractor,0.8621560431905267
P01970,71.475,1.1863636,GRANT ST AT SEVENTH AVE FS,40.4428,-79.9943,Both,Bus,70.2886364,72.66136359999999,Generator,60.24712828343688
N50450,0.18863635,0.0,SPRING GARDEN AVE AT REPPEL WAY,40.4728,-79.9876,Inbound,Bus,0.18863635,0.18863635,Generator,
E70882,1.447727295,15.4818185,BEECHWOOD BLVD OPP MONITOR ST FS,40.4255,-79.9268,Outbound,Bus,-14.034091205,16.929545795,Attractor,0.09351144989847285
N37250,0.0,0.9727275,MT TROY RD AT # 3222,40.4856,-79.9919,Outbound,Bus,-0.9727275,0.9727275,Attractor,0.0
N47170,0.0,0.5613636363636365,SAMPLE RD AT RINGEISEN RD,40.5718,-79.9985,Both,Bus,-0.5613636363636365,0.5613636363636365,Attractor,0.0
E05340,0.14090909090909098,1.1636363636363636,BEATTY RD AT COLLEGE PARK DR,40.4416,-79.7428,Outbound,Bus,-1.0227272727272725,1.3045454545454547,Attractor,0.12109375000000007
E58020,0.047727275,0.70227275,WILTSIE ST AT #6903,40.4738,-79.8977,Both,Bus,-0.654545475,0.750000025,Attractor,0.06796116608539915
E08890,10.211363500000001,1.0477275000000001,BRADDOCK AVE AT HENRIETTA ST,40.4358,-79.8959,Inbound,Bus,9.163636,11.259091000000002,Generator,9.746201660259944
S08500,0.8227275000000001,2.315909,BROWNSVILLE RD AT FELIX DR,40.3503,-79.9879,Outbound,Bus,-1.4931815,3.1386365,Attractor,0.3552503574190523
S02620,128.56818181818178,89.99545454545454,8TH AVE AT ANN ST FS,40.4079,-79.9091,Both,Bus,38.57272727272725,218.5636363636363,Generator,1.4286075054295668
E70953,0.42045455,1.9613635,BRERETON ST AT #3035,40.4566,-79.9685,Inbound,Bus,-1.54090895,2.38181805,Attractor,0.21436849926084584
E34270,2.3545455,0.31363635,LARIMER AVE AT APPLE ST,40.4686,-79.9064,Inbound,Bus,2.04090915,2.66818185,Generator,7.507246848141167
S70439,6.5136365000000005,4.993182,CHURCHVIEW AVE OPP SANKEY AVE,40.3854,-79.9763,Inbound,Bus,1.5204545000000005,11.506818500000001,Generator,1.3045061245514384
S42460,4.0045453,5.8772728999999995,SOUTH BUSWAY OPP PIONEER AVE RAMP,40.4119,-80.0085,Inbound,Busway,-1.8727275999999993,9.8818182,Attractor,0.6813611292407403
E15670,3.4636363500000003,9.8886365,CRAIG ST AT BIGELOW BLVD FS,40.4563,-79.9548,Both,Bus,-6.425000150000001,13.35227285,Attractor,0.35026430084673454
N41130,0.0,0.0,PEEBLES RD AT SAMPLE RD,40.5705,-80.0028,Inbound,Bus,0.0,0.0,Balanced,
N22780,1.9545454545454555,3.236363636363635,FREEPORT RD OPP #1101 (MULLIGAN'S),40.5409,-79.8188,Outbound,Bus,-1.2818181818181795,5.1909090909090905,Attractor,0.6039325842696635
W23101,1.1181818000000001,0.0,SUMMIT PARK DR OPP PARK LANE #1,40.4509,-80.1872,Inbound,Bus,1.1181818000000001,1.1181818000000001,Generator,
S70143,3.3977273,10.143182,SECOND AVE AT PGH TECH CTR (MIDDLE ACCESS RD,40.4328,-79.9625,Outbound,Bus,-6.7454547,13.5409093,Attractor,0.33497646990855534
W14360,0.91136365,8.245454500000001,MIDDLETOWN RD AT MUTUAL ST,40.4502,-80.0653,Outbound,Bus,-7.334090850000001,9.156818150000001,Attractor,0.11052921946267484
W26240,1.684090909090909,7.05909090909091,W PROSPECT AVE AT INGRAM AVE,40.445,-80.0663,Outbound,Bus,-5.375000000000002,8.743181818181819,Attractor,0.23857050869285248
E19310,371.36817865,146.99773,FORBES AVE AT CRAFT AVE FS,40.4372,-79.9628,Both,Bus,224.37044865000001,518.3659086499999,Generator,2.526353152868415
E01990,22.2340905,174.384088,FIFTH AVE OPP MARYLAND AVE,40.4504,-79.9275,Both,Bus,-152.14999749999998,196.6181785,Attractor,0.12750068400736198
E04190,1.3795454545454549,15.475,ARDMORE BLVD AT BRADDOCK RD,40.4246,-79.8597,Outbound,Bus,-14.095454545454544,16.854545454545455,Attractor,0.08914671757967399
N12670,3.3295455,16.80909,CALIFORNIA AVE OPP POST OFFICE,40.459,-80.0207,Outbound,Bus,-13.479544500000001,20.1386355,Attractor,0.1980800566836158
S13400,0.0,0.34318180000000004,CONLIN ST AT PENNSYLVANIA AVE,40.3617,-79.8681,Outbound,Bus,-0.34318180000000004,0.34318180000000004,Attractor,0.0
E27420,11.525,64.43409,HAWKINS AVE AT 4TH ST,40.4094,-79.8669,Outbound,Bus,-52.90909,75.95909,Attractor,0.17886494555909768
W14540,0.16136365,2.540909,MIDDLETOWN RD OPP HODGSON AVE FS,40.4458,-80.0601,Outbound,Bus,-2.37954535,2.7022726500000003,Attractor,0.06350626881954449
S16410,9.9727275,3.0045455,E CARSON ST AT S 5TH ST,40.4288,-79.9949,Inbound,Bus,6.968182,12.977273,Generator,3.3192133385898135
N15670,2.575,4.9136365,CORBETT CT AT CLUB JULIAN SPA,40.5482,-80.0201,Both,Bus,-2.3386365,7.4886365,Attractor,0.5240517893417636
E70850,1.075,7.5931820000000005,HAZELWOOD AVE AT WINTERBURN AVE,40.4157,-79.939,Inbound,Bus,-6.518182,8.668182,Attractor,0.1415743755384765
N43800,0.09318180000000001,1.025,PERRYSVILLE AVE AT #3358,40.4811,-80.0134,Outbound,Bus,-0.9318181999999999,1.1181818,Attractor,0.09090907317073173
W10580,0.04772727272727275,1.56590909090909,ISLAND AVE OPP MCCOY RD,40.4756,-80.065,Outbound,Bus,-1.5181818181818172,1.6136363636363629,Attractor,0.030478955007256926
X19390,0.80454545,8.081818,WASHINGTON RD AT ABBEYVILLE RD,40.3522,-80.0507,Outbound,Bus,-7.27727255,8.886363450000001,Attractor,0.09955005792013628
E44795,2.3750000250000003,3.7477275,PANTHER HOLLOW RD OPP SCHENLEY PARK POOL,40.4347,-79.9484,Both,Bus,-1.3727274749999996,6.122727525,Attractor,0.6337173727278732
E46200,152.0909095,53.7840955,PENN AVE AT MAIN ST,40.4656,-79.9555,Both,Bus,98.306814,205.87500500000002,Generator,2.8278045412142334
N05380,0.0,2.5886365,AMITY DR AT LINGAY DR,40.5475,-79.9946,Outbound,Bus,-2.5886365,2.5886365,Attractor,0.0
N71289,0.09772727272727275,0.09772727272727275,FREEPORT RD AT ALTERMOOR DR,40.6561,-79.7075,Inbound,Bus,0.0,0.1954545454545455,Balanced,1.0
N01935,181.4727272727275,163.0795454545455,4TH AVE AT CENTRAL CITY PLAZA,40.5649,-79.7663,Both,Bus,18.393181818182,344.552272727273,Generator,1.1127865653961406
E14350,0.09545454545454546,0.6045454545454545,CHURCHILL RD AT HOLLAND RD,40.4445,-79.8446,Outbound,Bus,-0.509090909090909,0.7,Attractor,0.15789473684210528
X08848,0.96363635,0.05,KANE BLVD AT ELM DR,40.3759,-80.0886,Inbound,Bus,0.91363635,1.01363635,Generator,19.272727
E70159,42.143183,26.0,LIBERTY AVE AT 29TH ST FS,40.4572,-79.9736,Outbound,Bus,16.143183,68.143183,Generator,1.620891653846154
E05960,1.98181835,6.8454545,BEECHWOOD BLVD AT HAZELWOOD AVE,40.4198,-79.9273,Outbound,Bus,-4.86363615,8.82727285,Attractor,0.28950865862887554
S70342,1.122727272727275,1.8136363636363648,BOWMAN AVE AT JARVIS ST,40.3554,-79.8397,Inbound,Bus,-0.6909090909090898,2.93636363636364,Attractor,0.61904761904762
E17393,4.7636365000000005,0.5681818000000001,EAST LIBERTY BLVD AT NEGLEY AVE FS,40.4675,-79.9278,Inbound,Bus,4.195454700000001,5.3318183,Generator,8.384000508288016
E29750,0.9227275,1.7,HOMEWOOD AVE AT HERMITAGE ST,40.4602,-79.8952,Inbound,Bus,-0.7772724999999999,2.6227275,Attractor,0.5427808823529412
X70029,3.9636365000000002,0.43409090000000006,SOUTHERN AVE AT COWAN ST,40.4276,-80.0089,Inbound,Bus,3.5295456,4.3977274,Generator,9.130890557714984
E00500,33.506817,2.715909275,40TH ST OPP DAVIDSON ST,40.4676,-79.961,Both,Bus,30.790907724999997,36.222726275,Generator,12.337237222329527
S00770,39.8840895,10.734091,SECOND AVE AT FLOWERS AVE,40.4099,-79.944,Both,Bus,29.149998500000002,50.6181805,Generator,3.7156466718979746
W70118,50.4659090909091,154.890909090909,LAYOVER WEST BUSWAY TERMINAL,40.4055,-80.0908,Both,Busway,-104.4249999999999,205.35681818181808,Attractor,0.3258158234534573
W21910,22.931820000000002,92.51818,STEUBEN ST AT WOODLOW ST,40.4435,-80.0538,Outbound,Bus,-69.58636,115.45,Attractor,0.2478628524685635
W08510,9.86590909090909,2.88409090909091,HELEN ST AT CATHERINE ST,40.4728,-80.0564,Inbound,Bus,6.981818181818181,12.75,Generator,3.4208037825059088
E40330,3.35,22.15909,MONTIER ST AT LAKETON RD,40.4489,-79.8675,Outbound,Bus,-18.809089999999998,25.50909,Attractor,0.15117949338172282
W25400,0.32045454545454555,0.025,WASHINGTON PIKE OPP STEEN RD,40.3762,-80.0978,Inbound,Bus,0.2954545454545455,0.34545454545454557,Generator,12.818181818181822
W70047,269.370435,276.5249775,UNIVERSITY BLVD PARK AND RIDE AT SHELTER,40.5039,-80.2257,Both,Bus,-7.154542499999991,545.8954125,Attractor,0.9741269574825298
W70164,0.05,0.022727275,GRAND AVE OPP #3000 (HOLDEN CORP),40.5053,-80.1048,Inbound,Bus,0.027272725,0.07272727500000001,Generator,2.199999780000022
E17299,313.904555,100.15454435000001,EAST BUSWAY AT HOMEWOOD STATION C,40.4531,-79.8993,Inbound,Busway,213.75001065,414.05909935,Generator,3.134201818172417
X08900,4.4772725,0.23636365,KATHLEEN ST AT BELTZHOOVER AVE,40.4257,-79.9976,Inbound,Bus,4.240908849999999,4.71363615,Generator,18.942305637943903
E20320,5.063636499999999,5.2477275,FRANKSTOWN AVE AT BENNETT ST FS,40.4581,-79.9037,Outbound,Bus,-0.18409100000000045,10.311364,Attractor,0.9649198629311448
X04250,0.9068182,0.0,CEDAR BLVD OPP LINDENDALE DR,40.3676,-80.0613,Inbound,Bus,0.9068182,0.9068182,Generator,
W70100,7.268182,0.07045454500000001,MAHONEY RD AT HAWTHORNE DR,40.4423,-80.2115,Inbound,Bus,7.197727455000001,7.338636545,Generator,103.16129356878254
E20340,5.07045445,13.418182,FRANKSTOWN AVE AT BRADDOCK AVE,40.456,-79.8902,Outbound,Bus,-8.34772755,18.48863645,Attractor,0.3778793915598998
E52370,4.015909,0.9181819999999999,SOUTH AVE AT CENTER ST,40.4412,-79.8831,Outbound,Bus,3.097727,4.934091,Generator,4.373761411136354
W70114,6.465909,8.5636365,STEUBEN ST AT ELLIOTT HEIGHTS SENIOR CTR,40.4417,-80.0457,Outbound,Bus,-2.0977274999999995,15.0295455,Attractor,0.7550424402063306
S20000,1.9818181818181801,0.6727272727272725,CRAWFORD VILLAGE PL AT GRANDVIEW AVE,40.3511,-79.8375,Outbound,Bus,1.3090909090909078,2.6545454545454525,Generator,2.9459459459459443
X09540,13.80227272727275,12.068181818181799,LESNETT RD AT BANK ST FS,40.3492,-80.1037,Both,Bus,1.734090909090952,25.87045454545455,Generator,1.1436911487758983
E29360,0.9659091,0.6068182,HILLCREST AVE AT ATLANTIC AVE,40.4682,-79.9381,Inbound,Bus,0.3590909,1.5727273,Generator,1.59176026691355
W20442,46.5704565,56.402273199999996,ROBINSON TOWNE CTR DR AT PARK MANOR BLVD,40.4534,-80.172,Both,Bus,-9.831816699999997,102.9727297,Attractor,0.8256840346640497
S08230,42.202272727272735,77.88636363636364,BROWNSVILLE RD AT #3010 (BRENTWOOD LOOP),40.3806,-79.9759,Outbound,Bus,-35.684090909090905,120.08863636363637,Attractor,0.5418441785818501
E70254,0.3590909,0.138636345,WOOD ST OPP TIOGA ST,40.4493,-79.8841,Inbound,Bus,0.220454555,0.497727245,Generator,2.5901642170384687
E19800,315.981815,15.4977275,FORBES AVE AT WIGHTMAN ST,40.4381,-79.9275,Inbound,Bus,300.4840875,331.4795425,Generator,20.388912826090145
X06730,0.025,0.0,GILKESON RD AT #223,40.3582,-80.0569,Inbound,Bus,0.025,0.025,Generator,
E52630,3.184091,0.875,STANTON AVE AT DEMARILLAC HOME,40.4769,-79.9326,Inbound,Bus,2.309091,4.0590910000000004,Generator,3.6389611428571427
E21240,1.4477275,0.270454545,FRANKSTOWN RD OPP FRANKSTOWN GARDENS,40.4637,-79.8512,Inbound,Bus,1.177272955,1.718182045,Generator,5.352942025803264
N43820,0.49772724999999995,8.686363499999999,PERRYSVILLE AVE AT #3820,40.4881,-80.0165,Outbound,Bus,-8.188636249999998,9.18409075,Attractor,0.0572998412972241
W11766,0.05,1.13636365,LINDSAY RD OPP NIXON SCHOOL,40.3862,-80.0752,Outbound,Bus,-1.08636365,1.18636365,Attractor,0.043999999472000006
W08586,0.6181818181818179,0.05,HERBST RD AT BOSTIAN DR,40.4853,-80.113,Both,Bus,0.5681818181818179,0.668181818181818,Generator,12.363636363636358
N26854,0.0,0.3181818,HULTON RD OPP THE FAIRWAYS,40.526,-79.8218,Outbound,Bus,-0.3181818,0.3181818,Attractor,0.0
E70950,0.661363645,0.07272727500000001,CHASKE ST AT #8038,40.476,-79.8709,Both,Bus,0.58863637,0.73409092,Generator,9.093749834570316
S01100,8.115908650000002,0.238636375,SECOND AVE OPP BRADY ST,40.4358,-79.9728,Outbound,Bus,7.877272275000001,8.354545025000002,Generator,34.009520342403796
W26210,18.1,8.993182000000001,W PROSPECT AVE AT BROADHEAD-FORDING RD,40.4482,-80.0824,Inbound,Bus,9.106818,27.093182000000002,Generator,2.0126357945385736
E35330,6.3727275,11.075,LIBERTY AVE OPP MAIN ST (BLOOMFIELD BRIDGE),40.4635,-79.9534,Outbound,Bus,-4.702272499999999,17.4477275,Attractor,0.5754155756207675
W20950,6.1227275,1.8772725000000001,S MAIN ST AT SANCTUS ST,40.4416,-80.033,Inbound,Bus,4.245455,8.0,Generator,3.2615017265740587
N71251,3.2,5.15909090909091,PASSAVANT HOSPITAL AT 4TH FLOOR ENTRANCE BLDG T,40.5742,-80.0149,Both,Bus,-1.9590909090909099,8.35909090909091,Attractor,0.6202643171806167
N13960,5.7818179999999995,2.075,CENTER AVE AT OAKWOOD AVE,40.5145,-80.0239,Inbound,Bus,3.7068179999999993,7.856818,Generator,2.7864183132530114
N31600,6.806818,15.156816,MAIN ST AT PRAEGER ST,40.4952,-79.9375,Outbound,Bus,-8.349998,21.963634,Attractor,0.44909287016481564
S31210,2.5727275,0.12272727500000001,MAIN ST AT E EDNA ST,40.3932,-79.9002,Inbound,Bus,2.450000225,2.695454775,Generator,20.96296442661177
W21620,12.268182,51.638639999999995,STEUBEN ST AT LORENZ AVE,40.4426,-80.0422,Outbound,Bus,-39.370458,63.90682199999999,Attractor,0.23757755820060328
W03630,8.8522725,0.50227275,CHARTIERS AVE AT OLTMAN ST,40.4584,-80.0691,Inbound,Bus,8.34999975,9.35454525,Generator,17.62443313916592
N44030,0.9363636500000001,8.518182,PERRYSVILLE AVE AT KOERNER AVE,40.4664,-80.0113,Outbound,Bus,-7.581818349999999,9.45454565,Attractor,0.10992529274439078
S02965,27.2181795,13.48863635,8TH AVE OPP ANDREW ST,40.4092,-79.9015,Both,Bus,13.729543150000001,40.70681585,Generator,2.01785998182092
S38700,0.045454545,1.1863635000000001,PENNSYLVANIA AVE AT VERMONT AVE,40.3621,-79.867,Outbound,Bus,-1.1409089550000002,1.231818045,Attractor,0.03831418026599773
E57660,34.865911499999996,2.8,WILKINS AVE AT WIGHTMAN ST,40.4441,-79.9277,Inbound,Bus,32.0659115,37.66591149999999,Generator,12.45211125
N71242,1.05227275,0.1681818,CORBET ST AT 4TH AVE,40.6024,-79.7522,Inbound,Bus,0.88409095,1.22045455,Generator,6.256757568298116
N71267,0.0,0.525,IVORY AVE AT SCHERLING ST,40.4958,-80.0054,Outbound,Bus,-0.525,0.525,Attractor,0.0
N08670,0.28863635,5.8295455,BEAVER ST AT STRAIGHT ST,40.5384,-80.1785,Outbound,Bus,-5.54090915,6.11818185,Attractor,0.049512667840057166
N52145,0.022727275,0.0,THOMPSON RUN RD AT BARNWOOD LN,40.5304,-79.9904,Inbound,Bus,0.022727275,0.022727275,Generator,
E55190,0.0,0.64772725,UNIVERSAL RD OPP POPLAR RIDGE RD,40.4646,-79.8203,Outbound,Bus,-0.64772725,0.64772725,Attractor,0.0
E27470,9.393182,15.45909,HAWKINS AVE AT OVERLAND ST,40.411,-79.8689,Outbound,Bus,-6.065908,24.852272,Attractor,0.6076154547259897
E70873,0.7090909000000001,0.6090909,GREENSBURG PIKE AT CENTRAL AVE FS,40.3929,-79.8191,Inbound,Bus,0.10000000000000009,1.3181818,Generator,1.1641791069280465
S70405,0.809091,0.3409091,LEWIS RUN RD OPP ANNHURST APTS,40.3268,-79.939,Outbound,Bus,0.4681819,1.1500001,Generator,2.3733335367111055
S70610,16.31591,12.856819999999999,A DR AT B DR,40.3422,-79.9104,Both,Bus,3.4590899999999998,29.172729999999998,Generator,1.2690470894046895
S70359,0.4545454545454545,0.73181818181818,BOWMAN AVE AT LIME ST,40.361,-79.8329,Outbound,Bus,-0.27727272727272556,1.1863636363636345,Attractor,0.6211180124223616
N54820,13.120455,2.1227275,WINHURST ST AT CAMBRONNE ST,40.4885,-80.0436,Inbound,Bus,10.9977275,15.2431825,Generator,6.180941736515874
N21650,5.37272727272727,1.9250000000000014,FREEPORT RD AT PEARL AVE,40.5408,-79.816,Inbound,Bus,3.4477272727272688,7.297727272727272,Generator,2.791027154663515
S70370,6.34090909090909,9.386363636363635,MONONGAHELA AVE AT 7TH ST,40.3245,-79.8925,Outbound,Bus,-3.045454545454545,15.727272727272725,Attractor,0.675544794188862
E10360,5.85,1.768181818181818,BRINTON RD OPP COLUMBIA AVE,40.4246,-79.8685,Inbound,Bus,4.081818181818182,7.618181818181817,Generator,3.308483290488432
E70902,7.06590909090909,1.027272727272725,VERONA ST AT MAPLEVIEW DR,40.4003,-79.8631,Inbound,Bus,6.038636363636365,8.093181818181815,Generator,6.878318584070811
X19720,0.02272727272727275,0.55,WASHINGTON RD AT FIDELITY INVESTMENTS,40.3503,-80.0514,Outbound,Bus,-0.5272727272727273,0.5727272727272728,Attractor,0.04132231404958681
E07550,0.5409091,1.0659091,BIGELOW BLVD AT BLOOMFIELD BRDGE FS,40.4588,-79.9583,Inbound,Bus,-0.525,1.6068182000000002,Attractor,0.5074626907679088
S23020,0.23863635,2.175,HOMEVILLE RD AT DUQUESNE VILLAGE ENTRANCE #2,40.3655,-79.8706,Outbound,Bus,-1.9363636499999999,2.41363635,Attractor,0.10971786206896553
N10480,21.3363655,2.3500000450000003,BRIGHTON RD AT KLEBER ST,40.4871,-80.038,Inbound,Bus,18.986365454999998,23.686365545,Generator,9.079304294226088
N21600,3.081818,8.9886365,FREEPORT RD AT OLD FREEPORT RD (FOX CHAPEL RD,40.4875,-79.8831,Outbound,Bus,-5.9068185,12.0704545,Attractor,0.3428571174282106
S13720,2.375,4.470454545454545,CRAWFORD AVE AT MIFFLIN ST,40.3623,-79.8548,Inbound,Bus,-2.095454545454545,6.845454545454545,Attractor,0.5312658871377733
N71213,4.87045475,5.0545455,CORBETT CT AT CORBETT TOWERS,40.548,-80.0201,Both,Bus,-0.1840907499999993,9.92500025,Attractor,0.9635791684929932
N45120,1.65,0.095454545,PITTVIEW AVE OPP TEUTONIA ST,40.4691,-79.9828,Inbound,Bus,1.554545455,1.7454545449999999,Generator,17.28571436802721
X08860,0.6363636500000001,0.022727275,KANE BLVD AT OUR LADY OF GRACE CHURCH,40.374,-80.085,Inbound,Bus,0.613636375,0.6590909250000001,Generator,27.99999780000022
E70870,5.1386365000000005,12.60909,REED ST AT ADDISON ST,40.4428,-79.9771,Outbound,Bus,-7.4704535,17.7477265,Attractor,0.40753428677247927
N42670,2.9363636363636347,10.01818181818182,PERRYSVILLE AVE AT #4146,40.4941,-80.0216,Outbound,Bus,-7.081818181818185,12.954545454545453,Attractor,0.2931034482758619
S48787,1.53409115,7.8545455,WHITAKER ST AT OAK ST,40.4002,-79.8869,Both,Bus,-6.32045435,9.38863665,Attractor,0.19531252954101544
W10475,2.525,0.46363635,ISLAND AVE AT #1179,40.4795,-80.0677,Inbound,Bus,2.06136365,2.9886363499999997,Generator,5.4460785915513314
N22040,5.65227272727273,0.8045454545454546,FREEPORT RD AT WILSON AVE,40.5407,-79.8094,Inbound,Bus,4.847727272727275,6.456818181818185,Generator,7.025423728813562
E50030,1.38409085,0.05,SALTSBURG RD AT REGENCY DR,40.4753,-79.7708,Inbound,Bus,1.33409085,1.43409085,Generator,27.681817
W70122,5.595454545454545,1.41818181818182,CRENNELL AVE AT LINWOOD AVE,40.4357,-80.0684,Outbound,Bus,4.177272727272725,7.013636363636365,Generator,3.945512820512815
S70590,6.861364,1.6636364,LEBANON CHURCH RD AT BUTTERMILK HOLLOW RD,40.3543,-79.9135,Inbound,Bus,5.1977276,8.5250004,Generator,4.124317068320939
N32430,3.1454546,0.29545455,MCKNIGHT RD AT BABCOCK BLVD RAMP FS,40.5151,-80.0044,Inbound,Bus,2.85000005,3.44090915,Generator,10.646153866982248
S70518,0.293181818181818,5.054545454545455,AGNEW RD AT ALAN ST,40.3964,-79.9739,Outbound,Bus,-4.761363636363637,5.347727272727273,Attractor,0.05800359712230212
N54670,1.6159089999999998,25.54318,WOODLAND AVE AT SHADELAND AVE,40.4691,-80.03,Outbound,Bus,-23.927271,27.159088999999998,Attractor,0.06326185698100235
E04850,5.4454545,5.9681820000000005,BAUM BLVD AT GRAHAM ST,40.4575,-79.9368,Inbound,Bus,-0.5227275000000002,11.4136365,Attractor,0.9124142829424438
N17040,80.743185,86.21818,EAST COMMONS AT NORTH COMMONS,40.4538,-80.0039,Outbound,Bus,-5.474995000000007,166.961365,Attractor,0.9364983696013995
S22990,0.0,0.3181818,HOMEVILLE RD AT CASTLE DR #2,40.3768,-79.8755,Outbound,Bus,-0.3181818,0.3181818,Attractor,0.0
W00440,0.725,1.2295454545454545,4TH AVE OPP KENDALL ST,40.52,-80.1678,Outbound,Bus,-0.5045454545454545,1.9545454545454546,Attractor,0.589648798521257
X02010,3.584091,0.38863635,BOGGS AVE AT #207,40.4261,-80.0078,Inbound,Bus,3.19545465,3.97272735,Generator,9.222222779727115
S70142,32.33636363636364,11.106818181818184,DUQUESNE BLVD OPP HERMAN AVE FS,40.3843,-79.8606,Both,Bus,21.22954545454546,43.44318181818183,Generator,2.9113975854307346
E21300,8.509091,3.1568180000000003,FRANKSTOWN RD AT ROBINSON BLVD FS,40.4612,-79.8656,Outbound,Bus,5.352272999999999,11.665909,Generator,2.695464546895006
W03895,1.784091,0.19772727499999998,CHARTIERS AVE OPP DANLEY ST,40.4495,-80.0449,Inbound,Bus,1.586363725,1.9818182750000002,Generator,9.022988861804727
S09000,58.775,14.520454999999998,BROWNSVILLE RD AT #2347,40.3881,-79.9846,Inbound,Bus,44.254545,73.295455,Generator,4.047738173493875
E09290,2.9113636363636375,3.45,BRADDOCK AVE AT TURTLE CRK MENTAL HEALTH CTR,40.4018,-79.8664,Both,Bus,-0.5386363636363627,6.361363636363638,Attractor,0.8438735177865615
S00840,8.509091,1.761363545,SECOND AVE AT HAZELWOOD AVE,40.4111,-79.9446,Both,Bus,6.747727455,10.270454545,Generator,4.830968044135375
E10340,2.113636363636365,2.1681818181818198,BRINTON RD AT YOST BLVD,40.4126,-79.8561,Inbound,Bus,-0.054545454545454675,4.281818181818185,Attractor,0.9748427672955975
E11160,2.1636365,0.025,BRYANT ST AT MELLON ST,40.4764,-79.9215,Inbound,Bus,2.1386365,2.1886365,Generator,86.54545999999999
E01890,47.336366,2.88409075,FIFTH AVE OPP BEECHWOOD BLVD,40.4537,-79.9152,Both,Bus,44.45227525,50.22045675,Generator,16.412925286764988
S70567,0.075,0.7159091,BROADWAY AVE AT RED LOT NS (CROSSWALK),40.3458,-79.8274,Outbound,Bus,-0.6409091,0.7909090999999999,Attractor,0.10476190343159487
TP7105,4.5272725,1.9840909999999998,NORTH HILLS VILLAGE TERMINUS,40.5278,-80.0083,Both,Bus,2.5431814999999998,6.5113635,Generator,2.281786722483999
P03440,709.9385925,1262.1091,STANWIX ST AT PENN AVE (GATEWAY #2),40.4427,-80.0044,Both,Bus,-552.1705074999999,1972.0476924999998,Attractor,0.5625017619316746
S40130,1.9045455,13.036365,RADFORD RD OPP BEVAN RD,40.3643,-79.9674,Outbound,Bus,-11.1318195,14.9409105,Attractor,0.14609482781434854
S30255,0.02272727272727275,0.0,LONG RUN RD OPP OLD LONG RUN RD NS,40.3219,-79.8261,Inbound,Bus,0.02272727272727275,0.02272727272727275,Generator,
E41100,131.709095,64.39318,MURRAY AVE AT BARTLETT ST FS,40.4362,-79.9228,Inbound,Bus,67.31591499999999,196.102275,Generator,2.045388890562634
E17288,7.86818181818182,428.3840909090905,EAST BUSWAY AT HAMNETT STATION A,40.4368,-79.8857,Outbound,Busway,-420.5159090909087,436.2522727272723,Attractor,0.018367119566659085
N40440,27.027274499999997,28.875000500000002,OLD FREEPORT RD AT FREEPORT RD (TERM),40.4901,-79.87,Both,Bus,-1.847726000000005,55.902275,Attractor,0.9360094902855498
N10230,1.093182,11.013635,BRIGHTON RD AT ACACIA LN,40.4797,-80.0311,Outbound,Bus,-9.920453,12.106817000000001,Attractor,0.0992571480714587
S19310,1.7613634999999999,12.690909999999999,GEARING AVE AT CHALFONT ST,40.4167,-80.0049,Outbound,Bus,-10.929546499999999,14.452273499999999,Attractor,0.13878937759388413
E40815,0.49545455,0.07045454500000001,MT CARMEL RD AT CHADWICK ST,40.4685,-79.8861,Outbound,Bus,0.425000005,0.565909095,Generator,7.032258174401665
S14742,6.83409090909091,1.411363636363636,DUQUESNE BLVD OPP OAKMONT AVE,40.3808,-79.855,Both,Bus,5.422727272727274,8.245454545454546,Generator,4.8421900161030615
E27460,18.011363499999998,6.172727,HAWKINS AVE OPP OVERLAND ST,40.4109,-79.8686,Inbound,Bus,11.838636499999998,24.184090499999996,Generator,2.9178940685372927
E70360,0.0,0.0,MILLTOWN RD OPP HULTON RD,40.5059,-79.7931,Outbound,Bus,0.0,0.0,Balanced,
E55630,1.7522725000000001,6.8954545,VERONA RD AT ROSEDALE ST,40.4817,-79.838,Outbound,Bus,-5.1431819999999995,8.647727,Attractor,0.25411994234752766
E57165,1.27727265,1.2409089999999998,WHIPPLE ST AT AURELIUS ST,40.4246,-79.8963,Both,Bus,0.03636365000000019,2.51818165,Generator,1.0293040424398567
N50260,0.16136365,3.5818179999999997,SOUTH SIDE AVE AT SUNSET AVE,40.4696,-79.9991,Outbound,Bus,-3.4204543499999995,3.74318165,Attractor,0.04505076751526739
E45280,2.518182,0.6363636500000001,PAULSON AVE AT OLIVANT ST,40.4696,-79.8993,Inbound,Bus,1.8818183499999999,3.15454565,Generator,3.9571430580612197
W02770,30.256819999999998,66.104545,BROADWAY AVE OPP DALE ST,40.4719,-80.0725,Outbound,Bus,-35.847725000000004,96.361365,Attractor,0.45771164448677465
S23660,11.006817999999999,17.738636,HWY RT 51 AT E BRUCETON RD FS,40.3281,-79.9449,Both,Bus,-6.7318180000000005,28.745454,Attractor,0.6204996821627097
N70084,0.62272725,4.540909,FOREST AVE OPP KLEMONT AVE FS,40.5069,-80.0511,Outbound,Bus,-3.91818175,5.16363625,Attractor,0.1371371348776203
E70941,0.79772725,19.0431825,LINCOLN AVE AT LYRIC ST,40.4635,-79.9034,Outbound,Bus,-18.24545525,19.84090975,Attractor,0.0418904376933845
W21100,4.638636050000001,1.75909065,STANHOPE ST AT W CARSON ST,40.4642,-80.0537,Inbound,Bus,2.8795454000000005,6.397726700000001,Generator,2.6369511144863402
E46250,20.447725,23.220455,PENN AVE AT MILLVALE AVE,40.4653,-79.9451,Inbound,Bus,-2.772730000000003,43.66818,Attractor,0.8805910564629331
N45690,5.95,0.37045455,RHINE ST AT ITIN ST,40.4626,-79.9911,Inbound,Bus,5.57954545,6.32045455,Generator,16.061349496179762
S70409,0.32272724999999997,0.0,CYPRESS ST AT MIFFLIN ST,40.3963,-79.8912,Inbound,Bus,0.32272724999999997,0.32272724999999997,Generator,
N32800,0.33409092,4.8045455,MCKNIGHT RD AT OLD MCKNIGHT RD FS,40.5342,-80.0109,Both,Bus,-4.470454579999999,5.13863642,Attractor,0.06953642545377081
N39720,0.7886363636363635,2.304545454545455,OHIO RIVER BLVD AT HARRISON AVE,40.5005,-80.0734,Outbound,Bus,-1.5159090909090915,3.0931818181818187,Attractor,0.3422090729783036
S04680,5.5454545,10.913635,ARLINGTON AVE OPP DENGLER ST,40.4173,-79.9677,Outbound,Bus,-5.368180499999999,16.459089499999997,Attractor,0.5081216753171606
S70431,6.7227274,0.24090909,LEBANON RD AT SOUTH HILLS INDUSTRIAL PARK,40.3592,-79.9341,Inbound,Bus,6.48181831,6.96363649,Generator,27.90566101096476
N41770,14.011363000000001,1.481818195,PENNSYLVANIA AVE AT FONTELLA ST,40.4546,-80.023,Inbound,Bus,12.529544805,15.493181195000002,Generator,9.455520958831256
W07587,104.8886363636364,99.4590909090909,KENNEDY CTR GIANT EAGLE,40.4679,-80.0972,Both,Bus,5.42954545454549,204.3477272727273,Generator,1.054590740825374
E70232,22.24091,3.0795455,ELLSWORTH AVE AT COLLEGE ST,40.4572,-79.9292,Inbound,Bus,19.161364499999998,25.3204555,Generator,7.2221404100053075
E04540,1.825,0.5340909,ATLANTIC AVE AT KINCAID ST,40.4666,-79.938,Inbound,Bus,1.2909091,2.3590909,Generator,3.4170213347578096
E70144,6.984091,69.15908999999999,MILLVALE AVE AT MITRE WAY,40.4596,-79.9462,Inbound,Bus,-62.17499899999999,76.143181,Attractor,0.10098587184996219
E70956,7.8613634999999995,1.290909,BRADDOCK AVE AT GUTHRIE ST,40.4381,-79.8969,Inbound,Bus,6.570454499999999,9.152272499999999,Generator,6.0897890556189465
E46130,28.152274,2.27727295,PENN AVE AT LANG AVE,40.45,-79.9035,Inbound,Bus,25.875001049999998,30.42954695,Generator,12.362274798899271
N08090,0.9704545,2.3727275,BEAVER AVE AT NORTH POINTE DR,40.4496,-80.027,Inbound,Bus,-1.4022729999999999,3.3431819999999997,Attractor,0.4090037730839298
X02090,1.511363636363635,0.0,BOWER HILL RD AT COOK SCHOOL RD,40.3611,-80.1002,Inbound,Bus,1.511363636363635,1.511363636363635,Generator,
P00585,1158.27725,124.093185,FIFTH AVE AT ROSS ST,40.439,-79.9959,Outbound,Bus,1034.1840650000001,1282.370435,Generator,9.333931190500108
E13870,13.075,7.3477274999999995,CENTRE AVE AT WATT ST,40.4465,-79.9684,Inbound,Bus,5.7272725,20.4227275,Generator,1.7794617451450125
E70885,12.620455,4.925,4TH ST AT HAWKINS AVE,40.4093,-79.8669,Inbound,Bus,7.695455,17.545455,Generator,2.5625289340101522
X10680,0.1,0.0,MCFARLAND RD AT DORMONT PARK,40.3956,-80.0464,Inbound,Bus,0.1,0.1,Generator,
E58070,7.7045455,10.793182,WINTERBURN AVE AT CONNOR ST,40.4205,-79.9399,Inbound,Bus,-3.0886365,18.4977275,Attractor,0.7138344836582947
S04720,7.9022725000000005,26.297725,ARLINGTON AVE AT FERNLEAF ST,40.4172,-79.9759,Outbound,Bus,-18.395452499999998,34.1999975,Attractor,0.3004926281646036
S16260,62.0159123,218.024975,E CARSON ST AT S 22ND ST,40.4285,-79.9745,Both,Bus,-156.00906270000002,280.0408873,Attractor,0.2844440748129887
P00360,161.784095,15.1954545,FOURTH AVE AT GRANT ST FS,40.4378,-79.997,Outbound,Bus,146.5886405,176.97954950000002,Generator,10.646874366278416
N10810,73.913635,24.088635,BRIGHTON RD AT WOODS RUN AVE,40.4766,-80.0318,Inbound,Bus,49.825,98.00227,Generator,3.068402796588516
E70372,6.390909,31.577275,BEDFORD AVE AT ROBERTS ST,40.4452,-79.9855,Outbound,Bus,-25.186366,37.968184,Attractor,0.2023895032107742
N20070,7.368182,1.24772725,FOREST AVE AT CENTER AVE FS,40.5082,-80.0474,Inbound,Bus,6.12045475,8.61590925,Generator,5.905282584795676
S70480,10.9,0.05,UNIVERSITY DR AT EDEN PARK BLVD,40.3433,-79.8291,Inbound,Bus,10.85,10.950000000000001,Generator,218.0
E45630,34.461364,112.91591,PENN AVE AT 44TH ST (CHILDRENS HOSPITAL),40.466,-79.9534,Inbound,Bus,-78.454546,147.377274,Attractor,0.30519493665684494
N44480,10.940909,0.9795455000000001,PITTSBURGH ST AT BUTLER ST FS,40.5425,-79.7734,Inbound,Bus,9.9613635,11.9204545,Generator,11.169372938776197
E44480,4.145454545454547,0.1,OLD WILLIAM PENN HWY OPP SCOTT DR,40.4415,-79.7514,Inbound,Bus,4.045454545454548,4.245454545454547,Generator,41.45454545454547
E35780,16.145456,0.91363635,LINCOLN AVE AT CAMPANIA ST,40.4724,-79.8909,Inbound,Bus,15.231819649999998,17.05909235,Generator,17.67164364684045
E70817,0.0,1.0272727250000002,FORBES RD AT CK STUDIOS DRIVEWAY,40.3922,-79.7583,Outbound,Bus,-1.0272727250000002,1.0272727250000002,Attractor,0.0
S39930,0.45681820000000006,3.790909,PROVOST RD AT BARLIND DR,40.364,-79.9922,Outbound,Bus,-3.3340908000000002,4.2477272,Attractor,0.12050360480823993
E29365,8.072727275,2.4227273,PANTHER HOLLOW RD AT BARTLETT RD FS,40.4335,-79.9372,Both,Bus,5.649999975,10.495454575,Generator,3.3320825150234614
X04280,0.022727275,2.584091,CEDAR BLVD OPP MAYFAIR DR,40.371,-80.0598,Outbound,Bus,-2.561363725,2.6068182749999997,Attractor,0.00879507532822954
N70092,20.6454545,8.8772725,MCKNIGHT RD AT INTOWN SUITES DRVWY FS,40.5051,-80.009,Inbound,Bus,11.768182,29.522727,Generator,2.325652896202071
E21510,1.7613635,0.35227275,FRANKSTOWN RD AT WILSON DR NS,40.4668,-79.8372,Inbound,Bus,1.40909075,2.11363625,Generator,4.999999290322626
N22270,0.4409090909090908,4.045454545454543,FREEPORT RD OPP CRAWFORD RUN,40.5824,-79.7783,Outbound,Bus,-3.6045454545454523,4.486363636363634,Attractor,0.10898876404494386
E19350,3.8613635,29.42955,FORBES AVE AT DALLAS AVE,40.438,-79.9132,Outbound,Bus,-25.5681865,33.2909135,Attractor,0.13120701811614516
N70002,0.0,0.170454545,SPRING GARDEN AVE AT #1435 WALTMIRE PHARMACY,40.4628,-79.9868,Outbound,Bus,-0.170454545,0.170454545,Attractor,0.0
W08083,0.6477272727272725,0.0,GREENTREE RD AT ORIOLE DR,40.4102,-80.0476,Inbound,Bus,0.6477272727272725,0.6477272727272725,Generator,
X12683,0.025,0.0,OXFORD DR AT THOMAS MORE MANOR,40.3434,-80.052,Inbound,Bus,0.025,0.025,Generator,
S46800,0.6068181818181819,0.945454545454545,WALNUT ST AT 13TH AVE FS,40.3428,-79.8624,Inbound,Bus,-0.33863636363636307,1.5522727272727268,Attractor,0.6418269230769235
E46915,18.111365,4.9045455,PENN CENTER BLVD AT RITE AID DRVWY,40.4293,-79.812,Inbound,Bus,13.206819499999998,23.0159105,Generator,3.692771328148551
N13850,0.222727275,7.415909,CENTER AVE AT HARVARD AVE,40.5151,-80.0448,Outbound,Bus,-7.1931817250000005,7.638636275,Attractor,0.03003371198325114
E40370,6.1840907000000005,0.565909095,MONTIER ST AT #1823,40.4482,-79.8687,Both,Bus,5.618181605,6.749999795000001,Generator,10.927710394900087
E06280,3.8727275,4.5159089,BEECHWOOD BLVD OPP ANITA AVE (MONITOR ST),40.4262,-79.9168,Both,Bus,-0.6431814000000005,8.3886364,Attractor,0.8575743190922207
E29055,47.359089999999995,79.122725,HIGHLAND AVE AT PENN AVE,40.4613,-79.9248,Outbound,Bus,-31.763635000000008,126.481815,Attractor,0.5985523122465763
N50640,0.0,0.0,SPRING GARDEN AVE OPP WILLIAMS RD,40.4772,-79.9933,Outbound,Bus,0.0,0.0,Balanced,
S14670,0.28636364999999997,0.40227274999999996,DRYCOVE ST AT CONNISTON AVE,40.404,-79.9991,Both,Bus,-0.11590909999999999,0.6886363999999999,Attractor,0.7118644004596384
N21280,4.252272727272725,0.32272727272727275,FREEPORT RD AT HUMBOLDT ST,40.4963,-79.8571,Inbound,Bus,3.9295454545454525,4.5749999999999975,Generator,13.176056338028161
N51640,0.8954544999999999,0.045454545,SUNSET AVE OPP NORRIS ST,40.4712,-80.0008,Inbound,Bus,0.8499999549999999,0.9409090449999999,Generator,19.69999919699999
S70413,0.0,1.2727275,MIFFLIN ST AT GEORGE ST,40.3978,-79.8877,Outbound,Bus,-1.2727275,1.2727275,Attractor,0.0
E08240,0.822727275,0.7727275,BLVD OF ALLIES AT MARION ST (MERCY HOSP),40.4355,-79.9842,Inbound,Bus,0.04999977499999997,1.5954547749999999,Generator,1.06470557214542
N36980,0.05,0.8681818,MT TROY RD AT GEYER RD,40.4934,-79.9948,Outbound,Bus,-0.8181818,0.9181818,Attractor,0.05759162424275653
N40425,0.095454545,9.8227275,OLD FREEPORT RD AT CHAPEL HARBOR DR,40.4876,-79.8789,Outbound,Bus,-9.727272954999998,9.918182045,Attractor,0.00971772300514292
N13800,0.5340909,5.284091,CENTER AVE AT CORNELL AVE,40.5194,-80.0436,Outbound,Bus,-4.7500001,5.8181819,Attractor,0.1010752653578449
N21390,0.0,0.0,FREEPORT RD AT LILAC ST FS,40.6283,-79.7196,Inbound,Bus,0.0,0.0,Balanced,
W24520,2.627272727272725,10.4,WASHINGTON AVE OPP LINCOLN AVE FS,40.4045,-80.0836,Outbound,Bus,-7.772727272727275,13.027272727272726,Attractor,0.25262237762237744
E52490,13.10681775,21.4272729,SOUTH AVE AT WOOD ST NS,40.4419,-79.8851,Inbound,Bus,-8.320455149999999,34.534090649999996,Attractor,0.6116885621034863
N22440,1.02954565,0.07045454500000001,FREEPORT RD OPP #1372,40.4898,-79.8725,Inbound,Bus,0.9590911049999999,1.100000195,Generator,14.612906094276811
X08927,5.1954545,0.625,KATHLEEN ST AT HARWOOD ST,40.4255,-80.004,Inbound,Bus,4.5704545,5.8204545,Generator,8.312727200000001
N08380,0.884090909090909,1.629545454545455,BEAVER ST AT LEET ST FS,40.5713,-80.2163,Inbound,Bus,-0.745454545454546,2.513636363636364,Attractor,0.5425383542538352
N20530,2.188636363636364,0.07045454545454545,FREEPORT RD AT 3RD ST,40.577,-79.7784,Inbound,Bus,2.1181818181818186,2.2590909090909093,Generator,31.064516129032263
E38900,22.061363636363627,3.31818181818182,MCCRADY RD AT BEULAH CHURCH,40.4463,-79.8466,Inbound,Bus,18.743181818181807,25.379545454545447,Generator,6.648630136986295
E46720,6.018182,4.306818,PENN AVE OPP PEARL ST,40.4657,-79.9479,Inbound,Bus,1.7113640000000006,10.325,Generator,1.397361578780436
W03370,4.4886365,1.040909,CHARTIERS AVE AT EYRE WAY,40.4581,-80.0756,Inbound,Bus,3.4477275,5.5295455,Generator,4.3122275818539375
W22750,1.7909091,26.447729000000002,STEUBENVILLE PIKE OPP WEST WAY SHOPPES,40.4444,-80.146,Outbound,Bus,-24.656819900000002,28.238638100000003,Attractor,0.06771504275471062
N14480,1.9181819999999998,6.5863635,N CHARLES ST AT BRIGHTON RD,40.4598,-80.0171,Inbound,Bus,-4.6681815,8.504545499999999,Attractor,0.29123536834855834
W70048,0.11590909090909099,0.5704545454545455,CHARTIERS VALLEY SC AT CINEMA FRONT,40.3669,-80.1119,Outbound,Bus,-0.4545454545454546,0.6863636363636365,Attractor,0.20318725099601603
E49260,4.929545774999999,10.9909091,ROWLAND CONNECTOR AT PENNWOOD AVE,40.4406,-79.8871,Both,Bus,-6.061363325,15.920454874999999,Attractor,0.4485111950384522
E34810,1.290909,2.5136365,LEMINGTON AVE AT WESTMORELAND AVE,40.467,-79.8934,Inbound,Bus,-1.2227275,3.8045455,Attractor,0.5135623229532194
E35880,19.081816000000003,0.45454544999999996,LINCOLN AVE AT MANNING ST FS,40.4679,-79.897,Inbound,Bus,18.627270550000002,19.536361450000005,Generator,41.979995619799965
N43510,3.0022725,30.431820000000002,PERRYSVILLE AVE AT KENNEDY AVE,40.4742,-80.0104,Outbound,Bus,-27.4295475,33.434092500000006,Attractor,0.09865569985626886
E28630,0.44545454500000004,3.4386365,HAZELWOOD AVE AT #771,40.4199,-79.9304,Both,Bus,-2.993181955,3.884091045,Attractor,0.12954394714300277
N08520,0.9522727272727275,0.725,BEAVER RD AT QUAKER RD,40.5486,-80.1897,Inbound,Bus,0.22727272727272751,1.6772727272727275,Generator,1.3134796238244517
W03260,1.170454545454545,11.4840909090909,CHARTIERS AVE AT AMELIA ST NS,40.465,-80.0682,Outbound,Bus,-10.313636363636355,12.654545454545445,Attractor,0.10191965169206416
N08360,1.4568180000000002,2.7,BEAVER ST AT GRIMES ST,40.5423,-80.1832,Outbound,Bus,-1.243182,4.156818,Attractor,0.5395622222222223
N08240,1.50681818181818,2.313636363636365,BEAVER ST AT CAMP MEETING RD,40.5638,-80.2054,Outbound,Bus,-0.8068181818181848,3.820454545454545,Attractor,0.6512770137524547
E10710,0.7522727272727274,1.422727272727275,BROADWAY BLVD OPP QUARRY RD,40.3964,-79.7937,Outbound,Bus,-0.6704545454545476,2.1750000000000025,Attractor,0.5287539936102229
E57640,19.595454750000002,10.55000005,WILKINS AVE AT SHADY AVE FS,40.4439,-79.921,Both,Bus,9.045454700000002,30.145454800000003,Generator,1.8573890670265925
W08540,11.4590909090909,1.345454545454545,HELEN ST AT ROBB ST (MUNSON AVE),40.4707,-80.0547,Inbound,Bus,10.113636363636354,12.804545454545446,Generator,8.516891891891888
E54460,0.21590910000000002,0.8886363500000001,TILBURY AVE OPP WALDRON ST FS,40.4314,-79.9181,Outbound,Bus,-0.6727272500000001,1.10454545,Attractor,0.24296676587672786
E56227,0.7431818,17.024998,WARREN DR OPP WALMART DRVWY,40.3855,-79.8217,Both,Bus,-16.2818162,17.7681798,Attractor,0.04365238691951682
E59660,3.356818,10.909091250000001,WOODSTOCK AVE AT ORMOND ST,40.4182,-79.8828,Outbound,Bus,-7.552273250000001,14.265909250000002,Attractor,0.30770830705078206
E70795,5.390909,9.681818,BEDFORD AVE AT HERRON AVE,40.4529,-79.9653,Outbound,Bus,-4.290909,15.072727,Attractor,0.556807512803897
E39230,0.7250000000000001,3.8454545500000004,MILLER AVE AT HARRIET ST,40.4155,-79.8832,Both,Bus,-3.1204545500000003,4.570454550000001,Attractor,0.18853427873695713
N38860,14.0318185,6.813636,NORTH COMMONS AT WEST COMMONS,40.4537,-80.0074,Inbound,Bus,7.2181825,20.8454545,Generator,2.059373071881151
E11860,3.1227271,6.584091000000001,BUTLER ST AT 57TH ST,40.4851,-79.9464,Both,Bus,-3.4613639000000007,9.706818100000001,Attractor,0.4742837090192101
X06770,0.4840909,0.28863635,GILKESON RD AT WASHINGTON RD FS,40.3557,-80.0512,Inbound,Bus,0.19545455,0.77272725,Generator,1.6771654020708064
E57580,40.2704525,2.04545475,WILKINS AVE AT NEGLEY AVE,40.4441,-79.9259,Inbound,Bus,38.22499775,42.315907249999995,Generator,19.687774809000295
E29720,9.784091,9.856818,HOMEWOOD AVE AT FRANKSTOWN AVE FS,40.4576,-79.8962,Inbound,Bus,-0.07272700000000043,19.640909,Attractor,0.9926216553861499
S06280,39.236366,36.2886365,BELTZHOOVER AVE AT WARRINGTON AVE FS,40.4213,-79.9974,Both,Bus,2.947729499999994,75.5250025,Generator,1.0812300980225584
E07890,1.82045455,6.6227275,BIGELOW ST AT HAZELWOOD AVE FS,40.4197,-79.9341,Outbound,Bus,-4.80227295,8.44318205,Attractor,0.2748798814385765
E35630,14.634091,25.947726000000003,LIBERTY AVE AT 40TH ST,40.4628,-79.9574,Outbound,Bus,-11.313635000000003,40.581817,Attractor,0.563983564494245
E41980,40.736365000000006,0.7613636500000001,NEGLEY AVE OPP WELLESLEY AVE,40.4743,-79.9251,Inbound,Bus,39.97500135000001,41.497728650000006,Generator,53.50447844469591
W70036,0.0,0.075,PTI DR AT MCKEE RD FS,40.4221,-80.1912,Outbound,Bus,-0.075,0.075,Attractor,0.0
E15480,15.465909090909102,10.12727272727275,COREY AVE AT BRADDOCK AVE,40.404,-79.8692,Both,Bus,5.338636363636352,25.593181818181854,Generator,1.527154398563732
E70239,0.0,0.0,WASHINGTON BLVD AT SILVER LAKE DR,40.4622,-79.9056,Outbound,Bus,0.0,0.0,Balanced,
N31720,6.15454525,10.345454499999999,MAIN ST OPP 19TH ST,40.494,-79.9181,Outbound,Bus,-4.190909249999999,16.49999975,Attractor,0.594903322033846
S28190,0.481818181818182,0.7749999999999999,LEBANON CHURCH RD AT #4512,40.3523,-79.9033,Outbound,Bus,-0.29318181818181793,1.2568181818181818,Attractor,0.6217008797653961
E34150,10.477274999999999,0.097727275,LAKETON RD AT WINTON ST,40.4511,-79.8621,Inbound,Bus,10.379547724999998,10.575002275,Generator,107.20932308815526
N15025,6.715909,17.08409225,CHESTNUT ST AT SUISMON ST,40.4562,-79.9949,Outbound,Bus,-10.368183250000001,23.80000125,Attractor,0.3931089168638737
E25347,1.07954545,2.3795455,GREENFIELD AVE AT SYLVAN AVE,40.4256,-79.9497,Outbound,Bus,-1.30000005,3.4590909499999998,Attractor,0.4536771622984305
X01950,0.91363635,2.0477273,BOGGS AVE AT WARRINGTON AVE,40.4156,-80.0114,Both,Bus,-1.13409095,2.96136365,Attractor,0.4461709085970578
E26620,0.0,0.0,HAMILTON AVE AT PUTNAM ST,40.4588,-79.913,Outbound,Bus,0.0,0.0,Balanced,
E38661,0.6409091,3.084091,MAPLE AVE AT CHARLES ST,40.4078,-79.8206,Outbound,Bus,-2.4431819,3.7250001,Attractor,0.20781134538507456
N44450,3.65,2.363636363636365,PITTSBURGH ST AT ALLEGHENY AVE,40.5413,-79.7977,Inbound,Bus,1.2863636363636348,6.0136363636363654,Generator,1.5442307692307682
S45000,37.084090909090904,0.6795454545454545,ST JOSEPH ST AT OTTILLA ST,40.4135,-79.9817,Inbound,Bus,36.40454545454545,37.76363636363636,Generator,54.57190635451505
E09830,1.0886365,2.8636365,BRINTON AVE AT QUARRY AVE,40.4036,-79.843,Outbound,Bus,-1.7750000000000001,3.952273,Attractor,0.3801587596749797
E41330,317.93636,24.6545455,MURRAY AVE AT PHILLIPS AVE,40.4322,-79.9231,Both,Bus,293.2818145,342.59090549999996,Generator,12.895648796283831
N49520,14.25,1.5113634999999999,SHADELAND AVE AT OAKHILL ST FS,40.472,-80.0311,Inbound,Bus,12.7386365,15.7613635,Generator,9.42857227926968
N46060,0.9454545,2.6886365,RISING MAIN AVE AT LANARK ST,40.4637,-80.0053,Outbound,Bus,-1.743182,3.6340909999999997,Attractor,0.3516483169071014
E70257,1.0840909,29.204545,ROBINSON BLVD AT FRANKSTOWN RD,40.461,-79.8663,Inbound,Bus,-28.1204541,30.2886359,Attractor,0.037120622834562224
S70600,0.1590909,5.240909,BALDWIN RD AT GLASS RUN RD FS,40.3893,-79.9327,Outbound,Bus,-5.0818181000000004,5.3999999,Attractor,0.030355592894286087
N16065,2.83409090909091,0.04772727272727275,DIVISION ST OPP MARIE AVE,40.5044,-80.0752,Inbound,Bus,2.786363636363637,2.8818181818181827,Generator,59.38095238095237
N43230,1.3522725,0.18863635,PERRY HWY OPP CLARWIN AVE,40.5053,-80.0286,Inbound,Bus,1.1636361499999999,1.54090885,Generator,7.168674012193302
E46210,10.181818,7.7386365,PENN AVE AT MATHILDA ST,40.4655,-79.9464,Inbound,Bus,2.4431814999999997,17.920454499999998,Generator,1.3157121412796686
X00600,3.0931819999999997,1.4977274999999999,BANKSVILLE RD AT COAST AVE,40.4092,-80.032,Inbound,Bus,1.5954544999999998,4.5909094999999995,Generator,2.0652501873671945
E41240,41.83409,222.35682,MURRAY AVE AT HOBART ST,40.4339,-79.923,Both,Bus,-180.52273,264.19091000000003,Attractor,0.18813945081603525
N70104,1.3909091,7.420454274999999,MCKNIGHT RD AT ROSS PARK MALL DR FS (SELF STO,40.5425,-80.0133,Both,Bus,-6.029545174999999,8.811363374999999,Attractor,0.1874425807980604
S70027,17.479545299999998,7.790909350000001,CENTURY DR OPP SAM'S CLUB DRVWY,40.3446,-79.9483,Inbound,Bus,9.688635949999998,25.270454649999998,Generator,2.243582169262436
W00400,0.5363636363636365,5.395454545454545,4TH AVE AT WATT ST,40.5206,-80.1694,Outbound,Bus,-4.8590909090909085,5.931818181818181,Attractor,0.09941027801179447
N71203,5.4681820000000005,3.0,CENTER AVE AT FRANKFORT AVE,40.5135,-80.0255,Inbound,Bus,2.4681820000000005,8.468182,Generator,1.8227273333333336
E70423,10.840909,16.05909,HIGHLAND AVE AT BROAD ST,40.4626,-79.9244,Inbound,Bus,-5.218181000000001,26.899999,Attractor,0.6750637178071733
E70004,3.490909,1.8886365,EAST HILLS DR AT #2340,40.4559,-79.8708,Outbound,Bus,1.6022724999999998,5.3795455,Generator,1.8483752696720621
E20780,8.8068185,9.1363635,FRANKSTOWN AVE OPP LINCOLN AVE,40.4604,-79.914,Outbound,Bus,-0.32954499999999953,17.943182,Attractor,0.963930397471598
S70483,2.779545454545455,0.3227272727272725,HARTMAN ST AT CAMP ST,40.3547,-79.8347,Inbound,Bus,2.456818181818183,3.1022727272727275,Generator,8.612676056338037
S26940,2.184091,11.0,JOSEPHINE ST AT BARRY ST,40.4238,-79.9691,Outbound,Bus,-8.815909,13.184091,Attractor,0.19855372727272727
E39390,15.20682,4.0386365,MILWAUKEE ST AT HERRON AVE,40.4524,-79.9642,Inbound,Bus,11.168183500000001,19.2454565,Generator,3.7653351570511484
E27390,1.1636364,0.225,HAWKINS AVE AT 2ND ST,40.4119,-79.8698,Inbound,Bus,0.9386363999999999,1.3886364,Generator,5.171717333333333
W01850,3.306818,2.293182,BERRY ST AT SCOTIA ST,40.4483,-80.0677,Inbound,Bus,1.013636,5.6,Generator,1.4420216101469487
E41280,70.388633,108.6,MURRAY AVE AT LORETTA ST,40.422,-79.9289,Both,Bus,-38.211366999999996,178.988633,Attractor,0.6481457918968693
E49945,2.8590910000000003,0.07045455,SALTSBURG RD AT MILLERS LN,40.4752,-79.773,Inbound,Bus,2.7886364500000003,2.9295455500000003,Generator,40.58064383350685
X12684,0.0,2.10681818181818,OXFORD DR AT HOME DEPOT,40.3446,-80.0497,Outbound,Bus,-2.10681818181818,2.10681818181818,Attractor,0.0
S16240,59.07272890000001,120.61590999999999,E CARSON ST AT S 21ST ST,40.4286,-79.9761,Both,Bus,-61.54318109999998,179.6886389,Attractor,0.4897590118915491
N41020,4.711363636363635,1.202272727272725,PEEBLES RD AT MCINTYRE SQUARE DR FS,40.5573,-80.0176,Inbound,Bus,3.50909090909091,5.9136363636363605,Generator,3.918714555765602
E70900,1.095454545454545,7.8431818181818205,BRADDOCK AVE AT LIBRARY ST,40.4011,-79.8655,Outbound,Bus,-6.747727272727276,8.938636363636366,Attractor,0.1396696609678353
E59540,2.8590904999999998,1.22954545,WOOD ST OPP HOLMES ST,40.447,-79.8835,Inbound,Bus,1.6295450499999997,4.08863595,Generator,2.3253231509254086
S47440,0.0,0.15,WALNUT ST OPP LINDEN ST,40.3146,-79.8298,Outbound,Bus,-0.15,0.15,Attractor,0.0
N43830,10.284091,0.52954545,PERRYSVILLE AVE AT #3835,40.4883,-80.0168,Inbound,Bus,9.75454555,10.81363645,Generator,19.42060119674336
N31780,3.5636365,6.054545500000001,MAIN ST AT #1841,40.4943,-79.9199,Outbound,Bus,-2.4909090000000007,9.618182000000001,Attractor,0.5885886066922776
W13260,1.4727275,0.025,MCCOY RD AT HILLCREST AVE,40.4807,-80.0792,Inbound,Bus,1.4477275,1.4977274999999999,Generator,58.909099999999995
N21220,5.086363636363635,1.0022727272727272,FREEPORT RD AT GUYS RUN RD,40.534,-79.8448,Inbound,Bus,4.084090909090908,6.088636363636362,Generator,5.074829931972788
S70348,5.568182,2.934091,EAST PITTSBURGH-MCKEESPORT BLV AT THE LANE,40.3713,-79.8283,Inbound,Bus,2.634091,8.502273,Generator,1.8977536824863306
P02490,185.85908792,231.643181895,LIBERTY AVE AT SMITHFIELD ST,40.4432,-79.9968,Both,Bus,-45.78409397499999,417.502269815,Attractor,0.8023507810570779
S01050,3.1022726,29.959091,SECOND AVE OPP S 10TH ST BRIDGE FS,40.4346,-79.9902,Inbound,Bus,-26.8568184,33.0613636,Attractor,0.10355029129555365
N22445,16.097727272727298,12.368181818181817,FREEPORT RD OPP ALPHA DR W,40.5377,-79.8348,Outbound,Bus,3.7295454545454803,28.465909090909115,Generator,1.3015435501653825
S70292,27.12727272727275,27.1818181818182,JEFFERSON HOSPITAL,40.3178,-79.9332,Both,Bus,-0.05454545454545112,54.309090909090955,Attractor,0.9979933110367895
N50540,0.0,0.0,SPRING GARDEN RD AT #3681,40.4853,-79.9965,Outbound,Bus,0.0,0.0,Balanced,
W23096,5.6863635,0.2568182,SUMMIT PARK DR AT CHAUVET DR #1,40.4502,-80.1837,Inbound,Bus,5.4295453,5.943181699999999,Generator,22.141590821834278
E70277,1.2477274999999999,19.743180000000002,LAKETON RD AT GRAHAM BLVD NS,40.4558,-79.8578,Outbound,Bus,-18.495452500000003,20.990907500000002,Attractor,0.06319789922393453
N40740,1.6681819999999998,2.431818,PARKER ST AT HILL ST,40.4944,-79.9566,Inbound,Bus,-0.763636,4.1,Attractor,0.6859814344659017
E70972,5.7522725,1.55454545,FRANKSTOWN RD AT HOCHBERG RD,40.4617,-79.8611,Inbound,Bus,4.19772705,7.30681795,Generator,3.7002922622815566
N52670,0.80454545,2.584091,TROY HILL RD OPP VINIAL ST,40.4569,-79.9909,Outbound,Bus,-1.77954555,3.38863645,Attractor,0.3113456337257473
W13420,0.07272727500000001,2.356818,MCCOY RD AT SHAFTER ST,40.4808,-80.0792,Outbound,Bus,-2.284090725,2.429545275,Attractor,0.030858248282217806
E19400,42.99545435,212.802272775,FORBES AVE AT DITHRIDGE ST,40.4442,-79.95,Both,Bus,-169.80681842500002,255.797727125,Attractor,0.20204415013677948
N37290,1.5477275000000001,0.0,MT TROY RD AT CRONEMEYER AVE FS,40.4737,-79.9845,Inbound,Bus,1.5477275000000001,1.5477275000000001,Generator,
E48845,2.3272725000000003,29.479544999999998,ROBINSON ST AT ALLEQUIPPA ST,40.4428,-79.9657,Inbound,Bus,-27.1522725,31.806817499999998,Attractor,0.0789453331114846
E11610,2.690909,11.997724999999999,BUTLER ST AT 38TH ST,40.4667,-79.9643,Outbound,Bus,-9.306816,14.688633999999999,Attractor,0.22428493735270646
E40200,0.447727275,3.9409094999999996,SALTSBURG RD OPP MONROEVILLE TRESTLE RD,40.4765,-79.7607,Outbound,Bus,-3.4931822249999995,4.388636774999999,Attractor,0.11361013872559114
N71206,21.27954545454545,12.0068181818182,MAIN ST AT 62ND ST BRIDGE,40.4954,-79.9394,Inbound,Bus,9.272727272727249,33.286363636363646,Generator,1.772288472458827
N22070,0.8613636,1.304545445,FREEPORT RD AT MAIN ENTRANCE (WATERWORKS),40.4871,-79.8864,Inbound,Bus,-0.443181845,2.1659090450000003,Attractor,0.6602787226013426
N22150,12.970454545454551,4.779545454545455,FREEPORT RD OPP ALPHA DR E,40.5386,-79.8302,Outbound,Bus,8.190909090909095,17.750000000000007,Generator,2.713742272943415
S03090,7.0409092,1.65,8TH AVE OPP RAVINE ST,40.4087,-79.895,Both,Bus,5.390909199999999,8.6909092,Generator,4.267217696969697
E20820,5.3522725,0.170454545,FRANKSTOWN RD AT BANYON DR,40.4666,-79.8328,Inbound,Bus,5.181817955,5.522727045,Generator,31.399998750399995
E15050,0.868182,5.5590910000000004,COLUMBO ST AT PACIFIC AVE,40.4691,-79.9392,Outbound,Bus,-4.690909,6.4272730000000005,Attractor,0.15617337438800694
W22220,1.806818,0.0,STEUBENVILLE PIKE AT FARMCREST DR,40.4418,-80.203,Inbound,Bus,1.806818,1.806818,Generator,
E70875,1.6113636500000001,0.7159091,GREENSBURG PIKE AT KLINE AVE,40.3977,-79.821,Inbound,Bus,0.8954545500000002,2.32727275,Generator,2.2507936412597638
E06940,0.2340909,0.1409091,BENTLEY DR AT KIRKPATRICK ST FS,40.4406,-79.9746,Inbound,Bus,0.09318179999999998,0.375,Generator,1.6612901508845062
N50420,0.025,0.0,SPRING GARDEN RD AT BEECH ST,40.4813,-79.9963,Inbound,Bus,0.025,0.025,Generator,
N05400,0.0,0.0,AMITY DR AT #213,40.5457,-79.9945,Inbound,Bus,0.0,0.0,Balanced,
S04097,2.28181818181818,29.30227272727275,AMITY ST AT 7TH ST,40.4073,-79.9111,Outbound,Bus,-27.02045454545457,31.584090909090932,Attractor,0.07787171333281613
E38000,6.65,0.843181818181818,MAIN ST AT FRANKLIN ST,40.3965,-79.8413,Inbound,Bus,5.8068181818181825,7.493181818181818,Generator,7.886792452830191
N45030,5.78181825,14.202274000000001,PITTSBURGH ST OPP ROSA ST,40.5412,-79.7864,Outbound,Bus,-8.420455750000002,19.98409225,Attractor,0.407105105140205
X01880,0.16136365,3.884091,BOGGS AVE AT GREENBUSH ST,40.4264,-80.0075,Outbound,Bus,-3.72272735,4.04545465,Attractor,0.04154476555775856
S48510,2.8022725,8.438636500000001,WEST ST OPP 21ST AVE,40.3981,-79.9034,Outbound,Bus,-5.636364000000001,11.240909000000002,Attractor,0.3320764557165129
W03340,6.2545455,7.45,CHARTIERS AVE AT DITZLER ST,40.4539,-80.0564,Inbound,Bus,-1.1954545000000003,13.7045455,Attractor,0.8395363087248322
E42960,1.4113635,0.7727275,OAKWOOD ST OPP KELLY ST,40.4528,-79.8853,Inbound,Bus,0.638636,2.184091,Generator,1.826469874567684
E13420,19.470455,31.377274999999997,CENTRE AVE AT DITHRIDGE ST,40.4516,-79.9532,Inbound,Bus,-11.906819999999996,50.84773,Attractor,0.6205272765082374
E35510,35.2363615,29.5750005,LIBERTY AVE OPP 26TH ST,40.4541,-79.978,Outbound,Bus,5.661360999999999,64.811362,Generator,1.1914238682768576
W70160,0.6795454545454545,0.75,HERBST RD OPP AGNES ST,40.4863,-80.1137,Both,Bus,-0.07045454545454555,1.4295454545454545,Attractor,0.9060606060606059
N12690,35.0227272727273,0.631818181818182,CALIFORNIA AVE AT BIRMINGHAM AVE,40.5019,-80.0694,Inbound,Bus,34.39090909090912,35.654545454545485,Generator,55.43165467625903
W26165,1.9318181818181799,101.12045454545455,WEST BUSWAY AT IDLEWOOD STATION A,40.4261,-80.0729,Outbound,Busway,-99.18863636363636,103.05227272727274,Attractor,0.019104128739352237
E21150,0.45909089999999997,6.1545455,FRANKSTOWN RD AT LONG RD,40.4658,-79.8323,Outbound,Bus,-5.695454600000001,6.6136364,Attractor,0.07459379413150816
S01120,10.2272725,37.6636375,SECOND AVE OPP FLOWERS AVE,40.4101,-79.9442,Both,Bus,-27.436365000000002,47.89091,Attractor,0.2715423463811747
W70157,0.50454545,0.6,CLEVER RD AT REGINA DR FS,40.466,-80.136,Outbound,Bus,-0.09545455000000003,1.1045454499999998,Attractor,0.8409090833333333
S50240,3.04090909090909,0.093181818181818,WORTHINGTON AVE AT 9TH ST,40.2922,-79.8915,Inbound,Bus,2.9477272727272723,3.134090909090908,Generator,32.63414634146347
X18555,2.85,0.095454545,VANADIUM RD AT BOWER HILL RD FS,40.3688,-80.0848,Inbound,Bus,2.754545455,2.945454545,Generator,29.85714299931973
E32293,6.206818,1.17954545,JAMES ST AT GARDEN DR,40.4126,-79.8184,Inbound,Bus,5.02727255,7.38636345,Generator,5.262042255345057
N08200,0.370454545,5.331818,BEAVER ST AT BOUNDARY ST FS,40.535,-80.1753,Outbound,Bus,-4.961363455,5.7022725450000005,Attractor,0.06947996818346013
N49450,7.109091,0.61136365,SHADELAND AVE AT CASEMENT ST,40.4707,-80.0307,Inbound,Bus,6.49772735,7.720454650000001,Generator,11.628252677436743
W09797,0.675,0.075,HWY RT 51 OPP VALLEY AMBULANCE,40.5274,-80.1852,Inbound,Bus,0.6000000000000001,0.75,Generator,9.000000000000002
E25465,3.2613635,0.025,GREENSBURG PIKE AT CORVETTE TECHNICIANS,40.3824,-79.8182,Inbound,Bus,3.2363635,3.2863634999999998,Generator,130.45453999999998
E70428,8.8045455,24.004545500000003,EAST LIBERTY BLVD AT NEGLEY RUN BLVD,40.4651,-79.9196,Outbound,Bus,-15.200000000000003,32.809091,Attractor,0.3667865946472512
E70251,3.484090909090911,17.390909090909076,ELECTRIC AVE AT DYNAMO WAY,40.4012,-79.8351,Outbound,Bus,-13.906818181818165,20.874999999999986,Attractor,0.20033978044955594
S70414,0.0,2.5954544999999998,MIFFLIN ST AT CHERRY ST,40.3972,-79.8892,Outbound,Bus,-2.5954544999999998,2.5954544999999998,Attractor,0.0
P70024,961.74095,176.92500045,STANWIX ST AT PENN AVE FS,40.4427,-80.0043,Both,Bus,784.81594955,1138.66595045,Generator,5.435868009347799
S06274,1.22727275,4.4409089999999996,BELTZHOOVER AVE AT FREELAND ST,40.419,-79.9973,Outbound,Bus,-3.2136362499999995,5.66818175,Attractor,0.27635620320074117
N14335,1.175,0.13863635,CENTER AVE OPP YALE AVE,40.5168,-80.0446,Inbound,Bus,1.03636365,1.3136363500000001,Generator,8.475410669712526
E70887,0.6090909,0.9886363499999999,HAZELWOOD AVE AT GREENFIELD AVE,40.4198,-79.929,Inbound,Bus,-0.37954544999999995,1.59772725,Attractor,0.6160919533254062
W25810,3.02045455,0.675000025,W CARSON ST AT EARL ST,40.4602,-80.0483,Inbound,Bus,2.345454525,3.6954545750000003,Generator,4.4747473157501
N53545,3.7000000450000003,41.3136335,WATERWORKS MALL OPP MARSHALLS,40.4888,-79.892,Outbound,Bus,-37.613633455,45.013633545000005,Attractor,0.08955881464650163
S70460,2.6840911499999995,1.9045454499999999,CAMP HOLLOW RD AT LEBANON CHURCH RD FS,40.3496,-79.9272,Both,Bus,0.7795456999999997,4.588636599999999,Generator,1.4093080057501384
E32450,7.345454500000001,1.663636275,JANCEY ST AT STANTON AVE,40.4743,-79.9314,Inbound,Bus,5.681818225000001,9.009090775,Generator,4.415300754367117
E20920,0.33636365,2.243182,FRANKSTOWN RD AT CRAB HOLLOW RD,40.4618,-79.8488,Outbound,Bus,-1.90681835,2.57954565,Attractor,0.14994933536378235
W21650,73.96364,20.970457000000003,STEUBEN ST AT OBEY ST,40.443,-80.0528,Inbound,Bus,52.993182999999995,94.93409700000001,Generator,3.527039968656858
E20420,13.870454500000001,4.9772725,FRANKSTOWN AVE AT FINLEY ST NS,40.4591,-79.9095,Inbound,Bus,8.893182000000001,18.847727,Generator,2.786758108984389
X19400,4.493182,0.7431818,WASHINGTON RD AT ABBEYVILLE RD,40.352,-80.0505,Inbound,Bus,3.7500002,5.2363638,Generator,6.045871952192586
N40810,1.590909,0.62954545,PARKER ST AT SOOSE RD,40.4942,-79.9629,Inbound,Bus,0.96136355,2.22045445,Generator,2.52707568611607
S02820,25.1090895,52.17500150000001,8TH AVE AT LIBRARY PL,40.409,-79.9034,Both,Bus,-27.065912000000008,77.284091,Attractor,0.4812475089243648
W03840,3.4204545,6.543182,CHARTIERS AVE AT WINDGAP AVE,40.4593,-80.0775,Outbound,Bus,-3.1227275,9.9636365,Attractor,0.5227509337200157
E04930,10.015909,6.706818,BAUM BLVD AT MOREWOOD AVE,40.4551,-79.945,Inbound,Bus,3.3090910000000004,16.722727,Generator,1.4933920974148993
E70357,0.0,0.1363636,MILLTOWN RD OPP LEECHBURG RD FS,40.4945,-79.7884,Outbound,Bus,-0.1363636,0.1363636,Attractor,0.0
N29840,0.025,1.5113634999999999,LEY ST OPP COWLEY ST,40.4656,-79.9819,Outbound,Bus,-1.4863635,1.5363634999999998,Attractor,0.01654135487591172
N32420,0.125,10.529545454545454,MCKNIGHT RD AT ARCADIA DR FS,40.5767,-80.026,Outbound,Bus,-10.404545454545454,10.654545454545454,Attractor,0.011871357651629614
N52390,0.0,0.05,THOMPSON RUN RD OPP WHITE OAK DR,40.5419,-79.9923,Outbound,Bus,-0.05,0.05,Attractor,0.0
E58000,6.4522725,0.6659091,WILNER DR OPP BRACEY DR,40.454,-79.8672,Both,Bus,5.7863634,7.118181600000001,Generator,9.689419321646152
N26800,214.33865,252.28635,HOV ROSS P-N-R LOT AT SHELTER,40.5068,-80.0305,Both,Bus,-37.9477,466.625,Attractor,0.849584807105101
W24780,9.031818181818181,1.1363636363636365,WASHINGTON PIKE AT MAYER ST,40.3659,-80.1072,Inbound,Bus,7.895454545454545,10.168181818181818,Generator,7.947999999999999
N14900,2.9295455,1.034091,CHATEAU ST AT PENNSYLVANIA AVE,40.4535,-80.0282,Outbound,Bus,1.8954545,3.9636365000000002,Generator,2.832966827871048
E41200,86.69090600000001,224.64090499999998,MURRAY AVE AT FORWARD AVE,40.4302,-79.9235,Both,Bus,-137.94999899999996,311.331811,Attractor,0.38590881745245825
E55136,0.0,0.0,UNIVERSAL RD OPP #1048,40.4604,-79.8072,Inbound,Bus,0.0,0.0,Balanced,
W05630,0.04545454545454545,0.0,CRABAPPLE DR AT PITCHFORK LN,40.4671,-80.1104,Both,Bus,0.04545454545454545,0.04545454545454545,Generator,
S20497,0.025,0.2363636363636365,GRANT AVE AT 6TH ST,40.3721,-79.8512,Outbound,Bus,-0.2113636363636365,0.2613636363636365,Attractor,0.10576923076923071
W11665,0.50227275,0.0,LINDSAY RD AT CLAIREVIEW DR,40.388,-80.0774,Inbound,Bus,0.50227275,0.50227275,Generator,
E70961,1.0136363636363634,1.172727272727273,6TH ST AT MARGARETTA ST,40.4043,-79.8669,Inbound,Bus,-0.15909090909090962,2.1863636363636365,Attractor,0.8643410852713174
S43400,7.479545545,33.33182,SOUTH MALL ENTRANCE DR AT DSW DRIVEWAY,40.3354,-79.9465,Both,Bus,-25.852274455,40.811365545,Attractor,0.2243965539535495
W03900,7.115909,29.070455,CHARTIERS AVE OPP DITZLER ST,40.454,-80.0562,Outbound,Bus,-21.954546,36.186364,Attractor,0.2447814800284344
E13660,14.545455,17.181820000000002,CENTRE AVE AT MORGAN ST,40.4476,-79.9668,Outbound,Bus,-2.6363650000000014,31.727275000000002,Attractor,0.8465607834327212
N38840,43.790910499999995,25.75454585,NORTH AVE OPP SANDUSKY ST,40.4557,-80.0048,Both,Bus,18.036364649999996,69.54545635,Generator,1.7003177130378324
N71311,13.78182,3.965909,CALIFORNIA AVE AT CHIDELL ST,40.4773,-80.0403,Inbound,Bus,9.815911,17.747729,Generator,3.4750721713483594
E17368,2.3590910000000003,4.5954545,EAST LIBERTY BLVD AT EUCLID AVE,40.4667,-79.9251,Outbound,Bus,-2.2363634999999995,6.9545455,Attractor,0.5133531405870737
N09505,306.59545454545463,306.7227272727272,MCCANDLESS PARK AND RIDE,40.5867,-80.0302,Both,Bus,-0.12727272727255468,613.3181818181818,Attractor,0.9995850560915254
N50480,0.13636365,0.1659091,SPRING GARDEN AVE AT #1043,40.4592,-79.9937,Outbound,Bus,-0.02954545,0.30227275,Attractor,0.8219178453743646
E43850,0.14545454545454545,3.7409090909090907,OLD WILLIAM PENN HWY OPP BAYHILL DR,40.4417,-79.7496,Outbound,Bus,-3.5954545454545452,3.8863636363636362,Attractor,0.038882138517618466
E01130,184.12728,131.78636475,FIFTH AVE AT CRAFT AVE (CARLOW UNIV),40.4378,-79.9641,Both,Bus,52.34091525000002,315.91364475,Generator,1.3971648762699482
W07980,0.7204545,0.045454545,GRAND AVE OPP NEVILLE METALS,40.506,-80.1065,Inbound,Bus,0.674999955,0.765909045,Generator,15.849999158499992
W05915,16.95,19.570454545454552,CRAFTON-INGRAM SHOPPING CTR AT TERMINUS,40.4408,-80.0688,Both,Bus,-2.620454545454553,36.520454545454555,Attractor,0.8661014980838458
N06010,0.7681819999999999,4.8363635,ARCH ST OPP ALLEGHENY MIDDLE SCHOOL,40.4531,-80.0091,Inbound,Bus,-4.0681815,5.6045455,Attractor,0.15883462853857033
E09820,5.2454545,0.62045455,BRINTON AVE OPP QUARRY AVE,40.4035,-79.8429,Inbound,Bus,4.62499995,5.86590905,Generator,8.45421231901676
N42660,0.843182,0.7795454500000001,PERRY HWY OPP #328,40.5187,-80.0267,Inbound,Bus,0.0636365499999999,1.6227274500000002,Generator,1.0816328926042733
X06670,0.0,0.1431818,GILKESON RD AT GALLERIA DRIVEWAY FS,40.3569,-80.0536,Inbound,Bus,-0.1431818,0.1431818,Attractor,0.0
W70181,1.856818,0.20454545,UNIVERSITY BLVD AT PATTON DR,40.5061,-80.2231,Inbound,Bus,1.6522725500000002,2.06136345,Generator,9.07777709061727
E13570,18.56591,31.988635000000002,CENTRE AVE AT KIRKPATRICK ST,40.4453,-79.9758,Inbound,Bus,-13.422725000000003,50.554545000000005,Attractor,0.5803908169260739
W26180,521.9499900000001,55.77727115,WEST BUSWAY AT SHERADEN STATION C,40.4526,-80.0529,Inbound,Busway,466.1727188500001,577.7272611500001,Generator,9.357754139608891
E46180,0.9931818000000001,15.520454999999998,PENN AVE AT LINDEN AVE,40.4527,-79.9105,Outbound,Bus,-14.527273199999998,16.513636799999997,Attractor,0.06399179663225081
E42220,15.51590925,21.281816999999997,NOBLE ST AT ROSLYN ST,40.4203,-79.8848,Outbound,Bus,-5.765907749999997,36.79772625,Attractor,0.7290688219901525
W03890,0.359090909090909,6.977272727272725,CHARTIERS AVE OPP CRAWFORD ST,40.465,-80.0706,Outbound,Bus,-6.6181818181818155,7.336363636363634,Attractor,0.05146579804560261
S70566,7.4795455,4.0954545,LAYOVER - PENN STATE MCKEESPOR,40.3458,-79.8287,Both,Bus,3.3840910000000006,11.575,Generator,1.8263041379168052
X02440,0.4,4.636363636363635,BOWER HILL RD AT UNION ST,40.3622,-80.0976,Outbound,Bus,-4.2363636363636346,5.036363636363635,Attractor,0.0862745098039216
E70794,14.993179999999999,32.84318,BEDFORD AVE AT WANDLESS ST,40.4526,-79.9678,Outbound,Bus,-17.849999999999998,47.83636,Attractor,0.45650817003712796
N05890,0.0,0.0,ANDERSON ST AT ISABELLA ST,40.4483,-80.0007,Inbound,Bus,0.0,0.0,Balanced,
E20055,7.9977275,1.0704544999999999,FORWARD AVE AT MURRAY AVE,40.4298,-79.9233,Both,Bus,6.927273,9.068182,Generator,7.471338109186332
S13670,2.4068181818181804,2.997727272727275,CRAWFORD AVE OPP 5TH ST,40.3646,-79.847,Outbound,Bus,-0.5909090909090944,5.404545454545455,Attractor,0.8028809704321446
N15315,0.1409091,1.4840909,COLBY ST AT MT PLEASANT RD FS,40.4832,-80.0038,Outbound,Bus,-1.3431818,1.625,Attractor,0.09494640793229041
S40458,8.9386365,6.584091,REGIS AVE EXT OPP HOME DEPOT,40.3396,-79.953,Inbound,Bus,2.3545454999999995,15.522727499999998,Generator,1.357611324023316
N45660,0.0,0.022727275,REMINGTON DR OPP WALDWICK DR,40.5539,-80.0074,Outbound,Bus,-0.022727275,0.022727275,Attractor,0.0
E41950,87.69772499999999,2.893182,NEGLEY AVE AT STANTON AVE,40.4717,-79.9263,Inbound,Bus,84.804543,90.59090699999999,Generator,30.3118590534574
E59610,6.584091,15.2659098,WOODSTOCK AVE AT BRADDOCK AVE,40.4154,-79.8769,Outbound,Bus,-8.681818799999999,21.8500008,Attractor,0.43129371824272145
E53050,1.5977275,1.28863635,STANTON AVE OPP MCCANDLESS AVE,40.4781,-79.9492,Inbound,Bus,0.30909115,2.88636385,Generator,1.2398590960126183
S34320,1.856818,29.754545,MIFFLIN RD OPP INTERBORO AVE,40.3698,-79.9132,Outbound,Bus,-27.897727,31.611363,Attractor,0.062404516688122774
E70351,0.0,0.05,UNITY TRESTLE RD AT ASHLAND DR,40.4862,-79.7714,Both,Bus,-0.05,0.05,Attractor,0.0
S47120,2.027272727272725,1.172727272727275,WALNUT ST OPP EXXON STATION,40.3258,-79.8395,Outbound,Bus,0.8545454545454501,3.2,Generator,1.7286821705426303
W19497,0.7272726999999999,12.4113635,PARK MANOR DR AT #6000 (OLIVE GARDEN),40.4508,-80.1617,Outbound,Bus,-11.6840908,13.1386362,Attractor,0.058597324943387555
N41755,0.347727275,2.7977273,PENNSYLVANIA AVE AT CHATEAU ST,40.4537,-80.0281,Outbound,Bus,-2.450000025,3.145454575,Attractor,0.12428919537654724
N41750,24.197727999999998,5.4249997500000005,PENNSYLVANIA AVE AT ALLEGHENY AVE,40.4552,-80.0202,Inbound,Bus,18.772728249999997,29.62272775,Generator,4.460410896793128
S70380,1.5,1.0113636363636365,ST CLAIR AVE AT 8TH ST,40.294,-79.891,Outbound,Bus,0.48863636363636354,2.5113636363636367,Generator,1.4831460674157302
W04678,0.40454545454545454,0.075,CLIFF MINE RD AT ENLOW RD,40.4519,-80.1992,Inbound,Bus,0.32954545454545453,0.47954545454545455,Generator,5.3939393939393945
E25363,0.125,0.12272727500000001,GREENFIELD AVE OPP HAYWORTH ST,40.4252,-79.9454,Outbound,Bus,0.0022727249999999893,0.24772727500000002,Generator,1.0185184996570646
S42360,155.165907,47.75000185,SOUTH BUSWAY AT SOUTH HILLS JCT,40.4211,-80.0071,Outbound,Busway,107.41590515000001,202.91590885,Generator,3.2495476646772112
S70145,7.475,3.5000002500000003,SECOND AVE OPP PGH TECH CTR (MIDDLE ACCESS RD,40.4328,-79.9621,Inbound,Bus,3.9749997499999994,10.97500025,Generator,2.135714133163276
N20560,0.0,0.3295454545454545,FREEPORT RD AT ALABAMA AVE,40.6163,-79.7366,Outbound,Bus,-0.3295454545454545,0.3295454545454545,Attractor,0.0
S70226,3.2295455,0.3318182,DELWAR RD OPP APPLEBEE'S DRVWY,40.3489,-79.9476,Inbound,Bus,2.8977273,3.5613637,Generator,9.732876316006777
E46850,0.1681818,2.0659093,PENN AVE OPP WEBER ST,40.4419,-79.8691,Outbound,Bus,-1.8977275,2.2340911,Attractor,0.08140812377387525
N41000,0.1863636363636365,0.0,PEEBLES RD AT LOCUST ST,40.5696,-80.0039,Inbound,Bus,0.1863636363636365,0.1863636363636365,Generator,
E55010,9.25,0.17272727499999999,UNITY TRESTLE RD OPP UNIVERSAL RD,40.4904,-79.783,Both,Bus,9.077272725,9.422727275,Generator,53.552630874307496
E70947,0.1886363636363635,0.04772727272727275,WM PENN HWY AT #2295,40.446,-79.8531,Inbound,Bus,0.14090909090909073,0.23636363636363625,Generator,3.9523809523809477
S70472,64.53408999999999,0.6318182,E CARSON ST AT S 28TH ST,40.4262,-79.9656,Outbound,Bus,63.902271799999994,65.16590819999999,Generator,102.1402833916465
N05870,0.0,0.0,ANDERSON ST AT LACOCK ST,40.4499,-80.0011,Inbound,Bus,0.0,0.0,Balanced,
E16100,17.3204545,1.68181815,DALLAS AVE AT REYNOLDS ST,40.4489,-79.9101,Inbound,Bus,15.63863635,19.002272650000002,Generator,10.298648816460924
E29950,0.1409091,0.045454545,HOMEWOOD AVE AT ROYCREST PL,40.4481,-79.9021,Outbound,Bus,0.09545455500000001,0.18636364500000002,Generator,3.1000002310000028
S00240,48.022729999999996,13.2136375,S 18TH ST AT MARY ST,40.426,-79.9808,Inbound,Bus,34.80909249999999,61.2363675,Generator,3.6343308192009953
X02390,7.7886365,0.56136365,BOWER HILL RD AT SOMERVILLE DR FS,40.3714,-80.0796,Inbound,Bus,7.22727285,8.35000015,Generator,13.874493833008247
E49780,0.0,3.10681795,SALTSBURG RD AT FORD AVE,40.4767,-79.7828,Outbound,Bus,-3.10681795,3.10681795,Attractor,0.0
N38170,3.9477275,3.531818,NORTH HILLS VILLAGE AT BURLINGTON,40.5253,-80.0071,Both,Bus,0.41590950000000015,7.4795455,Generator,1.1177607396530627
W23097,0.21136365000000001,6.45,SUMMIT PARK DR AT HOME DR,40.4499,-80.1831,Outbound,Bus,-6.23863635,6.66136365,Attractor,0.03276955813953489
N22540,0.390909090909091,2.620454545454547,FREEPORT RD OPP MURRAY HILL RD,40.5811,-79.7789,Outbound,Bus,-2.229545454545456,3.011363636363638,Attractor,0.14917606244579354
S48530,10.1363635,1.2795455,WEST ST OPP MUNHALL BORO BLDG,40.3992,-79.9043,Inbound,Bus,8.856818,11.415909,Generator,7.921846858904197
N14200,0.62954545,3.665909,CENTER AVE AT TOWNSHIP RD,40.5189,-80.0252,Outbound,Bus,-3.03636355,4.29545445,Attractor,0.1717296992369423
X02310,5.134091,0.7204545499999999,BOWER HILL RD AT ROCKHILL RD,40.3666,-80.0864,Inbound,Bus,4.41363645,5.854545549999999,Generator,7.126183046522505
N35930,0.47727274500000005,0.0,MT ROYAL BLVD AT IOLA AVE,40.5369,-79.9715,Inbound,Bus,0.47727274500000005,0.47727274500000005,Generator,
N32350,0.20454545,0.0,MCINTYRE RD AT THOMPSON RUN RD,40.5524,-79.9986,Inbound,Bus,0.20454545,0.20454545,Generator,
S31300,3.231818,15.504545,MAIN ST AT GRACE ST,40.3832,-79.9045,Outbound,Bus,-12.272727,18.736363,Attractor,0.20844326615195738
N45600,0.2522727272727275,0.0,REMINGTON DR AT REGENCY DR,40.5562,-80.0076,Inbound,Bus,0.2522727272727275,0.2522727272727275,Generator,
E01570,14.011363150000001,61.561361,FIFTH AVE AT #2358,40.4372,-79.9713,Both,Bus,-47.54999785,75.57272415,Attractor,0.2275999575447983
N43980,7.702272499999999,31.636364999999998,PERRYSVILLE AVE OPP MARSHALL AVE,40.4749,-80.0112,Outbound,Bus,-23.9340925,39.3386375,Attractor,0.24346262600017415
S24110,8.7954545,27.29318,HWY RT 51 AT SOUTHLAND SHOPPING CTR ENTRANC,40.3322,-79.9458,Both,Bus,-18.4977255,36.0886345,Attractor,0.32225832607266724
S30280,2.5045455,0.025,LONG RUN RD OPP SUNSET DR,40.335,-79.8114,Inbound,Bus,2.4795455,2.5295455,Generator,100.18181999999999
E70860,0.5,1.1227274999999999,HALKET ST AT LOUISA ST,40.437,-79.9594,Outbound,Bus,-0.6227274999999999,1.6227274999999999,Attractor,0.44534403940404066
E08140,70.988636,14.363636500000002,BLVD OF ALLIES AT DAWSON ST,40.4344,-79.953,Both,Bus,56.6249995,85.3522725,Generator,4.9422467632065175
E05190,0.49318180000000006,13.268182,BEACON ST AT MURDOCH ST,40.4337,-79.9307,Both,Bus,-12.7750002,13.7613638,Attractor,0.03717026190928042
E70805,14.106819999999999,6.5545455,STANTON AVE AT MELLON ST,40.4711,-79.9251,Inbound,Bus,7.552274499999999,20.6613655,Generator,2.1522194025504895
S70482,13.68636363636365,0.26136363636363646,HARTMAN ST AT SARAH ST FS,40.3499,-79.8342,Inbound,Bus,13.425000000000013,13.947727272727287,Generator,52.36521739130438
N13070,13.445454999999999,11.345455,CALIFORNIA AVE AT SUPERIOR AVE,40.4654,-80.0333,Both,Bus,2.0999999999999996,24.790909999999997,Generator,1.1850961464304428
S31500,0.5068182,9.836363500000001,MAIN ST AT N LEHIGH AVE,40.3785,-79.9081,Outbound,Bus,-9.329545300000001,10.3431817,Attractor,0.05152495635200956
E51130,1.236363775,2.4227275,SCHOYER AVE AT MONONGAHELA AVE,40.4235,-79.8916,Both,Bus,-1.186363725,3.659091275,Attractor,0.5103189586942816
S70543,0.025,0.9045454545454544,CHURCHVIEW AVE AT REVO RD,40.3861,-79.943,Outbound,Bus,-0.8795454545454544,0.9295454545454545,Attractor,0.027638190954773875
S14950,1.8545455,1.690909,EASTMAN ST AT GREENSPRINGS AVE FS,40.3836,-79.8778,Outbound,Bus,0.16363649999999996,3.5454545,Generator,1.0967742793964665
E01660,44.95227250000001,190.27045999999999,FIFTH AVE AT SHADY AVE,40.4528,-79.9209,Both,Bus,-145.31818749999996,235.2227325,Attractor,0.23625460568077677
E30430,22.25,0.17272727499999999,HWY RT 286 AT PRESQUE ISLE DR,40.4637,-79.7055,Inbound,Bus,22.077272725,22.422727275,Generator,128.81578777873963
X13670,2.9045455000000002,14.729545000000002,PIONEER AVE OPP CRYSLER ST NS,40.4034,-80.0157,Outbound,Bus,-11.8249995,17.634090500000003,Attractor,0.19719180056138869
E70449,1.0045455,1.5477272499999999,FRANKSTOWN RD AT FRANKSTOWN GARDENS,40.4635,-79.8512,Outbound,Bus,-0.5431817499999998,2.55227275,Attractor,0.6490455601915649
E25358,8.6136365,1.06136365,GREENFIELD AVE AT WINDSOR ST FS,40.423,-79.9304,Inbound,Bus,7.55227285,9.67500015,Generator,8.11563171585912
E45700,9.1181818,1.6636362999999998,PENN AVE AT ANGELA DR,40.4396,-79.8747,Inbound,Bus,7.4545455,10.7818181,Generator,5.480874515661867
S48562,0.0,6.0454545,WEYMAN RD AT HENNIG DR FS,40.3643,-79.9997,Outbound,Bus,-6.0454545,6.0454545,Attractor,0.0
E35470,39.59091,38.2477295,LIBERTY AVE OPP 17TH ST,40.4491,-79.9854,Outbound,Bus,1.3431805000000026,77.8386395,Generator,1.0351179146464107
N20835,1.0977275,9.118182000000001,PITTSBURGH ST AT BUTLER ST,40.5425,-79.7731,Outbound,Bus,-8.020454500000001,10.2159095,Attractor,0.1203888560241504
N45540,0.04545454545454545,0.0,REMINGTON DR AT BINGAY DR,40.5594,-80.01,Inbound,Bus,0.04545454545454545,0.04545454545454545,Generator,
W13350,5.4772725,34.822725,MCCOY RD AT #208,40.4747,-80.0708,Outbound,Bus,-29.3454525,40.299997499999996,Attractor,0.15729017473503296
N39520,0.7136363636363634,2.886363636363635,OHIO RIVER BLVD AT MEMORIAL DR,40.5088,-80.0907,Outbound,Bus,-2.1727272727272715,3.5999999999999983,Attractor,0.24724409448818901
N13770,3.3590910000000003,0.8431818,CENTER AVE OPP COLUMBIA AVE FS,40.5202,-80.0423,Inbound,Bus,2.5159092000000003,4.2022728,Generator,3.9838276869828078
X06860,5.2045455,0.0,GRANDVIEW AVE AT AUGUSTA ST,40.4398,-80.0221,Inbound,Bus,5.2045455,5.2045455,Generator,
E25457,0.025,0.3181818,GREENSBURG PIKE AT BOWLING ALLEY,40.3836,-79.8193,Outbound,Bus,-0.2931818,0.34318180000000004,Attractor,0.07857143306122474
E52600,0.097727275,1.5431819999999998,STANTON AVE AT CARNEGIE ST,40.4778,-79.9548,Outbound,Bus,-1.4454547249999998,1.6409092749999998,Attractor,0.06332841816454574
N21050,9.36590909090909,4.484090909090908,FREEPORT RD AT EASTERN AVE,40.4894,-79.9032,Inbound,Bus,4.881818181818183,13.849999999999998,Generator,2.088697415103903
E12730,0.290909090909091,0.0,CENTER RD AT RUTH DR FS,40.4537,-79.7605,Inbound,Bus,0.290909090909091,0.290909090909091,Generator,
E40825,1.5318180449999999,0.0,MT CARMEL RD AT FAYBERN DR,40.4666,-79.8743,Inbound,Bus,1.5318180449999999,1.5318180449999999,Generator,
W07450,0.993181818181818,0.656818181818182,FOREST GROVE RD OPP MIDWAY DR,40.4779,-80.1028,Both,Bus,0.3363636363636361,1.65,Generator,1.512110726643598
S48720,6.3522725,2.059091045,WHITAKER ST OPP GRANT AVE,40.3995,-79.8861,Both,Bus,4.293181454999999,8.411363545,Generator,3.084988648474259
W70033,0.1,4.4386365,MCKEE RD AT CCAC WEST,40.4373,-80.1916,Outbound,Bus,-4.338636500000001,4.5386365,Attractor,0.022529441192131863
S13990,0.625,0.0,CURRY RD AT #5415,40.3391,-79.9909,Inbound,Bus,0.625,0.625,Generator,
N13550,58.0022685,104.3499975,CEDAR AVE AT EAST OHIO ST,40.4535,-80.0018,Both,Bus,-46.347729,162.352266,Attractor,0.5558435063690347
N71186,0.0,1.475,DELAFIELD RD OPP PATRIOT WAY,40.4971,-79.891,Outbound,Bus,-1.475,1.475,Attractor,0.0
N08230,12.5818181818182,5.88181818181818,BEAVER ST AT BROAD ST FS,40.5694,-80.2138,Inbound,Bus,6.70000000000002,18.46363636363638,Generator,2.139103554868628
E23430,1.3613635,11.063635000000001,FRIENDSHIP AVE AT ATLANTIC AVE,40.462,-79.9391,Outbound,Bus,-9.702271500000002,12.424998500000001,Attractor,0.1230484827093446
E29050,0.3409091,36.220455,HIGHLAND AVE AT JACKSON ST,40.471,-79.9203,Outbound,Bus,-35.879545900000004,36.5613641,Attractor,0.00941206011906808
X02410,5.03409090909091,0.184090909090909,BOWER HILL RD AT SYLVA ST,40.3621,-80.0979,Inbound,Bus,4.850000000000001,5.218181818181819,Generator,27.3456790123457
N20800,0.0,0.23863636363636348,FREEPORT RD AT BURTNER RD,40.6295,-79.7177,Outbound,Bus,-0.23863636363636348,0.23863636363636348,Attractor,0.0
N37260,1.0727275,0.022727275,MT TROY RD OPP HIGHLAND AVE (#1287),40.4709,-79.9825,Inbound,Bus,1.050000225,1.095454775,Generator,47.20000527999947
E10210,0.9386363499999999,5.1704545,WOLFE AVE AT PALLAS ST,40.4058,-79.8456,Outbound,Bus,-4.2318181500000005,6.109090849999999,Attractor,0.1815384604970414
S12520,1.9954545,0.5181818,CLIMAX ST AT HABERMAN AVE,40.4198,-80.0025,Inbound,Bus,1.4772726999999999,2.5136363,Generator,3.8508772403816574
S31470,0.58636365,8.668182,MAIN ST AT MARION ST,40.388,-79.9019,Outbound,Bus,-8.081818349999999,9.25454565,Attractor,0.06764551667235413
W07750,0.575,0.74772725,GRAND AVE AT MAPLE LN,40.5165,-80.1463,Outbound,Bus,-0.17272725,1.3227272499999998,Attractor,0.7689969838600906
S04330,4.7181820000000005,1.1863635000000001,ARLINGTON AVE AT COLOGNE ST,40.4175,-79.9696,Inbound,Bus,3.5318185000000004,5.904545500000001,Generator,3.9770121046374065
E03285,0.5977272499999999,0.575,ALCOMA BLVD AT SALTSBURG RD,40.4815,-79.8047,Both,Bus,0.022727249999999977,1.1727272499999999,Generator,1.039525652173913
W70161,2.056818,9.220454499999999,WASHINGTON AVE OPP DOLLAR TREE,40.398,-80.0835,Outbound,Bus,-7.163636499999999,11.277272499999999,Attractor,0.2230712162833188
N43480,1.5863635,5.4295455,PERRYSVILLE AVE AT HAWKINS ST,40.4725,-80.0103,Outbound,Bus,-3.8431819999999997,7.015909,Attractor,0.29217242953392697
E02050,1370.51137,499.60909,FIFTH AVE OPP THACKERAY AVE,40.443,-79.9567,Both,Bus,870.90228,1870.1204599999999,Generator,2.743167403139122
W21660,15.509091000000002,17.9886365,STEUBEN ST AT PLANET ST (WABASH ST),40.4417,-80.0354,Outbound,Bus,-2.479545499999997,33.497727499999996,Attractor,0.8621604533506474
N31670,5.6022729,11.7272725,MAIN ST OPP 14TH ST,40.4944,-79.9276,Outbound,Bus,-6.1249996,17.3295454,Attractor,0.4777132022812636
W13300,0.4772727272727275,4.586363636363635,MCCOY RD AT LENORE DR,40.48,-80.0856,Outbound,Bus,-4.109090909090908,5.063636363636363,Attractor,0.10406342913776025
N71252,4.95,0.4204545454545455,OHIO RIVER BLVD OPP LOCUST ST,40.4978,-80.0699,Inbound,Bus,4.529545454545454,5.370454545454546,Generator,11.77297297297297
N71282,4.05681818181818,1.736363636363635,GRANT AVE AT BLACK ST,40.48,-79.9735,Inbound,Bus,2.320454545454545,5.793181818181814,Generator,2.3363874345549744
E45720,7.0795455,16.025,PENN AVE AT ATLANTIC AVE,40.4645,-79.9388,Outbound,Bus,-8.945454499999999,23.1045455,Attractor,0.44178131045241814
N21310,0.0,0.856818181818182,FREEPORT RD AT IDAHO AVE,40.6193,-79.7305,Outbound,Bus,-0.856818181818182,0.856818181818182,Attractor,0.0
S47065,0.409090909090909,1.3431818181818178,WALNUT ST AT 7TH AVE,40.3491,-79.8645,Inbound,Bus,-0.9340909090909089,1.7522727272727268,Attractor,0.30456852791878175
E58720,1.311363636363636,4.01818181818182,WM PENN HWY AT KOHL'S DRVWY,40.4329,-79.7988,Outbound,Bus,-2.7068181818181842,5.329545454545457,Attractor,0.32635746606334815
N71249,0.02272727272727275,0.393181818181818,FREEPORT RD AT HORNER ST,40.6093,-79.7491,Outbound,Bus,-0.37045454545454526,0.4159090909090908,Attractor,0.05780346820809256
E70389,0.275,3.1522728,LEECHBURG RD OPP AUBURN ST,40.4929,-79.7907,Outbound,Bus,-2.8772728,3.4272728,Attractor,0.08723864254388136
E44430,5.002272727272727,0.04772727272727275,OLD WILLIAM PENN HWY AT GLENWOOD DR,40.4408,-79.745,Inbound,Bus,4.954545454545454,5.05,Generator,104.80952380952375
S04410,3.6431820000000004,0.7068182000000001,ARLINGTON AVE AT FREDERICK ST,40.4176,-79.9828,Inbound,Bus,2.9363638000000005,4.3500002,Generator,5.15434096066004
E32420,2.1954546,0.91136365,JANCEY ST AT #1853,40.4869,-79.9254,Inbound,Bus,1.2840909500000002,3.10681825,Generator,2.4089775799155477
W17360,0.0909091,0.5818182000000001,NOBLESTOWN RD AT ST PAUL'S SEMINARY,40.42,-80.0668,Outbound,Bus,-0.49090910000000004,0.6727273,Attractor,0.15625001074218717
E70737,3.3431819999999997,18.570455000000003,UPMC EAST DRIVE AT HOSPITAL,40.4374,-79.7599,Outbound,Bus,-15.227273000000004,21.913637,Attractor,0.18002692987328522
S17110,3.081818,1.965909,ELIZA ST AT GLENCAIRN ST,40.3891,-79.8754,Outbound,Bus,1.1159090000000003,5.047727,Generator,1.5676300378094816
E45520,34.9477265,18.3659095,PENN AVE AT 31ST ST,40.46,-79.9712,Inbound,Bus,16.581817,53.313636,Generator,1.902858472650102
E50380,0.7068182000000001,0.0,SALTSBURG RD OPP COLONIAL VILLAGE DR,40.475,-79.791,Inbound,Bus,0.7068182000000001,0.7068182000000001,Generator,
N20650,0.225,0.0,FREEPORT RD AT BONNIEVIEW DR FS,40.6431,-79.7104,Inbound,Bus,0.225,0.225,Generator,
E49565,0.025,0.6931818,SALTSBURG RD AT ALCOMA GOLF CLUB,40.481,-79.8026,Outbound,Bus,-0.6681817999999999,0.7181818,Attractor,0.0360655747164741
W26250,8.09090909090909,7.48409090909091,W PROSPECT AVE AT KINGSLAND AVE,40.4475,-80.0717,Outbound,Bus,0.6068181818181797,15.575,Generator,1.0810810810810807
N19675,0.02272727272727275,0.415909090909091,FERGUSON RD OPP LINWOOD DR #1,40.557,-79.9733,Outbound,Bus,-0.39318181818181824,0.43863636363636377,Attractor,0.05464480874316944
N10755,69.670455,9.98409,BRIGHTON RD AT SCHIMMER ST,40.4738,-80.029,Inbound,Bus,59.686365,79.654545,Generator,6.978147733043272
E44550,1.799999999999998,0.0,OLD WILLIAM PENN HWY OPP WILLIAMSBURG DR,40.4414,-79.7536,Inbound,Bus,1.799999999999998,1.799999999999998,Generator,
E08720,47.7840909090909,9.16136363636364,BRADDOCK AVE AT COREY AVE,40.4038,-79.8692,Inbound,Bus,38.62272727272726,56.94545454545454,Generator,5.215827338129493
S08700,55.84318425,138.86590999999999,BROWNSVILLE RD AT KNOX AVE,40.4108,-79.9902,Outbound,Bus,-83.02272574999998,194.70909425,Attractor,0.4021374594383892
N10500,62.156819999999996,9.45681825,BRIGHTON RD AT MARSHALL AVE NS,40.4672,-80.0251,Inbound,Bus,52.70000175,71.61363825,Generator,6.572699015337426
N40800,0.0,0.1363636363636365,PARKER ST AT #90,40.4937,-79.9516,Outbound,Bus,-0.1363636363636365,0.1363636363636365,Attractor,0.0
S31380,0.07045454500000001,3.665909,MAIN ST AT MARHAM RD,40.3926,-79.9003,Outbound,Bus,-3.595454455,3.736363545,Attractor,0.019218847221794105
S70134,0.44090910000000005,0.0,CONLIN ST OPP CAROLINA AVE,40.3622,-79.8694,Inbound,Bus,0.44090910000000005,0.44090910000000005,Generator,
E06950,0.24545454500000002,0.2659091,BENTLEY DR AT KIRKPATRICK ST,40.4407,-79.9742,Outbound,Bus,-0.020454554999999985,0.5113636450000001,Attractor,0.9230768898093371
S70542,0.0,2.35681818181818,CHURCHVIEW AVE AT CATHELL RD NS,40.3845,-79.9497,Outbound,Bus,-2.35681818181818,2.35681818181818,Attractor,0.0
N14490,6.1522725000000005,2.1795455,N CHARLES ST AT BRIGHTRIDGE ST,40.4622,-80.0185,Inbound,Bus,3.9727270000000003,8.331818,Generator,2.822731849369513
X05870,0.67954545,3.615909,FREEDOM AVE AT CREEDMORE AVE FS,40.389,-80.0117,Both,Bus,-2.93636355,4.295454449999999,Attractor,0.1879321216324858
S70606,0.045454545,0.8090909,CAMP HOLLOW RD AT SKYPORT DR,40.3447,-79.9235,Both,Bus,-0.7636363549999999,0.854545445,Attractor,0.056179775350334554
E40950,1.56136365,0.0,MT CARMEL RD AT TYLER RD,40.468,-79.8832,Inbound,Bus,1.56136365,1.56136365,Generator,
N42850,0.0,1.3863634999999999,PERRY HWY AT CLARWIN AVE,40.5052,-80.0283,Outbound,Bus,-1.3863634999999999,1.3863634999999999,Attractor,0.0
W22730,16.0681841,0.9318182,STEUBENVILLE PIKE OPP HOLY TRINITY CHURCH,40.4515,-80.1362,Inbound,Bus,15.1363659,17.0000023,Generator,17.243904551338446
X13730,0.2431818,3.5522725,PIONEER AVE OPP NORTHCREST DR,40.4095,-80.014,Outbound,Bus,-3.3090907,3.7954543,Attractor,0.068458092671663
W25430,127.95909090909109,2.2249999999999996,WASHINGTON PIKE OPP THOMS RUN RD (WOODVILLE P-N-R),40.3817,-80.0943,Inbound,Bus,125.7340909090911,130.18409090909108,Generator,57.50970377936679
E17405,23.1681815,7.809091049999999,EAST LIBERTY BLVD AT CENTRE AVE,40.465,-79.9201,Inbound,Bus,15.35909045,30.97727255,Generator,2.9668217916347643
N44500,12.9477275,2.893181775,PITTSBURGH ST AT COLFAX ST,40.5411,-79.784,Inbound,Bus,10.054545724999999,15.840909275,Generator,4.475255447784645
N25370,0.79772725,0.6818181999999999,HAZELTON ST AT SUFFOLK ST,40.4673,-80.0058,Outbound,Bus,0.11590905000000007,1.4795454499999998,Generator,1.1699999354666686
E33150,7.111363545,24.0181841,KELLY AVE AT WEST ST,40.4412,-79.8914,Both,Bus,-16.906820555,31.129547645,Attractor,0.29608248131464693
S13790,2.2659090909090898,2.152272727272725,CRAWFORD AVE AT STATE ST,40.3636,-79.8497,Outbound,Bus,0.11363636363636465,4.418181818181814,Generator,1.052798310454066
W20140,8.790909090909095,0.8681818181818185,E RAILROAD ST AT 1ST ST,40.3934,-80.0875,Inbound,Bus,7.922727272727276,9.659090909090914,Generator,10.12565445026178
X00560,8.840909,3.2772725,BANKSVILLE RD OPP MCMONAGLE AVE,40.3997,-80.0442,Inbound,Bus,5.563636499999999,12.1181815,Generator,2.697642322998774
E08885,2.120454545454545,14.927272727272749,BRADDOCK AVE OPP LINE AVE,40.4071,-79.8752,Outbound,Bus,-12.806818181818205,17.047727272727293,Attractor,0.14205237515225314
N20760,3.41590909090909,5.752272727272725,FREEPORT ST AT GARDEN ALLEY,40.4967,-79.9426,Inbound,Bus,-2.336363636363635,9.168181818181814,Attractor,0.5938364282892138
N10670,34.488635,8.4477275,BRIGHTON RD AT WADLOW ST,40.4755,-80.0306,Inbound,Bus,26.040907500000003,42.9363625,Generator,4.082593218116944
W70179,2.5886365,0.1,UNIVERSITY BLVD AT TIGER TRAIL,40.509,-80.223,Inbound,Bus,2.4886364999999997,2.6886365,Generator,25.886364999999998
X00800,0.145454545,0.925,BANKSVILLE RD AT BANKSVILLE AVE,40.4184,-80.0299,Outbound,Bus,-0.779545455,1.070454545,Attractor,0.15724815675675674
N40030,2.66590909090909,0.8386363636363634,OHIO RIVER BLVD AT WALLISTON AVE,40.5119,-80.1032,Inbound,Bus,1.8272727272727267,3.5045454545454535,Generator,3.178861788617886
N17290,18.11591,4.825,EAST OHIO ST AT CHESTNUT ST,40.4547,-79.9946,Outbound,Bus,13.29091,22.94091,Generator,3.7545927461139894
X08050,0.4931818,3.968182,HABERMAN AVE AT BAILEY AVE,40.4269,-80.0026,Outbound,Bus,-3.4750002,4.4613638,Attractor,0.12428406761585029
X02070,20.30909,2.9886365,BOWER HILL RD AT COCHRAN RD,40.3848,-80.0536,Inbound,Bus,17.3204535,23.297726500000003,Generator,6.795436648116959
N10850,17.240908,74.945455,BRIGHTON RD OPP HIGHWOOD ST,40.4684,-80.0252,Outbound,Bus,-57.70454699999999,92.186363,Attractor,0.23004607817778946
N52290,0.0,0.42954545,THOMPSON RUN RD AT SUTTER RD,40.5432,-79.9934,Outbound,Bus,-0.42954545,0.42954545,Attractor,0.0
S00400,24.338635,2.89318175,S 18TH ST AT ST PATRICK ST,40.4214,-79.9825,Inbound,Bus,21.44545325,27.23181675,Generator,8.412411353002623
N47190,0.0,0.0,SAMPLE RD AT #1848,40.5723,-79.9963,Both,Bus,0.0,0.0,Balanced,
N12900,2.2477275,1.1477275,CALIFORNIA AVE AT MARQUIS WAY,40.4594,-80.0184,Inbound,Bus,1.0999999999999999,3.395455,Generator,1.9584156517988807
E45360,9.515908900000001,10.6840918,PEEBLES ST OPP FORBES AVE,40.4398,-79.8947,Both,Bus,-1.168182899999998,20.2000007,Attractor,0.8906614692322282
X17727,0.21590910000000002,3.3931820000000004,SOUTHERN AVE AT WHITWORTH ST,40.4259,-80.0092,Outbound,Bus,-3.1772729,3.6090911000000006,Attractor,0.06363027388451312
N50510,0.23636365,1.6272725000000001,SPRING GARDEN AVE OPP GIDDY WAY,40.4746,-79.989,Outbound,Bus,-1.3909088500000002,1.86363615,Attractor,0.14525142531444488
E70087,7.240909,0.33636365,ALLEGHENY AVE AT ARCHIE ST NS,40.524,-79.8419,Inbound,Bus,6.90454535,7.57727265,Generator,21.527025884039492
X70087,0.30454545,2.95,BOGGS AVE AT #304,40.4255,-80.0084,Outbound,Bus,-2.64545455,3.25454545,Attractor,0.10323574576271186
N40920,3.122727272727273,1.063636363636365,PEEBLES RD AT DUNCAN AVE NS,40.5672,-80.007,Inbound,Bus,2.0590909090909078,4.186363636363638,Generator,2.935897435897432
E53110,0.9909091000000001,0.0,STANTON AVE AT #4340,40.4804,-79.9424,Inbound,Bus,0.9909091000000001,0.9909091000000001,Generator,
S13871,1.715909,9.1363635,CURRY HOLLOW RD AT ARBOR LN,40.3364,-79.9717,Outbound,Bus,-7.4204545,10.8522725,Attractor,0.1878109381265314
W10320,1.1863636363636352,11.4,ISLAND AVE AT BRADLEY ST,40.4704,-80.0603,Outbound,Bus,-10.213636363636365,12.586363636363636,Attractor,0.1040669856459329
W70117,4.6431816,2.772727045,STEUBEN ST OPP ELLIOTT HEIGHTS SENIOR CTR,40.4414,-80.046,Inbound,Bus,1.8704545550000002,7.415908645,Generator,1.6745902227819185
N19620,0.025,1.290909090909091,FERGUSON RD AT WALLACE RD,40.5649,-79.9925,Outbound,Bus,-1.265909090909091,1.315909090909091,Attractor,0.01936619718309859
W10460,4.131818,0.75,ISLAND AVE AT #1308,40.4818,-80.0696,Inbound,Bus,3.381818,4.881818,Generator,5.509090666666666
W03410,1.74772725,0.05,CHARTIERS AVE AT PITTSBURGH CLASSICAL ACADEMY,40.4508,-80.0477,Inbound,Bus,1.69772725,1.79772725,Generator,34.954544999999996
N71337,11.82272727272725,3.602272727272725,EVERGREEN AVE AT KLOPFER ST,40.4856,-79.9724,Inbound,Bus,8.220454545454524,15.424999999999974,Generator,3.2820189274447906
S31690,0.220454545,1.3590909,MAIN ST AT WOODLAWN AVE,40.3909,-79.9007,Outbound,Bus,-1.138636355,1.579545445,Attractor,0.16220735861008267
N12890,25.720455,2.1568180000000003,CALIFORNIA AVE AT MARMADUKE ST,40.4835,-80.041,Inbound,Bus,23.563637,27.877273000000002,Generator,11.925185620668966
E34770,4.043182,3.006818,LEMINGTON AVE AT PAULSON AVE,40.4701,-79.8972,Both,Bus,1.0363639999999998,7.05,Generator,1.3446713435931272
S27880,0.28863637500000006,0.05,LEBANON CHURCH RD AT CURRY HOLLOW RD,40.3506,-79.9245,Both,Bus,0.23863637500000007,0.33863637500000004,Generator,5.772727500000001
N71278,0.15,0.8636363499999999,SPRING GARDEN AVE AT TELL ST FS,40.4607,-79.9885,Outbound,Bus,-0.7136363499999999,1.0136363499999999,Attractor,0.17368421326869812
S70452,2.2931818181818198,26.647727272727252,WORTHINGTON AVE AT 8TH ST,40.2924,-79.8902,Outbound,Bus,-24.35454545454543,28.940909090909074,Attractor,0.08605543710021335
N14730,9.4295455,0.2590909,N CHARLES ST OPP KENN AVE,40.4682,-80.0156,Inbound,Bus,9.1704546,9.6886364,Generator,36.39473829455222
E20520,7.5295455,11.2454545,FRANKSTOWN AVE AT LINCOLN AVE,40.4603,-79.9133,Inbound,Bus,-3.715908999999999,18.775,Attractor,0.6695634667322695
E28722,9.097725,2.215909,HERRON AVE AT LIBERTY AVE,40.4614,-79.967,Outbound,Bus,6.881816000000001,11.313634,Generator,4.10564016843652
E70793,7.0636365,17.213635,BEDFORD AVE AT MORGAN ST,40.4519,-79.9695,Outbound,Bus,-10.149998499999999,24.2772715,Attractor,0.41035124190794103
S01300,4.93409090909091,19.974999999999987,2ND ST AT HAMILTON AVE,40.375,-79.8486,Both,Bus,-15.040909090909077,24.9090909090909,Attractor,0.247013312094664
N45040,0.05,1.43863635,PITTSBURGH ST OPP WASHINGTON ST,40.5411,-79.7906,Outbound,Bus,-1.3886363499999999,1.48863635,Attractor,0.03475513461063319
S01810,1.0363636363636364,4.631818181818181,5TH AVE AT PIRL ST,40.3531,-79.8443,Both,Bus,-3.595454545454545,5.668181818181817,Attractor,0.22374877330716392
S12440,10.402272499999999,1.975,CLIMAX ST AT BELTZHOOVER AVE,40.42,-79.9975,Inbound,Bus,8.427272499999999,12.377272499999998,Generator,5.266973417721518
E18965,2.284091,83.2,OLD ABERS CREEK RD AT HOLIDAY PARK VFD,40.4667,-79.706,Both,Bus,-80.915909,85.484091,Attractor,0.027453016826923075
S27400,1.16363635,0.6863636249999999,KENNYWOOD BLVD AT GLENCAIRN ST FS,40.3891,-79.8678,Inbound,Bus,0.47727272500000006,1.8499999749999998,Generator,1.695364246611991
N71281,44.45909,7.6795455,CALIFORNIA AVE AT DAVIS AVE,40.4802,-80.0412,Inbound,Bus,36.7795445,52.13863550000001,Generator,5.789286618589603
E20450,32.922726,39.779545,FRANKSTOWN AVE AT HOMEWOOD AVE,40.4574,-79.8964,Outbound,Bus,-6.8568190000000016,72.702271,Attractor,0.8276295266826204
E30126,0.0,0.4545455,HULTON RD OPP HULTON ARBORS,40.5137,-79.8042,Outbound,Bus,-0.4545455,0.4545455,Attractor,0.0
E10900,25.1931825,51.304545250000004,BROWNS HILL RD AT IMOGENE RD,40.4157,-79.9252,Outbound,Bus,-26.111362750000005,76.49772775,Attractor,0.4910516675907969
N28210,0.02272727272727275,0.945454545454545,RODENBAUGH AVE AT IVORY AVE FS,40.4972,-80.018,Outbound,Bus,-0.9227272727272723,0.9681818181818177,Attractor,0.024038461538461574
E70437,0.0,0.0,HULTON RD AT JEFFERSON ST,40.5231,-79.8117,Outbound,Bus,0.0,0.0,Balanced,
N14150,3.4954545,3.8636365,CENTER AVE OPP NORWICH ST,40.5176,-80.0232,Inbound,Bus,-0.368182,7.359091,Attractor,0.904705838657441
N45610,0.0,1.8568181818181801,REMINGTON DR AT REGENCY DR,40.556,-80.0075,Outbound,Bus,-1.8568181818181801,1.8568181818181801,Attractor,0.0
E21140,3.7136365,0.145454545,FRANKSTOWN RD OPP LONG RD FS,40.4658,-79.8322,Inbound,Bus,3.568181955,3.8590910449999996,Generator,25.53125101728516
N28180,0.0,1.0818180000000002,IVORY AVE AT PEACHTREE WAY,40.4967,-80.0146,Outbound,Bus,-1.0818180000000002,1.0818180000000002,Attractor,0.0
W10390,1.925,5.4136365,ISLAND AVE AT FLEMING AVE,40.485,-80.0734,Outbound,Bus,-3.4886365,7.3386365,Attractor,0.3555835342842099
P01940,190.354549545,212.66136999999998,GRANT ST OPP OLIVER AVE,40.4401,-79.9962,Both,Bus,-22.30682045499998,403.015919545,Attractor,0.8951063822498652
E70740,0.40909090000000004,0.92272725,OAKDENE ST OPP EVERTON ST,40.4625,-79.8909,Inbound,Bus,-0.51363635,1.3318181500000001,Attractor,0.44334975476230926
N36080,3.8499999999999996,0.7681818,MT ROYAL BLVD AT PENNVIEW AVE,40.5123,-79.958,Inbound,Bus,3.0818182,4.6181817999999994,Generator,5.0118344381499265
E46270,11.656818000000001,1.2045453999999998,PENN AVE AT MURTLAND ST FS,40.4508,-79.906,Inbound,Bus,10.4522726,12.861363400000002,Generator,9.677358777842665
N70150,4.7795455,0.28863635,REEDSDALE ST AT BOYCE ST,40.4478,-80.0199,Outbound,Bus,4.49090915,5.06818185,Generator,16.559056057908162
E70957,2.2545455,3.0159089999999997,EAST PITTSBURGH MCKEESPORT BLV AT #920,40.3816,-79.8281,Inbound,Bus,-0.7613634999999999,5.2704545,Attractor,0.7475509042215797
S35460,0.0,0.047727275,ARLINGTON AVE AT E CARSON ST,40.4307,-80.0012,Inbound,Bus,-0.047727275,0.047727275,Attractor,0.0
S16270,168.60909,40.22272770000001,E CARSON ST AT S 22ND ST,40.4284,-79.9748,Both,Bus,128.3863623,208.83181770000002,Generator,4.191886021693152
S48570,7.931818,0.0909091,WEYMAN RD OPP MCROBERTS RD,40.3703,-79.9977,Inbound,Bus,7.8409089,8.0227271,Generator,87.24998927500107
N10820,26.69091,56.175,BRIGHTON RD AT WOODS RUN AVE,40.4764,-80.0316,Outbound,Bus,-29.48409,82.86591,Attractor,0.4751385847797063
N36085,0.4431818,5.5704545,MT ROYAL BLVD AT PENNVIEW AVE,40.5123,-79.9579,Outbound,Bus,-5.127272700000001,6.0136363,Attractor,0.0795593609103171
E04450,5.447727,1.615909,ARDMORE BLVD OPP REBECCA AVE,40.4368,-79.8732,Inbound,Bus,3.831818,7.063636000000001,Generator,3.3713080377669784
W24420,1.379545454545455,0.481818181818182,WASHINGTON AVE AT TRIMBLE AVE,40.4055,-80.0836,Inbound,Bus,0.8977272727272732,1.861363636363637,Generator,2.8632075471698113
W14300,0.9977275,8.7704545,MIDDLETOWN RD AT JUSTINE ST,40.4466,-80.0608,Outbound,Bus,-7.772727,9.768182,Attractor,0.11376006796455075
N21140,0.28863636363636347,2.1636363636363645,FREEPORT RD AT FERRY ST FS,40.5875,-79.7762,Outbound,Bus,-1.8750000000000009,2.452272727272728,Attractor,0.13340336134453767
E40770,0.554545445,0.52272725,MT CARMEL RD AT ABER RD,40.4671,-79.8695,Inbound,Bus,0.03181819500000005,1.077272695,Generator,1.0608695930812868
E70968,0.247727275,0.0,JAMES ST AT #1445,40.4212,-79.8063,Inbound,Bus,0.247727275,0.247727275,Generator,
X04380,1.8954545,21.89318,CHELTON AVE AT OAKRIDGE ST,40.3899,-80.0148,Both,Bus,-19.9977255,23.7886345,Attractor,0.0865773953349856
N19665,0.0,0.16363636363636347,FERGUSON RD OPP LAMMERTON DR,40.5613,-79.9875,Outbound,Bus,-0.16363636363636347,0.16363636363636347,Attractor,0.0
S70316,0.0,0.07272727272727275,HWY RT 885 AT WRAY LARGE RD,40.3186,-79.9218,Inbound,Bus,-0.07272727272727275,0.07272727272727275,Attractor,0.0
E32295,10.722727500000001,5.640909,JAMES ST AT MONROEVILLE AVE,40.4092,-79.8189,Inbound,Bus,5.081818500000002,16.363636500000002,Generator,1.9008864528748828
E59430,0.259090925,2.486364,WOOD ST AT ROSS AVE,40.4428,-79.8852,Inbound,Bus,-2.227273075,2.745454925,Attractor,0.10420474435762424
N31620,2.93863635,3.9499999499999996,MAIN ST AT #1113,40.4942,-79.9305,Outbound,Bus,-1.0113635999999997,6.8886363,Attractor,0.7439585790374504
N08860,3.586363636363635,10.11818181818182,BEAVER ST OPP SPENCER ST,40.5649,-80.2069,Outbound,Bus,-6.531818181818186,13.704545454545457,Attractor,0.3544474393530995
E37260,0.1,6.4795455,LONG RD AT FRANKSTOWN RD,40.4656,-79.8322,Outbound,Bus,-6.379545500000001,6.5795455,Attractor,0.015433181231615705
N71246,36.81818,0.40227274999999996,4TH AVE AT TARENTUM PARK AND RIDE,40.6004,-79.757,Inbound,Bus,36.41590725,37.22045275,Generator,91.5254140381122
S04110,54.5931818181818,3.9022727272727247,AMITY ST AT 8TH AVE NS,40.4072,-79.9111,Inbound,Bus,50.690909090909074,58.49545454545452,Generator,13.990099009900995
N21740,3.309091,0.2090909,FREEPORT RD AT RIDDLE RUN RD,40.5459,-79.7706,Inbound,Bus,3.1000001,3.5181819,Generator,15.826088079395134
E14050,2.5409089499999995,5.6090908,CENTRE AVE OPP #5743,40.4578,-79.9321,Outbound,Bus,-3.06818185,8.14999975,Attractor,0.45299836294324203
W10280,12.545454545454545,24.472727272727262,ISLAND AVE AT ADRIAN ST,40.4744,-80.064,Outbound,Bus,-11.927272727272717,37.01818181818181,Attractor,0.5126300148588412
N12860,56.68863636363635,3.350000000000002,CALIFORNIA AVE AT HOME AVE,40.4986,-80.062,Inbound,Bus,53.33863636363635,60.03863636363635,Generator,16.921981004070542
W15940,0.293181818181818,0.8477272727272724,NOBLE AVE AT E CRAFTON AVE,40.436,-80.0645,Inbound,Bus,-0.5545454545454545,1.1409090909090904,Attractor,0.3458445040214476
W07515,2.575,23.62045454545452,FOSTER AVE AT WILLOW AVE (OPP PLAYGROUND),40.4418,-80.0683,Outbound,Bus,-21.045454545454522,26.19545454545452,Attractor,0.10901568363321479
E30540,0.295454545,49.779545,HWY RT 286 OPP NEW TEXAS RD,40.4506,-79.7136,Outbound,Bus,-49.484090455,50.074999545,Attractor,0.005935260055108981
N32855,0.5590909,0.025,MCKNIGHT RD AT PITTSBURGH REVIVAL CENTER,40.5029,-80.0108,Inbound,Bus,0.5340908999999999,0.5840909,Generator,22.363635999999996
E34050,0.43181820000000004,15.911365,LAKETON RD OPP DOUGLAS PLAZA APTS,40.4546,-79.8584,Outbound,Bus,-15.4795468,16.3431832,Attractor,0.027138978962521446
E02925,0.145454545,1.1204545,AIKEN AVE AT BROAD ST,40.4656,-79.9359,Outbound,Bus,-0.9749999549999999,1.265909045,Attractor,0.12981744907981538
E70371,1.565909,4.2886365,ALLEQUIPPA ST AT WHITRIDGE ST,40.4412,-79.9679,Outbound,Bus,-2.7227275,5.8545455,Attractor,0.3651298029105521
E57970,0.1181818,0.28636364999999997,WILNER DR AT ROBINSON BLVD FS,40.4529,-79.8668,Both,Bus,-0.16818184999999997,0.40454545,Attractor,0.41269832955404784
E70328,0.095454545,0.022727275,WILTSIE ST AT HIGHLAND DR FS,40.4762,-79.8985,Both,Bus,0.07272727,0.11818182,Generator,4.199999560000044
E45760,7.918182,66.5568205,PENN AVE AT BRADDOCK AVE,40.4471,-79.8954,Outbound,Bus,-58.6386385,74.4750025,Attractor,0.11896875392357421
N49610,0.41818180000000005,6.3704545,SHADELAND AVE OPP CASEMENT ST,40.4705,-80.0305,Outbound,Bus,-5.9522727,6.7886363,Attractor,0.06564395052189761
N22430,1.1250000000000004,3.3090909090909104,FREEPORT RD OPP JEFFERSON AVE,40.5405,-79.8135,Outbound,Bus,-2.18409090909091,4.43409090909091,Attractor,0.3399725274725275
E36035,10.127272999999999,0.290909075,LINCOLN AVE AT WILTSIE ST,40.4702,-79.8936,Inbound,Bus,9.836363924999999,10.418182074999999,Generator,34.81250284130874
X13760,1.881818,19.038635,PIONEER AVE OPP SOUTHCREST DR FS,40.4067,-80.0151,Outbound,Bus,-17.156817,20.920453,Attractor,0.09884206509552812
S25580,2.375,0.097727275,INTERBORO AVE OPP PLAPORT ST,40.3738,-79.9119,Inbound,Bus,2.277272725,2.472727275,Generator,24.302325016224998
E57570,3.7545455,10.2,WILKINS AVE AT MURRAY AVE,40.4439,-79.9242,Outbound,Bus,-6.445454499999999,13.954545499999998,Attractor,0.36809269607843137
N10800,34.822725000000005,7.2272725,BRIGHTON RD AT WOODLAND AVE,40.4701,-80.0257,Inbound,Bus,27.595452500000007,42.0499975,Generator,4.818238830762228
X70080,0.0,0.045454545,BOWER HILL RD OPP UNIVERSAL CYCLOPS,40.362,-80.0947,Inbound,Bus,-0.045454545,0.045454545,Attractor,0.0
E70350,0.21818179999999998,7.1045456,UNITY TRESTLE RD AT MILLERS LN,40.4894,-79.7785,Both,Bus,-6.8863638,7.3227274,Attractor,0.03071016955679755
E03910,1.9227275000000001,16.220455,ALLEQUIPPA ST AT DARRAGH ST,40.4432,-79.9652,Inbound,Bus,-14.2977275,18.1431825,Attractor,0.11853721119413728
E55860,1.534091,2.8795455,WADSWORTH ST AT ROBINSON ST FS,40.4433,-79.9664,Inbound,Bus,-1.3454544999999998,4.4136365,Attractor,0.5327545614403385
S27215,3.854545454545455,15.87272727272725,KEEPORT DR AT #5402,40.3395,-79.9803,Outbound,Bus,-12.018181818181795,19.727272727272705,Attractor,0.24284077892325354
E70215,12.965909,17.1636388,BRADDOCK AVE AT HAWKINS VILLAGE NS,40.4115,-79.8755,Both,Bus,-4.197729800000001,30.1295478,Attractor,0.7554289128946245
N28040,0.28863635,6.3863635,ITIN ST AT DIANA ST,40.4618,-79.9922,Outbound,Bus,-6.09772715,6.67499985,Attractor,0.04519572836716858
E55000,0.0,0.0,UNITY TRESTLE RD OPP ASHLAND DR FS,40.4864,-79.7716,Both,Bus,0.0,0.0,Balanced,
N17870,3.7113635,0.34772725,EAST ST OPP MILROY ST,40.4768,-80.0067,Outbound,Bus,3.36363625,4.05909075,Generator,10.673202919817184
E38300,10.0590905,57.447726499999995,MAIN ST AT HOWLEY ST FS,40.4642,-79.9532,Both,Bus,-47.38863599999999,67.506817,Attractor,0.17509988841769047
W22576,2.35454525,0.58636365,STEUBENVILLE PIKE OPP WATERFORD DR,40.4495,-80.1409,Inbound,Bus,1.7681816000000001,2.9409089,Generator,4.015503433747982
W16010,7.35,1.354545454545455,NOBLE AVE AT STEUBEN ST,40.4383,-80.0632,Inbound,Bus,5.995454545454544,8.704545454545455,Generator,5.426174496644293
E45690,20.22045615,0.806818175,PENN AVE AT AMBASSADOR APTS,40.4427,-79.8677,Inbound,Bus,19.413637975,21.027274325,Generator,25.061974031509642
S70487,5.15909090909091,0.7886363636363649,FIFTH AVE AT LATTERMAN FAMILY HEALTH CENTER,40.3543,-79.8366,Inbound,Bus,4.370454545454545,5.947727272727275,Generator,6.541786743515841
E41720,27.1272715,19.884091,NEGLEY AVE AT BROAD ST,40.4646,-79.9301,Inbound,Bus,7.243180499999998,47.011362500000004,Generator,1.3642701343501193
N32330,0.0,1.4840909999999998,MCINTYRE RD AT CHARTERWOOD DR,40.5518,-80.0006,Outbound,Bus,-1.4840909999999998,1.4840909999999998,Attractor,0.0
E58130,2.634091,3.434091,WINTERBURN AVE OPP BLANTON ST,40.4245,-79.9398,Inbound,Bus,-0.7999999999999998,6.068182,Attractor,0.7670417004092204
N35570,34.304545,0.9090909,MT PLEASANT RD AT #384,40.4805,-80.002,Inbound,Bus,33.395454099999995,35.2136359,Generator,37.73499987734999
N13600,57.213636,82.8022725,CEDAR AVE AT SUISMON ST,40.4548,-80.0021,Both,Bus,-25.5886365,140.0159085,Attractor,0.6909669779896439
N24910,5.193182,7.459091,LAYOVER VA HOSPITAL TERMINAL (,40.4946,-79.8859,Both,Bus,-2.2659089999999997,12.652273000000001,Attractor,0.6962218318559192
P00580,67.0931815,175.8340882,FIFTH AVE AT MARKET ST,40.4412,-80.0014,Both,Bus,-108.7409067,242.9272697,Attractor,0.38157095809366504
W10470,3.7818180000000003,0.20909090000000002,ISLAND AVE AT ORR ST FS,40.4842,-80.0723,Inbound,Bus,3.5727271000000003,3.9909089000000004,Generator,18.086956438563323
N26842,0.0,0.0,HULTON RD AT 12TH ST,40.5243,-79.829,Inbound,Bus,0.0,0.0,Balanced,
E35393,3.875,5.9931815,LIBERTY AVE AT PACIFIC AVE,40.4574,-79.9409,Inbound,Bus,-2.1181815000000004,9.8681815,Attractor,0.6465681041029709
N45580,0.0,1.83409090909091,REMINGTON DR AT HAZLETT RD,40.5598,-80.0106,Outbound,Bus,-1.83409090909091,1.83409090909091,Attractor,0.0
E55550,9.988635,0.3818182,VERONA RD AT POKETA RD,40.4867,-79.8373,Inbound,Bus,9.6068168,10.3704532,Generator,26.160709468537647
W23103,3.6613635,0.022727275,SUMMIT PARK DR OPP #35,40.4505,-80.1905,Inbound,Bus,3.6386362250000004,3.684090775,Generator,161.0999778900022
S70278,2.5477274999999997,0.9363634999999999,WATERFRONT DR AT LOWES DRVWY FS,40.4142,-79.9025,Outbound,Bus,1.6113639999999998,3.4840909999999994,Generator,2.720874425370062
S33320,0.475,5.1863635,MCKINLEY ST OPP GROGAN AVE,40.4092,-79.9936,Both,Bus,-4.7113635,5.661363499999999,Attractor,0.09158633019070106
S27000,0.58636365,8.084091,JOSEPHINE ST AT SALISBURY ST NS,40.4178,-79.9668,Outbound,Bus,-7.497727350000001,8.67045465,Attractor,0.0725330343263083
W13480,1.9318181818181799,0.04772727272727275,MCCOY RD OPP NEVILLE AVE,40.4797,-80.0839,Inbound,Bus,1.884090909090907,1.9795454545454527,Generator,40.47619047619042
E46260,8.4113635,16.58182,PENN AVE AT MILLVALE AVE,40.4653,-79.9454,Outbound,Bus,-8.1704565,24.9931835,Attractor,0.5072641905412072
E35190,12.897727,12.1681815,LIBERTY AVE AT BAUM BLVD,40.4566,-79.9394,Inbound,Bus,0.7295455000000004,25.0659085,Generator,1.0599551790051784
E23540,44.425,30.915909,FRIENDSHIP AVE AT MILLVALE AVE,40.4624,-79.9462,Outbound,Bus,13.509090999999998,75.340909,Generator,1.436962438982467
X06720,0.0,0.42954545,GILKESON RD AT #187,40.357,-80.0543,Outbound,Bus,-0.42954545,0.42954545,Attractor,0.0
N71319,0.0,1.1318181999999999,CORNELL AVE AT #1719,40.512,-80.0451,Outbound,Bus,-1.1318181999999999,1.1318181999999999,Attractor,0.0
X70066,2.4772724999999998,0.022727275,COCHRAN RD AT ARDEN RD,40.3878,-80.0553,Inbound,Bus,2.454545225,2.4999997749999996,Generator,108.99997910000207
E13795,452.71364,597.638655,CENTRE AVE AT NEGLEY AVE (MARKET DISTRICT),40.457,-79.9347,Outbound,Bus,-144.92501499999997,1050.352295,Attractor,0.7575039469292695
S43160,15.690909090909098,1.120454545454545,SOLTIS DR AT DESIDERIO BLVD,40.2866,-79.8961,Both,Bus,14.570454545454554,16.811363636363645,Generator,14.00405679513186
W14400,0.5295454545454545,0.49090909090909096,CORAOPOLIS RD AT #28,40.4841,-80.107,Both,Bus,0.03863636363636358,1.0204545454545455,Generator,1.0787037037037035
N12580,1.1340909090909104,3.0,BUTLER ST OPP MAPLEWOOD ST,40.4988,-79.9438,Outbound,Bus,-1.8659090909090896,4.134090909090911,Attractor,0.37803030303030344
E25000,19.08409090909091,29.629545454545436,GRANDVIEW AVE AT BESSEMER AVE NS,40.3951,-79.8393,Outbound,Bus,-10.545454545454525,48.71363636363635,Attractor,0.6440898979826651
S35229,12.15681825,38.5090882,MOUNTAINVIEW DR OPP GREASE MONKEY,40.3447,-79.9399,Both,Bus,-26.35226995,50.66590645,Attractor,0.31568699281745133
E70343,3.1636365,6.7886365,STRANAHAN ST AT OBERLIN ST,40.4617,-79.8899,Inbound,Bus,-3.625,9.952273,Attractor,0.4660194282018193
E14250,1.015909045,15.915909500000001,CHISLETT ST AT VILLANOVA RD,40.4823,-79.9278,Outbound,Bus,-14.900000455,16.931818545000002,Attractor,0.06382978270893032
X02300,2.2295456500000004,9.902275,BOWER HILL RD AT RALSTON PL,40.3864,-80.0477,Both,Bus,-7.672729349999999,12.13182065,Attractor,0.22515489117399795
E53170,24.770455,2.1977275,STANTON AVE AT WOODBINE ST,40.4818,-79.9395,Inbound,Bus,22.5727275,26.968182499999998,Generator,11.270940096076515
N06930,0.025,0.543181818181818,BABCOCK BLVD AT WINCHESTER DR,40.5659,-80.0164,Outbound,Bus,-0.518181818181818,0.568181818181818,Attractor,0.046025104602510476
E49390,14.872727,10.763635944999999,ROSS AVE AT CENTER ST,40.442,-79.8825,Both,Bus,4.109091055,25.636362945,Generator,1.3817567851603885
E41180,10.359091,50.811365,MURRAY AVE AT FORBES AVE,40.4383,-79.923,Outbound,Bus,-40.452274,61.170456,Attractor,0.20387350349670785
S30720,13.695454545454545,60.40454545454547,LYSLE BLVD AT MARKET ST FS,40.3513,-79.8662,Both,Bus,-46.709090909090925,74.10000000000002,Attractor,0.22672887350440207
N35890,0.3681818,0.0,MT ROYAL BLVD AT HARTLE RD,40.5413,-79.9723,Inbound,Bus,0.3681818,0.3681818,Generator,
W70015,0.022727275,0.35454545,CLEVER RD AT FIELD CLUB DR,40.4689,-80.1264,Outbound,Bus,-0.331818175,0.377272725,Attractor,0.06410257133464836
N45940,1.2,0.175,RIDGE AVE AT GALVESTON AVE,40.4502,-80.0155,Inbound,Bus,1.025,1.375,Generator,6.857142857142858
E70786,6.931818,4.534091,DEVILLIERS ST AT WEBSTER AVE,40.4458,-79.9819,Inbound,Bus,2.3977269999999997,11.465909,Generator,1.5288219843845214
S70454,0.64545455,2.9,BROWNSVILLE RD OPP WILHELM AVE,40.3251,-79.9877,Both,Bus,-2.25454545,3.5454545499999996,Attractor,0.22257053448275863
S14780,0.18636363636363623,0.8363636363636362,DUQUESNE BLVD AT CAMP AVE,40.3694,-79.8428,Both,Bus,-0.6499999999999999,1.0227272727272725,Attractor,0.22282608695652162
E70209,4.26136345,15.22499985,EAST LIBERTY BLVD OPP DAHLEM PL,40.4585,-79.9166,Inbound,Bus,-10.963636399999999,19.4863633,Attractor,0.2798925117887604
S70644,0.6818182,0.7272727,MIFFLIN RD AT MOONEY RD FS,40.3791,-79.9241,Inbound,Bus,-0.04545449999999995,1.4090909,Attractor,0.9375000601562523
N45905,0.1681818,2.5886365,RIDGE AVE OPP BRIGHTON RD,40.4505,-80.0136,Outbound,Bus,-2.4204546999999996,2.7568183,Attractor,0.06496926084446387
S23910,3.8522724999999998,1.918182,HWY RT 51 AT LEWIS RUN RD,40.321,-79.9421,Inbound,Bus,1.9340904999999997,5.7704545,Generator,2.0082935300195706
S05560,3.6977275,0.9227275,BAUSMAN ST AT ROMEYN ST,40.4143,-79.9922,Inbound,Bus,2.775,4.620455,Generator,4.007388421825512
E70396,9.1454545,0.7431818,MOSSFIELD ST OPP AZURE ST FS,40.4721,-79.9345,Inbound,Bus,8.4022727,9.8886363,Generator,12.305810637451025
S25680,0.09318180000000001,0.96136365,IRVINE ST OPP MOBILE ST,40.4161,-79.9468,Outbound,Bus,-0.86818185,1.05454545,Attractor,0.09692669366061428
E36050,0.147727275,6.734090700000001,LINCOLN AVE OPP ARBOR ST,40.466,-79.8978,Outbound,Bus,-6.586363425000001,6.8818179750000015,Attractor,0.021937226803315845
E35830,74.23409000000001,3.64999985,LINCOLN AVE AT LEMINGTON AVE,40.4688,-79.896,Inbound,Bus,70.58409015000001,77.88408985000001,Generator,20.338107685127717
X70021,74.252275,5.2272725,BROOKLINE BLVD AT PIONEER AVE,40.3961,-80.0232,Inbound,Bus,69.0250025,79.4795475,Generator,14.20478366107755
N17882,5.743182,2.5545455,EAST ST OPP VENTURE ST,40.4851,-80.0094,Outbound,Bus,3.1886365,8.2977275,Generator,2.2482206717398454
S34965,0.23636365,0.07272727500000001,8TH AVE OPP HILLTOP ST,40.4078,-79.8916,Inbound,Bus,0.163636375,0.309090925,Generator,3.250000085937497
N20925,10.64772727272725,7.963636363636365,FREEPORT RD AT CENTER AVE (BLAWNOX),40.4921,-79.8649,Inbound,Bus,2.6840909090908855,18.611363636363613,Generator,1.3370433789954308
E15490,1.8181818181818201,0.6840909090909091,COREY AVE AT CENTER ST,40.4061,-79.8663,Inbound,Bus,1.134090909090911,2.502272727272729,Generator,2.6578073089701024
N49490,0.1909091,7.5863635,SHADELAND AVE AT ETOLA ST FS,40.4797,-80.0342,Outbound,Bus,-7.3954544,7.7772726,Attractor,0.025164770973602833
W70044,1.6704545,0.1909091,JEFFERSON DR AT MCCOY RD,40.4797,-80.0785,Both,Bus,1.4795454,1.8613636,Generator,8.749999345238127
S27390,2.6886363,18.8568165,KENNYWOOD BLVD AT GLENN ST,40.3907,-79.8693,Outbound,Bus,-16.168180200000002,21.5454528,Attractor,0.1425816653622312
E40100,0.0,0.909090909090909,MONROEVILLE BLVD OPP BOSSES DR,40.4282,-79.7874,Outbound,Bus,-0.909090909090909,0.909090909090909,Attractor,0.0
S23130,0.0,0.0,HOMEVILLE RD OPP MUNICIPAL RD,40.3736,-79.8737,Inbound,Bus,0.0,0.0,Balanced,
E11190,0.097727275,16.26818,BRYANT ST AT ST CLAIR ST,40.4761,-79.9209,Outbound,Bus,-16.170452725,16.365907275,Attractor,0.00600726541014422
N45620,0.0,0.0,REMINGTON DR AT WALDWICK DR,40.5541,-80.0075,Inbound,Bus,0.0,0.0,Balanced,
S35233,2.743182,1.2659090750000002,MOUNTAINVIEW DR AT CENTURY DR FS,40.3466,-79.9515,Inbound,Bus,1.4772729249999998,4.009091075000001,Generator,2.166966059548945
N40240,4.804545454545455,1.24090909090909,OHIO RIVER BLVD OPP KENDALL AVE,40.4863,-80.0542,Inbound,Bus,3.5636363636363644,6.045454545454545,Generator,3.8717948717948745
E43190,1.0,44.59545454545455,OLD WILLIAM PENN HWY OPP BEATTY RD,40.4403,-79.7423,Outbound,Bus,-43.59545454545455,45.59545454545455,Attractor,0.022423810009173373
X13570,13.284089999999999,0.220454545,PIONEER AVE AT METZ WAY,40.4001,-80.0202,Inbound,Bus,13.063635454999998,13.504544545,Generator,60.25772795929428
S03950,2.7545455,4.675,ALICE ST AT CAMFIELD ST,40.4103,-79.9976,Both,Bus,-1.9204545,7.4295455,Attractor,0.5892075935828877
E39300,35.64318,62.334089999999996,MILLVALE AVE AT CENTRE AVE FS,40.4537,-79.9474,Inbound,Bus,-26.690909999999995,97.97727,Attractor,0.57180878071694
E39320,31.372725000000003,3.5363635,MILLVALE AVE AT CYPRESS ST,40.4588,-79.947,Outbound,Bus,27.836361500000002,34.9090885,Generator,8.871464995043638
S33650,1.22954545,0.865909075,MELLON ST AT HIGHLAND AVE,40.3631,-79.859,Both,Bus,0.363636375,2.095454525,Generator,1.4199475274006108
S39980,5.706818,1.0318182,PROVOST RD AT FRANK ST FS,40.3688,-79.9942,Inbound,Bus,4.6749998,6.7386362,Generator,5.530836730734155
W14240,0.0,1.03409090909091,CORAOPOLIS RD AT DOROTHY ST,40.4831,-80.1072,Both,Bus,-1.03409090909091,1.03409090909091,Attractor,0.0
E20565,13.459090499999999,20.113637500000003,FRANKSTOWN AVE AT OAKWOOD ST,40.4551,-79.8862,Outbound,Bus,-6.654547000000004,33.572728,Attractor,0.669152484228673
E02910,4.677272500000001,3.3931820000000004,ADELAIDE ST AT MILWAUKEE ST,40.4545,-79.9605,Inbound,Bus,1.2840905000000005,8.0704545,Generator,1.3784325450270574
E70065,0.18863635,0.045454545,WILDWOOD AVE AT #444,40.5037,-79.8412,Inbound,Bus,0.143181805,0.23409089500000002,Generator,4.149999741499998
W23091,0.0,2.0136365,SUMMIT PARK DR OPP #20,40.4529,-80.1934,Outbound,Bus,-2.0136365,2.0136365,Attractor,0.0
E04510,3.1295455,0.45454545,ATLANTIC AVE AT BROAD ST,40.4657,-79.9382,Inbound,Bus,2.67500005,3.5840909499999998,Generator,6.885000168850001
E21600,16.352273,1.113636345,FRANKSTOWN RD OPP HARVARD DR,40.4695,-79.8236,Inbound,Bus,15.238636655,17.465909345,Generator,14.683673960012504
N31360,9.347727500000001,12.854545000000002,LOWRIE ST OPP NIGGEL ST,40.4676,-79.9799,Both,Bus,-3.5068175000000004,22.202272500000003,Attractor,0.7271924054877088
W70168,0.0,0.047727275,NEVILLE RD AT #200,40.4926,-80.0802,Outbound,Bus,-0.047727275,0.047727275,Attractor,0.0
E32321,0.165909090909091,0.0,JAMES ST AT QUEEN DR,40.4219,-79.8031,Inbound,Bus,0.165909090909091,0.165909090909091,Generator,
E40290,9.472726999999999,0.71818185,MONTIER ST AT HERR ST,40.4473,-79.8697,Both,Bus,8.754545149999998,10.19090885,Generator,13.189872453613244
N13615,22.9795455,28.238635849999998,CEDAR AVE OPP SUISMON ST,40.455,-80.0023,Both,Bus,-5.2590903499999975,51.218181349999995,Attractor,0.8137625918640118
E55490,0.145454545,0.82272725,VERONA RD OPP GALETON DR,40.4904,-79.8361,Outbound,Bus,-0.677272705,0.968181795,Attractor,0.17679558444186697
E21220,4.402272545,28.529545,FRANKSTOWN RD AT PARKRIDGE DR,40.4708,-79.8214,Outbound,Bus,-24.127272455,32.931817545,Attractor,0.1543057397164939
N14910,0.11590910000000001,0.9022727500000001,CHATEAU ST AT SHEFFIELD ST,40.4527,-80.0279,Outbound,Bus,-0.7863636500000001,1.0181818500000002,Attractor,0.12846348291023973
N21790,0.20681818181818176,1.7272727272727266,FREEPORT RD AT ROWE'S CROSSING,40.5836,-79.7778,Outbound,Bus,-1.5204545454545448,1.9340909090909084,Attractor,0.11973684210526317
N50410,0.70227275,0.120454545,SPRING GARDEN AVE AT OLD HONESTY ST,40.4622,-79.9872,Inbound,Bus,0.581818205,0.822727295,Generator,5.830188889925242
E32299,0.32727275,0.5954545499999999,JAMES ST AT #530,40.4108,-79.8188,Outbound,Bus,-0.2681817999999999,0.9227272999999999,Attractor,0.5496183545830661
X01995,0.097727275,7.006818,BOGGS AVE OPP PAUL ST,40.4225,-80.0101,Outbound,Bus,-6.909090725,7.1045452749999995,Attractor,0.013947454465065312
N21110,0.3227272727272725,0.0,FREEPORT RD AT FAIRMONT AVE,40.6222,-79.727,Inbound,Bus,0.3227272727272725,0.3227272727272725,Generator,
W70131,9.068182,0.8045454500000001,STEUBENVILLE PIKE OPP HIGHTOWER BLVD,40.4477,-80.1552,Inbound,Bus,8.26363655,9.872727450000001,Generator,11.271186730345686
S23970,7.265909499999999,1.7954547499999998,HWY RT 51 AT NURNBERGER DR,40.3523,-79.9776,Inbound,Bus,5.47045475,9.061364249999999,Generator,4.046835209854216
S47240,0.23863635,0.0,WALNUT ST AT LARCH ST FS,40.3184,-79.834,Inbound,Bus,0.23863635,0.23863635,Generator,
W23196,10.2954545,0.29090910000000003,SWALLOW HILL RD OPP THE KNOLLS,40.3872,-80.0737,Inbound,Bus,10.0045454,10.5863636,Generator,35.39062373779301
W70121,2.2931818181818198,22.2159090909091,MANSFIELD BLVD OPP JEFFERSON ST (CARNEGIE STATION,40.4061,-80.0898,Outbound,Bus,-19.92272727272728,24.509090909090922,Attractor,0.10322250639386192
W01860,0.42272725,1.834091,BERRY ST AT WINDGAP AVE,40.4479,-80.0684,Outbound,Bus,-1.41136375,2.25681825,Attractor,0.23048324755969035
W10680,5.6,14.877270900000001,JEFFERS ST AT #1331,40.4529,-80.0655,Both,Bus,-9.277270900000001,20.4772709,Attractor,0.3764131229202796
S40010,5.9681820000000005,0.07272727500000001,PROVOST RD AT MULBERRY CT,40.363,-79.9922,Inbound,Bus,5.8954547250000005,6.040909275000001,Generator,82.06249993554688
S28020,3.261363775,0.647727295,LEBANON CHURCH RD AT PLEASANT ST,40.3537,-79.9015,Inbound,Bus,2.61363648,3.90909107,Generator,5.035087760196982
S14340,5.54318181818182,5.295454545454545,DESIDERIO BLVD AT WASHINGTON AVE,40.287,-79.8947,Both,Bus,0.2477272727272748,10.838636363636365,Generator,1.0467811158798288
X08847,0.0,0.1659091,KANE BLVD OPP DAVIS ST,40.3781,-80.0914,Outbound,Bus,-0.1659091,0.1659091,Attractor,0.0
N12870,2.2477272727272735,47.76363636363641,CALIFORNIA AVE AT HOME AVE,40.4986,-80.0617,Outbound,Bus,-45.51590909090913,50.01136363636368,Attractor,0.04705938332698893
E70379,0.145454545,2.57727285,LEECHBURG RD OPP RICHEY DR,40.4862,-79.8148,Outbound,Bus,-2.431818305,2.7227273949999997,Attractor,0.05643738690686164
N43960,46.35682,3.709091,PERRYSVILLE AVE OPP FRANKLIN RD,40.4903,-80.0187,Inbound,Bus,42.647729,50.065911,Generator,12.498161948574461
E23590,10.15,15.397727,FRIENDSHIP AVE AT PEARL ST,40.4636,-79.9491,Outbound,Bus,-5.247726999999999,25.547727000000002,Attractor,0.6591882035575771
N20940,2.754545454545455,5.64090909090909,FREEPORT RD AT CENTER AVE (BLAWNOX),40.4918,-79.8651,Outbound,Bus,-2.886363636363635,8.395454545454545,Attractor,0.4883158742949236
E35480,57.772728,54.372724000000005,LIBERTY AVE OPP 21ST ST FS,40.4513,-79.9821,Outbound,Bus,3.4000039999999956,112.145452,Generator,1.0625314266027943
N53510,134.961365,50.995453000000005,WATERWORKS MALL AT WALMART,40.4879,-79.8885,Inbound,Bus,83.965912,185.956818,Generator,2.646537231466499
E19610,530.8772749999999,1218.847761,FORBES AVE AT MOREWOOD AVE FS (CARNEGIE MELL,40.4447,-79.9438,Both,Bus,-687.970486,1749.7250359999998,Attractor,0.4355566724464779
N49500,6.6113634999999995,0.5954545499999999,SHADELAND AVE AT GEYER AVE,40.4749,-80.032,Inbound,Bus,6.01590895,7.206818049999999,Generator,11.10305312135074
S33262,109.1090909090909,159.98181818181808,MCKEESPORT TRANSPORTATION CENT AT BAY #2,40.3523,-79.8606,Both,Bus,-50.87272727272719,269.090909090909,Attractor,0.6820093192408232
W23181,0.0,0.075,SWALLOW HILL RD AT CHARTIERS VALLEY SCHOOL DRVWY,40.3964,-80.0771,Outbound,Bus,-0.075,0.075,Attractor,0.0
W14210,3.6795455,0.6590909,MIDDLETOWN RD AT BERRY ST,40.4486,-80.063,Inbound,Bus,3.0204546,4.3386364,Generator,5.582758766658742
E70431,0.04545455,0.0,HULTON RD OPP LINCOLN AVE,40.5251,-79.814,Inbound,Bus,0.04545455,0.04545455,Generator,
X02060,3.009091,0.07272727500000001,BOWER HILL RD AT CLEMSON DR,40.3724,-80.0765,Inbound,Bus,2.936363725,3.0818182750000003,Generator,41.37499995703125
N54790,2.0954544999999998,1.09772725,WURZELL AVE AT BURGESS ST,40.4687,-80.0042,Outbound,Bus,0.9977272499999998,3.19318175,Generator,1.9089026896253145
E70035,0.30227275,3.9022725000000005,ALLEGHENY AVE OPP ANN ST,40.5202,-79.8428,Outbound,Bus,-3.5999997500000003,4.204545250000001,Attractor,0.07746069758070456
N08470,0.3954545454545455,2.679545454545455,BEAVER ST AT OAK DR,40.5624,-80.2039,Outbound,Bus,-2.2840909090909096,3.0750000000000006,Attractor,0.1475826972010178
E52980,0.9727275,3.934091,STANTON AVE OPP DEMARILLAC HOME,40.4768,-79.9324,Outbound,Bus,-2.9613635,4.9068185,Attractor,0.2472559734891745
E15080,1.7204545,5.9863634999999995,COLUMBO ST AT #5134,40.4698,-79.9402,Outbound,Bus,-4.265909,7.706817999999999,Attractor,0.2873955950052148
N71237,0.0,0.8818182,10TH AVE AT GARFIELD ST,40.6068,-79.7531,Outbound,Bus,-0.8818182,0.8818182,Attractor,0.0
N08350,1.8909090000000002,1.6886364999999999,BEAVER ST AT GRANT ST,40.5438,-80.1855,Inbound,Bus,0.2022725000000003,3.5795455,Generator,1.1197845125342252
N39780,0.9363636363636365,3.736363636363635,OHIO RIVER BLVD AT HAZELWOOD AVE,40.5122,-80.1037,Outbound,Bus,-2.7999999999999985,4.672727272727272,Attractor,0.25060827250608286
E41870,48.290905,7.009091,NEGLEY AVE AT MARGARETTA ST,40.4679,-79.9281,Inbound,Bus,41.281814000000004,55.299996,Generator,6.8897528937775245
E42860,11.954545,5.7954545,OAKWOOD ST AT FRANKSTOWN AVE,40.455,-79.8859,Inbound,Bus,6.1590905,17.7499995,Generator,2.0627450357862354
W70111,0.5318182,0.1681818,MCCOY RD AT ISLAND AVE,40.4758,-80.0654,Inbound,Bus,0.3636364,0.7,Generator,3.162162612125688
E70263,0.0,0.23863635,MT CARMEL RD AT VERONA RD,40.4657,-79.8656,Outbound,Bus,-0.23863635,0.23863635,Attractor,0.0
X02150,0.0,1.1954544999999999,BOWER HILL RD AT KANE BLVD,40.3718,-80.0824,Outbound,Bus,-1.1954544999999999,1.1954544999999999,Attractor,0.0
X15590,3.059091,0.022727275,RUTLEDGE ST AT REPUBLIC ST,40.4403,-80.0254,Inbound,Bus,3.036363725,3.081818275,Generator,134.59999054000093
N32840,5.35909090909091,0.17272727272727273,MCKNIGHT RD AT PERRYMONT RD,40.5583,-80.0236,Inbound,Bus,5.186363636363637,5.531818181818183,Generator,31.026315789473692
E20030,3.5977272727272753,0.0,FOREST AVE AT 6TH ST,40.3868,-79.7576,Inbound,Bus,3.5977272727272753,3.5977272727272753,Generator,
E70258,0.940909,0.6318182,ROBINSON BLVD OPP DOUGLASS DR,40.456,-79.8639,Outbound,Bus,0.3090908,1.5727272,Generator,1.4892084463537139
X20050,38.56136363636365,11.95454545454545,WEST LIBERTY AVE AT ILLINOIS AVE,40.3952,-80.034,Inbound,Bus,26.606818181818202,50.515909090909105,Generator,3.225665399239546
E01930,28.334091,75.8750025,FIFTH AVE OPP COLLEGE ST,40.4511,-79.9259,Both,Bus,-47.54091149999999,104.2090935,Attractor,0.3734311705623997
P02320,697.7704535,191.786361,LIBERTY AVE AT TITO WAY,40.4428,-79.9986,Both,Bus,505.98409250000003,889.5568145,Generator,3.638269425738778
E06970,10.79318,4.915909,BENTLEY DR AT #1785,40.4402,-79.9767,Inbound,Bus,5.8772709999999995,15.709088999999999,Generator,2.1955613905790363
W08135,3.211363636363635,13.943181818181799,GREENTREE RD AT WARRIORS RD,40.4243,-80.0433,Outbound,Bus,-10.731818181818163,17.154545454545435,Attractor,0.23031784841075817
E17290,148.74318499999998,43.859092245,EAST BUSWAY AT HAY ST RAMP OUTBOUND SHELTER,40.4428,-79.887,Both,Busway,104.88409275499998,192.60227724499998,Generator,3.391387677818547
E39370,13.809090000000001,1.881818,MILLVALE AVE AT YEW ST,40.4583,-79.9474,Outbound,Bus,11.927272000000002,15.690908,Generator,7.338164477117341
E70937,11.6772725,16.275,CENTRE AVE AT ROBERTS ST,40.4421,-79.9833,Outbound,Bus,-4.597727499999998,27.9522725,Attractor,0.7174975422427037
P03315,347.7591,1202.3091,STANWIX ST AT FOURTH AVE (PPG PLACE),40.4403,-80.0044,Inbound,Bus,-854.55,1550.0682,Attractor,0.2892426747830487
S01395,9.05681818181818,25.395454545454562,2ND ST AT SR CITIZEN HI-RISE,40.3739,-79.8476,Both,Bus,-16.338636363636382,34.45227272727274,Attractor,0.3566314659029888
S14760,10.861363636363635,23.427272727272737,DUQUESNE BLVD AT MILLER AVE,40.384,-79.86,Both,Bus,-12.565909090909102,34.28863636363637,Attractor,0.46362048894062835
E36145,1.315909090909091,13.675,LINCOLN HWY AT 5TH AVE EXT NS,40.3812,-79.8122,Outbound,Bus,-12.35909090909091,14.990909090909092,Attractor,0.09622735582516204
N15528,0.4,0.1181818,CONNIE DR OPP #110,40.5001,-80.0281,Inbound,Bus,0.2818182,0.5181818,Generator,3.384615905325524
E32742,11.052273,5.4522729000000005,JOHNSTON AVE AT GERTRUDE ST,40.4066,-79.9413,Both,Bus,5.600000099999999,16.5045459,Generator,2.027094608562238
E70738,1.7590909090909101,5.94090909090909,ALPHA DR E AT FREEPORT RD FS,40.5394,-79.8306,Outbound,Bus,-4.18181818181818,7.699999999999999,Attractor,0.2960979342004593
W13330,0.625,0.15,MCCOY RD AT #1044,40.4766,-80.0968,Inbound,Bus,0.475,0.775,Generator,4.166666666666667
E10740,0.575,0.07045454545454545,BROADWAY BLVD OPP VALLEY RD NS,40.3979,-79.7919,Outbound,Bus,0.5045454545454545,0.6454545454545454,Generator,8.161290322580646
N12850,4.8295455,5.7,CALIFORNIA AVE AT HALSEY PL FS,40.4638,-80.0321,Both,Bus,-0.8704545000000001,10.529545500000001,Attractor,0.8472886842105263
E12230,6.9704545,64.65682000000001,BUTLER ST OPP 50TH ST (STANTON AVE),40.4779,-79.9561,Outbound,Bus,-57.68636550000001,71.62727450000001,Attractor,0.10780694905811945
N22380,0.31818182,4.265909275,FREEPORT RD OPP GLASSMERE GAS STATION,40.5602,-79.7726,Outbound,Bus,-3.9477274550000003,4.584091095000001,Attractor,0.07458710429325761
W08223,0.0,6.7,GREENTREE RD OPP FOREST DR,40.4056,-80.0542,Outbound,Bus,-6.7,6.7,Attractor,0.0
W14495,0.23181820000000003,2.481818,MIDDLETOWN RD AT WYNETTE ST,40.4512,-80.0679,Outbound,Bus,-2.2499998,2.7136362000000003,Attractor,0.09340660757557566
E20310,11.220454499999999,9.779545500000001,FRANKSTOWN AVE AT 5TH AVE,40.4587,-79.9082,Outbound,Bus,1.4409089999999978,21.0,Generator,1.1473390557874084
N71238,0.0,0.66136365,10TH AVE AT SUMMIT ST,40.6076,-79.7518,Outbound,Bus,-0.66136365,0.66136365,Attractor,0.0
E21060,2.0772725000000003,16.25,FRANKSTOWN RD AT HARVARD DR FS,40.4694,-79.8236,Outbound,Bus,-14.1727275,18.3272725,Attractor,0.12783215384615387
E52910,0.33409089999999997,1.95,STANTON AVE AT STEPS,40.4778,-79.9476,Outbound,Bus,-1.6159091,2.2840909,Attractor,0.17132866666666666
S19330,4.334091,1.8386365,GEARING AVE AT FREELAND ST,40.4183,-80.0053,Inbound,Bus,2.4954545,6.1727275,Generator,2.357231024185585
E70300,0.6409091,0.40227274999999996,BRYN MAWR RD OPP ANDOVER TERR,40.4503,-79.9571,Outbound,Bus,0.23863635000000005,1.0431818499999999,Generator,1.5932202715694763
E58010,13.545455,13.427275,WILNER DR OPP #2278,40.4541,-79.8692,Both,Bus,0.11818000000000062,26.97273,Generator,1.0088014880159972
S70266,69.41136363636365,34.1159090909091,BRENTWOOD LOOP TERMINUS,40.3806,-79.9763,Both,Bus,35.29545454545455,103.52727272727275,Generator,2.0345746452601423
N52310,0.0,1.3886365,THOMPSON RUN RD OPP CHERRINGTON DR,40.5365,-79.9903,Outbound,Bus,-1.3886365,1.3886365,Attractor,0.0
N51060,0.0,0.6113636363636366,SPRINGFIELD DR AT PEEBLES RD,40.5796,-79.9947,Outbound,Bus,-0.6113636363636366,0.6113636363636366,Attractor,0.0
S16430,11.7227285,4.0522730000000005,E CARSON ST AT S 7TH ST,40.4287,-79.9921,Inbound,Bus,7.6704555,15.775001500000002,Generator,2.8928772814664754
W19447,0.0,1.2,ORCHARD SPRING RD AT #252,40.395,-80.0683,Outbound,Bus,-1.2,1.2,Attractor,0.0
E70815,31.890909999999998,70.838635,HIGHLAND AVE AT ELLSWORTH AVE STEPS,40.459,-79.925,Outbound,Bus,-38.947725,102.729545,Attractor,0.45019091629871183
W11716,0.0,0.0,LINDSAY RD OPP #509,40.3822,-80.0858,Inbound,Bus,0.0,0.0,Balanced,
E05470,0.190909090909091,0.04772727272727275,BEATTY RD OPP COLLEGE PARK DR,40.4418,-79.7431,Inbound,Bus,0.14318181818181824,0.23863636363636376,Generator,4.0
E36040,14.143182499999998,1.0477275,LINCOLN AVE OPP APPLE ST,40.4648,-79.8989,Inbound,Bus,13.095454999999998,15.190909999999999,Generator,13.498913123880016
S05430,0.022727275,3.818182,BAPTIST RD OPP LACHMAN DR,40.3557,-80.0028,Outbound,Bus,-3.7954547250000004,3.840909275,Attractor,0.005952381264172321
E21190,4.1386365000000005,15.395454999999998,FRANKSTOWN RD AT ORIN ST,40.4648,-79.8532,Outbound,Bus,-11.256818499999998,19.5340915,Attractor,0.26882196726241614
E70863,5.231818,0.0681818,TILBURY AVE AT WALDRON ST,40.4316,-79.9181,Inbound,Bus,5.1636362,5.299999799999999,Generator,76.73335112889363
S38680,0.145454545,7.256818,PENNSYLVANIA AVE AT TAFT AVE,40.3621,-79.8617,Outbound,Bus,-7.111363455,7.402272545,Attractor,0.020043846352492234
W24330,0.4590909090909092,1.918181818181818,WASHINGTON AVE AT PRESTLEY RD,40.3627,-80.1105,Outbound,Bus,-1.4590909090909088,2.377272727272727,Attractor,0.23933649289099534
S39570,13.606818500000001,299.3909125,SOUTH BUSWAY AT STATION SQUARE,40.4318,-80.0037,Inbound,Busway,-285.78409400000004,312.997731,Attractor,0.04544833504256747
N39010,0.0,0.0,NORTHGATE DR AT #9396,40.5764,-79.9906,Outbound,Bus,0.0,0.0,Balanced,
S70529,0.40227274999999996,3.8886364999999996,CUSTER AVE OPP SPENCER AVE,40.3931,-79.9762,Outbound,Bus,-3.4863637499999998,4.2909092499999995,Attractor,0.1034482780789616
S40060,5.2272725,0.05,PROVOST RD AT SHADOW DR FS,40.3708,-79.9945,Inbound,Bus,5.1772725,5.2772725,Generator,104.54544999999999
S70272,4.718182,7.1454545,SHADY DR E AT MT LEBANON STATION,40.3818,-80.0431,Both,Bus,-2.4272725,11.863636499999998,Attractor,0.6603053731571589
N42810,2.22045435,6.05454525,PERRY HWY AT WEST VIEW AVE,40.5001,-80.0218,Outbound,Bus,-3.8340909000000005,8.274999600000001,Attractor,0.3667417218493824
N15523,0.025,0.0,CONNIE DR OPP MULKERIN DR,40.4984,-80.0232,Inbound,Bus,0.025,0.025,Generator,
S70563,11.525,10.9295455,WEST MIFFLIN GARAGE TERMINAL -,40.3624,-79.9295,Both,Bus,0.5954545000000007,22.454545500000002,Generator,1.054481176733287
N14690,3.1295455,0.35,N CHARLES ST OPP CROSS ST,40.4652,-80.0207,Inbound,Bus,2.7795455,3.4795455,Generator,8.94155857142857
E70985,1.240909,1.5477275000000001,BLAIR ST AT SECOND AVE FS,40.4271,-79.9557,Outbound,Bus,-0.3068185000000001,2.7886365,Attractor,0.801761938067263
N08810,1.9977272727272752,0.26136363636363646,BEAVER ST OPP OAK DR,40.5625,-80.2041,Inbound,Bus,1.7363636363636388,2.2590909090909115,Generator,7.643478260869572
S34330,0.647727275,0.047727275,MIFFLIN RD OPP LEBANON RD FS,40.3796,-79.9254,Inbound,Bus,0.6000000000000001,0.69545455,Generator,13.571427972789145
W70152,0.24545454500000002,0.097727275,CORAOPOLIS RD AT #333,40.503,-80.127,Both,Bus,0.14772727000000002,0.34318182,Generator,2.511627843915632
S13800,4.74318181818182,7.1113636363636346,CRAWFORD AVE AT WOOL ALLEY,40.3634,-79.8504,Inbound,Bus,-2.3681818181818146,11.854545454545455,Attractor,0.6669862575902848
E03320,22.861365,0.9090909,ALLEGHENY RIVER BLVD AT CENTER AVE,40.5068,-79.8429,Inbound,Bus,21.9522741,23.770455899999998,Generator,25.147501751475016
N38570,12.05227272727275,4.48409090909091,NORTH AVE AT GRANT AVE,40.4812,-79.9748,Inbound,Bus,7.5681818181818405,16.53636363636366,Generator,2.6877850988342673
E70026,0.3409091,0.222727275,ALLEGHENY AVE AT ANN ST NS,40.5203,-79.8429,Inbound,Bus,0.11818182500000002,0.563636375,Generator,1.5306122700957931
S19350,5.4613635,1.681818,GEARING AVE AT SYLVANIA AVE,40.4173,-80.0049,Inbound,Bus,3.7795455000000002,7.1431815,Generator,3.2472975672754125
E70017,1.672727272727275,0.5909090909090908,LINDEN AVE AT CABLE AVE,40.3998,-79.8356,Inbound,Bus,1.0818181818181842,2.263636363636366,Generator,2.830769230769235
E70279,6.5636365,0.022727275,UNIVERSAL RD AT ANTHON DR,40.464,-79.801,Inbound,Bus,6.540909225,6.586363775000001,Generator,288.79997712000227
W70154,0.07045454500000001,2.8590910000000003,GRAND AVE AT FRONTIER STEEL,40.5095,-80.1223,Outbound,Bus,-2.7886364550000002,2.9295455450000003,Attractor,0.02464228840565061
E34600,3.8136365,0.025,LEECHBURG RD AT AUBURN ST FS,40.4929,-79.7908,Inbound,Bus,3.7886365,3.8386365,Generator,152.54546
S21540,0.0,1.6727275000000001,GREENSPRINGS AVE OPP SPRING ST FS,40.3914,-79.8835,Outbound,Bus,-1.6727275000000001,1.6727275000000001,Attractor,0.0
X00580,0.375,0.74545455,BANKSVILLE RD AT FAMILY LINKS,40.4055,-80.0373,Outbound,Bus,-0.37045455000000005,1.12045455,Attractor,0.5030487774204343
E10480,0.1681818,1.9272725,WOLFE AVE OPP TURNER DR NS,40.408,-79.8494,Outbound,Bus,-1.7590907,2.0954543,Attractor,0.0872641518000179
E30600,1.490909,0.0,HWY RT 286 OPP KANE RD (YMCA),40.4581,-79.7084,Inbound,Bus,1.490909,1.490909,Generator,
E70963,2.679545454545454,2.39090909090909,6TH ST AT MARGARETTA ST,40.4042,-79.867,Outbound,Bus,0.2886363636363636,5.0704545454545435,Generator,1.120722433460076
X18560,4.2727275,0.18863635,VANADIUM RD AT ELMBROOK LN,40.3694,-80.0857,Inbound,Bus,4.08409115,4.461363850000001,Generator,22.650605251850983
E09390,1.3068181818181805,12.854545454545475,BRADDOCK AVE OPP GREENDALE AVE,40.4287,-79.8918,Outbound,Bus,-11.547727272727295,14.161363636363655,Attractor,0.1016619519094764
S02990,9.677273,5.3454545499999995,8TH AVE OPP GRANT ST,40.4093,-79.8985,Both,Bus,4.33181845,15.022727549999999,Generator,1.8103741991408384
S19270,0.125,1.1886363636363648,GARDENVILLE RD OPP CHARLOTTE DR,40.3458,-80.007,Outbound,Bus,-1.0636363636363648,1.3136363636363648,Attractor,0.10516252390057351
N13190,1.890909,0.16363634999999999,CALIFORNIA AVE OPP MARVISTA ST NS,40.4611,-80.0285,Inbound,Bus,1.72727265,2.0545453499999997,Generator,11.555555962962998
P01450,1.3477275,21.334090000000003,CHATHAM ST AT CENTRE AVE,40.4404,-79.9935,Inbound,Bus,-19.986362500000002,22.681817500000005,Attractor,0.06317248591339025
W14430,0.097727275,2.3886365,MIDDLETOWN RD AT #3206,40.4509,-80.067,Outbound,Bus,-2.290909225,2.486363775,Attractor,0.0409134144102713
E41971,33.23409,15.08409,NEGLEY AVE AT WALNUT ST,40.4521,-79.9311,Outbound,Bus,18.150000000000002,48.31818,Generator,2.203254554964867
W07610,4.990909,1.906818,GRAND AVE AT 4TH ST,40.5109,-80.1278,Inbound,Bus,3.0840910000000004,6.897727,Generator,2.617401870550834
W26360,1.204545454545455,1.975,W PROSPECT AVE OPP BERRY ST,40.4471,-80.0693,Outbound,Bus,-0.7704545454545451,3.179545454545455,Attractor,0.609896432681243
S21430,1.8454545,0.0,GREENSPRINGS AVE AT HIGH ST,40.3878,-79.8808,Inbound,Bus,1.8454545,1.8454545,Generator,
E10700,3.4659091,17.718181,BROADWAY BLVD AT PITCAIRN PARK BLDG,40.402,-79.7763,Outbound,Bus,-14.2522719,21.184090100000002,Attractor,0.19561314448701025
N31700,4.29090925,5.5659089999999996,MAIN ST OPP 17TH ST,40.4947,-79.9234,Outbound,Bus,-1.2749997499999992,9.85681825,Attractor,0.7709269501172227
N70176,0.07272727500000001,0.0,FOX CHAPEL RD AT #325 (O'HARA MUNICIPAL BUILDIN,40.4956,-79.8822,Inbound,Bus,0.07272727500000001,0.07272727500000001,Generator,
E29890,1.30227275,3.756818,HOMEWOOD AVE AT PENN AVE,40.4491,-79.9013,Inbound,Bus,-2.45454525,5.05909075,Attractor,0.3466424910655773
S27260,4.36590909090909,8.7,KENNEDY AVE AT AURILES ST,40.3705,-79.8525,Outbound,Bus,-4.334090909090909,13.06590909090909,Attractor,0.5018286311389759
W02555,8.436363499999999,21.211365,BROADHEAD-FORDING RD OPP W PROSPECT AVE NS,40.4486,-80.0822,Outbound,Bus,-12.775001500000002,29.6477285,Attractor,0.3977284583052528
E70742,1.27727275,1.1,SILVERTON ST OPP TILDEN ST,40.4634,-79.8918,Inbound,Bus,0.17727274999999998,2.3772727500000004,Generator,1.1611570454545455
E70992,7.6818185,11.1522725,WYLIE AVE AT FULLERTON ST,40.4419,-79.9891,Outbound,Bus,-3.470454,18.834091,Attractor,0.6888119439334002
X20240,0.33409089999999997,0.57272725,WEST LIBERTY AVE AT #2666,40.3976,-80.0283,Outbound,Bus,-0.23863635000000005,0.90681815,Attractor,0.5833333406084659
E55180,0.147727275,2.0704545,UNIVERSAL RD AT HAZEL RD FS,40.4612,-79.8129,Outbound,Bus,-1.9227272249999998,2.2181817749999997,Attractor,0.07135016731833518
E55090,0.0,0.0,UNIVERSAL RD AT #1048,40.4603,-79.8069,Outbound,Bus,0.0,0.0,Balanced,
X04320,0.0,0.022727275,CEDAR BLVD OPP #1269,40.3651,-80.062,Outbound,Bus,-0.022727275,0.022727275,Attractor,0.0
N26836,0.0,0.0,HULTON RD AT 9TH ST,40.5237,-79.8332,Inbound,Bus,0.0,0.0,Balanced,
N24110,14.179545454545455,3.1568181818181804,GRANT AVE AT WILSON ST,40.5042,-79.9492,Inbound,Bus,11.022727272727273,17.336363636363636,Generator,4.4917206623470145
S44755,14.104545454545454,7.418181818181818,ST CLAIR AVE AT 5TH ST,40.293,-79.8854,Both,Bus,6.686363636363636,21.522727272727273,Generator,1.9013480392156863
E25370,3.6363635,0.56136365,GREENFIELD AVE AT HOOSAC ST FS,40.4259,-79.9412,Inbound,Bus,3.0749998499999998,4.1977271499999995,Generator,6.477732393253464
S11420,0.79772725,8.2704545,CHARLES ST AT GEORGIA AVE,40.4164,-79.9952,Outbound,Bus,-7.472727249999999,9.068181749999999,Attractor,0.09645506785630706
E20510,2.97954535,4.7931815,FRANKSTOWN AVE AT LASCHALL ST,40.4583,-79.9063,Outbound,Bus,-1.8136361500000002,7.77272685,Attractor,0.6216216410749311
N13040,5.856818,1.0113634999999999,CALIFORNIA AVE OPP ST JOHN'S CHURCH,40.4679,-80.0353,Inbound,Bus,4.8454545,6.8681814999999995,Generator,5.791011836990361
W70116,2.211363636363635,1.7522727272727248,W PROSPECT AVE AT BERRY ST FS,40.4472,-80.0697,Inbound,Bus,0.4590909090909103,3.96363636363636,Generator,1.2619974059662786
E37980,11.704545454545455,1.361363636363635,MAIN ST AT CENTER AVE,40.3958,-79.8414,Inbound,Bus,10.34318181818182,13.06590909090909,Generator,8.597662771285485
E51531,1.5704544999999999,4.165909,SHADY AVE OPP BRAEBURN PL,40.4485,-79.9212,Inbound,Bus,-2.5954545,5.7363634999999995,Attractor,0.37697762961216863
N43030,303.22274500000003,15.049999999999999,PERRY HWY AT LOWER PARK AND RIDE LOT SHELTE,40.5088,-80.0294,Both,Bus,288.172745,318.27274500000004,Generator,20.147690697674424
E70965,0.21818182,1.1681818499999999,6TH ST AT MAIN ST,40.4082,-79.8581,Outbound,Bus,-0.9500000299999999,1.38636367,Attractor,0.18677042448485226
S30845,19.493181818181817,20.325000000000003,LYSLE BLVD AT LOCUST ST FS,40.3518,-79.8638,Both,Bus,-0.8318181818181856,39.81818181818182,Attractor,0.9590741361959072
N52150,0.0,0.7318182,THOMPSON RUN RD AT BERKLEY MEADOWS CT,40.5382,-79.9899,Outbound,Bus,-0.7318182,0.7318182,Attractor,0.0
S23530,4.4113635,1.33636365,HWY RT 51 AT BEALL DR,40.3554,-79.9794,Inbound,Bus,3.07499985,5.74772715,Generator,3.301020272438569
E52840,0.047727275,2.443182,STANTON AVE AT #4343,40.4805,-79.9425,Outbound,Bus,-2.395454725,2.4909092750000004,Attractor,0.01953488319740404
E37310,0.42954545,29.302275,LONG RD AT ROSEWOOD DR,40.4543,-79.8375,Outbound,Bus,-28.872729550000003,29.73182045,Attractor,0.014659116058394782
E26520,22.195455000000003,12.229545000000002,HAMILTON AVE AT HOMEWOOD AVE,40.4546,-79.8974,Inbound,Bus,9.965910000000001,34.425000000000004,Generator,1.8149043975062031
E17306,33.35681875,73.37727325,EAST BUSWAY AT HERRON STATION C,40.4592,-79.9671,Inbound,Busway,-40.0204545,106.734092,Attractor,0.4545933266878379
N50610,2.3863635,0.025,SPRING GARDEN AVE OPP BASIN ST,40.4604,-79.9904,Inbound,Bus,2.3613635,2.4113634999999998,Generator,95.45454
W70136,3.35,1.354545454545455,STEUBEN ST OPP FOSTER AVE,40.4384,-80.0697,Inbound,Bus,1.9954545454545451,4.704545454545455,Generator,2.4731543624161065
W10420,0.05,2.39318181818182,ISLAND AVE AT JOHN ST FS,40.4693,-80.0601,Outbound,Bus,-2.34318181818182,2.4431818181818197,Attractor,0.020892687559354212
S70516,0.0,0.3090909,AGNEW AVE AT BECKS RUN RD FS,40.3969,-79.9782,Outbound,Bus,-0.3090909,0.3090909,Attractor,0.0
E70265,4.3204545,10.481818,FRANKSTOWN AVE OPP BLACKADORE AVE,40.4554,-79.8836,Outbound,Bus,-6.1613635,14.8022725,Attractor,0.41218560558864886
S35610,0.19318180000000001,0.022727275,ARLINGTON AVE OPP WILLIAM ST NS,40.428,-79.9963,Inbound,Bus,0.17045452500000002,0.215909075,Generator,8.499998350000165
E08360,5.2659091,43.2681835,BLVD OF ALLIES AT WARD ST,40.4345,-79.9547,Both,Bus,-38.0022744,48.5340926,Attractor,0.121703955979571
S70632,1.09090909090909,1.71590909090909,COMMONWEALTH AVE AT OVERLAND AVE,40.3816,-79.8597,Outbound,Bus,-0.625,2.80681818181818,Attractor,0.6357615894039733
E15970,2.338636275,5.943181825,EAST LIBERTY BLVD AT HAMILTON AVE,40.4597,-79.9158,Outbound,Bus,-3.60454555,8.281818099999999,Attractor,0.3934990286116646
X04600,4.7386365,0.41818180000000005,COCHRAN RD AT ROBINWOOD DR,40.3909,-80.059,Inbound,Bus,4.3204547,5.1568183,Generator,11.331522557892285
E36370,1.5363635,0.0,LINCOLN HWY OPP FOSTER RD,40.3755,-79.7965,Inbound,Bus,1.5363635,1.5363635,Generator,
E17780,0.8045454545454545,1.468181818181816,EDGEWOOD TOWNE CENTRE AT LAUNDRY ROOM,40.4279,-79.8873,Both,Bus,-0.6636363636363616,2.2727272727272707,Attractor,0.547987616099072
W21965,2.25,20.522727272727252,STEUBEN ST AT INGRAM AVE,40.4403,-80.0798,Outbound,Bus,-18.272727272727252,22.772727272727252,Attractor,0.10963455149501672
E14010,8.063636500000001,19.75909,CENTRE AVE OPP MORGAN ST,40.4477,-79.9667,Inbound,Bus,-11.6954535,27.8227265,Attractor,0.40809756420968785
N43470,8.0727275,2.425,PERRYSVILLE AVE AT HAWKINS ST,40.4726,-80.0104,Inbound,Bus,5.647727499999999,10.4977275,Generator,3.328959793814433
E40190,0.3,0.047727275,MONROEVILLE-TRESTLE RD AT FOUR SEASONS,40.4701,-79.7548,Inbound,Bus,0.252272725,0.347727275,Generator,6.285713986394572
E35350,44.825,96.57727,LIBERTY AVE AT MATHILDA ST (WEST PENN HOSP),40.4606,-79.9469,Inbound,Bus,-51.752269999999996,141.40227,Attractor,0.46413612644051755
W70182,1.4977274999999999,5.8795455,CHARTIERS AVE AT SUTER ST,40.4581,-80.0754,Outbound,Bus,-4.381818,7.377273,Attractor,0.25473525121967333
N10610,3.384091,0.3409091,BRIGHTON RD AT RIDGE AVE,40.4507,-80.0135,Inbound,Bus,3.0431819,3.7250001000000004,Generator,9.926666668622222
S27560,11.375,1.081818181818182,KNOEDLER RD AT BROWNSVILLE RD,40.3417,-79.9848,Inbound,Bus,10.293181818181818,12.456818181818182,Generator,10.514705882352938
N32480,1.53863635,24.429544775,MCKNIGHT RD AT MR TIRE,40.5403,-80.012,Both,Bus,-22.890908425,25.968181125,Attractor,0.062982604226607
N36460,0.8613636499999999,8.5386365,MT ROYAL BLVD OPP CAMPBELL PL,40.5266,-79.9634,Outbound,Bus,-7.677272850000001,9.40000015,Attractor,0.10087836037990373
S20470,4.575,9.759090909090908,GRANT AVE AT 4TH ST FS,40.3726,-79.8494,Inbound,Bus,-5.184090909090908,14.334090909090907,Attractor,0.46879366557987895
W12260,10.347727272727269,16.402272727272752,MAIN ST AT CHESTNUT ST,40.4103,-80.0823,Outbound,Bus,-6.054545454545483,26.75000000000002,Attractor,0.6308715532769837
N08120,84.66591,12.404545,BEAVER AVE AT PENNSYLVANIA AVE,40.4535,-80.0291,Inbound,Bus,72.261365,97.070455,Generator,6.825394240578755
E37235,10.9,0.097727275,LONG RD AT DATURA DR,40.4624,-79.8339,Inbound,Bus,10.802272725,10.997727275,Generator,111.53488112709579
E10150,0.04772727272727275,0.04772727272727275,BRINTON RD AT DRIVEWAY,40.4326,-79.8728,Inbound,Bus,0.0,0.0954545454545455,Balanced,1.0
S24060,1.17954545,1.9840909,HWY RT 51 AT #2790,40.3783,-79.9899,Outbound,Bus,-0.80454545,3.16363635,Attractor,0.5945017186460559
N21910,7.1613635,1.3772726,FREEPORT RD AT S OAK HILL RD,40.489,-79.8769,Inbound,Bus,5.784090900000001,8.5386361,Generator,5.199670348484389
E20390,7.134091,3.0045454,FRANKSTOWN AVE AT EAST VIEW ST,40.4582,-79.9036,Inbound,Bus,4.1295456,10.1386364,Generator,2.3744327511243464
S70174,3.09090909090909,2.161363636363635,KENNEDY AVE AT 6TH ST,40.3708,-79.8506,Inbound,Bus,0.9295454545454551,5.252272727272725,Generator,1.4300736067297588
W13460,0.075,1.8659090909090899,MCCOY RD AT WARBLER DR,40.4805,-80.0909,Outbound,Bus,-1.79090909090909,1.9409090909090898,Attractor,0.040194884287454345
S70489,1.729545454545455,0.04772727272727275,CHURCHVIEW GARDEN APTS DRVWY AT CHURCHVIEW AVE,40.3856,-79.9405,Inbound,Bus,1.681818181818182,1.7772727272727278,Generator,36.23809523809523
S08930,40.011364,153.168185,BROWNSVILLE RD AT PARKFIELD ST,40.3915,-79.9867,Outbound,Bus,-113.156821,193.179549,Attractor,0.26122503181714923
N39980,1.0,0.1886363636363635,OHIO RIVER BLVD AT #4401 (OPP SPRING AVE STEPS),40.4888,-80.0578,Inbound,Bus,0.8113636363636365,1.1886363636363635,Generator,5.301204819277112
N22490,0.46818180000000004,2.8522730000000003,PITTSBURGH ST OPP MOYHEND ST,40.5417,-79.7761,Outbound,Bus,-2.3840912000000003,3.3204548000000003,Attractor,0.16414340422533186
E70897,5.6477275,24.654545,BELL AVE AT VERONA ST,40.4021,-79.8611,Outbound,Bus,-19.006817499999997,30.3022725,Attractor,0.22907449721745018
W19449,0.675,0.0,ORCHARD SPRING RD AT #29,40.3985,-80.0671,Inbound,Bus,0.675,0.675,Generator,
E37320,0.022727275,0.5090909,LONG RD AT SAYLONG DR,40.456,-79.836,Outbound,Bus,-0.486363625,0.5318181750000001,Attractor,0.04464286240433683
E32326,0.0,0.0,JAMES ST OPP SPEELMAN LN FS,40.4217,-79.798,Inbound,Bus,0.0,0.0,Balanced,
E28620,1.1840909,8.5477275,HAZELWOOD AVE AT #737,40.4199,-79.9317,Both,Bus,-7.3636366,9.7318184,Attractor,0.13852698275652797
N19450,19.6159085,28.0727255,FEDERAL ST OPP MONTGOMERY AVE FS,40.4544,-80.0063,Inbound,Bus,-8.456817000000001,47.688634,Attractor,0.6987532614173854
N21450,0.04772727272727275,0.0,FREEPORT RD AT MILE LOCK LN,40.6157,-79.7387,Inbound,Bus,0.04772727272727275,0.04772727272727275,Generator,
E70785,5.7704545,9.225,BEDFORD AVE OPP DEVILLIERS ST,40.4466,-79.9824,Inbound,Bus,-3.4545455,14.9954545,Attractor,0.6255235230352303
E42020,14.7522725,2.5636364499999997,NEGLEY AVE OPP RURAL ST,40.466,-79.9292,Inbound,Bus,12.18863605,17.31590895,Generator,5.7544323416060035
E08190,8.4204547,26.286361199999998,BLVD OF ALLIES AT JULIET ST,40.435,-79.9562,Both,Bus,-17.865906499999998,34.706815899999995,Attractor,0.32033550159084023
W08086,24.059090909090898,7.01818181818182,GREENTREE RD AT POCONO DR FS,40.4165,-80.045,Inbound,Bus,17.04090909090908,31.077272727272717,Generator,3.428108808290153
S00660,22.98181815,3.1113636,SECOND AVE AT S 10TH ST BRIDGE,40.4345,-79.9901,Outbound,Bus,19.870454549999998,26.09318175,Generator,7.386413516568748
S34110,26.45682,2.084091,MIFFLIN RD AT INTERBORO AVE FS,40.37,-79.9134,Inbound,Bus,24.372729,28.540911,Generator,12.694656807212354
N14580,1.0227275,2.4136365,N CHARLES ST AT KIMBERLIN WAY,40.4698,-80.014,Outbound,Bus,-1.390909,3.436364,Attractor,0.42372888378179563
X70065,0.19545454499999998,3.065909,WASHINGTON RD AT BOWER HILL RD FS,40.3868,-80.0438,Outbound,Bus,-2.870454455,3.261363545,Attractor,0.06375092835436406
X20590,2.98181818181818,0.07045454545454545,WINFIELD ST AT BANK ST,40.3504,-80.1046,Inbound,Bus,2.911363636363635,3.0522727272727255,Generator,42.32258064516127
E13745,33.184090499999996,16.25,CENTRE AVE AT ROBERTS ST,40.4423,-79.9831,Inbound,Bus,16.934090499999996,49.434090499999996,Generator,2.042097876923077
E14210,1.134090925,12.245454500000001,CHISLETT ST AT HAMPTON ST,40.477,-79.9295,Outbound,Bus,-11.111363575,13.379545425000002,Attractor,0.09261321619381296
E20782,8.2727275,8.2977275,FRANKSTOWN AVE OPP OAKWOOD ST,40.4551,-79.8858,Inbound,Bus,-0.025000000000000355,16.570455000000003,Attractor,0.9969871268970931
E03000,0.27272725,1.2954545499999999,AIRBRAKE AVE OPP 7TH ST,40.4017,-79.8195,Outbound,Bus,-1.0227273,1.5681817999999998,Attractor,0.21052629750692528
E48642,1.2568181999999999,2.8431819999999997,ROBERTS ST AT WYLIE AVE,40.4437,-79.9844,Outbound,Bus,-1.5863637999999998,4.100000199999999,Attractor,0.4420463410362052
E35990,26.122724999999996,5.2318184,LINCOLN AVE AT SHETLAND ST,40.4617,-79.9079,Inbound,Bus,20.890906599999994,31.354543399999997,Generator,4.993048879525328
P00740,1504.854535,732.0773,SIXTH AVE AT SMITHFIELD ST,40.4416,-79.9983,Both,Bus,772.7772349999999,2236.931835,Generator,2.055595133191536
S70371,10.275,10.30909090909091,MONONGAHELA AVE AT 8TH ST,40.3228,-79.8925,Outbound,Bus,-0.03409090909091006,20.58409090909091,Attractor,0.9966931216931216
S34150,3.7477272499999996,0.6568182,MIFFLIN RD AT MCBRIDE AVE NS,40.3692,-79.9103,Inbound,Bus,3.0909090499999996,4.40454545,Generator,5.7058821603908045
S06276,0.5568181999999999,8.0886365,BELTZHOOVER AVE AT ORCHARD PL,40.4178,-79.9972,Outbound,Bus,-7.531818299999999,8.6454547,Attractor,0.06883956276190678
S40070,0.53863635,0.025,PROVOST RD OPP WEYMAN RD,40.3757,-79.9939,Inbound,Bus,0.51363635,0.56363635,Generator,21.545454
E49270,40.725001,13.084090750000001,ROWLAND CONNECTOR OPP HIGHRISE,40.4406,-79.8875,Both,Bus,27.640910249999997,53.80909175,Generator,3.112558738558122
E40860,0.075,0.145454545,MT CARMEL RD AT PERSHING ST,40.4656,-79.8764,Outbound,Bus,-0.070454545,0.220454545,Attractor,0.5156250016113282
E70429,81.16817999999999,61.55,CENTRE AVE AT HILL HOUSE,40.4431,-79.9812,Inbound,Bus,19.618179999999995,142.71818,Generator,1.318735662063363
E45640,13.65,56.036365,PENN AVE AT 45TH ST,40.4662,-79.9518,Inbound,Bus,-42.386365000000005,69.68636500000001,Attractor,0.2435918175634697
E07915,6.8,2.0772725000000003,BIGELOW ST OPP TESLA ST,40.4193,-79.9362,Inbound,Bus,4.7227274999999995,8.8772725,Generator,3.273523334083515
X01905,4.4227275,1.3840909,BOGGS AVE AT LELIA ST,40.4218,-80.0103,Inbound,Bus,3.0386366,5.806818399999999,Generator,3.1954024840420523
S70265,0.545454545,5.2886366,S 21ST ST AT SIDNEY ST,40.4293,-79.9761,Outbound,Bus,-4.743182055,5.834091145,Attractor,0.10313708168188375
S10600,0.675,3.3954545,CAMFIELD ST AT CALLE ST,40.4079,-79.9983,Both,Bus,-2.7204544999999998,4.0704545,Attractor,0.198795183384139
N37090,0.81136365,0.0,MT TROY RD OPP #2840,40.4768,-79.9878,Inbound,Bus,0.81136365,0.81136365,Generator,
X00760,0.9704545450000001,1.9,BANKSVILLE RD AT CARNAHAN RD,40.4071,-80.0342,Outbound,Bus,-0.9295454549999999,2.870454545,Attractor,0.51076555
N33700,0.0,0.0681818,METROPOLITAN ST AT BRANCHPORT ST,40.4587,-80.0323,Outbound,Bus,-0.0681818,0.0681818,Attractor,0.0
N71318,2.081818,0.0,CORNELL AVE AT #1718,40.512,-80.0453,Inbound,Bus,2.081818,2.081818,Generator,
