stop_id,signal_class,has_signal,usage,geoid,median_household_income
W70085,none,0,86.479545,42003462600,46935.0
E03900,nearside,1,10.125,42003051000,16297.0
N06875,nearside,1,0.2431818,42003429202,115652.0
N20070,none,0,8.61590925,42003429600,77953.0
N07730,nearside,1,14.738636363636367,42003431500,55938.0
S70452,none,0,28.940909090909074,42003492900,44038.0
X04050,none,0,5.0590911,42003473500,174234.0
N06210,none,0,87.24545454545455,42003432300,46994.0
S50270,none,0,0.28863636363636375,42003492900,44038.0
S35200,none,0,12.2636368,42003161000,55700.0
X01930,none,0,7.9295454,42003191500,77155.0
S29243,nearside,1,17.104545454545455,42003486800,43125.0
S70624,none,0,0.09318182,42003488200,58125.0
S70359,none,0,1.1863636363636345,42003551900,14063.0
N35940,none,0,2.9568183500000003,42003426400,85435.0
E70806,none,0,21.490909499999997,42003111300,62250.0
N10360,none,0,64.847724,42003565100,57621.0
N29340,none,0,0.0,42003429201,121620.0
E50730,none,0,0.9159090000000001,42003523502,58854.0
E20780,nearside,1,17.943182,42003120900,21087.0
E70442,none,0,1.584091,42003523501,64219.0
W24420,none,0,1.861363636363637,42003468900,53765.0
S70450,none,0,5.663636363636363,42003480102,82396.0
E56003,none,0,101.47727669999999,42003564800,33883.0
S13700,none,0,1.384090909090909,42003486900,43207.0
N45120,none,0,1.7454545449999999,42003428100,79500.0
W07730,none,0,1.615909045,42003461000,54286.0
E70029,none,0,14.66136455,42003525200,65464.0
X13772,none,0,16.184091,42003191700,97069.0
E41050,none,0,0.568181825,42003140800,88922.0
W03250,none,0,38.965909090909065,42003464400,17118.0
E34300,none,0,4.8863635,42003120300,26837.0
E57360,farside,1,21.965909099999998,42003141300,46530.0
S70397,none,0,2.125000045,42003489001,90781.0
N36740,none,0,2.097727425,42003426300,94917.0
E41780,none,0,15.497727,42003070500,68957.0
E05295,none,0,0.5977272727272728,42003521500,74800.0
E45730,farside,1,46.836364675000006,42003561500,42461.0
E01810,nearside,1,230.06135627499998,42003030500,36932.0
E55860,none,0,4.4136365,42003051000,16297.0
S30840,farside,1,55.961363636363636,42003551900,14063.0
S70295,nearside,1,10.29772727272727,42003499400,47202.0
X02160,farside,1,6.440909045,42003473602,104864.0
N52600,none,0,3.4727273,42003241300,70218.0
W70186,nearside,1,,42003469000,86450.0
N31510,none,0,53.20682,42003424000,44571.0
W10500,none,0,2.7977273,42003462100,54458.0
S27020,none,0,18.1568175,42003160800,54138.0
E46220,nearside,1,11.002272999999999,42003080900,62852.0
W70135,none,0,3.8545454545454527,42003465600,60921.0
E27400,none,0,4.2181816,42003513000,31321.0
W08083,none,0,0.6477272727272725,42003469000,86450.0
S70339,none,0,5.820454545454545,42003499300,50729.0
S70376,none,0,0.11363636363636374,42003492700,36583.0
E32227,nearside,1,9.829545275,42003141400,101767.0
S22190,none,0,0.559090895,42003490003,108769.0
S20495,none,0,0.35909090909090924,42003486700,39662.0
E13230,none,0,38.361365,42003051000,16297.0
X04400,nearside,1,82.3272725,42003191800,71058.0
X08846,none,0,0.6545454749999999,42003470300,70385.0
W17730,none,0,3.0772729500000002,42003469000,86450.0
S00240,none,0,61.2363675,42003170200,68611.0
E70322,none,0,4.302272775,42003523300,74740.0
E33455,nearside,1,19.225,42003050100,30036.0
S70509,none,0,2.7318181818181797,42003480300,69286.0
N41000,none,0,0.1863636363636365,42003413500,74259.0
W26360,none,0,3.179545454545455,42003464300,67879.0
X18810,none,0,9.668181500000001,42003191400,71295.0
E10180,none,0,2.1681816499999997,42003512000,45971.0
W22576,none,0,2.9409089,42003459201,92292.0
E70331,none,0,2.2499998999999997,42003130700,30518.0
E20810,none,0,16.82045495,42003523501,64219.0
E51060,none,0,19.006818,42003101900,60457.0
S27590,none,0,58.69318181818185,42003480101,51631.0
W14430,none,0,2.486363775,42003202200,53521.0
S70134,none,0,0.44090910000000005,42003488400,57584.0
S27480,nearside,1,50.54317960000001,42003488200,58125.0
S31240,none,0,17.3749995,42003484500,51129.0
W70168,nearside,1,0.047727275,42003461000,54286.0
W16160,none,0,17.406817750000002,42003563100,64800.0
S13810,none,0,11.904545454545456,42003486900,43207.0
E50250,farside,1,13.4295457,42003523702,55532.0
E42900,none,0,2.41363625,42003130800,23636.0
S38680,none,0,7.402272545,42003488400,57584.0
X03180,none,0,7.3204543,42003320600,92143.0
E10050,none,0,3.0636363636363644,42003518001,87114.0
X00760,nearside,1,2.870454545,42003202300,70295.0
E58730,none,0,5.840909090909092,42003521301,75233.0
E39080,none,0,2.57727285,42003508000,36161.0
X00700,none,0,0.0,42003191600,60109.0
W03820,none,0,15.556817,42003563000,69327.0
N12825,none,0,20.295453,42003271600,38719.0
W26290,none,0,0.5909090909090905,42003464300,67879.0
S48750,none,0,0.12045454500000001,42003484300,48841.0
S34300,none,0,1.220454775,42003310200,79600.0
E48500,none,0,4.227273,42003141200,119044.0
N47285,none,0,61.22727315,42003563201,98889.0
N10790,nearside,1,63.0477295,42003271600,38719.0
W20420,none,0,6.870454545454544,42003464400,17118.0
E70779,none,0,17.031820500000002,42003050900,12740.0
S70367,none,0,5.04318181818182,42003499400,47202.0
E55590,none,0,1.5068182749999999,42003523800,67314.0
E57710,none,0,16.890909450000002,42003140300,142738.0
X02320,nearside,1,5.05909095,42003470400,110357.0
E54150,nearside,1,30.618183500000004,42003040200,22667.0
E29900,nearside,1,7.1454545000000005,42003140500,88490.0
W08720,none,0,0.1,42003460001,75598.0
X02375,nearside,1,7.370454544999999,42003473601,127206.0
P02470,nearside,1,3205.30220085,42003020100,90726.0
N52620,none,0,6.4795454999999995,42003241300,70218.0
E19160,nearside,1,34.322728500000004,42003140800,88922.0
N37300,none,0,0.0,42003428200,75795.0
W00460,none,0,21.4568181818182,42003450700,51898.0
X00580,none,0,1.12045455,42003202300,70295.0
E70754,none,0,11.575,42003130700,30518.0
S17120,none,0,6.9477275,42003488200,58125.0
E09840,none,0,5.7522729,42003512000,45971.0
S47500,nearside,1,83.38408899999999,42003180300,42029.0
N36570,nearside,1,1.486363625,42003426400,85435.0
E17760,none,0,4.545454545454541,42003516100,92069.0
W21660,none,0,33.497727499999996,42003562600,40020.0
E04700,none,0,44.175001,42003513000,31321.0
E32751,none,0,7.572727,42003562300,25792.0
E70339,none,0,0.19545454499999998,42003523501,64219.0
S16220,nearside,1,100.91818,42003170200,68611.0
E71002,none,0,,42003521401,91652.0
E20945,none,0,7.5068184,42003523501,64219.0
N20925,nearside,1,18.611363636363613,42003420000,43333.0
W03980,none,0,3.1931816,42003281400,37533.0
E29190,none,0,24.693179545,42003110600,112045.0
E13480,nearside,1,249.43408650000003,42003080700,45324.0
N44640,farside,1,5.4431821000000005,42003417100,68284.0
E29220,none,0,17.295455,42003110600,112045.0
N12125,none,0,15.584089545000001,42003262000,39618.0
E56360,nearside,1,0.3590909,42003120300,26837.0
E20910,none,0,2.1659091,42003523200,41647.0
E16030,none,0,20.322727445,42003141200,119044.0
E70403,none,0,5.7522725,42003151700,66467.0
E18270,none,0,32.038635,42003090300,68289.0
W02735,none,0,25.311364499999996,42003462600,46935.0
N17690,nearside,1,21.006818,42003241300,70218.0
E07340,none,0,1.1113636363636363,42003519000,102216.0
N25430,none,0,0.0,42003413500,74259.0
W26135,busway,0,95.4590909090909,42003468700,69444.0
W18220,none,0,5.7022728,42003469000,86450.0
W23097,nearside,1,6.66136365,42003453004,93740.0
N71356,nearside,1,,42003413201,102969.0
N12890,none,0,27.877273000000002,42003270100,61481.0
E48230,none,0,32.99772595,42003514000,29107.0
E70751,none,0,7.918181499999999,42003561900,22770.0
W16550,none,0,15.845455,42003563100,64800.0
E70143,none,0,12.861362275,42003521500,74800.0
W20400,none,0,48.9090909090909,42003464400,17118.0
X08927,none,0,5.8204545,42003180700,58811.0
S16190,nearside,1,387.24094,42003170200,68611.0
S70589,farside,1,19.879545625,42003320400,66691.0
E17297,busway,0,1045.3613177500001,42003560400,49048.0
S13450,none,0,0.07272727500000001,42003562400,43371.0
S70403,none,0,0.699999995,42003489001,90781.0
W17980,none,0,1.122727295,42003562800,56382.0
E28630,none,0,3.884091045,42003151700,66467.0
E34559,none,0,5.188636499999999,42003120900,21087.0
S17070,none,0,3.1386365,42003488200,58125.0
S48410,nearside,1,27.40454545454546,42003483800,29306.0
E70996,none,0,3.7090909000000005,42003030500,36932.0
N26862,none,0,0.0,42003525300,107583.0
S03530,none,0,6.0772727272727245,42003483800,29306.0
E46905,none,0,2.2090908000000002,42003520001,68304.0
P00380,nearside,1,257.6340935,42003020100,90726.0
W10450,nearside,1,15.959090909090886,42003464400,17118.0
E34760,none,0,2.96590925,42003561900,22770.0
S01330,none,0,48.80454545454545,42003486800,43125.0
X70054,none,0,2.9318180000000003,42003191500,77155.0
W07840,none,0,0.13863635,42003461000,54286.0
N40850,none,0,0.0,42003425000,46892.0
N44960,none,0,3.8136363949999996,42003417200,51477.0
E32760,none,0,3.3840907749999998,42003562300,25792.0
E57500,none,0,15.75681785,42003140200,62593.0
E71011,farside,1,,42003521302,63524.0
W70146,none,0,29.10682,42003459101,80550.0
N71349,nearside,1,,42003413300,105893.0
E70258,none,0,1.5727272,42003561400,39788.0
S49370,nearside,1,,42003552200,50000.0
N71329,none,0,4.19318181818182,42003434000,97175.0
E16020,none,0,13.01818159,42003140400,182287.0
E19640,none,0,197.929543,42003141300,46530.0
N21300,none,0,1.513636363636365,42003401300,80458.0
E55380,none,0,6.6840909,42003523800,67314.0
N71220,none,0,36.13636363636365,42003432300,46994.0
E36035,none,0,10.418182074999999,42003561900,22770.0
N10250,nearside,1,101.593185,42003270100,61481.0
E09110,none,0,16.688636363636363,42003516100,92069.0
E37300,none,0,29.609089544999996,42003523400,57966.0
S70535,none,0,4.774999999999998,42003478200,58312.0
E14170,none,0,12.0204548,42003101400,83796.0
S13873,nearside,1,8.884091,42003489002,82482.0
E14210,none,0,13.379545425000002,42003101400,83796.0
E23600,none,0,31.98182,42003080700,45324.0
E70342,none,0,0.82954545,42003523502,58854.0
N31845,none,0,8.781818000000001,42003271600,38719.0
W26210,none,0,27.093182000000002,42003563000,69327.0
N04640,nearside,1,0.29772730000000003,42003562700,59634.0
E32308,none,0,9.4,42003509400,42344.0
W22430,none,0,6.879545500000001,42003459201,92292.0
X08850,none,0,2.5340910450000003,42003470300,70385.0
S08550,none,0,148.927269,42003481000,35640.0
N49441,none,0,0.9090909,42003445500,77454.0
S08500,none,0,3.1386365,42003477200,79306.0
N45640,none,0,0.7568181818181821,42003413400,121510.0
S70109,none,0,76.14091,42003501000,41382.0
P02650,none,0,979.131759375,42003020100,90726.0
S01290,none,0,88.59090909090908,42003486800,43125.0
E45975,none,0,12.5045455,42003080700,45324.0
E70280,none,0,1.7545454,42003526202,95438.0
S70621,none,0,3.7999999999999985,42003492700,36583.0
S17080,none,0,3.8681818999999997,42003488200,58125.0
W11716,none,0,0.0,42003470300,70385.0
E39220,none,0,5.21136372,42003514000,29107.0
S04680,none,0,16.459089499999997,42003160800,54138.0
E70451,none,0,134.045455,42003101100,76000.0
E07910,none,0,6.334091,42003151700,66467.0
E09330,none,0,21.53863636363637,42003516100,92069.0
N40810,none,0,2.22045445,42003427200,56912.0
E30175,none,0,2.420454545,42003525300,107583.0
N05420,none,0,0.047727275,42003429201,121620.0
X04615,none,0,9.827273,42003473601,127206.0
W13190,none,0,3.697727272727275,42003460001,75598.0
E17257,busway,0,357.29089999999997,42003564700,40433.0
E59580,none,0,9.427272850000001,42003515100,47052.0
S22980,none,0,0.306818195,42003488300,69000.0
S06300,none,0,18.484091,42003562400,43371.0
E38666,none,0,5.8886365000000005,42003509400,42344.0
N10810,nearside,1,98.00227,42003270300,59398.0
E01940,nearside,1,529.0954532000001,42003040200,22667.0
X07040,none,0,16.436362,42003191100,79133.0
W70057,busway,0,22.69772727272729,42003464300,67879.0
E09830,none,0,3.952273,42003512000,45971.0
S09180,none,0,39.95000085,42003290200,41321.0
N31430,none,0,7.76818185,42003424000,44571.0
X02560,none,0,2.4,42003473602,104864.0
W24380,none,0,8.847727272727269,42003468900,53765.0
E26530,nearside,1,26.654546,42003130800,23636.0
X70016,none,0,0.14772727272727276,42003457200,53472.0
W22750,none,0,28.238638100000003,42003459201,92292.0
X17729,none,0,2.4204543,42003191400,71295.0
E70301,nearside,1,7.4477275,42003050600,42951.0
S70321,none,0,11.995454545454544,42003492700,36583.0
E56035,nearside,1,47.19318145,42003564800,33883.0
S27330,none,0,13.424999999999997,42003486800,43125.0
N20110,none,0,12.461363636363638,42003431400,68273.0
S30280,none,0,2.5295455,42003564200,57500.0
S34310,nearside,1,14.481818,42003565300,51008.0
X04360,none,0,34.481819,42003191800,71058.0
X01250,none,0,2.8590907750000003,42003180700,58811.0
E60110,none,0,17.990909090909092,42003517000,36138.0
S48560,none,0,12.197727275,42003477200,79306.0
N45340,none,0,0.431818181818182,42003413500,74259.0
S70335,none,0,8.845454545454544,42003499400,47202.0
N71236,nearside,1,0.36590910000000004,42003403500,41466.0
X01270,none,0,23.0545441,42003180300,42029.0
S42240,busway,0,66.00454552,42003191500,77155.0
P01610,busway,0,104.49772849499999,42003020100,90726.0
W24290,none,0,8.970454545454544,42003468900,53765.0
N32930,farside,1,22.229545899999998,42003429500,56602.0
S08780,none,0,7.5840911,42003477200,79306.0
N50240,none,0,4.0840907,42003262000,39618.0
W11718,none,0,0.0,42003470300,70385.0
N43770,none,0,5.422727399999999,42003261400,44958.0
E04250,none,0,2.972727272727272,42003518001,87114.0
N28940,none,0,3.643181818181818,42003431100,60559.0
N71249,none,0,0.4159090909090908,42003402000,49388.0
W08093,nearside,1,120.47045454545454,42003469000,86450.0
E54180,none,0,32.956817,42003040200,22667.0
N38840,nearside,1,69.54545635,42003562700,59634.0
W13613,none,0,2.074999999999998,42003460002,90848.0
W03950,none,0,61.38636363636365,42003464400,17118.0
E70849,none,0,2.065909275,42003562901,52679.0
X08050,none,0,4.4613638,42003180700,58811.0
N32690,farside,1,56.02045225,42003429201,121620.0
E70360,none,0,0.0,42003523702,55532.0
E19510,nearside,1,61.193180999999996,42003010302,49375.0
E44970,none,0,10.5613635,42003130600,18879.0
S34060,none,0,0.865909275,42003310200,79600.0
E21220,none,0,32.931817545,42003523300,74740.0
N44040,none,0,11.6022725,42003260700,79310.0
W20982,nearside,1,33.936365,42003562600,40020.0
E10287,none,0,2.034090909090911,42003517000,36138.0
N13700,none,0,7.981818499999999,42003430200,78718.0
S70054,none,0,77.28182,42003170200,68611.0
S70590,nearside,1,8.5250004,42003488500,58371.0
N41100,nearside,1,1.3999999999999986,42003413400,121510.0
E71013,none,0,,42003521200,67813.0
N71339,none,0,3.0795456,42003428200,75795.0
N06565,farside,1,4.063636363636363,42003413500,74259.0
X00490,none,0,1.145454545454545,42003457200,53472.0
E70973,none,0,10.9522725,42003523200,41647.0
X20310,nearside,1,4.96590895,42003191700,97069.0
E26430,nearside,1,17.625000999999997,42003130800,23636.0
S70131,nearside,1,4.05227275,42003488500,58371.0
S70418,none,0,2.1522727272727273,42003499300,50729.0
S27060,none,0,17.44545635,42003160800,54138.0
N71206,none,0,33.286363636363646,42003425000,46892.0
E10740,none,0,0.6454545454545454,42003521302,63524.0
N17440,none,0,62.89999935,42003563202,41607.0
N44800,none,0,12.8545455,42003417100,68284.0
E38667,none,0,2.70454525,42003509400,42344.0
S14940,none,0,4.4545454499999995,42003488200,58125.0
X70085,none,0,19.5068195,42003320700,73314.0
E08210,none,0,0.809090925,42003010302,49375.0
E52495,nearside,1,7.056818,42003564700,40433.0
E10705,none,0,0.0,42003521302,63524.0
X17727,none,0,3.6090911000000006,42003191400,71295.0
S70164,none,0,,42003551900,14063.0
N70104,farside,1,8.811363374999999,42003429201,121620.0
S04097,nearside,1,31.584090909090932,42003483800,29306.0
E70859,none,0,5.8636365,42003060500,62841.0
E12890,none,0,0.175,42003521100,86211.0
S30640,none,0,195.93181818181813,42003551900,14063.0
W08249,none,0,6.28863615,42003470501,96204.0
E14430,none,0,3.34090909090909,42003516200,96481.0
N26854,none,0,0.3181818,42003526101,105917.0
S70464,none,0,2.0749997749999998,42003488600,83603.0
E11710,nearside,1,60.4568175,42003090100,81681.0
N15528,none,0,0.5181818,42003429700,56103.0
E70983,none,0,1.806818,42003562901,52679.0
N09501,none,0,13.04090909090909,42003413201,102969.0
X08900,none,0,4.71363615,42003180700,58811.0
E39670,none,0,33.700000775,42003515401,79297.0
P01150,farside,1,608.184125,42003020100,90726.0
E48360,none,0,5.956818025,42003564700,40433.0
E51140,none,0,12.0772729,42003515401,79297.0
X17700,none,0,5.6318183,42003191400,71295.0
E29870,none,0,7.725,42003130700,30518.0
X04480,nearside,1,3.7477272999999998,42003473100,108050.0
S70626,none,0,0.09545454545454546,42003491200,97519.0
E40300,none,0,5.220454500000001,42003561400,39788.0
E46290,nearside,1,27.704547499999997,42003111500,39331.0
E70856,nearside,1,4.011363545,42003562901,52679.0
S70613,none,0,26.659095,42003488600,83603.0
W02700,none,0,6.6477275,42003462600,46935.0
S23810,none,0,0.83181817,42003320700,73314.0
X00450,none,0,3.25,42003457200,53472.0
N15522,none,0,0.0,42003429700,56103.0
E01460,nearside,1,158.83636585000002,42003070600,85909.0
N71277,none,0,2.25909068,42003421100,133283.0
N35630,none,0,83.01591099999999,42003261300,48500.0
E12280,none,0,0.8681818250000001,42003101800,81406.0
N31590,none,0,11.3136361,42003424000,44571.0
N19290,none,0,81.261365,42003565100,57621.0
N10900,none,0,6.6909089999999996,42003261400,44958.0
W70201,none,0,,42003451300,110982.0
N08610,none,0,10.186363636363616,42003448000,65417.0
N31460,none,0,24.306818,42003424000,44571.0
W10370,farside,1,11.304545454545448,42003464400,17118.0
X00800,none,0,1.070454545,42003202300,70295.0
E17289,none,0,91.64091015000001,42003564700,40433.0
E11191,none,0,,42003110200,96803.0
S14792,none,0,1.240909090909091,42003486800,43125.0
W00590,nearside,1,10.797727272727272,42003450800,57746.0
E12780,none,0,1.17954545,42003526202,95438.0
S70333,nearside,1,13.490909090909089,42003499400,47202.0
N12972,none,0,1.8886363499999999,42003270300,59398.0
E20760,none,0,2.09772725,42003130700,30518.0
E70348,none,0,0.420454545,42003523702,55532.0
S70027,none,0,25.270454649999998,42003488600,83603.0
W20442,nearside,1,102.9727297,42003459201,92292.0
S48430,none,0,29.943181818181827,42003483800,29306.0
W10520,nearside,1,9.0704545,42003462100,54458.0
S23760,nearside,1,56.76363636363636,42003480101,51631.0
N21370,none,0,2.8590909090909102,42003420000,43333.0
W22850,nearside,1,8.5295453,42003459201,92292.0
S02180,none,0,4.504545454545455,42003486900,43207.0
E58410,nearside,1,2.3136363636363653,42003521500,74800.0
E07030,none,0,17.6636375,42003051100,20441.0
E46170,nearside,1,6.861364,42003140500,88490.0
E26060,none,0,0.688636345,42003523100,58471.0
P03090,nearside,1,3360.4910275,42003020100,90726.0
S70531,none,0,8.20227275,42003290400,57500.0
X20250,farside,1,24.288636363636364,42003472300,76635.0
N13690,none,0,6.9181815,42003430100,71136.0
S10450,none,0,3.859090825,42003488500,58371.0
W24600,none,0,2.706818181818184,42003458001,116080.0
N21925,nearside,1,4.434090909090911,42003401200,46875.0
E41850,none,0,30.4431841,42003110200,96803.0
W16170,none,0,20.043183000000003,42003563100,64800.0
E32328,none,0,0.8613636363636366,42003521200,67813.0
E34810,none,0,3.8045455,42003561900,22770.0
W03550,nearside,1,79.31591,42003562600,40020.0
E38340,none,0,3.774999999999998,42003521200,67813.0
E06230,none,0,0.80681815,42003140800,88922.0
S33880,none,0,21.629547000000002,42003488200,58125.0
S44760,none,0,50.67272727272726,42003492800,36250.0
E70795,nearside,1,15.072727,42003050100,30036.0
E56040,none,0,465.78183364999995,42003504100,39891.0
W02820,none,0,15.190908649999999,42003470600,64171.0
S13480,none,0,3.3636362,42003562400,43371.0
S70394,none,0,0.240909075,42003488600,83603.0
X03320,none,0,25.090907275,42003320600,92143.0
E70262,none,0,0.304545475,42003523100,58471.0
E12230,none,0,71.62727450000001,42003981000,
N35510,none,0,61.6272742,42003261300,48500.0
E20330,nearside,1,22.531819499999997,42003130200,41667.0
E70300,none,0,1.0431818499999999,42003050600,42951.0
X70086,nearside,1,0.120454545,42003470300,70385.0
S29245,nearside,1,34.5113636363636,42003486800,43125.0
E55020,none,0,1.1363634999999999,42003523502,58854.0
W02800,none,0,2.700000045,42003470600,64171.0
S24060,none,0,3.16363635,42003477200,79306.0
N41140,none,0,0.090909090909091,42003413500,74259.0
S21700,none,0,3.91590925,42003191500,77155.0
X06760,nearside,1,0.0,42003473500,174234.0
N28540,none,0,0.3340909,42003429700,56103.0
E04880,farside,1,22.7522745,42003080600,63192.0
E30385,nearside,1,1.9181819999999998,42003526302,87029.0
E17405,nearside,1,30.97727255,42003111500,39331.0
W03960,none,0,11.372727000000001,42003562600,40020.0
S70390,none,0,1.7022724999999999,42003477100,96005.0
E32275,none,0,3.3863637000000004,42003509400,42344.0
S23910,nearside,1,5.7704545,42003489001,90781.0
S45030,none,0,2.7181819999999997,42003481000,35640.0
E54140,none,0,7.83409085,42003040200,22667.0
E17720,none,0,2.67045475,42003515100,47052.0
W22120,none,0,9.66136335,42003459201,92292.0
E11760,nearside,1,78.65909275000001,42003101100,76000.0
S70430,none,0,0.7,42003503002,57813.0
N26844,none,0,0.0,42003525300,107583.0
E36097,none,0,10.89545435,42003561900,22770.0
E35570,nearside,1,40.288638,42003060500,62841.0
E17340,none,0,1.7522729,42003130600,18879.0
E58060,none,0,3.4840910000000003,42003151700,66467.0
W70174,nearside,1,6.4386366,42003451105,96821.0
X06890,none,0,8.46136385,42003190300,81953.0
N13050,none,0,6.4295453,42003565200,59229.0
W03340,none,0,13.7045455,42003202200,53521.0
S70501,none,0,3.3431817749999997,42003290400,57500.0
X02270,nearside,1,8.559091,42003473601,127206.0
W70092,none,0,2.047727272727275,42003460001,75598.0
S70438,none,0,1.1590909090909092,42003480300,69286.0
S32090,none,0,21.495454499999997,42003477300,60125.0
E21140,farside,1,3.8590910449999996,42003523300,74740.0
E46070,nearside,1,396.55226587500005,42003111500,39331.0
W03840,none,0,9.9636365,42003563000,69327.0
W26180,busway,0,577.7272611500001,42003562500,42292.0
N36100,none,0,0.73636365,42003426300,94917.0
E14510,none,0,4.6295455500000005,42003564700,40433.0
E55035,none,0,0.09318180000000001,42003523501,64219.0
S09150,farside,1,1.4113636,42003477300,60125.0
N08190,none,0,4.26590915,42003445500,77454.0
E06140,none,0,2.43181835,42003151700,66467.0
E17640,none,0,14.843181818181819,42003516100,92069.0
S17730,none,0,2.0068181818181836,42003550900,28767.0
S70275,none,0,7.847727,42003160800,54138.0
E04645,none,0,3.854545675,42003515401,79297.0
E20320,farside,1,10.311364,42003130700,30518.0
E28860,nearside,1,57.490910500000005,42003070600,85909.0
S70324,none,0,1.1750000000000003,42003492800,36250.0
N05370,none,0,1.6522725,42003429201,121620.0
X03250,none,0,18.556820449999996,42003191800,71058.0
E41080,none,0,0.315909075,42003140300,142738.0
E19130,nearside,1,1051.02950165,42003040500,13750.0
N19610,none,0,0.375,42003414200,127093.0
E26540,none,0,0.19545454499999998,42003120900,21087.0
E51390,nearside,1,9.4113635,42003140300,142738.0
N71269,none,0,22.322726799999998,42003421100,133283.0
S70488,nearside,1,7.140909090909092,42003551200,29279.0
W70156,none,0,5.75681818181818,42003450800,57746.0
N21000,none,0,0.8022727272727275,42003401100,76667.0
S16625,none,0,29.293180000000003,42003170200,68611.0
E16500,none,0,24.625000999999997,42003050100,30036.0
N14270,none,0,0.972727295,42003430200,78718.0
W08040,none,0,47.5636368,42003470502,108600.0
W10330,none,0,22.140909090909116,42003464400,17118.0
N50520,none,0,1.459091,42003241300,70218.0
N13090,nearside,1,43.609095,42003270100,61481.0
E53240,none,0,9.2431815,42003508000,36161.0
E17295,busway,0,274.52045269999996,42003560400,49048.0
E41300,none,0,189.2090925,42003141400,101767.0
W04620,none,0,1.3863636363636365,42003460002,90848.0
N71272,nearside,1,7.1045454,42003421100,133283.0
N06770,none,0,1.5681819999999997,42003429202,115652.0
W08580,none,0,9.07727272727273,42003464400,17118.0
E06650,nearside,1,8.777272775,42003982200,
E70022,none,0,10.84772725,42003030500,36932.0
E43870,none,0,4.127272727272729,42003521500,74800.0
E70591,nearside,1,36.79318181818183,42003513800,27212.0
S70539,none,0,3.088636363636365,42003480400,96447.0
E36180,nearside,1,0.484090895,42003504100,39891.0
W13260,none,0,1.4977274999999999,42003462100,54458.0
N37040,none,0,3.6113634999999995,42003428200,75795.0
E33160,none,0,17.886364045,42003560500,92056.0
E36420,none,0,0.0,42003564400,56333.0
E53760,farside,1,9.35227235,42003561500,42461.0
N45620,none,0,0.0,42003413400,121510.0
E58240,nearside,1,3.749999999999999,42003521200,67813.0
N10640,none,0,3.834091,42003565200,59229.0
E07000,none,0,4.1954545,42003051100,20441.0
W70196,none,0,,42003563100,64800.0
E11550,none,0,10.097727,42003060300,91731.0
W02880,none,0,1.9249999,42003470600,64171.0
E71008,nearside,1,,42003521301,75233.0
N44660,none,0,7.759090909090911,42003418000,70132.0
N31540,nearside,1,21.729546,42003424000,44571.0
N43560,nearside,1,34.561366,42003260700,79310.0
S33290,nearside,1,67.59318499999999,42003300100,47093.0
S49350,nearside,1,,42003552200,50000.0
W21870,none,0,0.025,42003465600,60921.0
E70804,farside,1,439.302275,42003562000,26604.0
X08950,none,0,2.7545452750000003,42003180700,58811.0
E16190,none,0,24.8545455,42003040200,22667.0
S70537,none,0,4.529545454545455,42003480400,96447.0
N41240,none,0,0.24772727272727274,42003413500,74259.0
S70453,none,0,2.4704546,42003490003,108769.0
E70785,none,0,14.9954545,42003050900,12740.0
S02930,farside,1,201.53863636363636,42003483800,29306.0
N08825,none,0,2.1409090909090907,42003446000,208333.0
S25570,none,0,5.0931817,42003310200,79600.0
W70179,nearside,1,2.6886365,42003451105,96821.0
S70646,none,0,,42003488600,83603.0
E12515,none,0,0.075,42003521500,74800.0
N70175,nearside,1,0.2,42003421100,133283.0
S46470,none,0,2.55681818181818,42003550900,28767.0
E46360,nearside,1,34.1431815,42003561500,42461.0
E56223,none,0,31.54545395,42003504100,39891.0
E18980,none,0,5.804545500000001,42003526302,87029.0
E18905,none,0,71.5840909090909,42003521200,67813.0
E70991,nearside,1,3.9045456499999998,42003030500,36932.0
S31230,none,0,6.4090907,42003484600,35776.0
N54505,none,0,5.0454545,42003261400,44958.0
E18530,none,0,86.65681749999999,42003070900,49421.0
W11735,none,0,2.0886365000000002,42003470300,70385.0
E48648,none,0,7.96136375,42003561400,39788.0
W21700,none,0,12.163636499999999,42003281400,37533.0
N71286,none,0,170.5,42003419000,70569.0
S70167,none,0,1.7113636363636338,42003552100,22668.0
N45270,none,0,0.068181818181818,42003413500,74259.0
S11430,none,0,25.856818,42003300100,47093.0
N17380,none,0,123.26817944999999,42003563202,41607.0
W11734,none,0,1.1818182,42003470300,70385.0
E17312,busway,0,69.13636699,42003120900,21087.0
S70351,none,0,1.2977273,42003504100,39891.0
W04080,none,0,12.3295455,42003563000,69327.0
E46920,nearside,1,11.527272499999999,42003520001,68304.0
E01350,nearside,1,136.44545485,42003070600,85909.0
X70064,nearside,1,1.3659089999999998,42003473601,127206.0
E04635,none,0,0.45,42003515401,79297.0
E19310,farside,1,518.3659086499999,42003040900,27383.0
N14990,farside,1,17.681816,42003241300,70218.0
E04870,nearside,1,16.645453,42003080600,63192.0
E00180,nearside,1,15.711363500000001,42003060500,62841.0
S70554,none,0,15.4568185,42003477300,60125.0
E32326,none,0,0.0,42003521200,67813.0
E52370,none,0,4.934091,42003564700,40433.0
E70935,none,0,7.0886366,42003521301,75233.0
N52650,none,0,1.8522725,42003241300,70218.0
S50252,none,0,0.29545454545454547,42003492900,44038.0
N17860,nearside,1,3.87954535,42003261300,48500.0
N13175,none,0,2.4386363500000003,42003565200,59229.0
E35410,nearside,1,78.293185,42003080200,60052.0
S70355,none,0,6.6363635,42003504100,39891.0
S70003,nearside,1,13.711363636363641,42003486800,43125.0
E41190,farside,1,384.8750160000001,42003140800,88922.0
E70434,none,0,0.1363636,42003523702,55532.0
E03926,none,0,7.8999999999999995,42003051000,16297.0
X02080,farside,1,24.011363,42003473601,127206.0
W26250,none,0,15.575,42003464300,67879.0
N49600,none,0,32.6659075,42003271600,38719.0
E06430,none,0,7.925000344999999,42003140100,124444.0
E39540,nearside,1,66.163638675,42003515300,29612.0
N36290,none,0,5.55227265,42003426400,85435.0
E06390,nearside,1,33.259091500000004,42003140100,124444.0
X02390,none,0,8.35000015,42003470400,110357.0
S00390,none,0,23.66363545,42003170200,68611.0
E45250,none,0,6.8022729,42003120300,26837.0
N26860,none,0,0.04545455,42003525300,107583.0
N36350,nearside,1,7.0454544,42003426400,85435.0
N29310,none,0,0.09318180000000001,42003429201,121620.0
E36970,none,0,7.372727272727273,42003510000,35483.0
N17882,nearside,1,8.2977275,42003261300,48500.0
E70994,farside,1,48.3840955,42003030500,36932.0
N21715,nearside,1,5.90681818181818,42003401200,46875.0
W22225,none,0,0.5,42003459201,92292.0
S04110,nearside,1,58.49545454545452,42003483800,29306.0
X01260,none,0,17.8590925,42003180700,58811.0
N52195,none,0,0.0,42003429202,115652.0
E41866,none,0,34.468180000000004,42003070300,78602.0
E56550,farside,1,32.206819499999995,42003515100,47052.0
E20350,nearside,1,50.9045485,42003130700,30518.0
X18770,none,0,10.69090865,42003190300,81953.0
E41150,none,0,77.5750019,42003151700,66467.0
X70077,none,0,2.0022728499999998,42003191500,77155.0
E35820,none,0,20.2227287,42003561900,22770.0
N21210,none,0,0.02272727272727275,42003401100,76667.0
N52580,none,0,13.693180499999999,42003241300,70218.0
S70500,none,0,9.27045475,42003290400,57500.0
W21810,none,0,32.081818,42003562600,40020.0
N45030,none,0,19.98409225,42003417200,51477.0
W14240,none,0,1.03409090909091,42003460001,75598.0
E49830,none,0,31.981818450000002,42003523702,55532.0
W70172,none,0,53.19545454545454,42003464400,17118.0
N39680,nearside,1,7.65909090909091,42003432400,59435.0
N70053,none,0,31.8863645,42003260700,79310.0
E45970,none,0,18.493184045,42003561500,42461.0
E34055,none,0,1.0431818,42003561400,39788.0
E25960,none,0,2.24999985,42003523100,58471.0
S70311,none,0,11.231818,42003562400,43371.0
N50200,none,0,54.479543,42003562700,59634.0
S50350,none,0,2.170454545454546,42003551200,29279.0
X03390,none,0,16.777271799999998,42003320600,92143.0
S09450,none,0,2.4227271,42003477300,60125.0
N22150,farside,1,17.750000000000007,42003419000,70569.0
S70456,none,0,1.3977273000000001,42003488600,83603.0
S70440,none,0,7.536363636363639,42003478200,58312.0
N43370,nearside,1,58.68864,42003261500,46141.0
E11780,nearside,1,75.429544545,42003101100,76000.0
S14237,none,0,11.4113635,42003562400,43371.0
N40240,nearside,1,6.045454545454545,42003431100,60559.0
S04650,none,0,31.3795475,42003160800,54138.0
W00650,none,0,14.413635450000001,42003451300,110982.0
W70114,none,0,15.0295455,42003281400,37533.0
X17690,none,0,4.302273,42003191400,71295.0
W03210,none,0,10.565909,42003202200,53521.0
E41970,nearside,1,41.836365,42003070600,85909.0
S70459,none,0,6.6068181500000005,42003488600,83603.0
E23410,nearside,1,17.988635000000002,42003080600,63192.0
W70145,none,0,0.5704545454545455,42003460001,75598.0
E70350,none,0,7.3227274,42003526202,95438.0
E02910,none,0,8.0704545,42003050600,42951.0
S38670,none,0,9.454545450000001,42003488400,57584.0
E70886,farside,1,9.725000045,42003980500,27750.0
E26560,none,0,9.459091,42003130800,23636.0
S00990,none,0,13.16818195,42003562300,25792.0
E32303,none,0,0.9863636363636364,42003521200,67813.0
E21550,none,0,16.8590905,42003523400,57966.0
W20130,none,0,110.76591,42003470300,70385.0
S70360,none,0,6.688636363636364,42003551900,14063.0
N19640,none,0,1.159090909090909,42003414200,127093.0
N50640,none,0,0.0,42003241300,70218.0
E06490,none,0,5.4340913,42003140100,124444.0
W24190,none,0,5.922727,42003470600,64171.0
N71271,none,0,0.8159091,42003421100,133283.0
E70440,none,0,0.07500000000000001,42003526201,85903.0
W70160,none,0,1.4295454545454545,42003460001,75598.0
E03200,none,0,1.33863639,42003509400,42344.0
N71311,none,0,17.747729,42003270300,59398.0
E70367,nearside,1,11.584090999999999,42003130700,30518.0
E10150,none,0,0.0954545454545455,42003517000,36138.0
N35760,none,0,3.75,42003426300,94917.0
N20060,none,0,0.122727275,42003429600,77953.0
S13075,none,0,2.872727,42003488300,69000.0
W10590,farside,1,25.747727272727296,42003464400,17118.0
E35090,none,0,23.5181805,42003020300,119233.0
N71207,none,0,15.950000000000019,42003431400,68273.0
W18190,none,0,3.6795452500000003,42003563100,64800.0
E46460,none,0,416.25455215,42003070800,94297.0
W22740,none,0,18.609092750000002,42003459201,92292.0
W70138,nearside,1,18.613636045,42003459201,92292.0
E56995,none,0,4.2863635,42003508000,36161.0
N71276,none,0,1.4318182,42003421100,133283.0
S16240,nearside,1,179.6886389,42003160900,92593.0
E58590,nearside,1,4.477272525,42003520001,68304.0
E41340,nearside,1,310.886387,42003141300,46530.0
S70420,none,0,33.4636363636364,42003492700,36583.0
E70903,none,0,24.4863635,42003513000,31321.0
E43460,none,0,29.845454545454555,42003521500,74800.0
S48530,none,0,11.415909,42003484600,35776.0
N71239,none,0,0.78636365,42003403500,41466.0
E28722,nearside,1,11.313634,42003060300,91731.0
E34845,none,0,71.8045473,42003020300,119233.0
E32400,none,0,31.334089100000003,42003101400,83796.0
E59450,nearside,1,30.470455724999994,42003564700,40433.0
E32755,none,0,6.23409085,42003562300,25792.0
E70839,none,0,26.043183499999998,42003980100,
E57770,none,0,9.0068182,42003140300,142738.0
S70325,none,0,0.1,42003492700,36583.0
N50470,none,0,0.72954545,42003241300,70218.0
N18335,none,0,0.7340909,42003403500,41466.0
N13990,none,0,5.5954546,42003430100,71136.0
S44990,none,0,4.9250001,42003161000,55700.0
N38340,nearside,1,70.0840895,42003565100,57621.0
S24515,nearside,1,2.670454545454548,42003491200,97519.0
S27300,none,0,6.029545454545457,42003486800,43125.0
N70102,none,0,9.315909,42003427200,56912.0
N24005,none,0,7.115909090909089,42003425000,46892.0
N53630,none,0,292.625,42003430200,78718.0
S70602,none,0,2.6113637499999998,42003300100,47093.0
E51310,none,0,1.5681817999999998,42003140800,88922.0
N21390,none,0,0.0,42003401100,76667.0
X02310,nearside,1,5.854545549999999,42003470400,110357.0
S70409,none,0,0.32272724999999997,42003485000,59242.0
E21300,none,0,11.665909,42003523200,41647.0
E71018,none,0,,42003111500,39331.0
S19970,busway,0,57.96818075,42003320700,73314.0
S06273,none,0,0.11590907500000001,42003562400,43371.0
E50170,nearside,1,3.6227275,42003523702,55532.0
W03400,none,0,9.8090905,42003202200,53521.0
S70481,nearside,1,23.670454545454536,42003551300,57460.0
E17307,busway,0,57.0772732,42003060500,62841.0
S25109,none,0,1.7659094999999998,42003488600,83603.0
X18575,none,0,0.7931819999999999,42003470300,70385.0
E40810,none,0,4.03181839,42003523100,58471.0
S25590,none,0,5.79318185,42003562901,52679.0
S35900,none,0,3.670454545454545,42003480102,82396.0
N49620,none,0,9.727273,42003271600,38719.0
X08113,nearside,1,8.84318181818182,42003475101,92863.0
N15440,none,0,0.025,42003429700,56103.0
S24110,nearside,1,36.0886345,42003489001,90781.0
E48490,none,0,6.1863635,42003141200,119044.0
E70359,none,0,0.09090909,42003523702,55532.0
E70373,nearside,1,36.12954500000001,42003030500,36932.0
E52890,nearside,1,22.00227225,42003101800,81406.0
S40630,none,0,4.988636363636363,42003487000,43208.0
N08160,nearside,1,10.236364000000002,42003445500,77454.0
N40400,none,0,5.925,42003431100,60559.0
N43540,none,0,19.129544,42003261400,44958.0
S09500,none,0,21.979545454545473,42003478200,58312.0
X03330,nearside,1,51.09091,42003191900,64000.0
E44910,none,0,25.086363999999996,42003130600,18879.0
E38900,none,0,25.379545454545447,42003519000,102216.0
E02980,none,0,4.329545250000001,42003508000,36161.0
E70860,none,0,1.6227274999999999,42003040500,13750.0
N36960,none,0,1.493182,42003428200,75795.0
N70004,none,0,15.159090909090903,42003431100,60559.0
X01550,nearside,1,7.9363636,42003473100,108050.0
E13260,nearside,1,10.575,42003562000,26604.0
S70475,none,0,16.070454545454535,42003551200,29279.0
W22010,nearside,1,9.9159092,42003281400,37533.0
E37230,none,0,6.1431816,42003523400,57966.0
E17310,busway,0,200.236364645,42003070800,94297.0
W26155,busway,0,321.4772727272725,42003465800,89167.0
E70321,none,0,0.025,42003523200,41647.0
N12020,none,0,21.409089299999998,42003429500,56602.0
S23660,farside,1,28.745454,42003489001,90781.0
E04820,nearside,1,17.8750005,42003070900,49421.0
W21670,none,0,5.959090909090912,42003465600,60921.0
X18570,none,0,6.31136375,42003470400,110357.0
E10710,none,0,2.1750000000000025,42003521302,63524.0
S08600,none,0,31.87727272727271,42003478200,58312.0
E04680,none,0,5.318181625000001,42003101400,83796.0
W03610,none,0,2.90681815,42003562600,40020.0
E20785,farside,1,11.881818350000001,42003130600,18879.0
N52655,none,0,8.1363635,42003241300,70218.0
N31670,none,0,17.3295454,42003424000,44571.0
E18610,nearside,1,68.981815,42003070300,78602.0
S48780,none,0,5.000000050000001,42003484300,48841.0
X18800,none,0,12.947727000000002,42003191400,71295.0
S05260,none,0,7.011363775,42003477100,96005.0
E08910,nearside,1,39.27272727272726,42003516100,92069.0
E70876,none,0,0.0,42003504100,39891.0
S08430,nearside,1,60.027274299999995,42003290200,41321.0
W10960,none,0,26.943183,42003202200,53521.0
W70189,farside,1,,42003562600,40020.0
S23880,none,0,0.17272727272727276,42003491101,141420.0
W25750,none,0,3.9750002500000003,42003563000,69327.0
N32540,nearside,1,39.343181825,42003429500,56602.0
E39400,none,0,6.490909200000001,42003050600,42951.0
E70231,none,0,47.493183,42003070500,68957.0
E25950,none,0,39.29772659999999,42003101400,83796.0
W08226,none,0,7.581818275,42003470502,108600.0
S70495,none,0,2.727272727272725,42003480400,96447.0
E58480,none,0,0.420454545,42003520001,68304.0
E36410,farside,1,0.52954545,42003504100,39891.0
X17734,none,0,13.44545635,42003191400,71295.0
N12120,none,0,0.188636375,42003261400,44958.0
X08111,none,0,4.445454545454547,42003475101,92863.0
E54900,none,0,9.340909275,42003526201,85903.0
N08430,none,0,2.6500000000000017,42003563800,86929.0
E35620,none,0,23.643182399999997,42003060300,91731.0
N14800,none,0,28.5613635,42003261500,46141.0
E58130,none,0,6.068182,42003151600,54917.0
W70122,nearside,1,7.013636363636365,42003465800,89167.0
E18400,nearside,1,46.004545,42003070900,49421.0
S02660,nearside,1,36.38863636363636,42003483800,29306.0
E57570,none,0,13.954545499999998,42003140300,142738.0
N31230,none,0,13.143182,42003241300,70218.0
E26660,none,0,2.94999985,42003130700,30518.0
S40601,none,0,,42003487000,43208.0
E71014,nearside,1,,42003562300,25792.0
N50650,none,0,0.504545475,42003241300,70218.0
E20340,nearside,1,18.48863645,42003130800,23636.0
E70278,none,0,3.520454525,42003526202,95438.0
N45720,none,0,15.247724999999999,42003262000,39618.0
E04180,nearside,1,20.15909090909092,42003518001,87114.0
N14670,none,0,5.5227275,42003261400,44958.0
N16744,none,0,1.8250000000000024,42003413400,121510.0
E30297,nearside,1,21.886364999999998,42003564200,57500.0
W21950,none,0,8.06136335,42003562600,40020.0
S70343,none,0,6.095454545454545,42003551900,14063.0
S70506,none,0,2.45,42003480300,69286.0
E70813,none,0,17.0318175,42003101400,83796.0
E30275,none,0,0.5659091,42003564200,57500.0
E08980,none,0,17.31363865,42003515401,79297.0
S70622,none,0,0.5818181818181816,42003491200,97519.0
E13570,nearside,1,50.554545000000005,42003050100,30036.0
S01120,nearside,1,47.89091,42003562300,25792.0
S70461,none,0,6.452272699999999,42003488600,83603.0
N43830,none,0,10.81363645,42003260200,56696.0
X02130,none,0,10.92045635,42003473602,104864.0
N32840,nearside,1,5.531818181818183,42003413300,105893.0
E00920,nearside,1,19.309091350000003,42003070300,78602.0
E17480,none,0,15.02954545,42003515200,57487.0
S04360,none,0,14.3227265,42003161000,55700.0
N10560,none,0,33.1431805,42003271600,38719.0
N38150,none,0,9.515909,42003429500,56602.0
N32380,none,0,46.00454545454545,42003413400,121510.0
N12480,none,0,4.524999999999996,42003425000,46892.0
E32734,none,0,17.670454045,42003562300,25792.0
S70631,none,0,20.938636600000002,42003488600,83603.0
E50380,none,0,0.7068182000000001,42003523702,55532.0
E10720,none,0,3.859090909090908,42003521302,63524.0
S00800,nearside,1,12.1318181,42003562300,25792.0
E08650,none,0,18.79772775,42003141200,119044.0
S48380,nearside,1,18.711363636363636,42003483800,29306.0
E35772,none,0,3.5886365999999996,42003130700,30518.0
E70788,none,0,58.15,42003050100,30036.0
E21740,nearside,1,19.261361325,42003523501,64219.0
N45600,none,0,0.2522727272727275,42003413400,121510.0
E58000,none,0,7.118181600000001,42003130600,18879.0
E15030,none,0,4.43409075,42003101900,60457.0
N42430,none,0,5.6704545,42003430200,78718.0
N43510,none,0,33.434092500000006,42003261500,46141.0
E18280,nearside,1,42.927275,42003090300,68289.0
X18720,none,0,5.184090775,42003190300,81953.0
S70538,none,0,2.7545454545454553,42003480400,96447.0
N10060,none,0,0.0,42003980600,
E25050,nearside,1,10.3204545,42003509400,42344.0
E26450,nearside,1,0.69545455,42003120900,21087.0
S13760,none,0,4.2,42003486900,43207.0
E55990,nearside,1,31.51363605,42003564800,33883.0
S70404,none,0,1.5590909090909075,42003491200,97519.0
N10890,none,0,13.63181815,42003270100,61481.0
E35970,none,0,8.940909,42003120900,21087.0
E08970,none,0,15.138635,42003560500,92056.0
E42142,nearside,1,53.304545000000005,42003562000,26604.0
E05670,none,0,11.740909,42003030500,36932.0
W02450,none,0,2.27272715,42003563000,69327.0
S31480,none,0,16.0931835,42003484500,51129.0
N41740,farside,1,44.28864,42003565200,59229.0
N18220,farside,1,10.586363500000001,42003261300,48500.0
S27220,none,0,57.82272727272729,42003480101,51631.0
E70894,none,0,0.6022727000000001,42003561400,39788.0
X70029,none,0,4.3977274,42003191400,71295.0
E19520,nearside,1,187.013635,42003140100,124444.0
E02090,nearside,1,39.550002875000004,42003070300,78602.0
E70065,none,0,0.23409089500000002,42003524000,46610.0
N71253,none,0,1.8295457,42003262000,39618.0
N71324,none,0,0.9613636363636364,42003435000,59611.0
S08700,nearside,1,194.70909425,42003300100,47093.0
S70612,none,0,4.127273,42003488600,83603.0
E70882,none,0,16.929545795,42003151700,66467.0
E70296,farside,1,11.6295455,42003050600,42951.0
S38370,none,0,17.193182,42003481000,35640.0
X04605,nearside,1,5.22727255,42003473601,127206.0
E01380,nearside,1,20.0704525,42003140500,88490.0
N71326,none,0,0.456818181818182,42003435000,59611.0
E52990,none,0,2.90681835,42003981000,
N49470,none,0,14.1090891,42003270300,59398.0
S00750,nearside,1,87.50909300000001,42003562300,25792.0
E55250,none,0,0.340909075,42003130700,30518.0
E10040,nearside,1,0.29772727499999996,42003564700,40433.0
S50220,none,0,4.161363636363638,42003492900,44038.0
S06490,none,0,3.0931818181818196,42003480102,82396.0
E30420,nearside,1,53.329547275,42003526302,87029.0
N23970,none,0,1.5409090499999998,42003425000,46892.0
E44740,none,0,4.18409090909091,42003521200,67813.0
W19497,none,0,13.1386362,42003459201,92292.0
E50200,none,0,1.5022725000000001,42003523702,55532.0
S06270,none,0,23.956818,42003562400,43371.0
S10500,none,0,3.722727095,42003488500,58371.0
N43810,none,0,6.26818185,42003260700,79310.0
W70150,none,0,0.145454545,42003459101,80550.0
S21330,none,0,0.5090909,42003488100,69375.0
W23101,none,0,1.1181818000000001,42003453004,93740.0
S47130,farside,1,0.35454547500000005,42003501000,41382.0
W25860,none,0,0.506818195,42003562500,42292.0
E19670,none,0,31.579545799999998,42003140100,124444.0
N53645,farside,1,1.122727045,42003562700,59634.0
E70407,none,0,3.6954545,42003040200,22667.0
W12620,none,0,0.565909090909091,42003468700,69444.0
S70496,none,0,8.779545454545454,42003480300,69286.0
E08730,nearside,1,34.470454545454565,42003513800,27212.0
S70588,nearside,1,0.79545457,42003320400,66691.0
N12850,none,0,10.529545500000001,42003271600,38719.0
E50020,none,0,0.695454545,42003523502,58854.0
S13965,none,0,0.4113636363636365,42003480101,51631.0
E70780,none,0,83.854545,42003050900,12740.0
W22990,none,0,1.94318195,42003459201,92292.0
N43710,none,0,41.2772715,42003261400,44958.0
W11733,none,0,0.2659091,42003470300,70385.0
W08075,nearside,1,11.106818,42003470502,108600.0
E52995,none,0,1.5477274000000003,42003981000,
W21900,none,0,1.902272725,42003281500,63056.0
S46900,none,0,0.5636363636363637,42003552400,35331.0
W70173,none,0,1.643181818181818,42003458001,116080.0
E11730,nearside,1,28.961364500000002,42003090100,81681.0
N13760,none,0,1.213636363636365,42003435000,59611.0
S19380,none,0,501.6090909090909,42003483800,29306.0
E04580,none,0,3.540909,42003101900,60457.0
X02170,none,0,8.7704545,42003473601,127206.0
S13400,none,0,0.34318180000000004,42003488400,57584.0
S70564,none,0,3.2954547499999998,42003488600,83603.0
N41830,none,0,36.756816549999996,42003565200,59229.0
N03710,nearside,1,9.279545275,42003403500,41466.0
W10620,none,0,2.6522729,42003462100,54458.0
S01020,none,0,5.9409091499999995,42003562300,25792.0
N22070,nearside,1,2.1659090450000003,42003980000,
N13540,none,0,6.5886365,42003250900,38438.0
E21360,none,0,14.938636500000001,42003523200,41647.0
S70352,none,0,1.1659091,42003504100,39891.0
E00950,nearside,1,63.52954665,42003140400,182287.0
E28660,none,0,9.1659088,42003562300,25792.0
N18590,none,0,2.1363635,42003262000,39618.0
E13910,nearside,1,235.08409,42003070900,49421.0
E36190,none,0,0.0,42003564400,56333.0
S34220,none,0,1.7000002399999998,42003310200,79600.0
E45360,none,0,20.200000699999997,42003560500,92056.0
S48587,none,0,2.9454547750000004,42003477100,96005.0
E70263,none,0,0.23863635,42003523100,58471.0
E39300,farside,1,97.97727,42003080400,62868.0
E57510,none,0,18.09545455,42003140100,124444.0
E70030,none,0,9.004545299999998,42003525200,65464.0
E04240,none,0,2.918181818181816,42003518001,87114.0
N71248,none,0,1.2113636363636353,42003402000,49388.0
W70088,none,0,1.3750002000000001,42003462600,46935.0
W10680,none,0,20.4772709,42003202200,53521.0
N29120,none,0,12.325001499999999,42003427200,56912.0
X19470,nearside,1,0.40909090000000004,42003473300,127255.0
W13460,none,0,1.9409090909090898,42003460001,75598.0
N37290,none,0,1.5477275000000001,42003428100,79500.0
E41320,nearside,1,0.511363625,42003140300,142738.0
N21440,none,0,9.24090909090909,42003420000,43333.0
W24530,none,0,6.045454545454548,42003468900,53765.0
X15160,none,0,26.52272727272725,42003457200,53472.0
N43760,none,0,12.10227395,42003261400,44958.0
E23445,none,0,13.702272999999998,42003090300,68289.0
N43400,none,0,23.2545475,42003260700,79310.0
S70568,none,0,2.438636045,42003488500,58371.0
E05240,nearside,1,12.490908999999998,42003140800,88922.0
S16330,nearside,1,78.647726,42003160900,92593.0
N08360,none,0,4.156818,42003445500,77454.0
S70547,none,0,29.1795475,42003477300,60125.0
E50987,none,0,7.58181815,42003560500,92056.0
E25040,nearside,1,3.672727,42003509400,42344.0
W09795,nearside,1,0.884090925,42003451102,86040.0
N13615,none,0,51.218181349999995,42003562700,59634.0
S39980,none,0,6.7386362,42003477200,79306.0
E38120,none,0,17.63181818181819,42003510000,35483.0
E11820,nearside,1,22.068179424999997,42003101100,76000.0
N13190,none,0,2.0545453499999997,42003565200,59229.0
E46120,none,0,17.018182069999998,42003561400,39788.0
N30360,none,0,78.85227272727269,42003431500,55938.0
E02030,none,0,68.131818395,42003040200,22667.0
E32870,none,0,2.89772725,42003513000,31321.0
S00500,nearside,1,27.48863685,42003170200,68611.0
E14136,none,0,4.14772705,42003523100,58471.0
N50380,none,0,0.0681818181818182,42003241300,70218.0
E03910,nearside,1,18.1431825,42003040200,22667.0
E70887,none,0,1.59772725,42003562300,25792.0
W12703,none,0,60.875,42003459201,92292.0
E52500,none,0,18.8454539,42003564700,40433.0
S04160,nearside,1,46.75681818181819,42003483800,29306.0
N08560,nearside,1,5.38181818181818,42003563800,86929.0
N08680,none,0,0.0931818181818182,42003563800,86929.0
X04030,nearside,1,1.9409093,42003473500,174234.0
N13730,none,0,4.50681815,42003430200,78718.0
W07585,none,0,264.5181818181818,42003465600,60921.0
X10260,none,0,0.875,42003470300,70385.0
N45700,none,0,18.738636800000002,42003262000,39618.0
E57680,none,0,4.46136395,42003140200,62593.0
N22380,none,0,4.584091095000001,42003416000,58654.0
W08045,nearside,1,19.7886365,42003470502,108600.0
E05470,none,0,0.23863636363636376,42003521500,74800.0
X13730,none,0,3.7954543,42003191700,97069.0
E52590,nearside,1,6.720454545,42003101100,76000.0
E28610,none,0,4.65454525,42003151700,66467.0
E44770,none,0,4.913636363636362,42003521200,67813.0
E36100,none,0,1.452272675,42003120900,21087.0
S46450,none,0,2.690909090909095,42003550900,28767.0
E15670,farside,1,13.35227285,42003562000,26604.0
N19670,none,0,3.6977272727272714,42003414200,127093.0
E70963,none,0,5.0704545454545435,42003513800,27212.0
W08540,none,0,12.804545454545446,42003464400,17118.0
E30250,none,0,0.075,42003516100,92069.0
W17095,none,0,7.7363635,42003563100,64800.0
S70522,none,0,2.8272727272727254,42003480300,69286.0
E05920,none,0,19.31136375,42003151700,66467.0
E21540,none,0,16.9568176,42003523300,74740.0
E21150,nearside,1,6.6136364,42003523400,57966.0
W22520,none,0,0.672727275,42003459201,92292.0
E70381,none,0,2.31590892,42003523702,55532.0
E04663,none,0,1.8227274,42003508000,36161.0
N08750,none,0,3.14545465,42003445500,77454.0
E11860,nearside,1,9.706818100000001,42003101100,76000.0
W10470,none,0,3.9909089000000004,42003462100,54458.0
N71343,none,0,0.5227272749999999,42003565200,59229.0
E40310,none,0,11.613636949999998,42003561400,39788.0
E12580,none,0,0.02272727272727275,42003521100,86211.0
W70044,none,0,1.8613636,42003462100,54458.0
N71280,none,0,1.188636363636364,42003419000,70569.0
S47400,nearside,1,0.045454545,42003501000,41382.0
N20090,none,0,4.47727295,42003429600,77953.0
E57580,nearside,1,42.315907249999995,42003140200,62593.0
N13620,nearside,1,33.1477285,42003562700,59634.0
E05200,none,0,14.597727575,42003141300,46530.0
S32220,none,0,1.3954545500000002,42003488200,58125.0
P01290,nearside,1,136.15454599999998,42003020100,90726.0
N37090,none,0,0.81136365,42003428200,75795.0
S48260,none,0,14.213636845,42003482500,74545.0
S30255,none,0,0.02272727272727275,42003551300,57460.0
E41940,nearside,1,28.786365,42003111500,39331.0
N26800,none,0,466.625,42003429700,56103.0
E02810,none,0,1.654545545,42003523100,58471.0
N10730,nearside,1,45.17954635,42003270800,88490.0
N71288,none,0,0.1181818181818182,42003401100,76667.0
W70109,nearside,1,4.7363636363636346,42003465600,60921.0
E08740,none,0,0.48863635,42003515300,29612.0
X19460,nearside,1,2.3840909999999997,42003473300,127255.0
E52360,none,0,16.118181800000002,42003564700,40433.0
S24590,none,0,8.2818185,42003477300,60125.0
N52150,none,0,0.7318182,42003429202,115652.0
E20850,none,0,8.7522725,42003523200,41647.0
E49770,none,0,2.772727225,42003523702,55532.0
N08570,nearside,1,5.95909090909091,42003563800,86929.0
E32450,none,0,9.009090775,42003101400,83796.0
W24730,none,0,15.213636363636367,42003458001,116080.0
S13730,none,0,7.681818,42003488400,57584.0
E34210,none,0,34.2022715,42003523200,41647.0
S12530,none,0,3.8318182,42003562400,43371.0
S00180,nearside,1,449.79773,42003170200,68611.0
E36260,none,0,2.02045475,42003564400,56333.0
N08880,none,0,1.486363636363636,42003448000,65417.0
E46940,none,0,6.5704545,42003520001,68304.0
E20550,nearside,1,49.220454000000004,42003130700,30518.0
N04630,none,0,0.5840909,42003565200,59229.0
W11731,none,0,0.943182,42003470300,70385.0
S32700,none,0,34.04318181818183,42003551200,29279.0
E40360,none,0,0.5159091,42003561500,42461.0
N13215,none,0,5.368181750000001,42003270300,59398.0
E48690,none,0,5.4772725,42003130600,18879.0
S27215,none,0,19.727272727272705,42003480101,51631.0
N35660,none,0,3.8045452,42003426300,94917.0
N20860,nearside,1,1.9818181818181804,42003401200,46875.0
N71204,none,0,39.1681795,42003980400,
X04280,none,0,2.6068182749999997,42003473602,104864.0
E25010,nearside,1,19.822727272727292,42003510000,35483.0
E70848,none,0,3.53636355,42003562300,25792.0
N70130,none,0,63.699999999999996,42003565200,59229.0
N13803,none,0,3.7704545,42003430200,78718.0
E34990,none,0,14.413636449999998,42003020300,119233.0
N12705,none,0,12.4636365,42003271600,38719.0
S16580,none,0,24.545451999999997,42003170200,68611.0
E34700,nearside,1,2.48181809,42003523702,55532.0
N71275,none,0,50.763634100000004,42003421100,133283.0
E52380,none,0,10.431818175,42003564700,40433.0
E32291,none,0,0.097727275,42003509400,42344.0
W08480,none,0,23.62272727272729,42003460002,90848.0
X02430,nearside,1,8.770454545,42003473602,104864.0
E34970,nearside,1,34.4477285,42003020300,119233.0
S70519,none,0,1.31818181818182,42003480300,69286.0
E41770,nearside,1,35.925,42003070500,68957.0
N71331,none,0,2.020454545454545,42003434000,97175.0
S70175,nearside,1,,42003551900,14063.0
E25348,nearside,1,18.57272725,42003562901,52679.0
S47030,farside,1,10.30454545454545,42003551900,14063.0
E19630,none,0,124.2772695,42003140100,124444.0
N54510,none,0,13.031818000000001,42003261400,44958.0
E39340,none,0,56.672726499999996,42003080400,62868.0
E45680,nearside,1,15.05,42003080900,62852.0
S00410,none,0,24.5159093,42003170600,50859.0
E70076,none,0,0.84772725,42003521301,75233.0
E10280,none,0,1.1363636363636356,42003517000,36138.0
S02550,nearside,1,151.69999999999996,42003483800,29306.0
X04170,none,0,0.05,42003473500,174234.0
S24015,nearside,1,2.2613636363636367,42003491200,97519.0
S70610,none,0,29.172729999999998,42003488600,83603.0
E32304,none,0,1.4295454545454547,42003521200,67813.0
W18250,none,0,2.3113638,42003562800,56382.0
W19558,none,0,130.47727272727295,42003469000,86450.0
S70145,nearside,1,10.97500025,42003980800,
S21540,none,0,1.6727275000000001,42003488100,69375.0
N71258,none,0,0.71136365,42003429700,56103.0
N50460,none,0,1.009090925,42003428200,75795.0
E40825,none,0,1.5318180449999999,42003523100,58471.0
E29790,none,0,51.975,42003130800,23636.0
S44680,none,0,2.61818181818182,42003478200,58312.0
N10820,nearside,1,82.86591,42003271600,38719.0
E19770,nearside,1,343.311362,42003140800,88922.0
E19920,none,0,43.3954545,42003140100,124444.0
W00490,none,0,5.638636363636364,42003450800,57746.0
N14710,none,0,11.927270450000002,42003261500,46141.0
E70747,none,0,4.572727,42003561900,22770.0
E50390,none,0,0.552272725,42003523502,58854.0
E25075,none,0,9.8136365,42003151700,66467.0
S03090,nearside,1,8.6909092,42003484300,48841.0
X04040,nearside,1,1.97499995,42003473601,127206.0
S13670,none,0,5.404545454545455,42003486900,43207.0
E25337,none,0,12.3204545,42003151700,66467.0
W08570,none,0,8.286363636363635,42003464400,17118.0
N43940,none,0,26.622726500000002,42003980400,
N18320,none,0,0.7863636,42003262000,39618.0
S45040,none,0,2.779545275,42003161000,55700.0
S34080,none,0,5.4727275,42003565300,51008.0
E42796,none,0,54.809095,42003051000,16297.0
X01970,none,0,10.9795455,42003191500,77155.0
N39650,farside,1,14.104545454545475,42003432400,59435.0
W11723,none,0,0.0,42003470300,70385.0
S40180,none,0,8.09318165,42003565300,51008.0
X02300,none,0,12.13182065,42003473100,108050.0
E36220,nearside,1,6.90681815,42003564400,56333.0
N36340,nearside,1,0.7113636499999999,42003426300,94917.0
S00260,nearside,1,81.3954509,42003160800,54138.0
N21790,none,0,1.9340909090909084,42003404000,63000.0
S70370,nearside,1,15.727272727272725,42003499400,47202.0
E52810,nearside,1,17.972729,42003100500,62411.0
S46480,none,0,2.6954545454545475,42003550900,28767.0
X13773,nearside,1,18.5068168,42003320600,92143.0
E71006,nearside,1,,42003521301,75233.0
W16380,none,0,3.4045455000000002,42003470502,108600.0
N08520,none,0,1.6772727272727275,42003446000,208333.0
S20470,none,0,14.334090909090907,42003486700,39662.0
E34820,none,0,2.084091,42003561900,22770.0
E36240,none,0,0.11818182,42003504100,39891.0
E70766,none,0,3.6159092250000002,42003514000,29107.0
E13420,none,0,50.84773,42003562000,26604.0
S24280,nearside,1,8.66818155,42003477300,60125.0
N33120,nearside,1,64.388637925,42003429202,115652.0
N37130,none,0,0.57727275,42003428100,79500.0
E04890,nearside,1,9.9863635,42003562000,26604.0
E42010,none,0,53.815909000000005,42003111500,39331.0
W16560,none,0,7.195454300000001,42003563100,64800.0
N45010,nearside,1,6.586363636363635,42003418000,70132.0
N52160,none,0,0.4681818,42003429202,115652.0
N09506,none,0,8.640909090909094,42003413201,102969.0
W16390,none,0,3.2704544999999996,42003470502,108600.0
X00620,farside,1,4.281818045,42003191600,60109.0
N36300,none,0,7.027272400000001,42003426400,85435.0
E21090,none,0,7.4295456,42003523300,74740.0
E70341,none,0,0.975,42003523501,64219.0
E12570,none,0,0.6886365,42003526202,95438.0
E04140,nearside,1,61.56363636363639,42003563900,71716.0
X18590,none,0,1.2727273000000001,42003470400,110357.0
E56560,nearside,1,23.0022735,42003515100,47052.0
E16160,none,0,3.3045454999999997,42003140800,88922.0
X20280,none,0,6.55681825,42003192000,75735.0
N28240,none,0,1.386363625,42003261300,48500.0
N20760,none,0,9.168181818181814,42003425000,46892.0
N71340,farside,1,8.859091,42003429100,73220.0
S47120,none,0,3.2,42003552400,35331.0
E70379,none,0,2.7227273949999997,42003523702,55532.0
X00390,none,0,10.0568185,42003191500,77155.0
N31700,none,0,9.85681825,42003424000,44571.0
S46920,nearside,1,0.46363636363636374,42003552400,35331.0
S47450,none,0,0.025,42003552400,35331.0
E27520,none,0,2.25909105,42003513000,31321.0
X12687,none,0,0.0,42003475101,92863.0
E46130,nearside,1,30.42954695,42003140500,88490.0
E39940,none,0,0.33863636363636346,42003521200,67813.0
E55480,none,0,1.8477275,42003523800,67314.0
S70437,none,0,1.6954545454545475,42003480300,69286.0
S47250,none,0,0.49772725,42003501000,41382.0
S70577,none,0,16.7045468,42003160900,92593.0
S50180,none,0,4.425,42003492900,44038.0
N12700,none,0,28.397727272727295,42003432300,46994.0
E32745,none,0,19.652272449999998,42003562300,25792.0
S30580,nearside,1,4.322727272727274,42003551900,14063.0
W21880,none,0,8.045454545454545,42003465600,60921.0
N18840,none,0,4.272727272727271,42003427000,59250.0
E05190,none,0,13.7613638,42003141300,46530.0
N33100,farside,1,30.9681818,42003429202,115652.0
W07870,none,0,1.6500001,42003461000,54286.0
E33090,none,0,35.368182645000005,42003560400,49048.0
E08056,none,0,10.118182000000001,42003101900,60457.0
S13690,none,0,4.304545454545455,42003486900,43207.0
X09310,none,0,3.2499997749999996,42003190300,81953.0
S05430,none,0,3.840909275,42003477100,96005.0
N15515,none,0,0.9522727,42003429700,56103.0
E29910,none,0,3.68863625,42003130200,41667.0
S08130,none,0,82.70000000000002,42003290100,41175.0
W22200,none,0,2.2340907000000003,42003459201,92292.0
S14743,none,0,5.488636363636362,42003486700,39662.0
N70177,nearside,1,0.0,42003421100,133283.0
E49310,none,0,4.552273,42003051100,20441.0
S70142,none,0,43.44318181818183,42003486700,39662.0
E20901,nearside,1,16.615909,42003523300,74740.0
E70814,farside,1,97.05227,42003070500,68957.0
E70343,none,0,9.952273,42003130700,30518.0
E20950,none,0,1.4022727,42003523200,41647.0
E25357,none,0,5.420454299999999,42003151600,54917.0
E17311,busway,0,27.120453895,42003140500,88490.0
S00550,none,0,0.07272727500000001,42003484600,35776.0
E45950,nearside,1,17.2863625,42003080900,62852.0
W06630,none,0,1.254545454545456,42003460002,90848.0
W11775,none,0,1.643182,42003470300,70385.0
S00870,nearside,1,8.113636249999999,42003562300,25792.0
N10380,nearside,1,57.675000499999996,42003270800,88490.0
N21740,none,0,3.5181819,42003416000,58654.0
E70307,none,0,4.315909175,42003515401,79297.0
E70276,none,0,9.3659088,42003523702,55532.0
S39660,none,0,3.9568180450000003,42003477300,60125.0
N12960,none,0,11.381818500000001,42003270100,61481.0
E32380,none,0,19.1999995,42003101400,83796.0
N14980,nearside,1,15.7022705,42003563201,98889.0
E54590,none,0,17.4181805,42003560400,49048.0
N20550,nearside,1,0.0931818181818182,42003401300,80458.0
N14910,none,0,1.0181818500000002,42003565200,59229.0
E27640,none,0,8.600000000000001,42003521500,74800.0
N13143,none,0,9.6795455,42003271600,38719.0
N35850,none,0,1.509090945,42003426300,94917.0
S16060,nearside,1,171.84090500000002,42003170200,68611.0
E38330,nearside,1,3.3499999999999988,42003521200,67813.0
X17735,none,0,12.079546350000001,42003191400,71295.0
S23960,none,0,1.7340910999999999,42003477300,60125.0
W22630,farside,1,17.72500025,42003459201,92292.0
S70407,none,0,188.37273,42003170200,68611.0
N71213,none,0,9.92500025,42003429500,56602.0
N35650,none,0,0.26818182,42003426400,85435.0
E04667,nearside,1,12.3318182,42003101400,83796.0
W14220,none,0,4.625000045,42003281400,37533.0
N14570,none,0,7.449999999999999,42003261400,44958.0
E42134,nearside,1,51.288635,42003070900,49421.0
E45060,nearside,1,0.7909090999999999,42003508000,36161.0
N15521,nearside,1,1.9363635000000001,42003429700,56103.0
N20730,farside,1,1.7113635,42003421100,133283.0
W00260,nearside,1,3.697727272727275,42003468800,65653.0
W19493,nearside,1,6.434090625,42003459201,92292.0
N08180,none,0,27.25909,42003445500,77454.0
W11765,none,0,1.5045455,42003470300,70385.0
N37030,none,0,3.4113635,42003428200,75795.0
S47580,nearside,1,18.2681821,42003562400,43371.0
E17303,busway,0,1028.0772849999998,42003070800,94297.0
N43660,none,0,2.5499998,42003261400,44958.0
X09540,none,0,25.87045454545455,42003474201,154731.0
E07170,none,0,42.46590909090911,42003510000,35483.0
S09280,none,0,28.702272727272728,42003478100,55729.0
X06860,none,0,5.2045455,42003191100,79133.0
W23188,none,0,3.25681795,42003470300,70385.0
N28280,none,0,0.8022727272727269,42003260200,56696.0
E54855,none,0,0.197727275,42003526201,85903.0
N08000,none,0,1.0,42003980600,
N08670,none,0,6.11818185,42003445500,77454.0
S00010,none,0,17.14090909090907,42003483800,29306.0
X01950,none,0,2.96136365,42003191500,77155.0
N45383,none,0,0.29090910000000003,42003428200,75795.0
E71000,nearside,1,,42003111500,39331.0
W14310,none,0,10.99318175,42003202200,53521.0
X00590,none,0,3.6909092,42003202300,70295.0
E70798,none,0,27.684089999999998,42003051000,16297.0
E03570,nearside,1,21.086365999999998,42003524000,46610.0
S20460,none,0,1.077272727272725,42003486800,43125.0
W17860,none,0,2.7636364,42003470502,108600.0
N39550,none,0,8.440909090909088,42003432400,59435.0
E46890,none,0,8.927272799999999,42003520001,68304.0
E49780,none,0,3.10681795,42003523502,58854.0
S09310,none,0,106.063635,42003290200,41321.0
E39060,none,0,0.8340909000000001,42003508000,36161.0
N22430,none,0,4.43409090909091,42003419000,70569.0
E54470,none,0,0.047727275,42003141400,101767.0
W03460,none,0,7.770454999999999,42003202200,53521.0
E35440,nearside,1,6.6750003,42003080400,62868.0
E40110,none,0,3.2454545454545456,42003521200,67813.0
S10480,none,0,3.5704543,42003488500,58371.0
E13630,nearside,1,271.079545,42003080400,62868.0
S70627,none,0,0.0,42003491200,97519.0
N43960,none,0,50.065911,42003260200,56696.0
N50730,none,0,0.0,42003428200,75795.0
S44850,none,0,54.390909090909105,42003492800,36250.0
E15620,nearside,1,582.2545700000001,42003040400,60329.0
W07940,none,0,1.58636365,42003461000,54286.0
S02570,farside,1,112.42500000000001,42003483800,29306.0
N32560,nearside,1,16.031818181818167,42003413201,102969.0
W24400,nearside,1,22.0068181818182,42003457100,63295.0
E70758,none,0,0.20909090000000002,42003101400,83796.0
X01890,none,0,8.411363545,42003191500,77155.0
E70763,none,0,3.0431816,42003120900,21087.0
S23625,nearside,1,2.2613636363636354,42003491200,97519.0
N30350,none,0,87.22045454545456,42003431500,55938.0
S00450,none,0,130.5204491,42003170600,50859.0
E13190,farside,1,75.33863500000001,42003051000,16297.0
E38010,none,0,7.4386363636363635,42003510000,35483.0
W08510,none,0,12.75,42003464400,17118.0
E36110,none,0,9.90454535,42003564400,56333.0
E04230,farside,1,20.52045454545454,42003518001,87114.0
S06274,none,0,5.66818175,42003180300,42029.0
N15910,none,0,10.381818181818181,42003413500,74259.0
E70251,none,0,20.874999999999986,42003510000,35483.0
N32815,farside,1,62.2931798,42003429201,121620.0
S30760,none,0,81.57499999999997,42003551900,14063.0
S08840,nearside,1,91.8931845,42003290100,41175.0
N15698,none,0,2.286363636363638,42003413400,121510.0
E59510,nearside,1,2.920454725,42003564800,33883.0
E45980,none,0,14.177272494999999,42003561400,39788.0
W70153,none,0,0.5863636249999999,42003459101,80550.0
E05270,none,0,0.8545454,42003141300,46530.0
E12790,none,0,1.3840909,42003526202,95438.0
S70497,none,0,0.24772727272727274,42003480300,69286.0
S42490,busway,0,24.797726975,42003320600,92143.0
N36530,none,0,1.03636365,42003426300,94917.0
W21965,none,0,22.772727272727252,42003465600,60921.0
N70144,none,0,39.59318185,42003403500,41466.0
N50390,none,0,0.025,42003241300,70218.0
E21060,none,0,18.3272725,42003523501,64219.0
E20870,none,0,15.629546,42003523200,41647.0
S05232,none,0,1.7954543,42003565300,51008.0
E70889,nearside,1,37.93636600000001,42003141300,46530.0
E70741,none,0,8.2568185,42003561900,22770.0
E32736,none,0,8.265908775,42003562300,25792.0
N50750,none,0,1.0204544999999998,42003241300,70218.0
S44820,none,0,4.484090909090907,42003492800,36250.0
S70498,none,0,2.7795454545454525,42003480300,69286.0
E54210,none,0,19.981818500000003,42003040200,22667.0
N71342,none,0,19.6068183,42003429500,56602.0
E35650,nearside,1,14.811363636363634,42003513800,27212.0
E25347,none,0,3.4590909499999998,42003151600,54917.0
N08710,none,0,19.081818181818203,42003448000,65417.0
E21570,nearside,1,64.6886355,42003523300,74740.0
E70872,none,0,5.020454300000001,42003504100,39891.0
E27530,none,0,9.815909,42003513000,31321.0
E42792,none,0,36.954545,42003051000,16297.0
S05235,none,0,4.1000001,42003565300,51008.0
P00375,none,0,667.5090739999999,42003020100,90726.0
E51350,none,0,5.370454499999999,42003140400,182287.0
E12040,nearside,1,52.577273575,42003101100,76000.0
E20560,nearside,1,38.884091999999995,42003130700,30518.0
W13330,none,0,0.775,42003460001,75598.0
X04070,none,0,0.07272727500000001,42003473601,127206.0
N38770,none,0,151.1977286,42003562700,59634.0
E32224,none,0,0.04545455,42003562300,25792.0
E26640,none,0,12.9204545,42003130800,23636.0
X08925,none,0,9.42727285,42003180700,58811.0
N32890,nearside,1,58.545457975,42003429500,56602.0
E40990,none,0,2.9181820499999995,42003523100,58471.0
E70865,none,0,6.9545455,42003051100,20441.0
N36970,none,0,0.7840908950000001,42003428200,75795.0
N21340,none,0,5.345454545454545,42003419000,70569.0
E41330,nearside,1,342.59090549999996,42003140800,88922.0
S70636,none,0,1.265909090909092,42003486700,39662.0
W14210,none,0,4.3386364,42003563000,69327.0
S70525,none,0,2.25,42003480300,69286.0
W23104,none,0,1.8863637999999998,42003453004,93740.0
S48450,none,0,12.2704535,42003484600,35776.0
E70007,none,0,68.3818165,42003515100,47052.0
N05460,none,0,0.16363634999999999,42003429201,121620.0
E39200,none,0,1.21136362,42003508000,36161.0
S35520,none,0,0.311363625,42003180300,42029.0
X17660,none,0,2.9000000000000004,42003191500,77155.0
S43665,none,0,0.6954545,42003490003,108769.0
N45220,none,0,0.0,42003413500,74259.0
N14645,none,0,2.6977273999999998,42003261400,44958.0
E10480,none,0,2.0954543,42003512000,45971.0
N08620,none,0,11.715909090909074,42003448000,65417.0
N38690,none,0,18.679547499999998,42003563202,41607.0
E70323,none,0,2.0477272,42003523200,41647.0
W70175,nearside,1,10.93182045,42003451105,96821.0
N45893,none,0,,42003562700,59634.0
S70449,none,0,3.2795454545454548,42003480102,82396.0
E59720,none,0,1.5863635999999999,42003515100,47052.0
E70425,farside,1,373.82500415000004,42003070800,94297.0
E04920,nearside,1,14.5,42003080400,62868.0
W07665,none,0,0.325000025,42003461000,54286.0
N08410,none,0,3.05909115,42003445500,77454.0
E37250,none,0,12.524999545,42003523400,57966.0
S38530,none,0,26.745456,42003488400,57584.0
E36450,none,0,0.045454545,42003564400,56333.0
S70412,none,0,12.3931841,42003485000,59242.0
E54870,none,0,1.5318181499999999,42003526201,85903.0
E46560,farside,1,12.0704545,42003560400,49048.0
E08550,nearside,1,25.186363636363627,42003513800,27212.0
W70056,busway,0,43.029545725,42003562500,42292.0
X70087,none,0,3.25454545,42003191400,71295.0
W01200,none,0,1.3795454500000002,42003459201,92292.0
E20360,nearside,1,42.0022715,42003130800,23636.0
E30540,nearside,1,50.074999545,42003526302,87029.0
E40280,none,0,21.5818187,42003561500,42461.0
E03290,none,0,5.6727273,42003151700,66467.0
S70380,none,0,2.5113636363636367,42003492800,36250.0
E42940,none,0,7.6295453,42003130600,18879.0
S49510,none,0,5.779545454545456,42003552200,50000.0
S16540,none,0,347.86820450000005,42003980700,77411.0
N71316,none,0,18.656816,42003270300,59398.0
N38820,nearside,1,59.352273600000004,42003562700,59634.0
S04450,none,0,86.00909,42003160800,54138.0
S70472,nearside,1,65.16590819999999,42003160900,92593.0
E57180,none,0,9.390909,42003141100,105063.0
W13520,none,0,0.3750000000000002,42003460001,75598.0
S27880,none,0,0.33863637500000004,42003488600,83603.0
E08046,nearside,1,9.984091,42003111400,62315.0
W23090,none,0,3.306818275,42003453004,93740.0
E06160,none,0,0.727272725,42003151700,66467.0
W03890,none,0,7.336363636363634,42003463900,46183.0
E04410,farside,1,18.50227272727273,42003518001,87114.0
E32295,none,0,16.363636500000002,42003509400,42344.0
N44020,none,0,5.7931816000000005,42003261400,44958.0
N31905,none,0,10.961363500000001,42003262000,39618.0
N36980,none,0,0.9181818,42003428200,75795.0
E70355,none,0,1.08636365,42003523502,58854.0
N36955,none,0,0.690909,42003428100,79500.0
X15600,none,0,3.4818183,42003191500,77155.0
E70802,nearside,1,19.9295459,42003140400,182287.0
N31790,none,0,13.1227275,42003565200,59229.0
N47290,nearside,1,68.91363755,42003562700,59634.0
E01980,nearside,1,106.73635949999999,42003140200,62593.0
N22830,none,0,0.17045454545454547,42003404000,63000.0
E70940,none,0,15.175000524999998,42003120300,26837.0
E34950,nearside,1,80.3454555,42003020300,119233.0
N71273,farside,1,8.5704545,42003421100,133283.0
S70331,none,0,6.48181818181818,42003499400,47202.0
S70492,none,0,2.804545454545455,42003480400,96447.0
S70357,none,0,0.0,42003504100,39891.0
W03420,none,0,14.336362,42003562600,40020.0
N19015,none,0,6.527272727272731,42003427000,59250.0
E70877,none,0,0.147727275,42003504100,39891.0
E52620,nearside,1,49.029548000000005,42003101400,83796.0
W24250,nearside,1,24.32954545454546,42003468900,53765.0
N25510,none,0,1.45454535,42003565100,57621.0
E70960,none,0,16.772727500000002,42003508000,36161.0
E08560,nearside,1,21.663636363636382,42003513800,27212.0
S70633,none,0,0.40454545454545454,42003486700,39662.0
S30240,nearside,1,2.049999775,42003503002,57813.0
E06460,none,0,14.522727100000003,42003140100,124444.0
N53545,none,0,45.013633545000005,42003980000,
E13770,none,0,5.46363685,42003111500,39331.0
S19200,none,0,1.318182,42003477100,96005.0
X02280,nearside,1,7.82727265,42003473601,127206.0
N15510,none,0,0.1,42003429700,56103.0
S70268,none,0,18.14090909090909,42003488200,58125.0
E23550,nearside,1,37.256815,42003080700,45324.0
N32350,nearside,1,0.20454545,42003429201,121620.0
E02900,none,0,7.2681819999999995,42003050600,42951.0
E47530,none,0,6.609090909090908,42003521301,75233.0
S24100,nearside,1,16.525,42003489001,90781.0
S30660,nearside,1,161.4363636363637,42003551900,14063.0
E21590,none,0,10.87045475,42003523400,57966.0
E32299,none,0,0.9227272999999999,42003509400,42344.0
W25940,none,0,1.027272715,42003562500,42292.0
N36500,none,0,1.8477274000000001,42003426300,94917.0
N32360,farside,1,0.975,42003429201,121620.0
N12740,none,0,20.456818000000002,42003270100,61481.0
N14295,none,0,0.42954545,42003429600,77953.0
N71357,nearside,1,,42003413201,102969.0
N12360,nearside,1,11.543181818181818,42003425000,46892.0
N21260,none,0,5.2659090909090915,42003419000,70569.0
S70398,none,0,1.5863636363636355,42003491200,97519.0
N71333,none,0,2.363636363636365,42003435000,59611.0
N19680,none,0,0.02272727272727275,42003414200,127093.0
S02670,nearside,1,52.38636340000001,42003484300,48841.0
E40770,none,0,1.077272695,42003523100,58471.0
S70313,none,0,0.0,42003488600,83603.0
E70396,none,0,9.8886363,42003101900,60457.0
E14330,nearside,1,2.4931818199999998,42003515300,29612.0
S38700,none,0,1.231818045,42003488400,57584.0
W26150,busway,0,380.67499999999995,42003465600,60921.0
S70264,none,0,6.1454545,42003562400,43371.0
N50740,none,0,0.0,42003428200,75795.0
N40030,none,0,3.5045454545454535,42003435000,59611.0
N44030,none,0,9.45454565,42003261400,44958.0
E70947,none,0,0.23636363636363625,42003519000,102216.0
N20180,none,0,13.854545454545445,42003431400,68273.0
W00300,nearside,1,16.3590909090909,42003450800,57746.0
E17780,none,0,2.2727272727272707,42003516100,92069.0
W19495,none,0,176.37954485,42003459201,92292.0
N45660,none,0,0.022727275,42003429201,121620.0
E40270,nearside,1,35.50227325,42003561400,39788.0
N18920,none,0,0.0,42003429100,73220.0
E49260,nearside,1,15.920454874999999,42003560400,49048.0
E70781,none,0,48.890910000000005,42003050900,12740.0
W10215,none,0,42.84090909090909,42003464300,67879.0
N41250,none,0,0.6249999999999998,42003413400,121510.0
E48390,nearside,1,14.775000200000001,42003564700,40433.0
N08230,none,0,18.46363636363638,42003448000,65417.0
N37195,none,0,0.2590909,42003428100,79500.0
W21560,none,0,11.000000250000001,42003562600,40020.0
E08920,nearside,1,43.50227050000001,42003515401,79297.0
N70084,none,0,5.16363625,42003429600,77953.0
W01885,none,0,4.525,42003464300,67879.0
N24250,none,0,5.65,42003431100,60559.0
W21890,none,0,27.840908999999996,42003562600,40020.0
S70371,none,0,20.58409090909091,42003499400,47202.0
W00530,none,0,2.8704545454545474,42003450700,51898.0
S11400,none,0,5.765909500000001,42003300100,47093.0
E14133,none,0,3.40454535,42003523100,58471.0
S49380,nearside,1,26.87045454545455,42003552200,50000.0
X19400,nearside,1,5.2363638,42003473402,149211.0
E39310,nearside,1,24.561365,42003080400,62868.0
E10700,farside,1,21.184090100000002,42003522000,35829.0
E34060,none,0,1.5068183,42003561400,39788.0
X18840,nearside,1,7.7613638,42003190300,81953.0
E59060,nearside,1,7.463636599999999,42003521200,67813.0
N13180,none,0,11.85909,42003565200,59229.0
X04485,nearside,1,2.4181818,42003473601,127206.0
E70852,none,0,5.475000045,42003562300,25792.0
N22040,none,0,6.456818181818185,42003419000,70569.0
E25030,nearside,1,14.529545500000001,42003509400,42344.0
S00080,none,0,16.63863636363638,42003483800,29306.0
X04380,none,0,23.7886345,42003191800,71058.0
X13400,none,0,42.93182045,42003191700,97069.0
S35470,none,0,2.036363545,42003170600,50859.0
N18890,none,0,0.0,42003429100,73220.0
N30190,nearside,1,115.23636363636368,42003431500,55938.0
E11700,nearside,1,41.03636205000001,42003090200,75521.0
S70413,none,0,1.2727275,42003485000,59242.0
E36060,nearside,1,50.8363626,42003120300,26837.0
W23000,none,0,0.3318182,42003459201,92292.0
E53680,nearside,1,45.99545585,42003564700,40433.0
N70012,none,0,20.3863652,42003429202,115652.0
N32760,nearside,1,3.8613636500000004,42003429100,73220.0
N30480,nearside,1,75.12045454545455,42003431500,55938.0
S02270,none,0,6.581818181818179,42003486800,43125.0
E70218,none,0,,42003514000,29107.0
N20590,nearside,1,11.047727,42003420000,43333.0
W70205,none,0,,42003451300,110982.0
S70598,none,0,9.024999999999999,42003491200,97519.0
S70365,none,0,2.4204545454545476,42003499300,50729.0
S48562,none,0,6.0454545,42003477200,79306.0
N20720,none,0,1.713636545,42003421100,133283.0
S30610,nearside,1,16.636363636363647,42003551900,14063.0
E21190,none,0,19.5340915,42003523200,41647.0
S50254,none,0,1.8477272727272749,42003491200,97519.0
E19800,nearside,1,331.4795425,42003140300,142738.0
E38305,none,0,3.9795454545454545,42003521200,67813.0
E23510,nearside,1,14.818181500000001,42003080900,62852.0
E50520,nearside,1,4.35,42003523501,64219.0
N13370,none,0,13.6590885,42003270100,61481.0
E11922,none,0,5.1568182,42003101800,81406.0
E70939,none,0,6.6772730000000005,42003051000,16297.0
X70063,nearside,1,0.843181825,42003473100,108050.0
W14580,none,0,2.41136365,42003281400,37533.0
N26864,none,0,0.0,42003526101,105917.0
E37330,none,0,1.1136365,42003523400,57966.0
E57790,none,0,21.0272746,42003140400,182287.0
N54530,none,0,10.3227275,42003261400,44958.0
E55630,none,0,8.647727,42003523800,67314.0
W70072,nearside,1,131.64545134999997,42003459201,92292.0
W70142,none,0,0.7954545454545454,42003464300,67879.0
E01370,farside,1,72.0772714,42003120900,21087.0
E70448,none,0,0.6113636499999999,42003523702,55532.0
E70408,farside,1,17.365907500000002,42003564700,40433.0
N40425,none,0,9.918182045,42003421100,133283.0
N37220,none,0,0.74545455,42003429100,73220.0
N08170,none,0,2.393182,42003445500,77454.0
W07750,none,0,1.3227272499999998,42003461000,54286.0
E33940,nearside,1,9.815909045,42003561400,39788.0
S35905,none,0,3.1863636363636347,42003480102,82396.0
N41341,none,0,,42003261300,48500.0
S70356,none,0,4.0113635,42003504100,39891.0
E46590,nearside,1,19.393182,42003560400,49048.0
N19170,none,0,33.431818500000006,42003565100,57621.0
W07960,none,0,10.9022732,42003461000,54286.0
N06930,none,0,0.568181818181818,42003413400,121510.0
N28120,none,0,1.2090908949999999,42003261300,48500.0
W03860,none,0,10.849999999999978,42003463900,46183.0
E01150,none,0,411.34090785,42003040400,60329.0
P00001,farside,1,,42003020100,90726.0
N45940,none,0,1.375,42003562700,59634.0
W02710,none,0,44.529545454545456,42003463900,46183.0
X01290,nearside,1,9.924999999999999,42003180700,58811.0
E70938,none,0,10.9045455,42003030500,36932.0
X10680,none,0,0.1,42003472200,60625.0
E41380,none,0,51.304547750000005,42003151700,66467.0
E70744,none,0,1.92045455,42003561900,22770.0
E55260,none,0,3.972727,42003130700,30518.0
E04420,none,0,1.579545454545455,42003518001,87114.0
E12030,nearside,1,83.759094,42003090200,75521.0
E51340,nearside,1,88.06590949999999,42003140300,142738.0
E21130,nearside,1,8.24772755,42003523300,74740.0
E10650,none,0,0.35,42003521302,63524.0
E38060,none,0,15.28636363636364,42003510000,35483.0
W70149,none,0,0.6113636363636366,42003460001,75598.0
W22440,none,0,4.8159095,42003459201,92292.0
E53040,none,0,15.2068191,42003101800,81406.0
W70128,none,0,2.118181775,42003470502,108600.0
S32920,none,0,2.4681818181818196,42003480102,82396.0
X04500,none,0,7.334090600000001,42003473601,127206.0
N28130,none,0,2.8840908,42003261300,48500.0
E45670,nearside,1,23.259090999999998,42003111400,62315.0
E59670,none,0,2.80909075,42003515100,47052.0
N22540,none,0,3.011363636363638,42003404000,63000.0
E35590,none,0,5.25681825,42003060500,62841.0
E34240,none,0,16.506818499999998,42003561400,39788.0
S34280,none,0,2.3045452749999997,42003565300,51008.0
N21820,none,0,1.3977272727272732,42003404000,63000.0
S02160,none,0,4.1113636363636346,42003486900,43207.0
E46270,none,0,12.861363400000002,42003140500,88490.0
N71328,none,0,3.422727272727273,42003434000,97175.0
S70338,none,0,1.9954545454545465,42003499300,50729.0
E45280,none,0,3.15454565,42003120300,26837.0
E27540,nearside,1,138.422731,42003564800,33883.0
E10610,none,0,1.3431818181818183,42003521302,63524.0
W25210,none,0,18.700000000000003,42003457100,63295.0
X02230,none,0,13.9545453,42003473100,108050.0
S70576,farside,1,0.0,42003551300,57460.0
X00140,none,0,12.1136365,42003320600,92143.0
E56300,none,0,0.0,42003120900,21087.0
E51260,none,0,5.475,42003140300,142738.0
N35570,none,0,35.2136359,42003261300,48500.0
N37270,none,0,0.7590908999999999,42003428100,79500.0
S01360,none,0,17.175000000000004,42003486700,39662.0
E19360,nearside,1,166.34545,42003140300,142738.0
E49595,none,0,1.12045455,42003523702,55532.0
X02040,none,0,14.597729000000001,42003473602,104864.0
N13790,none,0,6.729545399999999,42003430200,78718.0
E41130,none,0,34.64318125,42003141400,101767.0
E70962,nearside,1,13.129545454545456,42003513800,27212.0
N41310,none,0,19.6818183,42003261300,48500.0
W13390,none,0,0.5977272499999999,42003462100,54458.0
E70430,none,0,0.4545455,42003526101,105917.0
E01410,nearside,1,471.42727,42003070900,49421.0
S31590,nearside,1,15.843182500000001,42003484500,51129.0
N52130,none,0,1.3545455,42003429202,115652.0
E70978,none,0,0.39545454999999996,42003523800,67314.0
W07880,none,0,14.965908500000001,42003461000,54286.0
N70106,nearside,1,0.1681818181818182,42003401100,76667.0
W25910,farside,1,6.988636495,42003562600,40020.0
N22700,none,0,1.4477272727272723,42003404000,63000.0
E18010,none,0,17.60454545454548,42003510000,35483.0
E57610,none,0,5.399999695,42003140300,142738.0
E56380,farside,1,15.66591135,42003120900,21087.0
W03620,none,0,2.6613635999999996,42003202200,53521.0
E46260,nearside,1,24.9931835,42003080900,62852.0
N71242,none,0,1.22045455,42003403500,41466.0
S13780,none,0,4.93409090909091,42003486900,43207.0
N08760,none,0,0.684090909090909,42003448000,65417.0
E34770,none,0,7.05,42003120300,26837.0
S33675,none,0,36.80227275,42003488400,57584.0
N18985,none,0,18.531818181818174,42003427000,59250.0
E30600,nearside,1,1.490909,42003526302,87029.0
E46500,none,0,8.879545275,42003561500,42461.0
N18747,none,0,3.375,42003427000,59250.0
E70760,none,0,0.6159091000000001,42003101400,83796.0
W22870,none,0,2.0818181749999995,42003459201,92292.0
S01530,nearside,1,5.888636363636365,42003486800,43125.0
E05250,none,0,24.104545594999998,42003141300,46530.0
N31770,none,0,34.275003,42003424000,44571.0
S70373,none,0,9.281818181818185,42003499400,47202.0
S70515,nearside,1,1.0340909999999999,42003290200,41321.0
S70605,none,0,1.4022727750000001,42003488600,83603.0
N36540,none,0,1.4954545250000002,42003426300,94917.0
X13460,none,0,15.563636500000001,42003191700,97069.0
N71283,none,0,24.48863755,42003421100,133283.0
N38140,none,0,12.51818181818182,42003413500,74259.0
N20050,none,0,9.18409090909091,42003431400,68273.0
X17720,none,0,5.7022728,42003191500,77155.0
E00420,farside,1,26.447725450000004,42003060300,91731.0
N43620,none,0,28.597729,42003261400,44958.0
W07780,none,0,1.0818182,42003461000,54286.0
N49450,none,0,7.720454650000001,42003271600,38719.0
S70358,none,0,0.45681817500000005,42003504100,39891.0
N14310,none,0,6.013636,42003430100,71136.0
E10390,none,0,2.36590909090909,42003517000,36138.0
W70097,none,0,6.952272727272725,42003465600,60921.0
S05236,none,0,7.67045475,42003565300,51008.0
E30310,nearside,1,200.95454545454527,42003521500,74800.0
E04510,none,0,3.5840909499999998,42003101900,60457.0
E70866,none,0,10.009091,42003051100,20441.0
S13720,none,0,6.845454545454545,42003486900,43207.0
X16330,farside,1,7.840909,42003191400,71295.0
E43740,none,0,20.059090909090912,42003521500,74800.0
W08035,nearside,1,7.4750000000000005,42003469000,86450.0
E35220,none,0,13.3045455,42003090300,68289.0
N71259,none,0,0.1136363636363635,42003413500,74259.0
E15640,farside,1,6.765909499999999,42003562000,26604.0
E25368,none,0,10.7045455,42003151600,54917.0
E71003,none,0,,42003521302,63524.0
N46060,none,0,3.6340909999999997,42003250900,38438.0
S45020,none,0,3.7272725450000004,42003481000,35640.0
N07290,none,0,0.7522727272727275,42003413500,74259.0
W00002,none,0,,42003453003,87255.0
N47130,none,0,0.7909090909090907,42003413500,74259.0
N24120,none,0,5.3045454545454565,42003425000,46892.0
W70180,nearside,1,3.731818,42003451105,96821.0
E70035,none,0,4.204545250000001,42003525200,65464.0
N13850,none,0,7.638636275,42003430200,78718.0
E35880,none,0,19.536361450000005,42003120300,26837.0
E30125,none,0,0.7272727,42003523701,63371.0
N25437,none,0,0.07045454545454545,42003414102,115494.0
E00430,none,0,18.71136135,42003090200,75521.0
E07920,none,0,6.85454535,42003151700,66467.0
E17294,busway,0,153.31818392,42003070800,94297.0
S14780,none,0,1.0227272727272725,42003486800,43125.0
E20420,none,0,18.847727,42003120900,21087.0
S12460,none,0,4.41363625,42003562400,43371.0
W23092,nearside,1,22.090908000000002,42003453004,93740.0
N40060,nearside,1,20.531818181818167,42003435000,59611.0
E52610,nearside,1,42.756815,42003111300,62250.0
X20140,none,0,27.36136363636365,42003472200,60625.0
E59140,nearside,1,9.879545245000001,42003520001,68304.0
N71240,none,0,0.1636363636363635,42003402000,49388.0
N30370,none,0,49.804545454545476,42003431100,60559.0
X18780,none,0,6.6363635,42003191400,71295.0
E49200,none,0,1.454545475,42003520001,68304.0
X70089,none,0,,42003191800,71058.0
E16300,none,0,13.047727,42003120300,26837.0
E55620,none,0,6.83409085,42003523800,67314.0
X01920,none,0,3.3886362,42003191500,77155.0
N15030,none,0,8.918182,42003563202,41607.0
W22280,none,0,16.7750002,42003459201,92292.0
S27320,none,0,9.85909090909091,42003486800,43125.0
N20620,none,0,0.3795454545454545,42003401200,46875.0
N14000,none,0,5.6886365,42003430100,71136.0
N05000,none,0,90.0,42003562700,59634.0
E42140,nearside,1,119.88636199999999,42003040400,60329.0
N13200,none,0,14.274998,42003270100,61481.0
E30035,none,0,0.8181818,42003523701,63371.0
W15940,farside,1,1.1409090909090904,42003465600,60921.0
S42440,busway,0,9.4136366,42003320700,73314.0
E39290,nearside,1,82.945455,42003080400,62868.0
E48680,none,0,3.00681815,42003130600,18879.0
S12440,none,0,12.377272499999998,42003562400,43371.0
X19500,none,0,0.55227275,42003473300,127255.0
E51035,none,0,7.49772705,42003560500,92056.0
S28470,none,0,1.42954544,42003488500,58371.0
S00982,nearside,1,146.3227265,42003562300,25792.0
N31856,none,0,9.772727275000001,42003271600,38719.0
N18841,none,0,,42003427000,59250.0
E45650,nearside,1,9.2272725,42003140500,88490.0
N15630,none,0,1.34318175,42003403500,41466.0
N53600,nearside,1,35.9977265,42003430200,78718.0
E10290,none,0,2.3431818,42003512000,45971.0
P02120,nearside,1,703.322755,42003020100,90726.0
N14480,nearside,1,8.504545499999999,42003261400,44958.0
X70083,farside,1,1.9022725,42003474102,162143.0
E09120,nearside,1,4.0681819,42003509400,42344.0
E01650,nearside,1,146.14089529999998,42003070800,94297.0
E70255,farside,1,14.4454545,42003523100,58471.0
S19230,none,0,2.2181818181818196,42003480102,82396.0
W07850,none,0,9.165909,42003461000,54286.0
E42220,none,0,36.79772625,42003515100,47052.0
N08720,none,0,6.670454545454547,42003448000,65417.0
N70173,nearside,1,2.0977274999999995,42003421100,133283.0
E34080,none,0,2.1181818,42003523200,41647.0
N12780,none,0,47.53863636363632,42003432400,59435.0
E44480,none,0,4.245454545454547,42003521500,74800.0
W24110,none,0,54.968181818181826,42003468900,53765.0
E13550,nearside,1,11.938636500000001,42003050100,30036.0
E70421,none,0,9.4022729,42003130700,30518.0
S27205,none,0,44.284090909090885,42003480101,51631.0
N41180,none,0,0.21136363636363645,42003413400,121510.0
W70203,none,0,,42003451300,110982.0
S39930,none,0,4.2477272,42003477200,79306.0
S70494,none,0,1.31590909090909,42003480400,96447.0
E15650,nearside,1,283.568185,42003562000,26604.0
S20445,none,0,22.165909090909075,42003486800,43125.0
N35640,none,0,24.684088600000003,42003261300,48500.0
N71194,none,0,0.21818181818181798,42003413500,74259.0
S08460,none,0,82.02954615,42003290200,41321.0
X07080,none,0,4.3795452500000005,42003191100,79133.0
N47140,none,0,0.2863636363636365,42003413500,74259.0
S50280,none,0,23.995454545454557,42003492900,44038.0
S23950,none,0,1.656818181818181,42003480200,83942.0
E08051,nearside,1,2.9113637,42003111400,62315.0
E19680,none,0,37.85681775,42003140100,124444.0
N31400,none,0,14.727272999999999,42003563202,41607.0
E20450,nearside,1,72.702271,42003130800,23636.0
W00400,nearside,1,5.931818181818181,42003450800,57746.0
X00500,none,0,1.23181818181818,42003457200,53472.0
S00660,nearside,1,26.093181750000003,42003010301,
N25370,none,0,1.4795454499999998,42003250900,38438.0
E34600,none,0,3.8386365,42003523702,55532.0
W70200,none,0,,42003451300,110982.0
N30500,none,0,22.327272727272742,42003431100,60559.0
E16015,farside,1,55.09317835,42003120900,21087.0
N71267,none,0,0.525,42003261300,48500.0
E70828,none,0,3.36818181818182,42129802200,57557.0
S09385,none,0,35.652272,42003290200,41321.0
E01840,nearside,1,126.309091,42003010302,49375.0
N21660,none,0,0.26136363636363646,42003401300,80458.0
W10300,none,0,34.06818181818183,42003464400,17118.0
S27040,none,0,5.4977275,42003160800,54138.0
E38300,none,0,67.506817,42003090300,68289.0
N45580,none,0,1.83409090909091,42003413400,121510.0
N03700,nearside,1,8.652272524999999,42003403500,41466.0
N12760,nearside,1,62.306817499999994,42003270300,59398.0
E13430,none,0,70.23636049999999,42003050100,30036.0
E46840,none,0,21.59090925,42003509400,42344.0
S42340,busway,0,43.4454524,42003320600,92143.0
S19240,none,0,1.2681818181818199,42003480102,82396.0
W01870,none,0,8.084091,42003563000,69327.0
E58090,none,0,19.738636500000002,42003151600,54917.0
S48745,none,0,9.1022728,42003485000,59242.0
N05870,nearside,1,0.0,42003563201,98889.0
E09730,none,0,12.9318159,42003512000,45971.0
E15925,nearside,1,55.28636375,42003111500,39331.0
S16170,nearside,1,76.320458,42003170200,68611.0
S04150,nearside,1,63.92954545454545,42003483800,29306.0
E41755,none,0,111.00681499999999,42003070500,68957.0
E71017,farside,1,,42003110200,96803.0
N52220,none,0,0.12272727500000001,42003429202,115652.0
W10280,none,0,37.01818181818181,42003464400,17118.0
N08090,none,0,3.3431819999999997,42003980600,
W21480,none,0,10.2954541,42003281500,63056.0
N12380,none,0,6.979545454545455,42003425000,46892.0
E19700,none,0,24.22045475,42003140100,124444.0
W07915,none,0,0.05,42003461000,54286.0
E52420,none,0,0.270454545,42003564700,40433.0
N43060,none,0,0.025,42003429100,73220.0
P02080,nearside,1,269.42272305,42003020100,90726.0
E46550,none,0,18.88181865,42003560400,49048.0
E40840,none,0,1.10227275,42003523100,58471.0
E14190,none,0,19.974999775,42003101400,83796.0
E33120,none,0,39.9840917,42003560500,92056.0
E36360,none,0,3.4204545,42003564400,56333.0
N37010,none,0,0.2,42003428200,75795.0
N25530,none,0,10.568182,42003250900,38438.0
E35395,none,0,11.5227275,42003080400,62868.0
N49460,none,0,15.675000999999998,42003271600,38719.0
S70637,none,0,3.595454545454545,42003486700,39662.0
E70807,farside,1,46.831815000000006,42003111300,62250.0
E19350,nearside,1,33.2909135,42003140800,88922.0
N36690,none,0,3.0409090199999995,42003426300,94917.0
N19520,none,0,0.5954545454545455,42003413400,121510.0
E70040,none,0,20.193180849999997,42003060300,91731.0
S24470,none,0,0.07272727272727275,42003491200,97519.0
N26858,none,0,0.0,42003525300,107583.0
E52970,none,0,1.40454545,42003981000,
E52400,nearside,1,32.66364,42003564700,40433.0
E57470,nearside,1,29.1090919,42003140400,182287.0
S70534,none,0,10.529545,42003290400,57500.0
X20400,farside,1,50.21818181818185,42003472100,73383.0
E70279,none,0,6.586363775000001,42003523501,64219.0
E06660,farside,1,3.9431817750000002,42003982200,
E27450,none,0,23.9886375,42003513000,31321.0
X05910,none,0,5.7613635,42003191800,71058.0
E70335,none,0,6.4386360499999995,42003111500,39331.0
S25520,nearside,1,11.593181999999999,42003310200,79600.0
E71004,none,0,,42003521302,63524.0
N16520,none,0,1.3977272727272725,42003413400,121510.0
N22820,none,0,3.577272727272726,42003419000,70569.0
N70009,none,0,7.55,42003271600,38719.0
N71180,none,0,1.44545455,42003421100,133283.0
E23460,none,0,14.5159068,42003080600,63192.0
S24050,nearside,1,38.0386345,42003489001,90781.0
E26550,none,0,10.9340905,42003130800,23636.0
S34010,none,0,30.0340885,42003488200,58125.0
S11360,none,0,12.3022715,42003562400,43371.0
N36930,none,0,1.9477275,42003428100,79500.0
N39062,none,0,,42003429500,56602.0
N36940,none,0,3.663636275,42003428100,79500.0
E37280,none,0,9.529545274999998,42003523400,57966.0
E13880,nearside,1,87.486365,42003050600,42951.0
E36330,none,0,10.272727275000001,42003504100,39891.0
N44980,none,0,9.456818181818182,42003418000,70132.0
W13220,none,0,4.175000000000001,42003460001,75598.0
E55800,none,0,5.202272499999999,42003523800,67314.0
W24050,nearside,1,14.259091000000002,42003470600,64171.0
S24070,none,0,3.42045495,42003477200,79306.0
S70530,none,0,2.4136365,42003290400,57500.0
W26200,none,0,9.352272727272725,42003464300,67879.0
E46510,none,0,20.30000205,42003561500,42461.0
W25110,nearside,1,3.577272727272729,42003458001,116080.0
W02785,none,0,40.70909090909089,42003463900,46183.0
E49690,none,0,0.16363634999999999,42003526202,95438.0
E54460,farside,1,1.10454545,42003140800,88922.0
E25200,none,0,9.797727499999999,42003151700,66467.0
S09620,nearside,1,138.8090915,42003290200,41321.0
W25670,none,0,9.711363500000001,42003563000,69327.0
E05000,none,0,7.529545499999999,42003080400,62868.0
S09420,none,0,3.67727285,42003477300,60125.0
E15110,none,0,3.82727282,42003515401,79297.0
N26810,none,0,278.08180500000003,42003429700,56103.0
S46130,none,0,2.088636363636363,42003551200,29279.0
S70163,nearside,1,5.265909090909091,42003552100,22668.0
X08854,none,0,1.6090909999999998,42003470300,70385.0
E70874,none,0,0.59090909,42003504100,39891.0
N08100,none,0,6.0181819,42003980600,
X08849,none,0,0.354545475,42003470300,70385.0
P70005,none,0,82.552271,42003020100,90726.0
N24100,none,0,3.8068181818181843,42003425000,46892.0
W10475,none,0,2.9886363499999997,42003462100,54458.0
N28210,none,0,0.9681818181818177,42003260200,56696.0
N18843,none,0,,42003427200,56912.0
S70595,none,0,2.593181818181818,42003550900,28767.0
S33720,none,0,1.88636345,42003488400,57584.0
E55080,none,0,0.0,42003523502,58854.0
W04140,none,0,2.1227272727272704,42003460002,90848.0
N31690,none,0,23.538635,42003424000,44571.0
E44930,none,0,5.6977275,42003130600,18879.0
E70209,nearside,1,19.4863633,42003111500,39331.0
E51180,none,0,0.213636345,42003515401,79297.0
E58010,none,0,26.97273,42003130600,18879.0
E39050,none,0,4.40909075,42003508000,36161.0
E32737,none,0,8.772727295000001,42003562300,25792.0
W20430,none,0,0.9386363636363635,42003464400,17118.0
S28050,nearside,1,7.261363449999999,42003488500,58371.0
N20990,none,0,0.04545454545454545,42003401300,80458.0
W24385,nearside,1,1.747727272727273,42003457100,63295.0
E46895,none,0,26.136364499999996,42003520001,68304.0
E02929,none,0,5.62499985,42003101900,60457.0
E70246,nearside,1,6.78409115,42003090300,68289.0
E51300,none,0,6.906818,42003140200,62593.0
E19780,nearside,1,244.2454535,42003010302,49375.0
N22100,none,0,1.4000000000000001,42003404000,63000.0
N54500,none,0,40.986365,42003261400,44958.0
S25850,nearside,1,18.5818159,42003503002,57813.0
E39530,nearside,1,60.109089350000005,42003515300,29612.0
S47065,none,0,1.7522727272727268,42003552100,22668.0
E29730,nearside,1,8.970454499999999,42003130800,23636.0
E12050,nearside,1,37.884092545,42003101100,76000.0
E55065,none,0,2.4136365,42003523501,64219.0
S70377,nearside,1,3.0931818181818196,42003492700,36583.0
S02210,none,0,3.2295454545454554,42003486800,43125.0
E29130,nearside,1,69.37954350000001,42003110200,96803.0
E48642,none,0,4.100000199999999,42003030500,36932.0
E12410,none,0,0.122727275,42003523100,58471.0
W22620,none,0,1.459090775,42003459201,92292.0
E34268,none,0,2.38409075,42003120300,26837.0
E45500,none,0,,42003020300,119233.0
E70382,none,0,2.03181815,42003523702,55532.0
E11850,nearside,1,13.57500025,42003101100,76000.0
N08500,none,0,0.8159090909090908,42003563800,86929.0
E02890,none,0,8.556818,42003050600,42951.0
E70864,nearside,1,2.659091045,42003141400,101767.0
W00001,none,0,,42003453003,87255.0
S70591,none,0,1.563636545,42003477300,60125.0
W26175,busway,0,193.1818181818183,42003464300,67879.0
W70185,none,0,,42003464400,17118.0
E08450,none,0,137.05909090909088,42003521500,74800.0
E13725,none,0,25.7636365,42003030500,36932.0
W03540,nearside,1,72.93636599999999,42003562600,40020.0
N12870,nearside,1,50.01136363636368,42003432300,46994.0
E19590,nearside,1,139.075,42003010302,49375.0
X20320,farside,1,19.920454545454536,42003472400,93500.0
E55160,none,0,1.525,42003523600,64545.0
N13550,nearside,1,162.352266,42003562700,59634.0
E16070,farside,1,20.734091,42003140400,182287.0
E17316,busway,0,316.07727192000004,42003560400,49048.0
S70486,none,0,3.3522727272727253,42003551300,57460.0
N22810,farside,1,39.92727272727275,42003423000,107738.0
W24740,none,0,9.240909090909094,42003457100,63295.0
S00530,nearside,1,3.6159091500000002,42003484600,35776.0
E10360,none,0,7.618181818181817,42003518001,87114.0
W70195,none,0,,42003563100,64800.0
N14120,none,0,10.406818,42003430100,71136.0
E19260,none,0,63.688635000000005,42003141200,119044.0
S24285,none,0,1.122727272727273,42003491200,97519.0
E05940,nearside,1,6.4795455,42003140800,88922.0
E10450,none,0,1.5431818181818184,42003517000,36138.0
E38050,none,0,53.252272999999995,42003090300,68289.0
N05480,none,0,0.32727275,42003429201,121620.0
E13380,nearside,1,244.125,42003080400,62868.0
S70640,none,0,9.04545454545455,42003486800,43125.0
P02600,nearside,1,1044.73864574,42003020100,90726.0
E70389,none,0,3.4272728,42003523702,55532.0
E38790,none,0,0.8590909,42003523100,58471.0
E17940,none,0,1.9954547450000002,42003512000,45971.0
E41110,nearside,1,250.87045500000002,42003141300,46530.0
S39990,none,0,4.5909089,42003477200,79306.0
W20860,none,0,0.52954545,42003459102,111250.0
N52605,none,0,4.163636,42003563202,41607.0
N08390,none,0,2.1022724999999998,42003445500,77454.0
N12550,none,0,8.690909090909088,42003425000,46892.0
E42240,none,0,34.59090915,42003515100,47052.0
W11721,none,0,0.79772725,42003470300,70385.0
N45386,none,0,0.0,42003428200,75795.0
E08092,farside,1,,42003040500,13750.0
W11726,none,0,0.0,42003470300,70385.0
S70483,none,0,3.1022727272727275,42003551200,29279.0
S04460,none,0,16.284091,42003160800,54138.0
N70015,farside,1,116.963637275,42003563202,41607.0
W14420,none,0,3.6727273,42003563000,69327.0
N15020,none,0,6.174999925,42003563202,41607.0
N37280,none,0,1.4,42003428200,75795.0
W15700,none,0,10.37045445,42003202200,53521.0
S70354,none,0,0.51818182,42003504100,39891.0
N31500,none,0,40.6386345,42003424000,44571.0
W24430,none,0,7.72727272727273,42003468900,53765.0
E17304,busway,0,609.1795265000001,42003070500,68957.0
N22785,nearside,1,30.7590911,42003980000,
N40900,farside,1,4.8886363636363654,42003413400,121510.0
S02250,none,0,3.3250000000000024,42003486800,43125.0
S04190,nearside,1,45.35681818181815,42003483800,29306.0
W14280,none,0,0.5545454545454545,42003460001,75598.0
E70799,nearside,1,25.240909090909085,42003513800,27212.0
E45630,nearside,1,147.377274,42003090200,75521.0
E70370,none,0,3.6409095,42003040200,22667.0
S09370,none,0,1.125,42003490003,108769.0
S47540,nearside,1,29.7159105,42003180300,42029.0
S70291,none,0,45.02955,42003501000,41382.0
E15980,nearside,1,69.11590629999999,42003111500,39331.0
E70441,none,0,0.49772724999999995,42003523501,64219.0
E27230,none,0,20.172729295,42003514000,29107.0
E19660,nearside,1,1288.5840500000002,42003141300,46530.0
W20270,none,0,12.85454545454545,42003471000,63500.0
E35610,none,0,21.76363665,42003060300,91731.0
E05510,none,0,16.693182,42003111500,39331.0
S70573,none,0,0.0,42003480101,51631.0
N70141,none,0,,42003429201,121620.0
E52840,none,0,2.4909092750000004,42003101800,81406.0
N24002,none,0,4.359090909090908,42003425000,46892.0
N08730,none,0,1.1590909090909076,42003446000,208333.0
E35850,none,0,80.0818185,42003561900,22770.0
N47280,nearside,1,95.0863634,42003563201,98889.0
ROSTST,nearside,1,,42003020100,90726.0
S70620,none,0,2.204545454545455,42003492700,36583.0
N21200,none,0,2.0090908250000004,42003416000,58654.0
N41090,nearside,1,1.813636363636364,42003413400,121510.0
W70176,nearside,1,10.540908649999999,42003451102,86040.0
S23940,nearside,1,52.76363636363634,42003478100,55729.0
N31810,none,0,9.604545524999999,42003565200,59229.0
E21660,none,0,3.975,42003523200,41647.0
E15660,nearside,1,295.67728,42003040400,60329.0
E70397,none,0,13.0318175,42003101900,60457.0
N36050,none,0,5.99318165,42003426300,94917.0
N13340,none,0,20.213637499999997,42003270100,61481.0
E20055,nearside,1,9.068182,42003140800,88922.0
E39590,none,0,3.849999965,42003515300,29612.0
E58440,nearside,1,25.388637950000003,42003561500,42461.0
S30845,none,0,39.81818181818182,42003551900,14063.0
N31660,none,0,20.6454545,42003424000,44571.0
E37965,none,0,29.370455,42003562300,25792.0
E16100,nearside,1,19.002272650000002,42003140400,182287.0
E07770,nearside,1,2.6318184000000002,42003060500,62841.0
W70204,none,0,,42003451300,110982.0
S45010,none,0,1.995454545,42003161000,55700.0
S46910,nearside,1,3.3954545454545437,42003552400,35331.0
S70391,none,0,1.9068180000000001,42003477200,79306.0
N54820,none,0,15.2431825,42003270100,61481.0
S20440,none,0,56.39318181818183,42003486800,43125.0
W02870,nearside,1,2.7181818,42003470600,64171.0
N49090,none,0,1.6818182,42003427200,56912.0
E30110,nearside,1,15.379545499999999,42003090300,68289.0
N32410,nearside,1,9.927272727272726,42003413201,102969.0
S31260,none,0,1.0931818500000001,42003484500,51129.0
N35990,none,0,1.8568181950000002,42003426300,94917.0
X70030,none,0,4.634090909090907,42003475200,104732.0
E55136,none,0,0.0,42003523502,58854.0
W16360,none,0,12.995454999999998,42003563100,64800.0
S20497,none,0,0.2613636363636365,42003486800,43125.0
N41720,none,0,0.11818181818181821,42003402000,49388.0
E53110,none,0,0.9909091000000001,42003100500,62411.0
N06570,none,0,16.506818181818186,42003413500,74259.0
S04430,none,0,9.063636500000001,42003180300,42029.0
N08440,none,0,7.902272727272726,42003446000,208333.0
S40550,none,0,20.272727272727273,42003487000,43208.0
N29840,none,0,1.5363634999999998,42003241300,70218.0
S70600,none,0,5.3999999,42003565300,51008.0
W70208,none,0,,42003462600,46935.0
E25000,none,0,48.71363636363635,42003510000,35483.0
E41920,nearside,1,46.015911550000006,42003111500,39331.0
E05710,none,0,51.904545,42003030500,36932.0
W23196,none,0,10.5863636,42003473601,127206.0
N21110,none,0,0.3227272727272725,42003401300,80458.0
E42920,nearside,1,7.668181499999999,42003130600,18879.0
E05720,nearside,1,,42003030500,36932.0
S47180,farside,1,1.440909090909091,42003552400,35331.0
E17590,nearside,1,18.509090909090904,42003516200,96481.0
E29420,nearside,1,13.8386365,42003526302,87029.0
S70574,none,0,0.8613636363636366,42003480102,82396.0
E23605,nearside,1,18.220455,42003090300,68289.0
N39850,none,0,8.395454449999999,42003270100,61481.0
E30570,none,0,204.14090909090888,42003521500,74800.0
E30510,none,0,0.0,42003521500,74800.0
X04180,none,0,8.175,42003473601,127206.0
E70374,none,0,21.140909,42003030500,36932.0
E51550,none,0,0.81363635,42003140400,182287.0
W21550,none,0,7.59772725,42003562600,40020.0
N53580,none,0,56.027271000000006,42003562700,59634.0
N05060,nearside,1,14.19090909090909,42003419000,70569.0
E04860,farside,1,24.24318,42003080700,45324.0
N12720,none,0,53.52499999999998,42003432400,59435.0
S00420,none,0,19.2454569,42003160800,54138.0
E35360,nearside,1,29.58409,42003080900,62852.0
X00720,none,0,0.1818182,42003202300,70295.0
N49560,none,0,7.5795454,42003270300,59398.0
S16570,none,0,409.4931865,42003980700,77411.0
E58725,none,0,8.511363636363637,42003521301,75233.0
E29160,nearside,1,43.7113635,42003070500,68957.0
W00290,none,0,3.6727272727272724,42003450800,57746.0
W08465,none,0,7.340909090909091,42003460002,90848.0
N43860,none,0,12.9272745,42003260200,56696.0
E59270,none,0,19.8840905,42003521200,67813.0
E34750,nearside,1,11.1045455,42003561900,22770.0
E58350,none,0,11.295454545454547,42003521200,67813.0
S23885,nearside,1,39.72045685,42003489001,90781.0
S42290,busway,0,61.924999850000006,42003320700,73314.0
E26370,none,0,19.504544000000003,42003130700,30518.0
N52365,none,0,0.48636365000000004,42003429202,115652.0
S31460,none,0,5.504545350000001,42003484600,35776.0
E11790,nearside,1,38.129549275,42003101100,76000.0
S00090,none,0,24.009090909090926,42003483800,29306.0
S09300,none,0,53.093180000000004,42003290100,41175.0
E12860,none,0,0.6568182,42003526202,95438.0
N21220,nearside,1,6.088636363636362,42003419000,70569.0
W00440,none,0,1.9545454545454546,42003450800,57746.0
N21890,nearside,1,1.627272727272725,42003401100,76667.0
N28230,none,0,0.095454545,42003261300,48500.0
E52390,none,0,3.07272715,42003564700,40433.0
E70075,none,0,1.056818195,42003522000,35829.0
N51670,none,0,0.045454545,42003429201,121620.0
E44420,none,0,2.4590909090909077,42003521500,74800.0
S16600,none,0,7.63181805,42003980700,77411.0
N71337,none,0,15.424999999999974,42003427000,59250.0
W08135,nearside,1,17.154545454545435,42003469000,86450.0
E04470,nearside,1,8.175,42003563900,71716.0
S35250,none,0,2.17954535,42003180300,42029.0
W25350,none,0,1.9795454545454545,42003458001,116080.0
N45380,none,0,0.118181818181818,42003413500,74259.0
E70362,none,0,0.0,42003526101,105917.0
S70341,none,0,2.006818181818185,42003499300,50729.0
S44810,nearside,1,84.66363636363633,42003492800,36250.0
X04165,none,0,0.8886363500000001,42003473500,174234.0
N20040,none,0,21.44090909090908,42003431400,68273.0
W14550,none,0,9.725000000000001,42003464300,67879.0
E43190,none,0,45.59545454545455,42003521500,74800.0
S14670,none,0,0.6886363999999999,42003562400,43371.0
W14270,none,0,1.7272727272727257,42003464300,67879.0
S44750,nearside,1,18.445454545454524,42003492800,36250.0
E44730,none,0,6.004545454545455,42003521200,67813.0
N37310,none,0,1.5931819999999999,42003428200,75795.0
E70365,none,0,109.231815,42003111500,39331.0
S33071,none,0,,42003551200,29279.0
E70873,none,0,1.3181818,42003504100,39891.0
E35030,none,0,57.409092,42003020300,119233.0
N08540,none,0,23.4590909090909,42003448000,65417.0
E04190,nearside,1,16.854545454545455,42003518001,87114.0
S27410,none,0,2.440909275,42003488200,58125.0
E44800,none,0,4.8295452999999995,42003512000,45971.0
N71252,none,0,5.370454545454546,42003432400,59435.0
P00930,nearside,1,2841.3614,42003020100,90726.0
N41320,none,0,21.2227292,42003261300,48500.0
N02010,none,0,100.65,42003403500,41466.0
E00970,nearside,1,445.275,42003040400,60329.0
E15680,nearside,1,604.579555,42003562000,26604.0
N14780,none,0,2.15909085,42003261400,44958.0
S27530,nearside,1,23.388636499999997,42003488200,58125.0
N36502,none,0,7.7363636363636346,42003414200,127093.0
S70549,none,0,26.85,42003477300,60125.0
W16990,none,0,5.961363700000001,42003469000,86450.0
S23020,none,0,2.41363635,42003488400,57584.0
N32820,nearside,1,16.293181818181814,42003413400,121510.0
E11610,none,0,14.688633999999999,42003060300,91731.0
E34220,none,0,3.420454775,42003523200,41647.0
N49490,none,0,7.7772726,42003270300,59398.0
N39960,farside,1,26.368181818181817,42003431500,55938.0
S42460,busway,0,9.8818182,42003191700,97069.0
S70578,none,0,3.5659092749999997,42003160900,92593.0
E36040,none,0,15.190909999999999,42003120300,26837.0
E11630,none,0,15.8454555,42003060300,91731.0
E40890,none,0,0.93636365,42003523100,58471.0
N45590,nearside,1,0.05,42003413400,121510.0
W11664,none,0,2.2363635,42003470300,70385.0
S70265,none,0,5.834091145,42003160900,92593.0
E01870,nearside,1,3265.413633,42003040200,22667.0
E21780,none,0,0.5249999949999999,42003523400,57966.0
N39620,none,0,2.829545454545453,42003434000,97175.0
N71254,none,0,1.7999999999999998,42003563800,86929.0
N13585,none,0,324.45909500000005,42003563202,41607.0
S27810,none,0,1.818182,42003488600,83603.0
W17093,none,0,8.922727,42003563100,64800.0
W23091,none,0,2.0136365,42003453004,93740.0
E02931,none,0,0.8909090000000001,42003101900,60457.0
S06305,none,0,6.3522725,42003562400,43371.0
E70014,nearside,1,81.265909,42003111500,39331.0
N42210,nearside,1,2.36136365,42003429700,56103.0
E52730,none,0,0.7795454500000001,42003101100,76000.0
E41990,none,0,44.338635499999995,42003110200,96803.0
E70182,none,0,282.92954,42003564700,40433.0
E34790,none,0,2.70227295,42003561900,22770.0
E70862,none,0,3.6681820450000004,42003140800,88922.0
E39560,none,0,9.022727415,42003515300,29612.0
N18970,nearside,1,14.006815999999999,42003261300,48500.0
E71007,none,0,,42003521301,75233.0
S21360,none,0,6.745454349999999,42003488200,58125.0
E04810,none,0,11.713636000000001,42003562000,26604.0
S47550,nearside,1,16.904543,42003180300,42029.0
E18570,none,0,38.738636,42003070500,68957.0
E45080,none,0,7.4772728,42003120300,26837.0
E39230,none,0,4.570454550000001,42003514000,29107.0
W70162,nearside,1,0.46590909090909094,42003460002,90848.0
S70528,none,0,3.9272727272727277,42003480300,69286.0
P03145,nearside,1,1256.2863555,42003020100,90726.0
P02490,nearside,1,417.502269815,42003020100,90726.0
S31390,none,0,5.300000000000001,42003484500,51129.0
S12550,none,0,3.33181795,42003562400,43371.0
S40100,none,0,1.865909045,42003477200,79306.0
S00280,nearside,1,69.1136385,42003170600,50859.0
S50330,none,0,10.545454545454545,42003551200,29279.0
N71291,none,0,0.02272727272727275,42003401100,76667.0
S70428,none,0,2.2113636363636346,42003551200,29279.0
S34290,farside,1,17.145452849999998,42003488300,69000.0
N44080,none,0,22.6613655,42003260200,56696.0
W18280,none,0,3.24318195,42003563100,64800.0
X18890,none,0,16.2386365,42003191400,71295.0
X08848,none,0,1.01363635,42003470300,70385.0
W19480,none,0,331.929563,42003459201,92292.0
W26060,nearside,1,58.56363508999999,42003980700,77411.0
E18410,nearside,1,60.554545,42003070300,78602.0
N17880,nearside,1,8.956818000000002,42003261300,48500.0
E41720,none,0,47.011362500000004,42003111400,62315.0
W03430,none,0,27.511364999999998,42003202200,53521.0
E70242,nearside,1,25.763637499999998,42003080900,62852.0
S70580,nearside,1,34.009091999999995,42003160900,92593.0
N04320,none,0,1.1886364999999999,42003403500,41466.0
S34070,none,0,3.9727273000000003,42003310200,79600.0
E53690,none,0,5.193182,42003564800,33883.0
N43670,none,0,71.3295475,42003260200,56696.0
E70998,none,0,2.831818,42003130700,30518.0
N24220,none,0,9.679545454545453,42003431100,60559.0
E03150,none,0,2.422727295,42003508000,36161.0
W70144,none,0,6.9886361500000005,42003470600,64171.0
E13720,nearside,1,119.02044949999998,42003562000,26604.0
N15190,none,0,3.4363636363636347,42003434000,97175.0
N71237,none,0,0.8818182,42003403500,41466.0
E21670,nearside,1,6.429545300000001,42003523501,64219.0
X01610,none,0,9.2045455,42003473100,108050.0
N14610,none,0,14.0,42003261500,46141.0
S70606,none,0,0.854545445,42003488600,83603.0
E70988,none,0,0.0,42003562901,52679.0
W70123,none,0,1.7136364999999998,42003470300,70385.0
N21140,farside,1,2.452272727272728,42003404000,63000.0
E21320,farside,1,40.915911300000005,42003523501,64219.0
E70443,none,0,1.368182,42003523501,64219.0
N71182,none,0,0.0,42003421100,133283.0
E56800,none,0,8.7863635,42003050600,42951.0
E55780,none,0,3.04090925,42003523800,67314.0
N71241,none,0,0.8613636363636366,42003402000,49388.0
E38170,none,0,0.122727275,42003523502,58854.0
N44760,none,0,7.3,42003417200,51477.0
N35810,none,0,5.5545455,42003426400,85435.0
W23198,none,0,1.4568181,42003470300,70385.0
E70020,none,0,31.813640000000003,42003562000,26604.0
E29720,farside,1,19.640909,42003130200,41667.0
E42150,none,0,103.51136,42003070900,49421.0
N39490,nearside,1,5.340909090909095,42003435000,59611.0
E35160,none,0,30.402273650000005,42003060300,91731.0
N52230,none,0,0.0,42003429202,115652.0
W04670,none,0,1.7931818181818202,42003460002,90848.0
E70116,nearside,1,9.147727272727273,42003130600,18879.0
S03550,none,0,2.3863636363636345,42003483800,29306.0
W14480,none,0,6.025,42003563000,69327.0
E11590,nearside,1,7.377273,42003060300,91731.0
S03970,none,0,6.850000100000001,42003300100,47093.0
S13934,none,0,1.177272727272725,42003480102,82396.0
E36300,nearside,1,4.0295455,42003564400,56333.0
S50190,none,0,4.988636363636363,42003492900,44038.0
E04350,none,0,27.043181818181825,42003518001,87114.0
E46700,none,0,11.60227292,42003141200,119044.0
N44480,farside,1,11.9204545,42003417100,68284.0
S12760,none,0,0.7727272999999999,42003490003,108769.0
S08490,none,0,69.76591015000001,42003290200,41321.0
S70381,none,0,0.16363636363636347,42003492800,36250.0
X02410,none,0,5.218181818181819,42003457200,53472.0
E49590,none,0,3.1363633999999996,42003523702,55532.0
N37320,none,0,1.190909,42003428100,79500.0
E35400,nearside,1,85.79545999999999,42003080900,62852.0
S70020,nearside,1,368.049985,42003170200,68611.0
N16065,none,0,2.8818181818181827,42003434000,97175.0
E51050,none,0,9.086364,42003101900,60457.0
N71334,none,0,2.8590909090909102,42003435000,59611.0
E58720,nearside,1,5.329545454545457,42003521200,67813.0
E70026,none,0,0.563636375,42003525200,65464.0
X05870,none,0,4.295454449999999,42003191800,71058.0
N08490,none,0,1.390909090909093,42003563800,86929.0
X13650,none,0,41.34090725,42003191700,97069.0
E35940,none,0,21.695456399999998,42003561900,22770.0
E57560,none,0,13.36136365,42003140200,62593.0
E59370,nearside,1,37.33636164999999,42003564800,33883.0
N06530,none,0,0.2431818,42003429202,115652.0
N22420,nearside,1,15.468181818181815,42003419000,70569.0
N17040,nearside,1,166.961365,42003562700,59634.0
E32754,none,0,5.1727270999999995,42003562300,25792.0
W00822,none,0,8.6931817,42003202200,53521.0
S70372,none,0,8.120454545454546,42003499400,47202.0
W11685,none,0,1.275,42003470300,70385.0
E70896,none,0,1.195454545,42003101400,83796.0
E10920,farside,1,134.4886395,42003141400,101767.0
S42400,busway,0,59.331818274999996,42003191500,77155.0
W70164,none,0,0.07272727500000001,42003461000,54286.0
S20112,none,0,24.343182144999997,42003482500,74545.0
E70977,none,0,1.0590908,42003523800,67314.0
E09930,none,0,3.0204546999999997,42003512000,45971.0
E26040,none,0,3.597727175,42003523100,58471.0
E70306,none,0,3.6704549,42003515401,79297.0
S02610,nearside,1,92.3681818181818,42003483800,29306.0
W04660,none,0,2.020454545454547,42003460002,90848.0
N43200,none,0,17.381816,42003260200,56696.0
E29240,none,0,54.5477275,42003111300,62250.0
E45560,nearside,1,27.136362,42003060300,91731.0
X01960,none,0,1.57500005,42003191500,77155.0
E10060,none,0,4.784090909090905,42003517000,36138.0
S70009,nearside,1,44.51590909090911,42003478100,55729.0
N13040,none,0,6.8681814999999995,42003271600,38719.0
E70885,none,0,17.545455,42003513000,31321.0
E32500,none,0,16.102273099999998,42003101400,83796.0
E41960,nearside,1,179.611367,42003111300,62250.0
S70596,none,0,5.0136363636363654,42003551200,29279.0
X07050,none,0,3.82954565,42003191100,79133.0
S31280,none,0,5.554545545,42003484500,51129.0
S13770,none,0,4.425,42003486900,43207.0
E46150,none,0,21.6636376,42003140500,88490.0
E47500,none,0,0.3159090909090909,42003521301,75233.0
W03870,none,0,17.7159075,42003562600,40020.0
E46180,nearside,1,16.513636799999997,42003140400,182287.0
N31220,none,0,17.7386345,42003241300,70218.0
E48520,none,0,2.3636365450000003,42003141200,119044.0
S27070,none,0,4.8931816,42003160800,54138.0
N22580,none,0,2.8750000000000018,42003419000,70569.0
S34360,none,0,8.761363499999998,42003310200,79600.0
E45900,none,0,44.74772899999999,42003141200,119044.0
W70177,nearside,1,11.340907249999999,42003451101,120729.0
W08120,none,0,15.143181818181798,42003469000,86450.0
N14720,none,0,0.20454545000000002,42003261500,46141.0
N15110,none,0,0.7113636363636362,42003434000,97175.0
E70830,none,0,0.425000025,42003521402,110799.0
N21895,farside,1,1.270454545454545,42003401100,76667.0
E26020,none,0,3.4977271500000002,42003523100,58471.0
E70158,farside,1,33.2272717,42003141200,119044.0
X00640,none,0,0.559090925,42003191600,60109.0
E48640,none,0,12.068182,42003030500,36932.0
E42880,none,0,1.90909075,42003130800,23636.0
E70762,none,0,4.1636363,42003120900,21087.0
S13500,none,0,1.80909085,42003562400,43371.0
E34620,none,0,1.89772725,42003523702,55532.0
S23600,none,0,18.731818181818184,42003478100,55729.0
E70854,none,0,11.6250009,42003562901,52679.0
N14825,none,0,14.474999799999999,42003565200,59229.0
P00360,none,0,176.97954950000002,42003020100,90726.0
N13580,nearside,1,37.847725,42003563202,41607.0
W70178,nearside,1,1.940909,42003451105,96821.0
E35190,nearside,1,25.0659085,42003080600,63192.0
N50230,none,0,2.8909089999999997,42003262000,39618.0
E38660,none,0,5.038636250000001,42003509400,42344.0
S34150,none,0,4.40454545,42003310200,79600.0
N39030,none,0,0.1386363636363635,42003413500,74259.0
W07970,none,0,5.061363999999999,42003461000,54286.0
W10610,none,0,3.181818275,42003462100,54458.0
N53750,nearside,1,0.6045454450000001,42003562700,59634.0
S13680,none,0,5.981818181818185,42003486900,43207.0
N33570,none,0,10.299999999999999,42007604100,41957.0
N14600,none,0,11.9772725,42003261500,46141.0
W03450,none,0,12.9431815,42003202200,53521.0
E14050,none,0,8.14999975,42003070500,68957.0
E05230,none,0,2.2659092000000003,42003140800,88922.0
E35300,none,0,27.595453499999998,42003080400,62868.0
E34090,none,0,7.754545275,42003561400,39788.0
N23584,none,0,2.6431818500000004,42003429700,56103.0
E35310,nearside,1,28.0886365,42003060300,91731.0
S06480,none,0,4.163636363636365,42003480102,82396.0
N45230,none,0,0.0,42003413500,74259.0
N43790,none,0,13.136363500000002,42003260700,79310.0
S27545,none,0,100.86364,42003488200,58125.0
E46090,nearside,1,37.21818025,42003141200,119044.0
E15100,none,0,3.7386364500000004,42003101900,60457.0
E18560,none,0,63.8886355,42003070500,68957.0
E35630,nearside,1,40.581817,42003060300,91731.0
N39780,nearside,1,4.672727272727272,42003435000,59611.0
E21675,none,0,7.38863635,42003523400,57966.0
W13500,none,0,1.40681818181818,42003460001,75598.0
E53170,none,0,26.968182499999998,42003100500,62411.0
S70293,none,0,30.88863636363635,42003492700,36583.0
E55032,none,0,3.131818,42003523501,64219.0
S70395,none,0,1.0977272999999999,42003488600,83603.0
E35250,nearside,1,78.0045455,42003080900,62852.0
S70527,none,0,2.8045454545454533,42003480300,69286.0
N31250,none,0,27.349999999999998,42003241300,70218.0
E10330,none,0,3.997727272727272,42003517000,36138.0
E70765,none,0,9.2249996,42003514000,29107.0
E20800,none,0,1.9795455999999998,42003130600,18879.0
S48570,none,0,8.0227271,42003477200,79306.0
X02670,nearside,1,10.95227285,42003473602,104864.0
S30210,none,0,0.5068181818181821,42003475401,101339.0
S70542,none,0,2.35681818181818,42003480400,96447.0
E51270,none,0,5.0340907999999995,42003140300,142738.0
E70450,none,0,214.27727499999997,42003521200,67813.0
W08530,none,0,74.45454545454544,42003464400,17118.0
W17780,none,0,17.3227295,42003469000,86450.0
E13900,farside,1,20.847727499999998,42003562000,26604.0
N70085,nearside,1,32.761363636363654,42003413300,105893.0
W12940,farside,1,1.2454545454545456,42003468800,65653.0
N22490,none,0,3.3204548000000003,42003417200,51477.0
N21400,none,0,5.722727272727273,42003420000,43333.0
X70088,none,0,,42003457200,53472.0
N15140,none,0,7.2181818181818205,42003434000,97175.0
N10729,none,0,,42003429700,56103.0
N39010,none,0,0.0,42003413500,74259.0
W03660,nearside,1,56.19545454545458,42003463900,46183.0
W03990,none,0,4.2113640000000006,42003563000,69327.0
E25355,none,0,14.0386365,42003151600,54917.0
E46620,none,0,26.7999985,42003060300,91731.0
E41090,nearside,1,222.05908800000003,42003141300,46530.0
W24770,none,0,14.765909090909089,42003458001,116080.0
S70393,nearside,1,18.920454545454533,42003486700,39662.0
S70349,none,0,1.82954545,42003504100,39891.0
E29710,nearside,1,18.099999999999998,42003130200,41667.0
E36070,none,0,17.74317985,42003561900,22770.0
X18555,none,0,2.945454545,42003470300,70385.0
S01150,nearside,1,6.5636361999999995,42003562300,25792.0
E08091,nearside,1,,42003040900,27383.0
E17288,busway,0,436.2522727272723,42003564700,40433.0
S42415,none,0,4.0750002499999995,42003191600,60109.0
E17230,none,0,33.87954545454544,42003510000,35483.0
P04000,nearside,1,,42003020100,90726.0
S34180,none,0,2.3886365449999998,42003310200,79600.0
S25170,none,0,1.775,42003488600,83603.0
E26630,none,0,15.575000000000001,42003130800,23636.0
N17870,nearside,1,4.05909075,42003261300,48500.0
X70021,nearside,1,79.4795475,42003191900,64000.0
E21430,nearside,1,21.722726074999997,42003523300,74740.0
E70417,nearside,1,7.9409089999999996,42003564700,40433.0
N28180,none,0,1.0818180000000002,42003261300,48500.0
E58710,nearside,1,3.7909090909090906,42003521200,67813.0
E43860,none,0,3.038636363636362,42003521500,74800.0
E11870,none,0,4.5363634,42003101100,76000.0
E55010,none,0,9.422727275,42003526202,95438.0
S47440,none,0,0.15,42003501000,41382.0
N20700,nearside,1,19.94772727272726,42003420000,43333.0
S33680,none,0,7.1590905,42003488400,57584.0
S70618,none,0,1.21136365,42003488600,83603.0
E32460,none,0,8.829545375,42003101400,83796.0
E70021,none,0,9.072727400000002,42003130600,18879.0
E29057,nearside,1,34.656819,42003111500,39331.0
W07790,farside,1,1.290909075,42003461000,54286.0
N71264,nearside,1,1.0295457,42003421100,133283.0
X08070,none,0,13.24545635,42003180700,58811.0
S19280,none,0,1.40909090909091,42003480102,82396.0
N44860,farside,1,20.497728,42003417100,68284.0
N50410,none,0,0.822727295,42003241300,70218.0
S48810,none,0,0.147727275,42003484300,48841.0
E25371,none,0,3.5818185,42003151600,54917.0
E03030,farside,1,33.08409045,42003509400,42344.0
N15480,none,0,0.0,42003429700,56103.0
E16270,none,0,7.4204550000000005,42003120300,26837.0
X06700,none,0,1.870454545,42003473500,174234.0
S40070,nearside,1,0.56363635,42003477200,79306.0
X17736,none,0,6.470454650000001,42003191400,71295.0
E03277,none,0,36.215909999999994,42003523702,55532.0
E03120,none,0,3.50909075,42003508000,36161.0
E51490,none,0,8.029545500000001,42003140300,142738.0
E32327,none,0,1.272727272727273,42003521200,67813.0
E70142,none,0,3.5181816,42003151600,54917.0
E26570,none,0,4.62272735,42003130700,30518.0
N71310,none,0,0.0,42003413500,74259.0
S70388,none,0,0.540909090909091,42003491200,97519.0
E29050,none,0,36.5613641,42003110600,112045.0
E28960,nearside,1,79.9181805,42003111500,39331.0
S50370,none,0,10.50681818181818,42003551200,29279.0
W25800,none,0,118.38181775,42003980700,77411.0
N43080,nearside,1,3.2681818500000004,42003429700,56103.0
N50770,none,0,2.5045455,42003241300,70218.0
N29320,none,0,0.7772727500000001,42003429201,121620.0
N05980,farside,1,14.65454545,42003562700,59634.0
S70432,none,0,13.322727475,42003488500,58371.0
E70942,none,0,14.324999799999999,42003561900,22770.0
N50370,none,0,0.0,42003428200,75795.0
E35340,none,0,24.38863595,42003090300,68289.0
S04090,none,0,7.79545454545455,42003483800,29306.0
W70202,farside,1,,42003451300,110982.0
N35830,none,0,4.1954546,42003426400,85435.0
E19340,nearside,1,28.35454445,42003981100,
N33675,none,0,9.961363636363638,42007604100,41957.0
N25450,none,0,0.0,42003413500,74259.0
E37220,none,0,1.4045455,42003523400,57966.0
S00590,nearside,1,95.08863500000001,42003160900,92593.0
N42670,none,0,12.954545454545453,42003260200,56696.0
W70161,none,0,11.277272499999999,42003470600,64171.0
E70217,none,0,199.079565,42003051000,16297.0
S24390,nearside,1,24.5818187,42003477300,60125.0
W24520,farside,1,13.027272727272726,42003468900,53765.0
E20630,none,0,1.4545453000000002,42003523100,58471.0
X04260,none,0,4.06136375,42003473500,174234.0
E20880,none,0,5.90681835,42003523200,41647.0
X13770,nearside,1,15.997726,42003191700,97069.0
W21510,none,0,14.377272749999998,42003562600,40020.0
S24480,nearside,1,5.1431819999999995,42003489001,90781.0
E05180,none,0,16.154545000000002,42003141300,46530.0
E41360,none,0,1.7659091,42003140300,142738.0
W07680,nearside,1,6.122727,42003461000,54286.0
S70469,nearside,1,53.84772727272731,42003483800,29306.0
N24110,none,0,17.336363636363636,42003425000,46892.0
E04290,none,0,1.3227272727272725,42003518001,87114.0
E35210,none,0,9.23636375,42003090300,68289.0
S70041,none,0,58.504547249999995,42003160900,92593.0
N24130,none,0,3.2000000000000015,42003425000,46892.0
N21590,none,0,0.313636375,42003421100,133283.0
N53635,none,0,7.059090749999999,42003430200,78718.0
E13490,nearside,1,238.745456,42003070900,49421.0
E70878,none,0,3.2204544,42003504100,39891.0
X05460,none,0,1.52045465,42003191100,79133.0
E32420,none,0,3.10681825,42003101400,83796.0
P01040,nearside,1,1395.2046225000001,42003020100,90726.0
E10070,none,0,3.552272727272728,42003517000,36138.0
E20590,none,0,77.89772450000001,42003120900,21087.0
S70350,none,0,0.0,42003504100,39891.0
N50680,none,0,0.965909275,42003241300,70218.0
N71313,none,0,2.304545545,42003445500,77454.0
N15410,none,0,30.21136355,42003565200,59229.0
E70968,none,0,0.247727275,42003521200,67813.0
S70482,none,0,13.947727272727287,42003551200,29279.0
W16030,none,0,2.065909090909093,42003465600,60921.0
N38170,none,0,7.4795455,42003429500,56602.0
E52445,none,0,18.54545275,42003560400,49048.0
W02810,none,0,3.2977272,42003470600,64171.0
W01204,none,0,2.15227285,42003459201,92292.0
W70155,none,0,2.4750000500000002,42003461000,54286.0
E03927,none,0,33.911365,42003051000,16297.0
E70179,none,0,0.577272725,42003120900,21087.0
E19790,none,0,66.154546,42003010302,49375.0
N17850,nearside,1,1.7909091,42003261300,48500.0
S00490,none,0,24.924998749999997,42003170600,50859.0
N50420,none,0,0.025,42003428200,75795.0
E09180,none,0,2.202272745,42003509400,42344.0
W02460,none,0,28.265908000000003,42003563000,69327.0
E20770,none,0,6.4090908,42003120900,21087.0
S06276,none,0,8.6454547,42003300100,47093.0
E17301,busway,0,296.0068298,42003140500,88490.0
W08252,none,0,48.993181818181796,42003469000,86450.0
E70284,none,0,16.584091775,42003101400,83796.0
S70603,none,0,,42003562400,43371.0
S31140,none,0,22.440909499999997,42003484500,51129.0
N23220,none,0,5.159090750000001,42003241300,70218.0
E17610,none,0,26.11590909090909,42003516200,96481.0
N08280,none,0,1.5909090909090902,42003563800,86929.0
N71274,none,0,0.5795454750000001,42003421100,133283.0
S35610,none,0,0.215909075,42003170600,50859.0
N71193,nearside,1,121.229544,42003563202,41607.0
S31210,none,0,2.695454775,42003484600,35776.0
E13170,nearside,1,381.11361999999997,42003080600,63192.0
E55495,none,0,11.381817925,42003523200,41647.0
W03360,farside,1,159.3090909090909,42003464400,17118.0
N13605,none,0,9.1113635,42003562700,59634.0
S70262,none,0,6.584091000000001,42003300100,47093.0
W24710,none,0,21.409090909090928,42003458001,116080.0
E41731,none,0,,42003110200,96803.0
N41630,none,0,0.090909090909091,42003402000,49388.0
E55303,none,0,8.940909000000001,42003981800,
E70041,nearside,1,5.193182049999999,42003523100,58471.0
E21720,nearside,1,44.82954765000001,42003523300,74740.0
E49410,none,0,7.3818184,42003564700,40433.0
X00570,none,0,3.540909,42003191600,60109.0
E33910,none,0,19.754545899999997,42003561400,39788.0
S70261,none,0,16.959090500000002,42003300100,47093.0
N10260,nearside,1,99.33181775000001,42003270800,88490.0
S24200,nearside,1,15.979545000000002,42003477300,60125.0
E70444,none,0,0.27272725,42003523501,64219.0
N15450,none,0,0.14318182000000002,42003429700,56103.0
E70234,none,0,161.41590499999998,42003070800,94297.0
N71247,none,0,0.24318182,42003403500,41466.0
N18930,none,0,0.0,42003429100,73220.0
E70793,none,0,24.2772715,42003050900,12740.0
S45480,none,0,4.079545275,42003488400,57584.0
E20570,none,0,40.495456000000004,42003523100,58471.0
X13610,nearside,1,14.938635000000001,42003191700,97069.0
S70455,none,0,2.36136355,42003488600,83603.0
W21840,none,0,9.188636363636364,42003281500,63056.0
W25450,nearside,1,6.5477272727272755,42003458001,116080.0
E47580,none,0,0.8250000000000002,42003521301,75233.0
S04040,none,0,79.3045415,42003481000,35640.0
S28150,none,0,1.16136362,42003488600,83603.0
E48840,none,0,8.0545455,42003040200,22667.0
W25150,none,0,0.22499999999999998,42003458001,116080.0
S27030,none,0,5.088636500000001,42003160800,54138.0
N08510,none,0,6.5409095,42003445500,77454.0
E39370,none,0,15.690908,42003080400,62868.0
S25580,none,0,2.472727275,42003310200,79600.0
E49970,none,0,1.12045455,42003523502,58854.0
X18880,none,0,35.159089,42003191400,71295.0
E17750,none,0,0.8772727499999999,42003515300,29612.0
S44830,farside,1,6.904545454545455,42003492800,36250.0
N14660,none,0,5.1363633,42003261500,46141.0
W08210,none,0,5.615909090909091,42003469000,86450.0
E71019,nearside,1,,42003521301,75233.0
N20600,nearside,1,27.847727272727287,42003419000,70569.0
N45510,none,0,0.5,42003413400,121510.0
E01190,nearside,1,112.48409035,42003030500,36932.0
N43230,none,0,1.54090885,42003429700,56103.0
W26300,none,0,1.1500000000000004,42003464300,67879.0
E46850,none,0,2.2340911,42003561500,42461.0
X02060,none,0,3.0818182750000003,42003473602,104864.0
E41771,nearside,1,38.811365,42003070900,49421.0
E58100,none,0,7.284091,42003151700,66467.0
W08089,none,0,14.904545,42003470501,96204.0
N25456,none,0,0.0,42003414102,115494.0
W17640,none,0,1.075,42003281500,63056.0
E35320,nearside,1,22.4727275,42003060300,91731.0
S28380,none,0,4.1499999999999995,42003487000,43208.0
X00550,none,0,0.07045454545454545,42003457200,53472.0
WOSTST,nearside,1,,42003020100,90726.0
E14020,nearside,1,132.5659115,42003080400,62868.0
W00850,none,0,7.72954525,42003202200,53521.0
W14500,none,0,2.93409090909091,42003460001,75598.0
N12975,none,0,6.21590885,42003270300,59398.0
S70485,none,0,1.8477272727272749,42003551300,57460.0
E70455,none,0,1.275,42003130700,30518.0
N14690,none,0,3.4795455,42003261500,46141.0
N12060,none,0,4.463636195,42003429500,56602.0
E20510,none,0,7.77272685,42003130700,30518.0
W22840,none,0,3.82499985,42003459201,92292.0
N70000,none,0,188.22272405,42003565100,57621.0
W70194,nearside,1,,42003562600,40020.0
E59660,none,0,14.265909250000002,42003515100,47052.0
E70330,none,0,18.104547500000002,42003130700,30518.0
S39880,none,0,2.6613636,42003477300,60125.0
E35990,nearside,1,31.354543399999997,42003120900,21087.0
S02820,nearside,1,77.284091,42003484300,48841.0
E33130,none,0,36.847728124999996,42003560400,49048.0
N50320,none,0,2.11363645,42003241300,70218.0
S70229,none,0,10.543181818181816,42003480200,83942.0
X03270,none,0,5.034091045,42003320600,92143.0
N31340,none,0,15.829545899999998,42003241300,70218.0
E35070,nearside,1,13.26590865,42003020300,119233.0
E08900,none,0,11.893182,42003141200,119044.0
E17460,none,0,7.956818644999999,42003515100,47052.0
E41260,nearside,1,173.377272,42003151700,66467.0
E07880,none,0,6.0363635,42003562901,52679.0
W26165,busway,0,103.05227272727274,42003562800,56382.0
E55420,none,0,3.58863645,42003523800,67314.0
X02180,none,0,8.265909145,42003473200,76625.0
N71323,none,0,6.075,42003435000,59611.0
N15230,none,0,0.784090909090909,42003434000,97175.0
X04610,none,0,5.8681815,42003470501,96204.0
N45040,none,0,1.48863635,42003417200,51477.0
N14830,none,0,140.4931852,42003565200,59229.0
N41130,nearside,1,0.0,42003413500,74259.0
E10490,none,0,4.159090909090908,42003517000,36138.0
P02030,none,0,325.32955915,42003020100,90726.0
W22020,none,0,6.988636363636365,42003465600,60921.0
E26650,none,0,0.047727275,42003120900,21087.0
S70601,none,0,6.290908999999999,42003562400,43371.0
N32980,none,0,2.629545625,42003429202,115652.0
S70410,none,0,3.3795455,42003485000,59242.0
E70338,none,0,1.3568182,42003523502,58854.0
X08853,none,0,0.743181825,42003470300,70385.0
N44700,none,0,2.8545454545454527,42003418000,70132.0
W70047,none,0,545.8954125,42003451105,96821.0
S50240,none,0,3.134090909090908,42003492900,44038.0
E36400,nearside,1,19.302272727272715,42003510000,35483.0
E53050,none,0,2.88636385,42003981000,
E70353,none,0,0.05,42003526202,95438.0
N45610,none,0,1.8568181818181801,42003413400,121510.0
E20490,nearside,1,24.568182,42003130800,23636.0
E51000,none,0,4.863636345,42003560500,92056.0
E02110,none,0,5.168181818181818,42129802200,57557.0
E70792,none,0,92.04091,42003050900,12740.0
X08930,none,0,5.5295453,42003180700,58811.0
X04150,none,0,0.7840909,42003473500,174234.0
E02850,none,0,3.7795452950000006,42003523100,58471.0
S27570,none,0,12.450000000000001,42003480101,51631.0
S17110,none,0,5.047727,42003488200,58125.0
E09550,none,0,322.8204545454546,42003517000,36138.0
E25346,none,0,15.156818000000001,42003151600,54917.0
E13211,nearside,1,,42003030500,36932.0
E70447,nearside,1,24.0522722,42003523501,64219.0
W70193,nearside,1,,42003562600,40020.0
N43930,none,0,18.961363,42003260200,56696.0
N71361,nearside,1,,42003429500,56602.0
E33060,none,0,35.170455825,42003560500,92056.0
X04250,none,0,0.9068182,42003473500,174234.0
E46160,none,0,11.277272925,42003141200,119044.0
S70480,none,0,10.950000000000001,42003551300,57460.0
N40150,nearside,1,22.2,42003432400,59435.0
E56400,none,0,5.80454545,42003120900,21087.0
S70417,none,0,2.804545454545455,42003499300,50729.0
W25240,nearside,1,12.127272727272725,42003458001,116080.0
N37140,none,0,0.7795455,42003428100,79500.0
W70130,none,0,0.0,42003460001,75598.0
E01930,none,0,104.2090935,42003140200,62593.0
P70027,nearside,1,1614.6590700000002,42003020100,90726.0
N70049,none,0,61.718181799999996,42003980000,
E15120,none,0,7.490909,42003141100,105063.0
E45740,none,0,33.4318163,42003111500,39331.0
E35980,none,0,5.845454500000001,42003120900,21087.0
N10585,nearside,1,73.695453,42003565200,59229.0
E35350,none,0,141.40227,42003080900,62852.0
E29020,none,0,38.55454350000001,42003070600,85909.0
E70941,none,0,19.84090975,42003130700,30518.0
S70643,none,0,4.44090909090909,42003480200,83942.0
X70076,nearside,1,17.286363636363635,42003472400,93500.0
W20740,none,0,0.5818182000000001,42003459102,111250.0
S48680,none,0,2.1022727999999997,42003488200,58125.0
E58020,none,0,0.750000025,42003561900,22770.0
S16300,nearside,1,143.65454649999998,42003160900,92593.0
N71244,none,0,0.09318180000000001,42003403500,41466.0
S04490,none,0,12.670456,42003481000,35640.0
E70897,none,0,30.3022725,42003513000,31321.0
W17700,none,0,23.1227265,42003563100,64800.0
N13720,none,0,10.395455,42003430200,78718.0
E35830,nearside,1,77.88408985000001,42003561900,22770.0
E48510,none,0,2.3249997749999998,42003141200,119044.0
N52360,none,0,0.0,42003429202,115652.0
E06420,none,0,5.038636749999999,42003140100,124444.0
N14160,none,0,17.6136345,42003430200,78718.0
S42503,none,0,283.1863605,42003191500,77155.0
N31640,none,0,7.90454575,42003424000,44571.0
N43390,none,0,5.859091,42003260700,79310.0
X02610,nearside,1,1.6727273,42003470400,110357.0
E02990,none,0,2.302272525,42003509400,42344.0
S24430,none,0,15.370454500000001,42003489001,90781.0
E48480,none,0,1.77045455,42003141200,119044.0
W21100,none,0,6.397726700000001,42003562500,42292.0
N31620,none,0,6.8886363,42003424000,44571.0
W70134,nearside,1,2.3477275,42003453004,93740.0
N40920,nearside,1,4.186363636363638,42003413400,121510.0
S70301,none,0,4.586364,42003504100,39891.0
S40030,none,0,0.32727274500000003,42003477200,79306.0
S47340,none,0,0.231818195,42003501000,41382.0
N31200,none,0,15.072725499999999,42003241300,70218.0
S70593,none,0,26.863636999999997,42003477300,60125.0
E52485,none,0,16.0886359,42003560400,49048.0
S00690,farside,1,47.2022735,42003980800,
N15696,none,0,1.6045454545454556,42003413400,121510.0
N39630,none,0,10.013636363636365,42003432400,59435.0
W21080,none,0,17.97499955,42003562500,42292.0
N15210,none,0,0.1,42003432300,46994.0
E01960,none,0,50.72954475,42003030500,36932.0
W11717,none,0,0.05,42003470300,70385.0
S70490,none,0,0.9863636363636364,42003480400,96447.0
E55320,none,0,6.4409093,42003561900,22770.0
E21065,none,0,19.99318,42003523200,41647.0
N35500,none,0,65.1181813,42003261300,48500.0
P03690,nearside,1,2307.5137059999997,42003020100,90726.0
S70312,none,0,8.884091,42003300100,47093.0
E19010,none,0,4.495455,42003526302,87029.0
S12500,none,0,3.35454545,42003562400,43371.0
N18010,none,0,2.4068180999999997,42003262000,39618.0
E40350,none,0,0.895454525,42003561500,42461.0
E70986,none,0,1.2999999999999998,42003562901,52679.0
E41160,none,0,71.47500005,42003151700,66467.0
N14870,none,0,0.6340909,42003565200,59229.0
N39000,none,0,0.0,42003413500,74259.0
N49580,none,0,7.649999749999999,42003270300,59398.0
E70392,none,0,0.022727275,42003526202,95438.0
E36265,none,0,2.5977272,42003564400,56333.0
S42350,busway,0,174.30909745000002,42003191500,77155.0
N52300,none,0,0.11363635,42003429202,115652.0
N31420,none,0,18.370454499999997,42003424000,44571.0
W03520,none,0,1.6681818499999999,42003281400,37533.0
E28590,none,0,14.03863625,42003151700,66467.0
E11800,nearside,1,28.42272932,42003101100,76000.0
S28020,none,0,3.90909107,42003488500,58371.0
N54520,none,0,7.122727500000001,42003261400,44958.0
E70378,nearside,1,209.281814045,42003140200,62593.0
W13505,none,0,3.375,42003462100,54458.0
E40375,none,0,10.600000045,42003561400,39788.0
E19890,nearside,1,176.42726999999996,42003140100,124444.0
N51060,none,0,0.6113636363636366,42003413500,74259.0
W03900,none,0,36.186364,42003562500,42292.0
E52385,none,0,5.1727273,42003564700,40433.0
E41800,nearside,1,133.002272,42003111500,39331.0
E55560,nearside,1,9.256818,42003523800,67314.0
E57640,farside,1,30.145454800000003,42003140200,62593.0
E06970,none,0,15.709088999999999,42003051100,20441.0
E06470,none,0,15.47954525,42003140100,124444.0
N14620,nearside,1,25.0204525,42003261400,44958.0
S42320,busway,0,16.13636375,42003191700,97069.0
E23620,none,0,17.5954525,42003080900,62852.0
E29990,nearside,1,3.27954535,42003140500,88490.0
E30240,none,0,9.640909090909094,42003516100,92069.0
N27620,none,0,1.643181818181817,42129800700,22829.0
X20010,nearside,1,20.7159105,42003191700,97069.0
E70868,none,0,7.006817999999999,42003051100,20441.0
W07800,none,0,6.50454545,42003461000,54286.0
N08860,none,0,13.704545454545457,42003448000,65417.0
X01935,none,0,3.1909092749999997,42003191500,77155.0
W00820,none,0,18.609091499999998,42003202200,53521.0
S70507,none,0,3.7818181818181826,42003480300,69286.0
E05297,none,0,0.9636363636363636,42003521500,74800.0
N14470,none,0,3.1477271,42003261400,44958.0
E70867,none,0,12.504545499999999,42003051100,20441.0
N44710,none,0,7.3750005,42003417100,68284.0
E70453,none,0,21.447725050000003,42003070800,94297.0
E52670,none,0,34.1068175,42003101400,83796.0
E41900,farside,1,114.09318164999999,42003080700,45324.0
N52200,none,0,0.1909091,42003429202,115652.0
X20410,none,0,4.0545455,42003192000,75735.0
S70553,none,0,34.9886355,42003477300,60125.0
S23090,none,0,0.0,42003488300,69000.0
E01230,nearside,1,1.6772725000000002,42003120900,21087.0
N21920,nearside,1,1.5977272727272749,42003401100,76667.0
W70148,none,0,6.752273,42003459101,80550.0
E70943,farside,1,5.8613634999999995,42003982200,
S11440,none,0,17.5909105,42003300100,47093.0
S21470,none,0,2.3477275,42003488100,69375.0
S24355,none,0,3.1727272500000003,42003477200,79306.0
E04400,farside,1,14.884090909090908,42003563900,71716.0
E55510,none,0,8.12954565,42003523800,67314.0
S04620,none,0,15.674999,42003161000,55700.0
E70900,nearside,1,8.938636363636366,42003513800,27212.0
E70857,none,0,9.611363775000001,42003523502,58854.0
S08560,none,0,43.17045454545455,42003478200,58312.0
S00790,nearside,1,130.004542,42003562300,25792.0
N39060,none,0,0.920454545,42003429500,56602.0
E27240,none,0,19.059090850000004,42003514000,29107.0
N32750,nearside,1,17.38863665,42003429500,56602.0
E25363,none,0,0.24772727500000002,42003151600,54917.0
E45690,none,0,21.027274325,42003561400,39788.0
E54430,none,0,17.072727750000002,42003140800,88922.0
E30545,nearside,1,4.2386365,42003526302,87029.0
E46000,nearside,1,20.529545,42003090300,68289.0
X17732,none,0,4.13636365,42003191400,71295.0
W12250,nearside,1,14.718181818181815,42003468700,69444.0
N25360,none,0,2.6272725,42003261400,44958.0
N15670,none,0,7.4886365,42003429500,56602.0
E30580,nearside,1,14.777272727272745,42003521500,74800.0
N08580,none,0,0.284090909090909,42003563800,86929.0
E19595,nearside,1,125.62045999999998,42003040500,13750.0
E70784,none,0,56.34091,42003050900,12740.0
N39860,none,0,7.081818181818182,42003435000,59611.0
E13800,none,0,23.5545465,42003050100,30036.0
S35231,none,0,10.390908799999998,42003488600,83603.0
N43255,farside,1,5.9909091,42003429700,56103.0
E18420,nearside,1,15.059093,42003070900,49421.0
N37070,none,0,1.9863635000000002,42003429100,73220.0
N12510,nearside,1,7.481818181818179,42003425000,46892.0
N06430,nearside,1,0.0,42003429100,73220.0
W24310,nearside,1,8.22727272727273,42003457100,63295.0
E06215,none,0,1.8545454399999999,42003151700,66467.0
W21960,none,0,9.2409092,42003562600,40020.0
N14040,none,0,4.343182,42003430100,71136.0
E25358,none,0,9.67500015,42003151700,66467.0
E46050,none,0,18.0386363,42003561500,42461.0
E30247,none,0,1.7590909090909108,42003516100,92069.0
S46150,nearside,1,5.147727272727275,42003550900,28767.0
N08250,none,0,4.222727272727271,42003446000,208333.0
S34160,none,0,5.913636645,42003310200,79600.0
S70188,none,0,9.01590909090909,42003486800,43125.0
S30590,farside,1,5.179545454545453,42003551900,14063.0
E48210,none,0,3.3659088749999997,42003514000,29107.0
E08185,nearside,1,10.07045475,42003040900,27383.0
N19700,none,0,0.877272727272727,42003414200,127093.0
E20782,none,0,16.570455000000003,42003130700,30518.0
S27680,none,0,5.065908899999999,42003300100,47093.0
W17100,none,0,22.147729499999997,42003563100,64800.0
X20090,none,0,5.327272727272728,42003472100,73383.0
E70993,none,0,40.0522725,42003030500,36932.0
E39350,none,0,77.415908,42003080400,62868.0
S35226,none,0,53.13863640000001,42003488600,83603.0
N20120,none,0,9.2863635,42003429600,77953.0
W70090,none,0,1.3045454545454545,42003460002,90848.0
E17292,busway,0,377.20678599999997,42003515100,47052.0
S50310,none,0,1.981818,42003488400,57584.0
E44810,none,0,6.42727275,42003512000,45971.0
N18185,farside,1,10.4568185,42003260700,79310.0
W07630,none,0,0.075,42003461000,54286.0
N28100,none,0,2.4454543,42003563202,41607.0
W21490,none,0,6.209090909090911,42003465600,60921.0
E70112,none,0,5.9409089999999996,42003120300,26837.0
N70176,none,0,0.07272727500000001,42003421100,133283.0
W02860,farside,1,1.7363636,42003470600,64171.0
N33040,nearside,1,1.31818175,42003260200,56696.0
S48770,none,0,13.168181999999998,42003484300,48841.0
S01010,none,0,4.57500015,42003562300,25792.0
W22930,none,0,2.74090905,42003459201,92292.0
S70457,none,0,0.6,42003488600,83603.0
E70364,none,0,9.0386364,42003526202,95438.0
W02745,none,0,86.5454555,42003462600,46935.0
S40000,none,0,4.77045435,42003477200,79306.0
E70273,none,0,29.7545455,42003051000,16297.0
E06580,none,0,19.2590909,42003513000,31321.0
E54400,nearside,1,8.7500002,42003140800,88922.0
N31480,none,0,5.936364,42003424000,44571.0
S70006,none,0,12.645454545454545,42003478100,55729.0
S08140,farside,1,263.865889,42003300100,47093.0
E48220,none,0,14.5772728,42003514000,29107.0
N05380,none,0,2.5886365,42003429201,121620.0
S70235,none,0,0.561363625,42003488500,58371.0
E23440,nearside,1,43.1613615,42003080900,62852.0
X02380,none,0,11.993179545,42003473601,127206.0
N19660,none,0,1.977272727272725,42003413400,121510.0
E55135,none,0,0.550000025,42003523501,64219.0
N53500,none,0,344.20225300000004,42003980000,
X00560,farside,1,12.1181815,42003202300,70295.0
S39940,none,0,3.493181775,42003477200,79306.0
E51025,none,0,6.25227255,42003560500,92056.0
E53660,nearside,1,24.972727272727248,42003516200,96481.0
E42850,nearside,1,3.7522727000000002,42003130800,23636.0
E35800,none,0,27.275000799999994,42003561900,22770.0
E04170,farside,1,13.436363636363636,42003518001,87114.0
E59230,nearside,1,10.2227271,42003520001,68304.0
N08780,none,0,7.063636363636365,42003446000,208333.0
W70169,none,0,3.579545454545455,42003460002,90848.0
W70197,nearside,1,,42003469000,86450.0
N41325,none,0,48.654544099999995,42003261300,48500.0
N44460,none,0,6.427272727272728,42003418000,70132.0
X08920,none,0,3.4113634499999996,42003180700,58811.0
W25990,farside,1,1.790909075,42003562600,40020.0
E37320,none,0,0.5318181750000001,42003523400,57966.0
S23770,nearside,1,84.56136363636367,42003478100,55729.0
N37020,none,0,1.290909,42003428100,79500.0
E01500,nearside,1,125.9659072,42003040400,60329.0
N41735,nearside,1,17.6704525,42003565100,57621.0
X15270,none,0,2.343182045,42003191100,79133.0
S10620,none,0,2.8659090000000003,42003562400,43371.0
S23030,none,0,0.0,42003488300,69000.0
E15500,none,0,1.206818181818182,42003513800,27212.0
E09920,none,0,3.9181818,42003512000,45971.0
S28690,nearside,1,6.147727045000001,42003488500,58371.0
E70944,none,0,2.475000095,42003512000,45971.0
N40380,none,0,5.86818181818182,42003431500,55938.0
N71281,nearside,1,52.13863550000001,42003270100,61481.0
N21345,none,0,0.24772727272727274,42003401100,76667.0
W03630,none,0,9.35454525,42003563000,69327.0
E51220,none,0,53.484093,42003140400,182287.0
N52630,none,0,18.3204559,42003241300,70218.0
E58665,none,0,8.947726874999999,42003561400,39788.0
S70504,none,0,2.3227272727272745,42003480300,69286.0
N18740,none,0,7.420454545454545,42003427000,59250.0
N41350,none,0,53.975001850000005,42003261300,48500.0
N45490,none,0,0.43863634500000004,42003261300,48500.0
N47200,none,0,0.11590909090909099,42003413500,74259.0
W10340,none,0,2.111363545,42003462100,54458.0
E21640,none,0,7.0227274,42003523400,57966.0
W20190,none,0,9.743181818181817,42003471000,63500.0
S08890,none,0,60.009089499999995,42003290400,57500.0
S04010,none,0,14.979544,42003481000,35640.0
E70162,none,0,5.009091274999999,42003523400,57966.0
N13860,none,0,6.681818,42003430100,71136.0
N12800,none,0,7.602272727272728,42003432400,59435.0
W06800,none,0,17.5977275,42003202200,53521.0
E50460,none,0,1.175,42003523702,55532.0
W00100,none,0,,42003452000,85991.0
N53620,none,0,69.93409199999999,42003430200,78718.0
E59380,nearside,1,31.756816,42003564800,33883.0
S46810,none,0,0.12272727272727274,42003552400,35331.0
W10580,nearside,1,1.6136363636363629,42003464400,17118.0
X02220,none,0,18.188633775,42003473200,76625.0
N44580,farside,1,19.893181818181844,42003418000,70132.0
W70015,none,0,0.377272725,42003459102,111250.0
E70031,none,0,9.6454545,42003525200,65464.0
N12830,none,0,19.236362,42003565200,59229.0
E51530,nearside,1,19.870456,42003140200,62593.0
E13650,nearside,1,302.284095,42003070900,49421.0
W02743,nearside,1,14.347727272727274,42003463900,46183.0
N30390,none,0,208.91136363636366,42003431500,55938.0
W13470,none,0,0.7613636363636366,42003460001,75598.0
E45770,none,0,30.829545500000002,42003140500,88490.0
N71278,none,0,1.0136363499999999,42003241300,70218.0
N25390,none,0,,42003250900,38438.0
E55535,none,0,7.36818175,42003523800,67314.0
E08610,none,0,1.8568181818181817,42003513800,27212.0
E19370,none,0,37.8840905,42003140800,88922.0
S70460,none,0,4.588636599999999,42003488600,83603.0
N35700,none,0,1.5840908999999999,42003426300,94917.0
E70033,none,0,6.927272500000001,42003525200,65464.0
N21530,none,0,3.5318181818181804,42003404000,63000.0
E58575,none,0,9.040909090909087,42003519000,102216.0
N45384,none,0,0.71363635,42003428200,75795.0
E32297,none,0,1.8204545454545433,42003521200,67813.0
X18560,none,0,4.461363850000001,42003470300,70385.0
N10530,none,0,19.215911,42003271600,38719.0
E70590,nearside,1,36.61363636363638,42003513800,27212.0
E21280,none,0,9.2977275,42003523400,57966.0
E70328,none,0,0.11818182,42003981800,
X70078,nearside,1,1.27954545,42003191700,97069.0
W17620,none,0,12.149999999999999,42003469000,86450.0
E01990,nearside,1,196.6181785,42003140200,62593.0
E57970,none,0,0.40454545,42003130600,18879.0
S39720,none,0,6.7840907,42003477300,60125.0
E34780,none,0,2.768182,42003561900,22770.0
S40130,none,0,14.9409105,42003477300,60125.0
S70502,none,0,5.63863625,42003290400,57500.0
E06917,none,0,7.35,42003051000,16297.0
N39800,none,0,3.615909090909092,42003432400,59435.0
E06950,none,0,0.5113636450000001,42003051100,20441.0
E10130,none,0,4.613636363636365,42003518001,87114.0
E10300,none,0,5.3909090909090915,42003517000,36138.0
N10265,none,0,12.259089,42003261400,44958.0
S18030,none,0,2.20227285,42003320700,73314.0
E46200,nearside,1,205.87500500000002,42003090300,68289.0
E32733,none,0,31.654545499999998,42003562300,25792.0
W03290,none,0,7.206818,42003202200,53521.0
X17675,none,0,6.718182,42003191500,77155.0
S70263,none,0,12.6113635,42003300100,47093.0
E70377,nearside,1,5.7204545,42003130700,30518.0
W14390,none,0,8.865908999999998,42003464300,67879.0
E56225,none,0,7.1363635,42003504100,39891.0
E10400,none,0,2.36363615,42003512000,45971.0
E23490,none,0,17.302273999999997,42003080700,45324.0
E70016,none,0,22.42045454545454,42003510000,35483.0
E08741,none,0,0.26590909,42003515300,29612.0
E36910,none,0,5.550000000000002,42003510000,35483.0
E57990,none,0,2.2659091,42003130600,18879.0
X00670,nearside,1,7.05227275,42003202300,70295.0
N47220,none,0,0.143181818181818,42003413500,74259.0
S35590,nearside,1,15.904545500000001,42003180300,42029.0
S47240,none,0,0.23863635,42003501000,41382.0
N36460,none,0,9.40000015,42003426400,85435.0
N40320,none,0,20.30227272727273,42003435000,59611.0
E36120,none,0,3.0613635,42003564400,56333.0
N11980,none,0,5.6181819,42003429500,56602.0
N71360,nearside,1,,42003429300,89250.0
W70184,none,0,,42003464400,17118.0
N41800,none,0,25.734092,42003565200,59229.0
N71246,none,0,37.22045275,42003403500,41466.0
S70036,none,0,1.2454545,42003490003,108769.0
N31550,none,0,30.374998,42003424000,44571.0
E14300,none,0,6.302272845,42003101400,83796.0
E14450,none,0,16.6363625,42003564700,40433.0
S23025,none,0,1.6500000000000001,42003488400,57584.0
E13520,nearside,1,33.647725,42003050600,42951.0
E32750,none,0,6.152272999999999,42003562300,25792.0
W26340,none,0,6.30227265,42003563000,69327.0
S30600,nearside,1,21.99772727272727,42003551900,14063.0
E70879,none,0,1.1022727,42003504100,39891.0
E51360,none,0,1.96136365,42003140200,62593.0
E33900,none,0,21.461364999999997,42003561400,39788.0
E57950,none,0,41.261365,42003130600,18879.0
S33900,none,0,7.884091,42003488200,58125.0
E25085,nearside,1,9.2522725,42003562901,52679.0
N19620,none,0,1.315909090909091,42003413400,121510.0
N28080,none,0,4.309091,42003262000,39618.0
E45660,nearside,1,18.8977265,42003070800,94297.0
S28000,nearside,1,11.920454545454547,42003487000,43208.0
N40800,none,0,0.1363636363636365,42003425000,46892.0
S42300,busway,0,12.084090790000001,42003320700,73314.0
N71260,none,0,0.11590909090909099,42003413500,74259.0
S45375,none,0,364.29090909090905,42003483800,29306.0
E02040,none,0,54.6340915,42003040200,22667.0
E35930,none,0,25.924998000000002,42003130700,30518.0
S39710,none,0,17.8113618,42003477300,60125.0
S46890,none,0,0.427272727272727,42003552400,35331.0
E07500,farside,1,37.893181818181795,42003519000,102216.0
N04340,none,0,3.7249999999999983,42003402000,49388.0
W08250,none,0,1.1454545454545455,42003469000,86450.0
W70157,none,0,1.1045454499999998,42003459102,111250.0
S27546,none,0,17.3000015,42003488200,58125.0
N71317,none,0,9.665909500000001,42003429201,121620.0
S70368,none,0,7.218181818181815,42003499400,47202.0
N43550,none,0,40.027271500000005,42003261400,44958.0
E36020,none,0,25.122727344999998,42003561900,22770.0
E17440,none,0,17.93409090909091,42003516200,96481.0
N18420,none,0,11.056818044999998,42003403500,41466.0
E20890,none,0,7.4863635,42003523200,41647.0
S01810,none,0,5.668181818181817,42003550900,28767.0
S14790,nearside,1,1.106818181818182,42003486900,43207.0
S21450,none,0,9.84090915,42003488200,58125.0
X01880,none,0,4.04545465,42003191400,71295.0
S08360,none,0,3.3522727750000003,42003477300,60125.0
E39600,none,0,24.561362925,42003515300,29612.0
W16290,none,0,16.9045459,42003563100,64800.0
N31862,none,0,11.04772775,42003271600,38719.0
S70641,none,0,1.80909090909091,42003486800,43125.0
X02240,nearside,1,31.397729,42003473602,104864.0
W70136,nearside,1,4.704545454545455,42003465600,60921.0
W09798,nearside,1,,42003451102,86040.0
N10620,nearside,1,110.13181599999999,42003565100,57621.0
E59650,none,0,11.22727275,42003515100,47052.0
X19930,none,0,6.513636363636365,42003191900,64000.0
N13650,none,0,1.68409090909091,42003435000,59611.0
S33710,none,0,1.5795457,42003488400,57584.0
S34000,none,0,76.456815,42003488200,58125.0
N70150,none,0,5.06818185,42003980600,
W20180,none,0,9.147727272727273,42003471000,63500.0
N71203,none,0,8.468182,42003430100,71136.0
W03370,none,0,5.5295455,42003563000,69327.0
N25475,none,0,0.4772727272727275,42003414102,115494.0
E70037,none,0,4.509091,42003525300,107583.0
E32307,none,0,0.5863636363636365,42003521200,67813.0
E71020,none,0,,42003562901,52679.0
N14080,none,0,9.05681815,42003430200,78718.0
E01040,none,0,5.3863635599999995,42003040200,22667.0
E44960,none,0,5.6227275,42003130600,18879.0
E08720,nearside,1,56.94545454545454,42003513800,27212.0
S14760,none,0,34.28863636363637,42003486700,39662.0
X08860,none,0,0.6590909250000001,42003470300,70385.0
X00480,none,0,3.152272727272725,42003457200,53472.0
E33150,none,0,31.129547645000002,42003560500,92056.0
N14680,none,0,23.2181815,42003261400,44958.0
S47510,nearside,1,76.895459,42003180300,42029.0
S00230,nearside,1,10.875,42003170600,50859.0
E12650,none,0,0.025,42003521500,74800.0
E20670,none,0,24.1249995,42003130200,41667.0
N21680,none,0,0.09545454545454546,42003401100,76667.0
E29077,nearside,1,91.76136000000001,42003111500,39331.0
N35490,none,0,38.6386368,42003261300,48500.0
W02730,none,0,106.91591,42003462600,46935.0
E70759,none,0,0.022727275,42003101800,81406.0
S70362,none,0,2.09318181818182,42003499300,50729.0
W12260,nearside,1,26.75000000000002,42003468700,69444.0
N40910,none,0,0.8681818181818199,42003413500,74259.0
S14380,none,0,3.3409090909090926,42003492900,44038.0
W70111,nearside,1,0.7,42003462600,46935.0
S44770,none,0,50.98863636363636,42003492800,36250.0
E70997,none,0,14.77045395,42003120900,21087.0
E12550,none,0,0.04772727272727275,42003521100,86211.0
X02640,none,0,2.39318165,42003473601,127206.0
N27905,none,0,1.2181818181818178,42003413500,74259.0
E53180,none,0,11.420454549999999,42003100500,62411.0
S47590,nearside,1,29.170456249999997,42003562400,43371.0
S70415,none,0,0.297727275,42003488100,69375.0
W23105,none,0,2.104545545,42003453004,93740.0
E70883,none,0,0.13863635,42003515300,29612.0
N50510,none,0,1.86363615,42003241300,70218.0
S33660,none,0,1.8136363949999998,42003488400,57584.0
W17240,none,0,1.7090909,42003469000,86450.0
S70644,none,0,1.4090909,42003565300,51008.0
W20980,nearside,1,26.720453499999998,42003562600,40020.0
E35270,nearside,1,129.925,42003090300,68289.0
S02260,none,0,3.2590909090909093,42003486900,43207.0
E13610,nearside,1,180.209085,42003562000,26604.0
X04100,none,0,1.6204545,42003473500,174234.0
W70121,nearside,1,24.509090909090922,42003468800,65653.0
S30890,none,0,20.552272727272722,42003551900,14063.0
E33970,none,0,11.809090450000001,42003523200,41647.0
N40310,nearside,1,11.004545454545454,42003434000,97175.0
E11560,none,0,14.0727275,42003060300,91731.0
N13955,none,0,0.32045454500000004,42003429600,77953.0
S21410,none,0,4.0613635,42003488200,58125.0
W11715,none,0,0.22272727499999997,42003470300,70385.0
E32350,none,0,15.649999650000002,42003101400,83796.0
E42000,nearside,1,69.8795455,42003111300,62250.0
N71265,none,0,1.775,42003421100,133283.0
S27990,farside,1,11.231818,42003488500,58371.0
N50690,none,0,0.21136365000000001,42003241300,70218.0
N15220,none,0,1.111363636363635,42003434000,97175.0
E70413,nearside,1,28.865910900000003,42003560400,49048.0
S01060,none,0,3.622727275,42003562300,25792.0
P03000,nearside,1,440.38638605,42003020100,90726.0
W26140,nearside,1,489.0454545454547,42003468800,65653.0
S13933,none,0,5.3954545,42003490003,108769.0
E70256,none,0,3.7022726,42003523200,41647.0
E18907,none,0,67.97272727272727,42003521200,67813.0
S70317,none,0,0.02272727272727275,42003491200,97519.0
S31790,none,0,8.37500005,42003484500,51129.0
E41890,nearside,1,204.5931855,42003111500,39331.0
E49600,none,0,2.21818165,42003523501,64219.0
E30010,none,0,1.07272725,42003141200,119044.0
E70844,none,0,2.5136366,42003562300,25792.0
S12470,none,0,3.1545454,42003562400,43371.0
N49570,none,0,19.0840925,42003271600,38719.0
S05570,none,0,14.87045435,42003300100,47093.0
E09900,none,0,10.2204543,42003512000,45971.0
S11320,none,0,12.120454500000001,42003562400,43371.0
E57340,nearside,1,11.759090899999999,42003141300,46530.0
N31270,none,0,3.959091,42003241300,70218.0
E71021,none,0,,42003562901,52679.0
W16370,none,0,8.49772715,42003563100,64800.0
N22320,none,0,9.397727272727272,42003423000,107738.0
S70353,none,0,1.6681818,42003504100,39891.0
E17373,farside,1,35.00227225,42003111500,39331.0
N22130,farside,1,2.2568181818181823,42003404000,63000.0
S45320,none,0,12.156818,42003562400,43371.0
E05390,none,0,0.7454545454545454,42003521500,74800.0
E09400,none,0,6.6295456999999995,42003141200,119044.0
W70182,none,0,7.377273,42003563000,69327.0
N15935,none,0,10.529545454545454,42003413500,74259.0
N45820,none,0,6.2545455,42003241300,70218.0
S01410,none,0,75.18863636363635,42003494000,45324.0
S70302,none,0,4.6704545,42003504100,39891.0
S00320,none,0,23.21591015,42003170600,50859.0
X20430,nearside,1,22.69999999999998,42003472200,60625.0
E70831,none,0,17.470454000000004,42003562300,25792.0
E36370,nearside,1,1.5363635,42003564400,56333.0
N08830,none,0,35.040909090909096,42003448000,65417.0
W70087,none,0,12.5,42003462600,46935.0
S70233,none,0,1.13409090909091,42003480200,83942.0
X01280,none,0,5.56818165,42003180300,42029.0
E01540,nearside,1,313.92045900000005,42003030500,36932.0
W70099,busway,0,119.0,42003468700,69444.0
N18180,none,0,0.8431818499999999,42003262000,39618.0
E17290,nearside,1,192.60227724499998,42003564700,40433.0
S70386,none,0,0.506818181818182,42003491200,97519.0
E12080,nearside,1,54.065905,42003060300,91731.0
W10410,none,0,6.24090905,42003462100,54458.0
E13250,nearside,1,23.795455500000003,42003562000,26604.0
N28110,none,0,1.7159092749999998,42003261300,48500.0
N39750,none,0,15.838636363636368,42003563800,86929.0
X00078,none,0,1.4522724999999999,42003191500,77155.0
E41390,none,0,0.425,42003140300,142738.0
N71245,none,0,0.07500000000000001,42003403500,41466.0
E01470,nearside,1,240.222722045,42003140200,62593.0
E71024,none,0,,42003111500,39331.0
E30285,none,0,0.05,42003564200,57500.0
E70117,none,0,26.538638,42003513000,31321.0
S31370,none,0,6.7590911,42003484600,35776.0
E12350,none,0,0.74090912,42003101100,76000.0
S39666,none,0,3.1931818181818192,42003480200,83942.0
S70414,none,0,2.5954544999999998,42003485000,59242.0
S70323,none,0,3.4840909090909102,42003492900,44038.0
E55530,none,0,2.5818182999999997,42003523800,67314.0
N71290,none,0,0.0,42003401100,76667.0
S70322,none,0,0.17045454545454547,42003492900,44038.0
E42950,none,0,3.3136364499999997,42003130600,18879.0
E39320,nearside,1,34.9090885,42003080400,62868.0
E07915,none,0,8.8772725,42003562901,52679.0
E29360,none,0,1.5727273,42003101900,60457.0
N43590,none,0,39.336361,42003261400,44958.0
E70351,none,0,0.05,42003526202,95438.0
E70989,none,0,39.679547,42003101100,76000.0
W70199,none,0,,42003451300,110982.0
E52720,none,0,6.081818,42003101400,83796.0
E53780,none,0,6.94545475,42003564700,40433.0
E20565,none,0,33.572728,42003130800,23636.0
E70391,none,0,0.170454545,42003526202,95438.0
E59570,none,0,1.127272575,42003515100,47052.0
S70570,nearside,1,0.0,42003488400,57584.0
E27490,none,0,16.2681825,42003514000,29107.0
S70364,none,0,5.565909090909095,42003499300,50729.0
E04430,none,0,22.80227272727274,42003518001,87114.0
S31650,none,0,3.0522725,42003484500,51129.0
X00710,none,0,0.025,42003202300,70295.0
S70489,none,0,1.7772727272727278,42003480400,96447.0
S09750,none,0,62.05,42003478200,58312.0
E21240,none,0,1.718182045,42003523200,41647.0
E71026,nearside,1,,42003521301,75233.0
S28850,none,0,17.556818200000002,42003488500,58371.0
S33235,none,0,,42003483800,29306.0
S47420,none,0,0.618181825,42003501000,41382.0
W70115,none,0,14.256817999999999,42003563000,69327.0
E58780,none,0,7.436363636363634,42003521200,67813.0
X17680,none,0,12.53636135,42003191400,71295.0
S70540,none,0,0.41136363636363626,42003480400,96447.0
E11660,nearside,1,132.1977265,42003090100,81681.0
S43380,none,0,129.26136,42003488600,83603.0
X06770,none,0,0.77272725,42003473500,174234.0
E19430,none,0,44.313638000000005,42003141200,119044.0
N10940,none,0,44.2068205,42003261500,46141.0
E42230,none,0,39.4886355,42003515100,47052.0
N16662,none,0,3.6590909090909127,42003413500,74259.0
E70958,none,0,4.4681815,42003504100,39891.0
E29760,none,0,7.95,42003130200,41667.0
W23183,none,0,2.5477274999999997,42003470300,70385.0
W70040,none,0,55.061364999999995,42003462100,54458.0
W70190,nearside,1,,42003562600,40020.0
E53000,none,0,11.077272749999999,42003100500,62411.0
N40890,none,0,0.0,42003413400,121510.0
S39830,none,0,3.3886364,42003477300,60125.0
W09796,farside,1,,42003451101,120729.0
E70847,none,0,0.9863636499999999,42003562300,25792.0
N45330,none,0,0.0,42003413500,74259.0
E50990,none,0,7.011363636363638,42003516100,92069.0
S05560,none,0,4.620455,42003300100,47093.0
E35790,none,0,17.406819775,42003561900,22770.0
W20672,none,0,0.64772725,42003459102,111250.0
S16130,nearside,1,82.077275,42003170200,68611.0
W02770,none,0,96.361365,42003462600,46935.0
S13270,none,0,5.9886365,42003488200,58125.0
E14350,none,0,0.7,42003519000,102216.0
W23103,none,0,3.684090775,42003453004,93740.0
S33650,none,0,2.095454525,42003488400,57584.0
P02270,nearside,1,616.665892795,42003020100,90726.0
E01000,nearside,1,213.747725825,42003982200,
W07640,none,0,0.5295454749999999,42003461000,54286.0
N32480,none,0,25.968181124999997,42003429201,121620.0
W21600,nearside,1,13.179545454545455,42003465600,60921.0
N50590,none,0,12.7977291,42003241300,70218.0
W00390,none,0,2.386363636363635,42003450800,57746.0
E70881,none,0,9.070454545,42003504100,39891.0
E70423,none,0,26.899999,42003111500,39331.0
W21910,none,0,115.45,42003281400,37533.0
S48270,none,0,133.3477205,42003482500,74545.0
S09520,none,0,5.9795453,42003477300,60125.0
E70738,farside,1,7.699999999999999,42003419000,70569.0
S27490,nearside,1,15.279545275,42003485000,59242.0
W02890,none,0,3.2227275,42003470600,64171.0
E13790,none,0,20.025,42003050100,30036.0
N50480,none,0,0.30227275,42003241300,70218.0
N17300,nearside,1,118.77272727272728,42003427000,59250.0
N20660,none,0,2.534090909090909,42003404000,63000.0
W70163,none,0,0.931818195,42003461000,54286.0
E51290,nearside,1,0.304545445,42003140800,88922.0
N53760,none,0,0.8818181500000001,42003562700,59634.0
E45340,none,0,41.347724995,42003560500,92056.0
N44890,none,0,1.6295454545454549,42003418000,70132.0
S70190,none,0,6.538636363636365,42003486800,43125.0
E70982,none,0,0.452272725,42003562901,52679.0
S17100,none,0,0.59318185,42003488200,58125.0
N13100,none,0,5.5977270500000005,42003270100,61481.0
W14320,none,0,2.850000000000001,42003460001,75598.0
X20240,none,0,0.90681815,42003192000,75735.0
S48510,none,0,11.240909000000002,42003484600,35776.0
E70850,none,0,8.668182,42003562901,52679.0
E70902,none,0,8.093181818181815,42003513800,27212.0
E17580,none,0,7.575000000000003,42003516200,96481.0
W70030,nearside,1,4.095454545,42003453004,93740.0
S35233,none,0,4.009091075000001,42003488600,83603.0
N42120,nearside,1,1.6727271499999998,42003429100,73220.0
E70233,none,0,60.027274000000006,42003070500,68957.0
E70783,none,0,32.72727,42003050900,12740.0
X12688,none,0,4.072727272727273,42003475101,92863.0
X13690,none,0,56.861365,42003191700,97069.0
N22180,none,0,1.6318181818181816,42003404000,63000.0
S02620,farside,1,218.56363636363633,42003483800,29306.0
E15510,none,0,4.538636363636364,42003513800,27212.0
E70299,none,0,25.775,42003050600,42951.0
N08870,none,0,0.025,42003563800,86929.0
E35450,none,0,16.7977279,42003020300,119233.0
S70491,none,0,4.768181818181817,42003480400,96447.0
E05700,none,0,38.188635,42003030500,36932.0
E15665,nearside,1,14.55,42003562000,26604.0
S27400,none,0,1.8499999749999998,42003488200,58125.0
E20030,none,0,3.5977272727272753,42129802200,57557.0
S70379,none,0,0.915909090909091,42003492800,36250.0
N52260,none,0,0.0,42003429202,115652.0
S70138,nearside,1,152.75909,42003160900,92593.0
E42910,none,0,16.17954545,42003130800,23636.0
N39980,none,0,1.1886363636363635,42003431500,55938.0
E20940,none,0,6.6227274,42003523300,74740.0
E29750,none,0,2.6227275,42003130200,41667.0
X13774,none,0,26.572729099999997,42003320600,92143.0
E20600,none,0,2.013636225,42003120900,21087.0
E28980,none,0,12.1681841,42003110200,96803.0
N38330,nearside,1,55.2000005,42003562700,59634.0
W07600,none,0,6.370454499999999,42003461000,54286.0
E23610,none,0,16.402272,42003080900,62852.0
N52545,none,0,7.3795455,42003241300,70218.0
W02555,none,0,29.6477285,42003563000,69327.0
E18430,nearside,1,14.0886365,42003070900,49421.0
X01640,none,0,3.51136385,42003473100,108050.0
S70629,none,0,1.2727272727272725,42003551900,14063.0
N19120,none,0,26.54091135,42003565100,57621.0
S39650,none,0,3.9636362750000003,42003477300,60125.0
E35430,nearside,1,12.245454950000001,42003080600,63192.0
S13740,none,0,11.629545454545454,42003486900,43207.0
N54790,none,0,3.19318175,42003261400,44958.0
P02430,none,0,1369.2886279999998,42003020100,90726.0
N14580,none,0,3.436364,42003261400,44958.0
E04220,none,0,23.531818181818196,42003518001,87114.0
S47020,nearside,1,8.188636363636366,42003551900,14063.0
N70210,none,0,9.115908999999998,42003429201,121620.0
E45520,nearside,1,53.313635999999995,42003020300,119233.0
S70296,nearside,1,12.09090909090909,42003499400,47202.0
E46885,none,0,7.5840907,42003520001,68304.0
N22145,nearside,1,13.8386365,42003421100,133283.0
E70357,none,0,0.1363636,42003523702,55532.0
X10640,none,0,3.2909089999999996,42003473100,108050.0
S48620,none,0,223.93636500000002,42003170200,68611.0
N10450,nearside,1,78.0681845,42003565200,59229.0
P01250,none,0,765.5977654999999,42003020100,90726.0
S23890,none,0,34.529545454545456,42003491200,97519.0
E36170,nearside,1,17.756818181818172,42003510000,35483.0
E38810,none,0,1.1295455,42003523100,58471.0
E41280,none,0,178.988633,42003151700,66467.0
W23102,none,0,4.8,42003453004,93740.0
E58120,none,0,2.90909115,42003151700,66467.0
E32752,none,0,64.1204505,42003562300,25792.0
N14455,none,0,0.0,42003261300,48500.0
S11420,none,0,9.068181749999999,42003300100,47093.0
E60090,none,0,26.55,42003563900,71716.0
S00200,none,0,21.465907350000002,42003170600,50859.0
E55410,none,0,3.53409095,42003523800,67314.0
S09360,none,0,33.16136363636365,42003478200,58312.0
E20470,none,0,2.7,42003120900,21087.0
E26420,nearside,1,19.0136385,42003130800,23636.0
N70022,none,0,32.5318185,42003445500,77454.0
E03550,none,0,2.7681817,42003524000,46610.0
E06010,none,0,29.30454365,42003151700,66467.0
E08890,none,0,11.259091000000002,42003141200,119044.0
E70268,none,0,10.3318185,42003120900,21087.0
N33705,none,0,4.599999775,42003980600,
S31750,none,0,8.684091,42003484600,35776.0
S70411,none,0,1.1227274999999999,42003485000,59242.0
S17170,none,0,1.0522727,42003488200,58125.0
S50264,none,0,2.520454545454545,42003564500,64709.0
S04660,none,0,5.3863635,42003160800,54138.0
S28080,none,0,0.097727275,42003488600,83603.0
N71358,nearside,1,,42003413300,105893.0
X70066,none,0,2.4999997749999996,42003473100,108050.0
N36210,none,0,1.7659091,42003426400,85435.0
E70999,none,0,7.318181549999999,42003523300,74740.0
N28950,none,0,7.8249999999999975,42003431100,60559.0
E34200,none,0,3.3886362749999996,42003523200,41647.0
N43650,none,0,1.9454545,42003261400,44958.0
X15260,none,0,7.53863615,42003191100,79133.0
E04690,none,0,4.336363599999999,42003101400,83796.0
E49565,none,0,0.7181818,42003523501,64219.0
W24610,none,0,2.356818181818182,42003458001,116080.0
W08087,nearside,1,12.15227272727273,42003469000,86450.0
X00530,none,0,3.49318181818182,42003457200,53472.0
S70532,none,0,2.94772735,42003290400,57500.0
N28290,none,0,0.363636345,42003261300,48500.0
N08700,none,0,47.37045500000001,42003445500,77454.0
E32480,none,0,24.890911045000003,42003101400,83796.0
W25950,nearside,1,13.913635900000001,42003562500,42292.0
N31290,none,0,8.936363700000001,42003241300,70218.0
S70392,none,0,7.656818181818182,42003478100,55729.0
N70149,none,0,26.527271,42003980600,
S27705,none,0,0.936363636363635,42003480102,82396.0
N54680,none,0,16.338637499999997,42003271600,38719.0
W02930,none,0,8.11363645,42003470600,64171.0
S31500,none,0,10.3431817,42003484500,51129.0
E53070,none,0,5.1454545,42003100500,62411.0
S01260,none,0,4.3295454499999995,42003562300,25792.0
E58360,none,0,10.081818181818184,42003519000,102216.0
W16470,none,0,19.031816499999998,42003562800,56382.0
W25900,nearside,1,61.536363925,42003980700,77411.0
S23130,none,0,0.0,42003488300,69000.0
E13390,nearside,1,97.7386375,42003050100,30036.0
N14915,none,0,1.8886365,42003980600,
N22405,none,0,0.4204545454545455,42003401100,76667.0
N44570,none,0,3.6704545454545454,42003418000,70132.0
X70022,none,0,11.0681817,42003190300,81953.0
E12240,none,0,20.63636375,42003981000,
S34320,nearside,1,31.611363,42003310200,79600.0
E46520,nearside,1,15.161362225000001,42003561500,42461.0
S08860,none,0,224.36817299999998,42003481000,35640.0
S14745,none,0,7.515909090909095,42003486700,39662.0
W08033,farside,1,334.1068275,42003470502,108600.0
E50362,none,0,0.0,42003526202,95438.0
N19560,none,0,16.66818181818182,42003414200,127093.0
N53540,none,0,333.690912,42003980000,
N21290,none,0,3.6636363636363645,42003420000,43333.0
N51620,none,0,2.02272725,42003262000,39618.0
N16664,none,0,3.4727272727272753,42003413500,74259.0
S28250,none,0,0.96136365,42003488500,58371.0
E70893,none,0,1.2931820450000002,42003561400,39788.0
E39630,nearside,1,57.5522773,42003515300,29612.0
E70976,none,0,0.05,42003521500,74800.0
N08770,none,0,6.909090909090905,42003446000,208333.0
S17050,none,0,2.03636385,42003488200,58125.0
N31470,nearside,1,16.065908999999998,42003424000,44571.0
N33677,none,0,10.28409090909091,42007604100,41957.0
E54170,none,0,4.725,42003040200,22667.0
S70529,none,0,4.2909092499999995,42003290400,57500.0
S00620,none,0,34.504545,42003160900,92593.0
E70791,none,0,65.21591,42003050100,30036.0
E70293,none,0,85.231817,42003982200,
S70383,none,0,1.0704545454545455,42003491200,97519.0
E04910,nearside,1,16.918181,42003080400,62868.0
S25660,none,0,2.0613636,42003562901,52679.0
E06585,none,0,23.524999,42003513000,31321.0
E36095,none,0,20.3704559,42003561900,22770.0
N21710,nearside,1,4.924999999999997,42003401300,80458.0
N20750,none,0,9.63181818181818,42003425000,46892.0
E30460,nearside,1,19.493179545,42003526302,87029.0
E17300,busway,0,23.061364195000003,42003060500,62841.0
E41170,nearside,1,93.686365,42003140800,88922.0
N41700,none,0,0.4522727272727275,42003402000,49388.0
E39550,none,0,13.6181821,42003515300,29612.0
S49500,nearside,1,26.861363636363624,42003552200,50000.0
N31720,none,0,16.49999975,42003424000,44571.0
E70368,none,0,13.079545150000001,42003111500,39331.0
E30185,none,0,0.340909075,42003525300,107583.0
E41690,nearside,1,62.40908950000001,42003111300,62250.0
S04290,none,0,90.62727100000001,42003481000,35640.0
N20500,none,0,14.743181818181796,42003431100,60559.0
E13940,none,0,132.004545,42003050100,30036.0
E29702,none,0,38.720456,42003130800,23636.0
W25680,none,0,8.2863635,42003563000,69327.0
W70165,none,0,1.5818181999999998,42003461000,54286.0
E37240,none,0,4.131818,42003523400,57966.0
S13710,none,0,1.265909090909091,42003486900,43207.0
S70369,nearside,1,20.052272727272705,42003499400,47202.0
E32345,none,0,8.802273,42003101400,83796.0
S47260,none,0,1.05227275,42003501000,41382.0
N10920,none,0,50.909090000000006,42003271600,38719.0
N47150,none,0,0.07045454545454545,42003413500,74259.0
S17060,none,0,1.125,42003488200,58125.0
E06370,none,0,10.07727282,42003140100,124444.0
S47520,nearside,1,13.8045465,42003180300,42029.0
N22760,nearside,1,19.443181799999998,42003417200,51477.0
S70545,none,0,17.6727265,42003477300,60125.0
N49500,none,0,7.206818049999999,42003271600,38719.0
N36950,none,0,0.44090910000000005,42003428200,75795.0
S08390,none,0,76.454547,42003290400,57500.0
N45080,none,0,2.240909,42003428100,79500.0
N40990,none,0,0.1886363636363635,42003413500,74259.0
N12645,nearside,1,10.511363999999999,42003270300,59398.0
E29170,nearside,1,54.552275,42003070600,85909.0
E17680,none,0,24.463636363636382,42003516200,96481.0
N15420,none,0,12.418181650000001,42003565200,59229.0
E10410,none,0,0.02272727272727275,42003516200,96481.0
E70736,none,0,18.2749985,42003521301,75233.0
N14255,none,0,3.62045465,42003430200,78718.0
S08790,nearside,1,192.40227320000002,42003300100,47093.0
W07620,none,0,4.813636000000001,42003461000,54286.0
N43300,nearside,1,65.886362,42003260200,56696.0
E00750,none,0,14.754545454545454,42003513800,27212.0
E26590,none,0,12.125,42003130800,23636.0
S00670,none,0,3.693182,42003562300,25792.0
E04666,none,0,12.52727295,42003101400,83796.0
E40190,none,0,0.347727275,42003526202,95438.0
E43000,none,0,0.35,42003561900,22770.0
X02530,none,0,0.7340909,42003473602,104864.0
N39720,none,0,3.0931818181818187,42003432400,59435.0
S39920,none,0,5.43636365,42003477200,79306.0
E55330,none,0,1.23863635,42003523100,58471.0
N38380,farside,1,141.92955,42003562700,59634.0
N36450,none,0,6.9613638,42003426300,94917.0
X03050,none,0,8.029545275,42003320600,92143.0
S13871,nearside,1,10.8522725,42003489002,82482.0
E70245,none,0,22.74772725,42003060300,91731.0
E70454,none,0,23.872729024999998,42003140400,182287.0
E29950,none,0,0.18636364500000002,42003141200,119044.0
N30230,nearside,1,65.63863636363634,42003431100,60559.0
N36380,none,0,8.497726799999999,42003426400,85435.0
E17620,none,0,9.129545454545452,42003516100,92069.0
X70057,none,0,14.027270500000002,42003190300,81953.0
E34740,nearside,1,7.031818,42003120300,26837.0
E06410,farside,1,28.836364,42003140100,124444.0
S48390,nearside,1,22.356818181818177,42003483800,29306.0
W70191,nearside,1,,42003562600,40020.0
N26832,none,0,0.0,42003525300,107583.0
W08074,nearside,1,8.03409085,42003470501,96204.0
N26836,none,0,0.0,42003525300,107583.0
S23970,farside,1,9.061364249999999,42003477300,60125.0
N32850,farside,1,13.572727272727274,42003413400,121510.0
E04520,none,0,1.74318185,42003101900,60457.0
N40200,none,0,5.170454545454545,42003432400,59435.0
E11830,nearside,1,13.304545525,42003101100,76000.0
E28910,nearside,1,86.48409299999999,42003070600,85909.0
S50262,none,0,0.8704545454545456,42003492900,44038.0
E38180,none,0,0.70454545,42003523502,58854.0
N20490,none,0,11.7931815,42003429600,77953.0
W06810,nearside,1,7.247727272727274,42003450700,51898.0
S00680,none,0,3.9295455999999995,42003562300,25792.0
E56005,none,0,24.611365645,42003564800,33883.0
S33280,farside,1,24.9068195,42003300100,47093.0
S70518,none,0,5.347727272727273,42003480300,69286.0
E16010,nearside,1,25.31136405,42003111500,39331.0
E35900,nearside,1,33.018181500000004,42003120900,21087.0
E14250,none,0,16.931818545000002,42003101400,83796.0
E19620,none,0,15.01136365,42003010302,49375.0
E46880,none,0,10.2363634,42003520001,68304.0
N45260,none,0,0.0,42003413500,74259.0
W22640,none,0,3.5749999,42003459201,92292.0
E55130,nearside,1,9.7886366,42003523502,58854.0
E19610,none,0,1749.7250359999998,42003140100,124444.0
N14320,none,0,4.9204545,42003430100,71136.0
E13620,none,0,32.618183,42003030500,36932.0
E70745,none,0,1.69545455,42003561900,22770.0
W25655,none,0,37.58181818181817,42003464300,67879.0
X13760,none,0,20.920453,42003191700,97069.0
E07670,farside,1,19.6886355,42003060500,62841.0
STPLST,nearside,1,,42003020100,90726.0
S43040,none,0,132.06817935,42003980700,77411.0
N12820,none,0,45.33181818181817,42003432400,59435.0
E32329,nearside,1,1.318181818181818,42003521200,67813.0
N36220,none,0,5.347727025,42003426400,85435.0
S70374,none,0,2.202272727272726,42003499400,47202.0
N43565,none,0,38.9249975,42003260700,79310.0
E35600,none,0,27.3181835,42003060300,91731.0
X04290,none,0,0.0,42003473500,174234.0
E02940,none,0,3.7090908999999996,42003509400,42344.0
E70333,none,0,2.18409105,42003130700,30518.0
E41860,none,0,42.159090500000005,42003110200,96803.0
S70639,none,0,2.74318181818182,42003486800,43125.0
S23850,nearside,1,13.18863636363636,42003480101,51631.0
S35050,none,0,6.69318155,42003485000,59242.0
N12730,none,0,39.531818181818174,42003432300,46994.0
E35280,nearside,1,71.8022715,42003080200,60052.0
N28270,none,0,1.1795455000000001,42003260200,56696.0
N21635,none,0,0.33636363636363653,42003401100,76667.0
E70401,none,0,19.0931815,42003151600,54917.0
E06280,none,0,8.3886364,42003141400,101767.0
N41620,none,0,0.3113636363636365,42003402000,49388.0
E32324,none,0,1.1568181818181826,42003521200,67813.0
N05360,none,0,1.656818,42003429201,121620.0
E19720,nearside,1,379.78181500000005,42003010302,49375.0
E55500,none,0,3.3295453750000004,42003523200,41647.0
E52600,none,0,1.6409092749999998,42003101100,76000.0
N30400,none,0,32.62954545454545,42003431100,60559.0
E70971,none,0,6.068181818181817,42003517000,36138.0
N08470,none,0,3.0750000000000006,42003448000,65417.0
N14490,none,0,8.331818,42003261400,44958.0
E70399,none,0,9.372727000000001,42003100500,62411.0
S48500,none,0,13.790909090909114,42003484600,35776.0
W25070,none,0,0.6045454545454545,42003458001,116080.0
E46390,none,0,17.209091225,42003561400,39788.0
E19150,nearside,1,19.78636385,42003140300,142738.0
N12900,none,0,3.395455,42003565200,59229.0
E70013,nearside,1,10.5954545,42003080600,63192.0
E13040,none,0,6.529545454545454,42003510000,35483.0
E01310,farside,1,24.686363569999997,42003040200,22667.0
E41310,nearside,1,0.288636345,42003140300,142738.0
E70017,none,0,2.263636363636366,42003510000,35483.0
E03100,none,0,3.781818125,42003509400,42344.0
E70954,none,0,27.295454,42003561400,39788.0
W04610,nearside,1,0.97954545,42003459102,111250.0
P01600,busway,0,142.681819225,42003020100,90726.0
N45240,none,0,0.0,42003413500,74259.0
N71327,none,0,3.345454545454545,42003435000,59611.0
S25470,none,0,1.6363635,42003310200,79600.0
N40440,none,0,55.902275,42003421100,133283.0
W21780,none,0,3.0977272727272704,42003465600,60921.0
N14452,none,0,1.2386365000000001,42003261300,48500.0
S31730,none,0,4.0022725,42003484600,35776.0
E04665,none,0,3.0613637000000002,42003101400,83796.0
E32970,none,0,3.3295457,42003513000,31321.0
N08810,none,0,2.2590909090909115,42003448000,65417.0
N14500,none,0,5.318181500000001,42003261400,44958.0
N49610,none,0,6.7886363,42003271600,38719.0
S70133,nearside,1,2.81363615,42003488500,58371.0
N32420,farside,1,10.654545454545454,42003413500,74259.0
E70974,none,0,10.4090905,42003523702,55532.0
E70863,nearside,1,5.299999799999999,42003140800,88922.0
P00920,nearside,1,229.515909925,42003020100,90726.0
E14370,none,0,11.9318185,42003050600,42951.0
S70408,none,0,2.5795455,42003488200,58125.0
S22270,nearside,1,12.104545454545454,42003486700,39662.0
E08690,none,0,18.047725525,42003515401,79297.0
S09090,nearside,1,179.82954635000002,42003478200,58312.0
S70348,none,0,8.502273,42003504100,39891.0
E03320,nearside,1,23.770455899999998,42003524000,46610.0
S46850,none,0,1.0045454545454549,42003552400,35331.0
E04850,nearside,1,11.4136365,42003080700,45324.0
N15310,none,0,1.3113636450000001,42003261300,48500.0
E70265,nearside,1,14.8022725,42003130600,18879.0
E40980,none,0,6.013636395000001,42003523100,58471.0
E27250,none,0,13.2590908,42003514000,29107.0
N20200,none,0,2.2659090909090884,42003431400,68273.0
S25165,none,0,4.686363775,42003488600,83603.0
N38370,nearside,1,139.015907,42003565100,57621.0
E48641,none,0,10.4204545,42003030500,36932.0
W14370,none,0,0.8863636363636362,42003460001,75598.0
S70594,none,0,40.238636363636346,42003551900,14063.0
E70970,none,0,85.70454575000001,42003040200,22667.0
S25160,none,0,1.9636367749999997,42003488600,83603.0
E34100,none,0,7.5249998,42003561400,39788.0
S27203,none,0,22.809090909090926,42003480101,51631.0
S31770,none,0,4.7545455,42003484500,51129.0
N19545,none,0,0.7545454545454546,42003414200,127093.0
S39770,none,0,5.63636385,42003477300,60125.0
E70934,none,0,5.97500025,42003521301,75233.0
E70282,none,0,56.102273,42003070500,68957.0
E03240,none,0,18.9454543,42003508000,36161.0
E32744,none,0,47.013635449999995,42003562300,25792.0
E04340,none,0,4.863636363636364,42003518001,87114.0
N40090,nearside,1,0.9386363636363637,42003434000,97175.0
E26103,nearside,1,7.2681819,42003040500,13750.0
E26520,nearside,1,34.425000000000004,42003130800,23636.0
N28050,none,0,1.724999995,42003563202,41607.0
E00175,farside,1,36.281818,42003020300,119233.0
S19210,none,0,0.4363636363636365,42003480102,82396.0
S12790,none,0,4.1454545,42003490003,108769.0
S46970,none,0,2.2659090909090898,42003552400,35331.0
E70271,nearside,1,120.73636050000002,42003040200,22667.0
N31886,none,0,1.0340909,42003271600,38719.0
E36270,none,0,0.42045455,42003564400,56333.0
P02550,nearside,1,1393.15686045,42003020100,90726.0
N04240,none,0,0.175,42003402000,49388.0
W01830,none,0,0.5681818181818179,42003464300,67879.0
S13800,none,0,11.854545454545455,42003486900,43207.0
E54550,none,0,10.390909200000001,42003560400,49048.0
N15315,none,0,1.625,42003261300,48500.0
N50400,none,0,2.275,42003241300,70218.0
N15285,none,0,1.884091,42003261300,48500.0
S14770,nearside,1,26.002272727272732,42003486700,39662.0
E70290,none,0,7.1727275,42003130800,23636.0
E45620,nearside,1,38.793181000000004,42003060300,91731.0
W70086,none,0,25.656819,42003462600,46935.0
E15580,farside,1,25.088637,42003040900,27383.0
E46630,nearside,1,114.15681500000001,42003090300,68289.0
E23450,none,0,12.259091,42003080600,63192.0
W70154,none,0,2.9295455450000003,42003461000,54286.0
S70337,none,0,2.3318181818181802,42003499300,50729.0
N43680,none,0,25.554546000000002,42003260700,79310.0
S70258,none,0,6.7136363,42003161000,55700.0
E56920,none,0,15.4795455,42003050600,42951.0
E58700,none,0,17.6568191,42003520001,68304.0
S23095,none,0,0.0,42003488400,57584.0
S70505,none,0,0.9886363636363635,42003480300,69286.0
E34450,none,0,3.2681819500000002,42003120900,21087.0
S33262,nearside,1,269.090909090909,42003551900,14063.0
N10230,none,0,12.106817000000001,42003270800,88490.0
W26170,busway,0,224.5295454545455,42003464300,67879.0
E13660,none,0,31.727275000000002,42003051000,16297.0
E06315,none,0,6.8227273,42003151700,66467.0
N20030,none,0,18.495454545454532,42003431400,68273.0
E21040,nearside,1,8.3954545,42003523200,41647.0
S00760,nearside,1,69.10681600000001,42003562300,25792.0
N45690,none,0,6.32045455,42003262000,39618.0
S27000,none,0,8.67045465,42003160800,54138.0
W17560,none,0,3.729545545,42003562600,40020.0
E23570,none,0,18.7340905,42003080600,63192.0
N40353,nearside,1,28.397727272727266,42003431500,55938.0
E49390,none,0,25.636362945000002,42003564700,40433.0
S44730,none,0,33.67499999999996,42003492800,36250.0
N71234,none,0,12.66136545,42003241300,70218.0
S70400,none,0,1.5909090000000001,42003488600,83603.0
S31380,none,0,3.736363545,42003484600,35776.0
N39790,none,0,3.1727272727272755,42003434000,97175.0
W03280,none,0,12.8568182,42003562500,42292.0
E10340,none,0,4.281818181818185,42003517000,36138.0
N21480,nearside,1,1.45,42003401200,46875.0
E17424,none,0,15.825002,42003051000,16297.0
N10590,none,0,5.8090909,42003270800,88490.0
N71322,none,0,3.286363636363635,42003435000,59611.0
E32415,none,0,4.26818175,42003101400,83796.0
S70366,none,0,2.7022727272727254,42003499300,50729.0
N45750,none,0,7.865909045,42003262000,39618.0
W25400,none,0,0.34545454545454557,42003458001,116080.0
S16310,nearside,1,201.279531,42003160900,92593.0
N32550,none,0,2.272727275,42003429500,56602.0
X19920,none,0,8.77045475,42003191900,64000.0
E30126,none,0,0.4545455,42003523701,63371.0
E70809,none,0,20.5840915,42003110200,96803.0
S01280,none,0,104.58409090909088,42003486700,39662.0
N10670,none,0,42.9363625,42003271600,38719.0
N08240,none,0,3.820454545454545,42003448000,65417.0
E19400,none,0,255.797727125,42003982200,
W70151,none,0,1.1295454999999999,42003459101,80550.0
N70097,none,0,0.1636363636363635,42003401100,76667.0
W70188,none,0,,42003563100,64800.0
E07630,none,0,2.975,42003060500,62841.0
E17302,busway,0,1229.6613145000001,42003070800,94297.0
N19590,none,0,0.7727272727272727,42003413400,121510.0
N12980,none,0,7.154545499999999,42003270100,61481.0
W20390,nearside,1,25.1568181818182,42003464400,17118.0
N50530,none,0,1.731818,42003428200,75795.0
W14340,none,0,8.520454545454545,42003464300,67879.0
S08770,nearside,1,161.163636,42003290400,57500.0
N31610,none,0,5.24318185,42003424000,44571.0
S34330,farside,1,0.69545455,42003565300,51008.0
P03695,farside,1,2232.2749965000003,42003020100,90726.0
S42310,busway,0,38.429542899999994,42003320700,73314.0
E20390,nearside,1,10.1386364,42003130700,30518.0
E44900,none,0,19.4363655,42003130600,18879.0
E30320,none,0,0.5272727500000001,42003526302,87029.0
N43360,none,0,80.28182,42003261400,44958.0
E25360,farside,1,7.3681814999999995,42003562901,52679.0
E70267,none,0,9.125,42003120900,21087.0
N31730,nearside,1,15.25,42003424000,44571.0
N33210,none,0,5.936363500000001,42003250900,38438.0
N50360,none,0,0.2159091,42003563202,41607.0
S70346,none,0,0.0,42003504100,39891.0
N31650,none,0,11.636363499999998,42003424000,44571.0
E26380,none,0,32.734092,42003130700,30518.0
W10600,none,0,5.734090999999999,42003462100,54458.0
S08480,none,0,31.086363636363643,42003478200,58312.0
E30430,nearside,1,22.422727275,42003526302,87029.0
E04270,nearside,1,42.92272727272731,42003563900,71716.0
S13980,none,0,2.18409090909091,42003480101,51631.0
W08070,nearside,1,1.7795453500000002,42003470300,70385.0
N49471,none,0,12.3545468,42003271600,38719.0
E41809,none,0,,42003110200,96803.0
E55070,none,0,2.6477275000000002,42003523502,58854.0
E59680,none,0,2.8704545,42003515100,47052.0
N13800,none,0,5.8181819,42003430200,78718.0
E04830,farside,1,17.125,42003080400,62868.0
E02790,none,0,1.17727275,42003523100,58471.0
W70016,none,0,0.515909075,42003459102,111250.0
E60085,none,0,0.0,42003517000,36138.0
E46670,none,0,16.49772745,42003561500,42461.0
N70178,none,0,0.256818195,42003421100,133283.0
S25680,nearside,1,1.05454545,42003562901,52679.0
S49470,nearside,1,4.695454545454547,42003552200,50000.0
W07990,none,0,5.586364,42003461000,54286.0
E41670,none,0,58.4931825,42003080700,45324.0
W03970,none,0,15.147728,42003562500,42292.0
E33880,none,0,4.988636545,42003561400,39788.0
X11175,none,0,10.0772725,42003191800,71058.0
MASQST,nearside,1,,42003020100,90726.0
N08630,none,0,0.19545454545454544,42003446000,208333.0
E39700,none,0,19.94772885,42003515300,29612.0
W23096,nearside,1,5.943181699999999,42003453004,93740.0
S06290,nearside,1,59.5045445,42003180300,42029.0
N50645,none,0,2.1636365,42003241300,70218.0
E59620,farside,1,7.618182,42003515100,47052.0
E01090,none,0,137.152275545,42003070600,85909.0
S11460,none,0,21.318182999999998,42003300100,47093.0
S19340,none,0,11.8318185,42003562400,43371.0
N43350,none,0,85.611365,42003261400,44958.0
S23540,nearside,1,9.6499995,42003477300,60125.0
S11380,none,0,7.65,42003562400,43371.0
E59365,none,0,6.2272731,42003564800,33883.0
N32460,nearside,1,29.6318191,42003429202,115652.0
W08010,none,0,1.052272745,42003461000,54286.0
N10580,none,0,8.4840915,42003270800,88490.0
S70544,none,0,1.638636363636365,42003480400,96447.0
W25775,none,0,2.9113635,42003563000,69327.0
N08200,none,0,5.7022725450000005,42003445500,77454.0
X70024,none,0,2.888636275,42003473100,108050.0
E70257,nearside,1,30.2886359,42003523200,41647.0
E16080,nearside,1,24.550000000000004,42003141200,119044.0
E40820,none,0,0.07272727500000001,42003523100,58471.0
W21980,nearside,1,7.06818181818182,42003465600,60921.0
E23430,nearside,1,12.424998500000001,42003080600,63192.0
W10460,none,0,4.881818,42003462100,54458.0
E41120,nearside,1,208.2272715,42003140800,88922.0
E70748,none,0,2.22045455,42003561900,22770.0
W21730,none,0,0.8431818,42003281400,37533.0
S48572,none,0,4.384091000000001,42003477200,79306.0
W00810,none,0,16.556818,42003202200,53521.0
N39820,nearside,1,17.822727399999998,42003270100,61481.0
N18360,none,0,41.854545,42003403500,41466.0
S35510,none,0,1.9886365,42003180300,42029.0
N10840,none,0,18.9022705,42003565200,59229.0
E34030,none,0,44.2886345,42003523200,41647.0
E70283,nearside,1,27.1272727,42003120900,21087.0
S70405,none,0,1.1500001,42003489001,90781.0
S50200,none,0,2.552272727272726,42003492900,44038.0
E70264,nearside,1,4.831818445,42003509400,42344.0
S17660,none,0,7.711363636363634,42003550900,28767.0
S70327,none,0,0.05,42003492700,36583.0
E58450,none,0,18.9409086,42003561400,39788.0
N08350,none,0,3.5795455,42003445500,77454.0
E06440,none,0,2.97045445,42003140100,124444.0
N32570,nearside,1,19.056818181818194,42003413500,74259.0
E26400,nearside,1,15.3340905,42003130800,23636.0
E40860,none,0,0.220454545,42003523100,58471.0
X01650,none,0,7.35454545,42003473100,108050.0
N14510,none,0,3.2113637499999994,42003261400,44958.0
W08700,none,0,1.4522727272727272,42003460001,75598.0
S25670,none,0,7.28636345,42003562901,52679.0
E17367,nearside,1,4.390909000000001,42003111500,39331.0
E36280,none,0,1.506818,42003564400,56333.0
N14890,none,0,1.03863635,42003565200,59229.0
E49680,none,0,1.0363635,42003523502,58854.0
S25490,none,0,4.1772725,42003310200,79600.0
E51010,none,0,3.477272845,42003560500,92056.0
E70756,none,0,0.022727275,42003101400,83796.0
N13960,none,0,7.856818,42003430100,71136.0
N31450,nearside,1,15.6386365,42003424000,44571.0
E05517,nearside,1,43.03408949999999,42003111500,39331.0
W21650,nearside,1,94.93409700000001,42003281500,63056.0
E20500,none,0,8.26590905,42003130700,30518.0
W25040,none,0,22.79545445,42003470300,70385.0
S25530,none,0,2.065909,42003310200,79600.0
E03560,nearside,1,16.956817,42003524000,46610.0
E09540,none,0,215.65909090909093,42003517000,36138.0
E32749,none,0,38.6295443,42003562300,25792.0
N12920,nearside,1,38.2681835,42003565200,59229.0
N41030,none,0,0.1386363636363635,42003413400,121510.0
N43380,nearside,1,70.486365,42003261400,44958.0
E43030,none,0,2.95909075,42003561900,22770.0
N71289,none,0,0.1954545454545455,42003401100,76667.0
E29180,none,0,17.356817275,42003110200,96803.0
E53700,none,0,6.5909089,42003561500,42461.0
E18630,none,0,11.475,42003070900,49421.0
E13310,none,0,10.5931815,42003050100,30036.0
S14340,none,0,10.838636363636365,42003492900,44038.0
E41760,nearside,1,60.34318400000001,42003111500,39331.0
E46610,none,0,15.429545000000001,42003080900,62852.0
E04900,none,0,4.1181817,42003562000,26604.0
S70011,nearside,1,74.225,42003478100,55729.0
W26000,none,0,103.050001425,42003980700,77411.0
E16470,nearside,1,25.8659095,42003040200,22667.0
S70136,nearside,1,22.422727272727272,42003483800,29306.0
X06940,none,0,0.9295452750000001,42003190300,81953.0
E70904,none,0,7.89772725,42003513000,31321.0
S48787,none,0,9.38863665,42003485000,59242.0
N19270,farside,1,131.9159095,42003565100,57621.0
E70972,none,0,7.30681795,42003523200,41647.0
W20150,farside,1,12.434090909090907,42003471000,63500.0
S70347,none,0,2.4136364500000003,42003504100,39891.0
E53080,none,0,0.6840909,42003100500,62411.0
N20835,nearside,1,10.2159095,42003417200,51477.0
N41755,none,0,3.145454575,42003565200,59229.0
E70376,none,0,35.045457,42003151700,66467.0
N37080,none,0,0.0,42003428200,75795.0
E03330,nearside,1,13.724998200000002,42003524000,46610.0
W70198,none,0,,42003451300,110982.0
X16315,nearside,1,16.704544,42003191400,71295.0
E08840,none,0,15.034090909090887,42003516100,92069.0
E70001,none,0,9.8,42003060300,91731.0
P02320,none,0,889.5568145,42003020100,90726.0
N71255,none,0,1.497727272727275,42003563800,86929.0
W07890,none,0,19.30000135,42003461000,54286.0
X08910,none,0,2.084091045,42003180700,58811.0
E44950,none,0,5.79999995,42003130600,18879.0
S70274,none,0,10.527273000000001,42003160900,92593.0
E57660,nearside,1,37.66591149999999,42003140200,62593.0
X04560,none,0,7.925000045000001,42003473100,108050.0
X12683,none,0,0.025,42003475101,92863.0
E34720,none,0,9.209091375,42003523702,55532.0
E20750,none,0,10.006817999999999,42003120900,21087.0
S46800,none,0,1.5522727272727268,42003552100,22668.0
E70363,none,0,0.0,42003523702,55532.0
E09880,none,0,9.2636362,42003512000,45971.0
E70398,none,0,42.9795455,42003100500,62411.0
N19580,none,0,0.02272727272727275,42003414200,127093.0
E70216,nearside,1,,42003514000,29107.0
S70061,nearside,1,,42003483800,29306.0
N12580,none,0,4.134090909090911,42003425000,46892.0
E13945,nearside,1,37.827275,42003111500,39331.0
N20510,none,0,2.647727272727273,42003404000,63000.0
E55550,nearside,1,10.3704532,42003523800,67314.0
S26920,none,0,8.11136385,42003160800,54138.0
E39270,nearside,1,15.111363500000001,42003080400,62868.0
E03930,none,0,11.954545999999999,42003051000,16297.0
S04550,none,0,70.177275,42003161000,55700.0
S24150,nearside,1,1.081818175,42003320700,73314.0
N31520,none,0,47.695454500000004,42003424000,44571.0
E70746,none,0,3.965909,42003561900,22770.0
W07390,none,0,2.4568181818181807,42003460001,75598.0
S70326,nearside,1,2.7590909090909097,42003492700,36583.0
S70520,none,0,2.845454545454543,42003480300,69286.0
S70632,none,0,2.80681818181818,42003486700,39662.0
E41220,none,0,148.31363499999998,42003151700,66467.0
S48790,none,0,18.302272799999997,42003484300,48841.0
N22120,none,0,4.665909090909094,42003404000,63000.0
N71243,none,0,5.313636275,42003403500,41466.0
X07010,none,0,3.3068180450000004,42003191100,79133.0
E04160,nearside,1,35.434090909090905,42003518001,87114.0
E23530,none,0,65.61136300000001,42003080900,62852.0
E00910,nearside,1,111.7704504,42003070300,78602.0
W02720,none,0,38.3,42003463900,46183.0
S70451,none,0,13.588636363636365,42003483800,29306.0
S16610,none,0,11.7454542,42003170200,68611.0
N31805,none,0,17.395455045,42003565200,59229.0
S09390,none,0,62.3772745,42003290400,57500.0
S05480,nearside,1,69.0340925,42003300100,47093.0
S14746,none,0,5.911363636363637,42003486700,39662.0
E50320,none,0,7.8272728,42003523502,58854.0
E14400,none,0,12.7659095,42003050600,42951.0
E06450,none,0,19.40227325,42003140100,124444.0
S70332,none,0,25.85227272727271,42003499400,47202.0
S47070,none,0,2.1545454545454543,42003552100,22668.0
E19830,nearside,1,85.1954525,42003140100,124444.0
W08081,none,0,12.359090909090895,42003469000,86450.0
S21600,none,0,2.859090775,42003488200,58125.0
N31878,none,0,10.538636499999999,42003271600,38719.0
X20590,none,0,3.0522727272727255,42003457200,53472.0
E17368,nearside,1,6.9545455,42003111300,62250.0
E70888,none,0,14.884092500000001,42003141300,46530.0
S70536,none,0,0.14772727272727276,42003478200,58312.0
E41370,none,0,46.5159075,42003151700,66467.0
W70060,busway,0,14.359090909090911,42003468700,69444.0
S28060,nearside,1,9.461363625,42003488500,58371.0
W04260,none,0,5.647727272727275,42003463900,46183.0
E01860,nearside,1,41.0295443,42003140100,124444.0
S31580,nearside,1,23.413638000000002,42003484500,51129.0
E30036,none,0,0.04545455,42003523701,63371.0
N71186,nearside,1,1.475,42003422000,250001.0
W15770,nearside,1,6.511364,42003461000,54286.0
N21855,none,0,0.925,42003419000,70569.0
N20800,nearside,1,0.23863636363636348,42003401100,76667.0
W16120,none,0,15.229545499999999,42003562800,56382.0
E70801,nearside,1,10.14090925,42003140500,88490.0
E01480,nearside,1,99.41591,42003070900,49421.0
W14400,none,0,1.0204545454545455,42003460001,75598.0
S25610,nearside,1,1.39545465,42003562901,52679.0
N13250,none,0,3.7159093,42003565200,59229.0
N71332,none,0,1.111363636363635,42003435000,59611.0
E34120,none,0,26.25227225,42003561400,39788.0
N31600,none,0,21.963634,42003424000,44571.0
N47160,nearside,1,0.0,42003413500,74259.0
S06275,none,0,8.9431815,42003562400,43371.0
E55450,none,0,1.1363638,42003523800,67314.0
S14782,nearside,1,13.290909090909093,42003486900,43207.0
N20950,nearside,1,4.336363636363639,42003404000,63000.0
S47210,none,0,0.05,42003552400,35331.0
S13750,none,0,14.18181818181818,42003486900,43207.0
N71257,none,0,1.3931818181818203,42003413400,121510.0
W16930,nearside,1,64.204543,42003469000,86450.0
E17306,busway,0,106.734092,42003060500,62841.0
E56440,nearside,1,0.125,42003980100,
E45530,nearside,1,38.709089500000005,42003020300,119233.0
E38200,none,0,1.440909,42003523502,58854.0
N21355,nearside,1,13.686363636363634,42003419000,70569.0
N20705,none,0,0.97045455,42003421100,133283.0
E40330,nearside,1,25.50909,42003561400,39788.0
N33000,none,0,13.720454175000002,42003429500,56602.0
N38860,none,0,20.8454545,42003562700,59634.0
E38000,none,0,7.493181818181818,42003510000,35483.0
N54640,none,0,5.5545455,42003271600,38719.0
S27290,none,0,3.5727272727272723,42003486800,43125.0
N05890,none,0,0.0,42003563201,98889.0
E21160,none,0,18.0863635,42003523200,41647.0
X17740,none,0,27.177272,42003191400,71295.0
E45750,nearside,1,77.17272700000001,42003140500,88490.0
E70870,none,0,17.7477265,42003051100,20441.0
X70084,none,0,1.45909085,42003474102,162143.0
E70951,none,0,1.2159091,42003130600,18879.0
E59360,none,0,7.068182025,42003564700,40433.0
E54600,none,0,10.69772725,42003560400,49048.0
E13870,none,0,20.4227275,42003050100,30036.0
N15660,none,0,1.699999925,42003429500,56602.0
E70215,none,0,30.1295478,42003514000,29107.0
N12795,none,0,27.834089,42003270300,59398.0
S70516,farside,1,0.3090909,42003290400,57500.0
N36200,none,0,2.33863645,42003426300,94917.0
N43440,none,0,46.524999,42003261500,46141.0
S47410,nearside,1,0.9409090909090909,42003552400,35331.0
W70043,none,0,10.913636499999999,42003462100,54458.0
N19200,nearside,1,141.475,42003562700,59634.0
E23540,none,0,75.340909,42003080900,62852.0
S70431,none,0,6.96363649,42003488500,58371.0
E39140,none,0,11.981819,42003513000,31321.0
S24010,farside,1,38.734093300000005,42003489001,90781.0
N06010,none,0,5.6045455,42003562700,59634.0
N71303,none,0,2.45227265,42003427200,56912.0
E33990,none,0,4.5636365,42003523200,41647.0
W02780,none,0,37.98409090909093,42003463900,46183.0
X04450,nearside,1,5.8977275,42003473200,76625.0
W03720,nearside,1,18.281818181818196,42003463900,46183.0
E70371,none,0,5.8545455,42003040200,22667.0
N22670,none,0,1.4204545454545459,42003404000,63000.0
E58070,none,0,18.4977275,42003151600,54917.0
S31300,none,0,18.736363,42003484500,51129.0
E03010,none,0,0.725,42003509400,42344.0
S39840,none,0,7.811363775,42003477300,60125.0
N17250,nearside,1,27.7681835,42003563202,41607.0
N71330,none,0,2.127272727272728,42003434000,97175.0
S70543,none,0,0.9295454545454545,42003480400,96447.0
W25710,none,0,10.5,42003563000,69327.0
E59730,none,0,1.093181795,42003515100,47052.0
E43990,none,0,1.53409090909091,42003521500,74800.0
E70965,none,0,1.38636367,42003513000,31321.0
E70003,none,0,7.6954545,42003130600,18879.0
E70439,none,0,2.3204547499999997,42003526202,95438.0
S70468,nearside,1,14.486362500000002,42003562400,43371.0
E08330,none,0,0.0,42003010302,49375.0
W16150,nearside,1,15.206818,42003562800,56382.0
E58150,none,0,15.7977275,42003151700,66467.0
E34275,none,0,9.661364,42003120900,21087.0
N04300,none,0,2.904545454545457,42003402000,49388.0
S09490,none,0,10.379545454545452,42003478100,55729.0
S12510,none,0,5.1136362,42003562400,43371.0
E70237,nearside,1,1.12954545,42003130700,30518.0
S70634,none,0,28.92727272727272,42003486700,39662.0
X13660,none,0,14.0977291,42003191900,64000.0
X01620,none,0,19.8181805,42003473100,108050.0
N22210,farside,1,29.679545454545465,42003980000,
S02965,none,0,40.70681585,42003484300,48841.0
S26980,none,0,3.8045455450000003,42003160800,54138.0
S70022,none,0,6.1,42003480101,51631.0
W02920,none,0,5.527272775,42003470600,64171.0
E35150,none,0,29.4681815,42003060300,91731.0
W70116,none,0,3.96363636363636,42003464300,67879.0
E10550,nearside,1,47.6818181818182,42003521302,63524.0
S70189,nearside,1,3.7295454545454527,42003486800,43125.0
E21030,nearside,1,7.9409095,42003523200,41647.0
E14080,none,0,27.4704525,42003051000,16297.0
S10460,none,0,1.9090908999999998,42003488500,58371.0
X01900,none,0,4.9931818,42003191500,77155.0
N12670,none,0,20.1386355,42003565200,59229.0
N43890,none,0,11.902273000000001,42003260200,56696.0
S42280,busway,0,55.64999792,42003191700,97069.0
E70329,none,0,6.595454545454546,42003130700,30518.0
E38325,none,0,7.84090909090909,42003521200,67813.0
E44550,none,0,1.799999999999998,42003521500,74800.0
E57450,none,0,41.56363695,42003140400,182287.0
E70757,none,0,0.23863635,42003101400,83796.0
S21350,none,0,0.5181818,42003488200,58125.0
X07030,none,0,7.1227271,42003191100,79133.0
S27900,none,0,2.57045455,42003488500,58371.0
E37235,none,0,10.997727275,42003523400,57966.0
N43900,none,0,34.9727255,42003260700,79310.0
X13600,none,0,22.347727999999996,42003191700,97069.0
S24260,none,0,3.043181818181819,42003478100,55729.0
E70767,none,0,6.461363525000001,42003514000,29107.0
E23630,nearside,1,53.925004,42003080900,62852.0
N50450,none,0,0.18863635,42003241300,70218.0
E55025,none,0,5.381818045,42003523501,64219.0
E17510,none,0,16.456818181818182,42003516200,96481.0
N14190,none,0,2.51363635,42003430100,71136.0
E40240,none,0,0.447727275,42003526202,95438.0
E52780,nearside,1,126.98635999999999,42003111300,62250.0
N10720,nearside,1,39.3886382,42003270100,61481.0
W21610,none,0,5.065909195,42003562600,40020.0
W21690,none,0,0.05,42003465600,60921.0
E17296,busway,0,16.470454745,42003130800,23636.0
E35390,none,0,26.0340895,42003080400,62868.0
E41820,none,0,43.44545275000001,42003110200,96803.0
E57670,nearside,1,48.325002500000004,42003140100,124444.0
E45030,nearside,1,1.5068182,42003508000,36161.0
E37310,none,0,29.73182045,42003523400,57966.0
W00450,none,0,10.22272727272727,42003450800,57746.0
N20530,nearside,1,2.2590909090909093,42003404000,63000.0
W13290,none,0,7.652272727272729,42003460001,75598.0
S31340,none,0,9.4931817,42003484600,35776.0
E03450,none,0,6.1636365,42003525200,65464.0
W02440,none,0,2.4681817500000003,42003563000,69327.0
N28060,none,0,4.4522728,42003563202,41607.0
E13950,nearside,1,89.11818,42003051000,16297.0
S70249,none,0,4.9772729,42003562400,43371.0
N40080,none,0,3.7295454545454545,42003435000,59611.0
X02590,none,0,4.045454545454545,42003457200,53472.0
N25500,none,0,2.795454545,42003250900,38438.0
N21310,none,0,0.856818181818182,42003401200,46875.0
S34990,none,0,6.7204542,42003485000,59242.0
S70565,none,0,6.065909275,42003161000,55700.0
E20710,none,0,7.984090999999999,42003130600,18879.0
S70294,nearside,1,1.9022727272727276,42003492700,36583.0
W70147,none,0,11.818182,42003459101,80550.0
S70406,none,0,54.85681818181817,42003550900,28767.0
E34800,none,0,16.7772715,42003561900,22770.0
W04650,nearside,1,0.6,42003459102,111250.0
E29150,none,0,18.884090500000003,42003111500,39331.0
E20455,none,0,12.625,42003130800,23636.0
E30425,nearside,1,3.8045455,42003526302,87029.0
E11810,nearside,1,21.71136325,42003101100,76000.0
E38750,none,0,6.54999995,42003523100,58471.0
E27580,none,0,3.034090909090908,42003521500,74800.0
N71321,none,0,4.4,42003435000,59611.0
N71312,none,0,0.2659091,42003445500,77454.0
E19270,none,0,56.71136474999999,42003141200,119044.0
E17540,none,0,11.18409090909091,42003516200,96481.0
N40740,none,0,4.1,42003427200,56912.0
E56030,nearside,1,92.286367,42003564800,33883.0
E58080,none,0,7.331818,42003151600,54917.0
W14570,none,0,7.584091,42003563000,69327.0
N20930,nearside,1,28.563636363636373,42003423000,107738.0
N24180,none,0,3.7022727272727254,42003431100,60559.0
E35370,nearside,1,171.27727,42003080400,62868.0
S70336,none,0,4.6227272727272695,42003499400,47202.0
E36460,none,0,8.2022728,42003504100,39891.0
N15900,none,0,1.6590909090909098,42003413500,74259.0
N18745,none,0,18.83636363636366,42003427000,59250.0
N13120,nearside,1,9.868182000000001,42003270300,59398.0
E50550,none,0,3.61590885,42003526202,95438.0
S27594,none,0,5.731818181818186,42003480101,51631.0
N05950,none,0,7.634090775,42003562700,59634.0
X20370,nearside,1,6.04545475,42003191700,97069.0
S40458,none,0,15.522727499999998,42003488600,83603.0
N10480,none,0,23.686365545,42003270100,61481.0
S70638,none,0,14.297727272727276,42003492900,44038.0
N44810,none,0,10.4022726,42003417200,51477.0
E51560,none,0,0.0,42003140800,88922.0
E51520,nearside,1,20.093182499999998,42003140300,142738.0
E34910,nearside,1,128.8863655,42003020300,119233.0
E03285,none,0,1.1727272499999999,42003523702,55532.0
W22890,none,0,6.640909425,42003459201,92292.0
S50290,none,0,2.629545454545456,42003492900,44038.0
E16530,none,0,12.690909,42003050100,30036.0
N42300,none,0,0.122727275,42003429100,73220.0
S00160,nearside,1,296.8522745,42003170600,50859.0
X01945,none,0,8.390909,42003191400,71295.0
E70159,none,0,68.143183,42003060500,62841.0
N24150,none,0,23.43409090909091,42003425000,46892.0
E36440,nearside,1,2.422727045,42003564400,56333.0
S70441,none,0,24.299999999999997,42003480400,96447.0
E23400,nearside,1,13.420454099999999,42003080600,63192.0
N71251,none,0,8.35909090909091,42003413500,74259.0
N31300,none,0,7.056818,42003241300,70218.0
E03273,none,0,12.556818,42003509400,42344.0
S70511,none,0,4.965909090909092,42003480300,69286.0
S39950,none,0,3.0999999999999996,42003477200,79306.0
E39280,nearside,1,37.13409,42003080400,62868.0
P70024,farside,1,1138.66595045,42003020100,90726.0
N26415,none,0,2.52272725,42003445500,77454.0
S70510,none,0,1.9909090909090903,42003480300,69286.0
N15650,none,0,0.5681818249999999,42003403500,41466.0
N29830,none,0,7.525000249999999,42003241300,70218.0
X00400,none,0,15.529545899999999,42003180700,58811.0
E57410,none,0,1.350000045,42003523800,67314.0
W03710,farside,1,25.268181818181837,42003463900,46183.0
E17700,none,0,14.854545454545454,42003516100,92069.0
W70094,none,0,2.536363636363638,42003460002,90848.0
X03290,none,0,16.21136545,42003191800,71058.0
X13420,none,0,14.872727275,42003191900,64000.0
E48020,none,0,58.8181818181818,42003517000,36138.0
E35780,none,0,17.05909235,42003561900,22770.0
S70423,none,0,4.704545454545454,42003551300,57460.0
E70778,none,0,41.31591,42003050900,12740.0
X06660,nearside,1,4.1295456,42003473500,174234.0
E55600,none,0,3.0681820450000004,42003523800,67314.0
W11665,none,0,0.50227275,42003470300,70385.0
X19390,nearside,1,8.886363450000001,42003473500,174234.0
W70143,none,0,1.011363636363636,42003460001,75598.0
W07300,none,0,0.9522727272727269,42003460002,90848.0
N18870,none,0,0.0,42003429100,73220.0
E59430,none,0,2.745454925,42003564700,40433.0
P02670,nearside,1,441.37726905,42003020100,90726.0
S01050,farside,1,33.0613636,42003010301,
N50570,none,0,0.097727275,42003241300,70218.0
E70019,none,0,10.4931821,42003515100,47052.0
S23590,nearside,1,97.7318181818182,42003478100,55729.0
E08160,none,0,13.03181807,42003010301,
N51050,none,0,0.0,42003413500,74259.0
E01890,nearside,1,50.22045675,42003070800,94297.0
E19690,none,0,14.4181818,42003141200,119044.0
E17380,nearside,1,26.974998000000003,42003111500,39331.0
N13970,none,0,5.2704545,42003430100,71136.0
E32222,farside,1,8.00227285,42003562300,25792.0
E48880,none,0,3.215909,42003040200,22667.0
E45720,nearside,1,23.1045455,42003080900,62852.0
S29255,none,0,8.938636363636359,42003486800,43125.0
E17299,busway,0,414.05909935,42003130800,23636.0
E48645,none,0,1.1045456,42003523100,58471.0
E70047,none,0,20.3249993,42003562300,25792.0
E41810,none,0,32.754544100000004,42003110200,96803.0
E12100,none,0,0.59772725,42003101800,81406.0
E29140,nearside,1,141.602273,42003111300,62250.0
S70476,nearside,1,23.374999999999996,42003551200,29279.0
W08223,none,0,6.7,42003469000,86450.0
P01240,nearside,1,114.37954554999999,42003020100,90726.0
E32732,none,0,35.7318164,42003562300,25792.0
E39130,nearside,1,12.449999725000001,42003508000,36161.0
E00980,none,0,218.9636371,42003070300,78602.0
N05970,nearside,1,23.4204532,42003562700,59634.0
N36440,none,0,0.66136365,42003426400,85435.0
N47310,none,0,110.90227014999999,42003563201,98889.0
E53020,none,0,0.945454545,42003100500,62411.0
S70463,none,0,1.5613638,42003488600,83603.0
E55750,none,0,0.045454545,42003523100,58471.0
N52310,none,0,1.3886365,42003429202,115652.0
S31090,none,0,5.134090850000001,42003484500,51129.0
P02530,nearside,1,486.84091031500003,42003020100,90726.0
E71001,nearside,1,,42003111500,39331.0
X11150,none,0,12.606818,42003191800,71058.0
X00600,none,0,4.5909094999999995,42003192000,75735.0
W11754,none,0,2.415909,42003470300,70385.0
S70320,none,0,2.772727272727273,42003491200,97519.0
P70033,none,0,,42003010302,49375.0
N21350,none,0,5.977273,42003421100,133283.0
E70805,none,0,20.6613655,42003111300,62250.0
W22580,none,0,0.82272725,42003459201,92292.0
E70252,none,0,3.04090915,42003130600,18879.0
E29210,nearside,1,65.838635,42003070500,68957.0
S08320,none,0,51.531818181818196,42003478200,58312.0
E58705,none,0,0.16590909090909095,42003521200,67813.0
X02290,none,0,2.7045455,42003473602,104864.0
S22275,none,0,0.547727272727273,42003486700,39662.0
W22470,none,0,4.013636345,42003459201,92292.0
N20810,nearside,1,40.47045454545455,42003425000,46892.0
E46600,none,0,24.095454000000004,42003101900,60457.0
S06271,none,0,5.804545299999999,42003180300,42029.0
E19220,nearside,1,121.73636,42003010302,49375.0
S70561,none,0,15.231816,42003477300,60125.0
N53640,nearside,1,0.6409091,42003562700,59634.0
E70853,none,0,1.0090909000000001,42003562901,52679.0
N24280,none,0,6.33409090909091,42003431100,60559.0
S23570,nearside,1,80.0113636363636,42003478200,58312.0
E46350,nearside,1,26.154543500000003,42003561400,39788.0
E04310,farside,1,46.45454545454546,42003563900,71716.0
S70448,nearside,1,0.4409090909090909,42003486900,43207.0
N45810,none,0,29.6477275,42003262000,39618.0
S00400,none,0,27.23181675,42003170600,50859.0
X70082,none,0,0.0,42003474101,144821.0
X04060,none,0,0.709090925,42003473602,104864.0
E19320,nearside,1,580.3704518,42003040400,60329.0
S70130,nearside,1,5.4,42003488500,58371.0
E17393,farside,1,5.3318183,42003111500,39331.0
W70050,none,0,12.3772725,42003462100,54458.0
S08730,none,0,84.92273180000001,42003300100,47093.0
S00270,none,0,39.1159075,42003170600,50859.0
E70449,none,0,2.55227275,42003523200,41647.0
N37050,none,0,0.9977275,42003428200,75795.0
W70108,nearside,1,6.056818181818181,42003465800,89167.0
E18040,none,0,4.26136345,42003512000,45971.0
E36430,none,0,3.8409093000000003,42003564400,56333.0
N45892,none,0,,42003562700,59634.0
S39665,none,0,4.381818181818184,42003480200,83942.0
E21080,none,0,2.6204544000000003,42003523400,57966.0
N50660,none,0,0.025,42003428200,75795.0
W70207,nearside,1,,42003463900,46183.0
E13745,none,0,49.434090499999996,42003030500,36932.0
S70556,none,0,22.320452500000002,42003477300,60125.0
E70414,none,0,12.43409092,42003560400,49048.0
S70458,none,0,7.850000175,42003488600,83603.0
S00860,none,0,6.1818185,42003562300,25792.0
S19310,none,0,14.452273499999999,42003562400,43371.0
X03440,none,0,3.0659092749999997,42003320600,92143.0
N42810,nearside,1,8.274999600000001,42003429100,73220.0
N14027,none,0,9.2568185,42003430200,78718.0
X02010,none,0,3.97272735,42003191500,77155.0
N19690,none,0,0.9886363636363635,42003414200,127093.0
N06680,nearside,1,4.477272727272726,42003413400,121510.0
S14370,none,0,1.0204545454545455,42003492900,44038.0
E25352,none,0,9.85,42003151600,54917.0
P70032,nearside,1,,42003030500,36932.0
S01540,none,0,2.5999999999999988,42003486800,43125.0
N32800,none,0,5.13863642,42003429201,121620.0
E49560,none,0,0.83636365,42003523702,55532.0
E11840,nearside,1,12.697727,42003101100,76000.0
N21600,nearside,1,12.0704545,42003421100,133283.0
N54800,none,0,14.640910499999999,42003270100,61481.0
E21700,none,0,19.947727150000002,42003523300,74740.0
S23740,nearside,1,7.0386365,42003489001,90781.0
W08610,none,0,0.7295454545454545,42003460001,75598.0
N37120,none,0,1.215909,42003428200,75795.0
E55730,none,0,1.554545275,42003523800,67314.0
E70390,none,0,3.2636363750000004,42003523702,55532.0
W26390,none,0,1.906818181818182,42003464300,67879.0
N42660,none,0,1.6227274500000002,42003430200,78718.0
S00430,nearside,1,6.99772745,42003170600,50859.0
X02120,nearside,1,39.256818,42003473602,104864.0
S47430,none,0,0.093181818181818,42003552400,35331.0
E51320,none,0,0.9886364000000001,42003140800,88922.0
N36055,none,0,1.668181875,42003426400,85435.0
W17810,none,0,1.1090909,42003281500,63056.0
N22260,nearside,1,23.61818181818182,42003423000,107738.0
W13310,none,0,0.23863636363636348,42003460001,75598.0
X06910,none,0,3.190909,42003190300,81953.0
E32312,none,0,7.7045455,42003509400,42344.0
S50265,none,0,1.8749999999999978,42003564500,64709.0
E58385,nearside,1,11.597727272727274,42003521200,67813.0
X08851,none,0,2.711363545,42003470300,70385.0
N36480,none,0,2.729545395,42003426300,94917.0
X17652,none,0,6.51818175,42003191500,77155.0
X04160,none,0,1.2636363750000001,42003473602,104864.0
W10270,none,0,34.559090909090926,42003464400,17118.0
W70091,none,0,2.025,42003460002,90848.0
E13340,nearside,1,78.60227,42003562000,26604.0
E13730,farside,1,17.488636,42003050100,30036.0
W00510,none,0,4.3636363636363615,42003450700,51898.0
W20220,nearside,1,8.863636363636362,42003471000,63500.0
E10970,nearside,1,95.68636599999999,42003141400,101767.0
E27425,none,0,36.5590895,42003513000,31321.0
N09505,none,0,613.3181818181818,42003413100,114196.0
E46080,nearside,1,21.98863625,42003140500,88490.0
N10290,farside,1,70.345455,42003565200,59229.0
W70089,none,0,8.086364,42003462600,46935.0
N22770,none,0,1.63181815,42003421100,133283.0
N36550,none,0,2.2750000999999997,42003426400,85435.0
P00850,nearside,1,465.4068246,42003020100,90726.0
E35510,nearside,1,64.811362,42003020300,119233.0
W08072,nearside,1,30.075000000000024,42003469000,86450.0
S70316,none,0,0.07272727272727275,42003491200,97519.0
N37060,none,0,0.7931817999999999,42003428100,79500.0
E20795,none,0,12.404545500000001,42003130700,30518.0
S22990,none,0,0.3181818,42003488300,69000.0
E41745,nearside,1,23.588638,42003070900,49421.0
S14784,nearside,1,10.870454545454546,42003486900,43207.0
E48470,nearside,1,1.943182045,42003141200,119044.0
N52390,none,0,0.05,42003429202,115652.0
S43160,none,0,16.811363636363645,42003492900,44038.0
W23981,none,0,28.922727,42003563000,69327.0
S70521,none,0,1.6340909090909097,42003480300,69286.0
N16060,none,0,0.831818181818182,42003432300,46994.0
S18000,none,0,2.5090907500000004,42003477200,79306.0
S23640,nearside,1,44.47727272727276,42003478100,55729.0
S70186,nearside,1,2.134090909090907,42003486800,43125.0
W08034,none,0,2.8863636363636367,42003469000,86450.0
E39650,none,0,25.743184,42003515401,79297.0
W06780,none,0,10.552272649999999,42003202200,53521.0
N44530,nearside,1,10.093181999999999,42003417200,51477.0
E53160,none,0,7.5090909,42003101800,81406.0
E04210,nearside,1,15.46363675,42003564700,40433.0
E40100,none,0,0.909090909090909,42003521302,63524.0
S70385,none,0,0.8454545454545452,42003491200,97519.0
N45387,none,0,0.7568182,42003428200,75795.0
N14020,none,0,2.095454545454545,42003435000,59611.0
W06650,none,0,13.290909090909086,42003460002,90848.0
W06690,nearside,1,,42003460002,90848.0
N21070,none,0,11.477272775,42003421100,133283.0
S24025,nearside,1,11.663636363636364,42003478100,55729.0
X19990,nearside,1,6.272727,42003191600,60109.0
S27213,none,0,28.03636363636366,42003480101,51631.0
W09797,farside,1,0.75,42003451102,86040.0
E30300,none,0,0.17045454545454544,42003521500,74800.0
E45890,nearside,1,108.09545209999999,42003070800,94297.0
N50700,none,0,0.818181825,42003428200,75795.0
S70330,none,0,12.190909090909091,42003499400,47202.0
W19490,nearside,1,32.28863765,42003459201,92292.0
E70743,none,0,5.7136365,42003561900,22770.0
E70388,none,0,9.245454545000001,42003523702,55532.0
E14420,none,0,14.002274,42003564700,40433.0
E01900,none,0,221.840910275,42003140200,62593.0
N28040,none,0,6.67499985,42003262000,39618.0
E70230,none,0,169.98863500000002,42003070800,94297.0
X10265,none,0,0.618181825,42003470300,70385.0
E10220,none,0,2.015909090909091,42003517000,36138.0
X15590,none,0,3.081818275,42003191100,79133.0
E34610,none,0,4.118181450000001,42003523702,55532.0
S27380,nearside,1,19.12272715,42003488200,58125.0
E11690,nearside,1,63.41590525,42003090100,81681.0
N31907,none,0,9.725000045,42003262000,39618.0
N08270,none,0,1.6795454545454536,42003446000,208333.0
E70260,none,0,0.7431818,42003523100,58471.0
N44770,none,0,7.29545485,42003417100,68284.0
N51640,none,0,0.9409090449999999,42003262000,39618.0
E17395,nearside,1,5.1181815,42003111300,62250.0
N15250,none,0,0.375,42003432300,46994.0
E10140,none,0,0.36363635000000005,42003512000,45971.0
S70026,none,0,32.140909,42003488600,83603.0
E70429,none,0,142.71818,42003030500,36932.0
P70034,nearside,1,,42003020100,90726.0
E18580,nearside,1,73.88636,42003070900,49421.0
E25354,none,0,18.838635,42003151700,66467.0
X13390,none,0,11.1613635,42003191900,64000.0
S70344,none,0,1.2363636363636386,42003551900,14063.0
S08230,none,0,120.08863636363637,42003478100,55729.0
N37150,none,0,0.57727275,42003428100,79500.0
E32738,none,0,0.022727275,42003562300,25792.0
E42990,none,0,3.6227271000000005,42003561900,22770.0
X20200,none,0,7.7999998999999995,42003191700,97069.0
S70107,none,0,1.734090909090908,42003480200,83942.0
S30735,nearside,1,159.2681818181818,42003551900,14063.0
E57650,farside,1,33.37727285,42003140300,142738.0
S44755,nearside,1,21.522727272727273,42003492800,36250.0
E07600,none,0,5.456818,42003060500,62841.0
E14060,none,0,157.672735,42003080400,62868.0
N43190,none,0,3.6795455,42003430200,78718.0
S26950,none,0,2.6318183,42003160800,54138.0
E41750,none,0,104.27726600000001,42003080700,45324.0
E44920,none,0,8.1704545,42003130600,18879.0
E52490,none,0,34.53409065,42003564700,40433.0
W25100,nearside,1,130.91590909090914,42003458001,116080.0
E41060,none,0,1.78636365,42003140800,88922.0
E33140,none,0,40.67954719,42003560400,49048.0
S27210,none,0,23.679545454545455,42003480101,51631.0
E01920,none,0,185.38863909999998,42003140100,124444.0
E34270,none,0,2.66818185,42003120300,26837.0
X00660,nearside,1,5.0590910000000004,42003202300,70295.0
E58390,none,0,7.8249999999999975,42003521301,75233.0
X06990,none,0,5.065909045,42003191100,79133.0
E08510,nearside,1,19.852272727272716,42003513800,27212.0
N38700,none,0,4.890909000000001,42003563202,41607.0
E70352,none,0,1.10227275,42003526202,95438.0
N06450,none,0,0.0,42003413500,74259.0
E49270,none,0,53.80909175,42003560400,49048.0
S13790,none,0,4.418181818181814,42003486900,43207.0
N52330,none,0,0.0,42003429202,115652.0
W08043,none,0,3.740909090909093,42003469000,86450.0
X15150,none,0,22.463636363636347,42003457200,53472.0
S47570,none,0,2.184090975,42003562400,43371.0
X20435,nearside,1,35.147729999999996,42003192000,75735.0
N52325,none,0,4.086363775000001,42003429202,115652.0
X02335,none,0,8.07045465,42003473601,127206.0
N12410,nearside,1,21.618181818181785,42003425000,46892.0
S40115,none,0,24.9409095,42003477300,60125.0
S70541,none,0,1.9681818181818203,42003480400,96447.0
E70952,none,0,2.1636364,42003561500,42461.0
E35840,nearside,1,61.747726199999995,42003561900,22770.0
N29360,none,0,0.13636365,42003429201,121620.0
S48557,none,0,0.25,42003477200,79306.0
W00330,nearside,1,22.922727272727254,42003450800,57746.0
E11720,nearside,1,47.674997499999996,42003090200,75521.0
S38470,none,0,2.1136365,42003488400,57584.0
W10530,none,0,1.309091045,42003462100,54458.0
E28300,none,0,13.368181818181794,42003521500,74800.0
E29830,nearside,1,5.6840910000000004,42003130800,23636.0
E36000,nearside,1,35.306817045,42003120900,21087.0
E46210,nearside,1,17.920454499999998,42003101900,60457.0
S01340,none,0,53.525,42003486800,43125.0
E70782,none,0,25.970455,42003050900,12740.0
E46250,nearside,1,43.66818,42003101900,60457.0
W10550,none,0,5.518182,42003462100,54458.0
X10475,none,0,22.843184,42003473500,174234.0
N08845,none,0,0.17045454545454544,42003446000,208333.0
N19550,none,0,11.11136363636364,42003414200,127093.0
E41210,none,0,96.66590850000001,42003151700,66467.0
E04840,none,0,3.890909,42003080400,62868.0
W05921,none,0,2.1045454545454545,42003465800,89167.0
N29350,none,0,0.25227275,42003429201,121620.0
E46710,nearside,1,33.740908045,42003070800,94297.0
E70411,nearside,1,20.5272715,42003562000,26604.0
E51130,none,0,3.659091275,42003515401,79297.0
E50590,none,0,0.047727275,42003523702,55532.0
E14134,none,0,9.984090775000002,42003523100,58471.0
S46940,none,0,1.4363636363636365,42003552400,35331.0
N30240,farside,1,80.64318181818182,42003431100,60559.0
N28065,none,0,22.9977285,42003563202,41607.0
S27207,none,0,31.695454545454563,42003480101,51631.0
E19200,nearside,1,786.7318180000001,42003040500,13750.0
E55810,none,0,6.0363638,42003523800,67314.0
E36268,none,0,2.7295453000000003,42003564400,56333.0
E70950,none,0,0.73409092,42003523100,58471.0
W26145,busway,0,307.25454545454573,42003468800,65653.0
S70575,nearside,1,0.0,42003551300,57460.0
E26490,none,0,0.5522727249999999,42003120900,21087.0
S48400,nearside,1,28.502272727272718,42003483800,29306.0
W21410,nearside,1,10.82272785,42003562600,40020.0
N14550,none,0,6.304545650000001,42003261400,44958.0
N43130,none,0,17.26590865,42003430200,78718.0
W24780,nearside,1,10.168181818181818,42003458001,116080.0
S48690,none,0,5.6954545,42003488200,58125.0
S37603,farside,1,,42003501000,41382.0
E28990,none,0,25.359090000000002,42003110600,112045.0
N28570,none,0,0.78181815,42003429700,56103.0
E70000,none,0,150.25454820000002,42003515100,47052.0
E17320,none,0,6.181818099999999,42003130600,18879.0
S09630,none,0,35.961364499999995,42003290400,57500.0
E17970,none,0,8.7704545,42003512000,45971.0
S08590,none,0,9.068181818181817,42003478200,58312.0
E23420,nearside,1,10.9863635,42003080600,63192.0
E70410,nearside,1,7.93863645,42003101100,76000.0
N71348,nearside,1,,42003429400,89083.0
N21770,none,0,0.0,42003401100,76667.0
N12710,none,0,8.3977275,42003270100,61481.0
N22330,none,0,1.7249998500000001,42003421100,133283.0
E36150,nearside,1,1.252272775,42003564400,56333.0
E57350,nearside,1,17.111361799999997,42003141300,46530.0
N21960,none,0,8.009090909090913,42003419000,70569.0
E39160,none,0,6.7750000749999995,42003508000,36161.0
E41971,nearside,1,48.31818,42003070300,78602.0
S48490,none,0,11.654545500000001,42003484600,35776.0
W13480,none,0,1.9795454545454527,42003460001,75598.0
S16590,nearside,1,83.53636365000001,42003160900,92593.0
W07700,none,0,7.990908999999999,42003461000,54286.0
N13810,none,0,8.268182,42003430100,71136.0
W70045,none,0,59.87273,42003462100,54458.0
W26190,none,0,6.3818185,42003563000,69327.0
E46910,none,0,1.570454545,42003520001,68304.0
N35900,none,0,2.1409091,42003426400,85435.0
E26831,none,0,0.0,42003526101,105917.0
W14460,none,0,3.46590885,42003464300,67879.0
E70846,none,0,9.1181815,42003562300,25792.0
N27990,nearside,1,0.5181818,42003980600,
X20080,none,0,11.01818181818182,42003472200,60625.0
E09320,none,0,26.884090999999998,42003141200,119044.0
N44450,none,0,6.0136363636363654,42003418000,70132.0
E27500,none,0,7.10227265,42003513000,31321.0
E70032,none,0,9.1909091,42003525200,65464.0
S70462,none,0,0.46363637500000004,42003488600,83603.0
N10800,none,0,42.0499975,42003271600,38719.0
E16540,none,0,6.6977275,42003030500,36932.0
E26470,nearside,1,15.69091,42003130700,30518.0
E52710,none,0,2.081818,42003101100,76000.0
N03670,nearside,1,8.047727025,42003403500,41466.0
S34305,none,0,2.9636363,42003310200,79600.0
N71346,nearside,1,,42003429400,89083.0
N32680,none,0,22.5363648,42003429100,73220.0
N52540,none,0,28.275,42003241300,70218.0
W03560,none,0,25.043181818181832,42003464400,17118.0
N54690,none,0,15.331818499999999,42003271600,38719.0
S18010,nearside,1,0.9295454250000001,42003320700,73314.0
S70402,none,0,0.5409091,42003489001,90781.0
E70789,none,0,37.386365,42003050100,30036.0
N22510,nearside,1,25.934090909090934,42003419000,70569.0
W10940,none,0,1.277272725,42003563000,69327.0
S33263,none,0,,42003551900,14063.0
E10210,none,0,6.109090849999999,42003512000,45971.0
E23500,none,0,16.7159095,42003080600,63192.0
S70037,none,0,2.7590907,42003490003,108769.0
N15523,none,0,0.025,42003429700,56103.0
S37604,nearside,1,,42003501000,41382.0
E03940,none,0,9.825000000000001,42003040200,22667.0
W22460,none,0,4.17272735,42003459201,92292.0
N71181,nearside,1,0.4,42003421100,133283.0
E20820,none,0,5.522727045,42003523300,74740.0
W14350,none,0,7.211363500000001,42003281400,37533.0
E45570,none,0,31.349999499999996,42003060300,91731.0
N52380,none,0,0.0,42003429202,115652.0
S08440,none,0,3.6227272,42003477200,79306.0
N35820,none,0,4.799999895,42003426400,85435.0
S50253,none,0,1.5136363636363634,42003564500,64709.0
N10340,nearside,1,47.806816,42003261400,44958.0
N12860,nearside,1,60.03863636363635,42003432400,59435.0
E49810,none,0,1.661363775,42003523501,64219.0
S70443,none,0,7.870454545454546,42003480300,69286.0
N70023,farside,1,9.759090909090913,42003413400,121510.0
E39210,none,0,8.006818169999999,42003514000,29107.0
S16180,nearside,1,33.502269999999996,42003170200,68611.0
E70964,none,0,14.168181500000001,42003513000,31321.0
E18965,none,0,85.484091,42003526302,87029.0
X00750,nearside,1,4.5931815,42003202300,70295.0
X02440,none,0,5.036363636363635,42003457200,53472.0
E38715,none,0,10.325,42003509400,42344.0
E04320,farside,1,31.890907220000003,42003561500,42461.0
E70995,none,0,0.8363636,42003030500,36932.0
S05370,farside,1,3.81363615,42003477100,96005.0
E41290,none,0,163.07272935,42003141400,101767.0
E55140,none,0,0.222727275,42003523502,58854.0
S70642,none,0,1.20454545,42003488400,57584.0
S33690,none,0,3.179545425,42003488400,57584.0
N14335,none,0,1.3136363500000001,42003430200,78718.0
E02930,nearside,1,4.522727499999999,42003101900,60457.0
E19840,none,0,359.22272410000005,42003982200,
E59590,none,0,10.0386362,42003515100,47052.0
N50440,none,0,0.52045455,42003241300,70218.0
E11750,none,0,13.12727305,42003981000,
W15730,nearside,1,6.256818149999999,42003461000,54286.0
N43820,none,0,9.18409075,42003260700,79310.0
S70064,none,0,1.897727275,42003490003,108769.0
W70140,none,0,3.31363615,42003453004,93740.0
N43920,none,0,48.231818000000004,42003261400,44958.0
E54585,farside,1,31.384090999999998,42003560400,49048.0
E56340,nearside,1,7.3431820000000005,42003120900,21087.0
E60100,none,0,15.938636363636366,42003517000,36138.0
W00280,farside,1,6.4340909090909095,42003468800,65653.0
S70042,none,0,59.14317955,42003160900,92593.0
W20670,none,0,0.23636365,42003459102,111250.0
E46480,none,0,56.634091250000004,42003509400,42344.0
N71183,none,0,0.05,42003421100,133283.0
E32292,none,0,4.438636499999999,42003509400,42344.0
E39390,none,0,19.2454565,42003050600,42951.0
W02650,none,0,28.6136365,42003462600,46935.0
N18005,none,0,6.2386365,42003262000,39618.0
N39570,none,0,18.411363636363625,42003435000,59611.0
P03360,nearside,1,1264.404525,42003020100,90726.0
N71235,none,0,2.138636275,42003403500,41466.0
W11730,none,0,0.5113636500000001,42003470300,70385.0
X12684,nearside,1,2.10681818181818,42003475101,92863.0
S42275,none,0,2.43181835,42003191600,60109.0
E70372,none,0,37.968184,42003030500,36932.0
N10520,none,0,26.6340925,42003271600,38719.0
N15340,none,0,0.21590907500000003,42003261300,48500.0
N31570,none,0,38.413635,42003424000,44571.0
S38690,none,0,1.7568182749999999,42003488400,57584.0
E52560,none,0,1.4704545450000002,42003101100,76000.0
N22030,nearside,1,36.08409090909091,42003423000,107738.0
W24410,nearside,1,23.050000000000004,42003457100,63295.0
P03150,nearside,1,456.334104,42003020100,90726.0
E13470,nearside,1,103.56591,42003050100,30036.0
E36480,none,0,2.1045456000000002,42003564400,56333.0
X05880,none,0,5.29545435,42003191800,71058.0
W00840,none,0,23.815905,42003202200,53521.0
W21720,none,0,2.790909095,42003281500,63056.0
N13160,none,0,23.511364,42003565200,59229.0
N21380,none,0,2.154545454545455,42003420000,43333.0
E55045,none,0,4.3977275,42003523501,64219.0
S23915,none,0,2.0431818181818184,42003491101,141420.0
E04380,nearside,1,47.52954545454547,42003563900,71716.0
W08224,nearside,1,25.922726500000003,42003470501,96204.0
X09320,none,0,2.165909,42003190300,81953.0
E08240,none,0,1.5954547749999999,42003010302,49375.0
E39360,none,0,16.0113625,42003080400,62868.0
E45700,none,0,10.7818181,42003561500,42461.0
W10166,none,0,26.790909090909096,42003464300,67879.0
X02570,nearside,1,12.752274545,42003473602,104864.0
S28030,none,0,2.5045450000000002,42003488500,58371.0
N17350,none,0,10.177273,42003241300,70218.0
E46280,nearside,1,12.897727,42003080700,45324.0
S70546,none,0,22.395453500000002,42003477300,60125.0
E56227,none,0,17.7681798,42003504100,39891.0
WMPNST,nearside,1,,42003020100,90726.0
E70777,none,0,9.665909,42003050900,12740.0
N71359,nearside,1,,42003429300,89250.0
W03580,none,0,17.0409095,42003563000,69327.0
S04320,none,0,30.3204565,42003161000,55700.0
E29820,nearside,1,4.827272499999999,42003130800,23636.0
S46950,none,0,1.031818181818182,42003552400,35331.0
S70267,none,0,0.022727275,42003490003,108769.0
N13080,farside,1,54.06818,42003270100,61481.0
S27050,none,0,4.868182,42003160800,54138.0
E52450,nearside,1,5.8181815,42003564700,40433.0
S09580,none,0,53.95681875,42003290200,41321.0
N31780,none,0,9.618182000000001,42003424000,44571.0
S70166,nearside,1,4.47954545454545,42003552100,22668.0
N36390,none,0,0.220454545,42003426300,94917.0
E48910,none,0,4.274999800000001,42003040200,22667.0
S47380,none,0,0.118181818181818,42003551300,57460.0
S11298,none,0,68.725,42003492900,44038.0
S19220,none,0,0.7431818181818199,42003480102,82396.0
E58850,none,0,6.88636365,42003521200,67813.0
E04450,nearside,1,7.063636000000001,42003561500,42461.0
X20110,nearside,1,19.740909090909078,42003472200,60625.0
E36052,none,0,3.84772732,42003120300,26837.0
N14150,none,0,7.359091,42003430100,71136.0
N12770,none,0,44.04545454545454,42003432300,46994.0
E71010,nearside,1,,42003521200,67813.0
E25338,none,0,13.5886365,42003151700,66467.0
E10620,none,0,0.0,42003521302,63524.0
N15180,none,0,4.970454545454545,42003434000,97175.0
N32650,none,0,9.040909090000001,42003429202,115652.0
E70046,nearside,1,80.46363500000001,42003130200,41667.0
E10430,none,0,1.8590906999999999,42003512000,45971.0
W08232,none,0,22.422727272727272,42003469000,86450.0
E35260,nearside,1,113.084093,42003080200,60052.0
S11410,none,0,7.140909,42003300100,47093.0
E19570,nearside,1,512.081814045,42003040500,13750.0
E70815,nearside,1,102.729545,42003070800,94297.0
S31470,none,0,9.25454565,42003484600,35776.0
E02770,none,0,9.0090913,42003523100,58471.0
E53030,none,0,0.20909092499999998,42003981000,
E20520,nearside,1,18.775,42003120900,21087.0
N12420,nearside,1,11.27727272727273,42003425000,46892.0
E39950,nearside,1,3.0340909090909074,42003521200,67813.0
S70270,none,0,11.268182,42003489001,90781.0
E04940,nearside,1,18.8659075,42003080400,62868.0
S70043,none,0,43.02045545000001,42003160900,92593.0
S11290,none,0,19.9431839,42003488600,83603.0
S08220,nearside,1,37.929546249999994,42003290400,57500.0
S30257,none,0,0.025,42003551300,57460.0
E04670,none,0,4.831817775,42003101400,83796.0
E34160,none,0,10.1522726,42003523200,41647.0
E46060,nearside,1,386.84545085,42003111500,39331.0
W10165,none,0,2.690909090909091,42003464300,67879.0
E56010,none,0,16.038636595,42003564800,33883.0
E53730,nearside,1,9.9522725,42003561500,42461.0
W07830,none,0,5.12954545,42003461000,54286.0
E41740,nearside,1,419.86594,42003080700,45324.0
E70083,none,0,1.43636365,42003509400,42344.0
W01850,none,0,5.6,42003464300,67879.0
S70604,none,0,2.6863636499999997,42003489001,90781.0
E52580,farside,1,8.3068183,42003981000,
N22060,none,0,1.5022727272727279,42003404000,63000.0
N22200,none,0,3.9227272727272746,42003419000,70569.0
W08047,none,0,8.143181799999999,42003470502,108600.0
N43020,nearside,1,1.97272715,42003429100,73220.0
N10830,none,0,15.3863635,42003270300,59398.0
S70040,none,0,41.143184225000006,42003482500,74545.0
S42360,busway,0,202.91590885,42003191500,77155.0
S30270,none,0,1.5363635,42003503002,57813.0
S04310,none,0,27.3318175,42003161000,55700.0
W03350,none,0,2.57499985,42003281400,37533.0
E28725,none,0,2.4749998499999997,42003060500,62841.0
E23560,none,0,15.670454999999999,42003080600,63192.0
X13580,none,0,5.138636545,42003191700,97069.0
S70526,none,0,0.6,42003480300,69286.0
W24150,none,0,4.5522725,42003470600,64171.0
E36340,none,0,5.3227272,42003564400,56333.0
S70477,none,0,11.077272727272728,42003551300,57460.0
E52410,none,0,3.34318182,42003564700,40433.0
E26440,none,0,11.775,42003130800,23636.0
S24013,nearside,1,12.5,42003489001,90781.0
W19917,none,0,0.3590909090909093,42003460002,90848.0
N12950,none,0,23.468181818181833,42003432300,46994.0
W22000,nearside,1,30.4704555,42003562600,40020.0
N43330,none,0,32.5750005,42003260200,56696.0
N22440,none,0,1.100000195,42003421100,133283.0
W02760,none,0,1.3522727,42003462600,46935.0
S48720,none,0,8.411363545,42003485000,59242.0
N71335,none,0,2.425,42003435000,59611.0
E08260,none,0,0.022727275,42003010302,49375.0
N21360,none,0,0.8818181818181821,42003401100,76667.0
S12520,none,0,2.5136363,42003562400,43371.0
S70513,none,0,5.29772727272727,42003480300,69286.0
N45800,none,0,12.79091135,42003262000,39618.0
E17350,none,0,7.12045465,42003130600,18879.0
E37030,none,0,0.6340909090909093,42003510000,35483.0
S09480,none,0,4.654545454545454,42003480101,51631.0
S70382,none,0,11.415909090909093,42003492700,36583.0
S11450,none,0,21.0136365,42003300100,47093.0
E51190,none,0,9.493181875000001,42003515401,79297.0
S39790,none,0,5.36590885,42003477300,60125.0
E56210,none,0,8.4250001,42003561900,22770.0
N70086,nearside,1,42.16818181818179,42003413500,74259.0
S70422,none,0,6.572727272727273,42003551300,57460.0
X13480,none,0,56.4931835,42003191700,97069.0
N08590,none,0,0.118181818181818,42003563800,86929.0
E10200,none,0,1.33181818181818,42003517000,36138.0
E41870,nearside,1,55.299996,42003111400,62315.0
N43800,none,0,1.1181818,42003260700,79310.0
E14000,nearside,1,202.084095,42003070900,49421.0
S42380,busway,0,26.247727175,42003320600,92143.0
S14300,none,0,5.852272727272725,42003492900,44038.0
N08650,none,0,11.149999999999999,42003448000,65417.0
N32700,none,0,15.99772727272727,42003413300,105893.0
E29740,nearside,1,6.3795455,42003130800,23636.0
N31320,none,0,3.0954544999999998,42003241300,70218.0
E17298,busway,0,1075.2500368,42003560400,49048.0
N12010,nearside,1,27.3659076,42003429500,56602.0
E46650,nearside,1,24.6022732,42003140500,88490.0
E45130,none,0,11.3045455,42003120300,26837.0
E19210,farside,1,1123.8000001,42003040500,13750.0
W04350,none,0,3.84090909090909,42003458001,116080.0
W08067,none,0,9.352272750000001,42003470502,108600.0
X18750,none,0,15.506817750000002,42003190300,81953.0
W26240,nearside,1,8.743181818181819,42003464300,67879.0
S23100,none,0,0.0,42003488300,69000.0
E07050,none,0,5.3772725,42003030500,36932.0
N13260,none,0,4.4795455,42003270100,61481.0
E17314,busway,0,17.090909325,42003060500,62841.0
S70272,none,0,11.863636499999998,42003473300,127255.0
W13655,none,0,0.5454545454545454,42003460002,90848.0
X17653,none,0,2.1113635,42003191500,77155.0
S08930,nearside,1,193.179549,42003290100,41175.0
E48200,none,0,26.290908875,42003514000,29107.0
X00650,nearside,1,21.4477255,42003202300,70295.0
E70292,none,0,9.259091,42003130800,23636.0
S46830,nearside,1,0.02272727272727275,42003552400,35331.0
S70467,none,0,10.6681818,42003161000,55700.0
E09620,none,0,6.693182,42003060500,62841.0
S23860,farside,1,8.184090909090903,42003480200,83942.0
W08222,nearside,1,10.709090909090909,42003469000,86450.0
N18743,none,0,3.772727272727273,42003427000,59250.0
N71179,nearside,1,5.1522727,42003421100,133283.0
E29920,none,0,2.76590895,42003130200,41667.0
N53650,farside,1,0.5181818,42003562700,59634.0
E10950,nearside,1,37.92727275,42003141400,101767.0
S70236,none,0,2.4522728,42003488500,58371.0
W07587,none,0,204.3477272727273,42003460002,90848.0
N03660,nearside,1,9.906818375,42003403500,41466.0
X02650,none,0,5.5863635,42003473601,127206.0
S24160,none,0,6.56363636363636,42003478200,58312.0
E59390,none,0,5.0522727,42003564800,33883.0
E70898,none,0,18.213636363636358,42003513800,27212.0
X70055,none,0,1.7318182750000002,42003190300,81953.0
S44970,none,0,1.877272775,42003161000,55700.0
W07380,nearside,1,7.2636363636363654,42003460001,75598.0
E32735,none,0,24.572724,42003562300,25792.0
N10410,none,0,56.65909,42003271600,38719.0
N38710,nearside,1,66.072727,42003565100,57621.0
N52670,none,0,3.38863645,42003241300,70218.0
E58790,farside,1,3.3090909090909055,42003519000,102216.0
E59550,none,0,3.8749999499999994,42003564800,33883.0
X13590,none,0,7.418182045,42003191900,64000.0
S34340,none,0,3.915909325,42003310200,79600.0
W70139,none,0,0.19772727499999998,42003453004,93740.0
N36650,none,0,1.4863635450000001,42003426300,94917.0
N22690,none,0,6.447726995,42003421100,133283.0
E58050,none,0,6.838636,42003151600,54917.0
W12350,none,0,0.5659090909090907,42003468700,69444.0
X05120,none,0,6.4931818181818155,42003457200,53472.0
N22790,none,0,3.4500000000000024,42003419000,70569.0
E34630,none,0,1.34999997,42003523702,55532.0
E08880,none,0,15.89545454545454,42003513800,27212.0
N25465,none,0,0.184090909090909,42003414102,115494.0
W00780,none,0,22.4068205,42003202200,53521.0
E70957,none,0,5.2704545,42003504100,39891.0
E30270,none,0,0.247727275,42003564400,56333.0
E15490,none,0,2.502272727272729,42003513800,27212.0
S70092,none,0,657.4931799999999,42003488600,83603.0
E32753,none,0,54.6318209,42003562300,25792.0
N71205,none,0,122.18636550000001,42003565100,57621.0
S10590,none,0,10.7863635,42003562400,43371.0
N70008,none,0,95.43409090909091,42003431100,60559.0
W00340,nearside,1,23.14090909090908,42003450800,57746.0
E18020,none,0,1.3818183999999998,42003520002,61375.0
E26410,nearside,1,22.438635499999997,42003130800,23636.0
S08610,none,0,30.92500000000001,42003478100,55729.0
E13270,nearside,1,42.013635,42003050600,42951.0
W13210,none,0,5.0590908,42003462100,54458.0
W13280,none,0,3.390909275,42003462100,54458.0
N39540,none,0,11.65909090909091,42003432400,59435.0
E34830,none,0,3.2409089,42003561900,22770.0
W07930,none,0,0.09318180000000001,42003461000,54286.0
E42794,none,0,61.70909,42003051000,16297.0
S44900,farside,1,85.5204545454546,42003492800,36250.0
S35980,none,0,0.9954545454545455,42003475401,101339.0
S14765,nearside,1,28.795454545454547,42003486700,39662.0
N45830,none,0,4.3181820449999995,42003241300,70218.0
E59520,nearside,1,60.42954495000001,42003564800,33883.0
P02800,nearside,1,313.5181815,42003020100,90726.0
E46915,none,0,23.0159105,42003520001,68304.0
W17160,none,0,9.5181819,42003562800,56382.0
S70018,none,0,0.23863635,42003501000,41382.0
E32743,none,0,46.0863607,42003562300,25792.0
X70067,none,0,1.295454545,42003190300,81953.0
S01300,none,0,24.9090909090909,42003486700,39662.0
X00460,none,0,1.7568181818181827,42003457200,53472.0
N22650,none,0,2.4454546,42003416000,58654.0
E52740,none,0,8.95909085,42003101800,81406.0
E45604,none,0,16.925,42003060300,91731.0
W14450,none,0,11.19090885,42003281400,37533.0
N44590,farside,1,17.25,42003418000,70132.0
S31610,nearside,1,3.45227265,42003310200,79600.0
E45180,none,0,3.9409088999999997,42003120300,26837.0
E53300,none,0,22.368181999999997,42003508000,36161.0
E01760,none,0,42.497727775,42003140500,88490.0
E35810,none,0,12.1795454,42003120900,21087.0
N32855,none,0,0.5840909,42003429100,73220.0
S46960,none,0,1.031818181818182,42003552400,35331.0
E39640,nearside,1,29.522728625,42003515300,29612.0
S05510,none,0,14.175,42003300100,47093.0
E09390,none,0,14.161363636363655,42003516100,92069.0
E20480,nearside,1,38.697728,42003130200,41667.0
E42860,none,0,17.7499995,42003130600,18879.0
X02070,nearside,1,23.297726500000003,42003473601,127206.0
S70318,none,0,0.02272727272727275,42003491200,97519.0
N44560,none,0,3.3204546500000003,42003417100,68284.0
E41180,nearside,1,61.170456,42003140300,142738.0
E34850,none,0,17.40909035,42003020300,119233.0
E55211,none,0,19.0795465,42003130700,30518.0
S26940,none,0,13.184091,42003160800,54138.0
N20840,none,0,4.229545454545455,42003420000,43333.0
W06670,none,0,0.07272727272727275,42003460002,90848.0
W22032,none,0,14.21818181818182,42003464300,67879.0
S08370,none,0,152.543185,42003290100,41175.0
W07920,none,0,1.8431819999999999,42003461000,54286.0
S04720,none,0,34.1999975,42003160800,54138.0
E39960,none,0,0.7068181818181817,42003521302,63524.0
S70269,none,0,12.0022725,42003562400,43371.0
W10350,none,0,14.950000000000008,42003464400,17118.0
W03410,none,0,1.79772725,42003281400,37533.0
S20510,none,0,1.9113636363636377,42003486700,39662.0
E42890,none,0,4.704545550000001,42003130800,23636.0
E08180,farside,1,14.6704545,42003040900,27383.0
X02190,none,0,8.961363500000001,42003473100,108050.0
E20720,nearside,1,20.85,42003523100,58471.0
E38110,none,0,4.17045454545455,42003510000,35483.0
X00740,none,0,2.63636375,42003202300,70295.0
E40950,none,0,1.56136365,42003523100,58471.0
E41950,nearside,1,90.59090699999999,42003110200,96803.0
S21312,none,0,8.08863635,42003488200,58125.0
S05350,none,0,1.5113634999999999,42003477100,96005.0
N17270,none,0,63.974997994999995,42003563202,41607.0
E20990,none,0,0.9659091,42003523200,41647.0
E11770,nearside,1,85.66591185000001,42003101100,76000.0
N43395,none,0,29.0159105,42003261400,44958.0
W00370,nearside,1,13.822727272727255,42003450800,57746.0
N21650,nearside,1,7.297727272727272,42003419000,70569.0
N44050,none,0,2.1431815999999997,42003980400,
E29690,nearside,1,8.504545499999999,42003130800,23636.0
E70829,none,0,0.340909090909091,42129802200,57557.0
X13410,none,0,7.6159092,42003191900,64000.0
E58890,none,0,4.49545455,42003521200,67813.0
S09440,none,0,72.82954565,42003290100,41175.0
E23520,nearside,1,18.3181835,42003080900,62852.0
E02870,none,0,5.15000005,42003523100,58471.0
S13872,nearside,1,6.0727269999999995,42003489002,82482.0
W07820,none,0,2.36363625,42003461000,54286.0
E26460,nearside,1,10.4522727,42003130700,30518.0
N45210,none,0,0.0,42003413500,74259.0
W24040,none,0,32.720454545454544,42003468900,53765.0
S70334,nearside,1,29.470454545454558,42003499400,47202.0
E70337,none,0,1.3522725,42003523502,58854.0
N40435,none,0,7.415908775,42003421100,133283.0
S48600,none,0,5.4522725,42003477200,79306.0
E14440,none,0,7.765909000000001,42003564700,40433.0
E32226,none,0,0.07272727500000001,42003562300,25792.0
E21510,none,0,2.11363625,42003523300,74740.0
N22805,nearside,1,18.45454515,42003980000,
N50330,none,0,1.2386363500000002,42003241300,70218.0
E15440,none,0,13.518181818181816,42003513800,27212.0
E28705,none,0,9.663637999999999,42003060500,62841.0
N45530,none,0,0.0,42003413400,121510.0
S01395,none,0,34.45227272727274,42003486700,39662.0
E20385,none,0,2.8477272,42003130600,18879.0
S30720,none,0,74.10000000000002,42003551900,14063.0
N71304,none,0,6.547727249999999,42003262000,39618.0
E05340,none,0,1.3045454545454547,42003521500,74800.0
E44430,none,0,5.05,42003521500,74800.0
S70499,none,0,5.756818045,42003290400,57500.0
N49480,none,0,9.07045475,42003270300,59398.0
X02580,none,0,7.965909,42003473601,127206.0
N41770,none,0,15.493181195000002,42003565200,59229.0
E18520,none,0,76.193184,42003070300,78602.0
E14010,none,0,27.8227265,42003050100,30036.0
W08760,none,0,1.1613636363636366,42003460001,75598.0
W14300,none,0,9.768182,42003281400,37533.0
S49340,none,0,,42003552200,50000.0
N17815,none,0,3.80227265,42003262000,39618.0
N32590,farside,1,2.3795450000000002,42003261300,48500.0
S40566,none,0,,42003487000,43208.0
S31130,none,0,11.2840908,42003484500,51129.0
E25349,none,0,24.6204545,42003151600,54917.0
E59640,none,0,11.89545455,42003515100,47052.0
E12840,none,0,0.19545454545454544,42003521500,74800.0
W20960,nearside,1,11.647727,42003562600,40020.0
S70493,none,0,0.8727272727272727,42003480400,96447.0
X02620,none,0,2.0545456,42003473602,104864.0
N04260,none,0,0.2136363636363635,42003402000,49388.0
N52550,none,0,2.2636364,42003563202,41607.0
N44500,nearside,1,15.840909275,42003417100,68284.0
E70243,nearside,1,15.25909045,42003090300,68289.0
E70812,none,0,45.3772729,42003111300,62250.0
E19870,nearside,1,918.0818518000001,42003982200,
N45595,none,0,0.0,42003429201,121620.0
S09290,none,0,54.9045435,42003290200,41321.0
E25362,none,0,5.186364,42003151700,66467.0
E26670,none,0,20.904543,42003130800,23636.0
E39150,none,0,2.211363645,42003508000,36161.0
N12822,none,0,20.972728999999998,42003271600,38719.0
N05450,none,0,1.15454545,42003429201,121620.0
E70084,none,0,14.379543649999999,42003040200,22667.0
X00470,none,0,0.3454545454545455,42003457200,53472.0
E70427,nearside,1,28.050000500000003,42003120900,21087.0
E45200,none,0,3.55227285,42003120300,26837.0
E59480,none,0,3.8204546450000003,42003564800,33883.0
S09760,nearside,1,1.8886366,42003477200,79306.0
N36600,none,0,10.520454375,42003426400,85435.0
N22680,nearside,1,23.5750001,42003421100,133283.0
W26186,none,0,8.7772725,42003464300,67879.0
N12530,nearside,1,11.175,42003425000,46892.0
S02750,none,0,27.652272727272724,42003483800,29306.0
N18275,none,0,7.640909000000001,42003262000,39618.0
N32490,nearside,1,22.24545415,42003429202,115652.0
X20050,nearside,1,50.515909090909105,42003472300,76635.0
W20280,none,0,4.729545454545452,42003471000,63500.0
N45160,none,0,0.0,42003980600,
X02660,none,0,3.7068184000000004,42003470300,70385.0
W08660,none,0,0.30000000000000004,42003460001,75598.0
W11776,none,0,1.5409090449999998,42003470300,70385.0
N14460,none,0,3.215909,42003261500,46141.0
E70325,none,0,2.949999775,42003523300,74740.0
N37250,none,0,0.9727275,42003428200,75795.0
W20230,nearside,1,6.020454545454548,42003471000,63500.0
N15925,none,0,0.19318181818181798,42003413500,74259.0
X17677,none,0,7.3113635,42003191500,77155.0
S12900,none,0,2.39772735,42003490003,108769.0
S34110,farside,1,28.540911,42003310200,79600.0
E70790,none,0,64.21818,42003050100,30036.0
E01660,nearside,1,235.2227325,42003140200,62593.0
E09860,none,0,3.34090915,42003512000,45971.0
E08120,none,0,39.256816799999996,42003040900,27383.0
N45350,none,0,0.05,42003413500,74259.0
N39560,nearside,1,1.3727272727272726,42003434000,97175.0
W00900,none,0,19.6772705,42003202200,53521.0
X18730,none,0,2.8318179999999997,42003190300,81953.0
E13510,none,0,16.3886365,42003030500,36932.0
N08150,farside,1,8.5795455,42003445500,77454.0
E70800,none,0,14.718182000000002,42003523300,74740.0
E41070,none,0,0.09318180000000001,42003140300,142738.0
W26160,busway,0,116.47954625000001,42003562800,56382.0
S00925,nearside,1,1.627272725,42003010301,
S35280,none,0,20.4136363,42003180300,42029.0
E23480,nearside,1,16.0022725,42003080700,45324.0
E20730,nearside,1,15.51363636363638,42003130600,18879.0
S70165,none,0,0.16136363636363624,42003552100,22668.0
W07690,nearside,1,9.038636,42003461000,54286.0
E18450,none,0,18.0613635,42003070900,49421.0
E41270,none,0,116.506816,42003151700,66467.0
N20850,nearside,1,2.879545454545455,42003401300,80458.0
S19270,none,0,1.3136363636363648,42003480102,82396.0
N54670,none,0,27.159088999999998,42003271600,38719.0
N21510,none,0,44.156818181818196,42003419000,70569.0
E59690,none,0,3.1249998999999997,42003515100,47052.0
S23000,nearside,1,0.1659091,42003488300,69000.0
N17510,nearside,1,22.802273,42003241300,70218.0
E55855,none,0,5.4500002,42003040200,22667.0
W70106,none,0,1.711363636363634,42003465800,89167.0
E70452,none,0,15.6045455,42003050600,42951.0
N25441,none,0,0.0,42003414102,115494.0
N43445,none,0,42.031818,42003261500,46141.0
E70181,none,0,46.54545635,42003521500,74800.0
N50760,none,0,0.22272727499999997,42003241300,70218.0
E55040,none,0,3.6068179999999996,42003523600,64545.0
E15200,none,0,0.6863636363636365,42003521500,74800.0
E01730,nearside,1,2289.581807,42003982200,
E41790,nearside,1,97.73636299999998,42003080700,45324.0
E40970,none,0,0.025,42003523100,58471.0
W03600,none,0,7.4954545,42003281400,37533.0
E11190,none,0,16.365907275,42003110200,96803.0
E29361,none,0,0.19545454999999998,42003101900,60457.0
E06200,none,0,17.311363999999998,42003141400,101767.0
E70415,none,0,34.7272725,42003504100,39891.0
W16240,none,0,8.7045456,42003563100,64800.0
X03040,nearside,1,32.513636,42003191800,71058.0
N35550,none,0,70.31136435,42003261300,48500.0
N40830,none,0,0.5772727,42003427200,56912.0
S10610,none,0,2.5454545499999996,42003562400,43371.0
N14200,none,0,4.29545445,42003430100,71136.0
W03910,none,0,1.8159091,42003562500,42292.0
E50560,none,0,0.979545475,42003526202,95438.0
E03140,none,0,0.956818195,42003508000,36161.0
E06050,none,0,0.9659091000000001,42003140800,88922.0
E12090,farside,1,34.461365,42003060300,91731.0
E28950,none,0,53.336364,42003111300,62250.0
E29700,nearside,1,4.9568185,42003130800,23636.0
S39890,none,0,4.32954565,42003477300,60125.0
S27870,nearside,1,2.3227275,42003488500,58371.0
S70630,none,0,0.4113636363636365,42003551900,14063.0
S45000,none,0,37.76363636363636,42003161000,55700.0
W21860,none,0,12.51590909090909,42003465600,60921.0
W22577,none,0,3.6704542950000003,42003459201,92292.0
E57490,nearside,1,30.318181850000002,42003140300,142738.0
E50260,nearside,1,10.025,42003523502,58854.0
S35210,none,0,6.320454775,42003161000,55700.0
N05490,none,0,0.275,42003429201,121620.0
E21020,none,0,2.12727295,42003523300,74740.0
E36050,none,0,6.8818179750000015,42003561900,22770.0
E54860,none,0,0.17272727499999999,42003526201,85903.0
E02080,none,0,55.643182100000004,42003030500,36932.0
E05380,none,0,1.28181818181818,42003521500,74800.0
N14025,nearside,1,19.238636800000002,42003430200,78718.0
N13600,none,0,140.0159085,42003563202,41607.0
W10560,none,0,6.7136362,42003462100,54458.0
E70384,none,0,13.736363525,42003523702,55532.0
E49400,none,0,51.322729194999994,42003564700,40433.0
N71345,nearside,1,,42003429500,56602.0
S34400,none,0,2.05454545,42003310200,79600.0
W17960,none,0,1.1681818,42003469000,86450.0
S70551,none,0,15.320454,42003477300,60125.0
N12790,none,0,14.3272705,42003270300,59398.0
W07450,none,0,1.65,42003460001,75598.0
E02245,none,0,23.45,42003513000,31321.0
E40290,none,0,10.19090885,42003561400,39788.0
E15060,none,0,4.7363634999999995,42003101900,60457.0
E59050,farside,1,1.645454775,42003521401,91652.0
S27260,none,0,13.06590909090909,42003486800,43125.0
E13600,nearside,1,212.33864,42003562000,26604.0
N12690,none,0,35.654545454545485,42003432400,59435.0
E46720,none,0,10.325,42003981000,
W22610,none,0,0.19545454499999998,42003459201,92292.0
W02670,none,0,4.890909,42003462600,46935.0
S10600,none,0,4.0704545,42003562400,43371.0
E01700,nearside,1,135.81590814999998,42003030500,36932.0
S04500,none,0,9.095454499999999,42003170600,50859.0
S17850,none,0,3.2681818181818185,42003550900,28767.0
S01100,none,0,8.354545025000002,42003980800,
N43980,nearside,1,39.3386375,42003261500,46141.0
E09600,none,0,4.02045465,42003060500,62841.0
N71266,none,0,2.73863635,42003261300,48500.0
P01940,nearside,1,403.015919545,42003020100,90726.0
E18590,nearside,1,51.92045,42003070900,49421.0
S16090,nearside,1,86.813635,42003170200,68611.0
E01450,none,0,33.245454699999996,42003040200,22667.0
X70065,farside,1,3.261363545,42003473200,76625.0
N40270,none,0,13.197727,42003270100,61481.0
N39810,none,0,7.36818181818182,42003435000,59611.0
S09250,none,0,43.72045250000001,42003290100,41175.0
N14815,none,0,0.07045454500000001,42003429201,121620.0
W17820,none,0,10.093181999999999,42003562800,56382.0
E40200,none,0,4.388636774999999,42003526202,95438.0
N26852,none,0,0.0,42003525300,107583.0
E32280,none,0,0.0954545454545455,42003521200,67813.0
N31440,none,0,26.911362,42003424000,44571.0
X03000,nearside,1,44.981818000000004,42003191800,71058.0
X20020,nearside,1,15.0181815,42003192000,75735.0
E25335,none,0,7.0954545,42003151700,66467.0
S70259,none,0,,42003191500,77155.0
S70143,nearside,1,13.5409093,42003980800,
S24420,nearside,1,62.486363636363656,42003480200,83942.0
E52430,none,0,3.0772725000000003,42003564700,40433.0
E15480,nearside,1,25.593181818181854,42003513800,27212.0
W08500,none,0,16.245454545454546,42003464400,17118.0
N50540,none,0,0.0,42003428200,75795.0
S04000,none,0,43.8022725,42003481000,35640.0
E13440,none,0,54.8545435,42003050100,30036.0
E05520,none,0,50.96363915,42003111500,39331.0
N36085,none,0,6.0136363,42003426400,85435.0
N35765,none,0,6.800000000000003,42003414200,127093.0
S46860,none,0,0.7204545454545455,42003552400,35331.0
E70984,none,0,0.75454545,42003562901,52679.0
E15950,nearside,1,69.0227242,42003120900,21087.0
E37980,none,0,13.06590909090909,42003510000,35483.0
X18550,nearside,1,1.9249999999999998,42003470400,110357.0
S25140,none,0,0.6977272750000001,42003488600,83603.0
N21280,none,0,4.5749999999999975,42003420000,43333.0
N52290,none,0,0.42954545,42003429202,115652.0
N10510,nearside,1,46.090911,42003261500,46141.0
S70299,nearside,1,6.9454545,42003504100,39891.0
P01970,none,0,72.66136359999999,42003020100,90726.0
E51531,none,0,5.7363634999999995,42003140400,182287.0
E34170,none,0,1.85,42003523200,41647.0
W23093,nearside,1,24.9045435,42003453004,93740.0
N41730,none,0,0.075,42003402000,49388.0
S42420,busway,0,34.386364199999996,42003191700,97069.0
E20930,none,0,10.534090975,42003523300,74740.0
N49960,none,0,4.05909117,42003261300,48500.0
S48830,none,0,4.7977273,42003484300,48841.0
E05910,none,0,10.4431815,42003140800,88922.0
E46810,none,0,49.729543774999996,42003509400,42344.0
X02330,none,0,8.806818150000002,42003473601,127206.0
N38390,nearside,1,197.9590955,42003562700,59634.0
X01660,nearside,1,17.6545441,42003473100,108050.0
N36370,none,0,2.4227274999999997,42003426400,85435.0
E41980,none,0,41.497728650000006,42003110200,96803.0
E38770,none,0,1.4500000000000002,42003523100,58471.0
X04460,nearside,1,7.12272715,42003473601,127206.0
W07290,none,0,3.80681818181818,42003460002,90848.0
E46140,nearside,1,34.931817699999996,42003141200,119044.0
N13950,none,0,6.8636365,42003430100,71136.0
N10946,nearside,1,9.136363399999999,42003445500,77454.0
N71221,nearside,1,24.69318185,42003980600,
N04610,farside,1,387.83638149999996,42003980600,
S23530,nearside,1,5.74772715,42003477300,60125.0
S24300,none,0,31.55000000000001,42003480200,83942.0
N13770,none,0,4.2022728,42003430200,78718.0
X20170,nearside,1,4.784090750000001,42003192000,75735.0
X02350,none,0,2.1295454545454553,42003457200,53472.0
N15010,none,0,9.0636365,42003563202,41607.0
N12570,none,0,2.940909090909093,42003425000,46892.0
X04600,nearside,1,5.1568183,42003473100,108050.0
S70384,none,0,0.325,42003491200,97519.0
E40320,farside,1,61.2704545,42003561400,39788.0
S48440,none,0,25.06591,42003484600,35776.0
E71012,nearside,1,,42003521302,63524.0
S01070,farside,1,21.472727499999998,42003980800,
E57380,none,0,0.19772727499999998,42003524000,46610.0
E60095,farside,1,34.79545454545457,42003563900,71716.0
E05515,none,0,6.340909,42003111500,39331.0
W20170,none,0,4.184090909090912,42003471000,63500.0
E20650,nearside,1,10.493181700000001,42003130600,18879.0
E70336,none,0,0.9613635,42003523502,58854.0
N15025,none,0,23.80000125,42003563202,41607.0
N13840,none,0,7.55000015,42003430200,78718.0
S08170,farside,1,2.6113635,42003477200,79306.0
N52235,none,0,0.0,42003429202,115652.0
E13330,nearside,1,67.452275,42003562000,26604.0
E11620,none,0,52.79773,42003060300,91731.0
E02430,none,0,2.7704545454545437,42129802200,57557.0
N45780,none,0,127.86818199999999,42003262000,39618.0
N12520,nearside,1,70.62045454545456,42003425000,46892.0
W24690,none,0,8.004545454545452,42003458001,116080.0
S70106,none,0,0.36590909090909074,42003564500,64709.0
E05460,none,0,0.5477272727272727,42003521500,74800.0
E32748,none,0,52.22954634999999,42003562300,25792.0
S13380,none,0,0.0,42003488400,57584.0
S33270,none,0,12.977273,42003300100,47093.0
N18690,nearside,1,0.025,42003429100,73220.0
W10950,none,0,3.5954544999999998,42003563000,69327.0
N33710,none,0,14.434093200000001,42003980600,
X18841,nearside,1,18.593182249999998,42003190300,81953.0
N53510,none,0,185.956818,42003980000,
X03430,none,0,9.422725,42003320600,92143.0
S31220,none,0,6.281818275,42003484600,35776.0
E70002,nearside,1,9.3772725,42003020300,119233.0
E19750,none,0,18.4931815,42003010302,49375.0
W08254,none,0,8.611363500000001,42003470502,108600.0
W11681,nearside,1,2.5295454,42003470300,70385.0
E26500,none,0,11.306818,42003130800,23636.0
X08940,none,0,2.8045455999999995,42003180700,58811.0
S24340,nearside,1,33.068182775000004,42003489001,90781.0
E29030,none,0,66.702272,42003070600,85909.0
S17710,none,0,0.3545454545454545,42003550900,28767.0
S38350,none,0,2.8886363,42003481000,35640.0
S06500,none,0,2.661363636363635,42003480102,82396.0
X08861,none,0,1.5477275,42003470300,70385.0
W10970,none,0,1.18409115,42003563000,69327.0
E54580,nearside,1,27.279547,42003560400,49048.0
E10475,none,0,1.1045454545454545,42003517000,36138.0
N22590,nearside,1,9.411363636363633,42003419000,70569.0
S21420,none,0,5.220454545,42003488100,69375.0
W09620,none,0,2.27045454545455,42003460001,75598.0
S40020,none,0,0.62954545,42003477200,79306.0
E70038,none,0,4.2022728,42003525300,107583.0
N20560,nearside,1,0.3295454545454545,42003401200,46875.0
N24095,none,0,3.3477272727272718,42003425000,46892.0
S50263,none,0,2.711363636363634,42003564500,64709.0
E46190,nearside,1,51.47499955,42003090200,75521.0
N40230,none,0,16.075000000000024,42003563800,86929.0
E50030,none,0,1.43409085,42003526202,95438.0
E57960,none,0,0.98636365,42003130600,18879.0
E45780,nearside,1,39.106821000000004,42003060300,91731.0
W20140,nearside,1,9.659090909090914,42003471000,63500.0
E29040,none,0,21.9000018,42003110200,96803.0
W70141,none,0,6.311363549999999,42003459201,92292.0
S70174,none,0,5.252272727272725,42003486800,43125.0
N30300,nearside,1,101.47045454545456,42003431500,55938.0
S32150,none,0,2.74318205,42003488200,58125.0
E19910,none,0,1912.884125,42003140100,124444.0
E55580,none,0,1.6681819999999998,42003523800,67314.0
W03270,none,0,50.4795435,42003562600,40020.0
E50985,none,0,5.5204547900000005,42003560500,92056.0
E70446,none,0,19.2704543,42003523501,64219.0
E70992,none,0,18.834091,42003030500,36932.0
E20050,none,0,3.1750000000000016,42129802200,57557.0
N22220,none,0,6.89090909090909,42003420000,43333.0
N21470,nearside,1,0.19545454545454544,42003401300,80458.0
E35920,none,0,19.0999996,42003120300,26837.0
N49530,none,0,18.527273,42003271600,38719.0
S70105,none,0,0.09772727272727275,42003491200,97519.0
E25370,none,0,4.1977271499999995,42003151600,54917.0
E51040,none,0,130.6500005,42003564700,40433.0
S09400,none,0,45.9568187,42003290400,57500.0
N17430,none,0,105.81136140000001,42003563202,41607.0
W07340,none,0,1.2159090909090902,42003460002,90848.0
E55370,none,0,8.931818044999998,42003523800,67314.0
S02990,nearside,1,15.022727549999999,42003484300,48841.0
E13500,none,0,19.943182,42003030500,36932.0
E70786,none,0,11.465909,42003030500,36932.0
S42330,busway,0,33.043182095,42003320600,92143.0
N52280,none,0,0.05,42003429202,115652.0
E21120,none,0,5.30227275,42003523200,41647.0
E70967,none,0,0.022727275,42003521200,67813.0
E41910,none,0,32.0795435,42003111500,39331.0
X13771,none,0,9.1,42003191700,97069.0
N44670,none,0,5.002272799999999,42003417100,68284.0
E58380,none,0,6.104545454545455,42003521200,67813.0
E16110,nearside,1,16.329545600000003,42003141200,119044.0
E01140,nearside,1,310.15909000000005,42003040400,60329.0
S09200,none,0,158.27272999999997,42003481000,35640.0
S16250,nearside,1,136.19317955000002,42003170200,68611.0
N14790,none,0,5.402273,42003261400,44958.0
X12689,none,0,8.972727272727273,42003475101,92863.0
S40060,none,0,5.2772725,42003477200,79306.0
X04590,none,0,5.468182,42003473200,76625.0
N21460,none,0,0.23409090909090902,42003402000,49388.0
S21320,none,0,1.363636275,42003488200,58125.0
E27460,none,0,24.184090499999996,42003513000,31321.0
N14630,nearside,1,42.9409115,42003261500,46141.0
E46470,none,0,240.02726545000002,42003111500,39331.0
W70131,nearside,1,9.872727450000001,42003459201,92292.0
N22000,none,0,4.404545454545451,42003419000,70569.0
X08847,none,0,0.1659091,42003470300,70385.0
S00205,none,0,37.00908665,42003170600,50859.0
E70981,none,0,1.0113636449999999,42003562901,52679.0
E57620,none,0,5.16590915,42003140400,182287.0
X02520,farside,1,22.125001349999998,42003473601,127206.0
S27500,nearside,1,15.284092,42003485000,59242.0
S38460,none,0,2.13409075,42003488400,57584.0
E28880,farside,1,98.45,42003070600,85909.0
E32746,none,0,6.011363749999999,42003562300,25792.0
S33320,none,0,5.661363499999999,42003300100,47093.0
E44890,none,0,6.470454500000001,42003130600,18879.0
W16850,none,0,0.025,42003469000,86450.0
S70614,none,0,7.8045455,42003488600,83603.0
N39520,none,0,3.5999999999999983,42003435000,59611.0
E04930,nearside,1,16.722727,42003080400,62868.0
S10470,none,0,2.28636347,42003488500,58371.0
E13970,farside,1,35.702275,42003051000,16297.0
S09410,nearside,1,65.9272735,42003290100,41175.0
E58370,nearside,1,5.759090649999999,42003520001,68304.0
E04150,nearside,1,91.28863636363636,42003563900,71716.0
E19480,nearside,1,49.802273,42003010302,49375.0
W00470,nearside,1,11.3249995,42003451102,86040.0
N40000,none,0,3.5590909090909095,42003431100,60559.0
S09380,none,0,3.2136362999999997,42003477200,79306.0
E30490,nearside,1,3.777272727272728,42003521500,74800.0
E38040,none,0,8.447727272727276,42003510000,35483.0
P00390,nearside,1,330.4431885,42003020100,90726.0
N35890,none,0,0.3681818,42003426300,94917.0
E14135,none,0,4.2681817749999995,42003523100,58471.0
W25390,nearside,1,5.8500003,42003470300,70385.0
E70899,none,0,8.64318181818182,42003513800,27212.0
E32742,none,0,16.5045459,42003562300,25792.0
N33220,none,0,68.252275,42003250900,38438.0
S00900,nearside,1,18.7454543,42003980800,
N41020,none,0,5.9136363636363605,42003413400,121510.0
S70635,none,0,36.575,42003486700,39662.0
E15960,nearside,1,127.5340885,42003120900,21087.0
E25100,none,0,9.2818182,42003151700,66467.0
E41230,nearside,1,262.565909,42003140800,88922.0
S14320,none,0,27.0181818181818,42003492900,44038.0
N15130,none,0,12.172727272727295,42003434000,97175.0
X02260,none,0,1.1113636,42003470400,110357.0
S16400,none,0,5.2545451,42003980700,77411.0
S23720,nearside,1,21.015908825,42003477300,60125.0
S70329,none,0,1.7181818181818187,42003499400,47202.0
N03630,nearside,1,11.574999749999998,42003403500,41466.0
E56034,none,0,,42003564800,33883.0
X19440,nearside,1,45.1477285,42003473100,108050.0
N21120,nearside,1,1.825000000000002,42003404000,63000.0
S70558,none,0,22.6795435,42003477300,60125.0
S39900,nearside,1,3.5704545,42003477200,79306.0
W20950,nearside,1,8.0,42003562600,40020.0
N08660,none,0,3.8249997999999996,42003445500,77454.0
X02680,farside,1,10.790907275,42003473602,104864.0
E17293,busway,0,752.16136045,42003515100,47052.0
E28640,none,0,14.595454499999999,42003151700,66467.0
W70059,busway,0,2.6318181818181796,42003562800,56382.0
N52250,none,0,0.045454545,42003429202,115652.0
S04670,none,0,51.11590700000001,42003161000,55700.0
N21450,none,0,0.04772727272727275,42003401300,80458.0
E52980,none,0,4.9068185,42003101800,81406.0
N32670,none,0,20.429547999999997,42003261300,48500.0
N35740,none,0,1.0795455,42003426300,94917.0
E58030,none,0,2.481818045,42003561900,22770.0
N70158,nearside,1,3.2522725,42003403500,41466.0
E70244,none,0,79.711365,42003060300,91731.0
E59630,none,0,10.052272625,42003515100,47052.0
S24190,nearside,1,12.688636363636364,42003480200,83942.0
S18340,none,0,,42003161000,55700.0
N38480,nearside,1,435.459088,42003562700,59634.0
E41865,nearside,1,29.6,42003070600,85909.0
E38322,none,0,19.981818181818188,42003521200,67813.0
E09580,none,0,0.188636345,42003060500,62841.0
N12930,none,0,1.090909275,42003565200,59229.0
E15730,none,0,459.53635999999995,42003040400,60329.0
E70827,none,0,0.484090909090909,42129802200,57557.0
N33540,none,0,2.7704545454545437,42007604100,41957.0
S33960,none,0,23.095453000000003,42003488200,58125.0
E48845,none,0,31.806817499999998,42003040200,22667.0
E34140,none,0,8.47045445,42003561400,39788.0
N41060,none,0,0.49545454545454565,42003413400,121510.0
W16830,none,0,2.4977275,42003562800,56382.0
X15250,none,0,4.622727499999999,42003320600,92143.0
E42960,none,0,2.184091,42003130800,23636.0
E21362,none,0,10.76363655,42003523300,74740.0
S35600,none,0,0.427272745,42003180300,42029.0
N13150,none,0,24.5431825,42003270300,59398.0
N45670,none,0,100.4227135,42003262000,39618.0
E07660,farside,1,11.811363499999999,42003060500,62841.0
S24525,nearside,1,15.390909090909094,42003478100,55729.0
W24450,none,0,33.59545454545457,42003468900,53765.0
W10615,none,0,3.02954535,42003462100,54458.0
S35490,none,0,2.2386362749999997,42003170600,50859.0
N71351,farside,1,,42003413300,105893.0
W03590,none,0,12.402273,42003563000,69327.0
X19970,none,0,24.743181999999997,42003191900,64000.0
E10900,nearside,1,76.49772775,42003562300,25792.0
W20890,none,0,0.12045454500000001,42003459102,111250.0
E58400,none,0,6.099999999999999,42003521200,67813.0
E41250,nearside,1,161.540913,42003151700,66467.0
E41400,none,0,0.62272725,42003140300,142738.0
N05410,none,0,0.022727275,42003429201,121620.0
E70025,none,0,14.720453650000001,42003525300,107583.0
X01870,none,0,10.077273199999999,42003191500,77155.0
E00270,none,0,18.13409075,42003020300,119233.0
E70761,none,0,0.07272727500000001,42003101400,83796.0
N20520,none,0,2.722727272727273,42003404000,63000.0
N08735,none,0,1.3113636363636365,42003446000,208333.0
X01590,nearside,1,12.6295465,42003473100,108050.0
S17655,none,0,21.6886385,42003562400,43371.0
N12910,nearside,1,21.9500015,42003980900,
S25099,nearside,1,3.547727275,42003488600,83603.0
N45840,none,0,0.6931818,42003241300,70218.0
W70084,none,0,10.34772675,42003562500,42292.0
S70361,none,0,2.547727272727274,42003551900,14063.0
E33870,none,0,2.0704547,42003523200,41647.0
S70399,none,0,14.268181818181827,42003491200,97519.0
X08960,none,0,8.670454775,42003180700,58811.0
E27420,none,0,75.95909,42003513000,31321.0
W70120,none,0,45.03409090909092,42003464400,17118.0
E58560,farside,1,13.715909045,42003520001,68304.0
S48820,none,0,12.954545249999999,42003484300,48841.0
S11350,none,0,16.263634,42003562400,43371.0
N31530,nearside,1,25.077272999999998,42003424000,44571.0
W17080,none,0,5.4522729,42003563100,64800.0
N54810,none,0,13.125,42003270100,61481.0
N71268,none,0,4.4113638,42003421100,133283.0
N35670,none,0,6.243181999999999,42003426400,85435.0
E09820,none,0,5.86590905,42003512000,45971.0
N04310,none,0,1.10909090909091,42003402000,49388.0
E58140,none,0,17.3113635,42003151700,66467.0
W22730,none,0,17.0000023,42003459201,92292.0
N20160,none,0,3.1068181818181833,42003431400,68273.0
E55498,none,0,33.75,42003523200,41647.0
N50630,none,0,1.2568181999999999,42003563202,41607.0
E30440,none,0,0.3136363636363635,42003521500,74800.0
S70396,none,0,14.1454545,42003489001,90781.0
W07280,none,0,2.8886363636363654,42003460001,75598.0
S23110,none,0,4.6204543,42003488400,57584.0
P01875,none,0,680.8227215,42003020100,90726.0
E17330,none,0,9.27954545,42003130600,18879.0
E48646,none,0,3.393182,42003030500,36932.0
W16400,none,0,3.09318195,42003562800,56382.0
E17305,busway,0,696.1568402500001,42003070500,68957.0
S19330,none,0,6.1727275,42003562400,43371.0
E13580,nearside,1,58.85,42003050100,30036.0
E25339,none,0,0.265909075,42003151600,54917.0
S27390,nearside,1,21.5454528,42003488200,58125.0
N32790,nearside,1,26.234089349999998,42003429500,56602.0
S25600,nearside,1,7.1499999999999995,42003562901,52679.0
W22670,none,0,0.42727275,42003459201,92292.0
E14480,none,0,12.602271,42003564700,40433.0
S70314,none,0,0.5545454545454545,42003491200,97519.0
E19470,farside,1,273.818176,42003010302,49375.0
S19320,none,0,1.3840909000000001,42003562400,43371.0
N10850,none,0,92.186363,42003261500,46141.0
E70144,nearside,1,76.143181,42003080400,62868.0
S46980,none,0,0.375,42003552400,35331.0
N71263,nearside,1,2.5727272727272714,42003260200,56696.0
E55490,none,0,0.968181795,42003523800,67314.0
N10953,nearside,1,3.0681819999999997,42003445500,77454.0
N32330,none,0,1.4840909999999998,42003429201,121620.0
E51580,none,0,5.1431819999999995,42003140300,142738.0
E54160,nearside,1,14.415909,42003040200,22667.0
E07190,none,0,12.338636363636365,42003510000,35483.0
E41200,nearside,1,311.331811,42003141300,46530.0
N71209,none,0,11.6477275,42003421100,133283.0
N22117,farside,1,,42003423000,107738.0
P04003,nearside,1,,42003020100,90726.0
E29105,none,0,50.7704545,42003070600,85909.0
E37290,none,0,9.9636363,42003523400,57966.0
N45850,none,0,1.8954545454545477,42003241300,70218.0
E48644,none,0,7.913636500000001,42003030500,36932.0
N20770,nearside,1,19.575000000000003,42003423000,107738.0
E40370,none,0,6.749999795000001,42003561400,39788.0
W17130,none,0,10.96818205,42003563100,64800.0
N53753,none,0,8.825,42003980600,
N26842,none,0,0.0,42003525300,107583.0
N30310,nearside,1,211.33636363636364,42003431100,60559.0
S08620,none,0,3.311363636363636,42003480101,51631.0
N53597,none,0,30.23182,42003430200,78718.0
X03410,nearside,1,100.29772949999999,42003191900,64000.0
S39810,none,0,1.922727275,42003477300,60125.0
W26280,none,0,14.81590909090909,42003464300,67879.0
N45905,none,0,2.7568183,42003562700,59634.0
S70619,none,0,3.047727272727275,42003551200,29279.0
E06940,none,0,0.375,42003051100,20441.0
N37000,none,0,0.11818182,42003428200,75795.0
E70987,none,0,0.07272727500000001,42003562901,52679.0
E70764,none,0,8.3000004,42003514000,29107.0
W00660,none,0,5.079545454545453,42003450800,57746.0
E70794,none,0,47.83636,42003050100,30036.0
E30375,none,0,85.53409180000001,42003526302,87029.0
N32720,nearside,1,6.89090885,42003429201,121620.0
W70039,none,0,9.245454500000001,42003462100,54458.0
S25460,nearside,1,4.038636599999999,42003310200,79600.0
E70842,none,0,0.8750000000000001,42003562300,25792.0
S70389,none,0,0.0,42003488600,83603.0
E56370,none,0,0.0,42003120900,21087.0
E20960,none,0,1.87045475,42003523200,41647.0
W21940,none,0,15.4636365,42003562600,40020.0
W02740,none,0,27.209092499999997,42003462600,46935.0
E06040,farside,1,3.0931819999999997,42003140800,88922.0
S28190,none,0,1.2568181818181818,42003487000,43208.0
E09290,none,0,6.361363636363638,42003513800,27212.0
W24745,nearside,1,11.724999999999998,42003458001,116080.0
S16270,nearside,1,208.83181770000002,42003160900,92593.0
E42250,none,0,33.245456090000005,42003515100,47052.0
W08036,nearside,1,142.45907749999998,42003470501,96204.0
S05490,none,0,3.8977274,42003300100,47093.0
N04650,none,0,0.30000000000000004,42003565100,57621.0
W14540,none,0,2.7022726500000003,42003281400,37533.0
N24140,none,0,7.365909090909087,42003425000,46892.0
N35930,none,0,0.47727274500000005,42003426300,94917.0
E49300,nearside,1,35.9590922,42003151700,66467.0
N20710,nearside,1,19.61136363636362,42003420000,43333.0
S70524,none,0,3.331818181818183,42003480300,69286.0
E41140,nearside,1,190.95455,42003141300,46530.0
E41350,none,0,46.799999500000006,42003141400,101767.0
W20160,none,0,12.359090909090906,42003471000,63500.0
S16700,none,0,33.597725,42003170200,68611.0
E50180,nearside,1,3.8636361999999997,42003523501,64219.0
E70326,none,0,0.1,42003523300,74740.0
X20000,nearside,1,5.5659089999999996,42003191600,60109.0
S04260,nearside,1,70.85909000000001,42003170600,50859.0
S14950,none,0,3.5454545,42003488200,58125.0
X01995,none,0,7.1045452749999995,42003191500,77155.0
S04730,none,0,6.090908949999999,42003170600,50859.0
E12340,nearside,1,27.470456,42003981000,
S48840,none,0,21.745455800000002,42003485000,59242.0
N10948,none,0,0.9431818249999999,42003445500,77454.0
E45880,nearside,1,206.2795478,42003111500,39331.0
X01600,nearside,1,8.745454500000001,42003473100,108050.0
E23470,none,0,24.45682,42003080700,45324.0
P01330,nearside,1,303.2704565,42003020100,90726.0
E30260,none,0,4.777272727272729,42003516100,92069.0
X02630,none,0,11.279545545,42003473200,76625.0
E17325,none,0,2.99318185,42003130600,18879.0
S31490,none,0,12.136363600000001,42003484600,35776.0
E55190,none,0,0.64772725,42003523600,64545.0
N22400,nearside,1,9.679545454545458,42003419000,70569.0
N14030,none,0,6.561363999999999,42003430100,71136.0
E05220,none,0,1.69090905,42003141300,46530.0
E48370,none,0,4.4931818,42003564700,40433.0
E70810,none,0,20.0590885,42003110200,96803.0
E59610,nearside,1,21.8500008,42003515100,47052.0
E29860,none,0,9.915909000000001,42003130200,41667.0
E52770,none,0,6.11136345,42003101800,81406.0
N12955,none,0,19.734089,42003565200,59229.0
W13300,none,0,5.063636363636363,42003460001,75598.0
N43500,none,0,36.136365,42003261500,46141.0
N21330,farside,1,7.5659096,42003417200,51477.0
N53290,none,0,13.9863635,42003250900,38438.0
N35950,none,0,4.709091150000001,42003426400,85435.0
S02830,nearside,1,61.597727272727234,42003483800,29306.0
E71005,nearside,1,,42003521302,63524.0
E45325,none,0,4.965909175,42003141200,119044.0
E03000,none,0,1.5681817999999998,42003509400,42344.0
E13690,nearside,1,204.17954500000002,42003111500,39331.0
E55090,none,0,0.0,42003523502,58854.0
X17737,none,0,6.9477269999999995,42003191500,77155.0
N21050,none,0,13.849999999999998,42003423000,107738.0
N08290,none,0,0.4863636363636362,42003448000,65417.0
W16010,nearside,1,8.704545454545455,42003465600,60921.0
X02360,none,0,0.04772727272727275,42003457200,53472.0
W03260,none,0,12.654545454545445,42003463900,46183.0
S20000,none,0,2.6545454545454525,42003551200,29279.0
E70027,none,0,12.5818159,42003525200,65464.0
E20060,nearside,1,12.784090999999998,42003140800,88922.0
S16520,nearside,1,9.72045465,42003980700,77411.0
E38030,none,0,7.927272727272728,42003510000,35483.0
N39500,nearside,1,16.188636363636373,42003435000,59611.0
N31710,nearside,1,13.840909,42003424000,44571.0
W16340,none,0,30.102273000000004,42003563100,64800.0
W70158,nearside,1,3.28409115,42003562500,42292.0
E10270,none,0,0.981818181818182,42003518001,87114.0
W13200,none,0,5.1999999500000005,42003462600,46935.0
W08079,none,0,16.37954545454546,42003469000,86450.0
S70300,nearside,1,6.481818,42003504100,39891.0
E32321,none,0,0.165909090909091,42003521200,67813.0
N43630,none,0,27.370452999999998,42003261400,44958.0
E41830,none,0,46.51364,42003111300,62250.0
N71192,nearside,1,97.06135805000001,42003562700,59634.0
S70387,none,0,0.12272727272727274,42003491200,97519.0
E32277,none,0,5.3045455,42003509400,42344.0
S42410,busway,0,4.318181845,42003320600,92143.0
N10755,nearside,1,79.654545,42003271600,38719.0
W11728,none,0,0.0,42003470300,70385.0
X07000,none,0,7.0659089999999996,42003191100,79133.0
S26990,none,0,5.734090950000001,42003160800,54138.0
W16640,none,0,2.975,42003470502,108600.0
N21100,none,0,4.1568183,42003424000,44571.0
S46390,none,0,3.6568181818181795,42003551200,29279.0
E01260,nearside,1,81.36136335,42003070600,85909.0
W10630,nearside,1,15.7840905,42003462100,54458.0
E33100,none,0,23.463634374999998,42003560400,49048.0
S33300,none,0,3.2136365999999996,42003300100,47093.0
N71336,none,0,1.047727272727275,42003435000,59611.0
E38070,nearside,1,131.0181815,42003090300,68289.0
E07800,none,0,4.165909000000001,42003060500,62841.0
X04690,none,0,7.115909,42003473601,127206.0
E70975,none,0,23.36818365,42003140100,124444.0
S70597,none,0,15.76136363636364,42003551200,29279.0
S11470,none,0,1.75681818181818,42003480102,82396.0
N08420,none,0,6.681818181818179,42003448000,65417.0
E13450,none,0,115.38636,42003050100,30036.0
N20640,none,0,1.034090909090909,42003401100,76667.0
W21450,none,0,8.702272727272726,42003465600,60921.0
E38160,none,0,0.0,42003523502,58854.0
E20370,nearside,1,18.040909,42003130200,41667.0
W23098,none,0,3.313636275,42003453004,93740.0
E13640,nearside,1,5.24772725,42003080400,62868.0
E70277,none,0,20.990907500000002,42003561400,39788.0
E03020,none,0,4.395454775,42003508000,36161.0
E29055,nearside,1,126.481815,42003111500,39331.0
N43450,none,0,59.73863675,42003565100,57621.0
E55050,none,0,3.0295455,42003523600,64545.0
N05400,none,0,0.0,42003429201,121620.0
S13874,nearside,1,11.679545449999999,42003489002,82482.0
E01420,nearside,1,484.568164275,42003140100,124444.0
S21710,none,0,30.090911450000004,42003191500,77155.0
E52460,nearside,1,11.761364075,42003564700,40433.0
E53830,nearside,1,12.863636000000001,42003564700,40433.0
W08460,none,0,2.786363636363638,42003460002,90848.0
E06180,none,0,0.7613636500000001,42003151700,66467.0
E32302,none,0,2.1681817,42003509400,42344.0
N31360,none,0,22.202272500000003,42003241300,70218.0
E70445,none,0,4.4386365,42003523502,58854.0
E70979,none,0,33.91591,42003521301,75233.0
W23189,none,0,13.4840891,42003470300,70385.0
P02325,nearside,1,2465.697758145,42003020100,90726.0
W08073,farside,1,19.73181818181819,42003469000,86450.0
S02715,nearside,1,23.19999825,42003484300,48841.0
N31800,none,0,19.679546799999997,42003565200,59229.0
S49310,none,0,,42003552200,50000.0
S01140,none,0,6.5568185,42003562300,25792.0
E47720,none,0,7.293182000000001,42003141300,46530.0
N39880,none,0,8.61590909090909,42003435000,59611.0
E13180,nearside,1,239.7249995,42003070900,49421.0
W08586,none,0,0.668181818181818,42003460001,75598.0
W08800,none,0,1.034090909090911,42003460001,75598.0
E36435,none,0,0.334090895,42003564400,56333.0
N32740,none,0,2.13863635,42003429100,73220.0
N14940,none,0,6.4886363,42003563202,41607.0
E25353,none,0,28.077271000000003,42003151600,54917.0
S48700,none,0,10.259090545,42003485000,59242.0
N37160,none,0,0.6318182,42003428100,79500.0
E01710,nearside,1,1508.14319755,42003982200,
E09870,none,0,8.184091,42003512000,45971.0
E45640,nearside,1,69.68636500000001,42003981000,
W16570,none,0,3.6522724999999996,42003469000,86450.0
E70980,none,0,17.070455000000003,42003508000,36161.0
W22700,none,0,1.4522726499999998,42003459201,92292.0
N70105,nearside,1,0.22045454545454546,42003401100,76667.0
X01905,none,0,5.806818399999999,42003191500,77155.0
E50570,none,0,0.725,42003523702,55532.0
W24260,nearside,1,11.35,42003468700,69444.0
W08086,none,0,31.077272727272717,42003469000,86450.0
E70419,none,0,3.2113635,42003120900,21087.0
N71353,nearside,1,,42003413300,105893.0
E10080,none,0,12.890909090909075,42003517000,36138.0
N41160,none,0,0.32272727272727275,42003413400,121510.0
S17690,none,0,0.7886363636363636,42003550900,28767.0
E56220,none,0,4.8568184,42003561900,22770.0
W18290,none,0,3.03636375,42003562800,56382.0
N71218,farside,1,74.32727272727274,42003431500,55938.0
S45470,none,0,7.577272499999999,42003488400,57584.0
E17309,busway,0,76.62272801,42003070500,68957.0
E42131,nearside,1,93.96591,42003562000,26604.0
E15520,none,0,2.734090909090905,42003513800,27212.0
P03660,farside,1,1075.945475,42003020100,90726.0
E45710,nearside,1,61.5522725,42003101900,60457.0
E70298,none,0,18.265909,42003050600,42951.0
N21240,none,0,6.0249999999999995,42003417200,51477.0
E51037,none,0,9.286363674999999,42003560500,92056.0
E43040,none,0,0.09318182000000001,42003561900,22770.0
W70113,none,0,9.46136365,42003202200,53521.0
E52630,none,0,4.0590910000000004,42003100500,62411.0
S70226,none,0,3.5613637,42003488500,58371.0
X18577,none,0,0.28409090000000004,42003470400,110357.0
X18790,none,0,5.0795456,42003190300,81953.0
E70428,nearside,1,32.809091,42003120900,21087.0
E32850,none,0,10.8295455,42003513000,31321.0
E70266,nearside,1,19.1318195,42003130600,18879.0
E70875,none,0,2.32727275,42003504100,39891.0
N54620,none,0,6.425,42003271600,38719.0
N04200,none,0,2.4431818,42003403500,41466.0
E70345,none,0,0.04545455,42003523702,55532.0
X00610,nearside,1,5.39545475,42003202300,70295.0
S11285,none,0,0.2636363636363635,42003480102,82396.0
W04320,none,0,1.3545454545454545,42003460002,90848.0
E35330,nearside,1,17.4477275,42003090300,68289.0
E71025,nearside,1,,42003521301,75233.0
S35234,none,0,12.290909045000001,42003488600,83603.0
W13350,none,0,40.299997499999996,42003462100,54458.0
N21630,none,0,3.236363636363637,42003419000,70569.0
E52960,none,0,28.9931795,42003101800,81406.0
N13805,none,0,5.3886365000000005,42003429600,77953.0
S46190,nearside,1,4.731818181818181,42003551200,29279.0
N07750,none,0,14.831820500000001,42003445500,77454.0
N40120,none,0,2.2863636363636366,42003434000,97175.0
W22310,none,0,26.190908,42003459201,92292.0
W24270,farside,1,22.48409090909093,42003468700,69444.0
S40050,none,0,4.859090699999999,42003477200,79306.0
S27350,none,0,9.436363636363637,42003486800,43125.0
S23550,none,0,0.9636363636363634,42003491101,141420.0
W13420,none,0,2.429545275,42003462100,54458.0
S42450,busway,0,26.749999045000003,42003320700,73314.0
E36145,nearside,1,14.990909090909092,42003507000,60988.0
N44060,none,0,2.1727272,42003980400,
E70157,none,0,4.329545454545457,42003516200,96481.0
E11540,none,0,8.0340905,42003060300,91731.0
E29000,none,0,58.872726500000006,42003111300,62250.0
W18010,none,0,7.4681820000000005,42003563100,64800.0
N04560,nearside,1,0.11590910000000001,42003565200,59229.0
W11732,none,0,1.384091,42003470300,70385.0
N71217,none,0,38.729545,42003980600,
W25430,none,0,130.18409090909108,42003458001,116080.0
E70956,none,0,9.152272499999999,42003141200,119044.0
N21180,none,0,14.10000025,42003421100,133283.0
N44840,none,0,16.4272705,42003417100,68284.0
W21620,nearside,1,63.90682199999999,42003562600,40020.0
E05280,none,0,30.947727774999997,42003141300,46530.0
E36130,nearside,1,22.002272727272707,42003507000,60988.0
S48670,none,0,5.12272705,42003485000,59242.0
E28730,none,0,3.0636365,42003060500,62841.0
E35000,nearside,1,14.8045455,42003020300,119233.0
N41790,none,0,16.89090775,42003565200,59229.0
N14900,none,0,3.9636365000000002,42003565200,59229.0
N71344,none,0,3.1818182,42003271600,38719.0
E27510,none,0,2.71590905,42003513000,31321.0
E38100,none,0,0.57727275,42003523502,58854.0
S40455,none,0,19.8113636,42003488600,83603.0
E45602,none,0,44.1704546,42003060300,91731.0
W04070,none,0,2.13636355,42003202200,53521.0
E05300,none,0,0.21136363636363648,42003521500,74800.0
E09100,none,0,27.997726550000003,42003515401,79297.0
N13020,none,0,22.422727272727293,42003432300,46994.0
E20620,none,0,7.774999999999999,42003130600,18879.0
N08450,none,0,2.0749999000000003,42003445500,77454.0
E51400,nearside,1,9.5,42003140300,142738.0
N22065,none,0,7.618181845,42003980000,
N02030,none,0,16.5636362,42003403500,41466.0
N06760,none,0,0.16363634999999999,42003429100,73220.0
X08843,none,0,16.5409095,42003470300,70385.0
N17640,none,0,51.168183375,42003563202,41607.0
E25366,none,0,2.7704547,42003151700,66467.0
E17560,none,0,15.99090935,42003515200,57487.0
E42020,nearside,1,17.31590895,42003111400,62315.0
W17250,nearside,1,16.368183,42003469000,86450.0
S46820,none,0,0.02272727272727275,42003552100,22668.0
S48785,none,0,17.0045478,42003485000,59242.0
E30045,none,0,0.0,42003523702,55532.0
S05390,none,0,5.049999775,42003477100,96005.0
N14740,none,0,8.254546,42003261400,44958.0
N19530,none,0,0.290909090909091,42003413400,121510.0
E52910,none,0,2.2840909,42003101800,81406.0
S70315,none,0,5.572727272727275,42003491200,97519.0
W10380,nearside,1,1.138636363636365,42003464400,17118.0
S09790,none,0,39.3045453,42003290100,41175.0
S16430,none,0,15.775001500000002,42003170200,68611.0
E45150,none,0,3.9340907499999997,42003120300,26837.0
E54410,nearside,1,19.0,42003141400,101767.0
E10440,none,0,2.488636363636366,42003518001,87114.0
E37260,nearside,1,6.5795455,42003523400,57966.0
E41781,none,0,13.693182,42003070300,78602.0
W10390,none,0,7.3386365,42003462100,54458.0
S27280,none,0,7.397727272727272,42003486800,43125.0
E48205,none,0,12.040909,42003514000,29107.0
N71309,none,0,0.361363645,42003427200,56912.0
W24160,none,0,5.05681825,42003470600,64171.0
E55570,none,0,7.238636249999999,42003523800,67314.0
X70073,farside,1,35.477270499999996,42003473300,127255.0
E19420,none,0,2.80909085,42003141200,119044.0
W21800,none,0,17.6863636,42003562600,40020.0
N15040,none,0,6.1818183499999995,42003241300,70218.0
S70192,none,0,0.45227269999999997,42003488200,58125.0
E19440,none,0,58.4,42003010302,49375.0
S70266,none,0,103.52727272727275,42003478100,55729.0
W00790,none,0,23.7113625,42003202200,53521.0
E08170,none,0,0.095454545,42003010302,49375.0
E17770,none,0,24.165909090909093,42003516100,92069.0
N22445,nearside,1,28.465909090909115,42003419000,70569.0
E26610,none,0,9.05454525,42003130700,30518.0
W10290,none,0,9.725,42003464400,17118.0
S31660,none,0,15.38409045,42003484600,35776.0
S05330,none,0,1.406818,42003477100,96005.0
N31750,none,0,4.92954535,42003424000,44571.0
W00800,none,0,10.0204545,42003202200,53521.0
N49510,none,0,9.115909,42003270300,59398.0
E09810,none,0,8.8272725,42003512000,45971.0
W10310,none,0,11.881818181818181,42003464400,17118.0
E35520,none,0,39.731815,42003020300,119233.0
E34890,nearside,1,77.7227255,42003020300,119233.0
S00770,nearside,1,50.6181805,42003562300,25792.0
E09010,none,0,5.8727273,42003509400,42344.0
N05390,none,0,0.0,42003429201,121620.0
S23965,none,0,4.850000099999999,42003489001,90781.0
N21910,none,0,8.5386361,42003421100,133283.0
S34270,none,0,3.793182,42003565300,51008.0
E55180,none,0,2.2181817749999997,42003523600,64545.0
N10490,none,0,27.759089,42003270800,88490.0
X70015,none,0,7.811363636363635,42003457200,53472.0
E32370,none,0,47.4704553,42003101400,83796.0
W07610,none,0,6.897727,42003461000,54286.0
W00870,none,0,21.679545,42003202200,53521.0
S28220,farside,1,0.365909095,42003488500,58371.0
S14744,none,0,8.449999999999998,42003486700,39662.0
E70261,none,0,0.1431818,42003523100,58471.0
S33110,none,0,0.6909090909090909,42003551200,29279.0
E70869,none,0,24.856820000000003,42003051100,20441.0
N24290,none,0,11.929545454545437,42003431100,60559.0
N32940,none,0,3.8931820249999998,42003429500,56602.0
E39610,none,0,44.71818335,42003515401,79297.0
E42132,farside,1,112.827275,42003080400,62868.0
S00730,nearside,1,7.9431817,42003980800,
S05270,none,0,5.0045455,42003477100,96005.0
N32400,none,0,20.7636383,42003429500,56602.0
N36560,none,0,1.011363625,42003426300,94917.0
E54610,none,0,37.640907500000004,42003560400,49048.0
S39670,none,0,4.99090885,42003477300,60125.0
E45940,nearside,1,27.65909,42003101900,60457.0
E70797,none,0,2.6136365,42003050100,30036.0
S44980,none,0,28.347727999999996,42003481000,35640.0
N71256,none,0,3.0204545454545424,42003413400,121510.0
S16160,nearside,1,98.2568125,42003170200,68611.0
N70010,nearside,1,4.643181818181817,42003431100,60559.0
N41780,none,0,17.624997795,42003565200,59229.0
N05990,none,0,30.1409068,42003562700,59634.0
X03110,none,0,86.17045700000001,42003191900,64000.0
S50255,none,0,2.28409090909091,42003491200,97519.0
W03830,nearside,1,222.56818181818184,42003464400,17118.0
N08840,none,0,5.38181818181818,42003448000,65417.0
S23620,none,0,16.431818545000002,42003489001,90781.0
S35229,none,0,50.66590645,42003488600,83603.0
E39909,none,0,,42003521200,67813.0
W03640,none,0,11.363636,42003563000,69327.0
E70901,none,0,10.59090909090909,42003513800,27212.0
N33560,none,0,6.945454545454548,42007604100,41957.0
E13385,nearside,1,398.94545500000004,42003030500,36932.0
N31410,none,0,25.2181815,42003424000,44571.0
S47320,none,0,0.95227275,42003501000,41382.0
W08590,none,0,3.502272727272728,42003460001,75598.0
N35920,none,0,8.075,42003426300,94917.0
N26856,none,0,0.0,42003525300,107583.0
W70171,none,0,8.729545454545455,42003463900,46183.0
X02150,nearside,1,1.1954544999999999,42003470300,70385.0
W14490,none,0,8.897727399999999,42003202200,53521.0
E51540,none,0,4.865909,42003140200,62593.0
N32780,nearside,1,75.11136604999999,42003429500,56602.0
E52735,none,0,5.449999775,42003101100,76000.0
E36350,none,0,0.0,42003507000,60988.0
N53670,nearside,1,1.459090925,42003562700,59634.0
N44990,none,0,7.8886363636363654,42003418000,70132.0
X04520,nearside,1,7.7954546,42003473601,127206.0
E41240,nearside,1,264.19091000000003,42003141300,46530.0
E04740,none,0,9.702273000000002,42003513000,31321.0
E70937,none,0,27.9522725,42003030500,36932.0
N50550,none,0,0.0,42003428200,75795.0
E56000,none,0,10.0613639,42003564800,33883.0
S02840,nearside,1,85.06818181818184,42003483800,29306.0
N47170,none,0,0.5613636363636365,42003413500,74259.0
S70019,none,0,0.31363635,42003501000,41382.0
E57460,none,0,40.1204519,42003140400,182287.0
E35380,none,0,28.306817499999998,42003080600,63192.0
P00220,none,0,12.815909699999999,42003010301,
N41750,nearside,1,29.62272775,42003565200,59229.0
N50580,none,0,3.2772726999999997,42003241300,70218.0
E52640,none,0,1.143182045,42003101100,76000.0
S00001,none,0,,42003161000,55700.0
W19485,none,0,41.4068206,42003459201,92292.0
E08050,nearside,1,4.4886363000000005,42003111300,62250.0
E70302,none,0,26.625,42003051000,16297.0
N36360,none,0,1.5977275,42003426400,85435.0
N01920,none,0,16.4590907,42003403500,41466.0
S21620,none,0,1.9022725,42003488200,58125.0
S70559,none,0,23.779547,42003477300,60125.0
N13740,none,0,5.2204545,42003430200,78718.0
X17670,none,0,2.98636385,42003191500,77155.0
N13780,none,0,2.5727271500000004,42003430200,78718.0
E10670,nearside,1,40.3840909090909,42003521302,63524.0
E11670,none,0,39.9863635,42003090100,81681.0
S24495,none,0,5.8749998,42003489001,90781.0
N71347,nearside,1,,42003429400,89083.0
N14332,none,0,3.4454547,42003430200,78718.0
N19675,none,0,0.43863636363636377,42003414200,127093.0
E70936,nearside,1,20.175000000000026,42003513800,27212.0
S30810,nearside,1,263.1772727272726,42003551900,14063.0
E34150,none,0,10.575002275,42003561400,39788.0
E38355,none,0,8.529545454545454,42003521200,67813.0
E70892,none,0,6.7363641,42003509400,42344.0
X13740,none,0,13.1227291,42003191900,64000.0
X18580,none,0,2.7204546,42003470300,70385.0
X01580,nearside,1,7.1113638,42003473100,108050.0
X09330,none,0,10.334090775,42003190300,81953.0
N50280,none,0,9.8636362,42003262000,39618.0
E52700,none,0,25.4704524,42003101400,83796.0
N52240,none,0,0.5409091,42003429202,115652.0
E55610,none,0,7.652272545,42003523800,67314.0
S01040,none,0,3.1659089999999996,42003562300,25792.0
X02540,none,0,1.2340909090909098,42003457200,53472.0
E11570,none,0,11.7568185,42003060300,91731.0
E46230,none,0,16.8227277,42003561500,42461.0
E36310,none,0,0.279545445,42003564400,56333.0
E15970,nearside,1,8.2818181,42003120900,21087.0
E70236,nearside,1,42.31818249999999,42003120900,21087.0
W70082,none,0,7.743181818181821,42003460002,90848.0
N19600,none,0,3.0818181818181847,42003413400,121510.0
E35890,nearside,1,23.88181845,42003120900,21087.0
S02500,nearside,1,2.52727272727273,42003492800,36250.0
E25340,none,0,11.895454500000001,42003151700,66467.0
S70628,none,0,2.1704545454545467,42003551900,14063.0
E12430,none,0,0.5499999999999999,42003523100,58471.0
N05470,none,0,0.30227275,42003429201,121620.0
E23590,nearside,1,25.547727000000002,42003090300,68289.0
E45310,none,0,21.5636364,42003141200,119044.0
S40090,none,0,0.25454545,42003477200,79306.0
E00500,none,0,36.222726275,42003060300,91731.0
E45960,none,0,23.079545,42003111400,62315.0
E49622,none,0,0.022727275,42003526202,95438.0
N35530,none,0,110.06591200000001,42003261300,48500.0
N12685,farside,1,8.0704545,42003270100,61481.0
W26185,busway,0,440.50457,42003562500,42292.0
X13570,none,0,13.504544545,42003191700,97069.0
E35130,none,0,18.265909999999998,42003060300,91731.0
E13780,none,0,139.254545,42003070900,49421.0
N35540,none,0,30.715909099999998,42003261300,48500.0
N71270,none,0,4.1295455,42003421100,133283.0
X03030,nearside,1,61.665907000000004,42003191900,64000.0
E70297,none,0,1.968182,42003050600,42951.0
S34190,none,0,12.065909399999999,42003310200,79600.0
N14250,none,0,4.18409090909091,42003435000,59611.0
W08490,none,0,13.915909090909093,42003460002,90848.0
N36730,none,0,1.4068182,42003426400,85435.0
W03310,nearside,1,10.6090911,42003281400,37533.0
E70034,none,0,8.60909085,42003525200,65464.0
S09530,nearside,1,143.952275,42003481000,35640.0
E08130,nearside,1,25.097727,42003040900,27383.0
N20790,nearside,1,0.09545454545454546,42003401100,76667.0
N38580,nearside,1,10.7386366,42003563202,41607.0
W25810,none,0,3.6954545750000003,42003562500,42292.0
E25351,none,0,43.213634,42003151700,66467.0
S70319,none,0,0.3886363636363635,42003491200,97519.0
S08400,none,0,57.252276800000004,42003290400,57500.0
E25367,none,0,16.959091,42003151600,54917.0
E20700,nearside,1,29.5295435,42003130700,30518.0
S70466,none,0,6.60909075,42003477300,60125.0
W03390,none,0,10.0272729,42003202200,53521.0
N43030,none,0,318.27274500000004,42003429700,56103.0
E05960,nearside,1,8.82727285,42003151700,66467.0
X13670,none,0,17.634090500000003,42003191700,97069.0
E48890,none,0,6.547727,42003040200,22667.0
P70030,nearside,1,,42003020100,90726.0
E46310,none,0,9.965909,42003090300,68289.0
S16120,nearside,1,77.0340865,42003170200,68611.0
E28970,none,0,61.672729499999996,42003070500,68957.0
N10460,farside,1,106.2090905,42003565100,57621.0
E35170,none,0,36.211363000000006,42003090300,68289.0
E71009,nearside,1,,42003521301,75233.0
N52370,none,0,0.025,42003429202,115652.0
E70749,none,0,4.4318182,42003561900,22770.0
E51070,none,0,6.579545550000001,42003101900,60457.0
E70949,none,0,0.11818182,42003523100,58471.0
N19540,none,0,2.0909090909090904,42003414200,127093.0
E08045,none,0,7.6272725,42003111300,62250.0
E70028,none,0,3.6818183,42003525200,65464.0
E45610,nearside,1,109.09999905000001,42003090200,75521.0
N52350,none,0,0.0,42003429202,115652.0
N31100,none,0,0.19772727499999998,42003445500,77454.0
S70512,none,0,2.095454545454548,42003480300,69286.0
S27560,none,0,12.456818181818182,42003480101,51631.0
E32890,none,0,3.161364,42003513000,31321.0
E29363,none,0,10.0727275,42003101900,60457.0
S28300,none,0,5.5409092499999995,42003488600,83603.0
N21810,none,0,3.8022729999999996,42003421100,133283.0
E34353,none,0,0.49545455,42003120900,21087.0
N70048,none,0,213.67953899999998,42003980000,
P00860,nearside,1,951.429478,42003020100,90726.0
W03320,none,0,24.499999499999998,42003562500,42292.0
N18842,none,0,,42003427000,59250.0
X06122,farside,1,0.46818181818181803,42003475101,92863.0
E30100,none,0,53.370456000000004,42003090300,68289.0
N18210,nearside,1,1.5704544500000002,42003261300,48500.0
E34640,none,0,3.3181815,42003523702,55532.0
P02130,farside,1,28.550002275,42003020100,90726.0
N15300,none,0,23.2136368,42003261300,48500.0
N20150,none,0,7.611363636363636,42003431400,68273.0
N45770,none,0,41.2090915,42003262000,39618.0
E20970,none,0,91.3613605,42003523400,57966.0
W03500,none,0,22.4363635,42003563000,69327.0
N36520,nearside,1,13.847727175,42003426400,85435.0
S23780,nearside,1,104.13863636363632,42003478100,55729.0
S48589,none,0,0.36363635,42003477200,79306.0
E11680,none,0,34.60909149999999,42003090200,75521.0
E25365,none,0,10.452273,42003151700,66467.0
S21705,none,0,5.3386364,42003191500,77155.0
S02880,nearside,1,11.9750002,42003484300,48841.0
S25098,none,0,0.665909125,42003488600,83603.0
E36098,none,0,44.52045295,42003561900,22770.0
N71325,none,0,4.327272727272727,42003435000,59611.0
N28970,none,0,10.231818181818205,42003431100,60559.0
E54205,none,0,29.836365,42003040200,22667.0
N20650,none,0,0.225,42003401100,76667.0
N15680,none,0,8.39318185,42003429500,56602.0
S01620,none,0,81.47045454545453,42003551900,14063.0
E70346,none,0,0.09090909,42003523702,55532.0
N70011,none,0,2.3681815,42003429500,56602.0
E70838,farside,1,26.038636000000004,42003562000,26604.0
S70250,none,0,8.91136385,42003562400,43371.0
E27390,none,0,1.3886364,42003513000,31321.0
N15640,none,0,0.8818182,42003403500,41466.0
X02370,none,0,4.209091099999999,42003473601,127206.0
E70841,none,0,7.840909,42003562300,25792.0
S70503,none,0,3.6795456,42003290400,57500.0
W04200,none,0,0.8136363636363635,42003463900,46183.0
E10160,none,0,5.043181818181821,42003517000,36138.0
N43430,nearside,1,91.43863499999999,42003260700,79310.0
E13350,nearside,1,34.7750025,42003030500,36932.0
N71208,none,0,47.386365,42003421100,133283.0
N41760,none,0,22.96136585,42003565200,59229.0
E05210,none,0,45.72954325,42003141300,46530.0
N08220,nearside,1,50.46591,42003445500,77454.0
E20610,none,0,47.834089999999996,42003523100,58471.0
E34050,none,0,16.3431832,42003561400,39788.0
E10420,none,0,3.009090909090908,42003517000,36138.0
N47120,none,0,0.2272727272727275,42003413500,74259.0
E25560,none,0,0.47727272727272724,42003507000,60988.0
W08253,nearside,1,16.015909090909073,42003469000,86450.0
W07515,none,0,26.19545454545452,42003464300,67879.0
N13070,none,0,24.790909999999997,42003271600,38719.0
S16325,none,0,54.077273600000005,42003160900,92593.0
N26838,none,0,0.0,42003525300,107583.0
S24350,none,0,0.5795454545454545,42003491200,97519.0
S23515,nearside,1,2.077272727272728,42003491101,141420.0
N40870,none,0,0.09545454545454546,42003413400,121510.0
N07045,nearside,1,12.929545454545467,42003413500,74259.0
S33080,none,0,8.277272727272724,42003551200,29279.0
N32730,nearside,1,14.1454548,42003429500,56602.0
S25510,none,0,3.79772745,42003310200,79600.0
S70260,none,0,0.07045454500000001,42003191500,77155.0
N15500,none,0,0.025,42003429700,56103.0
S70567,none,0,0.7909090999999999,42003503002,57813.0
W11755,none,0,0.5113636500000001,42003470300,70385.0
E01330,nearside,1,78.168182075,42003030500,36932.0
E35480,farside,1,112.145452,42003020300,119233.0
E70837,none,0,15.41136375,42003040900,27383.0
X10690,none,0,1.2522727272727274,42003472200,60625.0
E45990,nearside,1,56.163636600000004,42003561400,39788.0
X02050,nearside,1,15.8909109,42003473601,127206.0
N45570,none,0,0.25,42003413400,121510.0
S50210,none,0,3.811363636363635,42003492900,44038.0
S27540,none,0,0.568181825,42003488200,58125.0
E20680,none,0,20.804546000000002,42003130800,23636.0
E48190,none,0,15.5113641,42003514000,29107.0
E11580,nearside,1,15.461364,42003060300,91731.0
N43310,nearside,1,64.504547,42003260200,56696.0
N08120,none,0,97.070455,42003980600,
S39860,none,0,6.200000045,42003477300,60125.0
E49945,none,0,2.9295455500000003,42003526202,95438.0
E20380,nearside,1,20.681818,42003130800,23636.0
W10420,none,0,2.4431818181818197,42003464400,17118.0
E35770,none,0,8.440908775,42003120300,26837.0
N32430,none,0,3.44090915,42003429500,56602.0
E19460,nearside,1,379.0022716,42003040900,27383.0
W03300,nearside,1,4.0022725,42003281400,37533.0
S23670,none,0,0.6522727272727269,42003491101,141420.0
W04150,none,0,2.9522727272727254,42003460002,90848.0
S37740,none,0,32.286364999999996,42003481000,35640.0
N39061,none,0,,42003429500,56602.0
E53720,nearside,1,3.3568182500000003,42003564800,33883.0
S10560,nearside,1,15.918181200000001,42003488500,58371.0
S23730,nearside,1,5.67045475,42003489001,90781.0
W21500,none,0,4.75909090909091,42003465600,60921.0
S70342,none,0,2.93636363636364,42003551900,14063.0
N36080,none,0,4.6181817999999994,42003426400,85435.0
N45890,none,0,19.79545225,42003562700,59634.0
E53290,none,0,7.740909,42003508000,36161.0
E70400,none,0,6.0227272,42003980500,27750.0
E35290,none,0,28.8454565,42003080900,62852.0
E70737,none,0,21.913637,42003521301,75233.0
W23100,none,0,4.3795455,42003453004,93740.0
E17291,busway,0,352.681864,42003515100,47052.0
N08300,none,0,1.734090909090909,42003446000,208333.0
E26600,none,0,5.563636499999999,42003130800,23636.0
S30245,nearside,1,1.618182,42003564200,57500.0
W21740,none,0,13.193182325,42003562600,40020.0
W03220,none,0,21.081816999999997,42003202200,53521.0
E44620,none,0,10.2431815,42003050600,42951.0
E27220,none,0,13.17954615,42003514000,29107.0
S70135,nearside,1,4.51590925,42003484300,48841.0
S35500,none,0,3.15681815,42003180300,42029.0
E49880,nearside,1,1.4,42003523702,55532.0
E70861,nearside,1,38.48181825,42003130700,30518.0
E44880,nearside,1,15.265907199999997,42003561500,42461.0
E70895,none,0,3.545454425,42003151700,66467.0
E20310,nearside,1,21.0,42003120900,21087.0
E20920,none,0,2.57954565,42003523200,41647.0
E29980,nearside,1,4.62727275,42003140500,88490.0
E37990,none,0,14.06136363636364,42003510000,35483.0
E41840,none,0,52.15908735,42003111300,62250.0
N40423,none,0,17.775,42003271600,38719.0
W22300,nearside,1,19.0227285,42003459201,92292.0
W26350,none,0,7.1977274,42003563000,69327.0
E17313,busway,0,46.531818695,42003120900,21087.0
N08690,none,0,1.9000000000000026,42003448000,65417.0
S04410,none,0,4.3500002,42003481000,35640.0
S09550,nearside,1,98.2863582,42003290200,41321.0
E18600,nearside,1,60.270455000000005,42003070500,68957.0
S08720,nearside,1,209.26591275,42003481000,35640.0
W04180,none,0,1.579545454545457,42003463900,46183.0
N44100,none,0,58.0431815,42003261400,44958.0
E14290,none,0,20.2522708,42003101400,83796.0
P00330,farside,1,272.7045465,42003020100,90726.0
E35910,none,0,3.8590907750000003,42003120900,21087.0
X20070,none,0,15.156818181818169,42003472400,93500.0
S48710,none,0,0.39772730000000006,42003488200,58125.0
W00600,nearside,1,42.31590909090908,42003450800,57746.0
E10630,none,0,4.088636363636361,42003521302,63524.0
S34170,none,0,4.320454895,42003310200,79600.0
S40662,none,0,0.5,42003490003,108769.0
N50250,none,0,6.61363635,42003262000,39618.0
E38350,none,0,13.872727272727277,42003521200,67813.0
E10100,none,0,11.238636363636365,42003517000,36138.0
N31280,none,0,12.640909,42003241300,70218.0
W24035,none,0,6.9227272727272755,42003468900,53765.0
E03260,none,0,3.46590905,42003508000,36161.0
E35050,none,0,6.390909044999999,42003020300,119233.0
S70611,none,0,8.245454500000001,42003488600,83603.0
E15050,none,0,6.4272730000000005,42003101900,60457.0
E39575,none,0,62.852272845,42003515401,79297.0
N13610,none,0,382.25681699999996,42003562700,59634.0
E53010,none,0,35.9386365,42003111300,62250.0
N71307,none,0,1.475000025,42003429500,56602.0
E42030,nearside,1,36.788635199999995,42003111400,62315.0
N20100,none,0,13.159090909090901,42003431400,68273.0
P03440,nearside,1,1972.0476925,42003020100,90726.0
N22005,none,0,4.4068181818181795,42003423000,107738.0
E07550,none,0,1.6068182000000002,42003060500,62841.0
S23630,none,0,3.9068181818181804,42003491101,141420.0
S00920,farside,1,11.206818250000001,42003562300,25792.0
E26480,none,0,0.022727275,42003120900,21087.0
W20450,none,0,6.188636363636366,42003464400,17118.0
N45680,none,0,17.72500045,42003262000,39618.0
N07070,none,0,0.23409090909090902,42003413400,121510.0
W16940,nearside,1,62.90909,42003563100,64800.0
N10880,none,0,31.1409105,42003261500,46141.0
S14742,none,0,8.245454545454546,42003486700,39662.0
E26510,none,0,11.747727000000001,42003130800,23636.0
N41340,none,0,124.3749955,42003261300,48500.0
S03950,none,0,7.4295455,42003562400,43371.0
S16230,nearside,1,128.52272499999998,42003170200,68611.0
N70096,none,0,0.16363636363636375,42003401100,76667.0
W21680,none,0,0.6954545454545452,42003464300,67879.0
W24330,nearside,1,2.377272727272727,42003457100,63295.0
N39760,nearside,1,9.988636363636363,42003431100,60559.0
E70787,none,0,27.756816,42003050100,30036.0
E32695,none,0,4.33409075,42003523600,64545.0
N18700,nearside,1,10.997727,42003260200,56696.0
N28090,none,0,2.513636275,42003241300,70218.0
N40130,none,0,3.45909090909091,42003432400,59435.0
N44600,none,0,8.08409090909091,42003418000,70132.0
N32770,none,0,29.6090905,42003429100,73220.0
P01620,busway,0,757.209089335,42003020100,90726.0
W10320,none,0,12.586363636363636,42003464400,17118.0
N13210,none,0,1.3909091,42003270300,59398.0
W25460,farside,1,0.168181818181818,42003458001,116080.0
E70324,none,0,0.231818195,42003523300,74740.0
E06035,none,0,3.8750001000000003,42003140800,88922.0
N40430,none,0,6.134090949999999,42003421100,133283.0
E55100,none,0,0.13636365,42003523600,64545.0
S01520,none,0,2.7750000000000004,42003486800,43125.0
E70985,none,0,2.7886365,42003562901,52679.0
E29890,nearside,1,5.05909075,42003141200,119044.0
S70592,none,0,1.302272775,42003477200,79306.0
E46870,nearside,1,14.3113635,42003560400,49048.0
E07350,none,0,57.3022727272727,42003519000,102216.0
E38725,none,0,7.6863635,42003509400,42344.0
E34310,none,0,4.1909091,42003120300,26837.0
E19740,none,0,13.2454547,42003140100,124444.0
E08885,none,0,17.047727272727293,42003513800,27212.0
N12440,none,0,5.095454545454548,42003425000,46892.0
E70036,none,0,12.43636365,42003525200,65464.0
S70416,none,0,1.665909,42003488100,69375.0
P02610,none,0,88.9909071,42003020100,90726.0
W13380,none,0,1.37045475,42003462100,54458.0
E30276,none,0,0.29772727499999996,42003564200,57500.0
N03640,nearside,1,20.8022713,42003403500,41466.0
W23089,none,0,3.6681818181818167,42003465600,60921.0
E30550,none,0,0.0,42003521500,74800.0
E11740,none,0,15.65454365,42003090100,81681.0
E13460,none,0,55.077270000000006,42003050600,42951.0
E45760,nearside,1,74.4750025,42003141200,119044.0
N43970,none,0,22.249999499999998,42003261400,44958.0
W21110,none,0,25.356818349999998,42003562500,42292.0
S10510,none,0,2.65454544,42003488500,58371.0
E53150,none,0,2.3318182499999995,42003981000,
S70552,none,0,12.447726999999999,42003477300,60125.0
E70880,none,0,2.30909095,42003504100,39891.0
W13250,none,0,1.125,42003460001,75598.0
N15685,none,0,6.19545475,42003429500,56602.0
X19720,none,0,0.5727272727272728,42003475101,92863.0
E12486,none,0,24.409090499999998,42003050600,42951.0
W25550,none,0,10.045454545454545,42003465600,60921.0
W08225,none,0,20.561364,42003470501,96204.0
S23790,nearside,1,6.6227272500000005,42003489001,90781.0
S70439,none,0,11.506818500000001,42003290400,57500.0
N20130,none,0,13.043181500000001,42003429600,77953.0
N22780,none,0,5.1909090909090905,42003419000,70569.0
N45382,none,0,0.3590909,42003428200,75795.0
N47230,none,0,0.27272727272727276,42003413500,74259.0
E19170,nearside,1,91.125008,42003140100,124444.0
W04330,none,0,4.770454545454546,42003463900,46183.0
S16410,none,0,12.977273,42003170200,68611.0
E70871,none,0,7.163636,42003051100,20441.0
N42850,none,0,1.3863634999999999,42003429100,73220.0
N71308,none,0,25.590911,42003980600,
E53740,nearside,1,10.09999985,42003561500,42461.0
E38730,none,0,2.45454545,42003523100,58471.0
N49520,none,0,15.7613635,42003271600,38719.0
E23580,nearside,1,29.961363400000003,42003080900,62852.0
W22160,none,0,1.78409085,42003459201,92292.0
S05380,none,0,7.1136365,42003477100,96005.0
N16742,none,0,2.077272727272729,42003413400,121510.0
X20230,none,0,0.445454545,42003191900,64000.0
N08260,none,0,4.6545454545454525,42003446000,208333.0
S04330,none,0,5.904545500000001,42003161000,55700.0
S70454,none,0,3.5454545499999996,42003490003,108769.0
N04380,none,0,1.3477272727272724,42003402000,49388.0
W10650,none,0,6.1659084,42003202200,53521.0
N31760,none,0,23.725,42003424000,44571.0
W07190,nearside,1,9.947727272727272,42003460002,90848.0
S21580,none,0,7.427272545,42003488100,69375.0
E58650,nearside,1,4.713636363636361,42003519000,102216.0
E05260,nearside,1,39.972725700000005,42003141300,46530.0
N71216,none,0,352.96817999999996,42003980600,
E57590,nearside,1,39.750000650000004,42003140300,142738.0
S30740,farside,1,143.8636363636364,42003551900,14063.0
E70111,none,0,4.029545349999999,42003101900,60457.0
E35200,nearside,1,36.925002000000006,42003080400,62868.0
S25480,nearside,1,14.774999000000001,42003310200,79600.0
S06620,none,0,2.5522728,42003562400,43371.0
S70487,nearside,1,5.947727272727275,42003551900,14063.0
W02910,none,0,3.931818,42003470600,64171.0
E38661,none,0,3.7250001,42003509400,42344.0
N45520,none,0,0.090909090909091,42003413400,121510.0
W70117,none,0,7.415908645,42003281500,63056.0
S40010,none,0,6.040909275000001,42003477200,79306.0
X08845,none,0,30.140909,42003470300,70385.0
N52270,none,0,0.0,42003429202,115652.0
E05970,nearside,1,27.2522736,42003151700,66467.0
W70125,none,0,0.7250000000000001,42003473601,127206.0
N71279,none,0,2.945454545454545,42003419000,70569.0
E01820,nearside,1,57.2545475,42003140100,124444.0
E21600,none,0,17.465909345,42003523300,74740.0
E28620,none,0,9.7318184,42003151700,66467.0
E70048,none,0,0.41136365,42003562300,25792.0
S38540,none,0,8.44545475,42003488400,57584.0
W70137,none,0,1.9295454545454525,42003281500,63056.0
W70058,busway,0,20.62272727272727,42003465800,89167.0
N71302,none,0,26.393182,42003271600,38719.0
W10670,none,0,21.443182,42003202200,53521.0
S47200,none,0,0.220454545,42003501000,41382.0
W07510,none,0,9.245454545454544,42003465600,60921.0
N21490,none,0,0.9181818,42003421100,133283.0
S47310,none,0,0.9431818181818181,42003552400,35331.0
S19350,none,0,7.1431815,42003562400,43371.0
N31580,none,0,22.793182,42003424000,44571.0
E58040,none,0,0.1840909,42003561900,22770.0
N10500,nearside,1,71.61363825,42003271600,38719.0
E13795,none,0,1050.352295,42003070900,49421.0
N25490,none,0,2.0772728000000003,42003250900,38438.0
S05280,none,0,5.5977274999999995,42003477100,96005.0
W70181,nearside,1,2.06136345,42003451105,96821.0
S70378,none,0,0.0,42003492700,36583.0
S42270,busway,0,2.7886364,42003320600,92143.0
N53595,none,0,27.243180700000003,42003430200,78718.0
E57940,none,0,13.154545500000001,42003130600,18879.0
E70004,none,0,5.3795455,42003130600,18879.0
E19580,nearside,1,36.35909100000001,42003040500,13750.0
W13450,none,0,36.9477285,42003462600,46935.0
N13125,none,0,21.0249995,42003270300,59398.0
W07980,none,0,0.765909045,42003461000,54286.0
E27470,none,0,24.852272,42003513000,31321.0
S33730,none,0,0.7840908950000001,42003488400,57584.0
W14495,none,0,2.7136362000000003,42003202200,53521.0
E39580,none,0,1.90909092,42003515300,29612.0
S27310,none,0,9.120454545454548,42003486800,43125.0
E46900,none,0,8.0840908,42003520001,68304.0
S70569,none,0,2.768181818181815,42003478200,58312.0
E60150,none,0,1.9340908950000002,42003513000,31321.0
W07590,none,0,4.2704545,42003461000,54286.0
S46840,none,0,0.1454545454545455,42003552400,35331.0
N08380,none,0,2.513636363636364,42003448000,65417.0
E70039,none,0,8.852273,42003523300,74740.0
W03800,none,0,0.2159091,42003202200,53521.0
W24540,farside,1,6.322727272727272,42003457100,63295.0
P70031,nearside,1,,42003020100,90726.0
N08550,none,0,5.81363636363636,42003448000,65417.0
N45560,none,0,0.13636365,42003429201,121620.0
W70187,none,0,,42003563100,64800.0
X70056,none,0,4.2340911,42003190300,81953.0
S02910,nearside,1,123.53636363636362,42003483800,29306.0
E12000,none,0,23.7477274,42003090100,81681.0
S09140,none,0,83.097725,42003290400,57500.0
W70014,none,0,28.03181818181818,42003465600,60921.0
E11640,nearside,1,79.02500045,42003060300,91731.0
N18820,none,0,0.0,42003261300,48500.0
E01050,nearside,1,1429.3363636,42003040200,22667.0
E70087,none,0,7.57727265,42003525300,107583.0
S70562,none,0,23.89772677,42003488600,83603.0
N10370,nearside,1,61.76364,42003270100,61481.0
S13440,none,0,4.772727,42003562400,43371.0
E19810,nearside,1,373.261365,42003141300,46530.0
W00480,nearside,1,37.89090909090912,42003450700,51898.0
S38490,none,0,1.315909,42003488400,57584.0
E70955,none,0,3.3045452500000003,42003120900,21087.0
X19505,none,0,1.965909275,42003473200,76625.0
W23001,nearside,1,3.186364,42003459201,92292.0
E70066,none,0,15.6931835,42003040200,22667.0
N31680,none,0,6.990908900000001,42003424000,44571.0
S24000,farside,1,2.9295454545454565,42003491101,141420.0
N20940,nearside,1,8.395454545454545,42003420000,43333.0
E29940,none,0,1.6613636499999997,42003141200,119044.0
S31555,none,0,10.98409,42003484600,35776.0
S06280,farside,1,75.5250025,42003562400,43371.0
W14360,none,0,9.156818150000001,42003202200,53521.0
W70152,none,0,0.34318182,42003459101,80550.0
S02170,none,0,3.05,42003486900,43207.0
N21245,none,0,4.740909090909092,42003401300,80458.0
E70961,none,0,2.1863636363636365,42003513800,27212.0
E10555,nearside,1,,42003522000,35829.0
E19650,farside,1,783.772755,42003140300,142738.0
N35560,none,0,9.0250001,42003261300,48500.0
E55000,none,0,0.0,42003526201,85903.0
S25166,none,0,,42003488600,83603.0
E17422,none,0,13.0477275,42003051000,16297.0
S70227,none,0,0.125,42003488500,58371.0
N10610,nearside,1,3.7250001000000004,42003562700,59634.0
N16720,none,0,3.977272727272728,42003413500,74259.0
N12885,none,0,1.35,42003565200,59229.0
N33700,none,0,0.0681818,42003980600,
E41365,none,0,0.6636363750000001,42003140300,142738.0
N40010,none,0,16.975000000000016,42003432400,59435.0
S30830,nearside,1,143.73636363636368,42003551900,14063.0
S01200,nearside,1,26.854545350000002,42003980800,
W70127,none,0,0.94772725,42003470502,108600.0
S28360,none,0,8.4295457,42003489001,90781.0
W08076,nearside,1,16.959090909090893,42003469000,86450.0
E25750,none,0,5.9500001000000005,42003504100,39891.0
W70170,none,0,1.054545454545456,42003460001,75598.0
E34635,none,0,16.06590915,42003523702,55532.0
E05980,nearside,1,27.429547499999998,42003151700,66467.0
N70092,none,0,29.522727,42003429100,73220.0
S04400,none,0,28.534090499999998,42003161000,55700.0
X06790,none,0,3.1204543,42003473500,174234.0
E35470,nearside,1,77.8386395,42003020300,119233.0
E70308,none,0,12.0568183,42003141100,105063.0
S44960,none,0,1.806818,42003161000,55700.0
S04480,none,0,24.3704545,42003180300,42029.0
E57165,none,0,2.51818165,42003515401,79297.0
W16880,none,0,12.225000000000001,42003281500,63056.0
E41100,farside,1,196.102275,42003140800,88922.0
S23900,none,0,2.1500000000000012,42003491200,97519.0
E34230,none,0,3.81136385,42003561400,39788.0
E59540,none,0,4.08863595,42003564800,33883.0
N25460,none,0,0.0,42003414102,115494.0
E56020,none,0,35.331817945,42003564800,33883.0
E70843,none,0,2.524999775,42003562300,25792.0
S27340,none,0,2.320454545454543,42003486800,43125.0
S70401,nearside,1,0.125,42003488600,83603.0
N53605,none,0,38.7159065,42003430200,78718.0
E48405,farside,1,7.784090595,42003564700,40433.0
W08450,none,0,16.534090909090907,42003460002,90848.0
E35760,none,0,20.21818435,42003130700,30518.0
E70948,none,0,0.8409090749999999,42003523100,58471.0
N71238,none,0,0.66136365,42003403500,41466.0
S08270,none,0,9.054545454545453,42003478200,58312.0
N04360,none,0,4.079545454545455,42003402000,49388.0
W07720,none,0,0.954545475,42003461000,54286.0
X70068,none,0,2.590909045,42003190300,81953.0
N22270,farside,1,4.486363636363634,42003404000,63000.0
E39190,none,0,7.193181675,42003508000,36161.0
N45790,none,0,27.2113655,42003262000,39618.0
E09590,none,0,1.2568181999999999,42003060500,62841.0
S70345,none,0,0.245454545,42003551900,14063.0
E43850,none,0,3.8863636363636362,42003521500,74800.0
E46540,none,0,62.2159118,42003509400,42344.0
S70571,none,0,0.24545454500000002,42003488400,57584.0
S09000,none,0,73.295455,42003290200,41321.0
X04210,none,0,3.4954543499999997,42003473602,104864.0
S08670,none,0,11.218181818181819,42003478100,55729.0
