stop_id,avg_daily_usage,stop_name,pct_stops,cum_pct_ridership
N71210,3907.881745275,NORTH SIDE STATION,0.014883167137966958,1.504160478376266
P03090,3360.4910274999997,SMITHFIELD ST AT SIXTH AVE,0.029766334275933917,2.7976279169995517
E01870,3265.413633,FIFTH AVE AT ATWOOD STATION,0.04464950141390087,4.054499657872566
P02470,3205.3022008499997,LIBERTY AVE AT MARKET ST,0.05953266855186783,5.2882342501745025
P00930,2841.3614,7TH ST AT PENN AVE,0.0744158356898348,6.381886464147292
P02325,2465.697758145,LIBERTY AVE AT 10TH ST NS,0.08929900282780175,7.33094412790771
P00590,2431.372758,FIFTH AVE AT WOOD ST,0.1041821699657687,8.266789951596252
P03690,2307.513706,WOOD ST AT SIXTH AVE,0.11906533710373567,9.154961893869931
E01730,2289.581807,FIFTH AVE AT THACKERAY AVE,0.13394850424170263,10.036231771153888
P00740,2236.931835,SIXTH AVE AT SMITHFIELD ST,0.1488316713796696,10.89723644794508
P03695,2232.2749965000003,WOOD ST BTW FORBES AVE & FIFTH AVE,0.16371483851763655,11.756448687584264
P03440,1972.0476925,STANWIX ST AT PENN AVE (GATEWAY #2),0.1785980056556035,12.515498319553839
E01360,1969.965892,FIFTH AVE AT OAKLAND AVE,0.19348117279357047,13.273746657564162
E19910,1912.884125,FORBES AVE OPP MOREWOOD AVE (CARNEGIE MELLON),0.2083643399315374,14.010023978140012
E02050,1870.12046,FIFTH AVE OPP THACKERAY AVE,0.2232475070695044,14.729841380275063
E19610,1749.725036,FORBES AVE AT MOREWOOD AVE FS (CARNEGIE MELL,0.23813067420747133,15.403318066297835
P02290,1719.563642,LIBERTY AVE AT 6TH ST,0.2530138413454383,16.06518550214757
P70027,1614.6590700000002,LIBERTY AVE AT 6TH ST NS (SHELTER),0.26789700848340525,16.68667471739374
P02310,1559.88865675,LIBERTY AVE AT 7TH ST (CLARK BLDG),0.28278017562137225,17.28708256519715
P03315,1550.0682000000002,STANWIX ST AT FOURTH AVE (PPG PLACE),0.2976633427593392,17.883710476992817
E01710,1508.14319755,FIFTH AVE AT TENNYSON AVE,0.31254650989730615,18.46420127516744
P00750,1476.6068050000001,SIXTH AVE AT WOOD ST,0.3274296770352731,19.032553580317902
P00710,1447.42276,SIXTH AVE AT SMITHFIELD ST,0.3423128441732401,19.58967282112571
P02860,1435.2977203500002,PENN AVE AT 7TH ST,0.357196011311207,20.142125082063327
E01050,1429.3363636,FIFTH AVE AT CHESTERFIELD RD,0.37207917844917393,20.69228279116818
E01010,1425.236385,FIFTH AVE AT BIGELOW BLVD (PITT),0.38696234558714093,21.24086240088971
P01040,1395.2046225,9TH ST AT PENN AVE,0.40184551272510793,21.777882656159665
P02550,1393.1568604499998,LIBERTY AVE AT WOOD ST,0.4167286798630748,22.314114719016057
P02430,1369.288628,LIBERTY AVE AT GATEWAY #4,0.4316118470010418,22.841159796625675
E01335,1326.363652,FIFTH AVE AT MEYRAN AVE,0.4464950141390088,23.351682866497335
E19660,1288.5840500000002,FORBES AVE AT MURRAY AVE,0.4613781812769758,23.847664405196536
P00585,1282.370435,FIFTH AVE AT ROSS ST,0.47626134841494266,24.341254296778438
P02280,1276.34315,LIBERTY AVE AT SIXTH AVE,0.4911445155529096,24.832524260460815
P03360,1264.404525,STANWIX ST AT FORBES AVE,0.5060276826908766,25.319198996072927
P03145,1256.2863555,SMITHFIELD ST AT FORBES AVE,0.5209108498288435,25.80274901335562
E17302,1229.6613145,EAST BUSWAY AT EAST LIBERTY STATION C,0.5357940169668105,26.27605093793291
P70024,1138.66595045,STANWIX ST AT PENN AVE FS,0.5506771841047775,26.714328355823174
E19210,1123.8000001,FORBES AVE AT BOUQUET ST FS,0.5655603512427445,27.146883805535417
P03660,1075.945475,WOOD ST AT THIRD AVE FS,0.5804435183807114,27.56101984287574
E17298,1075.2500367999999,EAST BUSWAY AT WILKINSBURG STATION A,0.5953266855186784,27.974888203064154
E19130,1051.02950165,FORBES AVE AT ATWOOD ST,0.6102098526566453,28.37943397518249
E13795,1050.352295,CENTRE AVE AT NEGLEY AVE (MARKET DISTRICT),0.6250930197946123,28.783719087550864
E17297,1045.3613177500001,EAST BUSWAY AT WILKINSBURG STATION C,0.6399761869325792,29.186083151326343
P02600,1044.73864574,LIBERTY AVE OPP 9TH ST,0.6548593540705462,29.588207545969166
E17303,1028.077285,EAST BUSWAY AT EAST LIBERTY STATION A,0.6697425212085132,29.983918911258844
P02650,979.131759375,LIBERTY AVE AT WYNDHAM GRAND HOTEL,0.6846256883464802,30.36079093338582
P00860,951.429478,SEVENTH AVE AT WILLIAM PENN PL,0.6995088554844471,30.727000228357483
E19870,918.0818518,FORBES AVE OPP CRAIG ST,0.714392022622414,31.080373878689084
P00940,914.4000455,7TH ST AT PENN AVE FS,0.729275189760381,31.432330385952785
P02320,889.5568145,LIBERTY AVE AT TITO WAY,0.7441583568983479,31.77472462683763
P70019,822.5841085000001,SIXTH AVE AT CENTRE AVE,0.7590415240363149,32.09134078535934
P00600,818.6818152999999,FIFTH AVE AT SMITHFIELD ST,0.7739246911742819,32.40645493445777
E19200,786.731818,FORBES AVE AT BIGELOW BLVD (SCHENLEY DR),0.7888078583122488,32.70927139228624
E19650,783.772755,FORBES AVE AT MURRAY AVE FS,0.8036910254502159,33.01094889404905
P01250,765.5977655,BLVD OF ALLIES AT POST GAZETTE BLDG,0.8185741925881828,33.305630764243986
E01720,762.93182,FIFTH AVE OPP TENNYSON AVE,0.8334573597261496,33.599286500558726
P01620,757.209089335,EAST BUSWAY AT PENN STATION C,0.8483405268641167,33.89073953324635
E17293,752.16136045,EAST BUSWAY AT SWISSVALE STATION A,0.8632236940020837,34.18024967339288
P02120,703.322755,GRANT ST AT US STEEL STOP A,0.8781068611400507,34.45096162441156
E17305,696.15684025,EAST BUSWAY AT NEGLEY STATION A,0.8929900282780175,34.71891538404655
E00975,694.27955,FIFTH AVE AT BELLEFIELD AVE,0.9078731954159844,34.98614656659641
P01875,680.8227215,FT PITT BLVD AT SMITHFIELD ST FS,0.9227563625539515,35.24819815802419
E01225,679.7386368,FIFTH AVE AT HALKET ST,0.9376395296919184,35.50983248059194
P00375,667.5090739999999,FOURTH AVE AT PPG ENTRANCE,0.9525226968298853,35.76675959187987
E01180,666.499993,FIFTH AVE AT DESOTO ST,0.9674058639678523,36.02329830355425
S70092,657.4931799999999,WALMART DRVWY AT SHELTER (WEST MIFFLIN),0.9822890311058192,36.276370254197
P02270,616.665892795,LIBERTY AVE AT FIFTH AVE,0.9971721982437863,36.513727606534076
N09505,613.3181818181818,MCCANDLESS PARK AND RIDE,1.0120553653817532,36.74979641052895
E17304,609.1795265000001,EAST BUSWAY AT NEGLEY STATION C,1.0269385325197202,36.984272228305464
P01150,608.184125,BLVD OF ALLIES AT CHERRY WAY FS,1.041821699657687,37.21836491176676
E15680,604.579555,CRAIG ST AT CENTRE AVE,1.0567048667956542,37.45107018074397
E01210,602.811363,FIFTH AVE AT MCKEE PL FS,1.071588033933621,37.68309486502134
E15620,582.2545700000001,CRAIG ST AT FIFTH AVE,1.086471201071588,37.90720715132757
E19320,580.3704518,FORBES AVE AT CRAIG ST,1.101354368209555,38.13059423244138
W26180,577.72726115,WEST BUSWAY AT SHERADEN STATION C,1.116237535347522,38.352963938114556
P00650,572.8181893,FIFTH AVE AT WOOD ST NS,1.131120702485489,38.573444120935314
W70047,545.8954125,UNIVERSITY BLVD PARK AND RIDE AT SHELTER,1.1460038696234558,38.78356161126168
E01940,529.0954532000001,FIFTH AVE OPP CRAFT AVE (CARLOW UNIV),1.1608870367614228,38.98721272505352
E19310,518.3659086499999,FORBES AVE AT CRAFT AVE FS,1.1757702038993898,39.18673399103646
E19570,512.081814045,FORBES AVE AT MCKEE PL,1.1906533710373568,39.38383648199925
S19380,501.6090909090909,GIANT EAGLE DR AT DRUG STORE,1.2055365381753236,39.576907976819165
W26140,489.0454545454547,WEST BUSWAY AT CARNEGIE STATION,1.2204197053132906,39.76514367400889
P02530,486.840910315,LIBERTY AVE AT WILLIAM PENN PL,1.2353028724512576,39.95253083265
E01420,484.568164275,FIFTH AVE AT MOREWOOD AVE,1.2501860395892246,40.139043201572896
E01410,471.42727,FIFTH AVE AT MOREWOOD AVE,1.2650692067271916,40.320497583814685
W08025,468.9363636363638,PGH INTERNL AIRPORT LOWER LEVE,1.2799523738651584,40.50099320549212
N26800,466.625,HOV ROSS P-N-R LOT AT SHELTER,1.2948355410031254,40.680599173372535
E56040,465.78183364999995,WALMART AT SHELTER (N VERSAILLES),1.3097187081410924,40.85988060290122
P00850,465.40682460000005,SEVENTH AVE AT SMITHFIELD ST,1.3246018752790594,41.039017689834914
E15730,459.53636,CRAIG ST AT PARK PLAZA,1.3394850424170264,41.21589520971499
P03150,456.334104,SMITHFIELD ST AT FT PITT BLVD,1.3543682095549932,41.39154016749857
P00610,453.70684950000003,FIFTH AVE AT SMITHFIELD ST,1.3692513766929604,41.56617388373414
S00180,449.79773,S 18TH ST AT E CARSON ST,1.3841345438309272,41.739302963074216
E00970,445.275,FIFTH AVE AT BELLEFIELD AVE,1.3990177109688942,41.910691224200285
P02670,441.37726905,LIBERTY AVE OPP SMITHFIELD ST,1.4139008781068612,42.08057923193271
W26185,440.50457,WEST BUSWAY AT SHERADEN STATION A,1.428784045244828,42.250131334050245
P03000,440.38638605,SMITHFIELD ST AT THIRD AVE,1.4436672123827952,42.41963794665752
E70804,439.302275,CRAIG ST AT CENTRE AVE FS,1.458550379520762,42.58872728026254
E17288,436.25227272727227,EAST BUSWAY AT HAMNETT STATION A,1.473433546658729,42.75664265488501
N38480,435.459088,NORTH AVE AT FEDERAL ST,1.4883167137966957,42.92425272929715
P02910,430.570471,PENN AVE AT GARRISON PL NS (#933),1.503199880934663,43.089981154016535
E41740,419.86594,NEGLEY AVE AT CENTRE AVE,1.5180830480726297,43.25158935874993
P02490,417.50226981500003,LIBERTY AVE AT SMITHFIELD ST,1.5329662152105967,43.412287776670944
TP7010,416.9840945,LAYOVER-EAST BUSWAY SWISSVALE,1.5478493823485637,43.57278674668629
E46460,416.25455215,PENN AVE AT SHADY AVE FS (GIANT EAGLE),1.5627325494865305,43.73300491271582
E17299,414.05909935,EAST BUSWAY AT HOMEWOOD STATION C,1.5776157166244975,43.892378039527394
E01150,411.34090785,FIFTH AVE AT CRAIG ST NS,1.5924988837624647,44.05070492274884
S16570,409.4931865,E CARSON ST AT STATION SQUARE STATION,1.6073820509004317,44.208320610081856
P01940,403.015919545,GRANT ST OPP OLIVER AVE,1.6222652180383985,44.363443169527
E13385,398.94545500000004,CENTRE AVE AT DINWIDDIE ST,1.6371483851763655,44.51699898967545
E46070,396.552265875,PENN AVE AT HIGHLAND AVE,1.6520315523143325,44.66963366104464
N04610,387.8363814999999,ALLEGHENY AVE AT REEDSDALE ST FS,1.6669147194522993,44.818913551060284
S16190,387.24094,E CARSON ST AT S 18TH ST,1.6817978865902663,44.96796425308358
E46060,386.84545085,PENN AVE AT HIGHLAND AVE,1.6966810537282333,45.11686272963338
E41190,384.875016,MURRAY AVE AT FORWARD AVE,1.7115642208662,45.26500277734122
N13610,382.256817,CEDAR AVE OPP PRESSLEY ST,1.7264473880041673,45.41213506900192
E13170,381.11362,CENTRE AVE AT AIKEN AVE,1.7413305551421343,45.55882733922429
W26150,380.67499999999995,WEST BUSWAY AT CRAFTON STATION C,1.7562137222801013,45.70535078272362
E19720,379.781815,FORBES AVE AT PRIDE ST (MERCY HOSPITAL),1.771096889418068,45.851530435477876
E19460,379.0022716,FORBES AVE AT HALKET ST (MAGEE HOSPITAL),1.785980056556035,45.99741003862729
E17292,377.20678599999997,EAST BUSWAY AT ROSLYN STATION A,1.800863223694002,46.142598551652924
E70425,373.82500415,PENN AVE AT EASTSIDE III DR,1.8157463908319689,46.286485402310866
E19810,373.26136499999996,FORBES AVE AT WIGHTMAN ST,1.8306295579699359,46.43015530583766
S70020,368.049985,S 18TH ST AT SARAH ST,1.845512725107903,46.57181932680589
S45375,364.29090909090905,TARGET DR AT TARGET PERIMETER RD,1.86039589224587,46.712036463301594
E19840,359.2227241,FORBES AVE OPP BELLEFIELD AVE NS,1.8752790593838369,46.85030283361313
E17257,357.29089999999997,EAST BUSWAY AT HAMNETT STATION C,1.8901622265218039,46.98782563652631
N71216,352.96817999999996,ALLEGHENY STATION BAY 1,1.9050453936597707,47.12368460593405
E17291,352.681864,EAST BUSWAY AT ROSLYN STATION C,1.9199285607977377,47.25943337108291
S16540,347.86820450000005,E CARSON ST OPP STATION SQUARE STATION,1.9348117279357047,47.393329338002914
N01935,344.552272727273,4TH AVE AT CENTRAL CITY PLAZA,1.9496948950736714,47.52594898853296
N53500,344.20225300000004,WATERWORKS MALL AT GIANT EAGLE,1.9645780622116384,47.658433914965705
E19770,343.31136200000003,FORBES AVE AT SHADY AVE,1.9794612293496057,47.79057593362385
E41330,342.59090549999996,MURRAY AVE AT PHILLIPS AVE,1.9943443964875727,47.92244064547887
W08033,334.1068275,GREENTREE RD AT ARLA DR FS,2.0092275636255397,48.051039799250304
N53540,333.690912,WATERWORKS MALL OPP GIANT EAGLE,2.0241107307635064,48.17947886535834
W19480,331.929563,PARK MANOR BLVD AT IKEA,2.0389938979014732,48.307239980666644
E19800,331.4795425,FORBES AVE AT WIGHTMAN ST,2.0538770650394405,48.434827881150476
P00390,330.4431885,FOURTH AVE AT WOOD ST,2.0687602321774072,48.562016884525846
P00615,328.67272560000004,FIFTH AVE AT WILLIAM PENN PL FS,2.083643399315374,48.68852442912222
P02030,325.32955914999997,GRANT ST AT LIBERTY AVE FS (FED BLDG),2.0985265664533412,48.81374517458431
N13585,324.45909500000005,CEDAR AVE AT PRESSLEY ST,2.1134097335913085,48.93863087465412
E09550,322.8204545454546,BRADDOCK HILLS SHPG CTR AT GIANT EAGLE,2.1282929007292752,49.06288585497072
W26155,321.4772727272725,WEST BUSWAY AT CRAFTON STATION A,2.143176067867242,49.18662383883301
N43030,318.272745,PERRY HWY AT LOWER PARK AND RIDE LOT SHELTE,2.1580592350052092,49.309128386201195
E17316,316.07727192,EAST BUSWAY AT WILKINSBURG STATION D,2.172942402143176,49.430787886545566
E01130,315.91364475,FIFTH AVE AT CRAFT AVE (CARLOW UNIV),2.187825569281143,49.552384406089004
E01540,313.920459,FIFTH AVE AT PRIDE ST,2.20270873641911,49.673213739871294
P02800,313.5181815,PENN AVE AT 11TH ST,2.217591903557077,49.79388823531499
S39570,312.997731,SOUTH BUSWAY AT STATION SQUARE,2.232475070695044,49.91436240712453
E41200,311.331811,MURRAY AVE AT FORWARD AVE,2.247358237833011,50.03419535916657
E41340,310.886387,MURRAY AVE AT PHILLIPS AVE,2.262241404970978,50.153856865596744
E01140,310.15909,FIFTH AVE AT CRAIG ST,2.277124572108945,50.27323843228597
W26145,307.25454545454573,WEST BUSWAY AT CARNEGIE STATION,2.2920077392469116,50.391502027296994
P01330,303.2704565,BLVD OF ALLIES AT WOOD ST,2.3068909063848784,50.508232129347284
E13650,302.284095,CENTRE AVE AT MOREWOOD AVE,2.3217740735228456,50.624582576617215
S00160,296.8522745,S 18TH ST AT ARLINGTON AVE,2.3366572406608124,50.738842292832764
E17301,296.0068298,EAST BUSWAY AT HOMEWOOD STATION A,2.3515404077987796,50.85277659374986
E15660,295.67728,CRAIG ST AT BAYARD ST,2.366423574936747,50.966584049532656
N53630,292.625,WEST VIEW PLAZA FIRE LANE AT GIANT EAGLE,2.3813067420747136,51.07921666962591
E15650,283.56818499999997,CRAIG ST AT BAYARD ST,2.3961899092126804,51.188363282702824
S42503,283.1863605,SHJ BUS TURNAROUND SHELTER,2.411073076350647,51.297362929888756
E70182,282.92954,ROSS AVE AT WOOD ST FS (SAVE A LOT),2.4259562434886144,51.406263725760525
S16260,280.0408873,E CARSON ST AT S 22ND ST,2.440839410626581,51.51405266679371
N26810,278.08180500000003,HOV PARK AND RIDE LOT DRVWY AT HOV RAMP (SHELTER),2.455722577764548,51.62108754863021
E17295,274.52045269999996,EAST BUSWAY AT WILKINSBURG STATION B,2.470605744902515,51.72675165066107
E19470,273.818176,FORBES AVE AT MCANULTY DR,2.4854889120404824,51.83214544337199
P00330,272.7045465,SECOND AVE OPP MUNICIPAL COURTS DR FS,2.500372079178449,51.937110595302386
E13630,271.079545,CENTRE AVE AT MILLVALE AVE,2.515255246316416,52.041450277171776
P01936,270.929543675,GRANT ST AT OLIVER AVE,2.530138413454383,52.14573222288653
P02080,269.42272305,GRANT ST AT STRAWBERRY WAY (US STEEL TOWER,2.54502158059235,52.24943418686697
S33262,269.090909090909,MCKEESPORT TRANSPORTATION CENT AT BAY #2,2.5599047477303167,52.35300843422854
W07585,264.5181818181818,CRAFTON INGRAM SC AT GIANT EAGLE,2.574787914868284,52.45482261921097
E41240,264.19091000000003,MURRAY AVE AT HOBART ST,2.5896710820062507,52.55651083586409
S08140,263.865889,BROWNSVILLE RD AT BAUSMAN ST FS,2.604554249144218,52.65807395053748
S30810,263.1772727272726,LYSLE BLVD OPP COURSIN ST,2.6194374162821847,52.75937201384808
E41230,262.56590900000003,MURRAY AVE AT HOBART ST,2.634320583420152,52.86043476063264
P00380,257.6340935,FOURTH AVE AT SMITHFIELD ST,2.6492037505581187,52.95959923043615
E19400,255.797727125,FORBES AVE AT DITHRIDGE ST,2.6640869176960855,53.0580568749299
W70183,251.045454545455,PGH AIRPORT UPPER LEVEL (DEPAR,2.6789700848340527,53.15468534928428
E41110,250.870455,MURRAY AVE AT BEACON ST,2.6938532519720195,53.25124646556154
E13480,249.43408649999998,CENTRE AVE AT GRAHAM ST,2.7087364191099863,53.34725471743017
P02830,244.56590999999997,PENN AVE AT CECIL PL,2.7236195862479535,53.441389187242336
E19780,244.2454535,FORBES AVE AT STEVENSON ST,2.7385027533859208,53.53540031197047
E13380,244.125,CENTRE AVE AT CYPRESS ST,2.7533859205238875,53.629365073628776
P00580,242.92726969999998,FIFTH AVE AT MARKET ST,2.7682690876618543,53.72286882374722
E01470,240.222722045,FIFTH AVE AT NEGLEY AVE,2.7831522547998215,53.8153315818501
E46470,240.02726545000002,PENN AVE AT SHERIDAN AVE,2.7980354219377883,53.90771910786957
E13180,239.7249995,CENTRE AVE AT AIKEN AVE,2.812918589075755,53.999990290425856
E13490,238.745456,CENTRE AVE AT GRAHAM ST,2.8278017562137223,54.09188444247929
P03490,235.39999999999998,STANWIX ST OPP FOURTH AVE,2.842684923351689,54.18249091414079
E01660,235.22273249999998,FIFTH AVE AT SHADY AVE,2.857568090489656,54.27302915477972
E13910,235.08409,CENTRE AVE OPP CYPRESS ST,2.872451257627623,54.363514031324556
E01810,230.061356275,FIFTH AVE AT WASHINGTON PL,2.8873344247655903,54.45206563607281
P00920,229.51590992500002,7TH ST AT FT DUQUESNE BLVD,2.902217591903557,54.54040729617681
P00490,226.98636499999998,FIFTH AVE AT GRANT ST NS,2.917100759041524,54.62777532356814
W26170,224.52954545454554,WEST BUSWAY AT INGRAM STATION C,2.931983926179491,54.71419771055794
S08860,224.36817299999998,BROWNSVILLE RD OPP MATTHEWS AVE,2.946867093317458,54.80055798459645
S48620,223.93636500000002,WHARTON ST AT S 20TH ST,2.9617502604554247,54.88675205388003
W03830,222.56818181818184,CHARTIERS AVE AT MCKEES ROCKS PLAZA NS,2.9766334275933914,54.97241950357697
E41090,222.059088,MURRAY AVE AT BARTLETT ST,2.991516594731359,55.057891000875415
E01900,221.840910275,FIFTH AVE OPP BELLEFONTE ST,3.006399761869326,55.143278520629856
E00980,218.96363710000003,FIFTH AVE AT BELLEFONTE ST,3.0212829290072927,55.22755856557379
S02620,218.56363636363633,8TH AVE AT ANN ST FS,3.0361660961452595,55.31168464851524
E09540,215.65909090909093,BRADDOCK HILLS SHPG CTR AT PROPEL SCHOOL,3.0510492632832267,55.39469275942858
E70450,214.277275,MONROEVILLE MALL AT WEST COURT ENTRANCE,3.0659324304211935,55.47716900345998
E01000,213.747725825,FIFTH AVE AT UNIVERSITY PL,3.0808155975591602,55.55944142173812
N70048,213.67953899999998,WATERWORKS MALL OPP BED BATH & BEYOND (WALMART),3.0956987646971275,55.641687594614275
E13600,212.33864,CENTRE AVE AT MELWOOD AVE,3.1105819318350942,55.72341764970265
N30310,211.33636363636364,LINCOLN AVE OPP FREMONT AVE,3.125465098973061,55.804761924311244
E70378,209.28181404499998,FIFTH AVE OPP AIKEN AVE,3.1403482661110282,55.88531539395244
S08720,209.26591274999998,BROWNSVILLE RD OPP KNOX AVE,3.155231433248995,55.96586274311686
N30390,208.91136363636366,LINCOLN AVE AT SHERIDAN AVE,3.170114600386962,56.04627362480371
S16270,208.83181770000002,E CARSON ST AT S 22ND ST,3.1849977675249295,56.1266538889178
E41120,208.2272715,MURRAY AVE AT BEACON ST NS,3.1998809346628967,56.2068014606014
E45880,206.2795478,PENN AVE AT VILLAGE OF EASTSIDE SHPG CTR,3.2147641018008635,56.28619934506226
E46200,205.87500500000002,PENN AVE AT MAIN ST,3.2296472689388303,56.36544151926084
W70118,205.35681818181808,LAYOVER WEST BUSWAY TERMINAL,3.244530436076797,56.444484241126126
E41890,204.5931855,NEGLEY AVE AT PENN AVE,3.2594136032147643,56.523233037490364
W07587,204.3477272727273,KENNEDY CTR GIANT EAGLE,3.274296770352731,56.601887355928035
E13690,204.17954500000002,CENTRE AVE AT NEGLEY AVE,3.289179937490698,56.68047694028616
E30570,204.14090909090888,HWY RT 286 AT ALPINE VILLAGE PARK AND RIDE,3.304063104628665,56.75905165351682
S42360,202.91590885,SOUTH BUSWAY AT SOUTH HILLS JCT,3.318946271766632,56.83715485889017
E14000,202.084095,CENTRE AVE OPP MILLVALE AVE,3.3338294389045986,56.91493789553783
S02930,201.53863636363633,8TH AVE AT WEST ST FS,3.348712606042566,56.99251098281217
S16310,201.27953100000002,E CARSON ST AT S 24TH ST,3.3635957731805326,57.069984339318516
E30310,200.95454545454527,HWY RT 286 OPP ALPINE VILLAGE PARK AND RIDE,3.3784789403184994,57.147332607491755
S70110,200.36817849999997,CENTURY III PARKING LOT AT SHELTER,3.3933621074564666,57.22445518050419
E17310,200.23636464499998,EAST BUSWAY AT EAST LIBERTY STATION B,3.4082452745944334,57.30152701779735
E70217,199.079565,VA HOSPITAL TRANSIT LOOP AT SHELTER,3.4231284417324,57.37815359793566
N38390,197.9590955,NORTH AVE AT CEDAR AVE (AGH),3.438011608870368,57.45434890454805
E19640,197.929543,FORBES AVE AT MURDOCH ST,3.4528947760083346,57.530532836276194
E01990,196.6181785,FIFTH AVE OPP MARYLAND AVE,3.467777943146302,57.60621201817253
E41100,196.102275,MURRAY AVE AT BARTLETT ST FS,3.4826611102842686,57.68169262659456
S30640,195.93181818181816,LYSLE BLVD AT COURSIN ST FS,3.4975442774222354,57.75710762545471
S08700,194.70909425,BROWNSVILLE RD AT KNOX AVE,3.5124274445602026,57.83205199261868
W26175,193.1818181818183,WEST BUSWAY AT INGRAM STATION A,3.5273106116981694,57.906408504660355
S08930,193.179549,BROWNSVILLE RD AT PARKFIELD ST,3.542193778836136,57.98076414328418
E17290,192.602277245,EAST BUSWAY AT HAY ST RAMP OUTBOUND SHELTER,3.5570769459741034,58.05489758752862
N38740,192.5795462,NORTH AVE AT REDDOUR ST,3.57196011311207,58.129022282496145
S08790,192.40227320000002,BROWNSVILLE RD AT MCKINLEY ST,3.586843280250037,58.20307874432411
P02865,191.62046399999997,PENN AVE AT 8TH ST,3.601726447388004,58.276834284431075
E41140,190.95454999999998,MURRAY AVE AT DARLINGTON RD,3.616609614525971,58.350333511377606
E17308,190.94773248500002,EAST BUSWAY AT NEGLEY STATION B,3.6314927816639377,58.42383011423329
E41300,189.2090925,MURRAY AVE OPP MORROWFIELD AVE,3.6463759488019045,58.49665750708674
S70407,188.37273,E CARSON ST AT S 9TH ST,3.6612591159398717,58.569162980419556
N70000,188.22272405,NORTH AVE AT SANDUSKY ST (AGH),3.6761422830778385,58.64161071581755
E19520,187.01363500000002,FORBES AVE AT MARGARET MORRISON ST NS,3.691025450215806,58.713593067643984
N53510,185.956818,WATERWORKS MALL AT WALMART,3.705908617353773,58.78516864606531
E01920,185.38863909999998,FIFTH AVE OPP CLYDE ST,3.72079178449174,58.856525529986214
E39908,184.6931818181818,MONROEVILLE MALL AT PARK AND RIDE SHELTER,3.735674951629707,58.92761472941053
P00680,181.6068215,SIXTH AVE AT FIFTH AVE,3.7505581187676738,58.99751597548434
E13610,180.20908500000002,CENTRE AVE AT MELWOOD AVE,3.7654412859056405,59.06687922677235
S09090,179.82954635,BROWNSVILLE RD AT SANKEY AVE,3.7803244530436078,59.13609639200287
S16240,179.6886389,E CARSON ST AT S 21ST ST,3.7952076201815745,59.2052593213503
E41960,179.611367,NEGLEY AVE AT STANTON AVE,3.8100907873195413,59.27439250841135
E41280,178.988633,MURRAY AVE AT LORETTA ST,3.8249739544575085,59.34328600247951
P00360,176.97954950000002,FOURTH AVE AT GRANT ST FS,3.8398571215954753,59.411406191674246
E19890,176.42727,FORBES AVE OPP MARGARET MORRISON ST,3.854740288733442,59.47931380611592
W19495,176.37954485,PARK MANOR DR AT ROBINSON PLAZA,3.8696234558714093,59.547203050942265
S42350,174.30909745000002,SOUTH BUSWAY AT SOUTH HILLS JCT,3.884506623009376,59.61429537166632
E41260,173.377272,MURRAY AVE AT LILAC ST,3.899389790147343,59.68102902877006
S16060,171.84090500000002,E CARSON ST AT S 10TH ST,3.91427295728531,59.74717133161275
E35370,171.27727000000002,LIBERTY AVE AT MILLVALE AVE (WEST PENN HOSP),3.929156124423277,59.81309668892164
N71286,170.5,ALPHA DR AT HARMAR PARK-AND-RIDE,3.9440392915612446,59.87872287166712
E70230,169.98863500000002,ELLSWORTH AVE AT EAST LIBERTY STATION,3.9589224586992113,59.94415222782645
TP7076,169.49091199999998,LAYOVER PENN PARK TERMINAL - N,3.973805625837178,60.00939000826405
N17040,166.961365,EAST COMMONS AT NORTH COMMONS,3.9886887929751453,60.07365415519029
E19360,166.34545000000003,FORBES AVE BTW DENNISTON ST & SHADY AVE,4.003571960113113,60.13768123378607
E41290,163.07272935,MURRAY AVE AT MORROWFIELD AVE FS,4.018455127251079,60.20044862813872
N13550,162.352266,CEDAR AVE AT EAST OHIO ST,4.033338294389046,60.26293871305168
E41250,161.540913,MURRAY AVE AT LILAC ST,4.048221461527013,60.325116504708056
S30660,161.4363636363637,LYSLE BLVD AT EVANS ST,4.06310462866498,60.38725405486504
E70234,161.41590499999998,ELLSWORTH AVE OPP EAST LIBERTY STATION,4.0779877958029465,60.44938373040497
S08770,161.163636,BROWNSVILLE RD AT MAYTIDE ST,4.092870962940913,60.51141630652265
E42350,160.39091000000002,NORTH VERSAILLES PARK AND RIDE AT SHELTER,4.107754130078881,60.57315145708202
W03360,159.3090909090909,CHARTIERS AVE AT EAT-N-PARK,4.122637297216848,60.63447021082404
S30735,159.2681818181818,LYSLE BLVD OPP MCKEESPORT TRANSPORTATION CENT,4.1375204643548145,60.695773218481186
E01460,158.83636585,FIFTH AVE AT NEGLEY AVE,4.152403631492781,60.756910018316375
S09200,158.27272999999997,BROWNSVILLE RD AT WALNUT ST FS,4.167286798630748,60.81782987229061
E14060,157.672735,CENTRE AVE OPP SHADYSIDE HOSPITAL,4.182169965768715,60.87851878561078
E17294,153.31818392,EAST BUSWAY AT EAST LIBERTY STATION D,4.1970531329066825,60.937531613506025
S70138,152.75909,E CARSON ST AT S 26TH ST,4.21193630004465,60.99632924374869
S08370,152.543185,BROWNSVILLE RD AT CEDRICTON ST FS,4.226819467182617,61.055043771228966
S02550,151.7,8TH AVE AT AMITY ST,4.241702634320584,61.11343375317906
N38770,151.1977286,NORTH AVE OPP BOYLE ST,4.2565858014585505,61.17163040870871
P02890,150.5090916,PENN AVE AT 9TH ST,4.271468968596517,61.22956200489755
E70000,150.2545482,WOODSTOCK AVE AT SWISSVALE STATION STEPS,4.286352135734484,61.2873956262378
P00690,149.64545095,SIXTH AVE AT BIGELOW BLVD,4.301235302872451,61.344994803428854
S08550,148.927269,BROWNSVILLE RD AT GOLDBACH WAY,4.3161184700104185,61.402317549300875
E41220,148.31363499999998,MURRAY AVE AT HAZELWOOD AVE,4.331001637148385,61.45940410480913
E45630,147.377274,PENN AVE AT 44TH ST (CHILDRENS HOSPITAL),4.345884804286352,61.51613025094434
S00982,146.32272650000002,SECOND AVE AT TECUMSEH ST,4.360767971424319,61.57245049721476
E01650,146.14089529999998,FIFTH AVE AT SHADY AVE,4.375651138562286,61.62870075587485
S09530,143.95227500000001,BROWNSVILLE RD OPP MCKINLEY ST,4.390534305700252,61.6841086051756
S30740,143.86363636363643,LYSLE BLVD AT MCKEESPORT TRANSPORTATION CENT,4.40541747283822,61.73948233708428
S30830,143.73636363636368,LYSLE BLVD OPP EVANS ST,4.420300639976187,61.79480708117326
S16300,143.65454649999998,E CARSON ST AT S 24TH ST,4.435183807114154,61.85010033349484
E70429,142.71818,CENTRE AVE AT HILL HOUSE,4.450066974252121,61.905033174326405
P01600,142.681819225,EAST BUSWAY AT PENN STATION A,4.464950141390088,61.95995201973942
W08036,142.45907749999998,GREENTREE RD AT CHATHAM PARK DR,4.479833308528055,62.01478513090522
N38380,141.92955,NORTH AVE AT BRIGHTON RD FS,4.494716475666022,62.06941442466054
E29140,141.602273,HIGHLAND AVE AT STANTON AVE,4.509599642803988,62.12391774809206
N19200,141.475,FEDERAL ST AT MONTGOMERY AVE,4.524482809941956,62.17837208359891
E35350,141.40227,LIBERTY AVE AT MATHILDA ST (WEST PENN HOSP),4.539365977079923,62.23279842501619
N14830,140.49318519999997,CHATEAU ST AT JUNIATA ST,4.55424914421789,62.28687485578703
N13600,140.0159085,CEDAR AVE AT SUISMON ST,4.569132311355856,62.340767580704906
E13780,139.254545,CENTRE AVE AT SHADYSIDE HOSPITAL,4.584015478493823,62.39436725353956
E19590,139.075,FORBES AVE AT MILTENBERGER ST,4.59889864563179,62.4478978187321
N38370,139.015907,NORTH AVE AT BRIGHTON RD,4.613781812769757,62.50140563877499
S09620,138.8090915,BROWNSVILLE RD OPP PARKFIELD ST,4.628664979907724,62.5548338546431
E27540,138.422731,HAY ST AT PENN AVE,4.643548147045691,62.608113358694325
E01090,137.152275545,FIFTH AVE AT COLLEGE ST,4.658431314183658,62.66090385898099
E08450,137.0590909090909,BOYCE CAMPUS EAST PKG LOT AT STEPS,4.673314481321625,62.71365849210081
E01350,136.44545485,FIFTH AVE AT MARYLAND AVE,4.6881976484595915,62.76617693406431
S16250,136.19317955000002,E CARSON ST AT S 21ST ST,4.703080815597559,62.81859827418065
P01290,136.15454599999998,BLVD OF ALLIES AT STANWIX ST,4.717963982735526,62.871004744077574
E01700,135.81590815,FIFTH AVE AT STEVENSON ST,4.732847149873494,62.923280870810686
E10920,134.4886395,BROWNS HILL RD AT PARKVIEW BLVD FS,4.74773031701146,62.97504612613629
E70451,134.045455,LAWRENCEVILLE SHOPPING CENTER,4.762613484149427,63.02664079784323
S48270,133.3477205,WATERFRONT DR AT LOEW'S THEATRE,4.777496651287394,63.07796690854251
E41800,133.002272,NEGLEY AVE AT FRIENDSHIP AVE,4.792379818425361,63.12916005462953
E14020,132.5659115,CENTRE AVE OPP NEVILLE ST,4.8072629855633275,63.180185243684775
E11660,132.1977265,BUTLER ST AT 41ST ST,4.822146152701294,63.231068716751196
S43040,132.06817935,SMITHFIELD ST BRIDGE AT STATION SQUARE,4.837029319839262,63.28190232656284
E13940,132.004545,CENTRE AVE AT ADDISON ST,4.851912486977229,63.33271144323971
N19270,131.9159095,FEDERAL ST AT NORTH AVE FS,4.8667956541151955,63.3834864437317
W70072,131.64545134999997,PARK MANOR BLVD AT ROBINSON CENTER DR,4.881678821253162,63.43415734371941
E38070,131.0181815,MAIN ST AT PENN AVE NS,4.896561988391129,63.4845868048461
W25100,130.91590909090914,WASHINGTON PIKE AT THOMS RUN RD,4.911445155529096,63.534976900883
E51040,130.6500005,SAWYER WAY AT EAST BUSWAY,4.9263283226670636,63.58526464756048
S00450,130.5204491,S 18TH ST OPP MT OLIVER ST FS,4.94121148980503,63.63550252934734
W19558,130.47727272727295,PARKWAY CENTER DR SOUTH AT BUILDING #7,4.956094656942998,63.68572379236277
W25430,130.18409090909108,WASHINGTON PIKE OPP THOMS RUN RD (WOODVILLE P-N-R),4.970977824080965,63.735832208436406
S00790,130.00454200000001,SECOND AVE AT GLEN CALADH ST,4.985860991218932,63.785871515363304
E35270,129.925,LIBERTY AVE AT ELLA ST,5.000744158356898,63.835880206232545
P00760,129.888637375,6TH ST AT FT DUQUESNE BLVD,5.015627325494865,63.88587490097115
N05685,129.83636363636364,AMBRIDGE PARK AND RIDE,5.030510492632832,63.93584947532312
S43380,129.26136,SOUTH CAMPUS DRVWY AT LIBRARY ENTRANCE,5.0453936597708,63.98560272830428
E34910,128.8863655,LIBERTY AVE AT 21ST ST,5.060276826908766,64.03521164429081
S16230,128.52272499999998,E CARSON ST AT S 20TH ST,5.075159994046733,64.0846805934861
N45780,127.86818199999999,RHINE ST OPP #2129,5.0900431611847,64.13389760626772
E15960,127.53408850000001,EAST LIBERTY BLVD AT FRANKSTOWN AVE,5.104926328322667,64.18298602502537
E52780,126.98635999999999,STANTON AVE AT NEGLEY AVE,5.1198094954606335,64.23186362072943
E29055,126.481815,HIGHLAND AVE AT PENN AVE,5.134692662598601,64.28054701489467
E01840,126.309091,FIFTH AVE AT WYANDOTTE ST,5.149575829736568,64.32916392684999
E01500,125.9659072,FIFTH AVE AT NEVILLE ST,5.164458996874535,64.3776487458858
E19595,125.62046,FORBES AVE AT OAKLAND AVE,5.1793421640125015,64.42600060080976
N41340,124.3749955,PENFORT ST AT #338,5.194225331150468,64.47387307109508
E19630,124.2772695,FORBES AVE AT MURDOCH ST,5.209108498288436,64.52170792622304
S02910,123.53636363636362,8TH AVE AT WEST ST (HI-LEVEL BRIDGE),5.223991665426403,64.56925760349995
N17380,123.26817945,EAST OHIO ST AT JAMES ST,5.2388748325643695,64.61670405553097
N71205,122.18636550000001,FEDERAL ST AT HEMLOCK ST,5.253757999702337,64.6637341127234
E19220,121.73636,FORBES AVE AT BOYD ST (DUQUESNE UNIV),5.268641166840304,64.71059096086493
E53500,121.4181775,ST CLAIR ST AT BUNKER HILL APTS,5.283524333978271,64.75732533919476
N71193,121.229544,CEDAR AVE AT EAST OHIO ST NS,5.2984075011162375,64.80398711167979
E70271,120.73636049999999,DARRAGH ST AT FIFTH AVE,5.313290668254204,64.85045905571614
W08093,120.47045454545454,GREENTREE RD AT PARKWAY CENTER DR SOUTH,5.328173835392171,64.89682865140783
N17765,120.29544920000001,EAST OHIO ST OPP UNION PL,5.343057002530138,64.94313088678993
S08230,120.08863636363637,BROWNSVILLE RD AT #3010 (BRENTWOOD LOOP),5.3579401696681055,64.98935351902252
E42140,119.88636199999999,NEVILLE ST AT FIFTH AVE,5.372823336806072,65.03549829498324
E13720,119.0204495,CENTRE AVE AT NEVILLE ST,5.387706503944039,65.08130977750135
W70099,119.0,WEST BUSWAY AT BELL STATION C,5.402589671082006,65.12711338891901
N17300,118.77272727272727,EAST OHIO ST AT GRANT AVE,5.417472838219973,65.17282952208721
W25800,118.38181775000001,W CARSON ST AT DUQUESNE INCLINE,5.432356005357939,65.21839519250014
N70015,116.963637275,EAST OHIO ST AT NASH ST FS,5.447239172495907,65.26341499915344
E41270,116.506816,MURRAY AVE AT LORETTA ST,5.462122339633875,65.30825897333473
W26160,116.47954625,WEST BUSWAY AT IDLEWOOD STATION C,5.4770055067718415,65.35309245127205
W21910,115.45,STEUBEN ST AT WOODLOW ST,5.491888673909808,65.39752965243314
E13450,115.38636000000001,CENTRE AVE AT ERIN ST,5.506771841047775,65.44194235828473
N30190,115.23636363636368,LINCOLN AVE AT BALPH AVE,5.521655008185742,65.48629732989133
P01240,114.37954554999999,BLVD OF ALLIES AT MARKET ST,5.536538175323709,65.5303225085342
E46630,114.15681500000001,PENN AVE OPP 44TH ST (CHILDRENS HOSPITAL),5.551421342461675,65.57426195723116
E41900,114.09318164999999,NEGLEY AVE AT PENN AVE FS,5.566304509599643,65.61817691317825
E35260,113.084093,LIBERTY AVE AT EDMOND ST,5.58118767673761,65.66170346656726
E42132,112.827275,NEVILLE RAMP AT CENTRE AVE FS,5.596070843875577,65.70513116960434
E01190,112.48409035,FIFTH AVE AT DINWIDDIE ST,5.610954011013543,65.74842677939478
S02570,112.425,8TH AVE AT AMITY ST FS,5.62583717815151,65.79169964505553
E35480,112.14545199999999,LIBERTY AVE OPP 21ST ST FS,5.640720345289477,65.83486491148972
E00910,111.7704504,FIFTH AVE AT AIKEN AVE,5.655603512427445,65.87788583819642
E41755,111.00681499999999,NEGLEY AVE AT EAST BUSWAY STEPS,5.670486679565411,65.92061283835586
N47310,110.90227015,SANDUSKY ST AT UNDERPASS,5.685369846703378,65.96329959875324
W20130,110.76591,RACEWAY FIRELANE AT SHOP N SAVE,5.700253013841345,66.00593387354286
P70007,110.40227349999999,FIFTH AVE AT ROSS ST,5.715136180979312,66.04842818308084
N10620,110.131816,BRIGHTON RD AT TAYLOR AVE,5.730019348117279,66.09081839236475
N35530,110.065912,MT PLEASANT RD AT HAZLETT ST,5.744902515255246,66.13318323491585
E70365,109.231815,HIGHLAND AVE AT BAUM BLVD,5.759785682393213,66.175227029947
E45610,109.09999905000001,PENN AVE AT 40TH ST,5.774668849531181,66.21722008845249
E45890,108.0954521,PENN AVE OPP VILLAGE OF EASTSIDE SHPG CTR,5.789552016669147,66.25882649251977
E70228,107.07726939999999,LAYOVER BRUSHTON TERMINAL,5.804435183807114,66.30004099369005
W02730,106.91591,BROADWAY AVE AT 9TH ST FS,5.819318350945081,66.34119338693381
E01980,106.73635949999999,FIFTH AVE OPP HIGHLAND AVE,5.834201518083048,66.38227667041846
E17306,106.734092,EAST BUSWAY AT HERRON STATION C,5.8490846852210145,66.42335908113263
N10460,106.2090905,BRIGHTON RD AT JACKSONIA ST FS,5.863967852358982,66.46423941651318
S09310,106.063635,BROWNSVILLE RD AT WYNOKA ST,5.878851019496949,66.50506376544666
N17430,105.81136140000001,EAST OHIO ST AT MIDDLE ST,5.893734186634916,66.54579101318735
S01280,104.58409090909089,2ND ST AT GRANT AVE,5.9086173537728826,66.58604587924171
P01610,104.497728495,EAST BUSWAY AT PENN STATION B,5.923500520910849,66.62626750403174
E41750,104.277266,NEGLEY AVE AT CORAL ST,5.938383688048816,66.66640427185997
E01930,104.2090935,FIFTH AVE OPP COLLEGE ST,5.953266855186783,66.70651479979999
S23780,104.13863636363634,HWY RT 51 AT GREENLEE RD,5.968150022324751,66.74659820848542
E13470,103.56591,CENTRE AVE AT FRANCIS ST,5.983033189462718,66.78646117233211
S70266,103.52727272727275,BRENTWOOD LOOP TERMINUS,5.997916356600685,66.8263092645265
E42150,103.51136,NEVILLE ST AT ELLSWORTH AVE NS,6.012799523738652,66.86615123184376
W26165,103.05227272727274,WEST BUSWAY AT IDLEWOOD STATION A,6.027682690876619,66.90581649449678
W26000,103.050001425,W CARSON ST OPP DUQUESNE INCLINE,6.042565858014585,66.94548088291576
W20442,102.97272969999999,ROBINSON TOWNE CTR DR AT PARK MANOR BLVD,6.057449025152552,66.98511552911573
E70815,102.729545,HIGHLAND AVE AT ELLSWORTH AVE STEPS,6.072332192290519,67.02465657247954
N10250,101.593185,BRIGHTON RD AT BENTON AVE,6.087215359428487,67.06376022599572
E56003,101.47727669999999,WALLACE AVE AT HAY ST,6.102098526566453,67.10281926590908
N30300,101.47045454545456,LINCOLN AVE OPP FREMONT AVE NS,6.11698169370442,67.14187567994583
S16220,100.91818,E CARSON ST AT S 20TH ST,6.131864860842387,67.18071952113658
S27545,100.86364,KENNYWOOD MALL FIRE LANE AT GIANT EAGLE,6.146748027980354,67.21954236964692
N02010,100.65,E 4TH AVE AT HICKORY AL,6.1616311951183205,67.25828298720312
N45670,100.4227135,RHINE ST AT BUENTE ST,6.176514362256288,67.29693612120869
X03410,100.29772949999999,BROOKLINE BLVD AT GLENARM AVE,6.191397529394255,67.33554114833551
E01480,99.41591,FIFTH AVE AT NEVILLE ST,6.206280696532222,67.37380675934706
N10260,99.33181775000001,BRIGHTON RD AT BENTON AVE,6.2211638636701885,67.41204000289018
E28880,98.45,HIGHLAND AVE AT FIFTH AVE FS,6.236047030808156,67.44993383099161
S09550,98.2863582,BROWNSVILLE RD OPP NOBLES LN,6.250930197946122,67.48776467266096
S48230,98.25681818181815,LAYOVER WATERFRONT TERMINUS,6.26581336508409,67.52558414425033
S16160,98.2568125,E CARSON ST AT S 17TH ST,6.2806965322220565,67.56340361365277
N10810,98.00227,BRIGHTON RD AT WOODS RUN AVE,6.295579699360024,67.601125108553
E39300,97.97727,MILLVALE AVE AT CENTRE AVE FS,6.31046286649799,67.63883698084582
E13390,97.7386375,CENTRE AVE AT DEVILLIERS ST,6.325346033635958,67.67645700246382
E41790,97.736363,NEGLEY AVE AT FRIENDSHIP AVE,6.340229200773924,67.714076148617
S23590,97.7318181818182,HWY RT 51 AT BROWNSVILLE RD,6.355112367911891,67.75169354545014
N08120,97.070455,BEAVER AVE AT PENNSYLVANIA AVE,6.369995535049859,67.78905638075227
N71192,97.06135805000001,EAST OHIO ST AT CEDAR AVE,6.384878702187826,67.82641571459929
E70814,97.05227,HIGHLAND AVE AT ELLSWORTH AVE STEPS,6.399761869325793,67.86377155041679
E41210,96.6659085,MURRAY AVE AT HAZELWOOD AVE FS,6.414645036463759,67.9009786740325
W02770,96.361365,BROADWAY AVE OPP DALE ST,6.429528203601727,67.93806857754625
E10970,95.68636599999999,BROWNS HILL RD OPP PARKVIEW BLVD,6.444411370739693,67.974898671044
W26135,95.4590909090909,WEST BUSWAY AT BELL STATION A,6.4592945378776605,68.01164128538252
N70008,95.4340909090909,LINCOLN AVE AT HARRISON AVE,6.474177705015627,68.0483742771136
S00590,95.08863500000001,S 26TH ST AT E CARSON ST,6.489060872153594,68.08497430138061
N47280,95.0863634,SANDUSKY ST AT GENERAL ROBINSON ST,6.503944039291561,68.12157345129904
W21650,94.93409700000001,STEUBEN ST AT OBEY ST,6.5188272064295285,68.15811399322573
E42131,93.96591,NEVILLE RAMP AT CENTRE AVE,6.533710373567494,68.1942818758152
E41170,93.686365,MURRAY AVE AT FORBES AVE,6.548593540705462,68.2303421603328
E33040,93.1499995,JUMONVILLE ST AT WATSON ST,6.563476707843428,68.26619599546434
S02610,92.3681818181818,8TH AVE AT ANN ST,6.578359874981396,68.30174890561021
E56030,92.286367,WALLACE AVE AT WOOD ST,6.593243042119362,68.33727032488092
N10850,92.186363,BRIGHTON RD OPP HIGHWOOD ST,6.60812620925733,68.37275325218226
E70792,92.04091,BEDFORD AVE AT WATT LN,6.623009376395298,68.40818019399882
S08840,91.8931845,BROWNSVILLE RD AT NOBLES LN,6.637892543533264,68.44355027563553
E29077,91.76136000000001,HIGHLAND AVE OPP BAUM BLVD,6.652775710671231,68.47886961745567
E46040,91.715911,PENN AVE AT GRANT ST,6.667658877809197,68.51417146576038
E17289,91.64091015,EAST BUSWAY AT HAY ST RAMP INBOUND SHELTER,6.682542044947165,68.54944444591563
N53610,91.5,WEST VIEW PLAZA SC AT TERMINUS,6.697425212085132,68.58466318914853
N43430,91.43863499999999,PERRYSVILLE AVE AT EAST ST,6.712308379223099,68.61985831272922
E20970,91.36136050000002,FRANKSTOWN RD AT DUFF RD FS,6.727191546361065,68.65502369302277
E04150,91.28863636363636,ARDMORE BLVD AT AVE B (PARK AND RIDE),6.742074713499033,68.69016108148368
E19170,91.125008,FORBES AVE AT BEELER ST,6.756957880636999,68.7252354886842
P01260,90.91136309999999,BLVD OF ALLIES AT SMITHFIELD ST,6.771841047774966,68.76022766304457
S04290,90.62727100000001,ARLINGTON AVE AT JOHN ST FS,6.786724214912933,68.79511048913473
E41950,90.59090699999999,NEGLEY AVE AT STANTON AVE,6.8016073820509,68.829979318565
N05000,90.0,CHILDREN'S WAY,6.816490549188867,68.86462070535147
E13950,89.11818,CENTRE AVE OPP FRANCIS ST,6.831373716326834,68.89892267583019
P02610,88.9909071,LIBERTY AVE OPP 11TH ST FS (AMTRAK),6.8462568834648,68.93317565842277
S01290,88.59090909090908,2ND ST AT GRANT AVE,6.861140050602768,68.96727468006257
E51340,88.06590949999999,SHADY AVE AT FORBES AVE,6.876023217740736,69.0011716271036
S00750,87.50909300000001,SECOND AVE AT ELIZABETH ST,6.8909063848787016,69.03485425308078
E13880,87.486365,CENTRE AVE OPP ALLEQUIPPA ST,6.905789552016669,69.06852813095308
N06210,87.24545454545455,AVALON LOOP AT CALIFORNIA AVE FS,6.920672719154636,69.10210928135608
N30350,87.22045454545454,LINCOLN AVE AT JACKSON AVE,6.935555886292604,69.13568080915165
E01560,87.079545,FIFTH AVE AT MAURICE ST,6.95043905343057,69.16919810025759
S16090,86.81363499999999,E CARSON ST AT S 12TH ST,6.965322220568537,69.20261304146176
E18530,86.65681749999999,ELLSWORTH AVE AT GRAHAM ST,6.980205387706503,69.23596762293623
W02745,86.5454555,BROADWAY AVE AT DALE ST,6.995088554844471,69.2692793406983
E28910,86.48409299999999,HIGHLAND AVE AT ALDER ST,7.009971721982438,69.30256743977041
W70085,86.479545,BROADWAY AVE AT 9TH ST,7.024854889120405,69.33585378829778
X03110,86.17045700000001,BROOKLINE BLVD AT PIONEER AVE FS (#506),7.039738056258371,69.36902116752562
S04450,86.00909,JOSEPHINE ST AT ARLINGTON AVE,7.054621223396339,69.40212643590165
E35400,85.79545999999999,LIBERTY AVE AT PEARL ST,7.069504390534305,69.43514947717256
E70970,85.70454575,FIFTH AVE AT ROBINSON ST FS,7.084387557672272,69.46813752515794
E11770,85.66591185000001,BUTLER ST AT 52ND ST,7.099270724810239,69.50111070278918
N43350,85.611365,PERRYSVILLE AVE AT BURGESS ST,7.114153891948207,69.53406288510344
E30375,85.53409180000001,HWY RT 286 AT HOLIDAY PARK VFD,7.1290370590861745,69.56698532463092
S44900,85.5204545454546,ST CLAIR AVE AT MILLER AVE FS,7.14392022622414,69.5999025151205
E18965,85.484091,OLD ABERS CREEK RD AT HOLIDAY PARK VFD,7.158803393362108,69.63280570912518
E08140,85.3522725,BLVD OF ALLIES AT DAWSON ST,7.173686560500074,69.6656581656227
E70293,85.231817,TERRACE ST AT SUTHERLAND DR,7.188569727638042,69.6984642582806
E19830,85.1954525,FORBES AVE OPP BEELER ST,7.203452894776008,69.73125635408616
S02840,85.06818181818184,8TH AVE AT MCCLURE ST,7.218336061913975,69.76399946285933
S08730,84.9227318,BROWNSVILLE RD AT MARLAND AVE,7.233219229051942,69.79668658729541
S44810,84.66363636363633,ST CLAIR AVE AT MILLER AVE,7.24810239618991,69.82927398478455
S23770,84.56136363636367,HWY RT 51 AT GREENLEE RD,7.2629855633278755,69.86182201706143
E70780,83.854545,BEDFORD AVE AT CHAUNCEY DR,7.277868730465843,69.89409799180753
E12030,83.759094,BUTLER ST AT MAIN ST,7.292751897603809,69.92633722705351
S16590,83.53636365000001,E CARSON ST AT S 27TH ST,7.307635064741777,69.95849073243056
S47500,83.384089,WARRINGTON AVE AT ALLEN ST,7.3225182318797435,69.99058562664041
S09140,83.097725,BROWNSVILLE RD AT STEWART AVE,7.337401399017711,70.02257029811598
N35630,83.015911,MT PLEASANT RD OPP HAZLETT ST,7.352284566155677,70.05452347903133
E39290,82.945455,MILLVALE AVE AT CENTRE AVE,7.367167733293645,70.0864495411295
N10820,82.86591,BRIGHTON RD AT WOODS RUN AVE,7.382050900431612,70.11834498601532
S08130,82.70000000000002,BROWNSVILLE RD AT W AGNEW AVE,7.396934067569578,70.15017657142911
P70005,82.55227099999999,SECOND AVE AT B ST,7.411817234707546,70.18195129531591
X04400,82.3272725,CHELTON AVE AT QUEENSBORO ST,7.426700401845513,70.21363941631311
S16130,82.077275,E CARSON ST AT S 14TH ST,7.44158356898348,70.24523131219816
S08460,82.02954615,BROWNSVILLE RD AT E AGNEW AVE,7.456466736121446,70.27680483704373
S30760,81.57499999999997,LYSLE BLVD AT SENIOR CARE PLAZA,7.471349903259414,70.3082034051227
S01620,81.47045454545454,5TH AVE AT #1681,7.48623307039738,70.3395617332069
S00260,81.3954509,S 18TH ST AT MISSION ST,7.5011162375353475,70.37089119206563
E01260,81.36136335,FIFTH AVE AT HIGHLAND AVE,7.515999404673314,70.40220753047987
E70014,81.265909,NEGLEY AVE AT BAUM BLVD,7.530882571811281,70.43348712810459
N19290,81.261365,FEDERAL ST AT SAMPSONIA WAY,7.545765738949248,70.46476497672415
N30240,80.64318181818182,LINCOLN AVE AT BRYANT AVE FS,7.5606489060872155,70.49580488398034
E70046,80.46363500000001,FRANKSTOWN AVE AT HOMEWOOD AVE,7.575532073225181,70.52677568289457
E34950,80.3454555,LIBERTY AVE AT 25TH ST,7.590415240363149,70.55770099401136
N43360,80.28182,PERRYSVILLE AVE AT BURGESS ST,7.605298407501115,70.58860181155072
E35850,80.0818185,LINCOLN AVE AT LINCOLN LOOP,7.620181574639083,70.61942564765319
S23570,80.0113636363636,HWY RT 51 AT BROWNSVILLE RD,7.63506474177705,70.65022236537585
E28960,79.9181805,HIGHLAND AVE AT EAST LIBERTY BLVD,7.649947908915017,70.68098321650888
E70244,79.711365,39TH ST AT BUTLER ST,7.664831076052985,70.71166446346712
N10755,79.654545,BRIGHTON RD AT SCHIMMER ST,7.679714243190951,70.74232384016318
X70021,79.4795475,BROOKLINE BLVD AT PIONEER AVE,7.694597410328918,70.77291585956942
W03550,79.31591,CHARTIERS AVE AT LORENZ AVE,7.709480577466884,70.80344489419865
S04040,79.3045415,AMANDA ST AT GOLDBACH WAY,7.724363744604852,70.83396955304337
E11640,79.02500045,BUTLER ST AT 40TH ST NS,7.739246911742819,70.8643866153366
N30360,78.8522727272727,LINCOLN AVE AT JACKSON AVE,7.754130078880786,70.89473719398701
E11760,78.65909275000001,BUTLER ST AT 51ST ST (STANTON AVE),7.769013246018752,70.92501341683396
S16330,78.647726,E CARSON ST AT S 26TH ST,7.78389641315672,70.95528526457
E13340,78.60227,CENTRE AVE AT CRAIG ST NS,7.798779580294686,70.98553961609626
E35410,78.293185,LIBERTY AVE AT PEARL ST,7.813662747432653,71.0156749994777
E01330,78.168182075,FIFTH AVE AT MAGEE ST,7.82854591457062,71.0457622686961
N10450,78.0681845,BRIGHTON RD AT JACKSONIA ST,7.843429081708588,71.07581104841812
E35250,78.0045455,LIBERTY AVE AT EDMOND ST,7.858312248846554,71.10583533321555
E20590,77.89772450000001,FRANKSTOWN AVE AT PAULSON AVE,7.873195415984521,71.13581850215101
E35830,77.88408985,LINCOLN AVE AT LEMINGTON AVE,7.888078583122489,71.16579642305108
E35470,77.8386395,LIBERTY AVE OPP 17TH ST,7.902961750260455,71.1957568499161
E34890,77.7227255,LIBERTY AVE AT 17TH ST,7.917844917398423,71.22567266098436
E41150,77.5750019,MURRAY AVE AT FLEMINGTON ST,7.9327280845363894,71.25553161260414
E39350,77.415908,MILLVALE AVE AT MOREWOOD AVE,7.947611251674356,71.28532932829806
S02820,77.284091,8TH AVE AT LIBRARY PL,7.962494418812323,71.3150763070622
S70054,77.28182,E CARSON ST AT S 11TH ST,7.977377585950291,71.34482241170868
E45750,77.17272700000001,PENN AVE AT BRADDOCK AVE,7.992260753088257,71.3745265259906
S16120,77.0340865,E CARSON ST AT S 14TH ST,8.007143920226225,71.40417727694826
S47510,76.895459,WARRINGTON AVE AT ALLEN ST,8.02202708736419,71.43377466958539
E17309,76.62272801,EAST BUSWAY AT NEGLEY STATION D,8.036910254502159,71.46326708689237
E10900,76.49772775,BROWNS HILL RD AT IMOGENE RD,8.051793421640124,71.49271139106209
S34000,76.456815,MIDWAY DR AT #24,8.066676588778092,71.52213994773851
S08390,76.454547,BROWNSVILLE RD AT CHURCHVIEW AVE,8.081559755916059,71.55156763145196
S16170,76.320458,E CARSON ST AT S 17TH ST,8.096442923054026,71.58094370373306
E41175,76.236363,MURRAY AVE AT FORBES AVE FS,8.111326090191993,71.61028740748725
E18520,76.193184,ELLSWORTH AVE AT FILBERT ST,8.12620925732996,71.63961449145877
E70144,76.143181,MILLVALE AVE AT MITRE WAY,8.141092424467928,71.66892232906069
S70109,76.14091,OLYMPIA PARK AND RIDE,8.155975591605893,71.69822929254495
E27420,75.95909,HAWKINS AVE AT 4TH ST,8.170858758743861,71.72746627272983
E01570,75.57272415,FIFTH AVE AT #2358,8.185741925881826,71.75655453903858
S06280,75.5250025,BELTZHOOVER AVE AT WARRINGTON AVE FS,8.200625093019795,71.78562443707915
E11780,75.429544545,BUTLER ST AT 52ND ST,8.215508260157762,71.81465759294261
E23540,75.34090900000001,FRIENDSHIP AVE AT MILLVALE AVE,8.230391427295729,71.84365663260387
E13190,75.33863500000001,CENTRE AVE AT ALLEQUIPPA ST,8.245274594433695,71.87265479699275
S01410,75.18863636363635,THIRD AVE AT RT 51 OVERPASS (SHELTER),8.260157761571662,71.90159522626186
N30480,75.12045454545455,LINCOLN AVE AT STARR AVE,8.275040928709629,71.93050941205613
N32780,75.11136605,MCKNIGHT RD AT NORTH HILLS VILLAGE (NORTH ENT,8.289924095847596,71.95942009964945
E45760,74.4750025,PENN AVE AT BRADDOCK AVE,8.304807262985562,71.9880858481775
W08530,74.45454545454544,HELEN ST AT ELLA ST,8.319690430123531,72.01674372270087
N71218,74.32727272727274,LINCOLN AVE AT STARR AVE FS (KUHN'S),8.334573597261496,72.04535260940452
S70011,74.225,BROWNSVILLE RD AT GIANT EAGLE DRVWY,8.349456764399465,72.07392213089592
S30720,74.10000000000002,LYSLE BLVD AT MARKET ST FS,8.36433993153743,72.10244353935012
E18580,73.88636,ELLSWORTH AVE AT MOREWOOD AVE,8.379223098675398,72.13088271685018
N10585,73.695453,BRIGHTON RD AT PENNSYLVANIA AVE,8.394106265813365,72.15924841342549
S09000,73.295455,BROWNSVILLE RD AT #2347,8.408989432951332,72.18746014905155
W03540,72.93636599999999,CHARTIERS AVE AT LORENZ AVE,8.4238726000893,72.21553366977828
S09440,72.82954565,BROWNSVILLE RD OPP E MEYERS AVE,8.438755767227265,72.24356607489322
E20450,72.702271,FRANKSTOWN AVE AT HOMEWOOD AVE,8.453638934365234,72.27154949144838
P01970,72.6613636,GRANT ST AT SEVENTH AVE FS,8.468522101503199,72.29951716256949
E01370,72.0772714,FIFTH AVE OPP MCPHERSON ST FS,8.483405268641167,72.32726001409262
E34845,71.8045473,LIBERTY AVE AT 12TH ST,8.498288435779134,72.35489789293757
E35280,71.80227149999999,LIBERTY AVE AT ELLA ST,8.513171602917101,72.38253489581734
E12230,71.6272745,BUTLER ST OPP 50TH ST (STANTON AVE),8.528054770055068,72.41010454159974
N10500,71.61363825,BRIGHTON RD AT MARSHALL AVE NS,8.542937937193035,72.43766893873091
E18905,71.58409090909092,EXPOMART DR AT WEST ENTRANCE,8.557821104331001,72.46522196296357
E41160,71.47500005,MURRAY AVE AT FLEMINGTON ST FS,8.572704271468968,72.49273299765574
N43670,71.3295475,PERRYSVILLE AVE AT PERRY ACADEMY,8.587587438606935,72.5201880470363
S04260,70.85909000000001,ARLINGTON AVE AT S 18TH ST,8.602470605744902,72.54746201530328
N12520,70.62045454545456,BUTLER ST AT FREEPORT ST,8.617353772882868,72.57464413175823
N43380,70.486365,PERRYSVILLE AVE AT N CHARLES ST,8.632236940020837,72.60177463657087
N10290,70.345455,BRIGHTON RD AT CALIFORNIA AVE FS,8.647120107158804,72.62885090451893
N35550,70.31136435,MT PLEASANT RD AT PENFORT ST,8.66200327429677,72.6559140508293
E13430,70.23636049999999,CENTRE AVE AT ELMORE ST,8.676886441434737,72.68294832783546
S04550,70.177275,ARLINGTON AVE OPP JOSEPHINE ST,8.691769608572704,72.70995986257874
N38340,70.0840895,NORTH AVE AT ARCH ST,8.70665277571067,72.7369355298226
N53620,69.93409199999999,WEST VIEW PLAZA FIRE LANE AT DOLLAR TREE,8.721535942848638,72.76385346238408
E42000,69.8795455,NEGLEY AVE OPP BLACK ST,8.736419109986606,72.79075039976328
S08490,69.76591015000001,BROWNSVILLE RD AT E MEYERS AVE,8.751302277124571,72.8176035984079
E45640,69.68636500000001,PENN AVE AT 45TH ST,8.76618544426254,72.84442617978245
N38840,69.54545635,NORTH AVE OPP SANDUSKY ST,8.781068611400505,72.87119452481201
E29130,69.37954350000001,HIGHLAND AVE AT STANTON AVE,8.795951778538473,72.89789900927259
E17312,69.13636699,EAST BUSWAY AT GARAGE EMPLOYEES ONLY STOP,8.81083494567644,72.9245098940494
E15980,69.11590629999999,EAST LIBERTY BLVD AT PENN AVE,8.825718112814407,72.95111290341868
S00280,69.11363850000001,S 18TH ST AT PIUS ST,8.840601279952374,72.97771503990201
S00760,69.106816,SECOND AVE AT ELIZABETH ST,8.85548444709034,73.00431455037575
S05480,69.0340925,BAUSMAN ST AT BROWNSVILLE RD,8.870367614228307,73.03088606926181
E15950,69.0227242,EAST LIBERTY BLVD AT DAHLEM PL,8.885250781366274,73.05745321244036
E18610,68.981815,ELLSWORTH AVE AT NEGLEY AVE,8.900133948504243,73.084004609492
P00660,68.96136395,FIFTH AVE OPP DIAMOND ST,8.915017115642208,73.1105481348466
N47290,68.91363755,SANDUSKY ST AT STOCKTON AVE,8.929900282780176,73.13707329010474
S11298,68.725,CENTURY TOWNHOMES AT TURNAROUND,8.944783449918143,73.16352583795918
E70007,68.3818165,WOODSTOCK AVE OPP SWISSVALE STATION STEPS,8.95966661705611,73.18984629300961
N33220,68.252275,MEADVILLE ST AT BELLEAU ST,8.974549784194076,73.21611688697996
E70159,68.143183,LIBERTY AVE AT 29TH ST FS,8.989432951332043,73.24234549097068
E02030,68.131818395,FIFTH AVE OPP #2358,9.00431611847001,73.2685697206761
E18907,67.97272727272727,EXPOMART DR AT WEST ENTRANCE,9.019199285607977,73.29473271552483
S33290,67.59318499999999,MCKINLEY ST AT BROWNSVILLE RD,9.034082452745944,73.32074962292165
E38300,67.506817,MAIN ST AT HOWLEY ST FS,9.048965619883912,73.3467332869041
E13330,67.452275,CENTRE AVE AT CRAIG ST,9.063848787021877,73.37269595743633
E29030,66.702272,HIGHLAND AVE AT HOWE ST,9.078731954159846,73.39836994859066
E08350,66.3704517,BLVD OF ALLIES AT WARD ST,9.09361512129781,73.42391622068546
E39540,66.163638675,MONONGAHELA AVE AT CHURCH ST,9.10849828843578,73.44938288955815
E19790,66.154546,FORBES AVE AT VAN BRAAM ST,9.123381455573746,73.47484605862114
N38710,66.072727,NORTH AVE AT MONTEREY ST,9.138264622711713,73.5002777351994
S42240,66.00454552,SOUTH BUSWAY AT PALM GARDEN,9.15314778984968,73.525683168433
S09410,65.9272735,BROWNSVILLE RD OPP CRAILO AVE,9.168030956987646,73.55105885933402
N43300,65.886362,PERRYSVILLE AVE AT BASCOM ST,9.182914124125615,73.57641880322284
E29210,65.838635,HIGHLAND AVE AT ALDER ST,9.19779729126358,73.60176037678427
N30230,65.63863636363632,LINCOLN AVE AT BRIGHTON RD,9.212680458401548,73.62702497001105
E23530,65.61136300000001,FRIENDSHIP AVE AT MILLVALE AVE,9.227563625539513,73.65227906560294
E70791,65.21591,BEDFORD AVE AT DUFF ST,9.242446792677482,73.67738094963563
S70472,65.16590819999999,E CARSON ST AT S 28TH ST,9.257329959815449,73.7024635877606
N35500,65.1181813,MT PLEASANT RD AT CHICAGO ST,9.272213126953416,73.72752785559665
P02060,65.0659071,GRANT ST AT POST OFFICE,9.287096294091382,73.75257200286848
N10360,64.847724,BRIGHTON RD AT COLUMBIA PL,9.30197946122935,73.77753217052744
E35510,64.811362,LIBERTY AVE OPP 26TH ST,9.316862628367316,73.80247834229633
E08090,64.7181832,BLVD OF ALLIES AT BATES ST,9.331745795505283,73.82738864914464
E21570,64.68863549999999,FRANKSTOWN RD OPP DUFF RD,9.34662896264325,73.85228758295625
N43310,64.504547,PERRYSVILLE AVE AT VINCETON ST,9.361512129781218,73.87711566031307
N33120,64.388637925,MCKNIGHT RD OPP NORTH HILLS VILLAGE (NORTH ENT,9.376395296919183,73.90189912376877
E70790,64.21818,BEDFORD AVE AT SOMERS ST,9.391278464057152,73.92661697723659
W16930,64.204543,NOBLESTOWN RD AT POPLAR ST,9.406161631195118,73.9513295817645
E32752,64.1204505,JOHNSTON AVE AT ROSELLE CT FS,9.421044798333085,73.97600981872775
N17270,63.974997995,EAST OHIO ST AT CHESTNUT ST FS,9.435927965471052,74.00063407039674
S04150,63.92954545454545,AMITY ST OPP TARGET DR,9.450811132609019,74.02524082718756
W21620,63.906822,STEUBEN ST AT LORENZ AVE,9.465694299746987,74.04983883762307
E18560,63.8886355,ELLSWORTH AVE AT MARYLAND AVE,9.480577466884952,74.07442984799658
N70130,63.7,BRIGHTON RD OPP ARMANDALE ST,9.49546063402292,74.09894825175546
E19260,63.688635000000005,FORBES AVE AT BRADDOCK AVE,9.510343801160886,74.12346228107698
E00950,63.52954665,FIFTH AVE AT BEECHWOOD BLVD,9.525226968298854,74.1479150766089
E11690,63.415905249999994,BUTLER ST AT 44TH ST,9.540110135436821,74.17232413107756
N10790,63.0477295,BRIGHTON RD AT WESTBORN ST,9.554993302574788,74.19659147311776
W16940,62.90909,NOBLESTOWN RD AT POPLAR ST,9.569876469712755,74.22080545221858
N17440,62.899999349999995,EAST OHIO ST AT MIDDLE ST,9.584759636850722,74.24501593228918
E39575,62.852272845,MONONGAHELA AVE AT MCCLURE AVE,9.599642803988688,74.26920804222286
S24420,62.486363636363656,HWY RT 51 OPP GRACE ST,9.614525971126655,74.2932593121296
E41690,62.40908950000001,NEGLEY AVE AT BLACK ST,9.629409138264622,74.31728083888916
S09390,62.3772745,BROWNSVILLE RD OPP CHURCHVIEW AVE,9.644292305402589,74.34129011991851
N12760,62.306817499999994,CALIFORNIA AVE AT DAVIS AVE,9.659175472540557,74.36527228174576
N32815,62.293179800000004,MCKNIGHT RD AT PATRICK PL FS,9.674058639678524,74.38924919436364
E46540,62.21591180000001,PENN AVE AT THOMPSON ST,9.68894180681649,74.41319636619629
S09750,62.05,BROWNSVILLE RD OPP STEWART AVE,9.703824973954458,74.43707967786408
S42290,61.924999850000006,SOUTH BUSWAY AT GLENBURY ST RAMP,9.718708141092424,74.46091487643692
N10370,61.76364,BRIGHTON RD AT DAVIS AVE,9.733591308230391,74.48468796691003
E35840,61.747726199999995,LINCOLN AVE AT LEMINGTON AVE,9.748474475368358,74.50845493209313
N70049,61.7181818,WATERWORKS MALL AT MARSHALLS,9.763357642506325,74.5322105255097
E42794,61.70909,OAK HILL DR AT ECKSTEIN PL,9.778240809644293,74.55596261945338
E28970,61.672729499999996,HIGHLAND AVE AT ELWOOD ST,9.793123976782258,74.57970071808434
X03030,61.665907000000004,BROOKLINE BLVD AT FLATBUSH AVE,9.808007143920227,74.60343619070574
N35510,61.6272742,MT PLEASANT RD AT CHICAGO ST,9.822890311058192,74.62715679339638
S02830,61.597727272727234,8TH AVE AT MCCLURE ST,9.83777347819616,74.65086602334773
E04140,61.563636363636384,ARDMORE BLVD OPP AVE B (PARK AND RIDE),9.852656645334127,74.67456213156167
E45710,61.5522725,PENN AVE AT ATLANTIC AVE,9.867539812472094,74.69825386577565
W25900,61.536363925,W CARSON ST AT GATEWAY VIEW PLAZA,9.88242297961006,74.72193947671076
W03950,61.386363636363654,CHARTIERS AVE OPP MARGARET ST,9.897306146748027,74.7455673518901
E52230,61.293184999999994,SHUMAN CENTER DR AT JOB CORPS DR,9.912189313885996,74.76915936221188
E40320,61.2704545,MONTIER ST AT LAKETON RD FS,9.927072481023961,74.79274262346651
S00240,61.23636749999999,S 18TH ST AT MARY ST,9.94195564816193,74.81631276448836
N47285,61.227273149999995,SANDUSKY ST AT ISABELLA ST,9.956838815299896,74.83987940505581
E19510,61.193181,FORBES AVE AT MAGEE ST,9.971721982437863,74.8634329234082
E41180,61.170456,MURRAY AVE AT FORBES AVE,9.98660514957583,74.88697769481043
W12703,60.875,MALL AT ROBINSON AT ENTRANCE K,10.001488316713797,74.9104087439285
E18410,60.554545,ELLSWORTH AVE AT AIKEN AVE,10.016371483851763,74.93371644853988
E11710,60.4568175,BUTLER ST AT 46TH ST,10.03125465098973,74.95698653741651
E59520,60.42954495000001,WOOD ST AT WALLACE AVE,10.046137818127697,74.98024612897144
E41760,60.343184,NEGLEY AVE AT EAST LIBERTY BLVD,10.061020985265664,75.00347247982556
E18600,60.270455000000005,ELLSWORTH AVE AT NEGLEY AVE,10.07590415240363,75.02667083697501
E39530,60.10908935,MONONGAHELA AVE AT CHURCH ST,10.0907873195416,75.0498070837923
N12860,60.03863636363634,CALIFORNIA AVE AT HOME AVE,10.105670486679564,75.07291621295236
S08430,60.027274299999995,BROWNSVILLE RD AT CRAILO AVE,10.120553653817533,75.0960209688053
E70233,60.027274000000006,ELLSWORTH AVE AT SPAHR ST,10.135436820955498,75.11912572454276
S08890,60.0090895,BROWNSVILLE RD AT OVERBROOK BLVD,10.150319988093466,75.14222348098801
W70045,59.87273,PLEASANT RIDGE RD AT COMMUNITY CENTER,10.165203155231433,75.1652687520757
N43450,59.73863674999999,PERRYSVILLE AVE AT FEDERAL ST,10.1800863223694,75.18826241009519
S06290,59.5045445,BELTZHOOVER AVE AT WARRINGTON AVE,10.194969489507368,75.2111659650016
E08150,59.361364,BLVD OF ALLIES AT DAWSON ST FS,10.209852656645333,75.23401440911823
N38820,59.352273600000004,NORTH AVE OPP MONTEREY ST,10.224735823783302,75.25685935430083
S42400,59.331818275,SOUTH BUSWAY AT PALM GARDEN,10.239618990921267,75.27969642614094
S70042,59.14317955,SIDNEY ST AT S 27TH ST,10.254502158059235,75.30246089012509
E29000,58.8727265,HIGHLAND AVE AT HAYS ST,10.269385325197202,75.32512125556798
E13580,58.85,CENTRE AVE AT KIRKPATRICK ST,10.284268492335169,75.34777287348336
E48020,58.8181818181818,PRIVATE DR AT BRINTON TOWERS,10.299151659473136,75.37041224444381
S27590,58.69318181818185,KNOEDLER RD AT KEEPORT DR,10.314034826611103,75.39300350236707
N43370,58.68864,PERRYSVILLE AVE AT N CHARLES ST,10.32891799374907,75.41559301212499
W26060,58.56363509,W CARSON ST OPP GATEWAY VIEW PLAZA,10.343801160887036,75.4381344069558
N32890,58.545457975,MCKNIGHT RD AT ROSS TOWNE CENTER,10.358684328025003,75.46066880533695
S70041,58.504547249999995,S 26TH ST AT SIDNEY ST,10.37356749516297,75.48318745700422
S04110,58.49545454545452,AMITY ST AT 8TH AVE NS,10.388450662300937,75.50570260885043
E41670,58.4931825,NEGLEY AVE AT #370 (BAUM BLVD),10.403333829438905,75.52821688617661
E19440,58.4,FORBES AVE AT GIST ST,10.418216996576872,75.55069529715804
E01640,58.3204545,FIFTH AVE AT SENECA ST,10.433100163714839,75.57314309073467
E27550,58.2431845,HAY ST AT PENN AVE,10.447983330852805,75.59556114275624
E70788,58.15,BEDFORD AVE AT ERIN ST,10.462866497990772,75.61794332766327
N44100,58.0431815,PERRYSVILLE AVE OPP WILSON AVE,10.477749665128739,75.64028439767058
S19970,57.96818075,GLENBURY ST RAMP AT SOUTH BUSWAY,10.492632832266706,75.66259659956691
S27220,57.82272727272729,KEEPORT DR AT KNOEDLER RD,10.507515999404674,75.68485281579473
N10380,57.675000499999996,BRIGHTON RD AT DAVIS AVE,10.52239916654264,75.70705217135284
E39630,57.5522773,MONONGAHELA AVE AT WASHINGTON ST,10.537282333680608,75.72920429022386
E28860,57.490910500000005,HIGHLAND AVE AT FIFTH AVE,10.552165500818573,75.75133278874982
E35030,57.409092,LIBERTY AVE AT 29TH ST,10.567048667956541,75.7734297949835
E07350,57.3022727272727,BEULAH RD AT MCCRADY RD,10.581931835094508,75.79548568602006
E01820,57.2545475,FIFTH AVE AT WILKINS AVE FS,10.596815002232475,75.81752320741153
S08400,57.252276800000004,BROWNSVILLE RD AT CLIFTON BLVD,10.611698169370442,75.8395598548008
E17307,57.0772732,EAST BUSWAY AT HERRON STATION A,10.626581336508409,75.86152914255233
E08720,56.94545454545454,BRADDOCK AVE AT COREY AVE,10.641464503646375,75.88344769273722
X13690,56.861365,PIONEER AVE OPP DUNSTER ST,10.656347670784342,75.9053338764947
S23760,56.76363636363636,HWY RT 51 AT GRACE ST,10.67123083792231,75.92718244408002
E19270,56.711364749999994,FORBES AVE AT BRADDOCK AVE FS,10.686114005060276,75.94901089209661
E39340,56.672726499999996,MILLVALE AVE AT MOREWOOD AVE,10.700997172198244,75.97082446808471
N10410,56.65909,BRIGHTON RD AT HIGHWOOD ST,10.715880339336211,75.99263279532539
E46480,56.63409125,PENN AVE AT SHAW AVE NS,10.730763506474178,76.01443150043973
X13480,56.4931835,PIONEER AVE AT DUNSTER ST,10.745646673612145,76.03617596955553
S20440,56.39318181818183,GRANT AVE AT 1ST ST,10.760529840750111,76.05788194759424
E70784,56.34091,BEDFORD AVE OPP ERIN ST,10.775413007888078,76.07956780598548
W03660,56.19545454545458,CHARTIERS AVE AT BROADWAY AVE,10.790296175026045,76.10119767794717
E45990,56.163636600000004,PENN AVE AT FINDLEY DR WEST (BEACON HILL),10.805179342164012,76.12281530304489
E70282,56.102273000000004,CENTRE AVE AT WHOLE FOODS,10.82006250930198,76.14440930902924
N53580,56.027271,WEST COMMONS AT THE ALLEGHENY SR HOME,10.834945676439945,76.16597444642149
N32690,56.02045225,MCKNIGHT RD AT JOHNANNA DR FS,10.849828843577914,76.18753695924755
S30840,55.96136363636364,LYSLE BLVD AT LOCUST ST FS,10.864712010715879,76.20907672861227
N40440,55.902275,OLD FREEPORT RD AT FREEPORT RD (TERM),10.879595177853847,76.23059375450694
S42280,55.64999792,SOUTH BUSWAY AT EDGEBROOK SHELTER,10.894478344991814,76.2520136778693
E02080,55.6431821,FIFTH AVE OPP VAN BRAAM ST,10.909361512129781,76.27343097779325
E41870,55.299996,NEGLEY AVE AT MARGARETTA ST,10.92424467926775,76.29471618391244
E15925,55.28636374999999,EAST LIBERTY BLVD AT BROAD ST,10.939127846405714,76.31599614292
N38330,55.2000005,NORTH AVE AT ARCH ST,10.954011013543683,76.33724286034149
E01550,55.1000005,FIFTH AVE AT ROBINSON ST,10.968894180681648,76.35845108733321
E16015,55.09317835,FIFTH AVE RAMP AT FIFTH AVE FS,10.983777347819617,76.3796566884501
E13460,55.077270000000006,CENTRE AVE AT EWART DR,10.998660514957583,76.40085616637468
W70040,55.061364999999995,PLEASANT RIDGE RD OPP OVERLOOK PL,11.01354368209555,76.42204952239642
W24110,54.968181818181826,WASHINGTON AVE AT FRANKLIN AVE,11.028426849233517,76.443207011811
S09290,54.9045435,BROWNSVILLE RD AT E WOODFORD AVE,11.043310016371484,76.46434000656342
S70406,54.85681818181817,5TH AVE OPP #1681,11.05819318350945,76.48545463163576
E13440,54.8545435,CENTRE AVE AT ELMORE ST FS,11.073076350647417,76.50656838117331
E42796,54.809095,OAK HILL DR AT HYMAN PL,11.087959517785384,76.52766463738789
E02040,54.634091500000004,FIFTH AVE OPP SENECA ST,11.10284268492335,76.54869353400319
E32753,54.6318209,JOHNSTON AVE OPP ROSELLE CT,11.117725852061318,76.56972155665483
E29170,54.552275,HIGHLAND AVE AT WALNUT ST,11.132609019199286,76.59071896174767
E29240,54.5477275,HIGHLAND AVE OPP HAYS ST,11.147492186337251,76.61171461648823
N50200,54.479543,SOUTH COMMONS AT FEDERAL ST FS,11.16237535347522,76.6326840267217
S44850,54.390909090909105,ST CLAIR AVE AT 3RD ST,11.177258520613186,76.65361932138268
S70292,54.309090909090955,JEFFERSON HOSPITAL,11.192141687751153,76.67452312387381
E53520,54.220454095,ST CLAIR ST AT BRYANT ST,11.20702485488912,76.69539280967429
S16325,54.0772736,E CARSON ST AT S 25TH ST,11.221908022027087,76.71620738468691
N13080,54.06818,CALIFORNIA AVE AT TERMON AVE FS,11.236791189165055,76.7370184595338
E12080,54.065905,BUTLER ST AT PENN AVE,11.25167435630302,76.75782865872341
N41350,53.975001850000005,PENFORT ST AT MT PLEASANT RD,11.266557523440989,76.77860386889994
S09580,53.95681875,BROWNSVILLE RD OPP OVERBROOK BLVD,11.281440690578954,76.79937208032311
E23630,53.925004,FRIENDSHIP AVE AT EDMOND ST,11.296323857716922,76.82012804611229
S70469,53.84772727272731,WATERFRONT DR AT BRIDGE ST,11.31120702485489,76.84085426775702
E42010,53.815909000000005,NEGLEY AVE OPP CORAL ST,11.326090191992856,76.86156824241186
E49270,53.80909175,ROWLAND CONNECTOR OPP HIGHRISE,11.340973359130823,76.88227959307787
S01340,53.525,2ND ST AT KENNEDY AVE FS,11.35585652626879,76.90288159560838
N12720,53.52499999999998,CALIFORNIA AVE AT CHESTNUT ST,11.370739693406756,76.92348359813889
E51220,53.484093,SHADY AVE AT FIFTH AVE NS,11.385622860544723,76.9440698553893
E30100,53.370456000000004,HOWLEY ST AT SHUR SAVE DRVWY FS (GANGWISH S,11.40050602768269,76.96461237327003
E28950,53.336364,HIGHLAND AVE AT EAST LIBERTY BLVD,11.415389194820659,76.98514176899344
E30420,53.329547275,HWY RT 286 AT NEW TEXAS RD,11.430272361958624,77.00566854093013
E45520,53.313635999999995,PENN AVE AT 31ST ST,11.445155529096592,77.02618918854867
E42142,53.304545000000005,NEVILLE ST AT BAYARD ST,11.460038696234559,77.04670633700225
E38050,53.252272999999995,MAIN ST AT HOWLEY ST,11.474921863372526,77.06720336573838
N31510,53.20681999999999,MAIN ST AT 6TH ST,11.489805030510492,77.08768289941946
W70172,53.19545454545454,CHARTIERS AVE AT ISLAND AVE FS (STEPS),11.50468819764846,77.10815805848826
S35226,53.1386364,MOUNTAINVIEW DR AT GREASE MONKEY,11.519571364786426,77.12861134800868
S09300,53.093180000000004,BROWNSVILLE RD AT W WOODFORD AVE,11.534454531924393,77.14904714116538
E11620,52.79773,BUTLER ST AT 39TH ST,11.549337699062361,77.16936921434736
S23940,52.76363636363634,HWY RT 51 AT MARYLEA DR,11.564220866200326,77.18967816474218
E70811,52.593180000000004,STANTON AVE AT NEGLEY AVE,11.579104033338295,77.20992150575007
E18625,52.579546,ELLSWORTH AVE AT SUMMERLEA ST,11.59398720047626,77.23015959897278
E12040,52.577273575,BUTLER ST AT MCCANDLESS AVE,11.608870367614228,77.25039681752932
S02670,52.3863634,8TH AVE AT DICKSON ST,11.623753534752195,77.27056055393906
E32748,52.22954634999999,JOHNSTON AVE AT MANSION ST,11.638636701890162,77.2906639307923
E41840,52.15908735,NEGLEY AVE AT HAYS ST,11.653519869028129,77.31074018767364
N71281,52.13863550000001,CALIFORNIA AVE AT DAVIS AVE,11.668403036166096,77.33080857255004
E29790,51.975,HOMEWOOD AVE OPP FINANCE ST (EAST BUSWAY),11.683286203304062,77.35081397341922
E18590,51.92045,ELLSWORTH AVE AT MOREWOOD AVE,11.698169370442029,77.37079837775897
E05710,51.904545,BEDFORD AVE AT MERCER ST,11.713052537579998,77.39077666019587
S08320,51.531818181818196,BROWNSVILLE RD OPP DEWALT AVE FS,11.727935704717964,77.41061147847861
E46190,51.47499955,PENN AVE AT MAIN ST,11.742818871855931,77.43042442702578
E49400,51.322729195,ROSS AVE AT COAL ST,11.757702038993898,77.45017876605891
E41380,51.30454775,MURRAY AVE AT WELFER ST,11.772585206131865,77.46992610697573
E42134,51.288635,NEVILLE ST AT BAYARD ST,11.787468373269832,77.48966732300667
N13615,51.21818135,CEDAR AVE OPP SUISMON ST,11.802351540407798,77.50938142112496
N17640,51.168183375,EAST OHIO ST OPP JAMES ST,11.817234707545765,77.52907627480778
S04670,51.11590700000001,ARLINGTON AVE OPP CONWAY ST,11.832117874683732,77.54875100708921
X03330,51.09091,BROOKLINE BLVD OPP CASTLEGATE AVE,11.847001041821699,77.5684161179179
S44770,50.98863636363636,ST CLAIR AVE AT 6TH ST,11.861884208959667,77.58804186318444
E05520,50.96363915,BEATTY ST AT PENN AVE NS,11.876767376097632,77.60765798691601
N10920,50.909090000000006,BRIGHTON RD OPP WADLOW ST,11.8916505432356,77.62725311444531
E20350,50.904548500000004,FRANKSTOWN AVE AT BRUSHTON AVE,11.906533710373566,77.64684649393175
E13420,50.84773,CENTRE AVE AT DITHRIDGE ST,11.921416877511534,77.66641800373336
E36060,50.836362599999994,LINCOLN AVE OPP CHAUCER ST,11.936300044649501,77.68598513817383
E29105,50.7704545,HIGHLAND AVE OPP ELWOOD ST,11.951183211787468,77.70552690430338
N71275,50.763634100000004,BETA DR AT ALPHA DR FS,11.966066378925436,77.72506604523166
E01960,50.72954475,FIFTH AVE OPP GIST ST,11.980949546063401,77.74459206502262
S44760,50.67272727272726,ST CLAIR AVE AT 6TH ST FS,11.99583271320137,77.7640962155224
S35229,50.665906449999994,MOUNTAINVIEW DR OPP GREASE MONKEY,12.010715880339335,77.78359774065821
S00770,50.6181805,SECOND AVE AT FLOWERS AVE,12.025599047477304,77.80308089587074
E70966,50.563636363636405,BRADDOCK HILLS SHOPPING CENTER,12.04048221461527,77.82254305681077
E13570,50.554545000000005,CENTRE AVE AT KIRKPATRICK ST,12.055365381753237,77.84200171844586
S27480,50.5431796,KENNYWOOD BLVD AT HOFFMAN BLVD,12.070248548891204,77.86145600548967
X20050,50.515909090909105,WEST LIBERTY AVE AT ILLINOIS AVE,12.08513171602917,77.88089979599732
W03270,50.4795435,CHARTIERS AVE AT AZALIA ST FS,12.100014883167137,77.90032958923273
N08220,50.46591,BEAVER ST AT BROAD ST,12.114898050305104,77.91975413487542
E01890,50.220456750000004,FIFTH AVE OPP BEECHWOOD BLVD,12.129781217443071,77.93908420450731
X20400,50.21818181818185,WEST LIBERTY AVE OPP PIONEER AVE FS,12.144664384581038,77.95841339850816
E30540,50.074999545,HWY RT 286 OPP NEW TEXAS RD,12.159547551719005,77.97768748103671
N43960,50.065911,PERRYSVILLE AVE OPP FRANKLIN RD,12.174430718856973,77.99695806534525
N12870,50.011363636363676,CALIFORNIA AVE AT HOME AVE,12.189313885994938,78.0162076541391
E11145,49.9909068,BRYANT ST AT EUCLID AVE,12.204197053132907,78.03544936900872
N30370,49.804545454545476,LINCOLN AVE AT KENDALL AVE,12.219080220270873,78.05461935259555
E19480,49.802273,FORBES AVE AT JUMONVILLE ST,12.23396338740884,78.07378846150486
E46810,49.729543775,PENN AVE OPP SHAW AVE FS,12.248846554546807,78.09292957662292
E13745,49.434090499999996,CENTRE AVE AT ROBERTS ST,12.263729721684774,78.11195697050567
E20550,49.220454,FRANKSTOWN AVE AT MURTLAND ST,12.278612888822742,78.13090213478145
E52620,49.029548000000005,STANTON AVE AT CHISLETT ST,12.293496055960707,78.14977381851736
W08252,48.993181818181796,GREENTREE RD OPP POCONO DR FS,12.308379223098676,78.16863150475363
W20400,48.9090909090909,RIVER AVE AT MARINA,12.323262390236641,78.1874568240376
E70781,48.890910000000005,BEDFORD AVE OPP DUFF ST,12.33814555737461,78.20627514541151
S01330,48.80454545454545,2ND ST AT KENNEDY AVE,12.353028724512576,78.22506022470071
E25000,48.71363636363635,GRANDVIEW AVE AT BESSEMER AVE NS,12.367911891650543,78.24381031269013
N41325,48.6545441,PENFORT ST AT #174,12.38279505878851,78.26253765581332
N01830,48.60227272727275,4TH AVE AT 7TH ST,12.397678225926477,78.28124487946052
E08360,48.5340926,BLVD OF ALLIES AT WARD ST,12.412561393064443,78.29992586028371
E70994,48.3840955,CENTRE AVE AT CRAWFORD ST FS,12.42744456020241,78.31854910657846
E57670,48.3250025,WILKINS AVE AT WIGHTMAN ST,12.442327727340377,78.33714960772356
E41971,48.31818,NEGLEY AVE AT WALNUT ST,12.457210894478346,78.3557474828591
N43920,48.231818000000004,PERRYSVILLE AVE AT WILSON AVE,12.472094061616312,78.3743121168897
S01120,47.89091,SECOND AVE OPP FLOWERS AVE,12.486977228754279,78.39274553396598
E70794,47.83636,BEDFORD AVE AT WANDLESS ST,12.501860395892244,78.41115795451283
E20610,47.834089999999996,FRANKSTOWN RD AT ROBINSON BLVD NS,12.516743563030214,78.42956950132692
N10340,47.806816000000005,BRIGHTON RD AT N CHARLES ST,12.53162673016818,78.4479705502612
N31520,47.69545450000001,MAIN ST AT 7TH ST NS,12.546509897306146,78.46632873567555
N19450,47.688634,FEDERAL ST OPP MONTGOMERY AVE FS,12.561393064444113,78.48468429585014
E10550,47.6818181818182,BROADWAY BLVD AT WALL AVE,12.576276231582082,78.50303723258702
E11720,47.6749975,BUTLER ST AT 46TH ST,12.591159398720048,78.52138754401415
W08040,47.5636368,GREENTREE RD AT COVENANT COMMUNITY CHURCH,12.606042565858013,78.53969499222926
N12780,47.53863636363632,CALIFORNIA AVE AT ELIZABETH AVE FS,12.62092573299598,78.55799281766896
E04380,47.52954545454547,ARDMORE BLVD AT SUMNER AVE,12.635808900133949,78.57628714397869
E70231,47.493183,ELLSWORTH AVE OPP SPAHR ST,12.650692067271915,78.59456747422341
E32370,47.4704553,JANCEY ST AT GREENWOOD ST,12.665575234409882,78.61283905647872
N71208,47.386365,AMBULATORY CARE CENTER DR AT BLDG #71,12.680458401547847,78.63107827201617
N08700,47.37045500000001,BEAVER ST AT WALNUT ST,12.695341568685818,78.64931136372624
S00690,47.202273500000004,SECOND AVE AT BATES ST FS,12.710224735823783,78.66747972165417
E56035,47.19318145,WALLACE AVE AT WOOD ST,12.72510790296175,78.68564458001299
E32744,47.013635449999995,JOHNSTON AVE AT GLENWOOD AVE,12.739991070099718,78.7037403303448
E41720,47.011362500000004,NEGLEY AVE AT BROAD ST,12.754874237237685,78.72183520580836
E45730,46.836364675,PENN AVE AT BEACON HILL DR FS,12.769757404375651,78.73986272385703
E70807,46.831815000000006,STANTON AVE AT HIGHLAND AVE,12.784640571513616,78.75788849071623
E41350,46.7999995,MURRAY AVE AT #2825,12.799523738651587,78.77590201165273
P01230,46.76363385,BLVD OF ALLIES AT MARKET ST,12.814406905789552,78.79390153529428
S04160,46.75681818181819,AMITY ST AT TARGET DR,12.829290072927519,78.81189843555583
E70181,46.54545635,OLD WILLIAM PENN HWY AT BEATTY RD,12.844173240065485,78.82981398173999
E17313,46.531818695,EAST BUSWAY AT GARAGE EMPLOYEES ONLY STOP,12.859056407203454,78.84772427873212
N43440,46.524999,PERRYSVILLE AVE AT ELLZEY ST,12.87393957434142,78.86563195079432
E41370,46.5159075,MURRAY AVE AT WELFER ST,12.888822741479386,78.88353612349911
E41830,46.51364,NEGLEY AVE AT HAYS ST,12.903705908617352,78.9014394234334
E04310,46.45454545454546,ARDMORE BLVD AT MARION AVE FS,12.918589075755321,78.91931997762319
N10510,46.090911,BRIGHTON RD AT MARSHALL AVE,12.933472242893288,78.93706056734867
E32743,46.0863607,JOHNSTON AVE AT GLENWOOD AVE,12.948355410031255,78.9547994056441
E41920,46.01591155,NEGLEY AVE AT RIPPEY ST,12.963238577169223,78.97251112775893
N32380,46.00454545454545,MCINTYRE SQUARE AT GABRIEL BROTHERS,12.978121744307188,78.99021847501479
E18400,46.004545,ELLSWORTH AVE AT AIKEN AVE,12.993004911445155,79.00792582209569
E53680,45.995455850000006,SWISSVALE AVE AT FRANKLIN AVE,13.007888078583122,79.02562967072369
S09400,45.9568187,BROWNSVILLE RD OPP CLIFTON BLVD,13.02277124572109,79.0433186477466
E05210,45.72954325,BEACON ST AT MURRAY AVE NS,13.037654412859057,79.06092014547207
E43190,45.59545454545455,OLD WILLIAM PENN HWY OPP BEATTY RD,13.052537579997022,79.0784700318789
E70812,45.3772729,EAST LIBERTY BLVD AT HIGHLAND AVE,13.067420747134989,79.09593593923272
S04190,45.35681818181815,ANN ST AT 8TH AVE,13.082303914272957,79.11339397347761
N12820,45.331818181818164,CALIFORNIA AVE AT FLORENCE AVE,13.097187081410924,79.13084238511505
N10730,45.179546349999995,BRIGHTON RD AT TERMON AVE,13.112070248548891,79.14823218667003
X19440,45.1477285,WASHINGTON RD AT BOWER HILL RD,13.126953415686856,79.16560974139779
W70120,45.03409090909092,HELEN ST AT ELLA ST FS,13.141836582824826,79.18294355652844
S70291,45.02955,OLYMPIA DRIVEWAY AT LIFE SPAN,13.156719749962791,79.20027562384368
N53545,45.013633545,WATERWORKS MALL OPP MARSHALLS,13.171602917100758,79.21760156484697
X03000,44.981818000000004,BROOKLINE BLVD AT CASTLEGATE AVE,13.186486084238725,79.23491525991027
E21720,44.82954765,FRANKSTOWN RD OPP RODI RD,13.201369251376693,79.25217034546145
E45900,44.747729,PENN AVE AT EAST END AVE,13.21625241851466,79.26939393866263
E39610,44.71818335,MONONGAHELA AVE AT SCHOYER AVE,13.231135585652625,79.28660615961613
W02710,44.529545454545456,BROADWAY AVE AT 3RD ST,13.246018752790595,79.30374577303297
E36098,44.520452950000006,LINCOLN AVE AT VERONA BLVD,13.26090191992856,79.32088188670575
S70009,44.515909090909105,BROWNSVILLE RD AT TOWN SQUARE DRVWY,13.275785087066527,79.33801625142763
S23640,44.47727272727276,HWY RT 51 AT DELCO RD,13.290668254204494,79.3551357448471
E41990,44.338635499999995,NEGLEY AVE AT WELLESLEY AVE NS,13.305551421342463,79.372201876202
E19430,44.313638000000005,FORBES AVE AT EAST END AVE,13.32043458848043,79.3892583859117
N41740,44.28864,PENNSYLVANIA AVE AT BRIGHTON RD FS,13.335317755618394,79.40630527378379
E34030,44.2886345,LAKETON RD OPP NELBON AVE,13.350200922756361,79.42335215953888
S27205,44.284090909090885,KEEPORT DR AT TRAVIS DR FS,13.36508408989433,79.44039729644632
N10940,44.2068205,BRIGHTON RD OPP WOODLAND AVE,13.379967257032297,79.45741269164121
E04700,44.175001,BALDRIDGE AVE AT WALNUT ST FS,13.394850424170263,79.4744158393738
E45602,44.1704546,PENN AVE AT 39TH ST,13.409733591308228,79.49141723717752
N21510,44.156818181818196,FREEPORT RD AT TARGET (HARMAR),13.424616758446199,79.50841338626525
N12770,44.04545454545453,CALIFORNIA AVE OPP ELIZABETH AVE,13.439499925584164,79.52536667101074
S04000,43.8022725,AMANDA ST AT ARLINGTON AVE,13.45438309272213,79.54222635394184
S09250,43.72045250000001,BROWNSVILLE RD AT W CHERRYHILL ST NS,13.469266259860099,79.55905454400332
E29160,43.7113635,HIGHLAND AVE AT WALNUT ST,13.484149426998066,79.57587923566963
E46250,43.66818,PENN AVE AT MILLVALE AVE,13.499032594136033,79.5926873058212
N13090,43.609095,CALIFORNIA AVE AT TERMON AVE,13.513915761273998,79.60947263390234
E08920,43.50227050000001,BRADDOCK AVE AT HUTCHINSON ST,13.528798928411966,79.62621684477435
E41820,43.44545275000001,NEGLEY AVE AT HAMPTON ST,13.543682095549933,79.64293918625019
S42340,43.4454524,SOUTH BUSWAY AT SOUTH BANK,13.5585652626879,79.65966152759133
S70142,43.44318181818182,DUQUESNE BLVD OPP HERMAN AVE FS,13.573448429825866,79.67638299497575
E19920,43.3954545,FORBES AVE OPP PLAINFIELD ST,13.588331596963835,79.69308609191029
E25351,43.213634,GREENFIELD AVE AT LORETTA ST,13.6032147641018,79.709719205353
S08560,43.17045454545455,BROWNSVILLE RD AT MEADOWBROOK BLVD,13.618097931239767,79.72633569883806
E23440,43.1613615,FRIENDSHIP AVE AT EDMOND ST,13.632981098377734,79.74294869237086
E05517,43.0340895,BEATTY ST AT CENTRE AVE,13.647864265515702,79.75951269836389
W70056,43.029545725,WEST BUSWAY AT SHERADEN STATION B,13.662747432653669,79.77607495543842
S70043,43.02045545000001,SIDNEY ST AT S 28TH ST,13.677630599791634,79.792633713627
E70398,42.9795455,MOSSFIELD ST OPP FERN ST,13.6925137669296,79.80917672540004
N14630,42.9409115,N CHARLES ST AT PERRYSVILLE AVE,13.70739693406757,79.82570486678043
N10670,42.9363625,BRIGHTON RD AT WADLOW ST,13.722280101205536,79.84223125723116
X13400,42.93182045,PIONEER AVE AT BELLBROOK ST,13.737163268343503,79.85875589942735
E18280,42.927275,ELLA ST AT LIBERTY AVE,13.752046435481471,79.87527879206027
E04270,42.92272727272731,ARDMORE BLVD AT KENMORE AVE,13.766929602619438,79.89179993425344
W10215,42.84090909090909,INGRAM AVE AT WEST BUSWAY RAMP FS,13.781812769757403,79.9082895842768
E52610,42.756815,STANTON AVE AT CHISLETT ST,13.79669593689537,79.92474686612316
E01760,42.497727775,FIFTH AVE AT THOMAS BLVD,13.811579104033338,79.94110442418317
E07170,42.46590909090911,BESSEMER AVE AT GRANDVIEW AVE,13.826462271171305,79.95744973509491
E70236,42.3181825,FIFTH AVE RAMP AT FIFTH AVE NS,13.841345438309272,79.97373818540694
W00600,42.31590909090908,5TH AVE AT MAIN ST,13.856228605447237,79.99002576067404
E57580,42.315907249999995,WILKINS AVE AT NEGLEY AVE,13.871111772585207,80.00631333523258
N70086,42.16818181818179,MCKNIGHT RD AT DUNCAN AVE,13.885994939723172,80.02254404963753
E41860,42.159090500000005,NEGLEY AVE AT JACKSON ST NS,13.90087810686114,80.03877126475504
N10800,42.0499975,BRIGHTON RD AT WOODLAND AVE,13.915761273999106,80.05495648950802
N43445,42.031818,PERRYSVILLE AVE OPP ELLZEY ST,13.930644441137074,80.07113471689333
E13270,42.013635,CENTRE AVE AT BRYN MAWR RD,13.945527608275041,80.08730594556377
E20360,42.0022715,FRANKSTOWN AVE AT BRUSHTON AVE,13.960410775413006,80.10347280037425
N18360,41.854545,E 6TH AVE AT LOCK ST,13.975293942550977,80.11958279461999
E41970,41.836365,NEGLEY AVE AT WALNUT ST,13.990177109688942,80.1356857913056
E57450,41.56363695,WILKINS AVE OPP BARNSDALE ST,14.005060276826908,80.15168381379269
E41980,41.497728650000006,NEGLEY AVE OPP WELLESLEY AVE,14.019943443964875,80.16765646789185
W19485,41.4068206,PARK MANOR BLVD OPP IKEA,14.034826611102844,80.18359413109188
E45340,41.34772499500001,PEEBLES ST AT KELLY AVE,14.04970977824081,80.19950904813957
X13650,41.34090725,PIONEER AVE OPP BELLBROOK ST,14.064592945378775,80.21542134100793
E70778,41.31591,BEDFORD AVE OPP WANDLESS ST,14.079476112516742,80.2313240123273
N43710,41.2772715,PERRYSVILLE AVE AT #1664,14.09435927965471,80.24721181152199
E57950,41.261365,WILNER DR AT EAST HILLS DR,14.109242446792678,80.26309348823646
N45770,41.2090915,RHINE ST AT YETTA AVE FS,14.124125613930644,80.27895504465616
S70040,41.143184225000006,WATERFRONT DR AT 5TH AVE FS,14.13900878106861,80.29479123308244
E11700,41.03636205000001,BUTLER ST AT 44TH ST,14.15389194820658,80.31058630519448
E01860,41.029544300000005,FIFTH AVE OPP AMBERSON AVE,14.168775115344545,80.32637875312524
N54500,40.986365,WILSON AVE AT BURGESS ST,14.183658282482511,80.34215458115786
E21320,40.915911300000005,FRANKSTOWN RD AT RODI RD FS,14.198541449620478,80.35790329125857
S43400,40.811365545,SOUTH MALL ENTRANCE DR AT DSW DRIVEWAY,14.213424616758447,80.37361176124888
W02785,40.70909090909089,BROADWAY AVE AT WAYNE AVE,14.228307783896414,80.3892808652923
S02965,40.70681585,8TH AVE OPP ANDREW ST,14.243190951034379,80.40494909365569
E33140,40.67954719,KELLY AVE AT WEST ST,14.258074118172349,80.42060682619466
N31500,40.638634499999995,MAIN ST AT 62ND ST BRIDGE FS,14.272957285310314,80.43624881126343
E35630,40.581817,LIBERTY AVE AT 40TH ST,14.28784045244828,80.45186892703225
E20570,40.495456000000004,FRANKSTOWN RD AT OVERBROOK RD,14.302723619586247,80.46745580208103
N20810,40.47045454545455,FREEPORT ST AT BUTLER ST,14.317606786724216,80.48303305396252
E10670,40.3840909090909,BROADWAY BLVD OPP WALL AVE,14.332489953862183,80.49857706410921
TP7106,40.3181818181818,LAYOVER AIRPORT TERMINUS (NO S,14.347373121000148,80.51409570556355
W13350,40.299997499999996,MCCOY RD AT #208,14.362256288138115,80.52960734779568
E35570,40.288638,LIBERTY AVE OPP 31ST ST,14.377139455276083,80.54511461770744
S70594,40.238636363636346,MCKEESPORT TRANSPORTATION CENT AT BAY #4,14.39202262241405,80.56060264177447
E57460,40.1204519,WILKINS AVE AT BARNSDALE ST,14.406905789552017,80.57604517613353
E70993,40.0522725,WYLIE AVE AT CRAWFORD ST,14.421788956689982,80.59146146794853
N43550,40.027271500000005,PERRYSVILLE AVE AT LANGLEY ST,14.43667212382795,80.6068681367712
E11670,39.9863635,BUTLER ST AT 43RD ST,14.451555290965917,80.62225905992884
E33120,39.9840917,KELLY AVE AT TRENTON AVE,14.466438458103884,80.6376491086609
E05260,39.972725700000005,BEACON ST AT WIGHTMAN ST,14.481321625241852,80.65303478257071
S09180,39.95000085,BROWNSVILLE RD AT THE BOULEVARD,14.49620479237982,80.6684117095881
N22810,39.92727272727275,FREEPORT RD OPP WESTERN AVE,14.511087959517784,80.68377988845337
S30845,39.81818181818182,LYSLE BLVD AT LOCUST ST FS,14.525971126655751,80.69910607775888
E57590,39.750000650000004,WILKINS AVE AT NEGLEY AVE,14.54085429379372,80.71440602383977
E35520,39.731815,LIBERTY AVE OPP 27TH ST,14.555737460931686,80.72969897018581
S23885,39.72045685,HWY RT 51 AT OLD LEBANON CHURCH RD,14.570620628069653,80.7449875447311
E70989,39.679547,LAWRENCEVILLE SHOPPING CTR (BO,14.585503795207618,80.76026037289932
N70144,39.59318185,W 4TH AVE AT ROSS ST,14.600386962345588,80.77549995875013
E02090,39.550002875,FIFTH AVE OPP WILKINS AVE,14.615270129483553,80.79072292482789
N12730,39.531818181818174,CALIFORNIA AVE AT CHESTNUT ST,14.63015329662152,80.80593889153911
E42230,39.4886355,NOBLE ST AT WASHINGTON ST,14.645036463759487,80.8211382370505
N10720,39.388638199999995,BRIGHTON RD AT TERMON AVE,14.659919630897456,80.83629909317138
N32540,39.343181824999995,MCKNIGHT RD AT BROWNS LN,14.674802798035422,80.85144245293816
N43980,39.3386375,PERRYSVILLE AVE OPP MARSHALL AVE,14.689685965173387,80.86658406357473
N43590,39.336361000000004,PERRYSVILLE AVE AT MCCLINTOCK AVE,14.704569132311354,80.88172479797664
S09790,39.3045453,BROWNSVILLE RD OPP THE BOULEVARD,14.719452299449323,80.89685328637891
E25950,39.2977266,GREENWOOD ST AT JANCEY ST,14.73433546658729,80.91197915023423
E08910,39.27272727272726,BRADDOCK AVE AT HUTCHINSON ST,14.749218633725256,80.92709539174106
X02120,39.256818,BOWER HILL RD AT FIRWOOD DR,14.764101800863225,80.94220550970044
E08120,39.2568168,BLVD OF ALLIES AT CRAFT AVE FS,14.778984968001192,80.95731562719794
N71204,39.1681795,PERRYSVILLE AVE OPP WATSON BLVD FS,14.793868135139157,80.97239162781774
S00270,39.1159075,S 18TH ST AT MONASTERY AVE,14.808751302277123,80.9874475087201
E45780,39.106821000000004,PENN AVE AT BUTLER ST,14.823634469415092,81.00249989218953
P01340,39.03409375,BLVD OF ALLIES AT WOOD ST,14.838517636553059,81.0175242826279
W03250,38.96590909090906,CHARTIERS AVE OPP ISLAND AVE NS,14.853400803691025,81.03252242849796
N43565,38.9249975,PERRYSVILLE AVE AT MARSHALL RD,14.86828397082899,81.04750482732085
E20560,38.884091999999995,FRANKSTOWN AVE AT MURTLAND ST,14.88316713796696,81.06247148144098
E41771,38.811365,NEGLEY AVE AT ELLSWORTH AVE,14.898050305104926,81.07741014262628
E45620,38.793181000000004,PENN AVE AT 40TH ST,14.912933472242893,81.09234180471181
E18570,38.738636,ELLSWORTH AVE AT MARYLAND AVE,14.92781663938086,81.10725247219243
S24010,38.7340933,HWY RT 51 AT OLD CLAIRTON RD FS,14.942699806518828,81.1221613911683
N71217,38.729545,ALLEGHENY STATION BAY 2,14.957582973656795,81.13706855948396
E29702,38.720456,HOMEWOOD AVE AT FINANCE ST (EAST BUSWAY),14.97246614079476,81.15197222940446
N53605,38.7159065,WEST VIEW PARK DR OPP WEST VIEW TOWER,14.987349307932728,81.16687414820287
E45530,38.709089500000005,PENN AVE AT 32ND ST,15.002232475070695,81.18177344310865
E20480,38.697728,FRANKSTOWN AVE AT LANG AVE NS,15.017115642208662,81.19666836492426
N35490,38.6386368,MT PLEASANT RD AT BEECH ST,15.031998809346629,81.21154054228306
E32749,38.6295443,JOHNSTON AVE AT MANSION ST,15.046881976484597,81.22640921989951
E29020,38.55454350000001,HIGHLAND AVE AT HOWE ST,15.061765143622562,81.24124902938573
E70861,38.48181825,LINCOLN AVE OPP DEARY ST,15.076648310760529,81.25606084661068
S42310,38.4295429,SOUTH BUSWAY AT OVERBROOK SHELTER,15.091531477898496,81.27085254282875
N31570,38.413635,MAIN ST AT CANAL ST,15.106414645036464,81.28563811602774
E13230,38.361365,CENTRE AVE AT AVALON ST,15.121297812174431,81.30040357027909
W02720,38.3,BROADWAY AVE AT 3RD ST,15.136180979312396,81.31514540487822
N12920,38.2681835,CALIFORNIA AVE AT MARSHALL AVE,15.151064146450363,81.32987499316977
E05700,38.188635,BEDFORD AVE OPP MERCER ST,15.165947313588331,81.3445739629018
E11790,38.129549275,BUTLER ST AT 54TH ST,15.180830480726298,81.35925019028434
S24050,38.0386345,HWY RT 51 AT MONRO MUFFLER,15.195713647864265,81.37389142417928
W02780,37.98409090909093,BROADWAY AVE OPP WAYNE AVE,15.21059681500223,81.38851166401166
E70372,37.968184,BEDFORD AVE AT ROBERTS ST,15.2254799821402,81.40312578120637
E70889,37.93636600000001,BEACON ST AT WIGHTMAN ST,15.240363149278165,81.41772765151615
S08220,37.92954625,BROWNSVILLE RD AT BISCAYNE DR,15.255246316416132,81.43232689687483
E10950,37.92727275,BROWNS HILL RD OPP IMOGENE RD,15.2701294835541,81.44692526715359
E07500,37.893181818181795,BEULAH RD OPP MCCRADY RD FS,15.285012650692067,81.4615105156862
W00480,37.89090909090912,5TH AVE AT BROADWAY ST,15.299895817830034,81.4760948894363
E12050,37.884092545,BUTLER ST AT MCCANDLESS AVE,15.314778984968,81.49067663946857
E19370,37.8840905,FORBES AVE AT DENNISTON ST,15.32966215210597,81.50525838871374
E19680,37.85681775,FORBES AVE AT NORTHUMBERLAND ST,15.344545319243935,81.51982964056022
N13580,37.847725,CEDAR AVE AT NORTH AVE (AGH),15.359428486381901,81.53439739256814
E13945,37.827275,CENTRE AVE AT S EUCLID AVE,15.374311653519868,81.54895727328316
E19850,37.8204566,FORBES AVE OPP BRIARCLIFF RD,15.389194820657837,81.56351452956673
S45000,37.76363636363636,ST JOSEPH ST AT OTTILLA ST,15.404077987795803,81.57804991549715
E57660,37.6659115,WILKINS AVE AT WIGHTMAN ST,15.418961154933768,81.59254768670755
E54610,37.640907500000004,TRENTON AVE AT SOUTH AVE,15.433844322071735,81.6070358337709
W25655,37.58181818181817,CRAFTON INGRAM SC AT RITE-AID,15.448727489209704,81.62150123710173
E70789,37.386365,BEDFORD AVE AT KIRKPATRICK ST,15.46361065634767,81.6358914096629
E59370,37.33636165,WOOD ST AT HILL AVE,15.478493823485637,81.65026233571976
E23550,37.256815,FRIENDSHIP AVE AT NEGLEY AVE,15.493376990623602,81.66460264392917
N71246,37.22045275,4TH AVE AT TARENTUM PARK AND RIDE,15.508260157761573,81.67892895615229
E46090,37.21818025,PENN AVE AT HOMEWOOD AVE,15.523143324899538,81.69325439368039
E39280,37.13409,MILLVALE AVE AT BAUM BLVD,15.538026492037504,81.70754746450987
W10280,37.01818181818181,ISLAND AVE AT ADRIAN ST,15.552909659175473,81.72179592178206
S00205,37.00908665,S 18TH ST AT GABLE ST,15.56779282631344,81.73604087828491
E42792,36.954545,OAK HILL DR AT BENTLEY DR,15.582675993451407,81.75026484147227
W13450,36.9477285,MCCOY RD AT TOTERA AVE,15.597559160589372,81.7644861809595
E35200,36.925002,LIBERTY AVE AT BAUM BLVD,15.612442327727342,81.7786987729192
E33130,36.847728124999996,KELLY AVE AT TRENTON AVE FS,15.627325494865307,81.79288162183231
N70143,36.825,TARENTUM PARK AND RIDE (TERMIN,15.642208662003274,81.80705572259245
S33675,36.80227275,MELLON ST AT PENNSYLVANIA AVE,15.65709182914124,81.82122107553639
E42220,36.79772625,NOBLE ST AT ROSLYN ST,15.671974996279209,81.83538467851294
E70591,36.79318181818183,BRADDOCK AVE AT 6TH ST,15.686858163417176,81.84954653231814
E42030,36.7886352,NEGLEY AVE OPP RIPPEY ST FS,15.70174133055514,81.86370663611046
N41830,36.75681655,PENNSYLVANIA AVE AT BIDWELL ST,15.716624497693108,81.87785449276768
E70590,36.61363636363638,BRADDOCK AVE AT 6TH ST,15.731507664831076,81.89194723875582
S70635,36.575,COMMONWEALTH AVE AT HILLTOP/PARKVIEW MANOR APTS,15.746390831969043,81.90602511344154
E29050,36.5613641,HIGHLAND AVE AT JACKSON ST,15.76127399910701,81.92009773961075
E27425,36.5590895,HAWKINS AVE AT 4TH ST,15.776157166244978,81.93416949027664
W05915,36.520454545454555,CRAFTON-INGRAM SHOPPING CTR AT TERMINUS,15.791040333382945,81.9482263701825
S02660,36.38863636363636,8TH AVE AT DICKSON ST,15.80592350052091,81.96223251270366
E19580,36.359091,FORBES AVE AT MEYRAN AVE,15.820806667658877,81.97622728308738
E00175,36.281818,26TH ST AT PENN AVE FS (SPRING WAY),15.835689834796845,81.99019231076133
E00500,36.222726275,40TH ST OPP DAVIDSON ST,15.850573001934812,82.00413459377636
E03277,36.215909999999994,ALCOMA BLVD AT TURNAROUND,15.865456169072779,82.01807425317784
E35170,36.211363,LIBERTY AVE AT 40TH ST NS,15.880339336210744,82.0320121624195
W03900,36.186364,CHARTIERS AVE OPP DITZLER ST,15.895222503348712,82.0459404494386
N43500,36.136365,PERRYSVILLE AVE AT KENNEDY AVE FS,15.91010567048668,82.05984949162774
N71220,36.13636363636365,CALIFORNIA AVE AT AVALON LOOP,15.924988837624646,82.07375853329201
E70373,36.12954500000001,DEVILLIERS ST AT CENTRE AVE,15.939872004762613,82.08766495043383
S24110,36.0886345,HWY RT 51 AT SOUTHLAND SHOPPING CTR ENTRANC,15.954755171900581,82.10155562094839
N22030,36.084090909090904,FREEPORT RD AT WESTERN AVE,15.969638339038546,82.11544454261526
N53600,35.9977265,WEST VIEW PARK DR AT PERRY HWY,15.984521506176513,82.12930022224994
S09630,35.961364499999995,BROWNSVILLE RD AT #2336,15.99940467331448,82.14314190599453
E49300,35.9590922,RONALD ST AT BEECHWOOD BLVD,16.01428784045245,82.1569827151211
E53010,35.9386365,STANTON AVE OPP HETH'S AVE,16.029171007590413,82.17081565076082
E41770,35.925,NEGLEY AVE AT ELLSWORTH AVE,16.04405417472838,82.18464333765309
E32732,35.7318164,JOHNSTON AVE AT SECOND AVE,16.05893734186635,82.19839666734747
E13970,35.702275,CENTRE AVE AT ROBINSON ST EXT,16.073820509004317,82.21213862643005
N12690,35.654545454545485,CALIFORNIA AVE AT BIRMINGHAM AVE,16.088703676142284,82.22586221420546
S09385,35.652272,BROWNSVILLE RD OPP W CHERRYHILL ST,16.103586843280247,82.23958492691844
E40270,35.50227325,MONTIER ST AT BESSICA ST,16.118470010418218,82.2532499044679
X70073,35.477270499999996,WASHINGTON RD AT BOWER HILL RD FS,16.133353177556184,82.26690525835146
E04160,35.4340909090909,ARDMORE BLVD AT BERKLEY AVE,16.14823634469415,82.28054399222489
E33090,35.368182645000005,KELLY AVE AT PEEBLES ST,16.163119511832118,82.29415735772422
E18870,35.361365445,EUCLID AVE AT CALLOWHILL ST,16.178002678970085,82.30776809925396
E56020,35.331817945,WALLACE AVE AT SWISSVALE AVE FS,16.19288584610805,82.32136746782399
E36000,35.306817045,LINCOLN AVE AT SHETLAND ST,16.20776901324602,82.33495721344015
N35570,35.2136359,MT PLEASANT RD AT #384,16.222652180383985,82.34851109323316
E33060,35.170455825,KELLY AVE AT HAY ST,16.237535347521952,82.3620483528297
X18880,35.159089,VIRGINIA AVE AT SHOP-N-SAVE,16.25241851465992,82.37558123728648
X20435,35.147729999999996,WEST LIBERTY AVE AT WENZELL AVE,16.267301681797885,82.38910974961532
E70376,35.045457,GREENFIELD AVE AT LORETTA ST,16.282184848935856,82.40259889662694
N08830,35.040909090909096,BEAVER ST OPP VILLAGE DR,16.29706801607382,82.41608629312881
E17373,35.00227225,EAST LIBERTY BLVD AT HIGHLAND AVE FS,16.311951183211786,82.42955881814457
S70553,34.9886355,PARKLINE DR AT RADFORD RD FS,16.326834350349753,82.44302609431664
N43900,34.9727255,PERRYSVILLE AVE AT WATSON BLVD,16.341717517487723,82.45648724666134
E46140,34.931817699999996,PENN AVE AT LANG AVE,16.35660068462569,82.46993265341801
E39320,34.9090885,MILLVALE AVE AT CYPRESS ST,16.371483851763653,82.48336931160792
S70579,34.906819,SOUTH SIDE WORKS TERMINAL - NO,16.38636701890162,82.4968050962575
E60095,34.79545454545457,YOST BLVD AT ARDMORE BLVD FS,16.40125018603959,82.51019801624996
N47075,34.7909115,ROSS GARAGE AT TERMINAL,16.416133353177557,82.52358918760467
E13350,34.7750025,CENTRE AVE AT CRAWFORD ST,16.431016520315524,82.53697423551694
E70415,34.7272725,WARREN DR AT LINCOLN HWY FS,16.445899687453487,82.55034091194706
E08190,34.706815899999995,BLVD OF ALLIES AT JULIET ST,16.460782854591457,82.56369971454393
E29057,34.656819,HIGHLAND AVE AT STATION ST,16.475666021729424,82.57703927311914
E41130,34.64318125,MURRAY AVE OPP BURCHFIELD AVE,16.49054918886739,82.59037358246574
E11680,34.6090915,BUTLER ST AT 43RD ST,16.505432356005358,82.60369477052107
E42240,34.59090915,NOBLE ST OPP WASHINGTON ST,16.520315523143324,82.61700896011175
N43560,34.561366,PERRYSVILLE AVE AT MARSHALL AVE,16.53519869028129,82.63031177841704
W10270,34.559090909090926,ISLAND AVE OPP ADRIAN ST,16.550081857419258,82.64361372103004
E52490,34.534090649999996,SOUTH AVE AT WOOD ST NS,16.564965024557228,82.65690604093588
S23890,34.529545454545456,LARGE PARK-AND-RIDE INBOUND PL,16.57984819169519,82.67019661137644
S29245,34.5113636363636,LIBRARY PL AT DUQUESNE BLVD FS,16.594731358833158,82.68348018355707
S00620,34.504545,S 26TH ST AT SARAH ST,16.609614525971125,82.69676113121524
X04360,34.481819,CHELTON AVE AT FREEDOM AVE,16.624497693109095,82.71003333153837
E08730,34.470454545454565,BRADDOCK AVE OPP COREY AVE,16.639380860247062,82.72330115763408
E41866,34.468180000000004,NEGLEY AVE AT KENTUCKY AVE,16.654264027385025,82.73656810824748
E12090,34.461365,BUTLER ST AT PENN AVE FS,16.669147194522992,82.74983243573809
S01395,34.45227272727274,2ND ST AT SR CITIZEN HI-RISE,16.684030361660962,82.76309326357385
E34970,34.4477285,LIBERTY AVE AT 26TH ST,16.69891352879893,82.77635234231701
E26520,34.425000000000004,HAMILTON AVE AT HOMEWOOD AVE,16.713796695936896,82.78960267276283
S42420,34.3863642,SOUTH BUSWAY AT EDGEBROOK SHELTER,16.72867986307486,82.80283813212318
E19160,34.3227285,FORBES AVE AT BEECHWOOD BLVD,16.74356303021283,82.81604909782914
S14760,34.28863636363637,DUQUESNE BLVD AT MILLER AVE,16.758446197350796,82.82924694132528
N31770,34.275003,MAIN ST OPP CANAL ST,16.773329364488763,82.84243953728118
E34210,34.2022715,LAKETON RD AT #3600,16.78821253162673,82.85560413857014
S04720,34.1999975,ARLINGTON AVE AT FERNLEAF ST,16.803095698764697,82.86876786458674
E46360,34.1431815,PENN AVE AT PRINCETON BLVD,16.817978865902663,82.88190972188076
E52670,34.1068175,STANTON AVE AT HETH'S AVE,16.83286203304063,82.8950375825149
W10300,34.06818181818183,ISLAND AVE OPP BOUQUET ST,16.8477452001786,82.90815057210908
S32700,34.04318181818183,MATHIAS ST AT QUARRY ST,16.862628367316564,82.9212539390958
S70580,34.009091999999995,SARAH ST AT E CARSON ST,16.87751153445453,82.93434418476502
W20982,33.936365,S MAIN ST AT WABASH ST,16.892394701592497,82.94740643749937
E70979,33.91591,HAYMAKER VILLAGE (SHOP N SAVE),16.907277868730468,82.96046081701633
E03927,33.911365,ALLEQUIPPA ST AT SR RESIDENCE (#2418),16.922161035868434,82.97351344714323
E17230,33.87954545454544,DYNAMO WAY AT BEECH ST,16.937044203006398,82.98655382979035
E55498,33.75,GIANT EAGLE (VERONA RD) AT ENTRANCE,16.951927370144364,82.99954434983529
E46710,33.740908045,PENN AVE OPP BAKERY SQUARE,16.966810537282335,83.01253137034766
E39670,33.700000775,MONONGAHELA AVE AT WHIPPLE ST FS,16.9816937044203,83.025502645476
S44730,33.67499999999996,ST CLAIR AVE AT 3RD ST,16.99657687155827,83.0384642976986
E13520,33.647725,CENTRE AVE AT HERRON AVE,17.01146003869623,83.05141545165648
S16700,33.597725,E CARSON ST OPP TERMINAL WAY,17.026343205834202,83.0643473603995
W24450,33.59545454545457,WASHINGTON AVE OPP FRANKLIN AVE,17.04122637297217,83.07727839523479
E20565,33.572728,FRANKSTOWN AVE AT OAKWOOD ST,17.056109540110135,83.09020068252507
S16180,33.502269999999996,E CARSON ST AT S 18TH ST,17.070992707248102,83.10309585022834
W21660,33.497727499999996,STEUBEN ST AT PLANET ST (WABASH ST),17.08587587438607,83.11598926950384
S70420,33.4636363636364,STATE ST AT ELM ST,17.100759041524036,83.12886956695445
N43510,33.434092500000006,PERRYSVILLE AVE AT KENNEDY AVE,17.115642208662003,83.14173849284498
N19170,33.431818500000006,FEDERAL ST AT HENDERSON ST,17.13052537579997,83.15460654346313
E45740,33.4318163,PENN AVE AT BEATTY ST,17.145408542937936,83.16747459323449
E57650,33.37727285,WILKINS AVE AT SHADY AVE FS,17.160291710075903,83.18032164899752
E19350,33.2909135,FORBES AVE AT DALLAS AVE,17.17517487721387,83.19313546467562
N71206,33.286363636363646,MAIN ST AT 62ND ST BRIDGE,17.19005804435184,83.20594752909166
E70773,33.268177949999995,WASHINGTON ST AT NOBLE ST,17.204941211489803,83.21875259375885
E06390,33.2590915,BEELER ST AT FORBES AVE,17.21982437862777,83.23155416101238
E42250,33.245456090000005,NOBLE ST AT DICKSON ST,17.234707545765737,83.244350479938
E01450,33.2454547,FIFTH AVE AT MOULTRIE ST FS,17.249590712903707,83.2571467983286
E70158,33.227271699999996,PENN AVE AT CARNEGIE PL FS,17.264473880041674,83.26993611800437
S09360,33.16136363636365,BROWNSVILLE RD OPP BRENTWOOD LOOP,17.279357047179637,83.2827000693832
N13620,33.1477285,CEDAR AVE OPP TRIPOLI ST,17.294240214317607,83.29545877253943
N10560,33.1431805,BRIGHTON RD AT ISLAND AVE (OLIVER HIGH SCHOOL,17.309123381455574,83.30821572515093
E03030,33.08409045,PENN AVE AT GRANT ST,17.32400654859354,83.32094993374822
S24340,33.068182775000004,HWY RT 51 OPP E BRUCETON RD,17.338889715731508,83.33367801941304
S01050,33.0613636,SECOND AVE OPP S 10TH ST BRIDGE FS,17.353772882869475,83.3464034803481
S42330,33.043182095,SOUTH BUSWAY AT SOUTH BANK,17.36865605000744,83.35912194314375
E35900,33.018181500000004,LINCOLN AVE AT MEADOW ST,17.383539217145408,83.37183078310294
E48230,32.997725949999996,RANKIN BLVD OPP HAWKINS AVE,17.398422384283375,83.38453174963303
E54180,32.956817,TERRACE ST AT ROBINSON ST,17.41330555142134,83.39721697013246
E21220,32.931817545,FRANKSTOWN RD AT PARKRIDGE DR,17.42818871855931,83.40989256823421
E70428,32.809091,EAST LIBERTY BLVD AT NEGLEY RUN BLVD,17.443071885697275,83.42252092836137
N70085,32.761363636363654,MCKNIGHT RD OPP DUNCAN AVE,17.457955052835242,83.43513091802113
E41810,32.754544100000004,NEGLEY AVE AT HAMPTON ST,17.472838219973212,83.44773828281204
E26380,32.734092,HAMILTON AVE AT FIFTH AVE FS,17.487721387111176,83.46033777550178
E70783,32.72727,BEDFORD AVE AT MEMORY LN,17.502604554249142,83.4729346423744
W24040,32.720454545454544,WASHINGTON AVE OPP KNOX AVE FS,17.51748772138711,83.48552888594926
N49600,32.6659075,SHADELAND AVE AT WOODLAND AVE,17.53237088852508,83.49810213413191
E52400,32.66364,SOUTH AVE AT HAY ST,17.547254055663046,83.51067450954407
N30400,32.62954545454545,LINCOLN AVE AT KESWICK AVE,17.56213722280101,83.52323376181916
E13620,32.618183,CENTRE AVE AT MILLER ST,17.57702038993898,83.53578864063667
N43330,32.5750005,PERRYSVILLE AVE AT FRANKLIN RD FS,17.591903557076947,83.54832689832433
N70022,32.5318185,BEAVER ST AT DIVISION ST FS,17.606786724214913,83.56084853507461
X03040,32.513636,BROOKLINE BLVD OPP FLATBUSH AVE,17.62166989135288,83.57336317330251
W19490,32.28863765,PARK MANOR BLVD AT ROBINSON LN,17.636553058490847,83.58579120869852
S37740,32.286364999999996,OTTILLA ST AT ST JOSEPH ST,17.651436225628814,83.5982183693418
E56550,32.206819499999995,WAVERLY AVE AT BRADDOCK AVE FS,17.66631939276678,83.61061491258025
S70026,32.140909,CENTURY DR AT SAM'S CLUB DRVWY FS,17.681202559904747,83.622986086584
W21810,32.081818,STEUBEN ST OPP SANCTUS ST,17.696085727042714,83.63533451620792
E41910,32.0795435,NEGLEY AVE AT BROAD ST FS,17.71096889418068,83.647682070367
E18270,32.038635,ELLA ST AT FRIENDSHIP AVE FS,17.725852061318648,83.66001387866861
E23600,31.98182,FRIENDSHIP AVE AT STRATFORD AVE,17.740735228456614,83.67232381863255
E49830,31.98181845,SALTSBURG RD AT HULTON RD NS,17.75561839559458,83.6846337579999
E04320,31.89090722,ARDMORE BLVD AT MARLBORO AVE FS,17.770501562732548,83.69690870524411
N70053,31.8863645,PERRYSVILLE AVE AT WATSON BLVD,17.785384729870515,83.70918190397589
S08600,31.87727272727271,BROWNSVILLE RD AT PARK DR,17.800267897008485,83.72145160324524
E70020,31.813640000000003,CENTRE AVE AT DITHRIDGE ST,17.815151064146452,83.73369681000442
E48845,31.806817499999998,ROBINSON ST AT ALLEQUIPPA ST,17.830034231284415,83.74593939075403
E59380,31.756816000000004,WOOD ST AT HILL AVE,17.844917398422382,83.7581627257114
E13660,31.727275000000002,CENTRE AVE AT MORGAN ST,17.859800565560352,83.77037469021091
S27207,31.695454545454563,KEEPORT DR AT YOUNGRIDGE DR,17.87468373269832,83.78257440688071
E32733,31.654545499999998,JOHNSTON AVE AT SECOND AVE FS,17.889566899836286,83.79475837748312
S34320,31.611363,MIFFLIN RD OPP INTERBORO AVE,17.90445006697425,83.80692572695567
S04097,31.584090909090932,AMITY ST AT 7TH ST,17.91933323411222,83.81908257928323
E19670,31.579545799999998,FORBES AVE AT NORTHUMBERLAND ST FS,17.934216401250186,83.83123768217877
S24300,31.55000000000001,HWY RT 51 OPP CLOVERLEAF TOWERS,17.949099568388153,83.84338141276892
E56223,31.54545395,WARREN DR AT LINCOLN HWY NS,17.96398273552612,83.85552339356488
E55990,31.51363605,WALLACE AVE AT CENTER ST,17.978865902664086,83.86765312751439
X02240,31.397729,BOWER HILL RD AT N WREN DR,17.993749069802053,83.87973824834222
E54585,31.384090999999998,TRENTON AVE AT PENN AVE FS,18.00863223694002,83.89181811984527
S04650,31.3795475,ARLINGTON AVE AT STERLING ST,18.023515404077987,83.90389624253561
E35990,31.354543399999997,LINCOLN AVE AT SHETLAND ST,18.038398571215954,83.91596474104043
E45570,31.349999499999996,PENN AVE AT 36TH ST,18.05328173835392,83.92803149057859
E32400,31.3340891,JANCEY ST AT MARTHA ST,18.068164905491887,83.94009211613543
N10880,31.1409105,BRIGHTON RD OPP ISLAND AVE (OLIVER HIGH SCHOOL,18.083048072629857,83.9520783864189
E33150,31.129547645,KELLY AVE AT WEST ST,18.097931239767824,83.96406028309066
S08480,31.086363636363643,BROWNSVILLE RD AT E GARDEN RD,18.112814406905787,83.97602555805192
W08086,31.077272727272717,GREENTREE RD AT POCONO DR FS,18.127697574043754,83.98798733388317
E17405,30.97727255,EAST LIBERTY BLVD AT CENTRE AVE,18.142580741181725,83.99991061921645
N33100,30.968181799999996,MCKNIGHT RD OPP NORTHLAND MEDICAL CENTER,18.15746390831969,84.01183040548098
E05280,30.947727774999997,BEACON ST OPP WENDOVER ST,18.172347075457658,84.02374231890339
S08610,30.92500000000001,BROWNSVILLE RD AT HILLSON AVE FS,18.18723024259562,84.03564548430751
S70293,30.88863636363635,STATE ST AT WALNUT AVE FS,18.20211340973359,84.04753465319172
E45770,30.829545500000002,PENN AVE AT BRUSHTON AVE,18.21699657687156,84.05940107774857
N22785,30.7590911,FREEPORT RD OPP ST MARGARET'S DR,18.231879744009525,84.07124038410407
N35540,30.715909099999998,MT PLEASANT RD AT NORTHVIEW HTS SCHOOL,18.246762911147492,84.0830630695222
E18627,30.697727,ELLSWORTH AVE AT SUMMERLEA ST,18.26164607828546,84.09487875657187
E54150,30.6181835,TERRACE ST AT DARRAGH ST,18.276529245423426,84.10666382698658
E59450,30.470455724999997,WOOD ST AT SOUTH AVE,18.291412412561392,84.1183920363458
W22000,30.4704555,STEUBEN ST OPP LORENZ AVE,18.30629557969936,84.13012024561841
E41850,30.4431841,NEGLEY AVE AT JACKSON ST,18.321178746837326,84.14183795801196
E46130,30.429546950000002,PENN AVE AT LANG AVE,18.336061913975293,84.15355042140789
E35160,30.40227365,LIBERTY AVE AT 39TH ST,18.35094508111326,84.16525238719342
N31550,30.374997999999998,MAIN ST OPP 9TH ST,18.36582824825123,84.17694385446404
S04320,30.3204565,ARLINGTON AVE OPP CLOVER ST,18.380711415389193,84.18861432847692
E57490,30.31818185,WILKINS AVE AT BEECHWOOD BLVD,18.39559458252716,84.20028392696723
E70897,30.3022725,BELL AVE AT VERONA ST,18.410477749665127,84.21194740188037
E70257,30.2886359,ROBINSON BLVD AT FRANKSTOWN RD,18.425360916803097,84.22360562800755
E57540,30.240911599999997,WILKINS AVE AT FAIR OAKS ST,18.440244083941064,84.23524548484657
N53597,30.23182,WEST VIEW PARK DR AT WEST VIEW TOWERS,18.455127251079027,84.24688184228965
N15410,30.21136355,COLUMBUS AVE AT CHATEAU ST FS,18.470010418216994,84.25851032595725
E57640,30.145454800000003,WILKINS AVE AT SHADY AVE FS,18.484893585354964,84.27011344106369
X08845,30.140909,KANE BLVD AT PROVIDENCE POINT BLVD,18.49977675249293,84.2817148064722
N05990,30.1409068,ARCH ST AT RIDGE AVE,18.514659919630898,84.29331617103391
E70215,30.1295478,BRADDOCK AVE AT HAWKINS VILLAGE NS,18.52954308676886,84.30491316346769
W16340,30.102273000000004,NOBLESTOWN RD AT CRAFTON BLVD FS,18.54442625390683,84.31649965771373
S21710,30.090911450000007,HABERMAN RAMP AT SOUTH HILLS JCT,18.559309421044798,84.32808177885039
W08072,30.075000000000024,GREENTREE RD AT MANILLA AVE,18.574192588182765,84.33965777560152
S34010,30.0340885,MIDWAY DR AT WHITAKER ST FS,18.58907575532073,84.3512180253405
E23580,29.961363400000003,FRIENDSHIP AVE AT PEARL ST,18.6039589224587,84.36275028287594
S48430,29.943181818181827,WEST ST AT 17TH AVE,18.618842089596665,84.3742755422424
E43460,29.845454545454555,OLD WILLIAM PENN HWY OPP GOOD SHEPHERD CHURCH,18.633725256734632,84.3857631859616
E54205,29.836365,TERRACE ST AT WHITRIDGE ST,18.648608423872602,84.39724733107568
E70273,29.7545455,ALLEQUIPPA ST AT SR RESIDENCE (TERRACE),18.663491591010565,84.40869998351258
E37310,29.73182045,LONG RD AT ROSEWOOD DR,18.678374758148532,84.42014388898006
S47540,29.7159105,WARRINGTON AVE AT BELTZHOOVER AVE,18.6932579252865,84.43158167063943
N22210,29.67954545454547,FREEPORT RD OPP BRILLIANT AVE FS,18.70814109242447,84.4430054552365
W02555,29.6477285,BROADHEAD-FORDING RD OPP W PROSPECT AVE NS,18.723024259562436,84.45441699335105
N45810,29.6477275,RHINE ST OPP YETTA AVE,18.7379074267004,84.46582853108069
N32460,29.6318191,MCKNIGHT RD AT SIEBERT RD,18.752790593838366,84.4772339455988
N41750,29.62272775,PENNSYLVANIA AVE AT ALLEGHENY AVE,18.767673760976336,84.48863586081721
N32770,29.609090500000004,MCKNIGHT RD AT NELSON RUN RD NS,18.782556928114303,84.5000325269995
E37300,29.609089544999996,LONG RD AT PENTLAND DR,18.79744009525227,84.51142919281422
E41865,29.6,NEGLEY AVE AT KENTUCKY AVE NS,18.812323262390237,84.52282236002398
E35360,29.58409,LIBERTY AVE AT MILLVALE AVE,18.827206429528204,84.53420940340638
E20700,29.529543500000003,FRANKSTOWN AVE AT WASHINGTON BLVD,18.84208959666617,84.54557545160651
E39640,29.522728625,MONONGAHELA AVE OPP WASHINGTON ST,18.856972763804137,84.55693887673195
N70092,29.522727,MCKNIGHT RD AT INTOWN SUITES DRVWY FS,18.871855930942104,84.56830230123194
S70334,29.470454545454558,MONONGAHELA AVE AT 6TH ST,18.88673909808007,84.57964560583952
E35150,29.4681815,LIBERTY AVE AT 37TH ST,18.901622265218037,84.59098803554214
E37965,29.370455,KANE CENTER MAIN ENTRANCE (GLE,18.916505432356004,84.60229284989491
E06010,29.30454365,BEECHWOOD BLVD AT MONITOR ST,18.931388599493975,84.6135722946858
S16625,29.293180000000003,E CARSON ST AT S 7TH ST FS,18.946271766631938,84.62484736555899
S70547,29.1795475,SKLYLINE DR AT PARKLINE DR,18.961154933769905,84.63607869879456
S70610,29.172729999999998,A DR AT B DR,18.97603810090787,84.64730740794508
S47590,29.17045625,WARRINGTON AVE AT ESTELLA AVE,18.99092126804584,84.65853524191947
E57470,29.109091900000003,WILKINS AVE AT BEECHWOOD BLVD,19.00580443518381,84.6697394564918
W70146,29.10682,VILLAGE DR OPP GROVETON DR,19.02068760232177,84.68094279660006
N43395,29.0159105,PERRYSVILLE AVE AT CLAYTON AVE,19.03557076945974,84.69211114525109
E52960,28.9931795,STANTON AVE AT WOODBINE ST FS,19.05045393659771,84.70327074464252
E11730,28.961364500000002,BUTLER ST AT 48TH ST,19.065337103735676,84.71441809830372
S70452,28.940909090909074,WORTHINGTON AVE AT 8TH ST,19.080220270873642,84.72555757859006
S70634,28.92727272727272,COMMONWEALTH AVE AT MILLER AVE,19.09510343801161,84.73669181018143
W23981,28.922727,BROADHEAD-FORDING RD OPP VILLAGE RD #1,19.109986605149576,84.74782429210283
E70413,28.865910900000003,SOUTH AVE AT PENNWOOD AVE,19.124869772287543,84.75893490526317
E35290,28.8454565,LIBERTY AVE AT GROSS ST,19.13975293942551,84.77003764543706
E06410,28.836364,BEELER ST AT FORBES AVE FS,19.154636106563476,84.7811368858686
S14765,28.795454545454547,DUQUESNE BLVD OPP COMMONWEALTH AVE,19.169519273701443,84.79222038007528
E41940,28.786365,NEGLEY AVE AT RURAL ST,19.18440244083941,84.80330037567686
S23660,28.745454,HWY RT 51 AT E BRUCETON RD FS,19.199285607977377,84.8143646244587
S09280,28.702272727272728,BROWNSVILLE RD AT W GARDEN RD,19.214168775115343,84.8254122525831
W02650,28.6136365,BROADWAY AVE AT 13TH ST,19.22905194225331,84.8364257642427
N43620,28.597729,PERRYSVILLE AVE AT MCINTYRE AVE,19.243935109391277,84.84743315303719
N20930,28.563636363636373,FREEPORT RD AT CENTER AVE (ASPINWALL),19.258818276529244,84.85842741942942
N14800,28.5613635,N CHARLES ST OPP WILSON AVE,19.273701443667214,84.86942081098667
P02130,28.550002275,GRANT ST AT US STEEL STOP B,19.288584610805177,84.88040982955958
S34110,28.540911,MIFFLIN RD AT INTERBORO AVE FS,19.303467777943144,84.89139534886169
S04400,28.534090499999998,ARLINGTON AVE AT FERNLEAF ST,19.318350945081114,84.90237824292404
S48400,28.502272727272718,WEST ST AT 15TH AVE,19.33323411221908,84.9133488901889
N22445,28.465909090909115,FREEPORT RD OPP ALPHA DR W,19.348117279357048,84.92430554093387
E11800,28.42272932,BUTLER ST AT 54TH ST,19.36300044649501,84.93524557159944
N12700,28.397727272727295,CALIFORNIA AVE AT BIRMINGHAM AVE,19.37788361363298,84.94617597886958
N40353,28.397727272727266,OHIO RIVER BLVD OPP RIVERVIEW AVE,19.39276678077095,84.9571063861397
E19340,28.35454445,FORBES AVE AT DALLAS AVE,19.407649947908915,84.96802017215578
S44980,28.347727999999996,ST JOSEPH ST AT HAYS AVE NS,19.422533115046882,84.97893133449095
E35380,28.306817499999998,LIBERTY AVE AT EVALINE ST,19.43741628218485,84.98982675019886
N52540,28.275,TROY HILL LOOP AT LOWRIE ST,19.452299449322815,85.00070991921427
W02460,28.265908000000003,BROADHEAD-FORDING RD AT VILLAGE RD #1,19.467182616460782,85.01158958867981
W22750,28.2386381,STEUBENVILLE PIKE OPP WEST WAY SHOPPES,19.48206578359875,85.02245876184365
E35310,28.0886365,LIBERTY AVE AT LIGONIER ST (HERRON AVE),19.496948950736716,85.033270198747
E25353,28.077271000000003,GREENFIELD AVE AT LYDIA ST FS,19.511832117874683,85.04407726102055
E70427,28.0500005,EAST LIBERTY BLVD AT LARIMER AVE,19.52671528501265,85.05487382676145
S27213,28.03636363636366,KEEPORT DR AT TRAVIS DR,19.541598452150616,85.06566514361494
W70014,28.03181818181818,CRAFTON INGRAM SC AT BANK (CITIZENS),19.556481619288586,85.07645471090343
E09100,27.99772655,BRADDOCK AVE AT SANDERS ST,19.57136478642655,85.08723115617633
E70937,27.9522725,CENTRE AVE AT ROBERTS ST,19.586247953564516,85.09799010599004
N12890,27.877273000000002,CALIFORNIA AVE AT MARMADUKE ST,19.601131120702487,85.10872018817386
N20600,27.847727272727287,FREEPORT RD AT ALPHA DR E,19.616014287840454,85.11943889808029
W21890,27.840909,STEUBEN ST AT WABASH ST,19.63089745497842,85.13015498360424
N12795,27.834089,CALIFORNIA AVE AT FALCK AVE,19.645780622116384,85.1408684440809
E14010,27.8227265,CENTRE AVE OPP MORGAN ST,19.660663789254354,85.15157753108245
N17250,27.7681835,EAST OHIO ST AT CEDAR AVE,19.67554695639232,85.16226562424892
N10490,27.759088999999996,BRIGHTON RD AT KLEBER ST,19.690430123530287,85.17295021690323
E70787,27.756816,DEVILLIERS ST AT BEDFORD AVE,19.705313290668254,85.18363393467008
E46290,27.704547499999997,PENN AVE AT NEGLEY AVE,19.72019645780622,85.19429753406666
E57750,27.704545149999994,WILKINS AVE AT FAIR OAKS ST,19.735079624944188,85.20496113255871
E70798,27.684089999999998,BENTLEY DR AT OAK HILL DR,19.749962792082155,85.21561685777563
E45940,27.65909,PENN AVE AT EVALINE ST,19.76484595922012,85.22626296038509
S02750,27.65227272727272,8TH AVE AT HEISEL ST,19.779729126358088,85.23690643899698
E35300,27.595453499999998,LIBERTY AVE AT GROSS ST,19.794612293496055,85.24752804764411
N21020,27.568181818181813,FREEPORT RD AT DELAFIELD AVE FS,19.80949546063402,85.25813915930371
E11310,27.540907999999998,BUNKERHILL ST OPP ST CLAIR ST,19.824378627771992,85.26873977315346
E11140,27.5386369,BRYANT ST AT EUCLID AVE,19.83926179490996,85.27933951284706
W03430,27.511364999999998,CHARTIERS AVE AT HILLSBORO ST,19.854144962047922,85.28992875546916
S00500,27.48863685,S 20TH ST AT E CARSON ST,19.86902812918589,85.30050924992865
E53530,27.4772727,ST CLAIR ST AT CALLOWHILL ST,19.88391129632386,85.31108537027797
E12340,27.470456,BUTLER ST OPP 48TH ST,19.898794463461826,85.32165886685016
E14080,27.4704525,CENTRE AVE OPP WATT ST,19.913677630599793,85.33223236207517
E05980,27.429547499999998,BEECHWOOD BLVD AT LILAC ST,19.928560797737756,85.34279011278991
S48410,27.40454545454546,WEST ST AT 15TH AVE,19.943443964875726,85.35333824010989
N43630,27.370452999999998,PERRYSVILLE AVE AT MCINTYRE AVE,19.958327132013693,85.36387324509761
N12010,27.3659076,BROWNS LN AT MCKNIGHT RD,19.97321029915166,85.37440650054133
X20140,27.36136363636365,WEST LIBERTY AVE AT PARK BLVD,19.988093466289627,85.3849380069939
N31250,27.349999999999998,LOWRIE ST OPP FROMAN ST,20.002976633427593,85.39546513953402
S04310,27.3318175,ARLINGTON AVE AT CLOVER ST,20.01785980056556,85.40598527355175
E35600,27.318183500000004,LIBERTY AVE AT 36TH ST,20.032742967703527,85.41650015978426
E70954,27.295454,MONTIER ST AT WRIGHT ST NS,20.047626134841494,85.42700629733456
E54580,27.279547,TRENTON AVE AT PENN AVE,20.06250930197946,85.4375063122122
E35800,27.275000799999997,LINCOLN AVE AT CHURCHLAND ST,20.077392469117427,85.44800457723791
N08180,27.25909,BEAVER RD AT BLACKBURN RD FS,20.092275636255394,85.45849671812833
E05970,27.252273600000002,BEECHWOOD BLVD AT LILAC ST,20.107158803393364,85.46898623535708
N53595,27.243180700000003,WEST VIEW PARK DR AT PERRY HWY FS,20.122041970531328,85.47947225268956
S00400,27.23181675,S 18TH ST AT ST PATRICK ST,20.136925137669294,85.48995389598883
N45790,27.2113655,RHINE ST OPP #2146,20.15180830480726,85.50042766751409
W02740,27.209092499999997,BROADWAY AVE OPP CHARLES ST,20.16669147194523,85.5109005641519
X17740,27.177272,SOUTHERN AVE OPP WHITWORTH ST,20.1815746390832,85.52136121294248
N54670,27.159088999999998,WOODLAND AVE AT SHADELAND AVE,20.19645780622116,85.53181486301821
E45560,27.136362,PENN AVE OPP BUTLER ST,20.21134097335913,85.542259765374
E70283,27.127272700000002,PENN AVE AT BAKERY SQUARE,20.2262241404971,85.55270116921913
E17311,27.120453895,EAST BUSWAY AT HOMEWOOD STATION B,20.241107307635065,85.56313994847693
W26210,27.093182000000002,W PROSPECT AVE AT BROADHEAD-FORDING RD,20.255990474773032,85.57356823066513
E04350,27.04318181818183,ARDMORE BLVD AT NEWPORT RD,20.270873641910995,85.58397726756849
S14320,27.0181818181818,DESIDERIO BLVD AT SOLTIS DR,20.285756809048966,85.59437668186438
E17380,26.974998000000003,EAST LIBERTY BLVD AT LARIMER AVE,20.300639976186933,85.60475947452306
E58010,26.97273,WILNER DR OPP #2278,20.3155231433249,85.61514139421882
E53170,26.968182499999998,STANTON AVE AT WOODBINE ST,20.330406310462866,85.62552156356226
W10960,26.943183,LADOGA ST AT MIDDLETOWN RD,20.345289477600833,85.63589211049072
N31440,26.911362,MAIN ST AT 16TH ST,20.3601726447388,85.64625040937953
E70423,26.899999,HIGHLAND AVE AT BROAD ST,20.375055811876766,85.6566043346008
E09320,26.884090999999998,BRADDOCK AVE OPP BIDDLE AVE,20.389938979014737,85.66695213676452
S49380,26.87045454545455,W 5TH AVE AT REBECCA ST,20.4048221461527,85.67729469019827
S70593,26.863636999999997,PARKLINE DR AT RADFORD RD,20.419705313290667,85.68763461952948
S49500,26.861363636363627,W 5TH AVE OPP RAMP #2,20.434588480428634,85.69797367383323
S01200,26.854545350000002,SECOND AVE OPP TECHNOLOGY DR,20.449471647566604,85.7083101037493
S70549,26.85,PARKLINE DR AT #1695,20.46435481470457,85.7186447841406
E46620,26.7999985,PENN AVE OPP 36TH ST,20.479237981842534,85.72896021873966
W10166,26.7909090909091,INGRAM AVE AT MARCROSS AVE,20.4941211489805,85.7392721547861
W12260,26.75000000000002,MAIN ST AT CHESTNUT ST,20.50900431611847,85.74956834474763
S42450,26.749999045000003,SOUTH BUSWAY AT OVERBROOK SHELTER,20.523887483256438,85.75986453434157
S38530,26.745456,PENNSYLVANIA AVE AT MELLON ST,20.538770650394405,85.77015897529799
W20980,26.720453499999998,S MAIN ST AT WABASH ST,20.553653817532368,85.7804437926847
S70613,26.659095,B DR AT D DR,20.568536984670338,85.79070499292105
E26530,26.654546,HAMILTON AVE AT HOMEWOOD AVE,20.583420151808305,85.80096444222775
N10520,26.6340925,BRIGHTON RD AT MCDOWELL ST,20.59830331894627,85.81121601889443
E70302,26.625,TERRACE ST AT OAK HILL DR,20.61318648608424,85.82146409581874
N43940,26.622726500000002,PERRYSVILLE AVE OPP DELAWARE ST,20.628069653222205,85.83171129766316
X13774,26.572729099999997,BROOKLINE BLVD AT EDGEBROOK AVE,20.642952820360172,85.84193925529344
E60090,26.55,YOST BLVD AT ARDMORE BLVD,20.65783598749814,85.85215846439544
N19120,26.540911350000002,FEDERAL ST AT ALPINE ST,20.672719154636106,85.86237417523701
E70117,26.538638,BALDRIDGE AVE AT MIDDLE ST,20.687602321774072,85.87258901105639
N70149,26.527271,CASINO DR AT NORTH POINTE DR FS (BUS BAY),20.70248548891204,85.88279947166862
X15160,26.52272727272725,RAILROAD ST AT STATION ST,20.717368656050006,85.89300818338069
E00420,26.447725450000004,40TH ST AT BUTLER ST,20.732251823187976,85.90318802656888
N71302,26.393182,CALIFORNIA AVE AT BAINTON ST,20.74713499032594,85.91334687574874
N39960,26.368181818181817,OHIO RIVER BLVD AT RIVERVIEW AVE FS,20.762018157463906,85.92349610225118
E48200,26.290908875,RANKIN BLVD AT KENMAWR AVE,20.776901324601873,85.9336155860657
E34120,26.25227225,LAKETON RD AT TURNER SCHOOL,20.791784491739843,85.94372019847721
S42380,26.247727175,SOUTH BUSWAY AT WHITED ST SHELTER,20.80666765887781,85.95382306146983
N32790,26.234089349999998,MCKNIGHT RD AT NORTH HILLS VILLAGE (SOUTH ENT,20.821550826015773,85.963920675205
W07515,26.195454545454517,FOSTER AVE AT WILLOW AVE (OPP PLAYGROUND),20.836433993153744,85.97400341823784
W22310,26.190908,STEUBENVILLE PIKE AT LORISH RD NS (ECONO LODGE),20.85131716029171,85.9840844112858
E46350,26.1545435,PENN AVE AT PRINCETON BLVD,20.866200327429677,85.99415140748144
E46895,26.136364499999996,PENN CENTER BLVD OPP BLDG #3,20.881083494567644,86.00421140650185
E17610,26.11590909090909,EDGEWOOD AVE OPP ELM ST,20.89596666170561,86.01426353214738
S00660,26.09318175,SECOND AVE AT S 10TH ST BRIDGE,20.910849828843578,86.02430690994174
E70839,26.043183499999998,MELLON TERRACE AT N NEGLEY AVE,20.925732995981544,86.03433104319478
E70838,26.038636000000004,CRAIG ST AT BAUM BLVD,20.94061616311951,86.04435342609555
E35390,26.0340895,LIBERTY AVE AT OSCEOLA ST,20.955499330257478,86.05437405902893
S14770,26.00227272727273,DUQUESNE BLVD AT COMMONWEALTH AVE,20.970382497395445,86.06438244554973
E70782,25.970455,BEDFORD AVE AT SOMERS DR,20.98526566453341,86.07437858529056
N32480,25.968181125,MCKNIGHT RD AT MR TIRE,21.00014883167138,86.08437384980715
N22510,25.934090909090934,FREEPORT RD OPP HWY RT 910 (WERNER CAMP),21.01503199880935,86.09435599285312
E35930,25.924998000000002,LINCOLN AVE AT UPLAND ST,21.029915165947312,86.10433463599931
W08224,25.922726500000003,GREENTREE RD OPP FORSYTHE RD,21.04479833308528,86.11431240483537
X09540,25.87045454545455,LESNETT RD AT BANK ST FS,21.059681500223245,86.1242700539715
E70772,25.868182275000002,WASHINGTON ST AT MONONGAHELA AVE,21.074564667361216,86.13422682850094
E16470,25.8659095,DESOTO ST AT O'HARA ST,21.089447834499182,86.14418272822955
S11430,25.856818,CHARLES ST AT GRIMES AVE FS,21.104331001637146,86.15413512860071
S70332,25.85227272727271,MONONGAHELA AVE AT 8TH ST,21.119214168775116,86.16408577947688
E70299,25.775,BRYN MAWR RD AT IOWA ST,21.134097335913083,86.17400668774822
E70242,25.763637499999998,GROSS ST AT FRIENDSHIP AVE,21.14898050305105,86.1839232225445
E13725,25.763636500000004,CENTRE AVE AT PROTECTORY PL,21.163863670189016,86.19383975695585
W10590,25.747727272727296,ISLAND AVE OPP MCKEES ROCKS BRIDGE,21.178746837326983,86.20375016783727
E39650,25.743184,MONONGAHELA AVE OPP WHIPPLE ST (#1641),21.19363000446495,86.21365882999348
N41800,25.734092,PENNSYLVANIA AVE AT FULTON ST,21.208513171602917,86.22356399259982
W70086,25.656819,BROADWAY AVE AT 11TH ST,21.223396338740883,86.23343941249637
E49390,25.636362945,ROSS AVE AT CENTER ST,21.23827950587885,86.24330695876942
E15480,25.593181818181854,COREY AVE AT BRADDOCK AVE,21.253162673016817,86.2531578844412
N71308,25.590911,BEAVER AVE AT FRANKLIN ST,21.268045840154784,86.2630079360653
N43680,25.554546000000002,PERRYSVILLE AVE AT RICHEY AVE,21.28292900729275,86.27284399064463
E23590,25.547727000000002,FRIENDSHIP AVE AT PEARL ST,21.297812174430717,86.28267742056154
E40330,25.50909,MONTIER ST AT LAKETON RD,21.312695341568684,86.2924959789311
E52700,25.4704524,STANTON AVE AT HIGHVIEW ST,21.32757850870665,86.30229966552238
E58440,25.38863795,WM PENN HWY AT GRAHAM BLVD,21.34246167584462,86.31207186138026
E38900,25.379545454545447,MCCRADY RD AT BEULAH CHURCH,21.357344842982588,86.32184055749754
E28990,25.359090000000002,HIGHLAND AVE AT HAMPTON ST,21.37222801012055,86.33160138022247
W21110,25.35681835,STANHOPE ST AT W CARSON ST FS,21.387111177258518,86.34136132857954
E70232,25.3204555,ELLSWORTH AVE AT COLLEGE ST,21.40199434439649,86.35110728071938
W02735,25.311364499999996,BROADWAY AVE AT CHARLES ST,21.416877511534455,86.36084973369424
E16010,25.311364049999998,EAST LIBERTY BLVD OPP HAMILTON AVE,21.431760678672422,86.3705921864959
E33450,25.30227,KIRKPATRICK ST AT CENTRE AVE FS,21.446643845810385,86.38033113895862
S70027,25.270454649999998,CENTURY DR OPP SAM'S CLUB DRVWY,21.461527012948356,86.3900578455564
W03710,25.268181818181837,CHARTIERS AVE AT SINGER AVE FS,21.476410180086322,86.39978367733146
E70799,25.24090909090908,BRADDOCK AVE OPP LIBRARY ST,21.49129334722429,86.40949901171658
N31410,25.2181815,MAIN ST AT 13TH ST FS,21.506176514362256,86.41920559815426
E08550,25.186363636363627,BRADDOCK AVE AT 4TH ST,21.521059681500223,86.42889993775952
W20390,25.1568181818182,RIVER AVE AT W CARSON ST NS,21.53594284863819,86.43858290519233
E36020,25.122727345,LINCOLN AVE AT VASSAR ST FS,21.550826015776156,86.44825275091556
E08130,25.097727,BLVD OF ALLIES AT CRAFT AVE,21.565709182914123,86.45791297389853
X03320,25.090907275,BROOKLINE BLVD OPP BREINING ST,21.58059235005209,86.46757057194006
E15580,25.088637,CRAFT AVE AT FIFTH AVE FS (DIALYSIS CTR),21.595475517190057,86.47722729614298
E44910,25.086363999999996,PARK HILL DR AT #2102,21.610358684328023,86.48688314545842
N31530,25.077272999999998,MAIN ST AT 8TH ST,21.625241851465994,86.4965354956089
S48440,25.06591,WEST ST AT 18TH AVE,21.64012501860396,86.50618347209183
E35190,25.0659085,LIBERTY AVE AT BAUM BLVD,21.655008185741924,86.51583144799743
W03560,25.043181818181832,CHARTIERS AVE AT MARGARET ST,21.66989135287989,86.5254706763055
N14620,25.0204525,N CHARLES ST AT PERRYSVILLE AVE,21.68477452001786,86.53510115600133
E46260,24.9931835,PENN AVE AT MILLVALE AVE,21.699657687155828,86.54472113974188
E53660,24.97272727272725,SWISSVALE AVE OPP MAPLE AVE,21.714540854293794,86.55433324979262
S40115,24.9409095,RADFORD RD AT WILLOCK RD (OPP 7-11),21.729424021431758,86.5639331130459
S00490,24.92499875,S 18TH ST OPP ST PATRICK ST,21.744307188569728,86.57352685218315
S01300,24.909090909090896,2ND ST AT HAMILTON AVE,21.759190355707695,86.58311446832406
S33280,24.9068195,MCKINLEY ST AT BROWNSVILLE RD FS,21.77407352284566,86.59270121018984
W23093,24.9045435,SUMMIT PARK DR AT ANDREW DR,21.788956689983628,86.60228707601343
E32480,24.890911045000003,JANCEY ST AT VILSACK ST,21.803839857121595,86.6118676946465
E70869,24.856820000000003,ELMORE ST AT ROSE ST FS,21.818723024259562,86.62143519148987
E16190,24.8545455,DARRAGH ST OPP VICTORIA ST,21.83360619139753,86.63100181286839
E27470,24.852272,HAWKINS AVE AT OVERLAND ST,21.8484893585355,86.640567559167
S42490,24.797726975,SOUTH BUSWAY AT WHITED ST SHELTER,21.863372525673462,86.65011231085106
N13070,24.790909999999997,CALIFORNIA AVE AT SUPERIOR AVE,21.87825569281143,86.65965443865215
X19970,24.743181999999997,WEST LIBERTY AVE AT BROOKLINE BLVD FS,21.893138859949396,86.66917819574094
N71221,24.69318185,RIDGE AVE AT ALLEGHENY AVE,21.908022027087366,86.6786827075571
E29190,24.693179545,HIGHLAND AVE AT WELLESLEY AVE,21.922905194225333,86.68818721848605
E01310,24.68636357,FIFTH AVE AT KIRKPATRICK ST FS,21.937788361363296,86.69768910591694
N35640,24.6840886,MT PLEASANT RD AT #415,21.952671528501263,86.7071901177021
E16500,24.625000999999997,DEVILLIERS ST AT WEBSTER AVE,21.967554695639233,86.71666838641609
E25349,24.6204545,GREENFIELD AVE AT LYDIA ST,21.9824378627772,86.72614490516268
E56005,24.611365645000003,WALLACE AVE AT PITT ST,21.997321029915167,86.73561792556993
E46650,24.6022732,PENN AVE OPP CARNEGIE PL,22.01220419705313,86.745087446256
S24390,24.5818187,HWY RT 51 OPP GLEN ELM DR,22.0270873641911,86.75454909391713
E32735,24.572724,JOHNSTON AVE AT #666,22.041970531329067,86.76400724098914
E20490,24.568182,FRANKSTOWN AVE AT LANG AVE,22.056853698467034,86.77346363982583
E45510,24.5659095,PENN AVE AT 30TH ST,22.071736865605,86.7829191639675
E39310,24.561365,MILLVALE AVE AT CYPRESS ST,22.086620032742967,86.79237293891161
E39600,24.561362925,MONONGAHELA AVE AT SCHLEY AVE,22.101503199880934,86.80182671305703
E16080,24.55,DALLAS AVE AT PENN AVE,22.1163863670189,86.81127611356378
S16580,24.545452,E CARSON ST AT TERMINAL WAY FS,22.131269534156868,86.82072376352578
N13150,24.5431825,CALIFORNIA AVE OPP FALCK AVE,22.146152701294834,86.83017053994749
S00410,24.515909299999997,S 18TH ST OPP WACHTER ST,22.1610358684328,86.8396068187973
W70121,24.509090909090922,MANSFIELD BLVD OPP JEFFERSON ST (CARNEGIE STATION,22.175919035570768,86.84904047321915
W03320,24.499999499999998,CHARTIERS AVE OPP LITCHFIELD ST STEPS,22.19080220270874,86.85847062831857
N71283,24.488637549999996,RIDC PARK TERMINAL,22.2056853698467,86.86789641015461
E70903,24.4863635,VERONA ST AT BELL AVE,22.22056853698467,86.87732131669902
E17680,24.463636363636386,EDGEWOOD AVE OPP GORDON ST,22.235451704122635,86.886737475471
E23470,24.45682,FRIENDSHIP AVE AT FAIRMOUNT ST,22.250334871260605,86.89615101059529
E12486,24.409090499999998,CAMP ST AT BRYN MAWR RD,22.265218038398572,86.90554617442992
E35340,24.38863595,LIBERTY AVE AT MAIN ST FS,22.280101205536536,86.91493346522033
S04480,24.3704545,ARLINGTON AVE AT KNOX AVE,22.294984372674502,86.92431375789252
S20112,24.343182145,WATERFRONT DR AT COSTCO WHOLESALE DRVWY,22.309867539812473,86.93368355331806
W24250,24.32954545454546,WASHINGTON AVE AT LINCOLN AVE,22.32475070695044,86.94304809992285
E70164,24.311365,HIGHLAND AVE OPP RIPPEY ST FS,22.339633874088406,86.95240564879253
N31460,24.306818,MAIN ST AT 19TH ST,22.354517041226373,86.96176144750238
S70441,24.299999999999997,CHURCHVIEW GARDEN APARTMENTS,22.36940020836434,86.97111462193473
X20250,24.288636363636364,WEST LIBERTY AVE AT WISCONSIN AVE FS,22.384283375502307,86.9804634224546
E70793,24.2772715,BEDFORD AVE AT MORGAN ST,22.399166542640273,86.98980784858963
E04860,24.24318,BAUM BLVD OPP FAIRMOUNT ST FS,22.41404970977824,86.99913915275978
E19700,24.220454750000002,FORBES AVE AT PLAINFIELD ST,22.428932876916207,87.00846170988355
E18470,24.188637999999997,ELLSWORTH AVE AT COLLEGE ST,22.443816044054174,87.0177720206035
E27460,24.1840905,HAWKINS AVE OPP OVERLAND ST,22.45869921119214,87.02708058097116
E17770,24.16590909090909,EDGEWOOD TOWNE CENTRE AT GIANT EAGLE FS,22.47358237833011,87.03638214323632
E20670,24.1249995,FRANKSTOWN AVE AT STERRETT ST,22.488465545468074,87.04566795922413
E05250,24.104545594999998,BEACON ST AT WENDOVER ST,22.50334871260604,87.05494590241601
N33490,24.10227272727271,MERCHANT ST AT 11TH ST FS,22.518231879744008,87.06422297077133
E46600,24.095454000000004,PENN AVE AT WINEBIDDLE ST,22.533115046881978,87.07349741456922
E70447,24.0522722,FRANKSTOWN RD AT PETERMANS LN,22.547998214019945,87.08275523750669
X02080,24.011363,BOWER HILL RD AT COCHRAN RD FS,22.562881381157908,87.0919973143173
S00090,24.009090909090926,12TH AVE AT AMITY ST FS,22.577764548295875,87.10123851659033
S50280,23.995454545454557,WORTHINGTON AVE OPP 8TH ST,22.592647715433845,87.1104744701684
E27450,23.9886375,HAWKINS AVE AT MIDDLE ST,22.60753088257181,87.11970779983638
S06270,23.956818,BELTZHOOVER AVE AT CLIMAX ST,22.62241404970978,87.12892888204206
S70562,23.89772677,CENTURY DR OPP GABRIEL BROTHERS,22.637297216847745,87.13812721977936
E35890,23.88181845,LINCOLN AVE AT MEADOW ST,22.652180383985712,87.14731943433593
E70454,23.872729024999998,FIFTH AVE AT HASTINGS ST FS (PENN AVE),22.66706355112368,87.15650815033374
W00840,23.815905,ALLENDALE ST AT MOYER ST,22.681946718261646,87.16567499452013
N15025,23.800001250000005,CHESTNUT ST AT SUISMON ST,22.696829885399612,87.17483571728478
E13250,23.795455500000003,CENTRE AVE AT BIGELOW BLVD,22.71171305253758,87.18399469037074
X04380,23.7886345,CHELTON AVE AT OAKRIDGE ST,22.726596219675546,87.19315103802447
S70559,23.779547,SKYLINE DR OPP BALDWIN HEALTH CENTER,22.741479386813513,87.20230388786041
E03320,23.770455899999998,ALLEGHENY RIVER BLVD AT CENTER AVE,22.756362553951483,87.21145323849288
E12000,23.747727400000002,BUTLER ST AT 47TH ST,22.771245721089446,87.22059384082803
N31760,23.725,MAIN ST AT 9TH ST,22.786128888227413,87.22972569528925
W00790,23.7113625,ALLENDALE CIR AT #3658,22.80101205536538,87.2388523006181
N10480,23.686365545,BRIGHTON RD AT KLEBER ST,22.81589522250335,87.24796928451156
S27210,23.679545454545455,KEEPORT DR OPP YOUNGRIDGE DR,22.830778389641317,87.25708364332286
S70481,23.670454545454536,EDEN PARK BLVD AT O'NEIL BLVD,22.84566155677928,87.2661945030042
S00390,23.66363545,S 18TH ST AT STEPS,22.860544723917247,87.27530273798641
E35620,23.6431824,LIBERTY AVE OPP 39TH ST,22.875427891055217,87.28440310050175
W08480,23.62272727272729,HECKLE RD OPP OHIO VALLEY HOSPITAL ENTRANCE,22.890311058193184,87.29349558975072
N22260,23.61818181818182,FREEPORT RD OPP CENTER AVE,22.90519422533115,87.30258632943469
E41745,23.588638,NEGLEY AVE OPP CLAYBOURNE ST,22.920077392469118,87.31166569757606
N22680,23.5750001,FREEPORT RD OPP #1050,22.934960559607084,87.32073981643111
E13800,23.5545465,CENTRE AVE AT SOHO ST,22.94984372674505,87.32980606260763
N31690,23.538635,MAIN ST OPP 16TH ST,22.964726893883018,87.33886618437941
E04220,23.531818181818196,ARDMORE BLVD AT BRYN MAWR RD NS,22.979610061020985,87.34792368232858
E06585,23.524999,JONES AVE AT BELL AVE,22.99449322815895,87.35697855554537
E35090,23.518180500000003,LIBERTY AVE AT 32ND ST,23.00937639529692,87.3660308042922
N13160,23.511364,CALIFORNIA AVE OPP COLUMBUS AVE BRIDGE,23.024259562434885,87.37508042933888
N12950,23.468181818181833,CALIFORNIA AVE AT OHIO ST,23.039142729572852,87.38411343337819
E33100,23.463634374999998,KELLY AVE AT PITT ST,23.05402589671082,87.39314468708709
N08540,23.4590909090909,BEAVER ST AT VILLAGE DR,23.068909063848785,87.40217419199642
E02245,23.45,6TH ST AT BALDRIDGE AVE,23.083792230986752,87.4112001977758
N24150,23.434090909090905,GRANT AVE OPP WILSON ST,23.098675398124723,87.4202200800777
N05970,23.4204532,ARCH ST AT NORTH AVE,23.113558565262686,87.42923471316676
S31580,23.413638000000002,MAIN ST AT VIRGINIA AVE,23.128441732400653,87.43824672305604
S27530,23.388636499999997,KENNYWOOD BLVD OPP HOFFMAN BLVD,23.143324899538623,87.44724910976053
S70476,23.374999999999996,HARTMAN ST AT O'NEIL BLVD,23.15820806667659,87.45624624771759
E70975,23.36818365,MOREWOOD AVE AT FORBES AVE FS,23.173091233814556,87.46524076203221
W70037,23.31136,MCCARTAN DR OPP 4TH AISLE,23.18797440095252,87.47421340467974
X02070,23.297726500000003,BOWER HILL RD AT COCHRAN RD,23.20285756809049,87.48318079973455
E45670,23.259090999999998,PENN AVE AT AIKEN AVE,23.217740735228457,87.49213332381936
N43400,23.2545475,PERRYSVILLE AVE AT DELAWARE ST,23.232623902366424,87.50108409909149
E70825,23.25,VIADUCT WAY TERMINAL,23.24750706950439,87.51003312401133
N14680,23.2181815,N CHARLES ST AT WILSON AVE,23.262390236642357,87.51896990185377
S00320,23.21591015,S 18TH ST AT #2620,23.277273403780324,87.52790580544384
N15300,23.2136368,COLBY ST AT FABER ST,23.29215657091829,87.53684083401173
S02715,23.19999825,8TH AVE AT GRANT ST,23.307039738056258,87.5457706130431
W00340,23.14090909090908,4TH AVE AT MILL ST,23.321922905194224,87.5546776484032
W17700,23.1227265,NOBLESTOWN RD OPP CRAFTON BLVD,23.33680607233219,87.56357768520591
E45720,23.1045455,PENN AVE AT ATLANTIC AVE,23.351689239470158,87.5724707240636
S33960,23.095453000000003,MIDWAY DR AT #4A,23.366572406608125,87.58136026317894
E45960,23.079545,PENN AVE AT FAIRMOUNT ST,23.381455573746095,87.59024367923672
E17300,23.061364195,EAST BUSWAY AT HERRON STATION B,23.396338740884058,87.59912009742453
X01270,23.0545441,BELTZHOOVER AVE AT EUREKA ST,23.411221908022025,87.60799389052846
W24410,23.050000000000008,WASHINGTON AVE AT STATION ST,23.426105075159995,87.61686593458879
E46915,23.0159105,PENN CENTER BLVD AT RITE AID DRVWY,23.440988242297962,87.62572485745403
E56560,23.0022735,WAVERLY AVE AT BRADDOCK AVE,23.45587140943593,87.63457853137938
N28065,22.9977285,ITIN ST AT SPRING GARDEN AVE,23.470754576573892,87.64343045591471
N41760,22.96136585,PENNSYLVANIA AVE AT MANHATTAN ST,23.485637743711862,87.65226838430976
N17290,22.94091,EAST OHIO ST AT CHESTNUT ST,23.50052091084983,87.66109843916024
W00330,22.922727272727254,4TH AVE AT MAIN ST NS,23.515404077987796,87.66992149540086
X10475,22.843184,GALLERIA STOREFRONT AT SOUTHEAST ENTRANCE,23.530287245125763,87.67871393509395
S27203,22.809090909090926,KEEPORT DR AT #5407,23.54517041226373,87.68749325220983
N17510,22.802273,31ST ST BRIDGE RAMP AT RIALTO ST,23.560053579401696,87.69626994508322
E04430,22.80227272727274,ARDMORE BLVD OPP NEWPORT RD,23.574936746539663,87.70504663785162
W25040,22.79545445,WASHINGTON PIKE AT RACEWAY PLAZA,23.58981991367763,87.71382070623581
N31580,22.793182,MAIN ST AT GARNIER ST,23.604703080815597,87.7225938999442
W21965,22.772727272727252,STEUBEN ST AT INGRAM AVE,23.619586247953563,87.73135922054017
E04880,22.7522745,BAUM BLVD AT LIBERTY AVE FS,23.63446941509153,87.74011666877603
E70245,22.747727249999997,40TH ST AT PENN AVE NS,23.6493525822295,87.74887236675582
X20430,22.69999999999998,WEST LIBERTY AVE OPP WISCONSIN AVE,23.664235749367464,87.75760969431197
W70057,22.697727272727285,WEST BUSWAY AT INGRAM STATION B,23.67911891650543,87.7663461470856
P01450,22.681817500000005,CHATHAM ST AT CENTRE AVE,23.694002083643397,87.77507647611937
S70558,22.6795435,PARKLINE DR AT SKYLINE DR,23.708885250781368,87.78380592988074
N33580,22.675000000000026,MERCHANT ST AT 4TH ST,23.723768417919334,87.79253363482945
N44080,22.6613655,PERRYSVILLE AVE OPP WALDORF ST,23.738651585057298,87.80125609180051
N32680,22.536364799999998,MCKNIGHT RD AT IVORY AVE RAMP FS,23.753534752195264,87.80993043546493
E20330,22.5318195,FRANKSTOWN AVE AT BRADDOCK AVE,23.768417919333235,87.81860302962384
W24270,22.48409090909093,WASHINGTON AVE AT MAIN ST FS,23.7833010864712,87.82725725284301
E35320,22.4727275,LIBERTY AVE AT HERRON AVE,23.79818425360917,87.83590710223717
X15150,22.463636363636347,RAILROAD ST AT STATION ST FS,23.81306742074713,87.84455345241386
S70563,22.454545500000002,WEST MIFFLIN GARAGE TERMINAL -,23.827950587885102,87.85319630347807
S31140,22.440909499999997,MAIN ST AT CAROLINE AVE,23.84283375502307,87.8618339059873
E26410,22.438635499999997,HAMILTON AVE AT BRADDOCK AVE,23.857716922161035,87.87047063322414
W03500,22.4363635,CHARTIERS AVE AT KRUPP ST,23.872600089299002,87.87910648595843
E30430,22.422727275,HWY RT 286 AT PRESQUE ISLE DR,23.88748325643697,87.8877370900511
N13020,22.422727272727293,CALIFORNIA AVE AT SCHOOL ST,23.902366423574936,87.8963676941429
S70136,22.422727272727276,WATERFRONT DR OPP BRIDGE ST (RED ROBIN),23.917249590712903,87.9049982982347
W08232,22.422727272727272,GREENTREE RD OPP MANSFIELD AVE FS,23.932132757850873,87.91362890232651
E70016,22.42045454545454,LINDEN AVE AT BEECH ST NS,23.947015924988836,87.92225863163581
W00780,22.4068205,ALLENDALE CIR AT #3604,23.961899092126803,87.93088311314243
S70546,22.395453500000002,SKYLINE DR AT BALDWIN HEALTH CENTER,23.97678225926477,87.93950321944189
E53300,22.368181999999997,STATION ST AT WESTINGHOUSE AVE,23.99166542640274,87.94811282882381
S48390,22.356818181818177,WEST ST AT 13TH AVE,24.006548593540707,87.95671806422327
X13600,22.347727999999996,PIONEER AVE AT SOUTHCREST DR,24.02143176067867,87.96531980077268
N30500,22.327272727272742,LINCOLN AVE AT STRAW AVE,24.036314927816637,87.97391366399971
N71269,22.3227268,GAMMA DR OPP ZOLL DRIVEWAY,24.051198094954607,87.98250577747979
S70556,22.320452500000002,PARKLINE DR AT #1690,24.066081262092574,87.99109701557202
N43970,22.249999499999998,PERRYSVILLE AVE OPP LAFAYETTE AVE,24.08096442923054,87.99966113600178
N32490,22.24545415,MCKNIGHT RD AT BRAUNLICH DR,24.095847596368504,88.00822350690677
N32930,22.229545899999998,MCKNIGHT RD AT SIEBERT RD FS,24.110730763506474,88.01677975465799
N31360,22.202272500000003,LOWRIE ST OPP NIGGEL ST,24.12561393064444,88.02532550476035
N40150,22.2,OHIO RIVER BLVD OPP ELIZABETH AVE,24.140497097782408,88.03387038016767
S20445,22.165909090909075,GRANT AVE AT 2ND ST,24.155380264920375,88.04240213383758
W17100,22.147729499999997,NOBLESTOWN RD AT #2128,24.17026343205834,88.05092689010483
W10330,22.140909090909116,ISLAND AVE AT CHARTIERS AVE NS (MARY ST),24.185146599196308,88.0594490211673
X02520,22.125001349999998,BOWER HILL RD OPP CARNEGIE DR FS,24.200029766334275,88.06796502927192
W23092,22.090908000000002,SUMMIT PARK DR AT ANDREW DR (WALMART),24.21491293347224,88.07646791469962
E11820,22.068179425,BUTLER ST AT 55TH ST,24.22979610061021,88.08496205180111
W24400,22.006818181818197,WASHINGTON AVE AT STATION ST NS,24.244679267748175,88.09343257069641
E36130,22.002272727272707,LINCOLN HWY AT 5TH AVE EXT,24.259562434886142,88.1019013400267
E52890,22.00227225,STANTON AVE AT STANTON CT EAST,24.274445602024112,88.1103701091733
S30600,21.997727272727268,LYSLE BLVD AT CENTER ST,24.289328769162076,88.11883712893861
E46080,21.98863625,PENN AVE AT HOMEWOOD AVE,24.304211936300042,88.1273006495302
S09500,21.97954545454547,BROWNSVILLE RD OPP KAUFMANN AVE,24.31909510343801,88.13576067103556
E57360,21.965909099999998,WIGHTMAN ST AT PHILLIPS AVE FS,24.33397827057598,88.14421544384943
N31600,21.963634,MAIN ST AT PRAEGER ST,24.348861437713946,88.15266934096756
N12910,21.9500015,CALIFORNIA AVE AT MARSHALL AVE,24.36374460485191,88.16111799087784
E70737,21.913637,UPMC EAST DRIVE AT HOSPITAL,24.378627771989876,88.16955264393577
E29040,21.9000018,HIGHLAND AVE AT JACKSON ST,24.393510939127847,88.17798204874666
E30297,21.886364999999998,JACKS RUN RD AT OAK PARK MALL,24.408394106265813,88.1864062046946
E59610,21.8500008,WOODSTOCK AVE AT BRADDOCK AVE,24.42327727340378,88.19481636390569
N33610,21.786363636363628,MERCHANT ST AT 8TH ST NS,24.438160440541747,88.20320202889901
E35610,21.76363665,LIBERTY AVE OPP 37TH ST,24.453043607679714,88.2115789461776
S48840,21.7454558,WHITAKER WAY AT SCHWAB AVE,24.46792677481768,88.21994886556888
N31540,21.729546,MAIN ST AT ALI ST,24.482809941955647,88.22831266120977
E21430,21.722726075,FRANKSTOWN RD AT SPRING GROVE RD,24.497693109093614,88.23667383183222
E11810,21.71136325,BUTLER ST AT 55TH ST,24.51257627623158,88.24503062885451
E35940,21.6954564,LINCOLN AVE AT LEMINGTON HOME DRVWY,24.527459443369548,88.25338130326185
S17655,21.6886385,CHALFONT ST AT ESTELLA AVE,24.542342610507514,88.26172935343018
W00870,21.679545,ALLENDALE ST AT TWEED ST,24.557225777645485,88.27007390347129
E46150,21.6636376,PENN AVE AT LEXINGTON ST,24.572108944783448,88.27841233068577
E08560,21.663636363636382,BRADDOCK AVE AT 4TH ST,24.586992111921415,88.28675075742439
S33880,21.629547000000002,MIDWAY DR AT #19,24.60187527905938,88.2950760630204
N12410,21.618181818181785,BUTLER ST OPP FREEPORT ST,24.616758446197352,88.30339699410912
E46840,21.59090925,PENN AVE OPP THOMPSON ST,24.63164161333532,88.31170742786912
E40280,21.5818187,MONTIER ST AT PARK AVE,24.646524780473282,88.32001436263738
E45310,21.5636364,PEEBLES ST AT FORBES AVE,24.661407947611252,88.32831429896022
S27390,21.5454528,KENNYWOOD BLVD AT GLENN ST,24.67629111474922,88.33660723633727
E09330,21.53863636363637,BRADDOCK AVE OPP CHARLESTON AVE,24.691174281887186,88.34489755003867
S44755,21.52272727272727,ST CLAIR AVE AT 5TH ST,24.706057449025153,88.35318174026261
S32090,21.495454499999997,MAPLE DR AT SKYLINE DR,24.72094061616312,88.3614554330791
E70806,21.490909499999997,STANTON AVE AT EUCLID AVE,24.735823783301086,88.36972737650558
S01070,21.4727275,SECOND AVE OPP BATES ST FS,24.750706950439053,88.37799232160211
S00200,21.46590735,S 18TH ST AT CROSSMAN ST FS,24.76559011757702,88.3862546415936
E33900,21.461364999999997,LAKETON RD AT DOUGLAS DR FS,24.780473284714986,88.39451521321506
W00460,21.4568181818182,4TH AVE AT CORAOPOLIS BRIDGE FS,24.795356451852953,88.40277403474664
X00650,21.4477255,BANKSVILLE RD AT MCMONAGLE AVE,24.81023961899092,88.41102935646593
E70453,21.447725050000003,FIFTH AVE AT PENN AVE FS,24.825122786128887,88.419284678012
W10670,21.443181999999997,JEFFERS ST AT #1330,24.840005953266857,88.42753825091862
N20040,21.44090909090908,FOREST AVE AT BALPH AVE,24.85488912040482,88.43579094897275
W24710,21.409090909090928,WASHINGTON PIKE AT GREAT SOUTHERN SC ENT #1,24.869772287542787,88.44403140007195
N12020,21.409089299999998,BROWNS LN AT MCKNIGHT RD FS,24.884655454680754,88.45227185055181
S11460,21.318182999999998,CHARLES ST AT KNOX AVE,24.899538621818724,88.46047731080611
N41320,21.2227292,PENFORT ST AT #173,24.91442178895669,88.46864603048257
E10700,21.1840901,BROADWAY BLVD AT PITCAIRN PARK BLDG,24.929304956094654,88.4767998778034
E70374,21.140909,ROBERTS ST AT BEDFORD AVE,24.944188123232625,88.48493710453326
E03570,21.086365999999998,ALLEGHENY RIVER BLVD AT SOUTH AVE,24.95907129037059,88.493053337428
W03220,21.081816999999997,CHARTIERS AVE AT ALLENDALE ST,24.973954457508558,88.50116781939309
E57790,21.0272746,WILKINS AVE OPP WORTH ST,24.988837624646525,88.50926130775403
E45690,21.027274325,PENN AVE AT AMBASSADOR APTS,25.003720791784488,88.5173547960091
N13125,21.0249995,CALIFORNIA AVE OPP BAINTON ST,25.01860395892246,88.52544740867427
S23720,21.015908825,HWY RT 51 AT GLEN ELM DR,25.03348712606043,88.53353652229956
S11450,21.0136365,CHARLES ST AT KNOX AVE,25.048370293198392,88.54162476129719
N17690,21.006818000000003,31ST ST BRIDGE RAMP AT 31ST ST BRIDGE,25.06325346033636,88.54971037582486
E20310,21.0,FRANKSTOWN AVE AT 5TH AVE,25.078136627474322,88.55779336607505
E45490,20.9931825,PENN AVE AT 28TH ST,25.093019794612292,88.56587373224018
E70277,20.990907500000002,LAKETON RD AT GRAHAM BLVD NS,25.107902961750263,88.57395322274803
N12822,20.972728999999998,CALIFORNIA AVE AT FORSYTHE ST,25.122786128888226,88.58202571627311
S70631,20.9386366,CENTURY DR AT GABRIEL BROTHERS,25.137669296026193,88.5900850874869
X13760,20.920453,PIONEER AVE OPP SOUTHCREST DR FS,25.152552463164163,88.59813745975492
E26670,20.904543,HAMILTON AVE OPP STERRETT ST,25.167435630302126,88.60618370819556
E15585,20.890908999999997,CRAFT AVE AT FORBES AVE,25.182318797440097,88.61422470885101
E70251,20.874999999999986,ELECTRIC AVE AT DYNAMO WAY,25.197201964578063,88.62225958606398
E20720,20.85,FRANKSTOWN RD AT WOODS RD,25.212085131716027,88.63028484066952
E13900,20.847727499999998,CENTRE AVE OPP BRYN MAWR RD,25.226968298853997,88.63830922058003
N38860,20.8454545,NORTH COMMONS AT WEST COMMONS,25.24185146599196,88.64633272560309
E20680,20.804546000000002,FRANKSTOWN AVE AT STERRETT ST,25.25673463312993,88.65434048476867
N03640,20.802271299999997,W 7TH AVE AT CENTER ST,25.271617800267897,88.66234736839245
N32400,20.7636383,MCKNIGHT RD AT THE BLOCK AT NORTHWAY DRVWY,25.28650096740586,88.6703393820085
N33500,20.75454545454544,MERCHANT ST AT 11TH ST,25.30138413454383,88.67832789574926
E16070,20.734091,DALLAS AVE AT PENHAM PL,25.3162673016818,88.68630853648256
X20010,20.7159105,WEST LIBERTY AVE AT CAPITAL AVE,25.331150468819764,88.69428217946327
E20380,20.681818,FRANKSTOWN AVE AT COLLIER ST,25.34603363595773,88.70224270009423
E70805,20.6613655,STANTON AVE AT MELLON ST,25.360916803095694,88.71019534847004
N31660,20.6454545,MAIN ST OPP 13TH ST FS,25.375799970233665,88.71814187263355
E12240,20.63636375,BUTLER ST OPP 47TH ST,25.390683137371635,88.72608489772833
W70058,20.622727272727275,WEST BUSWAY AT CRAFTON STATION B,25.4055663045096,88.73402267408441
E70809,20.5840915,STANTON AVE AT EUCLID AVE,25.420449471647565,88.7419455793655
S70371,20.58409090909091,MONONGAHELA AVE AT 8TH ST,25.435332638785535,88.74986848441917
N33660,20.579545454545446,MERCHANT ST AT #826,25.4502158059235,88.75778963990784
W08225,20.561364,GREENTREE RD OPP GREEN OAK DR NS,25.46509897306147,88.76570379727653
S30890,20.552272727272726,LYSLE BLVD AT WALNUT ST FS,25.479982140199436,88.77361445537527
S14665,20.540909000000003,DRIVE TO LOWE'S AT STOREFRONT DRIVE,25.4948653073374,88.78152073952656
N40060,20.531818181818167,OHIO RIVER BLVD AT WILLOW ST,25.50974847447537,88.78942352458284
E46000,20.529545,PENN AVE AT FRIENDSHIP AVE,25.524631641613333,88.79732543468167
E70411,20.5272715,CRAIG ST OPP BAUM BLVD FS (MOOREHEAD TOWER),25.539514808751303,88.8052264697006
E04230,20.52045454545454,ARDMORE BLVD OPP BRYN MAWR RD FS,25.55439797588927,88.81312488084441
N44860,20.497728,PITTSBURGH ST AT SCHOOL ST FS,25.569281143027233,88.8210145444432
W10680,20.4772709,JEFFERS ST AT #1331,25.584164310165203,88.82889633401629
N12740,20.456818000000002,CALIFORNIA AVE AT COOPER AVE,25.599047477303174,88.83677025118027
N32670,20.429547999999997,MCKNIGHT RD AT IVORY AVE RAMP (ISLAND),25.613930644441137,88.84463367200406
E13870,20.4227275,CENTRE AVE AT WATT ST,25.628813811579104,88.85249446758809
S35280,20.4136363,ARLINGTON AVE OPP KNOX AVE,25.643696978717067,88.86035176393017
N70012,20.3863652,MCKNIGHT RD OPP NORTH HILLS VILLAGE (CENTER EN,25.658580145855037,88.86819856350866
E36095,20.3704559,LINCOLN AVE OPP LEMINGTON HOME DRVWY,25.673463312993007,88.87603923952919
E70047,20.3249993,JOHNSTON AVE OPP GERTRUDE ST,25.68834648013097,88.88386241910904
E16030,20.322727445,DALLAS AVE AT EDGERTON AVE,25.703229647268937,88.89168472424213
N40320,20.30227272727273,OHIO RIVER BLVD OPP PENNSYLVANIA AVE,25.718112814406908,88.89949915626647
E46510,20.30000205,PENN AVE AT SUPERIOR ST,25.73299598154487,88.90731271429736
N12825,20.295453,CALIFORNIA AVE AT FORSYTHE ST,25.74787914868284,88.91512452137935
S40550,20.272727272727277,RICHLAND AVE AT 3RD ST,25.762762315820808,88.92292758123126
E14290,20.252270799999998,CHISLETT ST OPP MARTHA ST,25.77764548295877,88.9307227672989
E35820,20.222728699999998,LINCOLN AVE AT JOSHUA ST,25.79252865009674,88.93850658248527
E35760,20.21818435,LINCOLN AVE AT APPLE ST,25.807411817234705,88.94628864853182
N13340,20.213637499999997,CAMBRONNE ST AT BRIGHTON RD,25.822294984372675,88.95406896447625
E45360,20.2000007,PEEBLES ST OPP FORBES AVE,25.837178151510642,88.96184403155776
E70040,20.19318085,LIBERTY AVE AT 36TH ST,25.852061318648605,88.9696164736497
E70936,20.175000000000026,BRADDOCK AVE AT 2ND ST,25.866944485786576,88.97738191785433
E27230,20.172729295,HARRIET ST AT 5TH AVE,25.881827652924542,88.98514648805485
E04180,20.15909090909092,ARDMORE BLVD AT BRADDOCK RD,25.89671082006251,88.99290580878201
N12670,20.1386355,CALIFORNIA AVE OPP POST OFFICE,25.911593987200476,89.00065725613433
E51520,20.093182499999998,SHADY AVE AT WILKINS AVE,25.926477154338446,89.00839120843159
E01380,20.0704525,FIFTH AVE AT MCPHERSON ST,25.94136032147641,89.01611641185416
E43740,20.059090909090912,OLD WILLIAM PENN HWY AT GOOD SHEPHERD CHURCH,25.956243488614376,89.02383724215157
E70810,20.0590885,STANTON AVE AT MELLON ST,25.971126655752343,89.03155807152172
S70369,20.052272727272705,MONONGAHELA AVE AT 6TH ST,25.98600982289031,89.03927627747163
E10560,20.045452775,BROADWAY BLVD AT BRINTON AVE,26.00089299002828,89.04699185839262
W16170,20.043183000000003,NOBLESTOWN RD AT BARTOW ST,26.015776157166243,89.05470656566746
E13790,20.025,CENTRE AVE AT SOHO ST,26.03065932430421,89.06241427422744
E21065,19.99318,FRANKSTOWN RD AT HEBRON CHURCH,26.04554249144218,89.07010973513269
N45030,19.984092250000003,PITTSBURGH ST OPP ROSA ST,26.060425658580144,89.07780169812389
E54210,19.981818500000003,TERRACE ST OPP CHESTERFIELD RD,26.075308825718114,89.08549278593895
E38322,19.98181818181819,MALL BLVD AT #120 (AT HOME STORE),26.090191992856077,89.09318387363155
E14190,19.974999775,CHISLETT ST AT GREENWOOD ST,26.105075159994044,89.10087233689005
E39700,19.94772885,MONONGAHELA AVE OPP DUQUESNE AVE,26.119958327132014,89.10855030345233
N20700,19.94772727272726,FREEPORT RD OPP BLAW AVE,26.134841494269978,89.1162282694075
E21700,19.947727150000002,FRANKSTOWN RD OPP PARKRIDGE DR FS,26.149724661407948,89.12390623531543
S11290,19.9431839,CENTURY SQUARE ENTRANCE RAMP AT MOUNTAINVIEW DR,26.164607828545915,89.13158245250692
E13500,19.943182,CENTRE AVE AT HELDMAN ST,26.179490995683878,89.13925866896707
E70802,19.9295459,PENN AVE AT DALLAS AVE,26.19437416282185,89.14692963683375
X20320,19.920454545454536,WEST LIBERTY AVE OPP MCFARLAND RD FS,26.20925732995982,89.15459710539898
N44580,19.893181818181844,PITTSBURGH ST AT HIGHLAND AVE FS,26.224140497097782,89.16225407657429
E59270,19.8840905,WM PENN HWY OPP RED LOBSTER,26.23902366423575,89.16990754846216
S70589,19.879545625000002,JUGHANDLE AT IVYGLEN ST FS,26.253906831373712,89.1775592710081
E51530,19.870456,SHADY AVE AT WILKINS AVE,26.268789998511682,89.18520749491832
E08510,19.852272727272716,BRADDOCK AVE AT 2ND ST,26.283673165649653,89.19284872000873
E70941,19.84090975,LINCOLN AVE AT LYRIC ST,26.298556332787616,89.20048557144034
E25010,19.822727272727292,GRANDVIEW AVE AT CENTER AVE,26.313439499925583,89.2081154243583
X01620,19.8181805,BEVERLY RD AT PARKER DR,26.328322667063553,89.21574352720391
S40455,19.8113636,REGIS AVE EXT AT HOME DEPOT,26.343205834201516,89.22336900619541
N45890,19.79545225,RIDGE AVE AT ARCH ST NS,26.358089001339486,89.2309883608399
W08045,19.7886365,GREENTREE RD AT FORSYTHE RD,26.37297216847745,89.23860509207294
E19150,19.78636385,FORBES AVE AT BEECHWOOD BLVD,26.387855335615416,89.24622094855323
E33910,19.754545899999997,LAKETON RD AT DOYLE ST FS,26.402738502753387,89.25382455816782
X20110,19.740909090909078,WEST LIBERTY AVE AT MCFARLAND RD,26.41762166989135,89.26142291891598
E58090,19.738636500000002,WINTERBURN AVE AT FARNSWORTH ST FS,26.43250483702932,89.26902040493414
N12955,19.734089,CALIFORNIA AVE AT POST OFFICE,26.447388004167287,89.27661614060001
W08073,19.73181818181819,GREENTREE RD AT MANILLA AVE FS,26.46227117130525,89.28421100221819
S27215,19.727272727272705,KEEPORT DR AT #5402,26.47715433844322,89.29180411427137
E12235,19.688636250000002,BUTLER ST OPP 53RD ST,26.49203750558119,89.29938235497843
E07670,19.6886355,BIGELOW BLVD AT HERRON AVE FS,26.506920672719154,89.3069605953968
N41310,19.6818183,PENFORT ST AT ESSEN ST,26.52180383985712,89.31453621184559
N31800,19.679546799999997,MANHATTAN ST AT LIVERPOOL ST,26.536687006995084,89.32211095398428
W00900,19.6772705,ALLENDALE ST OPP STANHOPE ST,26.551570174133055,89.32968481996531
E32745,19.652272449999998,JOHNSTON AVE AT WINSTON ST,26.566453341271025,89.33724906408946
E29720,19.640909,HOMEWOOD AVE AT FRANKSTOWN AVE FS,26.581336508408988,89.34480893437288
N20710,19.61136363636362,FREEPORT RD AT BLAW AVE,26.596219675546955,89.35235743251884
N71342,19.6068183,THE BLOCK NORTHWAY DR AT DAVE AND BUSTERS,26.611102842684925,89.35990418114531
N20770,19.575000000000003,FREEPORT RD AT BRILLIANT AVE,26.62598600982289,89.36743868277138
E35880,19.53636145,LINCOLN AVE AT MANNING ST FS,26.64086917696086,89.3749583122535
E21190,19.5340915,FRANKSTOWN RD AT ORIN ST,26.655752344098822,89.3824770680221
X70085,19.5068195,SHIRE PL AT BREINING ST,26.67063551123679,89.38998532668069
E26370,19.504544000000003,HAMILTON AVE AT FIFTH AVE,26.68551867837476,89.39749270948955
N71314,19.49545445,BROWNS LN OPP CHAPEL HILL,26.700401845512722,89.40499659369155
E30460,19.493179545,HWY RT 286 AT SANDUNE DR,26.715285012650693,89.41249960227286
E70209,19.4863633,EAST LIBERTY BLVD OPP DAHLEM PL,26.73016817978866,89.41999998725215
N22760,19.4431818,PITTSBURGH ST OPP SCHOOL ST,26.745051346926623,89.42748375148652
E44900,19.4363655,PARK HILL DR AT #2101,26.759934514064593,89.43496489209774
E06450,19.40227325,BEELER ST AT #5358,26.774817681202563,89.4424329104554
E46590,19.393182,PENN AVE AT WEST ST,26.789700848340527,89.44989742955187
E05920,19.311363749999998,BEECHWOOD BLVD AT FEDERAL HILL ST,26.804584015478493,89.45733045645228
E00920,19.30909135,FIFTH AVE AT AMBERSON AVE,26.819467182616457,89.46476260869618
E36400,19.302272727272715,LINCOLN HWY OPP CENTER AVE,26.834350349754427,89.47219213642289
W07890,19.30000135,GRAND AVE AT PITTSBURGH RECYCLING CENTER,26.849233516892397,89.47962078988671
E70446,19.2704543,FRANKSTOWN RD OPP MUNICIPAL BLDG,26.86411668403036,89.48703807056403
E21740,19.261361325,FRANKSTOWN RD AT SHENANDOAH DR,26.878999851168327,89.49445185131619
E06580,19.2590909,JONES AVE AT PARKVIEW AVE,26.893883018306298,89.501864758172
S00420,19.2454569,S 18TH ST OPP CROSSMAN ST,26.90876618544426,89.50927241724261
E39390,19.2454565,MILWAUKEE ST AT HERRON AVE,26.92364935258223,89.51668007615928
N14025,19.238636800000002,CENTER AVE AT PERRY HWY,26.938532519720198,89.52408511014409
N12830,19.236362,CALIFORNIA AVE AT COLUMBUS AVE BRIDGE,26.95341568685816,89.5314892685486
E33455,19.225,KIRKPATRICK ST AT CENTRE AVE,26.96829885399613,89.53888905367049
N10530,19.215911,BRIGHTON RD OPP MCDOWELL ST,26.983182021134095,89.54628534039722
E01030,19.19999975,FIFTH AVE AT BIRMINGHAM BRIDGE,26.998065188272065,89.55367550281544
E32380,19.199999500000004,JANCEY ST AT HAMPTON ST,27.012948355410032,89.56106566513743
E70266,19.1318195,TOKAY ST AT BENNETT ST,27.027831522547995,89.56842958468442
N43540,19.129544,PERRYSVILLE AVE AT LAFAYETTE AVE,27.042714689685965,89.57579262838168
S27380,19.12272715,KENNYWOOD BLVD AT GLENN ST,27.057597856823932,89.58315304824409
E35920,19.0999996,LINCOLN AVE AT ROWAN ST,27.0724810239619,89.5905047201748
E70401,19.0931815,WINTERBURN AVE AT GREENFIELD AVE,27.087364191099866,89.59785376778953
N49570,19.0840925,SHADELAND AVE AT SCHIMMER ST,27.10224735823783,89.60519931700911
N08710,19.081818181818203,BEAVER ST OPP BROAD ST,27.1171305253758,89.61254399083384
E55211,19.0795465,UPLAND ST AT BRUSHTON AVE,27.132013692513766,89.61988779027847
E27240,19.059090850000004,HARRIET ST AT BLDG #2,27.146896859651733,89.6272237162555
N32570,19.056818181818194,MCKNIGHT RD AT CUMBERLAND RD,27.1617800267897,89.6345587674728
W16470,19.031816499999998,NOBLESTOWN RD AT NOBLE MANOR (RITE AID),27.17666319392767,89.64188419543531
W22300,19.0227285,STEUBENVILLE PIKE AT HADDOCK RD,27.191546361065633,89.64920612538755
E26420,19.0136385,HAMILTON AVE AT BRUSHTON AVE,27.2064295282036,89.65652455655973
E51060,19.006818,SCHENLEY AVE AT PACIFIC AVE,27.22131269534157,89.66384036249215
E16100,19.002272650000002,DALLAS AVE AT REYNOLDS ST,27.236195862479534,89.67115441889982
E54410,19.0,TILBURY AVE AT FORWARD AVE,27.251079029617504,89.67846760055474
N43930,18.961363,PERRYSVILLE AVE OPP CHERRYFIELD ST,27.265962196755467,89.68576591066233
E03240,18.9454543,AIRBRAKE AVE AT MILLER ST,27.280845363893434,89.6930580974429
E58450,18.9409086,WM PENN HWY AT GRAHAM BLVD FS,27.295728531031404,89.70034853456401
S70393,18.920454545454533,DUQUESNE BLVD AT GRANT AVE,27.310611698169367,89.70763109883163
N10840,18.9022705,BRIGHTON RD OPP BRIGHTRIDGE ST,27.325494865307338,89.71490666398198
E45660,18.8977265,PENN AVE AT FIFTH AVE,27.340378032445305,89.72218048012722
E29150,18.884090500000003,HIGHLAND AVE AT VINTAGE SENIOR CITIZEN CTR,27.355261199583268,89.72944904771745
E46550,18.88181865,PENN AVE AT TRENTON AVE FS (LIFE CARE),27.370144366721238,89.73671674086286
E04940,18.8659075,BAUM BLVD AT MOREWOOD AVE,27.3850275338592,89.74397830973825
E20420,18.847727,FRANKSTOWN AVE AT FINLEY ST NS,27.39991070099717,89.75123288086107
E52500,18.8454539,SOUTH AVE OPP MULBERRY ST,27.41479386813514,89.75848657705791
E25354,18.838635,GREENFIELD AVE AT MCCASLIN ST,27.4296770352731,89.76573764863083
N18745,18.83636363636366,EVERGREEN AVE AT FRANKLIN ST,27.444560202411072,89.77298784594615
E70992,18.834091,WYLIE AVE AT FULLERTON ST,27.459443369549042,89.78023716851395
E08650,18.79772775,BRADDOCK AVE AT BIDDLE AVE,27.474326536687006,89.78747249471056
E20520,18.775,FRANKSTOWN AVE AT LINCOLN AVE,27.489209703824972,89.79469907289852
S00900,18.7454543,SECOND AVE AT TECHNOLOGY DR,27.504092870962943,89.80191427881957
N45700,18.738636800000002,RHINE ST AT ITIN ST FS,27.518976038100906,89.80912686065557
S31300,18.736363,MAIN ST AT GRACE ST,27.533859205238876,89.81633856729617
E23570,18.7340905,FRIENDSHIP AVE AT PACIFIC AVE,27.54874237237684,89.82354939924177
S23600,18.731818181818184,HWY RT 51 AT OLD CLAIRTON RD,27.563625539514806,89.83075935656231
S48380,18.711363636363636,WEST ST AT 13TH AVE,27.578508706652777,89.83796144084043
E00430,18.71136135,40TH ST AT DAVIDSON ST FS,27.59339187379074,89.8451635242385
W25210,18.700000000000003,WASHINGTON AVE OPP JAMES ST FS (POST OFFICE),27.60827504092871,89.85236123460413
N71341,18.686363636363616,MERCHANT ST AT 6TH ST,27.623158208066677,89.8595536962748
N38690,18.679547499999998,NORTH AVE AT MIDDLE ST FS,27.63804137520464,89.8667435343853
N71316,18.656816,CALIFORNIA AVE AT CHIDELL ST,27.65292454234261,89.87392462304375
W70138,18.613636045,STEUBENVILLE PIKE OPP CAMPBELLS RUN RD,27.667807709480574,89.88108909155194
N20925,18.611363636363613,FREEPORT RD AT CENTER AVE (BLAWNOX),27.682690876618544,89.88825268540027
W22740,18.60909275,STEUBENVILLE PIKE AT HOLY TRINITY CHURCH,27.69757404375651,89.89541540517469
W00820,18.609091499999998,ALLENDALE ST AT FAIRDALE ST,27.712457210894474,89.902578124468
X18841,18.593182249999998,VIRGINIA AVE AT MERRIMAC ST,27.727340378032444,89.90973472022259
S25850,18.5818159,JACKS RUN RD AT RAINBOW SHOPPING CTR ENTRANCE,27.742223545170415,89.91688694102022
E25348,18.57272725,GREENFIELD AVE AT SECOND AVE,27.757106712308378,89.9240356635574
X03250,18.556820449999996,BROOKLINE BLVD AT STEBBINS AVE,27.771989879446345,89.93117826349891
E52445,18.54545275,SOUTH AVE AT PITT ST,27.786873046584315,89.93831648796383
N18985,18.531818181818174,EVERGREEN AVE OPP FRANKLIN ST,27.80175621372228,89.94544946442487
N49530,18.527273,SHADELAND AVE AT RANCHERIA ST,27.81663938086025,89.9525806914259
E41730,18.511365,NEGLEY AVE AT BRYANT ST,27.831522547998212,89.95970579536935
E17590,18.509090909090904,EDGEWOOD AVE AT MAPLE AVE,27.84640571513618,89.96683002400545
X13773,18.5068168,BROOKLINE BLVD AT BELLAIRE PL,27.86128888227415,89.97395337732716
E04410,18.50227272727273,ARDMORE BLVD OPP BEVINGTON RD,27.876172049412112,89.98107498161576
E58070,18.4977275,WINTERBURN AVE AT CONNOR ST,27.891055216550082,89.98819483642686
N20030,18.495454545454532,FOREST AVE AT BALPH AVE,27.90593838368805,89.99531381636797
E45970,18.493184045,PENN AVE AT FAIRMONT ST,27.920821550826012,90.0024319223837
E19750,18.4931815,FORBES AVE AT SENECA ST,27.935704717963983,90.00955002741986
E20340,18.48863645,FRANKSTOWN AVE AT BRADDOCK AVE,27.950587885101953,90.01666638304674
S06300,18.484091,BELTZHOOVER AVE OPP CHARLES ST,27.965471052239916,90.02378098911036
N08230,18.46363636363638,BEAVER ST AT BROAD ST FS,27.980354219377883,90.03088772209657
N22805,18.45454515,FREEPORT RD AT #1050,27.995237386515846,90.03799095583555
S44750,18.445454545454524,ST CLAIR AVE AT 5TH ST,28.010120553653817,90.04509069056179
E19230,18.4159085,FORBES AVE AT BRADDOCK AVE,28.025003720791787,90.05217905288816
N39570,18.411363636363625,OHIO RIVER BLVD AT CAMP HORNE RD NS,28.03988688792975,90.05926566587699
N31420,18.3704545,MAIN ST AT 14TH ST,28.054770055067717,90.0663365327634
E21060,18.3272725,FRANKSTOWN RD AT HARVARD DR FS,28.069653222205687,90.07339077871244
N52630,18.3204559,TROY HILL RD OPP GOETTMANN ST,28.08453638934365,90.08044240092283
E23520,18.3181835,FRIENDSHIP AVE AT GROSS ST,28.09941955648162,90.08749314847671
S48790,18.3022728,WHITAKER WAY AT SCHWAB AVE,28.114302723619584,90.09453777193379
W03720,18.281818181818196,CHARTIERS AVE AT SINGER AVE,28.12918589075755,90.10157452232042
E70736,18.2749985,UPMC EAST DRIVE OPP HOSPITAL,28.14406905789552,90.1086086477822
S47580,18.2681821,WARRINGTON AVE AT ESTELLA AVE,28.158952225033484,90.11564014958235
E35130,18.265909999999998,LIBERTY AVE AT 34TH ST,28.173835392171455,90.1226707768414
E70298,18.265909,BRYN MAWR RD AT IOWA ST,28.18871855930942,90.12970140371559
E23605,18.220455,FRIENDSHIP AVE AT TAYLOR ST,28.203601726447385,90.13671453514982
E70898,18.213636363636358,VERONA ST OPP MAPLEVIEW DR,28.218484893585355,90.14372504206159
X02220,18.188633775,BOWER HILL RD AT S MEADOWCROFT AVE,28.233368060723325,90.15072592536957
S27020,18.1568175,JOSEPHINE ST OPP BARRY ST,28.24825122786129,90.15771456245656
E03910,18.1431825,ALLEQUIPPA ST AT DARRAGH ST,28.263134394999256,90.16469795137345
S70268,18.14090909090909,HOFFMAN BLVD AT DUQUESNE BLVD FS,28.27801756213722,90.1716804652454
E00270,18.134090750000002,32ND ST AT SPRING WAY,28.29290072927519,90.17866035470865
E70330,18.104547500000002,BRUSHTON AVE AT UPLAND ST,28.30778389641316,90.185628872848
E29710,18.099999999999998,HOMEWOOD AVE AT FRANKSTOWN AVE,28.322667063551123,90.19259564063506
E57510,18.09545455,WILKINS AVE AT BELLEROCK ST,28.33755023068909,90.19956065885889
E21160,18.0863635,FRANKSTOWN RD AT MCCLUTCHEON LN,28.35243339782706,90.20652217789848
E18450,18.0613635,ELLSWORTH AVE AT CATHEDRAL MANSIONS,28.367316564965023,90.21347407433065
E08690,18.047725525,BRADDOCK AVE AT CHARLESTON AVE,28.382199732102993,90.22042072144761
E20370,18.040909,FRANKSTOWN AVE AT COLLIER ST,28.397082899240957,90.22736474485482
E46050,18.0386363,PENN AVE AT GREENSBURG PIKE,28.411966066378923,90.23430789349003
E60110,17.99090909090909,YOST BLVD AT BRINTON RD FS,28.426849233516894,90.24123267171734
E23410,17.988635000000002,FRIENDSHIP AVE AT AIKEN AVE,28.441732400654857,90.24815657463729
W21080,17.97499955,STANHOPE ST AT CHARTIERS AVE,28.456615567792827,90.25507522921394
E52810,17.972729,STANTON AVE AT ORANMORE ST,28.471498734930794,90.26199300984614
E20780,17.943182,FRANKSTOWN AVE OPP LINCOLN AVE,28.486381902068757,90.26889941771104
E17440,17.934090909090905,EDGEWOOD AVE AT ELM ST FS,28.501265069206728,90.27580232637598
E46210,17.920454499999998,PENN AVE AT MATHILDA ST,28.516148236344698,90.28269998632848
E33160,17.886364045,KELLY AVE AT PITT ST,28.53103140348266,90.28958452471834
E04820,17.8750005,BAUM BLVD AT CYPRESS ST,28.545914570620628,90.29646468923087
X01260,17.8590925,BELTZHOOVER AVE AT EUREKA ST,28.56079773775859,90.30333873068585
N39820,17.822727399999998,OHIO RIVER BLVD AT MCKEES ROCKS BRIDGE,28.57568090489656,90.31019877505754
S39710,17.8113618,PROSPECT RD AT E WILLOCK RD,28.59056407203453,90.31705444476097
N40423,17.775,OLD CALIFORNIA AVE AT WOODLAND AVE,28.605447239172495,90.3238961186513
E56227,17.768179800000002,WARREN DR OPP WALMART DRVWY,28.62033040631046,90.33073516741734
E36170,17.756818181818172,LINCOLN HWY AT CENTER AVE,28.635213573448432,90.3375698430477
N22150,17.750000000000007,FREEPORT RD OPP ALPHA DR E,28.650096740586395,90.34440189433059
E42860,17.7499995,OAKWOOD ST AT FRANKSTOWN AVE,28.664979907724366,90.35123394542103
N71311,17.747729,CALIFORNIA AVE AT CHIDELL ST,28.67986307486233,90.35806512258625
E70870,17.7477265,REED ST AT ADDISON ST,28.694746242000296,90.36489629878922
E36070,17.74317985,LINCOLN AVE OPP CHURCHLAND ST,28.709629409138266,90.37172572496706
N31220,17.7386345,LOWRIE ST AT HOFF ST,28.72451257627623,90.37855340162017
N45680,17.72500045,RHINE ST AT BUENTE ST,28.7393957434142,90.38537583046882
W22630,17.72500025,STEUBENVILLE PIKE AT HIGHTOWER BLVD FS,28.754278910552166,90.3921982592405
W03870,17.7159075,CHARTIERS AVE OPP AZALIA ST,28.76916207769013,90.39901718817362
W21800,17.6863636,STEUBEN ST AT SANCTUS ST FS,28.7840452448281,90.40582474553266
N14990,17.681816,CHESTNUT ST AT PROGRESS ST FS,28.798928411966067,90.41263055250091
S70545,17.6727265,SKYLINE DR AT #1765,28.813811579104033,90.41943286088156
E32734,17.670454045,JOHNSTON AVE AT #657,28.828694746242,90.4262342945845
N41735,17.6704525,PENNSYLVANIA AVE AT BRIGHTON RD,28.843577913379963,90.43303572769278
E07030,17.6636375,BENTLEY DR AT #1784,28.858461080517934,90.43983453767825
E58700,17.6568191,WM PENN HWY AT PENN CENTER BLVD NS (DONUT SHO,28.8733442476559,90.44663072323227
X01660,17.6545441,BEVERLY RD OPP RALSTON PL,28.888227414793867,90.45342603312902
X13670,17.634090500000003,PIONEER AVE OPP CRYSLER ST NS,28.903110581931834,90.46021347034721
E38120,17.63181818181819,MAIN ST AT RIDGE AVE,28.917993749069804,90.46700003294038
E26430,17.625000999999997,HAMILTON AVE AT BRUSHTON AVE,28.932876916207768,90.47378397157098
N41780,17.624997795000002,PENNSYLVANIA AVE AT FULTON ST,28.947760083345734,90.48056790896794
N14160,17.6136345,CENTER AVE AT PERRY HWY FS (STEPS),28.962643250483705,90.48734747258385
E18010,17.60454545454548,ELECTRIC AVE OPP DYNAMO WAY,28.977526417621668,90.49412353778708
W06800,17.597727499999998,FARONIA ST AT WYNETTE ST FS,28.99240958475964,90.50089697873031
E23620,17.5954525,FRIENDSHIP AVE AT WINEBIDDLE ST,29.0072927518976,90.50766954401625
S11440,17.5909105,CHARLES ST AT GRIMES AVE,29.02217591903557,90.51444036106689
S28850,17.556818200000002,LEBANON RD OPP NOBLE DR FS (HARLEY DAVIDSON),29.03705908617354,90.52119805584474
E70885,17.545455,4TH ST AT HAWKINS AVE,29.051942253311502,90.52795137687806
N33595,17.53409090909089,MERCHANT ST AT 6TH ST,29.066825420449472,90.53470032382397
E13730,17.488636,CENTRE AVE AT REED ST,29.08170858758744,90.54143177498001
E70831,17.470454000000004,BROADVIEW DR AT JOHNSTON AVE,29.096591754725402,90.5481562278061
E21600,17.465909345,FRANKSTOWN RD OPP HARVARD DR,29.111474921863373,90.55487893137497
E35330,17.4477275,LIBERTY AVE OPP MAIN ST (BLOOMFIELD BRIDGE),29.126358089001336,90.56159463667355
S27060,17.44545635,JOSEPHINE ST OPP SALISBURY ST NS,29.141241256139306,90.56830946779674
S40600,17.436363636363637,RICHLAND AVE AT CEMETERY LN,29.156124423277273,90.57502079909537
E54590,17.4181805,TRENTON AVE OPP REBECCA AVE NS,29.171007590415236,90.58172513162668
E34850,17.40909035,LIBERTY AVE AT 14TH ST,29.185890757553206,90.58842596532017
E35790,17.406819775000002,LINCOLN AVE AT CAMPANIA ST,29.200773924691177,90.59512592505959
W16160,17.406817750000002,NOBLESTOWN RD AT BARTOW ST,29.21565709182914,90.60182588401958
N31805,17.395455045000002,MANHATTAN ST AT PENNSYLVANIA AVE,29.230540258967107,90.6085214694256
N32750,17.388636650000002,MCKNIGHT RD AT NORTHLAND MEDICAL CENTER,29.245423426105077,90.61521443040206
N43200,17.381816,PERRYSVILLE AVE AT PERRYVIEW AVE,29.26030659324304,90.62190476608104
S31240,17.3749995,MAIN ST AT ELIZABETH ST,29.27518976038101,90.62859247805986
E70408,17.365907500000002,SWISSVALE AVE AT JANE ST LOOP FS,29.290072927518974,90.63527669048881
N38640,17.359090909090895,NORTH AVE AT KLOPFER ST,29.30495609465694,90.64195827918263
E29180,17.356817275,HIGHLAND AVE AT WELLESLEY AVE,29.31983926179491,90.6486389927449
N24110,17.336363636363636,GRANT AVE AT WILSON ST,29.334722428932874,90.65531183361378
N31670,17.3295454,MAIN ST OPP 14TH ST,29.349605596070845,90.66198205011416
W17780,17.3227295,NOBLESTOWN RD OPP NOBLE MANOR (COGOS),29.36448876320881,90.66864964314536
E42020,17.31590895,NEGLEY AVE OPP RURAL ST,29.379371930346775,90.67531461091754
E08980,17.31363865,BRADDOCK AVE AT OVERTON ST,29.394255097484745,90.6819787048415
E06200,17.311364,BEECHWOOD BLVD AT TILBURY AVE,29.409138264622708,90.68864192324288
E58140,17.3113635,WINTERBURN AVE OPP CONNOR ST,29.42402143176068,90.69530514145183
E23490,17.302273999999997,FRIENDSHIP AVE AT GRAHAM ST,29.438904598898645,90.70196486107314
S27546,17.3000015,KENNYWOOD MALL FIRE LANE AT HOLLYWOOD VIDEO,29.45378776603661,90.70862370599946
E29220,17.295455,HIGHLAND AVE OPP BRYANT CT,29.46867093317458,90.71528080095838
X70076,17.286363636363635,WEST LIBERTY AVE AT DORMONT AVE,29.48355410031255,90.72193439661237
E45950,17.2863625,PENN AVE AT EVALINE ST,29.498437267450512,90.72858799182897
N43130,17.26590865,PERRY HWY AT VFW,29.51332043458848,90.73523371427079
N44590,17.25,PITTSBURGH ST AT HIGHLAND AVE FS,29.52820360172645,90.74187331340488
E46390,17.209091225,PENN AVE AT BRITTANY APTS (#1717),29.543086768864413,90.74849716657563
S38370,17.193182,PENN AVE AT SCHOOL WAY FS,29.557969936002383,90.75511489621732
S01360,17.175000000000004,2ND ST AT OLIVER AVE,29.572853103140346,90.76172562752906
W08135,17.154545454545435,GREENTREE RD AT WARRIORS RD,29.587736270278313,90.76832848579836
S34290,17.145452849999998,BUTTERMILK HOLLOW RD AT THOMPSON RUN RD FS,29.602619437416283,90.7749278442851
S00010,17.14090909090907,10TH AVE AT ANN ST,29.617502604554247,90.78152545385943
E04830,17.125,BAUM BLVD AT CYPRESS ST FS,29.632385771692217,90.7881169399563
E57350,17.111361799999997,WIGHTMAN ST AT HOBART ST,29.647268938830184,90.79470317665138
S29243,17.104545454545455,LIBRARY PL AT DUQUESNE BLVD,29.662152105968147,90.8012867897058
E17314,17.090909325,EAST BUSWAY AT HERRON STATION D,29.677035273106117,90.80786515415535
E54430,17.072727750000002,TILBURY AVE AT NICHOLSON ST,29.69191844024408,90.81443652043855
E70980,17.070455000000003,HERMAN AVE AT COMMERCE ST,29.70680160738205,90.8210070119305
E35780,17.05909235,LINCOLN AVE AT CAMPANIA ST,29.721684774520018,90.82757312988964
E08885,17.047727272727293,BRADDOCK AVE OPP LINE AVE,29.73656794165798,90.83413487338171
W03580,17.0409095,CHARTIERS AVE AT MIDDLETOWN RD,29.75145110879595,90.84069399268374
E70779,17.031820500000002,BEDFORD AVE OPP MORGAN ST,29.76633427593392,90.8472496135906
E70813,17.031817500000002,CHISLETT ST AT WELLESLEY AVE,29.781217443071885,90.85380523334278
E46120,17.018182069999998,PENN AVE AT JACKSON ST,29.79610061020985,90.86035560475932
S48785,17.0045478,WHITAKER ST AT MIFFLIN ST,29.810983777347822,90.86690072828675
W22730,17.000002300000002,STEUBENVILLE PIKE OPP HOLY TRINITY CHURCH,29.825866944485785,90.87344410223169
N40010,16.975000000000016,OHIO RIVER BLVD AT THRIFT STORE,29.840750111623755,90.87997785268392
E25367,16.959091,GREENFIELD AVE AT KEARCHER ST,29.85563327876172,90.88650547969368
W08076,16.959090909090893,GREENTREE RD AT MANSFIELD AVE,29.870516445899685,90.89303310666843
S70261,16.959090500000002,BAUSMAN ST AT KNOX AVE,29.885399613037656,90.89956073348574
E21540,16.9568176,FRANKSTOWN RD OPP 1ST REFORMED CHURCH,29.90028278017562,90.90608748545407
E03560,16.956817,ALLEGHENY RIVER BLVD AT SOUTH AVE,29.91516594731359,90.91261423719145
E14250,16.931818545000002,CHISLETT ST AT VILLANOVA RD,29.930049114451556,90.91913136691606
E70882,16.929545795,BEECHWOOD BLVD OPP MONITOR ST FS,29.94493228158952,90.92564762184944
E45604,16.924999999999997,PENN AVE AT 39TH ST,29.95981544872749,90.93216212708678
E04910,16.918181,BAUM BLVD AT MILLVALE AVE,29.974698615865456,90.93867400766172
W16290,16.9045459,NOBLESTOWN RD AT COLESCOTT ST,29.989581783003423,90.94518064002807
S47550,16.904543,ARLINGTON AVE AT WARRINGTON AVE,30.00446495014139,90.9516872712782
E57710,16.890909450000002,WILKINS AVE AT WORTH ST,30.019348117279353,90.95818865491636
N41790,16.89090775,PENNSYLVANIA AVE AT SEDGEWICK ST,30.034231284417324,90.96469003790016
E21550,16.8590905,FRANKSTOWN RD AT BEULAH RD FS,30.04911445155529,90.97117917428768
E04190,16.854545454545455,ARDMORE BLVD AT BRADDOCK RD,30.063997618693257,90.9776665612677
E46230,16.822727699999998,PENN AVE AT MIDLAND ST,30.078880785831224,90.98414170145725
E20810,16.82045495,FRANKSTOWN RD AT 1ST REFORMED CHURCH,30.093763952969194,90.99061596685554
S43160,16.811363636363645,SOLTIS DR AT DESIDERIO BLVD,30.108647120107157,90.99708673296817
E35450,16.7977279,LIBERTY AVE OPP 14TH ST,30.123530287245124,91.00355225062727
X03390,16.777271799999998,BROOKLINE BLVD OPP GREENCREST DR,30.13841345438309,91.01000989464555
E34800,16.7772715,LEMINGTON AVE AT WARDSONS ST,30.153296621521058,91.01646753854837
W22280,16.7750002,STEUBENVILLE PIKE AT WEST WAY SHOPPES,30.168179788659028,91.02292430821804
E70960,16.772727500000002,WESTINGHOUSE AVE AT HERMAN AVE,30.18306295579699,91.02938020311572
E04930,16.722727,BAUM BLVD AT MOREWOOD AVE,30.197946122934958,91.03581685260606
E23500,16.7159095,FRIENDSHIP AVE AT GRAHAM ST,30.21282929007293,91.04225087801137
S70577,16.7045468,SIDNEY ST AT CIRCUIT CENTER DRVWY FS,30.22771245721089,91.04868052986461
X16315,16.704544,SHILOH ST AT VIRGINIA AVE,30.242595624348862,91.05511018064011
E05510,16.693182,BEATTY ST AT EVA ST,30.25747879148683,91.061535458133
E09110,16.688636363636363,BRADDOCK AVE AT SANDERS ST,30.272361958624792,91.0679589859909
N19560,16.66818181818182,FERGUSON RD AT MT ROYAL BLVD FS,30.287245125762762,91.07437464080635
E04870,16.645453,BAUM BLVD AT LIBERTY AVE,30.302128292900726,91.08078154720201
S00080,16.63863636363638,12TH AVE AT AMITY ST,30.317011460038696,91.08718582984503
S30610,16.636363636363644,LYSLE BLVD AT CENTER ST,30.331894627176663,91.09358923770556
E14450,16.6363625,COAL ST AT SOUTH AVE,30.346777794314626,91.0999926451287
E20901,16.615909,FRANKSTOWN RD AT COAL HOLLOW RD,30.361660961452596,91.10638817991178
E70284,16.584091775,JANCEY ST OPP GAEL WAY,30.376544128590567,91.11277146810822
E20782,16.570455000000003,FRANKSTOWN AVE OPP OAKWOOD ST,30.39142729572853,91.11914950745137
N02030,16.5636362,E 4TH AVE AT WOOD ST,30.406310462866497,91.1255249222091
W00810,16.556818,ALLENDALE ST AT CHARTIERS AVE,30.42119363000446,91.13189771261233
X08843,16.5409095,KANE BLVD AT GREEN COMMONS DR,30.43607679714243,91.13826437976556
N38570,16.53636363636366,NORTH AVE AT GRANT AVE,30.4509599642804,91.14462929719632
W08450,16.534090909090907,HECKLE RD AT OHIO VALLEY HOSPITAL ENTRANCE,30.465843131418364,91.15099333984459
S24100,16.525,HWY RT 51 AT SOUTH MALL ENTRANCE DR,30.48072629855633,91.15735388336287
E46180,16.513636799999997,PENN AVE AT LINDEN AVE,30.4956094656943,91.16371005313665
E34240,16.506818499999998,LAKETON RD AT PADEN ST,30.510492632832264,91.17006359851747
N06570,16.506818181818186,BABCOCK BLVD AT LAROCHE COLLEGE DRVWY,30.525375799970234,91.17641714377581
E32742,16.5045459,JOHNSTON AVE AT GERTRUDE ST,30.5402589671082,91.1827698144231
N31720,16.49999975,MAIN ST OPP 19TH ST,30.555142134246164,91.18912073523772
E46670,16.49772745,PENN AVE OPP FINDLEY DR EAST,30.570025301384135,91.19547078143432
E17296,16.470454744999998,EAST BUSWAY AT HOMEWOOD STATION D,30.584908468522098,91.20181033024956
N01920,16.4590907,E 4TH AVE AT BOYD ST,30.59979163566007,91.20814550499502
S04680,16.459089499999997,ARLINGTON AVE OPP DENGLER ST,30.614674802798035,91.2144806792786
E17510,16.456818181818182,EDGEWOOD AVE AT EDGEWOOD CT,30.629557969936,91.22081497932206
X07040,16.436362,GRANDVIEW AVE OPP PLYMOUTH ST,30.64444113707397,91.22714140569322
S23620,16.431818545,HWY RT 51 AT CLOVERLEAF TOWERS,30.65932430421194,91.23346608326904
N44840,16.4272705,PITTSBURGH ST AT ROSA ST FS,30.674207471349902,91.23978901028276
E23610,16.402272,FRIENDSHIP AVE AT WINEBIDDLE ST,30.68909063848787,91.24610231526643
E13510,16.3886365,CENTRE AVE AT HELDMAN ST,30.703973805625832,91.25241037188752
W08079,16.37954545454546,GREENTREE RD OPP ORCHARD DR,30.718856972763803,91.25871492932617
W17250,16.368183,NOBLESTOWN RD AT SCHOOL ST,30.733740139901773,91.26501511330723
E11190,16.365907275,BRYANT ST AT ST CLAIR ST,30.748623307039736,91.27131442135195
E32295,16.363636500000002,JAMES ST AT MONROEVILLE AVE,30.763506474177703,91.2776128553656
W00300,16.3590909090909,4TH AVE AT BROADWAY ST,30.778389641315673,91.2839095397618
E34050,16.3431832,LAKETON RD OPP DOUGLAS PLAZA APTS,30.793272808453636,91.29020010121238
N54680,16.338637499999997,WOODLAND AVE AT STAYTON ST,30.808155975591607,91.29648891300351
E16110,16.3295456,DALLAS AVE AT REYNOLDS ST,30.823039142729574,91.30277422528326
N32820,16.293181818181814,MCKNIGHT RD AT PEEBLES RD,30.837922309867537,91.3090455409871
S04460,16.284091,ARLINGTON AVE AT JULIA ST,30.852805477005507,91.31531335759597
E27490,16.2681825,RANKIN BLVD AT HAWKINS AVE,30.86768864414347,91.32157505095479
S11350,16.263634,CHALFONT ST AT ESTELLA AVE,30.88257181128144,91.32783499357645
W08500,16.245454545454546,HELEN ST AT CATHERINE ST,30.897454978419407,91.3340879388479
X18890,16.2386365,VIRGINIA AVE OPP SHOP-N-SAVE,30.91233814555737,91.34033825982436
X03290,16.21136545,BROOKLINE BLVD OPP BIRCHLAND ST,30.92722131269534,91.34657808405647
N39500,16.188636363636373,OHIO RIVER BLVD AT ALLEGHENY AVE,30.94210447983331,91.35280915976556
X13772,16.184091,PIONEER AVE RAMP AT SOUTH BUSWAY,30.956987646971275,91.35903848594465
E42910,16.17954545,OAKWOOD ST AT TIOGA ST,30.97187081410924,91.36526606252202
E05180,16.154545,BEACON ST AT MUNHALL RD,30.986753981247205,91.37148401631873
S42320,16.13636375,SOUTH BUSWAY AT PIONEER AVE RAMP FS,31.001637148385175,91.37769497207418
E52360,16.118181800000002,SOUTH AVE AT CENTER ST,31.016520315523145,91.38389892951895
E32500,16.102273099999998,JANCEY ST AT WELLESLEY AVE,31.03140348266111,91.3900967636367
S31480,16.0931835,MAIN ST AT MILLER AVE,31.046286649799075,91.39629109912836
E52485,16.0886359,SOUTH AVE AT WEST ST,31.061169816937046,91.40248368422924
N40230,16.075000000000024,OHIO RIVER BLVD OPP KILBUCK ST (PARK AND RIDE),31.07605298407501,91.4086710208136
S70475,16.070454545454535,HARTMAN ST AT ANDERSON AVE,31.09093615121298,91.41485660783299
E34635,16.06590915,LEECHBURG RD AT GARDEN DR,31.105819318350946,91.42104044531011
N31470,16.065909,MAIN ST AT 21ST ST,31.12070248548891,91.4272242827295
E56010,16.038636595,WALLACE AVE AT MILL ST,31.13558565262688,91.433397622883
N32560,16.031818181818167,MCKNIGHT RD AT CUMBERLAND RD,31.150468819764843,91.43956833859997
N33590,16.02045454545454,MERCHANT ST AT 4TH ST FS,31.165351986902813,91.44573468040446
W08253,16.015909090909073,GREENTREE RD OPP POTOMAC AVE,31.18023515404078,91.45189927264396
E39360,16.0113625,MILLVALE AVE AT YEW ST,31.195118321178743,91.45806211488107
E23480,16.0022725,FRIENDSHIP AVE AT FAIRMOUNT ST FS,31.210001488316713,91.46422145833813
N32700,15.99772727272727,MCKNIGHT RD AT MALIBRAN DR,31.224884655454684,91.47037905231767
X13770,15.997726,PIONEER AVE OPP STETSON ST,31.239767822592647,91.47653664580734
E17560,15.99090935,EDGEWOOD AVE AT LACROSSE ST,31.254650989730614,91.48269161553912
S24200,15.979545000000002,HWY RT 51 AT STREETS RUN RD,31.269534156868584,91.48884221108376
W10450,15.959090909090886,ISLAND AVE AT MCKEES ROCKS BRIDGE,31.284417324006547,91.49498493376089
N71207,15.950000000000019,BALPH AVE AT ORCHARD AVE,31.299300491144518,91.50112415730806
E60100,15.938636363636366,YOST BLVD AT BRINTON RD,31.31418365828248,91.50725900694275
E49260,15.920454875,ROWLAND CONNECTOR AT PENNWOOD AVE,31.329066825420448,91.5133868584443
S10560,15.918181200000001,BUTTERMILK HOLLOW RD OPP THOMPSON RUN RD,31.343949992558418,91.5195138347986
S35590,15.904545500000001,ARLINGTON AVE AT WARRINGTON AVE,31.35883315969638,91.52563556271338
E08880,15.89545454545454,BRADDOCK AVE AT LINE AVE,31.37371632683435,91.53175379148065
X02050,15.8909109,BOWER HILL RD AT CARNEGIE DR,31.38859949397232,91.53787027137928
E11630,15.8454555,BUTLER ST AT 39TH ST,31.40348266111028,91.54396925529909
W16550,15.845455,NOBLESTOWN RD AT HARRIS AVE FS,31.418365828248252,91.55006823902644
S31590,15.843182500000001,MAIN ST AT VIRGINIA AVE,31.433248995386215,91.5561663480588
N44500,15.840909275000001,PITTSBURGH ST AT COLFAX ST,31.448132162524185,91.56226358211707
N39750,15.838636363636368,OHIO RIVER BLVD AT KILBUCK ST (I-79 ENT),31.463015329662152,91.56835994132199
N31340,15.829545899999998,LOWRIE ST OPP CLAIM ST,31.477898496800115,91.57445280156838
E17424,15.825002,ECKSTEIN PL AT WADSWORTH ST FS,31.492781663938086,91.58054391284814
E58150,15.7977275,WINTERBURN AVE OPP FARNSWORTH ST,31.507664831076056,91.58662452605564
W10630,15.7840905,ISLAND AVE OPP TUNNEL WAY,31.52254799821402,91.59269989032323
S16430,15.775001500000002,E CARSON ST AT S 7TH ST,31.537431165351986,91.59877175619566
S70597,15.76136363636364,BROWNLEE ST AT #44,31.552314332489956,91.60483837279577
N49520,15.7613635,SHADELAND AVE AT OAKHILL ST FS,31.56719749962792,91.6109049893434
E57500,15.756817850000001,WILKINS AVE OPP BELLEROCK ST,31.58208066676589,91.61696985625079
S70370,15.727272727272725,MONONGAHELA AVE AT 7TH ST,31.596963833903853,91.62302335111346
E00180,15.711363500000001,28TH ST AT LIBERTY AVE,31.61184700104182,91.6290707224462
E06970,15.709088999999999,BENTLEY DR AT #1785,31.62673016817979,91.63511721831412
N14980,15.7022705,CHESTNUT ST AT PROGRESS ST,31.641613335317754,91.64116108971209
E70066,15.6931835,BENTLEY DR AT BURROWS ST,31.656496502455724,91.64720146348469
E26470,15.69091,HAMILTON AVE AT DALLAS AVE,31.67137966959369,91.65324096217738
E39370,15.690908,MILLVALE AVE AT YEW ST,31.686262836731654,91.65928046010026
N49460,15.675000999999998,SHADELAND AVE AT COMPLETE ST FS,31.701146003869624,91.66531383535047
S04620,15.674999,ARLINGTON AVE AT SPRING ST,31.716029171007587,91.67134720983088
E23560,15.670454999999999,FRIENDSHIP AVE AT PACIFIC AVE,31.730912338145558,91.67737883530617
E56380,15.66591135,WASHINGTON BLVD AT NEGLEY RUN BLVD FS,31.745795505283525,91.68340871191103
E11740,15.654543649999997,BUTLER ST AT 49TH ST,31.760678672421488,91.6894342130393
E32350,15.649999650000002,JANCEY ST AT BRYANT ST,31.775561839559458,91.69545796516245
N31450,15.6386365,MAIN ST AT 18TH ST,31.790445006697425,91.70147734356033
E20870,15.629546,FRANKSTOWN RD OPP BON AIR RD,31.80532817383539,91.7074932229857
E70452,15.6045455,MILWAUKEE ST AT ORION ST,31.82021134097336,91.71349947961119
N12125,15.584089545000001,BUENTE ST AT RHINE ST,31.83509450811133,91.71949786265166
E26630,15.575000000000001,HAMILTON AVE AT STERRETT ST,31.849977675249292,91.72549274708722
W26250,15.575,W PROSPECT AVE AT KINGSLAND AVE,31.86486084238726,91.73148763152277
X13460,15.563636500000001,PIONEER AVE AT CRYSLER ST FS,31.879744009525226,91.73747814209834
W03820,15.556817,CHARTIERS AVE AT MERLE ST,31.894627176663192,91.74346602781904
N71315,15.543181599999999,BROWNS LN AT CHAPEL HILL,31.909510343801163,91.74944866521568
X00400,15.529545899999999,BAILEY AVE OPP RUTH ST,31.924393510939126,91.7554260541728
S40458,15.522727499999998,REGIS AVE EXT OPP HOME DEPOT,31.939276678077093,91.76140081869845
E20730,15.51363636363638,FRANKSTOWN RD OPP WOODS RD,31.954159845215063,91.76737208400665
E48190,15.5113641,RANKIN BLVD AT BLDG #5,31.969043012353026,91.7733424747108
E11785,15.509090895,BUTLER ST AT 53RD ST,31.983926179490997,91.77931199044859
X18750,15.506817750000002,VIRGINIA AVE AT BIGHAM ST,31.99880934662896,91.78528063124308
E41780,15.497727,NEGLEY AVE AT ELMER ST,32.01369251376693,91.79124577296885
N41770,15.493181195000002,PENNSYLVANIA AVE AT FONTELLA ST,32.0285756809049,91.79720916499473
E56920,15.4795455,WEBSTER AVE OPP MCNEIL PL,32.04345884804286,91.803167308583
E06470,15.479545250000001,BEELER ST AT BEELERMONT PL,32.05834201518083,91.80912545207505
N22420,15.468181818181815,FREEPORT RD OPP HULTON BRIDGE NS,32.0732251823188,91.81507922173334
E04210,15.46363675,ARDMORE BLVD AT BRINTON RD,32.08810834945676,91.82103124197538
W21940,15.463636500000002,STEUBEN ST OPP ELBON ST,32.102991516594734,91.82698326212116
E11580,15.461364,BUTLER ST AT 37TH ST,32.1178746837327,91.83293440757194
S70554,15.4568185,PARKLINE DR AT #1620,32.13275785087066,91.83888380344025
E46610,15.429545000000001,PENN AVE AT WINEBIDDLE ST,32.147641018008635,91.84482270162118
N71337,15.424999999999974,EVERGREEN AVE AT KLOPFER ST,32.162524185146594,91.85075985041208
E70837,15.41136375,CRAFT AVE AT HAMLET PL FS,32.17740735228457,91.85669175055176
E11170,15.400002274999999,BRYANT ST AT MELLON ST,32.192290519422535,91.86261927761088
S24525,15.390909090909096,HWY RT 51 AT #4040,32.207173686560495,91.86854330466436
E01440,15.3886365,FIFTH AVE AT MOULTRIE ST,32.22205685369847,91.87446645698783
N10830,15.3863635,BRIGHTON RD OPP ACACIA LN,32.236940020836435,91.88038873442385
S31660,15.38409045,MAIN ST AT W OLIVER RD FS,32.2518231879744,91.88631013695314
E30110,15.379545499999999,HOWLEY ST AT FRIENDSHIP AVE,32.26670635511237,91.89222979011164
E70840,15.372726499999999,HAZELWOOD AVE AT MONONGAHELA ST,32.281589522250336,91.89814681860776
S24430,15.370454500000001,HWY RT 51 AT PETCO DRIVEWAY,32.2964726893883,91.90406297260128
E26400,15.3340905,HAMILTON AVE AT BRADDOCK AVE,32.31135585652627,91.90996512993495
N54690,15.331818499999999,WOODLAND AVE AT STAYTON ST,32.326239023664236,91.91586641276605
S70551,15.320454,PARKLINE DR AT #1631,32.3411221908022,91.92176332135224
E38060,15.28636363636364,MAIN ST AT MAPLE ST,32.35600535794017,91.92764710841098
S27500,15.284091999999998,KENNYWOOD BLVD AT MIFFLIN ST,32.370888525078136,91.93353002110712
S27490,15.279545275,KENNYWOOD BLVD OPP MIFFLIN ST,32.3857716922161,91.93941118374926
E44880,15.2659072,PARK AVE AT SWISSVALE AVE,32.40065485935407,91.9452870970377
E70243,15.25909045,FRIENDSHIP AVE OPP HOWLEY ST,32.41553802649204,91.9511603865298
N31730,15.250000000000002,MAIN ST OPP 21ST ST,32.43042119363,91.95703017706863
N45720,15.247724999999999,RHINE ST AT #2146,32.44530436076797,91.96289909195016
N54820,15.2431825,WINHURST ST AT CAMBRONNE ST,32.46018752790594,91.96876625840395
S70561,15.231816,SKYLINE DR AT MAPLE DR NS,32.475070695043904,91.97462904984302
W16120,15.229545499999999,NOBLESTOWN RD AT ALTER ST,32.48995386218187,91.98049096735689
W24730,15.213636363636368,WASHINGTON PIKE AT GREAT SOUTHERN SC ENT #2,32.50483702931984,91.98634676137578
E53040,15.2068191,STANTON AVE OPP MCCABE ST,32.519720196457804,91.99219993140062
W16150,15.206818,NOBLESTOWN RD AT BALDWICK RD,32.53460336359577,91.99805310100206
E36040,15.190909999999999,LINCOLN AVE OPP APPLE ST,32.54948653073374,92.00390014754593
W02820,15.190908649999999,CAROTHERS AVE AT HILL ST,32.56436969787171,92.00974719357019
E70940,15.175000524999998,LINCOLN AVE AT LYRIC ST,32.57925286500967,92.01558811648876
E46520,15.161362225000001,PENN AVE AT SWISSVALE AVE,32.59413603214764,92.02142378996705
N70004,15.159090909090903,LINCOLN AVE AT BURNSIDE AVE FS,32.609019199285605,92.02725858920607
X20070,15.156818181818169,WEST LIBERTY AVE AT KELTON AVE,32.62390236642357,92.03309251366262
E25346,15.156818000000001,GREENFIELD AVE AT WINTERBURN AVE,32.638785533561546,92.03892643804917
W03970,15.147728,CHARTIERS AVE OPP MUNICIPAL ST,32.653668700699505,92.04475686365566
W08120,15.143181818181798,GREENTREE RD AT ST MARGARET SCHOOL DRIVEWAY,32.66855186783747,92.05058553941724
E08970,15.138635,BRADDOCK AVE AT OVERTON ST,32.683435034975446,92.05641246508895
E39270,15.111363500000001,MILLVALE AVE AT BAUM BLVD,32.698318202113406,92.06222889384313
E70795,15.072727,BEDFORD AVE AT HERRON AVE,32.71320136925138,92.0680304512424
N31200,15.072725499999999,LOWRIE ST AT CLAIM ST,32.72808453638934,92.0738320080643
E18420,15.059093,ELLSWORTH AVE AT AMBERSON AVE,32.742967703527306,92.07962831767837
E45680,15.05,PENN AVE AT AIKEN AVE,32.75785087066528,92.08542112735766
E08840,15.034090909090885,BRADDOCK AVE AT GREENDALE AVE FS,32.77273403780324,92.09120781355948
W70114,15.0295455,STEUBEN ST AT ELLIOTT HEIGHTS SENIOR CTR,32.78761720494121,92.09699275021383
E17480,15.02954545,EDGEWOOD AVE AT DELAWARE AVE,32.80250037207918,92.10277768684891
S02990,15.022727549999999,8TH AVE OPP GRANT ST,32.81738353921714,92.108559999245
X20020,15.0181815,WEST LIBERTY AVE AT CURRANHILL AVE,32.832266706355114,92.1143405618469
E19620,15.01136365,FORBES AVE AT MOULTRIE ST,32.84714987349308,92.12011850022903
E70785,14.9954545,BEDFORD AVE OPP DEVILLIERS ST,32.86203304063105,92.12589031511096
E36145,14.990909090909092,LINCOLN HWY AT 5TH AVE EXT NS,32.876916207769014,92.1316603804454
S04010,14.979544,AMANDA ST AT CHARLES ST,32.891799374906974,92.13742607130749
W07880,14.965908500000001,GRAND AVE OPP PITTSBURGH RECYCLING CENTER,32.90668254204495,92.14318651380702
W10350,14.950000000000008,ISLAND AVE AT CHURCHILL ST,32.921565709182914,92.14894083305657
S40130,14.9409105,RADFORD RD OPP BEVAN RD,32.93644887632088,92.15469165371849
E21360,14.938636500000001,FRANKSTOWN RD AT #10485,32.95133204345885,92.16044159910804
X13610,14.938635000000001,PIONEER AVE AT STETSON ST,32.966215210596815,92.16619154392023
E70855,14.93182,HAZELWOOD AVE AT MONONGAHELA ST,32.98109837773478,92.17193886560963
W08089,14.904545,GREENTREE RD AT RYAN DR NS,32.99598154487275,92.17767568903432
E70888,14.884092500000001,BEACON ST OPP MUNHALL RD,33.010864712010715,92.18340464020383
E04400,14.884090909090908,ARDMORE BLVD AT YOST BLVD FS,33.02574787914868,92.18913359076103
X13420,14.872727275,PIONEER AVE AT BERWIN AVE,33.04063104628665,92.19485816740662
S05570,14.87045435,BAUSMAN ST AT KNOX AVE FS,33.055514213424615,92.20058186919361
E17700,14.854545454545455,EDGEWOOD AVE OPP LACROSSE AVE,33.07039738056258,92.20629944757836
E17640,14.843181818181817,EDGEWOOD AVE OPP DELAWARE AVE,33.08528054770055,92.21201265205065
N07750,14.831820500000001,BANK ST AT WALNUT ST,33.100163714838516,92.21772148350273
E23510,14.818181500000001,FRIENDSHIP AVE AT GROSS ST,33.11504688197648,92.22342506524511
W26280,14.81590909090909,W PROSPECT AVE OPP KINGSLAND AVE,33.129930049114456,92.22912777232747
E35650,14.811363636363634,LIBRARY ST AT BRADDOCK AVE,33.144813216252416,92.23482872984484
E35000,14.8045455,LIBERTY AVE AT 28TH ST,33.15969638339038,92.24052706303219
E70265,14.8022725,FRANKSTOWN AVE OPP BLACKADORE AVE,33.17457955052835,92.2462245213321
E30580,14.777272727272745,HWY RT 286 AT RICKENBAKER DR,33.189462717666316,92.25191235711205
E48390,14.775000200000001,REBECCA AVE AT ARDMORE BLVD,33.20434588480429,92.25759931818646
S25480,14.774999000000001,INTERBORO AVE AT LEASIDE DR #1 (MIFFLIN),33.21922905194225,92.263286278799
E70997,14.77045395,LINCOLN AVE AT FRANKSTOWN AVE FS,33.23411221908022,92.26897149000227
W24770,14.765909090909089,WASHINGTON PIKE OPP GREAT SOUTHERN SHPG CTR,33.24899538621819,92.27465495186973
E00750,14.754545454545454,4TH ST AT COREY AVE,33.26387855335615,92.28033403982472
N20500,14.743181818181796,FREMONT AVE AT TEECE AVE,33.278761720494124,92.28600875386725
N07730,14.738636363636367,BALPH AVE AT TEECE AVE,33.29364488763209,92.2916817183448
N31400,14.727272999999999,MADISON AVE AT CONCORD ST,33.30852805477005,92.29735030901483
E70025,14.720453650000001,ALLEGHENY AVE AT PENNSYLVANIA AVE,33.323411221908025,92.30301627488774
E70800,14.718182000000002,COAL HOLLOW RD AT FRANKSTOWN RD FS,33.338294389045984,92.3086813663928
W12250,14.718181818181815,MAIN ST AT CHESTNUT ST,33.35317755618396,92.31434645782788
E11610,14.688633999999999,BUTLER ST AT 38TH ST,33.368060723321925,92.32000017618076
E08180,14.6704545,BLVD OF ALLIES AT HALKET ST FS,33.382943890459885,92.32564689716595
E70029,14.66136455,ALLEGHENY AVE AT WASHINGTON AVE,33.39782705759786,92.33129011939033
N05980,14.65454545,ARCH ST AT NORTH AVE FS,33.412710224735825,92.33693071691381
N54800,14.640910499999999,WINHURST ST AT CALIFORNIA AVE FS,33.42759339187379,92.34256606628644
X02040,14.597729000000001,BOWER HILL RD AT BOWER HILL APTS,33.44247655901176,92.34818479491415
E05200,14.597727575,BEACON ST AT MURDOCH ST FS,33.45735972614972,92.35380352299335
E28640,14.595454499999999,HAZELWOOD AVE OPP GREENFIELD AVE,33.47224289328769,92.35942137615622
E48220,14.5772728,RANKIN BLVD OPP BLDG #5,33.48712606042566,92.36503223110464
E15665,14.55,CRAIG ST OPP BIGELOW BLVD,33.502009227563626,92.37063258863512
E25030,14.529545500000001,GRANT ST AT PENN AVE,33.51689239470159,92.37622507314065
E06460,14.522727100000001,BEELER ST AT WILKINS AVE FS,33.53177556183956,92.3818149332147
E23460,14.5159068,FRIENDSHIP AVE AT EVALINE ST,33.546658728977526,92.38740216812597
E04920,14.5,BAUM BLVD AT MILLVALE AVE,33.56154189611549,92.39298328044157
S70468,14.486362500000002,WARRINGTON AVE AT BELTZHOOVER AVE,33.57642506325346,92.39855914362481
S34310,14.481818,MIFFLIN RD AT #605,33.59130823039143,92.40413325761047
N14825,14.4749998,CHATEAU ST AT N FRANKLIN ST,33.60619139752939,92.40970474724165
N32970,14.456818,MCKNIGHT RD AT STEVENS DR,33.62107456466736,92.41526923861987
S19310,14.452273499999999,GEARING AVE AT CHALFONT ST,33.63595773180533,92.42083198080051
E70255,14.4454545,ROBINSON BLVD AT FRANKSTOWN RD FS,33.650840898943294,92.42639209831874
N33710,14.434093200000001,METROPOLITAN ST AT CITIZEN'S BANK DRVWY,33.66572406608126,92.43194784282377
E29070,14.4227282,HIGHLAND AVE AT RIPPEY ST,33.68060723321923,92.43749921289147
E19690,14.4181818,FORBES AVE AT PEEBLES ST,33.6954904003572,92.44304883303026
E54160,14.415909,TERRACE ST AT DARRAGH ST,33.71037356749516,92.44859757835857
E34990,14.413636449999998,LIBERTY AVE AT 27TH ST,33.72525673463313,92.45414544897261
W00650,14.413635450000001,5TH AVE AT THORN HOLLOW RD FS,33.740139901771094,92.45969331920175
E70084,14.379543649999999,ALLEQUIPPA ST AT ROBINSON ST,33.75502306890906,92.46522806735055
W21510,14.37727275,STEUBEN ST AT ELBON ST,33.769906236047035,92.4707619414202
W70060,14.359090909090911,WEST BUSWAY AT BELL STATION B,33.784789403184995,92.47628881722112
W02743,14.347727272727274,BROADWAY AVE AT LAKE ST,33.79967257032296,92.48181131910958
W03420,14.336362,CHARTIERS AVE AT MARLOW ST,33.814555737460935,92.48732944645572
S20470,14.334090909090907,GRANT AVE AT 4TH ST FS,33.829438904598895,92.4928466996492
N12790,14.3272705,CALIFORNIA AVE AT FAIRLEE ST FS,33.84432207173687,92.49836132763794
E70942,14.324999799999999,LINCOLN AVE OPP JOSHUA ST,33.859205238874836,92.50387508162447
S04360,14.3227265,ARLINGTON AVE AT DENGLER ST,33.874088406012795,92.50938796060805
E46870,14.311363499999999,PENN AVE OPP WEST ST,33.88897157315077,92.51489646592411
S70638,14.297727272727276,DESIDERIO BLVD OPP BAKER AVE,33.90385474028873,92.52039972259769
N71338,14.295454545454545,HARMAR GARAGE TERMINAL - NO ST,33.9187379074267,92.52590210448878
N13200,14.274998,CALIFORNIA AVE OPP PERROTT ST FS,33.93362107456467,92.53139661256759
S70399,14.268181818181827,LEWIS RUN RD OPP SOUTHWESTERN HEALTH CENTER,33.94850424170263,92.53688849706874
E59660,14.26590925,WOODSTOCK AVE AT ORMOND ST,33.9633874088406,92.54237950684865
W24050,14.259091000000002,WASHINGTON AVE AT CAROTHERS AVE,33.97827057597857,92.54786789225481
W70115,14.256817999999999,CHARTIERS AVE AT HARLOW ST,33.99315374311654,92.55335540277349
W22032,14.21818181818182,STEUBEN ST OPP STRATMORE ST,34.0080369102545,92.55882804205976
S48260,14.213636845,WATERFRONT DR OPP LOEW'S THEATRE,34.02292007739246,92.56429893196632
N05060,14.190909090909091,ALPHA DR AT FREEPORT RD (HARMAR),34.03780324453044,92.56976107386265
S13750,14.18181818181818,CRAWFORD AVE AT MONTEREY ST,34.052686411668404,92.57521971662901
E45980,14.177272495,PENN AVE AT FINDLEY DR EAST,34.06756957880637,92.58067660974098
S05510,14.175,BAUSMAN ST AT GRIMES AVE,34.08245274594434,92.58613262815983
E70964,14.1681815,6TH ST AT BALDRIDGE ST,34.097335913082304,92.59158602210876
E09390,14.161363636363655,BRADDOCK AVE OPP GREENDALE AVE,34.11221908022027,92.59703679183265
N32730,14.1454548,MCKNIGHT RD AT MCKNIGHT CIR(OPP ROSS PARK MAL,34.12710224735824,92.60248143817707
S70396,14.1454545,LEWIS RUN RD AT SOUTHWESTERN HEALTH CENTER,34.141985414496204,92.607926084406
N49470,14.1090891,SHADELAND AVE AT DAVIS AVE,34.15686858163417,92.6133567334362
N39650,14.104545454545475,OHIO RIVER BLVD AT ELIZABETH AVE FS,34.17175174877214,92.61878563359774
N21180,14.10000025,FREEPORT RD AT FOX CHAPEL RD NS (PLAZA DRVWY),34.186634915910105,92.62421278429052
X13660,14.0977291,PIONEER AVE OPP BERWIN AVE,34.20151808304807,92.6296390608079
E18430,14.0886365,ELLSWORTH AVE AT AMBERSON AVE,34.21640125018604,92.63506183754447
E11560,14.0727275,BUTLER ST AT 36TH ST,34.231284417324005,92.64047849083855
E37990,14.06136363636364,MAIN ST AT CENTER AVE,34.24616758446197,92.6458907701327
N33150,14.0545449,MCKNIGHT RD OPP STEVENS DR,34.26105075159994,92.6513004248659
E25355,14.0386365,GREENFIELD AVE AT WINTERBURN AVE FS,34.275933918737906,92.65670395638757
E28590,14.03863625,HAZELWOOD AVE AT FRANK ST,34.29081708587587,92.66210748781303
X70057,14.027270500000002,GRANDVIEW AVE OPP COHASSETT ST,34.305700253013846,92.66750664451247
N18970,14.006815999999999,EVERGREEN RD OPP BAYTREE ST,34.320583420151806,92.67289792818694
E14420,14.002274,COAL ST AT FRANKLIN AVE,34.33546658728977,92.67828746362609
N14610,14.0,N CHARLES ST AT NORWOOD AVE,34.35034975442774,92.68367612379288
N53290,13.9863635,WARREN ST AT CATOMA ST,34.365232921565706,92.68905953521221
E57570,13.9545455,WILKINS AVE AT MURRAY AVE,34.38011608870368,92.6944306997466
X02230,13.9545453,BOWER HILL RD AT N MEADOWCROFT AVE,34.39499925584164,92.699801864204
S70482,13.947727272727287,HARTMAN ST AT SARAH ST FS,34.40988242297961,92.7051704043734
W08490,13.915909090909093,HECKLE RD AT SHOP-N-SAVE DRVWY FS,34.42476559011758,92.71052669758791
W25950,13.913635900000001,W CARSON ST AT TABOR ST,34.43964875725554,92.71588211584144
E38350,13.872727272727277,MALL BLVD OPP K-MART,34.454531924393514,92.72122178818853
N20180,13.854545454545445,FOREST AVE OPP CAROLYN AVE,34.469415091531474,92.72655446227566
E11180,13.85,BRYANT ST AT NEGLEY AVE,34.48429825866944,92.73188538679781
N21050,13.849999999999998,FREEPORT RD AT EASTERN AVE,34.499181425807414,92.73721631131994
N36520,13.847727175,MT ROYAL BLVD AT GARDEN PL,34.514064592945374,92.74254636102197
N31710,13.840909,MAIN ST OPP 18TH ST,34.52894776008335,92.74787378637915
N22145,13.8386365,FREEPORT RD OPP ALPHA DR (RIDC PARK),34.543830927221315,92.75320033704129
E29420,13.8386365,HOLIDAY PARK DR AT HWY RT 286,34.558714094359274,92.75852688770345
E01400,13.8363636,FIFTH AVE AT #2410 (ACTA PROGRAM),34.57359726149725,92.76385256351664
W00370,13.822727272727255,4TH AVE AT MULBERRY ST,34.588480428635215,92.76917299064884
S47520,13.8045465,WARRINGTON AVE AT ARLINGTON AVE,34.60336359577318,92.77448641992349
S48500,13.790909090909114,WEST ST OPP 18TH AVE,34.61824676291115,92.77979460010077
E05190,13.7613638,BEACON ST AT MURDOCH ST,34.63312993004911,92.78509140816861
E70384,13.736363525,LEECHBURG RD AT ALCOMA BLVD,34.64801309718708,92.79037859352316
E03330,13.724998200000002,ALLEGHENY RIVER BLVD AT CENTER AVE FS,34.66289626432505,92.79566140431527
N33000,13.720454175,MCKNIGHT RD AT TOYOTA DEALERSHIP,34.677779431463016,92.80094246609262
E58560,13.715909045,WM PENN HWY AT KINGSTON DR FS,34.69266259860098,92.8062217784299
S70003,13.711363636363641,DUQUESNE BLVD AT LIBRARY PL,34.70754576573895,92.81149934121987
TP7061,13.71136363636364,VILLAGE DR AT STAIRTOWER,34.722428932876916,92.81677690400984
W03340,13.7045455,CHARTIERS AVE AT DITZLER ST,34.73731210001488,92.82205184246982
N08860,13.704545454545457,BEAVER ST OPP SPENCER ST,34.75219526715285,92.82732678091232
E23445,13.702272999999998,FRIENDSHIP AVE AT ELLA ST,34.767078434290816,92.83260084467727
E41781,13.693182,NEGLEY AVE AT ELMER ST FS,34.78196160142878,92.83787140927726
N52580,13.693180499999999,TROY HILL RD AT GOETTMANN ST,34.79684476856675,92.84314197329991
N21355,13.686363636363634,FREEPORT RD AT ALPHA DR W,34.81172793570472,92.84840991348243
N13370,13.6590885,CAMBRONNE ST AT WINHURST ST,34.82661110284268,92.85366735534775
N10890,13.63181815,BRIGHTON RD OPP PENNOCK ST,34.84149426998065,92.85891430073818
E39550,13.618182100000002,MONONGAHELA AVE AT DUQUESNE AVE,34.85637743711862,92.86415599755433
E25338,13.5886365,GREENFIELD AVE AT MCCASLIN ST,34.87126060425659,92.86938632214208
S70451,13.588636363636365,AMITY ST AT 10TH AVE,34.88614377139455,92.87461664667734
E11850,13.575000249999999,BUTLER ST AT 57TH ST,34.90102693853252,92.87984172261386
N32850,13.572727272727274,MCKNIGHT RD AT PERRYMONT RD FS,34.915910105670484,92.88506592367166
N71287,13.55909090909091,ALPHA DR W OPP ANCHOR DR,34.93079327280845,92.89028487603449
S70143,13.5409093,SECOND AVE AT PGH TECH CTR (MIDDLE ACCESS RD,34.945676439946425,92.89549683021784
E15440,13.518181818181816,COREY AVE AT 4TH ST,34.960559607084384,92.90070003649578
X13570,13.504544545,PIONEER AVE AT METZ WAY,34.97544277422235,92.90589799372864
S70333,13.490909090909089,MONONGAHELA AVE AT 7TH ST,34.990325941360325,92.91109070261663
W23189,13.4840891,SWALLOW HILL RD AT NOB HILL APTS,35.005209108498285,92.91628078646082
X17734,13.44545635,SOUTHERN AVE OPP PROSPECT ST,35.02009227563626,92.92145600039349
E04170,13.436363636363636,ARDMORE BLVD AT BEVINGTON RD FS,35.03497544277422,92.92662771450162
E50250,13.4295457,SALTSBURG RD AT UNIVERSAL RD FS,35.049858609912185,92.93179680435672
S27330,13.424999999999999,KENNEDY AVE AT WILMOT ST,35.06474177705016,92.93696414455238
E23400,13.420454099999999,FRIENDSHIP AVE AT AIKEN AVE,35.07962494418812,92.94212973501158
E14210,13.379545425,CHISLETT ST AT HAMPTON ST,35.09450811132609,92.94727957954596
E28300,13.368181818181794,HAYMAKER RD OPP CLOVER DR,35.10939127846406,92.95242505017926
E57560,13.36136365,WILKINS AVE OPP MURRAY AVE,35.12427444560202,92.95756789647031
E15670,13.35227285,CRAIG ST AT BIGELOW BLVD FS,35.13915761273999,92.96270724367336
S70432,13.322727475,LEBANON RD OPP SOUTH HILLS INDUSTRIAL PARK,35.15404077987796,92.9678352187346
E11830,13.304545525,BUTLER ST AT 56TH ST,35.16892394701593,92.97295619548515
E35220,13.3045455,LIBERTY AVE AT CANOE WAY,35.18380711415389,92.97807717222608
S14782,13.290909090909093,DUQUESNE BLVD AT CENTER ST,35.19869028129185,92.98319290025456
W06650,13.290909090909087,FAIRHAVEN RD OPP KENMAWR PLAZA ENTRANCE,35.21357344842983,92.98830862828304
E35070,13.26590865,LIBERTY AVE AT 31ST ST,35.228456615567794,92.99341473353435
E27250,13.2590908,HARRIET ST OPP BLDG #2,35.24333978270576,92.9985182145659
X08070,13.24545635,HABERMAN AVE AT KATHLEEN ST FS,35.25822294984373,93.00361644763906
E19740,13.2454547,FORBES AVE AT SCHENLEY DR (GOLF COURSE),35.273106116981694,93.00871468007712
E11150,13.243184099999999,BRYANT ST AT HIGHLAND AVE,35.28798928411966,93.01381203855148
N40270,13.197727000000002,OHIO RIVER BLVD OPP MCKEES ROCKS BRIDGE FS,35.30287245125763,93.01889190039269
W21740,13.193182325,STEUBEN ST AT #211,35.317755618395594,93.02397001296896
S23850,13.188636363636359,HWY RT 51 OPP IRWIN DR,35.33263878553356,93.02904637578517
S26940,13.184091,JOSEPHINE ST AT BARRY ST,35.34752195267153,93.03412098907138
E27220,13.17954615,HARRIET ST AT 5TH AVE,35.362405119809495,93.0391938530253
W21600,13.179545454545455,STEUBEN ST AT LINDEN AVE,35.37728828694746,93.04426671671152
S48770,13.168182,WHITAKER WAY AT LARKSPUR ST,35.39217145408543,93.04933520655526
S00990,13.16818195,SECOND AVE AT TIPTON ST,35.407054621223395,93.05440369637975
N20100,13.159090909090901,FOREST AVE AT MARYLAND AVE,35.42193778836136,93.05946868702354
E57940,13.154545500000001,WILNER DR AT BRACEY DR,35.43682095549933,93.06453192811982
N38660,13.154545454545456,NORTH AVE AT LINCOLN AVE,35.451704122637295,93.0695951691986
N31230,13.143182,LOWRIE ST AT FLECK ST,35.46658728977526,93.07465403643491
W19497,13.1386362,PARK MANOR DR AT #6000 (OLIVE GARDEN),35.48147045691323,93.07971115397325
N43790,13.136363500000002,PERRYSVILLE AVE AT #3000,35.496353624051196,93.0847673967396
N24080,13.131818181818176,GRANT AVE AT SHERMAN ST,35.51123679118916,93.08982188999344
E70962,13.129545454545456,6TH ST AT BRADDOCK AVE,35.52611995832713,93.0948755084648
E11750,13.12727305,BUTLER ST OPP 49TH ST,35.541003125465096,93.09992825227785
N54810,13.125,WINHURST ST AT CALIFORNIA AVE,35.55588629260307,93.10498012118423
X13740,13.1227291,PIONEER AVE OPP ROSSMORE AVE,35.57076945974103,93.1100311160114
N31790,13.1227275,MANHATTAN ST AT JUNIATA ST,35.585652626878996,93.11508211022276
E70368,13.07954515,BEATTY ST AT BAUM BLVD,35.60053579401697,93.120116483362
E37980,13.06590909090909,MAIN ST AT CENTER AVE,35.61541896115493,93.1251456079235
S27260,13.06590909090909,KENNEDY AVE AT AURILES ST,35.630302128292904,93.130174732485
E17422,13.0477275,ECKSTEIN PL AT WADSWORTH ST,35.64518529543086,93.13519685887402
E16300,13.047727,DEAN ST AT PAULSON AVE,35.66006846256883,93.1402189850706
N20130,13.043181500000001,FOREST AVE AT RAVENSWOOD AVE,35.674951629706804,93.14523936168469
N09501,13.04090909090909,BLAZIER DR AT GIANT EAGLE ENTRANCE DRIVE,35.689834796844764,93.15025886363874
E08160,13.031818070000002,BLVD OF ALLIES AT DUQUESNE UNIV FOOTBRIDGE,35.70471796398274,93.15527486641979
N54510,13.031818000000001,WILSON AVE AT CHESTER AVE,35.719601131120704,93.16029086917389
E70397,13.0318175,MOSSFIELD ST AT FERN ST,35.734484298258664,93.16530687173554
S43390,13.027272775,SOUTH MALL ENTRANCE DR AT PNC DRVWY,35.74936746539664,93.17032112501302
W24520,13.027272727272726,WASHINGTON AVE OPP LINCOLN AVE FS,35.7642506325346,93.17533537827211
E16020,13.01818159,DALLAS AVE OPP EDGERTON AVE,35.77913379967257,93.1803461323134
W16360,12.995454999999998,NOBLESTOWN RD OPP DENISONVIEW ST,35.79401696681054,93.1853481387925
S33270,12.977273,MCKINLEY ST AT ALICE ST,35.8089001339485,93.1903431469417
S16410,12.977273,E CARSON ST AT S 5TH ST,35.82378330108647,93.19533815509088
N42670,12.954545454545453,PERRYSVILLE AVE AT #4146,35.83866646822444,93.20032441531015
S48820,12.95454525,WHITAKER WAY AT LARKSPUR ST,35.853549635362405,93.20531067545068
X18800,12.947727000000002,VIRGINIA AVE AT MAPLE TERRACE,35.86843280250037,93.2102943112175
W03450,12.9431815,CHARTIERS AVE AT HOOVER ST,35.88331596963834,93.21527619740182
E09730,12.9318159,BRINTON AVE AT BOWERS ST,35.898199136776306,93.22025370891785
N07045,12.929545454545467,BABCOCK BLVD OPP DUNCAN AVE,35.91308230391427,93.22523034652967
N43860,12.9272745,PERRYSVILLE AVE AT SEMICIR ST,35.92796547105224,93.23020611004132
E26640,12.9204545,HAMILTON AVE OPP COLLIER ST,35.942848638190206,93.23517924850569
E46280,12.897727,PENN AVE AT NEGLEY AVE,35.95773180532817,93.2401436390576
E10080,12.890909090909075,BRINTON RD AT BRINTON MANOR DR W FS,35.97261497246614,93.24510540536703
E53830,12.863636,SWISSVALE AVE AT STONER WAY,35.98749813960411,93.25005667414653
W22251,12.863634544999998,STEUBENVILLE PIKE AT NORTH FAYETTE VFD,36.00238130674207,93.25500794236602
E46270,12.861363400000002,PENN AVE AT MURTLAND ST FS,36.01726447388004,93.25995833641203
E70143,12.861362275,HWY RT 286 AT ROYAL OAKS SHOPPING CENTER DRV,36.03214764101801,93.26490873002501
W03280,12.8568182,CHARTIERS AVE AT CITADEL ST,36.047030808155974,93.26985737460402
N44800,12.8545455,PITTSBURGH ST AT PORTER ST,36.06191397529394,93.27480514441102
W20270,12.85454545454545,E RAILROAD ST AT 2ND ST STEPS,36.07679714243191,93.27975291420051
P00220,12.8159097,SECOND AVE AT ALLEGHENY COUNTY JAIL,36.091680309569874,93.28468581292206
W08540,12.804545454545446,HELEN ST AT ROBB ST (MUNSON AVE),36.10656347670784,93.28961433749667
N50590,12.7977291,SPRING GARDEN AVE AT SPRING GARDEN LOOP,36.121446643845815,93.29454023842713
N45800,12.79091135,RHINE ST OPP STEINE ST,36.136329810983774,93.29946351517633
E20060,12.784090999999998,FORWARD AVE AT SHADY AVE,36.15121297812174,93.30438416674349
E14400,12.7659095,CLARISSA ST AT LYON ST,36.166096145259715,93.30929782017317
X02570,12.752274545,BOWER HILL RD OPP KELSO RD,36.180979312397675,93.31420622545006
W08510,12.75,HELEN ST AT CATHERINE ST,36.19586247953565,93.31911375524481
E11840,12.697727,BUTLER ST AT 56TH ST,36.21074564667361,93.32400116493721
E16530,12.690909,DEVILLIERS ST AT WYLIE AVE,36.225628813811575,93.3288859503521
S24190,12.688636363636364,HWY RT 51 AT STREETS RUN RD,36.24051198094955,93.3337698610195
S04490,12.670456,ARLINGTON AVE AT KOEHLER ST,36.25539514808751,93.3386467739868
N71234,12.66136545,LOWRIE ST AT DEHAVEN ST FS,36.27027831522548,93.34352018796234
W03260,12.654545454545445,CHARTIERS AVE AT AMELIA ST NS,36.28516148236345,93.34839097689232
N24910,12.652273000000001,LAYOVER VA HOSPITAL TERMINAL (,36.30004464950141,93.35326089114477
S70006,12.645454545454545,HWY RT 51 AT BRENTWOOD TOWN SQUARE,36.31492781663938,93.35812818094476
N31280,12.640909,LOWRIE ST AT HECKLEMAN ST,36.32981098377735,93.36299372114479
X01590,12.6295465,BEVERLY RD AT MEADOWCROFT AVE,36.344694150915316,93.36785488786971
E20455,12.625,FRANKSTOWN AVE AT HOMEWOOD HOUSE,36.35957731805328,93.37271430462727
S70263,12.6113635,BAUSMAN AVE AT GRIMES AVE,36.37446048519124,93.37756847263736
X11150,12.606818,MERRICK AVE AT HOBSON ST,36.38934365232922,93.38242089106498
E14480,12.602271,COAL ST AT WALNUT ST FS,36.40422681946718,93.38727155933275
W10320,12.586363636363636,ISLAND AVE AT BRADLEY ST,36.41910998660515,93.39211610478787
E70027,12.5818159,ALLEGHENY AVE AT MARYLAND AVE,36.43399315374312,93.39695889979974
E03273,12.556818,ALBERT ST AT MAPLE AVE,36.448876320881084,93.40179207301247
X17680,12.53636135,SOUTHERN AVE AT NATCHEZ ST,36.46375948801905,93.40661737237271
E04666,12.52727295,BAKER ST AT BALLARD WAY,36.47864265515702,93.41143917356871
E37250,12.524999545,LONG RD AT ELIZABETH DR,36.493525822294984,93.41626009972137
N38140,12.51818181818182,PASSAVANT HOSPITAL AT MAIN ENTRANCE,36.50840898943295,93.42107840170168
W21860,12.51590909090909,STEUBEN ST AT CVS DRVWY,36.52329215657092,93.42589582889947
E45975,12.5045455,PENN AVE AT FAIRMOUNT ST,36.538175323708884,93.43070888220231
E70867,12.504545499999999,REED ST AT ELMORE ST,36.55305849084685,93.43552193550514
S24013,12.5,HWY RT 51 AT PEP BOYS,36.56794165798482,93.44033323922548
W70087,12.5,BROADWAY AVE AT 13TH ST,36.582824825122785,93.44514454294583
E05240,12.490908999999998,BEACON ST AT SHADY AVE,36.59770799226075,93.4499523475012
N12705,12.4636365,CALIFORNIA AVE AT BOSTON ST,36.61259115939872,93.45474965475411
N20110,12.461363636363638,FOREST AVE AT MARYLAND AVE,36.627474326536685,93.45954608717206
S27560,12.456818181818182,KNOEDLER RD AT BROWNSVILLE RD,36.64235749367465,93.46434077002499
S27570,12.450000000000001,KNOEDLER RD AT BROWNSVILLE RD FS,36.65724066081262,93.46913282853046
E39130,12.449999725,MIDDLE AVE AT BRIDGE ST,36.672123827950585,93.47392488693008
S70552,12.447726999999999,PARKLINE DR AT #1551 (RENTAL OFFICE),36.68700699508855,93.47871607054806
E70036,12.43636365,ALLEGHENY AVE AT PENNSYLVANIA AVE,36.70189016222652,93.48350288036382
E70414,12.43409092,PENNWOOD AVE AT FRANKLIN AVE,36.716773329364486,93.488288815396
W20150,12.434090909090909,E RAILROAD ST AT 1ST ST FS,36.73165649650246,93.493074750424
E23430,12.424998500000001,FRIENDSHIP AVE AT ATLANTIC AVE,36.74653966364042,93.49785718574466
N15420,12.418181650000001,COLUMBUS AVE AT MANHATTAN ST,36.761422830778386,93.50263699723047
E20795,12.404545500000001,FRANKSTOWN AVE AT LAWNDALE ST,36.77630599791635,93.50741156010353
W03590,12.402273,CHARTIERS AVE AT MIDDLETOWN RD,36.79118916505432,93.51218524828158
S70412,12.3931841,MIFFLIN ST AT WHITAKER ST,36.806072332192294,93.51695543810297
W70050,12.3772725,OVERLOOK PL AT PLEASANT RIDGE RD,36.82095549933025,93.52171950348111
S12440,12.377272499999998,CLIMAX ST AT BELTZHOOVER AVE,36.83583866646822,93.52648356885926
W20160,12.359090909090908,E RAILROAD ST AT 2ND ST,36.850721833606194,93.53124063606495
W08081,12.359090909090895,GREENTREE RD AT ORCHARD DR,36.865605000744154,93.53599770327062
N49471,12.3545468,SHADELAND AVE AT DICKSON ST,36.88048816788213,93.54075302142918
E07190,12.338636363636365,BESSEMER AVE AT MAIN ST,36.895371335020094,93.5455022155924
E04667,12.3318182,BAKER ST AT BUTLER ST,36.910254502158054,93.55024878541515
W04080,12.3295455,CHARTIERS AVE OPP WARFLE ST,36.92513766929603,93.5549944804659
N29120,12.325001499999999,PARKER ST AT KOEHLER ST,36.94002083643399,93.5597384265115
E25337,12.3204545,GREENFIELD AVE AT GRAPHIC ST,36.95490400357196,93.56448062239727
S11360,12.3022715,CHALFONT ST AT GEARING AVE,36.96978717070993,93.56921581956821
S35234,12.290909045000001,MOUNTAINVIEW DR OPP HOME DEPOT,36.98467033784789,93.57394664328137
S48450,12.2704535,WEST ST AT 21ST AVE,36.99955350498586,93.57866959356737
S35200,12.2636368,MOUNTAIN AVE AT FISHER ST,37.01443667212383,93.58338992007621
E23450,12.259091,FRIENDSHIP AVE AT EVALINE ST,37.029319839261795,93.58810849688713
N10265,12.259089,BRIGHTON RD AT BRIGHTRIDGE ST,37.04420300639976,93.59282707292823
E35430,12.245454950000001,LIBERTY AVE AT WINEBIDDLE ST,37.05908617353772,93.59754040116489
W16880,12.225000000000001,NOBLESTOWN RD AT OBEY ST,37.073969340675696,93.6022458562034
S48560,12.197727275,WEYMAN RD AT WHITE HAMPTON LN,37.08885250781366,93.60694081385283
S70330,12.190909090909091,OHIO AVE AT BROADWAY ST,37.10373567495163,93.61163314715391
E35810,12.1795454,LINCOLN AVE AT FRANKSTOWN AVE,37.118618842089596,93.61632110652151
N15130,12.172727272727295,CHURCH AVE AT FOREST AVE,37.13350200922756,93.62100644156263
E28980,12.1681841,HIGHLAND AVE AT HAMPTON ST,37.14838517636553,93.62569002791705
W21700,12.163636499999999,STEUBEN ST AT RINGGOLD ST FS,37.163268343503496,93.63037186388067
S45320,12.156818,GEARING AVE AT SYLVANIA AVE,37.17815151064146,93.63505107537435
W08087,12.15227272727273,GREENTREE RD AT POTOMAC AVE,37.19303467777943,93.63972853737302
W17620,12.149999999999999,NOBLESTOWN RD OPP ALTER ST,37.2079178449174,93.64440512458918
S31490,12.136363600000001,MAIN ST AT MILLER AVE,37.22280101205536,93.64907646309639
X02300,12.13182065,BOWER HILL RD AT RALSTON PL,37.23768417919333,93.65374605300262
S00800,12.1318181,SECOND AVE AT GLENWOOD AVE,37.2525673463313,93.65841564192733
W25240,12.127272727272723,WASHINGTON PIKE OPP MAYER ST,37.267450513469264,93.66308348131857
E26590,12.125,HAMILTON AVE AT MULFORD ST,37.28233368060723,93.6677504459273
S11320,12.120454500000001,CHALFONT ST AT DELMONT AVE,37.297216847745204,93.67241566095355
X00560,12.1181815,BANKSVILLE RD OPP MCMONAGLE AVE,37.312100014883164,93.67708000109232
X00140,12.1136365,ALTMAR ST OPP REAMER ST,37.32698318202113,93.68174259184107
N10230,12.106817000000001,BRIGHTON RD AT ACACIA LN,37.341866349159105,93.68640255773495
S22270,12.104545454545454,HOFFMAN BLVD AT KENNYWOOD BLVD,37.356749516297064,93.69106164930125
N43760,12.102273949999999,PERRYSVILLE AVE AT #1923,37.37163268343504,93.69571986655566
S70296,12.09090909090909,MONONGAHELA AVE AT 5TH ST,37.386515850573,93.70037370942697
S42300,12.084090790000001,SOUTH BUSWAY AT INGLEWOOD SHELTER,37.401399017710965,93.70502492790497
X17735,12.079546350000001,SOUTHERN AVE OPP SANDWICH ST,37.41628218484894,93.70967439720847
E51140,12.0772729,SCHOYER AVE AT MONROE ST,37.4311653519869,93.7143229914513
E70824,12.077272727272732,5TH ST AT BRINTON AVE,37.44604851912487,93.71897158562766
E46560,12.0704545,PENN AVE AT TRENTON AVE FS (LIFE CARE),37.46093168626284,93.72361755543902
N21600,12.0704545,FREEPORT RD AT OLD FREEPORT RD (FOX CHAPEL RD,37.4758148534008,93.72826352525038
E48640,12.068182,ROBERTS ST AT CENTRE AVE,37.49069802053877,93.73290862036673
S34190,12.065909399999999,BUTTERMILK HOLLOW RD AT NAUGLE ST,37.50558118767673,93.73755284074959
E70308,12.0568183,COMMERCIAL ST AT WHIPPLE ST,37.520464354814706,93.74219356192897
E48205,12.040909,RANKIN BLVD AT KENMAWR AVE FS,37.53534752195267,93.7468281595504
E14170,12.0204548,CHISLETT ST AT BRYANT ST,37.55023068909063,93.75145488426236
S70269,12.0022725,MICHIGAN ST AT BERND ST,37.565113856228606,93.75607461052891
S70321,11.995454545454544,RAVENSBURG BLVD AT HWY RT 885 FS,37.57999702336657,93.76069171253543
X02380,11.993179545,BOWER HILL RD AT SERPENTINE DR,37.59488019050454,93.76530793888453
E39140,11.981819,MIDDLE ST AT HAWKINS AVE,37.60976335764251,93.76991979251103
N14600,11.977272500000002,N CHARLES ST AT LINWOOD AVE,37.624646524780474,93.77452989617014
S02880,11.9750002,8TH AVE AT RAVINE ST,37.63952969191844,93.7791391252112
E03930,11.954545999999999,ALLEQUIPPA ST OPP SUTHERLAND DR FS,37.65441285905641,93.78374048134279
E13550,11.938636500000001,CENTRE AVE AT JUNILLA ST STEPS,37.669296026194374,93.78833571383946
E14370,11.9318185,CLARISSA ST AT CAMP ST,37.68417919333234,93.79292832205861
N24290,11.929545454545437,GRANT AVE OPP LAUREL AVE,37.69906236047031,93.79752005537281
N14710,11.927270450000002,N CHARLES ST OPP IRWIN AVE,37.713945527608274,93.80211091302797
S28000,11.920454545454547,LEBANON CHURCH RD AT PGH-MCKEESPORT BLVD,37.72882869474624,93.80669914721219
N44480,11.9204545,PITTSBURGH ST AT BUTLER ST FS,37.74371186188421,93.8112873813789
S13810,11.904545454545456,CRAWFORD AVE AT WOOL ALLEY,37.758595029022175,93.81586949208567
N43890,11.902273000000001,PERRYSVILLE AVE AT WALDORF ST FS,37.77347819616014,93.8204507281149
E59640,11.89545455,WOODSTOCK AVE AT MELROSE ST,37.78836136329811,93.82502933969342
E25340,11.895454500000001,GREENFIELD AVE AT HAZELWOOD AVE,37.803244530436075,93.8296079512527
E08900,11.893182,BRADDOCK AVE AT HENRIETTA ST,37.81812769757404,93.83418568811696
E20785,11.881818350000001,FRANKSTOWN AVE OPP STANDARD AVE FS,37.83301086471201,93.83875905106352
W10310,11.881818181818181,ISLAND AVE AT BRADLEY ST,37.847894031849975,93.84333241394532
S70272,11.863636499999998,SHADY DR E AT MT LEBANON STATION,37.86277719898795,93.84789877861965
N13180,11.85909,CALIFORNIA AVE OPP MARQUIS WAY,37.87766036612591,93.85246339332662
S13800,11.854545454545455,CRAWFORD AVE AT WOOL ALLEY,37.892543533263876,93.8570262588185
S19340,11.8318185,GEARING AVE AT LAFFERTY AVE,37.90742670040185,93.86158037660789
W70147,11.818182,VILLAGE DR AT LEWIS AVE,37.92230986753981,93.86612924564983
E07660,11.811363499999999,BIGELOW BLVD AT HERRON AVE FS,37.93719303467778,93.87067549022183
E33970,11.809090450000001,LAKETON RD AT HOWARD ST,37.95207620181574,93.8752208598871
N20490,11.7931815,FREMONT AVE AT ORCHARD AVE,37.96695936895371,93.87976010612914
E26440,11.775,HAMILTON AVE AT COLLIER ST,37.98184253609168,93.88429235423371
E52460,11.761364075,SOUTH AVE AT SWISSVALE AVE,37.99672570322964,93.88881935381214
E57340,11.759090899999999,WIGHTMAN ST AT BEACON ST,38.01160887036762,93.89334547843575
E11570,11.7568185,BUTLER ST AT 36TH ST,38.026492037505584,93.89787072840281
S70599,11.754545454545456,LARGE PARK-AND-RIDE TERMINAL -,38.04137520464354,93.90239510346493
E26510,11.747727000000001,HAMILTON AVE AT HALE ST,38.05625837178152,93.90691685407458
S16610,11.7454542,E CARSON ST OPP S 5TH ST,38.07114153891948,93.91143772987375
E05670,11.740909,BEDFORD AVE AT MANILLA ST,38.08602470605745,93.9159568562059
W24745,11.724999999999996,WASHINGTON PIKE AT CHARTIERS VALLEY SC,38.10090787319542,93.92046985909558
N08620,11.715909090909074,BEAVER ST AT #306,38.11579104033338,93.92497936285528
E04810,11.713636000000001,BAUM BLVD AT CRAIG ST FS,38.13067420747135,93.92948799169253
S13874,11.679545449999999,CURRY HOLLOW RD OPP GREEN DR,38.14555737460932,93.93398349893056
E21300,11.665909,FRANKSTOWN RD AT ROBINSON BLVD FS,38.160440541747285,93.9384737574404
S24025,11.663636363636366,HWY RT 51 AT PIZZA HUT,38.17532370888525,93.94296314120272
N39540,11.65909090909091,OHIO RIVER BLVD AT BIRMINGHAM AVE STEPS,38.19020687602322,93.94745077540007
S48490,11.654545500000001,WEST ST AT MUNHALL BORO BLDG,38.205090043161185,93.95193666004991
N71209,11.6477275,AMBULATORY CARE CENTER DR AT BLDG #51,38.21997321029915,93.95641992042225
W20960,11.647727,S MAIN ST AT SANCTUS ST,38.23485637743712,93.96090318060214
N31650,11.6363635,MAIN ST AT #1834,38.249739544575085,93.96538206692206
E70296,11.6295455,BRYN MAWR RD AT CENTRE AVE FS,38.26462271171305,93.96985832896446
S13740,11.629545454545454,CRAWFORD AVE AT MONTEREY ST,38.27950587885102,93.97433459098937
E70854,11.6250009,HAZELWOOD AVE AT SYLVAN AVE,38.294389045988986,93.9788091037957
E40310,11.61363695,MONTIER ST AT LABELLE AVE,38.30927221312695,93.98327924256886
E46700,11.60227292,PENN AVE OPP MURTLAND ST,38.32415538026492,93.987745007278
N44040,11.6022725,PERRYSVILLE AVE OPP #3000,38.339038547402886,93.99221077182548
E58385,11.597727272727274,WM PENN HWY AT DUFF RD,38.35392171454085,93.99667478689547
S25520,11.593181999999999,INTERBORO AVE AT MIFFLIN RD,38.36880488167882,94.00113705247045
E70367,11.584090999999999,FRANKSTOWN AVE AT BLACKADORE AVE,38.383688048816786,94.00559581888047
E70754,11.575,STRANAHAN ST OPP OBERLIN ST,38.39857121595475,94.0100510861255
S70566,11.575,LAYOVER - PENN STATE MCKEESPOR,38.41345438309272,94.01450635337054
N03630,11.574999749999998,W 7TH AVE AT CENTER ST,38.42833755023069,94.01896162051936
E18850,11.543182049999999,EUCLID AVE AT BUNKERHILL ST,38.44322071736865,94.0234046408987
N12360,11.543181818181818,BUTLER ST AT BRIDGE ST,38.45810388450662,94.02784766118882
E46920,11.527272499999999,PENN CENTER BLVD AT WM PENN HWY,38.472987051644594,94.032284557914
E35395,11.5227275,LIBERTY AVE OPP PACIFIC AVE,38.487870218782554,94.03671970524913
S70439,11.506818500000001,CHURCHVIEW AVE OPP SANKEY AVE,38.50275338592052,94.0411487291418
N21070,11.477272775,FREEPORT RD AT E OAK HILL RD,38.51763655305849,94.04556638075793
E18630,11.475,ELLSWORTH AVE OPP CLYDE ST,38.532519720196454,94.04998315757321
E70786,11.465909,DEVILLIERS ST AT WEBSTER AVE,38.54740288733443,94.05439643522352
E53180,11.420454549999999,STANTON AVE AT WOODBINE ST FS,38.56228605447239,94.05879221726067
S70382,11.415909090909093,RAVENSBURG BLVD AT HWY RT 885,38.577169221610355,94.0631862497311
S48530,11.415909,WEST ST OPP MUNHALL BORO BLDG,38.59205238874833,94.06758028216652
E04850,11.4136365,BAUM BLVD AT GRAHAM ST,38.60693555588629,94.07197343990691
S14237,11.4113635,CHALFONT ST AT DELMONT AVE,38.62181872302426,94.07636572275986
N12960,11.381818500000001,CALIFORNIA AVE AT PERROTT ST,38.63670189016223,94.08074663361533
N24020,11.38181818181818,GRANT AVE AT NORTH AVE,38.65158505730019,94.08512754434832
E55495,11.381817925,VERONA RD AT GIANT EAGLE DRIVEWAY,38.66646822443816,94.08950845498246
W03960,11.372727000000001,CHARTIERS AVE OPP MARLOW ST,38.68135139157612,94.0938858664805
W03640,11.363636,CHARTIERS AVE AT OLTMAN ST FS,38.696234558714096,94.09825977881358
W24260,11.35,WASHINGTON AVE AT MAIN ST,38.71111772585206,94.10262844259165
W70177,11.340907249999999,UNIVERSITY BLVD AT MOON PLAZA,38.72600089299002,94.10699360653118
W00470,11.3249995,4TH AVE OPP THORN RUN RD (OPP PARK AND RID,38.740884060127996,94.11135264750936
E18620,11.318182,ELLSWORTH AVE AT NEVILLE ST,38.75576722726596,94.11570906440248
N31590,11.3136361,MAIN ST AT POWERS ST,38.77065039440393,94.12006373155917
E28722,11.313634,HERRON AVE AT LIBERTY AVE,38.7855335615419,94.12441839790755
E26500,11.306818,HAMILTON AVE AT HALE ST,38.800416728679856,94.12877044074824
E45130,11.3045455,PAULSON AVE AT DEAN ST,38.81529989581783,94.13312160889392
W10370,11.304545454545448,ISLAND AVE AT CUTLER ST FS,38.8301830629558,94.1374727770221
E58350,11.295454545454547,WM PENN HWY AT CENTER RD FS,38.845066230093764,94.14182044602029
S31130,11.2840908,MAIN ST AT CAMBRIA ST,38.85994939723173,94.14616374106404
X02630,11.279545545,BOWER HILL RD OPP RALSTON PL,38.8748325643697,94.15050528661959
E46160,11.277272925,PENN AVE AT LEXINGTON ST,38.889715731507664,94.15484595743393
N12420,11.27727272727273,BUTLER ST AT HIGH ST,38.90459889864563,94.1591866281722
W70161,11.277272499999999,WASHINGTON AVE OPP DOLLAR TREE,38.9194820657836,94.16352729882296
S70270,11.268182,HWY RT 51 RAMP AT HWY RT 51 (STEPS),38.934365232921564,94.1678644705012
E08890,11.259091000000002,BRADDOCK AVE AT HENRIETTA ST,38.94924840005953,94.1721981430145
S48510,11.240909000000002,WEST ST OPP 21ST AVE,38.9641315671975,94.17652481719783
E10100,11.238636363636365,BRINTON RD AT COLUMBIA AVE,38.979014734335465,94.18085061663368
S27990,11.231818,LEBANON CHURCH RD AT PGH-MCKEESPORT BLVD FS,38.99389790147343,94.18517379165203
S70311,11.231818,MICHIGAN ST AT BELTZHOOVER AVE,39.0087810686114,94.1894969666704
E59650,11.22727275,WOODSTOCK AVE AT ORMOND ST,39.023664235749365,94.19381839220252
S08670,11.218181818181819,BROWNSVILLE RD AT KAUFMANN AVE FS,39.03854740288734,94.1981363185959
S00920,11.206818250000001,SECOND AVE AT RENOVA ST,39.0534305700253,94.20244987110306
W14450,11.19090885,MIDDLETOWN RD AT STRAKA ST FS,39.068313737163265,94.20675730001378
E17540,11.18409090909091,EDGEWOOD AVE AT GORDON ST,39.08319690430123,94.21106210466974
N12530,11.175,BUTLER ST AT WASHINGTON ST,39.0980800714392,94.21536341019572
X13390,11.1613635,PIONEER AVE AT BELLAIRE AVE,39.11296323857717,94.21965946697425
N08650,11.149999999999999,BEAVER ST AT SPENCER ST,39.12784640571513,94.2239511498928
N19550,11.11136363636364,FERGUSON RD AT MT ROYAL BLVD,39.1427295728531,94.22822796150892
W08075,11.106818,GREENTREE RD OPP MANORVIEW RD,39.15761273999107,94.2325030234901
E34750,11.1045455,LEMINGTON AVE AT LINCOLN AVE,39.17249590712903,94.23677721077624
E53000,11.077272749999999,STANTON AVE OPP HAWTHORNE ST,39.18737907426701,94.24104090066372
S70477,11.077272727272728,EDEN PARK BLVD AT MAYFAIR AVE,39.20226224140497,94.24530459054243
E13210,11.0727273,CENTRE AVE AT LOGAN ST FS,39.21714540854293,94.24956653086666
X70022,11.0681817,VIRGINIA AVE AT BIGHAM ST,39.23202857568091,94.25382672156991
N18420,11.056818044999998,E 7TH AVE AT WOOD ST,39.24691174281887,94.25808253835352
N31862,11.04772775,MARSHALL AVE OPP STAYTON ST,39.26179490995684,94.26233485624351
N20590,11.047727,FREEPORT RD AT ALPHA DR (RIDC PARK),39.27667807709481,94.26658717384481
X20080,11.01818181818182,WEST LIBERTY AVE AT KELTON AVE FS,39.29156124423277,94.27082811937868
N40310,11.004545454545454,OHIO RIVER BLVD OPP MONITOR AVE,39.30644441137074,94.27506381621757
E46220,11.002272999999999,PENN AVE AT MATHILDA ST,39.32132757850871,94.27929863837893
W21560,11.00000025,STEUBEN ST AT HERSCHEL ST FS,39.336210745646675,94.28353258574907
E37235,10.997727275,LONG RD AT DATURA DR,39.35109391278464,94.28776565824137
N18700,10.997727,EVERGREEN RD AT BAYTREE ST,39.3659770799226,94.2919987306278
W14310,10.99318175,MIDDLETOWN RD AT LADOGA ST,39.380860247060575,94.29623005352798
E23420,10.9863635,FRIENDSHIP AVE AT ATLANTIC AVE,39.39574341419854,94.30045875205442
S31555,10.98409,MAIN ST AT E OLIVER RD,39.41062658133651,94.30468657550095
X01970,10.9795455,BOGGS AVE OPP WYOMING ST,39.425509748474475,94.30891264974991
S70145,10.97500025,SECOND AVE OPP PGH TECH CTR (MIDDLE ACCESS RD,39.44039291561244,94.3131369745126
W17130,10.96818205,NOBLESTOWN RD AT #2212,39.45527608275041,94.3173586749208
N38540,10.963636363636361,NORTH AVE AT FREEMONT ALLEY,39.470159249888376,94.32157862567479
N31905,10.961363500000001,MATHIAS ST AT RHINE ST,39.48504241702634,94.3257977015938
X02670,10.95227285,BOWER HILL RD AT LAKEMONT DR (ST CLAIR HOSPITAL,39.49992558416431,94.33001327848257
E70973,10.9522725,FRANKSTOWN OPP HOCHBERG RD FS,39.514808751302276,94.33422885523659
S70480,10.950000000000001,UNIVERSITY DR AT EDEN PARK BLVD,39.52969191844024,94.33844355729562
E26550,10.9340905,HAMILTON AVE AT LANG AVE,39.54457508557821,94.34265213571972
W70175,10.93182045,UNIVERSITY BLVD OPP CARNOT RD,39.559458252716176,94.34685984039182
X02130,10.92045635,BOWER HILL RD AT HILLAIRE DR FS,39.57434141985414,94.35106317097298
W70043,10.913636499999999,PLEASANT RIDGE RD AT SENIOR HIGHRISE,39.58922458699211,94.35526387656456
E70938,10.9045455,CENTRE AVE AT ARTHUR ST,39.604107754130084,94.35946108299119
W07960,10.9022732,GRAND AVE AT PINE LN,39.61899092126804,94.36365741479977
E36097,10.89545435,LINCOLN AVE OPP WILTSIE ST,39.63387408840601,94.36785112200369
S00230,10.875,S 18TH ST AT JOSEPHINE ST,39.648757255543984,94.3720369562404
E21590,10.87045475,FRANKSTOWN RD OPP ERHARDT DR,39.663640422681944,94.37622104099083
S14784,10.870454545454546,DUQUESNE BLVD AT CENTER ST,39.67852358981992,94.38040512566253
S13871,10.8522725,CURRY HOLLOW RD AT ARBOR LN,39.69340675695788,94.38458221198681
W03860,10.849999999999978,CHARTIERS AVE OPP AMELIA ST,39.708289924095844,94.38875842361607
E70022,10.847727249999998,CENTRE AVE OPP WASHINGTON PLAZA,39.72317309123382,94.39293376045408
S14340,10.838636363636365,DESIDERIO BLVD AT WASHINGTON AVE,39.73805625837178,94.39710559817087
E32850,10.8295455,JONES AVE OPP HAWKINS AVE,39.75293942550975,94.40127393677515
W21410,10.82272785,STEUBEN ST AT ALEXANDER ST,39.76782259264772,94.40543965123668
N43830,10.81363645,PERRYSVILLE AVE AT #3835,39.78270575978568,94.40960186637926
W00590,10.797727272727272,5TH AVE AT LOCUST ST NS,39.79758892692365,94.41375795801115
X02680,10.790907275,BOWER HILL RD OPP SYLVANDELL DR FS,39.81247209406161,94.4179114245966
S10590,10.7863635,CAMFIELD ST AT BANDI AVE,39.827355261199585,94.42206314226351
E45700,10.7818181,PENN AVE AT ANGELA DR,39.84223842833755,94.42621311038644
E21362,10.76363655,FRANKSTOWN RD AT BARTHOLOMEW CHURCH DR,39.85712159547551,94.43035608035262
N38580,10.7386366,NORTH AVE AT JAMES ST,39.872004762613486,94.43448942773063
E59605,10.7363633,WOODSTOCK AVE OPP BELMAR PL,39.88688792975145,94.43862190010569
W08222,10.709090909090909,GREENTREE RD OPP CARNAHAN RD,39.90177109688942,94.44274387522027
E25368,10.7045455,GREENFIELD AVE OPP KEARCHER ST,39.916654264027386,94.44686410078737
E54600,10.69772725,TRENTON AVE AT SOUTH AVE,39.93153743116535,94.45098170198074
X18770,10.69090865,VIRGINIA AVE AT KEARSARGE ST,39.94642059830332,94.45509667866567
S70467,10.6681818,MOUNTAIN AVE AT FISHER ST,39.961303765441286,94.45920290768835
N32420,10.654545454545454,MCKNIGHT RD AT ARCADIA DR FS,39.97618693257925,94.46330388802306
W03310,10.6090911,CHARTIERS AVE AT CORLISS ST,39.99107009971722,94.46738737278137
E40375,10.600000045,MONTIER ST AT #1824,40.00595326685519,94.47146735835355
E70013,10.5954545,BAUM BLVD AT AIKEN AVE,40.02083643399315,94.47554559432592
E13310,10.5931815,CENTRE AVE AT CHAUNCEY ST,40.03571960113112,94.47962295541082
E70901,10.59090909090909,BRADDOCK AVE AT 9TH ST,40.05060276826909,94.48369944183568
W23196,10.5863636,SWALLOW HILL RD OPP THE KNOLLS,40.065485935407054,94.48777417868158
N18220,10.586363500000001,EAST ST OPP MT PLEASANT RD,40.08036910254502,94.49184891548899
E34150,10.575002275,LAKETON RD AT WINTON ST,40.09525226968299,94.49591927931206
E13260,10.575,CENTRE AVE AT BIGELOW BLVD,40.110135436820954,94.49998964225946
N25530,10.568182,HENDERSON ST OPP SANDUSKY CT,40.12501860395892,94.50405738092937
W03210,10.565909,CHARTIERS AVE AT ALLENDALE ST,40.13990177109689,94.50812424471181
E44970,10.5613635,PARK HILL DR AT WHITE PINE PL,40.154784938234855,94.51218935891175
W06780,10.552272649999999,FARONIA ST AT WYNETTE ST,40.16966810537282,94.51625097400449
S50330,10.545454545454545,YESTER SQ AT CRAWFORD VILLAGE PL,40.18455127251079,94.52030996477946
S70229,10.543181818181816,HOLLYROOD DR AT PROSPECT RD,40.199434439648755,94.52436808077195
W70176,10.540908649999999,UNIVERSITY BLVD AT ROBERT MORRIS,40.21431760678673,94.52842532181224
N31878,10.538636499999999,MARSHALL AVE OPP NEW HAMPSHIRE DR,40.22920077392469,94.53248168829221
E20930,10.534090974999998,FRANKSTOWN RD AT CRESCENT HILLS RD FS,40.244083941062655,94.53653630518008
N12850,10.529545500000001,CALIFORNIA AVE AT HALSEY PL FS,40.25896710820062,94.5405891724951
N15935,10.529545454545454,CUMBERLAND RD OPP LANCELOT DR,40.27385027533859,94.54464203979262
S70534,10.529545,CHURCHVIEW AVE AT SANKEY AVE,40.28873344247656,94.54869490691519
S70274,10.527273000000001,S 26TH ST AT JANE ST,40.30361660961452,94.5527468995352
N36600,10.520454375,MT ROYAL BLVD OPP MOREWOOD RD,40.31849977675249,94.55679626763711
N12645,10.511363999999999,CALIFORNIA AVE AT ANTRIM ST,40.33338294389046,94.56084213681464
S50370,10.50681818181818,YOUNG DR AT YESTER SQ,40.34826611102842,94.56488625628721
W25710,10.5,WINDGAP AVE AT CHARTIERS AVE,40.3631492781664,94.56892775141229
N43470,10.4977275,PERRYSVILLE AVE AT HAWKINS ST,40.378032445304356,94.57296837184236
E29365,10.495454575,PANTHER HOLLOW RD AT BARTLETT RD FS,40.39291561244232,94.57700811741384
E70019,10.4931821,EDGEWOOD AVE AT BRADDOCK AVE NS,40.4077987795803,94.58104698829992
E20650,10.493181700000001,FRANKSTOWN AVE AT STANDARD AVE,40.42268194671826,94.58508585903203
N18185,10.4568185,EAST ST AT VENTURE ST FS,40.43756511385623,94.58911073341221
E25365,10.452273,GREENFIELD AVE OPP GRAPHIC ST,40.4524482809942,94.59313385820988
E26460,10.4522727,HAMILTON AVE AT DALLAS AVE,40.46733144813216,94.59715698289209
E05910,10.4431815,BEECHWOOD BLVD AT DOUGLAS ST FS,40.48221461527013,94.60117660833234
E52380,10.431818175,SOUTH AVE AT COAL ST,40.4970977824081,94.60519185997998
E16580,10.420454500000002,DOBSON ST AT HANCOCK ST,40.511980949546064,94.60920273770026
E48641,10.4204545,ROBERTS ST AT WEBSTER AVE,40.52686411668403,94.61321361542055
E36035,10.418182074999999,LINCOLN AVE AT WILTSIE ST,40.54174728382199,94.61722361847468
E70974,10.4090905,ALCOMA BLVD AT #225,40.556630450959965,94.62123012214252
N14120,10.406818,CENTER AVE AT RIDGEWOOD AVE STEPS,40.57151361809793,94.62523575111534
N44810,10.4022726,PITTSBURGH ST AT PORTER ST,40.5863967852359,94.62923963054418
N13720,10.395455,CENTER AVE AT BRONX AVE,40.601279952373865,94.63324088584947
E54550,10.390909200000001,TRENTON AVE AT FRANKLIN AVE,40.61616311951183,94.63724039145681
S35231,10.3909088,MOUNTAINVIEW DR AT HOME DEPOT,40.6310462866498,94.6412398969102
N15910,10.381818181818181,CUMBERLAND RD AT LANCELOT DR,40.645929453787765,94.64523590334555
S09490,10.379545454545454,BROWNSVILLE RD OPP HILLMAN ST,40.66081262092573,94.64923103499842
W15700,10.37045445,MOYER ST AT ALLENDALE ST,40.6756957880637,94.65322266748458
E55550,10.3704532,VERONA RD AT POKETA RD,40.690578955201666,94.65721429948961
W70084,10.34772675,STANHOPE ST AT CHARTIERS AVE FS (SUNOCO),40.70546212233963,94.66119718398637
S31500,10.3431817,MAIN ST AT N LEHIGH AVE,40.7203452894776,94.66517831907385
X09330,10.334090775,LABELLE ST AT VIRGINIA AVE,40.735228456615566,94.6691559550252
E70268,10.3318185,LARIMER AVE AT MEADOW ST,40.75011162375353,94.67313271636817
E38715,10.325,MAPLE AVE AT JAMES ST,40.7649947908915,94.67710685324118
E46720,10.325,PENN AVE OPP PEARL ST,40.77987795802947,94.68108099011418
N54530,10.3227275,WILSON AVE AT PERRYSVILLE AVE,40.79476112516743,94.68505425229216
E25050,10.3204545,GRANT ST AT TRI-BORO EXPWY,40.8096442923054,94.68902663958268
E20320,10.311364,FRANKSTOWN AVE AT BENNETT ST FS,40.82452745944337,94.69299552790069
S47030,10.30454545454545,WALNUT ST AT 5TH AVE FS,40.83941062658133,94.69696179173124
N33570,10.299999999999999,MERCHANT ST AT 3RD ST,40.85429379371931,94.70092630599679
S70295,10.29772727272727,MONONGAHELA AVE AT 5TH ST,40.86917696085727,94.70488994547986
W21480,10.2954541,STEUBEN ST AT DEXTER ST,40.884060127995234,94.70885271000898
N33677,10.28409090909091,MERCHANT ST AT VALLEY RD,40.89894329513321,94.71281110079708
E36330,10.272727275000001,LINCOLN HWY AT LINCOLN SQ SR CITIZEN HOME,40.91382646227117,94.71676511767359
S00840,10.270454545,SECOND AVE AT HAZELWOOD AVE,40.92870962940914,94.72071825976654
S48700,10.259090545,WHITAKER ST OPP OAK ST,40.94359279654711,94.72466702780707
E44620,10.2431815,ORION ST AT MILWAUKEE ST,40.95847596368507,94.7286096723878
N08160,10.236364000000002,BEAVER ST AT ACADEMY AVE,40.97335913082304,94.73254969288348
E46880,10.2363634,PENN CENTER BLVD AT BLDG #3,40.988242297961,94.73648971314822
N28970,10.231818181818205,KENDALL AVE OPP WATSON AVE,41.003125465098975,94.74042798393894
W00450,10.22272727272727,4TH AVE OPP LOCUST ST,41.01800863223694,94.74436275559968
E59230,10.2227271,WM PENN HWY OPP PENN CENTER BLVD,41.0328917993749,94.74829752719394
E09900,10.2204543,BRINTON AVE OPP BOWERS ST,41.047774966512875,94.75223142397772
N20835,10.2159095,PITTSBURGH ST AT BUTLER ST,41.06265813365084,94.75616357144844
S70421,10.202272727272728,WATERFRONT DR AT COMMONWEALTH BANK DR FS,41.07754130078881,94.76009047006674
E40290,10.19090885,MONTIER ST AT HERR ST,41.092424467926776,94.76401299467983
N08610,10.186363636363616,BEAVER ST AT #305,41.107307635064736,94.76793376982066
N17350,10.177273,EAST OHIO ST AT HEINZ ST,41.12219080220271,94.7718510459365
W24780,10.168181818181818,WASHINGTON PIKE AT MAYER ST,41.137073969340676,94.77576482281737
E34160,10.1522726,LAKETON RD AT WOODGATE RD,41.15195713647864,94.7796724761718
E70801,10.14090925,PENN AVE AT DALLAS AVE,41.16684030361661,94.78357575572399
E20390,10.1386364,FRANKSTOWN AVE AT EAST VIEW ST,41.18172347075458,94.78747816044641
E03900,10.125,ALLEQUIPPA ST OPP DARRAGH ST,41.19660663789254,94.79137531645989
E08056,10.118182000000001,BLACK ST AT AIKEN AVE,41.21148980503051,94.79526984819587
N24040,10.106818181818186,GRANT AVE OPP SCHOOL ST,41.22637297216848,94.79916000594939
E53740,10.09999985,SWISSVALE AVE AT PARK AVE,41.241256139306444,94.8030475392977
E11550,10.097727,BUTLER ST AT 35TH ST,41.25613930644441,94.80693419781626
N44530,10.093182,PITTSBURGH ST AT COLFAX ST FS,41.27102247358238,94.8108191069448
W17820,10.093181999999999,NOBLESTOWN RD OPP HAWTHORNE ST,41.285905640720344,94.81470401607334
E58360,10.081818181818186,WILLIAM PENN HWY AT CHURCHILL BORO BLDG,41.30078880785831,94.81858455121942
X01870,10.077273199999999,BOGGS AVE AT DEWITT ST FS,41.31567197499628,94.82246333698247
E06370,10.07727282,BEELER ST OPP BEELERMONT PL,41.330555142134244,94.82634212259924
X11175,10.0772725,EBEN ST AT SHIRE PL,41.34543830927221,94.83022090809287
E29363,10.0727275,HILLCREST ST AT AIKEN AVE,41.36032147641018,94.83409794419644
E08185,10.07045475,BLVD OF ALLIES OPP HALKET ST,41.375204643548145,94.83797410550878
E56000,10.0613639,WALLACE AVE AT COAL ST,41.39008781068611,94.84184676771388
X00390,10.0568185,BAILEY AVE AT RUTH ST,41.40497097782408,94.84571768037499
E59630,10.052272625,WOODSTOCK AVE AT MELROSE ST,41.419854144962045,94.84958684330927
W25550,10.045454545454545,WHITE AVE AT STOTZ AVE FS,41.43473731210001,94.85345338193544
E59590,10.0386362,WOODSTOCK AVE AT ARDMORE ST,41.44962047923798,94.85731729615114
W03390,10.0272729,CHARTIERS AVE AT FAIRDALE ST,41.46450364637595,94.86117683658384
E50260,10.025,SALTSBURG RD AT UNIVERSAL RD,41.47938681351391,94.86503550216754
W00800,10.0204545,ALLENDALE CIR AT #3728,41.49426998065188,94.86889241816877
N39630,10.013636363636365,OHIO RIVER BLVD AT EAT-N-PARK,41.50915314778985,94.87274670984002
E70866,10.009091,REED ST AT ADDISON ST,41.52403631492781,94.87659925198128
E20750,10.006817999999999,FRANKSTOWN AVE OPP FINLEY ST FS,41.538919482065786,94.88045091923505
N39760,9.988636363636363,OHIO RIVER BLVD AT KENDALL AVE,41.553802649203746,94.88429558829885
E04890,9.9863635,BAUM BLVD AT MELWOOD AVE,41.56868581634171,94.88813938252767
E08046,9.984091,BLACK ST AT NEGLEY AVE,41.58356898347969,94.89198230206148
E14134,9.984090775,CHASKE ST OPP CROSS ST,41.598452150617646,94.89582522150867
E46310,9.965909,PENN AVE AT PEARL ST,41.61333531775562,94.89966114271253
W03840,9.9636365,CHARTIERS AVE AT WINDGAP AVE,41.62821848489359,94.90349618922139
E37290,9.9636363,LONG RD AT PARIS RD,41.64310165203155,94.90733123565325
N33675,9.961363636363638,MERCHANT ST OPP VALLEY RD,41.65798481916952,94.91116540732712
E70343,9.952273,STRANAHAN ST AT OBERLIN ST,41.67286798630749,94.91499607997598
E53730,9.9522725,SWISSVALE AVE AT NORTH AVE,41.687751153445454,94.91882675243238
W07190,9.947727272727272,FOREST GROVE RD AT FAIRHAVEN RD,41.70263432058342,94.92265567541128
N32410,9.927272727272726,MCKNIGHT RD AT ARCADIA DR,41.71751748772138,94.92647672534773
N71213,9.92500025,CORBETT CT AT CORBETT TOWERS,41.732400654859354,94.93029690059791
X01290,9.924999999999999,BELTZHOOVER AVE AT WARRINGTON AVE,41.74728382199732,94.93411707575186
N40425,9.918182045,OLD FREEPORT RD AT CHAPEL HARBOR DR,41.76216698913529,94.93793462664563
W22010,9.9159092,STEUBEN ST OPP OBEY ST,41.777050156273255,94.94175130271158
E29860,9.915909000000001,HOMEWOOD AVE AT MT VERNON ST,41.79193332341122,94.94556797870058
N03660,9.906818375,W 7TH AVE AT GRANTHAM ST,41.80681649054919,94.94938115566892
E36110,9.90454535,LINCOLN HWY AT 3RD ST,41.821699657687155,94.95319345774018
E70396,9.8886363,MOSSFIELD ST OPP AZURE ST FS,41.83658282482512,94.95699963634972
S42460,9.8818182,SOUTH BUSWAY OPP PIONEER AVE RAMP,41.85146599196309,94.96080319064328
E59140,9.879545245,WM PENN HWY OPP KINGSTON DR,41.866349159101055,94.96460587006668
W70131,9.87272745,STEUBENVILLE PIKE OPP HIGHTOWER BLVD,41.88123232623902,94.9684059252915
N13120,9.868182000000001,CALIFORNIA AVE OPP ANTRIM ST,41.89611549337699,94.97220423095307
E35393,9.868181499999999,LIBERTY AVE AT PACIFIC AVE,41.910998660514956,94.97600253642219
N50280,9.8636362,SOUTH SIDE AVE OPP LUELLA ST,41.92588182765292,94.9797990923858
S27320,9.859090909090908,KENNEDY AVE AT PETER ST,41.94076499479089,94.9835938988474
W22720,9.856818275,STEUBENVILLE PIKE OPP N FAYETTE VFD,41.95564816192886,94.98738783056238
N31700,9.85681825,MAIN ST OPP 17TH ST,41.97053132906682,94.99118176226776
E25352,9.85,GREENFIELD AVE AT HOOSAC ST,41.98541449620479,94.99497306959938
S21450,9.84090915,GREENSPRINGS AVE AT MUNICIPAL BLDG,42.00029766334276,94.99876087782377
E06250,9.831817850000002,BEECHWOOD BLVD OPP LORETTA ST,42.01518083048072,95.00254518676773
E32227,9.829545275,IMOGENE RD AT BROWNS HILL RD,42.0300639976187,95.0063286209878
X04615,9.827273,COCHRAN RD OPP ROESSLER RD,42.04494716475666,95.01011118059945
E03940,9.825000000000001,ALLEQUIPPA ST AT SUTHERLAND DR (PETERSEN CTR),42.059830331894624,95.01389286532365
E33940,9.815909045,LAKETON RD AT GRAHAM BLVD,42.0747134990326,95.01767105090019
E27530,9.815909,HAWKINS AVE AT #552,42.08959666617056,95.0214492364594
E25075,9.8136365,GREENFIELD AVE OPP FRANK ST (#912),42.10447983330853,95.02522654732361
W03400,9.8090905,CHARTIERS AVE OPP FURMAN WAY FS,42.11936300044649,95.02900210841288
E70001,9.8,BUTLER ST AT 38TH ST,42.13424616758446,95.03277417052963
E25200,9.797727499999999,GREENFIELD AVE AT DELEVAN ST,42.14912933472243,95.03654535795137
E55130,9.7886366,UNIVERSAL RD AT SALTSBURG RD,42.16401250186039,95.04031304624661
N31856,9.772727275000001,MARSHALL AVE AT NEW HAMPSHIRE DR,42.178895668998365,95.0440746109743
W14300,9.768182,MIDDLETOWN RD AT JUSTINE ST,42.19377883613633,95.04783442620611
N70023,9.759090909090913,PEEBLES RD AT VINCENTIAN DRVWY FS,42.20866200327429,95.05159074223796
W20190,9.743181818181817,E RAILROAD ST AT 4TH ST,42.223545170412265,95.05534093479234
E28620,9.7318184,HAZELWOOD AVE AT #737,42.23842833755023,95.05908675351824
N49620,9.727273,SHADELAND AVE OPP GEYER AVE,42.2533115046882,95.06283082270014
E70886,9.725000045,HOBART RD AT GREENFIELD RD FS,42.268194671826166,95.06657401701189
N31907,9.725000045,MATHIAS ST AT SOUTH SIDE AVE,42.283077838964125,95.07031721132363
W14550,9.725000000000001,MIDDLETOWN RD OPP MARTERA PL,42.2979610061021,95.07406040561806
W10290,9.725,ISLAND AVE AT BOUQUET ST,42.312844173240066,95.07780359991249
S16520,9.72045465,E CARSON ST OPP ARLINGTON AVE,42.32772734037803,95.08154504468216
W25670,9.711363500000001,WINDGAP AVE AT BELHURST AVE,42.342610507516,95.08528299022913
E11860,9.706818100000001,BUTLER ST AT 57TH ST,42.357493674653966,95.08901918623212
E04740,9.702273000000002,BALDRIDGE AVE AT 6TH ST FS (SR HI-RISE),42.37237684179193,95.09275363280658
S70271,9.7022725,PARSE WAY AT MT LEBANON STATION,42.3872600089299,95.09648807918857
N14730,9.6886364,N CHARLES ST OPP KENN AVE,42.40214317606787,95.10021727697709
N13143,9.6795455,CALIFORNIA AVE OPP BOSTON ST,42.41702634320583,95.10394297563913
N22400,9.679545454545458,FREEPORT RD OPP GUYS RUN RD,42.4319095103438,95.10766867428366
N24220,9.679545454545453,GRANT AVE AT LINCOLN AVE,42.44679267748177,95.11139437292819
E25358,9.67500015,GREENFIELD AVE AT WINDSOR ST FS,42.461675844619734,95.11511832206546
X18810,9.668181500000001,VIRGINIA AVE AT MAPLE TERRACE,42.4765590117577,95.11883964667504
N71317,9.665909500000001,MCINTYRE SQUARE DR OPP OLIVE GARDEN,42.49144217889567,95.12256009678208
E70777,9.665909,BEDFORD AVE AT HERRON AVE FS,42.506325346033634,95.12628054669666
E28705,9.663637999999999,HERRON AVE AT DOBSON ST,42.5212085131716,95.13000012249357
E34275,9.661364,LARIMER AVE AT AUBURN ST,42.53609168030957,95.13371882301811
X13710,9.6613635,PIONEER AVE OPP GALLION AVE,42.550974847447534,95.13743752335021
W22120,9.661363349999998,STEUBENVILLE PIKE AT CAMPBELLS RUN RD FS,42.5658580145855,95.14115622362456
W20140,9.659090909090914,E RAILROAD ST AT 1ST ST,42.58074118172347,95.14487404922664
S23540,9.6499995,HWY RT 51 AT BOROUGH PARK DR,42.595624348861435,95.14858837550629
E70031,9.6454545,ALLEGHENY AVE OPP CALIFORNIA AVE,42.6105075159994,95.1523009523959
E30240,9.640909090909092,HUTCHINSON ST AT BRADDOCK AVE,42.62539068313737,95.15601177973802
N20750,9.63181818181818,FREEPORT ST AT BRIDGE ST,42.64027385027534,95.15971910795017
N31780,9.618182000000001,MAIN ST AT #1841,42.6551570174133,95.16342118753734
E70858,9.613636363636365,BRADDOCK TERMINAL - NO STOP,42.67004018455127,95.16712151748953
E70857,9.611363775000001,UNIVERSAL RD AT SALTSBURG RD FS,42.68492335168924,95.1708209727126
N31810,9.604545524999999,MANHATTAN ST AT N FRANKLIN ST,42.6998065188272,95.17451780356193
E37280,9.529545274999998,LONG RD AT JOAN DR,42.714689685965176,95.17818576649272
W17160,9.5181819,NOBLESTOWN RD OPP HOLIDAY DR,42.729572853103136,95.18184935561163
N38150,9.515909,NORTH HILLS VILLAGE AT TARGET,42.7444560202411,95.18551206988157
E51400,9.5,SHADY AVE AT NORTHUMBERLAND ST,42.75933918737908,95.18916866070903
E51190,9.493181875000001,SCHOYER AVE OPP TONETTE ST,42.774222354517036,95.19282262721087
S31340,9.4931817,MAIN ST AT HOMESTEAD DUQUESNE RD,42.78910552165501,95.19647659364536
N38430,9.479545454545455,NORTH AVE AT ELIZABETH ST,42.80398868879298,95.20012531143037
W70113,9.46136365,JEFFERS ST OPP FADETTE ST,42.81887185593094,95.20376703096068
S28060,9.461363625,LEBANON CHURCH RD AT REGIS AVE,42.83375502306891,95.20740875048136
E26560,9.459091,HAMILTON AVE AT LANG AVE,42.84863819020687,95.21104959525891
N44980,9.456818181818182,PITTSBURGH ST OPP HILL AVE,42.863521357344844,95.21468956521898
N44030,9.45454565,PERRYSVILLE AVE AT KOERNER AVE,42.87840452448281,95.21832866047177
S38670,9.454545450000001,PENNSYLVANIA AVE AT TAFT AVE,42.89328769162077,95.22196775564758
S27350,9.436363636363637,KENNEDY AVE OPP WILMOT ST,42.908170858758744,95.2255998525652
X08925,9.42727285,KATHLEEN ST AT HABERMAN AVE,42.92305402589671,95.22922845040007
E59580,9.42727285,WOODSTOCK AVE AT ARDMORE ST,42.93793719303468,95.23285704823495
E55010,9.422727275,UNITY TRESTLE RD OPP UNIVERSAL RD,42.952820360172645,95.23648389645847
X03430,9.422725,BROOKLINE BLVD OPP #1439,42.96770352731061,95.24011074380634
S42440,9.4136366,SOUTH BUSWAY AT INGLEWOOD SHELTER,42.98258669444858,95.24373409298997
N22590,9.411363636363632,FREEPORT RD OPP PEARL AVE,42.997469861586545,95.24735656730014
E51390,9.4113635,SHADY AVE AT NORTHUMBERLAND ST,43.01235302872451,95.25097904155783
E70421,9.402272900000002,FRANKSTOWN AVE AT GERRITT ST,43.02723619586248,95.25459801680452
N36460,9.40000015,MT ROYAL BLVD OPP CAMPBELL PL,43.042119363000445,95.25821611725995
E32308,9.4,JAMES ST OPP CAROTHERS DR,43.05700253013841,95.26183421765764
N22320,9.39772727272727,FREEPORT RD OPP EASTERN AVE,43.07188569727638,95.26545144327284
E57180,9.390908999999999,WHIPPLE ST AT NEVADA ST,43.086768864414346,95.26906604450558
S48787,9.38863665,WHITAKER ST AT OAK ST,43.10165203155231,95.27267977110102
E70002,9.3772725,16TH ST AT PENN AVE,43.11653519869028,95.2762891235863
E70399,9.372727000000001,MOSSFIELD ST AT AZURE ST,43.131418365828246,95.27989672648908
E70276,9.3659088,LEECHBURG RD AT SALTSBURG RD FS,43.14630153296621,95.2835017050374
W03630,9.35454525,CHARTIERS AVE AT OLTMAN ST,43.16118470010418,95.28710230970647
W08067,9.352272750000001,GREENTREE RD AT MANOR CARE DRIVEWAY,43.176067867242146,95.29070203968053
W26200,9.352272727272725,W PROSPECT AVE AT BERRY ST NS,43.19095103438011,95.29430176964584
E53760,9.35227235,SWISSVALE AVE AT PENN AVE FS,43.20583420151809,95.29790149946594
E54900,9.340909275,UNITY TRESTLE RD AT EAST ALLEY NS,43.22071736865605,95.30149685558963
N70102,9.315909,PARKER ST AT KOEHLER ST FS,43.23560053579401,95.30508258900004
E21280,9.2977275,FRANKSTOWN RD AT RITZLAND RD,43.25048370293199,95.30866132427296
E51037,9.286363674999999,SAVANNAH AVE AT WHITNEY AVE,43.26536687006995,95.3122356855608
N20120,9.2863635,FOREST AVE AT RAVENSWOOD AVE,43.28025003720792,95.31581004678127
E25100,9.2818182,GREENFIELD AVE AT DELEVAN ST,43.29513320434588,95.31938265849624
S70373,9.281818181818185,OHIO AVE OPP BROADWAY ST,43.31001637148385,95.32295527020422
E17330,9.27954545,EAST HILLS DR AT WILNER DR,43.32489953862182,95.32652700712796
N03710,9.279545275,W 7TH AVE AT WESTERN ST,43.33978270575978,95.33009874398434
S70500,9.27045475,SPENCER AVE AT STEINER ST,43.354665872897755,95.33366698185857
E09880,9.2636362,BRINTON AVE AT SHERIDAN ST,43.36954904003572,95.3372325952436
E70292,9.259091,HAMILTON AVE AT OAKWOOD ST,43.38443220717368,95.34079645916164
N14027,9.2568185,CENTER AVE AT PRINCETON AVE,43.399315374311655,95.34435944838464
E55560,9.256818,VERONA RD AT POKETA RD,43.414198541449615,95.34792243741519
S31470,9.25454565,MAIN ST AT MARION ST,43.42908170858759,95.35148455180847
E25085,9.2522725,GREENFIELD AVE AT IRVINE ST,43.443964875725555,95.35504579125653
W07510,9.245454545454544,FOSTER AVE AT SR CITIZEN BLDG,43.458848042863515,95.3586044064446
E70388,9.245454545000001,LEECHBURG RD OPP SUTTON DR,43.47373121000149,95.36216302163248
W70039,9.245454500000001,PLEASANT RIDGE RD OPP OAK DR,43.488614377139456,95.36572163680304
E53240,9.2431815,STATION ST OPP HERMAN AVE,43.50349754427742,95.36927937708616
W21960,9.2409092,STEUBEN ST OPP HERSCHEL ST,43.51838071141539,95.37283624275122
W24740,9.240909090909094,WASHINGTON AVE AT CHARTIERS ST FS,43.533263878553356,95.37639310837429
N21440,9.24090909090909,FREEPORT RD AT MCKINLEY AVE,43.54814704569132,95.37994997399736
E35210,9.23636375,LIBERTY AVE AT CANOE WAY,43.56303021282929,95.38350509009919
E45650,9.2272725,PENN AVE AT FIFTH AVE,43.577913379967256,95.38705670693982
E70765,9.2249996,4TH AVE AT DUQUESNE ST,43.59279654710522,95.39060744893148
E34720,9.209091375,LEECHBURG RD AT SUTTON DR,43.60767971424319,95.39415206777895
X01610,9.2045455,BEVERLY RD AT PARKER DR,43.62256288138116,95.3976949368996
E70032,9.1909091,ALLEGHENY AVE AT WASHINGTON AVE,43.637446048519124,95.4012325573113
W21840,9.188636363636364,STEUBEN ST AT STRATMORE ST FS,43.65232921565709,95.404769302937
N20050,9.18409090909091,FOREST AVE AT CAROLYN AVE FS,43.66721238279506,95.4083042989977
N43820,9.18409075,PERRYSVILLE AVE AT #3820,43.682095549933024,95.41183929499718
N20760,9.168181818181814,FREEPORT ST AT GARDEN ALLEY,43.696978717071,95.41536816758043
W07850,9.165909,GRAND AVE AT ARMY CORP OF ENGINEERS,43.71186188420896,95.41889616534618
E28660,9.1659088,HAZELWOOD AVE OPP #711,43.726745051346924,95.42242416303498
W14360,9.156818150000001,MIDDLETOWN RD AT MUTUAL ST,43.74162821848489,95.4259486616935
E70956,9.152272499999999,BRADDOCK AVE AT GUTHRIE ST,43.75651138562286,95.42947141071181
W20180,9.147727272727273,E RAILROAD ST AT 4TH ST,43.77139455276083,95.43299241025261
E70116,9.147727272727273,FRANKSTOWN RD AT EAST HILLS DR NS,43.78627771989879,95.4365134097934
N10946,9.136363399999999,BROAD ST AT BEAVER ST,43.80116088703676,95.44003003533076
E17620,9.129545454545454,EDGEWOOD AVE OPP COLUMBIA AVE,43.81604405417473,95.4435440366116
E70267,9.125,LARIMER AVE AT MEADOW ST,43.83092722131269,95.44705628832745
S27310,9.120454545454548,KENNEDY AVE AT PETER ST,43.845810388450666,95.4505667904783
E70846,9.1181815,HAZELWOOD AVE AT SABINA ST,43.860693555588625,95.45407641772421
N49510,9.115909,SHADELAND AVE AT HARBISON ST FS,43.87557672272659,95.45758517027508
N70210,9.115908999999998,FELICITY RD AT KANE CTR (STAFF ENTRANCE),43.890459889864566,95.46109392282595
N13605,9.1113635,CEDAR AVE OPP FORELAND ST,43.905343057002526,95.46460092579436
S48745,9.1022728,WHITAKER ST AT GRANT AVE,43.9202262241405,95.46810442971325
X13771,9.1,PIONEER AVE RAMP AT PIONEER AVE,43.935109391278466,95.47160705882166
S04500,9.095454499999999,ARLINGTON AVE AT KOEHLER ST,43.949992558416426,95.47510793834759
E51050,9.086364,SCHENLEY AVE AT FERN CIR,43.9648757255544,95.47860531890099
W08580,9.07727272727273,HELEN ST AT SPROUL ST FS,43.97975889269237,95.48209920018445
E70021,9.0727274,OAKWOOD ST AT NIMICK PL,43.99464205983033,95.48559133195191
N49480,9.07045475,SHADELAND AVE AT DAVIS AVE FS,44.0095252269683,95.48908258896662
E70881,9.070454545,GREENSBURG PIKE OPP VERSAILLES CASTLE APTS,44.02440839410626,95.49257384590243
W10520,9.0704545,ISLAND AVE AT TUNNEL WAY,44.039291561244234,95.49606510282092
E20055,9.068182,FORWARD AVE AT MURRAY AVE,44.0541747283822,95.49955548504438
S08590,9.068181818181817,BROWNSVILLE RD AT HILLMAN ST FS,44.06905789552017,95.50304586719787
S11420,9.068181749999999,CHARLES ST AT GEORGIA AVE,44.083941062658134,95.50653624932511
S04430,9.063636500000001,ARLINGTON AVE AT FREELAND ST,44.0988242297961,95.51002488196609
N15010,9.0636365,CHESTNUT ST AT ZONA WAY,44.11370739693407,95.51351351460707
S23970,9.06136425,HWY RT 51 AT NURNBERGER DR,44.128590564072034,95.51700127264925
N14080,9.05681815,CENTER AVE AT PRINCETON AVE,44.14347373121,95.52048728087804
S08270,9.054545454545451,BROWNSVILLE RD AT W BRENTRIDGE AVE FS,44.15835689834797,95.52397241433655
E26610,9.05454525,HAMILTON AVE AT MURTLAND ST,44.173240065485935,95.52745754771634
S70640,9.04545454545455,KENNEDY AVE AT AURILES ST,44.1881232326239,95.53093918204488
E58575,9.040909090909087,WM PENN HWY AT MCCREA DR,44.20300639976187,95.53441906680843
N32650,9.04090909,MCKNIGHT RD AT HOUSTON RD FS,44.217889566899835,95.53789895157162
E70364,9.0386364,UNITY TRESTLE RD AT UNIVERSAL RD,44.2327727340378,95.54137796156667
W07690,9.038636,GRAND AVE AT GIBSON LN,44.24765590117577,95.54485697140777
N35560,9.0250001,MT PLEASANT RD AT #305,44.262539068313735,95.54833073273234
S70598,9.024999999999999,LARGE PARK-AND-RIDE OUTBOUND P,44.2774222354517,95.55180449401843
E39560,9.022727415,MONONGAHELA AVE AT IRVINE ST,44.29230540258967,95.55527738057677
S70188,9.01590909090909,KENNEDY AVE AT 2ND ST,44.307188569727636,95.55874764273288
E02770,9.0090913,ABER RD AT GROVE RD,44.3220717368656,95.56221528069196
E32450,9.009090775,JANCEY ST AT STANTON AVE,44.33695490400357,95.56568291844899
E57770,9.0068182,WILKINS AVE OPP WOODLAND RD,44.351838071141536,95.56914968148212
E70030,9.004545299999998,ALLEGHENY AVE OPP COLLEGE AVE,44.3667212382795,95.57261556966627
X12689,8.972727272727273,OXFORD DR OPP GIANT EAGLE,44.38160440541748,95.57606921095497
W24290,8.970454545454544,WASHINGTON AVE AT MARSHALL AVE FS,44.396487572555436,95.57952197746118
E29730,8.970454499999999,HOMEWOOD AVE AT HAMILTON AVE,44.4113707396934,95.5829747439499
X02190,8.961363500000001,BOWER HILL RD AT MARLIN DR,44.42625390683137,95.58642401127368
E52740,8.95909085,STANTON AVE AT MCCANDLESS AVE FS,44.44113707396934,95.58987240384467
N17880,8.956818000000002,EAST ST AT MT PLEASANT RD,44.45602024110731,95.59331992158594
E58665,8.947726875,WM PENN HWY AT OLD GATE RD,44.47090340824527,95.59676394011412
S06275,8.9431815,BELTZHOOVER AVE AT CEDARHURST ST,44.48578657538324,95.60020620910794
E55303,8.940909000000001,HIGHLAND DR OPP JOB CORPS DR,44.50066974252121,95.60364760340674
E35970,8.940909,LINCOLN AVE OPP MAYFLOWER ST (#408),44.51555290965917,95.60708899770553
E70900,8.938636363636366,BRADDOCK AVE AT LIBRARY ST,44.530436076797145,95.61052951725682
S29255,8.938636363636359,LIBRARY PL AT 1ST ST,44.54531924393511,95.6139700368081
N31290,8.936363700000001,LOWRIE ST AT LEY ST,44.56020241107307,95.6174096816014
E55370,8.931818044999998,VERONA RD AT 2ND ST,44.575085578211045,95.62084757675254
E46890,8.927272799999999,PENN CENTER BLVD OPP BLDG #7,44.589968745349005,95.62428372241936
W17093,8.922727,NOBLESTOWN RD OPP #2120 (SHOP-N-SAVE DR #2),44.60485191248698,95.62771811838822
N15030,8.918182,CHESTNUT ST AT TRIPOLI ST FS,44.619735079624945,95.63115076496705
S70250,8.91136385,CHALFONT ST AT CURTIN AVE FS,44.634618246762905,95.63458078721062
W14490,8.897727399999999,MIDDLETOWN RD AT TYNDALL ST,44.64950141390088,95.638005560726
X19390,8.886363450000001,WASHINGTON RD AT ABBEYVILLE RD,44.664384581038846,95.6414259602082
S13873,8.884091,CURRY HOLLOW RD AT GREEN DR,44.67926774817681,95.64484548501461
S70312,8.884091,BELTZHOOVER AVE AT RENTZ WAY,44.69415091531478,95.64826500982103
E46500,8.879545275,PENN AVE AT SUMMIT ST,44.709034082452746,95.65168278495835
E07915,8.8772725,BIGELOW ST OPP TESLA ST,44.72391724959071,95.65509968529481
W14390,8.865908999999998,MIDDLETOWN RD AT #2847,44.73880041672868,95.65851221177128
W20220,8.863636363636362,E RAILROAD ST AT COLLIER AVE,44.753683583866646,95.66192386350025
N71340,8.859091,PERRY HWY AT OLD PERRYSVILLE RD FS,44.76856675100461,95.66533376569922
E70039,8.852273,FRANKSTOWN RD OPP RITZLAND RD FS,44.78344991814258,95.6687410436207
W24380,8.847727272727269,WASHINGTON AVE OPP ACADEMY ST,44.79833308528055,95.67214657187219
S70335,8.845454545454544,MONONGAHELA AVE AT 4TH ST,44.81321625241851,95.67555122534121
X08113,8.84318181818182,HIGHLAND RD AT OXFORD DR,44.82809941955648,95.67895500402773
E32460,8.829545375,JANCEY ST AT VETTER ST,44.84298258669445,95.68235353398866
E05960,8.82727285,BEECHWOOD BLVD AT HAZELWOOD AVE,44.857865753832414,95.68575118924497
E09810,8.8272725,BRINTON AVE AT PALLAS ST,44.87274892097038,95.68914884436653
N53753,8.825,WESTERN AVE AT MANHATTAN ST FS,44.88763208810835,95.6925456247931
N70104,8.811363374999999,MCKNIGHT RD AT ROSS PARK MALL DR FS (SELF STO,44.902515255246314,95.6959371564241
E32240,8.809090999999999,IOWA ST OPP CLARISSA ST,44.91739842238428,95.69932781340819
X02330,8.806818150000002,BOWER HILL RD OPP RUTH ST,44.93228158952225,95.70271759556255
E32345,8.802273,JANCEY ST AT BAKER ST,44.94716475666022,95.70610562826914
E56800,8.7863635,WEBSTER AVE AT ORION ST,44.96204792379818,95.7094875373408
N31845,8.781818000000001,MARSHALL AVE AT CALIFORNIA AVE,44.97693109093615,95.71286769682999
S70496,8.779545454545454,CHURCHVIEW AVE AT GLASS RUN RD FS,44.99181425807412,95.71624698160666
E06650,8.777272775,BELLEFIELD AVE AT 5TH AVE,45.00669742521208,95.7196253916192
W26186,8.7772725,W PROSPECT AVE AT ALLEGHENY VALLEY SCHOOL,45.021580592350055,95.7230038015259
E32737,8.772727295000001,JOHNSTON AVE OPP #857,45.036463759488015,95.72638046196367
X19920,8.77045475,WEST LIBERTY AVE AT BELLE ISLE AVE,45.05134692662598,95.72975624768908
X02430,8.770454545,BOWER HILL RD AT SYLVANDELL DR,45.066230093763956,95.7331320333356
E17970,8.7704545,ELECTRIC AVE AT NORTH AVE,45.081113260901915,95.73650781896478
X02170,8.7704545,BOWER HILL RD AT LONGRIDGE DR,45.09599642803989,95.73988360459398
S34360,8.7613635,BUTTERMILK HOLLOW RD OPP NAUGLE ST,45.110879595177856,95.74325589105821
E20850,8.7522725,FRANKSTOWN RD AT BON AIR RD FS,45.125762762315816,95.74662467835746
E54400,8.7500002,TILBURY AVE AT FORWARD AVE,45.14064592945379,95.74999259103869
X01600,8.745454500000001,BEVERLY RD AT OVERLOOK DR,45.15552909659175,95.75335875406043
W26240,8.743181818181819,W PROSPECT AVE AT INGRAM AVE,45.17041226372972,95.7567240423172
N24090,8.734090909090906,GRANT AVE AT SHERMAN ST,45.18529543086769,95.76008583144399
W70171,8.729545454545455,CHARTIERS AVE AT CRAWFORD ST,45.20017859800565,95.76344587100577
W16240,8.7045456,NOBLESTOWN RD AT FIRE STATION (#2200),45.21506176514362,95.7667962880161
W16010,8.704545454545455,NOBLE AVE AT STEUBEN ST,45.22994493228159,95.77014670497046
W21450,8.702272727272726,STEUBEN ST AT CRAFTON BLVD,45.24482809941956,95.7734962471423
W00822,8.6931817,ALLENDALE ST AT FAIRDALE ST,45.259711266557524,95.77684229013869
S03090,8.6909092,8TH AVE OPP RAVINE ST,45.27459443369549,95.78018745844005
N12550,8.690909090909088,BUTLER ST OPP CENTER ST,45.28947760083346,95.78353262669944
S31750,8.684091,MAIN ST OPP HOMESTEAD-DUQUESNE RD,45.304360767971424,95.78687517064634
X08960,8.670454775,KATHLEEN ST OPP JUDICIAL ST,45.31924393510939,95.79021246595161
S27000,8.67045465,JOSEPHINE ST AT SALISBURY ST NS,45.33412710224736,95.7935497612088
E70850,8.668182,HAZELWOOD AVE AT WINTERBURN AVE,45.349010269385325,95.7968861817132
S24280,8.66818155,HWY RT 51 OPP BEALL DR,45.36389343652329,95.80022260204441
N03700,8.652272525,W 7TH AVE AT WESTERN ST,45.37877660366126,95.80355289892354
E55630,8.647727,VERONA RD AT ROSEDALE ST,45.393659770799225,95.80688144621054
S06276,8.6454547,BELTZHOOVER AVE AT ORCHARD PL,45.40854293793719,95.81020911887951
E70899,8.64318181818182,BRADDOCK AVE OPP 9TH ST,45.42342610507516,95.8135359167065
N09506,8.640909090909094,BLAZIER DR AT TARGET ENTRANCE DRIVE,45.438309272213125,95.81686183975101
N20070,8.61590925,FOREST AVE AT CENTER AVE FS,45.45319243935109,95.8201781402493
N39880,8.61590909090909,OHIO RIVER BLVD AT PENNSYLVANIA AVE,45.46807560648906,95.82349444068635
W08254,8.611363500000001,GREENTREE RD OPP RYAN DR,45.482958773627026,95.82680899150594
E70034,8.60909085,ALLEGHENY AVE OPP MARYLAND AVE NS,45.49784194076499,95.83012266757277
E27640,8.600000000000001,HAYMAKER RD AT CLOVER DR,45.512725107902966,95.83343284453237
N08150,8.5795455,BEAVER ST AT ACADEMY AVE FS,45.527608275040926,95.836735148467
N71273,8.5704545,ALPHA DR AT FREEPORT RD FS,45.54249144217889,95.84003395323667
X02270,8.559091,BOWER HILL RD AT PARKVIEW DR,45.55737460931687,95.84332838414636
E02890,8.556818,ADELAIDE ST AT CAMP ST,45.572257776454826,95.84662194016857
N21910,8.5386361,FREEPORT RD AT S OAK HILL RD,45.5871409435928,95.84990849789935
E38355,8.529545454545454,MALL BLVD AT MCDONALD'S,45.60202411073076,95.85319155660162
W22850,8.5295453,STEUBENVILLE PIKE AT ROBINSON MANOR BLVD,45.61690727786873,95.8564746152444
S70590,8.5250004,LEBANON CHURCH RD AT BUTTERMILK HOLLOW RD,45.6317904450067,95.85975592453563
W14340,8.520454545454545,MIDDLETOWN RD AT MARSHALL ST,45.64667361214466,95.86303548410791
E58725,8.511363636363637,WM PENN HWY OPP RITE AID,45.661556779282634,95.86631154455021
N14480,8.504545499999999,N CHARLES ST AT BRIGHTON RD,45.6764399464206,95.86958498066252
E29690,8.504545499999999,HOMEWOOD AVE AT BENNETT ST,45.69132311355856,95.87285841677485
S70348,8.502273,EAST PITTSBURGH-MCKEESPORT BLV AT THE LANE,45.706206280696534,95.87613097819215
W16370,8.49772715,NOBLESTOWN RD AT DENISONVIEW ST,45.721089447834494,95.87940178989226
N36380,8.497726799999999,MT ROYAL BLVD AT WOOD PL,45.73597261497247,95.88267260145764
N10580,8.4840915,BRIGHTON RD AT PENNOCK ST,45.750855782110435,95.88593816473745
E34140,8.47045445,LAKETON RD AT WINTON ST,45.765738949248394,95.88919847905811
N71203,8.468182,CENTER AVE AT FRANKFORT AVE,45.78062211638637,95.89245791870302
X06890,8.46136385,GRANDVIEW AVE AT COHASSETT ST,45.795505283524335,95.89571473401266
S14744,8.449999999999998,DUQUESNE BLVD AT FAIRMONT AVE,45.8103884506623,95.89896717532763
E38040,8.447727272727276,MAIN ST AT HOWARD ST,45.82527161780027,95.90221874186007
S38540,8.44545475,PENNSYLVANIA AVE AT MELLON ST,45.840154784938235,95.90546943368878
E07890,8.44318205,BIGELOW ST AT HAZELWOOD AVE FS,45.8550379520762,95.90871925074545
N39550,8.440909090909088,OHIO RIVER BLVD AT BIRMINGHAM AVE STEPS,45.86992111921417,95.91196819293044
E35770,8.440908775,LINCOLN AVE AT ARBOR ST,45.884804286352136,95.91521713499381
E70288,8.43409125,BAUM BLVD AT BEATTY ST,45.8996874534901,95.91846345296253
S28360,8.4295457,LEBANON CHURCH RD AT OTT DR FS,45.91457062062807,95.9217080213295
E56210,8.4250001,WARDSONS ST AT LEMINGTON AVE,45.929453787766036,95.9249508400755
X01890,8.411363545,BOGGS AVE AT LELIA ST,45.944336954904,95.92818841005287
S48720,8.411363545,WHITAKER ST OPP GRANT AVE,45.95922012204197,95.93142598003026
N12710,8.3977275,CALIFORNIA AVE AT CHELLIS ST,45.974103289179936,95.9346583014353
N20940,8.395454545454545,FREEPORT RD AT CENTER AVE (BLAWNOX),45.9889864563179,95.93788974797039
E21040,8.3954545,FRANKSTOWN RD AT GRAHAM BLVD,46.00386962345587,95.94112119448796
N39850,8.39545445,OHIO RIVER BLVD AT MILLERTON AVE,46.01875279059384,95.9443526409863
N32530,8.39318205,MCKNIGHT RD AT BROOKVIEW LN,46.0336359577318,95.9475832128281
N15680,8.39318185,CORBETT CT OPP TOWNE TOWERS NORTH,46.04851912486977,95.95081378459295
X01945,8.390909,BOGGS AVE AT ST JUSTIN'S PLAZA,46.06340229200774,95.95404348152805
E06280,8.388636400000001,BEECHWOOD BLVD OPP ANITA AVE (MONITOR ST),46.078285459145704,95.95727230372964
S31790,8.37500005,MAIN ST OPP #4117,46.09316862628367,95.96049587724151
N71251,8.35909090909091,PASSAVANT HOSPITAL AT 4TH FLOOR ENTRANCE BLDG T,46.10805179342164,95.96371332725668
S01100,8.354545025,SECOND AVE OPP BRADY ST,46.12293496055961,95.96692902754154
X02390,8.35000015,BOWER HILL RD AT SOMERVILLE DR FS,46.13781812769757,95.97014297848446
TP0460,8.347726999999999,LAYOVER WALLACE TERMINAL (NO S,46.15270129483554,95.97335605448217
N14490,8.331818,N CHARLES ST AT BRIGHTRIDGE ST,46.167584461973505,95.97656300703743
E52580,8.3068183,STANTON AVE AT BUTLER ST FS,46.18246762911147,95.97976033710071
E70764,8.3000004,HAWKINS AVE AT RANKIN BLVD,46.197350796249445,95.98295504292497
N17882,8.2977275,EAST ST OPP VENTURE ST,46.212233963387405,95.98614887390028
W08570,8.286363636363635,HELEN ST AT SPROUL ST,46.22711713052537,95.98933833087561
W25680,8.2863635,WINDGAP AVE AT BELHURST AVE,46.242000297663346,95.99252778779848
S24590,8.2818185,HWY RT 51 OPP STILLEY RD,46.256883464801305,95.9957154953313
E15970,8.2818181,EAST LIBERTY BLVD AT HAMILTON AVE,46.27176663193928,95.99890320271014
S33080,8.277272727272724,MCCLEARY ST AT VERSAILLES AVE,46.286649799077246,96.0020891605555
N42810,8.274999600000001,PERRY HWY AT WEST VIEW AVE,46.301532966215206,96.00527424346441
N13810,8.268182,CENTER AVE AT FRANKFORT AVE,46.31641613335318,96.00845670224977
X02180,8.265909145,BOWER HILL RD AT MARLIN DR,46.33129930049114,96.01163828620348
E20500,8.26590905,FRANKSTOWN AVE OPP LASCHALL ST,46.34618246762911,96.01481987012063
E32736,8.265908775000002,JOHNSTON AVE AT #857,46.36106563476708,96.01800145393193
E70741,8.2568185,EVERTON ST AT SILVERTON ST,46.37594880190504,96.02117953885731
N14740,8.254546,N CHARLES ST OPP LELAND ST,46.39083196904301,96.02435674908769
E21130,8.24772755,FRANKSTOWN RD AT LIME HOLLOW RD,46.40571513618098,96.02753133486733
S14742,8.245454545454546,DUQUESNE BLVD OPP OAKMONT AVE,46.42059830331895,96.03070504575778
S70611,8.245454500000001,B DR AT MANAGEMENT OFFICE,46.435481470456914,96.03387875663071
W24310,8.22727272727273,WASHINGTON AVE AT MURRAY ST,46.45036463759487,96.0370454692612
E36460,8.2022728,LINCOLN HWY OPP LINCOLN SQ SR CITIZEN HOME,46.46524780473285,96.04020255931222
S70531,8.20227275,SPENCER AVE AT ALMORA ST,46.480130971870814,96.04335964934401
N24000,8.190909090909091,GRANT AVE AT EAST OHIO ST,46.49501413900878,96.04651236545459
S47020,8.188636363636366,WALNUT ST AT 5TH AVE,46.50989730614675,96.04966420678265
X13500,8.1886363,PIONEER AVE AT GALLION AVE,46.524780473284714,96.05281604808623
E09870,8.184091,BRINTON AVE AT SHERIDAN ST,46.53966364042268,96.0559661398843
S23860,8.184090909090903,HWY RT 51 AT IRWIN DR FS,46.55454680756065,96.0591162316474
E04470,8.175,ARDMORE BLVD OPP YOST BLVD,46.569429974698615,96.06226282428048
X04180,8.175,CEDAR BLVD AT SALEM DR,46.58431314183658,96.0654094169136
E44920,8.1704545,PARK HILL DR AT #2350,46.59919630897455,96.06855425996422
E14050,8.14999975,CENTRE AVE OPP #5743,46.614079476112515,96.07169122989364
W08047,8.143181799999999,GREENTREE RD AT GREEN OAK LN,46.62896264325048,96.07482557556483
N52655,8.1363635,TROY HILL RD AT #1034,46.64384581038845,96.07795729684304
E55510,8.12954565,VERONA RD AT HOMESTEAD RD,46.658728977526415,96.08108639390149
S70372,8.120454545454546,9TH ST AT OHIO AVE,46.67361214466438,96.08421199175471
W02930,8.11363645,CAROTHERS AVE AT PACHEL WAY,46.688495311802356,96.0873349652937
S00870,8.113636249999999,SECOND AVE AT MANSION ST,46.703378478940316,96.09045793875572
S26920,8.11136385,JOSEPHINE ST AT S 26TH ST,46.71826164607828,96.09358003756121
E70902,8.093181818181815,VERONA ST AT MAPLEVIEW DR,46.73314481321625,96.0966951380245
S40180,8.09318165,RAMP ST AT BALDWIN RD,46.748027980354216,96.09981023842306
S21312,8.08863635,GREENSPRINGS AVE AT BOROUGH PARKING LOT,46.76291114749219,96.10292358931613
W70089,8.086364,BROADWAY AVE AT 15TH ST,46.77779431463015,96.10603606557191
W01870,8.084091,BERRY ST OPP SCOTIA ST,46.792677481768116,96.10914766694022
N44600,8.084090909090913,PITTSBURGH ST AT HILL AVE,46.80756064890609,96.11225926827353
E46900,8.0840908,PENN CENTER BLVD AT PENN TOWERS (UPPER),46.82244381604405,96.11537086956487
N35920,8.075,MT ROYAL BLVD AT ILLINOIS AVE,46.837326983182024,96.11847897176821
X02335,8.07045465,BOWER HILL RD AT RUTH DR,46.85221015031999,96.1215853244468
N12685,8.0704545,CALIFORNIA AVE AT BENTON AVE FS,46.86709331745795,96.12469167706766
E02910,8.0704545,ADELAIDE ST AT MILWAUKEE ST,46.881976484595924,96.12779802968852
W21950,8.06136335,STEUBEN ST OPP HARKER ST,46.896859651733884,96.13090088308667
E48840,8.0545455,ROBINSON ST AT ALLEQUIPPA ST,46.91174281887186,96.13400111226505
N03670,8.047727025,W 7TH AVE AT GRANTHAM ST,46.926625986009824,96.1370987169831
W21880,8.045454545454545,STEUBEN ST AT UNION AVE FS (NOBLE AVE),46.941509153147784,96.14019544701401
W08074,8.03409085,GREENTREE RD AT MANORVIEW RD,46.95639232028576,96.14328780310971
E11540,8.0340905,BUTLER ST OPP 35TH ST,46.971275487423725,96.14638015907069
E51490,8.029545500000001,SHADY AVE AT SOLWAY ST,46.98615865456169,96.14947076564164
X03050,8.029545275,BROOKLINE BLVD AT GREENCREST DR,47.00104182169966,96.15256137212597
S48570,8.0227271,WEYMAN RD OPP MCROBERTS RD,47.015924988837625,96.15564935426546
N21960,8.009090909090913,FREEPORT RD AT MULLIGAN'S,47.03080815597559,96.15873208777646
E39210,8.00681817,MILLER AVE AT GAS ST,47.04569132311356,96.1618139465004
W24690,8.004545454545452,WASHINGTON PIKE AT PIZZA HUT,47.060574490251526,96.16489493044642
E32222,8.00227285,IMOGENE RD AT BROWNS HILL RD FS,47.07545765738949,96.16797503965716
W20950,8.0,S MAIN ST AT SANCTUS ST,47.09034082452746,96.1710542740382
W07700,7.990908999999999,GRAND AVE AT PERSHING RD FS,47.105223991665426,96.17413000925423
E20710,7.984090999999999,FRANKSTOWN AVE AT WILKINSBURG AVE FS,47.12010715880339,96.17720312019277
N13700,7.981818499999999,CENTER AVE AT BRONX AVE,47.13499032594136,96.18027535643631
X02580,7.965909,BOWER HILL RD OPP LONGRIDGE DR,47.149873493079326,96.18334146904492
E48648,7.96136375,ROBINSON BLVD AT DOUGLASS DR,47.16475666021729,96.18640583216727
E17460,7.956818644999999,EDGEWOOD AVE AT COLUMBIA AVE,47.17963982735526,96.18946844585918
E29760,7.95,HOMEWOOD AVE AT HERMITAGE ST,47.19452299449323,96.19252843502531
S40565,7.94318181818182,RICHLAND AVE AT 4TH ST FS,47.20940616163119,96.19558579984397
S00730,7.9431817,SECOND AVE AT BRADY ST,47.22428932876916,96.19864316461712
E21030,7.9409095,FRANKSTOWN RD AT GRAHAM BLVD,47.23917249590713,96.20169965481075
E70417,7.9409089999999996,SWISSVALE AVE AT REBECCA AVE,47.254055663045094,96.20475614481191
E70410,7.93863645,56TH ST AT BUTLER ST,47.26893883018306,96.20781176009882
X01550,7.9363636,BEVERLY RD AT COCHRAN RD,47.28382199732103,96.210866500556
X01930,7.9295454,BOGGS AVE AT SMITH WAY,47.298705164459,96.21391861665869
E38030,7.927272727272728,MAIN ST AT HOWARD ST,47.31358833159696,96.21696985799989
E06430,7.925000344999999,BEELER ST OPP OLYMPIA PL,47.32847149873493,96.22002022469137
X04560,7.925000045,COCHRAN RD AT MCCULLY ST,47.343354665872894,96.2230705912674
E70751,7.918181499999999,SILVERTON ST AT EVERTON ST,47.35823783301086,96.22611833335614
E48644,7.913636500000001,ROBERTS ST AT WEBSTER AVE,47.373121000148835,96.22916432605484
N31640,7.90454575,MAIN ST AT #1704,47.388004167286795,96.23220681968482
N08440,7.902272727272726,BEAVER RD AT MEADOW LN,47.40288733442476,96.23524843841857
E03926,7.8999999999999995,ALLEQUIPPA ST AT WHITRIDGE ST,47.417770501562735,96.23828918236981
E70904,7.89772725,BELL AVE AT JONES AVE,47.432653668700695,96.24132905152983
N44990,7.8886363636363654,PITTSBURGH ST AT BLOCKDALE ST,47.44753683583867,96.24436542156862
S33900,7.884091,MIDWAY DR AT #1F,47.46242000297663,96.24740004207742
S70443,7.870454545454546,CHURCHVIEW AVE OPP WILLETT RD,47.477303170114595,96.25042941385624
N45750,7.865909045,RHINE ST AT STEINE ST,47.49218633725257,96.25345703605241
TP1090,7.859091,LAYOVER EAST LIBERTY TERMINAL,47.50706950439053,96.25648203395376
N13960,7.856818,CENTER AVE AT OAKWOOD AVE,47.5219526715285,96.25950615696763
S70458,7.850000175,CAMP HOLLOW RD AT LIVINGSTON RD FS,47.53683583866647,96.26252765577136
S70275,7.847727,S 26TH ST AT JOSEPHINE ST,47.55171900580443,96.26554827962028
E38325,7.84090909090909,MALL BLVD AT ALTMEYER'S DRIVEWAY,47.5666021729424,96.26856627922666
E70841,7.840909,HAZELWOOD AVE OPP SYLVAN AVE,47.58148534008037,96.27158427879807
X16330,7.840909,SHILOH ST AT VIRGINIA AVE FS,47.59636850721834,96.27460227836947
E54140,7.834090849999999,TERRACE ST AT CHESTERFIELD RD,47.6112516743563,96.27761765360565
E50320,7.8272728,SALTSBURG RD OPP ALCOMA PARK PLAZA,47.62613484149426,96.28063040454506
X02280,7.82727265,BOWER HILL RD AT PARKVIEW DR,47.64101800863224,96.28364315542674
E58390,7.8249999999999975,WM PENN HWY AT DOLLAR BANK,47.655901175770204,96.2866550315557
N28950,7.8249999999999975,KENDALL AVE AT DAVIS AVE,47.67078434290817,96.28966690768463
S39840,7.811363775,PROSPECT RD OPP COLTER DR,47.68566751004614,96.29267353517196
X70015,7.811363636363635,BOWER HILL RD AT LIBERTY ST,47.700550677184104,96.29568016260592
S70614,7.8045455,BLACKBERRY DR AT #847,47.71543384432207,96.2986841657099
X20200,7.7999998999999995,WEST LIBERTY AVE AT RAY AVE STEPS,47.73031701146004,96.3016864191929
X04520,7.7954546,COCHRAN RD AT CEDAR BLVD,47.745200178598004,96.30468692317041
S04090,7.79545454545455,AMITY ST AT 10TH AVE,47.76008334573597,96.30768742712691
E48405,7.7840905949999994,REBECCA AVE AT SWISSVALE AVE FS,47.77496651287394,96.31068355705004
N49490,7.7772726,SHADELAND AVE AT ETOLA ST FS,47.789849680011905,96.31367706269761
E20620,7.774999999999999,FRANKSTOWN RD AT EYMARD ST FS,47.80473284714987,96.31666969361166
E20510,7.77272685,FRANKSTOWN AVE AT LASCHALL ST,47.81961601428784,96.31966144958051
W03460,7.770454999999999,CHARTIERS AVE AT HUXLEY ST,47.834499181425805,96.32265233110454
N31430,7.76818185,MAIN ST AT 15TH ST,47.84938234856377,96.32564233768335
E14440,7.765909000000001,COAL ST AT REBECCA AVE,47.864265515701746,96.32863146943244
X18840,7.7613638,VIRGINIA AVE AT MERRIMAC ST,47.879148682839705,96.33161885171451
N44660,7.75909090909091,PITTSBURGH ST AT CHESWICK AVE,47.89403184997767,96.3346053591511
E34090,7.754545275,LAKETON RD OPP COLLINS RD,47.90891501711564,96.33759011695359
W70082,7.743181818181821,FAIRHAVEN RD AT KENMAWR PLAZA ENTRANCE (SHELTE,47.923798184253606,96.34057050091272
E53290,7.740909,STATION ST AT SR CITIZEN BLDG,47.93868135139158,96.34355001005436
N36502,7.7363636363636346,MT ROYAL BLVD OPP HAMPTON AVE,47.95356451852954,96.346527769666
W17095,7.7363635,NOBLESTOWN RD OPP #2148 (SHOP-N-SAVE DR #1),47.968447685667506,96.34950552922517
W00850,7.72954525,ALLENDALE ST AT STANHOPE ST,47.98333085280548,96.3524806644106
W24430,7.72727272727273,WASHINGTON AVE AT TRIMBLE AVE,47.99821401994344,96.35545492489227
E29870,7.725,HOMEWOOD AVE AT MT VERNON ST,48.013097187081414,96.35842831059144
N49450,7.720454650000001,SHADELAND AVE AT CASEMENT ST,48.02798035421938,96.36139994676586
S17660,7.711363636363634,EVANS ST AT MCKEESPORT HOSPITAL MAIN ENTRA,48.04286352135734,96.36436808377007
E15080,7.706817999999999,COLUMBO ST AT #5134,48.057746688495314,96.3673344711393
E32312,7.7045455,JAMES ST AT MONROEVILLE AVE,48.072629855633274,96.37029998381351
E70738,7.699999999999999,ALPHA DR E AT FREEPORT RD FS,48.08751302277125,96.37326374690525
E70003,7.6954545,EAST HILLS DR AT #2303,48.102396189909214,96.3762257604145
E38725,7.6863635,MAPLE ST AT #843,48.117279357047174,96.37918427475877
S13730,7.681818,PENNSYLVANIA AVE AT MIFFLIN ST,48.13216252418515,96.38214103952056
S05236,7.67045475,BALDWIN RD OPP RAMP ST,48.147045691323115,96.38509343051861
E42920,7.668181499999999,OAKWOOD ST AT BENNETT ST,48.16192885846108,96.38804494653293
N39680,7.65909090909091,OHIO RIVER BLVD AT FISK AVE,48.17681202559905,96.39099296353977
S70392,7.656818181818181,BROWNSVILLE RD AT BRENTRIDGE AVE,48.19169519273701,96.3939401057641
W13290,7.652272727272729,MCCOY RD AT KENNEDY LN,48.20657835987498,96.39688549842346
E55610,7.652272545,VERONA RD AT RIVERSIDE RD,48.22146152701295,96.39983089101264
S11380,7.65,CHALFONT ST AT HABERMAN AVE,48.236344694150915,96.40277540888948
N49580,7.649999749999999,SHADELAND AVE AT STOKES WAY,48.25122786128888,96.4057199266701
E18500,7.6431819999999995,ELLSWORTH AVE AT DEVONSHIRE ST,48.26611102842685,96.40866182026946
N18275,7.640909000000001,EAST ST OPP LAREDA ST,48.280994195564816,96.41160283898135
N13850,7.638636275,CENTER AVE AT HARVARD AVE,48.29587736270278,96.4145429829116
N05950,7.634090775,ARCH ST AT NORTH SHORE FAMILY HEALTH,48.31076052984075,96.41748137725938
S16600,7.63181805,E CARSON ST OPP S 2ND ST,48.325643696978716,96.42041889682554
E42940,7.6295453,OAKWOOD ST OPP HAMILTON AVE,48.34052686411668,96.42335554160046
E08045,7.6272725,BLACK ST AT NEGLEY AVE FS,48.35541003125465,96.42629131156487
E59620,7.618182,WOODSTOCK AVE AT BRADDOCK AVE FS,48.370293198392616,96.42922358255677
N22065,7.6181818450000005,FREEPORT RD AT DOLLAR BANK FS (WATERWORKS),48.38517636553058,96.43215585348904
E10360,7.618181818181817,BRINTON RD OPP COLUMBIA AVE,48.40005953266855,96.43508812441097
X13410,7.6159092,PIONEER AVE AT BELLE ISLE AVE FS,48.41494269980652,96.43801952059238
N20150,7.611363636363636,FOREST AVE AT #414,48.42982586694448,96.4409491671668
N12800,7.602272727272728,CALIFORNIA AVE AT FISK AVE,48.44470903408245,96.44387531461128
W21550,7.59772725,STEUBEN ST AT HARKER ST,48.45959220122042,96.446799712482
S08780,7.5840911,BROWNSVILLE RD AT MCANULTY RD,48.474475368358384,96.44971886173998
W14570,7.584091,MIDDLETOWN RD OPP MUTUAL ST,48.48935853549635,96.45263801095948
E46885,7.5840907,PENN CENTER BLVD AT BLDG #7,48.50424170263432,96.4555571600635
W08226,7.581818275,GREENTREE RD OPP GREENBRIAR DR,48.519124869772284,96.4584754345014
E50987,7.58181815,SAVANNAH AVE AT BIDDLE AVE,48.53400803691025,96.46139370889115
N49560,7.5795454,SHADELAND AVE AT #3475,48.548891204048225,96.46431110848968
E70087,7.57727265,ALLEGHENY AVE AT ARCHIE ST NS,48.563774371186184,96.46722763329694
S45470,7.5772725,TEXAS AVE AT MELLON ST,48.57865753832415,96.4701441580465
E17580,7.575000000000003,EDGEWOOD AVE AT LLOYD AVE,48.593540705462125,96.47305980810103
E32751,7.572727,JOHNSTON AVE AT RIVERMONT DR,48.608423872600085,96.47597458326808
N21330,7.5659096,PITTSBURGH ST AT JAMES ST,48.62330703973806,96.4788867343886
W19456,7.5590908,ORCHARD SPRING RD AT GREENTREE RD FS,48.63819020687602,96.48179626092367
N13840,7.55000015,CENTER AVE AT HARVARD AVE,48.653073374013985,96.48470228842848
N70009,7.55,CALIFORNIA AVE AT ST JOHN'S CHURCH,48.66795654115196,96.48760831587556
X15260,7.53863615,REPUBLIC ST AT GREENLEAF ST,48.68283970828992,96.49050996932796
S70440,7.536363636363639,CHURCHVIEW AVE AT WILLETT RD,48.69772287542789,96.49341074808008
E05000,7.529545499999999,BAUM BLVD AT ENFIELD ST FS,48.71260604256586,96.49630890250222
N29830,7.525000249999999,LEY ST AT FROMAN ST,48.72748920970382,96.49920530743809
E34100,7.5249998,LAKETON RD AT TURNER AVE,48.74237237684179,96.50210171220075
S14745,7.515909090909095,DUQUESNE BLVD AT OAKMONT AVE,48.75725554397975,96.50499461791041
E53160,7.5090909,STANTON AVE AT UPVIEW TERRACE,48.77213871111773,96.5078848992691
E20945,7.5068184,FRANKSTOWN RD AT CRESTVIEW DR,48.78702187825569,96.51077430593277
E51035,7.49772705,SAVANNAH AVE AT WHITNEY AVE,48.80190504539365,96.51366021329676
W03600,7.4954545,CHARTIERS AVE AT MUNICIPAL ST,48.81678821253163,96.51654524594647
E38000,7.493181818181818,MAIN ST AT FRANKLIN ST,48.831671379669594,96.5194294038312
E15120,7.490909,COMMERCIAL ST AT HOMESTEAD ST,48.84655454680756,96.52231268689843
N15670,7.4886365,CORBETT CT AT CLUB JULIAN SPA,48.86143771394553,96.52519509527066
E20890,7.4863635,FRANKSTOWN RD OPP CHAMPA ST,48.876320881083494,96.52807662875541
N12510,7.48181818181818,BUTLER ST AT #188,48.89120404822146,96.53095641272765
N38170,7.4795455,NORTH HILLS VILLAGE AT BURLINGTON,48.90608721535943,96.5338353219349
E45080,7.4772728,PAULSON AVE AT BRAINARD ST,48.920970382497394,96.53671335637016
W08035,7.4750000000000005,GREENTREE RD AT CARNAHAN RD,48.93585354963536,96.53959051599492
W18010,7.4681820000000005,NOBLESTOWN RD OPP OBEY ST,48.95073671677333,96.54246505134219
E59060,7.463636599999999,WM PENN HWY OPP NORTHERN PIKE,48.965619883911295,96.54533783714547
N14570,7.449999999999999,N CHARLES ST AT KENN AVE,48.98050305104926,96.5482053741628
E70301,7.4477275,BRYN MAWR RD AT CENTRE AVE,48.99538621818723,96.5510720364851
E38010,7.4386363636363635,MAIN ST AT FRANKLIN ST,49.010269385325195,96.55393519958994
E58780,7.436363636363634,WM PENN HWY AT RED LOBSTER,49.02515255246316,96.5567974879123
E21090,7.4295456,FRANKSTOWN RD AT HIGHPOINT DR FS,49.040035719601136,96.55965715194317
S03950,7.4295455,ALICE ST AT CAMFIELD ST,49.054918886739095,96.56251681593554
S21580,7.427272545,GREENSPRINGS AVE OPP EASTMAN ST,49.06980205387706,96.56537560505775
E16270,7.4204550000000005,DEAN ST AT LARIMER AVE,49.08468522101503,96.56823177007762
N18740,7.420454545454545,EVERGREEN AVE AT DAVID ST,49.099568388152996,96.5710879349225
X13590,7.418182045,PIONEER AVE AT ROSSMORE AVE,49.11445155529097,96.5739432250722
N40435,7.415908775,OLD FREEPORT RD AT #1380,49.12933472242893,96.57679764023051
W70117,7.415908645,STEUBEN ST OPP ELLIOTT HEIGHTS SENIOR CTR,49.144217889566896,96.57965205533878
S38680,7.402272545,PENNSYLVANIA AVE AT TAFT AVE,49.15910105670487,96.58250122185356
S27280,7.397727272727272,KENNEDY AVE AT CATHERINE ST,49.17398422384283,96.58534863887351
N38440,7.390909090909089,NORTH AVE AT ELIZABETH ST,49.1888673909808,96.58819343154597
E21675,7.38863635,FRANKSTOWN RD AT PENN ARBORS DR FS,49.20375055811876,96.59103734943069
E32293,7.38636345,JAMES ST AT GARDEN DR,49.21863372525673,96.59388039246643
E49410,7.381818399999999,ROSS AVE AT MILL ST,49.233516892394704,96.5967216860929
N52545,7.3795455,TROY HILL RD AT CHESTNUT ST FS,49.24840005953266,96.5995621048704
E11590,7.377273,BUTLER ST AT 37TH ST,49.26328322667064,96.60240164895286
W70182,7.377273,CHARTIERS AVE AT SUTER ST,49.278166393808604,96.60524119303533
N44710,7.3750005000000005,PITTSBURGH ST AT MURTLAND ST,49.293049560946564,96.60807986242278
E36970,7.372727272727273,LINDEN AVE OPP SR CITIZEN APTS,49.30793272808454,96.6109176568353
X02375,7.370454544999999,BOWER HILL RD AT SEGAR RD,49.322815895222504,96.61375457646514
N39810,7.36818181818182,OHIO RIVER BLVD AT MAPLE AVE,49.33769906236047,96.61659062131265
E55535,7.36818175,VERONA RD OPP 2ND ST,49.35258222949844,96.61942666613393
E25360,7.3681814999999995,GREENFIELD AVE AT IRVINE ST,49.3674653966364,96.62226271085899
N24140,7.365909090909087,GRANT AVE OPP VILSACK ST,49.38234856377437,96.625097880924
N14150,7.359091,CENTER AVE OPP NORWICH ST,49.39723173091234,96.62793042667653
X01650,7.35454545,BEVERLY RD AT W MARLIN DR,49.412114898050305,96.63076122282735
E06917,7.35,BENTLEY DR AT BURROWS ST,49.42699806518827,96.63359026941491
E56340,7.3431820000000005,WASHINGTON BLVD AT FRANKSTOWN AVE,49.44188123232624,96.63641669172497
W08465,7.340909090909091,HECKLE RD OPP SHOP-N-SAVE DRVWY,49.456764399464205,96.63924223918255
W70100,7.338636545,MAHONEY RD AT HAWTHORNE DR,49.47164756660217,96.64206691192744
W10390,7.3386365,ISLAND AVE AT FLEMING AVE,49.48653073374014,96.64489158465503
W03890,7.336363636363634,CHARTIERS AVE OPP CRAWFORD ST,49.501413900878106,96.64771538254763
X04500,7.334090600000001,COCHRAN RD AT MCCULLY RD,49.51629706801607,96.65053830553875
E58080,7.331818,WINTERBURN AVE AT DENMARSH ST,49.53118023515404,96.65336035379637
E70350,7.3227274,UNITY TRESTLE RD AT MILLERS LN,49.546063402292006,96.65617890304298
X03180,7.3204543,BROOKLINE BLVD AT #1439,49.56094656942997,96.65899657736364
E70999,7.31818155,FRANKSTOWN RD AT #12245,49.57582973656794,96.66181337689306
X17677,7.3113635,SOUTHERN AVE OPP MINSINGER ST,49.59071290370591,96.66462755212572
E70972,7.30681795,FRANKSTOWN RD AT HOCHBERG RD,49.60559607084388,96.66743997775666
N44760,7.300000000000001,PITTSBURGH ST AT OAK ST,49.62047923798184,96.67024977912934
N21650,7.297727272727272,FREEPORT RD AT PEARL AVE,49.63536240511981,96.67305870571953
N44770,7.2954548500000005,PITTSBURGH ST AT ORCHARD ST,49.650245572257774,96.67586675764444
E47720,7.293182000000001,POCUSSETT ST AT WIGHTMAN ST,49.66512873939574,96.67867393473962
S25670,7.28636345,IRVINE ST OPP BERWICK ST,49.680011906533714,96.6814784873456
E58100,7.284091,WINTERBURN AVE AT GREENFIELD AVE,49.694895073671674,96.68428216527582
E02900,7.2681819999999995,ADELAIDE ST AT IOWA ST FS,49.70977824080964,96.68707971976355
E26103,7.2681819,HALKET ST AT FORBES AVE,49.724661407947615,96.6898772742128
W07380,7.2636363636363654,FOREST GROVE RD AT STARLING DR,49.739544575085574,96.69267307906557
S28050,7.261363449999999,LEBANON CHURCH RD OPP REGIS AVE,49.75442774222355,96.69546800906411
W06810,7.247727272727274,FERREE ST AT 4TH AVE,49.76931090936151,96.69825769043942
E55570,7.238636249999999,VERONA RD AT QUINCY DR,49.784194076499475,96.70104387264101
N15140,7.2181818181818205,CHURCH AVE AT FOREST AVE,49.79907724363745,96.70382218184388
S70368,7.218181818181815,MONONGAHELA AVE OPP 4TH ST,49.81396041077541,96.70660049104674
W14350,7.211363500000001,MIDDLETOWN RD AT MARTERA PL FS,49.82884357791338,96.70937617584966
N49500,7.206818049999999,SHADELAND AVE AT GEYER AVE,49.84372674505135,96.71215011108933
W03290,7.206818,CHARTIERS AVE AT CITADEL ST FS,49.85860991218931,96.71492404630975
W26350,7.1977274,W PROSPECT AVE OPP ARBORDALE ST,49.87349307932728,96.71769448251915
W16560,7.195454300000001,NOBLESTOWN RD AT HARTWELL ST,49.88837624646525,96.72046404380261
E39190,7.193181675,MIDDLE AVE AT #526,49.903259413603216,96.72323273034293
E70290,7.1727275,HAMILTON AVE OPP ROSEDALE ST,49.91814258074118,96.72599354398338
E70871,7.163636,REED ST OPP ELMORE ST,49.93302574787914,96.72875085826642
S33680,7.1590905,MELLON ST AT TEXAS AVE,49.947908915017116,96.73150642296699
S40640,7.156818181818183,RICHLAND AVE OPP 6TH ST,49.96279208215508,96.7342611130425
N12980,7.154545499999999,CALIFORNIA AVE AT CHELLIS ST,49.97767524929305,96.73701492835303
S25600,7.1499999999999995,SECOND AVE AT HAZELWOOD AVE,49.99255841643102,96.73976699408107
E29900,7.1454545000000005,HOMEWOOD AVE AT PENN AVE,50.007441583568976,96.7425173102266
S19350,7.1431815,GEARING AVE AT SYLVANIA AVE,50.02232475070695,96.74526675148469
S70488,7.140909090909092,FIFTH AVE OPP LATTERMAN FAMILY HEALTH CENTER,50.03720791784492,96.74801531808275
S11410,7.140909,CHARLES ST AT GEORGIA AVE,50.052091084982884,96.75076388464582
E56225,7.1363635,WARREN DR AT WALMART DRVWY,50.06697425212086,96.7535107016264
E05990,7.12727285,BEECHWOOD BLVD AT LORETTA ST FS,50.08185741925881,96.75625401957673
N54520,7.122727500000001,WILSON AVE AT DRUM ST,50.096740586396784,96.7589955880023
X04460,7.12272715,COCHRAN RD AT ALTOONA PL,50.11162375353475,96.76173715629317
X07030,7.1227271,GRANDVIEW AVE OPP AUGUSTA ST,50.12650692067272,96.7644787245648
E17350,7.12045465,EAST HILLS DR OPP #2220,50.14139008781069,96.76721941816064
E58000,7.118181600000001,WILNER DR OPP BRACEY DR,50.156273254948644,96.76995923684977
N24005,7.115909090909089,GRANT AVE AT MT HOPE ST,50.17115642208662,96.7726981808404
X04690,7.115909,COCHRAN RD OPP NAVATO PL FS,50.186039589224585,96.775437124796
S05380,7.1136365,BAPTIST RD AT WINDVALE DR,50.20092275636255,96.77817519405662
X01580,7.1113638,BEVERLY RD AT MEADOWCROFT AVE,50.215805923500525,96.78091238854523
N71272,7.1045454,ALPHA DR AT FREEPORT RD,50.23068909063849,96.78364695860239
X01995,7.1045452749999995,BOGGS AVE OPP PAUL ST,50.24557225777645,96.78638152861143
E27500,7.10227265,HAWKINS AVE AT ROSE ST,50.26045542491442,96.78911522387733
E25335,7.0954545,GREENFIELD AVE AT FRANK ST FS,50.275338592052385,96.79184629480801
E70935,7.0886366,LOWES DR AT FOX PLAN RD,50.29022175919036,96.79457474149966
N39860,7.081818181818182,OHIO RIVER BLVD AT ORCHARD AVE,50.305104926328326,96.79730056375287
E59360,7.068182025,WOOD ST AT FRANKLIN AVE,50.319988093466286,96.80002113739069
W21980,7.06818181818182,STEUBEN ST OPP LINDEN AVE,50.33487126060425,96.80274171094892
X07000,7.0659089999999996,GRANDVIEW AVE AT #1209 (DUQUESNE INCLINE),50.34975442774222,96.80546140968967
N08780,7.063636363636365,BEAVER RD OPP MEADOW LN FS,50.36463759488019,96.8081802336829
E04450,7.063636000000001,ARDMORE BLVD OPP REBECCA AVE,50.37952076201816,96.81089905753618
N53635,7.059090749999999,WEST VIEW PLAZA FIRE LANE AT K-MART,50.39440392915613,96.8136161319032
E52495,7.056818,SOUTH AVE AT WOOD ST,50.409287096294086,96.81633233147899
N31300,7.056818,LOWRIE ST AT NIGGEL ST,50.42417026343205,96.81904853105476
X00670,7.05227275,BANKSVILLE RD AT POTOMAC AVE,50.43905343057003,96.82176298114427
E34770,7.05,LEMINGTON AVE AT PAULSON AVE,50.453936597707994,96.82447655644255
N36350,7.0454544,MT ROYAL BLVD AT WETZELL RD,50.46881976484596,96.82718838211984
S23740,7.0386365,HWY RT 51 AT GLENBURN DR,50.48370293198392,96.82989758355814
E34740,7.031818,LEMINGTON AVE AT LINCOLN AVE,50.49858609912189,96.83260416052646
N36300,7.0272724,MT ROYAL BLVD AT UNDERCLIFF ST,50.51346926625986,96.83530898787383
E21640,7.0227274,FRANKSTOWN RD OPP HIGHPOINT DR,50.52835243339783,96.83801206583115
N43480,7.015909,PERRYSVILLE AVE AT HAWKINS ST,50.543235600535795,96.84071251935703
W70122,7.013636363636365,CRENNELL AVE AT LINWOOD AVE,50.55811876767377,96.84341209813539
S05260,7.011363775,BAPTIST RD AT LACHMAN DR,50.57300193481172,96.8461108021846
E50990,7.0113636363636385,SAVANNAH AVE AT HUTCHINSON ST,50.587885101949695,96.84880950618047
E70868,7.006817999999999,ELMORE ST AT ROSE ST,50.60276826908766,96.85150646054136
S00430,6.997727449999999,S 18TH ST OPP JOSEPHINE ST,50.61765143622563,96.8541999159105
N31680,6.9909089,MAIN ST OPP 15TH ST,50.6325346033636,96.85689074679044
W25910,6.988636495,W CARSON ST AT WEST END BRIDGE STEPS (UNDERPA,50.647417770501555,96.85958070301191
W22020,6.988636363636365,STEUBEN ST AT RICHMOND ST,50.66230093763953,96.86227065918284
W70144,6.9886361500000005,WASHINGTON AVE AT DOLLAR TREE,50.677184104777496,96.86496061527153
N12380,6.9795454545454545,BUTLER ST AT CENTER ST,50.69206727191546,96.86764707231247
S70431,6.963636490000001,LEBANON RD AT SOUTH HILLS INDUSTRIAL PARK,50.706950439053436,96.87032740592458
N36450,6.961363800000001,MT ROYAL BLVD AT DEHAVEN CT,50.72183360619139,96.87300686476854
E70865,6.9545455,REED ST AT ELMORE ST,50.73671677332936,96.87568369921954
E17368,6.9545455,EAST LIBERTY BLVD AT EUCLID AVE,50.75159994046733,96.87836053367053
W70097,6.952272727272725,FOSTER AVE OPP WILLOW AVE (PLAYGROUND),50.766483107605296,96.88103649332153
S17120,6.9477275,ELIZA ST AT GLENCAIRN ST FS,50.78136627474327,96.88371070349503
X17737,6.9477269999999995,SOUTHERN AVE OPP SIMMS ST,50.79624944188124,96.88638491347606
E53780,6.94545475,SWISSVALE AVE AT #441 (MERCY GARDENVIEW MANOR),50.8111326090192,96.88905824885832
N33560,6.945454545454548,MERCHANT ST AT 3RD ST FS,50.82601577615716,96.89173158416185
S70299,6.9454545,EAST PITTSBURGH MCKEESPORT BLV AT MARYLAND AVE,50.84089894329513,96.89440491944788
E70033,6.927272500000001,ALLEGHENY AVE OPP DELAWARE AVE,50.855782110433104,96.89707125640396
W24035,6.9227272727272755,WASHINGTON AVE AT ACADEMY ST,50.87066527757107,96.89973584388254
N13690,6.9181815,CENTER AVE OPP BRIGHTWOOD AVE,50.88554844470903,96.90239868167365
N08770,6.909090909090905,BEAVER RD OPP LITTLE SEWICKLEY RD,50.900431611847,96.90505802045726
E36220,6.90681815,LINCOLN HWY AT GRAHAM AVE,50.915314778984964,96.90771648444611
E51300,6.906818,SHADY AVE AT DEVERAUX LN,50.93019794612294,96.91037494837724
S44830,6.904545454545455,ST CLAIR AVE AT STATE ST FS,50.945081113260905,96.91303253759587
W07610,6.897727,GRAND AVE AT 4TH ST,50.95996428039887,96.91568750236202
N22220,6.89090909090909,FREEPORT RD OPP CABLE AVE,50.97484744753683,96.91833984288567
N32720,6.89090885,MCKNIGHT RD AT MCINTYRE RD,50.9897306146748,96.9209921833166
N31620,6.8886363,MAIN ST AT #1113,51.00461378181277,96.92364364903325
E58850,6.88636365,WM PENN HWY AT STROSCHEIN RD,51.01949694895074,96.92629423999716
E36050,6.881817975000001,LINCOLN AVE OPP ARBOR ST,51.034380116088705,96.92894308131123
W22430,6.879545500000001,STEUBENVILLE PIKE AT PITTSBURGH MOTEL,51.049263283226665,96.93159104793992
W20420,6.870454545454544,RIVER AVE AT RAILROAD UNDERPASS,51.06414645036463,96.93423551542111
N13040,6.8681814999999995,CALIFORNIA AVE OPP ST JOHN'S CHURCH,51.079029617502606,96.93687910799734
N13950,6.8636365,CENTER AVE AT NORWICH ST,51.09391278464057,96.93952095118354
E46170,6.861364,PENN AVE AT LINDEN AVE,51.10879595177854,96.94216191967475
E07920,6.85454535,BIGELOW ST AT WINTERBURN AVE,51.12367911891651,96.94480026363824
S03970,6.850000100000001,ALICE ST AT GEORGIA AVE,51.138562286054466,96.94743685811548
S13720,6.845454545454545,CRAWFORD AVE AT MIFFLIN ST,51.15344545319244,96.95007170298923
E07870,6.843182,BIGELOW ST AT HAZELWOOD AVE,51.168328620330406,96.95270567315049
E58050,6.838636,WINTERBURN AVE AT BIGELOW ST,51.18321178746837,96.95533789353681
E55620,6.83409085,VERONA RD AT RIVERVIEW DR,51.19809495460635,96.95796836447535
E06315,6.8227273,BEECHWOOD BLVD AT PARKWAY ENTRANCE,51.2129781217443,96.96059446153465
E29780,6.813636499999999,HOMEWOOD AVE AT IDLEWILD ST,51.22786128888227,96.96321705950598
E45250,6.8022729,PAULSON AVE OPP BRAINARD ST,51.24274445602024,96.96583528357883
N35765,6.800000000000003,MT ROYAL BLVD AT HAMPTON AVE,51.25762762315821,96.9684526328027
N49610,6.7886363,SHADELAND AVE OPP CASEMENT ST,51.27251079029618,96.97106560808959
E70246,6.78409115,FRIENDSHIP AVE AT HOWLEY ST,51.28739395743413,96.97367683392872
S39720,6.7840907,PROSPECT RD AT GIESE DR,51.30227712457211,96.97628805959465
E16620,6.78181815,DOBSON ST AT HERRON AVE,51.317160291710074,96.97889841054631
E39160,6.7750000749999995,MIDDLE AVE AT MILLER ST,51.33204345884804,96.98150613719162
E15640,6.765909499999999,CRAIG ST AT BAUM BLVD FS,51.346926625986015,96.98411036483552
S31370,6.7590911,MAIN ST AT LEA ST,51.36180979312398,96.98671196804796
W70148,6.752273,LEWIS AVE AT #1236,51.37669296026194,96.98931094694441
E40370,6.749999795000001,MONTIER ST AT #1823,51.39157612739991,96.9919090508745
S21360,6.745454349999999,GREENSPRINGS AVE AT DUQUESNE AVE FS,51.406459294537875,96.99450540524325
S39980,6.7386362,PROVOST RD AT FRANK ST FS,51.42134246167585,96.99709913527677
E70892,6.7363641,BRADDOCK AVE OPP KEYSTONE COMMONS PORTAL 9 FS,51.436225628813816,96.99969199076925
N13790,6.729545399999999,CENTER AVE AT CORNELL AVE,51.451108795951775,97.0022822217148
X20330,6.725,WEST LIBERTY AVE AT BUSWAY ISLAND,51.46599196308974,97.00487070311634
E52590,6.720454545,STANTON AVE AT BUTLER ST,51.48087513022771,97.00745743495273
S34990,6.720454200000001,MONONGAHELA BLVD AT #1224,51.49575829736568,97.0100441666563
X17675,6.718182,SOUTHERN AVE AT MINSINGER ST,51.51064146450365,97.01263002378036
S70258,6.7136363,MOUNTAIN AVE OPP SCHULER ST,51.525524631641616,97.01521413124493
W10560,6.7136362,ISLAND AVE OPP GLENN WAY,51.540407798779576,97.01779823867102
W08223,6.7,GREENTREE RD OPP FOREST DR,51.55529096591754,97.02037709746513
E16540,6.6977275,DEVILLIERS ST AT WYLIE AVE,51.57017413305552,97.02295508156422
E09620,6.693182,BRERETON ST AT DOBSON ST,51.58505730019348,97.02553131608082
S35050,6.69318155,MONONGAHELA BLVD OPP #1224,51.59994046733145,97.02810755042421
N10900,6.6909089999999996,BRIGHTON RD AT FARRIS ST STEPS,51.61482363446941,97.03068291005336
S70360,6.688636363636364,BOWMAN AVE AT POPLAR ST,51.62970680160738,97.03325739493498
E55380,6.6840909,VERONA RD AT HUDSON ST,51.64458996874535,97.03583013024813
N08420,6.681818181818179,BEAVER ST AT MAIN ST FS,51.65947313588332,97.03840199078228
N13860,6.681818,CENTER AVE AT HAWTHORNE AVE,51.674356303021284,97.04097385124643
E70939,6.6772730000000005,CENTRE AVE OPP JUNILLA ST STEPS FS,51.68923947015925,97.04354396232058
E35440,6.6750003,LIBERTY AVE AT WINEBIDDLE ST,51.70412263729721,97.0461131986227
N28040,6.67499985,ITIN ST AT DIANA ST,51.719005804435184,97.04868243475163
N08720,6.670454545454547,BEAVER ST OPP CAMP MEETING RD,51.73388897157315,97.0512499213733
W23097,6.66136365,SUMMIT PARK DR AT HOME DR,51.74877213871112,97.05381390887024
W02700,6.6477275,BROADWAY AVE AT 15TH ST,51.763655305849085,97.05637264775446
W22890,6.640909425,STEUBENVILLE PIKE OPP #6181,51.778538472987044,97.0589287623323
S70355,6.6363635,EAST PITTSBURGH-MCKEESPORT BLV OPP THE LANE,51.79342164012502,97.06148312716407
X18780,6.6363635,VIRGINIA AVE AT KEARSARGE ST,51.808304807262985,97.06403749199582
E09400,6.6295456999999995,BRADDOCK AVE OPP GUTHRIE ST,51.82318797440095,97.06658923262708
E20940,6.6227274000000005,FRANKSTOWN RD AT CRESTVIEW RD,51.83807114153892,97.06913834886535
S23790,6.6227272500000005,HWY RT 51 AT PARTY CITY (CENTURY III),51.85295430867689,97.07168746504591
E21150,6.6136364,FRANKSTOWN RD AT LONG RD,51.86783747581485,97.0742330821192
N50250,6.61363635,SOUTH SIDE AVE OPP ENTRANCE ST,51.88272064295282,97.07677869917327
E47530,6.609090909090908,PITCAIRN-TRAFFORD RD AT HAYMAKER RD FS,51.897603810090786,97.07932256666759
S70466,6.60909075,MAPLE DR AT HOLLYROOD DR,51.91248697722875,97.08186643410068
S70459,6.6068181500000005,CAMP HOLLOW RD AT LEBANON CHURCH RD,51.927370144366726,97.08440942680025
E70329,6.595454545454546,STRANAHAN ST AT BRUSHTON AVE,51.942253311504686,97.08694804559961
E53700,6.5909089,SWISSVALE AVE AT HILL AVE,51.95713647864265,97.08948491476048
N13540,6.5886365,CATOMA ST AT LANARK ST,51.97201964578062,97.09202090926485
E70279,6.586363775000001,UNIVERSAL RD AT ANTHON DR,51.986902812918586,97.09455602898757
N45010,6.586363636363634,PITTSBURGH ST OPP PILLOW AVE,52.00178598005656,97.09709114865694
S70262,6.584091000000001,BAUSMAN AVE OPP ROMEYN ST,52.01666914719452,97.09962539357882
S02270,6.581818181818179,5TH ST AT VIOLA AVE,52.03155231433249,97.1021587636832
E51070,6.579545550000001,SCHENLEY AVE OPP PACIFIC AVE,52.04643548147045,97.10469125904181
E37260,6.5795455,LONG RD AT FRANKSTOWN RD,52.06131864860842,97.1072237543812
S70422,6.572727272727273,WALNUT ST AT 1ST EVANGELICAL FREE CHURCH,52.076201815746394,97.10975362535561
E46940,6.5704545,PENN CENTER BLVD OPP PENN TOWERS (UPPER),52.09108498288436,97.11228262153003
S24160,6.563636363636361,HWY RT 51 AT STILLEY RD,52.10596815002232,97.11480899337445
S01150,6.5636361999999995,SECOND AVE OPP MANSION ST,52.12085131716029,97.1173353651559
N14030,6.561363999999999,CENTER AVE AT PERRYSVILLE RD,52.135734484298254,97.1198608623578
S01140,6.5568185,SECOND AVE OPP JOHNSTON AVE,52.15061765143623,97.1223846099772
X20280,6.55681825,WEST LIBERTY AVE OPP BELLE ISLE AVE,52.165500818574195,97.12490835750039
E38750,6.54999995,MARK DR AT GROVE RD,52.180383985712155,97.1274294806306
W25450,6.547727272727276,WASHINGTON PIKE OPP VANADIUM RD,52.19526715285012,97.12994972899757
N71304,6.547727249999999,MATHIAS ST AT MANOR CARE DRVWY,52.21015031998809,97.13246997735578
E48890,6.547727,ROBINSON ST AT TERRACE ST,52.22503348712606,97.13499022561778
N08510,6.5409095,BEAVER ST AT PEEBLES ST,52.23991665426403,97.13750784979473
S70190,6.538636363636365,KENNEDY AVE AT 6TH ST,52.254799821401996,97.1400245990317
E13040,6.529545454545454,CENTER AVE AT GRANDVIEW AVE,52.269682988539955,97.14253784913872
N19015,6.527272727272731,EVERGREEN AVE OPP JOHN ST,52.28456615567792,97.14505022446323
E70154,6.5181819,WOODSTOCK AVE AT BELMAR PL,52.299449322815896,97.14755910068926
X17652,6.51818175,SOUTHERN AVE AT CARFEL WAY,52.31433248995386,97.15006797685756
X19930,6.513636363636365,WEST LIBERTY AVE AT BLAINE ST,52.32921565709183,97.15257510348711
W15770,6.511364,NEVILLE RD OPP GULF OIL ENTRANCE,52.34409882422979,97.15508135547411
TP7105,6.5113635,NORTH HILLS VILLAGE TERMINUS,52.358981991367756,97.15758760726868
W07800,6.50454545,GRAND AVE AT ORCHARD ST,52.37386515850573,97.16009123476651
X05120,6.4931818181818155,DEWEY AVE OPP BANK ST,52.3887483256437,97.1625904883536
E39400,6.490909200000001,MILWAUKEE ST OPP BRYN MAWR RD,52.40363149278166,97.16508886720018
N14940,6.4886363,CHESTNUT ST AT PHINEAS ST (EAST OHIO),52.41851465991964,97.1675863711978
S70331,6.48181818181818,9TH ST AT HEMLOCK WAY,52.43339782705759,97.17008125087241
S70300,6.481818,EAST PITTSBURGH MCKEESPORT BLV AT MARYLAND AVE,52.448280994195564,97.17257613047707
E05940,6.4795455,BEECHWOOD BLVD AT FORWARD AVE,52.46316416133353,97.17507013538669
N52620,6.4795454999999995,TROY HILL RD AT VINIAL ST,52.4780473284715,97.17756414029631
X17736,6.470454650000001,SOUTHERN AVE OPP SHILOH ST,52.49293049560947,97.1800546460987
E44890,6.470454500000001,PARK HILL DR AT EAST HILLS DR,52.507813662747424,97.18254515184336
E70767,6.461363525,4TH AVE AT HAWKINS AVE,52.5226968298854,97.18503215843266
N22040,6.456818181818185,FREEPORT RD AT WILSON AVE,52.537579997023364,97.18751741549984
S70461,6.4522727,LEBANON SCHOOL RD AT LIVINGSTON RD FS,52.55246316416133,97.19000092299154
N22690,6.447726994999999,FREEPORT RD OPP #1150,52.567346331299305,97.19248268082184
E55320,6.4409093,VERONA BLVD AT LINCOLN AVE,52.58222949843727,97.19496181449205
X02160,6.440909045,BOWER HILL RD AT KELSO RD,52.59711266557523,97.19744094806408
W70174,6.4386366,UNIVERSITY BLVD AT CARNOT RD,52.6119958327132,97.19991920696229
E70335,6.4386360499999995,WHITFIELD ST AT BAUM BLVD,52.626878999851165,97.20239746564879
W00280,6.4340909090909095,3RD ST AT MAIN ST FS,52.64176216698914,97.20487397489103
W19493,6.4340906250000005,PARK MANOR BLVD OPP ROBINSON LN,52.656645334127106,97.20735048402392
E21670,6.4295453,FRANKSTOWN RD OPP LIME HOLLOW RD,52.671528501265065,97.20982524364167
N13050,6.4295453,CALIFORNIA AVE AT STRANMORE ST,52.68641166840303,97.21230000325943
E15050,6.4272730000000005,COLUMBO ST AT PACIFIC AVE,52.701294835541,97.21477388825916
E44810,6.42727275,PALLAS ST AT BRINTON AVE,52.71617800267897,97.21724777316267
N44460,6.427272727272728,PITTSBURGH ST AT ALLEGHENY AVE,52.73106116981694,97.21972165805741
N54620,6.425,WOODLAND AVE AT BRIGHTON RD,52.7459443369549,97.22219466816966
E20770,6.4090907999999995,FRANKSTOWN AVE OPP JULIUS ST,52.760827504092866,97.22466155476248
S31230,6.4090907,MAIN ST AT E JAMES ST,52.77571067123083,97.2271284413168
E18490,6.406818,ELLSWORTH AVE AT DEVONSHIRE ST,52.79059383836881,97.2295944530991
W21100,6.3977267,STANHOPE ST AT W CARSON ST,52.80547700550677,97.23205696560098
E35050,6.390909045,LIBERTY AVE AT 30TH ST,52.82036017264474,97.23451685395814
W26190,6.3818185,W PROSPECT AVE AT ARBORDALE ST FS,52.8352433397827,97.23697324332548
E29740,6.3795455,HOMEWOOD AVE AT HAMILTON AVE,52.85012650692067,97.23942875780534
W07600,6.370454499999999,GRAND AVE AT 2ND ST,52.86500967405864,97.24188077312023
E09290,6.361363636363638,BRADDOCK AVE AT TURTLE CRK MENTAL HEALTH CTR,52.87989284119661,97.24432928932262
S06305,6.3522725,BERND ST AT BAUSMAN ST,52.894776008334574,97.24677430630759
E05515,6.340909,BEATTY ST AT BAUM BLVD NS,52.909659175472534,97.24921494943254
E07910,6.334091,BIGELOW ST AT TESLA ST,52.9245423426105,97.25165296828
N24280,6.33409090909091,GRANT AVE OPP JEFFERSON AVE,52.939425509748474,97.25409098709247
W24540,6.322727272727272,WASHINGTON AVE OPP MURRAY ST,52.95430867688644,97.25652463199246
S35210,6.320454775,ST JOSEPH ST OPP ORMSBY ST,52.96919184402441,97.25895740219832
N45690,6.32045455,RHINE ST AT ITIN ST,52.98407501116238,97.26139017231759
X18570,6.31136375,VANADIUM RD AT ELMBROOK LN,52.998958178300335,97.26381944334884
W70141,6.311363549999999,PARK MANOR BLVD AT ROBINSON CENTER DR FS,53.01384134543831,97.26624871430313
N14550,6.304545650000001,N CHARLES ST AT IRWIN ST,53.028724512576275,97.2686753610184
E14300,6.302272845000001,CHISLETT ST OPP VETTER ST,53.04360767971424,97.27110113292126
W26340,6.30227265,W PROSPECT AVE OPP ALLEGHENY VALLEY SCHOOL,53.058490846852216,97.27352690474906
S70601,6.290908999999999,BELTZHOOVER AVE AT SYLVANIA AVE,53.07337401399017,97.27594830265916
W08249,6.28863615,GREENTREE RD AT GREENBRIAR DR,53.08825718112814,97.2783688257395
S31220,6.281818275,MAIN ST AT W EDNA ST,53.10314034826611,97.28078672459046
X19990,6.272727,WEST LIBERTY AVE AT BROOKSIDE AVE,53.118023515404076,97.2832011241706
N43810,6.26818185,PERRYSVILLE AVE AT #3436,53.13290668254205,97.28561377430299
W15730,6.256818149999999,NEVILLE RD AT GULF OIL ENTRANCE,53.14778984968002,97.28802205049838
N45820,6.2545455,RIALTO ST AT LEY ST,53.162673016817976,97.29042945194105
E51025,6.252272549999999,SAVANNAH AVE AT UNION ST,53.17755618395594,97.29283597851548
N35670,6.243181999999999,MT ROYAL BLVD AT CAMPBELL PL,53.19243935109391,97.29523900609816
W10410,6.24090905,ISLAND AVE AT GLENN WAY,53.207322518231884,97.29764115881258
N18005,6.2386365,EAST ST AT LAREDA ST,53.22220568536985,97.30004243681277
E32755,6.234090849999999,JOHNSTON AVE OPP #643,53.23708885250781,97.30244196517273
E70589,6.229545454545457,7TH ST AT BRADDOCK AVE,53.25197201964578,97.30483974399046
E59365,6.2272731,WOOD ST AT MOOSEHEART ST,53.266855186783744,97.30723664816915
N12975,6.21590885,CALIFORNIA AVE AT #3228,53.28173835392172,97.30962917819917
W21490,6.209090909090911,STEUBEN ST AT DUNCAN AVE,53.296621521059684,97.31201908397443
S39860,6.200000045,PROSPECT RD OPP GIESE DR,53.311504688197644,97.31440549063704
N15685,6.19545475,CORBETT CT AT TOWNE TOWERS NORTH,53.32638785533561,97.31679014779608
W20450,6.188636363636366,ROBB ST AT HELEN ST,53.34127102247358,97.3191721805289
E48490,6.1863635,REYNOLDS ST AT LANG AVE,53.35615418961155,97.32155333842672
S00860,6.1818185,SECOND AVE AT JOHNSTON AVE,53.37103735674952,97.32393274693453
N15040,6.1818183499999995,CHESTNUT ST OPP CONCORD ST,53.385920523887485,97.3263121553846
E17320,6.181818099999999,EAST HILLS DR AT PARK HILL DR,53.400803691025445,97.32869156373845
N15020,6.174999925000001,CHESTNUT ST AT SUISMON ST,53.41568685816341,97.33106834774742
S19330,6.1727275,GEARING AVE AT FREELAND ST,53.430570025301385,97.33344425709025
W10650,6.1659084,JEFFERS ST AT FADETTE ST,53.44545319243935,97.3358175417322
E03450,6.1636365,ALLEGHENY RIVER BLVD AT PLUM ST FS,53.46033635957732,97.33818995191005
E32750,6.152272999999999,JOHNSTON AVE AT BROADVIEW DR FS,53.47521952671528,97.34055798822794
S28690,6.147727045,LEBANON RD AT NOBLE DR,53.490102693853245,97.34292427478819
S70264,6.1454545,BAUSMAN AVE AT BERND ST,53.50498586099122,97.34528968663612
E46820,6.143182045,PENN AVE OPP SUMMIT ST,53.519869028129186,97.34765422380633
E37230,6.1431816,LONG RD AT CLEMATIS BLVD,53.53475219526715,97.35001876080528
N40430,6.13409095,OLD FREEPORT RD AT POST OFFICE,53.54963536240513,97.35237979877398
E44795,6.122727525,PANTHER HOLLOW RD OPP SCHENLEY PARK POOL,53.56451852954308,97.35473646291156
W07680,6.122727,GRAND AVE AT GIBSON LN,53.57940169668105,97.35709312684706
N08670,6.11818185,BEAVER ST AT STRAIGHT ST,53.59428486381902,97.3594480413348
E52770,6.11136345,STANTON AVE AT MORNINGSIDE AVE,53.60916803095699,97.36180033139107
E10210,6.109090849999999,WOLFE AVE AT PALLAS ST,53.62405119809496,97.36415174671382
E58380,6.104545454545455,WM PENN HWY AT DENNY'S,53.63893436523291,97.36650141249434
S70022,6.1,KNOEDLER RD AT BALDWIN TOWERS (#200),53.65381753237089,97.36884932870987
E58400,6.099999999999999,WM PENN HWY AT NORTHERN PIKE FS,53.668700699508854,97.37119724492541
S70343,6.095454545454545,BOWMAN AVE AT POPLAR ST,53.68358386664682,97.37354341157595
S04730,6.090908949999999,ARLINGTON AVE OPP FREDERICK ST,53.698467033784794,97.37588782860726
N21220,6.088636363636362,FREEPORT RD AT GUYS RUN RD,53.71335020092276,97.3782313709103
N33470,6.081818181818184,MERCHANT ST AT 10TH ST,53.72823336806072,97.38057228886588
E52720,6.081818,STANTON AVE AT JANCEY ST,53.74311653519869,97.38291320675147
S03530,6.0772727272727245,9TH AVE AT AMITY ST,53.757999702336654,97.38525237514204
N71323,6.075,CENTER AVE AT PENNSYLVANIA AVE,53.77288286947463,97.38759066875014
S13872,6.0727269999999995,CURRY HOLLOW RD OPP ARBOR LN,53.787766036612595,97.38992808747075
E58130,6.068182,WINTERBURN AVE OPP BLANTON ST,53.802649203750555,97.39226375680133
E70971,6.068181818181817,BRINTON RD OPP BRINTON MANOR DR W,53.81753237088852,97.39459942606193
S70565,6.065909275,MOUNTAIN AVE AT SCHULER ST,53.83241553802649,97.3969342206109
W70108,6.056818181818181,CRENNELL AVE AT LINWOOD AVE,53.84729870516446,97.39926551595903
X20370,6.04545475,WEST LIBERTY AVE OPP PAULINE AVE,53.86218187230243,97.40159243747343
W24530,6.045454545454548,WASHINGTON AVE OPP MARSHALL AVE,53.877065039440396,97.40391935890908
N40240,6.045454545454545,OHIO RIVER BLVD OPP KENDALL AVE,53.891948206578355,97.40624628034473
S48562,6.0454545,WEYMAN RD AT HENNIG DR FS,53.90683137371632,97.40857320176289
E08070,6.043182044999999,BLUFF ST AT STEVENSON ST,53.921714540854296,97.41089924850336
S40010,6.040909275000001,PROVOST RD AT MULBERRY CT,53.93659770799226,97.41322442044488
E55810,6.0363638,VERONA RD OPP RIVERVIEW DR,53.95148087513023,97.41554784281354
E07880,6.0363635,BIGELOW ST AT MCCASLIN ST,53.96636404226819,97.41787126506674
S27300,6.029545454545457,KENNEDY AVE AT MIFFLIN ST,53.981247209406156,97.42019206302493
W14480,6.025,MIDDLETOWN RD AT TYNDALL ST,53.99613037654413,97.42251111141813
N21240,6.0249999999999995,PITTSBURGH ST AT HARTREY ST,54.0110135436821,97.42483015981134
E70400,6.0227272,GREENFIELD RD AT OVERLOOK DR,54.025896710820064,97.42714833339406
W20230,6.020454545454547,E RAILROAD ST AT COLLIER AVE,54.04077987795802,97.42946563222226
N08100,6.0181819,BEAVER AVE AT NORTH AVE,54.05566304509599,97.43178205629948
E40980,6.013636395000001,MT CARMEL RD OPP HIGHLANDVIEW ST,54.070546212233964,97.43409673079228
N44450,6.0136363636363654,PITTSBURGH ST AT ALLEGHENY AVE,54.08542937937193,97.43641140527302
N36085,6.0136363,MT ROYAL BLVD AT PENNVIEW AVE,54.1003125465099,97.43872607972925
N14310,6.013636,CENTER AVE OPP RIDGEWOOD AVE STEPS,54.115195713647864,97.44104075407
E32746,6.011363749999999,JOHNSTON AVE AT RIVERMONT DR FS,54.130078880785824,97.44335455381199
E44730,6.004545454545455,OXFORD DR AT MALL BLVD,54.1449620479238,97.44566572916274
N36050,5.99318165,MT ROYAL BLVD AT MOREWOOD RD,54.159845215061765,97.4479725305363
N43255,5.9909091000000005,PERRY HWY OPP WEST VIEW AVE FS,54.17472838219973,97.45027845719557
S13270,5.9886365,COMMONWEALTH AVE OPP RITE AID,54.1896115493377,97.45258350912135
S13680,5.981818181818185,CRAWFORD AVE AT CATHERINE ST,54.20449471647566,97.45488593664714
S09520,5.9795453,BROWNSVILLE RD OPP MCANULTY RD,54.21937788361363,97.45718748933099
N21350,5.977273,FREEPORT RD AT #1372,54.2342610507516,97.45948816739678
E70934,5.97500025,LOWES DR AT FOX PLAN RD FS,54.249144217889565,97.46178797067134
W16990,5.961363700000001,NOBLESTOWN RD AT HAWTHORNE ST,54.26402738502753,97.46408252517918
W21670,5.959090909090912,STEUBEN ST AT RICHMOND ST,54.278910552165506,97.46637620488004
N08570,5.95909090909091,BEAVER ST AT RIVER RD,54.293793719303466,97.46866988458089
E48360,5.956818025,REBECCA AVE AT CRAFT ST,54.30867688644143,97.4709626894389
E25750,5.9500001000000005,GREENSBURG PIKE AT UNION AVE,54.3235600535794,97.47325287004827
E70990,5.947727350000001,BEDFORD AVE AT WASHINGTON PL FS,54.338443220717366,97.47554217586641
S70487,5.947727272727275,FIFTH AVE AT LATTERMAN FAMILY HEALTH CENTER,54.35332638785534,97.4778314816548
W23096,5.943181699999999,SUMMIT PARK DR AT CHAUVET DR #1,54.3682095549933,97.48011903783271
S01020,5.9409091499999995,SECOND AVE OPP VESPUCIUS ST,54.383092722131266,97.48240571929635
E70112,5.9409089999999996,LARIMER AVE AT DEARY ST,54.39797588926923,97.48469240070227
N31480,5.936364,MAIN ST AT 23RD ST,54.4128590564072,97.48697733271814
N33210,5.936363500000001,MEADVILLE ST AT RISING MAIN AVE,54.427742223545174,97.48926226454157
W00400,5.931818181818181,4TH AVE AT WATT ST,54.44262539068314,97.49154544685248
N40400,5.925,OHIO RIVER BLVD OPP SHILOH AVE,54.4575085578211,97.49382600481593
X17730,5.922727,SOUTHERN AVE OPP DEWITT ST,54.47239172495907,97.49610568789191
W24190,5.922727,WASHINGTON AVE AT HOPE HOLLOW RD FS,54.487274892097034,97.49838537096788
S34160,5.913636645,MIFFLIN RD AT MOHRBACH ST FS,54.50215805923501,97.50066155512715
N41020,5.9136363636363605,PEEBLES RD AT MCINTYRE SQUARE DR FS,54.517041226372974,97.50293773917812
S14746,5.911363636363637,DUQUESNE BLVD AT OVERLAND AVE,54.531924393510934,97.5052130484466
E20880,5.90681835,FRANKSTOWN RD AT CHAMPA ST,54.5468075606489,97.50748660821482
N21715,5.90681818181818,FREEPORT RD AT PRINCETON AVE,54.56169072778687,97.5097601679183
S04330,5.904545500000001,ARLINGTON AVE AT COLOGNE ST,54.57657389492484,97.51203285285679
X04450,5.8977275,COCHRAN RD AT ALTOONA PL,54.59145706206281,97.51430291351778
E38666,5.8886365000000005,MAPLE AVE OPP #843,54.60634022920077,97.5165694750138
S01530,5.888636363636365,4TH ST AT KENNEDY AVE,54.621223396338735,97.51883603645733
S24495,5.874999799999999,HWY RT 51 AT PRIMANTI BROTHERS,54.6361065634767,97.52109734912891
E09010,5.8727273,BRADDOCK AVE AT PENN AVE,54.650989730614675,97.52335778710548
N40380,5.86818181818182,OHIO RIVER BLVD AT SPRING AVE STEPS,54.66587289775264,97.52561647550657
X04610,5.8681815,COCHRAN RD AT ROESSLER RD,54.68075606489061,97.52787516378517
E09820,5.86590905,BRINTON AVE OPP QUARRY AVE,54.69563923202857,97.53013297738799
E70859,5.8636365,BRERETON ST AT 30TH ST,54.710522399166535,97.53238991627657
E70943,5.8613634999999995,ALLEQUIPPA ST AT CENTRE AVE,54.72540556630451,97.53464598027767
N43390,5.859091,PERRYSVILLE AVE AT CHERRYFIELD ST,54.740288733442476,97.53690116958377
X02310,5.854545549999999,BOWER HILL RD AT ROCKHILL RD,54.75517190058044,97.53915460932663
E70371,5.8545455,ALLEQUIPPA ST AT WHITRIDGE ST,54.7700550677184,97.54140804905023
S14300,5.852272727272725,DESIDERIO BLVD AT JEFFERSON DR,54.78493823485637,97.54366061397384
W25390,5.8500003,WASHINGTON PIKE OPP RACEWAY PLAZA,54.79982140199434,97.54591230423044
E35980,5.845454500000001,LINCOLN AVE AT #409,54.81470456913231,97.54816224478908
E58730,5.840909090909092,WM PENN HWY AT #4155 (PANDA EXPRESS),54.82958773627028,97.55041043580022
S70265,5.834091145,S 21ST ST AT SIDNEY ST,54.84447090340825,97.55265600255468
S70339,5.820454545454545,MONONGAHELA AVE AT HARRISON ST,54.8593540705462,97.55489632052338
X08927,5.8204545,KATHLEEN ST AT HARWOOD ST,54.87423723768418,97.55713663847457
N13800,5.8181819,CENTER AVE AT CORNELL AVE,54.889120404822144,97.55937608169225
E52450,5.8181815,SOUTH AVE AT SWISSVALE AVE,54.90400357196011,97.56161552475598
N08550,5.81363636363636,BEAVER ST AT RAPP ST,54.918886739098085,97.56385321837719
N10590,5.8090909,BRIGHTON RD AT PERROTT ST,54.93376990623604,97.56608916242992
X01905,5.806818399999999,BOGGS AVE AT LELIA ST,54.94865307337401,97.56832423178761
E18980,5.804545500000001,FIESTA DR OPP RIVIERA DR,54.96353624051198,97.57055842629633
E56400,5.80454545,WASHINGTON BLVD AT SHETLAND ST,54.978419407649945,97.5727926207858
S06271,5.804545299999999,BELTZHOOVER AVE AT CLIMAX ST,54.99330257478792,97.57502681521754
E44950,5.79999995,PARK HILL DR AT #2501,55.008185741925885,97.57725926012453
S25590,5.79318185,IRVINE ST AT BERWICK ST,55.023068909063845,97.57948908071553
N71282,5.793181818181814,GRANT AVE AT BLACK ST,55.03795207620181,97.5817189012943
N44020,5.7931816000000005,PERRYSVILLE AVE OPP #1923,55.05283524333978,97.58394872178906
S49510,5.779545454545456,W 5TH AVE OPP WINDSOR ST,55.06771841047775,97.58617329367286
S23910,5.7704545000000005,HWY RT 51 AT LEWIS RUN RD,55.08260157761572,97.58839436640916
S11400,5.765909500000001,CHARLES ST AT BELTZHOOVER AVE,55.09748474475368,97.59061368975544
X05910,5.7613635,FREEDOM AVE AT WAREMAN AVE,55.112367911891646,97.59283126332679
E58370,5.75909065,WM PENN HWY AT HOME DEPOT,55.12725107902961,97.5950479620684
W70156,5.75681818181818,4TH AVE AT CHESTNUT ST,55.142134246167586,97.59726378612724
S70499,5.756818045,SPENCER AVE AT BEAU ST,55.15701741330555,97.59947961013341
E09840,5.7522729,BRINTON AVE AT RAVINE ST,55.17190058044352,97.60169368469374
E70403,5.7522725,BIGELOW ST AT MCCASLIN ST,55.18678374758148,97.60390775910011
S23530,5.747727149999999,HWY RT 51 AT BEALL DR,55.201666914719446,97.60612008398175
E51531,5.7363634999999995,SHADY AVE OPP BRAEBURN PL,55.21655008185742,97.60832803494566
W10600,5.734090999999999,ISLAND AVE OPP #1308,55.23143324899539,97.61053511121453
S26990,5.734090950000001,JOSEPHINE ST AT #3237,55.246316416133354,97.61274218746418
S27594,5.731818181818186,KNOEDLER RD OPP MERRYHEART HOME (#100),55.26119958327131,97.61494838891558
E15070,5.7272729,COLUMBO ST AT #5149,55.27608275040928,97.61715284086847
N21400,5.722727272727273,FREEPORT RD AT MAPLE AVE,55.290965917547254,97.61935554318988
E70377,5.7204545,FIFTH AVE AT FRANKSTOWN AVE,55.30584908468522,97.62155737071132
E70743,5.7136365,TILDEN ST AT #7182,55.32073225182319,97.62375657395526
W18220,5.7022728,NOBLESTOWN RD AT HOLIDAY DR,55.33561541896115,97.6259514032622
X17720,5.7022728,SOUTHERN AVE OPP SOFFEL ST,55.350498586099114,97.62814623256918
N08200,5.7022725450000005,BEAVER ST AT BOUNDARY ST FS,55.36538175323709,97.630341061778
E44930,5.6977275,PARK HILL DR AT #2401,55.380264920375055,97.63253414157946
S48690,5.6954545,WHITAKER ST AT OAK ST,55.39514808751302,97.63472634649345
N14000,5.6886365,CENTER AVE AT PARK AVE,55.410031254650995,97.63691592712995
E29830,5.6840910000000004,HOMEWOOD AVE AT KELLY ST,55.42491442178895,97.63910375818395
E03290,5.6727273,ALGER ST AT WINTERBURN AVE,55.43979758892692,97.64128721530099
S23730,5.67045475,HWY RT 51 AT GLENBURN DR,55.45468075606489,97.64346979770376
N42430,5.6704545,PERRY HWY AT MCDONALDS,55.469563923202855,97.64565238001032
S01810,5.668181818181818,5TH AVE AT PIRL ST,55.48444709034083,97.64783408755187
S06274,5.66818175,BELTZHOOVER AVE AT FREELAND ST,55.49933025747878,97.65001579506718
S70450,5.663636363636363,BLOSSOM DR AT CLELIA DR,55.514213424616756,97.65219575304374
S33320,5.661363499999999,MCKINLEY ST OPP GROGAN AVE,55.52909659175472,97.65437483618533
N24250,5.65,GRANT AVE AT WASHINGTON AVE FS,55.54397975889269,97.6565495454669
W04260,5.647727272727275,CHARTIERS AVE EXT AT STATE ST,55.55886292603066,97.65872337996602
W00490,5.638636363636364,5TH AVE AT CHESS ST FS,55.57374609316863,97.66089371533513
S70502,5.63863625,SPENCER AVE AT CUSTER AVE,55.58862926030659,97.66306405066052
E16560,5.638636,DOBSON ST AT BRERETON ST FS,55.60351242744456,97.66523438588968
S39770,5.63636385,PROSPECT RD AT STILLEY RD FS,55.61839559458252,97.66740384655853
X17700,5.6318183,SOUTHERN AVE AT PROSPECT ST,55.6332787617205,97.66957155762566
E02929,5.62499985,AIKEN AVE AT KINCAID ST,55.648161928858464,97.67173664424207
E44960,5.6227275,PARK HILL DR AT #2567,55.663045095996424,97.67390085622122
N11980,5.6181819,BROWNS LN AT CORBETT CT,55.67792826313439,97.67606331857938
W08210,5.615909090909091,GREENTREE RD OPP BANBURY LN,55.69281143027236,97.67822490612356
N06010,5.6045455,ARCH ST OPP ALLEGHENY MIDDLE SCHOOL,55.70769459741033,97.68038211977276
W01850,5.6,BERRY ST AT SCOTIA ST,55.7225777645483,97.68253758383948
S05280,5.5977274999999995,BAPTIST RD AT MCKEE DR FS,55.737460931686265,97.68469217321118
N13100,5.5977270500000005,CALIFORNIA AVE AT WINHURST ST FS,55.752344098824224,97.68684676240966
N13990,5.5954546,CENTER AVE AT PARK AVE,55.76722726596219,97.68900047693238
W07990,5.586364,GRAND AVE OPP ARMY CORPS OF ENGINEERS,55.782110433100165,97.69115069244408
X02650,5.5863635,BOWER HILL RD OPP SERPENTINE DR,55.79699360023813,97.69330090776334
S70315,5.572727272727275,COAL VALLEY RD AT JEFFERSON PHYSICAL THERAPY DRV,55.8118767673761,97.69544587444013
X01280,5.56818165,BELTZHOOVER AVE AT KATHLEEN ST,55.82675993451406,97.69758909148717
S70364,5.565909090909095,MONONGAHELA AVE AT HARRISON ST,55.841643101652025,97.69973143381647
X20000,5.5659089999999996,WEST LIBERTY AVE AT CAPE MAY AVE,55.85652626879,97.70187377611077
E26600,5.563636499999999,HAMILTON AVE AT MURTLAND ST,55.871409435927966,97.70401524371006
S31280,5.554545545,MAIN ST AT FULTON ST,55.88629260306593,97.7061532121617
N35810,5.5545455,MT ROYAL BLVD AT GENESSEE AVE FS,55.901175770203906,97.70829118059602
N54640,5.5545455,WOODLAND AVE AT BRIGHTON RD FS,55.91605893734186,97.71042914903033
N36290,5.552272650000001,MT ROYAL BLVD AT UNDERCLIFF ST,55.93094210447983,97.7125662426349
E36910,5.550000000000002,LINDEN AVE AT SR CITIZEN APTS,55.9458252716178,97.71470246148675
S28300,5.54090925,LEBANON CHURCH RD OPP POLK AVE,55.960708438755766,97.71683518126983
E70816,5.5340910999999995,FORBES RD AT HAYMAKER RD FS,55.97559160589374,97.7189652767177
N32840,5.531818181818183,MCKNIGHT RD AT PERRYMONT RD,55.99047477303169,97.72109449730956
W03370,5.5295455,CHARTIERS AVE AT EYRE WAY,56.00535794016967,97.72322284313645
X08930,5.5295453,KATHLEEN ST AT JUDICIAL ST,56.02024110730763,97.72535118888635
W02920,5.527272775,CAROTHERS AVE AT LOCUST ST,56.0351242744456,97.7274786599316
N14670,5.5227275,N CHARLES ST AT STRAUSS ST,56.050007441583574,97.72960438148098
S48257,5.5227272727272725,WATERFRONT DR OPP COMMONWEALTH BANK,56.06489060872153,97.73173010294288
E20820,5.522727045,FRANKSTOWN RD AT BANYON DR,56.0797737758595,97.73385582431713
E50985,5.52045479,SAVANNAH AVE AT BIDDLE AVE,56.09465694299747,97.73598067109066
W10550,5.518182,ISLAND AVE OPP FLEMING AVE,56.109540110135434,97.73810464305754
S31460,5.504545350000001,MAIN ST AT MARION ST,56.12442327727341,97.74022336621925
S27040,5.4977275,JOSEPHINE ST OPP #3201,56.139306444411375,97.7423394651612
S14743,5.488636363636363,DUQUESNE BLVD OPP FAIRMONT AVE,56.154189611549334,97.74445206488568
E28720,5.477273,HERRON AVE AT HANCOCK ST,56.1690727786873,97.74656029080265
E48690,5.4772725,ROBINSON BLVD OPP SUNRISE AVE,56.18395594582527,97.74866851652718
E70852,5.475000045,HAZELWOOD AVE OPP NANSEN ST,56.19883911296324,97.750775867574
E51260,5.475,SHADY AVE AT AYLESBORO AVE,56.21372228010121,97.75288321860351
S34080,5.4727275,MIFFLIN RD AT HAYS SCHOOL,56.22860544723917,97.754989694938
X04590,5.468182,COCHRAN RD AT NAVATO PL,56.243488614377135,97.75709442169003
E13770,5.46363685,CENTRE AVE AT #5803,56.2583717815151,97.75919739899427
E07600,5.456818,BIGELOW BLVD AT FINLAND ST,56.273254948653076,97.76129775169385
W17080,5.4522729,NOBLESTOWN RD AT #2094,56.28813811579104,97.7633963549649
S48600,5.4522725,WEYMAN RD OPP VILLAGE LN,56.30302128292901,97.76549495808197
E55855,5.4500002,WADSWORTH ST AT ROBINSON ST,56.31790445006697,97.76759268658103
E52735,5.449999775,STANTON AVE AT MCCANDLESS AVE,56.332787617204936,97.7696904149165
N44640,5.4431821,PITTSBURGH ST AT JAMES ST FS,56.34767078434291,97.77178551909955
S39920,5.43636365,PROVOST RD AT BARLIND DR,56.362553951480876,97.7738779988319
E06490,5.4340913,BEELER ST OPP UNGER LN FS,56.37743711861884,97.77596960392697
N43770,5.422727399999999,PERRYSVILLE AVE AT CUTLER ST,56.3923202857568,97.7780568350081
E25357,5.420454299999999,GREENFIELD AVE AT FRAZIER ST,56.40720345289477,97.78014319116326
S13670,5.404545454545455,CRAWFORD AVE OPP 5TH ST,56.422086620032744,97.78222342393543
N14790,5.402273,N CHARLES ST OPP STRAUSS ST,56.43696978717071,97.7843027820301
S70130,5.4,LEBANON CHURCH RD AT COMFORT INN,56.45185295430868,97.78638126523728
S70600,5.3999999,BALDWIN RD AT GLASS RUN RD FS,56.46673612144665,97.78845974840598
E57610,5.399999695,WILKINS AVE AT #6640,56.481619288584604,97.79053823149577
X00610,5.39545475,BANKSVILLE RD AT CRANE AVE,56.49650245572258,97.7926149652167
S13933,5.3954545,HORNING RD AT BROUGHTON RD FS,56.511385622860544,97.79469169884139
E10300,5.3909090909090915,BRINTON RD AT #1001,56.52626878999851,97.7967666829186
N13805,5.3886365000000005,CORNELL AVE AT WILLIAM ST,56.541151957136485,97.79884079226579
E01040,5.3863635599999995,FIFTH AVE AT BRENHAM ST FS,56.55603512427444,97.80091402674863
S04660,5.3863635,ARLINGTON AVE OPP COLOGNE ST,56.57091829141241,97.80298726120836
N08840,5.38181818181818,BEAVER ST OPP RAPP ST,56.58580145855038,97.8050587461556
N08560,5.38181818181818,BEAVER ST AT RIVER RD,56.600684625688345,97.80713023110282
E55025,5.381818045,UNIVERSAL RD AT COLLINS DR,56.61556779282632,97.80920171599739
E70004,5.3795455,EAST HILLS DR AT #2340,56.63045095996427,97.81127232617962
E07050,5.3772725,BENTLEY DR AT NIGH WAY,56.645334127102245,97.81334206147439
E44797,5.37500005,PANTHER HOLLOW RD AT PANTHER HOLLOW BRIDGE FS,56.66021729424021,97.81541092209338
N71252,5.370454545454546,OHIO RIVER BLVD OPP LOCUST ST,56.67510046137818,97.81747803312813
E51350,5.370454499999999,SHADY AVE AT HASTINGS ST,56.68998362851615,97.8195451441454
N13215,5.368181750000001,CALIFORNIA AVE OPP #3228,56.70486679565412,97.82161138037141
S39790,5.36590885,PROSPECT RD AT WAINWRIGHT AVE,56.71974996279208,97.82367674174846
S70518,5.347727272727273,AGNEW RD AT ALAN ST,56.734633129930046,97.82573510495827
N36220,5.347727025,MT ROYAL BLVD AT SHAW PL,56.74951629706801,97.82779346807273
N21340,5.345454545454545,FREEPORT RD AT JEFFERSON AVE,56.76439946420599,97.82985095650004
N39490,5.340909090909095,OHIO RIVER BLVD AT ALLEGHENY AVE,56.77928263134395,97.83190669536236
S21705,5.3386364,HABERMAN RAMP OPP HARWOOD ST STEPS,56.79416579848191,97.83396155945621
E17393,5.3318183,EAST LIBERTY BLVD AT NEGLEY AVE FS,56.80904896561988,97.83601379923404
E58720,5.329545454545457,WM PENN HWY AT KOHL'S DRVWY,56.82393213275785,97.8380651641839
X20090,5.327272727272728,WEST LIBERTY AVE AT LASALLE AVE,56.83881529989582,97.84011565435127
E36340,5.3227272,LINCOLN HWY AT DIX DR,56.85369846703379,97.84216439492565
E04680,5.318181625,BAKER ST AT #7207,56.868581634171754,97.84421138588867
N14500,5.318181500000001,N CHARLES ST AT BRIGHTRIDGE ST,56.883464801309714,97.84625837680359
N71243,5.313636275,CORBET ST AT 2ND AVE,56.89834796844768,97.84830361824187
N23940,5.309090909090905,GRANT AVE AT BLACK ST,56.913231135585654,97.85034711014927
E32277,5.3045455,JAMES ST OPP HARPER DR,56.92811430272362,97.8523888525092
N24120,5.3045454545454565,GRANT AVE AT HERMAN ST,56.94299746986159,97.85443059485159
E21120,5.30227275,FRANKSTOWN RD AT HOWARD ST,56.95788063699955,97.85647146242026
S31390,5.300000000000001,MAIN ST AT LESLIE ST,56.972763804137514,97.85851145519769
E70863,5.299999799999999,TILBURY AVE AT WALDRON ST,56.98764697127549,97.86055144789813
N18610,5.297727350000001,ESSEN ST OPP PENFORT ST,57.002530138413455,97.8625905659228
S70513,5.29772727272727,AGNEW RD AT PENN ST FS,57.01741330555142,97.86462968391773
X05880,5.29545435,FREEDOM AVE AT MERRICK AVE,57.032296472689396,97.86666792705493
S40060,5.2772725,PROVOST RD AT SHADOW DR FS,57.04717963982735,97.86869917191994
E70957,5.2704545,EAST PITTSBURGH MCKEESPORT BLV AT #920,57.06206280696532,97.87072779250744
N13970,5.2704545,CENTER AVE AT OAKWOOD AVE,57.07694597410329,97.87275641309493
N21260,5.2659090909090915,FREEPORT RD AT COMFORT INN,57.091829141241256,97.87478328413494
S70163,5.265909090909091,WALNUT ST AT 9TH AVE,57.10671230837923,97.87681015517494
E35590,5.25681825,LIBERTY AVE AT 32ND ST NS,57.12159547551718,97.87883352711121
S16400,5.2545451,E CARSON ST AT S 2ND ST,57.136478642655156,97.88085602410229
S70174,5.252272727272725,KENNEDY AVE AT 6TH ST,57.15136180979312,97.88287764644731
N24070,5.25,GRANT AVE AT SHERIDAN ST,57.16624497693109,97.88489839400985
E13640,5.2477272500000005,CENTRE AVE AT MOREWOOD AVE,57.18112814406906,97.88691826678117
N31610,5.24318185,MAIN ST AT #1102,57.19601131120703,97.88893639000847
X19400,5.2363638,WASHINGTON RD AT ABBEYVILLE RD,57.21089447834499,97.89095188893904
X04605,5.22727255,COCHRAN RD OPP ROBINWOOD DR,57.22577764548296,97.89296388860839
S21420,5.220454545,GREENSPRINGS AVE OPP HAZEL ST,57.24066081262092,97.89497326399832
E40300,5.220454500000001,MONTIER ST AT HERR ST,57.2555439797589,97.89698263937096
N13740,5.2204545,CENTER AVE OPP CHALFONTE AVE,57.270427146896864,97.89899201474357
X02410,5.218181818181819,BOWER HILL RD AT SYLVA ST,57.285310314034824,97.90100051535119
E39220,5.2113637200000005,MILLER AVE AT GAS ST,57.30019348117279,97.90300639164352
X06860,5.2045455,GRANDVIEW AVE AT AUGUSTA ST,57.31507664831076,97.90500964357366
E55800,5.202272499999999,VERONA RD OPP RANDOLPH LN,57.32995981544873,97.90701202061634
W13200,5.1999999500000005,MCCOY RD OPP DUNN ST,57.3448429825867,97.90901352294476
E70041,5.193182049999999,FRANKSTOWN RD AT EASTWOOD RD,57.35972614972466,97.91101240103416
E53690,5.193182,SWISSVALE AVE AT HILL AVE,57.374609316862625,97.91301127910432
N22780,5.1909090909090905,FREEPORT RD OPP #1101 (MULLIGAN'S),57.38949248400059,97.915009282322
E34559,5.188636499999999,LARIMER AVE OPP WINSLOW ST,57.404375651138565,97.91700641080969
E25362,5.186364,GREENFIELD AVE AT BLANTON ST STEPS,57.41925881827653,97.91900266460235
X18720,5.184090775,VIRGINIA AVE OPP BERTHA ST,57.4341419854145,97.92099804342094
W04370,5.181818181818185,CHARTIERS VALLEY SC DR AT K MART (FRONT),57.44902515255246,97.92299254750864
X17655,5.181818,SOUTHERN AVE AT DEWITT ST,57.463908319690425,97.92498705152637
S30590,5.179545454545453,LYSLE BLVD OPP 5TH AVE,57.4787914868284,97.92698068083158
E25090,5.17500015,GREENFIELD AVE AT BEEHNER RD,57.493674653966366,97.92897256062953
E52385,5.1727273,SOUTH AVE AT COAL ST,57.50855782110433,97.93096356559776
E32754,5.1727270999999995,JOHNSTON AVE AT #635,57.52344098824229,97.932954570489
N40200,5.170454545454545,OHIO RIVER BLVD OPP HARRISON AVE,57.53832415538026,97.93494470066423
E02110,5.168181818181819,5TH ST AT CAVIT AVE,57.55320732251823,97.93693395605698
E57620,5.16590915,WILKINS AVE AT #6647,57.5680904896562,97.93892233668996
N70084,5.16363625,FOREST AVE OPP KLEMONT AVE FS,57.58297365679417,97.94090984247397
N23220,5.159090750000001,TROY HILL RD AT LOWRIE ST,57.59785682393213,97.94289559867549
X04600,5.1568183,COCHRAN RD AT ROBINWOOD DR,57.61273999107009,97.94488048020125
E11922,5.1568182,BUTLER ST AT #6130,57.62762315820807,97.94686536168851
N71179,5.1522727,FOX CHAPEL RD AT FREEPORT RD FS,57.642506325346034,97.9488484935933
E02870,5.15000005,ABER RD OPP HARVEST DR,57.657389492484,97.95083075074533
S46150,5.147727272727275,VERSAILLES AVE AT EVANS ST,57.67227265962197,97.95281213309562
E53070,5.1454545,STANTON AVE OPP MCCANDLESS AVE NS,57.68715582675993,97.9547926406459
S24480,5.143182,HWY RT 51 OPP LEWIS RUN RD,57.7020389938979,97.95677227350119
E51580,5.1431819999999995,SHADY AVE OPP SOLWAY ST,57.71692216103587,97.95875190635645
X13580,5.138636545,PIONEER AVE AT NORTHCREST DR,57.731805328173834,97.96072978964658
N32800,5.13863642,MCKNIGHT RD AT OLD MCKNIGHT RD FS,57.7466884953118,97.96270767288857
N14660,5.1363633,N CHARLES ST AT SHELTON AVE,57.761571662449775,97.96468468119691
S31090,5.134090850000001,MAIN ST AT BOTSFORD ST,57.776454829587735,97.9666608148295
W07830,5.12954545,GRAND AVE AT NEVILLE RECYCLING,57.7913379967257,97.96863519891808
S48670,5.12272705,WHITAKER ST AT MIFFLIN ST FS,57.80622116386367,97.9706069585752
E17395,5.1181815,EAST LIBERTY BLVD AT NEGLEY AVE,57.821104331001635,97.97257696863059
S12510,5.1136362,CLIMAX ST AT ESTELLA AVE,57.83598749813961,97.97454522918046
N12440,5.095454545454548,BUTLER ST AT ISABELLA ST,57.85087066527757,97.97650649153337
S25570,5.0931817,INTERBORO AVE OPP LINDBERG AVE,57.865753832415535,97.97846687905832
S27030,5.088636500000001,JOSEPHINE ST OPP #3033,57.8806369995535,97.98042551711623
X18790,5.0795456,VIRGINIA AVE AT LABELLE ST,57.89552016669147,97.98238065604767
W00660,5.079545454545453,5TH AVE AT WOOD ST FS,57.91040333382944,97.98433579492311
E70963,5.0704545454545435,6TH ST AT MARGARETTA ST,57.92528650096741,97.98628743466858
N70150,5.06818185,REEDSDALE ST AT BOYCE ST,57.94016966810537,97.9882381996438
W21610,5.065909195,STEUBEN ST AT LINHART ST,57.955052835243336,97.99018808986435
X06990,5.065909045,GRANDVIEW AVE AT PLYMOUTH ST,57.9699360023813,97.99213798002715
S27680,5.065908899999999,KNOX AVE AT ROCHELLE ST,57.98481916951928,97.99408787013415
W13300,5.063636363636363,MCCOY RD AT LENORE DR,57.99970233665724,97.99603688553213
W07970,5.061363999999999,GRAND AVE OPP PERSHING RD,58.0145855037952,97.9979850262876
X04332,5.06136365,CEDAR BLVD OPP #1331,58.02946867093317,97.99993316690832
X04050,5.0590911,CEDAR BLVD AT HOLLYCREST DR,58.04435183807114,98.0018804328148
X00660,5.0590910000000004,BANKSVILLE RD AT POTOMAC AVE,58.05923500520911,98.0038276986828
X02320,5.05909095,BOWER HILL RD AT ROCKHILL RD,58.07411817234708,98.00577496453154
W13210,5.0590908,MCCOY RD AT DUNN ST,58.08900133948504,98.00772223032254
E29890,5.05909075,HOMEWOOD AVE AT PENN AVE,58.103884506623004,98.0096694960943
W24160,5.05681825,WASHINGTON AVE AT HOPE ST,58.11876767376097,98.01161588717106
E59390,5.0522727,WOOD ST AT HOLMES ST,58.133650840898945,98.01356052864608
E44430,5.05,OLD WILLIAM PENN HWY AT GLENWOOD DR,58.14853400803691,98.0155042953491
S05390,5.049999775,BAPTIST RD AT WINDVALE DR FS,58.16341717517488,98.01744806196551
S17110,5.047727,ELIZA ST AT GLENCAIRN ST,58.17830034231284,98.01939095378106
N54505,5.0454545,WILSON AVE AT N CHARLES ST FS,58.193183509450805,98.0213329709016
E10160,5.043181818181821,BRINTON RD AT KINGS RD,58.20806667658878,98.02327411325713
S70367,5.04318181818182,MONONGAHELA AVE AT 3RD ST,58.222949843726745,98.02521525561266
E06420,5.03863675,BEELER ST AT OLYMPIA PL,58.23783301086471,98.02715464855191
E38660,5.038636250000001,MAPLE AVE AT ALBERT ST,58.25271617800267,98.02909404129872
X02440,5.036363636363635,BOWER HILL RD AT UNION ST,58.26759934514064,98.03103255930678
X03270,5.034091045,BROOKLINE BLVD OPP ALTMAR ST,58.28248251227861,98.03297020258466
E51270,5.0340907999999995,SHADY AVE AT AYLESBORO AVE,58.29736567941658,98.03490784576823
E70872,5.020454300000001,GREENSBURG PIKE AT VERSAILLES CASTLE APTS,58.312248846554546,98.03684024020434
S70596,5.0136363636363654,BROWNLEE ST AT #60,58.32713201369252,98.03877001038745
E70162,5.009091274999999,FRANKSTOWN RD AT EVERNIA DR FS,58.34201518083047,98.0406980311464
S05270,5.0045455,BAPTIST RD AT MCKEE DR,58.356898347968446,98.04262430221704
N44670,5.0022728,PITTSBURGH ST AT MOYHEND ST,58.37178151510641,98.04454969851565
S48780,5.00000005,WHITAKER WAY AT MARIGOLD ST,58.38666468224438,98.04647422002303
X01900,4.9931818,BOGGS AVE AT KRAMER WAY,58.401547849382354,98.04839611715668
S39670,4.99090885,PROSPECT RD AT COLTER DR,58.416431016520306,98.05031713942213
E33880,4.988636545,LAKETON RD AT COLLINS RD,58.43131418365828,98.05223728706758
S50190,4.988636363636363,WORTHINGTON AVE AT 10TH ST FS,58.44619735079625,98.05415743464326
S40630,4.988636363636363,RICHLAND AVE AT BRIDGE STEPS,58.461080517934214,98.05607758221893
S70249,4.9772729,CHALFONT ST AT CURTIN AVE,58.47596368507219,98.0579933559486
N15180,4.970454545454545,CHURCH AVE AT RIDGE AVE,58.490846852210154,98.05990650526432
E45325,4.965909175000001,PEEBLES ST OPP GREEN ST,58.505730019348114,98.06181790504739
S70511,4.965909090909092,AGNEW RD AT LAFFERTY DR,58.52061318648608,98.0637293047981
X20310,4.96590895,WEST LIBERTY AVE OPP CAPE MAY AVE,58.53549635362405,98.0656407044946
E29700,4.9568185,HOMEWOOD AVE AT BENNETT ST,58.55037952076202,98.0675486052378
E18480,4.94090915,ELLSWORTH AVE AT COLONIAL PL,58.56526268789999,98.06945038240383
E52370,4.934091,SOUTH AVE AT CENTER ST,58.58014585503795,98.0713495352346
S13780,4.93409090909091,CRAWFORD AVE AT STATE ST,58.595029022175915,98.0732486880304
N31750,4.92954535,MAIN ST OPP 23RD ST,58.60991218931388,98.07514609122097
S44990,4.9250001,ST JOSEPH ST OPP ORMSBY ST,58.624795356451855,98.07704174492527
N21710,4.924999999999997,FREEPORT RD AT PRINCETON AVE,58.63967852358982,98.07893739859108
N14320,4.9204545,CENTER AVE OPP #360,58.65456169072778,98.08083130267441
E44770,4.913636363636362,OXFORD DR AT RACQUET CLUB APTS,58.66944485786575,98.08272258242775
E52980,4.9068185,STANTON AVE OPP DEMARILLAC HOME,58.684328025003715,98.08461123795608
E70822,4.895454545454545,FOREST AVE AT 6TH ST,58.69921119214169,98.08649551944946
S27070,4.8931816,JOSEPHINE ST OPP TELESCOPE ST,58.714094359279656,98.08837892607637
E70819,4.890909090909091,7TH ST EXT OPP TIMBER DR,58.72897752641762,98.09026145800476
N38700,4.890909000000001,NORTH AVE AT MIDDLE ST,58.74386069355558,98.09214398989818
W02670,4.890909,BROADWAY AVE AT 14TH ST,58.75874386069355,98.09402652179158
N40900,4.8886363636363654,PEEBLES RD AT DUNCAN AVE FS,58.77362702783152,98.09590817893749
E34300,4.8863635,LARIMER AVE AT DEAN ST,58.78851019496949,98.0977889612484
W10460,4.881818,ISLAND AVE AT #1308,58.80339336210746,98.09966799397684
S27050,4.868182,JOSEPHINE ST OPP #3237,58.818276529245416,98.10154177815026
E51540,4.865909,SHADY AVE OPP HASTINGS ST,58.83315969638338,98.10341468743623
E04340,4.863636363636365,ARDMORE BLVD AT 2 PARKWAY CENTER EAST,58.84804286352136,98.1052867219747
E51000,4.863636345,SAVANNAH AVE AT OVERTON ST,58.862926030659324,98.10715875650598
S40050,4.859090699999999,PROVOST RD OPP FRANK ST,58.87780919779729,98.10902904139897
E56220,4.8568184,WARDSONS ST AT WILTSIE ST,58.892692364935264,98.11089845167392
S23965,4.8500001,HWY RT 51 OPP PRIMANTI BROTHERS,58.90757553207322,98.1127652375559
E70264,4.831818445,BRADDOCK AVE AT ELECTRIC AVE,58.92245869921119,98.11462502524074
E04670,4.831817775,BAKER ST AT GALLATIN ST,58.93734186634916,98.11648481266771
E44800,4.8295452999999995,PALLAS ST AT WOLFE AVE,58.952225033487125,98.11834372540925
E21460,4.8272728,FRANKSTOWN RD AT TREMONT ST,58.9671082006251,98.1202017634558
E29820,4.827272499999999,HOMEWOOD AVE AT KELLY ST,58.98199136776305,98.12205980138687
W22440,4.8159095,STEUBENVILLE PIKE AT OMEGA DR,58.996874534901025,98.12391346565039
W07620,4.813636000000001,GRAND AVE AT 4TH ST,59.01175770203899,98.12576625483402
W23102,4.8,SUMMIT PARK DR AT #35,59.02664086917696,98.12761379546262
N35820,4.799999895,MT ROYAL BLVD AT GENESSEE AVE,59.04152403631493,98.12946133605081
S48830,4.7977273,WHITAKER WAY AT MARIGOLD ST,59.0564072034529,98.13130800190744
E10060,4.784090909090905,BRINTON RD OPP BRINTON MANOR DR FS,59.07129037059086,98.13314941905858
X20170,4.784090750000001,WEST LIBERTY AVE AT PAULINE AVE,59.086173537728826,98.1349908361485
E30260,4.777272727272728,HUTCHINSON ST AT SAVANNAH AVE,59.10105670486679,98.13682962895217
S70535,4.774999999999998,CHURCHVIEW AVE AT WAIDLER AVE FS,59.115939872004766,98.13866754697334
S13440,4.772727,CONNISTON AVE AT BANDI AVE,59.13082303914273,98.14050459010704
W04330,4.770454545454546,CHARTIERS AVE EXT OPP STATE ST,59.14570620628069,98.14234075856322
S40000,4.77045435,PROVOST RD OPP SHADOW DR,59.16058937341866,98.14417692694417
S70491,4.768181818181817,CHURCHVIEW AVE AT CATHELL RD,59.175472540556626,98.14601222061786
W21500,4.75909090909091,STEUBEN ST AT DUNCAN AVE,59.1903557076946,98.14784401516157
S31770,4.7545455,MAIN ST OPP LESLIE ST,59.20523887483257,98.14967406015779
N21245,4.740909090909092,FREEPORT RD AT HARVARD AVE FS,59.220122041970534,98.15149885644153
W70109,4.7363636363636346,NOBLE AVE AT E CRAFTON AVE,59.23500520910849,98.15332190316029
E15060,4.7363634999999995,COLUMBO ST AT PACIFIC AVE,59.24988837624646,98.15514494982658
S46190,4.731818181818181,VERSAILLES AVE AT FREEMONT ST,59.264771543384434,98.15696624698035
W20280,4.729545454545451,E RAILROAD ST AT 3RD ST STEPS,59.2796547105224,98.15878666935163
E54170,4.725,TERRACE ST OPP DUNSSEITH ST,59.29453787766037,98.16060534215792
E58650,4.713636363636361,WM PENN HWY AT NOTTINGHAM DR,59.30942104479833,98.16241964105174
X08900,4.71363615,KATHLEEN ST AT BELTZHOOVER AVE,59.324304211936294,98.16423393986332
N35950,4.70909115,MT ROYAL BLVD AT KENNETH DR,59.33918737907427,98.16604648928488
E42890,4.704545550000001,OAKWOOD ST AT INGLENOOK PL FS,59.354070546212235,98.16785728908545
W70136,4.704545454545455,STEUBEN ST OPP FOSTER AVE,59.3689537133502,98.16966808884929
S70423,4.704545454545454,WALNUT ST AT PENN STATE MAIN BUILDING,59.38383688048816,98.17147888861314
S49470,4.695454545454548,W 5TH AVE OPP RAMP #1,59.39872004762613,98.173286189247
E25364,4.6954545,GREENFIELD AVE OPP BEEHNER RD,59.4136032147641,98.17509348986336
S25165,4.686363775,HWY RT 885 AT LEBANON CHURCH RD FS,59.42848638190207,98.1768972914206
N39780,4.672727272727272,OHIO RIVER BLVD AT HAZELWOOD AVE,59.443369549040035,98.17869584422952
S70302,4.6704545,CLYDE AVE AT PORT PERRY RD,59.45825271617801,98.18049352223845
N22120,4.665909090909094,FREEPORT RD OPP 2ND ST FS,59.47313588331596,98.18228945069988
S09480,4.654545454545454,BROWNSVILLE RD OPP HOLLOW HAVEN DR,59.488019050453936,98.18408100524884
N08260,4.6545454545454525,BEAVER RD AT CHESTNUT RD,59.5029022175919,98.18587255979779
E28610,4.65454525,HAZELWOOD AVE AT NOTLEY ST,59.51778538472987,98.18766411426803
N70010,4.643181818181817,KENDALL AVE AT CEDAR AVE,59.53266855186784,98.1894512949045
X70030,4.634090909090907,VILLAGE DR AT SOUTH HILLS VILLAGE PARKING GA,59.547551719005796,98.19123497641101
E14510,4.6295455500000005,COAL ST OPP WOODWORTH ST,59.56243488614377,98.19301690838927
E29980,4.62727275,HOMEWOOD AVE AT THOMAS BLVD,59.577318053281736,98.19479796555703
W14220,4.625000045,MIDDLETOWN RD AT BERRY ST,59.5922012204197,98.19657814795089
X15250,4.622727499999999,REAMER ST AT #1555,59.60708438755768,98.1983574556324
E26570,4.62272735,HAMILTON AVE AT LASCHALL ST,59.621967554695644,98.20013676325618
S70336,4.6227272727272695,MONONGAHELA AVE AT 3RD ST,59.6368507218336,98.20191607085022
S05560,4.620455,BAUSMAN ST AT ROMEYN ST,59.65173388897157,98.20369450383672
S47730,4.62045445,PALM GARDEN RAMP AT WARRINGTON AVE,59.66661705610954,98.2054729366115
S23110,4.6204543,HOMEVILLE RD OPP DUQUESNE VILLAGE ENTRANCE #2,59.68150022324751,98.20725136932856
N36080,4.6181818,MT ROYAL BLVD AT PENNVIEW AVE,59.69638339038548,98.2090289273506
E10130,4.613636363636365,BRINTON RD AT FAIRFAX RD,59.71126655752344,98.21080473581468
N33705,4.599999775,METROPOLITAN ST AT COLUMBUS AVE,59.726149724661404,98.21257529549715
X00750,4.5931815,BANKSVILLE RD AT WENZELL AVE,59.74103289179937,98.21434323079629
X00600,4.5909094999999995,BANKSVILLE RD AT COAST AVE,59.755916058937345,98.21611029159286
S39990,4.5909089,PROVOST RD AT W LAWNVIEW AVE,59.77079922607531,98.21787735215848
S70460,4.588636599999999,CAMP HOLLOW RD AT LEBANON CHURCH RD FS,59.78568239321328,98.21964353810607
S70301,4.586364,PORT PERRY RD AT CLYDE AVE,59.80056556035124,98.22140884932014
N22380,4.584091095,FREEPORT RD OPP GLASSMERE GAS STATION,59.815448727489205,98.22317328568333
S01010,4.57500015,SECOND AVE AT VESPUCIUS ST,59.83033189462718,98.22493422290272
N21280,4.5749999999999975,FREEPORT RD AT HUMBOLDT ST,59.845215061765145,98.22669516006435
E70747,4.572727,MINGO ST AT VANN RD,59.86009822890311,98.22845522233854
E39230,4.57045455,MILLER AVE AT HARRIET ST,59.87498139604107,98.23021440993695
E33990,4.5636365,LAKETON RD AT LINDBERG AVE,59.88986456317904,98.23197097323862
W20290,4.56363636363636,CHARTIERS VALLEY SC AT TERMINUS,59.90474773031701,98.23372753648778
E49310,4.552273,ROSE ST AT KIRKPATRICK ST,59.91963089745498,98.23547972592945
W24150,4.5522725,WASHINGTON AVE AT HOPE ST,59.934514064592946,98.23723191517868
E17760,4.545454545454541,EDGEWOOD TOWNE CENTRE AT DOLLAR TREE,59.94939723173091,98.23898148016788
W70033,4.5386365,MCKEE RD AT CCAC WEST,59.96428039886887,98.2407284208621
E15510,4.538636363636364,COREY AVE AT MARGARETTA ST,59.97916356600685,98.24247536150384
E11870,4.5363634,BUTLER ST AT 62ND ST BRIDGE FS,59.99404673314481,98.2442214272721
S70537,4.529545454545455,CHURCHVIEW AVE AT MELLOTT RD NS,60.00892990028278,98.24596486878384
W01885,4.525,BERRY ST AT W PROSPECT AVE,60.02381306742075,98.2477065607306
N12480,4.524999999999997,BUTLER ST AT MAPLEWOOD ST,60.03869623455871,98.24944825267737
E02930,4.522727499999999,AIKEN AVE AT PENN AVE,60.05357940169668,98.25118906992913
S70135,4.51590925,MAIN ST AT 22ND AVE,60.06846256883465,98.25292726280715
E70037,4.509091,ALLEGHENY AVE OPP ARCHIE ST,60.083345735972614,98.25466283131145
N13730,4.50681815,CENTER AVE AT CHALFONTE AVE,60.09822890311058,98.256397524986
S02180,4.504545454545455,5TH ST AT CRAWFORD AVE,60.11311207024854,98.25813134389033
E19010,4.495455,FIESTA DR OPP SUN VALLEY DR,60.127995237386514,98.25986166383962
E58890,4.49545455,WM PENN HWY AT VALUE CITY,60.14287840452448,98.26159198361569
E48370,4.4931818,REBECCA AVE AT ELLA ST,60.15776157166245,98.26332142860052
E08050,4.4886363000000005,BLACK ST AT CHISLETT ST,60.172644738800415,98.26504912400289
N22270,4.486363636363634,FREEPORT RD OPP CRAWFORD RUN,60.18752790593839,98.26677594464724
S44820,4.484090909090907,ST CLAIR AVE AT STATE ST,60.20241107307635,98.26850189050911
N13260,4.4795455,CALIFORNIA AVE OPP WINHURST ST,60.217294240214315,98.27022608682347
S70166,4.47954545454545,WALNUT ST AT 9TH AVE,60.23217740735228,98.27195028312035
N20090,4.47727295,FOREST AVE AT KLEMONT AVE,60.24706057449025,98.27367360472046
N06680,4.477272727272726,BABCOCK BLVD OPP PERRYMONT RD,60.26194374162822,98.27539692623482
E58590,4.477272524999999,WM PENN HWY AT PEP BOYS,60.27682690876618,98.27712024767135
E70958,4.4681815,EAST PITTSBURGH MCKEESPORT BLV OPP #920,60.29171007590415,98.27884006993328
N12060,4.463636195,BROWNS LN AT ROSS PARK DR,60.306593243042116,98.28055814268778
E57680,4.46136395,WILKINS AVE AT WOODLAND RD,60.32147641018008,98.28227534084542
X18560,4.461363850000001,VANADIUM RD AT ELMBROOK LN,60.336359577318056,98.28399253896455
X08050,4.4613638,HABERMAN AVE AT BAILEY AVE,60.35124274445602,98.28570973706444
S14940,4.4545454499999995,EASTMAN ST AT GREENSPRINGS AVE,60.36612591159398,98.28742431075213
N28060,4.4522728,ITIN ST AT HIGH ST,60.38100907873195,98.28913800968705
X08111,4.445454545454547,HIGHLAND RD AT OXFORD DR FS,60.395892245869916,98.29084908424652
S70643,4.44090909090909,PROSPECT RD AT HOLLYROOD RD FS,60.41077541300789,98.29255840924098
E70445,4.4386365,UNIVERSAL RD OPP ANTHON DR,60.42565858014586,98.29426685950544
E32292,4.438636499999999,JAMES ST AT CAROTHERS DR,60.44054174728382,98.2959753097699
N21925,4.434090909090911,FREEPORT RD AT SPRING HILL RD,60.45542491442178,98.29768201041688
N22430,4.43409090909091,FREEPORT RD OPP JEFFERSON AVE,60.47030808155975,98.29938871106386
E15030,4.43409075,COLUMBO ST AT ATLANTIC AVE,60.485191248697724,98.3010954116496
E70749,4.4318182,TILDEN ST OPP #7182,60.50007441583569,98.30280123752108
S13770,4.425,CRAWFORD AVE AT PIRL ST,60.51495758297366,98.30450443903808
S50180,4.425,WORTHINGTON AVE AT 10TH ST,60.52984075011162,98.30620764055507
S13790,4.418181818181814,CRAWFORD AVE AT STATE ST,60.544723917249584,98.30790821772459
E55860,4.4136365,WADSWORTH ST AT ROBINSON ST FS,60.55960708438756,98.30960704538161
S12460,4.41363625,CLIMAX ST AT CURTIN AVE,60.574490251525525,98.3113058729424
N71268,4.4113638,GAMMA DR AT ZETA DR NS,60.58937341866349,98.31300382582742
E39050,4.40909075,MIDDLE AVE AT 1ST ST,60.60425658580145,98.31470090380573
N22005,4.4068181818181795,FREEPORT RD AT VIRGINIA AVE FS,60.61913975293942,98.31639710706278
N22000,4.404545454545451,FREEPORT RD AT VALLEY MOTEL,60.63402292007739,98.31809243553732
S34150,4.4045454500000005,MIFFLIN RD AT MCBRIDE AVE NS,60.64890608721536,98.31978776401013
N71321,4.4,CENTER AVE AT WALLISTON AVE,60.663789254353325,98.32148134291968
E55045,4.3977275,UNIVERSAL RD AT GREENWAY DR,60.678672421491285,98.32317404713423
X70029,4.3977274,SOUTHERN AVE AT COWAN ST,60.69355558862925,98.3248667513103
E03020,4.395454775,AIRBRAKE AVE AT BRIDGE ST,60.708438755767226,98.32655858074321
E17367,4.390909000000001,EAST LIBERTY BLVD AT EUCLID AVE,60.72332192290519,98.3282486604878
E40200,4.388636775,SALTSBURG RD OPP MONROEVILLE TRESTLE RD,60.73820509004316,98.32993786564323
S48572,4.384091000000001,WEYMAN RD AT MCROBERTS RD,60.75308825718113,98.33162532111032
S39665,4.381818181818184,PROSPECT RD AT BERYL DR FS,60.767971424319086,98.33331190175993
W23100,4.3795455,SUMMIT PARK DR OPP PARK LANE #2,60.78285459145706,98.33499760764452
X07080,4.3795452500000005,GREENLEAF ST AT FINGAL ST,60.79773775859503,98.3366833134329
N24260,4.370454545454543,GRANT AVE AT WOODLAWN AVE,60.81262092573299,98.33836552017003
W00510,4.3636363636363615,5TH AVE AT CHESTNUT ST FS,60.82750409287097,98.34004510255969
N24002,4.359090909090908,GRANT AVE AT LEHR AVE FS,60.84238726000892,98.34172293538434
S04410,4.3500002,ARLINGTON AVE AT FREDERICK ST,60.857270427146894,98.34339726915601
E50520,4.35,SALTSBURG RD OPP LEECHBURG RD,60.87215359428486,98.3450716028507
E02010,4.349999965,FIFTH AVE OPP #2410 (ACTA PROGRAM),60.88703676142283,98.3467459365319
N14040,4.343182,CENTER AVE AT PERRYSVILLE RD,60.9019199285608,98.34841764594908
W14210,4.3386364,MIDDLETOWN RD AT BERRY ST,60.91680309569877,98.35008760574529
N20950,4.336363636363639,FREEPORT RD AT CRAWFORD RUN RD,60.93168626283673,98.35175669074499
E04690,4.3363636,BAKER ST OPP GALLATIN ST,60.946569429974694,98.35342577573071
E32695,4.33409075,JEFFERSON RD AT UNIVERSAL RD,60.96145259711266,98.3550939858867
S39890,4.32954565,PROSPECT RD OPP WAINWRIGHT AVE,60.976335764250635,98.35676044661416
E70157,4.329545454545457,SWISSVALE AVE AT COAL ST,60.9912189313886,98.35842690726639
S01260,4.3295454499999995,SECOND AVE OPP WINSTON ST,61.00610209852656,98.36009336791687
E02980,4.329545250000001,AIRBRAKE AVE OPP 5TH ST,61.02098526566453,98.36175982849036
N71325,4.327272727272727,CENTER AVE AT LOCUST AVE,61.035868432802495,98.3634254143601
S30580,4.322727272727274,LYSLE BLVD AT 5TH AVE,61.05075159994047,98.36508925066482
S34170,4.320454895,MIFFLIN RD AT MOHRBACH ST FS,61.065634767078436,98.36675221232163
N45830,4.3181820449999995,RIALTO ST OPP TOURS ST,61.0805179342164,98.36841429914868
S42410,4.318181845,SOUTH BUSWAY AT CENTRAL SHELTER,61.09540110135436,98.37007638589877
E70307,4.315909175,MCCLURE AVE AT COMMERCIAL ST,61.11028426849233,98.3717375978884
N28080,4.309091,ITIN ST OPP DIANA ST,61.1251674356303,98.37339618553317
S13690,4.304545454545455,CRAWFORD AVE AT CATHERINE ST,61.14005060276827,98.37505302357795
X17690,4.302273,SOUTHERN AVE AT OTTAWA ST STEPS,61.154933769906236,98.37670898694522
E70322,4.302272775,COAL HOLLOW RD OPP CLIFF DR,61.169816937044196,98.37836495022589
N14200,4.29545445,CENTER AVE AT TOWNSHIP RD,61.18470010418216,98.38001828910396
X05870,4.295454449999999,FREEDOM AVE AT CREEDMORE AVE FS,61.19958327132014,98.38167162798203
S70529,4.2909092499999995,CUSTER AVE OPP SPENCER AVE,61.2144664384581,98.38332321739308
E56995,4.2863635,WESTINGHOUSE AVE AT COMMERCE ST,61.22934960559607,98.38497305712542
E10340,4.281818181818185,BRINTON RD AT YOST BLVD,61.244232772734044,98.38662114734527
X00620,4.281818045,BANKSVILLE RD AT CRANE AVE FS,61.259115939872,98.38826923751246
E48910,4.274999800000001,ROBINSON ST OPP ELLERS ST,61.27399910700997,98.38991470330782
N18840,4.272727272727271,EVERGREEN AVE AT JOHN ST,61.28888227414794,98.3915592943977
W07590,4.2704545,GRAND AVE AT 2ND ST,61.303765441285904,98.39320301068756
E14135,4.2681817749999995,CHASKE ST AT #8168,61.31864860842388,98.39484585219581
E32415,4.26818175,JANCEY ST AT #1842,61.33353177556183,98.39648869369444
N08190,4.26590915,BEAVER ST AT BOUNDARY ST,61.348414942699804,98.39813066045957
E18040,4.26136345,ELECTRIC AVE OPP NORTH AVE,61.36329810983777,98.39977087756523
S39930,4.2477272,PROVOST RD AT BARLIND DR,61.37818127697574,98.40140584601966
E44480,4.245454545454548,OLD WILLIAM PENN HWY OPP SCOTT DR,61.39306444411371,98.40303993971958
E30545,4.2386365,HWY RT 286 OPP PINE VALLEY DR,61.407947611251664,98.40467140912452
X70056,4.2340911,GRANDVIEW AVE OPP HALLOCK ST,61.42283077838964,98.40630112898545
N20840,4.229545454545455,FREEPORT RD AT CABLE AVE,61.437713945527605,98.40792909920792
E48500,4.227273,REYNOLDS ST AT LANG AVE,61.45259711266557,98.40955619475287
N08250,4.222727272727271,BEAVER RD AT CHESTNUT RD,61.467480279803546,98.41118154062785
E27400,4.218181599999999,HAWKINS AVE AT 2ND ST,61.48236344694151,98.41280513685385
W03990,4.2113640000000006,CHARTIERS AVE OPP OETTING ST,61.49724661407947,98.41442610895632
X02370,4.209091099999999,BOWER HILL RD AT SALEM DR,61.51212978121744,98.41604620620981
E70035,4.204545250000001,ALLEGHENY AVE OPP ANN ST,61.527012948355406,98.4176645537461
E70038,4.2022728,ALLEGHENY AVE AT HULTON RD NS (PORTE ST STEPS),61.54189611549338,98.41928202660664
N13770,4.2022728,CENTER AVE OPP COLUMBIA AVE FS,61.55677928263135,98.42089949946715
S13760,4.2,CRAWFORD AVE AT PIRL ST,61.571662449769306,98.4225160975172
E25370,4.1977271499999995,GREENFIELD AVE AT HOOSAC ST FS,61.58654561690727,98.42413182073749
N35830,4.1954546,MT ROYAL BLVD AT GLENN AVE,61.60142878404524,98.42574666924354
E07000,4.1954545,BENTLEY DR AT NIGH WAY,61.616311951183214,98.42736151771109
N71329,4.19318181818182,CHURCH AVE AT DALZELL AVE,61.63119511832118,98.42897549141364
E34310,4.1909091,LARIMER AVE OPP DEARY ST,61.64607828545915,98.4305885903372
N40920,4.186363636363637,PEEBLES RD AT DUNCAN AVE NS,61.66096145259711,98.43219993969227
W20170,4.184090909090911,E RAILROAD ST AT 3RD ST,61.675844619735074,98.43381041426483
E44740,4.18409090909091,OXFORD DR AT PRIMARY CARE CENTER,61.69072778687305,98.43542088883741
N14250,4.18409090909091,CENTER AVE AT WALLISTON AVE,61.705610954011014,98.43703136340997
S25490,4.1772725,INTERBORO AVE AT LEASIDE DR #2,61.72049412114898,98.43863921354759
W13220,4.175000000000001,MCCOY RD AT EWING RD FS,61.73537728828694,98.44024618899017
W22460,4.17272735,STEUBENVILLE PIKE OPP MCCORMICK RD,61.75026045542491,98.44185228968001
N70142,4.17045465,ROSS PARK MALL,61.76514362256288,98.44345751559787
E38110,4.17045454545455,MAIN ST AT RIDGE AVE,61.78002678970085,98.44506274147548
E29850,4.1704545,HOMEWOOD AVE AT MONTICELLO ST,61.794909956838815,98.44666796733559
E07800,4.165909000000001,BIGELOW BLVD OPP HARDING WAY,61.80979312397679,98.44827144361321
S06480,4.163636363636365,BLOSSOM RD AT LAUREL DR FS,61.82467629111474,98.44987404514333
E70762,4.1636363,LARMIER AVE AT WINSLOW ST,61.839559458252715,98.45147664664896
N52605,4.163636,TROY HILL RD AT #1034,61.85444262539068,98.45307924803913
S50220,4.161363636363638,WORTHINGTON AVE AT 12TH ST,61.86932579252865,98.45468097478675
E10490,4.159090909090908,BRINTON RD OPP #1001,61.88420895966662,98.45628182675189
N21100,4.1568183,FREEPORT RD AT ORIGINAL MATTRESS FACTORY,61.899092126804575,98.45788180398002
N08360,4.156818,BEAVER ST AT GRIMES ST,61.91397529394255,98.45948178109266
S28380,4.1499999999999995,LEBANON CHURCH RD OPP PLEASANT ST,61.928858461080516,98.46107913392783
E14136,4.14772705,CHASKE ST AT WESTMINSTER DR,61.94374162821848,98.46267561189475
S12790,4.1454545,ZUPANCIC DR AT HURL LN,61.95862479535646,98.46427121514742
X17732,4.13636365,SOUTHERN AVE OPP GRAY ST,61.97350796249441,98.46586331929285
N12580,4.134090909090911,BUTLER ST OPP MAPLEWOOD ST,61.98839112963238,98.46745454865055
E37240,4.131818,LONG RD AT GARDENIA DR,62.00327429677035,98.46904490315576
X06660,4.1295456,GILKESON RD AT CEDAR BLVD,62.01815746390832,98.47063438300444
N71270,4.1295455,ALPHA DR OPP BETA DR FS,62.03304063104629,98.47222386281464
S70612,4.127273,B DR AT #532 (SHED),62.04792379818426,98.47381246792982
E43870,4.127272727272729,OLD WILLIAM PENN HWY AT SCOTT DR,62.06280696532222,98.47540107294003
E04900,4.1181817,BAUM BLVD AT MELWOOD AVE FS,62.077690132460184,98.47698617877477
E34610,4.11818145,LEECHBURG RD AT BARCKHOFF ST FS,62.09257329959815,98.47857128451328
S02160,4.1113636363636346,5TH ST AT COCHRAN ST,62.107456466736124,98.48015376604603
E48642,4.100000199999999,ROBERTS ST AT WYLIE AVE,62.12233963387409,98.48173187374329
S05235,4.1000001,BALDWIN RD AT GLASS RUN RD,62.13722280101205,98.48330998140204
N40740,4.1,PARKER ST AT HILL ST,62.15210596815002,98.48488808902232
E18510,4.0999998,ELLSWORTH AVE AT ELLSWORTH PL,62.166989135287984,98.48646619656562
E70945,4.097727,HILLCREST ST OPP WICKLOW ST,62.18187230242596,98.48804342929841
W70030,4.095454545,SUMMIT PARK DR OPP CHAUVET DR #1,62.196755469563925,98.48961978735352
E10630,4.088636363636361,BROADWAY BLVD AT BROADVIEW MANOR HI-RISE,62.21163863670189,98.49119352106132
E59540,4.0886359500000005,WOOD ST OPP HOLMES ST,62.22652180383985,98.4927672546099
N52325,4.086363775000001,THOMPSON RUN RD AT WOODBRIDGE DR,62.24140497097782,98.49434011358856
N50240,4.0840907,SOUTH SIDE AVE AT MATHIAS ST,62.25628813811579,98.4959120976509
N04360,4.079545454545455,9TH AVE AT PENN ST FS,62.27117130525376,98.49748233222873
S45480,4.079545275,TEXAS AVE AT MIFFLIN ST,62.286054472391726,98.49905256673743
S42415,4.0750002499999995,SOUTH BUSWAY AT DAWN AVE SHELTER,62.300937639529685,98.5006210518465
X12688,4.072727272727273,OXFORD DR AT GIANT EAGLE,62.31582080666765,98.50218866207683
S10600,4.0704545,CAMFIELD ST AT CALLE ST,62.330703973805626,98.50375539750718
E09120,4.0681819,BRADDOCK AVE OPP ELECTRIC AVE,62.34558714094359,98.50532125820402
N06565,4.063636363636363,BABCOCK BLVD AT MCCANDLESS CROSSING,62.36047030808156,98.50688536930437
X04260,4.06136375,CEDAR BLVD OPP LONGRIDGE DR,62.37535347521953,98.50844860566596
S21410,4.0613635,GREENSPRINGS AVE AT HAZEL ST,62.390236642357486,98.51001184193134
N49960,4.05909117,SIRIUS ST AT #3517,62.40511980949546,98.51157420356714
E52630,4.0590910000000004,STANTON AVE AT DEMARILLAC HOME,62.42000297663343,98.5131365651375
N17870,4.05909075,EAST ST OPP MILROY ST,62.434886143771394,98.51469892661163
X20410,4.0545455,WEST LIBERTY AVE OPP RAY AVE STEPS,62.44976931090937,98.51625953859951
S70131,4.05227275,LEBANON CHURCH RD AT CECO DR,62.46465247804732,98.51781927579614
X01880,4.04545465,BOGGS AVE AT GREENBUSH ST,62.479535645185294,98.51937638867679
X02590,4.045454545454545,BOWER HILL RD OPP MCLAUGHLIN RUN RD,62.49441881232326,98.52093350151719
S25460,4.038636599999999,INTERBORO AVE AT BRIERLY LN,62.50930197946123,98.52248799010108
W23191,4.0363635,SWALLOW HILL RD AT ROBIN DR,62.5241851465992,98.52404160375902
E40810,4.03181839,MT CARMEL RD AT CALMAR DR,62.53906831373717,98.52559346798458
E36300,4.0295455,LINCOLN HWY AT LEUHM ST,62.55395148087513,98.52714445736503
E70111,4.029545349999999,COLUMBO ST AT SCHENLEY AVE,62.568834648013095,98.52869544668772
E09600,4.02045465,BRERETON ST AT 30TH ST,62.58371781515106,98.53024293696092
W22470,4.013636345,STEUBENVILLE PIKE AT #6181,62.598600982289035,98.5317878028392
E70856,4.011363545,HAZELWOOD AVE AT SECOND AVE,62.613484149427,98.53333179390702
S70356,4.0113635,EAST PITTSBURGH-MCKEESPORT BLV AT ORRIS RD,62.62836731656496,98.53487578495753
S35233,4.009091075,MOUNTAINVIEW DR AT CENTURY DR FS,62.64325048370293,98.53641890134188
W03300,4.0022725,CHARTIERS AVE OPP CORLISS ST,62.658133650840895,98.5379593932274
S31730,4.0022725,MAIN ST AT W JAMES ST,62.67301681797887,98.53949988511292
E10330,3.997727272727272,BRINTON RD AT WILKINS AVE,62.687899985116836,98.54103862752093
W10470,3.9909089000000004,ISLAND AVE AT ORR ST FS,62.702783152254796,98.54257474550798
E38305,3.9795454545454545,MALL BLVD AT JO ANN FABRIC,62.71766631939276,98.54410648965604
N16720,3.9772727272727275,DUNCAN AVE OPP ALLEGHENY MEMORIAL PARK,62.73254948653073,98.54563735902161
W25750,3.9750002500000003,WINDGAP AVE AT SUMMERDALE ST,62.7474326536687,98.5471673537009
E21660,3.975,FRANKSTOWN RD OPP HOWARD ST,62.76231582080667,98.54869734828398
X02010,3.97272735,BOGGS AVE AT #207,62.77719898794464,98.55022646811429
S34070,3.9727273000000003,MIFFLIN RD AT GLENHURST RD,62.792082155082596,98.55175558792536
E55260,3.972727,UPLAND ST AT #7500,62.80696532222056,98.55328470762096
E70746,3.965909,MINGO ST AT OAKDENE ST,62.82184848935854,98.55481120303905
N14900,3.9636365000000002,CHATEAU ST AT PENNSYLVANIA AVE,62.836731656496504,98.55633682376214
W70116,3.96363636363636,W PROSPECT AVE AT BERRY ST FS,62.85161482363447,98.55786244443273
S39650,3.9636362750000003,PROSPECT RD AT ABBOTT DR,62.86649799077243,98.55938806506921
N31270,3.959091,LOWRIE ST AT HECKLEMAN ST,62.8813811579104,98.5609119362098
S39660,3.9568180450000003,PROSPECT RD AT BAUMAN AVE,62.89626432504837,98.56243493248026
E09830,3.952273,BRINTON AVE AT QUARRY AVE,62.91114749218634,98.56395617934335
E06660,3.9431817750000002,BELLEFIELD AVE AT BOARD OF EDUCATION,62.926030659324304,98.56547392695487
E45180,3.9409088999999997,PAULSON AVE AT NAVARRO ST FS,62.94091382646228,98.56699079972704
E45150,3.9340907499999997,PAULSON AVE AT LEMINGTON AVE,62.95579699360023,98.56850504816397
W02910,3.931818,CAROTHERS AVE OPP LOCUST ST,62.970680160738205,98.57001842180966
S00680,3.9295455999999995,SECOND AVE AT AMERICAN ST,62.98556332787617,98.57153092079882
S70528,3.9272727272727277,CUSTER AVE OPP ST WENDELIN CHURCH,63.00044649501414,98.5730425449495
N22200,3.9227272727272746,FREEPORT RD OPP #2238,63.01532966215211,98.5745524195352
E09920,3.9181818,BRINTON AVE OPP RAVINE ST,63.030212829290065,98.57606054454891
S34340,3.9159093249999994,MIFFLIN RD OPP MCBRIDE AVE,63.04509599642804,98.57756779487723
S21700,3.9159092500000003,HABERMAN RAMP AT HARWOOD ST STEPS,63.059979163566005,98.57907504517667
S28020,3.90909107,LEBANON CHURCH RD AT PLEASANT ST,63.07486233070397,98.58057967112933
S23630,3.9068181818181804,HWY RT 51 AT COAL VALLEY RD FS,63.089745497841946,98.58208342223756
E70991,3.90454565,BEDFORD AVE AT LOGAN ST,63.10462866497991,98.58358629863852
E70826,3.9022727272727282,BRINTON AVE AT 5TH ST NS,63.11951183211787,98.58508830018178
S05490,3.8977274,BAUSMAN ST OPP GEORGIA AVE STEPS,63.13439499925584,98.58658855220902
N32940,3.8931820249999998,MCKNIGHT RD AT SIEBERT RD NS,63.149278166393806,98.58808705470189
E04840,3.890909,BAUM BLVD AT ENFIELD ST,63.16416133353178,98.58958468229767
N45950,3.8886363999999998,RIDGE AVE OPP GALVESTON AVE,63.17904450066975,98.59108143515994
E43850,3.8863636363636362,OLD WILLIAM PENN HWY OPP BAYHILL DR,63.193927667807706,98.59257731322572
E28630,3.884091045,HAZELWOOD AVE AT #771,63.20881083494567,98.59407231656131
N17860,3.87954535,EAST ST AT MILROY ST,63.22369400208364,98.59556557023937
E06035,3.8750001000000003,BEECHWOOD BLVD AT CROMBIE ST FS,63.238577169221614,98.59705707443118
E59550,3.87499995,WOOD ST OPP SUSQUEHANNA ST,63.25346033635958,98.59854857856523
S17080,3.8681818999999997,ELIZA ST AT DIVISION ST,63.26834350349755,98.60003745840254
E50180,3.8636361999999997,SALTSBURG RD AT STOTLER RD,63.28322667063551,98.60152458858039
N32760,3.8613636500000004,MCKNIGHT RD AT NELSON RUN RD,63.298109837773474,98.60301084404398
E21140,3.8590910449999996,FRANKSTOWN RD OPP LONG RD FS,63.31299300491145,98.60449622477213
E10720,3.8590909090909076,BROADWAY BLVD OPP BROADVIEW MANOR HI-RISE,63.327876172049415,98.60598160544798
S10450,3.859090825,BUTTERMILK HOLLOW RD AT PGH-MCKEESPORT BLVD,63.34275933918738,98.60746698609145
E35910,3.8590907750000003,LINCOLN AVE AT RENFREW ST,63.35764250632534,98.60895236671568
E04645,3.8545456750000002,AURELIUS ST AT HARRISON AVE,63.37252567346331,98.6104359979114
W70135,3.8545454545454527,STEUBEN ST AT MCCORMICK AVE,63.38740884060128,98.61191962902225
E39590,3.849999965,MONONGAHELA AVE AT #2130,63.40229200773925,98.61340151055464
E36052,3.84772732,LINCOLN AVE OPP ATWELL ST,63.417175174877215,98.61488251733623
E36430,3.8409093000000003,LINCOLN HWY OPP DIX DR,63.432058342015175,98.61636089983257
S05430,3.840909275,BAPTIST RD OPP LACHMAN DR,63.44694150915314,98.61783928231932
W04350,3.84090909090909,CHARTIERS VALLEY SC DR AT GIANT EAGLE,63.461824676291116,98.61931766473522
E34600,3.8386365,LEECHBURG RD AT AUBURN ST FS,63.47670784342908,98.6207951724211
N10640,3.834091,BRIGHTON RD OPP FARRIS ST STEPS,63.49159101056705,98.6222709305245
S12530,3.8318182,CLIMAX ST AT HABERMAN AVE,63.506474177705016,98.6237458138174
X07050,3.82954565,GRANDVIEW AVE OPP SHALER ST,63.521357344842976,98.62521982239603
E10680,3.82954535,BROADWAY BLVD OPP BRINTON AVE,63.53624051198095,98.62669383085921
E15110,3.82727282,COMMERCIAL ST AT BLACKHAWK ST,63.551123679118916,98.62816696461582
W22840,3.82499985,STEUBENVILLE PIKE OPP PITTSBURGH MOTEL,63.56600684625688,98.62963922349651
N08660,3.8249997999999996,BEAVER ST AT ST ANDREWS CHURCH,63.58089001339485,98.63111148235795
E59480,3.820454645,WOOD ST AT SUSQUEHANNA ST FS,63.59577318053281,98.63258199176971
N08240,3.820454545454545,BEAVER ST AT CAMP MEETING RD,63.61065634767078,98.63405250114316
N44960,3.813636395,PITTSBURGH ST OPP DUQUESNE CT,63.62553951480875,98.63552038618117
S05370,3.81363615,BAPTIST RD AT WEYMAN RD FS (CASTE VILLAGE),63.64042268194672,98.6369882711249
E34230,3.81136385,LAKETON RD OPP TURNER AVE,63.655305849084684,98.63845528145059
S50210,3.811363636363635,WORTHINGTON AVE AT 12TH ST,63.67018901622266,98.63992229169405
N24100,3.806818181818184,GRANT AVE AT VILSACK ST,63.68507218336062,98.64138755237252
W07290,3.80681818181818,FOREST GROVE RD AT MIDWAY DR,63.699955350498584,98.64285281305098
S26980,3.8045455450000003,JOSEPHINE ST AT #3203,63.71483851763655,98.64431719898177
E34810,3.8045455,LEMINGTON AVE AT WESTMORELAND AVE,63.72972168477452,98.64578158489525
E30425,3.8045455,HWY RT 286 AT PINE VALLEY DR,63.74460485191249,98.64724597080871
N35660,3.8045452,MT ROYAL BLVD AT BRIDLE RD,63.75948801905045,98.6487103566067
N21810,3.8022729999999996,FREEPORT RD AT #1150,63.77437118618842,98.65017386782516
W70129,3.8022727499999998,ORCHARD SPRING RD AT GREENTREE RD,63.789254353326385,98.65163737894738
N17815,3.80227265,EAST ST OPP ROYAL ST,63.80413752046435,98.65310089003113
S70621,3.7999999999999985,STATE ST OPP LOCUST AVE,63.819020687602325,98.65456352636211
W19442,3.7977274999999997,ORCHARD SPRING RD OPP BLACKBERRY DR,63.83390385474029,98.65602528799808
S25510,3.79772745,INTERBORO AVE AT LINDBERG AVE FS,63.84878702187825,98.6574870496148
X13730,3.7954543,PIONEER AVE OPP NORTHCREST DR,63.86367018901622,98.65894793628632
S34270,3.793182,MIFFLIN RD AT SLATE ST,63.878553356154185,98.6604079483398
E51330,3.79318175,SHADY AVE AT DARLINGTON RD,63.89343652329216,98.66186796029706
E58710,3.79090909090909,WM PENN HWY AT SAM'S WAREHOUSE DRVWY,63.908319690430126,98.66332709749807
S70507,3.7818181818181826,CLOVERFIELD DR AT SANDRA DR,63.923202857568086,98.6647827355691
E03100,3.781818125,AIRBRAKE AVE OPP 11TH ST,63.93808602470605,98.66623837361826
E02850,3.779545295,ABER RD AT URBAN DR,63.95296919184402,98.66769313684537
E30490,3.777272727272728,HWY RT 286 AT RICKENBAKER DR,63.96785235898199,98.6691470253514
E38340,3.774999999999998,MALL BLVD AT TGI FRIDAY,63.98273552611996,98.67060003907496
N18743,3.772727272727273,EVERGREEN AVE AT EMMA ST,63.99761869325792,98.67205217801602
N13803,3.7704545,CENTER AVE OPP CORNELL AVE EXT,64.01250186039589,98.67350344215706
E42850,3.7522727000000002,OAKWOOD ST AT BENNETT ST,64.02738502753385,98.67494770804515
N35760,3.75,MT ROYAL BLVD AT ELFINWILD LN,64.04226819467182,98.67639109916126
E58240,3.749999999999999,WM PENN HWY OPP VALUE CITY,64.0571513618098,98.67783449027736
X04480,3.7477272999999998,COCHRAN RD AT BEVERLY RD,64.07203452894777,98.67927700662148
N50260,3.74318165,SOUTH SIDE AVE AT SUNSET AVE,64.08691769608572,98.68071777332536
W08043,3.740909090909093,GREENTREE RD AT FOREST DR FS,64.10180086322369,98.6821576653115
E15100,3.7386364500000004,SCHENLEY AVE OPP COLUMBO ST,64.11668403036165,98.68359668254836
S31380,3.736363545,MAIN ST AT MARHAM RD,64.13156719749963,98.68503482493432
W70180,3.731818,UNIVERSITY BLVD OPP PATTON DR,64.1464503646376,98.68647121772048
W17560,3.729545545,NOBLESTOWN RD AT WEAVER ST FS,64.16133353177555,98.68790673582896
N40080,3.7295454545454545,OHIO RIVER BLVD OPP MEMORIAL DR,64.17621669891352,98.68934225390261
S70189,3.7295454545454527,KENNEDY AVE AT 4TH ST,64.19109986605149,98.69077777197627
S45020,3.7272725450000004,ST JOSEPH ST AT #144,64.20598303318947,98.69221241519726
N10610,3.7250001000000004,BRIGHTON RD AT RIDGE AVE,64.22086620032744,98.69364618374442
E38661,3.7250001,MAPLE AVE AT CHARLES ST,64.2357493674654,98.69507995229158
X06810,3.725,GILKESON RD OPP CEDAR BLVD FS,64.25063253460335,98.69651372080024
N04340,3.7249999999999983,9TH AVE AT PENN ST,64.26551570174132,98.6979474893089
S10500,3.7227270949999998,BUTTERMILK HOLLOW RD AT WALNUT DR,64.2803988688793,98.69938038296667
N13250,3.7159093,CALIFORNIA AVE OPP STRANMORE ST,64.29528203601727,98.70081065242583
E70996,3.7090909000000005,CRAWFORD ST AT WYLIE AVE,64.31016520315524,98.70223829745353
E02940,3.7090908999999996,AIRBRAKE AVE AT 11TH ST,64.32504837029319,98.70366594248122
X02660,3.7068184000000004,BOWER HILL RD OPP SOMERVILLE DR,64.33993153743116,98.70509271281391
N24180,3.7022727272727254,GRANT AVE AT DAVIS AVE,64.35481470456914,98.70651773349763
E70256,3.7022726,ROBINSON BLVD AT #2600 (OPP E GATE),64.3696978717071,98.70794275413236
W13190,3.697727272727275,MCCOY RD AT AL SMITH DR,64.38458103884507,98.70936602525107
W00260,3.697727272727275,3RD ST AT MAIN ST,64.39946420598304,98.71078929636981
N19670,3.6977272727272714,FERGUSON RD OPP LINWOOD DR #2,64.41434737312099,98.71221256748854
W25810,3.6954545750000003,W CARSON ST AT EARL ST,64.42923054025897,98.71363496383614
E70407,3.6954545,TERRACE ST AT ROBINSON ST,64.44411370739694,98.71505736015487
S00670,3.693182,SECOND AVE AT ALUVIAN ST,64.4589968745349,98.71647888177858
E70739,3.6931814999999997,STRANAHAN ST AT OAKDENE ST,64.47388004167287,98.71790040320987
X00590,3.6909092,BANKSVILLE RD AT CHAPPEL AVE,64.48876320881082,98.7193210500231
E29910,3.68863625,HOMEWOOD AVE AT RACE ST,64.5036463759488,98.7207408219681
W23103,3.684090775,SUMMIT PARK DR OPP #35,64.51852954308677,98.72215884434026
E70028,3.6818183,ALLEGHENY AVE AT DELAWARE AVE,64.53341271022474,98.72357599202702
S70503,3.6795456,CUSTER AVE AT ST WENDELIN CHURCH,64.5482958773627,98.72499226494178
N43190,3.6795455,PERRY HWY AT #328,64.56317904450067,98.72640853781803
W18190,3.6795452500000003,NOBLESTOWN RD OPP #2212,64.57806221163864,98.72782481059808
S09420,3.67727285,BROWNSVILLE RD OPP CURRY RD FS,64.5929453787766,98.72924020872159
W14420,3.6727273,MIDDLETOWN RD AT #3205,64.60782854591457,98.73065385724338
W00290,3.6727272727272724,4TH AVE OPP ARCH ST,64.62271171305254,98.73206750575466
E25040,3.672727,GRANT ST AT TRI-BORO EXPWY,64.6375948801905,98.73348115416097
E70306,3.6704549,MCCLURE AVE AT NEVADA ST,64.65247804732847,98.73489392802624
S35900,3.670454545454545,BLOSSOM DR AT NORMA DR,64.66736121446644,98.73630670175503
N44570,3.670454545454545,PITTSBURGH ST AT ELIZABETH ST,64.6822443816044,98.73771947548381
W22577,3.6704542950000003,STEUBENVILLE PIKE AT WATERFORD DR,64.69712754874237,98.7391322491162
E70862,3.6681820450000004,TILBURY AVE AT NICHOLSON ST,64.71201071588034,98.7405441481498
W23089,3.6681818181818167,CRENNELL AVE AT CRAFTON MUNICIPAL BLDG,64.7268938830183,98.7419560470961
N21290,3.6636363636363645,FREEPORT RD AT HUMBOLDT ST,64.74177705015627,98.7433661964774
N36940,3.663636275,MT TROY RD AT BECKERT ST,64.75666021729424,98.7447763458246
E51130,3.659091275,SCHOYER AVE AT MONONGAHELA AVE,64.7715433844322,98.74618474578176
N16662,3.6590909090909127,DUNCAN AVE AT ROYAL MANOR CT #1,64.78642655157017,98.74759314559807
S46390,3.6568181818181795,VERSAILLES AVE OPP SUMAC ST,64.80130971870814,98.7490006706319
W16570,3.6522724999999996,NOBLESTOWN RD AT MANSFIELD AVE FS,64.8161928858461,98.75040644601327
N28940,3.643181818181818,KENDALL AVE AT CRAWFORD AVE,64.83107605298407,98.75180872235212
E70820,3.6431818181818176,7TH ST AT PROSPECT AVE,64.84595922012204,98.75321099869099
E70370,3.6409095,ALLEQUIPPA ST AT OUTLET ST,64.86084238726,98.75461240040482
N46060,3.6340909999999997,RISING MAIN AVE AT LANARK ST,64.87572555439797,98.7560111776487
E50170,3.6227275,SALTSBURG RD OPP STOTLER RD,64.89060872153594,98.75740558103257
S01060,3.622727275,SECOND AVE OPP ALUVIAN ST,64.90549188867391,98.75879998432985
S08440,3.6227272,BROWNSVILLE RD AT CURRY RD,64.92037505581187,98.76019438759828
E42990,3.6227271000000005,OBERLIN ST AT MINGO ST,64.93525822294984,98.7615887908282
N14255,3.62045465,CENTER AVE AT WAVERLY AVE,64.95014139008781,98.76298231938236
E70766,3.6159092250000002,4TH AVE AT ANTISBURY ST,64.96502455722577,98.76437409838287
S00530,3.6159091500000002,22ND AVE AT MAIN ST,64.97990772436374,98.76576587735454
N39800,3.615909090909092,OHIO RIVER BLVD AT LOCUST ST,64.99479089150171,98.76715765630347
E50550,3.61590885,SALTSBURG RD OPP MILLERS LN,65.00967405863967,98.76854943515966
N37040,3.6113634999999995,MT TROY RD AT KINKURA DR,65.02455722577764,98.7699394644911
X17727,3.6090911000000006,SOUTHERN AVE AT WHITWORTH ST,65.03944039291561,98.77132861916603
E55040,3.6068179999999996,UNIVERSAL RD AT FREY RD,65.05432356005358,98.77271689891498
N39520,3.5999999999999983,OHIO RIVER BLVD AT MEMORIAL DR,65.06920672719154,98.77410255438645
E20030,3.5977272727272753,FOREST AVE AT 6TH ST,65.08408989432951,98.77548733507541
E26040,3.597727175,GROVE RD AT SUNCREST DR,65.09897306146748,98.77687211572675
S70637,3.595454545454545,COMMONWEALTH AVE AT OVERLAND AVE,65.11385622860544,98.77825602163321
W10950,3.5954544999999998,LADOGA ST AT MIDDLETOWN RD,65.12873939574342,98.77963992752218
E35772,3.5886366,LINCOLN AVE AT ATWELL ST,65.14362256288138,98.78102120917217
E55420,3.58863645,VERONA RD AT BRINLEY DR,65.15850573001934,98.78240249076438
E04510,3.5840909499999998,ATLANTIC AVE AT BROAD ST,65.17338889715731,98.78378202277412
E25371,3.5818185,GREENFIELD AVE OPP YODER ST FS,65.18827206429528,98.7851606801081
N08350,3.5795455,BEAVER ST AT GRANT ST,65.20315523143326,98.7865384625546
W70169,3.579545454545455,PINE HOLLOW RD AT LAB CORP SQUARE,65.21803839857121,98.78791624498362
W25110,3.577272727272729,WASHINGTON PIKE AT VANADIUM RD,65.23292156570918,98.78929315263014
N22820,3.5772727272727263,FREEPORT RD OPP WILSON AVE,65.24780473284714,98.79067006027664
W22640,3.5749999,STEUBENVILLE PIKE OPP DEVASSIE RD,65.26268789998511,98.79204609310217
S27290,3.5727272727272723,KENNEDY AVE AT DELL ST,65.27757106712309,98.79342125118369
S39900,3.5704545,PROVOST RD AT BAPTIST RD,65.29245423426106,98.79479553446522
S10480,3.5704543,BUTTERMILK HOLLOW RD AT #5055,65.30733740139901,98.79616981766979
S70578,3.5659092749999997,SIDNEY ST AT SARAH ST,65.32222056853698,98.79754235147468
S70226,3.5613637,DELWAR RD OPP APPLEBEE'S DRVWY,65.33710373567494,98.79891313566822
N40000,3.5590909090909095,OHIO RIVER BLVD AT SHILOH AVE,65.35198690281292,98.80028304505477
E45200,3.55227285,PAULSON AVE AT OLIVANT ST,65.36687006995089,98.80165033014109
E10070,3.552272727272728,BRINTON RD AT BRINTON MANOR DR,65.38175323708884,98.80301761518015
S25099,3.5477272749999997,HWY RT 885 AT LEWIS RUN RD,65.39663640422681,98.80438315065511
S70454,3.5454545499999996,BROWNSVILLE RD OPP WILHELM AVE,65.41151957136478,98.80574781134845
S14950,3.5454545,EASTMAN ST AT GREENSPRINGS AVE FS,65.42640273850276,98.80711247202255
E70895,3.545454425,BEECHWOOD BLVD AT #3735,65.44128590564073,98.80847713266778
E04580,3.540909,ATLANTIC AVE AT ROSETTA ST,65.45616907277868,98.8098400437594
X00570,3.540909,BANKSVILLE RD OPP BANKSVILLE AVE,65.47105223991665,98.81120295485101
E70848,3.53636355,HAZELWOOD AVE AT CALVARY ST,65.48593540705461,98.81256411637936
E55410,3.53409095,VERONA RD AT ARTHUR DR,65.50081857419259,98.81392440317424
N21530,3.5318181818181804,FREEPORT RD AT MURRAY HILL RD,65.51570174133056,98.81528381517086
E70278,3.520454525,MONROEVILLE TRESTLE RD AT SALTSBURG RD,65.53058490846853,98.81663885324713
N21740,3.5181819,FREEPORT RD AT RIDDLE RUN RD,65.54546807560648,98.81799301658027
E70142,3.5181816,GREENFIELD AVE AT #322,65.56035124274445,98.81934717979794
X01640,3.51136385,BEVERLY RD AT W MARLIN DR,65.57523440988243,98.82069871883434
E03120,3.5090907500000004,AIRBRAKE AVE OPP 1ST ST,65.5901175770204,98.82204938294478
N40030,3.5045454545454535,OHIO RIVER BLVD AT WALLISTON AVE,65.60500074415836,98.82339829755148
W08590,3.502272727272728,HERBST RD AT DOWNS DR,65.61988391129631,98.82474633737566
E26020,3.4977271500000002,GROVE RD AT SELVIN DR,65.63476707843428,98.82609262758763
E25377,3.495454775,GREENFIELD BRIDGE AT ALGER ST,65.64965024557226,98.82743804315268
X04210,3.4954543499999997,CEDAR BLVD OPP BEADLING RD,65.66453341271023,98.82878345855416
X00530,3.49318181818182,BANK ST AT WINFIELD ST,65.6794165798482,98.83012799924838
S39940,3.493181775,PROVOST RD AT BRIGHTVIEW DR,65.69429974698616,98.83147253992597
E58060,3.4840910000000003,WINTERBURN AVE AT BLANTON ST,65.70918291412411,98.83281358152519
S70278,3.4840909999999994,WATERFRONT DR AT LOWES DRVWY FS,65.7240660812621,98.83415462312442
S70323,3.4840909090909102,ST CLAIR AVE OPP 8TH ST,65.73894924840006,98.83549566468865
X15600,3.4818183,RUTH ST OPP KATHLEEN ST,65.75383241553803,98.83683583151588
N14690,3.4795455,N CHARLES ST OPP CROSS ST,65.768715582676,98.83817512353262
E51010,3.477272845,SAVANNAH AVE AT OVERTON ST,65.78359874981395,98.83951354079468
N52600,3.4727273,TROY HILL RD AT PROVIDENCE ST FS,65.79848191695193,98.84085020845694
N16664,3.4727272727272753,DUNCAN AVE AT ROYAL MANOR CT #2,65.8133650840899,98.8421868761087
E03260,3.4659090500000005,AIRBRAKE AVE OPP #620,65.82824825122786,98.84352091939722
W14460,3.46590885,MIDDLETOWN RD AT STRATMORE ST FS,65.84313141836583,98.84485496260876
E25347,3.4590909499999998,GREENFIELD AVE AT SYLVAN AVE,65.8580145855038,98.8461863815813
N40130,3.45909090909091,OHIO RIVER BLVD OPP EAT-N-PARK,65.87289775264176,98.8475178005381
S31610,3.45227265,MAIN ST AT WEST RUN RD (BRIERLY LANE),65.88778091977973,98.84884659511766
N22790,3.450000000000003,FREEPORT RD OPP VALLEY MOTEL,65.9026640869177,98.85017451494448
N14332,3.4454547,CENTER AVE OPP WAVERLY AVE,65.91754725405566,98.85150068526579
N32430,3.44090915,MCKNIGHT RD AT BABCOCK BLVD RAMP FS,65.93243042119363,98.85282510598537
N14580,3.436364,N CHARLES ST AT KIMBERLIN WAY,65.9473135883316,98.85414777725718
N15190,3.4363636363636347,CHURCH AVE AT RIDGE AVE,65.96219675546956,98.85547044838904
E70389,3.4272728,LEECHBURG RD OPP AUBURN ST,65.97707992260753,98.8567896204189
N24030,3.4250000000000003,GRANT AVE AT #114,65.9919630897455,98.85810791763828
N71328,3.422727272727273,CHURCH AVE AT ROSTREVOR PL,66.00684625688346,98.85942534007515
S24070,3.42045495,HWY RT 51 AT #2859,66.02172942402143,98.86074188788525
E34220,3.420454775,LAKETON RD OPP SOUTHERN AVE,66.0366125911594,98.86205843562799
E36360,3.4204545,LINCOLN HWY AT TAYLOR ST,66.05149575829736,98.86337498326489
E07790,3.415909,BIGELOW BLVD OPP FINLAND ST,66.06637892543533,98.8646897813193
N37030,3.4113635,MT TROY RD OPP KINKURA DR,66.0812620925733,98.86600282979121
X08920,3.4113634499999996,KATHLEEN ST AT ESTELLA AVE FS,66.09614525971126,98.86731587824387
W16380,3.4045455000000002,NOBLESTOWN RD OPP DUNCAN WAY,66.11102842684923,98.8686263024383
E14133,3.40454535,CHASKE ST AT BRAMBLE ST,66.1259115939872,98.86993672657498
N45060,3.4,PITTVIEW AVE AT MT TROY RD,66.14079476112516,98.87124540118691
N71292,3.4,BAKERSTOWN RD AT SILVERVILLE RD,66.15567792826313,98.87255407579885
N12900,3.395455,CALIFORNIA AVE AT MARQUIS WAY,66.1705610954011,98.87386100102074
S46910,3.3954545454545437,WALNUT ST AT 28TH AVE,66.18544426253906,98.87516792606769
E48646,3.393182,ROBERTS ST AT WYLIE AVE,66.20032742967703,98.87647397640211
W13280,3.390909275,MCCOY RD AT JEFFERSON DR,66.215210596815,98.87777915195494
N52670,3.38863645,TROY HILL RD OPP VINIAL ST,66.23009376395296,98.87908345268764
S39830,3.3886364,PROSPECT RD OPP BAUMAN AVE,66.24497693109093,98.8803877534011
E34200,3.3886362749999996,LAKETON RD AT LINDBERG AVE,66.25986009822891,98.88169205406643
X01920,3.3886362,BOGGS AVE AT PAUL ST,66.27474326536687,98.8829963547029
E32275,3.3863637000000004,JAMES ST AT HARPER DR,66.28962643250483,98.88429978064435
E32760,3.3840907749999998,JOHNSTON AVE OPP BROADVIEW DR,66.3045095996428,98.88560233172721
S70410,3.3795455,MIFFLIN ST AT CHERRY ST,66.31939276678077,98.88690313331419
W13505,3.375,MCCOY RD OPP JEFFERSON DR,66.33427593391875,98.88820218531869
N18747,3.375,EVERGREEN AVE AT FREDERICK ST,66.3491591010567,98.88950123732319
E70828,3.36818181818182,7TH ST EXT AT TIMBER DR,66.36404226819467,98.8907976649802
E48210,3.365908875,RANKIN BLVD AT #211,66.37892543533263,98.89209321777162
S13480,3.3636362,CONNISTON AVE AT CALLE ST,66.3938086024706,98.89338789580066
E53720,3.35681825,SWISSVALE AVE AT NORTH AVE,66.40869176960858,98.89467994957143
S12500,3.35454545,CLIMAX ST AT ESTELLA AVE,66.42357493674655,98.89597112853173
S08360,3.3522727750000003,BROWNSVILLE RD AT CARLYN DR,66.4384581038845,98.89726143272965
S70486,3.3522727272727253,EDEN PARK BLVD AT MCKEESPORT HIGH SCHOOL DRVWY F,66.45334127102247,98.89855173690918
N37110,3.35,MT TROY RD AT PITTVIEW AVE,66.46822443816043,98.89984116630623
E38330,3.3499999999999988,MALL BLVD AT WM PENN HWY,66.48310760529841,98.9011305957033
N24095,3.347727272727272,CRESCENT ST AT SULLIVAN WAY,66.49799077243638,98.90241915031784
N71327,3.345454545454545,CENTER AVE OPP VISTA ST,66.51287393957433,98.9037068301499
N08090,3.3431819999999997,BEAVER AVE AT NORTH POINTE DR,66.5277571067123,98.90499363526946
E52410,3.34318182,SOUTH AVE AT MILL ST,66.54264027385027,98.90628044031973
S70501,3.3431817749999997,SPENCER AVE AT WATERMAN AVE FS,66.55752344098825,98.9075672453527
E09860,3.34090915,BRINTON AVE AT TERRACE ST,66.57240660812622,98.90885317564249
S14380,3.3409090909090926,DESIDERIO BLVD OPP WASHINGTON AVE,66.58728977526418,98.91013910590958
E14430,3.34090909090909,COAL ST OPP HUTCHINSON AVE,66.60217294240213,98.91142503617665
S70524,3.331818181818183,CLOVERFIELD DR AT SANDRA DR,66.6170561095401,98.91270746731374
S12550,3.33181795,CLIMAX ST OPP GEARING AVE,66.63193927667808,98.91398989836162
E32970,3.3295457,JONES AVE AT ZUERNER WAY,66.64682244381605,98.91527145481069
E55500,3.329545375,VERONA RD AT GRAHAM BLVD EXT,66.66170561095402,98.91655301113467
S02250,3.3250000000000024,5TH ST AT PRISCILLA AVE,66.67658877809197,98.91783281792429
N22490,3.3204548000000003,PITTSBURGH ST OPP MOYHEND ST,66.69147194522994,98.91911087524689
N44560,3.3204546500000003,PITTSBURGH ST AT DUQUESNE CT FS,66.70635511236792,98.92038893251176
E34640,3.3181815000000006,LEECHBURG RD AT RICHEY DR,66.72123827950588,98.92166611483141
E42950,3.3136364499999997,OAKWOOD ST OPP INGLENOOK PL,66.73612144664385,98.9229415477418
W23098,3.313636275,SUMMIT PARK DR AT PARK LANE #1,66.7510046137818,98.92421698058482
W70140,3.31363615,SUMMIT PARK DR AT PARK LANE #2,66.76588778091977,98.92549241337973
S08620,3.311363636363636,BROWNSVILLE RD AT HOLLOW HAVEN DR FS,66.78077094805775,98.92676697147438
E58790,3.3090909090909055,WM PENN HWY AT RODI RD FS,66.79565411519572,98.92804065478651
W23090,3.306818275,SUMMIT PARK DR AT #20,66.81053728233368,98.92931346335206
X07010,3.3068180450000004,GRANDVIEW AVE AT SHALER ST,66.82542044947165,98.93058627182904
E16160,3.3045454999999997,DARLINGTON RD AT BEACON ST,66.8403036166096,98.9318582055937
E70955,3.3045452500000003,LARIMER AVE AT AUBURN ST,66.85518678374758,98.93313013926213
W02810,3.2977272,CAROTHERS AVE AT FINLEY AVE FS,66.87006995088555,98.93439944863381
S70564,3.2954547499999998,MOUNTAINVIEW DR AT POOL CITY DR,66.88495311802352,98.93566788332973
X10640,3.2909089999999996,MCFARLAND RD AT HELEN DR FS,66.89983628516148,98.93693456834693
N71322,3.286363636363635,CENTER AVE AT ALLEGHENY AVE,66.91471945229944,98.93819950383414
E25465,3.2863634999999998,GREENSBURG PIKE AT CORVETTE TECHNICIANS,66.92960261943742,98.93946443926886
W70158,3.28409115,W CARSON ST AT CORLISS TUNNEL NS,66.94448578657538,98.94072850006629
S70449,3.2795454545454548,BLOSSOM DR OPP CLELIA DR,66.95936895371335,98.94199081120601
E29990,3.27954535,HOMEWOOD AVE AT THOMAS BLVD,66.97425212085132,98.94325312230549
N50580,3.2772726999999997,SPRING GARDEN AVE OPP SPRING GARDEN LOOP,66.98913528798928,98.94451455865222
W16390,3.2704544999999996,NOBLESTOWN RD AT DUNCAN WAY FS,67.00401845512725,98.94577337064445
E34450,3.2681819500000002,LARIMER AVE AT SHETLAND ST,67.01890162226522,98.94703130792244
N43080,3.2681818500000004,PERRY HWY OPP IVORY AVE,67.03378478940319,98.94828924516193
S17850,3.2681818181818185,EVANS ST AT MCKEESPORT HOSPITAL EMERGENCY,67.04866795654115,98.94954718238918
E70390,3.263636375,LEECHBURG RD OPP BARCKHOFF ST,67.06355112367912,98.95080337005581
X70065,3.261363545,WASHINGTON RD AT BOWER HILL RD FS,67.07843429081709,98.9520586829004
S02260,3.2590909090909093,5TH ST AT PRISCILLA AVE,67.09331745795505,98.95331312099768
W23188,3.25681795,SWALLOW HILL RD AT GREENTREE RD FS,67.10820062509302,98.95456668422321
X70087,3.25454545,BOGGS AVE AT #304,67.12308379223099,98.95581937275375
N70158,3.2522725,CENTER ST AT W 7TH AVE,67.13796695936895,98.95707118641604
X00450,3.25,BANK ST AT DEWEY AVE,67.15285012650692,98.95832212538333
X09310,3.2499997749999996,LABELLE ST AT PIERMONT ST,67.16773329364489,98.95957306426402
E40110,3.2454545454545456,MONROEVILLE BLVD OPP JAMISON LN,67.18261646078285,98.96082225366632
W18280,3.24318195,NOBLESTOWN RD OPP #608,67.19749962792082,98.96207056833687
E34830,3.2409089,LEMINGTON AVE OPP WESTMORELAND AVE,67.21238279505879,98.9633180081007
N21630,3.2363636363636368,FREEPORT RD AT ORR AVE,67.22726596219675,98.96456369837303
S02210,3.2295454545454554,5TH ST AT KENNEDY AVE,67.24214912933472,98.96580676429785
W02890,3.2227275,CAROTHERS AVE OPP FINLEY AVE,67.25703229647269,98.96704720596269
E70878,3.2204544,GREENSBURG PIKE AT KLINE AVE FS,67.27191546361065,98.96828677270156
N14460,3.215909,N CHARLES ST AT BIZET ST,67.28679863074862,98.96952458989644
E48880,3.215909,ROBINSON ST AT ELLERS ST,67.30168179788659,98.97076240709131
S33300,3.2136365999999996,MCKINLEY ST AT GROGAN AVE,67.31656496502455,98.97199934962967
S09380,3.2136362999999997,BROWNSVILLE RD OPP CARLYN DR,67.33144813216252,98.97323629205255
N14510,3.2113637499999994,N CHARLES ST AT CROSS ST,67.34633129930049,98.97447235976117
E70419,3.2113635,LARIMER AVE AT MAYFLOWER ST,67.36121446643845,98.97570842737356
N24130,3.2000000000000015,CRESCENT ST OPP SULLIVAN WAY,67.37609763357642,98.97694012112598
S47120,3.2,WALNUT ST OPP EXXON STATION,67.3909808007144,98.9781718148784
S39666,3.1931818181818192,PROSPECT RD OPP BERYL DR,67.40586396785235,98.97940088428331
N54790,3.19318175,WURZELL AVE AT BURGESS ST,67.42074713499032,98.98062995366199
W03980,3.1931816,CHARTIERS AVE AT NITTANY ST FS,67.43563030212829,98.98185902298293
X01935,3.1909092749999997,BOGGS AVE AT SOFFEL ST,67.45051346926626,98.98308721767623
X06910,3.190909,GRANDVIEW AVE AT HALLOCK ST,67.46539663640422,98.98431541226365
E70752,3.19090885,EVERTON ST AT OAKDENE ST,67.48027980354219,98.98554360679336
W23001,3.186364,STEUBENVILLE PIKE AT MCKEES ROCKS RD,67.49516297068016,98.98677005199077
S35905,3.1863636363636347,BLOSSOM DR AT NORMA DR,67.51004613781812,98.9879964970482
W10610,3.181818275,ISLAND AVE OPP ORR ST,67.52492930495609,98.98922119257652
N71344,3.1818182,MARSHALL AVE AT SORREL ST,67.53981247209407,98.99044588807598
W26360,3.179545454545455,W PROSPECT AVE OPP BERRY ST,67.55469563923204,98.99166970878593
S33690,3.1795454249999997,MELLON ST AT VERMONT AVE,67.56957880636999,98.99289352948452
E20050,3.1750000000000016,5TH ST AT DUQUESNE AVE,67.58446197350796,98.99411560062948
N39790,3.1727272727272755,OHIO RIVER BLVD AT LAUREL AVE,67.59934514064592,98.99533679699195
S24355,3.1727272500000003,HWY RT 51 AT #2850,67.61422830778389,98.99655799334568
S01040,3.1659089999999996,SECOND AVE AT WINSTON ST,67.62911147492187,98.99777656532568
S24060,3.16363635,HWY RT 51 AT #2790,67.64399464205982,98.99899426255291
E32890,3.161364,JONES AVE AT MILLER AVE,67.65887780919779,99.00021108514288
S35500,3.15681815,ARLINGTON AVE AT #916,67.67376097633576,99.00142615801563
E45280,3.15454565,PAULSON AVE AT OLIVANT ST,67.68864414347374,99.0026403561934
S12470,3.1545454,CLIMAX ST AT CURTIN AVE,67.7035273106117,99.00385455427492
X00480,3.152272727272725,BANK ST AT GRANDVIEW AVE,67.71841047774967,99.00506787759494
N14470,3.1477271,N CHARLES ST OPP BIZET ST,67.73329364488762,99.00627945128349
N08750,3.14545465,BEAVER ST OPP GRANT ST,67.74817681202559,99.00749015029626
N41755,3.145454575,PENNSYLVANIA AVE AT CHATEAU ST,67.76305997916356,99.00870084928016
S17070,3.1386365,ELIZA ST AT DIVISION ST,67.77794314630154,99.0099089239577
S08500,3.1386365,BROWNSVILLE RD AT FELIX DR,67.7928263134395,99.01111699863525
E49590,3.1363633999999996,SALTSBURG RD AT ALCOMA PARK PLAZA,67.80770948057746,99.01232419838682
S50240,3.134090909090908,WORTHINGTON AVE AT 9TH ST,67.82259264771542,99.01353052344689
E55032,3.131818,UNIVERSAL RD AT VOLUNTEER FIRE CO,67.8374758148534,99.01473597365447
E59690,3.1249998999999997,WOODSTOCK AVE AT #2690,67.85235898199137,99.01593879954606
N15280,3.1204545,COLBY ST AT AMES ST,67.86724214912934,99.01713987589366
X06790,3.1204543,GILKESON RD OPP OLD GILKESON RD,67.8821253162673,99.01834095216428
E32420,3.1068182500000003,JANCEY ST AT #1853,67.89700848340526,99.01953677986064
N20160,3.1068181818181833,FOREST AVE AT #546,67.91189165054323,99.02073260753077
E49780,3.10681795,SALTSBURG RD AT FORD AVE,67.9267748176812,99.02192843511169
N15330,3.1022727750000003,COLBY ST OPP AMES ST,67.94165798481917,99.0231225132352
S70483,3.1022727272727275,HARTMAN ST AT CAMP ST,67.95654115195714,99.02431659134032
S39950,3.0999999999999996,PROVOST RD AT BRIGHTVIEW DR,67.97142431909509,99.02550979466297
W21780,3.0977272727272704,STEUBEN ST OPP MCCORMICK AVE,67.98630748623307,99.02670212320312
N31320,3.0954544999999998,LOWRIE ST AT SUNDEMAN ST,68.00119065337104,99.02789357694328
E06040,3.0931819999999997,BEECHWOOD BLVD AT PHILLIPS AVE FS,68.016073820509,99.02908415598843
W16400,3.09318195,NOBLESTOWN RD AT DURBIN ST,68.03095698764697,99.03027473501433
S06490,3.0931818181818196,BLOSSOM RD AT LAUREL DR,68.04584015478493,99.03146531398949
S70377,3.0931818181818196,STATE ST AT MAPLE AVE,68.0607233219229,99.03265589296466
N39720,3.0931818181818187,OHIO RIVER BLVD AT HARRISON AVE,68.07560648906087,99.0338464719398
S70539,3.088636363636365,CHURCHVIEW AVE AT CASTLEVIEW DR,68.09048965619884,99.03503530134998
X02060,3.0818182750000003,BOWER HILL RD AT CLEMSON DR,68.10537282333681,99.03622150644853
X15590,3.081818275,RUTLEDGE ST AT REPUBLIC ST,68.12025599047477,99.03740771154709
N19600,3.081818181818185,FERGUSON RD AT POST RD,68.13513915761274,99.03859391660977
N71339,3.0795456,MT TROY RD AT VILLA DR,68.15002232475071,99.03977924694594
W17730,3.0772729500000002,NOBLESTOWN RD OPP DURBIN ST,68.16490549188867,99.04096370252938
E52430,3.0772725000000003,SOUTH AVE AT MULBERRY ST,68.17978865902664,99.04214815793961
N08470,3.0750000000000006,BEAVER ST AT OAK DR,68.19467182616461,99.0433317386548
E52390,3.07272715,SOUTH AVE AT ELVIA WAY FS,68.20955499330256,99.04451444454028
E55600,3.0681820450000004,VERONA RD AT RANDOLPH LN,68.22443816044054,99.0456954009953
N10953,3.0681819999999997,BROAD ST AT THORN ST,68.23932132757851,99.046876357433
X03440,3.0659092749999997,BROOKLINE BLVD OPP #1572,68.25420449471648,99.04805643908908
E28730,3.0636365,HERRON AVE OPP RUTHVEN ST FS,68.26908766185444,99.04923564594431
E10050,3.0636363636363644,BRINTON RD AT BRADDOCK RD,68.28397082899241,99.05041485274704
E04665,3.0613637,BAKER ST AT #7124,68.29885399613038,99.05159318479177
E36120,3.0613635,LINCOLN HWY AT 3RD ST,68.31373716326834,99.0527715167595
N08410,3.05909115,BEAVER ST AT LOGAN ST FS,68.32862033040631,99.05394897408998
E56200,3.0568182000000004,WARDSONS ST AT CHURCHLAND ST,68.34350349754428,99.05512555655224
E51430,3.052272775,SHADY AVE AT PHILLIPS AVE,68.35838666468224,99.05630038946086
X20590,3.0522727272727255,WINFIELD ST AT BANK ST,68.37326983182021,99.05747522235112
S31650,3.0522725,MAIN ST AT W LEHIGH AVE,68.38815299895818,99.0586500551539
S02170,3.05,5TH ST AT COCHRAN ST,68.40303616609614,99.05982401326166
S70619,3.047727272727275,GRANDVIEW AVE AT #39,68.41791933323411,99.06099709658693
W03810,3.045454545454545,CHARTIERS AVE AT VFW BLDG (WINDGAP AVE),68.43280250037208,99.06216930512971
S24260,3.043181818181819,HWY RT 51 AT #3500,68.44768566751004,99.06334063888998
E70763,3.0431816,LARIMER AVE AT SHETLAND ST,68.46256883464801,99.06451197256628
E55780,3.04090925,VERONA RD OPP MAPLE AVE,68.47745200178598,99.06568243160531
E70252,3.04090915,EAST HILLS DR OPP WILNER DR,68.49233516892394,99.06685289060584
N36690,3.04090902,MT ROYAL BLVD OPP SCOTT AVE,68.50721833606191,99.06802334955633
E43860,3.0386363636363622,OLD WILLIAM PENN HWY OPP GLENWOOD DR,68.52210150319988,99.06919293375161
W18290,3.03636375,NOBLESTOWN RD OPP #640,68.53698467033784,99.07036164320814
E27580,3.034090909090908,BEATTY RD AT HAYMAKER RD FS,68.55186783747581,99.07152947783845
E39950,3.0340909090909074,MONROEVILLE BLVD OPP BRINTON ST,68.56675100461378,99.07269731246875
E55050,3.0295455,UNIVERSAL RD AT WEBSTER DR,68.58163417175174,99.07386339755156
W10615,3.02954535,ISLAND AVE OPP #1179,68.59651733888971,99.07502948257664
E09930,3.0204546999999997,BRINTON AVE OPP TERRACE ST,68.61140050602769,99.07619206857144
N71256,3.020454545454543,FERGUSON RD AT DUNCAN AVE NS,68.62628367316564,99.07735465450678
N50220,3.011363775,SOUTH SIDE AVE AT LAPPE LN,68.64116684030361,99.0785137413655
N22540,3.0113636363636376,FREEPORT RD OPP MURRAY HILL RD,68.65605000744158,99.07967282817086
E10420,3.009090909090908,BRINTON RD OPP KINGS RD,68.67093317457955,99.0808310401937
E48680,3.00681815,ROBINSON BLVD AT SUNRISE AVE,68.68581634171753,99.08198837742182
S31700,3.0,MAIN ST OPP BOTSFORD ST,68.70069950885548,99.0831430903147
E17325,2.99318185,EAST HILLS DR AT SCHOOL DRVWY,68.71558267599345,99.08429517887237
N03995,2.9909090909090903,7TH ST OPP NEW KEN HOSPITAL,68.73046584313141,99.08544639263526
W10475,2.9886363499999997,ISLAND AVE AT #1179,68.74534901026938,99.08659673161043
X17670,2.98636385,SOUTHERN AVE OPP LELIA ST,68.76023217740736,99.08774619589057
W16640,2.975,NOBLESTOWN RD AT IDLEWOOD AVE,68.77511534454531,99.08889128617602
E07630,2.975,BIGELOW BLVD AT HARDING WAY,68.78999851168328,99.09003637646146
E04250,2.9727272727272718,ARDMORE BLVD AT FAIRFAX RD,68.80488167882125,99.0911805919644
E06440,2.97045445,BEELER ST AT UNGER LN,68.81976484595921,99.09232393264811
E34760,2.96590925,LEMINGTON AVE AT OBERLIN ST,68.8346480130972,99.09346552386481
S34305,2.9636363,MIFFLIN RD OPP GLENHURST RD,68.84953118023516,99.09460624021328
X01950,2.96136365,BOGGS AVE AT WARRINGTON AVE,68.86441434737311,99.09574608180901
E43030,2.95909075,OBERLIN ST OPP LEMINGTON AVE,68.87929751451108,99.09688504855575
N35940,2.9568183500000003,MT ROYAL BLVD AT IRENE AVE,68.89418068164905,99.09802314064598
W04150,2.9522727272727254,CHARTIERS AVE EXT AT HOWARD ST,68.90906384878703,99.09915948310648
E26660,2.94999985,HAMILTON AVE OPP LASCHALL ST,68.923947015925,99.10029495072675
E70325,2.949999775,COAL HOLLOW RD AT CLIFF DR,68.93883018306295,99.10143041831813
S70532,2.94772735,SPENCER AVE OPP BEAU ST,68.95371335020091,99.1025650112434
S48587,2.9454547750000004,WEYMAN RD AT VILLAGE LN,68.96859651733888,99.10369872944476
N71279,2.945454545454545,FREEPORT RD AT HULTON BRIDGE FS,68.98347968447686,99.10483244755777
X18555,2.945454545,VANADIUM RD AT BOWER HILL RD FS,68.99836285161483,99.10596616567061
N12570,2.940909090909093,BUTLER ST OPP ISABELLA ST,69.0132460187528,99.10709813421863
W22576,2.9409089,STEUBENVILLE PIKE OPP WATERFORD DR,69.02812918589075,99.10823010269317
S70342,2.93636363636364,BOWMAN AVE AT JARVIS ST,69.04301235302871,99.1093603216762
W14500,2.93409090909091,CORAOPOLIS RD OPP EHLE AVE,69.0578955201667,99.11048966587674
X70054,2.9318180000000003,BOGGS AVE AT SOFFEL ST,69.07277868730466,99.11161813522482
E49945,2.92954555,SALTSBURG RD AT MILLERS LN,69.08766185444263,99.1127457298971
W70154,2.9295455450000003,GRAND AVE AT FRONTIER STEEL,69.10254502158058,99.11387332456746
S24000,2.9295454545454565,HWY RT 51 AT OLD CLAIRTON RD FS (LARGE),69.11742818871855,99.11500091920301
E59510,2.920454725,WOOD ST AT WALLACE AVE,69.13231135585653,99.1161250147777
E40990,2.91818205,MT CARMEL RD OPP PERSHING ST,69.1471945229945,99.11724823559
E04240,2.918181818181816,ARDMORE BLVD AT CENTURION DR,69.16207769013246,99.11837145631307
E08051,2.9113637,BLACK ST OPP CHISLETT ST,69.17696085727043,99.11949205271316
E52250,2.9113635,SHUMAN CENTER DR AT MAIN BLDG,69.19184402440838,99.12061264903626
W25775,2.9113635,WINDGAP AVE AT SUMMERDALE ST FS,69.20672719154636,99.12173324535937
E58120,2.90909115,WINTERBURN AVE AT MINNESOTA ST,69.22161035868433,99.12285296704519
E52990,2.90681835,STANTON AVE OPP HOLMES ST,69.2364935258223,99.12397181392053
W03610,2.90681815,CHARTIERS AVE AT NITTANY ST,69.25137669296026,99.12509066071887
N04300,2.904545454545457,9TH AVE AT MORGAN ST,69.26625986009822,99.12620863274698
X17660,2.9000000000000004,SOUTHERN AVE AT LELIA ST,69.2811430272362,99.1273248552101
E32870,2.89772725,JONES AVE OPP MAIN ST,69.29602619437416,99.12844020288199
N50230,2.8909089999999997,SOUTH SIDE AVE AT LUELLA ST,69.31090936151213,99.12955292618012
W07280,2.8886363636363654,FOREST GROVE RD AT CORAOPOLIS RD,69.3257925286501,99.13066477473077
S38350,2.8886363,PENN AVE AT #197,69.34067569578805,99.13177662325693
X70024,2.888636275,MCFARLAND RD AT THE FIREPLACE & PATIO PLACE,69.35555886292603,99.13288847177346
E53050,2.88636385,STANTON AVE OPP MCCANDLESS AVE,69.370442030064,99.13399944562384
W08034,2.8863636363636367,GREENTREE RD AT BANBURY LN,69.38532519720196,99.13511041939199
E70823,2.8863636363636354,FOREST AVE AT DUQUESNE AVE,69.40020836433993,99.13622139316014
N28130,2.8840908,IVORY AVE AT EVERGREEN & PEOPLES PLANK RD,69.4150915314779,99.13733149210381
N16065,2.8818181818181827,DIVISION ST OPP MARIE AVE,69.42997469861587,99.13844071630697
N20850,2.879545454545455,FREEPORT RD AT CALIFORNIA AVE,69.44485786575383,99.13954906572764
N22580,2.8750000000000018,FREEPORT RD OPP ORR AVE,69.4597410328918,99.14065566558332
S13075,2.872727,COMMONWEALTH AVE AT RITE AID,69.47462420002977,99.14176139055154
W00530,2.8704545454545474,5TH AVE AT OFFICE BLDG,69.48950736716773,99.14286624084222
X00760,2.870454545,BANKSVILLE RD AT CARNAHAN RD,69.5043905343057,99.14397109113273
E59680,2.8704545,WOODSTOCK AVE OPP WOODSTOCK TERR,69.51927370144367,99.14507594140592
S10620,2.8659090000000003,CAMFIELD ST AT GOSSER ST,69.53415686858163,99.14617904209663
W19454,2.8613635000000004,ORCHARD SPRING RD AT BLACKBERRY DR,69.5490400357196,99.14728039320485
E70753,2.8613635,OAKDENE ST AT STRANAHAN ST,69.56392320285757,99.14838174431307
N21370,2.8590909090909102,FREEPORT RD AT LEWIS AVE FS,69.57880636999553,99.1494822206913
N71334,2.8590909090909102,CENTER AVE AT MILLER AVE,69.5936895371335,99.15058269706952
X01250,2.8590907750000003,BELTZHOOVER AVE AT EDGEMONT ST,69.60857270427147,99.15168317339612
S21600,2.859090775,GREENSPRINGS AVE OPP ROBERTA DR,69.62345587140943,99.15278364972272
N44700,2.8545454545454527,PITTSBURGH ST AT MURRAYHILL AVE FS,69.6383390385474,99.15388237653595
W14320,2.850000000000001,CORAOPOLIS RD AT LONG VALLEY DR,69.65322220568537,99.15497935378419
E20385,2.8477272,FRANKSTOWN AVE AT DORNBUSH ST,69.66810537282333,99.15607545622194
S70520,2.845454545454543,AGNEW RD OPP LAFFERTY DR,69.6829885399613,99.15717068390519
E70998,2.831818,UPLAND ST AT #7506,69.69787170709927,99.1582606628235
X18730,2.8318179999999997,VIRGINIA AVE AT BERTHA ST,69.71275487423723,99.1593506417418
N39620,2.829545454545453,OHIO RIVER BLVD AT DICKSON AVE,69.7276380413752,99.16043974594758
S70522,2.8272727272727254,AGNEW RD AT CLOVERFIELD DR,69.74252120851318,99.16152797537087
S70133,2.81363615,BUTTERMILK HOLLOW RD AT LEBANON CHURCH RD,69.75740437565113,99.16261095601698
E19420,2.80909085,FORBES AVE AT CELERON ST,69.7722875427891,99.16369218715757
E59670,2.80909075,WOODSTOCK AVE AT WOODSTOCK TERRACE,69.78717070992707,99.16477341825967
S70632,2.80681818181818,COMMONWEALTH AVE AT OVERLAND AVE,69.80205387706503,99.16585377464051
X08940,2.8045455999999995,KATHLEEN ST OPP CRAIGHEAD ST,69.81693704420302,99.16693325629484
S70417,2.804545454545455,MONONGAHELA AVE AT ARCH ST,69.83182021134097,99.16801273789318
S70492,2.804545454545455,CHURCHVIEW AVE AT GREENGLEN DR,69.84670337847894,99.16909221949152
S70527,2.8045454545454533,CUSTER AVE OPP MARY ST,69.8615865456169,99.17017170108986
W10500,2.7977273,ISLAND AVE AT FRANKLIN INTERIORS,69.87646971275487,99.17124855835122
N25500,2.795454545,HENDERSON ST AT JAMES ST STEPS,69.89135287989285,99.17232454081942
W21720,2.790909095,STEUBEN ST AT #1129,69.90623604703082,99.17339877372437
E70985,2.7886365,BLAIR ST AT SECOND AVE FS,69.92111921416877,99.17447213189774
S42270,2.7886364,SOUTH BUSWAY AT CENTRAL SHELTER,69.93600238130674,99.17554549003262
W08460,2.786363636363638,HECKLE RD AT PINE HOLLOW RD,69.9508855484447,99.17661797337101
W70132,2.7863636363636353,MCCOY RD AT S VIREO DR,69.96576871558268,99.1776904567094
N44000,2.7863634499999996,PERRYSVILLE AVE OPP #1757,69.98065188272065,99.17876293997605
S70498,2.7795454545454525,CHURCHVIEW AVE OPP WAIDLER AVE,69.9955350498586,99.17983279896696
S45040,2.779545275,ST JOSEPH ST OPP RATON ST,70.01041821699657,99.18090265788877
S01520,2.7750000000000004,4TH ST AT GRANT AVE,70.02530138413454,99.18197076731468
S70320,2.772727272727273,HWY RT 885 OPP WALL RD FS,70.04018455127252,99.1830380019581
E49770,2.772727225,SALTSBURG RD OPP FORD AVE,70.05506771841048,99.18410523658315
E25366,2.7704547,GREENFIELD AVE OPP BLANTON ST STEPS FS,70.06995088554844,99.18517159650355
N33540,2.7704545454545437,MERCHANT ST AT PA JOB SERVICE,70.0848340526864,99.18623795636448
E02430,2.7704545454545437,7TH ST AT PROSPECT AVE,70.09971721982437,99.1873043162254
E34780,2.768182,LEMINGTON AVE OPP PAULSON AVE,70.11460038696235,99.18836980137382
S70569,2.768181818181815,STILLEY RD AT HWY RT 51,70.12948355410032,99.18943528645225
E03550,2.7681817,ALLEGHENY RIVER BLVD AT SELDON AVE FS,70.14436672123828,99.1905007714852
E29920,2.76590895,HOMEWOOD AVE AT RACE ST,70.15924988837624,99.1915653817269
W17860,2.7636364,NOBLESTOWN RD OPP IDLEWOOD AVE,70.1741330555142,99.19262911725434
S70326,2.7590909090909097,STATE ST AT MAPLE AVE,70.18901622265219,99.1936911032028
S70037,2.7590907,BROWNSVILLE RD AT SYLVANIA DR,70.20389938979015,99.19475308907077
N45905,2.7568183,RIDGE AVE OPP BRIGHTON RD,70.21878255692812,99.19581420028221
S70538,2.7545454545454553,CHURCHVIEW AVE AT VILLAGE DR,70.23366572406607,99.19687443666568
X08950,2.7545452750000003,KATHLEEN ST OPP ESTELLA AVE,70.24854889120404,99.19793467298005
E59430,2.7454549249999998,WOOD ST AT ROSS AVE,70.26343205834202,99.1989914103796
S32150,2.74318205,MAPLE ST AT ELIZA ST,70.27831522547999,99.20004727293984
S70639,2.74318181818182,AURILES ST AT KENNEDY AVE,70.29319839261795,99.20110313541085
W22930,2.74090905,STEUBENVILLE PIKE OPP SUNSET DR,70.30808155975592,99.20215812308358
N71266,2.73863635,IVORY AVE OPP SCHERLING ST,70.32296472689387,99.20321223598432
E15520,2.734090909090905,COREY AVE AT MILLS AVE,70.33784789403185,99.20426459932536
S70509,2.7318181818181797,CLOVERFIELD DR AT AGNEW RD,70.35273106116982,99.20531608788387
N36480,2.7295453949999997,MT ROYAL BLVD OPP DEHAVEN AVE,70.36761422830779,99.20636670163697
E36268,2.7295453000000003,LINCOLN HWY AT ISAAC ST FS,70.38249739544575,99.20741731535352
S70495,2.727272727272725,CHURCHVIEW AVE AT WALTON RD FS,70.3973805625837,99.20846705434704
E70379,2.7227273949999997,LEECHBURG RD OPP RICHEY DR,70.41226372972169,99.20951504382265
N20520,2.722727272727273,FREEPORT RD AT 2ND ST,70.42714689685965,99.21056303325119
X18580,2.7204546,VANADIUM DR AT VOLUNTEER FIRE COMPANY,70.44203006399762,99.21161014791822
S45030,2.7181819999999997,ST JOSEPH ST AT #184,70.45691323113559,99.21265638785177
W02870,2.7181818,CAROTHERS AVE AT WASHINGTON AVE,70.47179639827355,99.21370262770833
E27510,2.71590905,HAWKINS AVE AT #504,70.48667956541152,99.21474799277364
W14495,2.7136362000000003,MIDDLETOWN RD AT WYNETTE ST,70.50156273254949,99.21579248300921
S50263,2.711363636363634,WORTHINGTON AVE AT HWY RT 51 FS,70.51644589968745,99.21683609852528
X08851,2.711363545,KANE BLVD OPP HUGHES ST,70.53132906682542,99.21787971400617
W24600,2.706818181818184,WASHINGTON PIKE AT ANDERSON EQUIPMENT,70.54621223396339,99.21892157995725
X02290,2.7045455,BOWER HILL RD AT PAT HAVEN DR,70.56109540110135,99.21996257114333
E38667,2.70454525,MAPLE ST AT CHARLES ST,70.57597856823932,99.22100356223318
E34790,2.70227295,LEMINGTON AVE AT #7249,70.59086173537729,99.22204367870499
S70366,2.7022727272727254,MONONGAHELA AVE AT 2ND ST,70.60574490251526,99.22308379509109
W14540,2.7022726500000003,MIDDLETOWN RD OPP HODGSON AVE FS,70.62062806965322,99.22412391144744
W02800,2.700000045,CAROTHERS AVE AT CREEK AVE,70.63551123679119,99.22516315306835
E20470,2.7,FRANKSTOWN AVE AT JULIUS ST,70.65039440392916,99.22620239467194
N14645,2.6977273999999998,N CHARLES ST AT #2562,70.66527757106712,99.22724076154203
S31210,2.695454775,MAIN ST AT E EDNA ST,70.68016073820509,99.22827825366899
S46480,2.6954545454545475,VERSAILLES AVE OPP PACKER ST,70.69504390534306,99.22931574570761
S46450,2.690909090909095,VERSAILLES AVE OPP HAMILTON ST,70.70992707248102,99.23035148818123
W10165,2.690909090909091,INGRAM AVE AT MAINSGATE ST,70.72481023961899,99.23138723065485
W70179,2.6886365,UNIVERSITY BLVD AT TIGER TRAIL,70.73969340675696,99.23242209839846
S70604,2.6863636499999997,LEBANON CHURCH RD AT CLOVERLEAF TOWERS,70.75457657389492,99.23345609131232
E17720,2.67045475,EDGEWOOD AVE AT SAILOR PL FS,70.76945974103289,99.23448396082223
S24515,2.670454545454548,HWY RT 51 OPP OLD CLAIRTON RD,70.78434290817086,99.23551183025339
E34270,2.66818185,LARIMER AVE AT APPLE ST,70.79922607530882,99.2365388249143
S06500,2.661363636363635,BLOSSOM RD AT MCANULTY RD,70.81410924244679,99.23756319521549
S39880,2.6613636,PROSPECT RD AT STILLEY RD,70.82899240958476,99.23858756550268
W03620,2.6613635999999996,CHARTIERS AVE AT OETTING ST,70.84387557672272,99.23961193578987
E70864,2.659091045,FORWARD AVE AT BEECHWOOD BLVD,70.85875874386069,99.24063543136087
S20000,2.6545454545454525,CRAWFORD VILLAGE PL AT GRANDVIEW AVE,70.87364191099866,99.24165717731456
S10510,2.65454544,BUTTERMILK HOLLOW RD OPP WALNUT DR,70.88852507813662,99.24267892326267
W10620,2.6522729,ISLAND AVE OPP FRANKLIN INTERIORS,70.90340824527459,99.24369979450036
N08430,2.6500000000000017,BEAVER ST AT MCKOWN ST,70.91829141241256,99.24471979088908
E55070,2.6477275000000002,UNIVERSAL RD AT JOSLYN DR,70.93317457955052,99.24573891258277
N20510,2.6477272727272725,FREEPORT RD AT 1ST ST,70.94805774668849,99.246758034189
N23584,2.6431818500000004,BRIGHTON RD AT GIANT EAGLE LOWER LOT,70.96294091382646,99.24777540624247
X00740,2.63636375,BANKSVILLE RD AT DAYS INN,70.97782408096442,99.24879015397995
E07770,2.6318184000000002,BIGELOW BLVD OPP BLOOMFIELD BRIDGE,70.99270724810239,99.2498031521927
S26950,2.6318183,JOSEPHINE ST AT #3033,71.00759041524036,99.25081615036694
W70059,2.6318181818181796,WEST BUSWAY AT IDLEWOOD STATION B,71.02247358237832,99.25182914849569
N32980,2.629545625,MCKNIGHT RD AT U-HAUL,71.0373567495163,99.25284127190756
S50290,2.629545454545456,WORTHINGTON AVE OPP 9TH ST,71.05223991665426,99.25385339525383
N25360,2.6272725,HAZELTON ST AT N CHARLES ST,71.06712308379223,99.2548646437301
E29750,2.6227275,HOMEWOOD AVE AT HERMITAGE ST,71.08200625093019,99.25587414281635
E21080,2.6204544000000003,FRANKSTOWN RD AT HIGHLAND RD,71.09688941806816,99.25688276697666
S44680,2.61818181818182,STILLEY RD AT HWY RT 51 FS,71.11177258520614,99.25789051641046
E70797,2.6136365,KIRKPATRICK ST AT ROSE ST,71.12665575234409,99.25889651633175
S70602,2.6113637499999998,BAUSMAN ST AT GEORGIA AVE,71.14153891948206,99.25990164146178
S08170,2.6113635,BROWNSVILLE RD AT BAPTIST RD FS,71.15642208662003,99.26090676649561
X04280,2.6068182749999997,CEDAR BLVD OPP MAYFAIR DR,71.17130525375799,99.26191014205278
E15470,2.602272727272725,COREY AVE AT 5TH ST,71.18618842089597,99.2629117680091
S01540,2.5999999999999988,4TH ST AT VIOLA AVE,71.20107158803394,99.26391251918294
E36265,2.5977272,LINCOLN HWY AT JACKS RUN RD,71.2159547551719,99.26491239554628
S70414,2.5954544999999998,MIFFLIN ST AT CHERRY ST,71.23083792230986,99.26591139713763
S70595,2.593181818181818,PIRL ST OPP BROWNLEE ST,71.24572108944783,99.26690952396397
X70068,2.590909045,LABELLE ST AT PIERMONT ST,71.26060425658581,99.26790677599014
N05380,2.5886365,AMITY DR AT LINGAY DR,71.27548742372377,99.268903153304
E55530,2.5818182999999997,VERONA RD AT MAPLE AVE,71.29037059086173,99.26989690626336
E20920,2.57954565,FRANKSTOWN RD AT CRAB HOLLOW RD,71.3052537579997,99.27088978446997
S70408,2.5795455,CYPRESS ST AT OAK ST,71.32013692513766,99.27188266261884
E39080,2.57727285,MIDDLE AVE AT 4TH ST,71.33502009227564,99.27287466601497
W03350,2.57499985,CHARTIERS AVE AT DUBOIS ST,71.34990325941361,99.27386579452362
N71263,2.5727272727272714,PERRYSVILLE AVE OPP CONNIE DR,71.36478642655156,99.27485604830751
N13780,2.5727271500000004,CENTER AVE AT COLUMBIA AVE FS,71.37966959368953,99.27584630204417
S27900,2.57045455,LEBANON CHURCH RD AT POLK AVE,71.3945527608275,99.27683568104733
S46470,2.55681818181818,VERSAILLES AVE AT MAPLE ST,71.40943592796548,99.27781981135377
S37602,2.556818,OLYMPIA SHOPPING CTR DR AT SAVE-A-LOT,71.42431909510344,99.27880394159023
S06620,2.5522728,BON AIR AVE AT CAMFIELD ST,71.43920226224141,99.27978632235966
E70449,2.55227275,FRANKSTOWN RD AT FRANKSTOWN GARDENS,71.45408542937936,99.28076870310986
S50200,2.552272727272726,WORTHINGTON AVE AT 11TH ST FS,71.46896859651733,99.2817510838513
N43660,2.5499998,PERRYSVILLE AVE OPP O'HERN ST,71.48385176365531,99.28273258973326
W23183,2.5477274999999997,SWALLOW HILL RD AT THE BOURSE,71.49873493079328,99.2837132209972
S70361,2.547727272727274,BOWMAN AVE OPP JARVIS ST,71.51361809793124,99.28469385217366
S10610,2.5454545499999996,CAMFIELD ST AT DRYCOVE ST,71.5285012650692,99.28567360856937
W70105,2.543182045,MAHONEY RD OPP HAWTHORNE DR,71.54338443220716,99.28665249026814
E17790,2.543181818181816,EDGEWOOD TOWNE CENTRE AT RENT WAY,71.55826759934514,99.2876313718796
W70094,2.536363636363638,FOREST GROVE RD AT #324 (FLAMINGO LANDSCAPE),71.57315076648311,99.28860762914358
X08850,2.5340910450000003,KANE BLVD AT HUGHES ST,71.58803393362108,99.28958301167738
N20660,2.534090909090909,FREEPORT RD AT BARTSCH ST,71.60291710075904,99.29055839415888
S30280,2.5295455,LONG RUN RD OPP SUNSET DR,71.617800267897,99.29153202709287
W11681,2.5295454,LINDSAY RD AT GREENTREE RD,71.63268343503498,99.29250565998838
E56190,2.527272775,WARDSONS ST AT CHURCHLAND ST,71.64756660217294,99.29347841814075
S02500,2.52727272727273,7TH ST OPP WORTHINGTON AVE FS,71.66244976931091,99.29445117627476
E70843,2.524999775,HAZELWOOD AVE AT NANSEN ST,71.67733293644888,99.29542305953967
N26415,2.52272725,HILL ST AT LOCUST PL,71.69221610358683,99.29639406809994
S50264,2.520454545454545,WORTHINGTON AVE AT ONEIDA DR,71.70709927072481,99.29736420188645
E57165,2.51818165,WHIPPLE ST AT AURELIUS ST,71.72198243786278,99.29833346082575
E70844,2.5136366,HAZELWOOD AVE AT GIDDINGS ST,71.73686560500074,99.29930097035576
N08380,2.513636363636364,BEAVER ST AT LEET ST FS,71.75174877213871,99.30026847979478
N14190,2.51363635,CENTER AVE AT TOWNSHIP RD,71.76663193927668,99.30123598922857
S12520,2.5136363,CLIMAX ST AT HABERMAN AVE,71.78151510641464,99.30220349864311
N28090,2.513636275,ITIN ST OPP GOEHRING ST,71.79639827355261,99.30317100804803
S70380,2.5113636363636367,ST CLAIR AVE AT 8TH ST,71.81128144069058,99.30413764270457
S18000,2.5090907500000004,PROVOST RD AT STEWART AVE,71.82616460782855,99.30510340251737
N50770,2.5045455,SPRING GARDEN OPP TELL ST,71.84104777496651,99.30606741284393
S28030,2.5045450000000002,LEBANON CHURCH RD AT PLEASANT HILLS BLVD,71.85593094210448,99.30703142297804
E15490,2.502272727272729,COREY AVE AT CENTER ST,71.87081410924245,99.3079945585046
X70066,2.4999997749999996,COCHRAN RD AT ARDEN RD,71.88569727638041,99.30895681916206
W16830,2.4977275,NOBLESTOWN RD AT MORANGE RD,71.90058044351838,99.30991820521112
E14330,2.4931818199999998,CHURCH ST AT MONONGAHELA AVE,71.91546361065635,99.3108778416084
E52840,2.4909092750000004,STANTON AVE AT #4343,71.93034677779431,99.31183660329334
E10440,2.488636363636366,BRINTON RD OPP MCKELVEY RD,71.94522994493228,99.31279449012494
N71293,2.488636363636365,BAKERSTOWN RD AT BP ENTRANCE FS,71.96011311207025,99.31375237695654
E70281,2.48863615,SALTSBURG RD OPP MONROEVILLE TRESTLE RD,71.97499627920821,99.3147102637059
W14430,2.486363775,MIDDLETOWN RD AT #3206,71.98987944634618,99.31566727580838
E34700,2.48181809,LEECHBURG RD AT SALTSBURG RD,72.00476261348415,99.31662253825715
E58030,2.481818045,WILTSIE ST AT WARDSONS ST,72.01964578062211,99.3175778006886
W23184,2.4795453,SWALLOW HILL RD AT GREENTREE RD FS,72.03452894776008,99.31853218833074
E70944,2.475000095,ELECTRIC AVE AT #1208,72.04941211489805,99.31948482650392
W70155,2.4750000500000002,GRAND AVE AT #4700,72.06429528203601,99.32043746465979
E28725,2.4749998499999997,HERRON AVE AT RUTHVEN ST,72.07917844917398,99.32139010273869
S25580,2.472727275,INTERBORO AVE OPP PLAPORT ST,72.09406161631195,99.3223418660937
S70453,2.4704546,COCHRANS MILL RD AT BROWNSVILLE RD FS,72.10894478344991,99.32329275468634
S32920,2.4681818181818196,BLOSSOM DR AT MCANULTY RD,72.12382795058788,99.32424276847547
W02440,2.4681817500000003,BROADHEAD-FORDING RD OPP VILLAGE RD #2,72.13871111772585,99.32519278223837
S40570,2.461363636363637,RICHLAND AVE AT 6TH ST,72.15359428486381,99.32614017168004
E44420,2.4590909090909077,OLD WILLIAM PENN HWY AT BAYHILL DR,72.1684774520018,99.3270866863392
W07390,2.4568181818181807,FOREST GROVE RD AT ST MALACHY CHURCH,72.18336061913975,99.32803232621586
E38730,2.45454545,MARK DR AT CALMAR DR FS,72.19824378627771,99.32897709130829
S70236,2.4522728,DELWAR DR AT APPLEBEE'S DRVWY,72.21312695341568,99.32992098164797
N21140,2.452272727272728,FREEPORT RD AT FERRY ST FS,72.22801012055365,99.33086487195965
N71303,2.45227265,SEAVEY RD AT ELBE DR FS,72.24289328769163,99.33180876224158
S70506,2.45,CLOVERFIELD DR AT EDWARD DR FS,72.25777645482958,99.33275177777078
N22650,2.4454545999999997,FREEPORT RD OPP RIDDLE RUN RD,72.27265962196755,99.33369304375597
N28100,2.4454543,ITIN ST OPP HIGH ST,72.28754278910552,99.33463430962568
W10420,2.4431818181818197,ISLAND AVE AT JOHN ST FS,72.30242595624348,99.3355747008074
N04200,2.4431818,9TH AVE AT CORBET ST,72.31730912338146,99.3365150919821
S27410,2.440909275,KENNYWOOD BLVD AT GLENCAIRN ST,72.33219229051943,99.33745460845216
N13175,2.4386363500000003,CALIFORNIA AVE OPP KUNKLE WAY,72.34707545765738,99.33839325006363
S70568,2.438636045,LEBANON CHURCH RD AT PLEASANT HILLS BLVD,72.36195862479535,99.3393318915577
E06140,2.4318183500000004,BEECHWOOD BLVD AT #3825,72.37684179193332,99.34026790889166
S42275,2.43181835,SOUTH BUSWAY AT DAWN AVE SHELTER,72.3917249590713,99.34120392622565
W13420,2.429545275,MCCOY RD AT SHAFTER ST,72.40660812620926,99.34213906864326
N71335,2.425,CENTER AVE AT LOCUST AVE,72.42149129334722,99.343072461565
N36370,2.4227274999999997,MT ROYAL BLVD AT W GLENN AVE FS,72.43637446048518,99.34400497979175
E03150,2.422727295,AIRBRAKE AVE OPP 3RD ST,72.45125762762315,99.34493749793957
S09450,2.4227271,BROWNSVILLE RD OPP FELIX DR,72.46614079476113,99.34587001601233
E36440,2.422727045,LINCOLN HWY OPP LEUHM ST,72.4810239618991,99.34680253406393
S70365,2.4204545454545476,MONONGAHELA AVE OPP 1ST ST,72.49590712903706,99.34773417742068
E30175,2.420454545,HULTON RD AT 3RD ST,72.51079029617502,99.34866582077726
X17729,2.4204543,SOUTHERN AVE OPP COWAN ST,72.52567346331298,99.34959746403955
X04485,2.4181818,COCHRAN RD AT BEVERLY RD,72.54055663045096,99.3505282326068
W11754,2.415909,LINDSAY RD OPP CHERRY TREE DR,72.55543979758893,99.3514581263636
E55065,2.4136365,UNIVERSAL RD AT JOSLYN DR,72.5703229647269,99.35238714542534
S70530,2.4136365,SPENCER AVE AT MAKARY WAY,72.58520613186485,99.3533161644871
S70347,2.4136364500000003,EAST PITTSBURGH-MCKEESPORT BLV OPP ORRIS RD,72.60008929900282,99.35424518352961
S23020,2.41363635,HOMEVILLE RD AT DUQUESNE VILLAGE ENTRANCE #2,72.6149724661408,99.35517420253362
E42900,2.41363625,OAKWOOD ST AT KELLY ST,72.62985563327877,99.35610322149917
W14580,2.41136365,MIDDLETOWN RD OPP STRATMORE ST,72.64473880041673,99.3570313657312
N50610,2.4113634999999998,SPRING GARDEN AVE OPP BASIN ST,72.6596219675547,99.35795950990548
E01910,2.4090909000000003,FIFTH AVE OPP BRENHAM ST,72.67450513469265,99.35888677934626
N18010,2.4068180999999997,EAST ST AT ROYAL ST,72.68938830183063,99.35981317397656
X02560,2.4,BOWER HILL RD OPP HILLAIRE DR,72.7042714689686,99.36073694429088
S12900,2.39772735,ZUPANCIC DR AT BROGLIE DR,72.71915463610657,99.36165983985242
N08170,2.393182,BEAVER ST AT BEAVER CT,72.73403780324453,99.36258098588922
X02640,2.39318165,BOWER HILL RD OPP SALEM DR,72.74892097038249,99.36350213179132
S34180,2.3886365449999998,MIFFLIN RD AT LEBANON RD FS,72.76380413752047,99.36442152826295
W00390,2.386363636363635,4TH AVE AT THORN ST,72.77868730465843,99.36534004988229
S03550,2.3863636363636345,9TH AVE AT ANN ST,72.7935704717964,99.36625857150162
X19460,2.3840909999999997,WASHINGTON RD OPP CEDAR BLVD,72.80845363893437,99.36717621837346
E34268,2.38409075,LARIMER AVE AT APPLE ST,72.82333680607232,99.36809386514908
E70953,2.38181805,BRERETON ST AT #3035,72.8382199732103,99.36901063715268
E09650,2.37954555,BRERETON ST AT #3028,72.85310314034827,99.36992653446129
N32590,2.3795450000000002,MCKNIGHT RD AT EVERGREEN RD,72.86798630748623,99.37084243155819
E70742,2.3772727500000004,SILVERTON ST OPP TILDEN ST,72.8828694746242,99.37175745405628
W24330,2.377272727272727,WASHINGTON AVE AT PRESTLEY RD,72.89775264176217,99.37267247654565
N70011,2.3681815,NORTH HILLS VILLAGE AT BEST BUY,72.91263580890013,99.37358399978255
E10390,2.36590909090909,BRINTON RD OPP FAIRFAX RD,72.9275189760381,99.37449464835943
E48520,2.3636365450000003,REYNOLDS ST AT MURTLAND ST,72.94240214317607,99.37540442222364
N71333,2.363636363636365,CENTER AVE AT VISTA ST,72.95728531031403,99.37631419601803
W07820,2.36363625,GRAND AVE OPP NEVILLE RECYCLING,72.972168477452,99.37722396976868
E10400,2.36363615,WOLFE AVE AT GENERAL BRADDOCK DR NS,72.98705164458997,99.37813374348084
N42210,2.36136365,PERRY HWY AT CONNIE DR,73.00193481172793,99.37904264249799
S70455,2.36136355,OLD ELIZABETH RD AT BLUEMONT DR,73.0168179788659,99.37995154147666
E04540,2.3590909,ATLANTIC AVE AT KINCAID ST,73.03170114600387,99.38085956570255
W24610,2.356818181818182,WASHINGTON PIKE AT BERAM AVE FS,73.04658431314184,99.38176671514945
S70542,2.35681818181818,CHURCHVIEW AVE AT CATHELL RD NS,73.0614674802798,99.38267386459636
N43740,2.349999995,PERRYSVILLE AVE AT #1749,73.07635064741777,99.38357838969387
S21470,2.3477275,GREENSPRINGS AVE AT ROBERTA DR,73.09123381455574,99.38448204009826
W70134,2.3477275,SUMMIT PARK DR AT CHAUVET DR #2,73.1061169816937,99.38538569050267
X15270,2.343182045,REPUBLIC ST AT RUTLEDGE ST,73.12100014883167,99.38628759134191
E10290,2.3431818,WOLFE AVE AT TURNER DR,73.13588331596964,99.38718949208688
N36200,2.33863645,MT ROYAL BLVD AT SCOTT AVE,73.1507664831076,99.38808964330707
E53150,2.3318182499999995,STANTON AVE OPP STEPS FS,73.16564965024557,99.38898717017277
S70337,2.3318181818181802,MONONGAHELA AVE AT 2ND ST,73.18053281738354,99.38988469701225
E70875,2.32727275,GREENSBURG PIKE AT KLINE AVE,73.1954159845215,99.39078047429547
W70133,2.327272727272728,MCCOY RD AT N VIREO DR,73.21029915165947,99.39167625156995
E48510,2.3249997749999998,REYNOLDS ST AT MURTLAND ST,73.22518231879744,99.39257115397533
S27870,2.3227275,LEBANON CHURCH RD AT COUNTY AIRPORT ENTRANCE,73.2400654859354,99.3934651817723
S70504,2.3227272727272745,CUSTER AVE AT MARY ST,73.25494865307337,99.39435920948179
E70439,2.3204547499999997,SALTSBURG RD AT PIERSON RUN RD FS,73.26983182021134,99.39525236248751
S27340,2.320454545454543,KENNEDY AVE OPP DELL ST,73.2847149873493,99.39614551541452
E70381,2.31590892,LEECHBURG RD OPP CLOVERLEAF RD,73.29959815448728,99.39703691871073
E58410,2.3136363636363653,WILLIAM PENN HWY AT ELLIOTT RD,73.31448132162524,99.39792744729023
W18250,2.3113638,NOBLESTOWN RD OPP PACE DR,73.3293644887632,99.39881710115024
E70880,2.30909095,GREENSBURG PIKE AT CENTRAL AVE FS,73.34424765590117,99.3997058801805
N71313,2.304545545,BROAD ST AT BANK ST FS,73.35913082303914,99.40059290966484
S34280,2.3045452749999997,MIFFLIN RD AT #669,73.3740139901771,99.40147993904527
E02990,2.3022725250000002,AIRBRAKE AVE AT 7TH ST,73.38889715731507,99.40236609363446
S70375,2.295454545454545,STATE ST AT DIVISION AVE,73.40378032445304,99.40324962395401
N15698,2.286363636363638,CORPORATE DR OPP #5700,73.418663491591,99.40412965514358
N40120,2.2863636363636366,OHIO RIVER BLVD OPP DICKSON AVE,73.43354665872897,99.40500968633317
S10470,2.2863634700000004,BUTTERMILK HOLLOW RD AT REMNANT WORLD,73.44842982586695,99.40588971745869
S50255,2.28409090909091,WORTHINGTON AVE OPP PETERSON DR,73.46331299300492,99.40676887386579
E52910,2.2840909,STANTON AVE AT STEPS,73.47819616014287,99.40764803026937
N36550,2.2750001,MT ROYAL BLVD AT GLENSHAW AVE,73.49307932728084,99.40852368758496
N50400,2.275,SPRING GARDEN AVE AT LAGER ST,73.5079624944188,99.40939934486207
N32550,2.272727275,MCKNIGHT RD OPP OLD MCKNIGHT RD,73.52284566155677,99.41027412735754
E17780,2.2727272727272703,EDGEWOOD TOWNE CENTRE AT LAUNDRY ROOM,73.53772882869475,99.41114890985216
W02450,2.27272715,BROADHEAD-FORDING RD AT VILLAGE RD #2,73.5526119958327,99.41202369229953
W09620,2.27045454545455,HWY RT 51 AT EDGETOWN APTS,73.56749516297067,99.41289760001163
E05230,2.2659092000000003,BEACON ST AT MURRAY AVE FS,73.58237833010864,99.41376975820076
E57990,2.2659091,WILNER DR AT #2278,73.59726149724662,99.41464191635137
S46970,2.2659090909090898,WALNUT ST OPP 33RD AVE,73.61214466438459,99.4155140744985
N20200,2.2659090909090884,FOREST AVE OPP #550,73.62702783152255,99.41638623264562
N52550,2.2636364,TROY HILL RD AT CHESTNUT ST,73.6419109986605,99.41725751602424
E70017,2.263636363636366,LINDEN AVE AT CABLE AVE,73.65679416579847,99.41812879938887
S24015,2.2613636363636367,HWY RT 51 AT PETERS CREEK RD,73.67167733293644,99.418999207971
S23625,2.2613636363636354,HWY RT 51 AT COAL VALLEY RD,73.68656050007442,99.41986961655314
E27520,2.25909105,HAWKINS AVE AT #509,73.70144366721239,99.420739150407
N08810,2.2590909090909115,BEAVER ST OPP OAK DR,73.71632683435034,99.42160868420665
N20530,2.2590909090909093,FREEPORT RD AT 3RD ST,73.73121000148831,99.42247821800629
N71277,2.2590906800000004,GAMMA DR AT COMFORT INN DRVWY,73.74609316862629,99.42334775171776
W01860,2.25681825,BERRY ST AT WINDGAP AVE,73.76097633576425,99.42421641076113
N22130,2.256818181818182,FREEPORT RD OPP 3RD ST,73.77585950290222,99.42508506977828
W23187,2.250000045,SWALLOW HILL RD AT HOPE HOLLOW RD,73.79074267004019,99.42595110446526
S70525,2.25,CLOVERFIELD DR AT EDWARD DR,73.80562583717814,99.42681713913491
E70331,2.2499998999999997,UPLAND ST AT APPLE ST,73.82050900431611,99.42768317376608
E25960,2.24999985,GROVE RD AT CHASKE ST,73.83539217145409,99.42854920837802
N45080,2.240909,PITTVIEW AVE AT TEUTONIA ST,73.85027533859206,99.4294117438827
S35490,2.2386362749999997,ARLINGTON AVE OPP ROANOKE ST,73.86515850573002,99.43027340460577
W11664,2.2363635,LINDSAY RD AT CHERRY TREE DR,73.88004167286797,99.43113419052798
E46850,2.2340911,PENN AVE OPP WEBER ST,73.89492484000596,99.43199410179366
W22200,2.2340907000000003,STEUBENVILLE PIKE OPP PAUL LN,73.90980800714392,99.43285401290538
E70748,2.22045455,TILDEN ST OPP #7110,73.92469117428189,99.43370867540435
N40810,2.22045445,PARKER ST AT SOOSE RD,73.93957434141986,99.43456333786484
S19230,2.2181818181818196,GARDENVILLE RD AT KOEFFLER DR,73.95445750855782,99.43541712557959
E55180,2.2181817749999997,UNIVERSAL RD AT HAZEL RD FS,73.96934067569578,99.4362709132777
E49600,2.21818165,SALTSBURG RD AT ASTER ST,73.98422384283376,99.4371247009277
E39150,2.211363645,MIDDLE AVE AT MAPLE AVE,73.99910700997172,99.4379758642983
S70428,2.2113636363636346,GRANDVIEW AVE AT BROWNLEE ST,74.01399017710969,99.43882702766554
E46905,2.2090908000000002,PENN CENTER BLVD AT PENN TOWERS (LOWER),74.02887334424766,99.4396773162083
S70620,2.204545454545455,STATE ST AT LOCUST AVE FS,74.04375651138562,99.44052585522807
S18030,2.20227285,FAIRHAVEN RD OPP STEWART AVE,74.05863967852359,99.4413735195126
E09180,2.202272745,BRADDOCK AVE AT KEYSTONE COMMONS PORTAL 7,74.07352284566156,99.4422211837567
S70374,2.202272727272726,OHIO AVE OPP WALL ST,74.08840601279952,99.44306884799397
E11160,2.1886365,BRYANT ST AT MELLON ST,74.10328917993749,99.44391126358877
E70961,2.1863636363636365,6TH ST AT MARGARETTA ST,74.11817234707544,99.44475280434858
E70333,2.18409105,UPLAND ST OPP APPLE ST,74.13305551421342,99.44559347038013
E42960,2.184091,OAKWOOD ST OPP KELLY ST,74.14793868135139,99.44643413639244
S47570,2.184090975,WARRINGTON AVE AT DELMONT AVE FS,74.16282184848936,99.44727480239514
S13980,2.18409090909091,CURRY RD OPP LAUREL DR,74.17770501562732,99.44811546837245
S35250,2.17954535,ARLINGTON AVE AT FREELAND ST,74.19258818276529,99.44895438474454
E10710,2.1750000000000025,BROADWAY BLVD OPP QUARRY RD,74.20747134990326,99.44979155159187
N44060,2.1727272,PERRYSVILLE AVE OPP #3358,74.22235451704123,99.45062784362872
S70628,2.1704545454545467,BOWMAN AVE AT CHESTUT AVE,74.23723768417919,99.45146326091107
S50350,2.170454545454546,YESTER SQ AT CRAIG ST,74.25212085131716,99.45229867819342
E32302,2.1681817,JAMES ST AT BOONE DR,74.26700401845513,99.45313322064779
E10180,2.1681816499999997,WOLFE AVE AT MARY ST,74.28188718559309,99.4539677630829
E20910,2.1659091,FRANKSTOWN RD OPP CRAB HOLLOW RD,74.29677035273106,99.45480143080377
N22070,2.1659090450000003,FREEPORT RD AT MAIN ENTRANCE (WATERWORKS),74.31165351986903,99.45563509850345
X09320,2.165909,LABELLE ST OPP SYCAMORE ST,74.32653668700699,99.45646876618582
N50645,2.1636365,SPRING GARDEN AVE OPP MAUCH ST,74.34141985414496,99.45730155917317
E70952,2.1636364,PARK AVE AT MONTIER ST,74.35630302128293,99.45813435212203
N14780,2.15909085,N CHARLES ST OPP SHELTON AVE,74.3711861884209,99.45896539546916
N21380,2.154545454545455,FREEPORT RD AT LEWIS AVE,74.38606935555886,99.45979468927405
S47070,2.1545454545454543,WALNUT ST AT 7TH AVE FS,74.40095252269683,99.46062398307893
W01204,2.15227285,BEAVER GRADE RD OPP AIKEN RD,74.4158356898348,99.46145240214858
S70418,2.1522727272727273,MONONGAHELA AVE OPP ARCH ST,74.43071885697276,99.46228082117096
S23900,2.1500000000000012,HWY RT 51 AT WRAY LARGE RD,74.44560202411073,99.46310836541087
N44050,2.1431815999999997,PERRYSVILLE AVE OPP #3418,74.4604851912487,99.4639332852193
N35900,2.1409091,MT ROYAL BLVD AT HOFFMAN ST FS,74.47536835838666,99.46475733033272
N08825,2.1409090909090907,BEAVER RD OPP QUAKER RD,74.49025152552463,99.46558137544265
N32740,2.13863635,MCKNIGHT RD AT MCKNIGHT-IVORY BLDG,74.5051346926626,99.46640454576482
N71235,2.138636275,CORBET ST AT 9TH AVE,74.52001785980057,99.46722771605813
W04070,2.13636355,CHARTIERS AVE AT UNIVERSAL ST,74.53490102693853,99.46805001156982
N18590,2.1363635,ESSEN ST AT SUNSET AVE,74.5497841940765,99.46887230706226
S70186,2.134090909090907,KENNEDY AVE AT 4TH ST,74.56466736121446,99.46969372782469
S38460,2.13409075,PENNSYLVANIA AVE AT CARNEGIE ST,74.57955052835243,99.4705151485259
X02350,2.1295454545454553,BOWER HILL RD AT #736,74.59443369549041,99.47133481972335
E21020,2.12727295,FRANKSTOWN RD AT ERHARDT DR,74.60931686262836,99.47215361622403
N71330,2.127272727272728,CHURCH AVE AT DALZELL AVE,74.62420002976633,99.47297241263898
S70397,2.125000045,LEWIS RUN RD OPP MON VALLEY SCHOOL DRVWY,74.6390831969043,99.47379033428876
W04140,2.1227272727272704,CHARTIERS AVE EXT AT HOWARD ST,74.65396636404226,99.47460738113872
E34080,2.1181818,LAKETON RD AT SOUTHERN AVE,74.66884953118024,99.4754226784167
W70128,2.118181775,GREENTREE RD AT VIRGINIA MANSIONS,74.68373269831821,99.47623797568505
S38470,2.1136365,PENNSYLVANIA AVE AT CARNEGIE ST,74.69861586545616,99.47705152345753
W23182,2.1136365,SWALLOW HILL RD AT FOXCROFT RD,74.71349903259413,99.47786507123
N50320,2.11363645,SPRING GARDEN AVE AT ARCOLA WAY,74.7283821997321,99.47867861898322
E21510,2.11363625,FRANKSTOWN RD AT WILSON DR NS,74.74326536687008,99.47949216665947
W10340,2.111363545,ISLAND AVE AT #1470,74.75814853400804,99.4803048395618
X17653,2.1113635,SOUTHERN AVE AT #221,74.773031701146,99.4811175124468
X12684,2.10681818181818,OXFORD DR AT HOME DEPOT,74.78791486828396,99.4819284358193
E36480,2.1045456000000002,LINCOLN HWY AT MOTEL,74.80279803542193,99.4827384844653
W23105,2.104545545,SUMMIT PARK DR OPP QUINN DR,74.81768120255991,99.48354853309013
W05921,2.1045454545454545,CRENNELL AVE AT W CRAFTON AVE,74.83256436969788,99.48435858168013
S48680,2.1022727999999997,WHITAKER ST AT OAK ST,74.84744753683583,99.48516775551563
N08390,2.1022724999999998,BEAVER ST AT LITTLE ST,74.8623307039738,99.48597692923568
N70173,2.0977274999999995,PATRIOT WAY AT DELAFIELD RD,74.87721387111176,99.48678435356567
N36740,2.097727425,MT ROYAL BLVD OPP WOODLAND AVE,74.89209703824974,99.4875917778668
E20760,2.09772725,FRANKSTOWN AVE OPP INWOOD ST,74.90698020538771,99.48839920210057
S70512,2.095454545454548,AGNEW RD OPP JOSEPH ST,74.92186337252568,99.48920575156059
N14020,2.095454545454545,CENTER AVE AT PENNSYLVANIA AVE,74.93674653966363,99.49001230102063
S33650,2.095454525,MELLON ST AT HIGHLAND AVE,74.9516297068016,99.49081885047278
E10480,2.0954543,WOLFE AVE OPP TURNER DR NS,74.96651287393958,99.49162539983834
S70362,2.09318181818182,MONONGAHELA AVE OPP LINCOLN ST,74.98139604107755,99.49243107451586
N19540,2.0909090909090904,FERGUSON RD AT LINWOOD DR #1,74.99627920821551,99.4932358744109
W11735,2.0886365000000002,LINDSAY RD AT WYNNECLIFF DR #2,75.01116237535346,99.49403979957594
S46130,2.088636363636363,VERSAILLES AVE AT CRAIG ST,75.02604554249143,99.49484372468848
X08910,2.084091045,KATHLEEN ST AT CRAIGHEAD ST,75.04092870962941,99.49564590028834
E34820,2.084091,LEMINGTON AVE OPP #7249,75.05581187676738,99.49644807587089
W22870,2.0818181749999995,STEUBENVILLE PIKE AT MCCORMICK RD FS,75.07069504390535,99.49724937663332
E52710,2.081818,STANTON AVE AT HOLMES ST,75.08557821104331,99.49805067732841
N71318,2.081818,CORNELL AVE AT #1718,75.10046137818127,99.49885197802348
N25490,2.0772728000000003,HENDERSON ST AT CARRIE ST,75.11534454531925,99.49965152925155
N16742,2.077272727272729,DUNCAN AVE OPP ROYAL MANOR CT #1,75.13022771245721,99.50045108045163
S23515,2.077272727272728,HWY RT 51 AT DICK CORPORATION DR,75.14511087959518,99.5012506316517
W13613,2.074999999999998,MCKEES ROCKS RD AT HECKLE RD FS,75.15999404673315,99.50204930806927
N08450,2.0749999000000003,BEAVER ST AT NEVIN AVE,75.1748772138711,99.50284798444837
S70464,2.0749997749999998,OLD ELIZABETH RD OPP BLUEMONT DR,75.18976038100908,99.50364666077934
E33870,2.0704547,LAKETON RD AT CHURCHILL AVE,75.20464354814705,99.50444358769141
E70849,2.065909275,HAZELWOOD AVE AT EMAHLEA ST,75.21952671528501,99.50523876504988
W16030,2.065909090909093,NOBLE AVE OPP SIDNEY ST,75.23440988242298,99.50603394233748
S25530,2.065909,INTERBORO AVE AT PLAPORT ST,75.24929304956095,99.50682911959008
S25660,2.0613636,IRVINE ST AT TULLYMET ST,75.26417621669891,99.5076225472987
W70181,2.06136345,UNIVERSITY BLVD AT PATTON DR,75.27905938383688,99.50841597494956
X02620,2.0545456,BOWER HILL RD OPP PAT HAVEN DR,75.29394255097485,99.50920677838067
S34400,2.05454545,MIFFLIN RD OPP #5419,75.30882571811281,99.50999758175405
N13190,2.0545453499999997,CALIFORNIA AVE OPP MARVISTA ST NS,75.32370888525078,99.51078838508893
S30240,2.049999775,LONG RUN RD AT COOLSPRINGS RD,75.33859205238875,99.51157743881247
W70092,2.047727272727275,FOREST GROVE RD AT #1764 (PLAZA),75.35347521952671,99.5123656178401
E70323,2.0477272,COAL HOLLOW RD AT OLD COAL HOLLOW RD #2,75.36835838666468,99.51315379683975
S23915,2.0431818181818184,HWY RT 51 AT LARGE VFD,75.38324155380265,99.5139402263024
S17050,2.03636385,ELIZA ST AT CORBIN ST FS,75.39812472094061,99.5147240314998
S35470,2.036363545,ARLINGTON AVE AT NEWTON ST,75.41300788807858,99.5155078365798
E10287,2.034090909090911,BRINTON RD AT #1584,75.42789105521655,99.51629076691248
E70382,2.0318181500000003,LEECHBURG RD OPP COURTNEY DR,75.44277422235452,99.5170728224504
W70091,2.025,CHARTIERS AVE EXT AT HECKLE RD,75.45765738949248,99.51785225365309
W22420,2.0227275,STEUBENVILLE PIKE AT PALOMINO DR FS,75.47254055663045,99.51863081016079
N51620,2.02272725,SUNSET AVE AT NORRIS ST,75.48742372376842,99.51940936657223
E36260,2.02045475,LINCOLN HWY AT JACKS RUN RD FS,75.50230689090638,99.52018704828866
E53470,2.02045475,STEVENSON ST AT LOCUST ST,75.51719005804435,99.5209647300051
W04660,2.020454545454547,CLEVER RD OPP PATRICIA PARK DR,75.53207322518232,99.5217424116428
N71331,2.020454545454545,CHURCH AVE AT PERRYSVILLE AVE,75.54695639232028,99.5225200932805
E10220,2.015909090909091,BRINTON RD AT RIDGE RD,75.56183955945825,99.52329602535322
W23091,2.0136365,SUMMIT PARK DR OPP #20,75.57672272659622,99.52407108269593
E20600,2.013636225,FRANKSTOWN AVE AT PUTNAM ST,75.59160589373418,99.52484613993278
W23190,2.0113635,SWALLOW HILL RD AT ROBIN DR,75.60648906087215,99.52562032238802
N21200,2.0090908250000004,FREEPORT RD AT GLASSMERE GAS STATION,75.62137222801012,99.52639363008089
S70341,2.006818181818185,MONONGAHELA AVE AT LINCOLN ST,75.63625539514808,99.52716606302363
S17730,2.0068181818181836,EVANS ST AT LAMONT ST,75.65113856228606,99.52793849596637
X70077,2.0022728499999998,BOGGS AVE OPP MINSINGER ST,75.66602172942402,99.52870917939136
E17940,1.9954547450000002,ELECTRIC AVE AT GREEK CATHOLIC CHURCH,75.68090489656198,99.52947723849842
S70338,1.9954545454545465,MONONGAHELA AVE AT 1ST ST,75.69578806369995,99.53024529752868
S45010,1.995454545,ST JOSEPH ST AT RATON ST,75.71067123083792,99.53101335655876
S70510,1.9909090909090903,AGNEW RD AT ACADEMY CHARTER SCHOOL DRVWY,75.7255543979759,99.53177966602405
S35510,1.9886365,ARLINGTON AVE AT #1047,75.74043756511385,99.53254510075931
N70099,1.9886364000000003,MCKNIGHT RD AT JAREDS JEWELERS DRVWY,75.75532073225182,99.53331053545608
E06030,1.98636365,BEECHWOOD BLVD AT NICHOLSON ST,75.77020389938978,99.53407509536163
N37070,1.9863635000000002,MT TROY RD AT MT TROY RD EXT,75.78508706652775,99.53483965520942
W03895,1.9818182750000002,CHARTIERS AVE OPP DANLEY ST,75.79997023366573,99.5356024655806
N20860,1.9818181818181804,FREEPORT RD AT CALIFORNIA AVE,75.8148534008037,99.53636527591588
S50310,1.981818,WORTON BLVD AT CONLIN ST,75.82973656794165,99.5371280861812
E20800,1.9795455999999998,FRANKSTOWN AVE OPP WILKINSBURG AVE,75.84461973507962,99.53789002179
W25350,1.9795454545454545,WASHINGTON PIKE OPP #1375,75.85950290221759,99.53865195734281
W13480,1.9795454545454527,MCCOY RD OPP NEVILLE AVE,75.87438606935557,99.53941389289561
N19660,1.9772727272727253,FERGUSON RD OPP FOXCROFT LN,75.88926923649353,99.54017495366591
X04040,1.97499995,CEDAR BLVD AT GREENHURST DR,75.90415240363149,99.54093513963448
N43020,1.97272715,PERRY HWY AT I-279 RAMP,75.91903557076945,99.54169445079256
E70297,1.968182,BRYN MAWR RD AT ANDOVER TERR,75.93391873790742,99.54245201250288
S70541,1.9681818181818203,CHURCHVIEW AVE AT MARY ANN DR FS,75.9488019050454,99.5432095741432
X19505,1.965909275,WASHINGTON RD AT FLORENCE PL,75.96368507218337,99.5439662610719
S25160,1.963636775,HWY RT 885 AT HUSTON DR,75.97856823932133,99.54472207330558
E51360,1.96136365,SHADY AVE AT HIGHMONT RD,75.99345140645929,99.54547701060368
W00440,1.9545454545454546,4TH AVE OPP KENDALL ST,76.00833457359725,99.54622932354906
N36930,1.9477275,MT TROY RD AT BECKERT ST,76.02321774073523,99.5469790122344
N43650,1.9454545,PERRYSVILLE AVE AT O'HERN ST,76.0381009078732,99.5477278260323
E48470,1.943182045,REYNOLDS ST AT DALLAS AVE,76.05298407501117,99.54847576515249
W22990,1.94318195,STEUBENVILLE PIKE OPP WEST HILLS PLAZA,76.06786724214912,99.54922370423611
X04030,1.9409093,CEDAR BLVD AT MORGAN DR,76.08275040928709,99.549970768567
W13460,1.9409090909090898,MCCOY RD AT WARBLER DR,76.09763357642507,99.55071783281738
W70178,1.940909,UNIVERSITY BLVD OPP TIGER TRAIL,76.11251674356303,99.55146489703279
N15521,1.9363635000000001,CONNIE DR AT PERRY HWY,76.127399910701,99.55221021166571
N21790,1.9340909090909082,FREEPORT RD AT ROWE'S CROSSING,76.14228307783895,99.55295465156861
E60150,1.9340908950000002,YOST BLVD OPP MAIN ST,76.15716624497692,99.5536990914661
W70137,1.9295454545454525,STEUBEN ST AT CUMBERLAND ST FS,76.1720494121149,99.55444178180402
X18550,1.9249999999999998,VANADIUM RD AT BOWER HILL RD,76.18693257925287,99.55518272257694
W02880,1.9249999,CAROTHERS AVE OPP CREEK,76.20181574639084,99.55592366331139
S39810,1.922727275,PROSPECT RD OPP ABBOTT DR,76.2166989135288,99.5566637293027
E70744,1.92045455,TILDEN ST AT #7110,76.23158208066675,99.55740292051239
E30385,1.9181819999999998,HWY RT 286 AT KANE RD (YMCA),76.24646524780474,99.55814123700783
S20510,1.9113636363636377,GRANT AVE AT ERWIN ST,76.2613484149427,99.5588769290858
N52640,1.909091,TROY HILL RD OPP N CATHOLIC HIGH SCHOOL,76.27623158208067,99.55961174641625
E39580,1.90909092,MONONGAHELA AVE AT #2129,76.29111474921864,99.56034656371592
S10460,1.9090908999999998,BUTTERMILK HOLLOW RD OPP PGH-MCKEESPORT BLVD,76.30599791635659,99.5610813810079
E42880,1.90909075,OAKWOOD ST AT HAMILTON AVE,76.32088108349457,99.56181619824214
W26390,1.906818181818182,W PROSPECT AVE OPP MAINSGATE ST,76.33576425063254,99.56255014075512
S70391,1.9068180000000001,WEYMAN RD OPP SOUTH PASSAGE DR,76.3506474177705,99.56328408319811
S70294,1.9022727272727276,STATE ST AT WALNUT AVE,76.36553058490847,99.5640162761461
W21900,1.902272725,STEUBEN ST AT WHITEWOOD DR FS,76.38041375204644,99.56474846909322
S21620,1.9022725,GREENSPRINGS AVE AT SPRING ST,76.3952969191844,99.56548066195373
X70083,1.9022725,WASHINGTON RD AT CONSOL DR FS,76.41018008632237,99.56621285481424
N08690,1.9000000000000026,BEAVER ST AT VALLEY LN,76.42506325346034,99.56694417297973
S70064,1.897727275,BROWNSVILLE RD AT NATIVITY CHURCH,76.4399464205983,99.5676746163636
E34620,1.89772725,LEECHBURG RD AT CLOVERLEAF RD,76.45482958773627,99.56840505973787
N45850,1.8954545454545477,RIALTO ST OPP WICKLINES LN,76.46971275487424,99.56913462833836
S09760,1.8886366,BROWNSVILLE RD OPP STREETS RUN RD,76.4845959220122,99.56986157268236
N14915,1.8886365,CHATEAU ST TURNAROUND AT BEAVER AVE,76.49947908915017,99.57058851698785
N12972,1.8886363499999999,CALIFORNIA AVE AT RANKIN AVE,76.51436225628814,99.57131546123563
W23104,1.8863637999999998,SUMMIT PARK DR AT QUINN DR,76.5292454234261,99.57204153076913
E70383,1.8863636499999998,LEECHBURG RD OPP #6503,76.54412859056407,99.5727676002449
S33720,1.88636345,MELLON ST OPP MAINE AVE,76.55901175770204,99.5734936696437
N15285,1.884091,COLBY ST AT CHAPIN ST,76.57389492484,99.57421886436673
S44970,1.877272775,ST JOSEPH ST OPP COMO ST STEPS,76.58877809197797,99.57494143472564
S50265,1.8749999999999978,WORTHINGTON AVE AT PETERSON DR,76.60366125911594,99.57566313028369
N18580,1.8727272000000001,ESSEN ST OPP PENFORT ST FS,76.6185444262539,99.57638395103126
E20960,1.87045475,FRANKSTOWN RD AT CURTIS ST,76.63342759339187,99.57710389710304
X06700,1.870454545,GILKESON RD AT OLD GILKESON RD,76.64831076052984,99.57782384309594
S40100,1.865909045,PROVOST RD AT SHADOWLAWN DR,76.6631939276678,99.57854203950633
N50510,1.86363615,SPRING GARDEN AVE OPP GIDDY WAY,76.67807709480577,99.57925936106969
W24420,1.861363636363637,WASHINGTON AVE AT TRIMBLE AVE,76.69296026194374,99.57997580793277
W70044,1.8613636,JEFFERSON DR AT MCCOY RD,76.7078434290817,99.58069225478185
E10430,1.8590906999999999,WOLFE AVE OPP MARY ST,76.72272659621967,99.58140782678197
N35990,1.8568181950000002,MT ROYAL BLVD AT MCELHENY RD,76.73760976335764,99.58212252408512
E08610,1.8568181818181817,BRADDOCK AVE AT 7TH ST,76.7524929304956,99.58283722138323
N45610,1.8568181818181801,REMINGTON DR AT REGENCY DR,76.76737609763357,99.58355191868131
E06215,1.8545454399999999,BEECHWOOD BLVD OPP FEDERAL HILL ST,76.78225926477154,99.58426574119132
N52650,1.8522725,TROY HILL RD OPP PROVINCE ST FS,76.7971424319095,99.58497868883694
E34170,1.85,LAKETON RD OPP CHURCHILL AVE,76.81202559904747,99.58569076178755
S27400,1.8499999749999998,KENNYWOOD BLVD AT GLENCAIRN ST FS,76.82690876618544,99.58640283472853
E55480,1.8477275,VERONA RD AT GALETON DR,76.8417919333234,99.58711403298413
N36500,1.8477274000000001,MT ROYAL BLVD OPP EADE AVE,76.85667510046137,99.58782523120124
S50254,1.8477272727272749,WORTHINGTON AVE AT ONEIDA DR,76.87155826759934,99.58853642936934
S70485,1.8477272727272749,EDEN PARK BLVD AT VICTORY DR,76.8864414347373,99.58924762753746
S21430,1.8454545,GREENSPRINGS AVE AT HIGH ST,76.90132460187527,99.58995795090559
W07920,1.8431819999999999,GRAND AVE OPP HUBERT ST (NEVILLE PARK AND RI,76.91620776901324,99.5906673995787
N45580,1.83409090909091,REMINGTON DR AT HAZLETT RD,76.93109093615121,99.59137334905184
N71253,1.8295457,SUNSET AVE OPP ESSEN ST,76.94597410328919,99.59207754905447
S70349,1.82954545,EAST PITTSBURGH-MCKEESPORT BLV AT BROWN PL,76.96085727042714,99.59278174896087
E15840,1.8272727,CRAWFORD ST AT WEBSTER AVE,76.97574043756511,99.59348507407604
N16744,1.8250000000000024,DUNCAN AVE OPP ROYAL MANOR CT #2,76.99062360470307,99.59418752441923
N21120,1.8250000000000017,FREEPORT RD AT BAILEY'S RUN RD,77.00550677184104,99.5948899747624
E04663,1.8227274,AVENUE U AT WATKINS AVE,77.02038993897902,99.59559155037205
E32297,1.8204545454545433,JAMES ST OPP OHIO ST,77.03527310611697,99.59629225115025
S27810,1.818182,LEBANON CHURCH RD AT CAMP HOLLOW RD,77.05015627325494,99.5969920772159
W03910,1.8159091,CHARTIERS AVE OPP DUBOIS ST,77.06503944039291,99.5976910284326
S33660,1.8136363949999998,MELLON ST AT MAINE AVE,77.07992260753088,99.59838910487537
N41090,1.813636363636364,PEEBLES RD AT REMINGTON DR,77.09480577466886,99.59908718130606
S70641,1.80909090909091,NORMAN ST AT GRANT AVE,77.10968894180682,99.59978350817177
S13500,1.80909085,CONNISTON AVE AT GOSSER ST,77.12457210894478,99.60047983501474
E70750,1.8068182,TILDEN ST AT SILVERTON ST,77.13945527608274,99.60117528710495
S44960,1.806818,ST JOSEPH ST AT COMO ST STEPS,77.15433844322071,99.60187073911818
E70983,1.806818,HAZELWOOD AVE AT LYTLE ST,77.16922161035869,99.60256619113142
W22220,1.806818,STEUBENVILLE PIKE AT FARMCREST DR,77.18410477749666,99.60326164314465
N71254,1.7999999999999998,BEAVER ST OPP GLEN MITCHELL RD,77.19898794463461,99.60395447088037
E44550,1.799999999999998,OLD WILLIAM PENN HWY OPP WILLIAMSBURG DR,77.21387111177258,99.6046472986161
W03410,1.79772725,CHARTIERS AVE AT PITTSBURGH CLASSICAL ACADEMY,77.22875427891054,99.6053392515606
S05232,1.7954543,BALDWIN RD AT HOLY ANGEL SCHOOL,77.24363744604852,99.60603032963685
W04670,1.7931818181818202,CLEVER RD OPP PITCHFORK LN,77.25852061318649,99.60672053302511
W70034,1.7931818,MCKEE RD OPP CCAC WEST,77.27340378032446,99.60741073640634
N17850,1.7909091,EAST ST AT HAZLETT ST,77.28828694746241,99.60810006501559
W25990,1.790909075,W CARSON ST OPP BUSWAY RAMP FS,77.30317011460038,99.60878939361523
E41060,1.78636365,MULHATTON ST AT DARLINGTON RD,77.31805328173836,99.60947697266124
W22160,1.78409085,STEUBENVILLE PIKE AT DEVASSIE RD,77.33293644887632,99.61016367689676
W08070,1.7795453500000002,GREENTREE RD AT LINDSAY RD,77.34781961601429,99.6108486315498
S70489,1.7772727272727278,CHURCHVIEW GARDEN APTS DRVWY AT CHURCHVIEW AVE,77.36270278315224,99.61153271146058
S25170,1.7750000000000001,HWY RT 885 AT LEWIS RUN RD NS,77.37758595029021,99.61221591658888
N71265,1.775,FREEPORT RD AT POWERS RUN RD FS,77.39246911742819,99.61289912171716
E48480,1.77045455,REYNOLDS ST AT HOMEWOOD AVE,77.40735228456616,99.6135805772822
S25109,1.7659094999999998,HWY RT 885 OPP HUSTON DR,77.42223545170413,99.61426028343799
N36210,1.7659091,MT ROYAL BLVD AT SHAW PL,77.43711861884208,99.61493998943979
E41360,1.7659091,MURRAY AVE AT SOLWAY ST,77.45200178598004,99.61561969544161
E30247,1.759090909090911,HUTCHINSON ST AT EAST END AVE,77.46688495311803,99.61629677709244
S38690,1.7568182749999999,PENNSYLVANIA AVE AT VERMONT AVE,77.48176812025599,99.61697298399663
X00460,1.7568181818181827,BANK ST AT ELIZABETH ST,77.49665128739396,99.61764919086495
S11470,1.75681818181818,GARDENVILLE RD AT CHARLOTTE DR,77.51153445453193,99.61832539773329
E70280,1.7545453999999998,UNITY TRESTLE RD AT SALTSBURG RD,77.52641762166988,99.61900072979813
E17340,1.7522729,EAST HILLS DR AT #2220,77.54130078880786,99.61967518716796
S47065,1.7522727272727268,WALNUT ST AT 7TH AVE,77.55618395594583,99.62034964447129
N71320,1.7522727,BROWNS LN OPP NORTHWAY MALL DR,77.5710671230838,99.62102410176414
W24385,1.7477272727272728,WASHINGTON PIKE AT SCHULTE ST,77.58595029022176,99.6216968095025
N45120,1.7454545449999999,PITTVIEW AVE OPP TEUTONIA ST,77.60083345735971,99.62236864245817
E04520,1.74318185,ATLANTIC AVE AT HILLCREST ST,77.6157166244977,99.62303960064378
W02860,1.7363636,CAROTHERS AVE AT WASHINGTON AVE FS,77.63059979163566,99.62370793445567
S23960,1.7340911,HWY RT 51 AT MAXWELL DR FS,77.64548295877363,99.62437539357254
N08300,1.734090909090909,BEAVER RD AT EDGEWORTH LN FS,77.6603661259116,99.62504285261592
S70107,1.734090909090908,PROSPECT RD OPP CAPAREL TOWNHOUSES,77.67524929304956,99.6257103116593
X70055,1.7318182750000002,LABELLE ST AT GRANDVIEW AVE,77.69013246018753,99.62637689595607
N50530,1.731818,SPRING GARDEN RD AT #3364,77.7050156273255,99.62704348014698
W14270,1.7272727272727257,MIDDLETOWN RD AT HODGSON AVE,77.71989879446346,99.62770831484288
N28050,1.724999995,ITIN ST AT GOEHRING ST,77.73478196160143,99.62837227475435
N22330,1.7249998500000001,FREEPORT RD OPP E OAK HILL RD,77.7496651287394,99.62903623461004
E51280,1.7227274499999998,SHADY AVE AT BEACON ST,77.76454829587736,99.62969931980918
E21240,1.718182045,FRANKSTOWN RD OPP FRANKSTOWN GARDENS,77.77943146301533,99.6303606554624
S70329,1.7181818181818187,OHIO AVE AT WALL ST,77.7943146301533,99.63102199102832
N37190,1.715909275,MT TROY RD AT #3735,77.80919779729126,99.63168245188261
N28110,1.7159092749999998,IVORY AVE AT CHERRYLAND ST,77.82408096442923,99.63234291273689
N20720,1.713636545,FREEPORT RD AT BOYD AVE,77.8389641315672,99.63300249880763
W70123,1.7136364999999998,GREENTREE RD OPP VIRGINIA MANSIONS FS,77.85384729870516,99.63366208486106
W70106,1.711363636363634,CRENNELL AVE AT BROADHEAD AVE FS,77.86873046584313,99.6343207960795
S70167,1.7113636363636338,WALNUT ST AT 13TH AVE,77.8836136329811,99.63497950729794
N20730,1.7113635,FREEPORT RD AT BOYD AVE,77.89849680011906,99.6356382184639
W17240,1.7090909,NOBLESTOWN RD AT #640,77.91337996725703,99.63629605489633
W70102,1.7022724999999999,CLIFF MINE RD AT OAK MOSS DR,77.928263134395,99.63695126689733
S70390,1.7022724999999999,WEYMAN RD AT SOUTH PASSAGE DR,77.94314630153296,99.6376064788983
S34220,1.7000002399999998,MIFFLIN RD AT #5419,77.95802946867093,99.63826081629665
N15660,1.6999999249999997,CORBETT CT AT BROWNS LN,77.9729126358089,99.63891515357375
E70745,1.69545455,VANN RD AT MINGO ST,77.98779580294686,99.63956774131648
S70437,1.6954545454545475,CUSTER AVE AT JOSEPH ST,78.00267897008484,99.64022032905746
E05220,1.69090905,BEACON ST AT #5414,78.0175621372228,99.64087116721771
N13650,1.68409090909091,CENTER AVE AT ALLEGHENY AVE,78.03244530436076,99.64151938104621
N49090,1.6818182,SEAVEY RD AT PARKER ST,78.04732847149873,99.64216672009921
N08270,1.6795454545454536,BEAVER RD AT CHURCH LN,78.0622116386367,99.64281318436274
E34660,1.6795453999999999,LEECHBURG RD AT #6503,78.07709480577468,99.64345964860524
N08520,1.6772727272727275,BEAVER RD AT QUAKER RD,78.09197797291263,99.64410523808627
E01230,1.6772725000000002,FIFTH AVE AT HAMILTON AVE,78.1068611400506,99.64475082747981
S21540,1.6727275000000001,GREENSPRINGS AVE OPP SPRING ST FS,78.12174430718856,99.64539466748332
X02610,1.6727273,BOWER HILL RD OPP PAINTERS RUN RD FS,78.13662747432653,99.64603850740986
N42120,1.6727271499999998,PERRY HWY AT CEMETERY LN,78.15151064146451,99.64668234727864
E55580,1.6681819999999998,VERONA RD AT RAITHEL ST,78.16639380860246,99.64732443769967
N36055,1.6681818750000001,MT ROYAL BLVD AT SHALER LIBRARY,78.18127697574043,99.64796652807257
W03520,1.6681818499999999,CHARTIERS AVE AT LITCHFIELD ST STEPS,78.1961601428784,99.64860861843586
S70353,1.6681818,EAST PITTSBURGH-MCKEESPORT BLV AT OVERHILL DR FS,78.21104331001636,99.6492507087799
S70416,1.665909,CYPRESS ST OPP OAK ST,78.22592647715435,99.64989192431347
E49810,1.661363775,SALTSBURG RD AT HERSHEY RD,78.24080964429231,99.65053139037038
E29940,1.6613636499999997,HOMEWOOD AVE AT REYNOLDS ST,78.25569281143027,99.6511708563792
N15900,1.6590909090909098,CUMBERLAND RD AT FOX HUNT DR,78.27057597856823,99.65180944760024
S23950,1.6568181818181813,HWY RT 51 AT MAXWELL DR NS,78.2854591457062,99.65244716403883
N05360,1.656818,AMITY DR AT BLAZE DR,78.30034231284418,99.6530848804074
E02810,1.654545545,ABER RD AT #8141,78.31522547998215,99.6537217220983
N05370,1.6522725,AMITY DR AT CARRIAGE HILL RD,78.3301086471201,99.6543576888844
W07870,1.6500001,GRAND AVE AT VON STEIN LN FS,78.34499181425807,99.65499278101397
S23025,1.6500000000000001,HOMEVILLE RD AT DUQUESNE VILLAGE ENTRANCE #1,78.35987498139603,99.65562787310506
W07450,1.65,FOREST GROVE RD OPP MIDWAY DR,78.37475814853401,99.65626296519613
E59050,1.645454775,WILLIAM PENN HWY OPP ELLIOTT RD,78.38964131567198,99.65689630781058
W11775,1.643182,LINDSAY RD AT WYNNECLIFF DR #2,78.40452448280995,99.65752877562417
W70173,1.6431818181818183,WASHINGTON PIKE AT #1370,78.4194076499479,99.65816124336777
N27620,1.643181818181817,INDUSTRIAL BLVD AT KEY LINCOLN-MERCURY,78.43429081708587,99.65879371111137
E52600,1.6409092749999998,STANTON AVE AT CARNEGIE ST,78.44917398422385,99.65942530414334
S70544,1.638636363636365,CHURCHVIEW AVE AT DONAHUE DR NS,78.46405715136181,99.66005602232197
W04820,1.638636275,CLIFF MINE RD OPP OAK MOSS DR,78.47894031849978,99.66068674046646
W22690,1.6363637750000002,STEUBENVILLE PIKE OPP FARMCREST DR,78.49382348563773,99.66131658391592
S25470,1.6363635,INTERBORO AVE AT LEASIDE DR,78.5087066527757,99.66194642725956
S70521,1.6340909090909097,AGNEW RD OPP ACADEMY CHARTER SCHOOL DRVWY,78.52358981991368,99.66257539587319
S70625,1.634090909090908,BROWNSVILLE RD AT SUNNY DR,78.53847298705165,99.66320436448682
N22180,1.6318181818181814,FREEPORT RD OPP BARTSCH ST,78.55335615418961,99.66383245831794
N22770,1.63181815,FREEPORT RD OPP S OAK HILL RD,78.56823932132758,99.66446055213682
N44890,1.6295454545454549,PITTSBURGH ST AT SHADY AVE,78.58312248846553,99.66508777118544
N21890,1.627272727272725,FREEPORT RD AT SAXONBURG RD,78.59800565560352,99.66571411545159
S00925,1.627272725,SECOND AVE AT SECOND AVE PARKING PL (#1250),78.61288882274148,99.66634045971684
N15315,1.625,COLBY ST AT MT PLEASANT RD FS,78.62777198987945,99.66696592920049
E70860,1.6227274999999999,HALKET ST AT LOUISA ST,78.64265515701742,99.66759052398912
N42660,1.6227274500000002,PERRY HWY OPP #328,78.65753832415537,99.66821511875851
X04100,1.6204545,CEDAR BLVD AT MAYFAIR DR,78.67242149129335,99.66883883865967
S30245,1.618182,LONG RUN RD OPP COOLSPRINGS RD,78.68730465843132,99.66946168386582
W07730,1.615909045,GRAND AVE AT CALGON CARBON,78.70218782556928,99.67008365420182
W10580,1.6136363636363629,ISLAND AVE OPP MCCOY RD,78.71707099270725,99.67070474977298
X08854,1.6090909999999998,KANE BLVD OPP CHURCH RECTORY,78.7319541598452,99.67132409581416
E07550,1.6068182000000002,BIGELOW BLVD AT BLOOMFIELD BRDGE FS,78.74683732698318,99.67194256704485
N15696,1.6045454545454556,CORPORATE DR AT #5700,78.76172049412115,99.67256016348604
N36360,1.5977275,MT ROYAL BLVD AT WILJOHN ST,78.77660366125912,99.67317513566722
N21920,1.5977272727272749,FREEPORT RD AT SPRING HILL RD,78.79148682839708,99.67379010776092
E70887,1.59772725,HAZELWOOD AVE AT GREENFIELD AVE,78.80636999553505,99.67440507984588
E08240,1.5954547749999999,BLVD OF ALLIES AT MARION ST (MERCY HOSP),78.82125316267302,99.67501917724545
N37310,1.5931819999999999,MT TROY RD OPP RIDGELAWN CEMETERY ENTRANCE,78.83613632981098,99.67563239984416
N08280,1.5909090909090902,BEAVER ST AT DAVIS LN,78.85101949694895,99.67624474759039
S70400,1.5909090000000001,LEWIS RUN RD AT KELLY LN,78.86590266408692,99.67685709530161
W07940,1.58636365,GRAND AVE OPP MAPLE LN,78.88078583122488,99.67746769348811
S70398,1.5863636363636355,LEWIS RUN RD AT MON VALLEY SCHOOL DRVWY,78.89566899836285,99.67807829166935
E59720,1.5863635999999999,WOODSTOCK AVE AT WILKINS AVE FS,78.91055216550082,99.6786888898366
E70442,1.584091,UNIVERSAL RD OPP WEBSTER DR,78.92543533263878,99.67929861327032
N35700,1.5840909,MT ROYAL BLVD AT DEHAVEN AVE,78.94031849977675,99.67990833666556
W70165,1.5818181999999998,GRAND AVE AT HUBERT ST (NEVILLE PARK-AND-RI,78.95520166691472,99.6805171852888
S33710,1.5795457,MELLON ST OPP HIGHLAND AVE,78.97008483405268,99.68112515921703
W04180,1.579545454545457,CHARTIERS AVE EXT AT OWEN ST,78.98496800119065,99.6817331330508
E04420,1.579545454545455,ARDMORE BLVD OPP 2 PARKWAY CENTER EAST,78.99985116832862,99.68234110688455
S31690,1.579545445,MAIN ST AT WOODLAWN AVE,79.01473433546658,99.68294908071464
X01960,1.5750000499999999,BOGGS AVE AT WARRINGTON AVE FS,79.02961750260455,99.68355530500264
E29360,1.5727273,HILLCREST AVE AT ATLANTIC AVE,79.04450066974252,99.68416065449941
E70258,1.5727272,ROBINSON BLVD OPP DOUGLASS DR,79.05938383688049,99.68476600395768
E46910,1.570454545,PENN CENTER BLVD AT RODI RD,79.07426700401845,99.68537047866128
N18210,1.5704544500000002,EAST ST OPP HAZLETT ST,79.08915017115642,99.68597495332831
N06770,1.5681819999999997,BABCOCK BLVD AT ROSECLIFF DR,79.10403333829439,99.68657855331958
E51310,1.5681817999999998,SHADY AVE AT DOUGLAS ST,79.11891650543235,99.68718215323385
E03000,1.5681817999999998,AIRBRAKE AVE OPP 7TH ST,79.13379967257032,99.68778575314813
S70591,1.563636545,BROWNSVILLE RD AT MARYAL DR,79.14868283970829,99.68838760357423
S70463,1.5613638,OLD ELIZABETH RD OPP WOODHILL RD,79.16356600684625,99.688988579211
E40950,1.56136365,MT CARMEL RD AT TYLER RD,79.17844917398422,99.68958955479005
S70404,1.5590909090909075,LEWIS RUN RD AT ANNHURST APTS,79.19333234112219,99.69018965558134
E55730,1.554545275,VERONA RD OPP ELLIOTT ST,79.20821550826017,99.69078800673854
S46800,1.5522727272727268,WALNUT ST AT 13TH AVE FS,79.22309867539812,99.69138548318236
N37290,1.5477275000000001,MT TROY RD AT CRONEMEYER AVE FS,79.23798184253609,99.69198121014867
X08861,1.5477275,KANE BLVD AT CHURCH RECTORY,79.25286500967405,99.69257693711498
E52995,1.5477274000000003,STANTON AVE OPP DUNCAN ST,79.26774817681202,99.69317266404279
E10450,1.5431818181818184,BRINTON RD OPP RIDGE RD,79.28263134394999,99.69376664135663
N23970,1.5409090500000002,GRANT AVE AT BYERLEY AVE,79.29751451108797,99.69435974387223
W11776,1.5409090449999998,LINDSAY RD OPP WYNNECLIFF DR #1,79.31239767822592,99.6949528463859
N43230,1.54090885,PERRY HWY OPP CLARWIN AVE,79.32728084536389,99.69554594882453
E36370,1.5363635,LINCOLN HWY OPP FOSTER RD,79.34216401250185,99.69613730173839
S30270,1.5363635,LONG RUN RD AT SUNSET DR,79.35704717963984,99.69672865465226
N29840,1.5363634999999998,LEY ST OPP COWLEY ST,79.3719303467778,99.69732000756612
E43990,1.53409090909091,OLD WILLIAM PENN HWY AT WILLIAMSBURG DR,79.38681351391575,99.69791048574999
E54870,1.5318181499999999,UNITY TRESTLE RD AT JACKSON RD,79.40169668105372,99.6985000891391
E40825,1.5318180449999999,MT CARMEL RD AT FAYBERN DR,79.41657984819169,99.6990896924878
E55160,1.525,UNIVERSAL RD AT WEBSTER DR FS,79.43146301532965,99.69967667154168
X05460,1.52045465,FINGAL ST AT #225 (FINGAL & RUTLEDGE TERMIN,79.44634618246764,99.7002619010708
N21300,1.513636363636365,FREEPORT RD AT IDAHO AVE,79.46122934960559,99.70084450621222
S50253,1.5136363636363634,WORTHINGTON AVE AT HWY RT 51,79.47611251674356,99.70142711135364
X02090,1.511363636363635,BOWER HILL RD AT COOK SCHOOL RD,79.49099568388152,99.70200884171254
S05350,1.5113634999999999,BAPTIST RD AT #5348,79.5058788510195,99.70259057201896
N35850,1.509090945,MT ROYAL BLVD AT GRANDVIEW AVE,79.52076201815747,99.70317142760922
E34060,1.5068183,LAKETON RD AT #1753,79.53564518529544,99.70375140844862
E55590,1.5068182749999999,VERONA RD AT RAITHEL ST FS,79.55052835243339,99.70433138927842
E45030,1.5068181999999999,PATTON ST AT MIDDLE AVE,79.56541151957136,99.70491137007934
E36280,1.506818,LINCOLN HWY AT JACOB ST,79.58029468670932,99.70549135080327
W11765,1.5045455,LINDSAY RD OPP GREENVIEW DR,79.5951778538473,99.70607045683221
N22060,1.5022727272727279,FREEPORT RD AT WORKS ENTRANCE #3,79.61006102098527,99.70664868806114
N37200,1.5022725000000001,MT TROY RD AT #3802,79.62494418812322,99.7072269192026
E50200,1.5022725000000001,SALTSBURG RD OPP TILFORD RD,79.63982735526119,99.70780515034404
W13260,1.4977274999999999,MCCOY RD AT HILLCREST AVE,79.65471052239917,99.70838163209548
N71255,1.497727272727275,BEAVER ST AT GLEN MITCHELL RD,79.66959368953714,99.70895811375942
N36540,1.495454525,MT ROYAL BLVD OPP HARTLE RD,79.6844768566751,99.709533720633
N36960,1.493182,MT TROY RD AT GARDENVIEW DR,79.69936002381307,99.71010845280195
E30600,1.490909,HWY RT 286 OPP KANE RD (YMCA),79.71424319095102,99.71068231008341
N45040,1.48863635,PITTSBURGH ST OPP WASHINGTON ST,79.72912635808899,99.71125529261214
N08880,1.486363636363636,BEAVER ST OPP VALLEY LN,79.74400952522697,99.71182740036359
N36570,1.486363625,MT ROYAL BLVD AT KLEBER RD,79.75889269236494,99.7123995081107
N36650,1.4863635450000001,MT ROYAL BLVD OPP ROYAL COURT DR,79.7737758595029,99.712971615827
N32330,1.4840909999999998,MCINTYRE RD AT CHARTERWOOD DR,79.78865902664086,99.71354284883098
N25370,1.4795454499999998,HAZELTON ST AT SUFFOLK ST,79.80354219377884,99.71411233223321
N71307,1.475000025,MCKNIGHT RD AT #7905 (MAD MEX),79.8184253609168,99.71468006608185
N71186,1.475,DELAFIELD RD OPP PATRIOT WAY,79.83330852805477,99.71524779992085
E52560,1.4704545450000002,STANTON AVE AT 52ND ST,79.84819169519274,99.71581378419468
N50520,1.459091,SPRING GARDEN AVE AT GIDDY WAY,79.8630748623307,99.71637539459121
N53670,1.459090925,WESTERN AVE AT BRIGHTON RD,79.87795802946866,99.71693700495888
X70084,1.45909085,VILLAGE DR AT WASHINGTON RD FS,79.89284119660664,99.71749861529766
W22620,1.459090775,STEUBENVILLE PIKE OPP BEAVER GRADE RD FS,79.9077243637446,99.71806022560759
W23198,1.4568181,SWALLOW HILL RD OPP THE BOURSE,79.92260753088257,99.71862096115515
E49200,1.454545475,RODI RD OPP PENN CENTER BLVD NS,79.93749069802054,99.71918082195957
N25510,1.45454535,HENDERSON ST AT FOUNTAIN ST,79.9523738651585,99.71974068271587
E20630,1.4545453000000002,FRANKSTOWN RD AT #8877,79.96725703229647,99.72030054345292
W08700,1.4522727272727272,HERBST RD AT #225,79.98214019943444,99.72085952946698
E36100,1.452272675,LINCOLN AVE OPP RENFREW ST,79.9970233665724,99.72141851546091
W22700,1.4522726499999998,STEUBENVILLE PIKE OPP FIRESIDE INN,80.01190653371037,99.72197750144522
X00078,1.4522724999999999,BOGGS AVE AT MINSINGER ST,80.02678970084834,99.7225364873718
E38770,1.4500000000000002,MARK DR AT #7843,80.0416728679863,99.72309459860337
N21480,1.45,FREEPORT RD AT MONTANA AVE,80.05655603512427,99.72365270983494
N22700,1.4477272727272725,FREEPORT RD OPP #153,80.07143920226224,99.72420994628399
N71180,1.44545455,FOX CHAPEL RD AT S MARGERY DR,80.08632236940021,99.72476630795232
S47180,1.440909090909091,WALNUT ST AT EDEN PARK BLVD FS,80.10120553653817,99.7253209200539
E38200,1.440909,MAIN ST AT THOMPSON RUN RD,80.11608870367614,99.72587553212048
E70083,1.43636365,JAMES ST AT LOWER BOONE DR,80.13097187081411,99.72642839466232
S46940,1.4363636363636365,WALNUT ST AT 30TH AVE FS,80.14585503795207,99.72698125719891
W08227,1.4363636363636365,GREENTREE RD OPP GREENRIDGE LN,80.16073820509004,99.72753411973552
E50030,1.43409085,SALTSBURG RD AT REGENCY DR,80.17562137222801,99.72808610746688
N71276,1.4318182,BETA DR AT EMERSON PROCESS MGMT,80.19050453936597,99.72863722044548
W70167,1.431818181818182,WASHINGTON PIKE AT #1343,80.20538770650394,99.72918833341708
N33025,1.43181817,MCKNIGHT RD OPP BROOKVIEW LN,80.22027087364191,99.72973944638413
E32304,1.4295454545454547,JAMES ST AT OHIO ST,80.23515404077988,99.73028968457325
W70160,1.4295454545454545,HERBST RD OPP AGNES ST,80.25003720791784,99.73083992276234
S28470,1.42954544,LEBANON CHURCH RD AT #4513,80.26492037505581,99.73139016094586
N22670,1.4204545454545459,FREEPORT RD AT ROWE'S CROSSING,80.27980354219378,99.731936900005
S09150,1.4113636,BROWNSVILLE RD AT STREETS RUN RD FS,80.29468670933174,99.73248013992014
S19280,1.40909090909091,GARDENVILLE RD OPP CROSS ST,80.30956987646971,99.7330225050668
S70644,1.4090909,MIFFLIN RD AT MOONEY RD FS,80.32445304360768,99.73356487020996
N36730,1.4068182,MT ROYAL BLVD OPP WILJOHN ST,80.33933621074564,99.73410636058111
W13500,1.40681818181818,MCCOY RD AT #1044,80.35421937788361,99.73464785094528
S05330,1.406818,BAPTIST RD AT #5341,80.36910254502158,99.73518934123946
W20470,1.406818,ROSELEAF DR AT FOXCROFT RD,80.38398571215954,99.73573083153363
E37220,1.4045455,LONG RD AT BEULAH RD,80.39886887929751,99.7362714471328
E52970,1.40454545,STANTON AVE OPP 52ND ST,80.41375204643548,99.73681206271272
S70605,1.4022727750000001,CAMP HOLLOW RD AT LIVINGSTON RD FS,80.42863521357346,99.73735180353026
E20950,1.4022727,FRANKSTOWN RD OPP CURTIS ST,80.44351838071141,99.73789154431894
N22100,1.4000000000000001,FREEPORT RD OPP 1ST ST FS,80.45840154784938,99.73843041033562
E49880,1.4,SALTSBURG RD AT LEECHBURG RD,80.47328471498734,99.7389692763523
N37280,1.4,MT TROY RD OPP KLEMENTINA DR,80.48816788212531,99.73950814236898
N41100,1.3999999999999984,PEEBLES RD AT REMINGTON DR,80.50305104926329,99.74004700838564
S70456,1.3977273000000001,OLD ELIZABETH RD AT WOODHILL RD,80.51793421640124,99.74058499963033
N21820,1.3977272727272732,FREEPORT RD AT #153,80.53281738353921,99.74112299086451
N16520,1.3977272727272725,DUNCAN AVE AT ALLEGHENY MEMORIAL PARK,80.54770055067718,99.74166098209871
S25610,1.39545465,IRVINE ST AT MOBILE ST,80.56258371781514,99.74219809859063
S32220,1.3954545500000002,MAPLE ST OPP KENNETT ST,80.57746688495313,99.74273521504406
N71257,1.3931818181818203,FERGUSON RD AT THOMPSON RUN RD FS,80.59235005209109,99.74327145671326
N13210,1.3909091,CALIFORNIA AVE OPP RANKIN AVE,80.60723321922904,99.74380682360346
N08490,1.390909090909093,BEAVER ST AT OSBORNE LN,80.62211638636701,99.74434219049016
N52310,1.3886365,THOMPSON RUN RD OPP CHERRINGTON DR,80.63699955350498,99.74487668264685
E27390,1.3886363999999998,HAWKINS AVE AT 2ND ST,80.65188272064296,99.74541117476505
E70965,1.38636367,6TH ST AT MAIN ST,80.66676588778093,99.7459447920997
W04620,1.3863636363636365,CLEVER RD AT PATRICIA PARK DR,80.68164905491888,99.74647840942141
N28240,1.386363625,IVORY AVE OPP CHERRYLAND ST,80.69653222205685,99.74701202673874
N42850,1.3863634999999999,PERRY HWY AT CLARWIN AVE,80.71141538919481,99.74754564400797
W11732,1.384091,LINDSAY RD AT #722,80.7262985563328,99.74807838658218
S13700,1.384090909090909,CRAWFORD AVE AT JUNO AVE,80.74118172347076,99.7486111291214
S19320,1.3840909000000001,GEARING AVE AT CLIMAX ST,80.75606489060871,99.74914387165713
E12790,1.3840909,CENTER RD AT WIMBLEDON DR FS,80.77094805774668,99.74967661419285
E18020,1.3818184,ELECTRIC AVE AT OLYMPIA HALL,80.78583122488465,99.75020848203356
W01200,1.3795454500000002,BEAVER GRADE RD AT AIKEN RD,80.80071439202263,99.75073947500603
N14810,1.3772725000000001,CHARTERWOOD DR AT LAURELWOOD DR,80.8155975591606,99.75126959311028
W70088,1.3750002000000001,BROADWAY AVE AT 14TH ST,80.83048072629856,99.75179883659649
N45940,1.375,RIDGE AVE AT GALVESTON AVE,80.84536389343651,99.75232808000574
N39560,1.3727272727272726,OHIO RIVER BLVD AT BRIGHTON RD,80.86024706057448,99.75285644863249
W13380,1.37045475,MCCOY RD AT #723,80.87513022771246,99.75338394255546
E70443,1.368182,UNIVERSAL RD AT POPLAR RIDGE RD FS,80.89001339485043,99.75391056168719
X70064,1.3659089999999998,COCHRAN RD AT OSAGE RD,80.9048965619884,99.75443630593146
S21320,1.363636275,GREENSPRINGS AVE AT CHURCH ST,80.91977972912635,99.7549611753941
E70338,1.3568182,UNIVERSAL RD OPP THOMPSON RUN RD,80.93466289626431,99.75548342055038
N52130,1.3545455,THOMPSON RUN RD AT ABARD DR,80.9495460634023,99.75600479093467
W04320,1.3545454545454545,CHARTIERS AVE EXT OPP #1536,80.96442923054026,99.75652616130147
W02760,1.3522727,BROADWAY ST AT PINE HOLLOW RD,80.97931239767823,99.75704665687526
E70337,1.3522725,UNIVERSAL RD OPP REITER RD,80.9941955648162,99.75756715237206
E57410,1.350000045,WILDWOOD AVE AT FOOD PARK,81.00907873195415,99.75808677319118
N12885,1.35,CALIFORNIA AVE AT KUNKLE WAY,81.02396189909213,99.75860639399299
E34630,1.3499999700000003,LEECHBURG RD AT COURTNEY DR,81.0388450662301,99.75912601478323
N04380,1.3477272727272724,9TH AVE AT PROSPECT ST,81.05372823336806,99.75964476080253
E10610,1.3431818181818183,BROADWAY BLVD AT QUARRY RD,81.06861140050603,99.76016175725684
N15630,1.34318175,CORBET ST AT E 6TH AVE,81.08349456764398,99.76067875368491
E03200,1.33863639,AIRBRAKE AVE OPP 9TH ST,81.09837773478196,99.76119400058438
E10200,1.33181818181818,BRINTON RD AT MCKELVEY RD,81.11326090191993,99.76170662312623
E70740,1.3318181500000001,OAKDENE ST OPP EVERTON ST,81.1281440690579,99.76221924565581
E04290,1.3227272727272725,ARDMORE BLVD AT LAFAYETTE RD,81.14302723619586,99.76272836906767
W07750,1.3227272499999998,GRAND AVE AT MAPLE LN,81.15791040333383,99.7632374924708
S19200,1.318182,GARDENVILLE RD AT BAPTIST RD,81.1727935704718,99.76374486638764
S70519,1.31818181818182,AGNEW RD AT JOSEPH ST FS,81.18767673760976,99.76425224023451
E32329,1.318181818181818,JAMES ST AT TURTLE CREEK-MONROEVILLE RD,81.20255990474773,99.76475961408138
E70873,1.3181818,GREENSBURG PIKE AT CENTRAL AVE FS,81.2174430718857,99.76526698792125
N33040,1.31818175,MCKNIGHT RD OPP EVERGREEN RD,81.23232623902366,99.76577436174188
N19620,1.315909090909091,FERGUSON RD AT WALLACE RD,81.24720940616163,99.76628086080626
S70494,1.31590909090909,CHURCHVIEW AVE OPP CASTLEVIEW DR,81.2620925732996,99.76678735987063
S38490,1.315909,PENNSYLVANIA AVE AT CONLIN ST,81.27697574043756,99.76729385890002
S19270,1.3136363636363648,GARDENVILLE RD OPP CHARLOTTE DR,81.29185890757553,99.7677994831819
N14335,1.3136363500000001,CENTER AVE OPP YALE AVE,81.3067420747135,99.76830510745854
N15310,1.3113636450000001,COLBY ST AT MT PLEASANT RD,81.32162524185146,99.76880985696125
N08735,1.3113636363636365,BEAVER RD OPP EDGEWORTH LN,81.33650840898943,99.76931460646065
W10530,1.309091045,ISLAND AVE OPP #1470,81.3513915761274,99.76981848122986
E05340,1.3045454545454547,BEATTY RD AT COLLEGE PARK DR,81.36627474326536,99.77032060638176
W70090,1.3045454545454545,CLEVER RD AT PITCHFORK LN,81.38115791040333,99.77082273153366
S70592,1.302272775,BROWNSVILLE RD AT THURNER DR,81.3960410775413,99.77132398192144
E70986,1.2999999999999998,BLAIR ST OPP STREET A,81.41092424467926,99.77182435750835
S70351,1.2977273,PORT PERRY RD AT E PITTSBURGH-MCKEESPORT BLVD F,81.42580741181723,99.77232385832328
X70067,1.295454545,LABELLE ST AT SYCAMORE ST,81.4406905789552,99.77282248434503
E70893,1.2931820450000002,ROBINSON BLVD AT W'BURG-PENN JOINT WATER AUTHOR,81.45557374609317,99.77332023567176
W07790,1.290909075,GRAND AVE AT NEVILLE RD FS,81.47045691323113,99.77381711212257
N37020,1.290909,MT TROY RD AT HOMESTEAD AVE,81.4853400803691,99.77431398854452
E05380,1.28181818181818,BEATTY RD AT HAYMAKER RD,81.50022324750707,99.77480736587148
X70078,1.27954545,WEST LIBERTY AVE OPP BROOKSIDE AVE,81.51510641464503,99.77529986841421
W10940,1.277272725,LADOGA ST AT KATHY DR,81.529989581783,99.77579149617529
E53430,1.277272545,STEVENSON ST AT FIFTH AVE,81.54487274892097,99.77628312386712
W11685,1.275,LINDSAY RD AT GREENVIEW DR FS,81.55975591605895,99.77677387684658
E70455,1.275,UPLAND ST OPP STERRETT ST STEPS NS,81.5746390831969,99.77726462982605
S70413,1.2727275,MIFFLIN ST AT GEORGE ST,81.58952225033487,99.77775450811052
X18590,1.2727273000000001,VANADIUM RD OPP VOLUNTEER FIRE COMPANY,81.60440541747283,99.778244386318
E32327,1.272727272727273,JAMES ST OPP QUEEN DR,81.6192885846108,99.77873426451498
S70629,1.2727272727272725,BOWMAN AVE OPP CHESTNUT AVE,81.63417175174878,99.77922414271197
N21895,1.270454545454545,FREEPORT RD OPP SAXONBURG RD,81.64905491888673,99.77971314612645
S19240,1.2681818181818199,GARDENVILLE RD AT KOEFFLER DR,81.6639380860247,99.78020127475844
S70636,1.265909090909092,COMMONWEALTH AVE AT CLONMEL ST,81.67882125316267,99.78068852860793
S13710,1.265909090909091,CRAWFORD AVE OPP JUNO AVE,81.69370442030063,99.78117578245744
E02925,1.265909045,AIKEN AVE AT BROAD ST,81.70858758743861,99.78166303628926
X04160,1.2636363750000001,CEDAR BLVD AT #1154,81.72347075457658,99.78214941536064
E09590,1.2568181999999999,BRERETON ST AT 28TH ST,81.73835392171453,99.78263317008714
N50630,1.2568181999999999,SPRING GARDEN AVE OPP CONSTANCE ST,81.7532370888525,99.78311692481365
S28190,1.2568181818181818,LEBANON CHURCH RD AT #4512,81.76812025599047,99.78360067953317
W06630,1.2545454545454557,FAIRHAVEN RD AT #59,81.78300342312845,99.78408355947019
E36150,1.252272775,LINCOLN HWY AT FOSTER RD,81.79788659026642,99.78456556464309
X10690,1.2522727272727274,MCFARLAND RD OPP HELEN DR FS,81.81276975740437,99.78504756979761
W12940,1.2454545454545456,MANSFIELD BLVD AT CHARTIERS AVE FS,81.82765292454233,99.78552695060465
W70166,1.2454545454545451,WASHINGTON PIKE AT #1308,81.8425360916803,99.7860063314117
S70036,1.2454545,HORNING RD AT BROUGHTON RD,81.85741925881828,99.78648571220124
S14792,1.240909090909091,DUQUESNE BLVD AT WHITFIELD AVE,81.87230242595625,99.7869633434433
N14452,1.2386365000000001,CHAPIN ST AT COLBY ST,81.88718559309422,99.78744009995535
N50330,1.2386363500000002,SPRING GARDEN AVE AT ARCOLA WAY,81.90206876023217,99.78791685640967
E41040,1.23863635,MULHATTON ST AT BARTLETT ST,81.91695192737014,99.78839361286398
E55330,1.23863635,VERONA BLVD AT RUNNETTE ST,81.93183509450812,99.78887036931829
S70344,1.2363636363636386,BOWMAN AVE AT LIME ST,81.94671826164608,99.78934625099535
X02540,1.2340909090909098,BOWER HILL RD OPP COOKS SCHOOL RD,81.96160142878405,99.78982125788993
X00500,1.23181818181818,BANK ST AT GREGG AVE,81.976484595922,99.790295390002
S38700,1.231818045,PENNSYLVANIA AVE AT VERMONT AVE,81.99136776305997,99.79076952206142
N50340,1.2272727250000002,SPRING GARDEN AVE AT BASIN ST,82.00625093019795,99.79124190460763
S34300,1.220454775,MIFFLIN RD AT #1236,82.02113409733592,99.7917116628956
N71242,1.22045455,CORBET ST AT 4TH AVE,82.03601726447388,99.79218142109694
W23186,1.218182,SWALLOW HILL RD AT HOPE ST,82.05090043161185,99.79265030458403
N27905,1.2181818181818178,INGOMAR RD OPP SARATOGA DR,82.0657835987498,99.79311918800114
E70951,1.2159091,EAST HILLS DR AT CALISTOGA PL FS,82.08066676588778,99.79358719663925
W07340,1.2159090909090902,FOREST GROVE RD AT SPEER DR,82.09554993302575,99.79405520527386
N37120,1.215909,MT TROY RD AT BAUN RD,82.11043310016372,99.79452321387349
S27460,1.2136364000000002,KENNYWOOD BLVD AT #4000,82.12531626730168,99.79499034773961
N13760,1.213636363636365,CENTER AVE AT CHURCH AVE,82.14019943443964,99.79545748159173
S70618,1.21136365,CAMP HOLLOW RD OPP MILLPORT DR,82.15508260157762,99.79592374066661
N71248,1.2113636363636353,PROSPECT ST AT 9TH AVE,82.16996576871558,99.79638999973622
E39200,1.21136362,MIDDLE AVE AT #644,82.18484893585355,99.79685625879956
N28120,1.2090908949999999,IVORY AVE AT EVERGREEN RD,82.19973210299152,99.79732164308126
E15500,1.206818181818182,COREY AVE AT CENTER ST,82.21461527012947,99.7977861525859
S70607,1.2068181500000001,CAMP HOLLOW RD AT BEVERLY DR,82.22949843726745,99.79825066207829
S70642,1.20454545,CONLIN ST AT WORTON BLVD,82.24438160440542,99.79871429679868
W19447,1.2,ORCHARD SPRING RD AT #252,82.25926477154339,99.79917618195584
E70896,1.195454545,BUTLER ST AT BAKER ST FS,82.27414793868135,99.79963631754782
X02150,1.1954544999999999,BOWER HILL RD AT KANE BLVD,82.28903110581932,99.8000964531225
N37320,1.190909,MT TROY RD OPP #2722,82.30391427295729,99.80055483911468
N04320,1.1886364999999999,9TH AVE AT ORMOND ST,82.31879744009525,99.80101235041185
N71280,1.188636363636364,FREEPORT RD OPP #2366,82.33368060723322,99.80146986165653
N39980,1.1886363636363635,OHIO RIVER BLVD AT #4401 (OPP SPRING AVE STEPS),82.34856377437119,99.8019273729012
W11766,1.18636365,LINDSAY RD OPP NIXON SCHOOL,82.36344694150915,99.80238400936864
E59010,1.1863636363636363,WILLIAM PENN HWY OPP CHURCHILL BORO BLDG,82.37833010864712,99.80284064583083
S70328,1.186363636363636,STATE ST AT MILL DR (2),82.39321327578509,99.80329728229302
S70359,1.1863636363636345,BOWMAN AVE AT LIME ST,82.40809644292305,99.8037539187552
W10970,1.18409115,LADOGA ST AT #3218,82.42297961006102,99.80420968052762
W11734,1.1818182,LINDSAY RD AT WYNNECLIFF DR #1,82.43786277719899,99.80466456743183
N28270,1.1795455000000001,IVORY AVE OPP NELSON RUN RD,82.45274594433695,99.80511857956401
E12780,1.17954545,CENTER RD OPP WIMBLEDON DR,82.46762911147492,99.80557259167696
E50450,1.179545275,SALTSBURG RD OPP CRESTVIEW APTS,82.48251227861289,99.80602660372256
E02790,1.17727275,ABER RD AT #8077,82.49739544575085,99.80647974106351
S13934,1.177272727272725,CURRY RD AT HORNING RD,82.51227861288882,99.80693287839571
S70324,1.1750000000000003,STATE ST AT MILL DR,82.52716178002679,99.80738514094543
E50460,1.175,SALTSBURG RD OPP HERSHEY RD,82.54204494716475,99.80783740349514
W07525,1.172727272727275,FOXCROFT RD AT SWALLOW HILL RD,82.55692811430272,99.80828879126236
E03285,1.1727272499999999,ALCOMA BLVD AT SALTSBURG RD,82.57181128144069,99.80874017902083
W17960,1.1681818,NOBLESTOWN RD AT BRENFORD AVE,82.58669444857865,99.80918981721605
S70352,1.1659091,PORT PERRY RD AT E PITTSBURGH-MCKEESPORT BLVD,82.60157761571662,99.80963858063929
W08760,1.1613636363636366,HERBST RD AT VIGNE RD,82.61646078285459,99.81008559449404
S28150,1.1613636200000002,LEBANON CHURCH RD AT #4220,82.63134394999256,99.81053260834247
S70438,1.1590909090909092,CUSTER AVE OPP BICKAR ST,82.64622711713052,99.81097874741472
N19640,1.159090909090909,FERGUSON RD AT WYLAND AVE,82.66111028426849,99.81142488648698
N08730,1.1590909090909076,BEAVER RD OPP CHURCH LN,82.67599345140646,99.81187102555923
E32324,1.1568181818181826,JAMES ST AT SPEELMAN LN,82.69087661854442,99.81231628984898
N05450,1.15454545,AMITY DR AT THOMPSON RUN RD,82.70575978568239,99.8127606793545
S70405,1.1500001,LEWIS RUN RD OPP ANNHURST APTS,82.72064295282036,99.81320331933526
W26300,1.1500000000000004,W PROSPECT AVE AT #221 (STEPS),82.73552611995832,99.81364595927754
W08250,1.1454545454545455,GREENTREE RD OPP ORIOLE DR,82.75040928709629,99.8140868496548
X00490,1.145454545454545,BANK ST AT GREGG AVE,82.76529245423426,99.81452774003209
E52640,1.143182045,STANTON AVE AT DUNCAN ST,82.78017562137222,99.81496775571416
W15940,1.1409090909090904,NOBLE AVE AT E CRAFTON AVE,82.79505878851019,99.81540689652645
W10380,1.138636363636365,ISLAND AVE AT CUTLER ST,82.80994195564816,99.81584516255626
E55450,1.1363638,VERONA RD AT ELLIOTT ST,82.82482512278612,99.81628255386656
E10280,1.1363636363636356,BRINTON RD AT #1246,82.83970828992409,99.81671994511385
E55020,1.1363634999999999,UNIVERSAL RD AT AUSTIN ST,82.85459145706207,99.81715733630867
S70233,1.13409090909091,PROSPECT RD AT CAPAREL TOWNHOUSE,82.86947462420002,99.81759385277348
N71319,1.1318181999999999,CORNELL AVE AT #1719,82.88435779133799,99.81802949446279
E38810,1.1295455,MARK DR AT #7915,82.89924095847596,99.81846426138011
W70151,1.1295454999999999,CORAOPOLIS RD AT #285,82.91412412561392,99.81889902829742
E70237,1.12954545,FIFTH AVE AT HAMILTON AVE,82.9290072927519,99.81933379519549
E59570,1.1272725749999999,WOODSTOCK AVE AT #2695,82.94389045988986,99.81976768725421
S09370,1.125,RIDGEVUE DR AT BROWNSVILLE RD,82.95877362702782,99.82020070458904
S17060,1.125,ELIZA ST AT CORBIN ST,82.97365679416579,99.82063372192388
W13250,1.125,MCCOY RD AT GREENWOOD DR,82.98853996130376,99.8210667392587
S70411,1.1227274999999999,MIFFLIN ST AT GEORGE ST,83.00342312844174,99.82149888189853
W11701,1.1227274999999999,LINDSAY RD AT NIXON SCHOOL,83.0183062955797,99.82193102453834
W17980,1.122727295,NOBLESTOWN RD OPP #2793,83.03318946271766,99.82236316709925
S24285,1.122727272727273,HWY RT 51 OPP BLUE FLAME,83.04807262985562,99.8227953096516
N53645,1.122727045,WESTERN AVE AT ALLEGHENY AVE,83.06295579699359,99.82322745211629
E49595,1.12045455,SALTSBURG RD OPP ASTER ST NS,83.07783896413157,99.82365871988787
E49970,1.12045455,SALTSBURG RD AT REITER RD,83.09272213126954,99.82408998765946
X00580,1.12045455,BANKSVILLE RD AT FAMILY LINKS,83.10760529840749,99.82452125543104
W23101,1.1181818000000001,SUMMIT PARK DR OPP PARK LANE #1,83.12248846554546,99.8249516484114
N43800,1.1181818,PERRYSVILLE AVE AT #3358,83.13737163268343,99.82538204139175
E37330,1.1136365,LONG RD OPP SAYLONG DR,83.1522547998214,99.8258106848666
E07340,1.1113636363636363,BEULAH RD AT LONG RD,83.16713796695937,99.82623845350645
N71332,1.111363636363635,CENTER AVE AT PLUMER AVE,83.18202113409734,99.82666622214632
N15220,1.111363636363635,CHURCH AVE AT WALNUT RD,83.19690430123529,99.82709399078618
X02260,1.1113636,BOWER HILL RD AT PAINTERS RUN RD FS,83.21178746837326,99.82752175941205
N04310,1.10909090909091,9TH AVE AT MORGAN ST,83.22667063551124,99.82794865326942
W17810,1.1090909,NOBLESTOWN RD OPP HARTWELL ST,83.24155380264921,99.82837554712329
S14790,1.106818181818182,DUQUESNE BLVD AT WYLIE AVE,83.25643696978717,99.82880156619815
E48645,1.1045456,ROBINSON BLVD AT EAST GATE ENTRANCE FS,83.27132013692513,99.82922671054652
E10475,1.1045454545454545,BRINTON RD OPP #1584,83.2862033040631,99.82965185483891
E54460,1.10454545,TILBURY AVE OPP WALDRON ST FS,83.30108647120107,99.83007699912955
W70157,1.1045454499999998,CLEVER RD AT REGINA DR FS,83.31596963833904,99.83050214342018
E70352,1.10227275,UNITY TRESTLE RD AT ANDERSON LN,83.33085280547701,99.83092641293881
E40840,1.10227275,MT CARMEL RD AT HIGHLANDVIEW ST,83.34573597261497,99.83135068245744
E70879,1.1022727,GREENSBURG PIKE OPP LLOYD AVE,83.36061913975293,99.83177495195683
N22440,1.100000195,FREEPORT RD OPP #1372,83.37550230689091,99.83219834675927
S70395,1.0977272999999999,LEWIS RUN RD AT NORTH AVE,83.39038547402888,99.83262086671466
N37260,1.095454775,MT TROY RD OPP HIGHLAND AVE (#1287),83.40526864116684,99.83304251196542
S31260,1.0931818500000001,MAIN ST AT EMERSON AVE,83.42015180830481,99.83346328235757
E59730,1.093181795,WOODSTOCK AVE OPP WILKINS AVE,83.43503497544276,99.83388405272856
N12930,1.090909275,CALIFORNIA AVE AT MARVISTA ST,83.44991814258074,99.83430394839684
E70355,1.08636365,UNIVERSAL RD OPP HERSHEY RD,83.46480130971871,99.8347220944345
W07780,1.0818182,GRAND AVE AT NEVILLE RD NS,83.47968447685668,99.83513849090893
S24150,1.081818175,HWY RT 51 AT STEWART AVE,83.49456764399464,99.83555488737375
N28180,1.0818180000000002,IVORY AVE AT PEACHTREE WAY,83.5094508111326,99.8359712837712
N35740,1.0795455,MT ROYAL BLVD AT EADE AVE,83.52433397827058,99.83638680547364
S20460,1.077272727272725,GRANT AVE AT 4TH ST,83.53921714540854,99.83680145237608
E40770,1.077272695,MT CARMEL RD AT ABER RD,83.55410031254651,99.83721609926609
W17640,1.075,NOBLESTOWN RD OPP BARTOW ST,83.56898347968448,99.83762987138604
E30010,1.07272725,HOMEWOOD AVE OPP ROYCREST PL,83.58386664682244,99.83804276871476
S70383,1.0704545454545455,HWY RT 885 AT WALL RD,83.59874981396041,99.83845479126971
X00800,1.070454545,BANKSVILLE RD AT BANKSVILLE AVE,83.61363298109838,99.8388668138245
E57980,1.0681818,WILNER DR AT #2202,83.62851614823634,99.83927796158997
E70977,1.0590908,VERONA RD AT PELONE DR (VERONA ESTATES),83.64339931537431,99.83968561019047
E70075,1.056818195,BROADWAY BLVD AT #1010,83.65828248251228,99.84009238405554
E18025,1.0568181818181814,ELECTRIC AVE AT ELECTRIC AVENUE APARTMENTS,83.67316564965024,99.84049915791553
W70170,1.054545454545456,PINE HOLLOW RD AT #1806,83.68804881678821,99.84090505699302
S25680,1.05454545,IRVINE ST OPP MOBILE ST,83.70293198392618,99.84131095606877
S47260,1.05227275,WALNUT ST AT LINDEN ST,83.71781515106414,99.84171598037253
W08010,1.052272745,GRAND AVE OPP VON STEIN LN,83.73269831820211,99.84212100467434
S17170,1.0522727,ELIZA ST OPP FRANK ST (#3932),83.74758148534008,99.84252602895886
S48470,1.0500000250000001,WEST ST AT HOMESTEAD HEALTH CENTER,83.76246465247804,99.84293017848098
N71336,1.047727272727275,CENTER AVE AT NORTH AVE,83.77734781961601,99.843333453211
E25328,1.0477272499999999,GREENFIELD AVE AT YODER ST,83.79223098675398,99.84373672793227
E70300,1.0431818499999999,BRYN MAWR RD OPP ANDOVER TERR,83.80711415389194,99.84413825310953
E34055,1.0431818,LAKETON RD AT #1746,83.82199732102991,99.84453977826756
N14890,1.03863635,CHATEAU ST AT NORTH AVE,83.83688048816788,99.84493955386235
E29800,1.038636345,HOMEWOOD AVE AT KEDRON ST,83.85176365530585,99.84533932945521
S27450,1.03636365,KENNYWOOD BLVD AT #4000,83.86664682244381,99.84573823027799
N36530,1.03636365,MT ROYAL BLVD OPP GRANDVIEW AVE,83.88152998958178,99.84613713110079
E49680,1.0363635,SALTSBURG RD AT COLONIAL VILLAGE DR,83.89641315671975,99.84653603186584
S70515,1.0340909999999999,AGNEW AVE AT BECKS RUN RD,83.91129632385773,99.84693405793588
W08800,1.034090909090911,HERBST RD OPP GRANT ST,83.92617949099568,99.84733208397091
W14240,1.03409090909091,CORAOPOLIS RD AT DOROTHY ST,83.94106265813365,99.84773011000597
N20640,1.034090909090909,FREEPORT RD AT AUTO PARTS STORE,83.95594582527161,99.84812813604101
N31886,1.0340909,MARSHALL AVE OPP SORREL ST,83.97082899240958,99.84852616207256
S46960,1.031818181818182,WALNUT ST AT 31ST AVE,83.98571215954756,99.84892331332512
S46950,1.031818181818182,WALNUT ST AT 31ST AVE FS,84.00059532668551,99.84932046457767
N71264,1.0295457,FREEPORT RD OPP POWERS RUN RD,84.01547849382348,99.84971674114222
E70817,1.0272727250000002,FORBES RD AT CK STUDIOS DRIVEWAY,84.03036166096145,99.8501121428289
W25940,1.027272715,W CARSON ST AT SAGINAW ST,84.04524482809941,99.85050754451174
S14780,1.0227272727272725,DUQUESNE BLVD AT CAMP AVE,84.0601279952374,99.85090119663433
W14400,1.0204545454545455,CORAOPOLIS RD AT #28,84.07501116237535,99.85129397397439
S14370,1.0204545454545455,DESIDERIO BLVD OPP JEFFERSON DR,84.08989432951331,99.85168675131447
N50750,1.0204544999999998,SPRING GARDEN AVE AT MAUCH ST,84.10477749665128,99.85207952863705
N14910,1.0181818500000002,CHATEAU ST AT SHEFFIELD ST,84.11966066378925,99.85247143120688
X08848,1.01363635,KANE BLVD AT ELM DR,84.13454383092723,99.85286158419422
N71278,1.0136363499999999,SPRING GARDEN AVE AT TELL ST FS,84.1494269980652,99.85325173718157
E70981,1.0113636449999999,BLAIR ST OPP BEEHIVE ST,84.16431016520315,99.85364101539498
W70143,1.011363636363636,HERBST RD AT HERBST MANOR RD,84.17919333234111,99.85403029360509
N36560,1.011363625,MT ROYAL BLVD OPP IOLA AVE,84.19407649947908,99.85441957181081
N50460,1.009090925,SPRING GARDEN RD AT LUKE'S ROAD HOUSE (#3254),84.20895966661706,99.85480797524455
E70853,1.0090909000000001,HAZELWOOD AVE AT GLADSTONE ST,84.22384283375503,99.85519637866867
S46850,1.0045454545454549,WALNUT ST AT 25TH AVE FS,84.23872600089298,99.85558303253129
S46930,1.0,WALNUT ST AT 29TH AVE FS,84.25360916803095,99.8559679368289
N08000,1.0,BEAVER AVE AT BRANCHPORT ST,84.26849233516892,99.85635284112654
N37050,0.9977275,MT TROY RD AT KLEMENTINA DR,84.2833755023069,99.85673687072915
N45290,0.9954545454545456,PRESIDENTIAL DR AT JACKSON,84.29825866944486,99.85712002546178
S35980,0.9954545454545455,BLOSSOM DR AT GARDENVILLE RD,84.31314183658283,99.85750318019443
E53110,0.9909091000000001,STANTON AVE AT #4340,84.32802500372078,99.85788458536557
E51320,0.9886364000000001,SHADY AVE AT DOUGLAS ST,84.34290817085875,99.85826511576472
E16600,0.988636375,DOBSON ST AT HARDING WAY,84.35779133799673,99.85864564615424
N19690,0.9886363636363635,FERGUSON RD OPP SWEENEY RD,84.3726745051347,99.8590261765394
S70505,0.9886363636363635,CUSTER AVE AT EDWARD DR,84.38755767227266,99.85940670692456
E57960,0.98636365,WILNER DR AT ROBINSON BLVD,84.40244083941062,99.85978636253247
E70847,0.9863636499999999,HAZELWOOD AVE OPP EMAHLEA ST,84.41732400654858,99.86016601814039
E32303,0.9863636363636364,JAMES ST AT BUENA VISTA RD,84.43220717368656,99.86054567374303
S70490,0.9863636363636364,CHURCHVIEW AVE OPP REVO RD,84.44709034082453,99.8609253293457
E10270,0.981818181818182,BRINTON RD AT #1245,84.4619735079625,99.86130323538337
E50560,0.979545475,SALTSBURG RD OPP REGENCY DR,84.47685667510046,99.86168026664643
W04610,0.97954545,CLEVER RD AT MONTOUR HIGH SCHOOL,84.49173984223842,99.86205729789985
E70341,0.975,UNIVERSAL RD AT DEERFIELD DR,84.5066230093764,99.86243257959005
N32360,0.975,MCINTYRE RD AT THOMPSON RUN RD FS,84.52150617651436,99.86280786128023
N37250,0.9727275,MT TROY RD AT # 3222,84.53638934365233,99.8631822682754
N14270,0.972727295,CENTER AVE AT YALE AVE,84.5512725107903,99.86355667519166
N20705,0.97045455,FREEPORT RD OPP CLIFTON AVE,84.56615567792825,99.86393020731862
N28210,0.9681818181818177,RODENBAUGH AVE AT IVORY AVE FS,84.58103884506623,99.86430286466131
E55490,0.968181795,VERONA RD OPP GALETON DR,84.5959220122042,99.8646755219951
N50680,0.965909275,SPRING GARDEN AVE OPP REEKES WAY,84.61080517934217,99.86504730462616
E06050,0.9659091000000001,BEECHWOOD BLVD AT #2530,84.62568834648013,99.86541908718986
E20990,0.9659091,FRANKSTOWN RD AT DUFFIELD AVE,84.6405715136181,99.86579086975357
E05297,0.9636363636363636,BEATTY RD OPP BEATTY POINTE VILLAGE,84.65545468075607,99.86616177753127
S23550,0.9636363636363634,HWY RT 51 AT BLUE FLAME,84.67033784789403,99.86653268530898
S28250,0.96136365,LEBANON CHURCH RD AT WILSON ST,84.685221015032,99.86690271830946
E17965,0.9613636363636364,ELECTRIC AVE OPP ELECTRIC AVENUE APARTMENTS,84.70010418216997,99.86727275130468
N71324,0.9613636363636364,CENTER AVE AT NORTH AVE,84.71498734930793,99.8676427842999
E70336,0.9613635,UNIVERSAL RD OPP AUSTIN ST,84.7298705164459,99.86801281724263
E03140,0.9568181950000001,AIRBRAKE AVE OPP 2ND ST,84.74475368358387,99.86838110067794
W07720,0.954545475,GRAND AVE AT IDAHO AVE,84.75963685072183,99.86874850933354
S47320,0.95227275,WALNUT ST AT #4913,84.7745200178598,99.86911504320753
W07300,0.9522727272727269,FOREST GROVE RD AT DIEBOLD RD,84.78940318499777,99.86948157707278
N15515,0.9522727,CONNIE DR AT #110,84.80428635213573,99.86984811092752
E34730,0.9477273,LEECHBURG RD OPP RAILROAD ST,84.8191695192737,99.87021289523827
W23185,0.947727275,SWALLOW HILL RD AT HOPE ST,84.83405268641167,99.87057767953938
W70127,0.94772725,GREENTREE RD AT #2080,84.84893585354963,99.87094246383089
E53020,0.945454545,STANTON AVE OPP JANCEY ST,84.8638190206876,99.87130637334846
W11731,0.943182,LINDSAY RD AT #723,84.87870218782557,99.8716694081537
N10948,0.9431818249999999,BROAD ST AT HILL ST,84.89358535496353,99.8720324428916
S47310,0.9431818181818181,WALNUT ST AT #2906,84.9084685221015,99.87239547762685
S47410,0.9409090909090909,WALNUT ST OPP EDEN PARK BLVD,84.92335168923947,99.87275763757962
N51640,0.9409090449999999,SUNSET AVE OPP NORRIS ST,84.93823485637743,99.87311979751472
N40090,0.9386363636363637,OHIO RIVER BLVD OPP BRIGHTON RD (#7139),84.9531180235154,99.87348108268499
W20430,0.9386363636363635,RIVER AVE AT UNDERPASS,84.96800119065337,99.87384236785526
E40890,0.93636365,MT CARMEL RD AT TIERS ST,84.98288435779133,99.87420277824828
S27705,0.936363636363635,LAUREL DR AT CURRY RD,84.9977675249293,99.87456318863607
W70163,0.931818195,GRAND AVE AT #3000 (HOLDEN CORP),85.01265069206727,99.87492184946393
S70543,0.9295454545454545,CHURCHVIEW AVE AT REVO RD,85.02753385920523,99.87527963550423
S18010,0.929545425,PROVOST RD AT WEYMAN RD,85.0424170263432,99.87563742153314
X06940,0.9295452750000001,GRANDVIEW AVE AT LABELLE ST,85.05730019348117,99.87599520750432
N21855,0.925,FREEPORT RD AT #2238,85.07218336061914,99.87635124397963
W03750,0.925,CHARTIERS AVE AT #1241 (OPP VFW),85.0870665277571,99.87670728045492
E32299,0.9227272999999999,JAMES ST AT #530,85.10194969489507,99.87706244215823
N39060,0.920454545,THE BLOCK NORTHWAY DR OPP DAVE AND BUSTERS,85.11683286203305,99.87741672906839
N21490,0.9181818,FREEPORT RD AT CLIFTON AVE,85.131716029171,99.87777014118919
N36980,0.9181818,MT TROY RD AT GEYER RD,85.14659919630897,99.87812355331002
S70379,0.915909090909091,STATE ST AT SHAW AVE,85.16148236344694,99.87847609065535
E50730,0.9159090000000001,SALTSBURG RD AT TILFORD RD,85.1763655305849,99.87882862796569
X04330,0.9136363500000001,CEDAR BLVD OPP #1289,85.19124869772287,99.87918029052327
E40100,0.909090909090909,MONROEVILLE BLVD OPP BOSSES DR,85.20613186486085,99.8795302035211
N49441,0.9090909,SEWICKLEY BRIDGE RAMP OPP KRAMER WAY,85.2210150319988,99.87988011651545
X04250,0.9068182,CEDAR BLVD OPP LINDENDALE DR,85.23589819913677,99.8802291547378
X20240,0.90681815,WEST LIBERTY AVE AT #2666,85.25078136627474,99.88057819294089
W11767,0.9045454500000001,LINDSAY RD OPP #834,85.26566453341272,99.880926356372
W07240,0.9000000000000002,PINE HOLLOW RD AT MCCOY RD,85.28054770055068,99.88127277023986
E40350,0.895454525,MONTIER ST AT #1438,85.29543086768864,99.88161743453486
E02931,0.8909090000000001,AIKEN AVE AT ROSETTA ST,85.3103140348266,99.88196034923776
N10375,0.89090885,BRIGHTON RD OPP GIANT EAGLE LOT,85.32519720196457,99.88230326388292
E34320,0.8886364,LARIMER AVE AT ORPHAN ST,85.34008036910254,99.8826453038523
X04165,0.8886363500000001,CEDAR BLVD AT BEADLING RD,85.35496353624052,99.88298734380244
W14370,0.8863636363636362,CORAOPOLIS RD AT PORTER HOLLOW RD,85.36984670337849,99.88332850897534
W09795,0.884090925,HWY RT 51 AT VALLEY AMBULANCE,85.38472987051644,99.88366879937188
N71237,0.8818182,10TH AVE AT GARFIELD ST,85.3996130376544,99.88400821498678
N15640,0.8818182,CORBET ST AT 6TH AVE,85.41449620479239,99.88434763060168
N21360,0.8818181818181821,FREEPORT RD AT LENGEL AVE,85.42937937193035,99.88468704620959
N53760,0.8818181500000001,WESTERN AVE AT BRIGHTON RD FS,85.44426253906832,99.88502646180524
E17750,0.8772727499999999,EDGEWOOD TOWNE CENTRE AT TOWNE CENTRE OFFICES,85.45914570620627,99.8853641278569
N19700,0.877272727272727,FERGUSON RD AT LAMMERTON DR,85.47402887334424,99.88570179389981
E70842,0.8750000000000001,HAZELWOOD AVE OPP GLADSTONE ST,85.4889120404822,99.88603858516024
X10260,0.875,MAIN ST AT #1737,85.50379520762019,99.88637537642066
S70493,0.8727272727272727,CHURCHVIEW AVE OPP JOHN ROMANUS DR,85.51867837475815,99.8867112928986
S50262,0.8704545454545456,WORTHINGTON AVE AT 13TH ST,85.5335615418961,99.88704633459403
E12280,0.8681818250000001,BUTLER ST AT #5770 (CAR WASH),85.54844470903407,99.8873805015096
N40910,0.8681818181818199,PEEBLES RD AT DUNCAN AVE FS,85.56332787617205,99.88771466842255
W11671,0.8681818,LINDSAY RD AT #834,85.57821104331002,99.88804883532849
S34060,0.865909275,MIFFLIN RD OPP #1236,85.59309421044799,99.88838212752978
X03990,0.8659091,CEDAR BLVD AT CARNEGIE DR,85.60797737758595,99.88871541966373
S47620,0.8636363499999999,WARRINGTON AVE AT MONTOOTH ST,85.6228605447239,99.88904783700643
E32328,0.8613636363636366,JAMES ST OPP JAMES ST EXT,85.63774371186187,99.88937937957189
N71241,0.8613636363636366,PROSPECT ST OPP ROUP AVE,85.65262687899985,99.88971092213733
S70574,0.8613636363636366,HORNING RD OPP #5621,85.66751004613782,99.89004246470279
E38790,0.8590909,MARK DR AT #7865,85.68239321327579,99.89037313248225
N21310,0.856818181818182,FREEPORT RD AT IDAHO AVE,85.69727638041374,99.89070292548271
S70606,0.854545445,CAMP HOLLOW RD AT SKYPORT DR,85.71215954755172,99.89103184369702
E05270,0.8545453999999999,BEACON ST OPP #5414,85.72704271468969,99.89136076189399
X02340,0.852272727272727,BOWER HILL RD AT #737,85.74192588182765,99.89168880532947
E70076,0.84772725,BROADWAY BLVD OPP #1010,85.75680904896562,99.89201509919121
W23193,0.84545455,SWALLOW HILL RD AT SWALLOW HILL PL,85.77169221610359,99.89234051828095
S70385,0.8454545454545452,HWY RT 885 AT #1118,85.78657538324154,99.89266593736895
N18180,0.8431818499999999,EAST ST AT SUFFOLK ST,85.80145855037952,99.8929904816867
X70063,0.843181825,COCHRAN RD AT PARKER DR,85.81634171751749,99.89331502599482
W21730,0.8431818,STEUBEN ST AT #1260,85.83122488465546,99.89363957029333
E70948,0.840909075,MT CARMEL RD OPP MASON RD,85.84610805179342,99.89396323981022
E49560,0.83636365,SALTSBURG RD AT ALCOMA DR,85.86099121893139,99.89428515977347
E70995,0.8363636,WYLIE AVE AT FULLERTON ST,85.87587438606936,99.8946070797175
E39060,0.8340909000000001,MIDDLE AVE AT 2ND ST,85.89075755320732,99.89492812488953
N16060,0.831818181818182,DIVISION ST AT MARIE AVE,85.90564072034529,99.89524829528254
S23810,0.83181817,HWY RT 51 AT HILLVIEW ST FS,85.92052388748326,99.89556846567102
E70342,0.82954545,UNIVERSAL RD OPP DEERFIELD DR,85.93540705462122,99.89588776127981
E47580,0.8250000000000002,PITCAIRN-TRAFFORD RD OPP CLARK ST,85.95029022175919,99.89620530732536
N50410,0.822727295,SPRING GARDEN AVE AT OLD HONESTY ST,85.96517338889716,99.89652197859698
W22580,0.82272725,STEUBENVILLE PIKE AT WEST HILLS PLAZA,85.98005655603512,99.89683864985128
N50700,0.818181825,SPRING GARDEN RD AT #3253,85.99493972317309,99.89715357155194
E30035,0.8181818,HULTON RD AT HULTON ESTATES,86.00982289031106,99.897468493243
N71271,0.8159091,ALPHA DR OPP PRINT TECH DRVWY,86.02470605744902,99.89778254016205
N08500,0.8159090909090908,BEAVER ST AT OSBORNE LN,86.03958922458699,99.89809658707763
W04200,0.8136363636363635,CHARTIERS AVE EXT AT #1536,86.05447239172496,99.89840975921071
E51550,0.81363635,SHADY AVE OPP HIGHMONT RD,86.06935555886292,99.89872293133853
N37090,0.81136365,MT TROY RD OPP #2840,86.08423872600089,99.89903522869434
E08210,0.809090925,BLVD OF ALLIES AT JUMONVILLE ST,86.09912189313886,99.89934665126854
E06230,0.80681815,BEECHWOOD BLVD OPP FOREST GLEN RD,86.11400506027682,99.8996571990419
N21000,0.8022727272727275,FREEPORT RD AT DAVIS ST,86.12888822741479,99.89996599726248
N28280,0.8022727272727269,IVORY AVE OPP RODENBAUGH AVE FS,86.14377139455276,99.90027479548309
W11721,0.79772725,LINDSAY RD AT #443,86.15865456169072,99.90058184412995
S70588,0.79545457,HWY RT 51 OPP STEWART AVE,86.17353772882869,99.90088801801251
W70142,0.7954545454545454,STEUBEN ST AT WINLOCK AVE,86.18842089596666,99.90119419188562
X18575,0.7931819999999999,VANADIUM RD AT GREEN COMMONS DR FS,86.20330406310462,99.90149949104622
E15460,0.7931818181818184,COREY AVE AT 5TH ST,86.21818723024259,99.90180479013684
N37060,0.7931817999999999,MT TROY RD AT LONSDALE ST,86.23307039738056,99.90211008922046
E45060,0.7909090999999999,PATTON ST BRIDGE AT MIDDLE AVE,86.24795356451853,99.90241451353208
S70567,0.7909090999999999,BROADWAY AVE AT RED LOT NS (CROSSWALK),86.26283673165649,99.9027189378437
N47130,0.7909090909090907,SAMPLE RD AT EASTVIEW DR #1,86.27771989879446,99.90302336215183
S17690,0.7886363636363636,EVANS ST AT HOSPITAL DR,86.29260306593243,99.90332691167745
N71239,0.78636365,10TH AVE AT ORMOND ST,86.30748623307039,99.90362958642584
S70615,0.78636365,LEBANON SCHOOL RD AT CAMP HOLLOW RD,86.32236940020836,99.90393226117422
N18320,0.7863636,EAST ST OPP SUFFOLK ST NS,86.33725256734634,99.90423493590336
N15230,0.784090909090909,CHURCH AVE AT WALNUT RD,86.35213573448429,99.90453673586399
X04150,0.7840909,CEDAR BLVD AT #1163,86.36701890162226,99.90483853582114
S33730,0.7840908950000001,MELLON ST OPP VERMONT AVE,86.38190206876023,99.90514033577635
N36970,0.7840908950000001,MT TROY RD OPP GEYER RD,86.3967852358982,99.90544213573158
N28570,0.78181815,JACKS RUN RD OPP YORK DR,86.41166840303617,99.90574306089746
E34330,0.7818181499999999,LARIMER AVE OPP ORPHAN ST,86.42655157017413,99.90604398606337
N37140,0.7795455,MT TROY RD AT #2652,86.4414347373121,99.90634403647651
E52730,0.7795454500000001,STANTON AVE AT KEYSTONE ST,86.45631790445006,99.90664408687041
N29320,0.7772727500000001,LAURELWOOD DR AT FENWICK DR,86.47120107158803,99.90694326249232
W13330,0.775,MCCOY RD AT #1044,86.48608423872601,99.90724156332298
S12760,0.7727272999999999,COCHRAN MILLS RD AT #985,86.50096740586397,99.90753898938164
N19590,0.7727272727272727,FERGUSON RD AT POST RD,86.51585057300193,99.90783641542981
X06770,0.77272725,GILKESON RD AT WASHINGTON RD FS,86.5307337401399,99.90813384146924
W07980,0.765909045,GRAND AVE OPP NEVILLE METALS,86.54561690727786,99.90842864315225
E06180,0.7613636500000001,BEECHWOOD BLVD AT #3986,86.56050007441584,99.9087216952932
W13470,0.7613636363636366,MCCOY RD OPP GREENWOOD DR,86.57538324155381,99.90901474742888
N37270,0.7590908999999999,MT TROY RD OPP HOMESTEAD AVE,86.59026640869176,99.90930692477859
W03705,0.7590908949999999,CHARTIERS AVE AT #1338,86.60514957582973,99.90959910212636
N45387,0.7568182,RAMAGE RD OPP CHERRYWOOD DR,86.6200327429677,99.90989040470406
N45640,0.7568181818181821,REMINGTON DR OPP BALMORAL DR #1,86.63491591010568,99.91018170727477
N19545,0.7545454545454546,FERGUSON RD AT LINWOOD DR #2,86.64979907724364,99.91047213506297
E70984,0.75454545,HAZELWOOD AVE AT LYTLE ST,86.66468224438161,99.91076256284944
N07290,0.7522727272727275,BABCOCK BLVD OPP WINCHESTER DR,86.67956541151956,99.91105211585514
E58020,0.750000025,WILTSIE ST AT #6903,86.69444857865753,99.91134079408799
W09797,0.75,HWY RT 51 OPP VALLEY AMBULANCE,86.70933174579551,99.91162947231122
N37220,0.74545455,MT TROY RD AT ST MARY CEMETERY ENTRANCE,86.72421491293348,99.9119164009712
E05390,0.7454545454545454,BEATTY RD AT OLD WM PENN HWY,86.73909808007144,99.91220332962942
X08853,0.743181825,KANE BLVD OPP OUR LADY OF GRACE CHURCH,86.7539812472094,99.91248938350779
S19220,0.7431818181818199,GARDENVILLE RD AT CROSS ST,86.76886441434736,99.91277543738353
E70260,0.7431818,MT CARMEL RD AT VERONA RD FS,86.78374758148534,99.91306149125226
E12350,0.7409091200000001,BUTLER ST OPP #6002,86.79863074862331,99.9133466703567
N36100,0.7363636499999999,MT ROYAL BLVD AT ROYAL COURT DR,86.81351391576128,99.91363009989021
E70950,0.73409092,CHASKE ST AT #8038,86.82839708289923,99.91391265464019
X02530,0.7340909,BOWER HILL RD OPP CLEMSON DR,86.8432802500372,99.91419520938243
N18335,0.7340909,E 5TH AVE AT ROSS ST,86.85816341717518,99.91447776412468
N52150,0.7318182,THOMPSON RUN RD AT BERKLEY MEADOWS CT,86.87304658431314,99.91475944409494
W08610,0.7295454545454545,HERBST RD AT FOREST GROVE RD,86.88792975145111,99.91504024927572
W08740,0.7295454545454545,HERBST RD AT MARY ST,86.90281291858908,99.9153210544565
N50470,0.72954545,SPRING GARDEN AVE AT #1036,86.91769608572703,99.91560185963552
E06160,0.727272725,BEECHWOOD BLVD AT #3911,86.93257925286501,99.91588179003291
E30125,0.7272727,HULTON RD AT HULTON ARBORS,86.94746242000298,99.91616172042069
W70125,0.7250000000000001,GREENTREE RD AT VIRGINIA MANOR SC DRIVEWAY,86.96234558714094,99.91644077603648
E50570,0.725,SALTSBURG RD OPP REITER RD,86.97722875427891,99.91671983165226
E03010,0.725,AIRBRAKE AVE AT 9TH ST,86.99211192141686,99.91699888726804
W08049,0.7204545454545456,GREENTREE RD AT GREENRIDGE LN,87.00699508855485,99.91727619331883
S46860,0.7204545454545455,WALNUT ST AT 25TH AVE,87.02187825569281,99.91755349936963
N25380,0.7204545450000001,HAZELTON ST OPP SEABRIGHT ST,87.03676142283078,99.91783080542024
E49565,0.7181818,SALTSBURG RD AT ALCOMA GOLF CLUB,87.05164458996875,99.91810723668154
N45384,0.71363635,RAMAGE RD AT CHERRYWOOD DR FS,87.06652775710671,99.9183819183796
N36340,0.71136365,MT ROYAL BLVD AT VILSACK RD,87.08141092424468,99.91865572530565
N71258,0.71136365,JACKS RUN RD AT YORK DR,87.09629409138265,99.91892953223173
N15110,0.7113636363636362,CHURCH AVE AT DICKSON AVE,87.11117725852061,99.91920333915255
X04060,0.709090925,CEDAR BLVD AT LINDENDALE DR,87.12606042565858,99.91947627129699
E50380,0.7068182000000001,SALTSBURG RD OPP COLONIAL VILLAGE DR,87.14094359279655,99.91974832865981
W23192,0.7068182000000001,SWALLOW HILL RD AT SWALLOW HILL CT,87.15582675993451,99.92002038602263
S33120,0.7068181818181819,MCCLEARY ST OPP IDAHO ST,87.17070992707248,99.92029244337846
E39960,0.7068181818181817,MONROEVILLE BLVD AT JAMISON LN,87.18559309421045,99.92056450073427
E38180,0.70454545,MAIN ST AT #2636,87.20047626134841,99.92083568330585
E14350,0.7,CHURCHILL RD AT HOLLAND RD,87.21535942848638,99.9211051163142
S70430,0.7,GREEN LOT AT BROADWAY AVE,87.23024259562435,99.92137454932254
W70111,0.7,MCCOY RD AT ISLAND AVE,87.24512576276231,99.92164398233088
S70403,0.699999995,LEWIS RUN RD AT HWY 51 FS,87.26000892990028,99.92191341533729
S25140,0.697727275,HWY RT 885 OPP GORDONS LN,87.27489209703825,99.92218197356402
S34330,0.69545455,MIFFLIN RD OPP LEBANON RD FS,87.28977526417621,99.92244965700911
E26450,0.69545455,HAMILTON AVE AT EAST LIBERTY BLVD,87.30465843131418,99.92271734045421
W21680,0.6954545454545452,STEUBEN ST OPP CUMBERLAND ST,87.31954159845215,99.92298502389757
E50020,0.695454545,SALTSBURG RD AT CHANTICLEER DR,87.33442476559011,99.92325270734075
E03270,0.6954545449999999,AIRBRAKE AVE AT 10TH ST,87.34930793272808,99.92352039078392
S43665,0.6954545,ZUPANCIC DR OPP #6516,87.36419109986605,99.92378807420977
N50620,0.6931818000000001,SPRING GARDEN AVE OPP BOROUGH ST,87.37907426700401,99.92405488286363
N45840,0.6931818,RIALTO ST AT TOURS ST,87.393957434142,99.92432169151748
N50350,0.6909090999999999,SPRING GARDEN AVE AT BOROUGH ST,87.40884060127995,99.92458762539934
S33110,0.6909090909090909,MCCLEARY ST OPP FORD ST,87.42372376841791,99.92485355927771
N36955,0.690909,MT TROY RD AT FORNOF LN,87.43860693555588,99.92511949312107
E12570,0.6886365,CENTER RD AT FOUR SEASONS APTS,87.45349010269385,99.92538455226942
S14670,0.6886363999999999,DRYCOVE ST AT CONNISTON AVE,87.46837326983183,99.9256496113793
E51450,0.688636375,SHADY AVE AT #1810,87.48325643696978,99.92591467047954
E26060,0.688636345,GROVE RD AT WESTMINSTER DR,87.49813960410775,99.92617972956823
W70048,0.6863636363636365,CHARTIERS VALLEY SC AT CINEMA FRONT,87.51302277124572,99.92644391388161
E15200,0.6863636363636365,CONNECTING RD AT HAYMAKER RD,87.52790593838368,99.92670809819498
N08760,0.684090909090909,BEAVER ST OPP LEET ST,87.54278910552166,99.92697140772584
E53080,0.6840909,STANTON AVE OPP MORNINGSIDE AVE,87.55767227265962,99.92723471725323
W19449,0.675,ORCHARD SPRING RD AT #29,87.57255543979758,99.92749452765412
W17360,0.6727273,NOBLESTOWN RD AT ST PAUL'S SEMINARY,87.58743860693555,99.92775346328303
W22520,0.672727275,STEUBENVILLE PIKE AT SUNSET DR,87.60232177407352,99.92801239890231
X06740,0.67272725,GILKESON RD AT #223,87.6172049412115,99.92827133451196
W08586,0.668181818181818,HERBST RD AT BOSTIAN DR,87.63208810834946,99.92852852056538
S25098,0.665909125,HWY RT 885 AT GORDONS LN,87.64697127548742,99.92878483184943
E41365,0.6636363750000001,MURRAY AVE AT SOLWAY ST,87.66185444262538,99.92904026834222
N52305,0.66363635,THOMPSON RUN RD OPP BARNWOOD LN,87.67673760976335,99.92929570482538
N36440,0.66136365,MT ROYAL BLVD OPP BRAUN ST,87.69162077690133,99.92955026653657
N71238,0.66136365,10TH AVE AT SUMMIT ST,87.7065039440393,99.92980482824775
W22830,0.66136365,STEUBENVILLE PIKE OPP PALOMINO DR,87.72138711117725,99.93005938995893
X08860,0.6590909250000001,KANE BLVD AT OUR LADY OF GRACE CHURCH,87.73627027831522,99.9303130768885
E12860,0.6568182,CENTER RD OPP FOUR SEASONS APTS,87.75115344545318,99.93056588903643
X08846,0.6545454749999999,KANE BLVD AT DAVIS ST,87.76603661259117,99.93081782640274
W19446,0.6545454500000001,ORCHARD SPRING RD AT #137,87.78091977972913,99.93106976375944
S23670,0.6522727272727269,HWY RT 51 AT ELLIOTT RD FS,87.7958029468671,99.9313208263354
S70617,0.65,CAMP HOLLOW RD OPP BEVERLY DR,87.81068611400505,99.93157101412885
E49695,0.6499999999999999,SALTSBURG RD AT CRESTVIEW APTS,87.82556928114302,99.9318212019223
W08083,0.6477272727272725,GREENTREE RD AT ORIOLE DR,87.840452448281,99.93207051493327
W20672,0.64772725,SILVER LANE AT DIANA DR FS,87.85533561541897,99.93231982793549
E55190,0.64772725,UNIVERSAL RD OPP POPLAR RIDGE RD,87.87021878255693,99.93256914093772
E10740,0.6454545454545454,BROADWAY BLVD OPP VALLEY RD NS,87.88510194969489,99.93281757916618
N53640,0.6409091,WESTERN AVE AT GALVESTON AVE,87.89998511683285,99.93306426783316
E56390,0.6409091,WASHINGTON BLVD AT #965,87.91486828397083,99.93331095650014
N25520,0.640909075,HENDERSON ST OPP JAY ST,87.9297514511088,99.9335576451575
E37030,0.6340909090909093,LINDEN AVE OPP BESSEMER AVE FS,87.94463461824677,99.93380170947349
N14870,0.6340909,CHATEAU ST AT ADAMS ST,87.95951778538473,99.934045773786
N37160,0.6318182,MT TROY RD AT #2768,87.97440095252269,99.9342889633265
S40020,0.62954545,PROVOST RD AT WHITEHALL CIR,87.98928411966067,99.93453127807575
S13990,0.625,CURRY RD AT #5415,88.00416728679863,99.93477184326177
N41250,0.6249999999999998,PEEBLES RD AT #8077,88.0190504539366,99.93501240844779
E41400,0.62272725,MURRAY AVE AT WILKINS AVE FS,88.03393362107457,99.93525209884257
S47420,0.618181825,WALNUT ST OPP GRANT ST,88.04881678821252,99.93549003968373
X10265,0.618181825,MAIN ST OPP #1737,88.0636999553505,99.93572798052489
E70760,0.6159091000000001,BUTLER ST AT JANCEY ST (STEPS),88.07858312248847,99.93596504658441
E70448,0.6113636499999999,SALTSBURG RD OPP ALCOMA GOLF CLUB,88.09346628962643,99.93620036308072
W70149,0.6113636363636366,CORAOPOLIS RD AT HERBST RD,88.1083494567644,99.93643567957177
N51060,0.6113636363636366,SPRINGFIELD DR AT PEEBLES RD,88.12323262390235,99.93667099606282
N52295,0.6068182,THOMPSON RUN RD AT VILSACK RD,88.13811579104033,99.93690456299588
W25070,0.6045454545454545,WASHINGTON PIKE AT STEEN RD,88.1529989581783,99.93713725513945
N53750,0.6045454450000001,WESTERN AVE AT GALVESTON AVE,88.16788212531627,99.93736994727934
E70894,0.6022727000000001,ROBINSON BLVD OPP W'BURG-PENN JOINT WATER AUTHOR,88.18276529245423,99.93760176462992
W04650,0.6,CLEVER RD OPP MONTOUR HIGH SCHOOL,88.1976484595922,99.93783270720849
S70526,0.6,EDWARD DR AT CUSTER AVE,88.21253162673017,99.93806364978707
S70457,0.6,OLD ELIZABETH RD AT LEBANON SCHOOL RD,88.22741479386814,99.93829459236565
N54540,0.5977273000000001,WILSON AVE OPP KENWOOD AVE,88.2422979610061,99.93852466017222
E05295,0.5977272727272728,BEATTY RD AT BEATTY POINTE VILLAGE FS,88.25718112814407,99.93875472796829
E12100,0.59772725,BUTLER ST AT #6012,88.27206429528204,99.93898479575563
W13390,0.5977272499999999,MCCOY RD AT #724,88.28694746242,99.93921486354296
S09340,0.59545455,BROWNSVILLE RD AT #311 (BAUSMAN NS),88.30183062955797,99.93944405655829
N19520,0.5954545454545455,FERGUSON RD AT FOXCROFT LN,88.31671379669594,99.93967324957188
S17100,0.59318185,ELIZA ST AT FRANK ST,88.3315969638339,99.93990156781523
W26290,0.5909090909090905,W PROSPECT AVE AT #210,88.34648013097187,99.94012901126382
E70874,0.59090909,GREENSBURG PIKE AT LLOYD AVE,88.36136329810984,99.94035645471207
S17980,0.5886364,PROVOST RD AT ARCATA ST,88.3762464652478,99.94058302339218
E55350,0.586363645,VERONA BLVD AT #7281,88.39112963238577,99.94080871727911
E32307,0.5863636363636365,JAMES ST OPP BUENA VISTA RD,88.40601279952374,99.94103441116272
W70153,0.5863636249999999,CORAOPOLIS RD AT #338,88.4208959666617,99.94126010504196
N32855,0.5840909,MCKNIGHT RD AT PITTSBURGH REVIVAL CENTER,88.43577913379967,99.94148492413957
N04630,0.5840909,ALLEGHENY AVE AT SHEFFIELD ST,88.45066230093764,99.9417097432372
W20740,0.5818182000000001,SILVER LANE AT FALCK RD FS,88.4655454680756,99.94193368756281
S09320,0.5818182,BROWNSVILLE RD OPP AUDBERT DR,88.48042863521357,99.94215763188843
S70622,0.5818181818181816,HWY RT 885 AT #1620,88.49531180235154,99.94238157620705
N71274,0.5795454750000001,ALPHA DR AT PRINT TECH DRVWY,88.5101949694895,99.94260464575105
S24350,0.5795454545454545,HWY RT 51 OPP ELLIOTT RD,88.52507813662747,99.94282771528718
N37150,0.57727275,MT TROY RD AT #2722,88.53996130376544,99.94304991004955
E38100,0.57727275,MAIN ST AT REITER RD,88.5548444709034,99.94327210481192
N37130,0.57727275,MT TROY RD AT #2637,88.56972763804137,99.94349429957431
E70179,0.577272725,EAST LIBERTY DIV DRVWY AT EMPLOYEE PARKING LOT,88.58461080517934,99.94371649432708
N40830,0.5772727,PARKER ST OPP HILL ST,88.5994939723173,99.9439386890702
X19720,0.5727272727272728,WASHINGTON RD AT FIDELITY INVESTMENTS,88.61437713945527,99.94415913425884
W11704,0.57045455,LINDSAY RD OPP PEACHTREE RD,88.62926030659324,99.94437870466673
W70145,0.5704545454545455,CORAOPOLIS RD OPP HERBST RD,88.6441434737312,99.94459827507289
S27540,0.568181825,KENNYWOOD MALL DR AT HOFFMAN BLVD,88.65902664086917,99.94481697069915
E41050,0.568181825,MULHATTON ST AT BEACON ST FS,88.67390980800714,99.94503566632544
N15650,0.5681818249999999,CORBET ST AT 8TH AVE,88.68879297514512,99.94525436195171
N06930,0.568181818181818,BABCOCK BLVD AT WINCHESTER DR,88.70367614228307,99.94547305757536
W01830,0.5681818181818179,BERRY ST AT CENTER ST,88.71855930942104,99.945691753199
E30275,0.5659091,JACKS RUN RD AT MCKEE RD,88.733442476559,99.94590957404365
E40815,0.565909095,MT CARMEL RD AT CHADWICK ST,88.74832564369697,99.94612739488639
W12620,0.565909090909091,MAIN ST OPP JANE ST,88.76320881083495,99.94634521572755
W12350,0.5659090909090907,MAIN ST AT JANE ST,88.7780919779729,99.94656303656872
E70026,0.563636375,ALLEGHENY AVE AT ANN ST NS,88.79297514511087,99.94677998263175
S46900,0.5636363636363637,WALNUT ST OPP 27TH AVE,88.80785831224884,99.94699692869041
S40070,0.56363635,PROVOST RD OPP WEYMAN RD,88.8227414793868,99.94721387474382
N47170,0.5613636363636365,SAMPLE RD AT RINGEISEN RD,88.83762464652479,99.94742994602
S70235,0.561363625,DELWAR DR AT RITTER ENGINEERING,88.85250781366274,99.94764601729179
X00640,0.559090925,BANKSVILLE RD AT GOLDSTROM AVE,88.8673909808007,99.94786121379158
S22190,0.559090895,ZUPANCIC DR AT SPRINGVALE DR,88.88227414793867,99.94807641027982
S08160,0.5568182,BROWNSVILLE RD AT AUDBERT DR,88.89715731507664,99.94829073199801
W19444,0.5568181999999999,ORCHARD SPRING RD AT ROSELEAF RD #1,88.91204048221462,99.94850505371619
S70314,0.5545454545454545,HWY RT 885 AT COAL VALLEY RD,88.92692364935259,99.94871850064489
W14280,0.5545454545454545,CORAOPOLIS RD AT HWY RT 51,88.94180681649054,99.94893194757356
X19500,0.55227275,WASHINGTON RD OPP FLORENCE PL,88.95668998362851,99.94914451972849
E50390,0.552272725,SALTSBURG RD OPP CRESTVIEW DR,88.97157315076647,99.94935709187381
E26490,0.5522727249999999,HAMILTON AVE OPP ENTERPRISE ST,88.98645631790446,99.94956966401914
E55135,0.550000025,UNIVERSAL RD AT STOTLER RD,89.00133948504242,99.94978136139244
E12430,0.55,CALMAR DR AT #220,89.01622265218037,99.94999305875614
E46570,0.549999975,PENN AVE AT WEBER ST,89.03110581931834,99.95020475611021
S22275,0.547727272727273,HOFFMAN BLVD AT CLONMEL ST,89.04598898645631,99.9504155786914
E05460,0.5477272727272727,BEATTY RD OPP BRUNNER DR,89.06087215359429,99.95062640127261
W11707,0.54772725,LINDSAY RD AT PEACHTREE RD FS,89.07575532073226,99.95083722384506
W13655,0.5454545454545454,MCKEES ROCKS RD OPP HECKEL RD,89.09063848787022,99.95104717164376
N52240,0.5409091,THOMPSON RUN RD AT MILLER RD,89.10552165500818,99.95125536988098
S70402,0.5409091,LEWIS RUN RD AT HWY 51 NS,89.12040482214614,99.95146356811819
S70388,0.540909090909091,HWY RT 885 AT COAL VALLEY RD FS,89.13528798928412,99.95167176635192
E70349,0.538636345,LEECHBURG RD AT RAILROAD ST FS,89.15017115642209,99.95187908979597
E37320,0.5318181750000001,LONG RD AT SAYLONG DR,89.16505432356006,99.95208378889708
W07640,0.5295454749999999,GRAND AVE AT COTTAGE AVE,89.17993749069801,99.9522876132262
W20860,0.52954545,SILVER LANE OPP DIANA DR,89.19482065783598,99.95249143754569
E36410,0.52954545,LINCOLN HWY OPP CLYDE AVE,89.20970382497396,99.95269526186519
E30320,0.5272727500000001,HWY RT 286 AT DUANE DR,89.22458699211192,99.95289821141269
S46870,0.527272727272727,WALNUT ST AT 26TH AVE FS,89.23947015924989,99.95310116095143
N71267,0.525,IVORY AVE AT SCHERLING ST,89.25435332638786,99.9533032357077
W19455,0.525,ORCHARD SPRING RD OPP ROSELEAF RD,89.26923649352581,99.95350531046394
E21780,0.5249999949999999,FRANKSTOWN RD OPP VANCE ST,89.28411966066379,99.95370738521827
N71343,0.5227272749999999,CHATEAU ST AT HOFFMAN ST FS,89.29900282780176,99.9539085851929
W19441,0.52272725,ORCHARD SPRING RD AT ROSELEAF RD #2,89.31388599493972,99.95410978515793
N50440,0.52045455,SPRING GARDEN AVE AT REEKES WAY,89.32876916207769,99.95431011035093
S70354,0.51818182,EAST PITTSBURGH-MCKEESPORT BLV AT #625,89.34365232921564,99.9545095607604
N15528,0.5181818,CONNIE DR OPP #110,89.35853549635362,99.95470901116217
N27990,0.5181818,ISLAND AVE AT BEAVER AVE,89.37341866349159,99.95490846156395
N53650,0.5181818,WESTERN AVE AT ALLEGHENY AVE FS,89.38830183062956,99.95510791196571
S21350,0.5181818,GREENSPRINGS AVE AT CYPRESS ST,89.40318499776753,99.95530736236748
E40360,0.5159091,MONTIER ST AT #1449,89.41806816490549,99.95550593799727
W70016,0.515909075,CLEVER RD OPP FIELD CLUB DR,89.43295133204346,99.95570451361742
W11730,0.5113636500000001,LINDSAY RD AT SWALLOW HILL RD FS,89.44783449918143,99.95590133968396
N36990,0.5113636500000001,MT TROY RD AT HIGHLAND AVE,89.46271766631939,99.95609816575049
W11755,0.5113636500000001,LINDSAY RD OPP CLAIREVIEW DR,89.47760083345736,99.95629499181703
E06950,0.5113636450000001,BENTLEY DR AT KIRKPATRICK ST,89.49248400059533,99.95649181788164
E41320,0.511363625,MURRAY AVE AT NORTHUMBERLAND ST,89.50736716773329,99.95668864393855
S21330,0.5090909,GREENSPRINGS AVE AT CHURCH ST FS,89.52225033487126,99.95688459521386
W25860,0.506818195,W CARSON ST AT GLENMAWR AVE,89.53713350200923,99.95707967171522
S30210,0.5068181818181821,GARDENVILLE RD OPP BLOSSOM DR,89.55201666914719,99.95727474821152
S70386,0.506818181818182,HWY RT 885 OPP WRAY DR,89.56689983628516,99.9574698247078
N50650,0.504545475,SPRING GARDEN AVE OPP OLD HONESTY ST,89.58178300342313,99.95766402642948
W11665,0.50227275,LINDSAY RD AT CLAIREVIEW DR,89.5966661705611,99.95785735336953
W22225,0.5,STEUBENVILLE PIKE AT FIRESIDE INN,89.61154933769906,99.95804980551834
S40662,0.5,ZUPANCIC DR AT QUAKER DR,89.62643250483703,99.95824225766717
N14647,0.5,N CHARLES ST OPP #2568,89.641315671975,99.95843470981598
N45510,0.5,REMINGTON DR AT BALMORAL DR #2,89.65619883911296,99.95862716196478
S47250,0.49772725,WALNUT ST AT LARCH ST,89.67108200625093,99.95881873932237
E70441,0.49772724999999995,UNIVERSAL RD AT POPLAR RIDGE RD,89.6859651733889,99.95901031667994
E70254,0.497727245,WOOD ST OPP TIOGA ST,89.70084834052686,99.95920189403559
E34353,0.49545455,LARIMER AVE AT MAYFLOWER ST,89.71573150766483,99.95939259662117
N41060,0.49545454545454565,PEEBLES RD OPP PARKWAY RD,89.7306146748028,99.959583299205
E08740,0.48863635,BRADDOCK AVE AT DELMAR WAY,89.74549784194076,99.95977137743608
N52365,0.48636365000000004,THOMPSON RUN RD OPP WOODBRIDGE DR,89.76038100907873,99.95995858089518
N08290,0.4863636363636362,BEAVER ST AT MAIN ST FS,89.7752641762167,99.96014578434902
E70827,0.484090909090909,FOREST AVE AT 7TH ST,89.79014734335466,99.96033211302037
N14540,0.484090895,N CHARLES ST AT HAZELTON ST,89.80503051049263,99.9605184416863
E36180,0.484090895,LINCOLN HWY AT CLYDE AVE,89.81991367763061,99.96070477035224
W04678,0.47954545454545455,CLIFF MINE RD AT ENLOW RD,89.83479684476856,99.9608893494586
N35930,0.47727274500000005,MT ROYAL BLVD AT IOLA AVE,89.84968001190653,99.96107305378929
N25475,0.4772727272727275,HEMLOCK DR AT SAMPLE RD,89.8645631790445,99.96125675811317
E25560,0.47727272727272724,GREENSBURG PIKE AT HILDA AVE,89.87944634618246,99.96144046243703
X04130,0.475,CEDAR BLVD AT #1046 FS,89.89432951332044,99.9616232919784
E53440,0.470454545,STEVENSON ST AT FORBES AVE,89.9092126804584,99.9618043719546
X06122,0.46818181818181803,FT COUCH RD AT MEDICAL ARTS BLDG,89.92409584759636,99.96198457714848
N52160,0.4681818,THOMPSON RUN RD AT CHERRINGTON DR,89.93897901473433,99.96216478233538
W19945,0.465909090909091,PITCHFORK LN AT FIDDLEBACK DR,89.9538621818723,99.96234411274678
W70162,0.46590909090909094,PINE HOLLOW RD AT KENMAWR PLAZA DRVWY,89.96874534901028,99.96252344315818
S70462,0.463636375,LEBANON SCHOOL RD OPP OLD ELIZABETH RD,89.98362851614824,99.96270189879145
S46920,0.46363636363636374,WALNUT ST AT 28TH AVE,89.9985116832862,99.96288035442035
E55304,0.45681819500000004,HIGHLAND DR AT JOB CORP DR FS,90.01339485042416,99.96305618570683
N71326,0.456818181818182,CENTER AVE AT MILLER AVE,90.02827801756213,99.96323201698824
S70358,0.45681817500000005,EAST PITTSBURGH-MCKEESPORT BLV AT FAIRMONT ST,90.04316118470011,99.96340784826705
E30126,0.4545455,HULTON RD OPP HULTON ARBORS,90.05804435183808,99.96358280478346
E70430,0.4545455,HULTON RD OPP PENNSYLVANIA AVE,90.07292751897603,99.96375776129987
W19452,0.45454545,ORCHARD SPRING RD AT #453,90.087810686114,99.96393271779705
N41700,0.4522727272727275,PENN ST AT ROUP AVE,90.10269385325196,99.96410679951346
E70982,0.452272725,BLAIR ST AT BEEHIVE ST,90.11757702038994,99.96428088122902
S70192,0.45227269999999997,HOFFMAN BLVD OPP CLONMEL ST NS,90.13246018752791,99.96445496293495
E04635,0.45,AURELIUS ST AT MCCLURE AVE,90.14734335466586,99.96462816986889
E40240,0.447727275,MONROEVILLE-TRESTLE RD OPP BOYCE PARK ENTRANCE,90.16222652180383,99.9648005020212
X20230,0.445454545,WEST LIBERTY AVE AT #2665,90.1771096889418,99.96497195938996
N36950,0.44090910000000005,MT TROY RD OPP FORNOF LN,90.19199285607978,99.96514166719741
S70134,0.44090910000000005,CONLIN ST OPP CAROLINA AVE,90.20687602321775,99.96531137500487
S70448,0.4409090909090909,DUQUESNE BLVD OPP WYLIE AVE,90.22175919035571,99.96548108280882
N19675,0.4386363636363637,FERGUSON RD OPP LINWOOD DR #1,90.23664235749366,99.96564991583028
N45490,0.43863634500000004,REGULUS ST AT COLBY ST,90.25152552463163,99.96581874884457
S19210,0.4363636363636365,GARDENVILLE RD AT BAPTIST RD FS,90.26640869176961,99.96598670708353
N45340,0.431818181818182,PRESIDENTIAL DR AT MADISON (LEASE OFFICE),90.28129185890758,99.9661529157575
N52290,0.42954545,THOMPSON RUN RD AT SUTTER RD,90.29617502604555,99.96631824964724
N14295,0.42954545,CORNELL AVE AT SPRUCE VALLEY DR,90.3110581931835,99.96648358353697
X06720,0.42954545,GILKESON RD AT #187,90.32594136032147,99.96664891742671
W22670,0.42727275,STEUBENVILLE PIKE AT PAUL LN,90.34082452745945,99.96681337654444
S35600,0.427272745,ARLINGTON AVE AT WILLIAM ST FS,90.35570769459741,99.96697783566026
S46890,0.427272727272727,WALNUT ST AT 27TH AVE FS,90.37059086173538,99.96714229476925
E70830,0.425000025,FORBES RD OPP CK STUDIOS DRIVEWAY,90.38547402887335,99.96730587910535
E41390,0.425,MURRAY AVE AT WILKINS AVE,90.4003571960113,99.96746946343184
E36270,0.42045455,LINCOLN HWY OPP JACOB ST,90.41524036314928,99.96763129819509
N22405,0.4204545454545455,FREEPORT RD AT HARRISON AVE FS,90.43012353028725,99.96779313295659
E58480,0.420454545,WM PENN HWY AT HAWTHORNE DR,90.44500669742521,99.96795496771792
E70348,0.420454545,LEECHBURG RD AT CALDWELL AVE,90.45988986456318,99.96811680247924
N71249,0.4159090909090908,FREEPORT RD AT HORNER ST,90.47477303170113,99.96827688767577
S17670,0.41590909090909073,EVANS ST AT BALDWIN ST,90.48965619883911,99.96843697287228
E70048,0.41136365,JOHNSTON AVE OPP NAOMI DR,90.50453936597708,99.96859530850905
S70630,0.4113636363636365,BOWMAN AVE AT #2314,90.51942253311505,99.96875364414059
S13965,0.4113636363636365,CURRY RD OPP OLYMPIC RD,90.53430570025301,99.96891197977212
S70540,0.41136363636363626,CHURCHVIEW AVE AT JOHN ROMANUS DR FS,90.54918886739098,99.96907031540364
X19470,0.40909090000000004,WASHINGTON RD AT SHADY DR,90.56407203452895,99.96922777624917
S70633,0.40454545454545454,COMMONWEALTH AVE AT CLONMEL ST,90.57895520166691,99.96938348753321
E57970,0.40454545,WILNER DR AT ROBINSON BLVD FS,90.59383836880488,99.96953919881551
N71181,0.4,FOX CHAPEL RD AT N MARGERY DR,90.60872153594285,99.96969316053456
S48710,0.39772730000000006,WHITAKER ST OPP ELM ST FS,90.62360470308082,99.96984624748161
E55340,0.39772725,VERONA BLVD AT #7278,90.63848787021878,99.96999933440942
E70978,0.39545454999999996,VERONA RD OPP PELONE DR (VERONA ESTATES),90.65337103735675,99.97015154656522
S21590,0.3909091,GREENSPRINGS AVE OPP HIGH ST,90.66825420449472,99.97030200915779
S70319,0.3886363636363635,HWY RT 885 AT SUNSET DR,90.68313737163268,99.97045159696438
S35020,0.38863634500000005,8TH AVE AT HILLTOP ST,90.69802053877065,99.97060118476378
N37240,0.3818182,MT TROY RD OPP ALFRED ST,90.71290370590862,99.97074814822987
N20620,0.3795454545454545,FREEPORT RD AT ARGONNE DR,90.72778687304658,99.97089423690647
W70015,0.377272725,CLEVER RD AT FIELD CLUB DR,90.74267004018455,99.9710394507997
W13520,0.3750000000000002,MCCOY RD OPP WARBLER DR,90.75755320732252,99.97118378991131
S46980,0.375,WALNUT ST AT 33RD AVE FS,90.77243637446048,99.97132812902292
N15250,0.375,CHURCH AVE OPP VICTORIA AVE,90.78731954159845,99.97147246813452
N19610,0.375,FERGUSON RD AT SWEENEY RD,90.80220270873642,99.97161680724614
E06940,0.375,BENTLEY DR AT KIRKPATRICK ST FS,90.81708587587438,99.97176114635775
E70821,0.3681818181818183,7TH ST AT FOREST AVE,90.83196904301235,99.97190286112188
N35890,0.3681818,MT ROYAL BLVD AT HARTLE RD,90.84685221015032,99.97204457587901
N71236,0.36590910000000004,CORBET ST AT 10TH AVE NS (FREEPORT),90.86173537728828,99.97218541586413
S28220,0.365909095,LEBANON CHURCH RD AT VINDALE DR FS,90.87661854442625,99.97232625584735
S70106,0.36590909090909074,WORTHINGTON AVE AT INTERCHANGE LOUNGE (#1560),90.89150171156422,99.97246709582897
E59710,0.3636364,WOODSTOCK AVE AT VERNON AVE (BUSWAY),90.90638487870218,99.97260706104211
E10140,0.36363635000000005,WOLFE AVE AT GENERAL BRADDOCK DR FS,90.92126804584015,99.972747026236
S48589,0.36363635,WEYMAN RD OPP FOXWOOD MANOR APTS,90.93615121297812,99.97288699142989
N28290,0.363636345,IVORY AVE OPP VALLEY VIEW ST,90.95103438011608,99.97302695662185
N71309,0.361363645,SEAVEY RD OPP ELBE DR NS,90.96591754725405,99.97316604704181
W19917,0.3590909090909093,PINE HOLLOW RD AT #1625 (MICKEY'S PLACE),90.98080071439202,99.97330426267597
S20495,0.35909090909090924,GRANT AVE AT 6TH ST,90.99568388152998,99.97344247831012
E56360,0.3590909,WASHINGTON BLVD AT HIGHLAND DR,91.01056704866795,99.97358069394076
N45382,0.3590909,RAMAGE RD AT CHARLEMMA DR,91.02545021580593,99.9737189095714
S47130,0.35454547500000005,WALNUT ST AT CENTER ST FS,91.04033338294388,99.97385537564844
X08849,0.354545475,KANE BLVD OPP ELM DR,91.05521655008185,99.97399184172548
S17710,0.3545454545454545,EVANS ST AT COLFAX ST,91.07009971721982,99.97412830779464
E10650,0.35,BROADWAY BLVD AT VALLEY RD,91.08498288435779,99.97426302429882
E43000,0.35,OBERLIN ST AT OAKDENE ST FS,91.09986605149575,99.97439774080298
E40190,0.347727275,MONROEVILLE-TRESTLE RD AT FOUR SEASONS,91.11474921863373,99.97453158252553
W25400,0.34545454545454557,WASHINGTON PIKE OPP STEEN RD,91.12963238577169,99.9746645494647
X00470,0.3454545454545455,BANK ST AT ELM ST,91.14451555290965,99.9747975164039
W70152,0.34318182,CORAOPOLIS RD AT #333,91.15939872004762,99.97492960856128
S13400,0.34318180000000004,CONLIN ST AT PENNSYLVANIA AVE,91.1742818871856,99.97506170071098
E25457,0.34318180000000004,GREENSBURG PIKE AT BOWLING ALLEY,91.18916505432357,99.97519379286067
E70829,0.340909090909091,FORBES RD AT MEADOW ST,91.20404822146152,99.97532501023485
E30185,0.340909075,HULTON RD AT RIVERVIEW HIGH SCHOOL,91.21893138859949,99.97545622760292
E55250,0.340909075,UPLAND ST AT #7310,91.23381455573745,99.97558744497098
S27880,0.338636375,LEBANON CHURCH RD AT CURRY HOLLOW RD,91.24869772287542,99.97571778756705
E39940,0.33863636363636346,MONROEVILLE BLVD AT BOSSES DR,91.2635808900134,99.97584813015875
W19445,0.33863635000000003,ORCHARD SPRING RD AT #120,91.27846405715137,99.9759784727452
N21635,0.33636363636363653,FREEPORT RD AT PADDOCK RESTAURANT,91.29334722428932,99.9761079405544
N28540,0.3340909,JACKS RUN RD OPP CONNIE DR,91.30823039142729,99.9762365335776
E36435,0.334090895,LINCOLN HWY OPP ISAAC ST,91.32311355856527,99.97636512659889
W23000,0.3318182,STEUBENVILLE PIKE AT #4460,91.33799672570323,99.9764928448501
N20560,0.3295454545454545,FREEPORT RD AT ALABAMA AVE,91.3528798928412,99.97661968831183
W22400,0.32954545,STEUBENVILLE PIKE AT OLD STEUBENVILLE PIKE,91.36776305997915,99.97674653177178
N05480,0.32727275,AMITY DR OPP CARRIAGE HILL RD,91.38264622711712,99.97687250045976
S40030,0.32727274500000003,PROVOST RD AT WHITEHALL COUNTRY CLUB,91.39752939425509,99.97699846914581
W07665,0.325000025,GRAND AVE AT TRIAD METALS,91.41241256139307,99.97712356305216
S70384,0.325,HWY RT 885 OPP SUNSET DR,91.42729572853104,99.97724865694889
N41160,0.32272727272727275,PEEBLES RD OPP BINGAY DR,91.44217889566899,99.97737287606313
N21110,0.3227272727272725,FREEPORT RD AT FAIRMONT AVE,91.45706206280695,99.97749709517736
S70409,0.32272724999999997,CYPRESS ST AT MIFFLIN ST,91.47194522994494,99.97762131428286
N13955,0.32045454500000004,CORNELL AVE AT OAKRIDGE RD,91.4868283970829,99.97774465861441
N26854,0.3181818,HULTON RD OPP THE FAIRWAYS,91.50171156422087,99.97786712815665
S22990,0.3181818,HOMEVILLE RD AT CASTLE DR #2,91.51659473135884,99.9779895976989
E47500,0.3159090909090909,PITCAIRN-TRAFFORD RD AT CLARK ST,91.53147789849679,99.97811119246565
E41080,0.315909075,MURRAY AVE AT AYLESBORO AVE,91.54636106563476,99.97823278722628
N21590,0.313636375,FREEPORT RD AT OLD FREEPORT RD,91.56124423277274,99.9783535072149
E30440,0.3136363636363635,HWY RT 286 AT #1610,91.5761273999107,99.97847422719916
S70019,0.31363635,WALNUT ST AT WAMPLER ST,91.59101056704867,99.97859494717817
W70035,0.31363635,PTI DR AT MCKEE RD,91.60589373418662,99.97871566715718
S47220,0.31136365,WALNUT ST AT JUNIPER ST,91.6207769013246,99.97883551236418
N41620,0.3113636363636365,PENN ST AT ATLANTIC AVE,91.63566006846257,99.97895535756595
S35520,0.311363625,ARLINGTON AVE OPP #1047 FS,91.65054323560054,99.97907520276334
S34965,0.309090925,8TH AVE OPP HILLTOP ST,91.6654264027385,99.97919417318872
S70516,0.3090909,AGNEW AVE AT BECKS RUN RD FS,91.68030956987647,99.9793131436045
N33230,0.3090909,MEADVILLE ST OPP #1603,91.69519273701442,99.97943211402026
S22980,0.306818195,HOMEVILLE RD AT CASTLE DR #1,91.7100759041524,99.97955020966212
E70262,0.304545475,MT CARMEL RD AT DOLLMAN RD,91.72495907129037,99.97966743052426
E51290,0.304545445,SHADY AVE AT BEACON ST,91.73984223842834,99.97978465137486
N50480,0.30227275,SPRING GARDEN AVE AT #1043,91.7547254055663,99.97990099745539
N05470,0.30227275,AMITY DR OPP BLAZE DR,91.76960857270427,99.98001734353592
N04650,0.30000000000000004,ALLEGHENY AVE OPP SHEFFIELD ST,91.78449173984224,99.98013281482521
W08660,0.30000000000000004,HERBST RD AT ROSE AVE FS,91.7993749069802,99.98024828611449
N04640,0.29772730000000003,ALLEGHENY AVE AT NORTH AVE,91.81425807411817,99.98036288263178
S70415,0.297727275,CYPRESS ST AT MIFFLIN ST FS,91.82914124125614,99.98047747913945
E30276,0.29772727499999996,JACKS RUN RD AT MCKEESPORT SPORTSMEN'S ASSOC,91.8440244083941,99.98059207564712
E10040,0.29772727499999996,BRINTON RD AT ARDMORE BLVD,91.85890757553207,99.98070667215478
S50252,0.29545454545454547,WORTHINGTON AVE OPP 13TH ST,91.87379074267004,99.98082039387907
S47230,0.295454545,WALNUT ST AT JUNIPER ST,91.888673909808,99.9809341156032
N45383,0.29090910000000003,RAMAGE RD AT CHARLEMMA DR,91.90355707694597,99.98104608776602
N19530,0.290909090909091,FERGUSON RD AT GUYTON RD,91.91844024408394,99.98115805992533
E12730,0.290909090909091,CENTER RD AT RUTH DR FS,91.9333234112219,99.98127003208465
S50270,0.28863636363636375,WORTHINGTON AVE OPP 11TH ST,91.94820657835987,99.98138112946147
E41310,0.288636345,MURRAY AVE AT NORTHUMBERLAND ST,91.96308974549784,99.98149222683111
N47140,0.2863636363636365,SAMPLE RD AT EASTVIEW DR #2,91.9779729126358,99.98160244942544
N08580,0.284090909090909,BEAVER ST AT #1446,91.99285607977377,99.98171179723727
X18577,0.28409090000000004,VANADIUM RD AT VANADIUM WOODS VILLAGE NS,92.00773924691174,99.98182114504559
E36310,0.279545445,LINCOLN HWY AT MCKEE RD,92.0226224140497,99.98192874328875
N05490,0.275,AMITY DR OPP LINGAY DR,92.03750558118767,99.98203459197059
N47230,0.27272727272727276,SAMPLE RD OPP NORTHGATE DR,92.05238874832564,99.98213956586996
E70444,0.27272725,UNIVERSAL RD OPP #150,92.0672719154636,99.98224453976056
E52420,0.270454545,SOUTH AVE AT MILL ST,92.08215508260157,99.98234863887726
N35650,0.26818182,MT ROYAL BLVD AT BRAUN ST,92.09703824973954,99.9824518632123
W11733,0.2659091,LINDSAY RD AT SWALLOW HILL RD,92.11192141687751,99.98255421276768
N71312,0.2659091,BROAD ST AT ST JAMES CHURCH,92.12680458401547,99.98265656232304
S46990,0.265909090909091,WALNUT ST AT 34TH AVE,92.14168775115344,99.98275891187491
E08741,0.26590909,BRADDOCK AVE OPP DELMAR WAY,92.15657091829141,99.98286126142644
E25339,0.265909075,GREENFIELD AVE AT HAYWORTH ST,92.17145408542937,99.98296361097219
S47350,0.2636363636363638,WALNUT ST OPP 35TH AVE,92.18633725256734,99.98306508574156
S11285,0.2636363636363635,CURRY RD AT OLYMPIC RD,92.20122041970531,99.98316656051094
S20497,0.2613636363636365,GRANT AVE AT 6TH ST,92.21610358684327,99.98326716049782
N21660,0.26136363636363646,FREEPORT RD AT PENNSYLVANIA AVE,92.23098675398124,99.98336776048468
N37195,0.2590909,MT TROY RD AT #2840,92.24586992111922,99.98346748568558
N70178,0.256818195,FOX CHAPEL RD OPP S MARGERY DR,92.26075308825718,99.98356633611255
S40090,0.25454545,PROVOST RD OPP WHITEHALL CIR,92.27563625539514,99.98366431175019
N29350,0.25227275,LAURELWOOD DR AT #126,92.29051942253311,99.98376141261583
N45600,0.2522727272727275,REMINGTON DR AT REGENCY DR,92.30540258967108,99.98385851347274
S48557,0.25,WEYMAN RD AT FOXWOOD MANOR APTS,92.32028575680906,99.98395473954714
N45570,0.25,REMINGTON DR AT HAZLETT RD,92.33516892394701,99.98405096562153
N36920,0.25,MT TROY RD AT ALFRED ST,92.35005209108498,99.98414719169595
E25363,0.24772727500000002,GREENFIELD AVE OPP HAYWORTH ST,92.36493525822294,99.98424254298874
E30270,0.247727275,JACKS RUN RD AT BIROS TRAILER PARK,92.37981842536091,99.98433789428154
E70968,0.247727275,JAMES ST AT #1445,92.39470159249889,99.98443324557432
N21640,0.24772727272727274,FREEPORT RD AT PAINTER AVE,92.40958475963686,99.98452859686624
W04795,0.24772727272727274,CLIFF MINE RD OPP ENLOW RD,92.42446792677481,99.98462394815816
S70497,0.24772727272727274,CHURCHVIEW AVE AT ANDRADE ST FS,92.43935109391278,99.98471929945008
N41240,0.24772727272727274,PEEBLES RD OPP LOCUST ST,92.45423426105074,99.984814650742
N21345,0.24772727272727274,FREEPORT RD AT JEFFERSON AVE FS,92.46911742818872,99.98491000203391
S70571,0.24545454500000002,WORTON BLVD AT HOMESTEAD DUQUESNE RD FS,92.48400059532669,99.98500447854315
S70345,0.245454545,EAST PITTSBURGH-MCKEESPORT BLV OPP FAIRMONT ST,92.49888376246464,99.9850989550524
N71247,0.24318182,CORBET ST AT 8TH AVE,92.51376692960261,99.98519255678
W18340,0.24318182,NOBLESTOWN RD OPP ST PAUL'S SEMINARY,92.52865009674058,99.98528615850763
N06875,0.2431818,BABCOCK BLVD AT THOMPSON RUN RD,92.54353326387856,99.98537976022756
N06530,0.2431818,BABCOCK BLVD AT HOFFMAN BLVD,92.55841643101652,99.98547336194748
S70394,0.240909075,LEWIS RUN RD AT HWY 885 FS,92.57329959815449,99.98556608888579
E05470,0.23863636363636376,BEATTY RD OPP COLLEGE PARK DR,92.58818276529244,99.98565794104772
N20800,0.23863636363636348,FREEPORT RD AT BURTNER RD,92.60306593243041,99.98574979320966
W13310,0.23863636363636348,MCCOY RD AT NEVILLE AVE FS,92.61794909956839,99.9858416453716
S70018,0.23863635,WALNUT ST OPP WAMPLER ST,92.63283226670636,99.98593349752828
S47240,0.23863635,WALNUT ST AT LARCH ST FS,92.64771543384433,99.98602534968497
E70757,0.23863635,BUTLER ST OPP JANCEY ST (STEPS),92.66259860098228,99.98611720184165
E70263,0.23863635,MT CARMEL RD AT VERONA RD,92.67748176812024,99.98620905399834
W20670,0.23636365,CLEVER RD AT SILVER LN FS,92.69236493525823,99.98630003138302
E70947,0.23636363636363628,WM PENN HWY AT #2295,92.70724810239619,99.98639100876247
N07070,0.23409090909090902,BABCOCK BLVD OPP FAIRFIELD RD,92.72213126953416,99.98648111135941
N21460,0.23409090909090902,FREEPORT RD AT MILE LOCK LN,92.73701443667213,99.98657121395637
E70065,0.23409089500000002,WILDWOOD AVE AT #444,92.75189760381008,99.98666131654788
S47340,0.231818195,WALNUT ST AT WORTHINGTON ST,92.76678077094806,99.98675054436741
E70324,0.231818195,COAL HOLLOW RD OPP OLD COAL HOLLOW RD #2,92.78166393808603,99.98683977218693
N47120,0.2272727272727275,SAMPLE RD AT COLLINGTON SQ,92.796547105224,99.98692725043638
X70079,0.22727272499999998,BOWER HILL RD AT UNIVERSAL CYCLOPS,92.81143027236196,99.98701472868497
N20650,0.225,FREEPORT RD AT BONNIEVIEW DR FS,92.82631343949991,99.98710133215194
W25150,0.22499999999999998,WASHINGTON PIKE AT WINSTEIN ST,92.8411966066379,99.9871879356189
E55140,0.222727275,UNIVERSAL RD OPP STOTLER RD,92.85607977377586,99.98727366430425
W11715,0.22272727499999997,LINDSAY RD OPP #443,92.87096294091383,99.98735939298959
N50760,0.22272727499999997,SPRING GARDEN AVE OPP #2200,92.8858461080518,99.98744512167494
N70105,0.22045454545454546,FREEPORT RD AT OAK MANOR DR,92.90072927518975,99.98752997557692
E40860,0.220454545,MT CARMEL RD AT PERSHING ST,92.91561244232773,99.98761482947872
S47200,0.220454545,WALNUT ST AT GRANT ST,92.9304956094657,99.98769968338051
N36390,0.220454545,MT ROYAL BLVD AT WOODLAND AVE,92.94537877660366,99.98778453728231
S47000,0.218181818181818,WALNUT ST AT 35TH AVE,92.96026194374163,99.98786851640179
N71194,0.21818181818181798,HEMLOCK DR OPP NORTH PARK POOL (PARK AND RIDE,92.9751451108796,99.98795249552127
E54880,0.21590910000000002,UNITY TRESTLE RD AT LEECHBURG RD,92.99002827801756,99.98803559986175
W03800,0.2159091,CHARTIERS AVE AT UNIVERSAL ST,93.00491144515553,99.98811870420224
N50360,0.2159091,SPRING GARDEN AVE AT MONETA ST,93.0197946122935,99.98820180854273
N15340,0.21590907500000003,COLBY ST OPP REGULUS ST,93.03467777943146,99.98828491287358
S35610,0.215909075,ARLINGTON AVE OPP WILLIAM ST NS,93.04956094656943,99.98836801720444
N04260,0.2136363636363635,9TH AVE AT HORNER ST,93.0644441137074,99.98845024675893
E51180,0.213636345,SCHOYER AVE AT TONETTE ST,93.07932728084536,99.98853247630625
N50690,0.21136365000000001,SPRING GARDEN AVE OPP REPPEL WAY,93.09421044798333,99.98861383108351
X04310,0.21136365000000001,CEDAR BLVD OPP #1046,93.1090936151213,99.98869518586075
E05300,0.21136363636363648,BEATTY RD AT BRUNNER DR,93.12397678225926,99.98877654063276
N41180,0.21136363636363645,PEEBLES RD AT PEEBLES SCHOOL DRVWY,93.13885994939723,99.98885789540475
X15710,0.21136363636363625,SARAH ST AT WINFIELD ST,93.1537431165352,99.98893925017676
E53030,0.20909092499999998,STANTON AVE OPP KEYSTONE ST,93.16862628367316,99.98901973017237
E70758,0.20909090000000002,BUTLER ST OPP LIVONIA ST,93.18350945081113,99.98910021015838
N14720,0.20454545000000002,N CHARLES ST OPP IZORA ST,93.1983926179491,99.98917894058114
N32350,0.20454545,MCINTYRE RD AT THOMPSON RUN RD,93.21327578508706,99.98925767100391
N70175,0.2,DELAFIELD RD AT FOX CHAPEL RD,93.22815895222503,99.98933465186343
N37010,0.2,MT TROY RD AT HOFFMAN RD,93.243042119363,99.98941163272296
E57380,0.19772727499999998,WILDWOOD AVE OPP VERONA ST,93.25792528650096,99.98948773880086
E54855,0.19772727499999998,UNITY TRESTLE RD AT #1049,93.27280845363893,99.98956384487877
W70139,0.19772727499999998,SUMMIT PARK DR AT HOME DEPOT SERVICE DR,93.2876916207769,99.98963995095667
N31100,0.19772727499999998,LOCUST PL AT CENTENNIAL AVE,93.30257478791488,99.98971605703457
E29361,0.19545454999999998,HILLCREST ST OPP FANNELL ST,93.31745795505283,99.98979128833086
N71289,0.1954545454545455,FREEPORT RD AT ALTERMOOR DR,93.3323411221908,99.98986651962541
N21470,0.19545454545454544,FREEPORT RD AT MONTANA AVE,93.34722428932876,99.98994175091994
E12840,0.19545454545454544,CENTER RD OPP COTTAGE LN,93.36210745646673,99.99001698221448
E12920,0.19545454545454544,CENTER RD OPP RUTH DR,93.37699062360471,99.99009221350902
N08630,0.19545454545454544,BEAVER RD AT SHIELDS LN,93.39187379074266,99.99016744480357
W22610,0.19545454499999998,STEUBENVILLE PIKE AT E WINDHAVEN RD FS,93.40675695788063,99.99024267609794
E26540,0.19545454499999998,HAMILTON AVE AT JULIUS ST,93.4216401250186,99.9903179073923
E70339,0.19545454499999998,UNIVERSAL RD AT HERSHEY RD FS,93.43652329215656,99.99039313868666
E03080,0.19318182,AIRBRAKE AVE OPP 10TH ST,93.45140645929455,99.99046749519938
N15925,0.19318181818181798,CUMBERLAND RD OPP FOX HUNT DR,93.4662896264325,99.99054185171144
N52200,0.1909091,THOMPSON RUN RD AT HODIL RD,93.48117279357047,99.99061533344448
X00440,0.190909090909091,BANK ST AT CHESTNUT ST,93.49605596070843,99.99068881517402
N12120,0.188636375,BRULE ST AT MAGNET ST,93.5109391278464,99.99076142212544
N40990,0.1886363636363635,PEEBLES RD AT KNOLL ST,93.52582229498438,99.9908340290725
N50450,0.18863635,SPRING GARDEN AVE AT REPPEL WAY,93.54070546212235,99.99090663601432
E09580,0.188636345,BRERETON ST OPP 28TH ST FS,93.5555886292603,99.9909792429542
E29950,0.18636364500000002,HOMEWOOD AVE AT ROYCREST PL,93.57047179639827,99.99105097512209
N41000,0.1863636363636365,PEEBLES RD AT LOCUST ST,93.58535496353623,99.99112270728664
N25465,0.184090909090909,HEMLOCK DR OPP LAUREL OAK DR,93.60023813067421,99.9911935646687
E12670,0.184090909090909,CENTER RD OPP MCKENZIE DR,93.61512129781218,99.99126442205076
E58040,0.1840909,WILTSIE ST OPP #6903,93.63000446495013,99.99133527942932
X00720,0.1818182,BANKSVILLE RD AT #3030,93.6448876320881,99.9914052620359
X00630,0.175,BANKSVILLE RD AT JIFFY LUBE,93.65977079922607,99.99147262028798
N04240,0.175,9TH AVE OPP GRANT ST,93.67465396636405,99.99153997854006
N52590,0.175,TROY HILL RD AT N CATHOLIC HIGH SCHOOL,93.68953713350201,99.99160733679214
E12890,0.175,CENTER RD OPP HELMAR DR FS,93.70442030063998,99.99167469504422
S70162,0.172727275,BOSTON BRIDGE TERMINAL,93.71930346777793,99.99174117851469
E54860,0.17272727499999999,UNITY TRESTLE RD AT COLLEGE AVE,93.7341866349159,99.99180766198515
S23880,0.17272727272727276,HWY RT 51 AT JEFFERSON VETERINARY CLINIC,93.74906980205388,99.99187414545474
N70171,0.17272727272727273,PENN ST AT BROADVIEW BLVD,93.76395296919185,99.99194062892434
S70322,0.17045454545454547,RAVENSBURG BLVD AT CLAIRTON MUNICIPAL COMPLEX,93.77883613632982,99.99200623761142
N22830,0.17045454545454547,FREEPORT RD OPP WORKS ENTRANCE #3,93.79371930346777,99.99207184629851
N08845,0.17045454545454544,BEAVER RD OPP SHIELDS LN,93.80860247060573,99.99213745498561
E30300,0.17045454545454544,HWY RT 286 AT DAY CHEVROLET,93.82348563774372,99.99220306367269
N70002,0.170454545,SPRING GARDEN AVE AT #1435 WALTMIRE PHARMACY,93.83836880488168,99.99226867235961
E70391,0.170454545,UNITY TRESTLE RD OPP FRANCIS RD,93.85325197201965,99.99233428104654
N70106,0.1681818181818182,FREEPORT RD OPP OAK MANOR DR (YMCA ENTRANCE),93.86813513915762,99.99239901495113
W25460,0.168181818181818,WASHINGTON PIKE OPP WINSTEIN ST,93.88301830629557,99.99246374885574
X08847,0.1659091,KANE BLVD OPP DAVIS ST,93.89790147343355,99.99252760798136
S23000,0.1659091,HOMEVILLE RD AT COMMONWEALTH AVE,93.91278464057152,99.99259146710695
E32321,0.165909090909091,JAMES ST AT QUEEN DR,93.92766780770948,99.99265532622907
E58705,0.16590909090909095,WM PENN HWY AT KIA DEALERSHIP,93.94255097484745,99.99271918535118
N70096,0.16363636363636375,FREEPORT RD AT EVERGREEN DR,93.9574341419854,99.99278216969078
N71240,0.1636363636363635,PROSPECT ST OPP RESERVOIR DR,93.97231730912338,99.99284515403039
N70097,0.1636363636363635,FREEPORT RD OPP EVERGREEN DR,93.98720047626135,99.99290813837001
N19665,0.16363636363636347,FERGUSON RD OPP LAMMERTON DR,94.00208364339932,99.99297112270963
S70381,0.16363636363636347,RAVENSBURG BLVD OPP CLAIRTON MUNICIPAL COMPLEX,94.01696681053728,99.99303410704924
E49690,0.16363634999999999,SALTSBURG RD AT CRESTVIEW DR,94.03184997767525,99.9930970913836
N06760,0.16363634999999999,BABCOCK BLVD OPP ROSECLIFF DR,94.04673314481322,99.99316007571795
N05460,0.16363634999999999,AMITY DR AT THOMPSON RUN RD FS,94.06161631195118,99.9932230600523
S70165,0.16136363636363624,WALNUT ST AT 12TH AVE,94.07649947908915,99.99328516960942
W19930,0.15,PITCHFORK LN OPP CRABAPPLE DR,94.09138264622712,99.99334290525407
S47440,0.15,WALNUT ST OPP LINDEN ST,94.10626581336508,99.99340064089871
N45320,0.15,PRESIDENTIAL DR AT KENNEDY,94.12114898050305,99.99345837654336
E18970,0.147727275,FIESTA DR AT #251,94.13603214764102,99.99351523740638
E70877,0.147727275,GREENSBURG PIKE AT 1ST ST FS,94.15091531477898,99.99357209826941
S48810,0.147727275,WHITAKER WAY OPP HIGHWOOD ST,94.16579848191695,99.99362895913244
S70536,0.14772727272727276,CHURCHVIEW AVE OPP ANDRADE ST,94.18068164905492,99.99368581999458
X70016,0.14772727272727276,BOWER HILL RD AT #809,94.19556481619288,99.99374268085674
S46840,0.1454545454545455,WALNUT ST AT 15TH AVE BRIDGE FS,94.21044798333085,99.9937986669364
S46880,0.14545454545454545,WALNUT ST AT 26TH AVE,94.22533115046882,99.99385465301604
W70150,0.145454545,CORAOPOLIS RD AT #298,94.24021431760679,99.99391063909553
N15450,0.14318182000000002,CONNIE DR AT MULKERIN DR,94.25509748474475,99.99396575039339
N47220,0.143181818181818,SAMPLE RD OPP HIGHMEADOW RD,94.26998065188272,99.99402086169054
X06670,0.1431818,GILKESON RD AT GALLERIA DRIVEWAY FS,94.28486381902069,99.99407597298071
E70261,0.1431818,MT CARMEL RD OPP DOLLMAN RD,94.29974698615865,99.99413108427088
N41030,0.1386363636363635,PEEBLES RD AT PARKWAY RD FS,94.31463015329662,99.99418444600305
N39030,0.1386363636363635,NORTHGATE DR AT SPRINGFIELD DR,94.32951332043459,99.99423780773522
N52190,0.13863635,THOMPSON RUN RD AT EASLEY RD,94.34439648757255,99.99429116946213
E70883,0.13863635,CHURCH ST AT BRADDOCK AVE NS,94.35927965471052,99.99434453118906
W07840,0.13863635,GRAND AVE AT NEVILLE METALS,94.37416282184849,99.99439789291597
N29360,0.13636365,LAURELWOOD DR OPP FENWICK DR,94.38904598898645,99.9944503798709
E55100,0.13636365,UNIVERSAL RD AT #150,94.40392915612442,99.99450286682583
N45560,0.13636365,ENNERDALE LN AT DOUNREAY PL,94.41881232326239,99.99455535378075
N40800,0.1363636363636365,PARKER ST AT #90,94.43369549040035,99.99460784073042
E70434,0.1363636,MILLTOWN RD OPP COMMUNITY MARKET DRVWY,94.44857865753832,99.99466032766611
E70357,0.1363636,MILLTOWN RD OPP LEECHBURG RD FS,94.46346182467629,99.99471281460178
E56440,0.125,WASHINGTON BLVD OPP HIGHLAND DR,94.47834499181425,99.99476092763899
N70003,0.125,SPRING GARDEN AVE OPP #1435 WALTMIRE PHARMACY,94.49322815895222,99.99480904067619
S70227,0.125,DELWAR RD OPP RITTER ENGINEERING,94.50811132609019,99.9948571537134
S70401,0.125,LEWIS RUN RD AT HWY 885,94.52299449322815,99.9949052667506
E12600,0.125,CENTER RD AT GATEWAY DR,94.53787766036612,99.9949533797878
N52220,0.12272727500000001,THOMPSON RUN RD AT LOIRE VALLEY DR,94.55276082750409,99.99500061804339
N42300,0.122727275,PERRY HWY AT HANWAY AVE,94.56764399464205,99.99504785629898
E12410,0.122727275,CALMAR DR AT MT CARMEL RD FS,94.58252716178002,99.99509509455457
N20060,0.122727275,FOREST AVE OPP #1055,94.597410328918,99.99514233281016
E38170,0.122727275,MAIN ST AT WASHINGTON SCHOOL,94.61229349605595,99.99518957106575
S46810,0.12272727272727274,WALNUT ST AT 14TH AVE,94.62717666319392,99.99523680932046
S70387,0.12272727272727274,HWY RT 885 OPP WRAY LARGE RD,94.64205983033189,99.99528404757517
W20890,0.12045454500000001,SILVER LANE OPP FALCK RD,94.65694299746986,99.9953304110472
S48750,0.12045454500000001,WHITAKER WAY AT HIGHWOOD ST,94.67182616460784,99.99537677451924
X70086,0.120454545,KANE BLVD AT BOWER HILL RD,94.68670933174579,99.99542313799128
N33200,0.120454545,MEADVILLE ST AT TELEVISION HILL ST,94.70159249888376,99.9954695014633
E70328,0.11818182,WILTSIE ST AT HIGHLAND DR FS,94.71647566602172,99.99551499015374
E36240,0.11818182,LINCOLN HWY AT GREENSBURG PIKE,94.73135883315969,99.99556047884414
N37000,0.11818182,MT TROY RD OPP HOFFMAN RD,94.74624200029767,99.99560596753456
E70949,0.11818182,MT CARMEL RD AT GEISLER WAY,94.76112516743564,99.99565145622499
N41720,0.11818181818181821,PENN ST AT UNION AVE,94.77600833457359,99.99569694491471
N71288,0.1181818181818182,FREEPORT RD OPP ALTERMOOR DR,94.79089150171156,99.99574243360443
S47380,0.118181818181818,WALNUT ST OPP EXXON STATION,94.80577466884952,99.99578792229416
N45380,0.118181818181818,PRESIDENTIAL DR OPP WASHINGTON,94.8206578359875,99.99583341098388
N08590,0.118181818181818,BEAVER ST AT #1449,94.83554100312547,99.99587889967361
W20471,0.11590910000000001,ROSELEAF DR AT FOXCROFT RD FS,94.85042417026342,99.99592351358433
N04560,0.11590910000000001,ALLEGHENY AVE AT NORTH AVE,94.86530733740139,99.99596812749503
N71260,0.11590909090909099,SAMPLE RD OPP EASTVIEW DR #1,94.88019050453936,99.99601274140227
N47200,0.11590909090909099,SAMPLE RD OPP EASTVIEW DR #2,94.89507367167734,99.99605735530949
E70818,0.11590909090909074,FORBES RD OPP MEADOW ST,94.9099568388153,99.99610196921671
S06273,0.11590907500000001,BELTZHOOVER AVE AT FREELAND ST,94.92484000595326,99.9961465831178
E12660,0.11363636363636374,CENTER RD AT MCKENZIE DR FS,94.93972317309122,99.99619032224255
S70376,0.11363636363636374,STATE ST AT MONTOUR TRAIL,94.95460634022919,99.99623406136729
N71259,0.1136363636363635,NORTHGATE DR AT SAMPLE RD,94.96948950736717,99.99627780049202
N52300,0.11363635,THOMPSON RUN RD AT WHITE OAK DR,94.98437267450514,99.9963215396115
N15510,0.1,CONNIE DR OPP OLD CONNIE DR,94.9992558416431,99.99636003004126
S70325,0.1,STATE ST AT FRANCIS AVE,95.01413900878106,99.99639852047103
W08720,0.1,HERBST RD AT #235,95.02902217591902,99.99643701090079
N15210,0.1,CHURCH AVE AT VICTORIA AVE,95.043905343057,99.99647550133055
X10680,0.1,MCFARLAND RD AT DORMONT PARK,95.05878851019497,99.99651399176031
S70616,0.1,CAMP HOLLOW RD OPP LEBANON MANOR DR,95.07367167733294,99.99655248219008
E70326,0.1,COAL HOLLOW RD OPP OLD COAL HOLLOW RD #1,95.08855484447089,99.99659097261984
S28080,0.097727275,LEBANON CHURCH RD AT RODEO DR,95.10343801160886,99.99662858826798
N50570,0.097727275,SPRING GARDEN AVE AT TRACY'S DELI,95.11832117874684,99.99666620391613
E32291,0.097727275,JAMES ST AT #531,95.1332043458848,99.99670381956427
N41640,0.09772727272727275,PENN ST AT BROADVIEW BLVD FS,95.14808751302277,99.99674143521153
S70105,0.09772727272727275,WORTHINGTON AVE OPP INTERCHANGE LOUNGE (#1560),95.16297068016074,99.99677905085879
S70608,0.09545455,CAMP HOLLOW RD AT LEBANON MANOR DR,95.17785384729869,99.99681579172531
E32280,0.0954545454545455,JAMES ST AT JAMES ST EXT,95.19273701443667,99.9968525325901
E10150,0.0954545454545455,BRINTON RD AT DRIVEWAY,95.20762018157464,99.99688927345487
N40870,0.09545454545454546,PEEBLES RD AT BINGAY DR,95.2225033487126,99.99692601431964
N21680,0.09545454545454546,FREEPORT RD AT POPLAR ST,95.23738651585057,99.99696275518441
S70626,0.09545454545454546,HWY RT 885 AT ANDREW DR,95.25226968298853,99.99699949604918
N20790,0.09545454545454546,FREEPORT RD AT BURTNER RD,95.26715285012651,99.99703623691397
N28230,0.095454545,IVORY AVE AT VALLEY VIEW ST,95.28203601726447,99.99707297777857
E08170,0.095454545,BLVD OF ALLIES AT GIST ST,95.29691918440244,99.99710971864316
W19450,0.09318182000000001,ORCHARD SPRING RD AT #312,95.31180235154041,99.99714558472614
E43040,0.09318182000000001,OBERLIN ST OPP OAKDENE ST,95.32668551867837,99.99718145080912
S70624,0.09318182,HOFFMAN BLVD AT KENNYWOOD MALL DR,95.34156868581634,99.99721731689209
N08680,0.0931818181818182,BEAVER ST AT SYCAMORE AVE,95.35645185295431,99.99725318297438
N20550,0.0931818181818182,FREEPORT RD AT ALABAMA AVE,95.37133502009227,99.99728904905665
N45650,0.093181818181818,REMINGTON DR OPP BINGAY DR,95.38621818723024,99.99732491513893
S47430,0.093181818181818,WALNUT ST OPP SUNOCO STATION,95.40110135436821,99.9973607812212
N41680,0.093181818181818,PENN ST AT PACIFIC AVE,95.41598452150618,99.99739664730347
E41070,0.09318180000000001,MURRAY AVE AT AYLESBORO AVE,95.43086768864414,99.99743251337875
W07930,0.09318180000000001,GRAND AVE OPP CALGON CARBON,95.44575085578211,99.99746837945405
E55035,0.09318180000000001,UNIVERSAL RD OPP FREY RD,95.46063402292008,99.99750424552933
N29310,0.09318180000000001,LAURELWOOD DR AT ENNERDALE LN,95.47551719005804,99.99754011160461
N71244,0.09318180000000001,1ST AVE AT LOCK ST,95.49040035719601,99.9975759776799
N45520,0.090909090909091,REMINGTON DR AT BALMORAL DR #1,95.50528352433398,99.99761096897967
N41140,0.090909090909091,SPRINGFIELD DR AT PEEBLES RD FS,95.52016669147194,99.99764596027947
N41630,0.090909090909091,PENN ST AT ATLANTIC AVE,95.53504985860991,99.99768095157926
E70359,0.09090909,MILLTOWN RD OPP NEWFIELD DR,95.54993302574788,99.9977159428787
E70346,0.09090909,MILLTOWN RD AT COMMUNITY MARKET DRVWY,95.56481619288584,99.99775093417813
N71245,0.07500000000000001,1ST AVE AT BOYD ST,95.57969936002381,99.99777980200045
E70440,0.07500000000000001,UNITY TRESTLE RD AT FRANCIS RD,95.59458252716178,99.99780866982279
W70036,0.075,PTI DR AT MCKEE RD FS,95.60946569429974,99.99783753764511
N41730,0.075,PENN ST AT UNION AVE,95.62434886143771,99.99786640546743
S48275,0.075,WATERFRONT DR AT RECREATION CENTER,95.63923202857568,99.99789527328976
E30250,0.075,HUTCHINSON ST AT EAST END AVE,95.65411519571364,99.99792414111208
E12515,0.075,CENTER RD AT HELMAR DR FS,95.66899836285161,99.99795300893442
W07630,0.075,GRAND AVE AT COTTAGE AVE,95.68388152998958,99.99798187675674
W23181,0.075,SWALLOW HILL RD AT CHARTIERS VALLEY SCHOOL DRVWY,95.69876469712754,99.99801074457906
E40820,0.07272727500000001,MT CARMEL RD AT ELK RD,95.71364786426551,99.99803873761977
W70164,0.07272727500000001,GRAND AVE OPP #3000 (HOLDEN CORP),95.72853103140349,99.99806673066047
E32226,0.07272727500000001,IMOGENE RD OPP DESDEMONA AVE,95.74341419854144,99.99809472370117
S13450,0.07272727500000001,CONNISTON AVE AT BON AIR AVE,95.75829736567941,99.99812271674186
X04070,0.07272727500000001,CEDAR BLVD AT LONGRIDGE DR,95.77318053281738,99.99815070978256
N70176,0.07272727500000001,FOX CHAPEL RD AT #325 (O'HARA MUNICIPAL BUILDIN,95.78806369995534,99.99817870282327
E70987,0.07272727500000001,BLAIR ST AT ELIZA ST,95.80294686709333,99.99820669586397
W11720,0.07272727500000001,LINDSAY RD AT OLD GREENTREE RD,95.81783003423128,99.99823468890466
S00550,0.07272727500000001,22ND AVE AT WEST ST,95.83271320136924,99.99826268194536
E70761,0.07272727500000001,BUTLER ST AT GALLATIN ST,95.84759636850721,99.99829067498607
S24470,0.07272727272727275,HWY RT 51 OPP JEFFERSON VETERINARY CLINIC,95.86247953564518,99.99831866802589
N15880,0.07272727272727275,CUMBERLAND RD EXT AT BABCOCK BLVD,95.87736270278316,99.99834666106572
W06670,0.07272727272727275,FAIRHAVEN RD OPP #63,95.89224586992113,99.99837465410555
S70316,0.07272727272727275,HWY RT 885 AT WRAY LARGE RD,95.90712903705908,99.99840264714537
X00550,0.07045454545454545,BANK ST OPP ELM ST,95.92201220419705,99.9984297654027
N25437,0.07045454545454545,HEMLOCK DR AT LAUREL OAK DR,95.93689537133501,99.99845688366005
N47150,0.07045454545454545,SAMPLE RD AT HIGHMEADOW RD,95.951778538473,99.99848400191738
S70260,0.07045454500000001,WARRINGTON AVE OPP BOGGSTON AVE,95.96666170561096,99.99851112017454
N14815,0.07045454500000001,CHARTERWOOD DR AT MCINTYRE RD,95.98154487274891,99.99853823843169
N50380,0.0681818181818182,SPRING GARDEN AVE AT WILLIAMS RD,95.99642803988688,99.99856448190653
N45270,0.068181818181818,PRESIDENTIAL DR AT HARDING,96.01131120702485,99.99859072538136
N47110,0.068181818181818,SAMPLE RD AT ARDEN DR,96.02619437416283,99.9986169688562
N33700,0.0681818,METROPOLITAN ST AT BRANCHPORT ST,96.0410775413008,99.99864321232404
N45350,0.05,PRESIDENTIAL DR AT WASHINGTON,96.05596070843876,99.99866245753891
W21690,0.05,STEUBEN ST AT RIDENOUR AVE,96.07084387557671,99.99868170275379
W11717,0.05,LINDSAY RD OPP #559,96.08572704271468,99.99870094796867
S33070,0.05,MCCLEARY ST AT #914,96.10061020985266,99.99872019318354
E30285,0.05,JACKS RUN RD OPP MCKEE RD,96.11549337699063,99.99873943839842
N71183,0.05,FOX CHAPEL RD OPP DELAFIELD RD NS,96.1303765441286,99.9987586836133
E38560,0.05,MALL CIRCLE DR AT MALL BLVD,96.14525971126655,99.99877792882818
X04170,0.05,CEDAR BLVD AT #1281,96.16014287840451,99.99879717404305
S70327,0.05,STATE ST OPP MONTOUR TRAIL,96.1750260455425,99.99881641925793
N52280,0.05,THOMPSON RUN RD AT SUNSET DR,96.18990921268046,99.99883566447281
E70353,0.05,UNITY TRESTLE RD AT WILLOW DR,96.20479237981843,99.99885490968768
E70351,0.05,UNITY TRESTLE RD AT ASHLAND DR,96.21967554695638,99.99887415490257
N45590,0.05,REMINGTON DR AT PEEBLES RD,96.23455871409435,99.99889340011744
S47210,0.05,WALNUT ST AT SUNOCO STATION,96.24944188123233,99.99891264533231
N52390,0.05,THOMPSON RUN RD OPP WHITE OAK DR,96.2643250483703,99.9989318905472
W07915,0.05,GRAND AVE OPP TRIAD METALS,96.27920821550826,99.99895113576207
E70976,0.05,BEATTY RD AT #560,96.29409138264623,99.99897038097694
E50590,0.047727275,SALTSBURG RD OPP CHANTICLEER DR,96.30897454978418,99.99898875141021
W70168,0.047727275,NEVILLE RD AT #200,96.32385771692216,99.99900712184346
E26650,0.047727275,HAMILTON AVE OPP JULIUS ST,96.33874088406013,99.99902549227673
E54470,0.047727275,TILBURY AVE OPP ALDERSON ST,96.3536240511981,99.99904386271
S35460,0.047727275,ARLINGTON AVE AT E CARSON ST,96.36850721833606,99.99906223314325
N05420,0.047727275,AMITY DR AT SUTTER RD FS,96.38339038547402,99.99908060357652
E12550,0.04772727272727275,CENTER RD AT COTTAGE LN,96.398273552612,99.9990989740089
S47140,0.04772727272727275,WALNUT ST AT CP INDUSTRIES,96.41315671974996,99.99911734444129
X02360,0.04772727272727275,BOWER HILL RD AT #802,96.42803988688793,99.99913571487367
N21450,0.04772727272727275,FREEPORT RD AT MILE LOCK LN,96.4429230540259,99.99915408530606
E30036,0.04545455,HULTON RD OPP HULTON ESTATES,96.45780622116386,99.99917158095771
N26860,0.04545455,HULTON RD OPP 10TH ST,96.47268938830183,99.99918907660935
E32224,0.04545455,IMOGENE RD AT DESDEMONA AVE,96.4875725554398,99.999206572261
E70345,0.04545455,MILLTOWN RD AT NEWFIELD DR,96.50245572257776,99.99922406791265
E70431,0.04545455,HULTON RD OPP LINCOLN AVE,96.51733888971573,99.99924156356428
W05630,0.04545454545454545,CRABAPPLE DR AT PITCHFORK LN,96.5322220568537,99.99925905921417
S09560,0.04545454545454545,CURRY RD OPP #5415,96.54710522399166,99.99927655486407
N20990,0.04545454545454545,FREEPORT RD AT DALLAS AVE,96.56198839112963,99.99929405051395
W04720,0.04545454545454545,CLIFF MINE RD AT OMSLAER STEEL SUPPLIES,96.5768715582676,99.99931154616384
N45540,0.04545454545454545,REMINGTON DR AT BINGAY DR,96.59175472540556,99.99932904181372
E55750,0.045454545,VERONA RD OPP GRAHAM BLVD EXT,96.60663789254353,99.99934653746345
W23194,0.045454545,SWALLOW HILL RD OPP CHARTIERS VALLEY SCHOOL DRVWY,96.6215210596815,99.99936403311317
E36450,0.045454545,LINCOLN HWY OPP MCKEE RD,96.63640422681947,99.99938152876288
N51670,0.045454545,SUTTER DR AT THOMPSON RUN RD,96.65128739395743,99.99939902441261
N50270,0.045454545,SOUTH SIDE AVE OPP LAPPE LN,96.6661705610954,99.99941652006233
S47400,0.045454545,WALNUT ST OPP CENTER ST,96.68105372823337,99.99943401571204
X70080,0.045454545,BOWER HILL RD OPP UNIVERSAL CYCLOPS,96.69593689537133,99.99945151136176
N52250,0.045454545,THOMPSON RUN RD AT SANGREE RD,96.7108200625093,99.99946900701147
N50390,0.025,SPRING GARDEN AVE AT LAGER ST,96.72570322964727,99.99947862961892
N37670,0.025,NELSON RUN RD RAMP AT NELSON RUN RD,96.74058639678523,99.99948825222636
N08870,0.025,BEAVER ST OPP SYCAMORE AVE,96.7554695639232,99.99949787483379
E12650,0.025,CENTER RD AT LORRAINE DR FS,96.77035273106117,99.99950749744123
N47100,0.025,SAMPLE RD OPP ARDEN DR,96.78523589819915,99.99951712004868
N15440,0.025,CONNIE DR AT JACKS RUN RD,96.8001190653371,99.99952674265612
N15500,0.025,CONNIE DR AT MERWOOD DR,96.81500223247507,99.99953636526355
X12683,0.025,OXFORD DR AT THOMAS MORE MANOR,96.82988539961303,99.99954598787099
N52370,0.025,THOMPSON RUN RD OPP SIEBERT RD,96.844768566751,99.99955561047842
N50660,0.025,SPRING GARDEN RD OPP BEECH ST,96.85965173388897,99.99956523308586
E58930,0.025,WILLIAM PENN HWY AT JADENS II,96.87453490102693,99.99957485569331
N15523,0.025,CONNIE DR OPP MULKERIN DR,96.8894180681649,99.99958447830075
W16850,0.025,NOBLESTOWN RD AT #2793,96.90430123530287,99.99959410090818
W05670,0.025,CRABAPPLE DR AT #4023,96.91918440244083,99.99960372351562
N50420,0.025,SPRING GARDEN RD AT BEECH ST,96.93406756957881,99.99961334612306
X06730,0.025,GILKESON RD AT #223,96.94895073671677,99.99962296873049
N18690,0.025,EVERGREEN & PEOPLES PLANK RD AT BABCOCK BLVD,96.96383390385473,99.99963259133793
W04840,0.025,CLIFF MINE RD AT OMSLAER STEEL SUPPLIES,96.9787170709927,99.99964221394538
X70081,0.025,BOWER HILL RD OPP BEDNER'S FARM MARKET,96.99360023813067,99.9996518365528
S47450,0.025,WALNUT ST OPP LONG RUN RD,97.00848340526863,99.99966145916025
N43060,0.025,PERRY HWY OPP HANWAY AVE,97.02336657240662,99.99967108176769
X04000,0.025,CEDAR BLVD OPP DUQUESNE DR,97.03824973954457,99.99968070437512
E70321,0.025,COAL HOLLOW RD AT OLD COAL HOLLOW RD #1,97.05313290668254,99.99969032698256
E40970,0.025,MT CARMEL RD OPP FAYBERN DR,97.0680160738205,99.99969994959001
X00710,0.025,BANKSVILLE RD AT #3021,97.08289924095848,99.99970957219743
S30257,0.025,LONG RUN RD AT OLD LONG RUN RD FS,97.09778240809645,99.99971919480488
W21870,0.025,STEUBEN ST AT UNION AVE,97.1126655752344,99.99972881741232
E70392,0.022727275,UNITY TRESTLE RD AT #1010,97.12754874237237,99.99973756523815
N05410,0.022727275,AMITY DR AT SUTTER RD,97.14243190951034,99.99974631306397
X04320,0.022727275,CEDAR BLVD OPP #1269,97.1573150766483,99.99975506088978
E70756,0.022727275,BUTLER ST OPP GALLATIN ST,97.17219824378628,99.99976380871561
E70967,0.022727275,JAMES ST AT #1446,97.18708141092425,99.99977255654143
E49622,0.022727275,SALTSBURG RD AT CHAPEL HILL DENTAL BLDG (#7641,97.2019645780622,99.99978130436725
S70267,0.022727275,BROWNSVILLE RD OPP NATIVITY CHURCH,97.21684774520017,99.99979005219308
E08260,0.022727275,BLVD OF ALLIES AT MILTENBERGER ST,97.23173091233815,99.99979880001891
N45660,0.022727275,REMINGTON DR OPP WALDWICK DR,97.24661407947612,99.99980754784472
E56295,0.022727275,WASHINGTON BLVD AT ALLEGHENY RIVER BLVD,97.26149724661408,99.99981629567056
S35540,0.022727275,ARLINGTON AVE OPP SYCAMORE ST,97.27638041375204,99.99982504349637
W19451,0.022727275,ORCHARD SPRING RD AT #313,97.29126358089,99.99983379132219
E26480,0.022727275,HAMILTON AVE AT ENTERPRISE ST,97.30614674802797,99.99984253914802
N52145,0.022727275,THOMPSON RUN RD AT BARNWOOD LN,97.32102991516595,99.99985128697384
E70759,0.022727275,BUTLER ST AT LIVONIA ST,97.33591308230392,99.99986003479965
E32738,0.022727275,JOHNSTON AVE AT NAOMI DR,97.35079624944188,99.99986878262548
S30255,0.02272727272727275,LONG RUN RD OPP OLD LONG RUN RD NS,97.36567941657984,99.99987753045043
E12880,0.02272727272727275,CENTER RD OPP GATEWAY DR,97.38056258371782,99.99988627827538
N20680,0.02272727272727275,FREEPORT RD AT BEACON ST,97.39544575085579,99.99989502610033
X00510,0.02272727272727275,BANK ST AT #1060,97.41032891799375,99.99990377392528
S46820,0.02272727272727275,WALNUT ST AT 14TH AVE FS,97.42521208513172,99.99991252175023
N71291,0.02272727272727275,BAKERSTOWN RD OPP #1 COCHRAN DRVWY,97.44009525226967,99.99992126957518
N19680,0.02272727272727275,FERGUSON RD OPP OHIO DR,97.45497841940764,99.99993001740013
S46830,0.02272727272727275,WALNUT ST AT 15TH AVE BRIDGE,97.46986158654562,99.99993876522508
X00540,0.02272727272727275,BANK ST OPP CHESTNUT ST,97.48474475368359,99.99994751305003
E10410,0.02272727272727275,BRINTON RD OPP DRIVEWAY,97.49962792082155,99.99995626087498
S70317,0.02272727272727275,HWY RT 885 AT WRAY DR FS,97.5145110879595,99.99996500869992
N19580,0.02272727272727275,FERGUSON RD AT OHIO DR,97.52939425509749,99.99997375652487
S70318,0.02272727272727275,HWY RT 885 AT PAYNE HILL RD FS,97.54427742223545,99.99998250434983
E12580,0.02272727272727275,CENTER RD AT FRANKLIN HEIGHTS DR FS,97.55916058937342,99.99999125217477
N21210,0.02272727272727275,FREEPORT RD AT OLIVE AVE,97.57404375651139,99.99999999999972
E43840,0.0,OLD WILLIAM PENN HWY AT #4533,97.58892692364935,99.99999999999972
S70627,0.0,HWY RT 885 OPP ANDREW DR,97.6038100907873,99.99999999999972
N71182,0.0,FOX CHAPEL RD AT PARK ENTRANCE (BASEBALL FIELD),97.61869325792529,99.99999999999972
N18480,0.0,ENNERDALE DR AT LAURELWOOD DR,97.63357642506325,99.99999999999972
N29300,0.0,LAURELWOOD DR AT CHARTERWOOD DR,97.64845959220122,99.99999999999972
S70346,0.0,EAST PITTSBURGH-MCKEESPORT BLV AT AULT ST,97.66334275933919,99.99999999999972
N52360,0.0,THOMPSON RUN RD OPP #218,97.67822592647715,99.99999999999972
W11726,0.0,LINDSAY RD AT #559,97.69310909361512,99.99999999999972
S70389,0.0,HWY RT 885 AT HAMPTON RD,97.70799226075309,99.99999999999972
N47160,0.0,SAMPLE RD AT PEEBLES RD,97.72287542789105,99.99999999999972
N18920,0.0,EVERGREEN & PEOPLES PLANK RD AT #4535,97.73775859502902,99.99999999999972
E30045,0.0,MILLTOWN RD AT HULTON RD,97.75264176216699,99.99999999999972
E25767,0.0,GREENSBURG PIKE OPP BOWLING ALLEY,97.76752492930495,99.99999999999972
E55136,0.0,UNIVERSAL RD OPP #1048,97.78240809644292,99.99999999999972
S70357,0.0,EAST PITTSBURGH-MCKEESPORT BLV OPP AULT ST,97.79729126358089,99.99999999999972
E70969,0.0,JACKS RUN RD AT #3150,97.81217443071885,99.99999999999972
N26858,0.0,HULTON RD OPP 9TH ST,97.82705759785682,99.99999999999972
N25441,0.0,HEMLOCK DR AT #4424,97.84194076499479,99.99999999999972
E70362,0.0,HULTON RD AT PENNSYLVANIA AVE,97.85682393213276,99.99999999999972
S70570,0.0,WORTON BLVD AT HOMESTEAD DUQUESNE RD,97.87170709927072,99.99999999999972
N51080,0.0,SPRINGFIELD DR AT SHADY OAK DR,97.88659026640869,99.99999999999972
N39000,0.0,NORTHGATE DR AT #9396,97.90147343354666,99.99999999999972
N25430,0.0,HEMLOCK DR AT BABCOCK BLVD,97.91635660068462,99.99999999999972
S23030,0.0,HOMEVILLE RD AT MUNICIPAL RD,97.93123976782259,99.99999999999972
N37080,0.0,MT TROY RD AT #3467,97.94612293496056,99.99999999999972
E58260,0.0,WILLIAM PENN HWY OPP JADENS II,97.96100610209852,99.99999999999972
E70361,0.0,HULTON RD AT FRANKLAND AVE,97.97588926923649,99.99999999999972
E51560,0.0,SHADY AVE OPP HOBART ST,97.99077243637446,99.99999999999972
N70177,0.0,FOX CHAPEL RD OPP N MARGERY DR,98.00565560351242,99.99999999999972
E10705,0.0,BROADWAY BLVD OPP MAWCO DR,98.02053877065039,99.99999999999972
N25456,0.0,HEMLOCK DR AT SAMPLE RD FS,98.03542193778836,99.99999999999972
N26862,0.0,HULTON RD OPP 12TH ST,98.05030510492632,99.99999999999972
E44360,0.0,OLD WILLIAM PENN HWY OPP ROTH DR,98.06518827206429,99.99999999999972
N18890,0.0,EVERGREEN & PEOPLES PLANK RD AT PEOPLE'S TWP RD,98.08007143920227,99.99999999999972
N05400,0.0,AMITY DR AT #213,98.09495460634022,99.99999999999972
X08115,0.0,HIGHLAND RD AT WASHINGTON RD FS,98.10983777347819,99.99999999999972
N50540,0.0,SPRING GARDEN RD AT #3681,98.12472094061616,99.99999999999972
N71310,0.0,PRESIDENTIAL DR AT BABCOCK BLVD FS,98.13960410775412,99.99999999999972
X04290,0.0,CEDAR BLVD OPP OLD CEDAR BLVD,98.1544872748921,99.99999999999972
E43780,0.0,OLD WILLIAM PENN HWY AT ROTH DR,98.16937044203006,99.99999999999972
S23100,0.0,HOMEVILLE RD OPP CASTLE DR #2,98.18425360916802,99.99999999999972
S23090,0.0,HOMEVILLE RD OPP CASTLE DR #1,98.19913677630599,99.99999999999972
N52195,0.0,THOMPSON RUN RD AT EVERGREEN RD,98.21401994344396,99.99999999999972
N52330,0.0,THOMPSON RUN RD OPP HODIL RD,98.22890311058194,99.99999999999972
N40850,0.0,PARKER ST OPP #90,98.24378627771989,99.99999999999972
E36190,0.0,LINCOLN HWY AT DENNING WAY,98.25866944485786,99.99999999999972
N51050,0.0,SPRINGFIELD DR AT NORTHGATE DR,98.27355261199583,99.99999999999972
S47150,0.0,WALNUT ST AT CP INDUSTRIES,98.28843577913379,99.99999999999972
E60085,0.0,YOST BLVD AT ARDMORE MANOR DR,98.30331894627177,99.99999999999972
N45260,0.0,PRESIDENTIAL DR AT HARDING,98.31820211340974,99.99999999999972
N26842,0.0,HULTON RD AT 12TH ST,98.33308528054769,99.99999999999972
S70573,0.0,HORNING RD AT #5621,98.34796844768566,99.99999999999972
N25460,0.0,HEMLOCK DR OPP #4424,98.36285161482363,99.99999999999972
N26838,0.0,HULTON RD AT 10TH ST,98.3777347819616,99.99999999999972
E36350,0.0,LINCOLN HWY AT SANTOS ST FS,98.39261794909957,99.99999999999972
N41130,0.0,PEEBLES RD AT SAMPLE RD,98.40750111623753,99.99999999999972
N45530,0.0,REMINGTON DR AT BALMORAL DR #2,98.4223842833755,99.99999999999972
N45230,0.0,PRESIDENTIAL DR AT CLEVELAND,98.43726745051346,99.99999999999972
N26832,0.0,HULTON RD AT 5TH ST,98.45215061765144,99.99999999999972
E26620,0.0,HAMILTON AVE AT PUTNAM ST,98.46703378478941,99.99999999999972
S70313,0.0,HWY RT 885 AT SPARTZ DR,98.48191695192737,99.99999999999972
N18870,0.0,EVERGREEN & PEOPLES PLANK RD AT NELSON RUN RD,98.49680011906533,99.99999999999972
N26840,0.0,HULTON RD AT 11TH ST,98.5116832862033,99.99999999999972
E55000,0.0,UNITY TRESTLE RD OPP ASHLAND DR FS,98.52656645334127,99.99999999999972
N40890,0.0,PEEBLES RD OPP PEEBLES SCHOOL DRVWY,98.54144962047924,99.99999999999972
N52260,0.0,THOMPSON RUN RD AT SIEBERT RD,98.55633278761721,99.99999999999972
N50550,0.0,SPRING GARDEN RD AT #3851,98.57121595475516,99.99999999999972
X06800,0.0,GILKESON RD OPP #183,98.58609912189313,99.99999999999972
N10060,0.0,BRANCHPORT ST AT PREBLE AVE,98.60098228903111,99.99999999999972
N05860,0.0,ANDERSON ST AT GENERAL ROBINSON ST,98.61586545616908,99.99999999999972
N50640,0.0,SPRING GARDEN AVE OPP WILLIAMS RD,98.63074862330704,99.99999999999972
N45300,0.0,PRESIDENTIAL DR OPP JEFFERSON,98.64563179044501,99.99999999999972
E26831,0.0,HULTON RD AT COXCOMB HILL RD,98.66051495758296,99.99999999999972
N50740,0.0,SPRING GARDEN RD OPP #3851,98.67539812472094,99.99999999999972
N45240,0.0,PRESIDENTIAL DR AT COOLIDGE,98.69028129185891,99.99999999999972
W70130,0.0,HWY RT 51 AT STANFORD CT,98.70516445899688,99.99999999999972
N06430,0.0,BABCOCK BLVD AT EVERGREEN & PEOPLES PLANK RD,98.72004762613484,99.99999999999972
N15522,0.0,CONNIE DR OPP MERWOOD DR,98.7349307932728,99.99999999999972
E08330,0.0,BLVD OF ALLIES AT VAN BRAAM ST,98.74981396041078,99.99999999999972
N52350,0.0,THOMPSON RUN RD AT #218,98.76469712754874,99.99999999999972
N45220,0.0,PRESIDENTIAL DR OPP CLEVELAND,98.77958029468671,99.99999999999972
E30277,0.0,JACKS RUN RD AT #3193,98.79446346182468,99.99999999999972
N18930,0.0,EVERGREEN & PEOPLES PLANK RD AT #4534,98.80934662896264,99.99999999999972
E70360,0.0,MILLTOWN RD OPP HULTON RD,98.82422979610061,99.99999999999972
N21770,0.0,FREEPORT RD AT ROSS ST,98.83911296323858,99.99999999999972
N26852,0.0,HULTON RD AT THE FAIRWAYS,98.85399613037654,99.99999999999972
S23130,0.0,HOMEVILLE RD OPP MUNICIPAL RD,98.86887929751451,99.99999999999972
E44410,0.0,OLD WILLIAM PENN HWY OPP #4533,98.88376246465248,99.99999999999972
E70437,0.0,HULTON RD AT JEFFERSON ST,98.89864563179044,99.99999999999972
N29340,0.0,LAURELWOOD DR AT #125,98.91352879892841,99.99999999999972
N51070,0.0,SPRINGFIELD DR OPP SHADY OAK DR,98.92841196606638,99.99999999999972
E30550,0.0,HWY RT 286 OPP #1610,98.94329513320434,99.99999999999972
X12687,0.0,OXFORD DR OPP VILLAGE SQUARE UPPER ENTRANCE,98.95817830034231,99.99999999999972
N14455,0.0,CHAPIN ST AT #354,98.97306146748028,99.99999999999972
N05890,0.0,ANDERSON ST AT ISABELLA ST,98.98794463461824,99.99999999999972
W11718,0.0,LINDSAY RD OPP #601,99.00282780175621,99.99999999999972
E70344,0.0,HULTON RD AT CENTER AVE,99.01771096889418,99.99999999999972
N22160,0.0,FREEPORT RD OPP AUTO PARTS STORE,99.03259413603215,99.99999999999972
N47190,0.0,SAMPLE RD AT #1848,99.04747730317011,99.99999999999972
E56300,0.0,WASHINGTON BLVD AT CYPHERS COMPANY,99.06236047030808,99.99999999999972
N45310,0.0,PRESIDENTIAL DR AT JEFFERSON,99.07724363744605,99.99999999999972
N45620,0.0,REMINGTON DR AT WALDWICK DR,99.09212680458401,99.99999999999972
E32326,0.0,JAMES ST OPP SPEELMAN LN FS,99.10700997172198,99.99999999999972
W11723,0.0,LINDSAY RD AT #509,99.12189313885995,99.99999999999972
N52235,0.0,THOMPSON RUN RD AT RADCLIFFE DR,99.13677630599791,99.99999999999972
N05390,0.0,AMITY DR AT #212,99.15165947313588,99.99999999999972
E30510,0.0,HWY RT 286 OPP DAY CHEVROLET,99.16654264027385,99.99999999999972
E70363,0.0,MILLTOWN RD AT LEECHBURG RD,99.18142580741181,99.99999999999972
X00700,0.0,BANKSVILLE RD AT #1593,99.19630897454978,99.99999999999972
S23095,0.0,HOMEVILLE RD OPP DUQUESNE VILLAGE ENTRANCE #1,99.21119214168776,99.99999999999972
N52380,0.0,THOMPSON RUN RD OPP RADCLIFFE DR,99.22607530882571,99.99999999999972
E70432,0.0,HULTON RD OPP JEFFERSON ST,99.24095847596368,99.99999999999972
N45210,0.0,PRESIDENTIAL DR AT BABCOCK BLVD,99.25584164310165,99.99999999999972
N45280,0.0,PRESIDENTIAL DR OPP JACKSON,99.27072481023961,99.99999999999972
N25450,0.0,HEMLOCK DR AT NORTH PARK POOL (PARK AND RIDE,99.2856079773776,99.99999999999972
N26864,0.0,HULTON RD OPP 13TH ST,99.30049114451555,99.99999999999972
S70575,0.0,LONG RUN RD OPP MARSHALL DR,99.31537431165351,99.99999999999972
N06450,0.0,BABCOCK BLVD AT FAIRFIELD RD,99.33025747879148,99.99999999999972
N26856,0.0,HULTON RD AT 5TH ST,99.34514064592945,99.99999999999972
E70876,0.0,GREENSBURG PIKE OPP 1ST ST,99.36002381306743,99.99999999999972
N15480,0.0,CONNIE DR OPP OLD CONNIE DR,99.3749069802054,99.99999999999972
N26834,0.0,HULTON RD AT 7TH ST,99.38979014734335,99.99999999999972
N50370,0.0,SPRING GARDEN RD AT FIRE HOUSE (#3367),99.40467331448131,99.99999999999972
E36420,0.0,LINCOLN HWY OPP DENNING WAY,99.41955648161928,99.99999999999972
N45160,0.0,PREBLE AVE AT ISLAND AVE,99.43443964875726,99.99999999999972
N21390,0.0,FREEPORT RD AT LILAC ST FS,99.44932281589523,99.99999999999972
N52270,0.0,THOMPSON RUN RD AT SUNNYHILL DR,99.46420598303318,99.99999999999972
N18820,0.0,EVERGREEN & PEOPLES PLANK RD AT IVORY AVE NS,99.47908915017115,99.99999999999972
E56370,0.0,WASHINGTON BLVD AT LIBERTY WELDING,99.49397231730912,99.99999999999972
E50362,0.0,SALTSBURG RD OPP CHAPEL HILL DENTAL BLDG (#7641,99.5088554844471,99.99999999999972
N26844,0.0,HULTON RD AT 13TH ST,99.52373865158506,99.99999999999972
N39010,0.0,NORTHGATE DR AT #9396,99.53862181872302,99.99999999999972
W11716,0.0,LINDSAY RD OPP #509,99.55350498586098,99.99999999999972
W11728,0.0,LINDSAY RD AT #601,99.56838815299895,99.99999999999972
E55090,0.0,UNIVERSAL RD AT #1048,99.58327132013693,99.99999999999972
N37300,0.0,MT TROY RD OPP MOST HOLY NAME OF JESUS CEMETE,99.5981544872749,99.99999999999972
N45386,0.0,RAMAGE RD AT SPRING GARDEN RD,99.61303765441286,99.99999999999972
N26836,0.0,HULTON RD AT 9TH ST,99.62792082155082,99.99999999999972
N45595,0.0,ENNERDALE LN AT #210,99.64280398868878,99.99999999999972
N45330,0.0,PRESIDENTIAL DR OPP MADISON (LEASE OFFICE),99.65768715582676,99.99999999999972
X00780,0.0,BANKSVILLE RD AT #2857,99.67257032296473,99.99999999999972
E55080,0.0,UNIVERSAL RD AT MAIN ST,99.6874534901027,99.99999999999972
E10620,0.0,BROADWAY BLVD AT MAWCO DR,99.70233665724065,99.99999999999972
W19920,0.0,PITCHFORK LN AT CLEVER RD,99.71721982437862,99.99999999999972
N45360,0.0,PRESIDENTIAL DR AT COOLIDGE,99.7321029915166,99.99999999999972
N26846,0.0,HULTON RD AT 15TH ST,99.74698615865456,99.99999999999972
E38160,0.0,MAIN ST AT #2344,99.76186932579253,99.99999999999972
X70082,0.0,BOWER HILL RD AT BEDNER'S FARM MARKET,99.7767524929305,99.99999999999972
S70576,0.0,LONG RUN RD AT MARSHALL DR FS,99.79163566006845,99.99999999999972
S13380,0.0,CONLIN ST AT CAROLINA AVE,99.80651882720643,99.99999999999972
N50730,0.0,SPRING GARDEN RD OPP #3681,99.8214019943444,99.99999999999972
E70988,0.0,BLAIR ST AT ELIZA ST,99.83628516148237,99.99999999999972
N52340,0.0,THOMPSON RUN RD OPP HORIZON DR,99.85116832862033,99.99999999999972
X06760,0.0,GILKESON RD AT WASHINGTON RD,99.86605149575828,99.99999999999972
E70438,0.0,HULTON RD AT LINCOLN AVE,99.88093466289627,99.99999999999972
N52230,0.0,THOMPSON RUN RD AT MILLER RD,99.89581783003423,99.99999999999972
N71290,0.0,BAKERSTOWN RD AT #1 COCHRAN DRVWY FS,99.9107009971722,99.99999999999972
N05870,0.0,ANDERSON ST AT LACOCK ST,99.92558416431017,99.99999999999972
S70378,0.0,STATE ST AT FRANCIS ST,99.94046733144813,99.99999999999972
S70350,0.0,EAST PITTSBURGH-MCKEESPORT BLV AT PINE PL,99.9553504985861,99.99999999999972
W08820,0.0,HERBST RD OPP JENNY LN,99.97023366572407,99.99999999999972
E70239,0.0,WASHINGTON BLVD AT SILVER LAKE DR,99.98511683286203,99.99999999999972
N52210,0.0,THOMPSON RUN RD AT HORIZON DR,100.0,99.99999999999972
