stop_id,stop_code,stop_name,classification,auth_class,auth_has_signal,heur_has_signal
10005,10005,KEEPORT DR + YOUNGRIDGE,mid_block,none,0,0
10016,10016,BROWNSVILLE RD + NOBLES LN,near_side,nearside,1,1
10018,10018,BROWNSVILLE RD + THE BOULEVARD,mid_block,none,0,0
10019,10019,BROWNSVILLE RD + E MEYERS AVE,mid_block,none,0,0
10022,10022,BROWNSVILLE RD + CRAILO AVE,near_side,nearside,1,1
10023,10023,BROWNSVILLE RD + AGNEW RD,mid_block,none,0,0
10025,10025,BROWNSVILLE RD + WOODFORD AVE,mid_block,none,0,0
10026,10026,BROWNSVILLE RD + PARKFIELD ST,near_side,nearside,1,1
10027,10027,BROWNSVILLE RD + OVERBROOK BLVD,mid_block,none,0,0
10028,10028,BROWNSVILLE RD + #2336,mid_block,none,0,0
10029,10029,BROWNSVILLE RD + BISCAYNE DR,near_side,nearside,1,1
10030,10030,BROWNSVILLE RD + CLIFTON BLVD,mid_block,none,0,0
10032,10032,BROWNSVILLE RD + CHURCHVIEW AVE,mid_block,none,0,0
10033,10033,BROWNSVILLE RD + MAYTIDE ST,near_side,nearside,1,1
10035,10035,LEBANON CHURCH RD + OTT DR FS,mid_block,none,0,0
10038,10038,LEBANON CHURCH RD + REGIS AVE,near_side,nearside,1,1
1007,1007,CENTER AVE + COLUMBIA AVE FS,mid_block,none,0,0
10075,10075,HWY RT 885 + HAMPTON RD,mid_block,none,0,0
10078,10078,HWY RT 885 + LEWIS RUN,near_side,nearside,1,1
1008,1008,CENTER AVE + BRONX AVE,mid_block,none,0,0
1009,1009,CENTER AVE + CHALFONTE AVE,mid_block,none,0,0
1010,1010,CENTER AVE + WAVERLY AVE,mid_block,none,0,0
1011,1011,CENTER AVE + PERRY HWY,near_side,nearside,1,1
10115,10115,LEBANON CHURCH RD + BOMBARDIER,near_side,nearside,1,1
10120,10120,MIFFLIN RD + SLATE,mid_block,none,0,0
10127,10127,E CARSON ST + 27TH ST,near_side,nearside,1,1
10128,10128,E CARSON ST + 26TH,near_side,nearside,1,1
10129,10129,SOUTH CAMPUS DRVWY + LIBRARY ENTRANCE,mid_block,none,0,0
1013,1013,CENTER AVE + PERRY HWY FS (STEPS),mid_block,none,0,0
10130,10130,HWY RT 885 + GORDENS,mid_block,none,0,0
10131,10131,HWY RT 885 + HUSTON,mid_block,none,0,0
10144,10144,HWY RT 51 + PRIMANTI BROTHERS,mid_block,none,0,0
10147,10147,FOURTH AVE + PPG ENTRANCE,mid_block,none,0,0
1015,1015,CENTER AVE + WAVERLY AVE,mid_block,none,0,0
10157,10157,BALDWIN ST + HOLY ANGEL SCHOOL,mid_block,none,0,0
10158,10158,BALDWIN ST + RAMP ST BRIDGE,mid_block,none,0,0
10159,10159,MIFFLIN RD + HAYS SCHOOL,mid_block,none,0,0
1016,1016,CENTER AVE + CHALFONTE AVE,mid_block,none,0,0
10160,10160,MIFFLIN RD + #669,mid_block,none,0,0
1018,1018,CENTER AVE + COLUMBIA AVE FS,mid_block,none,0,0
1019,1019,CENTER AVE + CORNELL AVE,mid_block,none,0,0
10197,10197,HWY RT 885 + SPARTZ DR,mid_block,none,0,0
10214,10214,HWY RT 885 + HUSTON,mid_block,none,0,0
10215,10215,HWY RT 885 + GORDENS,mid_block,none,0,0
10222,10222,HWY RT 51 + PRIMANTI BROTHERS,mid_block,none,0,0
10246,10246,WALNUT ST + LINDEN,mid_block,none,0,0
10248,10248,WALNUT ST + #4913,mid_block,none,0,0
10249,10249,WALNUT ST + LARCH FS,mid_block,none,0,0
10251,10251,WALNUT ST + GRANT,mid_block,none,0,0
10252,10252,OLYMPIA DRIVEWAY AT LIFE SPAN,mid_block,none,0,0
10254,10254,WALNUT ST + #3800,mid_block,none,0,0
10255,10255,WALNUT ST + EDEN PARK FS,far_side,farside,1,1
10258,10258,WALNUT ST + 33RD FS,mid_block,none,0,0
10259,10259,WALNUT ST + 31ST FS,mid_block,none,0,0
10260,10260,WALNUT ST + 30TH FS,mid_block,none,0,0
10262,10262,WALNUT ST + 28TH,near_side,nearside,1,1
10263,10263,WALNUT ST + 27TH FS,mid_block,none,0,0
10265,10265,WALNUT ST + 25TH FS,mid_block,none,0,0
10267,10267,WALNUT ST + SUNOCO STATION,mid_block,none,0,0
10271,10271,WALNUT ST + 12TH,mid_block,none,0,0
10364,10364,WALNUT ST + 9TH,near_side,nearside,1,1
10370,10370,WALNUT ST + 13TH,mid_block,none,0,0
10371,10371,WALNUT ST + 14TH,mid_block,none,0,0
10372,10372,WALNUT ST + 15TH FS,mid_block,none,0,0
10373,10373,WALNUT ST + SUNOCO STATION,mid_block,none,0,0
10375,10375,WALNUT ST + 25TH,mid_block,none,0,0
10377,10377,WALNUT ST + 28TH,near_side,nearside,1,1
10378,10378,WALNUT ST + #2906,mid_block,none,0,0
10380,10380,WALNUT ST + 33RD,mid_block,none,0,0
10382,10382,WALNUT ST + EDEN PARK,far_side,nearside,1,1
10383,10383,WALNUT ST + #3800,mid_block,none,0,0
10384,10384,WALNUT ST + LONG RUN,mid_block,none,0,0
10386,10386,WALNUT ST + GRANT,mid_block,none,0,0
10388,10388,WALNUT ST + LARCH,mid_block,none,0,0
10389,10389,WALNUT ST + WORTHINGTON,mid_block,none,0,0
10390,10390,WALNUT ST + CENTER,near_side,nearside,1,1
10391,10391,WALNUT ST + LINDEN,mid_block,none,0,0
1043,1043,BABCOCK BLVD + THOMPSON,near_side,nearside,1,1
1044,1044,THOMPSON RUN RD + RADCLIFFE,mid_block,none,0,0
1045,1045,THOMPSON RUN RD + WOODBRIDGE DR,mid_block,none,0,0
1046,1046,THOMPSON RUN RD + #218,mid_block,none,0,0
10464,10464,WALNUT ST + 5TH,near_side,nearside,1,1
1047,1047,THOMPSON RUN RD + MILLER,mid_block,none,0,0
1048,1048,THOMPSON RUN RD + LOIRE VALLEY,mid_block,none,0,0
1050,1050,THOMPSON RUN RD + SIEBERT,mid_block,none,0,0
10518,10518,LONG RUN RD + SUNSET,mid_block,none,0,0
1052,1052,THOMPSON RUN RD + ABARD,mid_block,none,0,0
1053,1053,THOMPSON RUN RD + HODIL,mid_block,none,0,0
1055,1055,THOMPSON RUN RD + CHERRINGTON,mid_block,none,0,0
10550,10550,EDEN PARK BLVD + MCKEESPORT HIGH SCHOOL DRVWY,mid_block,none,0,0
10552,10552,EDEN PARK BLVD + MAYFAIR,mid_block,none,0,0
1056,1056,THOMPSON RUN RD + BERKLEY MEADOWS,mid_block,none,0,0
1057,1057,THOMPSON RUN RD + WHITE OAK,mid_block,none,0,0
10579,10579,VERSAILLES AVE + CRAIG,mid_block,none,0,0
1058,1058,THOMPSON RUN RD + SUTTER,mid_block,none,0,0
10582,10582,VERSAILLES AVE + HAMILTON,mid_block,none,0,0
10583,10583,VERSAILLES AVE + MAPLE,mid_block,none,0,0
10584,10584,VERSAILLES AVE + PACKER,mid_block,none,0,0
10585,10585,VERSAILLES AVE + EVANS,near_side,nearside,1,1
10588,10588,EVANS AVE + COLFAX,mid_block,none,0,0
1059,1059,AMITY DR + SUTTER,mid_block,none,0,0
10592,10592,MCKEESPORT TRANSPORTATION CENTER + BAY #4,mid_block,none,0,0
10593,10593,LONG RUN RD + COOLSPRINGS,near_side,nearside,1,1
1060,1060,AMITY DR + BLAZE,mid_block,none,0,0
1061,1061,AMITY DR + #212,mid_block,none,0,0
1062,1062,AMITY DR + LINGAY,mid_block,none,0,0
10628,10628,EDEN PARK BLVD + VICTORY DR,mid_block,none,0,0
10629,10629,EDEN PARK BLVD + ONEIL,near_side,nearside,1,1
1063,1063,AMITY DR + CARRIAGE HILL,mid_block,none,0,0
1066,1066,MCINTYRE DR + CHARTERWOOD,mid_block,none,0,0
10666,10666,MCCLEARY ST + FORD,mid_block,none,0,0
10667,10667,MCCLEARY ST + VERSAILLES,mid_block,none,0,0
10668,10668,EVANS AVE + LAMONT,mid_block,none,0,0
1068,1068,LAURELWOOD DR + FENWICK,mid_block,none,0,0
1069,1069,LAURELWOOD DR + #126,mid_block,none,0,0
1070,1070,LAURELWOOD DR + ENNERDALE,mid_block,none,0,0
10700,10700,LINCOLN HWY + LINCOLN SQ SR CITIZEN HOME,mid_block,none,0,0
1071,1071,REMINGTON DR + #210,mid_block,none,0,0
1072,1072,REMINGTON DR + WALDWICK,mid_block,none,0,0
1073,1073,REMINGTON DR + BALMORAL #1,mid_block,none,0,0
1074,1074,REMINGTON DR + REGENCY,mid_block,none,0,0
10748,10748,LINCOLN HWY + LINCOLN SQ SR CITIZEN HOME,mid_block,none,0,0
1075,1075,REMINGTON DR + BALMORAL #2,mid_block,none,0,0
1077,1077,REMINGTON DR + HAZLETT,mid_block,none,0,0
1078,1078,REMINGTON DR + PEEBLES,near_side,nearside,1,1
10815,10815,W 5TH AVE + RAMP #1,near_side,nearside,1,1
10828,10828,WALNUT ST + 9TH,near_side,nearside,1,1
1083,1083,HEMLOCK DR + SAMPLE FS,mid_block,none,0,0
10831,10831,WALNUT ST + 7TH,mid_block,none,0,0
1085,1085,HEMLOCK DR + #4424,mid_block,none,0,0
10881,10881,DUQUESNE BLVD + CENTER,near_side,nearside,1,1
10884,10884,2ND ST + KENNEDY,mid_block,none,0,0
10885,10885,2ND ST + GRANT,mid_block,none,0,0
10886,10886,GRANT AVE + 1ST,mid_block,none,0,0
10888,10888,DUQUESNE BLVD + OAKMONT,mid_block,none,0,0
10889,10889,DUQUESNE BLVD + FAIRMONT,mid_block,none,0,0
10890,10890,DUQUESNE BLVD + COMMONWEALTH,near_side,nearside,1,1
10892,10892,KENNYWOOD BLVD + HOFFMAN,near_side,nearside,1,1
10894,10894,KENNYWOOD BLVD + GLEN,near_side,nearside,1,1
1090,1090,REMINGTON DR + HAZLETT,mid_block,none,0,0
10902,10902,8TH AVE + GRANT,near_side,nearside,1,1
10903,10903,8TH AVE + ANDREW,mid_block,none,0,0
10905,10905,8TH AVE + HEISEL,mid_block,none,0,0
10906,10906,8TH AVE + DICKSON,near_side,nearside,1,1
10907,10907,8TH AVE + MCCLURE,near_side,nearside,1,1
10908,10908,8TH AVE + ANN,near_side,nearside,1,1
10909,10909,8TH AVE + AMITY,near_side,nearside,1,1
10910,10910,8TH AVE + WEST (HI-LEVEL BRIDGE),near_side,nearside,1,1
10913,10913,BROWNS HILL RD + IMOGENE RD,near_side,nearside,1,1
10914,10914,MURRAY AVE + LORETTA,mid_block,none,0,0
10915,10915,MURRAY AVE + LILAC,near_side,nearside,1,1
10916,10916,MURRAY AVE + WELFER,mid_block,none,0,0
10918,10918,MURRAY AVE + #2825,mid_block,none,0,0
10919,10919,MURRAY AVE + MORROWFIELD,mid_block,none,0,0
1092,1092,REMINGTON DR + BALMORAL #1,mid_block,none,0,0
10920,10920,MURRAY AVE + FORWARD,near_side,farside,1,1
10921,10921,MURRAY AVE + PHILLIPS,near_side,nearside,1,1
10922,10922,MURRAY AVE + HOBART,near_side,nearside,1,1
10923,10923,MURRAY AVE + BEACON NS,near_side,nearside,1,1
10924,10924,MURRAY AVE + BARTLETT,far_side,farside,1,1
1093,1093,REMINGTON DR + REGENCY,mid_block,none,0,0
10930,10930,LEBANON CHURCH RD + RODEO,near_side,none,0,1
10932,10932,LEBANON CHURCH RD + POLK,mid_block,none,0,0
10934,10934,LEBANON CHURCH RD + #4220,mid_block,none,0,0
10935,10935,LEBANON CHURCH RD + #4512,mid_block,none,0,0
10936,10936,LEBANON CHURCH RD + PLEASANT,mid_block,none,0,0
1094,1094,REMINGTON DR + BALMORAL #2,mid_block,none,0,0
10941,10941,RICHLAND AVE + BRIDGE STEPS,mid_block,none,0,0
10942,10942,W 5TH AVE + RAMP #2,near_side,nearside,1,1
10946,10946,W 5TH AVE + REBECCA,near_side,nearside,1,1
10947,10947,MURRAY AVE + DARLINGTON,near_side,nearside,1,1
10948,10948,MURRAY AVE + BARTLETT,near_side,nearside,1,1
1095,1095,REMINGTON DR + WALDWICK,mid_block,none,0,0
10950,10950,MURRAY AVE + HOBART,near_side,nearside,1,1
10951,10951,MURRAY AVE + PHILLIPS,near_side,nearside,1,1
10952,10952,MURRAY AVE + FORWARD,near_side,nearside,1,1
10953,10953,MURRAY AVE + MORROWFIELD,mid_block,none,0,0
10954,10954,MURRAY AVE + BURCHFIELD,mid_block,none,0,0
10956,10956,MURRAY AVE + WELFER,mid_block,none,0,0
10957,10957,MURRAY AVE + LILAC,near_side,nearside,1,1
10958,10958,BROWNS HILL RD + IMOGENE RD,near_side,nearside,1,1
10959,19376,BROWNS HILL RD +PARKVIEW BLVD,near_side,nearside,1,1
1096,1096,ENNERDALE LN + DOUNREAY,mid_block,none,0,0
10961,10961,8TH AVE AT WEST ST FS,far_side,farside,1,1
10962,10962,8TH AVE + AMITY FS,far_side,farside,1,1
10963,10963,8TH AVE + ANN FS,far_side,farside,1,1
10964,10964,8TH AVE + MCCLURE,near_side,nearside,1,1
10968,10968,8TH AVE + GRANT,near_side,nearside,1,1
10969,10969,8TH AVE + RAVINE,near_side,nearside,1,1
1097,1097,LAURELWOOD DR + #125,mid_block,none,0,0
10975,10975,KENNYWOOD BLVD + MIFFLIN,near_side,nearside,1,1
10977,10977,KENNYWOOD BLVD + GLENN,near_side,nearside,1,1
10978,10978,KENNYWOOD BLVD + GLENCAIRN,mid_block,none,0,0
10979,10979,KENNYWOOD BLVD + HOFFMAN,near_side,nearside,1,1
1098,1098,LAURELWOOD DR + FENWICK,mid_block,none,0,0
10981,10981,DUQUESNE BLVD + COMMONWEALTH,near_side,nearside,1,1
10982,10982,DUQUESNE BLVD + FAIRMONT,mid_block,none,0,0
10983,10983,DUQUESNE BLVD + OAKMONT,mid_block,none,0,0
10984,10984,DUQUESNE BLVD + OVERLAND,mid_block,none,0,0
10988,10988,2ND ST + GRANT,mid_block,none,0,0
10989,10989,2ND ST + KENNEDY FS,mid_block,none,0,0
10991,10991,LIBRARY PL AT DUQUESNE BLVD - DUQUESNE PNR,ambiguous,nearside,1,0
10992,10992,DUQUESNE BLVD + CAMP,mid_block,none,0,0
10994,10994,DUQUESNE BLVD + CENTER,ambiguous,nearside,1,0
10995,10995,LYSLE BLVD + 5TH,far_side,farside,1,1
10999,10999,W 5TH AVE + REBECCA,near_side,nearside,1,1
1100,1100,CHARTERWOOD DR + MCINTYRE,mid_block,none,0,0
11001,11001,W 5TH AVE + PERRY,mid_block,none,0,0
11003,11003,W 5TH AVE + RAMP #2,near_side,nearside,1,1
11005,11005,RICHLAND AVE + 3RD,mid_block,none,0,0
11009,11009,LEBANON CHURCH RD + PGH-MCKEESPORT BLVD FS,far_side,farside,1,1
1101,1101,MCINTYRE DR + THOMPSON RUN,near_side,nearside,1,1
11010,11010,LEBANON CHURCH RD + PLEASANT,mid_block,none,0,0
11011,11011,LEBANON CHURCH RD + #4513,mid_block,none,0,0
11013,11013,LEBANON CHURCH RD + WILSON,mid_block,none,0,0
11015,11015,LEBANON CHURCH RD + POLK,mid_block,none,0,0
11016,11016,LEBANON CHURCH RD + BUTTERMILK HOLLOW,near_side,nearside,1,1
11017,11017,LEBANON CHURCH RD + VINDALE RD FS,far_side,farside,1,1
11021,11021,OLD ELIZABETH RD + BLUEMONT DR,mid_block,none,0,0
11025,11025,MCCLURE ST + 9TH,mid_block,none,0,0
11026,11026,9TH AVE + ANN,mid_block,none,0,0
11027,11027,9TH AVE + AMITY,mid_block,none,0,0
11028,20949,AMITY ST + 10TH,mid_block,none,0,0
1103,1103,AMITY DR + CARRIAGE,mid_block,none,0,0
11031,11031,WEST ST + 15TH,near_side,nearside,1,1
11032,11032,WEST ST + 17TH,mid_block,none,0,0
11033,11033,WEST ST + 18TH,mid_block,none,0,0
11034,11034,WEST ST + MUNHALL BORO BLDG,mid_block,none,0,0
11035,11035,WEST ST + 21ST,mid_block,none,0,0
11036,11036,22ND AVE + MAIN,near_side,nearside,1,1
11038,11038,MAIN ST + HOMESTEAD-DUQUESNE,mid_block,none,0,0
11039,11039,MAIN ST + EDNA,mid_block,none,0,0
1104,1104,AMITY DR + LINGAY,mid_block,none,0,0
11040,11040,MAIN ST + E JAMES,mid_block,none,0,0
11042,11042,MAIN ST + W OLIVER FS,mid_block,none,0,0
11043,11043,MAIN ST + MARION,mid_block,none,0,0
11044,11044,MAIN ST + MILLER,mid_block,none,0,0
11045,11045,MAIN ST + VIRGINIA,near_side,nearside,1,1
11046,11046,MAIN ST + EMERSON,mid_block,none,0,0
11048,11048,MAIN ST + GRACE,mid_block,none,0,0
11049,11049,MAIN ST + CAMBRIA,mid_block,none,0,0
1105,1105,AMITY DR + #213,mid_block,none,0,0
11050,11050,MAIN ST + W LEHIGH,mid_block,none,0,0
11051,11051,MAIN ST + LESLIE,mid_block,none,0,0
11052,11052,MAIN ST + N LEHIGH,mid_block,none,0,0
11053,11053,MAIN ST + WEST RUN (BRIERLY LANE),near_side,nearside,1,1
11054,11054,INTERBORO AVE + LINDBERG FS,mid_block,none,0,0
11055,11055,INTERBORO AVE + PLAPORT,mid_block,none,0,0
11056,11056,INTERBORO AVE + LEASIDE,mid_block,none,0,0
11057,11057,INTERBORO AVE + MIFFLIN,near_side,nearside,1,1
1106,1106,AMITY DR + BLAZE,mid_block,none,0,0
11065,11065,HAZELWOOD AVE + GREENFIELD AVE,mid_block,none,0,0
11068,11068,GREENFIELD AVE + DELEVAN,mid_block,none,0,0
1107,1107,AMITY DR + SUTTER,mid_block,none,0,0
11071,11071,GREENFIELD AVE + GRAPHIC,mid_block,none,0,0
11072,11072,GREENFIELD AVE + MCCASLIN,mid_block,none,0,0
11073,11073,GREENFIELD AVE + CITY STEPS,mid_block,none,0,0
11075,11075,HALKET ST + LOUISA ST,mid_block,none,0,0
11076,11076,HALKET ST + FORBES,near_side,nearside,1,1
11077,11077,MURRAY AVE + FORBES,near_side,nearside,1,1
11078,11078,SHADY AVE + AYLESBORO,mid_block,none,0,0
11079,11079,SHADY AVE + NORTHUMBERLAND,near_side,nearside,1,1
1108,1108,SUTTER DR + THOMPSON,mid_block,none,0,0
11080,11080,SHADY AVE + SOLWAY,mid_block,none,0,0
11081,11081,SHADY AVE + WILKINS,near_side,nearside,1,1
11082,11082,SHADY AVE + HASTINGS,mid_block,none,0,0
11083,11083,SHADY AVE + BRAEBURN,mid_block,none,0,0
11084,11084,SHADY AVE + HIGHMONT,mid_block,none,0,0
11088,11088,NEGLEY AVE + E BUSWAY STEPS,mid_block,none,0,0
1109,1109,THOMPSON RUN RD + WHITE OAK,mid_block,none,0,0
11092,11092,S. BEATTY ST + PENN NS,mid_block,none,0,0
11098,11098,SHADY AVE + HIGHMONT,mid_block,none,0,0
11099,11099,SHADY AVE + DEVERAUX,mid_block,none,0,0
1110,1110,THOMPSON RUN RD + SANGREE,mid_block,none,0,0
11100,11100,SHADY AVE + HASTINGS,mid_block,none,0,0
11101,11101,SHADY AVE + WILKINS,near_side,nearside,1,1
11102,11102,WHITAKER WAY + HIGHWOOD,mid_block,none,0,0
11103,18403,WHITAKER WAY + LARKSPUR ST,mid_block,none,0,0
11105,11105,WHITAKER WAY + SCHWAB,mid_block,none,0,0
11106,11106,WHITAKER WAY + OAK,mid_block,none,0,0
11107,11107,WHITAKER WAY + GRANT,mid_block,none,0,0
11108,11108,WHITAKER WAY + MIFFLIN,mid_block,none,0,0
11109,11109,MIDWAY DR + WHITAKER FS,mid_block,none,0,0
1111,1111,THOMPSON RUN RD + CHERRINGTON,mid_block,none,0,0
11110,11110,MIDWAY DR + #18C,mid_block,none,0,0
11111,11111,MIDWAY DR + #24,mid_block,none,0,0
11114,11114,MIDWAY DR + #4A,mid_block,none,0,0
11115,11115,MIDWAY DR + #1F,mid_block,none,0,0
11116,11116,WHITAKER ST + MIFFLIN F S,mid_block,none,0,0
11117,11117,WHITAKER ST + GRANT,mid_block,none,0,0
11118,11118,WHITAKER ST + OAK ST,mid_block,none,0,0
11119,11119,WHITAKER WAY + SCHWAB,mid_block,none,0,0
11121,11121,WHITAKER WAY + LARKSPUR,mid_block,none,0,0
11123,11123,WHITAKER WAY + HIGHWOOD,mid_block,none,0,0
11126,11126,LONG RUN RD + COOLSPRINGS,near_side,nearside,1,1
11127,11127,LONG RUN RD + SUNSET,mid_block,none,0,0
11128,11128,JACKS RUN RD + OAK PARK MALL,mid_block,nearside,1,0
11129,11129,JACKS RUN RD + #3030,mid_block,none,0,0
1113,1113,THOMPSON RUN RD + HODIL,mid_block,none,0,0
11130,11130,JACKS RUN RD + MCKEESPORT SPORTSMENS ASSOC,mid_block,none,0,0
11134,11134,LINCOLN HWY + DIX,mid_block,none,0,0
11135,11135,LINCOLN HWY + LEUHM,near_side,nearside,1,1
11137,11137,LINCOLN HWY + DENNING,mid_block,none,0,0
11138,11138,LINCOLN HWY + MCKEE,mid_block,none,0,0
11139,11139,LINCOLN OPP BROAD ST,near_side,nearside,1,1
1114,1114,THOMPSON RUN RD + SUNSET,mid_block,none,0,0
11140,11140,LINCOLN HWY + JACOB,mid_block,none,0,0
11141,11141,LINCOLN HWY + ISAAC FS,mid_block,none,0,0
11142,11142,LINCOLN HWY + TAYLOR FS,mid_block,none,0,0
11143,11143,LINCOLN HWY + 3RD,mid_block,none,0,0
11145,11145,LINCOLN HWY + 5TH,mid_block,nearside,1,0
11147,11147,LINCOLN HWY + SANTOS FS,mid_block,none,0,0
11152,11152,LINCOLN HWY + CLYDE,near_side,farside,1,1
11153,11153,GRANDVIEW AVE + CENTER,mid_block,nearside,1,0
11154,11154,LINCOLN HWY + CLYDE,mid_block,nearside,1,0
1116,1116,THOMPSON RUN RD + SEIBERT,mid_block,none,0,0
11161,11161,LINCOLN HWY + GRAHAM,near_side,nearside,1,1
11163,11163,LINCOLN HWY + 3RD,mid_block,none,0,0
11165,11165,LINCOLN HWY + ISSAC,mid_block,none,0,0
11166,11166,LINCOLN HWY + JACOB,mid_block,none,0,0
11167,11167,LINCOLN HWY AT BROAD ST,near_side,nearside,1,1
11168,11168,LINCOLN HWY + MCKEE,mid_block,none,0,0
11169,11169,LINCOLN HWY + DENNING,mid_block,none,0,0
11171,11171,LINCOLN HWY + LEUHM,near_side,nearside,1,1
11172,11172,LINCOLN HWY + DIX,mid_block,none,0,0
11175,11175,JACKS RUN RD + BIROS TRAILER PARK,mid_block,none,0,0
11177,11177,JACKS RUN RD + #3001,mid_block,none,0,0
11178,11178,JACKS RUN RD + RAINBOW SHOPPING CENTER ENTRANCE,near_side,nearside,1,1
11179,11179,LINCOLN HWY + CENTER,near_side,nearside,1,1
1118,1118,THOMPSON RUN RD + SUNNYHILL,mid_block,none,0,0
11180,11180,LINCOLN HWY + CENTER,near_side,nearside,1,1
11186,11186,LIBERTY AVE + FIFTH AVE,near_side,nearside,1,1
1119,1119,THOMPSON RUN RD + MILLER,mid_block,none,0,0
11194,11194,THIRD AT RT 51 OVERPASS - ELIZABETH PARK AND RIDE,mid_block,none,0,0
11196,11196,WORTHINGTON AVE + 8TH,mid_block,none,0,0
11197,11197,WORTHINGTON AVE + 9TH,mid_block,none,0,0
11198,11198,WORTHINGTON AVE + 10TH,mid_block,none,0,0
11199,11199,WORTHINGTON AVE + 11TH FS,mid_block,none,0,0
1120,1120,THOMPSON RUN RD + #218,mid_block,none,0,0
11200,11200,WORTHINGTON AVE + 12TH,mid_block,none,0,0
11202,11202,WORTHINGTON AVE + 13TH,mid_block,none,0,0
11204,11204,WORTHINGTON AVE + PETERSON,mid_block,none,0,0
11205,11205,WORTHINGTON AVE + ONEIDA,mid_block,none,0,0
11206,11206,WORTHINGTON AVE + HWY RT 51,mid_block,none,0,0
11207,11207,HWY RT 51 + PETERS CREEK,near_side,nearside,1,1
11208,11208,HWY RT 51 + OLD CLAIRTON RD,near_side,nearside,1,1
1121,1121,THOMPSON RUN RD + WOODBRIDGE APTS,mid_block,none,0,0
11211,11211,HWY RT 51 + WRAY LARGE (OPP LARGE VFD),mid_block,none,0,0
11212,11212,HWY RT 51 + BLUE FLAME,mid_block,none,0,0
11213,11213,HWY RT 51 + ELLIOTT,mid_block,none,0,0
11214,11214,HWY RT 51 + COAL VALLEY,near_side,nearside,1,1
11216,11216,E CARSON ST + STATION SQUARE STATION,mid_block,none,0,0
1122,1122,THOMPSON RUN RD + RADCLIFFE,mid_block,none,0,0
1123,1123,THOMPSON RUN RD + EVERGREEN,mid_block,none,0,0
1125,1125,SEVENTH AVE + SMITHFIELD ST,near_side,nearside,1,1
11254,11254,HWY RT 51 + LEWIS RUN,near_side,nearside,1,1
11257,11257,HWY RT 51 + BLUE FLAME,mid_block,none,0,0
11258,11258,HWY RT 51 + JEFFERSON VETERINARY CLINIC,mid_block,none,0,0
11259,11259,HWY RT 51 + LARGE VFD,mid_block,none,0,0
11261,11261,HWY RT 51 + DICK CORPORATION DR,near_side,nearside,1,1
11262,11262,WORTHINGTON AVE + HWY RT 51,mid_block,none,0,0
11263,11263,WORTHINGTON AVE + ONEIDA,mid_block,none,0,0
11264,11264,WORTHINGTON AVE + PETERSON,mid_block,none,0,0
11266,11266,WORTHINGTON AVE + 13TH,mid_block,none,0,0
11267,11267,WORTHINGTON AVE + 12TH,mid_block,none,0,0
11268,11268,WORTHINGTON AVE + 11TH,mid_block,none,0,0
11270,11270,WORTHINGTON AVE + 9TH,mid_block,none,0,0
11274,11274,HWY RT 51 + MONROE MUFFLER,near_side,nearside,1,1
1129,1129,HEMLOCK DR + #4424,mid_block,none,0,0
1131,1131,HEMLOCK DR + SAMPLE,mid_block,none,0,0
11324,11324,SOLTIS DR + DESIDERIO,mid_block,none,0,0
1135,1135,EVERGREEN RD + FRANKLIN,mid_block,none,0,0
1136,1136,EVERGREEN RD + EMMA,mid_block,none,0,0
1137,1137,EVERGREEN RD + FREDERICK,mid_block,none,0,0
11373,11373,SPENCER AVE + BEAU,mid_block,none,0,0
1138,1138,EVERGREEN RD + JOHN,mid_block,none,0,0
11404,18487,SECOND AVE +S 10TH ST BRIDGE FS,far_side,farside,1,1
11425,11425,CHURCHVIEW AVE + WILLETT,mid_block,none,0,0
11449,18489,SECOND AVE +S 10TH ST BRIDGE,near_side,nearside,1,1
1149,1149,40TH ST + DAVIDSON,mid_block,none,0,0
1150,1150,PENN AVE + MAIN ST,near_side,nearside,1,1
1151,1151,MAIN ST + HOWLEY,mid_block,none,0,0
1152,1152,LIBERTY AVE + ELLA,near_side,nearside,1,1
1153,1153,LIBERTY AVE + PEARL,near_side,nearside,1,1
1154,1154,LIBERTY AVE + EDMOND,near_side,nearside,1,1
11548,11548,CHURCHVIEW AVE + SANKEY AVE,mid_block,none,0,0
1155,1155,LIBERTY AVE + MILLVALE AVE ( WEST PENN HOSP),near_side,nearside,1,1
1156,1156,LIBERTY AVE + WINEBIDDLE,near_side,nearside,1,1
1158,1158,LIBERTY AVE + PACIFIC,mid_block,none,0,0
11583,11583,ST JOSEPH ST + COMO (STEPS),mid_block,none,0,0
11588,11588,ST JOSEPH ST + HAYS,mid_block,none,0,0
1159,1159,LIBERTY AVE + BAUM,near_side,nearside,1,1
11615,11615,MOUNTAIN ST + FISHER,mid_block,none,0,0
11622,11622,INTERBORO AVE + LEASIDE #1 (MIFFLIN),far_side,nearside,1,1
11623,11623,INTERBORO AVE + LEASIDE #2,mid_block,none,0,0
11624,11624,INTERBORO AVE + PLAPORT,mid_block,none,0,0
11625,11625,INTERBORO AVE + LINDBERG,mid_block,none,0,0
11626,11626,INTERBORO AVE + BRIERLY,near_side,nearside,1,1
11627,11627,MAIN ST + ELIZABETH,mid_block,none,0,0
11628,11628,MAIN ST + LESLIE,mid_block,none,0,0
11629,11629,MAIN ST + FULTON,mid_block,none,0,0
11630,11630,MAIN ST + #4117,mid_block,none,0,0
11631,11631,MAIN ST + CAROLINE,mid_block,none,0,0
11632,11632,MAIN ST + BOTSFORD,mid_block,none,0,0
11633,11633,MAIN ST + VIRGINIA,near_side,nearside,1,1
11634,11634,MAIN ST + MILLER,mid_block,none,0,0
11635,11635,MAIN ST + MARION,mid_block,none,0,0
11638,11638,MAIN ST + E JAMES,mid_block,none,0,0
11639,11639,MAIN ST + LEA,mid_block,none,0,0
11640,11640,MAIN ST + EDNA,mid_block,none,0,0
11641,11641,MAIN ST + HOMESTEAD DUQUESNE,mid_block,none,0,0
11644,11644,WEST ST + 21ST,mid_block,none,0,0
11645,11645,WEST ST + MUNHALL BORO BLDG,mid_block,none,0,0
11646,11646,WEST ST + 18TH,mid_block,none,0,0
11648,11648,WEST ST + 15TH,near_side,nearside,1,1
11649,11649,WEST ST + 13TH,near_side,nearside,1,1
1165,1165,FIFTH AVE + WILKINS,near_side,nearside,1,1
11651,11651,AMITY ST + 10TH AVE,mid_block,none,0,0
11652,11652,10TH AVE + ANN,mid_block,none,0,0
11653,11653,ANN ST + 8TH,near_side,nearside,1,1
11654,11654,BEECHWOOD BLVD + FEDERAL HILL,mid_block,none,0,0
11656,11656,BEECHWOOD BLVD + LILAC,near_side,nearside,1,1
11659,11659,BEECHWOOD BLVD + PARKWAY ENTRANCE,mid_block,none,0,0
1166,1166,FIFTH AVE + AMBERSON,near_side,nearside,1,1
11665,11665,BEECHWOOD BLVD + HAZELWOOD,near_side,nearside,1,1
11667,11667,WEST ST + 13TH,near_side,nearside,1,1
11668,11668,MAIN ST + MARHAM,mid_block,none,0,0
11669,11669,FOURTH AVE + SMITHFIELD,near_side,nearside,1,1
1167,1167,FIFTH AVE + MOREWOOD AVE,near_side,nearside,1,1
11677,11677,GRANT AVE + 4TH FS,mid_block,none,0,0
11679,11679,GRANT AVE + 6TH,mid_block,none,0,0
11684,11684,KENNEDY AVE + WILMOT,mid_block,none,0,0
11685,11685,KENNEDY AVE + PETER,mid_block,none,0,0
11686,11686,KENNEDY AVE + MIFFLIN,mid_block,none,0,0
11687,11687,TEXAS AVE + MELLON,mid_block,none,0,0
11688,11688,MELLON ST + MAINE,mid_block,none,0,0
11689,11689,MELLON ST + VERMONT,mid_block,none,0,0
1169,1169,FIFTH AVE + NEVILLE ST,near_side,nearside,1,1
11691,11691,MELLON ST + PENNSYLVANIA,mid_block,none,0,0
11692,11692,PENNSYLVANIA AVE + TAFT,mid_block,none,0,0
11694,11694,PENNSYLVANIA AVE + VERMONT,mid_block,none,0,0
11695,11695,PENNSYLVANIA AVE + CONLIN,mid_block,none,0,0
11696,11696,CONLIN ST + CAROLINA,mid_block,none,0,0
1170,1170,FIFTH AVE + CRAIG,near_side,nearside,1,1
11703,11703,HOMEVILLE RD OPP CASTLE DR,mid_block,none,0,0
11705,11705,HOMEVILLE RD OPP CASTLE DR (USPS),mid_block,none,0,0
11706,11706,HOMEVILLE RD + COMMONWEALTH,near_side,nearside,1,1
11707,11707,GREENSPRINGS AVE + MUNICIPAL BUILDING,mid_block,none,0,0
11709,11709,GREENSPRINGS AVE + ROBERTA,mid_block,none,0,0
1171,1171,FIFTH AVE + BELLEFIELD,near_side,nearside,1,1
11710,11710,GREENSPRINGS AVE + HAZEL,mid_block,none,0,0
11713,11713,GREENSPRINGS AVE + CHURCH,mid_block,none,0,0
11714,11714,GREENSPRINGS AVE + SPRING,mid_block,none,0,0
11715,11715,GREENSPRINGS AVE + BOROUGH PARKING LOT,mid_block,none,0,0
11716,11716,GREENSPRINGS AVE + CYPRESS,mid_block,none,0,0
1173,1173,BELLEFIELD AVE + FIFTH AVE,near_side,nearside,1,1
1174,1174,FIFTH AVE + CRAIG ST NS,near_side,none,0,1
11744,11744,GREENSPRINGS AVE + DUQUESNE,mid_block,none,0,0
11746,11746,GREENSPRINGS AVE + CHURCH FS,mid_block,none,0,0
11749,11749,GREENSPRINGS AVE + HAZEL,mid_block,none,0,0
1175,1175,FIFTH AVE + NEVILLE ST,near_side,nearside,1,1
11750,11750,GREENSPRINGS AVE + ROBERTA,mid_block,none,0,0
11752,11752,GREENSPRINGS AVE + EASTMAN,mid_block,none,0,0
11754,11754,HOMEVILLE RD + CASTLE DR (OPP USPS),mid_block,none,0,0
11756,11756,HOMEVILLE RD + CASTLE DR,mid_block,none,0,0
11757,11757,HOMEVILLE RD + MUNICIPAL,mid_block,none,0,0
1176,1176,FIFTH AVE + CLYDE ST,far_side,none,0,1
11762,11762,WORTON BLVD + CONLIN,mid_block,none,0,0
11763,11763,CONLIN ST + CAROLINA,mid_block,none,0,0
11764,11764,CONLIN ST + PENNSYLVANIA,mid_block,none,0,0
11765,11765,PENNSYLVANIA AVE + VERMONT,mid_block,none,0,0
11767,11767,PENNSYLVANIA AVE + TAFT,mid_block,none,0,0
11768,11768,PENNSYLVANIA AVE + MELLON,mid_block,none,0,0
11769,11769,MELLON ST + HIGHLAND,mid_block,none,0,0
1177,1177,FIFTH AVE + MOREWOOD AVE,near_side,nearside,1,1
11770,11770,MELLON ST + VERMONT,mid_block,none,0,0
11771,11771,MELLON ST + MAINE,mid_block,none,0,0
11772,11772,MELLON ST + TEXAS,mid_block,none,0,0
11774,11774,KENNEDY AVE + DELL,mid_block,none,0,0
11775,11775,KENNEDY AVE + PETER,mid_block,none,0,0
11776,11776,KENNEDY AVE + WILMOT,mid_block,none,0,0
11777,11777,KENNEDY AVE + CATHERINE,mid_block,none,0,0
1178,1178,FIFTH AVE + AMBERSON,near_side,nearside,1,1
11780,11780,GRANT AVE + 6TH,mid_block,none,0,0
11782,11782,GRANT AVE + 4TH,mid_block,none,0,0
11783,11783,GRANT AVE + 2ND,mid_block,none,0,0
1179,1179,FIFTH AVE + WILKINS,far_side,nearside,1,1
11791,11791,KENNYWOOD MALL FIRE LANE + HOLLYWOOD VIDEO,mid_block,none,0,0
1187,1187,LIBERTY AVE + EVALINE,mid_block,none,0,0
1188,1188,LIBERTY AVE + WINEBIDDLE,near_side,nearside,1,1
1189,1189,LIBERTY AVE + GROSS,mid_block,none,0,0
1191,1191,LIBERTY AVE + MATHILDA (WEST PENN HOSP),mid_block,none,0,0
11911,11911,EASTMAN ST + GREENSPRINGS F S,mid_block,none,0,0
11915,11915,ELIZA ST + CORBIN F,mid_block,none,0,0
11916,11916,ELIZA ST + GLENCAIRN,near_side,none,0,1
1192,1192,LIBERTY AVE + EDMOND,near_side,nearside,1,1
11925,11925,MAPLE ST + KENNETT,mid_block,none,0,0
11926,11926,WHITAKER ST + OAK,mid_block,none,0,0
11927,11927,WHITAKER ST + ELM F S,mid_block,none,0,0
1193,1193,LIBERTY AVE + PEARL,near_side,nearside,1,1
11931,11931,ELIZA ST + FRANK,mid_block,none,0,0
11932,11932,ELIZA ST + DIVISION ST,mid_block,none,0,0
1194,1194,LIBERTY AVE + ELLA,near_side,nearside,1,1
11943,11943,MIFFLIN ST + GEORGE ST,mid_block,none,0,0
11945,11945,MIFFLIN ST + WHITAKER ST,mid_block,none,0,0
11947,11947,WHITAKER ST + OAK,mid_block,none,0,0
11949,11949,MAPLE ST + ELIZA,mid_block,none,0,0
11958,11958,ELIZA ST + CORBIN,mid_block,none,0,0
11962,11962,EASTMAN ST + GREENSPRINGS,mid_block,none,0,0
11966,11966,ELIZA ST + FRANK (#3932),mid_block,none,0,0
11967,11967,ELIZA ST + GLENCAIRN FS,far_side,none,0,1
11968,11968,5TH ST + KENNEDY,mid_block,none,0,0
11969,11969,5TH ST + VIOLA,mid_block,none,0,0
1197,1197,PENN AVE + 40TH ST,near_side,nearside,1,1
11970,11970,5TH ST + PRISCILLA,mid_block,none,0,0
11971,11971,5TH ST + COCHRAN,mid_block,none,0,0
11972,11972,5TH ST + CRAWFORD,mid_block,none,0,0
11973,11973,CRAWFORD ST + CATHERINE,mid_block,none,0,0
11974,11974,CRAWFORD ST + PIRL,mid_block,none,0,0
11975,11975,CRAWFORD ST + STATE,mid_block,none,0,0
11976,11976,CRAWFORD ST + WOOL,mid_block,none,0,0
11977,11977,CRAWFORD ST + MONTEREY,mid_block,none,0,0
11978,11978,CRAWFORD ST + MIFFLIN,mid_block,none,0,0
11979,11979,PENNSYLVANIA AVE + CARNEGIE,mid_block,none,0,0
11980,11980,PENNSYLVANIA AVE + MELLON,mid_block,none,0,0
1199,1199,40TH ST + BUTLER,near_side,farside,1,1
12006,12006,PENNSYLVANIA AVE + CARNEGIE,mid_block,none,0,0
12007,12007,PENNSYLVANIA AVE + MIFFLIN,mid_block,none,0,0
12008,12008,CRAWFORD ST + MONTEREY,mid_block,none,0,0
12009,12009,CRAWFORD ST + WOOL,mid_block,none,0,0
12010,12010,CRAWFORD ST + STATE,mid_block,none,0,0
12011,12011,CRAWFORD ST + PIRL,mid_block,none,0,0
12012,12012,CRAWFORD ST + CATHERINE,mid_block,none,0,0
12013,12013,CRAWFORD ST + 5TH,mid_block,none,0,0
12014,12014,5TH ST + COCHRAN,mid_block,none,0,0
12015,12015,5TH ST + PRISCILLA,mid_block,none,0,0
12017,12017,4TH ST + VIOLA,mid_block,none,0,0
12018,12018,4TH ST + KENNEDY,near_side,nearside,1,1
12019,12019,4TH ST + GRANT,mid_block,none,0,0
12025,12025,LEBANON CHURCH RD + CURRY HOLLOW,mid_block,none,0,0
12026,12026,BUTTERMILK HOLLOW RD + #5055,mid_block,none,0,0
12028,12028,BUTTERMILK HOLLOW RD + WALNUT,mid_block,none,0,0
12030,12030,BUTTERMILK HOLLOW RD + PGH-MCKPT BLVD,mid_block,none,0,0
12031,12031,BUTTERMILK HOLLOW RD + THOMPSON RUN FS,far_side,farside,1,1
12032,12032,BUTTERMILK HOLLOW RD + NAUGLE,mid_block,none,0,0
12033,12033,MIFFLIN RD + MOHRBACH FS,mid_block,none,0,0
12034,12034,MIFFLIN RD + #5419,mid_block,none,0,0
12038,12038,LEBANON CHURCH RD + CAMP HOLLOW,mid_block,none,0,0
12039,12039,MIFFLIN RD + MCBRIDE,mid_block,none,0,0
12040,12040,MIFFLIN RD + #5419,mid_block,none,0,0
12041,12041,MIFFLIN RD + MOHRBACH FS,mid_block,none,0,0
12042,12042,MIFFLIN RD + NAUGLE,mid_block,none,0,0
12043,12043,BUTTERMILK HOLLOW RD + THOMPSON RUN,near_side,nearside,1,1
12044,12044,BUTTERMILK HOLLOW RD + PGH-MCKPT BLVD,mid_block,none,0,0
12046,12046,BUTTERMILK HOLLOW RD + WALNUT,mid_block,none,0,0
12047,12047,BUTTERMILK HOLLOW RD + REMNANT WORLD,mid_block,none,0,0
12050,12050,HWY RT 885 + COAL VALLEY,mid_block,none,0,0
12053,12053,LEBANON CHURCH RD + COUNTY AIRPORT ENT,near_side,nearside,1,1
12055,12055,HWY RT 885 + LEBANON CHURCH FS,mid_block,none,0,0
12059,12059,HWY ROUTE 885 + LEWIS RUN ROAD NS,mid_block,none,0,0
12062,12062,IMOGENE RD + DESDEMONA,mid_block,none,0,0
12067,12067,JOHNSTON AVE + #857,mid_block,none,0,0
12068,12068,JOHNSTON AVE + ROSELLE FS,mid_block,none,0,0
12069,12069,JOHNSTON AVE + #657,mid_block,none,0,0
12070,12070,JOHNSTON AVE + #635,mid_block,none,0,0
12071,12071,JOHNSTON AVE + MANSION,mid_block,none,0,0
12072,12072,JOHNSTON AVE + GLENWOOD,mid_block,none,0,0
12073,12073,JOHNSTON AVE + GERTRUDE,mid_block,none,0,0
12074,12074,JOHNSTON AVE + SECOND,mid_block,none,0,0
12075,12075,SECOND AVE + ELIZABETH,near_side,nearside,1,1
12076,12076,SECOND AVE + TIPTON,mid_block,none,0,0
12077,12077,SECOND AVE + GLEN CALADH,far_side,nearside,1,1
12078,12078,SECOND AVE + FLOWERS,near_side,nearside,1,1
12080,12080,IRVINE ST + BERWICK,mid_block,none,0,0
12081,12081,IRVINE ST + TULLYMET,mid_block,none,0,0
12082,12082,IRVINE ST + MOBILE,near_side,nearside,1,1
12089,12089,SECOND AVE + TECHNOLOGY DR,near_side,nearside,1,1
1209,1209,EVERGREEN RD + JOHN,mid_block,none,0,0
12090,12090,SECOND AVE + BRADY,near_side,nearside,1,1
12091,12091,MAIN CIRCLE DR + EMPLOYEE ENTRANCE,mid_block,none,0,0
12092,12092,SECOND AVE + SECOND AVE PARKING PL (#1250),near_side,nearside,1,1
12094,12094,SECOND AVE + BRADY,near_side,none,0,1
12095,12095,SECOND AVE + TECHNOLOGY DR,near_side,nearside,1,1
12097,12097,SECOND AVE + BATES FS,far_side,farside,1,1
12100,12100,GREENFIELD AVE + IRVINE ST,near_side,nearside,1,1
12103,12103,IRVINE ST + MOBILE,near_side,nearside,1,1
12105,12105,IRVINE ST + BERWICK,mid_block,none,0,0
12106,12106,IRVINE ST + HAZELWOOD,near_side,nearside,1,1
12107,12107,SECOND AVE + FLOWERS AVE,near_side,nearside,1,1
12108,12108,SECOND AVE + TECUMSEH,near_side,nearside,1,1
12109,12109,SECOND AVE + ELIZABETH,near_side,nearside,1,1
1211,1211,EVERGREEN RD + DAVID,mid_block,none,0,0
12111,12111,JOHNSTON AVE + GERTRUDE,mid_block,none,0,0
12112,12112,JOHNSTON AVE + GLENWOOD,mid_block,none,0,0
12113,12113,JOHNSTON AVE + WINSTON,mid_block,none,0,0
12115,12115,JOHNSTON AVE + #643,mid_block,none,0,0
12116,12116,JOHNSTON AVE + #666,mid_block,none,0,0
12118,12118,JOHNSTON AVE + #857,mid_block,none,0,0
12123,12123,IMOGENE RD + DESDEMONA,mid_block,none,0,0
12127,12127,GREENFIELD AVE + SYLVAN,mid_block,none,0,0
12129,12129,GREENFIELD AVE + HAYWORTH,mid_block,none,0,0
12130,12130,GREENFIELD AVE + KEARCHER,mid_block,none,0,0
12131,12131,GREENFIELD AVE + LYDIA,mid_block,none,0,0
12132,12132,GREENFIELD AVE + HOOSAC,mid_block,none,0,0
12133,12133,GREENFIELD AVE + WINTERBURN,mid_block,none,0,0
12134,12134,GREENFIELD AVE + BLANTON ST STEPS,mid_block,none,0,0
12135,12135,GREENFIELD AVE + MCCASLIN,mid_block,none,0,0
12136,12136,GREENFIELD AVE + GRAPHIC,mid_block,none,0,0
12138,12138,GREENFIELD AVE + FRANK (#912),mid_block,none,0,0
12139,12139,GREENFIELD AVE + DELEVAN,mid_block,none,0,0
12143,12143,SECOND AVE + WINSTON,mid_block,none,0,0
12144,12144,SECOND AVE + MANSION,near_side,nearside,1,1
12145,12145,SECOND AVE + AMERICAN,mid_block,none,0,0
12146,12146,SECOND AVE + VESPUCIUS,mid_block,none,0,0
12147,12147,SECOND AVE + RENOVA,far_side,farside,1,1
12148,12148,SECOND AVE + ALUVIAN,mid_block,none,0,0
12152,12152,MIFFLIN RD + INTERBORO FS,mid_block,farside,1,0
12154,12154,MIFFLIN RD + GLENHURST,mid_block,none,0,0
12158,12158,RAMP ST BRIDGE + BALDWIN,mid_block,none,0,0
12159,12159,BALDWIN ST + GLASS RUN,mid_block,none,0,0
12160,12160,SECOND AVE + ALUVIAN,mid_block,none,0,0
12161,12161,SECOND AVE + GLENWOOD,near_side,nearside,1,1
12162,12162,SECOND AVE + VESPUCIUS,mid_block,none,0,0
12163,12163,SECOND AVE + MANSION,near_side,nearside,1,1
12164,12164,SECOND AVE + WINSTON,mid_block,none,0,0
12165,12165,SECOND AVE + JOHNSTON,mid_block,none,0,0
12167,12167,WALNUT ST + PENN STATE MAIN BUILDING,mid_block,none,0,0
12168,12168,UNIVERSITY DR + EDEN PARK BLVD,mid_block,none,0,0
12170,12170,HARTMAN ST + SARAH ST FS,mid_block,none,0,0
12177,12177,FOURTH AVE + WOOD,near_side,nearside,1,1
12178,12178,FOURTH AVE + GRANT FS,mid_block,none,0,0
12180,12180,SECOND AVE + B ST,mid_block,none,0,0
12181,12181,SECOND AVE + ALLEGHENY COUNTY JAIL,mid_block,none,0,0
12182,12182,SECOND AVE + JOHNSTON,mid_block,none,0,0
12183,12183,BALDWIN RD AT GLASS RUN RD,mid_block,none,0,0
12186,12186,MIFFLIN RD + GLENHURST,mid_block,none,0,0
12187,12187,MIFFLIN RD + #1236,mid_block,none,0,0
122,122,BABCOCK BLVD AT MCCANDLESS CROSSING,far_side,farside,1,1
12201,12201,HARTMAN ST + ANDERSON AVE,mid_block,none,0,0
12209,12209,GREENFIELD AVE + KEARCHER,mid_block,none,0,0
12210,12210,GREENFIELD AVE + HAYWORTH,mid_block,none,0,0
12211,12211,GREENFIELD AVE + YODER FS,mid_block,none,0,0
12212,12212,GREENFIELD AVE + FRAZIER ST,mid_block,none,0,0
12215,12215,HAZELWOOD AVE + SYLVAN AVE,mid_block,none,0,0
12232,12232,ALGER ST + WINTERBURN,mid_block,none,0,0
12233,12233,WINTERBURN AVE + GREENFIELD,mid_block,none,0,0
12236,12236,WINTERBURN AVE + FARNSWORTH FS,mid_block,none,0,0
12237,12237,WINTERBURN AVE + CONNOR,mid_block,none,0,0
12238,12238,WINTERBURN AVE + BIGELOW,mid_block,none,0,0
12239,12239,BIGELOW ST + MCCASLIN,mid_block,none,0,0
12240,12240,BIGELOW ST + TESLA,mid_block,none,0,0
12241,12241,HAZELWOOD AVE + NOTLEY,mid_block,none,0,0
12242,12242,HAZELWOOD AVE + GREENFIELD AVE,mid_block,none,0,0
12248,12248,HAZELWOOD AVE + SYVAN AVE,mid_block,none,0,0
12250,12250,HAZELWOOD AVE + SECOND AVE,near_side,nearside,1,1
12284,12284,MIFFLIN RD + #605,near_side,nearside,1,1
123,123,BABCOCK BLVD + DUNCAN AVE,near_side,nearside,1,1
12346,12346,REGIS AVE EXT + HOME DEPOT,far_side,none,0,1
12357,12357,KEEPORT + #5407,mid_block,none,0,0
12358,12358,KEEPORT + KNOEDLER,mid_block,none,0,0
124,124,BABCOCK BLVD OPP WINCHESTER DR,mid_block,none,0,0
125,125,BABCOCK BLVD + FAIRFIELD RD,mid_block,none,0,0
12565,12565,BRADDOCK HILLS SHOPPING CENTER + STOREFRONT,mid_block,none,0,0
12567,12567,6TH ST + BALDRIDGE,mid_block,none,0,0
12576,12576,CRAWFORD ST + JUNO,mid_block,none,0,0
1258,1258,AVALON LOOP + CALIFORNIA,mid_block,none,0,0
12588,12588,CRAWFORD ST + JUNO,mid_block,none,0,0
12589,12589,KENNYWOOD MALL DR + HOFFMAN,mid_block,none,0,0
1259,1259,CALIFORNIA AVE + FLORENCE,mid_block,none,0,0
12590,12590,AJAX WAY + COREY AVE,mid_block,none,0,0
12594,12594,WM PENN HWY + PENN CENTER,mid_block,none,0,0
12595,12595,FREEPORT RD + #1150,mid_block,none,0,0
12596,12596,FREEPORT RD + S OAK HILL RD,mid_block,none,0,0
12597,12597,FREEPORT RD + E OAK HILL RD,mid_block,none,0,0
1260,1260,CALIFORNIA AVE + FISK,mid_block,none,0,0
12601,12601,FREEPORT RD + ALPHA (RIDC PARK),near_side,nearside,1,1
12602,12602,FREEPORT RD + CENTER AVE (BLAWNOX),near_side,nearside,1,1
12603,12603,FREEPORT RD + BLAW,near_side,nearside,1,1
12604,12604,FREEPORT RD + MAPLE,mid_block,none,0,0
12605,12605,FREEPORT RD + CABLE,mid_block,none,0,0
12606,12606,FREEPORT RD + HUMBOLDT,mid_block,none,0,0
12608,12608,FREEPORT RD + BOYD,far_side,farside,1,1
12610,12610,FREEPORT RD + CLIFTON,mid_block,none,0,0
12613,12613,FREEPORT RD + #2238,mid_block,none,0,0
12616,12616,FREEPORT RD + GUYS RUN RD,near_side,nearside,1,1
12617,12617,FREEPORT RD + VALLEY MOTEL,mid_block,none,0,0
12618,12618,FREEPORT RD +HWY RT 910( WERNER CAMP),ambiguous,nearside,1,0
12619,12619,FREEPORT RD + ALPHA DR W,near_side,nearside,1,1
1262,1262,CALIFORNIA AVE + BIRMINGHAM,mid_block,none,0,0
12620,12620,ALPHA DR + FREEPORT FS,mid_block,farside,1,0
12634,12634,E 6TH AVE + LOCK,mid_block,none,0,0
12635,12635,E 7TH AVE + WOOD,mid_block,none,0,0
12638,12638,7TH AVE + CENTER,near_side,nearside,1,1
12639,12639,7TH AVE + WESTERN,near_side,nearside,1,1
1264,1264,CALIFORNIA AVE + CHESTNUT,mid_block,none,0,0
12640,12640,7TH AVE + GRANTHAM,near_side,nearside,1,1
12642,12642,FREEPORT RD + WORKS ENT #3,mid_block,none,0,0
12644,12644,FREEPORT RD + BARTSCH,mid_block,none,0,0
12645,12645,FREEPORT RD + ROWES CROSSING,mid_block,none,0,0
12646,12646,FREEPORT RD + CRAWFORD RUN,near_side,nearside,1,1
12647,12647,FREEPORT RD + MURRAY HILL,mid_block,none,0,0
12650,12650,FREEPORT RD + 3RD,near_side,nearside,1,1
12651,12651,FREEPORT RD + 2ND,mid_block,none,0,0
12652,12652,FREEPORT RD + 1ST,mid_block,none,0,0
12656,12656,FREEPORT RD + #153,mid_block,none,0,0
12661,12661,INDUSTRIAL BLVD + KEY LINCOLN-MERCURY,mid_block,none,0,0
12662,12662,FREEPORT RD + GLASSMERE GAS STATION,mid_block,none,0,0
12663,12663,FREEPORT RD + RIDDLE RUN,mid_block,none,0,0
12664,12664,PITTSBURGH ST + BUTLER FS,far_side,farside,1,1
12665,12665,PITTSBURGH ST + ORCHARD,mid_block,none,0,0
12666,12666,PITTSBURGH ST + MOYHEND,mid_block,none,0,0
12668,12668,PITTSBURGH ST + JAMES FS,far_side,farside,1,1
1267,1267,CALIFORNIA AVE + HOME,near_side,nearside,1,1
12670,12670,PITTSBURGH ST + MURTLAND,mid_block,none,0,0
12671,12671,PITTSBURGH ST + COLFAX,near_side,nearside,1,1
12673,12673,PITTSBURGH ST + PORTER,mid_block,none,0,0
12675,12675,PITTSBURGH ST + DUQUESNE CT,mid_block,none,0,0
12678,12678,PITTSBURGH ST + ALLEGHENY,mid_block,none,0,0
12680,12680,PITTSBURGH ST + HILL,mid_block,none,0,0
12683,12683,FREEPORT RD + WILSON,mid_block,none,0,0
12684,12684,FREEPORT RD + ORR,mid_block,none,0,0
12685,12685,FREEPORT RD + JEFFERSON,mid_block,none,0,0
12686,12686,FREEPORT RD + PEARL,near_side,nearside,1,1
12687,12687,FREEPORT RD + MULLIGANS,mid_block,none,0,0
12689,12689,FREEPORT RD + ALPHA DR E,near_side,nearside,1,1
1269,1269,LINCOLN AVE + JACKSON,mid_block,none,0,0
12693,12693,MAIN ST + 21ST ST,near_side,nearside,1,1
12694,12694,MAIN ST + 19TH ST,mid_block,none,0,0
12695,12695,MAIN ST + #1834,mid_block,none,0,0
12696,12696,MAIN ST + 18TH ST,near_side,nearside,1,1
12697,12697,MAIN ST + #1704,mid_block,none,0,0
12698,12698,MAIN ST + 16TH ST,mid_block,none,0,0
12699,12699,MAIN ST + 15TH ST,mid_block,none,0,0
127,127,CORPORATE DR + #5700,mid_block,none,0,0
12700,12700,MAIN ST + 14TH ST,mid_block,none,0,0
12701,12701,MAIN ST + 13TH ST,mid_block,none,0,0
12702,12702,MAIN ST + #1102,mid_block,none,0,0
12703,12703,MAIN ST + CANAL ST,mid_block,none,0,0
12704,12704,MAIN ST + 9TH ST,mid_block,none,0,0
12705,12705,MAIN ST + 8TH ST,near_side,nearside,1,1
12706,12706,MAIN ST + 6TH ST,mid_block,none,0,0
12707,12707,MAIN ST + GARNIER ST,mid_block,none,0,0
12708,12708,MAIN ST + POWERS ST,mid_block,none,0,0
1271,1271,LINCOLN AVE + SHERIDAN AVE,mid_block,none,0,0
12710,12710,FREEPORT ST + GARDEN,mid_block,none,0,0
12711,12711,FREEPORT RD + BUTLER,near_side,nearside,1,1
1273,1273,FREMONT AVE + TEECE AVE,mid_block,none,0,0
1274,1274,FREMONT AVE + ORCHARD AVE,mid_block,none,0,0
1275,1275,FOREST AVE + #414,mid_block,none,0,0
12750,12750,RIDC PARK + TERMINAL,mid_block,none,0,0
12760,2422,BUTLER ST + FREEPORT ST,near_side,nearside,1,1
12761,12761,FREEPORT ST + BRIDGE,mid_block,none,0,0
12763,12763,MAIN ST + PRAEGER ST,mid_block,none,0,0
12764,12764,MAIN ST OPP 6TH ST FS,mid_block,none,0,0
12765,12765,MAIN ST + ALI ST,near_side,nearside,1,1
12766,12766,MAIN ST + 9TH ST,mid_block,none,0,0
12767,12767,MAIN ST + CANAL ST,mid_block,none,0,0
12768,12768,MAIN ST + #1113,mid_block,none,0,0
12769,12769,MAIN ST + 13TH ST,mid_block,none,0,0
1277,1277,FOREST AVE + BALPH AVE,mid_block,none,0,0
12770,12770,MAIN ST + 14TH ST,mid_block,none,0,0
12771,12771,MAIN ST + 15TH ST,mid_block,none,0,0
12772,12772,MAIN ST + 16TH ST,mid_block,none,0,0
12773,12773,MAIN ST + 17TH ST,mid_block,none,0,0
12774,12774,MAIN ST + 18TH ST,near_side,nearside,1,1
12775,12775,MAIN ST + #1841,mid_block,none,0,0
12776,12776,MAIN ST + 19TH ST,mid_block,none,0,0
12777,12777,MAIN ST + 21ST ST,near_side,nearside,1,1
1278,1278,FOREST AVE + #546,mid_block,none,0,0
12782,12782,FREEPORT RD + ALPHA DR E,far_side,farside,1,1
12784,12784,FREEPORT RD + # 1101 (MULLIGANS),mid_block,none,0,0
12785,12785,FREEPORT RD + PEARL,near_side,nearside,1,1
12786,12786,FREEPORT RD + JEFFERSON,mid_block,none,0,0
12787,12787,FREEPORT RD + ORR,mid_block,none,0,0
12788,12788,FREEPORT RD + WILSON,mid_block,none,0,0
1279,1279,FOREST AVE + CAROLYN AVE,mid_block,none,0,0
12790,12790,PITTSBURGH ST + PILLOW,near_side,nearside,1,1
12791,12791,PITTSBURGH ST + HILL,mid_block,none,0,0
12792,12792,PITTSBURGH ST + HIGHLAND FS,mid_block,farside,1,0
12793,12793,PITTSBURGH ST + ALLEGHENY,mid_block,none,0,0
12794,12794,PITTSBURGH ST + SHADY,mid_block,none,0,0
12796,12796,PITTSBURGH ST + DUQUESNE CT,mid_block,none,0,0
12797,12797,PITTSBURGH ST + WASHINGTON,mid_block,none,0,0
12798,12798,PITTSBURGH ST + PORTER,mid_block,none,0,0
12799,12799,PITTSBURGH ST + ROSA,mid_block,none,0,0
1280,1280,FOREST AVE + MARYLAND AVE,mid_block,none,0,0
12801,12801,PITTSBURGH ST + OAK,mid_block,none,0,0
12802,12802,PITTSBURGH + JAMES,far_side,farside,1,1
12803,12803,PITTSBURGH + SCHOOL,near_side,nearside,1,1
12804,12804,PITTSBURGH + MOYHEND,mid_block,none,0,0
12805,12805,PITTSBURGH + HARTREY,mid_block,none,0,0
12806,12806,PITTSBURGH + BUTLER,near_side,nearside,1,1
12807,12807,FREEPORT RD + RIDDLE RUN,mid_block,none,0,0
12808,12808,FREEPORT RD + GLASSMERE GAS STATION,mid_block,none,0,0
12809,12809,FREEPORT RD + #153,mid_block,none,0,0
1281,1281,FOREST AVE + RAVENSWOOD AVE,mid_block,none,0,0
12813,12813,FREEPORT RD + 1ST FS,mid_block,none,0,0
12814,12814,FREEPORT RD + 2ND FS,mid_block,none,0,0
12815,12815,FREEPORT RD + 3RD,far_side,farside,1,1
12817,12817,FREEPORT RD + MURRAY HILL,mid_block,none,0,0
12818,12818,FREEPORT RD + CRAWFORD RUN,far_side,farside,1,1
12819,12819,FREEPORT RD + ROWES CROSSING,mid_block,none,0,0
12820,12820,FREEPORT RD + BARTSCH,mid_block,none,0,0
12826,12826,W 7TH AVE + CENTER,near_side,nearside,1,1
12830,12830,E 4TH AVE + HICKORY AL,mid_block,none,0,0
12833,12833,E 5TH AVE + ROSS,ambiguous,none,0,0
12834,21484,ALPHA DR + FREEPORT RD FS,far_side,farside,1,1
12836,12836,ALPDA DR + PRINT TECH DRVWY,mid_block,none,0,0
12838,12838,RIDC PARK + TERMINAL,mid_block,none,0,0
12847,12847,ALPHA DR + BETA DR FS,mid_block,none,0,0
1288,1288,CENTER AVE + HARVARD AVE,mid_block,none,0,0
1289,1289,CENTER AVE + YALE AVE,mid_block,none,0,0
129,129,MCKNIGHT RD + MALIBRAN DR,mid_block,none,0,0
1290,1290,CENTER AVE + PRINCETON AVE,mid_block,none,0,0
1291,1291,CENTER AVE + CORNELL AVE,mid_block,none,0,0
12989,12989,PARKER ST + #90,mid_block,none,0,0
1301,1301,CENTER AVE + PRINCETON AVE,mid_block,none,0,0
1302,1302,CENTER AVE + YALE AVE,mid_block,none,0,0
13023,13023,PARKER ST + #90,mid_block,none,0,0
1303,1303,CENTER AVE + HARVARD AVE,mid_block,none,0,0
1304,1304,CORNELL AVE + CORNELL AVE EXT,mid_block,none,0,0
1306,1306,CORNELL AVE + OAKRIDGE RD,mid_block,none,0,0
1309,1309,FOREST AVE + KLEMONT AVE,mid_block,none,0,0
1310,1310,FOREST AVE + RAVENSWOOD AVE,mid_block,none,0,0
1311,1311,FOREST AVE + MARYLAND AVE,mid_block,none,0,0
1312,1312,FOREST AVE + CAROLYN AVE FS,mid_block,none,0,0
1313,1313,FOREST AVE + #550,mid_block,none,0,0
1314,1314,FOREST AVE + BALPH AVE,mid_block,none,0,0
1317,1317,BALPH AVE + TEECE AVE,near_side,nearside,1,1
1319,1319,LINCOLN AVE + JACKSON,mid_block,none,0,0
132,132,MCKNIGHT RD + BROWNS LN,far_side,nearside,1,1
1320,1320,LINCOLN AVE + STARR AVE,near_side,nearside,1,1
1321,1321,CALIFORNIA AVE + HOME,near_side,nearside,1,1
1324,1324,CALIFORNIA AVE + CHESTNUT,mid_block,none,0,0
1325,1325,CALIFORNIA AVE + SCHOOL,mid_block,none,0,0
1326,1326,CALIFORNIA AVE + BIRMINGHAM,mid_block,none,0,0
13317,13317,FREEPORT RD + PENNSYLVANIA,mid_block,none,0,0
13318,13318,FREEPORT RD + PRINCETON,near_side,nearside,1,1
13319,13319,FREEPORT RD + FAIRMONT,mid_block,none,0,0
13320,13320,FREEPORT RD + MONTANA,near_side,nearside,1,1
13321,13321,FREEPORT RD + IDAHO,mid_block,none,0,0
13323,13323,FREEPORT RD + ALABAMA,near_side,nearside,1,1
13324,13324,FREEPORT RD + MILE LOCK,mid_block,none,0,0
13326,13326,9TH ST + MORGAN,mid_block,none,0,0
13333,13333,FREEPORT RD + MILE LOCK,mid_block,none,0,0
13334,13334,FREEPORT RD + ALABAMA,near_side,nearside,1,1
13335,13335,FREEPORT RD + ARGONNE,mid_block,none,0,0
13336,13336,FREEPORT RD + CALIFORNIA,near_side,nearside,1,1
13337,13337,FREEPORT RD + IDAHO,mid_block,none,0,0
13338,13338,FREEPORT RD + MONTANA,near_side,nearside,1,1
13339,13339,FREEPORT RD + PRINCETON,near_side,nearside,1,1
13357,13357,ALPHA DR + FREEPORT RD,near_side,nearside,1,1
1337,1337,MERCHANT ST + PA JOB SERVICE,mid_block,none,0,0
1338,1338,MERCHANT ST + VALLEY,mid_block,none,0,0
134,134,MCKNIGHT RD + TOYOTA DEALERSHIP,mid_block,none,0,0
1340,1340,BEAVER RD + LEET FS,mid_block,none,0,0
13404,13404,FREEPORT RD + SAXONBURG,near_side,nearside,1,1
13405,13405,FREEPORT RD + LENGEL,mid_block,none,0,0
13406,13406,FREEPORT RD + DAVIS,mid_block,none,0,0
13408,13408,FREEPORT RD + BURTNER,near_side,nearside,1,1
1341,1341,BEAVER RD + BROAD FS,mid_block,none,0,0
13410,13410,FREEPORT RD + LILAC FS,mid_block,none,0,0
13411,13411,FREEPORT RD + POPLAR,mid_block,none,0,0
1342,1342,BEAVER RD + #305,mid_block,none,0,0
1343,1343,BEAVER RD + RAPP,mid_block,none,0,0
1344,1344,BEAVER RD + SPENCER,mid_block,none,0,0
1345,1345,BEAVER RD + CAMP MEETING,mid_block,none,0,0
13459,13459,FREEPORT RD + ROSS,mid_block,none,0,0
1346,1346,BEAVER RD + OAK,mid_block,none,0,0
13460,13460,FREEPORT RD + BURTNER,near_side,nearside,1,1
13462,13462,FREEPORT RD + AUTO PARTS STORE,mid_block,none,0,0
13464,13464,FREEPORT RD + HARRISON,mid_block,none,0,0
13465,13465,FREEPORT RD + SAXONBURG,far_side,farside,1,1
13466,13466,FREEPORT RD + OLIVE,mid_block,none,0,0
13467,13467,FREEPORT RD + SPRING HILL,near_side,nearside,1,1
13468,13468,FREEPORT RD + HARVARD,mid_block,none,0,0
1347,1347,BEAVER RD + VALLEY,mid_block,none,0,0
13471,13471,PENN ST + UNION,mid_block,none,0,0
13472,13472,PENN ST + ATLANTIC,mid_block,none,0,0
13473,13473,PENN ST + ROUP,mid_block,none,0,0
13474,13474,9TH ST + PENN FS,mid_block,none,0,0
13475,13475,9TH ST + PROSPECT,mid_block,none,0,0
13476,13476,9TH ST + GRANT,mid_block,none,0,0
13477,13477,9TH ST + HORNER,mid_block,none,0,0
13478,13478,9TH ST + ORMOND,mid_block,none,0,0
13479,13479,9TH ST + CORBET,mid_block,none,0,0
1348,1348,BEAVER RD + VILLAGE DR,mid_block,none,0,0
1349,1349,BEAVER RD + LITTLE SEWICKLEY,mid_block,none,0,0
13490,13490,9TH ST + MORGAN,mid_block,none,0,0
13492,13492,PENN ST + ATLANTIC,mid_block,none,0,0
13494,13494,PENN ST + UNION,mid_block,none,0,0
13496,13496,BOYCE CAMPUS EAST PKG LOT + STEPS,mid_block,none,0,0
13498,13498,BEATTY RD + COLLEGE PARK,mid_block,none,0,0
135,135,MCKNIGHT RD + ROSS TOWNE CENTER,near_side,nearside,1,1
1350,1350,BEAVER RD + SHIELDS,mid_block,none,0,0
13500,13500,OLD WM PENN HWY + GLENWOOD DR,mid_block,none,0,0
13502,13502,OLD WM PENN HWY + BAYHILL DR,mid_block,none,0,0
13503,13503,OLD WM PENN HWY + SCOTT DR,mid_block,none,0,0
13504,13504,OLD WM PENN HWY + WILLIAMSBURG DR,mid_block,none,0,0
13506,13506,OLD WM PENN HWY + GOOD SHEPHERD,mid_block,none,0,0
13507,13507,HAYMAKER RD + CLOVER DR,mid_block,none,0,0
13508,13508,LOWES DR + FOX PLAN RD FS,mid_block,none,0,0
13509,13509,WM PENN HWY + SUNRISE HOTEL,mid_block,none,0,0
1351,1351,BEAVER RD + CHURCH,mid_block,none,0,0
13512,13512,WM PENN HWY + DUFFS,near_side,nearside,1,1
13513,13513,WM PENN HWY + RED LOBSTER,mid_block,none,0,0
13515,13515,WM PENN HWY + COUNTRY SQUARE SHOPPING CENTER,mid_block,none,0,0
13516,13516,MALL BLVD + MALL BLVD PLAZA,mid_block,none,0,0
13517,13517,MALL BLVD + STEPS,mid_block,none,0,0
13518,13518,WM PENN HWY + RODI FS,far_side,farside,1,1
13521,13521,MCCRADY RD AT BEULAH CHURCH PARK AND RIDE,mid_block,none,0,0
13523,13523,BEATTY RD + BRUNNER DR,mid_block,none,0,0
13526,13526,BEATTY RD + HAYMAKER RD,near_side,none,0,1
1353,1353,BEAVER RD + CHESTNUT,mid_block,none,0,0
1354,1354,BEAVER RD + QUAKER,mid_block,none,0,0
1355,1355,BEAVER RD + MEADOW,mid_block,none,0,0
13565,13565,HOLIDAY PARK RD + HWY RT 286,ambiguous,nearside,1,0
13567,13567,HWY RT 286 + DUANE,mid_block,none,0,0
13568,13568,HWY RT 286 AT HOLIDAY PARK VFD,mid_block,none,0,0
13569,13569,HWY RT 286 + PRESQUE ISLE,near_side,nearside,1,1
1357,1357,BEAVER ST + GRANT,mid_block,none,0,0
13570,13570,HWY RT 286 + KANE (YMCA),near_side,nearside,1,1
13571,13571,HWY RT 286 + PINE VALLEY,near_side,nearside,1,1
13572,13572,HWY RT 286 AT NEW TEXAS RD - PLUM PARK AND RIDE,near_side,nearside,1,1
13574,13574,HWY RT 286 + WESTINGHOUSE #1,near_side,nearside,1,1
13576,13576,HWY RT 286 + PROFESSIONAL CENTER,mid_block,none,0,0
13577,13577,HWY RT 286 + DAY CHEVROLET,mid_block,none,0,0
1358,1358,BEAVER ST + LITTLE,mid_block,none,0,0
13585,13585,WM PENN HWY + NOTTINGHAM,far_side,nearside,1,1
13588,13588,RODI RD + PENN CENTER BLVD,mid_block,none,0,0
1359,1359,BEAVER ST + WALNUT,mid_block,none,0,0
13590,13590,PENN CENTER BLVD + PENN TOWERS (UPPER),mid_block,none,0,0
13591,13591,PENN CENTER BLVD + BLDG #7,mid_block,none,0,0
13592,13592,PENN CENTER BLVD + BLDG #3,mid_block,none,0,0
13593,13593,PENN CENTER BLVD + WM PENN,near_side,nearside,1,1
13594,13594,MALL BLVD + TGI FRIDAY,mid_block,none,0,0
13595,13595,MALL BLVD + PATEL BROTHERS,mid_block,none,0,0
13596,13596,MALL BLVD + WM PENN,near_side,nearside,1,1
13599,13599,WM PENN HWY + RED LOBSTER,mid_block,none,0,0
136,136,MCKNIGHT RD + OLD MCKNIGHT RD,mid_block,none,0,0
13600,13600,WM PENN HWY + DENNYS,mid_block,none,0,0
13601,13601,WM PENN HWY + STROSCHEIN,near_side,none,0,1
13603,13603,HAYMAKER RD + CLOVER DR,mid_block,none,0,0
13604,13604,OLD WM PENN HWY + GOOD SHEPHERD,mid_block,none,0,0
13605,13605,OLD WM PENN HWY + WILLIAMSBURG DR,mid_block,none,0,0
13606,13606,OLD WM PENN HWY + SCOTT DR,mid_block,none,0,0
13607,13607,OLD WM PENN HWY + BAYHILL DR,mid_block,none,0,0
13609,13609,OLD WM PENN HWY + GLENWOOD DR,mid_block,none,0,0
1361,1361,BEAVER ST + LOGAN FS,mid_block,none,0,0
13610,13610,BEATTY RD + COLLEGE PARK,mid_block,none,0,0
13611,13611,BEATTY RD + BEATTY POINTE VILLAGE,mid_block,none,0,0
13620,13620,BEATTY RD + BRUNNER DR,mid_block,none,0,0
13629,13629,HWY RT 286 + #1610,mid_block,none,0,0
1363,1363,BEAVER ST + BEAVER CT,mid_block,none,0,0
13631,13631,HWY RT 286 + WESTINGHOUSE #2,near_side,nearside,1,1
13633,13633,HWY RT 286 OPP NEW TEXAS RD - PLUM PARK AND RIDE,near_side,nearside,1,1
13634,13634,HWY RT 286 + PINE VALLEY,far_side,nearside,1,1
13635,13635,HWY RT 286 + KANE (YMCA),near_side,nearside,1,1
13636,13636,HWY RT 286 + SANDUNE,near_side,nearside,1,1
13637,13637,OLD ABERS CREEK RD + HOLIDAY PARK VFD,mid_block,none,0,0
13638,13638,FIESTA DR + SUN VALLEY,mid_block,none,0,0
1364,1364,BEAVER ST + BOUNDARY,mid_block,none,0,0
13640,13640,FIESTA DR + RIVIERA,mid_block,none,0,0
1365,1365,BEAVER ST + MCKOWN,mid_block,none,0,0
1366,1366,BEAVER ST + OSBORNE,mid_block,none,0,0
1368,1368,BEAVER ST + #1446,mid_block,none,0,0
1370,1370,BEAVER ST + SYCAMORE,mid_block,none,0,0
13706,13706,WM PENN HWY + PENN CENTER,near_side,nearside,1,1
13707,13707,WM PENN HWY + HAWTHORNE,mid_block,none,0,0
1371,1371,BEAVER ST + RIVER,near_side,nearside,1,1
1373,1373,OHIO RIVER BLVD OPP GLENFIELD PARK AND RIDE,mid_block,none,0,0
1376,1376,OHIO RIVER BLVD + WALLISTON,mid_block,none,0,0
1377,1377,OHIO RIVER BLVD + ALLEGHENY,near_side,nearside,1,1
1378,1378,OHIO RIVER BLVD + PENNSYLVANIA,mid_block,none,0,0
13789,13789,FRANKSTOWN RD + CHAMPA ST,mid_block,none,0,0
1379,1379,OHIO RIVER BLVD + MAPLE,mid_block,none,0,0
13791,13791,FRANKSTOWN RD + HOWARD ST,mid_block,none,0,0
13792,13792,FRANKSTOWN RD + BON AIR RD,mid_block,none,0,0
13793,13793,FRANKSTOWN RD + ORIN ST,mid_block,none,0,0
13794,13794,FRANKSTOWN RD + CURTIS ST,mid_block,none,0,0
13795,13795,FRANKSTOWN RD + CRAB HOLLOW DR,mid_block,none,0,0
13796,13796,FRANKSTOWN RD + DUFFIELD AVE,mid_block,none,0,0
13797,13797,FRANKSTOWN RD AT HEBRON CHURCH,mid_block,none,0,0
1380,1380,OHIO RIVER BLVD + WILLOW,mid_block,nearside,1,0
1381,1381,OHIO RIVER BLVD + MEMORIAL,mid_block,none,0,0
1382,1382,OHIO RIVER BLVD + BRIGHTON (#7139),far_side,nearside,1,1
1383,1383,OHIO RIVER BLVD + DICKSON,mid_block,none,0,0
1384,1384,OHIO RIVER BLVD + MONITOR,near_side,nearside,1,1
13840,13840,OLD WM PENN HWY + BEATTY,mid_block,none,0,0
1385,1385,OHIO RIVER BLVD + HARRISON,mid_block,none,0,0
1386,1386,OHIO RIVER BLVD + BIRMINGHAM AVE BRIDGE,mid_block,none,0,0
1387,1387,OHIO RIVER BLVD + ELIZABETH,mid_block,nearside,1,0
1388,1388,OHIO RIVER BLVD + EAT-N-PARK,mid_block,none,0,0
1389,1389,OHIO RIVER BLVD + RIVERVIEW,near_side,nearside,1,1
139,139,MCKNIGHT RD + NORTH HILLS VILLAGE (NORTH ENT),near_side,nearside,1,1
1390,1390,OHIO RIVER BLVD + SPRING AVE (STEPS),mid_block,none,0,0
1391,1391,OHIO RIVER BLVD + SHILOH,mid_block,none,0,0
1392,1392,OHIO RIVER BLVD + KENDALL,near_side,nearside,1,1
13931,13931,HWY RT 286 + DAY CHEVROLET,mid_block,none,0,0
1395,1395,CALIFORNIA AVE + MARSHALL AVE,near_side,nearside,1,1
1397,1397,BEAVER AVE + PENNSYLVANIA,mid_block,none,0,0
1398,1398,BEAVER AVE + NORTH,mid_block,none,0,0
1400,1400,BEAVER AVE + NORTH POINTE,mid_block,none,0,0
14023,14023,GREENSBURG PIKE + UNION,mid_block,none,0,0
14024,14024,GREENSBURG PIKE + HILDA,mid_block,none,0,0
1407,1407,EAST BUSWAY + PENN STATION C,mid_block,busway,0,0
1408,1408,LIBERTY AVE + SMITHFIELD ST,near_side,nearside,1,1
1410,22256,LIBERTY AVE + 6TH ST NS,mid_block,nearside,1,0
14108,14108,STATION ST. + HERMAN,mid_block,none,0,0
1413,1413,WESTERN AVE + MANHATTAN FS,mid_block,none,0,0
1414,1414,CHATEAU ST + NORTH,mid_block,none,0,0
1415,1415,CHATEAU ST + SHEFFIELD,mid_block,none,0,0
1416,1416,CHATEAU ST + PENNSYLVANIA,mid_block,none,0,0
14164,14164,FRANKSTOWN RD + 1ST REFORMED CHURCH,mid_block,none,0,0
14165,14165,FRANKSTOWN RD + CRESTVIEW RD,mid_block,none,0,0
14179,14179,UNIVERSAL RD + JOSLYN,mid_block,none,0,0
1418,1418,CHATEAU ST + JUNIATA,mid_block,none,0,0
14186,14186,UNIVERSAL RD + JOSLYN,mid_block,none,0,0
14187,14187,UNIVERSAL RD + STOTLER,mid_block,none,0,0
14188,14188,UNIVERSAL RD #1048,mid_block,none,0,0
1419,1419,CALIFORNIA AVE + MARSHALL AVE,far_side,nearside,1,1
14190,14190,UNIVERSAL RD + FREY,mid_block,none,0,0
14191,14191,UNIVERSAL RD + COLLINS,mid_block,none,0,0
14192,14192,UNIVERSAL RD + GREENWAY,mid_block,none,0,0
14193,14193,UNIVERSAL RD + POPLAR RIDGE RD FS,mid_block,none,0,0
14194,14194,UNIVERSAL RD + VOLUNTEER FIRE CO,mid_block,none,0,0
1421,1421,OHIO RIVER BLVD + MILLERTON,mid_block,none,0,0
1422,1422,OHIO RIVER BLVD + KENDALL,near_side,nearside,1,1
14221,14221,UNIVERSAL RD + #150,mid_block,none,0,0
14226,14226,UNIVERSAL RD + FREY,mid_block,none,0,0
14227,14227,UNIVERSAL RD + #1048,mid_block,none,0,0
14228,14228,UNIVERSAL RD + STOTLER,mid_block,none,0,0
1424,1424,OHIO RIVER BLVD + SHILOH,mid_block,none,0,0
14242,14242,FRANKSTOWN RD + 1ST REFORMED CHURCH,mid_block,none,0,0
14248,14248,VERONA RD + THIRD ST,mid_block,none,0,0
1425,1425,OHIO RIVER BLVD + SPRING AVE (STEPS),mid_block,none,0,0
1427,1427,OHIO RIVER BLVD + EAT-N-PARK,mid_block,none,0,0
1429,1429,OHIO RIVER BLVD + LOCUST,mid_block,none,0,0
1430,1430,OHIO RIVER BLVD + BIRMINGHAM AVE BRIDGE,mid_block,none,0,0
14305,14305,HULTON RD + THE FAIRWAYS,mid_block,none,0,0
14308,14308,HULTON RD + 10TH,mid_block,none,0,0
14309,14309,HULTON RD + 9TH,mid_block,none,0,0
1431,1431,OHIO RIVER BLVD + HARRISON,mid_block,none,0,0
14311,14311,HULTON RD + 5TH,mid_block,none,0,0
14319,14319,ALLEGHENY RIVER BLVD + CENTER,near_side,nearside,1,1
1432,1432,OHIO RIVER BLVD + FISK,near_side,nearside,1,1
14320,14320,ALLEGHENY RIVER BLVD + SOUTH,near_side,nearside,1,1
14321,14321,WILDWOOD AVE + #444,mid_block,none,0,0
14322,14322,WILDWOOD AVE + FOOD PARK,mid_block,none,0,0
14323,14323,VERONA RD + 2ND ST,mid_block,none,0,0
14324,14324,VERONA RD + ELLIOTT,mid_block,none,0,0
14325,14325,VERONA RD + RIVERVIEW,mid_block,none,0,0
14326,14326,VERONA RD + RAITHEL,mid_block,none,0,0
14327,14327,VERONA RD + RIVERSIDE,mid_block,none,0,0
14328,14328,VERONA RD + GALETON,mid_block,none,0,0
1433,1433,OHIO RIVER BLVD + LAUREL,mid_block,none,0,0
14330,14330,VERONA RD + POKETA,near_side,nearside,1,1
14331,14331,VERONA RD + ARTHUR,mid_block,none,0,0
14332,14332,VERONA RD + HOMESTEAD,mid_block,none,0,0
14333,14333,VERONA RD + MAPLE,mid_block,none,0,0
14334,14334,VERONA RD + RANDOLPH,mid_block,none,0,0
1434,1434,OHIO RIVER BLVD + DICKSON,mid_block,none,0,0
14340,14340,VERONA RD + GRAHAM BLVD EXT,mid_block,none,0,0
1435,1435,OHIO RIVER BLVD + BRIGHTON,near_side,nearside,1,1
14355,14355,HAMILTON AVE + JULIUS,mid_block,none,0,0
14357,14357,HAMILTON AVE + ENTERPRISE,mid_block,none,0,0
14358,14358,HAMILTON AVE + EAST LIBERTY BLVD,near_side,nearside,1,1
1436,1436,OHIO RIVER BLVD + MEMORIAL DR,mid_block,none,0,0
14363,14363,BAUM BLVD + GRAHAM ST,near_side,nearside,1,1
14364,14364,BAUM BLVD + LIBERTY AVE,near_side,nearside,1,1
14365,14365,BAUM BLVD + CYPRESS ST FS,far_side,farside,1,1
14366,14366,BAUM BLVD + MOREWOOD AVE,near_side,nearside,1,1
14367,14367,BAUM BLVD + MILLVALE AVE,near_side,nearside,1,1
14368,14368,BAUM BLVD + ENFIELD ST,mid_block,none,0,0
14369,14369,BAUM BLVD + MELWOOD AVE,near_side,nearside,1,1
14370,14370,CRAIG ST + BAUM BLVD FS,mid_block,farside,1,0
14371,14371,HULTON RD + RIVERVIEW HS,mid_block,none,0,0
1438,1438,OHIO RIVER BLVD + ORCHARD,mid_block,none,0,0
14382,14382,FRANKSTOWN RD + SPRING GROVE RD,near_side,nearside,1,1
14384,14384,FRANKSTOWN RD + PARKRIDGE DR FS,mid_block,none,0,0
14385,14385,FRANKSTOWN RD + HARVARD DR,mid_block,none,0,0
14386,14386,FRANKSTOWN RD + LIME HOLLOW RD,near_side,nearside,1,1
14387,14387,FRANKSTOWN RD + RODI RD,near_side,nearside,1,1
14388,14388,FRANKSTOWN RD + DUFF RD,near_side,nearside,1,1
1439,1439,OHIO RIVER BLVD + PENNSYLVANIA,mid_block,none,0,0
14390,14390,FRANKSTOWN RD + BANYON DR,mid_block,none,0,0
14391,14391,FRANKSTOWN RD + HIGHPOINT DR FS,mid_block,none,0,0
14393,14393,FRANKSTOWN RD + ERHARDT DR,mid_block,none,0,0
14394,14394,FRANKSTOWN RD + BARTHOLOMEW CHURCH DR,mid_block,none,0,0
14396,14396,FRANKSTOWN RD + COAL HOLLOW RD,near_side,nearside,1,1
14397,14397,FRANKSTOWN RD + #10485,mid_block,none,0,0
14399,14399,FRANKSTOWN RD + CRAB HOLLOW DR,mid_block,none,0,0
1440,1440,OHIO RIVER BLVD + ALLEGHENY,near_side,nearside,1,1
14400,14400,FRANKSTOWN RD + CURTIS ST,mid_block,none,0,0
14401,14401,FRANKSTOWN RD + FRANKSTOWN GARDENS,mid_block,none,0,0
14402,14402,FRANKSTOWN RD + MCCLUTCHEON LN,mid_block,none,0,0
14404,14404,FRANKSTOWN RD + HOWARD ST,mid_block,none,0,0
14406,14406,FRANKSTOWN RD + CHAMPA ST,mid_block,none,0,0
14408,14408,FRANKSTOWN RD + GRAHAM BLVD,near_side,nearside,1,1
1441,1441,OHIO RIVER BLVD + HAZELWOOD,near_side,nearside,1,1
14415,14415,BAUM BLVD + MILLVALE AVE,near_side,nearside,1,1
14416,14416,BAUM BLVD + MOREWOOD AVE,near_side,nearside,1,1
14417,14417,BAUM BLVD + CYPRESS ST,near_side,nearside,1,1
14421,14421,HAMILTON AVE + ENTERPRISE,mid_block,none,0,0
14422,14422,HAMILTON AVE + JULIUS,mid_block,none,0,0
14435,14435,VERONA RD + GIANT EAGLE,mid_block,none,0,0
14436,14436,VERONA RD + GRAHAM BLVD EXT,mid_block,none,0,0
1444,1444,OHIO RIVER BLVD + KILBUCK (I-79 ENT),mid_block,none,0,0
14442,14442,VERONA RD + RANDOLPH,mid_block,none,0,0
14443,14443,VERONA RD + MAPLE,mid_block,none,0,0
14444,14444,VERONA RD + ROSEDALE,mid_block,none,0,0
14445,14445,VERONA RD + BRINLEY,mid_block,none,0,0
14446,14446,VERONA RD + POKETA,near_side,nearside,1,1
14448,14448,VERONA RD + GALETON,mid_block,none,0,0
14449,14449,VERONA RD + QUINCY,mid_block,none,0,0
14450,14450,VERONA RD + RAITHEL FS,mid_block,none,0,0
14451,14451,VERONA RD + RIVERVIEW,mid_block,none,0,0
14452,14452,VERONA RD + ELLIOTT,mid_block,none,0,0
14453,14453,VERONA RD + 2ND,mid_block,none,0,0
14456,14456,ALLEGHENY RIVER BLVD + SOUTH,near_side,nearside,1,1
1446,1446,BEAVER ST + RIVER,near_side,nearside,1,1
14466,14466,HULTON RD + 5TH ST,mid_block,none,0,0
14468,14468,HULTON RD + 9TH,mid_block,none,0,0
14469,14469,HULTON RD + 10TH,mid_block,none,0,0
1447,1447,BEAVER ST + SYCAMORE,mid_block,none,0,0
14471,14471,HULTON RD + 12TH,mid_block,none,0,0
14473,14473,HULTON RD + THE FAIRWAYS,mid_block,none,0,0
14474,14474,HULTON RD + COXCOMB,near_side,none,0,1
1449,1449,BEAVER ST + #1449,mid_block,none,0,0
14508,14508,HULTON RD + 3RD,mid_block,none,0,0
14510,14510,FRANKSTOWN RD + ROBINSON BLVD FS,mid_block,none,0,0
14511,14511,FRANKSTOWN RD + GRAHAM BLVD,near_side,nearside,1,1
14512,14512,FRANKSTOWN RD + BEULAH RD FS,mid_block,none,0,0
14513,14513,FRANKSTOWN RD + RITZLAND RD,mid_block,none,0,0
14514,14514,FRANKSTOWN RD + VANCE ST,mid_block,none,0,0
14516,14516,FRANKSTOWN RD + ERHARDT DR,mid_block,none,0,0
14517,14517,FRANKSTOWN RD + HIGHLAND DR,mid_block,none,0,0
1452,1452,BEAVER ST + OSBORNE,mid_block,none,0,0
14520,14520,FRANKSTOWN RD + LONG RD,near_side,nearside,1,1
14522,14522,FRANKSTOWN RD + RODI RD FS,mid_block,farside,1,0
14523,14523,FRANKSTOWN RD + LIME HOLLOW RD,near_side,nearside,1,1
14524,14524,FRANKSTOWN RD + HARVARD DR FS,mid_block,none,0,0
14528,14528,FRANKSTOWN RD + SHENANDOAH DR,near_side,nearside,1,1
1453,1453,BEAVER ST + DAVIS LANE,mid_block,none,0,0
1455,1455,BEAVER ST + NEVIN,mid_block,none,0,0
1456,1456,BEAVER ST + ST ANDREWS CHURCH,mid_block,none,0,0
14568,14568,WASHINGTON BLVD + HIGHLAND,ambiguous,nearside,1,0
1457,1457,BEAVER ST + STRAIGHT,mid_block,none,0,0
14570,14570,WASHINGTON BLVD + LIBERTY WELDING,mid_block,none,0,0
14571,14571,WASHINGTON BLVD + SHETLAND,mid_block,none,0,0
14572,14572,WASHINGTON BLVD + FRANKSTOWN,near_side,nearside,1,1
14573,14573,FIFTH AVE + HAMILTON,near_side,nearside,1,1
14577,14577,WASHINGTON BLVD + HIGHLAND,ambiguous,nearside,1,0
1458,1458,BEAVER ST + BROAD,near_side,nearside,1,1
1459,1459,BEAVER RD + BLACKBURN FS,mid_block,none,0,0
1460,1460,BEAVER ST + GRIMES,mid_block,none,0,0
14601,14601,CONNECTING RD + HAYMAKER RD,mid_block,none,0,0
14602,14602,CENTER RD + HELMAR DR FS,mid_block,none,0,0
14605,14605,CENTER RD + LORRAINE DR FS,mid_block,none,0,0
14606,14606,CENTER RD + COTTAGE LN,mid_block,none,0,0
14610,14610,CENTER RD + FOUR SEASONS APTS,mid_block,none,0,0
14612,14612,CENTER RD + WIMBLEDON DR,mid_block,none,0,0
14614,14614,MONROEVILLE-TRESTLE RD + FOUR SEASONS,mid_block,none,0,0
1462,1462,BEAVER ST + GRANT,mid_block,none,0,0
14620,14620,UNITY TRESTLE RD + #1049,mid_block,none,0,0
14623,14623,UNITY TRESTLE RD + COLLEGE AVE,mid_block,none,0,0
14624,14624,UNITY TRESTLE RD + JACKSON RD,mid_block,none,0,0
1463,1463,BEAVER RD + ACADEMY,near_side,nearside,1,1
14630,14630,UNITY TRESTLE RD + UNIVERSAL RD,mid_block,none,0,0
14634,14634,LEECHBURG RD + BARCKHOFF ST FS,mid_block,none,0,0
14636,14636,LEECHBURG RD + SUTTON DR,mid_block,none,0,0
1464,1464,BEAVER RD + MEADOW FS,mid_block,none,0,0
14642,14642,LEECHBURG RD + COURTNEY DR,mid_block,none,0,0
14643,14643,LEECHBURG RD + CLOVERLEAF RD,mid_block,none,0,0
14645,14645,LEECHBURG RD + RICHEY DR,mid_block,none,0,0
14646,14646,LEECHBURG RD + SALTSBURG RD,near_side,nearside,1,1
14647,14647,SALTSBURG RD + HULTON RD NS,mid_block,none,0,0
1465,1465,BEAVER RD + QUAKER,mid_block,none,0,0
1466,1466,BEAVER RD + CHESTNUT,mid_block,none,0,0
14671,14671,SALTSBURG RD + STOTLER RD,near_side,nearside,1,1
14674,14674,SALTSBURG RD + ALCOMA GOLF CLUB,mid_block,none,0,0
14675,14675,SALTSBURG RD + HERSHEY RD,mid_block,none,0,0
1468,1468,BEAVER RD + CHURCH,mid_block,none,0,0
14682,14682,MAIN ST + THOMPSON RUN,mid_block,none,0,0
14683,14683,MAIN ST + #2344,mid_block,none,0,0
14685,14685,MAIN ST + REITER,mid_block,none,0,0
14686,14686,MAIN ST + #2636,mid_block,none,0,0
14687,14687,UNIVERSAL RD + AUSTIN,mid_block,none,0,0
14688,14688,UNIVERSAL RD + SALTBURG,near_side,nearside,1,1
14689,14689,SALTSBURG RD + FORD AVE,mid_block,none,0,0
1469,1469,BEAVER RD + SHIELDS,mid_block,none,0,0
14690,14690,SALTSBURG RD + REITER RD,mid_block,none,0,0
14691,14691,SALTSBURG RD + CRESTVIEW DR,mid_block,none,0,0
14693,14693,SALTSBURG RD + MILLERS LN,mid_block,none,0,0
14706,14706,CENTER RD + FOUR SEASONS APTS,mid_block,none,0,0
1471,1471,BEAVER RD + VILLAGE DR,mid_block,none,0,0
14710,14710,CENTER RD + COTTAGE LN,mid_block,none,0,0
14711,14711,CENTER RD + FRANKLIN HEIGHTS DR FS,mid_block,none,0,0
14714,14714,CENTER RD + HELMAR DR FS,mid_block,none,0,0
14716,14716,HAYMAKER RD + BEATTY RD,mid_block,none,0,0
1472,1472,BEAVER RD + VALLEY,mid_block,none,0,0
1473,1473,BEAVER RD + OAK,mid_block,none,0,0
1474,1474,BEAVER RD + CAMP MEETING,mid_block,none,0,0
14743,14743,SALTSBURG RD + REGENCY DR,mid_block,none,0,0
14745,14745,SALTSBURG RD + CHAPEL HILL DENTAL (#7641),mid_block,none,0,0
14746,14746,SALTSBURG RD + CRESTVIEW DR,mid_block,none,0,0
14747,14747,SALTSBURG RD + REITER RD,mid_block,none,0,0
14748,14748,SALTSBURG RD + FORD AVE,mid_block,none,0,0
14749,14749,SALTSBURG RD + UNIVERSAL RD FS,far_side,farside,1,1
1475,1475,BEAVER RD + SPENCER,mid_block,none,0,0
14752,14752,SALTSBURG RD + COLONIAL VILLAGE DR,mid_block,none,0,0
14753,14753,SALTSBURG RD + TILFORD RD,mid_block,none,0,0
14754,14754,SALTSBURG RD + CHANTICLEER DR,mid_block,none,0,0
14755,14755,SALTSBURG RD + ALCOMA DR,mid_block,none,0,0
14756,14756,SALTSBURG RD + HERSHEY RD,mid_block,none,0,0
1476,1476,BEAVER RD + RAPP,mid_block,none,0,0
14760,14760,SALTSBURG RD + STOTLER RD,near_side,nearside,1,1
14762,14762,SALTSBURG RD + ASTER ST NS,mid_block,none,0,0
14763,14763,SALTSBURG RD + LEECHBURG RD,near_side,nearside,1,1
1477,1477,BEAVER RD + #306,mid_block,none,0,0
1478,1478,BEAVER ST + BROAD,mid_block,none,0,0
1479,1479,BEAVER RD + LEET,mid_block,none,0,0
14790,14790,SALTSBURG RD + CHANTICLEER DR,mid_block,none,0,0
14791,14791,SALTSBURG RD + TILFORD RD,mid_block,none,0,0
14792,14792,SALTSBURG RD + COLONIAL VILLAGE DR,mid_block,none,0,0
14796,14796,SALTSBURG RD + PIERSON RUN RD FS,mid_block,none,0,0
1480,1480,BEAVER RD + MAIN FS,mid_block,none,0,0
1481,1481,MERCHANT ST + VALLEY,mid_block,none,0,0
1483,1483,MERCHANT ST + 3RD,mid_block,none,0,0
14844,14844,FRIENDSHIP AVE + FAIRMOUNT FS,mid_block,nearside,1,0
14852,14852,FRIENDSHIP AVE + MILLVALE AVE,mid_block,none,0,0
14853,14853,FRIENDSHIP AVE + EDMOND ST,near_side,nearside,1,1
14854,14854,FRIENDSHIP AVE + PEARL ST,near_side,nearside,1,1
14855,19120,ELLA ST + FRIENDSHIP AVE FS,mid_block,none,0,0
14856,14856,ELLA ST + LIBERTY,near_side,nearside,1,1
14857,2609,LIBERTY AVE + CANOE WAY,mid_block,none,0,0
14861,19447,HOWLEY ST + SHUR SAVE DRVWY (GANGWISH),mid_block,none,0,0
14862,14862,HOWLEY ST + FRIENDSHIP,near_side,nearside,1,1
14863,14863,FRIENDSHIP AVE + ELLA ST,mid_block,none,0,0
14864,14864,FRIENDSHIP AVE + TAYLOR ST,near_side,nearside,1,1
14865,14865,FRIENDSHIP AVE + PEARL ST,near_side,nearside,1,1
14866,14866,FRIENDSHIP AVE + EDMOND ST,far_side,nearside,1,1
14867,19127,FRIENDSHIP AVE + MILLVALE AVE,mid_block,none,0,0
14868,14868,FRIENDSHIP AVE + GROSS,near_side,nearside,1,1
14920,14920,LONG RD + DATURA,mid_block,none,0,0
14921,14921,LONG RD + PARIS,mid_block,none,0,0
14922,14922,LONG RD + SAYLONG,mid_block,none,0,0
14923,14923,LONG RD + PENTLAND,mid_block,none,0,0
14950,14950,LONG RD + ROSEWOOD,mid_block,none,0,0
14951,14951,LONG RD + SAYLONG,mid_block,none,0,0
14952,14952,LONG RD + JOAN,mid_block,none,0,0
14953,14953,LONG RD + ELIZABETH,mid_block,none,0,0
14955,14955,LONG RD + FRANKSTOWN,near_side,nearside,1,1
14959,14959,JEFFERSON RD + UNIVERSAL,mid_block,none,0,0
14962,19981,MAIN ST + 62ND ST BRIDGE,mid_block,none,0,0
14964,14964,BUTLER ST + #6002,mid_block,none,0,0
14965,14965,BUTLER ST + 57TH,near_side,nearside,1,1
14966,14966,BUTLER ST + 56TH,near_side,nearside,1,1
14967,14967,BUTLER ST + 51ST (STANTON),near_side,nearside,1,1
14968,14968,BUTLER ST + 49TH,mid_block,none,0,0
14969,14969,BUTLER ST + 48TH,near_side,nearside,1,1
14970,14970,BUTLER ST + 47TH,mid_block,none,0,0
14971,14971,BUTLER ST + 46TH,near_side,nearside,1,1
14972,14972,BUTLER ST + 44TH,near_side,nearside,1,1
14973,14973,BUTLER ST + 43RD,mid_block,none,0,0
14974,14974,BUTLER ST + 41ST,far_side,nearside,1,1
14976,14976,BUTLER ST + MAIN,near_side,nearside,1,1
14977,14977,BUTLER ST + 43RD,mid_block,none,0,0
14978,14978,BUTLER ST + 44TH,near_side,nearside,1,1
14979,14979,BUTLER ST + 46TH,near_side,nearside,1,1
14980,14980,BUTLER ST + 47TH,mid_block,none,0,0
14981,14981,BUTLER ST + 48TH,near_side,nearside,1,1
14982,14982,BUTLER ST + 49TH,mid_block,none,0,0
14983,14983,BUTLER ST + 50TH,mid_block,none,0,0
14984,14984,BUTLER ST + 56TH,near_side,nearside,1,1
14985,14985,BUTLER ST + 57TH,near_side,nearside,1,1
150,150,MCKNIGHT RD + NORTHLAND MEDICAL CENTER,far_side,nearside,1,1
1502,1502,STANWIX ST + PENN AVE (GATEWAY #2),mid_block,nearside,1,0
15071,15071,CORBET ST + 8TH,mid_block,none,0,0
15072,15072,CORBET ST + 6TH,mid_block,none,0,0
15079,15079,CORBET ST + 6TH,mid_block,none,0,0
15081,15081,FREEPORT RD + SPRING HILL,near_side,nearside,1,1
15084,15084,WASHINGTON BLVD + NEGLEY RUN FS,far_side,farside,1,1
15090,15090,LONG RD + BEULAH,mid_block,none,0,0
15092,15092,WM PENN HWY + OLD GATE,mid_block,none,0,0
1510,1510,GRANT ST + US STEEL STOP A,near_side,nearside,1,1
15109,19146,BEULAH RD + MCCRADY RD,far_side,none,0,1
15112,15112,HULTON RD + 13TH,mid_block,none,0,0
15122,15122,HULTON RD + HULTON ARBORS,mid_block,none,0,0
15123,15123,HULTON RD + HULTON ESTATES,mid_block,none,0,0
15149,15149,HULTON RD + HULTON ESTATES,mid_block,none,0,0
15150,15150,HULTON RD + HULTON ARBORS,mid_block,none,0,0
1518,1518,LINCOLN AVE + BRYANT AVE FS,far_side,farside,1,1
1519,1519,LINCOLN AVE + KENDALL AVE,mid_block,none,0,0
15218,15218,WOOD ST + FRANKLIN,mid_block,none,0,0
1522,1522,WINHURST ST + CAMBRONNE,mid_block,none,0,0
1524,1524,CAMBRONNE ST + BRIGHTON,mid_block,none,0,0
1525,1525,BRIGHTON RD + PENNOCK,mid_block,none,0,0
1526,1526,BRIGHTON RD + KLEBER,mid_block,none,0,0
15263,15263,FREEPORT RD + #1050,near_side,nearside,1,1
15270,15270,WEST BUSWAY + SHERADEN STATION B,mid_block,busway,0,0
15275,15275,WEST BUSWAY + CARNEGIE STATION,far_side,busway,0,1
15276,15276,WEST BUSWAY + CARNEGIE STATION,ambiguous,nearside,1,0
15277,15277,WEST BUSWAY + BELL STATION C,mid_block,busway,0,0
15278,15278,WEST BUSWAY + IDLEWOOD STATION C,mid_block,busway,0,0
15279,15279,WEST BUSWAY + CRAFTON STATION C,mid_block,busway,0,0
1528,1528,BRIGHTON RD + BENTON,near_side,nearside,1,1
15280,15280,WEST BUSWAY + INGRAM STATION C,mid_block,busway,0,0
15281,15281,WEST BUSWAY + SHERADEN STATION C,mid_block,busway,0,0
15283,15283,LIBERTY AVE + 9TH ST,near_side,nearside,1,1
15284,1403,LIBERTY AVE + SMITHFIELD ST,near_side,nearside,1,1
15285,15285,LIBERTY AVE + WILLIAM PENN PL,near_side,nearside,1,1
15287,15287,GRANT ST + LIBERTY AVE FS (FED BLDG),mid_block,none,0,0
1529,1529,BRIGHTON RD + TERMON,near_side,nearside,1,1
1530,1530,BRIGHTON RD + DAVIS,near_side,nearside,1,1
1532,1532,BRIGHTON RD + ACACIA,mid_block,none,0,0
1534,1534,BRIGHTON RD + WOODS RUN,near_side,nearside,1,1
1535,1535,BRIGHTON RD + WADLOW,mid_block,none,0,0
15352,159,MCKNIGHT RD + EVERGREEN RD,far_side,nearside,1,1
1536,1536,BRIGHTON RD + SCHIMMER,near_side,nearside,1,1
1537,1537,BRIGHTON RD + MCDOWELL,mid_block,none,0,0
1539,1539,BRIGHTON RD + WOODLAND,mid_block,none,0,0
154,154,MCKNIGHT RD + NELSON RUN RD,near_side,nearside,1,1
1540,1540,BRIGHTON RD + HIGHWOOD,mid_block,none,0,0
15428,15428,AMITY ST + TARGET DRIVE,near_side,nearside,1,1
1543,1543,BRIGHTON RD + OLIVER HIGH SCHOOL,mid_block,none,0,0
15433,15433,COMMONWEALTH + RITE AID,mid_block,none,0,0
15438,15438,MALL AT ROBINSON + ENTRANCE K,mid_block,none,0,0
15452,15452,NEGLEY AVE + KENTUCKY,mid_block,none,0,0
15453,15453,NEGLEY AVE + WALNUT,near_side,nearside,1,1
15454,15454,NEGLEY AVE + ELMER,mid_block,none,0,0
15455,15455,NEGLEY AVE + ELLSWORTH,near_side,nearside,1,1
15456,15456,NEGLEY AVE + CLAYBOURNE,near_side,nearside,1,1
1546,1546,BRIGHTON RD + FARRIS ST (STEPS),mid_block,none,0,0
15462,15462,CENTRE AVE + WHOLE FOODS,mid_block,none,0,0
15463,15463,HWY RT 51 + JEFFERSON VETERINARY CLINIC,mid_block,none,0,0
1547,1547,BRIGHTON RD + BRIGHTRIDGE,mid_block,none,0,0
15474,15474,GRANT ST + 7TH AVE FS,mid_block,none,0,0
1549,1549,BRIGHTON RD + CALIFORNIA AVE FS,far_side,farside,1,1
15495,15495,LARGE PARK AND RIDE INBOUND PL,mid_block,none,0,0
1550,1550,BRIGHTON RD + JACKSONIA ST,near_side,nearside,1,1
1551,1551,BRIGHTON RD + PENNSYLVANIA AVE,near_side,nearside,1,1
1553,1553,NORTH AVE + BRIGHTON RD FS,mid_block,farside,1,0
1554,1554,NORTH AVE + MONTEREY ST,near_side,nearside,1,1
15548,15548,MT ROYAL BLVD + HAMPTON,mid_block,none,0,0
15549,19526,PEEBLES + MCINTYRE SQUARE DRIVEWAY,mid_block,none,0,0
1556,1556,NORTH AVE + ARCH ST,near_side,nearside,1,1
1557,1557,NORTH AVE + FEDERAL ST,near_side,nearside,1,1
15587,15587,BLAZIER + GIANT EAGLE,mid_block,none,0,0
15634,15634,UNIVERSITY BLVD PARK AND RIDE AT SHELTER,mid_block,none,0,0
15659,15659,FORBES AVE + SCHENLEY DR,mid_block,none,0,0
15664,15666,GIANT EAGLE (VERONA RD) AT ENTRANCE,mid_block,none,0,0
15665,15665,ROBINSON BLVD + DOUGLAS,mid_block,none,0,0
15671,15671,CHISLETT ST + WELLSLEY,mid_block,none,0,0
15674,15674,PARK HILL DR + #2567,mid_block,none,0,0
15675,15675,PARK HILL DR + #2501,mid_block,none,0,0
15676,15676,PARK HILL DR + #2401,mid_block,none,0,0
15678,15678,PARK HILL DR + #2101,mid_block,none,0,0
15716,15716,ROSS PARK AND RIDE ENTRANCE AT HOV RAMP,mid_block,none,0,0
15734,15734,WARREN DR + WAL MART DRWY,mid_block,none,0,0
15736,15736,WARREN DR + WAL MART DRWY,mid_block,none,0,0
15744,15744,COCHRAN + OSAGE RD,near_side,nearside,1,1
15746,15746,COCHRAN + ROBINWOOD,near_side,nearside,1,1
15747,15747,COCHRAN + ROESSLER,mid_block,none,0,0
1577,1577,CHURCH AVE + FOREST AVE,mid_block,none,0,0
1578,1578,CHURCH AVE + DICKSON,mid_block,none,0,0
1579,1579,CHURCH AVE + RIDGE,mid_block,none,0,0
158,158,MCKNIGHT RD + IVORY AVE RAMP (ISLAND),mid_block,none,0,0
1580,1580,CHURCH AVE + WALNUT,mid_block,none,0,0
1581,1581,CHURCH AVE + VICTORIA,mid_block,none,0,0
1582,1582,DIVISION ST + MARIE,mid_block,none,0,0
15833,15833,ARLINGTON+ JOHN F.S.,mid_block,none,0,0
15835,15835,BELTZHOOVER + CEDARHURST,mid_block,none,0,0
15836,15836,BELTZHOOVER + FREELAND,mid_block,none,0,0
15838,15838,BELTZHOOVER + FREELAND,mid_block,none,0,0
15839,15839,BELTZHOOVER + ORCHARD,mid_block,none,0,0
15842,15842,GRANDVIEW AVE + #1209 (DUQUESNE INCLINE),mid_block,none,0,0
15844,15844,FINGAL ST + #225(FINGAL/RUTLDGE TERMIN),mid_block,none,0,0
15851,15851,WALMART + SHELTER (N VERSAILLES),mid_block,none,0,0
1587,1587,NORTH AVE + ARCH ST,near_side,nearside,1,1
15876,15876,MOUNTAINVIEW DR + CENTURY DR FS,mid_block,none,0,0
15878,15878,EAST BUSWAY + HAMNETT STATION C,mid_block,busway,0,0
15879,15879,EAST BUSWAY + ROSLYN STATION C,mid_block,busway,0,0
15880,15880,EAST BUSWAY + WILKINSBURG STATION C,mid_block,busway,0,0
15881,15881,WEST COMMONS + THE ALLEGHENY SENIOR HOME,mid_block,none,0,0
15885,15885,RUTH ST + KATHLEEN,mid_block,none,0,0
15886,15886,KATHLEEN + HARWOOD,mid_block,none,0,0
15887,15887,KATHLEEN + HABERMAN,mid_block,none,0,0
1589,1589,NORTH AVE + MONTEREY ST,near_side,nearside,1,1
1590,1590,NORTH AVE + BRIGHTON RD,near_side,nearside,1,1
15908,15908,CENTURY SQUARE ENTRANCE RAMP + MOUNTIANVIEW,mid_block,none,0,0
1591,1591,BRIGHTON RD + TAYLOR AVE,near_side,nearside,1,1
1592,18313,BRIGHTON RD + JACKSONIA ST FS,far_side,farside,1,1
1593,1593,BRIGHTON RD + COLUMBIA PL,mid_block,none,0,0
1594,1594,BRIGHTON RD + CHARLES,near_side,nearside,1,1
15946,15946,GRANT ST + US STEEL STOP B,far_side,farside,1,1
15952,15952,PENNSYLVANIA + BRIGHTON,near_side,nearside,1,1
1596,1596,BRIGHTON RD + FARRIS ST STEPS,mid_block,none,0,0
15974,15974,GRAND AVE + HUBERT (NEVILLE PNR),mid_block,none,0,0
15980,15980,SILVER LANE + DIANA FS,mid_block,none,0,0
1599,1599,BRIGHTON RD + OLIVER HIGH SCHOOL,mid_block,none,0,0
15991,15991,GRAND AVE + NEVILLE METALS,mid_block,none,0,0
15992,15992,HERBST + BOSTIAN,mid_block,none,0,0
1601,1601,BRIGHTON RD + MARSHALL,near_side,nearside,1,1
16014,16014,HAY ST RAMP + INBOUND SHELTER,mid_block,none,0,0
16019,16019,OAK HILL + HYMAN,mid_block,none,0,0
1602,1602,BRIGHTON RD + HIGHWOOD,mid_block,none,0,0
16020,16020,OAK HILL + BENTLY,mid_block,none,0,0
16022,16022,ALLEQUIPPA ST + SR RESIDENCE (#2418),mid_block,none,0,0
16023,16023,ALLEQUIPPA ST + WHITRIDGE,mid_block,none,0,0
16024,16024,ALLEQUIPPA ST + ROBINSON,mid_block,none,0,0
16025,16025,WADSWORTH ST + ROBINSON,mid_block,none,0,0
16026,16026,ECKSTIEN + WADSWORTH,mid_block,none,0,0
16027,16027,BENTLY DR + OAK HILL,mid_block,none,0,0
16028,16028,OAK HILL DR + ECKSTIEN,mid_block,none,0,0
16029,16029,EAST LIBERTY DRWY + FIFTH FS,far_side,farside,1,1
1603,1603,BRIGHTON RD + WOODLAND,mid_block,none,0,0
1605,1605,BRIGHTON RD + MCDOWELL,mid_block,none,0,0
1606,1606,BRIGHTON RD + WESTBORN,near_side,nearside,1,1
16063,16063,EAST BUSWAY + SWISSVALE STATION A,mid_block,busway,0,0
1607,1607,BRIGHTON RD + WADLOW,mid_block,none,0,0
1608,1608,BRIGHTON RD + WOODS RUN,near_side,nearside,1,1
16086,16086,CHATEAU + FRANKLIN,mid_block,none,0,0
1610,1610,BRIGHTON RD + ACACIA,mid_block,none,0,0
16104,16104,EAST BUSWAY + WILKINSBURG STATION A,mid_block,busway,0,0
16105,16105,EAST BUSWAY + HAMNETT STATION A,mid_block,busway,0,0
16106,16106,EAST BUSWAY + ROSLYN STATION A,mid_block,busway,0,0
16107,16107,EAST BUSWAY + HERRON STATION B,mid_block,busway,0,0
16109,16109,EAST BUSWAY + EAST LIBERTY STATION B,mid_block,busway,0,0
16110,16110,EAST BUSWAY + HOMEWOOD STATION B,mid_block,busway,0,0
16111,16111,EAST BUSWAY + WILKINSBURG STATION B,mid_block,busway,0,0
16118,16118,EAST BUSWAY + WILKINSBURG STATION D,mid_block,busway,0,0
16119,16119,EAST BUSWAY + HOMEWOOD STATION D,mid_block,busway,0,0
16120,16120,EAST BUSWAY + EAST LIBERTY STATION D,mid_block,busway,0,0
16121,16121,EAST BUSWAY + NEGLEY STATION D,mid_block,busway,0,0
16122,16122,EAST BUSWAY + HERRON STATION D,mid_block,busway,0,0
1613,1613,BRIGHTON RD + DAVIS,near_side,nearside,1,1
1615,1615,BRIGHTON RD + TERMON,near_side,nearside,1,1
1616,1616,BRIGHTON RD + BENTON,near_side,nearside,1,1
16177,16177,WOODSTOCK AVE + SWISSVALE STATION STEPS,mid_block,none,0,0
1618,1618,BRIGHTON RD + KLEBER,mid_block,none,0,0
1619,1619,BRIGHTON RD + PENNOCK,mid_block,none,0,0
16198,16198,E PGH-MCKSPT BLVD + OVERHILL,mid_block,none,0,0
1620,1620,BRIGHTON RD + PERROTT,mid_block,none,0,0
16201,20581,E PGH-MCKSPT BLVD + #625,mid_block,none,0,0
16227,16227,BOWMAN AVE + LIME,mid_block,none,0,0
16229,16229,EAST PITTSBURGH-MCKEESPORT + FAIRMONT,mid_block,none,0,0
16230,16230,EAST PITTSBURGH-MCKEESPORT BLVD + AULT,mid_block,none,0,0
16231,16231,EAST PITTSBURGH-MCKEESPORT BLVD + ORRIS,mid_block,none,0,0
16233,16233,EAST PITTSBURGH-MCKEESPORT BLVD + THE LANE,mid_block,none,0,0
1624,1624,LINCOLN AVE + KESWICK AVE,mid_block,none,0,0
16243,16243,PORT PERRY RD + CLYDE,mid_block,none,0,0
1625,1625,LINCOLN AVE + STRAW AVE,mid_block,none,0,0
1626,1626,LINCOLN AVE + BRIGHTON RD,near_side,nearside,1,1
16261,16261,LINCOLN AVE + BURNSIDE,mid_block,none,0,0
16270,16270,DUQUESNE BLVD + GRANT,near_side,nearside,1,1
1628,1628,LINCOLN AVE + FREMONT AVE,near_side,nearside,1,1
16281,16281,WAL MART DR + SHELTER,mid_block,none,0,0
163,163,EAST ST + VENTURE ST FS,far_side,farside,1,1
1630,1630,LINCOLN AVE + BALPH,near_side,nearside,1,1
1632,1632,DIVISION ST + MARIE,mid_block,none,0,0
1633,1633,CHURCH AVE + VICTORIA,mid_block,none,0,0
1634,1634,CHURCH AVE + WALNUT,mid_block,none,0,0
16340,16340,PROSPECT RD + BERLY,mid_block,none,0,0
16344,20446,WOODSTOCK + SWISSVALE STATION STEPS,mid_block,none,0,0
16346,16346,EAST HILLS DR + #2340,mid_block,none,0,0
16347,16347,MT TROY RD + BAUN,mid_block,none,0,0
1635,1635,CHURCH AVE + RIDGE,mid_block,none,0,0
1637,1637,CHURCH AVE + FOREST,mid_block,none,0,0
16384,16384,OXFORD DR + HOME DEPOT,near_side,nearside,1,1
164,164,EAST ST + MT PLEASANT RD,far_side,farside,1,1
16403,16403,KNOEDLER RD + MERRYHEART HOME #100,mid_block,none,0,0
16426,16426,AMITY ST + 8TH NS,near_side,nearside,1,1
16427,16427,SHADY AVE + 5TH,mid_block,none,0,0
16437,16437,WILDWOOD AVE + #473,mid_block,none,0,0
16443,16443,FREEPORT RD + CALIFORNIA,near_side,nearside,1,1
1646,1646,CENTER AVE + CHURCH,mid_block,none,0,0
1647,1647,CENTER AVE + PENNSYLVANIA,mid_block,none,0,0
16470,16470,BEATTY ST + EVA,mid_block,none,0,0
16471,16471,BEATTY ST + BAUM NS,mid_block,none,0,0
16474,16474,BAKER ST + #7207,mid_block,none,0,0
1648,1648,CENTER AVE + ALLEGHENY,mid_block,none,0,0
16482,16482,SAMPLE RD + HIGH MEADOW,mid_block,none,0,0
16484,16484,CRESCENT + SULLIVAN WAY,mid_block,none,0,0
16485,16485,CRESCENT + SULLIVAN WAY,mid_block,none,0,0
16489,16489,GEARING + FREELAND,mid_block,none,0,0
1649,1649,CENTER AVE + WALLISTON,mid_block,none,0,0
16491,16491,FREEPORT RD + DALLAS,mid_block,none,0,0
165,165,EAST ST + MILROY ST,near_side,nearside,1,1
16500,16500,MONONGAHELA + #2129,mid_block,none,0,0
16529,16529,WEST VIEW FIRE LN + WORKOUT ANYTIME,mid_block,none,0,0
16535,16535,LINDEN + BEECH,mid_block,none,0,0
16551,16551,WASHINGTON BLVD + CYPHERS COMPANY,mid_block,none,0,0
16556,16556,ALLEGHENY AVE + PENNSYLVANIA,mid_block,none,0,0
16558,16558,ALLEGHENY AVE + MARYLAND,mid_block,none,0,0
16559,16559,ALLEGHENY AVE + DELAWARE,mid_block,none,0,0
16560,16560,ALLEGHENY AVE + WASHINGTON,mid_block,none,0,0
16562,16562,ALLEGHENY AVE + CALIFORNIA,mid_block,none,0,0
16563,16563,ALLEGHENY AVE + WASHINGTON,mid_block,none,0,0
16564,16564,ALLEGHENY AVE + DELAWARE,mid_block,none,0,0
16566,16566,ALLEGHENY AVE + ANN,mid_block,none,0,0
16567,16567,ALLEGHENY AVE + PENNSYLVANIA,mid_block,none,0,0
16568,16568,ALLEGHENY AVE + ARCHIE,mid_block,none,0,0
16569,16569,ALLEGHENY AVE + HULTON,mid_block,none,0,0
16572,16572,OAKWOOD ST + NIMICK PLACE,mid_block,none,0,0
1658,1658,KENDALL AVE + DAVIS,mid_block,none,0,0
1659,1659,KENDALL AVE + CRAWFORD,mid_block,none,0,0
16595,16595,E 4TH AVE + BOYD,mid_block,none,0,0
16596,16596,LINCOLN AVE + VERONA,mid_block,none,0,0
166,166,EAST ST + HAZLETT ST,near_side,nearside,1,1
1660,1660,KENDALL AVE + WATSON,mid_block,none,0,0
16601,16601,CENTRE AVE + DITHRIDGE,mid_block,none,0,0
16605,16605,2ND ST + OLIVER,mid_block,none,0,0
16606,16606,2ND ST + HAMILTON,mid_block,none,0,0
16607,16607,2ND ST + SR CITIZEN HI-RISE,mid_block,none,0,0
16611,16611,BROWNSVILLE RD + TOWN SQUARE,near_side,nearside,1,1
16612,16612,BROWNSVILLE RD + GIANT EAGLE,near_side,nearside,1,1
16614,16614,KNOEDLER RD + BALDWIN TOWERS (#200),mid_block,none,0,0
16620,16620,KENNEDY AVE + DELL,mid_block,none,0,0
16627,16627,WALLACE AVE + PITT,mid_block,none,0,0
16628,16628,WALLACE AVE + HAY,mid_block,none,0,0
16637,16637,CRAFTON INGRAM SHOPPING CENTER + BANK (CITIZENS),mid_block,none,0,0
16648,16648,VIRGINIA AVE + BIGHAM,mid_block,none,0,0
16650,16650,CLEVER RD + FIELD CLUB,mid_block,none,0,0
16651,16651,CLEVER RD + MONTOUR HIGH SCHOOL,mid_block,nearside,1,0
16652,16652,CLEVER RD + PITCHFORK,mid_block,none,0,0
16678,16678,WALNUT ST + WAMPLER,mid_block,none,0,0
16679,16679,WALNUT ST + WAMPLER,mid_block,none,0,0
16680,16680,KENDALL AVE + CEDAR,mid_block,nearside,1,0
1669,1669,GRANT ST + JEFFERSON,mid_block,none,0,0
16695,16695,LINCOLN + HARRISON,mid_block,none,0,0
167,167,EAST ST + SUFFOLK ST,mid_block,none,0,0
1670,1670,GRANT ST + DAVIS,mid_block,none,0,0
1671,1671,GRANT ST + WASHINGTON FS,mid_block,none,0,0
1672,1672,GRANT ST + LINCOLN,mid_block,none,0,0
16779,16779,BROADWAY BLVD + #1010,mid_block,none,0,0
16832,16832,BENTLEY DR + BURROWS,mid_block,none,0,0
16839,16839,CAMP ST + BRYN MAWR,mid_block,none,0,0
16841,16841,MCKNIGHT RD + DUNCAN,near_side,nearside,1,1
16842,16842,MCKNIGHT RD + DUNCAN,near_side,nearside,1,1
16845,16845,BENTLEY DR + BURROWS,mid_block,none,0,0
16881,16881,BRIGHTON RD + BRIGHTRIDGE ST FS (BREADWORKS),mid_block,none,0,0
16882,16882,CAMBRONNE ST + WINHURST,mid_block,none,0,0
16887,16887,MAIN ST + 23RD,mid_block,none,0,0
169,169,EAST ST + ROYAL ST,mid_block,none,0,0
16932,16932,VANN RD + MINGO,mid_block,none,0,0
16940,16940,HECKEL RD OPP KENMAWR PLAZA,mid_block,none,0,0
16950,16950,PRESIDENTIAL DR + WASHINGTON,mid_block,none,0,0
16963,16963,OHIO RIVER BLVD + THRIFT STORE,mid_block,none,0,0
16967,16967,BAUM BLVD + AIKEN,near_side,nearside,1,1
16981,16981,UNIVERSAL RD + MAIN,mid_block,none,0,0
16991,16991,PATRIOT WAY + DELAFIELD,near_side,nearside,1,1
170,170,EAST ST + LAREDA ST,mid_block,none,0,0
17007,17007,GREENTREE RD + ST MARGARET SCHOOL DRIVEWAY,mid_block,none,0,0
1702,1702,ISLAND AVE + BEAVER,near_side,nearside,1,1
1704,1704,BEAVER AVE + BRANCHPORT,mid_block,none,0,0
1705,1705,COLUMBUS AVE + CHATEAU FS,mid_block,none,0,0
1706,1706,COLUMBUS AVE + MANHATTAN,mid_block,none,0,0
1707,1707,MANHATTAN ST + JUNIATA,mid_block,none,0,0
1708,1708,MANHATTAN ST + N FRANKLIN,mid_block,none,0,0
17081,17081,BROADWAY BLVD + #1010,mid_block,none,0,0
1709,1709,MANHATTAN ST + LIVERPOOL,mid_block,none,0,0
171,171,NORTH AVE + MIDDLE ST FS,far_side,none,0,1
1710,1710,MANHATTAN ST + PENNSYLVANIA,mid_block,none,0,0
17109,17109,WM PENN HWY + DOLLAR BANK,mid_block,none,0,0
17110,17110,WM PENN HWY + ECKARD,mid_block,none,0,0
17126,17126,JAMES ST + BUENA VISTA,mid_block,none,0,0
17168,17168,PARK MANOR DR + ROBINSON CENTER DR,near_side,nearside,1,1
1717,1717,BRIGHTON + GIANT EAGLE LOWER LOT,mid_block,none,0,0
17170,17170,LINCOLN HWY + GREENSBURG PIKE,mid_block,none,0,0
17182,17182,AIRBRAKE AVE + #620,mid_block,none,0,0
1719,1719,PENNSYLVANIA AVE + FULTON,mid_block,none,0,0
172,172,NORTH AVE + JAMES ST,near_side,nearside,1,1
1720,1720,PENNSYLVANIA AVE + FONTELLA,mid_block,none,0,0
1721,1721,PENNSYLVANIA AVE + ALLEGHENY,near_side,nearside,1,1
17212,17212,CLOVERFIELD ST + AGNEW,mid_block,none,0,0
1722,1722,ALLEGHENY AVE + SHEFFIELD,mid_block,none,0,0
17224,17224,5TH AVE + #1681,mid_block,none,0,0
17229,17229,HAZELWOOD AVE + GLADSTONE,mid_block,none,0,0
1723,1723,ALLEGHENY AVE + NORTH,near_side,nearside,1,1
17235,17235,JEFFERS ST + #1330,mid_block,none,0,0
1725,1725,ALLEGHENY AVE + NORTH,near_side,nearside,1,1
1726,1726,ALLEGHENY AVE + SHEFFIELD,mid_block,none,0,0
17263,17263,S 26TH ST + SIDNEY,mid_block,none,0,0
17264,17264,SIDNEY ST + S 27TH,mid_block,none,0,0
17265,17265,SIDNEY ST + S 28TH,mid_block,none,0,0
17269,17269,GREENFIELD AVE+ 322,mid_block,none,0,0
1727,1727,PENNSYLVANIA AVE + BIDWELL ST,mid_block,none,0,0
17277,17277,SHADY AVE + HOBART,mid_block,none,0,0
1728,1728,PENNSYLVANIA AVE + SEDGEWICK,mid_block,none,0,0
17284,17284,MILLVALE AVE.+MITRE WAY,mid_block,nearside,1,0
17286,17286,EAST CARSON ST + 11TH,near_side,none,0,1
1729,1729,PENNSYLVANIA AVE + FULTON,mid_block,none,0,0
1730,1730,PENNSYLVANIA AVE + MANHATTAN,mid_block,none,0,0
17307,17307,SOUTHERN AV+ COWAN,mid_block,none,0,0
1731,1731,PENNSYLVANIA AVE + CHATEAU,mid_block,none,0,0
17313,17313,WOODSTOCK AVE +2690,mid_block,none,0,0
17323,17323,FREEPORT RD + EVERGREEN,mid_block,none,0,0
17324,17324,FREEPORT RD + EVERGREEN,mid_block,none,0,0
17327,17327,FREEPORT RD + ALTERMOOR DR,mid_block,none,0,0
1733,1733,CHATEAU ST + ADAMS,mid_block,none,0,0
17335,17335,SWISSVALE AVE + COAL,mid_block,none,0,0
17347,17347,VILLAGE DR + SOUTH HIILS VILLAGE PARKING GARAGE,mid_block,none,0,0
17349,17349,FREEPORT RD + OAK MANOR,near_side,nearside,1,1
1735,1735,CHATEAU ST TURNAROUND + BEAVER,mid_block,none,0,0
17350,17350,FREEPORT RD + OAK MANOR,near_side,nearside,1,1
17355,17355,FREEPORT RD + DOLLAR BANK(WATERWORKS),mid_block,none,0,0
17356,17356,FREEPORT + #1050,near_side,nearside,1,1
1737,1737,METROPOLITAN ST + CITIZENS BANK DRVWY,mid_block,none,0,0
17374,17374,CHARTIERS VALLEY SHOPPING CENTER DR + GIANT EAGLE,mid_block,none,0,0
1738,1738,METROPOLITAN ST + COLUMBUS,mid_block,none,0,0
17381,17381,MCCOY RD + #208,mid_block,none,0,0
17389,17389,MCKNIGHT RD + IVORY AVE RAMP FS,mid_block,none,0,0
1739,1739,METROPOLITAN ST + BRANCHPORT,mid_block,none,0,0
174,174,CEDAR AVE + EAST OHIO ST,near_side,nearside,1,1
1740,1740,BRANCHPORT ST + PREBLE,mid_block,none,0,0
1742,1742,PREBLE AVE + ISLAND,mid_block,none,0,0
17422,17422,DYNAMO WAY + BEECH,mid_block,none,0,0
17426,17426,JEFFERSON DR + COMMUNITY CENTER,mid_block,none,0,0
17427,17427,PLEASANT RIDGE RD + OAK,mid_block,none,0,0
17430,17430,OVERLOOK PLACE + PLEASANT RIDGE,mid_block,none,0,0
17431,17431,PLEASANT RIDGE + SENIOR HIGHRISE,mid_block,none,0,0
17432,17432,JEFFERSON DR + MCOY,mid_block,none,0,0
17453,17453,VANADIUM RD + BOWER HILL,near_side,nearside,1,1
175,175,CEDAR AVE + PRESSLEY ST,mid_block,none,0,0
17503,17503,BROADHEAD-FORDING RD + W PROSPECT,mid_block,none,0,0
17509,17509,WORTHINGTON AVE + INTERSTATE LOUNGE(#1560),mid_block,none,0,0
17510,17510,WORTHINGTON AVE + INTERSTATE LOUNGE(#1560),mid_block,none,0,0
17518,17518,AMITY ST + 8TH,near_side,nearside,1,1
17519,17519,AMITY + 7TH AVE,far_side,nearside,1,1
17520,17520,EVANS AVE + MCKEESPORT HOSPITAL EMERGENCY,mid_block,none,0,0
17521,17521,EVANS AVE + MCKEESPORT HOSPITAL MAIN ENTRANCE,mid_block,none,0,0
17533,17533,PROSPECT RD + CAPAREL TOWNHOUSES,mid_block,none,0,0
17534,17534,PROSPECT RD + BERYL FS,mid_block,none,0,0
17552,17552,BRIGHTON RD + ARMANDALE,mid_block,none,0,0
17592,17592,BAPTIST + WEYMAN RD FS (CASTE VILLAGE),near_side,farside,1,1
176,176,ANDERSON ST + LACOCK ST,near_side,nearside,1,1
17602,17602,HIGHLAND AVE + BROAD ST,mid_block,none,0,0
17625,17625,PLEASANT RIDGE RD + OVERLOOK,mid_block,none,0,0
17633,17633,WEST BUSWAY + BELL STATION A,mid_block,busway,0,0
17634,17634,BROWNSVILLE RD + MATHEWS,mid_block,none,0,0
17645,17645,STEUBENVILLE PIKE + HADDOCK,near_side,nearside,1,1
17647,17647,WATERFRONT DR + COSTCO WHOLESALE DRVWY,mid_block,none,0,0
17656,18827,WATERWORKS DR + BED BATH & BEYOND (WALMART),mid_block,none,0,0
17666,17666,ELIZA ST + DIVISION,mid_block,none,0,0
17677,17677,ROSS ST + WOOD,mid_block,none,0,0
1768,1768,COLBY ST + FABER,mid_block,none,0,0
1769,1769,SIRIUS ST + #3517,mid_block,none,0,0
1770,1770,REGULUS ST + COLBY,mid_block,none,0,0
1772,1772,COLBY ST + MT PLEASANT,mid_block,none,0,0
1773,1773,MT PLEASANT RD + NORTHVIEW HTS SCHOOL,mid_block,none,0,0
17733,17733,SECOND AVENUE + PGH TECH CTR (MIDDLE ACCESS ROAD),near_side,nearside,1,1
17734,17734,VA HOSPITAL TRANSIT LOOP + SHELTER,mid_block,none,0,0
17736,17736,MAIN + 22ND,near_side,nearside,1,1
17737,17737,WATERFRONT DR + BRIDGE ST. (RED ROBIN),near_side,nearside,1,1
1774,1774,MT PLEASANT RD + #384,mid_block,none,0,0
17744,17744,AMITY ST + TARGET DR,near_side,nearside,1,1
17749,4854,E CARSON ST + 24TH,near_side,nearside,1,1
1775,1775,MT PLEASANT RD + CHICAGO,mid_block,none,0,0
1776,1776,MT PLEASANT RD + HAZLETT,mid_block,none,0,0
17765,17765,FIFTH AVE RAMP + FIFTH AVE NS,near_side,nearside,1,1
1777,1777,MT PLEASANT RD + PENFORT,mid_block,none,0,0
1778,1778,PENFORT ST + #338,mid_block,none,0,0
17791,17791,MCKSPT TRANSPORTATION CTR + BAY #2,ambiguous,nearside,1,0
178,178,ANDERSON ST + ISABELLA ST,mid_block,none,0,0
1780,1780,PENFORT ST + #173,mid_block,none,0,0
1781,1781,PENFORT ST + ESSEN,mid_block,none,0,0
1782,1782,CHARLES ST + WILSON,mid_block,none,0,0
17824,17824,WATERFRONT DR + LOEWS THEATER,mid_block,none,0,0
1785,1785,CHARLES ST + IRWIN,mid_block,none,0,0
1786,1786,CHARLES ST + BIZET,mid_block,none,0,0
1787,1787,CHARLES ST + CROSS,mid_block,none,0,0
1788,1788,CHARLES ST + IZORA,mid_block,none,0,0
1789,1789,CHARLES ST + STRAUSS,mid_block,none,0,0
179,179,9TH ST + PENN AVE,near_side,nearside,1,1
1790,1790,CHARLES ST + BRIGHTRIDGE,mid_block,none,0,0
1792,1792,CHARLES ST + BRIGHTON,near_side,nearside,1,1
1796,1796,EAST OHIO + CEDAR,near_side,nearside,1,1
1797,1797,COLBY ST + MT PLEASANT FS,mid_block,none,0,0
1806,1806,CHARLES ST + BRIGHTRIDGE,mid_block,none,0,0
1807,1807,CHARLES ST + STRAUSS,mid_block,none,0,0
1809,1809,CHARLES ST + CROSS,mid_block,none,0,0
1810,1810,CHARLES ST + BIZET,mid_block,none,0,0
1811,1811,CHARLES ST + IRWIN,mid_block,none,0,0
1812,1812,CHARLES ST + #2562,mid_block,none,0,0
1813,1813,CHARLES ST + KENN,mid_block,none,0,0
1814,1814,CHARLES ST + WILSON,mid_block,none,0,0
18141,18141,ELLSWORTH AVE + EAST LIBERTY STATION,mid_block,none,0,0
18142,18142,ELLSWORTH AVE+ SPAHR,mid_block,none,0,0
18148,18148,GROSS ST + FRIENDSHIP,near_side,nearside,1,1
18149,18149,FRIENDSHIP AVE + HOWLEY,near_side,nearside,1,1
1815,1815,CHARLES ST + KIMBERLIN,mid_block,none,0,0
18150,18150,39TH ST + BUTLER,mid_block,none,0,0
18152,18152,40TH + GOVERNMENT WAY STEPS,mid_block,none,0,0
18153,18153,FRIENDSHIP AVE + HOWLEY,far_side,nearside,1,1
18156,18156,MURRAY AVE + BEACON,near_side,nearside,1,1
18158,18158,MCKEESPORT TRANSPORTATION CENTER AT BAY #2,far_side,none,0,1
18159,18159,DUQUESNE + LIBRARY,ambiguous,nearside,1,0
1816,1816,CHARLES ST + LELAND,mid_block,none,0,0
18164,18164,FIFTH AVE + KIRKPATRICK FS,far_side,farside,1,1
18165,18165,FIFTH AVE + BRENHAM FS,mid_block,none,0,0
1817,1817,CHARLES ST + SHELTON,mid_block,none,0,0
18173,18173,FORBES + MARGARET MORRISON NS,near_side,nearside,1,1
18174,18174,LYSLE BLVD + COURSIN FS,mid_block,none,0,0
18175,18175,LIBRARY PL + 1ST,mid_block,none,0,0
18176,18176,KENNYWOOD BLVD + GLENCAIRN FS,mid_block,none,0,0
18179,18179,MURRAY AVE+ FLEMINGTON FS,mid_block,none,0,0
18184,18184,WALNUT ST + CENTER FS,far_side,farside,1,1
18191,18191,WALNUT ST + 13TH FS,mid_block,none,0,0
18193,18193,VERSAILLES AVE + SUMAC,mid_block,none,0,0
18194,18194,EVANS AVE + HOSPITAL DR,mid_block,none,0,0
18196,18196,WALNUT ST + 5TH FS,far_side,farside,1,1
18197,18197,WALNUT ST + 7TH FS,mid_block,none,0,0
18199,18199,WALNUT ST + 27TH,mid_block,none,0,0
1821,1821,PENFORT ST + #174,mid_block,none,0,0
1823,1823,PENFORT ST + MT PLEASANT,mid_block,none,0,0
1824,1824,MT PLEASANT RD + HAZLETT,mid_block,none,0,0
1825,1825,MT PLEASANT RD + CHICAGO,mid_block,none,0,0
18256,18256,ISLAND AVE + ADRIAN,mid_block,none,0,0
18257,18257,RIVER AVE + UNDERPASS,mid_block,none,0,0
1826,1826,MT PLEASANT RD + #415,mid_block,none,0,0
1827,1827,MT PLEASANT RD + BEECH,mid_block,none,0,0
18275,18275,WESTERN AVE + ALLEGHENY FS,far_side,farside,1,1
18276,18276,WESTERN AVE + BRIGHTON FS,mid_block,none,0,0
1828,1828,MT PLEASANT RD + #305,mid_block,none,0,0
18280,18280,MERCHANT ST + 3RD FS,mid_block,none,0,0
18281,18281,BEAVER ST + MAIN FS,mid_block,none,0,0
18283,18283,BEAVER RD + ACADEMY FS,far_side,farside,1,1
18284,18284,BEAVER ST + DIVISION FS,mid_block,none,0,0
18285,18285,BEAVER ST + PEEBLES,mid_block,none,0,0
18286,18286,CASINO CR + NORTH POINT FS (BUS BAY),mid_block,none,0,0
18287,18287,BEAVER RD + EDGEWORTH FS,mid_block,none,0,0
18288,18288,OHIO RIVER BLVD + MCKEES ROCKS BRIDGE,near_side,nearside,1,1
18289,18289,REEDSDALE ST + BOYCE,mid_block,none,0,0
1829,1829,ALLEGHENY SQ WEST + STOP #2,mid_block,none,0,0
18291,18291,OHIO RIVER BLVD + MCKEES ROCKS BRIDGE FS,mid_block,none,0,0
18292,18292,OHIO RIVER BLVD + RIVERVIEW,far_side,farside,1,1
18293,18293,OHIO RIVER BLVD + ELIZABETH FS,far_side,farside,1,1
18294,18294,OHIO RIVER BLVD + CAMP HORNE NS,mid_block,none,0,0
18296,18296,BEAVER ST + BOUNDARY FS,mid_block,none,0,0
18298,18298,BEAVER RD + EDGEWORTH,mid_block,none,0,0
18305,18305,CALIFORNIA AVE AT ELIZABETH AVE,mid_block,none,0,0
18307,18307,WINHURST ST + CALIFORNIA FS,mid_block,none,0,0
18308,18308,BRIGHTON RD + MARSHALL NS,near_side,nearside,1,1
1831,1831,ARCH ST + MERCY PROVIDENCE HOSP,mid_block,none,0,0
18312,18312,SOUTH COMMONS + FEDERAL FS,mid_block,none,0,0
18317,18317,WINHURST ST + CALIFORNIA,mid_block,none,0,0
18318,18318,CALIFORNIA AVE OPP ELIZABETH,mid_block,none,0,0
1832,1832,ARCH ST + NORTH,near_side,nearside,1,1
18320,18320,CALIFORNIA AVE + OHIO st,mid_block,none,0,0
18326,18326,CENTER ST + 7TH,near_side,nearside,1,1
18331,18331,PITTSBURGH ST + COLFAX FS,near_side,nearside,1,1
18337,18337,PITTSBURGH ST + SCHOOL FS,far_side,farside,1,1
18339,18339,PITTSBURGH ST + ROSA FS,mid_block,none,0,0
18341,18341,PITTSBURGH ST + MURRAY HILL FS,mid_block,none,0,0
18342,18342,PITTSBURGH ST + HIGHLAND FS,far_side,farside,1,1
18348,18348,PITTSBURGH ST + ELIZABETH,mid_block,none,0,0
18349,18349,PITTSBURGH ST + CHESWICK AVE,mid_block,none,0,0
18354,18354,E OHIO ST + CHESTNUT FS,mid_block,none,0,0
18362,18362,FREEPORT RD + LEWIS,mid_block,none,0,0
18373,18373,FREEPORT RD + BONNIEVIEW FS,mid_block,none,0,0
18377,18377,5TH AVE + FRANKSTOWN AVE,near_side,nearside,1,1
18380,18380,FREEPORT RD + PADDOCK,mid_block,none,0,0
18395,18395,JAMES ST + HARPER,mid_block,none,0,0
18397,18397,DUQUESNE BLVD + HERMAN FS,mid_block,none,0,0
18398,18398,SECOND AVE + PGH TECH CTR (MIDDLE ACCESS ROAD),near_side,nearside,1,1
18400,18400,BALDRIDGE AVE + 6TH ST FS (SR HI-RISE),mid_block,none,0,0
18401,18401,WOODSTOCK AVE + WILKINS F S,mid_block,none,0,0
18408,18408,KENNEDY AVE + 6TH,mid_block,none,0,0
18409,18409,KENNEDY AVE + 4TH,near_side,nearside,1,1
18410,18410,KENNEDY AVE + 2ND,mid_block,none,0,0
18411,18411,KENNEDY AVE + 4TH,near_side,nearside,1,1
18412,18412,KENNEDY AVE + 6TH,mid_block,none,0,0
18413,18413,KENNEDY AVE + AURILES,mid_block,none,0,0
18419,18419,WHITAKER WAY + MARIGOLD,mid_block,none,0,0
18421,18421,HWY RT 51 + MAXWELL,mid_block,none,0,0
18431,18431,HWY RT 51 + BROWNSVILLE,near_side,nearside,1,1
18432,18432,HWY RT 51 + COAL VALLEY FS,mid_block,none,0,0
18434,18434,HWY RT 51 + OLD CLAIRTON F.S.,far_side,farside,1,1
18449,18449,MIFFLIN RD + LEBANON FS,mid_block,none,0,0
18450,18450,IMOGENE RD + BROWNS HILL FS,far_side,farside,1,1
18452,18452,JOHNSTON AVE + RIVERMONT FS,mid_block,none,0,0
18453,18453,JOHNSTON AVE + SECOND FS,mid_block,none,0,0
18455,18455,JOHNSTON AVE + ROSELLE,mid_block,none,0,0
18457,18457,JOHNSTON AVE + RIVERMONT,mid_block,none,0,0
18458,18458,IMOGENE RD + BROWNS HILL,near_side,nearside,1,1
18465,18465,E CARSON ST + 7TH FS,mid_block,none,0,0
1847,1847,CALIFORNIA AVE + WINHURST ST,mid_block,none,0,0
18471,18471,BROWNSVILLE RD + BAUSMAN FS,far_side,farside,1,1
18472,18472,BROWNSVILLE RD + CEDRICTON FS,mid_block,none,0,0
18473,18473,BROWNSVILLE RD + W CHERRYHILL NS,mid_block,none,0,0
18475,18475,BROWNSVILLE RD + BRENTRIDGE FS,mid_block,none,0,0
18477,18477,BROWNSVILLE RD + HILLMAN FS,mid_block,none,0,0
1848,1848,CALIFORNIA AVE + CHELLIS ST,mid_block,none,0,0
18481,18481,W 5TH AVE + RAMP #1 FS,mid_block,none,0,0
18484,18484,MIFFLIN RD + #1236,mid_block,none,0,0
18485,18485,MIFFLIN RD + LEBANON FS,near_side,farside,1,1
18490,18490,MIFFLIN RD + INTERBORO,near_side,nearside,1,1
18492,18492,LYSLE BLVD + LOCUST FS,far_side,farside,1,1
18493,18493,LYSLE BLVD + WALNUT FS,mid_block,none,0,0
18494,18494,BEACON ST + MURDOCH FS,mid_block,none,0,0
18499,18499,MULHATTON ST + BEACON FS,mid_block,none,0,0
1850,1850,CALIFORNIA AVE + MARMADUKE ST,mid_block,none,0,0
18503,18503,JAMES ST + SPEELMAN FS,mid_block,none,0,0
18507,18507,BRINTON RD + HOLIDAY INN DRVWY FS,mid_block,none,0,0
18508,18508,ARDMORE BLVD + MARLBORO FS,far_side,farside,1,1
18509,18509,SOUTH AVE + ELVIA FS,mid_block,none,0,0
18510,18510,SOUTH AVE + WOOD NS,mid_block,none,0,0
18513,18513,GRANDVIEW AVE + BESSEMER NS,mid_block,none,0,0
18515,18515,PENN AVE + SHAW FS,mid_block,none,0,0
18516,18516,BRADDOCK AVE + ELECTRIC,near_side,nearside,1,1
18520,18520,BRINTON RD + DRIVEWAY,mid_block,none,0,0
18522,18522,OXFORD DR + MALL BLVD,mid_block,none,0,0
18523,18523,JAMES ST + MONROEVILLE,mid_block,none,0,0
18527,18527,PENN AVE + TRENTON,mid_block,none,0,0
18528,18528,PENN AVE + MURTLAND,mid_block,none,0,0
18529,18529,WILKINS AVE + SHADY,mid_block,farside,1,0
18530,18530,PITCAIRN-TRAFFORD RD + HAYMAKER FS,mid_block,none,0,0
18534,18534,BEELER ST + WILKINS FS,mid_block,none,0,0
18536,18536,PENN AVE + TRENTON FS,far_side,farside,1,1
1854,1854,SHADELAND AVE + DAVIS FS,mid_block,none,0,0
18542,18542,PENN AVE + CARNEGIE FS,far_side,farside,1,1
18544,18544,ARDMORE BLVD + BRYN MAWR FS,far_side,farside,1,1
18547,18547,BROADWAY BLVD + VALLEY NS,mid_block,none,0,0
1855,1855,SHADELAND AVE + #3475,mid_block,none,0,0
1857,1857,SHADELAND AVE + STOKES WAY,mid_block,none,0,0
18579,18579,WEST BUSWAY + SHERADEN STATION A,mid_block,busway,0,0
1858,1858,SHADELAND AVE + GEYER,mid_block,none,0,0
18583,18583,WILNER DR + ROBINSON FS,mid_block,none,0,0
18586,18586,MT CARMEL RD + DOLLMAN,mid_block,none,0,0
18592,18592,MT CARMEL RD + DOLLMAN,mid_block,none,0,0
18593,18593,MT CARMEL RD + VERNON,mid_block,none,0,0
18594,18594,MT CARMEL RD + TIERS,mid_block,none,0,0
18598,18598,BEATTY ST + BAUM,mid_block,none,0,0
1861,1861,SHADELAND AVE + CASEMENT,mid_block,none,0,0
18611,18611,BEATTY RD + BEATTY POINTE VILLAGE FS,mid_block,none,0,0
18612,18612,WM PENN HWY + CENTER FS,far_side,none,0,1
18617,18617,PENN AVE + JACKSON,mid_block,none,0,0
1862,1862,SHADELAND AVE + WOODLAND,mid_block,none,0,0
18622,18622,WM PENN HWY + NORTHERN PIKE,far_side,nearside,1,1
18624,18624,HWY RT 286 + ALPINE,mid_block,none,0,0
18627,18627,HWY RT 286 + ROYAL OAK DR FS,mid_block,none,0,0
1863,1863,WOODLAND AVE + STAYTON,mid_block,none,0,0
18630,18630,FRANKSTOWN AVE + BLACKADORE,near_side,nearside,1,1
18631,18631,TOKAY ST + BENNETT,near_side,nearside,1,1
18632,18632,ARLINGTON AVE + KNOX,mid_block,none,0,0
18636,18636,NORTH AVE + SANDUSKY ST (AGH),mid_block,none,0,0
18639,18639,MATHIAS ST + RHINE,mid_block,none,0,0
1864,1864,WOODLAND AVE + BRIGHTON,mid_block,none,0,0
18640,18640,CHESTNUT ST + ZONA WAY,mid_block,none,0,0
18641,18641,16TH ST + PENN AVE,near_side,nearside,1,1
18643,18643,WILSON ST + CHARLES,mid_block,none,0,0
18645,18645,BOWER HILL RD + PAINTERS RUN,mid_block,none,0,0
18646,18646,VANADIUM RD + BOWER HILL,mid_block,none,0,0
18647,18647,BOWER HILL RD + SOMERVILLE,mid_block,none,0,0
18648,18648,BOWER HILL RD + HILLAIRE,mid_block,none,0,0
18649,18649,WEST LIBERTY AVE + MCFARLAND,far_side,farside,1,1
18650,18650,WEST LIBERTY AVE + KELTON,mid_block,none,0,0
18652,18652,WEST LIBERTY AVE + BELLE ISLE,mid_block,none,0,0
18653,18653,WEST LIBERTY AVE + RAY,mid_block,none,0,0
18654,18654,VANADIUM RD + GREEN COMMONS FS,mid_block,none,0,0
18655,18655,WEST LIBERTY AVE + PIONEER,far_side,farside,1,1
18657,18657,WEST LIBERTY AVE + RAY,mid_block,none,0,0
18658,18658,WEST LIBERTY AVE + KELTON FS,mid_block,none,0,0
18659,18659,WEST LIBERTY AVE + MCFARLAND,near_side,nearside,1,1
1866,1866,WOODLAND AVE + STAYTON,mid_block,none,0,0
18662,18662,BOWER HILL RD + HILLAIRE,mid_block,none,0,0
18663,18663,BOWER HILL RD + SOMERVILLE,mid_block,none,0,0
18664,18664,KANE BLVD + PROVIDENCE POINT BLVD,mid_block,none,0,0
18667,18667,DELWAR + APPLEBEES DRVWY,mid_block,none,0,0
18668,18668,DELWAR + RITTER ENGINEERING DRVWY,mid_block,none,0,0
1867,1867,WOODLAND AVE + SHADELAND,mid_block,none,0,0
18672,18672,DELWAR + RITTER ENGINEERING DRVWY,mid_block,none,0,0
18673,18673,DELWAR + APPLEBEES DRVWY,mid_block,none,0,0
18677,18677,HWY RT 51 + HILLVIEW,mid_block,none,0,0
18678,18678,STILLEY RD + HWY RT 51,mid_block,none,0,0
1868,1868,SHADELAND AVE + DICKSON,mid_block,none,0,0
18681,18681,MCKNIGHT RD + THE BLOCK AT NORTHWAY DRVWY,mid_block,none,0,0
18682,18682,MCKNIGHT RD + MCKNIGHT CIR (OPP ROSS PARK MALL DR),far_side,nearside,1,1
18684,18684,MCKNIGHT RD + SEIBERT NS,mid_block,none,0,0
18685,18685,MCKNIGHT RD + SEIBERT FS,far_side,farside,1,1
18686,18686,MCKNIGHT RD + BABCOCK RAMP FS,mid_block,none,0,0
18689,18689,MCKNIGHT RD + NELSON RUN,mid_block,none,0,0
1869,1869,SHADELAND AVE + CASEMENT,mid_block,none,0,0
18690,18690,MCKNIGHT RD + BRAUNLICH,far_side,nearside,1,1
18691,18691,MCKNIGHT RD + PATRICK PL FS,far_side,farside,1,1
18694,18694,MCKNIGHT RD + PERRYMONT FS,far_side,farside,1,1
18697,18697,SAMPLE RD + NORTHGATE,mid_block,none,0,0
18699,18699,HEMLOCK DR + BABCOCK,mid_block,none,0,0
1870,1870,SHADELAND AVE + RANCHERIA,mid_block,none,0,0
18701,18701,PRESIDENTIAL DR + WASHINGTON,mid_block,none,0,0
18704,18704,SPRINGFIELD DR + NORTHGATE,mid_block,none,0,0
18708,18708,AMITY DR + THOMPSON RUN,mid_block,none,0,0
18709,18709,EVERGREEN RD + IVORY NS,mid_block,none,0,0
1871,1871,SHADELAND AVE + SCHIMMER,mid_block,none,0,0
1872,1872,SHADELAND AVE + GEYER,mid_block,none,0,0
18720,18720,WEST BUSWAY + INGRAM STATION STOP A,mid_block,busway,0,0
18721,18721,WEST BUSWAY + CRAFTON STATION STOP A,mid_block,busway,0,0
18722,18722,WEST BUSWAY + IDLEWOOD STATION A,mid_block,busway,0,0
18729,18729,WEST BUSWAY + INGRAM STATION STOP B,mid_block,busway,0,0
1873,1873,SHADELAND AVE + HARBISON FS,mid_block,none,0,0
18730,18730,WEST BUSWAY + CRAFTON STATION STOP B,mid_block,busway,0,0
18731,18731,WEST BUSWAY + IDLEWOOD STATION STOP B,mid_block,busway,0,0
18732,18732,WEST BUSWAY + BELL STATION STOP B,mid_block,busway,0,0
1875,1875,SHADELAND AVE + ETOLA St FS,mid_block,none,0,0
18758,18758,FOSTER AVE + WILLOW (PLAYGROUND),mid_block,none,0,0
1876,1876,SHADELAND AVE + DAVIS,mid_block,none,0,0
18763,18763,STUEBENVILLE PIKE + CAMPBELLS RUN FS,mid_block,none,0,0
18764,18764,STANHOPE ST + CHARTIERS FS (SUNOCO),mid_block,none,0,0
18769,18769,BROADWAY ST + 9TH,mid_block,none,0,0
18770,18770,BROADWAY ST + 11TH,mid_block,none,0,0
18772,18772,MCKEES ROCKS RD + HECKLE FS,mid_block,none,0,0
18778,18778,HELEN ST + SPROUL FS,mid_block,none,0,0
18780,18780,MCCOY RD + NEVILLE FS,mid_block,none,0,0
18781,18781,MCCOY RD + EWING FS,mid_block,none,0,0
18782,18782,BROWNSVILLE RD AT BRENTWOOD LOOP SHELTER,mid_block,none,0,0
18783,18783,HERBST RD + ROSE,mid_block,none,0,0
18785,18785,CHARTIERS AVE + SINGER,far_side,farside,1,1
18787,18787,5TH AVE AT THORN HOLLOW RD FS - THORN RUN PNR,mid_block,none,0,0
18788,18788,5TH AVE + CHESS FS,mid_block,none,0,0
18789,18789,5TH AVE + WOOD FS,mid_block,none,0,0
18790,18790,5TH AVE + CHESTNUT FS,mid_block,none,0,0
18793,18793,ISLAND AVE + ORR FS,mid_block,none,0,0
18794,18794,ISLAND AVE + ORR,mid_block,none,0,0
18796,18796,ISLAND AVE + CHURCHILL,mid_block,none,0,0
18797,18797,GRAND AVE + NEVILLE,far_side,farside,1,1
18798,18798,GRAND AVE + VON STEIN,mid_block,none,0,0
1880,1880,CALIFORNIA AVE + COOPER AVE,mid_block,none,0,0
18814,18814,FOX CHAPEL RD + FREEPORT FS,near_side,nearside,1,1
18816,18816,FOX CHAPEL RD + MARGERY S,mid_block,none,0,0
18817,18817,FOX CHAPEL RD + MARGERY N,mid_block,nearside,1,0
18818,18818,FOX CHAPEL RD + PARL ENTERANCE,mid_block,none,0,0
18819,18819,FOX CHAPEL RD + DELAFIELD NS,mid_block,none,0,0
1882,1882,CALIFORNIA AVE + PERROTT ST,mid_block,none,0,0
1883,1883,CALIFORNIA AVE + CHELLIS ST,mid_block,none,0,0
1884,1884,CALIFORNIA AVE + WINHURST ST FS,mid_block,none,0,0
18844,18844,LEBANON CHURCH RD + REGIS,near_side,nearside,1,1
18847,18847,BROWNSVILLE RD + HOLLOWHAVEN FS,mid_block,none,0,0
18848,18848,KNOEDLER RD + BROWNSVILLE RD FS,mid_block,none,0,0
18849,18849,WEYMAN RD + VILLAGE LANE,mid_block,none,0,0
18853,18853,HORNING RD + BROUGHTON FS,mid_block,none,0,0
18856,18856,BLOSSOM DR + NORMA,mid_block,none,0,0
18857,18857,BLOSSOM DR + GARDENVILLE,mid_block,none,0,0
18859,18859,BLOSSOM DR + NORMA,mid_block,none,0,0
18864,18864,ZUPANCIC DR + BROGLIE,mid_block,none,0,0
18866,18866,ZUPANCIC DR + QUAKER,mid_block,none,0,0
18867,18867,ZUPANCIC DR + #6516,mid_block,none,0,0
18870,18870,BROWNSVILLE + SYLVANIA,mid_block,none,0,0
18873,18873,GARDENVILLE RD + BLOSSOM,mid_block,none,0,0
18874,18874,BLOSSOM DR + MCANULTY,mid_block,none,0,0
18877,18877,BAPTIST RD + WINDVALE FS,mid_block,none,0,0
18879,18879,GARDENVILLE RD + CROSS FS,mid_block,none,0,0
18882,18882,BELTZHOOVER AVE + WARRINGTON NS,near_side,nearside,1,1
18888,18888,MELLON ST + HIGHLAND,mid_block,none,0,0
18891,18891,GREENSPRINGS AVE + SPRING FS,mid_block,none,0,0
18894,18894,TERRACE ST + SUTHERLAND DR,mid_block,none,0,0
18896,18896,BRYN MAWR RD + CENTER FS,far_side,farside,1,1
18897,18897,BRYN MAWR RD + IOWA,mid_block,none,0,0
18902,18902,BRYN MAWR RD + IOWA,mid_block,none,0,0
18906,18906,BRYN MAWR RD + CENTER,near_side,nearside,1,1
18907,18907,ALLEQUIPPA ST + WHITRIDGE,mid_block,none,0,0
18908,18908,ALLEQUIPPA ST + SR RESIDENCE (TERRACE),mid_block,none,0,0
18909,18909,TERRACE ST + ROBINSON,mid_block,none,0,0
18910,18910,TERRACE ST + OAK HILL,mid_block,none,0,0
18918,18918,ECKSTIEN + WADSWORTH FS,mid_block,none,0,0
18934,18934,HAMILTON AVE + FIFTH FS,mid_block,none,0,0
18936,18936,HAMILTON AVE + OAKWOOD,mid_block,none,0,0
18937,18937,HAMILTON AVE + ROSEDALE,mid_block,none,0,0
18942,18942,PENN AVE + BAKERY SQUARE,near_side,nearside,1,1
18950,18950,GREENFIELD AVE + LORETTA,mid_block,none,0,0
18951,18951,GREENFIELD AVE + WINDSOR FS,mid_block,none,0,0
18952,18952,GREENFIELD AVE + FRANK FS,mid_block,none,0,0
18953,18953,GREENFIELD AVE + WINTERBURN FS,mid_block,none,0,0
18954,18954,GREENFIELD AVE + HOOSAC FS,mid_block,none,0,0
18955,18955,GREENFIELD AVE + LYDIA FS,mid_block,none,0,0
18959,18959,WINTERBURN AVE + BLANTON,mid_block,none,0,0
18961,18961,WINTERBURN AVE + GREENFIELD,mid_block,none,0,0
18963,18963,HAZELWOOD AVE + #771,mid_block,none,0,0
18966,18966,EAST LIBERTY BLVD + LARIMER,near_side,nearside,1,1
18967,18967,BAUM BLVD + TRADE ST,mid_block,none,0,0
18970,18970,LARIMER AVE + MAYFLOWER,mid_block,none,0,0
18976,18976,LARMIER AVE + MEADOW,mid_block,none,0,0
18978,18978,STRANAHAN ST + BRUSHTON,mid_block,none,0,0
18979,18979,BRUSHTON AVE + UPLAND,mid_block,none,0,0
18980,18980,UPLAND ST + APLLE,mid_block,none,0,0
18983,18983,UPLAND ST + APLLE,mid_block,none,0,0
18985,18985,REYNOLDS ST + HOMEWOOD,mid_block,none,0,0
18986,18986,UPLAND ST + BRUSHTON,mid_block,none,0,0
18988,18988,STRANAHAN ST + OBERLIN,mid_block,none,0,0
18994,18994,RANKIN BLVD + KENMAWR,mid_block,none,0,0
18996,18996,COMMERCIAL ST + BLACKHAWK,mid_block,none,0,0
18997,18997,COMMERCIAL ST + HOMESTEAD,mid_block,none,0,0
19000,19000,MCCLURE AVE + COMMERCIAL,mid_block,none,0,0
19001,19001,COMMERCIAL ST + WHIPPLE,mid_block,none,0,0
19006,19006,MONONGAHELA AVE + WHIPPLE FS,mid_block,none,0,0
19007,19007,KELLY ST + TRENTON FS,mid_block,none,0,0
19008,19008,NEVILLE RAMP + CENTRE FS,far_side,farside,1,1
19011,19011,NEGLEY AVE + JACKSON NS,mid_block,none,0,0
19052,19052,LEECHBURG RD + AUBURN FS,mid_block,none,0,0
19055,19055,FRANKSTOWN RD + CRESCENT HILL FS,mid_block,none,0,0
19056,19056,FRANKSTOWN RD + LONG FS,far_side,farside,1,1
19057,19057,FRANKSTOWN RD + WILSON NS,mid_block,none,0,0
19058,19058,FRANKSTOWN RD + RITZLAND FS,mid_block,none,0,0
19059,19059,FRANKSTOWN RD + BON AIR FS,mid_block,none,0,0
19065,19065,LEECHBURG RD + RICHEY,mid_block,none,0,0
19067,19067,LEECHBURG RD + CLOVERLEAF,mid_block,none,0,0
19068,19068,LEECHBURG RD + COURTNEY,mid_block,none,0,0
19070,19070,LEECHBURG RD + LEECHBURG GARDEN APTS,mid_block,none,0,0
19074,19074,LEECHBURG RD + SUTTON,mid_block,none,0,0
19075,19075,LEECHBURG RD + AUBURN,mid_block,none,0,0
19076,19076,LEECHBURG RD + SALTSBURG FS,mid_block,none,0,0
19078,19078,UNITY-CENTER RD+ CADWELL,mid_block,none,0,0
19080,19080,UNITY-CENTER RD+ MILLERS,mid_block,none,0,0
19082,19082,UNITY-CENTER RD+ ANDERSON,mid_block,none,0,0
19083,19083,UNITY-CENTER RD+ WILLOW,mid_block,none,0,0
19084,19084,UNITY-CENTER RD+ #1010,mid_block,none,0,0
19085,19085,UNITY-TRESTLE RD+ SALTSBURG,mid_block,none,0,0
19086,19086,MONROEVILLE-TRESTLE RD + BOYCE PARK ENTERANCE,mid_block,none,0,0
19088,19088,BIGELOW BLVD + HERRON FS,near_side,farside,1,1
19089,19089,CRAIG ST + BIGELOW FS,mid_block,farside,1,0
19090,19090,BAUM BLVD + CRAIG FS,mid_block,none,0,0
19091,19091,BAUM BLVD + MELWOOD FS,mid_block,none,0,0
19092,19092,BAUM BLVD + LIBERTY FS,far_side,farside,1,1
19095,19095,FRANKSTOWN AVE + STANDARD FS,far_side,farside,1,1
19096,19096,FRANKSTOWN AVE + WILKINSBURG FS,mid_block,none,0,0
19097,19097,FRANKSTOWN AVE + EAST HILLS NS,near_side,nearside,1,1
19101,19101,FRANKSTOWN RD + PENN ARBORS DR FS,mid_block,none,0,0
19102,19102,FRANKSTOWN RD + EVERNIA FS,mid_block,none,0,0
19104,19104,FRANKSTOWN RD + PARKRIDGE,mid_block,none,0,0
19109,19109,CRAIG ST + BAUM,far_side,nearside,1,1
1911,1911,MARSHALL AVE + NEW HAMPSHIRE,mid_block,none,0,0
19113,19113,MAIN ST + PENN NS,near_side,nearside,1,1
19125,19125,BAKER ST + BUTLER,near_side,nearside,1,1
1913,1913,MARSHALL AVE + SORREL,mid_block,none,0,0
19130,19130,BEULAH RD + MCCRADY FS,far_side,farside,1,1
19131,19131,WM PENN HWY + GRAHAM FS,mid_block,none,0,0
19134,19134,MILLTOWN RD + NEWFIELD,mid_block,none,0,0
19136,19136,MILLTOWN RD + LEECHBURG RD,mid_block,none,0,0
19138,19138,UNIVERSAL RD + REITER,mid_block,none,0,0
19139,19139,UNIVERSAL RD + THOMPSON RUN,mid_block,none,0,0
1914,1914,MARSHALL AVE + NEW HAMPSHIRE,mid_block,none,0,0
19140,19140,UNIVERSAL RD + HERSHEY RD FS,mid_block,none,0,0
19142,19142,UNIVERSAL RD + DEERFIELD,mid_block,none,0,0
19143,19143,UNIVERSAL RD + ANTHON,mid_block,none,0,0
19144,19144,UNIVERSAL RD + AUSTIN,mid_block,none,0,0
19145,19145,LONG RD + CLEMATIS,mid_block,none,0,0
19149,19149,MILLTOWN RD + NEWFIELD,mid_block,none,0,0
1915,1915,MARSHALL AVE + STAYTON ST,mid_block,none,0,0
19150,19150,HULTON RD + PENNSYLVANIA,mid_block,none,0,0
19152,19152,MILLTOWN RD + HULTON,mid_block,none,0,0
19153,19153,UNIVERSAL RD + ANTHON,mid_block,none,0,0
19154,19154,UNIVERSAL RD + DEERFIELD,mid_block,none,0,0
19161,19161,COAL HOLLOW + OLD COAL HOLLOW,mid_block,none,0,0
19162,19162,COAL HOLLOW + CLIFF,mid_block,none,0,0
19164,19164,LAKETON RD + DOYLE FS,mid_block,none,0,0
19169,19169,COAL HOLLOW + CLIFF,mid_block,none,0,0
19170,19170,COAL HOLLOW + OLD COAL HOLLOW,mid_block,none,0,0
19174,19174,MONTIER ST + LAKETON,near_side,nearside,1,1
19176,19176,ALLEGHENY RIVER BLVD + PLUM FS,mid_block,none,0,0
19177,19177,ALLEGHENY RIVER BLVD + SHELDON FS,mid_block,none,0,0
19179,19179,ALLEGHENY AVE + MARYLAND NS,mid_block,none,0,0
19180,19180,CLEVER RD + PITCHFORK,mid_block,none,0,0
19186,19186,SUMMIT PARK DR + QUINN,mid_block,none,0,0
19187,19187,SUMMIT PARK DR + CHAUVET DR #1,near_side,nearside,1,1
19192,19192,INGRAM AVE + WEST BUSWAY RAMP FS,mid_block,none,0,0
19197,19197,ALLENDALE ST + TWEED,mid_block,none,0,0
19204,19204,CHARTIERS AVE + LITCHFIELD (STEPS),mid_block,none,0,0
19205,19205,CHARTIERS AVE + FAIRDALE ST,mid_block,none,0,0
19206,19206,MIDDLETOWN RD + STRATMORE FS,mid_block,none,0,0
19212,19212,MIDDLETOWN RD + MARTERA FS,mid_block,none,0,0
19215,19215,CHARTIERS AVE + OLTMAN FS,mid_block,none,0,0
19225,19225,STEUBEN ST + STRATMORE,mid_block,none,0,0
19231,19231,STEUBENVILLE PIKE + LORISH NS (ECONO LODGE),mid_block,none,0,0
19237,19237,S MAIN ST + SANCTUS,near_side,nearside,1,1
19241,19241,WASHINGTON AVE + MAIN FS,far_side,farside,1,1
19242,19242,WASHINGTON AVE + LINCOLN FS,far_side,farside,1,1
19243,19243,WASHINGTON AVE + MARSHALL FS,mid_block,none,0,0
19245,19245,RAILROAD ST + 4TH FS,mid_block,none,0,0
19246,19246,WASHINGTON PIKE AT THOMS RUN RD,near_side,nearside,1,1
19263,19263,CAROTHERS AVE + WASHINGTON,far_side,farside,1,1
19268,19268,HIGHLAND RD + OXFORD,mid_block,none,0,0
19269,19269,GILKESON RD + WASHINGTON,mid_block,none,0,0
19270,19270,BANKSVILLE RD + CRANE,ambiguous,farside,1,0
19276,19276,MCFARLAND RD + DORMONT PARK,mid_block,none,0,0
19277,19277,BANKSVILLE RD + BANKSVILLE AVE,mid_block,none,0,0
19278,19278,BANKSVILLE RD + CRANE,ambiguous,nearside,1,0
19281,19281,MCFARLAND RD + HELEN FS,mid_block,none,0,0
19284,19284,GILKESON RD + WASHINGTON,ambiguous,nearside,1,0
1929,1929,CALIFORNIA AVE + FALCK AVE,mid_block,none,0,0
19292,19292,SOUTHERN AVE + LELIA,mid_block,none,0,0
19295,19295,GRANDVIEW AVE + HALLOCK,mid_block,none,0,0
19296,19296,GRANDVIEW AVE + COHASSETT,mid_block,none,0,0
19303,19303,BOGGS AVE + SOFFEL,mid_block,none,0,0
19305,19305,ARLINGTON AVE + ROANOKE,mid_block,none,0,0
19307,19307,KATHLEEN ST + ESTELLA,mid_block,none,0,0
19309,19309,ARLINGTON AVE + #1047 FS,mid_block,none,0,0
1931,1931,CALIFORNIA AVE + RANKIN AVE,mid_block,none,0,0
19311,19311,HABERMAN AVE + KATHLEEN FS,mid_block,none,0,0
19312,19312,BOGGS AVE + DEWITT FS,mid_block,none,0,0
19314,19314,ARLINGTON AVE + WILLIAM FS,mid_block,none,0,0
19319,19319,SPRING GARDEN AVE + WILLIAMS RD,mid_block,none,0,0
1932,1932,CALIFORNIA AVE + ANTRIM ST,far_side,nearside,1,1
19322,19322,SPRING GARDEN AVE + GIDDY WAY,mid_block,none,0,0
19324,19324,CENTER AVE + BRIGHTWOOD,mid_block,none,0,0
19326,19326,PERRYSVILLE AVE + KENNEDY,mid_block,none,0,0
19329,19329,CEDAR AVE + EAST OHIO,near_side,nearside,1,1
1933,1933,CALIFORNIA AVE + #3228,mid_block,none,0,0
19332,19332,PERRYSVILLE AVE + WALDORF FS,mid_block,none,0,0
1934,1934,CALIFORNIA AVE + BAINTON ST,mid_block,none,0,0
19349,19349,CONNIE DR + OLD CONNIE,mid_block,none,0,0
1935,1935,CALIFORNIA AVE + FORSYTHE ST,mid_block,none,0,0
19350,19350,SHADELAND AVE + COMPLETE FS,mid_block,none,0,0
19351,19351,SHADELAND AVE + OAKHILL FS,mid_block,none,0,0
19353,19353,PENNSYLVANIA + BRIGHTON FS,far_side,farside,1,1
19354,19354,WOODLAND AVE + BRIGHTON FS,mid_block,none,0,0
1936,1936,CALIFORNIA AVE + BOSTON ST,mid_block,none,0,0
19369,19369,21ST ST. + SIDNEY,mid_block,none,0,0
19370,19370,JOSEPHINE ST + SALISBURY FS,mid_block,none,0,0
19375,19375,BROWNS HILL RD + PARKVIEW FS,far_side,farside,1,1
1938,1938,CALIFORNIA AVE + ST JOHNS CHURCH,mid_block,none,0,0
19383,19383,HIGHLAND AVE + BAUM,mid_block,none,0,0
19384,19384,12TH AVE + AMITY FS,mid_block,none,0,0
19388,19388,LIBRARY PL AT DUQUESNE BLVD FS - DUQUESNE PNR,far_side,nearside,1,1
1939,1939,CALIFORNIA AVE + HALSEY PL FS,mid_block,none,0,0
1940,1940,CALIFORNIA AVE + SUPERIOR AVE,mid_block,none,0,0
19405,19405,EDGEWOOD AVE + SAILOR PL FS,far_side,none,0,1
19407,19407,COAL ST + WALNUT,mid_block,none,0,0
19409,19409,EDGEWOOD AVE + BRADDOCK NS,mid_block,none,0,0
19411,19411,NOBLE AVE + ROSLYN,mid_block,none,0,0
19412,19412,HIGHLAND AVE + HAYS,mid_block,none,0,0
19420,19420,HIGHLAND AVE + 5TH FS,far_side,farside,1,1
19428,19428,ALLEGHENY AVE + ANN NS,mid_block,none,0,0
19432,19432,LAKETON RD + DOUGLAS DR E,mid_block,none,0,0
19433,19433,COAL HOLLOW + OLD COAL HOLLOW #2,mid_block,none,0,0
19434,19434,COAL HOLLOW + OLD COAL HOLLOW #2,mid_block,none,0,0
19435,19435,ALLEGHENY RIVER BLVD + CENTER FS,far_side,nearside,1,1
19436,19436,CENTRE AVE + WASHINGTON PLAZA,mid_block,none,0,0
19437,19437,LINCOLN AVE + ATWELL,mid_block,none,0,0
1945,1945,CALIFORNIA AVE + BOSTON ST,mid_block,none,0,0
19453,19453,MOSSFIELD ST + AZURE FS,mid_block,none,0,0
19454,19454,MOSSFIELD ST + FERN,mid_block,none,0,0
19456,19456,SCHENLEY AVE + FERN,mid_block,none,0,0
19457,19457,EAST LIBERTY BLVD + NEGLEY FS,far_side,farside,1,1
19461,19461,MOSSFIELD ST + FERN,mid_block,none,0,0
19465,19465,COLUMBO ST + ATLANTIC,mid_block,none,0,0
19466,19466,MOSSFIELD ST + AZURE,mid_block,none,0,0
19470,19470,SOUTH AVE + HAY,near_side,nearside,1,1
19472,19472,BRADDOCK AVE + ELECTRIC,near_side,nearside,1,1
19475,19475,MAIN ST + HOWLEY FS,mid_block,none,0,0
19476,19476,LINCOLN HWY + JACKS RUN RD FS,mid_block,none,0,0
19482,19482,LINCOLN HWY + JACKS RUN RD,mid_block,none,0,0
19484,19484,LINCOLN HWY + MOTEL,mid_block,none,0,0
1949,1949,CALIFORNIA AVE + ANTRIM ST,near_side,nearside,1,1
19490,19490,BEDFORD AVE + ROBERTS,mid_block,none,0,0
19491,19491,ADELAIDE ST + IOWA,mid_block,none,0,0
19493,19493,BRYN MAWR RD + ANDOVER,mid_block,none,0,0
19494,19494,DEVILLIERS ST + CENTRE,near_side,nearside,1,1
19495,19495,BRYN MAWR RD + ANDOVER,mid_block,none,0,0
19496,19496,ALLEQUIPPA ST + OUTLET,mid_block,none,0,0
19499,19499,BRADDOCK AVE + LINE,mid_block,none,0,0
1950,1950,CALIFORNIA AVE + RANKIN AVE,mid_block,none,0,0
19506,19506,PIONEER AVE + CRYSLER FS,mid_block,none,0,0
19507,19507,PIONEER AVE + BELLE ISLE,mid_block,none,0,0
19508,19508,PIONEER AVE + SOUTHCREST FS,mid_block,none,0,0
19509,19509,PIONEER AVE + CRYSLER NS,mid_block,none,0,0
19510,19510,FREEDOM AVE + CREEDMORE FS,mid_block,none,0,0
19511,19511,BROOKLINE BLVD + PIONEER FS (#506),mid_block,none,0,0
19514,19514,STANWIX ST + PENN FS,mid_block,farside,1,0
1952,1952,CALIFORNIA AVE + FALCK AVE,mid_block,none,0,0
19527,19527,MT ROYAL BLVD + HOFFMAN,mid_block,none,0,0
1953,1953,CALIFORNIA AVE + DAVIS AVE,near_side,nearside,1,1
19531,19531,GRANT AVE + LEHR,mid_block,none,0,0
19533,19533,BUTLER ST + MAPLEWOOD,mid_block,none,0,0
19539,19539,MILLVALE AVE + CENTRE,far_side,farside,1,1
1954,1954,CALIFORNIA AVE + TERMON AVE,near_side,nearside,1,1
19540,19540,ARCH ST + NORTH,far_side,farside,1,1
19541,19541,CAMFIELD ST + CALLE,mid_block,none,0,0
19543,19543,RIDGE AVE + ARCH,mid_block,none,0,0
19545,19545,BAUSMAN AVE + BRICK WAY FS,mid_block,none,0,0
19546,19546,BAUSMAN AVE + BERND,mid_block,none,0,0
19547,19547,BAUSMAN AVE + ROMEYN,mid_block,none,0,0
19548,19548,BAUSMAN AVE + GRIMES,mid_block,none,0,0
19550,19550,BRERETON ST + 28TH,mid_block,none,0,0
19551,19551,DOBSON ST + BRERETON,mid_block,none,0,0
19557,19557,CALIFORNIA AVE + PERROTT,mid_block,none,0,0
19558,19558,CALIFORNIA AVE + TERMON,far_side,farside,1,1
19563,19563,CALIFORNIA AVE + BENTON FS,mid_block,farside,1,0
19564,19564,FOREST AVE + KLEMONT FS,mid_block,none,0,0
19569,19569,HOFFMAN BOULEVARD + DUQUESNE BOULEVARD FS,mid_block,none,0,0
19570,19570,BESSEMER AVE + MAIN,mid_block,none,0,0
19577,19577,FEDERAL ST + HEMLOCK ST,mid_block,none,0,0
19580,19580,GREENTREE RD + RYAN NS,mid_block,none,0,0
19583,19583,COCHRAN ROAD + PARKER DR,near_side,nearside,1,1
19586,19586,WASHINGTON RD + FLORENCE,mid_block,none,0,0
19587,19587,WASHINGTON RD + CEDAR,near_side,nearside,1,1
19590,19590,GREENTREE RD + POCONO FS,mid_block,none,0,0
19592,19592,GREENTREE RD + ARLA FS,far_side,farside,1,1
19602,19602,COCHRAN + ROESSLER,mid_block,none,0,0
19603,19603,COCHRAN + ROBINWOOD,near_side,nearside,1,1
19605,19605,COCHRAN RD + BEVERLY,near_side,nearside,1,1
19609,19609,ISLAND AVE + FRANKLIN INTERIORS,mid_block,none,0,0
19612,19612,SILVER LANE + FALCK FS,mid_block,none,0,0
19614,19614,INGRAM AVE + MARCROSS,mid_block,none,0,0
19615,19615,STEUBEN ST + ELLIOTT HEIGHTS SENIOR CTR,mid_block,none,0,0
19616,19616,STEUBEN ST + ELLIOTT HEIGHTS SENIOR CTR,mid_block,none,0,0
19618,19618,CHARTIERS AVE + MUNICIPAL,mid_block,none,0,0
19619,19619,CHARTIERS AVE + DUBOIS,mid_block,none,0,0
19620,19620,W PROSPECT AVE + BERRY FS,mid_block,none,0,0
19625,19625,SUMMIT PARK DR + PARKLANE #2,mid_block,none,0,0
19626,19626,SUMMIT PARK DR + PARK LANE #1,mid_block,none,0,0
19630,19630,NOBLE AVE + CRAFTON,far_side,farside,1,1
19635,19635,CRENNEL AVE + CRAFTON,mid_block,none,0,0
19641,19641,MCCOY RD + TOTERA,mid_block,none,0,0
19644,19644,KANE BLVD + CHURCH RECTORY,mid_block,none,0,0
19645,19645,BOWER HILL RD + PAINTERS RUN FS,near_side,nearside,1,1
19648,19648,VIRGINIA AVE + BIGHAM,mid_block,none,0,0
19650,19650,WARRINGTON AVE + BOGGSTON,mid_block,none,0,0
19651,19651,BOGGS AVE + PAUL,mid_block,none,0,0
19653,19653,BELTZHOOVER AVE + EUREKA,mid_block,none,0,0
19656,19656,ARLINGTON AVE + JOSEPHINE ST,mid_block,none,0,0
19663,19663,E CARSON ST + 26TH ST,near_side,nearside,1,1
19665,19665,26TH ST + JANE ST,mid_block,none,0,0
19666,19666,JOSEPHINE ST + #3201,mid_block,none,0,0
19667,19667,ARLINGTON AVE + WARRINGTON,near_side,nearside,1,1
19674,19674,CEDAR BLVD + OLD CEDAR,mid_block,none,0,0
19675,19675,HIGHLAND RD + OXFORD,near_side,nearside,1,1
19682,19682,NOBLESTOWN RD + BARTOW,mid_block,none,0,0
19685,19685,SOUTH BUSWAY + SOUTH HILLS JCT,mid_block,busway,0,0
19693,19693,GREENTREE RD + POCONO FS,mid_block,none,0,0
19705,19705,CHARTIERS AVE + NITTANY FS,mid_block,none,0,0
19707,19707,FOSTER AVE + WILLOW (OPP PLAYGROUND),mid_block,none,0,0
19710,19710,STEUBEN ST + DEXTER,mid_block,none,0,0
19716,19716,WASHINGTON PIKE OPP THOMS RUN RD,mid_block,none,0,0
19717,19717,WEST LIBERTY AVE + CAPITOL,near_side,nearside,1,1
19728,19728,PERRY HWY + HANWAY,mid_block,none,0,0
19731,19731,KANE BLVD + OUR LADY OF GRACE,mid_block,none,0,0
19738,19738,EAST OHIO ST + CEDAR,near_side,nearside,1,1
19746,19746,LINCOLN AVE + FREMONT AVE NS,mid_block,nearside,1,0
19748,19748,CENTER AVE + BRONX,mid_block,none,0,0
19749,19749,BALPH AVE + ORCHARD,mid_block,none,0,0
1975,1975,MARSHALL AVE + CALIFORNIA,mid_block,none,0,0
19752,19752,FOREST AVE + CORNELL,mid_block,none,0,0
19753,19753,CORNELL AVE + SPRUCE VALLEY DR,mid_block,none,0,0
19754,19754,CORNELL AVE + WILLIAM ST,mid_block,none,0,0
19755,19755,CALIFORNIA AVE + MARQUIS WAY,mid_block,none,0,0
19756,19756,BALDRIDGE AVE + WALNUT ST FS,mid_block,none,0,0
19762,19762,BANKSVILLE RD + DAYS INN,mid_block,none,0,0
19774,19774,UNITY TRESTLE RD + FRANCIS RD,mid_block,none,0,0
19775,19775,UNITY TRESTLE RD + ASHLAND DR FS,mid_block,none,0,0
19776,19776,UNITY TRESTLE RD + EAST ALLEY NS,mid_block,none,0,0
19779,19779,LEECHBURG RD + GARDEN DR,mid_block,none,0,0
19781,19781,BAUM BLVD + ENFIELD ST FS,mid_block,none,0,0
19783,19783,FRANKSTOWN AVE + BLACKADORE AVE,near_side,nearside,1,1
19786,19786,FRANKSTOWN RD + FRANKSTOWN GARDENS,mid_block,none,0,0
19788,19788,FRANKSTOWN RD + HIGHPOINT DR,mid_block,none,0,0
19789,19789,FRANKSTOWN RD + DUFF RD FS,mid_block,none,0,0
19791,19791,FRANKSTOWN RD + MUNICIPAL BLDG,mid_block,none,0,0
19792,19792,FRANKSTOWN RD + CRESTVIEW DR,mid_block,none,0,0
19793,19793,FRANKSTOWN RD + PETERMANS LN,near_side,nearside,1,1
19798,19798,UNITY TRESTLE RD + UNIVERSAL RD,mid_block,none,0,0
19799,19799,UNITY TRESTLE RD + ASHLAND DR,mid_block,none,0,0
19800,19800,UNITY TRESTLE RD + FRANCIS RD,mid_block,none,0,0
19801,19801,CENTER RD + WIMBLEDON DR FS,mid_block,none,0,0
19804,19804,SALTSBURG RD + ALCOMA PARK PLAZA,mid_block,none,0,0
19806,19806,SALTSBURG RD + LEECHBURG RD,near_side,nearside,1,1
19808,19808,SALTSBURG RD + ASTER ST,mid_block,none,0,0
19810,19810,SALTSBURG RD + ALCOMA PARK PLAZA,mid_block,none,0,0
19811,19811,SALTSBURG RD + UNIVERSAL RD,near_side,nearside,1,1
19813,19813,SALTSBURG RD + CHAPEL HILL DENTAL BLDG (#7641),mid_block,none,0,0
19815,19815,SALTSBURG RD + REGENCY DR,mid_block,none,0,0
19817,19817,MAIN ST + 23RD ST,mid_block,none,0,0
19820,19820,FREEPORT RD + FERRY ST FS,far_side,farside,1,1
19822,19822,FREEPORT RD + BAILEYS RUN RD,near_side,nearside,1,1
19834,19834,BEATTY RD + OLD WM PENN,mid_block,none,0,0
19836,19836,WM PENN HWY + KINGSTON,far_side,nearside,1,1
19843,19843,FELICITY RD + KANE CTR (STAFF ENTRANCE),mid_block,none,0,0
19846,19846,CEDAR AVE + TRIPOLI ST,mid_block,nearside,1,0
19855,19855,CALIFORNIA AVE + FAIRLEE ST FS,mid_block,none,0,0
19857,19857,CHARLES ST + PERRYSVILLE,near_side,nearside,1,1
19859,19859,LEECHBURG RD + BARCKHOFF ST,mid_block,none,0,0
19862,19862,MCINTYRE DR + THOMPSON RUN FS,far_side,farside,1,1
19866,19866,LAWRENCEVILLE SHOPPING CENTER (TERMINAL),mid_block,none,0,0
19869,19869,JANCEY ST + BAKER,mid_block,none,0,0
19870,19870,BAKER ST + #7124,mid_block,none,0,0
19871,19871,PENNWOOD AVE + FRANKILN,mid_block,none,0,0
19874,19874,SWISSVALE AVE + JANE ST LOOP,near_side,farside,1,1
19876,19876,HWY RT 51 RAMP + HWY RT 51 (STEPS),mid_block,none,0,0
19877,19877,E CARSON ST + TERMINAL WAY,mid_block,none,0,0
19879,19879,LEBANON CHURCH RD + CECO DR,near_side,nearside,1,1
19882,19882,BRENTWOOD LOOP AT BROWNSVILLE RD,mid_block,none,0,0
19883,19883,ALLEGHENY STATION BAY 1,mid_block,none,0,0
19884,19884,ALLEGHENY STATION BAY 2,mid_block,none,0,0
19886,19886,BRADDOCK AVE + DELMAR WAY,mid_block,none,0,0
19888,19888,EDGEWOOD TOWNE CENTRE + GIANT EAGLE,mid_block,none,0,0
19894,19894,BRADDOCK AVE + DELMAR,mid_block,none,0,0
19898,19898,HWY RT 51 + IRWIN FS,far_side,farside,1,1
19900,19900,WINTERBURN AVE + BLANTON,mid_block,none,0,0
19901,19901,WINTERBURN AVE + DENMARSH,mid_block,none,0,0
19902,19902,HAZELWOOD AVE + #713,mid_block,none,0,0
19906,19906,GREENFIELD AVE + LORETTA,mid_block,none,0,0
19910,19910,CORBETT DR + CORBETT TOWERS,mid_block,none,0,0
19912,19912,LINCOLN AVE + STARR AVE FS (KUHNS),far_side,farside,1,1
1997,1997,EAST OHIO ST + MIDDLE,mid_block,none,0,0
1998,1998,EAST OHIO ST + JAMES,mid_block,none,0,0
19982,19982,DELAFIELD RD + PATRIOT WAY,near_side,nearside,1,1
19983,19983,OLD FREEPORT RD + CHAPEL HARBOR DR,mid_block,none,0,0
19986,19986,FREEPORT RD + JEFFERSON FS,mid_block,none,0,0
19991,19991,WATERFRONT DR + 5TH AVE FS,mid_block,none,0,0
19994,19994,MURRAY AVE + HAZELWOOD AVE,mid_block,none,0,0
19995,19995,NEGLEY AVE + KENTUCKY ST NS,mid_block,nearside,1,0
19996,19996,NEGLEY AVE + ELMER ST,mid_block,none,0,0
19997,19997,LIBERTY AVE + OSCOLA ST,mid_block,none,0,0
19999,19999,MURRAY AVE + FLEMINGTON ST,mid_block,none,0,0
200,200,CORBETT DR + TOWNE TOWERS NORTH,mid_block,none,0,0
20000,20000,BRINTON RD + BRINTON MANOR DR W,mid_block,none,0,0
20003,20003,ELECTRIC AVE + DYNAMO WAY,mid_block,none,0,0
20004,20004,HUTCHINSON AVE + EAST END,mid_block,none,0,0
20013,20013,SOUTH AVE + PENNWOOD,near_side,nearside,1,1
20014,20014,FIFTH AVE + PENN AVE FS,mid_block,none,0,0
20016,20016,FIFTH AVE + MCPHERSON ST,near_side,nearside,1,1
20017,20017,WM PENN HWY + ELLIOTT,ambiguous,nearside,1,0
20019,20019,WILLIAM PENN HWY + ELLIOTT RD,far_side,farside,1,1
20020,20020,HWY RT 286 + ALPINE VILLAGE PARK AND RIDE,mid_block,nearside,1,0
20021,20021,LONG RD + CLEMATIS,mid_block,none,0,0
20022,20022,HULTON RD + PENNSYLVANIA,mid_block,none,0,0
20026,20026,MILLTOWN RD + HULTON,mid_block,none,0,0
20027,20027,MILLTOWN RD + COMMUNITY MARKET DRVWY,mid_block,none,0,0
20028,20028,MAIN ST + WASHINGTON SCHOOL,mid_block,none,0,0
20029,20029,UNIVERSAL RD + POPLAR RIDGE DR,mid_block,none,0,0
20030,20030,UNIVERSAL RD + WEBSTER,mid_block,none,0,0
20032,20032,UNIVERSAL RD + #150,mid_block,none,0,0
20033,20033,MILLTOWN RD + LEECHBURG RD FS,mid_block,none,0,0
20034,20034,MILLTOWN RD + COMMUNITY MARKET DRVWY,mid_block,none,0,0
20036,20036,HULTON RD + 12TH,mid_block,none,0,0
20038,20038,UNIVERSAL RD + POPLAR RIDGE RD,mid_block,none,0,0
20040,20040,UNIVERSAL RD + HAZEL RD FS,mid_block,none,0,0
20041,20041,UNIVERSAL RD + HERSHEY RD,mid_block,none,0,0
20042,20042,MT CARMEL RD + VERONA FS,mid_block,none,0,0
20044,20044,HOMEWOOD AVE + FRANKSTOWN FS,far_side,farside,1,1
20047,20047,LARIMER AVE + MEADOW,mid_block,none,0,0
20048,20048,TILBURY AVE + ALDERSON,mid_block,none,0,0
20064,20064,WILTSIE ST + HIGHLAND DR FS,mid_block,none,0,0
20065,20065,OBERLIN ST + OAKDENE FS,mid_block,none,0,0
20068,20068,UPLAND ST + STERRETT ST STEPS NS,mid_block,none,0,0
20071,20071,MURRAY AVE + NORTHUMBERLAND,near_side,nearside,1,1
20072,20072,MURRAY AVE + AYLESBORO,mid_block,none,0,0
20074,20074,BEATTY ST + CENTRE AVE,near_side,nearside,1,1
20075,20075,CENTRE AVE + S EUCLID AVE,near_side,nearside,1,1
20077,20077,CENTRE AVE + ELMORE ST FS,mid_block,none,0,0
20087,20087,ALLEGHENY AVE + COLLEGE,mid_block,none,0,0
20088,20088,ROBINSON BLVD + FRANKSTOWN FS,far_side,farside,1,1
20089,20089,ROBINSON BLVD + EAST GATE ENTRANCE FS,mid_block,none,0,0
20090,20090,ROBINSON BLVD + DOUGLAS,mid_block,none,0,0
20093,20093,MAIN ST + HOWARD,mid_block,none,0,0
20096,20096,EAST LIBERTY BLVD + LARIMER,near_side,nearside,1,1
20097,20097,EAST LIBERTY BLVD + NEGLEY RUN,near_side,nearside,1,1
20098,20098,SCHENLEY AVE + COLUMBO ST,mid_block,none,0,0
201,201,CORBETT DR + BROWNS LN,mid_block,none,0,0
20100,20100,EAST LIBERTY BLVD + CENTRE AVE,ambiguous,nearside,1,0
20101,20101,EAST LIBERTY BLVD + HIGHLAND AVE FS,far_side,farside,1,1
20103,20103,FORBES AVE + NORTHUMBERLAND,mid_block,none,0,0
20104,20104,PENN AVE + GRANT,near_side,farside,1,1
20106,20106,40TH ST + DAVIDSON ST FS,mid_block,none,0,0
20107,20107,LAKETON RD + COLLINS RD,mid_block,none,0,0
20109,20109,9TH AVE + PENN ST,mid_block,none,0,0
20111,20111,OLD WILLIAM PENN HWY + BEATTY RD,mid_block,none,0,0
20114,20114,UPMC EAST DRIVE + HOSPITAL,mid_block,none,0,0
20116,20116,UPMC EAST DRIVE + HOSPITAL,mid_block,none,0,0
20118,20118,MONROEVILLE TRESTLE RD + SALTSBURG RD,mid_block,none,0,0
20119,20119,MURRAY AVE + FORBES AVE,near_side,nearside,1,1
20120,20120,WALLACE AVE + SWISSVALE FS,mid_block,none,0,0
20158,20158,LYSLE BLVD + MARKET FS,mid_block,none,0,0
20159,20159,TEXAS AVE + MIFFLIN ST,mid_block,none,0,0
20160,20160,HOFFMAN BLVD + K-MART DR,mid_block,none,0,0
20168,20168,VERSAILLES AVE + FREEMONT,near_side,nearside,1,1
20170,20170,WALNUT ST + 31ST FS,mid_block,none,0,0
20176,20176,JOHNSON AVE + NAOMI DR,mid_block,none,0,0
20179,20179,CENTER AVE + NORWICH,mid_block,none,0,0
20180,20180,CENTER AVE + NORWICH,mid_block,none,0,0
20182,20182,7TH ST + PENN AVE,ambiguous,nearside,1,0
20183,20183,LEY ST + FROMAN,mid_block,none,0,0
20184,20184,LOWRIE ST + LEY,mid_block,none,0,0
20185,20185,HOFFMAN BLVD + K-MART DR,mid_block,none,0,0
20191,20191,DUQUESNE BLVD + MILLER,mid_block,none,0,0
20193,20193,ROBERTS ST + WYLIE,mid_block,none,0,0
20194,20194,ROBERTS ST + WEBSTER,mid_block,none,0,0
20195,20195,ROBERTS ST + BEDFORD,mid_block,none,0,0
20198,20198,COCHRAN RD + AREDEN RD,mid_block,none,0,0
202,202,BROWNS LN + ROSS PARK DR,mid_block,none,0,0
20203,20203,VIRGINIA AVE + MERRIMAC,near_side,nearside,1,1
20204,20204,VIRGINIA AVE + MERRIMAC,near_side,nearside,1,1
20205,20205,BELTZHOOVER AVE + CLIMAX,mid_block,none,0,0
20206,20206,ROBERTS ST + WEBSTER,mid_block,none,0,0
20207,20207,ROBERTS ST + WYLIE,mid_block,none,0,0
20213,20213,MILWAUKEE ST + ORION,mid_block,none,0,0
20219,20219,LONG RUN RD + OLD LONG RUN RD NS,mid_block,none,0,0
20221,20221,WARREN DR + LINCOLN HWY FS,mid_block,none,0,0
20222,20222,LONG RUN RD + OLD LONG RUN RD FS,mid_block,none,0,0
20224,20224,SOUTH BUSWAY + PIONEER AVE RAMP FS,mid_block,busway,0,0
20225,20225,BROWNSVILLE RD + NATIVTY CHURCH,mid_block,none,0,0
20226,20226,GARDENVILLE RD + CHARLOTTE,mid_block,none,0,0
20228,20228,WEYMAN RD + HENNIG DR FS,mid_block,none,0,0
20231,20231,LAUREL DR + CURRY,mid_block,none,0,0
20233,20233,ZUPANCIC DR + SPRINGDALE,mid_block,none,0,0
20234,20234,RIDGEVUE DR + BROWNSVILLE,mid_block,none,0,0
20237,20237,HWY RT 51 + E BRUCETON FS,mid_block,farside,1,0
20238,20238,HWY RT 51 + ELLIOTT RD FS,mid_block,none,0,0
20240,20240,WORTHINGTON AVE + 10TH FS,mid_block,none,0,0
20242,20242,ST CLAIR AVE + MILLER AVE FS,far_side,farside,1,1
20243,20243,KEEPORT DR + TRAVIS DR FS,mid_block,none,0,0
20247,20247,HOLLYROOD DR + PROSPECT,mid_block,none,0,0
20249,20249,PROSPECT RD + CAPREL TOWNHOUSES,mid_block,none,0,0
20252,20252,KOHNE ST + FISHER ST,mid_block,none,0,0
20258,20258,MOUNTAIN ST + SCHULER ST,mid_block,none,0,0
20268,20268,22ND AVE + WEST,mid_block,none,0,0
20269,20269,BAPTIST RD + #5341,mid_block,none,0,0
20275,20275,DESIDERIO BLVD + JEFERSON,mid_block,none,0,0
20285,20285,WATERFRONT DR + LOEWS THEATRE,mid_block,none,0,0
20295,20295,LIBERTY AVE + GATEWAY #4,mid_block,none,0,0
20297,20297,BLOSSOM RD + LAUREL DR FS,mid_block,none,0,0
20299,20299,8TH AVE + RAVINE,near_side,nearside,1,1
203,203,BROWNS LN + MCKNIGHT RD,far_side,nearside,1,1
20305,20305,UPLAND ST + #7220,mid_block,none,0,0
20306,20306,UPLAND ST + #7500,mid_block,none,0,0
20309,20309,WALNUT ST + 14TH,mid_block,none,0,0
20310,20310,WALNUT ST + 15TH AVE BRIDGE,near_side,nearside,1,1
20352,20352,RODENBAUGH + IVORY AVE FS,mid_block,none,0,0
20359,20359,TILDEN ST + #7171,mid_block,none,0,0
20360,20360,TILDEN ST + #7101,mid_block,none,0,0
20362,20362,MINGO ST + OAKDENE,mid_block,none,0,0
20363,20363,TILDEN ST + #7110,mid_block,none,0,0
20364,20364,TILDEN ST + #7182,mid_block,none,0,0
20365,20365,STRANAHAN ST + OBERLIN,mid_block,none,0,0
20366,20366,MINGO ST + VANN RD,mid_block,none,0,0
20368,20368,SILVERTON ST + EVERTON ST,mid_block,none,0,0
20372,20372,HOMEWOOD AVE + FINANCE (EAST BUSWAY),mid_block,none,0,0
20381,20381,ALLEGHENY AVE + REEDSDALE FS,far_side,farside,1,1
20390,20390,RIDGE AVE + ALLEGHENY,near_side,nearside,1,1
20392,20392,SALTSBURG RD + ALCOMA GOLF CLUB,mid_block,none,0,0
20395,20395,LABELLE ST + SYCAMORE,mid_block,none,0,0
20396,20396,LABELLE ST + PIERMONT,mid_block,none,0,0
20397,20397,LABELLE ST+ GRANDVIEW,mid_block,none,0,0
20398,20398,LARIMER AVE + WINSLOW,mid_block,none,0,0
20399,20399,LARIMER AVE + SHETLAND,mid_block,none,0,0
20401,20401,CHARTIERS AVE + MCKEES ROCKS PLAZA NS,near_side,nearside,1,1
20406,20406,HOFFMAN BLVD + KENNYWOOD BLVD,far_side,nearside,1,1
20416,20416,ELLSWORTH AVE + EAST LIBERTY STATION,mid_block,none,0,0
20418,20418,EAST HILLS DR + WILNER,mid_block,none,0,0
20419,20419,BEECHWOOD BLVD + MONITOR,mid_block,none,0,0
20420,20420,GREENTREE RD + MANORVIEW,near_side,nearside,1,1
20421,20421,MICHIGAN ST + BELTZHOOVER AVE,mid_block,none,0,0
20422,20422,BELTZHOOVER AVE + RENTZ WAY,mid_block,none,0,0
20423,20423,BROWNSVILLE RD + BRENTRIDGE AVE,mid_block,none,0,0
20427,20427,4TH AVE + DUQUESNE ST,mid_block,none,0,0
20428,20428,4TH AVE + ANTISBURY ST,mid_block,none,0,0
20431,20431,4TH AVE + HAWKINS AVE,mid_block,none,0,0
20436,20436,PEEBLES RD + # 8077,mid_block,none,0,0
20437,20896,PEEBLES RD + VINCENTIAN DRVWY FS,far_side,farside,1,1
20439,20439,CLEVER RD + MONTOUR HIGH SCHOOL,mid_block,nearside,1,0
20442,20442,WEYMAN RD + SOUTH PASSAGE DR,mid_block,none,0,0
20443,20443,WEYMAN RD + SOUTH PASSAGE DR,mid_block,none,0,0
20452,20452,BEDFORD AVE + HERRON AVE FS,mid_block,none,0,0
20453,20453,BEDFORD AVE + WANDLESS ST,mid_block,none,0,0
20454,20454,BEDFORD AVE + MORGAN ST,mid_block,none,0,0
20456,20456,BEDFORD AVE + DUFF ST,mid_block,none,0,0
20459,20459,BEDFORD AVE + ERIN ST,mid_block,none,0,0
2046,2046,SEAVEY RD + PARKER ST,mid_block,none,0,0
20461,20461,DEVILLIERS ST + WEBSTER,mid_block,none,0,0
20462,20462,BEDFORD AVE + ERIN ST,mid_block,none,0,0
20465,20465,BEDFORD AVE + SOMERS DR,mid_block,none,0,0
20466,20466,BEDFORD AVE + DUFF ST,mid_block,none,0,0
20467,20467,BEDFORD AVE + MORGAN ST,mid_block,none,0,0
20468,20468,BEDFORD AVE + WANDLESS ST,mid_block,none,0,0
20469,20469,DEVILLIERS ST + BEDFORD AVE,mid_block,none,0,0
20476,20476,CHARTIERS AVE + FURMAN WAY FS,mid_block,none,0,0
20479,20479,CALIFORNIA AVE + AVALON LOOP,mid_block,none,0,0
20484,20484,YOST BLVD + ARDMORE MANOR,mid_block,none,0,0
20485,20485,MIDDLE ST + BRIDGE,mid_block,nearside,1,0
20486,20486,HAZELWOOD AVE + #737,mid_block,none,0,0
20487,20487,HAZELWOOD AVE + FRANK,mid_block,none,0,0
20489,20489,EAST HILLS DR + SCHOOL DRIVEWAY,mid_block,none,0,0
20497,20497,CHARTIERS AVE + PITTSBURGH CLASSICAL ACADEMY,mid_block,none,0,0
205,205,MCKNIGHT RD + NORTH HILLS VILLAGE (SOUTH ENT),far_side,nearside,1,1
20501,20501,EAST BUSWAY + NEGLEY STATION A,mid_block,busway,0,0
20504,20504,KIRKPATRICK ST + ROSE ST,mid_block,none,0,0
20506,20506,CENTRE AVE + ADDISON ST,mid_block,none,0,0
20507,20507,BLVD OF ALLIES + JUMONVILLE,mid_block,none,0,0
20516,20516,BUTLER ST + PENN AVE FS,far_side,farside,1,1
20517,20517,LOWRIE ST + HOFF ST,mid_block,none,0,0
20518,20518,LOWRIE ST + DEHAVEN ST FS,mid_block,none,0,0
20520,20520,HWY RT 51 + PARTY CITY (CENTURY III),near_side,nearside,1,1
20522,20522,LEWIS RUN RD + HWY 51 FS,mid_block,none,0,0
20523,20523,LEWIS RUN RD + MON VALLEY SCHOOL DRWY,mid_block,none,0,0
20524,20524,LEWIS RUN RD + ANHURST APTS,mid_block,none,0,0
20526,20526,LEWIS RUN RD + HWY 885,near_side,nearside,1,1
20531,20531,HWY RT 885 + WRAY LARGE RD,mid_block,none,0,0
20532,20532,HWY RT 885 + WRAY DR FS,mid_block,none,0,0
20534,20534,HWY RT 885 + SUNSET DR,mid_block,none,0,0
20535,20535,HWY RT 885 + WALL RD,mid_block,none,0,0
20536,20536,RAVENSBURG BLVD + HWY RT 885 FS,mid_block,none,0,0
20537,20537,RAVENSBURG BLVD + CLAIRTON MUNICIPAL COMPLEX,mid_block,none,0,0
20539,20539,STATE ST + MILL DR,mid_block,none,0,0
20540,20540,STATE ST + FRANCIS AVE,mid_block,none,0,0
20542,20542,STATE ST + MONTOUR TRAIL,mid_block,none,0,0
20546,20546,OHIO AVE + BROADWAY ST,mid_block,none,0,0
20547,20547,9TH ST + HEMLOCK WAY,mid_block,none,0,0
20550,20550,MONONGAHELA AVE + 5TH ST,near_side,nearside,1,1
20551,20551,MONONGAHELA AVE + 4TH ST,mid_block,none,0,0
20552,20552,MONONGAHELA AVE + 3RD ST,mid_block,none,0,0
20553,20553,MONONGAHELA AVE + 2ND ST,mid_block,none,0,0
20554,20554,MONONGAHELA AVE + 1ST ST,mid_block,none,0,0
20555,20555,MONONGAHELA AVE + HARRISON ST,mid_block,none,0,0
20558,20558,BOWMAN AVE + JARVIS ST,mid_block,none,0,0
20559,20559,BOWMAN AVE + POPLAR ST,mid_block,none,0,0
20565,20565,EAST PITTSBURGH-MCKEESPORT BLVD + BROWN PL,mid_block,none,0,0
20566,20566,EAST PITTSBURGH-MCKEESPORT BLVD + OVERHILL DR,mid_block,none,0,0
20567,20567,EAST PITTSBURGH MCKEESPORT BLVD + MARYLAND AVE,near_side,nearside,1,1
20568,20568,PORT PERRY RD + E PITTSBURGH-MCKEESPORT BLVD FS,mid_block,none,0,0
20570,20570,MONONGAHELA AVE + 7TH,near_side,nearside,1,1
20576,20576,COAL VALLEY RD + JEFFERSON PHYSICAL THERAPY DRWY,mid_block,none,0,0
20579,20579,EAST PITTSBURGH MCKEESPORT BLVD + MARYLAND AVE,near_side,nearside,1,1
20582,20582,EAST PITTSBURGH-MCKEESPORT BLVD + THE LANE,mid_block,none,0,0
20583,20583,EAST PITTSBURGH-MCKEESPORT BLVD + ORRIS RD,mid_block,none,0,0
20584,20584,EAST PITTSBURGH-MCKEESPORT BLVD + AULT ST,mid_block,none,0,0
20585,20585,EAST PITTSBURGH-MCKEESPORT BLVD + FAIRMONT ST,mid_block,none,0,0
20586,20586,BOWMAN AVE + LIME ST,mid_block,none,0,0
20587,20587,BOWMAN AVE + POPLAR ST,mid_block,none,0,0
20588,20588,BOWMAN AVE + JARVIS ST,mid_block,none,0,0
20593,20593,MONONGAHELA AVE + HARRISON ST,mid_block,none,0,0
20594,20594,MONONGAHELA AVE + 1ST ST,mid_block,none,0,0
20595,20595,MONONGAHELA AVE + 2ND ST,mid_block,none,0,0
20596,20596,MONONGAHELA AVE + 3RD ST,mid_block,none,0,0
20597,20597,MONONGAHELA AVE + 4TH ST,mid_block,none,0,0
20598,20598,MONONGAHELA AVE + 5TH ST,near_side,nearside,1,1
20599,20599,MONONGAHELA AVE + 6TH ST,near_side,nearside,1,1
20600,20600,MONONGAHELA AVE + 7TH ST,near_side,nearside,1,1
20601,20601,MONONGAHELA AVE + 8TH ST,mid_block,none,0,0
20603,20603,OHIO AVE + BROADWAY ST,mid_block,none,0,0
20604,20604,OHIO AVE + WALL ST,mid_block,none,0,0
20606,20606,STATE ST + MONTOUR TRAIL,mid_block,none,0,0
20607,20607,STATE ST + MAPLE AVE,near_side,nearside,1,1
20610,20610,RAVENSBURG BLVD + CLAIRTON MUNICIPAL COMPLEX,mid_block,none,0,0
20613,20613,HWY RT 885 + SUNSET DR,mid_block,none,0,0
20616,20616,HWY RT 885 + WRAY DR,mid_block,none,0,0
20617,20617,HWY RT 885 + WRAY LARGE RD,mid_block,none,0,0
20622,20622,LEWIS RUN RD + SOUTHWESTERN HEALTH CENTER,mid_block,none,0,0
20623,20623,LEWIS RUN RD + MON VALLEY SCHOOL DRWY,mid_block,none,0,0
20625,20625,STATE ST + SHAW AVE,mid_block,none,0,0
20627,20627,LEWIS RUN RD + HWY 885 FS,mid_block,none,0,0
20628,20628,LEWIS RUN RD + HWY 51 NS,mid_block,none,0,0
20630,20630,CLYDE AVE + PORT PERRY RD,mid_block,none,0,0
20631,20631,MONONGAHELA AVE + LINCOLN ST,mid_block,none,0,0
20632,20632,MONONGAHELA AVE + LINCOLN ST,mid_block,none,0,0
20633,20633,RAVENSBURG BLVD + HWY RT 885,mid_block,none,0,0
20637,20637,LEWIS RUN RD + ANNHURST APTS,mid_block,none,0,0
20638,20638,ST CLAIR AVE + 8TH ST,mid_block,none,0,0
20639,20639,ST CLAIR AVE + 8TH ST,mid_block,none,0,0
2064,2064,PARKER ST + SOOSE,mid_block,none,0,0
20640,20640,HWY RT 885 + # 1118,mid_block,none,0,0
20641,20641,HWY RT 885 + PAYNE HILL RD FS,mid_block,none,0,0
20642,20642,HWY RT 885 AT COAL VALLEY RD FS,mid_block,none,0,0
20646,20646,CORBET ST + 4TH AVE,mid_block,none,0,0
20647,20647,CORBET ST + 2ND AVE,mid_block,none,0,0
20648,20648,1ST AVE + LOCK ST,mid_block,none,0,0
20649,20649,1ST AVE + ROSS ST,mid_block,none,0,0
20650,20650,4TH AVE + TARENTUM PARK-AND-RIDE,mid_block,none,0,0
20651,20651,CORBET ST + 8TH,mid_block,none,0,0
20652,20652,CORBET ST + 9TH AVE,mid_block,none,0,0
20653,20653,CORBET ST + 10TH AVE AVE NS (FREEPORT),near_side,nearside,1,1
20654,20654,10TH AVE + GARFIELD ST,mid_block,none,0,0
20655,20655,10TH AVE + SUMMIT ST,mid_block,none,0,0
20656,20656,10TH AVE + ORMOND ST,mid_block,none,0,0
20657,20657,FREEPORT RD + HORNER ST,mid_block,none,0,0
20658,20658,PROSPECT ST + ROUP DR,mid_block,none,0,0
20659,20659,PROSPECT ST + 9TH AVE,mid_block,none,0,0
20663,20663,LEWIS RUN RD + NORTH,mid_block,none,0,0
20664,20664,9TH ST + OHIO AVE,mid_block,none,0,0
20665,20665,PORT PERRY RD + E PITTSBURGH-MCKEESPORT BLVD,mid_block,none,0,0
20667,20667,HWY RT 885 + WALL RD,mid_block,none,0,0
20668,20668,PROSPECT ST + RESERVOIR DR,mid_block,none,0,0
20671,20671,BROWNSVILLE RD + DEWALT AVE FS,mid_block,none,0,0
20673,20673,EAST OHIO ST + HEINZ,mid_block,none,0,0
20674,20674,EAST OHIO ST + GRANT,mid_block,nearside,1,0
20687,20687,MALL BLVD + K-MART,mid_block,none,0,0
20688,20688,EXPOMART DR + WEST ENTRANCE,mid_block,none,0,0
20689,20689,MALL BLVD + K-MART,mid_block,none,0,0
20692,20692,PARK MANOR DR + ROBINSON PLAZA,mid_block,none,0,0
20694,20694,BRADDOCK AVE + HERITAGE HIGHLANDS NS,mid_block,none,0,0
20696,20696,ALCOMA BLVD + TURNAROUND,mid_block,none,0,0
20697,20697,ALCOMA BLVD + SALTSBURG,mid_block,none,0,0
20708,20708,CYPRESS ST + OAK ST,mid_block,none,0,0
20709,20709,CYPRESS ST + MIFFLIN AVE,mid_block,none,0,0
20710,20710,MIFFLIN AVE + CHERRY ST,mid_block,none,0,0
20713,20713,MIFFLIN AVE + GEORGE ST,mid_block,none,0,0
20714,20714,MIFFLIN AVE + CHERRY ST,mid_block,none,0,0
20715,20715,CYPRESS ST + MIFFLIN AVE FS,mid_block,none,0,0
20716,20716,CYPRESS ST + OAK ST,mid_block,none,0,0
20717,20717,MURRAY AVE + WILKINS AVE FS,mid_block,none,0,0
20719,20719,E CARSON ST + 9TH ST,mid_block,none,0,0
20721,20721,BRADDOCK AVE + LIBRARY,near_side,nearside,1,1
20723,20723,BRINTON RD + #1245,mid_block,none,0,0
20726,20726,LEWIS RUN RD + SOUTHWESTERN HEALTH CENTER,mid_block,none,0,0
20727,20727,PASSAVANT HOSPITAL + MAIN ENTRANCE,mid_block,none,0,0
20728,20728,PASSAVANT HOSPITAL + 4TH FLOOR ENTRANCE BLDG T,mid_block,none,0,0
20729,20729,MONONGAHELA AVE + ARCH ST,mid_block,none,0,0
20730,20730,MONONGAHELA AVE + ARCH ST,mid_block,none,0,0
20731,20731,LEWIS RUN RD + KELLY LANE,mid_block,none,0,0
20732,20732,COAL HOLLOW RD + FRANKSTOWN RD FS,mid_block,none,0,0
20735,20735,MANSFIELD BLVD + JEFFERSON ST (CARNEGIE STATION),near_side,nearside,1,1
20760,20760,STATE ST + ELM ST,mid_block,none,0,0
20761,2633,CRAIG ST + CENTRE AVE FS,far_side,farside,1,1
20762,20762,PENN AVE + DALLAS AVE,near_side,nearside,1,1
20763,20763,PENN AVE + DALLAS AVE,near_side,nearside,1,1
20765,20765,HIGHLAND AVE + ELLSWORTH AVE STEPS,mid_block,farside,1,0
20766,20766,HIGHLAND AVE + ELLSWORTH AVE STEPS,near_side,nearside,1,1
20767,20767,AMBULATORY CARE CENTER DR + BLDG #71,mid_block,none,0,0
20768,20768,AMBULATORY CARE CENTER DR + BLDG #51,mid_block,none,0,0
20775,20775,CENTURY DR + SAMS CLUB DRVWY,mid_block,none,0,0
20779,20779,BAUM BLVD + FAIRMOUNT ST FS,near_side,farside,1,1
20781,20781,31ST ST BRIDGE RAMP + RIALTO ST,near_side,nearside,1,1
20785,20785,JOSEPHINE ST + ARLINGTON AVE,mid_block,none,0,0
20786,20786,STATE ST + WALNUT AVE FS,mid_block,none,0,0
20789,20789,5TH ST + DUQUESNE,mid_block,none,0,0
20790,20790,FOREST AVE + 6TH ST,mid_block,none,0,0
20791,20791,FOREST AVE + 7TH ST,mid_block,none,0,0
20792,20792,7TH ST + PROSPECT,mid_block,none,0,0
20793,20793,7TH ST + TIMBER LN,mid_block,none,0,0
20794,20794,FORBES RD + MEADOW ST,mid_block,none,0,0
20795,20795,FORBES RD + CK STUDIOS DRIVEWAY,mid_block,none,0,0
20806,20806,BROWNSVILLE RD + CURRY RD FS,mid_block,none,0,0
20807,19607,WASHINGTON RD + BOWER HILL RD FS,far_side,farside,1,1
20808,20808,HORNING RD + BROUGHTON RD,mid_block,none,0,0
20809,20809,BROWNSVILLE RD + NATIVTY CHURCH,mid_block,none,0,0
20812,20812,GREENTREE RD + GREENBRIAR DR,mid_block,none,0,0
20813,20813,GREENTREE RD + VIRGINIA MANSIONS FS,mid_block,none,0,0
20814,20814,GREENTREE RD + VIRGINIA MANOR SC DRIVEWAY,mid_block,none,0,0
20818,20818,TERRACE ST + WHITRIDGE,mid_block,none,0,0
20819,20819,ROBINSON ST + ELLERS,mid_block,none,0,0
20824,20824,ITIN ST + DIANA,mid_block,none,0,0
20825,20825,SUNSET AVE + ESSEN ST,mid_block,none,0,0
20826,20826,COLBY ST + REGULUS ST,mid_block,none,0,0
20827,20827,WHITE AVE + STOTZ AVE FS,mid_block,none,0,0
20828,20828,CRENNEL AVE + LINWOOD,near_side,nearside,1,1
20829,20829,FERGUSON RD + WALLACE,mid_block,none,0,0
20830,20830,MCKNIGHT RD + SEIBERT RD,near_side,nearside,1,1
20831,20831,CHARTIERS AVE + ISLAND AVE NS,mid_block,none,0,0
20832,20832,OHIO RIVER BLVD + LOCUST,mid_block,none,0,0
20833,20833,BROOKLINE BLVD + GLENARM,near_side,nearside,1,1
20836,20836,BEAVER ST + GLEN MITCHELL RD,mid_block,none,0,0
20837,20837,BEAVER ST + GLEN MITCHELL RD,mid_block,none,0,0
20840,20840,YOUNG ST + YESTER,mid_block,none,0,0
20841,20841,GRANDVIEW AVE + BROWNLEE ST,mid_block,none,0,0
20842,20842,CRAWFORD VILLAGE PL + GRANDVIEW,mid_block,none,0,0
20843,20843,YESTER SQ + CRAIG ST,mid_block,none,0,0
20844,20844,YESTER SQ + CRAWFORD VILLAGE PL,mid_block,none,0,0
20846,20846,LINCOLN HWY + 5TH AVE EXT NS,far_side,nearside,1,1
20849,20849,MONONGAHELA BLVD + #1224,mid_block,none,0,0
20850,20850,MONONGAHELA BLVD + #1224,mid_block,none,0,0
20864,15995,ROBINSON TOWNE CTR DR + PARK MANOR BLVD,near_side,nearside,1,1
20866,20866,HAZELWOOD AVE + EMAHLEA ST,mid_block,none,0,0
20867,20867,HAZELWOOD AVE + WINTERBURN AVE,mid_block,none,0,0
20868,20868,HAZELWOOD AVE + NANSEN ST,mid_block,none,0,0
20874,20874,BROADVIEW DR + JOHNSTON AVE,mid_block,none,0,0
20877,20877,HAZELWOOD AVE + GLADSTONE ST,mid_block,none,0,0
20878,20878,HAZELWOOD AVE + NANSEN ST,mid_block,none,0,0
20879,20879,HAZELWOOD AVE + EMAHLEA ST,mid_block,none,0,0
2088,2088,EAST OHIO ST + JAMES,mid_block,none,0,0
20880,20880,HAZELWOOD AVE + GIDDINGS ST,mid_block,none,0,0
20881,20881,HAZELWOOD AVE + SABINA ST,mid_block,none,0,0
20882,20882,HAZELWOOD AVE + CALVARY ST,mid_block,none,0,0
20885,20885,JOHNSTON AVE + BROADVIEW FS,mid_block,none,0,0
20886,20886,JOHNSON AVE + NAOMI,mid_block,none,0,0
20887,20887,JOHNSTON AVE + BROADVIEW,mid_block,none,0,0
2089,2089,EAST OHIO ST + MIDDLE,mid_block,none,0,0
20891,20891,STANTON AVE + HIGHLAND AVE,near_side,farside,1,1
2090,2090,EAST OHIO ST + NASH ST FS,near_side,farside,1,1
20901,20901,EVERGREEN RD + #4535,mid_block,none,0,0
20902,20902,EVERGREEN RD + #4534,mid_block,none,0,0
20903,20903,UNIVERSAL RD + SALTSBURG FS,mid_block,none,0,0
20904,20904,FIFTH AVE + # 1681,mid_block,none,0,0
20906,20906,LEBANON RD + SOUTH HILLS INDUSTRIAL PARK,mid_block,none,0,0
20909,20909,LEBANON RD + SOUTH HILLS INDUSTRIAL PARK,mid_block,none,0,0
20911,20911,DUQUESNE BLVD + WYLIE AVE,near_side,nearside,1,1
20912,20912,GLENBURY ST RAMP + SOUTH BUSWAY,far_side,busway,0,1
20913,20913,DUQUESNE BLVD + WYLIE AVE,near_side,nearside,1,1
20914,20914,CRAIG ST + BAUM (MOOREHEAD TOWERS),near_side,farside,1,1
20917,20917,MCKEES ROCKS RD + HECKEL,mid_block,none,0,0
20918,20918,CHURCHILL RD + HOLLAND,mid_block,none,0,0
20920,20920,CURRY HOLLOW RD + GREEN DR,ambiguous,nearside,1,0
20931,19427,ALLEGHENY AVE + ARCHIE NS,mid_block,none,0,0
20933,9919,LYSLE BLVD + MCKEESPORT TRANSPORTATION CENTER,far_side,farside,1,1
20934,1667,GRANT ST + LAUREL,mid_block,none,0,0
20938,20938,BRADDOCK AVE + 6TH ST,near_side,nearside,1,1
20939,20939,BRADDOCK AVE + 6TH ST,near_side,nearside,1,1
20940,2245,ISLAND AVE + CHARTIERS NS (MARY),mid_block,none,0,0
20941,20941,PARKER ST + KLOEHLER FS,mid_block,none,0,0
20943,4151,JEFFERS ST + FADETTE ST,mid_block,none,0,0
20946,20946,EBEN ST + SHIRE PL,mid_block,none,0,0
20947,20947,BLOSSOM DR + CLELIA DR,mid_block,none,0,0
20948,20948,BLOSSOM DR + CLELIA DR,mid_block,none,0,0
20950,6287,BOWER HILL RD + S MEADOWCROFT AVE,mid_block,none,0,0
20953,6991,AMANDA ST + GOLDBACH WAY,mid_block,none,0,0
20955,7070,EDGEWOOD AVE + LLOYD,mid_block,none,0,0
20956,7274,SOUTH AVE + MILL,mid_block,none,0,0
20957,7275,SOUTH AVE + CENTER,mid_block,none,0,0
20959,30,FORBES AVE + BOUQUET ST FS,far_side,farside,1,1
20962,7149,SWISSVALE AVE + MAPLE,near_side,nearside,1,1
20965,18995,RANKIN BLVD + HAWKINS,mid_block,none,0,0
20967,18177,KENNYWOOD BLVD + MIFFLIN,near_side,nearside,1,1
20969,18178,MURRAY AVE+ HAZELWOOD AVE FS,mid_block,none,0,0
20976,3243,FORBES AVE + MAGEE ST,near_side,nearside,1,1
20977,3244,FORBES AVE + STEVENSON ST,near_side,nearside,1,1
20979,3135,HIGHLAND AVE + ALDER ST,near_side,nearside,1,1
20989,12085,GREENFIELD AVE + SECOND AVE,far_side,nearside,1,1
20990,12088,SECOND AVE + BATES FS,far_side,farside,1,1
20999,20220,WARREN DR + LINCOLN HWY NS,mid_block,none,0,0
210,210,MCINTYRE SQUARE + GABRIEL BROTHERS,mid_block,none,0,0
21004,17660,WHITAKER WAY + MARIGOLD ST,mid_block,none,0,0
21008,12571,COMMONWEALTH AVE + RITE AID,mid_block,none,0,0
21012,11670,KENNYWOOD MALL FIRE LANE + GIANT EAGLE,mid_block,none,0,0
21025,10937,LEBANON CHURCH RD + PGH-MCKSPT BLVD,far_side,nearside,1,1
21026,10943,W 5TH AVE + WINDSOR,mid_block,none,0,0
21029,7561,JONES AVE + MAIN,mid_block,none,0,0
21032,18613,WM PENN HWY + NORTHERN PIKE FS,far_side,none,0,1
21042,7705,ROSS AVE + COAL,mid_block,none,0,0
21046,20686,MONROEVILLE MALL + WEST COURT ENTRANCE,mid_block,none,0,0
21047,13597,WM PENN HWY + VALUE CITY,near_side,nearside,1,1
21048,7758,BROADWAY BLVD + QUARRY,mid_block,none,0,0
21049,7761,PATTON ST + MIDDLE,near_side,nearside,1,1
21050,17383,PENN AVE + THOMPSON,mid_block,none,0,0
21051,18505,PENN AVE + SHAW NS,mid_block,none,0,0
21058,7836,AIRBRAKE AVE + 1ST,mid_block,none,0,0
21060,8248,ELLSWORTH AVE + GRAHAM ST,mid_block,none,0,0
21063,18144,ELLSWORTH AVE + SPAHR ST,mid_block,none,0,0
21066,21066,LINCOLN AVE + DEARY ST,near_side,nearside,1,1
21067,21067,STEUBENVILLE PIKE + HIGHTOWER,near_side,nearside,1,1
21069,21069,SUMMIT PARK DR + CHAUVET #2,near_side,nearside,1,1
21071,21071,STEUBEN ST + MCCORMICK AVE,mid_block,none,0,0
21073,21073,STEUBEN ST + FOSTER AVE,mid_block,nearside,1,0
21074,21074,STEUBEN ST + CUMBERLAND FS,mid_block,none,0,0
21076,3604,STEUBENVILLE PIKE + MCCORMICK FS,mid_block,none,0,0
21078,19221,STEUBENVILLE PIKE + E WINDHAVEN RD FS,mid_block,none,0,0
21081,21081,STEUBEN ST + WINLOCK AVE,mid_block,none,0,0
21083,5098,STEUBEN ST + MCCORMICK AVE,mid_block,none,0,0
21086,21086,STEUBENVILLE PIKE + CAMPBELLS RUN RD,near_side,nearside,1,1
21087,21087,SUMMIT PARK DR + HOME DEPOT SERVICE DR,mid_block,none,0,0
21095,21095,TILBURY AVE + NICHOLSON ST,mid_block,none,0,0
21096,21096,TILBURY AVE + WALDRON ST,near_side,nearside,1,1
21097,21097,FORWARD AVE + BEECHWOOD,near_side,nearside,1,1
21098,8485,TILBURY AVE + WALDRON ST FS,mid_block,farside,1,0
21101,7720,LAKETON RD + PADEN ST,mid_block,none,0,0
21103,7722,LAKETON RD + WINTON,mid_block,none,0,0
21107,15435,WM PENN HWY + KIA DEALERSHIP,mid_block,none,0,0
21109,7674,BEELER ST + OLYMPIA PL,mid_block,none,0,0
21111,7652,BEELER ST + OLYMPIA PL,mid_block,none,0,0
21116,21116,HERBST RD + HERBST MANOR RD,mid_block,none,0,0
21117,6153,WEST LIBERTY AVE + WISCONSIN FS,far_side,farside,1,1
21118,404,SAMPLE RD + EASTVIEW DR #2,mid_block,none,0,0
21119,21119,SAMPLE RD + EASTVIEW DR #1,mid_block,none,0,0
21120,21120,BRERETON ST + 30TH ST,mid_block,none,0,0
21126,16546,HULTON RD + 13TH,mid_block,none,0,0
21129,18695,HEMLOCK DR + LAUREL OAK DR,mid_block,none,0,0
21134,18700,PRESIDENTIAL DR + CLEVELAND,mid_block,none,0,0
21139,2800,IVORY AVE + VALLEYVIEW ST,mid_block,none,0,0
21140,2696,IVORY AVE + VALLEYVIEW ST,mid_block,none,0,0
21142,442,EVERGREEN & PEOPLES PLANK RD + BABCOCK,near_side,nearside,1,1
21143,19863,AMITY DR + THOMPSON RUN RD,mid_block,none,0,0
21148,18717,HEMLOCK DR OPP NORTH PARK POOL PARK AND RIDE,mid_block,none,0,0
21151,18719,HEMLOCK DR + LAUREL OAK DR,mid_block,none,0,0
21154,19406,EDGEWOOD AVE + ELM ST,mid_block,none,0,0
21158,7151,EDGEWOOD AVE + GORDON ST,mid_block,none,0,0
21161,11215,HWY RT 51 + LEWIS RUN RD,near_side,nearside,1,1
21162,10145,HWY RT 51 + E BRUCETON RD,near_side,nearside,1,1
21164,9422,HWY RT 51 + GLEN ELM DR,near_side,nearside,1,1
21165,9650,HWY RT 51 + GREENLEE RD,near_side,nearside,1,1
21169,4094,CHARTIERS AVE + HOOVER ST,mid_block,none,0,0
21170,4183,CHARTIERS AVE + WARFLE ST,mid_block,none,0,0
21172,9983,BROWNSVILLE RD + OVERBROOK BLVD,mid_block,none,0,0
21173,2532,BROWNSVILLE RD + KNOX AVE,near_side,nearside,1,1
21174,2537,AMANDA ST + ARLINGTON AVE,mid_block,none,0,0
21175,19389,GRANT AVE + ERWIN ST,mid_block,none,0,0
21178,11664,BEECHWOOD BLVD + FEDERAL HILL ST,mid_block,none,0,0
21180,10965,8TH AVE + DICKSON,near_side,nearside,1,1
21181,10966,8TH AVE + LIBRARY,near_side,nearside,1,1
21182,18442,MIFFLIN RD + MCBRIDE AVE NS,mid_block,none,0,0
21186,11650,12TH AVE + AMITY ST,mid_block,none,0,0
21187,17657,NOBLE DR + LEBANON RD,mid_block,none,0,0
21190,20266,BUTTERMILK HOLLOW RD + LEBANON CHURCH RD,near_side,nearside,1,1
21198,19765,WASHINGTON AVE + STATION ST NS,near_side,nearside,1,1
21201,5281,E RAILROAD ST + 2ND ST,mid_block,none,0,0
21202,5282,E RAILROAD ST + 1ST ST,near_side,nearside,1,1
21205,19247,WASHINGTON AVE + STATION ST,far_side,nearside,1,1
21206,5502,WASHINGTON AVE + JAMES ST FS (POST OFFICE),mid_block,none,0,0
21213,18687,MCKNIGHT RD + INTOWN SUITES DRVWY FS,mid_block,none,0,0
21214,3079,MCKNIGHT RD + PITTSBURGH REVIVAL CENTER,mid_block,none,0,0
21224,21224,OLD ELIZABETH RD + BLUEMONT DR,mid_block,none,0,0
21225,21225,OLD ELIZABETH RD + WOODHILL RD,mid_block,none,0,0
21226,21226,OLD ELIZABETH RD + LEBANON SCHOOL RD,mid_block,none,0,0
21227,21227,CAMP HOLLOW RD + LIVINGSTON RD FS,mid_block,none,0,0
21228,21228,CAMP HOLLOW RD + LEBANON CHURCH RD,mid_block,none,0,0
21229,21229,CAMP HOLLOW RD + LEBANON CHURCH RD FS,mid_block,none,0,0
21230,21230,LEBANON SCHOOL RD + LIVINGSTON RD FS,mid_block,none,0,0
21231,21231,LEBANON SCHOOL RD + OLD ELIZABETH RD,mid_block,none,0,0
21232,21232,OLD ELIZABETH RD + WOODHILL RD,mid_block,none,0,0
21234,21234,GREENSBURG PIKE + VERSAILLES CASTLE APT,mid_block,none,0,0
21235,21235,GREENSBURG PIKE + CENTRAL AVE FS,mid_block,none,0,0
21236,21236,GREENSBURG PIKE + LLOYD AVE,mid_block,none,0,0
21237,21237,GREENSBURG PIKE + KLINE AVE,mid_block,none,0,0
21238,21238,GREENSBURG PIKE + 1ST ST,mid_block,none,0,0
21239,21239,GREENSBURG PIKE + KLINE AVE FS,mid_block,none,0,0
21240,21240,GREENSBURG PIKE + LLOYD AVE,mid_block,none,0,0
21241,21241,GREENSBURG PIKE + CENTRAL AVE FS,mid_block,none,0,0
21242,21242,GREENSBURG PIKE + PATRICIA LN,mid_block,none,0,0
21243,21243,GREENSBURG PIKE + 1ST ST FS,mid_block,none,0,0
21244,21244,REED ST + ELMORE ST,mid_block,none,0,0
21245,21245,REED ST + ADDISON ST,mid_block,none,0,0
21246,21246,REED ST + ELMORE ST,mid_block,none,0,0
21248,21248,REED ST + ADDISON ST,mid_block,none,0,0
21249,21249,REED ST + ELMORE ST,mid_block,none,0,0
21250,21250,ELMORE ST + ROSE ST FS,mid_block,none,0,0
21251,21251,COCHRANS MILL RD + BROWNSVILLE RD FS,mid_block,none,0,0
21252,21252,BROWNSVILLE RD + WILHELM AVE,mid_block,none,0,0
21253,9801,ZUPANCIC DR + HURL,mid_block,none,0,0
21264,21264,BEECHWOOD BLVD + MONITOR ST FS,mid_block,none,0,0
21269,2610,LIBERTY AVE + 40TH ST NS,mid_block,none,0,0
21271,2153,LIBERTY AVE + 37TH ST,mid_block,none,0,0
21272,2154,LIBERTY AVE + 36TH ST,mid_block,none,0,0
21276,2159,LIBERTY AVE + 30TH ST,mid_block,none,0,0
21277,2160,LIBERTY AVE + 29TH ST,mid_block,none,0,0
21279,2617,LIBERTY AVE + 27TH ST,mid_block,none,0,0
21281,2163,LIBERTY AVE + 25TH ST,near_side,nearside,1,1
21283,2165,LIBERTY AVE + 21ST ST,near_side,nearside,1,1
21284,2166,LIBERTY AVE + 17TH ST,near_side,nearside,1,1
21286,2168,LIBERTY AVE + 14TH ST,mid_block,none,0,0
213,213,7TH ST + FT DUQUESNE BLVD,near_side,nearside,1,1
21303,2186,LIBERTY AVE + 36TH ST,mid_block,none,0,0
21304,2187,LIBERTY AVE + 37TH ST,mid_block,none,0,0
21306,2689,LIBERTY AVE + 40TH ST,near_side,nearside,1,1
21308,2691,LIBERTY AVE + MAIN ST (BLOOMFIELD BRIDGE),near_side,nearside,1,1
21316,637,PERRY HWY + CONNIE DR,far_side,nearside,1,1
21318,21318,WATERFRONT DR + BRIDGE ST (RED ROBIN),near_side,nearside,1,1
21321,40111,BRADDOCK AVE + KEYSTONE COMMONS PORTAL 9 FS,mid_block,none,0,0
21328,3202,WATERWORKS MALL + MARSHALLS,mid_block,none,0,0
21329,854,SANDUSKY ST + UNDERPASS,mid_block,none,0,0
21330,12712,SANDUSKY ST + GENERAL ROBINSON ST,near_side,nearside,1,1
21331,2421,BUTLER ST + CENTER ST,mid_block,none,0,0
21337,12600,FREEPORT RD + OLD FREEPORT RD,mid_block,none,0,0
21338,12598,FREEPORT RD + #1372,mid_block,none,0,0
21339,12822,FREEPORT RD + WORKS ENTRANCE #3,mid_block,none,0,0
21340,12824,W 7TH AVE + GRANTHAM ST,near_side,nearside,1,1
21341,12825,W 7TH AVE + WESTERN ST,near_side,nearside,1,1
21344,18358,E 4TH AVE + WOOD ST,mid_block,none,0,0
21345,17606,W 4TH AVE + ROSS ST,mid_block,none,0,0
21347,19838,NORTH HILLS VILLAGE + TARGET,mid_block,none,0,0
21348,1297,NORTH HILLS VILLAGE + BURLINGTON,mid_block,none,0,0
21349,1298,NORTH HILLS VILLAGE + BEST BUY,mid_block,none,0,0
21350,242,MCKNIGHT RD + NORTH HILLS VILLAGE (CENTER ENT),mid_block,none,0,0
21355,452,PEEBLES RD + BINGAY DR,mid_block,none,0,0
21356,454,PEEBLES RD + REMINGTON DR,near_side,nearside,1,1
21357,456,PEEBLES RD + PARKWAY RD FS,mid_block,none,0,0
21361,21361,FREEPORT RD + POWERS RUN,near_side,nearside,1,1
21362,21362,FREEPORT RD + POWERS RUN FS,mid_block,none,0,0
21363,21363,IVORY AVE + SCHERLING ST,mid_block,none,0,0
21364,21364,IVORY AVE + SCHERLING ST,mid_block,none,0,0
21369,20245,PROVOST RD + WEYMAN RD,near_side,nearside,1,1
21373,6859,PROVOST RD + SHADOWLAWN DR,mid_block,none,0,0
21374,6861,PROVOST RD + SHADOW DR,mid_block,none,0,0
21377,1212,EVERGREEN AVE + FRANKLIN ST,mid_block,none,0,0
21379,19741,PARKER ST + KOEHLER ST,mid_block,none,0,0
21382,2502,FERGUSON RD + COYNE AVE,mid_block,none,0,0
21383,2503,FERGUSON RD + DUNCAN AVE NS,mid_block,none,0,0
21384,416,PEEBLES RD + BINGAY DR,mid_block,none,0,0
21387,20438,THE BLOCK AT NORTHWAY DR + DAVE AND BUSTERS,mid_block,none,0,0
21388,21388,ROBINSON BLVD + W'BURG PENN JOINT WATER AUTHORITY,mid_block,none,0,0
21391,19854,MT TROY RD + FORNOF LN,mid_block,none,0,0
21392,2802,IVORY AVE + PEACHTREE WAY,mid_block,none,0,0
214,214,SANDUSKY ST + ISABELLA ST,mid_block,none,0,0
21400,2904,SPRING GARDEN AVE + LAGER ST,mid_block,none,0,0
21401,19321,SPRING GARDEN AVE + WILLIAMS RD,mid_block,none,0,0
21405,563,PERRY HWY + #328,mid_block,none,0,0
21411,923,CENTER AVE + PARK AVE,mid_block,none,0,0
21418,162,EVERGREEN RD + BAYTREE ST,near_side,nearside,1,1
21423,254,BABCOCK BLVD + PERRYMONT RD,far_side,nearside,1,1
21424,256,CORPORATE DR + #5700,mid_block,none,0,0
21426,259,BABCOCK BLVD + WINCHESTER DR,mid_block,none,0,0
21427,19847,BABCOCK BLVD + LAROCHE COLLEGE DRVWY,mid_block,none,0,0
21431,19555,FOREST AVE + CENTER AVE FS,mid_block,none,0,0
21433,1941,OLD CALIFORNIA AVE + WOODLAND AVE,mid_block,none,0,0
21434,3233,CALIFORNIA AVE + MARVISTA ST NS,mid_block,none,0,0
21442,1943,CALIFORNIA AVE + ST JOHNS CHURCH,mid_block,none,0,0
21443,1946,CALIFORNIA AVE + FORSYTHE ST,mid_block,none,0,0
21444,1948,CALIFORNIA AVE + #3228,mid_block,none,0,0
21447,21447,WARRINGTON AVE + BELTZHOOVER AVE,near_side,nearside,1,1
21449,12114,JOHNSTON AVE + MANSION ST,mid_block,none,0,0
21451,21451,SKYLINE DR + #1765,mid_block,none,0,0
21452,21452,SKYLINE DR + BALDWIN HEALTH CENTER,mid_block,none,0,0
21453,21453,SKYLINE DR + PARKLINE DR,mid_block,none,0,0
21454,21454,PARKLINE DR + #1695,mid_block,none,0,0
21455,21455,PARKLINE DR + #1631,mid_block,none,0,0
21456,21456,PARKLINE DR + #1551 (RENTAL OFFICE),mid_block,none,0,0
21457,21457,PARKLINE DR + RADFORD RD FS,mid_block,none,0,0
21458,21458,PARKLINE DR + #1620,mid_block,none,0,0
21459,21459,PARKLINE DR + #1690,mid_block,none,0,0
21460,21460,PARKLINE DR + SKYLINE DR,mid_block,none,0,0
21461,21461,SKYLINE DR + MAPLE DR NS,mid_block,none,0,0
21462,21462,SKYLINE DR + BALDWIN HEALTH CENTER,mid_block,none,0,0
21463,21463,CENTURY DR + GABRIEL BROTHERS,mid_block,none,0,0
21465,21465,MOUNTAINVIEW DR + POOL CITY DR,mid_block,none,0,0
21469,21469,HOBART RD + GREENFIELD RD FS,far_side,farside,1,1
21470,21470,BEACON ST + WIGHTMAN ST,mid_block,nearside,1,0
21471,21471,BEACON ST + MUNHALL RD,mid_block,none,0,0
21490,21490,GREEN LOT + BROADWAY AVE,mid_block,none,0,0
21496,21496,HARTMAN ST + CAMP ST,mid_block,none,0,0
21497,21497,FIFTH AVE + LATTERMAN FAMILY HEALTH CENTER,far_side,nearside,1,1
21499,21499,FIFTH AVE + LATTERMAN FAMILY HEALTH CENTER,near_side,nearside,1,1
215,215,SANDUSKY ST + STOCKTON AVE,near_side,nearside,1,1
21504,21504,WALNUT ST + 1ST EVANGELICAL FREE CHURCH,mid_block,none,0,0
21505,21505,BROADWAY AVE + RED LOT NS (CROSSWALK),mid_block,none,0,0
21509,20112,UNIVERSAL RD + WEBSTER DR FS,mid_block,none,0,0
21510,14223,UNIVERSAL RD + WEBSTER DR,mid_block,none,0,0
2152,2152,LIBERTY AVE + 39TH,mid_block,none,0,0
21521,21521,VILLAGE DR + GROVETON DR,mid_block,none,0,0
21524,21524,CORAOPOLIS RD + #285,mid_block,none,0,0
21528,21528,CHURCHVIEW GARDEN APARTMENTS,mid_block,none,0,0
21529,21529,CHURCHVIEW GARDEN APTS DRVWY + CHURCHVIEW AVE,mid_block,none,0,0
21530,21530,CHURCHVIEW AVE + REVO DR,mid_block,none,0,0
21531,21531,CHURCHVIEW AVE + CATHELL RD,mid_block,none,0,0
21532,21532,CHURCHVIEW AVE + GREENGLEN DR,mid_block,none,0,0
21533,21533,CHURCHVIEW AVE + JOHN ROMANUS DR,mid_block,none,0,0
21534,21534,CHURCHVIEW AVE + CASTLEVIEW DR,mid_block,none,0,0
21536,21536,CHURCHVIEW AVE + GLASS RUN RD FS,mid_block,none,0,0
21539,21539,CHURCHVIEW AVE + WAIDLER AVE,mid_block,none,0,0
21542,21542,SPENCER AVE + STEINER ST,mid_block,none,0,0
21543,21543,SPENCER AVE + WATERMAN AVE FS,mid_block,none,0,0
21544,21544,SPENCER AVE + CUSTER AVE,mid_block,none,0,0
21545,21545,CUSTER AVE + ST WENDELIN CHURCH,mid_block,none,0,0
21546,21546,CUSTER AVE + MARY ST,mid_block,none,0,0
21547,21547,CUSTER AVE + JOSEPH ST,mid_block,none,0,0
21548,21548,CUSTER AVE + EDWARD DR,mid_block,none,0,0
21549,21549,CLOVERFIELD DR + EDWARD DR FS,mid_block,none,0,0
21550,21550,CLOVERFIELD DR + SANDA DR,mid_block,none,0,0
21552,21552,AGNEW RD + ACADEMY CHARTER SCHOOL DRVWY,mid_block,none,0,0
21553,21553,AGNEW RD + LAFFERTY DR,mid_block,none,0,0
21554,21554,AGNEW RD + JOSEPH ST,mid_block,none,0,0
21555,21555,AGNEW RD + PENN ST FS,mid_block,none,0,0
21556,21556,AGNEW RD + BECKS RUN RD,near_side,nearside,1,1
21557,21557,AGNEW RD + BECKS RUN RD FS,far_side,farside,1,1
21558,21558,AGNEW RD + ALAN ST,mid_block,none,0,0
21559,21559,AGNEW RD + JOSEPH ST FS,mid_block,none,0,0
2156,2156,LIBERTY AVE + LIGONIER (HERRON),near_side,nearside,1,1
21560,21560,AGNEW RD + LAFFERTY DR,mid_block,none,0,0
21561,21561,AGNEW RD + ACADEMY CHARTER SCHOOL DRVWY,mid_block,none,0,0
21562,21562,AGNEW RD + CLOVERFIELD DR,mid_block,none,0,0
21563,21563,CLOVERFIELD DR + SANDRA DR,mid_block,none,0,0
21564,21564,CLOVERFIELD DR + EDWARD DR,mid_block,none,0,0
21565,21565,EDWARD DR + CUSTER AVE,mid_block,none,0,0
21566,21566,CUSTER AVE + BICKAR ST,mid_block,none,0,0
21568,21568,CUSTER AVE + ST WENDELIN CHURCH,mid_block,none,0,0
21569,21569,CUSTER AVE + SPENCER AVE,mid_block,none,0,0
2157,20481,LIBERTY AVE + 32ND ST,mid_block,none,0,0
21570,21570,SPENCER AVE + MAKARY WAY,mid_block,none,0,0
21571,21571,SPENCER AVE + ALMORA ST,mid_block,none,0,0
21572,21572,SPENCER AVE + BEAU ST,mid_block,none,0,0
21573,21573,CHURCHVIEW AVE + SANKEY AVE,mid_block,none,0,0
21574,21574,CHURCHVIEW AVE + WAIDLER AVE FS,mid_block,none,0,0
21575,21575,CHURCHVIEW AVE + WILLET RD,mid_block,none,0,0
21576,21576,CHURCHVIEW AVE + ANDRADE ST,mid_block,none,0,0
21577,21577,CHURCHVIEW AVE + MELLOT RD NS,mid_block,none,0,0
21578,21578,CHURCHVIEW AVE + VILLAGE DR,mid_block,none,0,0
21579,21579,CHURCHVIEW AVE + CASTLEVIEW DR,mid_block,none,0,0
2158,2158,LIBERTY AVE + 31ST ST,near_side,nearside,1,1
21580,21580,CHURCHVIEW AVE + JOHN ROMANUS DR FS,mid_block,none,0,0
21581,21581,CHURCHVIEW AVE + MARY ANN DR FS,mid_block,none,0,0
21582,21582,CHURCHVIEW AVE + CATHELL RD NS,mid_block,none,0,0
21583,21583,CHURCHVIEW AVE + REVO DR,mid_block,none,0,0
21584,21584,CHURCHVIEW AVE + DONAHUE DR NS,mid_block,none,0,0
21586,21586,CUSTER AVE + MARY ST,mid_block,none,0,0
21587,21587,CHURCHVIEW AVE + WALTON RD FS,mid_block,none,0,0
21588,21588,CHURCHVIEW AVE + ANDRADE ST FS,mid_block,none,0,0
21590,21590,LEBANON CHURCH RD + PLEASANT HILLS BLVD,mid_block,none,0,0
21592,20274,BEACON ST + MURRAY AVE NS,mid_block,none,0,0
21596,21596,BEECHWOOD BLVD + #3735,mid_block,none,0,0
21603,19390,MAIN ST + E OLIVER RD,mid_block,none,0,0
21604,5895,LINDSAY RD + #723,mid_block,none,0,0
21605,8518,BEECHWOOD BLVD + #3986,mid_block,none,0,0
21606,21520,CORAOPOLIS RD + #298,mid_block,none,0,0
2161,20482,LIBERTY AVE + 28TH ST,near_side,nearside,1,1
21610,21610,LONG RUN RD + LOU WASHOWICH WAY,near_side,nearside,1,1
21611,21611,LONG RUN RD + LOU WASHOWICH WAY,near_side,farside,1,1
21614,21614,BRADDOCK AVE + 2ND ST,far_side,nearside,1,1
21615,21501,HARTMAN ST + ONEIL BLVD,near_side,nearside,1,1
21616,21616,HORNING RD + #5621,mid_block,none,0,0
21618,21618,WORTON BLVD + HOMESTEAD-DUQUESNE,near_side,nearside,1,1
21619,21619,WORTON BLVD + HOMESTEAD-DUQUESNE FS,mid_block,none,0,0
2162,2162,LIBERTY AVE + 26TH ST,near_side,nearside,1,1
21622,21622,SIDNEY ST + CIRCUIT CENTER DRVWY FS,mid_block,none,0,0
21623,21623,SIDNEY ST + SARAH ST,mid_block,none,0,0
21624,21624,SARAH ST + E CARSON ST,near_side,nearside,1,1
21625,21625,E CARSON ST + S 28TH ST,near_side,nearside,1,1
21629,7531,YOST BLVD + BRINTON RD FS,mid_block,none,0,0
21632,21632,CORAOPOLIS RD+ # 338,mid_block,none,0,0
21634,21634,LOWES DR+FOX PLAN RD,mid_block,none,0,0
21635,19503,BALDRIDGE AVE + MIDDLE ST,mid_block,none,0,0
21639,21639,VERONA ST + MAPLEVIEW DR,mid_block,none,0,0
21640,21640,VERONA ST + BELL AVE,mid_block,none,0,0
21641,7171,HAWKINS AVE + #504,mid_block,none,0,0
21642,7172,HAWKINS AVE + #552,mid_block,none,0,0
21644,21644,VERONA ST + MAPLEVIEW DR,mid_block,none,0,0
21645,21645,BRADDOCK AVE + 9TH ST,mid_block,none,0,0
21647,21647,HORNING RD + #5621,mid_block,none,0,0
21653,21653,4TH AVE + HAWKINS AVE,mid_block,none,0,0
21655,18881,CHALFONT ST + CURTIN AVE,mid_block,none,0,0
21656,18880,CHALFONT ST + ESTELLA AVE,mid_block,none,0,0
21659,6978,GEARING AVE + SYLVANIA AVE,mid_block,none,0,0
21661,21527,MOUNTAIN AVE + SCHULER ST,mid_block,none,0,0
21662,11581,MOUNTAIN AVE + FISHER ST,mid_block,none,0,0
21663,20402,ST JOSEPH ST + ORMSBY ST,mid_block,none,0,0
21665,11584,ST JOSEPH ST + RATON ST,mid_block,none,0,0
21666,11585,ST JOSEPH ST + OTTILLIA ST,mid_block,none,0,0
21667,11586,ST JOSEPH ST + #184,mid_block,none,0,0
21668,11587,ST JOSEPH ST + #144,mid_block,none,0,0
21673,2678,CHARLES ST + GEORGIA AVE,mid_block,none,0,0
21674,2679,CHARLES ST + BELTZHOOVER AVE,mid_block,none,0,0
21678,6988,CLIMAX ST + CURTIN AVE,mid_block,none,0,0
21680,21680,FREEPORT RD + #2366,mid_block,none,0,0
21681,21681,FREEPORT RD + HULTON BRIDGE FS,mid_block,none,0,0
21685,7002,CLIMAX ST + ESTELLA AVE,mid_block,none,0,0
21686,7004,CLIMAX ST + HABERMAN AVE,mid_block,none,0,0
21687,7006,CLIMAX ST + GEARING AVE,mid_block,none,0,0
21689,18884,GEARING AVE + SYLVANIA AVE,mid_block,none,0,0
2169,2169,LIBERTY AVE + 12TH ST,mid_block,none,0,0
21691,7013,CHALFONT ST + DELMONT AVE,mid_block,none,0,0
21694,20256,CHALFONT ST + CURTIN AVE FS,mid_block,none,0,0
21696,7020,CHARLES ST + GEORGIA AVE,mid_block,none,0,0
21697,7021,CHARLES ST + GRIMES AVE,mid_block,none,0,0
217,217,CEDAR AVE + NORTH AVE (AGH),near_side,nearside,1,1
21702,11607,PENN AVE + SCHOOL WAY FS,mid_block,none,0,0
21703,11608,PENN AVE + #197,mid_block,none,0,0
21705,11611,OTTILLA ST + ST JOSEPH ST,mid_block,none,0,0
21706,11612,ST JOSEPH ST + RATON ST,mid_block,none,0,0
21707,11613,ST JOSEPH ST + COMO ST (STEPS),mid_block,none,0,0
21708,11614,ST JOSEPH ST + ORMSBY ST,mid_block,none,0,0
2171,2171,LIBERTY AVE + 11TH ST FS (AMTRAK),mid_block,none,0,0
21711,4831,WOOD ST + FORBES AVE AND FIFTH AVE,far_side,farside,1,1
21712,6444,BOWER HILL RD + #809,mid_block,none,0,0
21713,20086,LAKETON RD + GRAHAM BLVD NS,mid_block,none,0,0
21717,21717,ROBINSON CENTER DR + # 6000 (OLIVE GARDEN),mid_block,none,0,0
21718,21718,CENTRE AVE + ROBERTS ST,mid_block,none,0,0
2172,2172,LIBERTY AVE + 14TH ST,mid_block,none,0,0
21720,21720,LINCOLN AVE + LYRIC ST,mid_block,none,0,0
21727,21727,CENTRE AVE + ARTHUR ST,mid_block,none,0,0
21730,21093,PARK MANOR BLVD + ROBINSON CENTER DR FS,mid_block,none,0,0
21731,8002,BEECHWOOD BLVD + CROMBIE ST FS,mid_block,none,0,0
21732,8000,BEECHWOOD BLVD + DOUGLAS ST FS,mid_block,none,0,0
21733,8001,BEECHWOOD BLVD + PHILLIPS AVE FS,far_side,farside,1,1
2174,2174,LIBERTY AVE + 17TH ST,near_side,nearside,1,1
21746,8911,OAKWOOD ST + HAMILTON AVE,mid_block,none,0,0
21747,8912,OAKWOOD ST + KELLY ST,mid_block,none,0,0
21749,8914,OAKWOOD ST + FRANKSTOWN AVE,mid_block,none,0,0
21757,19571,FRANKSTOWN AVE + GERRITT ST,mid_block,none,0,0
2177,2177,LIBERTY AVE + 26TH ST,near_side,nearside,1,1
2178,2178,LIBERTY AVE + 27TH ST,mid_block,none,0,0
21782,1185,LIBERTY AVE + BAUM BLVD,near_side,nearside,1,1
21787,1190,LIBERTY AVE + MILLVALE,near_side,nearside,1,1
21816,46,LIBERTY AVE + WOOD ST,near_side,nearside,1,1
2182,2182,LIBERTY AVE + 31ST ST,near_side,nearside,1,1
21822,18607,LIBERTY AVE + 21ST ST FS,far_side,farside,1,1
21827,2180,LIBERTY AVE + 29TH ST,mid_block,none,0,0
2183,19362,LIBERTY AVE + 32ND ST NS,mid_block,none,0,0
2185,2185,LIBERTY AVE + HERRON,near_side,nearside,1,1
21856,19574,PENN AVE + EASTSIDE III DR,far_side,farside,1,1
21859,8541,EAST LIBERTY BLVD + DAHLEM PL,near_side,nearside,1,1
21879,9197,OAKWOOD ST + BENNETT ST,near_side,nearside,1,1
2188,2188,LIBERTY AVE + 39TH ST,mid_block,none,0,0
21881,9199,OAKWOOD ST + HAMILTON AVE,mid_block,none,0,0
21892,8672,CENTRE AVE + HILL HOUSE,mid_block,none,0,0
219,219,NORTH AVE + MIDDLE ST,near_side,none,0,1
21905,14869,FRIENDSHIP AVE + WINEBIDDLE ST,mid_block,none,0,0
21906,14870,FRIENDSHIP AVE + EVALINE ST,mid_block,none,0,0
21907,14871,FRIENDSHIP AVE + PACIFIC AVE,mid_block,none,0,0
21908,14872,FRIENDSHIP AVE + ATLANTIC AVE,near_side,nearside,1,1
21909,14873,FRIENDSHIP AVE + AIKEN AVE,near_side,nearside,1,1
2191,2191,BANK ST + WALNUT,mid_block,none,0,0
21910,14874,FRIENDSHIP AVE + GRAHAM ST,mid_block,none,0,0
21911,14875,FRIENDSHIP AVE + FAIRMOUNT ST,mid_block,none,0,0
21912,14876,FRIENDSHIP AVE + NEGLEY AVE,near_side,nearside,1,1
2192,2192,SEWICKLEY BRIDGE RAMP + KRAMER,mid_block,none,0,0
2193,2193,HWY RT 51 + VALLEY AMBULANCE,far_side,farside,1,1
21938,21682,BUTLER ST + BAKER ST FS,mid_block,none,0,0
21941,20389,BUTLER ST + LIVONIA,mid_block,none,0,0
21948,9305,STANTON AVE + MORNINGSIDE AVE,mid_block,none,0,0
21949,9306,STANTON AVE + DEMARILLAC HOME,mid_block,none,0,0
21951,9308,STANTON AVE + STANTON CT EAST,far_side,nearside,1,1
21953,9310,STANTON AVE + MCCABE ST,mid_block,none,0,0
21954,9311,STANTON AVE + WOODBINE ST FS,mid_block,none,0,0
21955,9312,STANTON AVE + MCCANDLESS AVE FS,mid_block,none,0,0
21956,9313,STANTON AVE + #4343,mid_block,none,0,0
21957,9314,STANTON AVE + UPVIEW TERRACE,mid_block,none,0,0
21959,9316,STANTON AVE + STEPS,mid_block,none,0,0
21960,9317,STANTON AVE + MCCANDLESS AVE,mid_block,none,0,0
21961,9318,STANTON AVE + 52ND ST,mid_block,none,0,0
21962,9319,STANTON AVE + DUNCAN ST,mid_block,none,0,0
21963,9320,STANTON AVE + HOLMES ST,mid_block,none,0,0
21964,9321,STANTON AVE + KEYSTONE ST,mid_block,none,0,0
21966,9323,STANTON AVE + BUTLER ST,near_side,nearside,1,1
2197,2197,5TH AVE + LOCUST NS,near_side,nearside,1,1
21982,9186,PENN AVE + FRIENDSHIP,near_side,nearside,1,1
21983,9187,PENN AVE + PEARL ST,mid_block,none,0,0
21984,9188,PENN AVE + MATHILDA ST,near_side,nearside,1,1
21985,9189,PENN AVE + MILLVALE AVE,near_side,nearside,1,1
21986,9190,PENN AVE + WINEBIDDLE ST,mid_block,none,0,0
21987,9191,PENN AVE + EVALINE ST,near_side,nearside,1,1
21988,9192,PENN AVE + ATLANTIC AVE,near_side,nearside,1,1
21989,9193,PENN AVE + AIKEN AVE,near_side,nearside,1,1
2199,2199,5TH AVE + MAIN,near_side,nearside,1,1
21991,20513,PENN AVE + FAIRMOUNT ST,mid_block,none,0,0
21992,9196,PENN AVE + NEGLEY,near_side,nearside,1,1
220,220,MADISON AVE + CONCORD ST,mid_block,none,0,0
22001,8946,EAST HILLS DR + #2220,mid_block,none,0,0
22003,8948,EAST HILLS DR + PARK HILL DR,mid_block,none,0,0
22004,8949,PARK HILL DR + #2102,mid_block,none,0,0
22005,8950,PARK HILL DR + WHITE PINE PL,mid_block,none,0,0
22006,8951,PARK HILL DR + #2350,mid_block,none,0,0
22008,16345,EAST HILLS DR + #2303,mid_block,none,0,0
22009,9165,EAST HILLS DR + WILNER DR,mid_block,none,0,0
2201,2201,5TH AVE + BROADWAY,near_side,nearside,1,1
22011,21389,ROBINSON BLVD + WILK PENN JOINT WATER AUTH,mid_block,none,0,0
22012,20091,ROBINSON BLVD + #2600 (OPP E GATE),mid_block,none,0,0
22013,20092,ROBINSON BLVD + FRANKSTOWN RD,near_side,nearside,1,1
22020,20512,PENN AVE + FAIRMOUNT ST,mid_block,none,0,0
22025,9178,PENN AVE + WINEBIDDLE ST,mid_block,none,0,0
22026,9179,PENN AVE + MILLVALE AVE,near_side,nearside,1,1
22027,9180,PENN AVE + MATHILDA ST,near_side,nearside,1,1
22028,9181,PENN AVE + PEARL ST,mid_block,none,0,0
22029,9182,PENN AVE + 45TH ST,near_side,nearside,1,1
2203,2203,5TH AVE + OFFICE BLDG,mid_block,none,0,0
2205,2205,FERREE ST + 4TH,near_side,nearside,1,1
2206,2206,GRAND AVE + VON STEIN,mid_block,none,0,0
22064,8185,NEGLEY AVE + RURAL ST,near_side,nearside,1,1
22068,19118,FRIENDSHIP AVE + STRATFORD AVE,mid_block,none,0,0
22070,14845,FRIENDSHIP AVE + GRAHAM ST,mid_block,none,0,0
22071,14846,FRIENDSHIP AVE + AIKEN AVE,near_side,nearside,1,1
22072,14847,FRIENDSHIP AVE + ATLANTIC AVE,near_side,nearside,1,1
22073,14848,FRIENDSHIP AVE + PACIFIC AVE,mid_block,none,0,0
22074,14849,FRIENDSHIP AVE + EVALINE ST,mid_block,none,0,0
22075,14850,FRIENDSHIP AVE + WINEBIDDLE ST,mid_block,none,0,0
22076,14851,FRIENDSHIP AVE + GROSS ST,near_side,nearside,1,1
2208,2208,GRAND AVE + MAPLE LANE,mid_block,none,0,0
2209,2209,GRAND AVE + COTTAGE,mid_block,none,0,0
22095,9265,STANTON AVE + KEYSTONE ST,mid_block,none,0,0
22096,9266,STANTON AVE + HOLMES ST,mid_block,none,0,0
22097,9267,STANTON AVE + DUNCAN ST,mid_block,none,0,0
22099,19444,STANTON AVE + MCCANDLESS AVE,mid_block,none,0,0
221,221,EAST ST + LAREDA ST,mid_block,none,0,0
2210,2210,GRAND AVE + GIBSON,near_side,nearside,1,1
22102,9272,STANTON AVE + WOODBINE ST FS,mid_block,none,0,0
22106,9276,STANTON AVE + HAWTHORNE ST,mid_block,none,0,0
22108,9278,STANTON AVE + ORANMORE ST,far_side,nearside,1,1
2211,2211,GRAND AVE + PINE,mid_block,none,0,0
22110,9280,STANTON AVE + DEMARILLAC HOME,mid_block,none,0,0
22111,9281,STANTON AVE + MORNINGSIDE AVE,mid_block,none,0,0
22112,9282,STANTON AVE + JANCEY ST,mid_block,none,0,0
22117,18822,BUTLER ST + #5770 (CAR WASH),mid_block,none,0,0
22118,18823,BUTLER ST + #6012,mid_block,none,0,0
22121,3212,BUTLER ST + #6130,mid_block,none,0,0
22122,17133,BUTLER ST + LIVONIA,mid_block,none,0,0
22126,20514,BUTLER ST + PENN AVE,near_side,nearside,1,1
22127,3405,BUTLER ST + 35TH ST,mid_block,none,0,0
22128,3404,BUTLER ST + 36TH ST,mid_block,none,0,0
22129,3403,BUTLER ST + 37TH ST,near_side,nearside,1,1
22130,16178,BUTLER ST + 38TH ST,mid_block,none,0,0
2214,2214,GRAND AVE + PERSHING,mid_block,none,0,0
2215,2215,GRAND AVE + 4TH,mid_block,none,0,0
2216,2216,GRAND AVE + 2ND,mid_block,none,0,0
22169,3209,FREEPORT RD + WESTERN AVE,near_side,nearside,1,1
22177,17655,WATERWORKS MALL + #877,mid_block,none,0,0
2218,2218,GRAND AVE + CALGON CARBON,mid_block,none,0,0
22183,18803,DELAFIELD RD + FOX CHAPEL RD,near_side,nearside,1,1
22184,18804,FOX CHAPEL RD + #325 (OHARA MUNICIPAL BUILDING),mid_block,none,0,0
22185,18805,FOX CHAPEL RD + N MARGERY DR,near_side,nearside,1,1
22186,18806,FOX CHAPEL RD + S MARGERY DR,mid_block,none,0,0
2219,2219,GRAND AVE + PITTSBURGH RECYCLING CENTER,mid_block,none,0,0
22191,3194,FREEPORT RD + #1372,mid_block,none,0,0
22198,21480,GAMMA DR + ZOLL DRIVEWAY,mid_block,none,0,0
222,222,EAST ST + ROYAL ST,mid_block,none,0,0
2220,2220,GRAND AVE + ARMY CORP ENGINEERING,mid_block,none,0,0
22200,21482,ALPHA DR + PRINT TECH DRVWY,mid_block,none,0,0
22204,2414,BUTLER ST + 36TH ST,mid_block,none,0,0
22206,2416,BUTLER ST + 38TH ST,mid_block,none,0,0
22208,18420,BUTLER ST + 40TH ST NS,mid_block,nearside,1,0
2221,2221,GRAND AVE + TRIAD METALS,mid_block,none,0,0
22217,18361,MAIN ST + 62ND ST BRIDGE FS,mid_block,none,0,0
2222,2222,GRAND AVE + NEVILLE RECYCLING,mid_block,none,0,0
22240,9357,WATERWORKS MALL + MARSHALLS,mid_block,none,0,0
22246,9362,OLD FREEPORT RD + #1380,mid_block,none,0,0
22250,21486,BETA DR + ALPHA DR FS,mid_block,none,0,0
22251,21487,BETA DR + EMERSON PROCESS MGMT,mid_block,none,0,0
22252,21489,GAMMA DR + COMFORT INN DRVWY,mid_block,none,0,0
22254,9107,FRANKSTOWN AVE + LAWNDALE ST,mid_block,none,0,0
22259,22259,JUGHANDLE + IVYGLEN FS,near_side,farside,1,1
2226,2226,GRAND AVE + NEVILLE NS,mid_block,none,0,0
22262,22262,ELECTRIC AVE + #1208,mid_block,none,0,0
22264,22264,GRAND AVE + FRONTIER STEEL,mid_block,none,0,0
22265,22265,GRAND AVE + #4700,mid_block,none,0,0
22266,22266,CALIFORNIA AVE + DAVIS AVE,near_side,nearside,1,1
2228,2228,NEVILLE RD + GULF OIL ENTRANCE,near_side,nearside,1,1
22287,15266,LIBERTY AVE + TITO WAY,near_side,none,0,1
22296,45,LIBERTY AVE + MARKET ST,near_side,nearside,1,1
22298,20698,SEVENTH AVE + WILLIAM PENN PL,near_side,nearside,1,1
2230,2230,ISLAND AVE + GLENN,mid_block,none,0,0
22301,22301,HWY RT 51 + STEWART AVE,ambiguous,nearside,1,0
22302,22302,BROWNSVILLE RD + MARYAL DR,mid_block,none,0,0
22303,22303,BROWNSVILLE RD + THURNER DR,mid_block,none,0,0
22304,19819,PITTSBURGH ST + BLOCKDALE ST,mid_block,none,0,0
22306,22306,BOGGS AVE + MINSINGER ST,mid_block,none,0,0
22307,22307,BOGGS AVE + MINSINGER ST,mid_block,none,0,0
2231,2231,ISLAND AVE + #1470,mid_block,none,0,0
22311,22311,PARKLINE DR + RADFORD RD,mid_block,none,0,0
22313,20782,31ST ST BRIDGE RAMP + 31ST ST BRIDGE,near_side,nearside,1,1
22316,21523,LEWIS AVE + #1236,mid_block,none,0,0
2232,2232,ISLAND AVE + FLEMING,mid_block,none,0,0
22320,15580,BLAZIER DR + TARGET ENTRANCE DRIVE,mid_block,none,0,0
22322,14618,MONROEVILLE TRESTLE RD + SALTSBURG RD,mid_block,none,0,0
22325,14744,SALTSBURG RD + MILLERS LN,mid_block,none,0,0
22326,20290,ALPHA DR + FREEPORT RD (HARMAR),mid_block,nearside,1,0
22332,15111,BEULAH RD + LONG RD,mid_block,none,0,0
22337,22337,4TH AVE + CHESTNUT ST,mid_block,none,0,0
2235,2235,ISLAND AVE + #1308,mid_block,none,0,0
22358,22358,BAKERSTOWN RD + #1 COCHRAN DRVWY,mid_block,none,0,0
22359,22359,FREEPORT RD + ALTERMOOR DR,mid_block,none,0,0
22361,22361,BAKERSTOWN RD + #1 COCHRAN DRVWY FS,mid_block,none,0,0
22368,22368,ALPHA DR AT HARMAR PARK AND RIDE,mid_block,none,0,0
2237,2237,ISLAND AVE + #1179,mid_block,none,0,0
22375,22375,ALLEQUIPPA ST + CENTRE AVE,near_side,farside,1,1
2238,2238,ISLAND AVE + TUNNEL WAY,near_side,nearside,1,1
2239,2239,ISLAND AVE + ADRIAN,mid_block,none,0,0
22395,22395,SEAVEY RD + ELBE DR FS,mid_block,none,0,0
22397,22397,W CARSON ST + CORLISS TUNNEL,near_side,nearside,1,1
22398,22398,CLEVER RD + REGINA DR FS,mid_block,none,0,0
224,224,EAST ST + SUFFOLK ST NS,mid_block,none,0,0
2240,2240,ISLAND AVE + MCKEES ROCKS BRIDGE,far_side,farside,1,1
22400,2250,W CARSON ST + TABOR,near_side,nearside,1,1
22401,2251,W CARSON ST + SAGINAW,mid_block,none,0,0
22402,2252,W CARSON ST + EARL,mid_block,none,0,0
22404,2313,W CARSON + BUSWAY RAMP FS,far_side,farside,1,1
2241,2241,ISLAND AVE + CUTLER,far_side,farside,1,1
22419,22419,HERBST RD + AGNES,mid_block,none,0,0
2242,2242,ISLAND AVE + BRADLEY,mid_block,none,0,0
22422,22422,MT CARMEL RD + GEISLER WAY,mid_block,none,0,0
22423,22423,CHASKE ST + #8038,mid_block,none,0,0
22429,22429,MATHIAS ST + MANOR CARE DRIVEWAY,mid_block,none,0,0
22430,22430,LARGE PARK-AND-RIDE OUTBOUND PLATFORM,mid_block,none,0,0
22432,22432,MCKNIGHT RD + #7905 (MAD MEX),mid_block,none,0,0
22434,22434,PARK AVE + MONTIER ST,mid_block,none,0,0
22437,20448,WOODSTOCK AVE + BRADDOCK AVE FS,far_side,farside,1,1
2244,2244,ISLAND AVE + BOQUET,mid_block,none,0,0
22440,22440,PIRL ST + BROWNLEE ST,mid_block,none,0,0
22441,22441,BROWNLEE ST + #60,mid_block,none,0,0
22442,22442,BROWNLEE ST + #44,mid_block,none,0,0
22451,2724,MT TROY + CRONEMEYER AVE FS,mid_block,none,0,0
22452,8661,BENTLEY DR + #1785,mid_block,none,0,0
22454,8636,BENTLEY DR + #1784,mid_block,none,0,0
22455,8635,BENTLEY DR + NIGH WAY,mid_block,none,0,0
2247,2247,CHARTIERS AVE OPP MCKEES ROCKS PLAZA,mid_block,farside,1,0
2249,2249,STANHOPE ST + W CARSON,mid_block,none,0,0
225,225,EAST ST + HAZLETT ST,near_side,nearside,1,1
2255,2255,W CARSON ST + GLENMAWR,mid_block,none,0,0
2258,2258,W CARSON ST + GATEWAY VIEW PLAZA,near_side,nearside,1,1
226,226,EAST ST + MILROY ST,near_side,nearside,1,1
2260,2260,W CARSON ST + DUQUESNE INCLINE,mid_block,none,0,0
22613,11699,HOMEVILLE RD OPP DUQUESNE VILLAGE ENTRANCE #2,mid_block,none,0,0
22614,11700,HOMEVILLE RD OPP DUQUESNE VILLAGE ENTRANCE #1,mid_block,none,0,0
22615,11702,HOMEVILLE RD OPP MUNICIPAL RD,mid_block,none,0,0
22616,11759,HOMEVILLE RD AT DUQUESNE VILLAGE ENTRANCE #1,mid_block,none,0,0
22617,11760,HOMEVILLE RD AT DUQUESNE VILLAGE ENTRANCE #2,mid_block,none,0,0
22618,1515,BROAD ST AT BANK ST FS,mid_block,none,0,0
22619,15840,BELTZHOOVER AVE AT SYLVANIA AVE,mid_block,none,0,0
22620,16894,SPRING GARDEN AVE OPP #2200,mid_block,none,0,0
22621,19528,PEEBLES RD AT DUNCAN AVE NS,near_side,nearside,1,1
22623,2161,28TH ST AT LIBERTY AVE,near_side,nearside,1,1
22624,2224,GRAND AVE OPP #3000 (HOLDEN CORP),mid_block,none,0,0
22625,22459,CALIFORNIA AVE AT BAINTON ST,mid_block,none,0,0
22626,22478,BEAVER AVE + N FRANKLIN ST,far_side,none,0,1
22628,22482,BAUSMAN ST AT GEORGIA AVE,mid_block,none,0,0
22629,22483,PRESIDENTIAL DR AT BABCOCK BLVD FS,mid_block,none,0,0
22630,22484,SEAVEY RD OPP ELBE DR NS,mid_block,none,0,0
22631,22485,LARIMER AVE AT AUBURN ST,far_side,none,0,1
22632,22488,WASHINGTON AVE OPP DOLLAR TREE,mid_block,none,0,0
22633,22490,MONTIER ST AT WRIGHT ST NS,mid_block,none,0,0
22634,22491,GRAND AVE AT HUBERT ST (NEVILLE PARK-AND-RIDE),mid_block,none,0,0
22635,22512,CALIFORNIA AVE AT CHIDELL ST,mid_block,none,0,0
22636,22513,CALIFORNIA AVE AT CHIDELL ST,mid_block,none,0,0
22637,22517,BOWER HILL RD AT BEDNERS FARM MARKET,mid_block,none,0,0
22639,22519,EAST HILLS DR AT CALISTOGA PL FS,mid_block,none,0,0
22640,22521,BROAD ST AT ST JAMES CHURCH,mid_block,none,0,0
22641,22522,WORTHINGTON AVE AT 8TH ST,mid_block,none,0,0
22642,22524,WEST LIBERTY AVE OPP BROOKSIDE AVE,near_side,nearside,1,1
22643,22537,VILLAGE DR AT WASHINGTON RD FS,mid_block,none,0,0
22644,22538,WASHINGTON RD AT CONSOL DR FS,far_side,farside,1,1
22646,22549,BRADDOCK AVE AT GUTHRIE ST,mid_block,none,0,0
22647,2340,GRAND AVE AT #3000 (HOLDEN CORP),mid_block,none,0,0
22648,2412,PENN AVE AT 34TH ST NS,near_side,nearside,1,1
22649,2607,BAUSMAN ST + KNOX AVE FS,mid_block,none,0,0
22651,3673,PINE HOLLOW RD AT KENMAWR PLAZA DRVWY,near_side,nearside,1,1
22652,5095,STEUBEN ST AT RICHMOND ST,mid_block,none,0,0
22655,6970,CHALFONT ST OPP HABERMAN AVE,mid_block,none,0,0
22656,7372,CHURCH ST AT BRADDOCK AVE NS,mid_block,none,0,0
22657,16625,DUQUESNE BLVD AT WHITFIELD AVE,mid_block,none,0,0
22659,18447,GREENFIELD AVE AT IRVINE ST,near_side,farside,1,1
22662,21223,MAPLE DR AT HOLLYWOOD DR,mid_block,none,0,0
22663,21255,OLYMPIA SHOPPING CENTER PARK AND RIDE AT SHELTER,mid_block,none,0,0
22668,22550,LEBANON CHURCH RD + CLOVERLEAF TOWERS,mid_block,none,0,0
22671,22553,MCINTYRE SQUARE + OLIVE GARDEN,mid_block,none,0,0
22672,22554,EAST PITTSBURGHMCKEESPORT BLVD + #920,mid_block,none,0,0
22673,22555,EAST PITTSURGH MCKEESPORT BLVD + #920,mid_block,none,0,0
22674,22556,WESTINGHOUSE AVE + HERMAN AVE,mid_block,none,0,0
22680,12225,RONALD ST AT BEECHWOOD BLVD,near_side,nearside,1,1
22682,19899,GREENFIELD RD AT OVERLOOK DR,mid_block,none,0,0
22683,22559,NEVILLE RD AT #200,near_side,nearside,1,1
22684,22560,PINE HOLLOW RD AT LAB CORP SQUARE,mid_block,none,0,0
22685,22561,PINE HOLLOW RD AT #1806,mid_block,none,0,0
22686,22562,CHARTIERS AVE AT CRAWFORD ST,mid_block,none,0,0
22687,22563,GRANDVIEW AVE AT #39,mid_block,none,0,0
22688,22564,JAMES ST AT #1445,mid_block,none,0,0
22689,22565,JAMES ST + #1446,mid_block,none,0,0
22691,22567,CAMP HOLLOW RD AT LIVINGSTON RD FS,mid_block,none,0,0
22692,22568,CAMP HOLLOW RD AT SKYPORT DR,mid_block,none,0,0
22695,22571,A DR AT B DR,mid_block,none,0,0
22696,22572,B DR AT MANAGEMENT OFFICE,mid_block,none,0,0
22697,22573,B DR AT #532 (SHED),mid_block,none,0,0
22698,22574,B DR AT D DR,mid_block,none,0,0
22699,22575,BLACKBERRY DR AT #847,mid_block,none,0,0
227,227,EAST ST + MT PLEASANT RD,near_side,nearside,1,1
22703,22579,CAMP HOLLOW RD OPP MILLPORT DR,mid_block,none,0,0
22705,22581,6TH ST AT MARGARETTA ST,mid_block,none,0,0
22706,22582,6TH ST AT BALDRIDGE ST,mid_block,none,0,0
22707,22583,6TH ST AT MAIN ST,mid_block,none,0,0
22708,22584,STATE ST OPP LOCUST AVE,mid_block,none,0,0
22709,22585,STATE ST AT LOCUST AVE FS,mid_block,none,0,0
22718,22586,CHARTIERS AVE AT ISLAND AVE FS (STEPS),mid_block,none,0,0
22719,22587,HWY RT 885 AT #1620,mid_block,none,0,0
22720,22588,CENTER AVE AT WALLISTON AVE,mid_block,none,0,0
22721,22589,CENTER AVE AT ALLEGHENY AVE,mid_block,none,0,0
22722,22590,CENTER AVE AT PENNSYLVANIA AVE,mid_block,none,0,0
22723,22591,CENTER AVE AT NORTH AVE,mid_block,none,0,0
22724,22592,CENTER AVE AT LOCUST AVE,mid_block,none,0,0
22725,22593,CENTER AVE AT MILLER AVE,mid_block,none,0,0
22726,22594,CENTER AVE OPP VISTA ST,mid_block,none,0,0
22727,22595,CHURCH AVE AT ROSTREVOR PL,mid_block,none,0,0
22728,22596,CHURCH AVE AT DALZELL AVE,mid_block,none,0,0
22729,22597,CHURCH AVE AT DALZELL AVE,mid_block,none,0,0
22730,22598,CHURCH AVE AT PERRYSVILLE AVE,mid_block,none,0,0
22731,22599,CENTER AVE AT PLUMER AVE,mid_block,none,0,0
22732,22600,CENTER AVE AT VISTA ST,mid_block,none,0,0
22733,22601,CENTER AVE AT MILLER AVE,mid_block,none,0,0
22734,22602,CENTER AVE AT LOCUST AVE,mid_block,none,0,0
22735,22603,CENTER AVE AT NORTH AVE,mid_block,none,0,0
22736,22604,BROOKLINE BLVD AT BELLAIRE PL,near_side,nearside,1,1
22737,22605,BROOKLINE BLVD AT EDGEBROOK AVE,mid_block,none,0,0
22738,22606,WASHINGTON PIKE AT #1370,mid_block,none,0,0
22747,22609,FIFTH AVE AT ROBINSON ST FS,mid_block,none,0,0
22748,22610,HOFFMAN BLVD AT KENNYWOOD MALL DR,mid_block,none,0,0
22750,22612,HWY RT 885 OPP ANDREW DR,mid_block,none,0,0
22752,22614,EVERGREEN AVE AT KLOPHER ST,mid_block,none,0,0
22753,22615,BOWMAN AVE AT CHESTUT AVE,mid_block,none,0,0
22754,22616,BOWMAN AVE OPP CHESTNUT AVE,mid_block,none,0,0
22755,22617,BOWMAN AVE AT #2314,mid_block,none,0,0
22756,22618,BRINTON RD + BRINTON MANOR DR W,mid_block,none,0,0
22759,22619,SHIRE PL + BREINING ST,mid_block,none,0,0
22760,22620,FRANKSTOWN RD + HOCHBERG RD,mid_block,none,0,0
22761,22621,FRANKSTOWN + HOCHBERG RD FS,mid_block,none,0,0
22762,22622,COMMONWEALTH AVE + HILLTOP/PARKVIEW MANOR APTS,mid_block,none,0,0
22763,22623,COMMONWEALTH AVE + CLONMEL ST,mid_block,none,0,0
22764,22624,COMMONWEALTH AVE + OVERLAND AVE,mid_block,none,0,0
22765,22626,COMMONWEALTH AVE AT OVERLAND AVE,mid_block,none,0,0
22766,22627,COMMONWEALTH AVE + CLONMEL ST,mid_block,none,0,0
22767,22628,CENTURY DR + GABRIEL BROTHERS,mid_block,none,0,0
22768,22629,COMMONWEALTH AVE + MILLER AVE,mid_block,none,0,0
22769,22630,ALCOMA BLVD + #225,mid_block,none,0,0
22770,22631,HWY RT 885 + ANDREW DR,mid_block,none,0,0
22771,22632,DESIDERIO BLVD + BAKER AVE,mid_block,none,0,0
22772,22633,AURILES ST + KENNEDY AVE,mid_block,none,0,0
22773,22634,KENNEDY AVE + AURILES ST,mid_block,none,0,0
22774,22635,NORMAN ST + GRANT AVE,mid_block,none,0,0
22775,22636,CONLIN ST + WORTON BLVD,mid_block,none,0,0
22776,22637,BEATTY RD + #560,mid_block,none,0,0
22777,22638,VERONA RD + PELONE DR (VERONA ESTATES),mid_block,none,0,0
22778,22639,VERONA RD + PELONE DR (VERONA ESTATES),mid_block,none,0,0
22779,22640,KANE BLVD + BOWER HILL RD,near_side,nearside,1,1
22783,22641,MOREWOOD AVE AT FORBES AVE FS,mid_block,none,0,0
22784,22643,HERMAN AVE + COMMERCE ST,mid_block,none,0,0
22785,22644,MT TROY RD + VILLA DR,mid_block,none,0,0
22786,22653,HAYMAKER VILLAGE (SHOP N SAVE),mid_block,none,0,0
22788,22645,UNIVERSITY BLVD AT PATTON DR,near_side,nearside,1,1
22789,22646,UNIVERSITY BLVD + TIGER TRAIL,near_side,nearside,1,1
22790,22647,UNIVERSITY BLVD + CARNOT RD,near_side,nearside,1,1
22791,22648,UNIVERSITY BLVD + ROBERT MORRIS,near_side,nearside,1,1
22792,22649,UNIVERSITY BLVD AT MOON PLAZA,near_side,nearside,1,1
22793,22650,UNIVERSITY BLVD + CARNOT RD,near_side,nearside,1,1
22794,22651,UNIVERSITY BLVD + TIGER TRAIL,near_side,nearside,1,1
22795,22652,UNIVERSITY BLVD + PATTON DR,near_side,nearside,1,1
22797,20807,WASHINGTON RD AT BOWER HILL RD FS,far_side,farside,1,1
22798,22654,HAZELWOOD AVE AT LYTLE ST,mid_block,none,0,0
22799,22655,BLAIR ST AT STREET F,mid_block,none,0,0
228,228,EAST ST + VENTURE ST,near_side,nearside,1,1
22800,22656,BLAIR ST AT BEEHIVE ST,mid_block,none,0,0
22801,22657,BLAIR ST OPP STREET A,mid_block,none,0,0
22802,22658,BLAIR ST AT SECOND AVE FS,mid_block,none,0,0
22803,22659,BLAIR ST OPP BEEHIVE ST,mid_block,none,0,0
22804,22660,BLAIR ST AT STREET F,mid_block,none,0,0
22805,22661,HAZELWOOD AVE AT LYTLE ST,mid_block,none,0,0
22806,22662,LAWRENCEVILLE SHOPPING CENTER (BOARDING STOP-SHELTER),mid_block,none,0,0
22807,22663,PROSPECT RD AT HOLLYROOD RD FS,mid_block,none,0,0
22809,22665,BEDFORD AVE AT LOGAN ST,ambiguous,nearside,1,0
22810,22666,WYLIE AVE AT FULLERTON ST,mid_block,none,0,0
22811,22667,WYLIE AVE AT CRAWFORD ST,mid_block,none,0,0
22812,22668,CENTRE AVE AT CRAWFORD ST FS,far_side,farside,1,1
22813,22669,WYLIE AVE AT FULLERTON ST,mid_block,none,0,0
22814,22670,CRAWFORD ST AT WYLIE AVE,mid_block,none,0,0
22815,22671,PERRY HWY AT OLD PERRYSVILLE RD FS,near_side,farside,1,1
22816,22672,LINCOLN AVE AT FRANKSTOWN AVE FS,mid_block,none,0,0
22819,22674,THE BLOCK NORTHWAY DR AT DAVE AND BUSTERS,mid_block,none,0,0
22820,22675,UPLAND ST AT #7506,mid_block,none,0,0
22821,22676,CHARTIERS AVE AT SUTER ST,mid_block,none,0,0
22822,22677,BOGGS AVE AT #304,mid_block,none,0,0
22823,22678,CHATEAU ST AT HOFFMAN ST FS,mid_block,none,0,0
22824,22679,MIFFLIN RD AT MOONEY RD FS,mid_block,none,0,0
22825,22680,MARSHALL AVE AT SORREL ST,mid_block,none,0,0
22826,22681,FRANKSTOWN RD AT #12245,mid_block,none,0,0
22830,22684,PERRY HWY OPP CUMBERLAND RD,near_side,nearside,1,1
22831,22685,PERRY HWY AT CCAC NORTH,near_side,nearside,1,1
22832,22686,PERRY HWY AT PERRYMONT RD,ambiguous,nearside,1,0
22833,22687,PERRY HWY AT WASHINGTON BLVD,near_side,nearside,1,1
22834,22688,PERRY HWY AT TRION RD,near_side,nearside,1,1
22835,22689,BABCOCK BLVD AT BROWNS LANE,near_side,nearside,1,1
22836,22690,BABCOCK BLVD AT RODERICK DR,near_side,nearside,1,1
22837,22691,PERRY HWY AT LOMBARDY DR,near_side,nearside,1,1
22838,22692,PERRY HWY OPP TRION RD (PINES PLAZA),near_side,nearside,1,1
22839,22693,PERRY HWY OPP WASHINGTON BLVD,near_side,nearside,1,1
22840,22694,PERRY HWY AT PERRYMONT RD,near_side,nearside,1,1
22841,22695,PERRY HWY OPP 19 NORTH DR (CCAC NORTH),far_side,farside,1,1
22842,22696,PERRY HWY AT CUMBERLAND RD,near_side,nearside,1,1
22843,22697,GREENTREE RD AT MCKNINNEY LN,near_side,nearside,1,1
22844,22698,GREENTREE RD AT RIDGEMONT DR,mid_block,none,0,0
22845,22699,GREENTREE RD AT JUNIUS ST,mid_block,none,0,0
22846,22700,GREENTREE RD AT WABASH ST,far_side,farside,1,1
22847,22701,WABASH ST AT NEPTUNE ST,far_side,nearside,1,1
22848,22702,SANCTUS ST AT MAIN ST,near_side,nearside,1,1
22849,22703,WABASH ST AT NEPTUNE ST,near_side,nearside,1,1
22850,22704,WABASH ST AT MCCARTNEY ST,near_side,nearside,1,1
22851,22705,GREENTREE RD AT JUNIUS ST,mid_block,none,0,0
22852,22706,GREENTREE RD AT RIDGEMONT DR,mid_block,none,0,0
22853,22707,GREENTREE RD OPP MCKINNEY LN,near_side,nearside,1,1
22854,22708,CHERRINGTON PKWY AT CORAOPOLIS HEIGHTS RD,mid_block,farside,1,0
22855,22709,CHERRINGTON PKWY OPP #1000 (EATON),mid_block,none,0,0
22856,22710,CHERRINGTON PKWY OPP #1200 (SERVICELINK),mid_block,none,0,0
22857,22711,EWING RD OPP COVENTRY HEALTH CARE,mid_block,none,0,0
22858,22712,EWING RD AT COVENTRY HEALTH CARE,mid_block,none,0,0
22859,22713,CHERRINGTON PKWY AT #1200 (SERVICELINK),mid_block,none,0,0
22860,22714,CHERRINGTON PKWY AT #1000 (EATON),mid_block,none,0,0
22861,22715,CHERRINGTON PKWY AT CORAOPOLIS HEIGHTS RD,mid_block,none,0,0
22865,22719,RIVER AVE AT LANE STEEL,mid_block,none,0,0
22866,22720,HELEN ST AT AGNES ST,mid_block,none,0,0
22868,22726,PENN AVE OPP SHADY AVE,near_side,nearside,1,1
22869,22727,PENN AVE AT EUCLID AVE,near_side,nearside,1,1
2287,2287,CORAOPOLIS RD + #333,mid_block,none,0,0
22870,22728,SMITHFIELD ST AT FIFTH AVE,near_side,nearside,1,1
22873,22733,FORBES HOSPITAL,mid_block,none,0,0
22874,22729,MONROEVILLE BLVD OPP TARGET DRIVE,near_side,nearside,1,1
22875,22730,MONROEVILLE BLVD AT OXFORD DR,near_side,nearside,1,1
22876,22731,MONROEVILLE BLVD AT OXFORD DR FS,mid_block,none,0,0
22877,22732,NORTHERN PIKE AT MOSSIDE BLVD,near_side,nearside,1,1
22878,22734,NORTHERN PIKE AT MOSSIDE BLVD FS,mid_block,none,0,0
22879,22735,MONROEVILLE BLVD OPP IVANHOE DR,near_side,nearside,1,1
22880,22736,MONROEVILLE BLVD AT IVANHOE DR,mid_block,nearside,1,0
22881,22737,MONROEVILLE BLVD AT TARGET DR FS,mid_block,none,0,0
22882,22740,MONROEVILLE BLVD AT NORTHERN PIKE,far_side,farside,1,1
22883,22741,MONROEVILLE BLVD AT MUNICIPAL BLDG,near_side,nearside,1,1
22892,22746,MCKEES ROCKS RD AT CONNIE PARK DR,mid_block,nearside,1,0
22893,22747,BIGGS AVE AT GLENROSE ST,mid_block,none,0,0
22894,22749,FT DUQUESNE BLVD AT 6TH ST,near_side,nearside,1,1
22895,22751,THE BLOCK AT NORTHWAY AT NORTHWAY APARTMENTS,mid_block,none,0,0
22896,22752,THE BLOCK AT NORTHWAY OPP NORTHWAY APARTMENTS,mid_block,none,0,0
22897,22753,HWY RT 885 AT LEBANON CHURCH RD (SHEETZ),mid_block,none,0,0
22898,22754,HAZELWOOD AVE AT OSPREY WAY,far_side,nearside,1,1
22899,18183,MCKEESPORT TRANSPORTATION CENTER AT BAY #4,mid_block,none,0,0
229,229,EVERGREEN RD + BAYTREE ST,near_side,nearside,1,1
22901,22750,MONROEVILLE MALL PARK AND RIDE WEST,mid_block,none,0,0
22903,22757,BRIGHTION RD AT BASCOM,mid_block,none,0,0
22919,22748,MOUNTAINVIEW DR AT HERITAGE CREDIT UNION DR,mid_block,none,0,0
2292,2292,COAROPOLIS RD + HERBST RD,mid_block,none,0,0
22920,22759,BOWER HILL RD AT McLAUGHLIN RUN RD,mid_block,none,0,0
22975,22762,STANTON AVE AT NEGLEY AVE FS,far_side,farside,1,1
22976,22763,PENN AVE AT S ST. CLAIR ST,mid_block,none,0,0
22977,22764,BRADDOCK AVE + HERITAGE HIGHLANDS,mid_block,nearside,1,0
22978,22765,BRADDOCK AVE + HERITAGE HIGHLANDS,mid_block,none,0,0
22982,22771,PITCAIRN-TRAFFORD RD + FORBES ROAD,near_side,nearside,1,1
22983,22772,WARRINGTON AVE + BOGGSTON AVE,mid_block,none,0,0
22987,22773,PENFORT ST + #346,mid_block,none,0,0
22988,22774,CHARTIERS AVE + ST JOHN ST,near_side,nearside,1,1
22989,22775,VA CLINIC FRONT DOOR,mid_block,none,0,0
2299,2299,VILLAGE DR + LEWIS,mid_block,none,0,0
22990,22776,BROADWAY AVE + 11TH ST,mid_block,none,0,0
22998,22777,BROADWAY BLVD + PITCAIRN PARK BLDG,mid_block,nearside,1,0
22999,22778,BLVD OF THE ALLIES + BATES,far_side,farside,1,1
23000,22779,BLVD OF THE ALLIES + BATES,near_side,nearside,1,1
23012,71050,EVERGREEN AVE AT SHERIDAN ST,mid_block,none,0,0
23013,71051,EVERGREEN AVE OPP KLOPFER ST,mid_block,none,0,0
23014,71052,EVERGREEN AVE OPP WEHPLE ST,mid_block,none,0,0
23027,22796,BLAIR ST + #4165,mid_block,none,0,0
23028,22797,BLAIR ST + #4165,mid_block,none,0,0
23033,22807,FREELAND ST + MCCLEARY ST,mid_block,none,0,0
23034,22808,HIGHLAND AVE + BROAD ST,mid_block,none,0,0
23045,22814,RIDGE AVE + W OHIO ST,mid_block,none,0,0
23046,22815,RIDGE AVE + W OHIO ST,mid_block,none,0,0
23055,22824,ROSS PARK MALL,mid_block,none,0,0
23056,22825,WALLACE AVE + HAY ST,mid_block,none,0,0
23065,22826,BREINING ST + BROOKLINE BLVD,mid_block,none,0,0
23067,22838,RICHLAND AVE AT 5TH STREET,mid_block,none,0,0
23068,22839,RICHLAND AVE + 5TH STREET,mid_block,none,0,0
23069,22840,CRAWFORD ST + BELFORD AVE,near_side,nearside,1,1
23070,22841,CCAC WEST,mid_block,none,0,0
23071,22842,CCAC WEST,mid_block,none,0,0
23084,22870,UNIVERSITY BLVD + STOOPS FERRY RD,far_side,farside,1,1
23085,22871,UNIVERSITY BLVD + STOOPS FERRY RD,far_side,nearside,1,1
23086,22872,MOSSIDE BLVD + MACBETH DR,far_side,nearside,1,1
23087,22873,MOSSIDE BLVD + MACBETH DR,near_side,nearside,1,1
2309,2309,W CARSON ST + DUQUESNE INCLINE,mid_block,none,0,0
23092,22875,LIBERTY AVE + 7TH ST,far_side,farside,1,1
23095,22878,FORBES AVE + SMITHFIELD ST,ambiguous,nearside,1,0
23097,22880,LIBERTY AVE + FIFTH AVE,near_side,nearside,1,1
23098,22881,WASHINGTON PL + FIFTH AVE,near_side,nearside,1,1
23099,22882,DIAMOND ST + BOYD ST,mid_block,none,0,0
2310,2310,W CARSON ST + GATEWAY VIEW PLAZA,near_side,nearside,1,1
23100,22883,FORBES AVE + GRANT ST,near_side,nearside,1,1
23101,22884,ROSS STREET PRTX STATION,near_side,nearside,1,1
23102,22886,MARKET SQUARE PRTX STATION,far_side,nearside,1,1
23103,22887,WOOD STREET PRTX STATION,near_side,nearside,1,1
23104,22888,STEEL PLAZA PRTX STATION,far_side,nearside,1,1
23106,22890,WALNUT ST + OLYMPIA SHOPPING CENTER,far_side,farside,1,1
23107,22891,WALNUT ST + OLYMPIA SHOPPING CENTER,far_side,nearside,1,1
23108,22908,BRYANT ST + ST CLAIR ST,mid_block,none,0,0
23109,22909,NEGLEY AVE + ELGIN ST,mid_block,none,0,0
23110,22910,NEGLEY AVE + ELGIN ST,mid_block,none,0,0
23111,22915,WILLIAM PENN PRTX STATION,far_side,nearside,1,1
23112,5124,EAST BUSWAY + PENN STATION B,mid_block,busway,0,0
23116,22916,PITTSBURGH INTERNATIONAL AIRPORT,mid_block,none,0,0
23117,22917,FISHER ST + MOUNTAIN AVE,mid_block,none,0,0
23118,22918,CENTRE AVE + LOGAN ST,near_side,nearside,1,1
2312,2312,W CARSON ST + WEST END BRIDGE STEPS (UNDERPASS),far_side,farside,1,1
23121,22921,FREEPORT RD + DELAFIELD AVE,far_side,farside,1,1
2315,2315,STANHOPE ST + W CARSON FS,mid_block,none,0,0
2316,2316,STANHOPE ST + CHARTIERS,mid_block,none,0,0
2319,2319,ISLAND AVE + BOQUET,mid_block,none,0,0
232,232,MCKNIGHT RD + EVERGREEN RD,mid_block,farside,1,0
2320,2320,ISLAND AVE + JOHN FS,mid_block,none,0,0
2321,2321,ISLAND AVE + BRADLEY,mid_block,none,0,0
2322,2322,ISLAND AVE + CUTLER,near_side,nearside,1,1
2324,2324,ISLAND AVE + MCKEES ROCKS BRIDGE,near_side,nearside,1,1
2326,2326,ISLAND AVE + MCCOY,near_side,nearside,1,1
2327,2327,ISLAND AVE + TUNNEL WAY,near_side,nearside,1,1
2328,2328,ISLAND AVE + #1179,mid_block,none,0,0
2330,2330,ISLAND AVE + #1308,mid_block,none,0,0
2331,2331,ISLAND AVE + FRANKLIN INTERIORS,mid_block,none,0,0
2333,2333,ISLAND AVE + FLEMING,mid_block,none,0,0
2334,2334,ISLAND AVE + #1470,mid_block,none,0,0
2335,2335,ISLAND AVE + GLENN,mid_block,none,0,0
2337,2337,NEVILLE RD + GULF OIL ENT,near_side,nearside,1,1
234,234,MCKNIGHT RD + MCKNIGHT-IVORY BLDG,mid_block,none,0,0
2341,2341,GRAND AVE + NEVILLE RECYCLING,mid_block,none,0,0
2342,2342,GRAND AVE + TRIAD METALS,mid_block,none,0,0
2343,2343,GRAND AVE + ARMY CORP ENGINEERING,mid_block,none,0,0
2344,2344,GRAND AVE + PITTSBURGH RECYCLING CENTER,mid_block,none,0,0
2345,2345,GRAND AVE + CALGON CARBON,mid_block,none,0,0
2347,2347,GRAND AVE + 2ND,mid_block,none,0,0
2348,2348,GRAND AVE + 4TH,mid_block,none,0,0
2349,2349,GRAND AVE + PERSHING FS,mid_block,none,0,0
2352,2352,GRAND AVE + IDAHO,mid_block,none,0,0
2353,2353,GRAND AVE + ORCHARD,mid_block,none,0,0
2354,2354,GRAND AVE + GIBSON,near_side,nearside,1,1
2355,2355,GRAND AVE + COTTAGE,mid_block,none,0,0
2356,2356,GRAND AVE + MAPLE LANE,mid_block,none,0,0
2359,2359,4TH AVE + CORAOPLIS BRIDGE FS,mid_block,none,0,0
2360,2360,4TH AVE + ARCH,mid_block,none,0,0
2362,2362,4TH AVE + BROADWAY,near_side,nearside,1,1
2363,2363,4TH AVE + MULBERRY,near_side,nearside,1,1
2364,2364,4TH AVE + MILL,near_side,nearside,1,1
2365,2365,4TH AVE + MAIN NS,near_side,nearside,1,1
2366,2366,4TH AVE + KENDALL,mid_block,none,0,0
2367,2367,4TH AVE + WATT,near_side,nearside,1,1
2368,2368,4TH AVE + LOCUST,mid_block,none,0,0
2370,2370,4TH AVE + THORN,mid_block,none,0,0
2371,2371,4TH AVE OPP THORN RUN RD - THORN RUN PARK AND RIDE,near_side,nearside,1,1
2372,2372,HWY RT 51 + VALLEY AMBULANCE,near_side,nearside,1,1
2373,2373,BROAD ST + THORN,near_side,nearside,1,1
2375,2375,BROAD ST + HILL,mid_block,none,0,0
2376,2376,HILL ST + LOCUST,mid_block,none,0,0
2377,2377,LOCUST PL + CENTENNIAL,mid_block,none,0,0
2379,2379,BROAD ST + BEAVER,near_side,nearside,1,1
239,239,MCKNIGHT RD + U-HAUL,mid_block,none,0,0
2399,2399,HWY RT 51 + STANFORD CT,mid_block,none,0,0
24,24,BLVD OF ALLIES + DUQUESNE UNIV FOOTBRIDGE,mid_block,none,0,0
240,240,MCKNIGHT RD + NORTHLAND MEDICAL CENTER,ambiguous,farside,1,0
2400,2400,HWY RT 51 + EDGETOWN APTS,mid_block,none,0,0
2401,2401,COAROPOLIS RD + HERBST RD,mid_block,none,0,0
2410,2410,32ND ST + SPRING WAY,mid_block,none,0,0
2413,2413,BUTLER ST + 35TH,mid_block,none,0,0
2415,2415,BUTLER ST + 37TH,near_side,nearside,1,1
2417,2417,BUTLER ST + 39TH,mid_block,none,0,0
2419,2419,BUTLER ST + #188,near_side,nearside,1,1
2420,2420,BUTLER ST + ISABELLA,mid_block,none,0,0
2423,2423,BUTLER ST + BRIDGE,near_side,nearside,1,1
2427,2427,GRANT AVE + WILSON,mid_block,none,0,0
2428,2428,GRANT AVE + VILSACK,mid_block,none,0,0
2429,2429,GRANT AVE + MT HOPE,mid_block,none,0,0
243,243,MCKNIGHT RD + HOUSTON RD FS,mid_block,none,0,0
2430,2430,GRANT AVE + HERMAN,mid_block,none,0,0
2431,2431,MT ROYAL BLVD + KENNETH,mid_block,none,0,0
2432,2432,MT ROYAL BLVD + PENNVIEW,mid_block,none,0,0
2433,2433,MT ROYAL BLVD + WILJOHN,mid_block,none,0,0
2435,2435,MT ROYAL BLVD + UNDERCLIFF,mid_block,none,0,0
2437,2437,MT ROYAL BLVD + GENESSEE,mid_block,none,0,0
2438,2438,MT ROYAL BLVD + BRAUN,mid_block,none,0,0
244,244,MCKNIGHT RD + NORTH HILLS VILLAGE (NORTH ENT),near_side,nearside,1,1
2440,2440,MT ROYAL BLVD + GLENN,mid_block,none,0,0
2441,2441,MT ROYAL BLVD + GLENSHAW,mid_block,none,0,0
2443,2443,MT ROYAL BLVD + GARDEN PL (WETZELL),near_side,nearside,1,1
2444,2444,MT ROYAL BLVD + CAMPBELL,mid_block,none,0,0
2445,2445,MT ROYAL BLVD + SHALER LIBRARY,mid_block,none,0,0
2446,2446,MT ROYAL BLVD + SHAW,mid_block,none,0,0
2447,2447,MT ROYAL BLVD + WOOD,mid_block,none,0,0
2448,2448,MT ROYAL BLVD + MOREWOOD,mid_block,none,0,0
2449,2449,MT ROYAL BLVD + KLEBER,near_side,nearside,1,1
2450,2450,MT ROYAL BLVD + IOLA,mid_block,none,0,0
2451,2451,MT ROYAL BLVD + WOODLAND,mid_block,none,0,0
2452,2452,MT ROYAL BLVD + SCOTT,mid_block,none,0,0
2455,2455,MT ROYAL BLVD + ROYALCOURT,mid_block,none,0,0
2456,2456,MT ROYAL BLVD + DEHAVEN CT,mid_block,none,0,0
2457,2457,MT ROYAL BLVD + EADE,mid_block,none,0,0
2458,2458,MT ROYAL BLVD + ILLINOIS,mid_block,none,0,0
2459,2459,MT ROYAL BLVD + GRANDVIEW,mid_block,none,0,0
246,19524,MCKNIGHT RD + OLD MCKNIGHT RD FS,mid_block,none,0,0
2460,2460,MT ROYAL BLVD + DEHAVEN,mid_block,none,0,0
248,18692,MCKNIGHT RD + MR TIRE,mid_block,none,0,0
249,249,MCKNIGHT RD + ROSS PARK MALL DR,far_side,farside,1,1
2493,19534,FERGUSON RD + MT ROYAL BLVD FS,mid_block,none,0,0
2494,2494,FERGUSON RD + LINWOOD #1,mid_block,none,0,0
2495,2495,FERGUSON RD + SWEENEY,mid_block,none,0,0
2496,2496,FERGUSON RD + OHIO,mid_block,none,0,0
2497,2497,FERGUSON RD + LINWOOD #2,mid_block,none,0,0
2499,2499,FERGUSON RD + POST,mid_block,none,0,0
250,20701,MCKNIGHT RD + JOHNANNA DR FS,far_side,farside,1,1
251,251,MCKNIGHT RD + MCINTYRE RD,near_side,nearside,1,1
2513,2513,MCKINLEY AVE + BROWNSVILLE FS,mid_block,farside,1,0
2514,2514,MCKINLEY AVE + GROGAN,mid_block,none,0,0
2515,2515,MCKINLEY AVE + ALICE,mid_block,none,0,0
2517,2517,ALICE ST + CAMFIELD,mid_block,none,0,0
2518,2518,CAMFIELD ST + BANDI,mid_block,none,0,0
2520,2520,CAMFIELD ST + GOSSER,mid_block,none,0,0
2521,2521,CAMFIELD ST + DRYCOVE,mid_block,none,0,0
2522,2522,DRYCOVE ST + CONNISTON,mid_block,none,0,0
2523,2523,CONNISTON AVE + GOSSER,mid_block,none,0,0
2524,2524,CONNISTON AVE + CALLE,mid_block,none,0,0
2525,2525,CONNISTON AVE + BANDI,mid_block,none,0,0
2526,2526,CONNISTON AVE + BON AIR,mid_block,none,0,0
2527,2527,BON AIR AVE + CAMFIELD,mid_block,none,0,0
2529,2529,ALICE ST + GEORGIA,mid_block,none,0,0
2530,2530,MCKINLEY AVE + GROGAN,mid_block,none,0,0
2531,2531,MCKINLEY AVE + BROWNSVILLE,far_side,nearside,1,1
2536,2536,AMANDA ST + CHARLES,mid_block,none,0,0
2539,2539,S 18TH ST + MT OLIVER ST FS,mid_block,none,0,0
2541,2541,S 18TH ST + WACHTER ST,mid_block,none,0,0
2542,2542,S 18TH ST + GABLE ST,mid_block,none,0,0
2543,2543,S 18TH ST + ST PATRICK ST,mid_block,none,0,0
2545,2545,S 18TH ST + CROSSMAN ST,mid_block,none,0,0
2547,2547,S 18TH ST + JOSEPHINE ST,mid_block,nearside,1,0
2548,2548,S 18TH ST + MARY ST,mid_block,none,0,0
2551,2551,S 18TH ST + E CARSON ST,near_side,nearside,1,1
2553,2553,E CARSON ST + 20TH,near_side,nearside,1,1
2554,2554,E CARSON ST + 21ST ST,near_side,nearside,1,1
2555,2555,E CARSON ST + 22ND ST,ambiguous,nearside,1,0
2568,2568,FORBES AVE + BELLEFIELD NS,mid_block,none,0,0
2571,2571,CRAIG ST + PARK PLAZA,mid_block,none,0,0
2572,2572,CRAIG ST + BAYARD ST,near_side,nearside,1,1
2573,2573,CRAIG ST + CENTRE AVE,near_side,nearside,1,1
2574,2574,CENTRE AVE + MELWOOD AVE,near_side,nearside,1,1
2575,2575,CENTRE AVE + NEVILLE ST,near_side,nearside,1,1
2577,2577,MILLVALE AVE + BAUM,near_side,nearside,1,1
2578,2578,MILLVALE AVE + MOREWOOD,mid_block,none,0,0
2579,2579,MILLVALE AVE + YEW,mid_block,none,0,0
258,258,BABCOCK BLVD + FAIRFIELD RD,mid_block,none,0,0
2580,2580,MILLVALE AVE + CYPRESS,near_side,nearside,1,1
2582,2582,PENN AVE + 39TH ST,mid_block,none,0,0
2585,2585,PENN AVE + 36TH,mid_block,none,0,0
2586,2586,BUTLER ST + PENN,near_side,nearside,1,1
2587,2587,PENN AVE + 32ND,near_side,nearside,1,1
2588,2588,PENN AVE + 31ST ST,near_side,nearside,1,1
2593,2593,26TH ST + PENN AVE FS (SPRING WAY),near_side,farside,1,1
2595,2595,CHESTNUT ST + PROGRESS FS,far_side,farside,1,1
2596,2596,CEDAR AVE + SUISMON ST,mid_block,none,0,0
26,26,FORBES AVE + CRAFT AVE FS,far_side,farside,1,1
2600,2600,ARCH ST + ALLEGHENY MIDDLE SCHOOL,mid_block,none,0,0
2601,2601,ARCH ST + RIDGE,mid_block,none,0,0
2603,2603,BERND ST + BAUSMAN,mid_block,none,0,0
2604,2604,BAUSMAN ST + GEORGIA (STEPS),mid_block,none,0,0
2605,2605,BAUSMAN AVE + GRIMES,mid_block,none,0,0
2606,2606,BAUSMAN AVE + ROMEYN,mid_block,none,0,0
2608,2608,BAUSMAN ST + BROWNSVILLE RD,near_side,nearside,1,1
2609,18596,LIBERTY AVE + MAIN ST FS,mid_block,none,0,0
2613,2613,HERRON AVE + HANCOCK,mid_block,none,0,0
2614,2614,BRERETON ST + DOBSON,mid_block,none,0,0
2616,2616,BRERETON ST + 28TH,mid_block,none,0,0
2618,2618,CEDAR AVE + FORELAND,mid_block,none,0,0
2620,2620,CHESTNUT ST + PROGRESS,near_side,nearside,1,1
2621,2621,PENN AVE + 36TH,mid_block,none,0,0
2624,2624,PENN AVE + 39TH ST,mid_block,none,0,0
2625,2625,PENN AVE + 40TH,near_side,nearside,1,1
2626,2626,MILLVALE AVE + CYPRESS,near_side,nearside,1,1
2627,2627,MILLVALE AVE + YEW,mid_block,none,0,0
2628,2628,MILLVALE AVE + MOREWOOD,mid_block,none,0,0
2629,2629,MILLVALE AVE + BAUM,near_side,nearside,1,1
2630,2630,MILLVALE AVE + CENTRE,near_side,nearside,1,1
2631,2631,CENTRE AVE + NEVILLE ST,near_side,nearside,1,1
2632,2632,CENTRE AVE + MELWOOD AVE,near_side,nearside,1,1
2633,20761,CENTRE AVE + CRAIG ST NS,near_side,nearside,1,1
2634,2634,CRAIG ST + BAYARD ST,near_side,nearside,1,1
2635,2635,CRAIG ST + FIFTH AVE,near_side,nearside,1,1
2638,2638,FORBES AVE + DITHRIDGE ST,mid_block,none,0,0
2639,2639,FIFTH AVE + CRAFT AVE (CARLOW UNIV),near_side,nearside,1,1
2644,2644,FIFTH AVE + #2358,mid_block,none,0,0
2646,2646,E CARSON ST + 21ST ST,near_side,nearside,1,1
2647,2647,E CARSON ST + 20TH,near_side,nearside,1,1
2649,2649,S 18TH ST + SARAH ST,near_side,nearside,1,1
2651,2651,S 18TH ST + EDWARDS WAY,mid_block,none,0,0
2652,2652,S 18TH ST + JOSEPHINE ST,mid_block,nearside,1,0
2653,2653,S 18TH ST + PIUS ST,near_side,nearside,1,1
2654,2654,S 18TH ST + CROSSMAN ST FS,mid_block,none,0,0
2656,2656,S 18TH ST + ST PATRICK ST,mid_block,none,0,0
2657,2657,S 18TH ST + MONASTERY AVE,mid_block,none,0,0
2658,2658,S 18TH ST + #2620,mid_block,none,0,0
2661,2661,S 18TH ST + ARLINGTON AVE,near_side,nearside,1,1
2663,2663,BROWNSVILLE RD + GOLDBACH WAY,mid_block,none,0,0
2665,2665,BROWNSVILLE RD + MARLAND AVE,mid_block,none,0,0
2666,2666,BROWNSVILLE RD + KNOX AVE,near_side,nearside,1,1
2667,2667,BROWNSVILLE RD + MCKINLEY ST,near_side,nearside,1,1
2668,2668,NEVILLE RAMP + CENTRE,near_side,nearside,1,1
2670,2670,ARLINGTON AVE + FREELAND,mid_block,none,0,0
2675,2675,KNOX AVE + ROCHELLE,mid_block,none,0,0
2676,2676,CHARLES ST + KNOX,mid_block,none,0,0
2677,2677,CHARLES ST + GRIMES FS,mid_block,none,0,0
2680,2680,MICHIGAN ST + BERND ST,mid_block,none,0,0
2681,2681,BRERETON ST + 30TH,mid_block,none,0,0
2684,2684,DOBSON ST + HANCOCK,mid_block,none,0,0
2686,2686,DOBSON ST + HERRON,mid_block,none,0,0
2690,2690,LIBERTY AVE + CANOE,mid_block,none,0,0
2693,2693,IVORY AVE + RODENBAUGH FS,mid_block,none,0,0
2695,2695,IVORY AVE + NELSON RUN,mid_block,none,0,0
2697,2697,IVORY AVE + CHERRYLAND,mid_block,none,0,0
2698,2698,IVORY AVE + EVERGREEN,mid_block,none,0,0
27,27,FORBES AVE + HALKET ST (MAGEE HOSPITAL),near_side,nearside,1,1
2709,2709,MT TROY RD + GEYER,mid_block,none,0,0
2711,2711,MT TROY RD + HOFFMAN,mid_block,none,0,0
2712,2712,MT TROY RD + KLEMENTINA,mid_block,none,0,0
2713,2713,MT TROY RD + MT TROY FLORAL (#3467),mid_block,none,0,0
2715,2715,MT TROY RD + GARDENVIEW,mid_block,none,0,0
2718,2718,MT TROY RD + KINKURA,mid_block,none,0,0
2719,2719,MT TROY RD + FORNOFF,mid_block,none,0,0
2720,2720,MT TROY RD + PIEFFERS STORE,mid_block,none,0,0
2722,2722,MT TROY RD + #2722,mid_block,none,0,0
2723,2723,MT TROY RD + #2637,mid_block,none,0,0
2726,2726,MT TROY RD + HOMESTEAD,mid_block,none,0,0
2728,2728,MT TROY RD + BECKERT,mid_block,none,0,0
2730,2730,PITTVIEW AVE + TEUTONIA,mid_block,none,0,0
2732,2732,RIALTO ST + TOURS,mid_block,none,0,0
2733,2733,RIALTO ST + LEY,mid_block,none,0,0
2735,2735,LOWRIE ST + FLECK,mid_block,none,0,0
2736,2736,LOWRIE ST + NIGGEL,mid_block,none,0,0
2737,2737,LOWRIE ST + HECKLEMAN,mid_block,none,0,0
2738,2738,TROY HILL LOOP + LOWRIE,mid_block,none,0,0
2739,2739,LOWRIE ST + HECKLEMAN,mid_block,none,0,0
2740,2740,LOWRIE ST + NIGGEL,mid_block,none,0,0
2741,2741,LOWRIE ST + SUNDEMAN,mid_block,none,0,0
2742,2742,LOWRIE ST + CLAIM,mid_block,none,0,0
2746,2746,TROY HILL RD + GOETTMAN,mid_block,none,0,0
2747,2747,TROY HILL RD + PROVINCE FS,mid_block,none,0,0
2748,2748,TROY HILL RD + VINIAL,mid_block,none,0,0
2749,2749,TROY HILL RD + #1034,mid_block,none,0,0
2751,2751,TROY HILL RD + CHESTNUT,near_side,none,0,1
2752,2752,TROY HILL RD + CHESTNUT FS,mid_block,none,0,0
2753,2753,TROY HILL RD + #1034,mid_block,none,0,0
2754,2754,TROY HILL RD + VINIAL,mid_block,none,0,0
2755,2755,TROY HILL RD + PROVINCE FS,mid_block,none,0,0
2756,2756,TROY HILL RD + GOETTMAN,mid_block,none,0,0
2758,2758,GARDNER ST + LOWRIE,mid_block,none,0,0
2760,2760,LOWRIE ST + CLAIM,mid_block,none,0,0
2761,2761,LOWRIE ST + FROMAN (LEY),mid_block,none,0,0
2762,2762,LEY ST + COWLEY,mid_block,none,0,0
2763,2763,RIALTO ST + TOURS,mid_block,none,0,0
2764,2764,RIALTO ST + WICKLINES,mid_block,none,0,0
2765,2765,PITTVIEW AVE + TEUTONIA,mid_block,none,0,0
2767,2767,MT TROY RD + BECKERT,mid_block,none,0,0
2769,2769,MT TROY RD + HOMESTEAD,mid_block,none,0,0
2771,2771,MT TROY RD + LONSDALE,mid_block,none,0,0
2772,2772,MT TROY RD + #2652,mid_block,none,0,0
2773,2773,MT TROY RD + #2722,mid_block,none,0,0
2774,2774,MT TROY RD + #2768,mid_block,none,0,0
2776,2776,MT TROY RD + #2840,mid_block,none,0,0
2777,2777,MT TROY RD + KINKURA,mid_block,none,0,0
2778,2778,MT TROY RD + RIDGELAWN CEMETERY ENT,mid_block,none,0,0
2780,2780,MT TROY RD + #3222,mid_block,none,0,0
2782,2782,MT TROY RD + MOST HOLY NAME OF JESUS CEMETERY,mid_block,none,0,0
2783,2783,MT TROY RD + KLEMENTINA,mid_block,none,0,0
2784,2784,MT TROY RD + HOFFMAN,mid_block,none,0,0
2786,2786,MT TROY RD + GEYER,mid_block,none,0,0
2788,2788,MT TROY RD + ST MARY CEMETERY ENT,mid_block,none,0,0
2789,2789,MT TROY RD + MT TROY EXT,mid_block,none,0,0
2798,2798,IVORY AVE + EVERGREEN,mid_block,none,0,0
2799,2799,IVORY AVE + CHERRYLAND,mid_block,none,0,0
28,28,FORBES AVE + MCKEE PL,near_side,nearside,1,1
2808,2808,ESSEN ST + SUNSET,mid_block,none,0,0
2809,2809,SUNSET AVE + NORRIS,mid_block,none,0,0
2810,2810,SUNSET AVE + SOUTH SIDE AVE,mid_block,none,0,0
2811,2811,SOUTH SIDE AVE + LUELLA,mid_block,none,0,0
2813,2813,SOUTH SIDE AVE + MATHIAS,mid_block,none,0,0
2815,2815,RHINE ST + #2146,mid_block,none,0,0
2816,2816,RHINE ST + BUENTE,mid_block,none,0,0
2817,2817,BUENTE ST + RHINE,mid_block,none,0,0
2818,2818,RHINE ST + STEINE,mid_block,none,0,0
2819,2819,RHINE ST + YETTA FS,mid_block,none,0,0
2820,2820,RHINE ST + ITIN,mid_block,none,0,0
2822,2822,ITIN ST + GOEHRING,mid_block,none,0,0
2823,2823,ITIN ST + HIGH,mid_block,none,0,0
2824,2824,ITIN ST + SPRING GARDEN,mid_block,none,0,0
2825,2825,CHESTNUT ST + TRIPOLI,mid_block,none,0,0
2826,2826,CHESTNUT ST + SUISMON,mid_block,none,0,0
2827,2827,CHESTNUT ST + PHINEAS (EAST OHIO),near_side,none,0,1
2833,2833,PENN AVE + 11TH ST,near_side,nearside,1,1
2839,2839,CHESTNUT ST + SUISMON,mid_block,none,0,0
2841,2841,CHESTNUT ST + CONCORD,mid_block,none,0,0
2842,2842,ITIN ST + HIGH,mid_block,none,0,0
2843,2843,ITIN ST + GOEHRING,mid_block,none,0,0
2844,2844,ITIN ST + DIANA,mid_block,none,0,0
2845,2845,RHINE ST + ITIN FS,mid_block,none,0,0
2846,2846,RHINE ST + YETTA,mid_block,none,0,0
2847,2847,RHINE ST + STEINE,mid_block,none,0,0
2848,2848,RHINE ST + BUENTE,mid_block,none,0,0
2849,2849,RHINE ST + #2129,mid_block,none,0,0
2850,2850,RHINE ST + #2146,mid_block,none,0,0
2852,2852,MATHIAS ST+ SOUTHSIDE,mid_block,none,0,0
2854,2854,SOUTH SIDE AVE + LUELLA,mid_block,none,0,0
2856,2856,SUNSET AVE + NORRIS,mid_block,none,0,0
2858,2858,COLBY ST + CHAPIN,mid_block,none,0,0
2859,2859,CHAPIN ST + #354,mid_block,none,0,0
2860,2860,RAMAGE RD + CHARLEMMA,mid_block,none,0,0
2861,2861,RAMAGE RD + CHERRYWOOD,mid_block,none,0,0
2862,2862,RAMAGE RD + SPRING GARDEN,mid_block,none,0,0
2863,2863,SPRING GARDEN AVE + #3851,mid_block,none,0,0
2864,2864,SPRING GARDEN AVE + #3681,mid_block,none,0,0
2865,2865,SPRING GARDEN AVE + BEECH ST,mid_block,none,0,0
2866,2866,SPRING GARDEN AVE + #3364,mid_block,none,0,0
2867,2867,SPRING GARDEN AVE + LUKES ROAD HOUSE (#3254),mid_block,none,0,0
2869,2869,SPRING GARDEN AVE + REEKES WAY,mid_block,none,0,0
2870,2870,SPRING GARDEN AVE + GIDDY WAY,mid_block,none,0,0
2871,2871,SPRING GARDEN AVE + REPPEL WAY,mid_block,none,0,0
2872,2872,SPRING GARDEN AVE + MAUCH,mid_block,none,0,0
2873,2873,SPRING GARDEN AVE + TRACYS DELI,mid_block,none,0,0
2875,2875,SPRING GARDEN AVE AT SPRING GARDEN LOOP PNR,mid_block,none,0,0
2876,2876,SPRING GARDEN AVE + LAGER,mid_block,none,0,0
2877,2877,SPRING GARDEN AVE + OLD HONESTY,mid_block,none,0,0
2878,2878,SPRING GARDEN AVE + TELL,mid_block,none,0,0
2880,2880,SPRING GARDEN AVE + ARCOLA,mid_block,none,0,0
2881,2881,SPRING GARDEN AVE + #1036,mid_block,none,0,0
2882,2882,SPRING GARDEN AVE + CONSTANCE,mid_block,none,0,0
289,289,BROWNS LN + MCKNIGHT RD FS,far_side,none,0,1
2898,2898,SPRING GARDEN AVE + MONETA,mid_block,none,0,0
2899,2899,SPRING GARDEN AVE + #1043,mid_block,none,0,0
29,29,FORBES AVE + ATWOOD ST,near_side,nearside,1,1
2900,2900,SPRING GARDEN AVE + ARCOLA WAY,mid_block,none,0,0
2902,2902,SPRING GARDEN AVE + TELL ST,mid_block,none,0,0
2903,2903,SPRING GARDEN AVE + OLD HONESTY ST,mid_block,none,0,0
2905,2905,SPRING GARDEN AVE OPP SPRING GARDEN LOOP PNR,mid_block,none,0,0
2907,2907,SPRING GARDEN AVE + MAUCH,mid_block,none,0,0
2908,2908,SPRING GARDEN AVE + REPPEL WAY,mid_block,none,0,0
291,291,BROWNS LN + CORBETT DR,mid_block,none,0,0
2910,2910,SPRING GARDEN AVE + REEKES WAY,mid_block,none,0,0
2912,2912,SPRING GARDEN RD + #3253,mid_block,none,0,0
2913,2913,SPRING GARDEN AVE + FIRE HOUSE (#3367),mid_block,none,0,0
2914,2914,SPRING GARDEN AVE + BEECH ST,mid_block,none,0,0
2915,2915,SPRING GARDEN AVE + #3681,mid_block,none,0,0
2916,2916,SPRING GARDEN AVE + #3851,mid_block,none,0,0
2917,2917,RAMAGE RD + CHERRYWOOD FS,mid_block,none,0,0
2918,2918,RAMAGE RD + CHARLEMMA,mid_block,none,0,0
2919,2919,CHAPIN ST + COLBY,mid_block,none,0,0
292,292,CORBETT DR + TOWNE TOWERS NORTH,mid_block,none,0,0
293,293,CORBETT DR + CLUB JULIAN SPA,mid_block,none,0,0
31,31,FORBES AVE + BIGELOW BLVD (SCHENLEY DR),near_side,nearside,1,1
3102,3102,MCKNIGHT RD + PEEBLES RD,near_side,nearside,1,1
3123,3123,HIGHLAND AVE + HAMPTON,mid_block,none,0,0
3124,3124,HIGHLAND AVE + WELLESLEY,mid_block,none,0,0
3125,3125,HIGHLAND AVE + JACKSON,mid_block,none,0,0
3126,3126,HIGHLAND AVE + STANTON,near_side,nearside,1,1
3127,3127,HIGHLAND AVE + HAYS,mid_block,none,0,0
3128,3128,HIGHLAND AVE + EAST LIBERTY BLVD,near_side,none,0,1
3133,3133,PENN AVE + HIGHLAND AVE,near_side,nearside,1,1
3137,3137,HIGHLAND AVE + ELLWOOD,mid_block,none,0,0
3138,3138,HIGHLAND AVE + WALNUT,near_side,nearside,1,1
3139,3139,HIGHLAND AVE + HOWE,mid_block,none,0,0
3140,3140,HIGHLAND AVE + 5TH,near_side,nearside,1,1
3141,3141,FIFTH AVE + COLLEGE,mid_block,none,0,0
3142,3142,FIFTH AVE + MARYLAND,near_side,nearside,1,1
3143,3143,FIFTH AVE + NEGLEY,near_side,nearside,1,1
3144,3144,FIFTH AVE + BELLEFONTE,mid_block,none,0,0
3145,3145,FIFTH AVE + AIKEN,near_side,nearside,1,1
3147,3147,FIFTH AVE + MOULTRIE ST FS,mid_block,none,0,0
3148,3148,FIFTH AVE + SENECA ST,mid_block,none,0,0
3149,3149,FIFTH AVE + WYANDOTTE ST,near_side,nearside,1,1
3150,3150,FIFTH AVE + GIST ST,mid_block,none,0,0
3151,3151,FIFTH AVE + DINWIDDIE ST,near_side,nearside,1,1
3152,3152,FIFTH AVE + VAN BRAAM ST,mid_block,none,0,0
3154,3154,FIFTH AVE + PRIDE ST,near_side,nearside,1,1
3155,3155,FIFTH AVE + STEVENSON ST,near_side,nearside,1,1
3156,3156,FIFTH AVE + MAGEE ST,near_side,nearside,1,1
3157,3157,FIFTH AVE + WASHINGTON PL,near_side,nearside,1,1
3162,3162,CALIFORNIA AVE OPP ST MARKS PLACE,mid_block,none,0,0
3163,3163,CALIFORNIA AVE + COLUMBUS AVE BRIDGE,mid_block,none,0,0
3164,3164,CALIFORNIA AVE + KUNKLE WAY,mid_block,none,0,0
3165,3165,CALIFORNIA AVE + STRANMORE ST,mid_block,none,0,0
3166,3166,CALIFORNIA AVE + MARVISTA ST,mid_block,none,0,0
3173,3173,FREEPORT RD + COMFORT INN,mid_block,none,0,0
3174,19426,FREEPORT RD + ALPHA DR W,near_side,nearside,1,1
3175,3175,FREEPORT RD + TARGET (HARMAR),mid_block,none,0,0
3177,3177,FREEPORT RD + VALLEY MOTEL,mid_block,none,0,0
3178,3178,FREEPORT RD + GUYS RUN RD,near_side,nearside,1,1
3179,3179,FREEPORT RD + HULTON BRIDGE NS,near_side,nearside,1,1
318,318,MCCANDLESS PARK AND RIDE,mid_block,none,0,0
3180,3180,FREEPORT RD + #2238,mid_block,none,0,0
3183,3183,FREEPORT RD + CLIFTON,mid_block,none,0,0
3185,3185,FREEPORT RD + BOYD,mid_block,none,0,0
3186,3186,FREEPORT RD + LEWIS FS,mid_block,none,0,0
3187,3187,FREEPORT RD + HUMBOLDT,mid_block,none,0,0
3188,3188,FREEPORT RD + CABLE,mid_block,none,0,0
3189,3189,FREEPORT RD + MCKINLEY,mid_block,none,0,0
3190,3190,FREEPORT RD + BLAW,near_side,nearside,1,1
3191,3191,FREEPORT + CENTER (BLAWNOX),near_side,nearside,1,1
3192,3192,FREEPORT RD + ALPHA (RIDC PARK),near_side,nearside,1,1
3195,3195,FREEPORT RD + E OAK HILL RD,mid_block,none,0,0
3196,3196,FREEPORT RD + S OAK HILL RD,mid_block,none,0,0
3197,3197,FREEPORT RD + #1150,mid_block,none,0,0
3198,3198,FREEPORT RD + FOX CHAPEL RD NS (PLAZA DRVWY),mid_block,none,0,0
32,32,BELLEFIELD AVE + BOARD OF EDUCATION,mid_block,farside,1,0
320,320,INGOMAR RD + SARATOGA DR,mid_block,none,0,0
3203,3203,WATERWORKS MALL + GIANT EAGLE,mid_block,none,0,0
3205,3205,FREEPORT RD + VIRGINIA AVE FS,mid_block,none,0,0
3206,3206,FREEPORT RD + BRILLIANT AVE,near_side,nearside,1,1
3207,3207,FREEPORT RD + EASTERN AVE,mid_block,none,0,0
3208,3208,FREEPORT RD + CENTER AVE (ASPINWALL),mid_block,nearside,1,0
3210,3210,FREEPORT RD + ORIGINAL MATRESS FACTORY,mid_block,none,0,0
3214,3214,BUTLER ST + JANCEY ST (STEPS),mid_block,none,0,0
3219,3219,BUTLER ST ST + GALLATIN,mid_block,none,0,0
322,322,MCKNIGHT RD + ARCADIA DR,near_side,nearside,1,1
323,323,CUMBERLAND RD + LANCELOT DR,mid_block,none,0,0
3230,3230,MELLON TERRACE + N NEGLEY AVE,mid_block,none,0,0
3234,3234,CALIFORNIA AVE + STRANMORE ST,mid_block,none,0,0
3235,3235,CALIFORNIA AVE + KUNKLE WAY,mid_block,none,0,0
3236,3236,CALIFORNIA AVE + COLUMBUS AVE BRIDGE,mid_block,none,0,0
3237,3237,CALIFORNIA AVE + ST MARKS PLACE,mid_block,none,0,0
3238,3238,CALIFORNIA AVE + MARQUIS WAY,mid_block,none,0,0
3241,3241,FORBES AVE + BOYD ST (DUQUESNE UNIV),mid_block,nearside,1,0
3242,3242,FORBES AVE + MCANULTY DR,near_side,farside,1,1
3245,3245,FORBES AVE + PRIDE ST (MERCY HOSPITAL),near_side,nearside,1,1
3246,3246,FORBES AVE + VAN BRAAM ST,near_side,none,0,1
3247,3247,FORBES AVE + MILTENBERGER ST,near_side,nearside,1,1
3248,3248,FORBES AVE + GIST ST,near_side,none,0,1
325,325,CUMBERLAND RD + FOX HUNT DR,mid_block,none,0,0
3255,3255,FIFTH AVE + S AIKEN,near_side,nearside,1,1
3256,3256,FIFTH AVE + BELLEFONTE,mid_block,none,0,0
3257,3257,FIFTH AVE + NEGLEY,near_side,nearside,1,1
3258,3258,FIFTH AVE + MARYLAND,near_side,nearside,1,1
3259,3259,FIFTH AVE + COLLEGE,mid_block,none,0,0
3261,3261,HIGHLAND AVE + HOWE,mid_block,none,0,0
3262,3262,HIGHLAND AVE + WALNUT,near_side,nearside,1,1
3263,3263,HIGHLAND AVE + ELWOOD,mid_block,none,0,0
3265,3265,HIGHLAND AVE + ALDER,near_side,nearside,1,1
3267,3267,HIGHLAND AVE + BAUM BLVD,far_side,nearside,1,1
3268,3268,HIGHLAND AVE + PENN,near_side,nearside,1,1
327,327,MCKNIGHT RD + CUMBERLAND RD,near_side,nearside,1,1
3270,3270,HIGHLAND AVE + STATION ST,near_side,nearside,1,1
3272,3272,HIGHLAND AVE + EAST LIBERTY BLVD,near_side,nearside,1,1
3274,3274,HIGHLAND AVE + STANTON,near_side,nearside,1,1
3275,3275,HIGHLAND AVE + JACKSON,mid_block,none,0,0
3276,3276,HIGHLAND AVE + WELLESLEY,mid_block,none,0,0
3277,3277,HIGHLAND AVE + HAMPTON,mid_block,none,0,0
3278,3278,HIGHLAND AVE + BRYANT CT,mid_block,none,0,0
3285,3285,BAKER ST + BALLARD WAY,mid_block,none,0,0
3287,3287,BUTLER ST + GALLATIN,mid_block,none,0,0
329,329,MCKNIGHT RD + PERRYMONT RD,near_side,nearside,1,1
3292,3292,BUTLER ST + JANCEY ST (STEPS),mid_block,none,0,0
3294,3213,BUTLER ST + 62ND ST BRIDGE FS,mid_block,none,0,0
33,33,FIFTH AVE + TENNYSON AVE,near_side,nearside,1,1
3302,3302,OLD FREEPORT TERMINUS + FREEPORT,mid_block,none,0,0
3304,3304,FREEPORT RD + WESTERN AVE,far_side,farside,1,1
3305,3305,FREEPORT RD + CENTER AVE,near_side,nearside,1,1
3306,3306,FREEPORT RD + EASTERN AVE,mid_block,none,0,0
3307,3307,FREEPORT RD + BRILLIANT AVE FS,far_side,farside,1,1
3308,3308,FREEPORT RD + ST MARGARETS DR,near_side,nearside,1,1
3309,3309,FREEPORT RD + OLD FREEPORT RD (FOX CHAPEL RD),near_side,nearside,1,1
331,331,CUMBERLAND RD + FOX HUNT DR,mid_block,none,0,0
333,333,CUMBERLAND RD + LANCELOT DR,mid_block,none,0,0
3332,3332,MT ROYAL BLVD + DEHAVEN,mid_block,none,0,0
3333,3333,MT ROYAL BLVD + GRANDVIEW,mid_block,none,0,0
3334,3334,MT ROYAL BLVD + ELFINWILD LANE,mid_block,none,0,0
3335,3335,MT ROYAL BLVD + EADE,mid_block,none,0,0
3336,3336,MT ROYAL BLVD + BRIDAL,mid_block,none,0,0
3337,3337,MT ROYAL BLVD + ROYALCOURT,mid_block,none,0,0
3338,3338,MT ROYAL BLVD + HARTLE,mid_block,none,0,0
334,334,MCKNIGHT RD + ARCADIA DR FS,far_side,farside,1,1
3340,3340,MT ROYAL BLVD + SCOTT,mid_block,none,0,0
3341,3341,MT ROYAL BLVD + WOODLAND,mid_block,none,0,0
3342,3342,MT ROYAL BLVD + IOLA,mid_block,none,0,0
3343,3343,MT ROYAL BLVD + VILSACK,near_side,nearside,1,1
3344,3344,MT ROYAL BLVD + MOREWOOD,mid_block,none,0,0
3345,3345,MT ROYAL BLVD + MCELHENY,mid_block,none,0,0
3346,3346,MT ROYAL BLVD + SHAW,mid_block,none,0,0
3347,3347,MT ROYAL BLVD + CAMPBELL,mid_block,none,0,0
3348,3348,MT ROYAL BLVD + WETZELL,near_side,nearside,1,1
3351,3351,MT ROYAL BLVD + W GLENN FS,mid_block,none,0,0
3353,3353,MT ROYAL BLVD + BRAUN,mid_block,none,0,0
3354,3354,MT ROYAL BLVD + GENESSEE FS,mid_block,none,0,0
3355,3355,MT ROYAL BLVD + UNDERCLIFF,mid_block,none,0,0
3357,3357,MT ROYAL BLVD + WILJOHN,mid_block,none,0,0
3358,3358,MT ROYAL BLVD + PENNVIEW,mid_block,none,0,0
3359,3359,MT ROYAL BLVD + IRENE,mid_block,none,0,0
3360,3360,GRANT AVE + BYERLEY,mid_block,none,0,0
3362,3362,GRANT AVE + VILSACK,mid_block,none,0,0
3363,3363,GRANT AVE + WILSON,mid_block,none,0,0
3366,3366,BUTLER ST + MAPLEWOOD,mid_block,none,0,0
3367,3367,BUTLER ST + HIGH,near_side,nearside,1,1
3368,3368,BUTLER ST + FREEPORT,near_side,nearside,1,1
3369,3369,BUTLER ST + CENTER,mid_block,none,0,0
337,337,MCKNIGHT RD + CUMBERLAND RD,near_side,nearside,1,1
3370,3370,BUTLER ST + ISABELLA,mid_block,none,0,0
3371,3371,BUTLER ST + WASHINGTON ST,near_side,nearside,1,1
3374,3374,FERGUSON RD + THOMPSON RUN RD FS,mid_block,none,0,0
3375,3375,FERGUSON RD + FOXCROFT,mid_block,none,0,0
3377,3377,FERGUSON RD + GUYTON,mid_block,none,0,0
3378,3378,FERGUSON RD + POST,mid_block,none,0,0
3379,3379,FERGUSON RD + LAMMERTON,mid_block,none,0,0
3380,3380,FERGUSON RD + LINWOOD #1,mid_block,none,0,0
3381,3381,FERGUSON RD + OHIO,mid_block,none,0,0
3382,3382,FERGUSON RD + SWEENEY,mid_block,none,0,0
3383,3383,FERGUSON RD + LINWOOD #2,mid_block,none,0,0
3384,3384,FERGUSON RD + MT ROYAL,mid_block,none,0,0
34,34,FIFTH AVE + UNIVERSITY PL,near_side,nearside,1,1
3401,3401,BUTLER ST + 39TH,mid_block,none,0,0
3414,3414,PARKER ST + HILL,mid_block,none,0,0
3417,3417,MT ROYAL BLVD + HARTLE,mid_block,none,0,0
3418,20900,MT ROYAL BLVD + HAMPTON AVE,mid_block,none,0,0
3422,3422,PARKER ST + HILL,mid_block,none,0,0
3424,3424,FERGUSON RD + WYLAND,mid_block,none,0,0
3428,3428,FOREST GROVE RD + CORAOPOLIS RD,mid_block,none,0,0
3429,3429,CORAOPOLIS RD + DOROTHY,mid_block,none,0,0
3430,3430,CORAOPOLIS RD + #28,mid_block,none,0,0
3431,3431,CORAOPOLIS RD + PORTER HOLLOW,mid_block,none,0,0
3432,3432,CORAOPOLIS RD + EHLE AVE,mid_block,none,0,0
3434,3434,CORAOPOLIS RD + LONG VALLEY,mid_block,none,0,0
3436,3436,CORAOPOLIS RD + HWY RT 51,mid_block,none,0,0
3438,3438,HERBST RD + #235,mid_block,none,0,0
3439,3439,HERBST RD + #225,mid_block,none,0,0
3443,3443,HERBST RD + DOWNS,mid_block,none,0,0
3445,3445,HERBST RD + VIGNE,mid_block,none,0,0
3448,3448,HERBST RD + GRANT,mid_block,none,0,0
3452,3452,HERBST RD + FOREST GROVE,mid_block,none,0,0
3453,3453,FOREST GROVE RD + SPEER,mid_block,none,0,0
3454,3454,FOREST GROVE RD + #324 (FLAMINGO LANDSCAPE),mid_block,none,0,0
3455,3455,FOREST GROVE RD + DIEBOLD RD,mid_block,none,0,0
3456,3456,FOREST GROVE RD + MIDWAY,mid_block,none,0,0
3458,3458,FOREST GROVE RD + FAIRHAVEN,far_side,nearside,1,1
3459,3459,MCCOY RD + #1044,mid_block,none,0,0
3461,3461,MCCOY RD + GREENWOOD,mid_block,none,0,0
3463,3463,MCCOY RD + WARBLER,mid_block,none,0,0
3464,3464,MCCOY RD + KENNEDY,mid_block,none,0,0
3466,3466,MCCOY RD + AL SMITH,mid_block,none,0,0
3467,3467,MCCOY RD + NEVILLE,mid_block,none,0,0
3468,3468,MCCOY RD + #723,mid_block,none,0,0
3469,3469,MCCOY RD + HILLCREST,mid_block,none,0,0
3470,3470,MCCOY RD + JEFFERSON,mid_block,none,0,0
3472,3472,MCCOY RD + DUNN,mid_block,none,0,0
3475,3475,MCCOY RD + ISLAND,near_side,nearside,1,1
3476,3476,FAIRHAVEN RD + KENMAWR PLAZA ENT,mid_block,none,0,0
3478,3478,FAIRHAVEN RD + #63,mid_block,none,0,0
3479,3479,KENNEDY CTR GIANT EAGLE + ENTRANCE,mid_block,none,0,0
3482,3482,HECKLE RD + OHIO VALLEY HOSPITAL ENTRANCE,mid_block,none,0,0
3483,3483,HECKLE RD + PINE HOLLOW,mid_block,none,0,0
3487,3487,MCCOY RD + DUNN,mid_block,none,0,0
3489,3489,MCCOY RD + JEFFERSON,mid_block,none,0,0
3490,3490,MCCOY RD + SHAFTER,mid_block,none,0,0
3491,3491,MCCOY RD + #724,mid_block,none,0,0
3493,3493,MCCOY RD + LENORE,mid_block,none,0,0
3496,3496,MCCOY RD + WARBLER,mid_block,none,0,0
3498,3498,MCCOY RD + GREENWOOD,mid_block,none,0,0
35,35,FIFTH AVE + THACKERAY AVE,near_side,nearside,1,1
3500,3500,MCCOY RD + #1044,mid_block,none,0,0
3502,3502,FOREST GROVE RD + STARLING,near_side,nearside,1,1
3503,3503,FOREST GROVE RD + #1764 (PLAZA),mid_block,none,0,0
3504,3504,FOREST GROVE RD + MIDWAY,mid_block,none,0,0
3505,3505,FOREST GROVE RD + ST MALACHY CHURCH,mid_block,none,0,0
3507,3507,HECKEL RD + KENMAWR PLAZA,mid_block,none,0,0
3508,3508,HECKLE RD + OHIO VALLEY HOSPITAL ENTRANCE,mid_block,none,0,0
3511,3511,FAIRHAVEN RD + #59,mid_block,none,0,0
3513,3513,FAIRHAVEN RD + KENMAWR PLAZA ENTRANCE (SHELTER),mid_block,none,0,0
3551,3551,HELEN ST + ELLA,mid_block,none,0,0
3552,3552,HELEN ST + CATHERINE,mid_block,none,0,0
3554,3554,HELEN ST + ROBB (MUNSON),mid_block,none,0,0
3556,3556,RIVER AVE + W CARSON NS,mid_block,nearside,1,0
3570,3570,RIVER AVE + MARINA,mid_block,none,0,0
3572,3572,RIVER AVE + RAILROAD UNDERPASS,mid_block,none,0,0
3573,3573,ROBB ST + HELEN,mid_block,none,0,0
3574,3574,HELEN ST + SPROUL,mid_block,none,0,0
3575,3575,HELEN ST + CATHERINE,mid_block,none,0,0
3576,3576,HELEN ST + ELLA,mid_block,none,0,0
3593,3593,SILVER LANE + FALCK,mid_block,none,0,0
3596,3596,SILVER LANE + DIANA,mid_block,none,0,0
36,36,FIFTH AVE + ATWOOD ST,near_side,nearside,1,1
3600,3600,BEAVER GRADE RD + AIKEN,mid_block,none,0,0
3601,3601,STEUBENVILLE PIKE + BEAVER GRADE FS,mid_block,none,0,0
3602,3602,STEUBENVILLE PIKE + WEST HILLS PLAZA,mid_block,none,0,0
3605,3605,STEUBENVILLE PIKE + OMEGA DR,mid_block,none,0,0
3609,3609,CHARTIERS AVE EXT + HOWARD,mid_block,none,0,0
3611,3611,CHARTIERS AVE EXT + #1536,mid_block,none,0,0
3612,3612,CHARTIERS AVE EXT + STATE,mid_block,none,0,0
3617,3617,CHARTIERS AVE + AMELIA,mid_block,none,0,0
3620,3620,BROADWAY ST + 3RD,mid_block,none,0,0
3621,3621,BROADWAY ST + WAYNE,mid_block,none,0,0
3622,3622,BROADWAY ST + CHARLES,mid_block,none,0,0
3623,3623,BROADWAY ST + DALE,mid_block,none,0,0
3629,3629,CHARTIERS AVE + MARGARET,mid_block,none,0,0
3633,3633,CHARTIERS AVE + MARGARET,mid_block,none,0,0
3634,3634,CHARTIERS AVE + BROADWAY AVE,near_side,nearside,1,1
3635,3635,CHARTIERS AVE + AMELIA NS,mid_block,none,0,0
3636,3636,CHARTIERS AVE + CRAWFORD,mid_block,none,0,0
3638,3638,CHARTIERS AVE + SINGER,near_side,nearside,1,1
3644,3644,BROADWAY ST + DALE,mid_block,none,0,0
3645,3645,BROADWAY ST + CHARLES,mid_block,none,0,0
3646,3646,BROADWAY ST + WAYNE,mid_block,none,0,0
3647,3647,BROADWAY ST + 3RD,mid_block,none,0,0
3648,3648,BROADWAY ST +LAKE,mid_block,nearside,1,0
3649,3649,CHARTIERS AVE EXT + OWEN,mid_block,none,0,0
3650,3650,CHARTIERS AVE EXT + STATE,mid_block,none,0,0
3651,3651,CHARTIERS AVE EXT + #1536,mid_block,none,0,0
3653,3653,CHARTIERS AVE EXT + HOWARD,mid_block,none,0,0
3655,3655,CHARTIERS AVE EXT + HECKLE,mid_block,none,0,0
3671,3671,CLEVER RD + PATRICIA PARK,mid_block,none,0,0
3675,3675,PINE HOLLOW RD + #1625 (Mickeys Place),mid_block,none,0,0
3676,3676,BROADWAY ST + 15TH,mid_block,none,0,0
3677,3677,BROADWAY ST + 14TH,mid_block,none,0,0
3678,3678,BROADWAY ST + 13TH,mid_block,none,0,0
3680,3680,BROADWAY ST + 9TH FS,mid_block,none,0,0
3687,3687,BROADWAY ST + 13TH,mid_block,none,0,0
3688,3688,BROADWAY ST + 14TH,mid_block,none,0,0
3689,3689,BROADWAY ST + 15TH,mid_block,none,0,0
3690,3690,BROADWAY ST + PINE HOLLOW,mid_block,none,0,0
3693,3693,CLEVER RD + PATRICIA PARK,mid_block,none,0,0
3698,3698,CLEVER RD + FIELDCLUB,mid_block,none,0,0
3711,3711,CRAFTON INGRAM SHOPPING CENTER + RITE-AID,mid_block,none,0,0
3714,3714,CRAFTON INGRAM SHOPPING CENTER + GIANT EAGLE,mid_block,none,0,0
3715,3715,FOSTER AVE + SR CITIZEN BLDG,mid_block,none,0,0
3731,3731,BROADHEAD-FORDING RD + VILLAGE RD #2,mid_block,none,0,0
3732,3732,BROADHEAD-FORDING RD + VILLAGE RD #1,mid_block,none,0,0
3740,3740,WINDGAP AVE + SUMMERDALE FS,mid_block,none,0,0
3741,3741,WINDGAP AVE + BELHURST,mid_block,none,0,0
3742,3742,WINDGAP AVE + CHARTIERS,mid_block,none,0,0
3752,3752,WINDGAP AVE + BELHURST,mid_block,none,0,0
3753,3753,WINDGAP AVE + SUMMERDALE,mid_block,none,0,0
3766,3766,STEUBEN ST + CRAFTON,mid_block,none,0,0
3767,3767,STEUBEN ST + DUNCAN,mid_block,none,0,0
38,38,FIFTH AVE + CHESTERFIELD RD,mid_block,nearside,1,0
3816,3816,SUMMIT PARK DR + CHAUVET DR #1,near_side,nearside,1,1
3818,3818,SUMMIT PARK DR + ANDREW (WAL-MART),near_side,nearside,1,1
3822,3822,PARK MANOR BLVD + IKEA,mid_block,none,0,0
3824,3824,PARK MANOR BLVD + ROBINSON LN,near_side,nearside,1,1
3825,3825,PARK MANOR BLVD + IKEA,mid_block,none,0,0
3826,3826,SUMMIT PARK DR + QUINN,mid_block,none,0,0
3827,3827,SUMMIT PARK DR + HOME DR,near_side,nearside,1,1
3828,3828,SUMMIT DR + PARKLANE #1,mid_block,none,0,0
3896,3896,SUMMIT PARK DR + ANDREW (SAMS),near_side,nearside,1,1
3898,3898,3RD ST + MAIN FS,far_side,farside,1,1
39,39,CRAFT AVE + FIFTH FS (DIALYSIS CTR),far_side,farside,1,1
3901,3901,CAROTHERS AVE + CREEK,mid_block,none,0,0
3902,3902,CAROTHERS AVE + HILL,mid_block,none,0,0
3903,3903,CAROTHERS AVE + LOCUST,mid_block,none,0,0
3904,3904,CAROTHERS AVE + FINLEY FS,mid_block,none,0,0
3905,3905,WASHINGTON AVE + HOPE,mid_block,none,0,0
3906,3906,WASHINGTON AVE + MARSHALL,mid_block,none,0,0
3907,3907,WASHINGTON AVE + FRANKLIN,mid_block,none,0,0
3909,3909,WASHINGTON AVE + LINCOLN,near_side,nearside,1,1
392,392,PRESIDENTIAL DR + MADISON (LEASE OFFICE),mid_block,none,0,0
3920,3920,MANSFIELD BLVD + CHARTIERS FS,far_side,farside,1,1
393,393,PRESIDENTIAL DR + COOLIDGE,mid_block,none,0,0
394,394,PRESIDENTIAL DR + HARDING,mid_block,none,0,0
396,396,SPRINGFIELD DR + PEEBLE RD FS,mid_block,none,0,0
399,399,NORTHGATE DR + #9396,mid_block,none,0,0
3991,3991,PARK MANOR BLVD + ROBINSON LN,near_side,nearside,1,1
400,400,NORTHGATE DR + SAMPLE RD,mid_block,none,0,0
401,401,SAMPLE RD + HIGH MEADOW,mid_block,none,0,0
403,403,SAMPLE RD + COLLINGTON,mid_block,none,0,0
4046,4046,WASHINGTON AVE + KNOX AVE FS,mid_block,none,0,0
4047,4047,WASHINGTON AVE + FRANKLIN,mid_block,none,0,0
4049,4049,WASHINGTON AVE + HOPE,mid_block,none,0,0
4050,4050,WASHINGTON AVE + CAROTHERS,mid_block,nearside,1,0
4051,4051,CAROTHERS AVE + FINLEY,mid_block,none,0,0
4052,4052,CAROTHERS AVE + LOCUST,mid_block,none,0,0
4053,4053,CAROTHERS AVE + PACHEL,mid_block,none,0,0
4054,4054,CAROTHERS AVE + CREEK,mid_block,none,0,0
406,406,SAMPLE RD + PEEBLES,near_side,nearside,1,1
4068,4068,CRENNEL AVE + BROADHEAD AVE,mid_block,none,0,0
4069,4069,CRENNEL AVE + LINWOOD AVE,near_side,nearside,1,1
407,407,PEEBLES RD + LOCUST,mid_block,none,0,0
4070,4070,STOTZ AVE + CRAFTON MUNICIPAL BLDG,mid_block,none,0,0
4075,4075,NOBLE AVE + STEUBEN,near_side,nearside,1,1
408,408,PEEBLES RD + KNOLL,mid_block,none,0,0
4085,4085,BERRY ST + SCOTIA,mid_block,none,0,0
4086,4086,LADOGA ST + #3218,mid_block,none,0,0
4088,4088,LADOGA ST + MIDDLETOWN,mid_block,none,0,0
4089,4089,FARONIA ST + WYNETTE,mid_block,none,0,0
409,409,PEEBLES RD + DUNCAN AVE FS,far_side,farside,1,1
4091,4091,JEFFERS ST + FADETTE,mid_block,none,0,0
4092,4092,JEFFERS ST + #1331,mid_block,none,0,0
4095,4095,CHARTIERS AVE + UNIVERSAL,mid_block,none,0,0
4096,4096,CHARTIERS AVE + ALLENDALE,mid_block,none,0,0
4097,4097,CHARTIERS AVE + CITADEL FS,mid_block,none,0,0
4098,4098,CHARTIERS AVE + DITZLER,mid_block,none,0,0
4099,4099,CHARTIERS AVE + HILLSBORO,mid_block,none,0,0
41,41,BLVD OF ALLIES + WOOD ST,near_side,nearside,1,1
410,410,PEEBLES RD + PEEBLES SCHOOL RD,mid_block,none,0,0
4100,4100,CHARTIERS AVE + LITCHFIELD (STEPS),mid_block,none,0,0
4104,4104,CHARTIERS AVE + CORLISS,near_side,nearside,1,1
4108,4108,CHARTIERS AVE + AZALIA FS,mid_block,none,0,0
4109,4109,CHARTIERS AVE + LORENZ,near_side,nearside,1,1
411,411,PEEBLES RD + PARKWAY,mid_block,none,0,0
4110,4110,CHARTIERS AVE + MARLOW,mid_block,none,0,0
4111,4111,STEUBEN ST + #211,mid_block,none,0,0
4112,4112,STEUBEN ST + WABASH,mid_block,none,0,0
4113,4113,STEUBEN ST + ALEXANDER,near_side,nearside,1,1
4114,4114,STEUBEN ST + SANCTUS FS,mid_block,none,0,0
4119,4119,CHARTIERS AVE + MERLE,mid_block,none,0,0
4120,4120,CHARTIERS AVE + EYRE WAY,mid_block,none,0,0
4121,4121,CHARTIERS AVE + MIDDLETOWN,mid_block,none,0,0
4122,4122,CHARTIERS AVE + KRUPP,mid_block,none,0,0
4123,4123,CHARTIERS AVE + OLTMAN,mid_block,none,0,0
4124,4124,CHARTIERS AVE + OETTING,mid_block,none,0,0
4126,4126,LIBERTY AVE + WYNDHAM GRAND HOTEL,mid_block,none,0,0
4129,4129,STEUBEN ST + SANCTUS,mid_block,none,0,0
4131,4131,STEUBEN ST + PLANET FS (WABASH),mid_block,none,0,0
4132,4132,STEUBEN ST + LINHART,mid_block,none,0,0
4133,4133,CHARTIERS AVE + MARLOW,mid_block,none,0,0
4134,4134,CHARTIERS AVE + LORENZ,near_side,nearside,1,1
4135,4135,CHARTIERS AVE + AZALIA,mid_block,none,0,0
4137,4137,CHARTIERS AVE + NITTANY,mid_block,none,0,0
4139,4139,CHARTIERS AVE + CORLISS,near_side,nearside,1,1
414,414,PEEBLES RD + REMINGTON,near_side,nearside,1,1
4141,4141,CHARTIERS AVE + DUBOIS,mid_block,none,0,0
4142,4142,CHARTIERS AVE + MUNICIPAL,mid_block,none,0,0
4144,4144,CHARTIERS AVE + DITZLER,mid_block,none,0,0
4145,4145,CHARTIERS AVE + CITADEL,mid_block,none,0,0
4146,4146,CHARTIERS AVE + ALLENDALE,mid_block,none,0,0
4147,4147,CHARTIERS AVE + UNIVERSAL,mid_block,none,0,0
4148,4148,CHARTIERS AVE + HUXLEY,mid_block,none,0,0
4152,4152,FARONIA ST + WYNETTE FS,mid_block,none,0,0
4153,4153,LADOGA ST + MIDDLETOWN,mid_block,none,0,0
4154,4154,LADOGA ST + KATHY,mid_block,none,0,0
4156,4156,BERRY ST + SCOTIA,mid_block,none,0,0
4168,4168,NOBLE AVE + SIDNEY,mid_block,none,0,0
4170,4170,NOBLE AVE + CRAFTON,near_side,nearside,1,1
4178,4178,CHARTIERS AVE + OETTING,mid_block,none,0,0
4180,4180,CHARTIERS AVE + MARLOW,mid_block,none,0,0
4181,4181,CHARTIERS AVE + MIDDLETOWN,mid_block,none,0,0
4184,4184,CHARTIERS AVE + WINDGAP,mid_block,none,0,0
4187,4187,INGRAM AVE + MAINSGATE,mid_block,none,0,0
4189,4189,W PROSPECT AVE + BERRY NS,mid_block,none,0,0
4190,4190,BERRY ST + CENTER,mid_block,none,0,0
4191,4191,ALLENDALE ST + FAIRDALE,mid_block,none,0,0
4193,4193,ALLENDALE ST + STANHOPE,mid_block,none,0,0
4194,4194,ALLENDALE ST + MOYER,mid_block,none,0,0
4195,4195,ALLENDALE CIR + #3604,mid_block,none,0,0
4196,4196,ALLENDALE CIR + #3658,mid_block,none,0,0
4197,4197,ALLENDALE CIR + #3728,mid_block,none,0,0
4199,4199,MOYER ST + ALLENDALE,mid_block,none,0,0
42,42,BLVD OF ALLIES + MARKET ST,near_side,nearside,1,1
4200,4200,ALLENDALE ST + STANHOPE,mid_block,none,0,0
4202,4202,ALLENDALE ST + FAIRDALE,mid_block,none,0,0
4204,4204,ALLENDALE ST + CHARTIERS,mid_block,none,0,0
4208,4208,BERRY ST + W PROSPECT,mid_block,none,0,0
4209,4209,W PROSPECT AVE + MAINSGATE,mid_block,none,0,0
4210,4210,W PROSPECT AVE + INGRAM,near_side,nearside,1,1
4219,4219,W PROSPECT AVE + ARBORDALE,mid_block,none,0,0
4220,4220,W PROSPECT AVE + ALLEGHENY VALLEY SCHOOL,mid_block,none,0,0
4222,4222,W PROSPECT AVE + #221 (STEPS),mid_block,none,0,0
4223,4223,W PROSPECT AVE + KINGSLAND,mid_block,none,0,0
4225,4225,W PROSPECT AVE + BERRY,mid_block,none,0,0
4227,4227,MIDDLETOWN RD + #3205,mid_block,none,0,0
4228,4228,MIDDLETOWN RD + MUTUAL,mid_block,none,0,0
4229,4229,MIDDLETOWN RD + TYNDALL,mid_block,none,0,0
4230,4230,MIDDLETOWN RD + BERRY,mid_block,none,0,0
4231,4231,MIDDLETOWN RD + #2847,mid_block,none,0,0
4232,4232,MIDDLETOWN RD + MARSHALL,mid_block,none,0,0
4233,4233,MIDDLETOWN RD + HODGSON,mid_block,none,0,0
4235,4235,MIDDLETOWN RD + MARTERA,mid_block,none,0,0
4236,4236,STEUBEN ST + OBEY,near_side,nearside,1,1
4238,4238,STEUBEN ST + WHITEWOOD FS,mid_block,none,0,0
4239,4239,STEUBEN ST + #1129,mid_block,none,0,0
4240,4240,STEUBEN ST + HERSCHEL FS,mid_block,none,0,0
4241,4241,STEUBEN ST + HARKER,mid_block,none,0,0
4242,4242,STEUBEN ST + LORENZ,near_side,nearside,1,1
4243,4243,STEUBEN ST + ELBON,mid_block,none,0,0
4249,4249,STEUBEN ST + ELBON,mid_block,none,0,0
425,425,BABCOCK BLVD + ROSECLIFF,mid_block,none,0,0
4250,4250,STEUBEN ST + LORENZ,near_side,nearside,1,1
4251,4251,STEUBEN ST + HARKER,mid_block,none,0,0
4252,4252,STEUBEN ST + HERSCHEL,mid_block,none,0,0
4253,4253,STEUBEN ST + #1260,mid_block,none,0,0
4255,4255,STEUBEN ST + RINGGOLD FS,mid_block,none,0,0
4256,4256,STEUBEN ST + OBEY,near_side,nearside,1,1
4257,4257,STEUBEN ST + WOODLOW NS,mid_block,none,0,0
4259,4259,MIDDLETOWN RD + STRATMORE,mid_block,none,0,0
4260,4260,MIDDLETOWN RD + HODGSON FS,mid_block,none,0,0
4261,4261,MIDDLETOWN RD + JUSTINE,mid_block,none,0,0
4262,4262,MIDDLETOWN RD + STRAKA FS,mid_block,none,0,0
4263,4263,MIDDLETOWN RD + BERRY,mid_block,none,0,0
4264,4264,MIDDLETOWN RD + TYNDALL,mid_block,none,0,0
4265,4265,MIDDLETOWN RD + MUTUAL,mid_block,none,0,0
4266,4266,MIDDLETOWN RD + #3206,mid_block,none,0,0
4267,4267,MIDDLETOWN RD + WYNETTE,mid_block,none,0,0
4268,4268,MIDDLETOWN RD + LADOGA,mid_block,none,0,0
4269,4269,W PROSPECT AVE + KINGSLAND,mid_block,none,0,0
427,18711,BABCOCK BLVD + EVERGREEN & PEOPLES PLANK RD,near_side,nearside,1,1
4270,4270,W PROSPECT AVE + #210,mid_block,none,0,0
4272,4272,W PROSPECT AVE + ALLEGHENY VALLEY SCHOOL,mid_block,none,0,0
4273,4273,W PROSPECT AVE + ARBORDALE,mid_block,none,0,0
4275,4275,W PROSPECT AVE + BROADHEAD-FORDING,mid_block,none,0,0
428,428,EVERGREEN RD + NELSON RUN,mid_block,none,0,0
43,43,BLVD OF ALLIES + STANWIX ST,near_side,nearside,1,1
4302,4302,BROADHEAD-FORDING RD + VILLAGE RD #1,mid_block,none,0,0
4303,4303,BROADHEAD-FORDING RD + VILLAGE RD #2,mid_block,none,0,0
4329,4329,STEUBENVILLE PIKE + PITTSBURGH MOTEL,mid_block,none,0,0
4330,4330,STEUBENVILLE PIKE + FIRESIDE INN,mid_block,none,0,0
4363,4363,STEUBENVILLE PIKE + FIRESIDE INN,mid_block,none,0,0
4365,19227,STEUBENVILLE PIKE + #4460,mid_block,none,0,0
4370,4370,STEUBENVILLE PIKE + MCKEES ROCK RD,near_side,nearside,1,1
4371,4371,STEUBENVILLE PIKE + ROBINSON MANOR,near_side,nearside,1,1
4373,4373,STEUBENVILLE PIKE + MCCORMICK,mid_block,none,0,0
4377,4377,BEAVER GRADE RD + AIKEN,mid_block,none,0,0
4389,4389,SILVER LANE + CLEVER,mid_block,none,0,0
44,44,STANWIX ST AT FORBES AVE,ambiguous,nearside,1,0
4407,4407,FORBES AVE + MOREWOOD AVE FS (CARNEGIE MELLON),mid_block,none,0,0
4409,4409,FORBES AVE + CRAIG ST,far_side,nearside,1,1
441,441,EVERGREEN RD + PEOPLES TWP,mid_block,none,0,0
4410,4410,BLVD OF ALLIES + MARION ST (MERCY HOSP),mid_block,none,0,0
4412,4412,MAIN ST + JANE,mid_block,none,0,0
443,443,BABCOCK BLVD + HOFFMAN,mid_block,none,0,0
444,444,BABCOCK BLVD + ROSECLIFF,mid_block,none,0,0
4444,4444,NOBLESTOWN RD + HARTWELL,mid_block,none,0,0
4445,4445,NOBLESTOWN RD + OBEY,mid_block,none,0,0
4447,4447,NOBLESTOWN RD + #608,mid_block,none,0,0
4449,4449,S MAIN ST + WABASH,near_side,nearside,1,1
4450,4450,S MAIN ST + SANCTUS,near_side,nearside,1,1
4491,4491,S MAIN ST + WABASH,near_side,nearside,1,1
4493,4493,NOBLESTOWN RD + WEAVER FS,mid_block,none,0,0
4495,4495,NOBLESTOWN RD + OBEY,mid_block,none,0,0
4497,4497,NOBLESTOWN RD + HARTWELL,mid_block,none,0,0
4527,4527,MAIN ST + JANE,mid_block,none,0,0
4528,4528,MAIN ST + CHESTNUT,near_side,nearside,1,1
4546,4546,SHADY AVE + MT LEBANON STATION,mid_block,none,0,0
4552,4552,COCHRAN RD + ALTOONA,near_side,nearside,1,1
4553,4553,COCHRAN RD + NAVATO,mid_block,none,0,0
4554,4554,COCHRAN RD + MCCULLY,mid_block,none,0,0
4555,4555,COCHRAN RD + BEVERLY RD,near_side,nearside,1,1
4556,4556,BEVERLY RD + W MARLIN,mid_block,none,0,0
4557,4557,BEVERLY RD + OVERLOOK,near_side,nearside,1,1
4558,4558,BEVERLY RD + MEADOWCROFT,near_side,nearside,1,1
4559,4559,BEVERLY RD + PARKER,mid_block,none,0,0
4561,4561,MCFARLAND RD + HELEN,mid_block,none,0,0
4562,4562,BANKSVILLE RD + MCMONAGLE,far_side,farside,1,1
4563,4563,BANKSVILLE RD + #3021,mid_block,none,0,0
4564,4564,BANKSVILLE RD + POTOMAC,far_side,nearside,1,1
4565,4565,BANKSVILLE RD + WENZELL,near_side,nearside,1,1
4566,4566,BANKSVILLE RD + COAST,mid_block,none,0,0
4567,4567,BANKSVILLE RD + #1593,mid_block,none,0,0
4568,4568,BANKSVILLE RD + GOLDSTROM,mid_block,none,0,0
4570,4570,BANKSVILLE RD + BANKSVILLE AVE,mid_block,none,0,0
4572,4572,BLVD OF ALLIES + POST GAZETTE BLDG,mid_block,none,0,0
458,20178,PEEBLES RD + PEEBLES SCHOOL DRVWY,mid_block,none,0,0
459,18714,PEEBLES RD + DUNCAN AVE FS,mid_block,none,0,0
460,460,PEEBLES RD + LOCUST,mid_block,none,0,0
461,461,PEEBLES RD + SAMPLE,near_side,nearside,1,1
462,462,SAMPLE RD + EASTVIEW #1,mid_block,none,0,0
463,463,SAMPLE RD + EASTVIEW #2,mid_block,none,0,0
464,464,SAMPLE RD + RINGEISEN,mid_block,none,0,0
4656,4656,BANKSVILLE RD + CHAPPEL,mid_block,none,0,0
4657,4657,BANKSVILLE RD + CARNAHAN,near_side,nearside,1,1
4658,4658,BANKSVILLE RD + FAMILY LINK,mid_block,none,0,0
4660,4660,BANKSVILLE RD + POTOMAC,far_side,nearside,1,1
4661,4661,BANKSVILLE RD + #3030,mid_block,none,0,0
4662,4662,BANKSVILLE RD + MCMONAGLE,ambiguous,nearside,1,0
4664,4664,MCFARLAND RD + THE FIREPLACE & PATIO PLACE,mid_block,none,0,0
4665,4665,BEVERLY RD + PARKER,mid_block,none,0,0
4666,4666,BEVERLY RD + MEADOWCROFT,near_side,nearside,1,1
4667,4667,BEVERLY RD + RALSTON,near_side,nearside,1,1
4668,4668,BEVERLY RD + W MARLIN,mid_block,none,0,0
4669,4669,BEVERLY RD + COCHRAN,near_side,nearside,1,1
4670,4670,COCHRAN RD + MCCULLY RD,mid_block,none,0,0
4671,4671,COCHRAN RD + NAVATO,mid_block,none,0,0
4672,4672,COCHRAN RD + ALTOONA,near_side,nearside,1,1
4673,4673,COCHRAN RD + CEDAR,near_side,nearside,1,1
468,468,NORTHGATE DR + #9396,mid_block,none,0,0
469,469,NORTHGATE DR + SPRINGFIELD,mid_block,none,0,0
471,471,SPRINGFIELD DR + PEEBLES,mid_block,none,0,0
472,472,PRESIDENTIAL DR + CLEVELAND,mid_block,none,0,0
473,473,PRESIDENTIAL DR + HARDING,mid_block,none,0,0
4741,4741,CEDAR BLVD + LONGRIDGE,mid_block,none,0,0
4746,4746,BOWER HILL RD + RUTH,mid_block,none,0,0
4748,4748,BOWER HILL RD + SALEM,mid_block,none,0,0
4749,4749,BOWER HILL RD + LONGRIDGE,mid_block,none,0,0
475,475,PRESIDENTIAL DR + MADISON (LEASE OFFICE),mid_block,none,0,0
4751,4751,BOWER HILL RD + SERPENTINE,mid_block,none,0,0
4752,4752,BOWER HILL RD + SERPENTINE,mid_block,none,0,0
4753,4753,BOWER HILL RD + CARNEGIE FS,far_side,farside,1,1
4754,4754,BOWER HILL RD + LONGRIDGE,mid_block,none,0,0
4755,4755,BOWER HILL RD + SALEM,mid_block,none,0,0
4757,4757,BOWER HILL RD + RUTH,mid_block,none,0,0
4762,4762,CEDAR BLVD + LONGRIDGE,mid_block,none,0,0
4764,4764,SHJ BUS TURNAROUND SHELTER,mid_block,none,0,0
4765,4765,HABERMAN RAMP + HARWOOD STEPS,mid_block,none,0,0
4767,4767,WARRINGTON AVE + ESTELLA AVE,near_side,nearside,1,1
4771,4771,WARRINGTON AVE + ALLEN,near_side,nearside,1,1
4772,4772,WARRINGTON AVE + ARLINGTON,near_side,nearside,1,1
4773,4773,ARLINGTON AVE + KNOX,mid_block,none,0,0
4774,4774,ARLINGTON AVE + FREELAND,mid_block,none,0,0
4776,4776,ARLINGTON AVE + KOEHLER,mid_block,none,0,0
4777,4777,ARLINGTON AVE + FREDERICK,mid_block,none,0,0
4779,4779,ARLINGTON AVE + SPRING,mid_block,none,0,0
478,478,PRESIDENTIAL DR + BABCOCK,mid_block,none,0,0
4781,4781,ARLINGTON AVE + FERNLEAF,mid_block,none,0,0
4783,4783,ARLINGTON AVE + CONWAY,mid_block,none,0,0
4785,4785,ARLINGTON AVE + CLOVER,mid_block,none,0,0
4786,4786,ARLINGTON AVE + COLOGNE,mid_block,none,0,0
4788,4788,ARLINGTON AVE + DENGLER,mid_block,none,0,0
4802,4802,JOSEPHINE ST + SALISBURY,mid_block,none,0,0
4803,4803,JOSEPHINE ST + #3237,mid_block,none,0,0
4804,4804,JOSEPHINE ST + #3203,mid_block,none,0,0
4806,4806,JOSEPHINE ST + #3033,mid_block,none,0,0
4807,4807,JOSEPHINE ST + TELESCOPE,mid_block,none,0,0
4808,4808,JOSEPHINE ST + BARRY,mid_block,none,0,0
4809,4809,JOSEPHINE ST + 26TH,mid_block,none,0,0
4811,4811,26TH ST + SARAH ST,mid_block,none,0,0
4812,4812,26TH ST + E CARSON,near_side,nearside,1,1
4814,4814,E CARSON ST + 24TH ST,near_side,nearside,1,1
4815,4815,E CARSON ST + 18TH ST,near_side,nearside,1,1
4816,4816,E CARSON ST + 17TH ST,near_side,nearside,1,1
4817,4817,E CARSON ST + 14TH ST,near_side,nearside,1,1
4821,4821,E CARSON ST + 7TH ST,mid_block,none,0,0
4823,4823,E CARSON ST + 5TH ST,mid_block,none,0,0
4824,4824,E CARSON ST + TERMINAL WAY FS,mid_block,none,0,0
4825,4825,E CARSON ST + 2ND ST,mid_block,none,0,0
4826,4826,E CARSON ST + ARLINGTON,mid_block,nearside,1,0
4828,4828,FT PITT BLVD + SMITHFIELD ST FS,mid_block,none,0,0
4829,4829,WOOD ST + THIRD AVE FS,far_side,farside,1,1
4832,4832,WOOD ST + SIXTH AVE,near_side,nearside,1,1
4834,4834,WHARTON ST + S 20TH,mid_block,none,0,0
4838,4838,SMITHFIELD ST + FORBES AVE,near_side,nearside,1,1
4839,4839,SMITHFIELD ST + THIRD AVE,near_side,nearside,1,1
4840,4840,SMITHFIELD ST + FT PITT BLVD,near_side,nearside,1,1
4841,4841,E CARSON ST + STATION SQUARE STATION,far_side,none,0,1
4842,4842,E CARSON ST + 2ND ST,mid_block,none,0,0
4844,4844,E CARSON ST + 5TH ST,mid_block,none,0,0
4847,4847,E CARSON ST + 10TH ST,near_side,nearside,1,1
4848,4848,E CARSON ST + 12TH ST,near_side,nearside,1,1
4850,4850,E CARSON ST + 14TH ST,near_side,nearside,1,1
4852,4852,E CARSON ST + 17TH ST,near_side,nearside,1,1
4853,4853,E CARSON ST + 18TH ST,near_side,nearside,1,1
4855,4855,E CARSON ST + 25TH ST,mid_block,none,0,0
4858,4858,26TH ST + JOSEPHINE ST,mid_block,none,0,0
4859,4859,JOSEPHINE ST + BARRY,mid_block,none,0,0
4861,4861,JOSEPHINE ST + #3033,mid_block,none,0,0
4863,4863,JOSEPHINE ST + #3237,mid_block,none,0,0
4865,4865,ARLINGTON AVE + DENGLER,mid_block,none,0,0
4867,4867,ARLINGTON AVE + COLOGNE,mid_block,none,0,0
4868,4868,ARLINGTON AVE + CLOVER,mid_block,none,0,0
4870,4870,ARLINGTON AVE + STERLING,mid_block,none,0,0
4871,4871,ARLINGTON AVE + FERNLEAF,mid_block,none,0,0
4873,4873,ARLINGTON AVE + JULIA,mid_block,none,0,0
4875,4875,ARLINGTON AVE + FREDERICK,mid_block,none,0,0
4876,4876,ARLINGTON AVE + KOEHLER,mid_block,none,0,0
4877,4877,ARLINGTON AVE + S 18TH,near_side,nearside,1,1
4884,4884,WARRINGTON AVE + ALLEN,near_side,nearside,1,1
4886,4886,WARRINGTON AVE + BELTZHOOVER,near_side,nearside,1,1
4888,4888,WARRINGTON AVE + ESTELLA AVE,near_side,nearside,1,1
4890,4890,HABERMAN RAMP + HARWOOD STEPS,mid_block,none,0,0
5,5,WESTERN AVE + GALVESTON,near_side,nearside,1,1
5021,5021,STEUBENVILLE PIKE + DEVASSIE,mid_block,none,0,0
5022,5022,STEUBENVILLE PIKE + #6181,mid_block,none,0,0
5023,5023,STEUBENVILLE PIKE + WEST WAY SHOPPES,mid_block,none,0,0
5024,5024,STEUBENVILLE PIKE + PAUL LN,mid_block,none,0,0
5025,5025,STEUBENVILLE PIKE + WATERFORD WOODS DR,mid_block,none,0,0
5027,5027,STEUBENVILLE PIKE + SUNSET,mid_block,none,0,0
5028,5028,STEUBENVILLE PIKE + HOLY TRINITY CHURCH,mid_block,none,0,0
5030,5030,STEUBEN ST + LINDEN,near_side,nearside,1,1
5031,5031,STEUBEN ST + RICHMOND,mid_block,none,0,0
5034,5034,STEUBEN ST + UNION,mid_block,none,0,0
5035,5035,STEUBEN ST + RIDENOUR,mid_block,none,0,0
5037,5037,STEUBEN ST + STRATMORE FS,mid_block,none,0,0
504,504,HEMLOCK DR AT NORTH PARK POOL PARK AND RIDE,mid_block,none,0,0
5045,5045,SUMMIT PARK DR + #20,mid_block,none,0,0
5046,5046,SUMMIT PARK DR + #35,mid_block,none,0,0
506,506,DUNCAN AVE + ROYAL MANOR CT #1,mid_block,none,0,0
507,507,DUNCAN AVE + ROYAL MANOR CT #2,mid_block,none,0,0
508,508,DUNCAN AVE + ALLEGHENY MEMORIAL PARK,mid_block,none,0,0
5090,5090,STEUBEN ST + CUMBERLAND,mid_block,none,0,0
5092,5092,STEUBEN ST + UNION AVE FS (NOBLE AVE),mid_block,none,0,0
5094,5094,STEUBEN ST + CVS DRVWY,mid_block,none,0,0
5096,5096,STEUBEN ST + LINDEN,near_side,nearside,1,1
5097,5097,STEUBEN ST + DUNCAN,mid_block,none,0,0
5099,5099,STEUBEN ST + INGRAM,mid_block,none,0,0
5101,5101,STEUBENVILLE PIKE + PITTSBURGH MOTEL,mid_block,none,0,0
5103,5103,STEUBENVILLE PIKE + WEST HILLS PLAZA,mid_block,none,0,0
5105,5105,STEUBENVILLE PIKE + HOLY TRINITY CHURCH,mid_block,none,0,0
5106,5106,STEUBENVILLE PIKE + SUNSET,mid_block,none,0,0
5108,5108,STEUBENVILLE PIKE + WATERFORD WOODS DR,mid_block,none,0,0
5109,5109,STEUBENVILLE PIKE + PAUL LN,mid_block,none,0,0
5110,5110,STEUBENVILLE PIKE + WEST WAY SHOPPES,mid_block,none,0,0
5111,5111,STEUBENVILLE PIKE + #6181,mid_block,none,0,0
5112,5112,STEUBENVILLE PIKE + DEVASSIE,mid_block,none,0,0
5114,5114,STEUBENVILLE PIKE + HIGHTOWER FS,far_side,farside,1,1
5115,5115,SUMMIT PARK DR + #35,mid_block,none,0,0
5116,5116,SUMMIT PARK DR + #20,mid_block,none,0,0
5118,5118,SUMMIT PARK DR + PARK LANE #2,mid_block,none,0,0
5125,5125,EAST BUSWAY + HERRON STATION A,mid_block,busway,0,0
5126,5126,NEVILLE ST + BAYARD,near_side,nearside,1,1
5127,5127,NEVILLE ST + FIFTH AVE,near_side,nearside,1,1
5131,5131,BLVD OF ALLIES + GIST,mid_block,none,0,0
5132,5132,BLVD OF ALLIES + MILTENBERGER,mid_block,none,0,0
5133,5133,BLVD OF ALLIES + VAN BRAAM,mid_block,none,0,0
5277,5277,WASHINGTON PIKE + RACEWAY PLAZA,near_side,nearside,1,1
5278,5278,RAILROAD ST + COLLIER,near_side,nearside,1,1
5279,5279,RAILROAD ST + 4TH,mid_block,none,0,0
5280,5280,RAILROAD ST + 3RD,mid_block,none,0,0
5283,5283,WASHINGTON AVE + HOPE HOLLOW (CAROTHERS),mid_block,none,0,0
5284,5284,WASHINGTON AVE + DOLLAR GENERAL,mid_block,none,0,0
5285,5285,WASHINGTON AVE + TRIMBLE,mid_block,none,0,0
5286,5286,WASHINGTON AVE + ACADEMY,mid_block,none,0,0
5321,5321,WASHINGTON AVE + ACADEMY,mid_block,none,0,0
5322,5322,WASHINGTON AVE + TRIMBLE,mid_block,none,0,0
5325,5325,RAILROAD ST + 1ST FS,far_side,farside,1,1
5326,5326,RAILROAD ST + 2ND,mid_block,none,0,0
5327,5327,RAILROAD ST + 3RD,mid_block,none,0,0
5329,5329,RAILROAD ST + COLLIER,near_side,nearside,1,1
5330,5330,WASHINGTON PIKE + RACEWAY PLAZA,mid_block,none,0,0
5387,5387,WASHINGTON AVE + JAMES ST,mid_block,none,0,0
5389,5389,WASHINGTON AVE + MURRAY,far_side,farside,1,1
5390,5390,WASHINGTON PIKE + SCHULTE,far_side,nearside,1,1
5391,5391,WASHINGTON PIKE + ANDERSON EQUIPMENT,mid_block,none,0,0
5392,5392,WASHINGTON PIKE + MAYER,near_side,nearside,1,1
5393,5393,WASHINGTON PIKE + BANK OF AMERICA,mid_block,none,0,0
5394,5394,WASHINGTON PIKE + GREAT SOUTHERN SHOPPING CENTER,mid_block,none,0,0
5395,5395,WASHINGTON PIKE + BERAM FS,mid_block,none,0,0
5396,5396,WASHINGTON PIKE + VANADIUM,near_side,nearside,1,1
5398,5398,WASHINGTON PIKE + I-79 RAMP,near_side,farside,1,1
5399,5399,WASHINGTON PIKE + STEEN,far_side,none,0,1
5401,5401,WASHINGTON PIKE + #1375,mid_block,none,0,0
5403,5403,RACEWAY FIRELANE + SHOP N SAVE,mid_block,none,0,0
5405,5405,WASHINGTON AVE + MAIN,near_side,nearside,1,1
5406,5406,MAIN ST + CHESTNUT,near_side,nearside,1,1
5407,5407,NOBLESTOWN RD + IDLEWOOD,mid_block,none,0,0
5408,5408,NOBLESTOWN RD + #235,mid_block,none,0,0
5409,5409,NOBLESTOWN RD + ALTER,mid_block,none,0,0
5411,5411,NOBLESTOWN RD + #640,mid_block,none,0,0
5412,5412,NOBLESTOWN RD + HAWTHORNE,mid_block,none,0,0
5413,5413,NOBLESTOWN RD + MANSFIELD FS,mid_block,none,0,0
5414,5414,NOBLESTOWN RD + #2793,mid_block,none,0,0
5416,5416,NOBLESTOWN RD + BRENFORD,mid_block,none,0,0
5418,5418,NOBLESTOWN RD + DURBIN,mid_block,none,0,0
5419,5419,NOBLESTOWN RD + HOLIDAY DR,mid_block,none,0,0
5420,5420,NOBLESTOWN RD + SCHOOL,near_side,nearside,1,1
5421,5421,NOBLESTOWN RD + NOBLE MANOR,mid_block,none,0,0
5422,5422,NOBLESTOWN RD + #235,near_side,nearside,1,1
5423,5423,NOBLESTOWN RD + #2212,mid_block,none,0,0
5424,5424,NOBLESTOWN RD + #2148 (GIANT EAGLE),mid_block,none,0,0
5425,5425,NOBLESTOWN RD + #2120 (GIANT EAGLE),mid_block,none,0,0
5427,5427,NOBLESTOWN RD + COLESCOTT,mid_block,none,0,0
5428,5428,NOBLESTOWN RD + DENISONVIEW,mid_block,none,0,0
5429,5429,NOBLESTOWN RD + BARTOW,mid_block,none,0,0
5430,5430,NOBLESTOWN RD + CRAFTON,mid_block,none,0,0
5458,5458,GREENTREE RD + MANSFIELD FS,mid_block,none,0,0
5460,5460,GREENTREE RD + PARKWAY CENTER DR SOUTH,near_side,nearside,1,1
5461,5461,NOBLESTOWN RD + CRAFTON FS,mid_block,none,0,0
5462,5462,NOBLESTOWN RD + BARTOW,mid_block,none,0,0
5463,5463,NOBLESTOWN RD + DENISONVIEW,mid_block,none,0,0
5464,5464,NOBLESTOWN RD + HARRIS FS,mid_block,none,0,0
5465,5465,NOBLESTOWN RD + #2094,mid_block,none,0,0
5466,5466,NOBLESTOWN RD + #2128,mid_block,none,0,0
5467,5467,NOBLESTOWN RD + FIRE STATION (#2200),mid_block,none,0,0
5468,5468,NOBLESTOWN RD + #2212,mid_block,none,0,0
5469,5469,NOBLESTOWN RD + POPLAR,near_side,nearside,1,1
5470,5470,NOBLESTOWN RD + NOBLE MANOR,mid_block,none,0,0
5471,5471,NOBLESTOWN RD + BALDWICK,near_side,nearside,1,1
5480,5480,NOBLESTOWN RD + HAWTHORNE,mid_block,none,0,0
5481,5481,NOBLESTOWN RD + #640,mid_block,none,0,0
5483,5483,NOBLESTOWN RD + ALTER,mid_block,none,0,0
5484,5484,NOBLESTOWN RD + #235,mid_block,none,0,0
5485,5485,NOBLESTOWN RD + BELL AVE,mid_block,none,0,0
5490,5490,WASHINGTON PIKE + STEEN,near_side,none,0,1
5491,5491,WASHINGTON PIKE + WINSTEIN,mid_block,none,0,0
5493,5493,WASHINGTON PIKE + VANADIUM,near_side,nearside,1,1
5494,5494,WASHINGTON PIKE + GREAT SOUTHERN SHOPPING CENTER ENT #1,mid_block,none,0,0
5495,5495,WASHINGTON PIKE + GREAT SOUTHERN SHOPPING CENTER ENT #2,mid_block,none,0,0
5497,5497,WASHINGTON PIKE + MAYER,near_side,nearside,1,1
5498,5498,WASHINGTON PIKE + CHARTIERS VALLEY SHOPPING CENTER,near_side,nearside,1,1
5499,5499,WASHINGTON AVE + PRESTLEY,ambiguous,nearside,1,0
5500,5500,WASHINGTON AVE + MURRAY,near_side,nearside,1,1
5524,5524,NOBLESTOWN RD + HOLIDAY DR,mid_block,none,0,0
5525,5525,NOBLESTOWN RD + PACE,mid_block,none,0,0
5526,5526,NOBLESTOWN RD + DURBIN,mid_block,none,0,0
5528,5528,NOBLESTOWN RD + MORANGE,mid_block,none,0,0
5530,5530,NOBLESTOWN RD + #2793,mid_block,none,0,0
5551,5551,PARKWAY CTR DR SOUTH + BUILDING #7,mid_block,none,0,0
5552,5552,GREENTREE RD + WARRIORS,near_side,nearside,1,1
5553,5553,GREENTREE RD + MANSFIELD,far_side,nearside,1,1
5560,20287,EAST BUSWAY + PENN STATION A,mid_block,busway,0,0
5564,5564,GRANT ST + OLIVER,far_side,nearside,1,1
5588,5588,3RD ST + MAIN,near_side,nearside,1,1
5595,5595,CAROTHERS AVE + WASHINGTON,far_side,nearside,1,1
562,19327,PERRY HWY + MCDONALDS,mid_block,none,0,0
5655,5655,GREENTREE RD + FOREST FS,mid_block,none,0,0
5656,5656,GREENTREE RD + BANBURY,mid_block,none,0,0
5657,5657,GREENTREE RD + POTOMAC,near_side,nearside,1,1
5659,5659,GREENTREE RD + ORIOLE,mid_block,none,0,0
5660,5660,GREENTREE RD + ORCHARD,mid_block,none,0,0
5661,5661,GREENTREE RD + CARNAHAN,near_side,nearside,1,1
5663,5663,GREENTREE RD + MANILLA FS,far_side,farside,1,1
568,568,PERRY HWY AT ROSS PARK AND RIDE- LOWER LOT SHELTER,mid_block,none,0,0
569,569,PERRY HWY + CLARWIN,mid_block,none,0,0
57,57,RIDGE AVE + BRIGHTON (CCAC),mid_block,none,0,0
570,570,PERRY HWY + HANWAY,mid_block,none,0,0
571,571,PERRY HWY + I-279 RAMP,mid_block,nearside,1,0
572,572,PERRY HWY + WEST VIEW AVE FS,far_side,farside,1,1
573,573,PERRY HWY + IVORY,near_side,nearside,1,1
5736,5736,GREENTREE RD + MANILLA,near_side,nearside,1,1
5738,5738,GREENTREE RD + CARNAHAN,near_side,nearside,1,1
5739,5739,GREENTREE RD + ORCHARD,mid_block,none,0,0
574,574,PERRY HWY + CONNIE,far_side,nearside,1,1
5740,5740,GREENTREE RD + ORIOLE,mid_block,none,0,0
5742,5742,GREENTREE RD + POTOMAC,near_side,nearside,1,1
5743,5743,GREENTREE RD + BANBURY,mid_block,none,0,0
5744,5744,GREENTREE RD + FOREST,mid_block,none,0,0
576,576,PERRY HWY + PERRY VIEW,mid_block,none,0,0
577,577,PERRYSVILLE AVE + BASCOM,near_side,nearside,1,1
578,578,PERRYSVILLE AVE + WALDORF,mid_block,none,0,0
579,579,PERRYSVILLE AVE + FRANKLIN,mid_block,none,0,0
5795,5795,GREENTREE RD + LINDSAY,near_side,nearside,1,1
5796,5796,LINDSAY RD + PARK DR,mid_block,none,0,0
5797,5797,LINDSAY RD + #509,mid_block,none,0,0
5798,5798,LINDSAY RD + #559,mid_block,none,0,0
5799,5799,LINDSAY RD + #601,mid_block,none,0,0
5800,5800,LINDSAY RD + WYNNECLIFF #1,mid_block,none,0,0
5801,5801,LINDSAY RD + #722,mid_block,none,0,0
5802,5802,LINDSAY RD + WYNNECLIFF #2,mid_block,none,0,0
5804,5804,LINDSAY RD + CLAIREVIEW,mid_block,none,0,0
5805,5805,LINDSAY RD + GREENVIEW,mid_block,none,0,0
5807,5807,LINDSAY RD + CHERRYTREE,mid_block,none,0,0
5809,5809,LINDSAY RD + SWALLOW HILL,mid_block,none,0,0
5811,5811,SWALLOW HILL RD + THE KNOLLS,mid_block,none,0,0
5813,5813,SWALLOW HILL RD + THE BOURSE,mid_block,none,0,0
5819,5819,GREENTREE RD + FORSYTHE,near_side,nearside,1,1
5820,5820,GREENTREE RD + GREEN OAK NS,mid_block,none,0,0
5822,5822,GREENTREE RD + CHATHAM PARK,near_side,nearside,1,1
5860,5860,GREENTREE RD + RYAN,mid_block,none,0,0
5861,5861,GREENTREE RD + GREEN OAK,mid_block,none,0,0
5862,5862,GREENTREE RD AT COVENANT CHURCH PARK AND RIDE,mid_block,none,0,0
5863,5863,GREENTREE RD + FORSYTHE,near_side,nearside,1,1
5878,5878,GREENTREE RD + GREENBRIAR,mid_block,none,0,0
5879,5879,GREENTREE ROAD + LEADER COUNTRY DR,mid_block,none,0,0
588,588,NORTH COMMONS + WEST COMMONS,mid_block,none,0,0
5880,5880,GREENTREE RD + MANORVIEW,far_side,nearside,1,1
5881,5881,GREENTREE RD + # 2080,mid_block,none,0,0
5882,5882,GREENTREE RD + VIRGINIA MANSIONS,mid_block,none,0,0
5883,5883,SWALLOW HILL RD + GREENTREE FS,mid_block,none,0,0
5884,5884,SWALLOW HILL RD + THE BOURSE,mid_block,none,0,0
5885,5885,SWALLOW HILL RD + NOB HILL APTS DRIVE,mid_block,none,0,0
5887,5887,LINDSAY RD + SWALLOW HILL FS,mid_block,none,0,0
5889,5889,LINDSAY RD + CHERRYTREE,mid_block,none,0,0
5891,5891,LINDSAY RD + GREENVIEW FS,mid_block,none,0,0
5892,5892,LINDSAY RD + CLAIREVIEW,mid_block,none,0,0
5894,5894,LINDSAY RD + WYNNECLIFF #1,mid_block,none,0,0
5896,5896,LINDSAY RD + WYNNECLIFF #2,mid_block,none,0,0
5897,5897,LINDSAY RD + #601,mid_block,none,0,0
5898,5898,LINDSAY RD + #559,mid_block,none,0,0
5899,5899,LINDSAY RD + #509,mid_block,none,0,0
59,59,WESTERN AVE + GALVESTON,near_side,nearside,1,1
5900,5900,LINDSAY RD + PARK DR,mid_block,none,0,0
5901,5901,LINDSAY RD + GREENTREE,near_side,nearside,1,1
5922,5922,SECOND AVE + MUNICIPAL COURTS DR FS,near_side,farside,1,1
5923,5923,BLVD OF ALLIES + CHERRY WAY FS,far_side,farside,1,1
5928,5928,FT COUCH RD + MEDICAL ARTS BLDG,far_side,farside,1,1
5929,5929,OXFORD DR + THOMAS MORE MANOR,mid_block,none,0,0
5931,5931,OXFORD DR + GIANT EAGLE,mid_block,none,0,0
5932,5932,OXFORD DR + VILLAGE SQUARE UPPER ENT,mid_block,none,0,0
5950,5950,WASHINGTON RD + SHADY DR,near_side,nearside,1,1
6,6,WESTERN AVE + BRIGHTON,near_side,nearside,1,1
60,60,WESTERN AVE + ALLEGHENY,near_side,farside,1,1
6002,6002,WASHINGTON RD + FLORENCE PL,mid_block,none,0,0
6018,6018,OXFORD DR + GIANT EAGLE,mid_block,none,0,0
6056,6056,BOWER HILL RD + LIBERTY,mid_block,none,0,0
6081,6081,PIONEER AVE + BELLAIRE,mid_block,none,0,0
6082,6082,PIONEER AVE + ROSSMORE,mid_block,none,0,0
6084,6084,PIONEER AVE + BERWIN,mid_block,none,0,0
6085,6085,PIONEER AVE + METZ,mid_block,none,0,0
6086,6086,PIONEER AVE + BELLBROOK,mid_block,none,0,0
6088,6088,PIONEER AVE + DUNSTER,mid_block,none,0,0
6090,6090,PIONEER AVE + STETSON,near_side,nearside,1,1
6091,6091,PIONEER AVE + SOUTHCREST,mid_block,none,0,0
6092,6092,PIONEER AVE + NORTHCREST,mid_block,none,0,0
6093,6093,PIONEER AVE RAMP + SOUTH BUSWAY,mid_block,none,0,0
6094,6094,SOUTH BUSWAY + PALM GARDEN,mid_block,busway,0,0
6095,6095,SOUTH BUSWAY + SOUTH HILLS JCT,mid_block,busway,0,0
6096,6096,SMITHFIELD ST BRIDGE + STATION SQUARE,mid_block,none,0,0
6098,6098,SOUTH BUSWAY + PALM GARDEN,mid_block,busway,0,0
6099,6099,PIONEER AVE RAMP + PIONEER,mid_block,none,0,0
6100,6100,PIONEER AVE + NORTHCREST,mid_block,none,0,0
6102,6102,PIONEER AVE + STETSON,near_side,nearside,1,1
6104,6104,PIONEER AVE + DUNSTER,mid_block,none,0,0
6106,6106,PIONEER AVE + BELLBROOK,mid_block,none,0,0
6108,6108,PIONEER AVE + BERWIN,mid_block,none,0,0
6110,6110,PIONEER AVE + ROSSMORE,mid_block,none,0,0
6151,6151,WEST LIBERTY AVE + DORMONT AVE,near_side,nearside,1,1
6154,6154,WEST LIBERTY AVE + ILLINOIS (POTOMAC),near_side,nearside,1,1
6161,6161,BROOKLINE BLVD + CASTLEGATE,near_side,nearside,1,1
6162,6162,BROOKLINE BLVD + FLATBUSH,near_side,nearside,1,1
6163,6163,BROOKLINE BLVD + STEBBINS,mid_block,none,0,0
6164,6164,CHELTON AVE + QUEENSBORO,mid_block,nearside,1,0
6165,6165,CHELTON AVE + OAKRIDGE,mid_block,none,0,0
6166,6166,CHELTON AVE + FREEDOM,mid_block,none,0,0
6168,6168,FREEDOM AVE + WAREMAN,mid_block,none,0,0
6169,6169,FREEDOM AVE + MERRICK,mid_block,none,0,0
617,617,WEST VIEW PARK DR + PERRY HWY FS,mid_block,none,0,0
6170,6170,MERRICK AVE + HOBSON,mid_block,none,0,0
618,618,WEST VIEW PARK DR + WEST VIEW TOWERS,mid_block,none,0,0
6185,6185,BROOKLINE BLVD + #1439,mid_block,none,0,0
6186,6186,BROOKLINE BLVD + GREENCREST,mid_block,none,0,0
6187,6187,BROOKLINE BLVD + #1572,mid_block,none,0,0
6188,6188,BROOKLINE BLVD + ALTMAR,mid_block,none,0,0
6189,6189,ALTMAR ST + REAMER,mid_block,none,0,0
619,619,WEST VIEW PLAZA FIRE LANE + GIANT EAGLE,mid_block,none,0,0
6190,6190,REAMER ST + #1555,mid_block,none,0,0
6191,6191,BROOKLINE BLVD + GREENCREST,mid_block,none,0,0
6192,6192,BROOKLINE BLVD + #1439,mid_block,none,0,0
6193,6193,BROOKLINE BLVD + BREINING,mid_block,none,0,0
6198,6198,BROOKLINE BLVD + FLATBUSH,near_side,nearside,1,1
6199,6199,BROOKLINE BLVD + CASTLEGATE,near_side,nearside,1,1
620,620,WEST VIEW PLAZA FIRE LANE + UHAUL,mid_block,none,0,0
6205,6205,WEST LIBERTY AVE + WISCONSIN,near_side,nearside,1,1
6207,6207,WEST LIBERTY AVE + PARK,far_side,none,0,1
623,623,EAST COMMONS + EAST OHIO ST NS,near_side,nearside,1,1
624,624,N. COMMONS + FEDERAL ST,near_side,nearside,1,1
6240,6240,WINFIELD ST + BANK,mid_block,none,0,0
6242,6242,BANK ST + GRANDVIEW,mid_block,none,0,0
6243,6243,BANK ST + ELM,mid_block,none,0,0
6245,6245,BANK ST + GREGG,mid_block,none,0,0
6246,6246,BANK ST + DEWEY,mid_block,none,0,0
6248,6248,RAILROAD ST + #435 (STATION),mid_block,none,0,0
625,625,NORTH AVE + BOYLE,mid_block,none,0,0
6250,6250,BOWER HILL RD + #736,mid_block,none,0,0
6251,6251,BOWER HILL RD + #802,mid_block,none,0,0
6253,6253,BOWER HILL RD + SYLVA,mid_block,none,0,0
6258,6258,BOWER HILL RD + ROCKHILL,near_side,nearside,1,1
626,626,NORTH AVE + SANDUSKY,near_side,nearside,1,1
6260,6260,VANADIUM RD + ELMBROOK,mid_block,none,0,0
6263,6263,VANADIUM RD + VOLUNTEER FIRE COMPANY,mid_block,none,0,0
6265,6265,MAIN ST + #1737,mid_block,none,0,0
6267,6267,KANE BLVD + DAVIS,mid_block,none,0,0
6268,6268,KANE BLVD + HUGHES,mid_block,none,0,0
6269,6269,KANE BLVD + ELM,mid_block,none,0,0
627,627,NORTH AVE + CEDAR (AGH),near_side,nearside,1,1
6270,6270,KANE BLVD + INSTITUTION DR (KANE CTR),mid_block,none,0,0
6272,6272,KANE BLVD + CHURCH RECTORY,mid_block,none,0,0
6275,6275,BOWER HILL RD + KELSO,far_side,farside,1,1
6276,6276,BOWER HILL RD + CLEMSON,mid_block,none,0,0
6277,6277,BOWER HILL RD + PAT HAVEN,mid_block,none,0,0
6278,6278,BOWER HILL RD + SYLVANDELL,near_side,nearside,1,1
6280,6280,BOWER HILL RD + FIRWOOD,near_side,nearside,1,1
6281,6281,BOWER HILL RD + LAKEMONT (ST CLAIR HOSP),near_side,nearside,1,1
6282,6282,BOWER HILL RD + PARKVIEW,near_side,nearside,1,1
6283,6283,BOWER HILL RD + CARNEGIE,near_side,nearside,1,1
6284,6284,BOWER HILL RD + COCHRAN RD,near_side,nearside,1,1
6285,6285,BOWER HILL RD + MARLIN,mid_block,none,0,0
6286,6286,BOWER HILL RD + RALSTON,mid_block,none,0,0
6288,6288,WEST LIBERTY AVE + BLAINE,mid_block,none,0,0
6289,6289,WEST LIBERTY AVE + #2665,mid_block,none,0,0
6291,6291,WEST LIBERTY AVE + BROOKLINE BLVD FS,mid_block,none,0,0
6293,6293,WEST LIBERTY AVE + PAULINE,near_side,nearside,1,1
6296,6296,WEST LIBERTY AVE + CAPE MAY,near_side,nearside,1,1
6299,6299,SOUTH BUSWAY + DAWN AVE SHELTER,far_side,none,0,1
633,633,PERRYSVILLE AVE + FRANKLIN FS,mid_block,none,0,0
635,635,PERRYSVILLE AVE + VINCETON,near_side,nearside,1,1
636,636,PERRY HWY + #4146,mid_block,none,0,0
639,639,PERRY HWY + WEST VIEW AVE,near_side,nearside,1,1
6400,6400,SOUTH BUSWAY + DAWN AVE SHELTER,near_side,none,0,1
6401,6401,WEST LIBERTY AVE + BROOKSIDE,near_side,nearside,1,1
6402,6402,WEST LIBERTY AVE + CAPE MAY,near_side,nearside,1,1
6403,6403,WEST LIBERTY AVE + CURRANHILL,near_side,nearside,1,1
6405,6405,WEST LIBERTY AVE + PAULINE,near_side,nearside,1,1
6406,6406,WEST LIBERTY AVE + BELLE ISLE,mid_block,none,0,0
6407,6407,WEST LIBERTY AVE + WENZELL,near_side,nearside,1,1
6408,6408,WEST LIBERTY AVE + #2666,mid_block,none,0,0
6409,6409,WEST LIBERTY AVE + LASALLE,mid_block,none,0,0
641,641,PERRY HWY + CEMETERY LN,near_side,nearside,1,1
6410,6410,WASHINGTON RD + BOWER HILL,near_side,nearside,1,1
6411,6411,BOWER HILL RD + N MEADOWCROFT,mid_block,none,0,0
6412,6412,BOWER HILL RD + RALSTON,mid_block,none,0,0
6413,6413,BOWER HILL RD + MARLIN,mid_block,none,0,0
6414,6414,BOWER HILL RD + COCHRAN RD FS,mid_block,farside,1,0
6415,6415,BOWER HILL RD + PARKVIEW,near_side,nearside,1,1
6416,6416,BOWER HILL RD + SEGAR,near_side,nearside,1,1
6417,6417,BOWER HILL RD + N WREN,near_side,nearside,1,1
6418,6418,BOWER HILL RD + BOWER HILL APTS,mid_block,none,0,0
6420,6420,BOWER HILL RD + SYLVANDELL,far_side,farside,1,1
6421,6421,BOWER HILL RD + PAT HAVEN,mid_block,none,0,0
6422,6422,BOWER HILL RD + CLEMSON,mid_block,none,0,0
6423,6423,BOWER HILL RD + KELSO,near_side,nearside,1,1
6425,6425,BOWER HILL RD + KANE BLVD,near_side,nearside,1,1
6426,6426,KANE BLVD + OUR LADY OF GRACE CHURCH,mid_block,none,0,0
6429,6429,KANE BLVD + ELM,mid_block,none,0,0
643,643,PERRY HWY + CLARWIN,mid_block,none,0,0
6430,6430,KANE BLVD + HUGHES,mid_block,none,0,0
6431,6431,KANE BLVD + DAVIS,mid_block,none,0,0
6432,6432,MAIN ST + #1737,mid_block,none,0,0
6434,6434,VANADIUM RD + VOLUNTEER FIRE COMPANY,mid_block,none,0,0
6435,6435,VANADIUM RD + VANADIUM WOODS VLG NS,mid_block,none,0,0
6436,6436,VANADIUM RD + ELMBROOK,mid_block,none,0,0
6438,6438,BOWER HILL RD + ROCKHILL,near_side,nearside,1,1
6442,6442,BOWER HILL RD + UNION,mid_block,none,0,0
6443,6443,BOWER HILL RD + COOKS SCHOOL,mid_block,none,0,0
6446,6446,BOWER HILL RD + MCLAUGHLIN,mid_block,none,0,0
6447,6447,RAILROAD ST + STATION,mid_block,none,0,0
6448,6448,DEWEY AVE + BANK,mid_block,none,0,0
6449,6449,BANK ST + GREGG,mid_block,none,0,0
6451,6451,BANK ST + ELM,mid_block,none,0,0
6452,6452,BANK ST + ELIZABETH,mid_block,none,0,0
6454,6454,BANK ST + WINFIELD,mid_block,none,0,0
650,650,PERRY HWY + #328,mid_block,none,0,0
651,651,PERRY HWY + VFW,mid_block,none,0,0
6528,6528,LESNETT RD + BANK FS,mid_block,none,0,0
6571,6571,WASHINGTON RD + ABBYVILLE,ambiguous,nearside,1,0
6573,6573,GALLERIA STOREFRONT + SOUTHEAST ENTRANCE,mid_block,none,0,0
6576,6576,GILKESON RD + OLD GILKESON,mid_block,none,0,0
6577,6577,GILKESON RD + CEDAR,near_side,nearside,1,1
6578,6578,CEDAR BLVD + #1281,mid_block,none,0,0
6579,6579,CEDAR BLVD + BEADLING RD,mid_block,none,0,0
6581,6581,CEDAR BLVD + LINDENDALE,mid_block,none,0,0
6582,6582,CEDAR BLVD + #1163,mid_block,none,0,0
6583,6583,CEDAR BLVD + MAYFAIR,mid_block,none,0,0
6585,6585,CEDAR BLVD + GREENHURST,near_side,nearside,1,1
6586,6586,CEDAR BLVD + HOLLYCREST,mid_block,none,0,0
6598,6598,CEDAR BLVD + SALEM,mid_block,none,0,0
6599,6599,CEDAR BLVD + GREENHURST,near_side,nearside,1,1
6601,6601,CEDAR BLVD + MAYFAIR,mid_block,none,0,0
6602,6602,CEDAR BLVD + #1154,mid_block,none,0,0
6603,6603,CEDAR BLVD + LINDENDALE,mid_block,none,0,0
6604,6604,CEDAR BLVD + BEADLING,mid_block,none,0,0
6608,6608,GILKESON RD + OLD GILKESON,mid_block,none,0,0
6611,6611,WASHINGTON RD + ABBYVILLE,far_side,nearside,1,1
6612,6612,WASHINGTON RD + WASHINGTONIAN APTS,mid_block,none,0,0
6647,6647,BROOKLINE BLVD + PIONEER,near_side,nearside,1,1
6654,6654,BROOKLINE BLVD + BIRCHLAND,mid_block,none,0,0
6656,6656,RUTLEDGE ST + REPUBLIC,mid_block,none,0,0
6657,6657,GRANDVIEW AVE + SHALER,mid_block,none,0,0
6658,6658,GRANDVIEW AVE + AUGUSTA,mid_block,none,0,0
6659,6659,GRANDVIEW AVE + PLYMOUTH,mid_block,none,0,0
6660,6660,GRANDVIEW AVE + COHASSETT,mid_block,none,0,0
6661,6661,GRANDVIEW AVE + HALLOCK,mid_block,none,0,0
6662,6662,GRANDVIEW AVE + LABELLE,mid_block,none,0,0
6663,6663,LABELLE ST + PIERMONT,mid_block,none,0,0
6664,6664,LABELLE ST + SYCAMORE,mid_block,none,0,0
6665,6665,LABELLE ST + VIRGINIA,mid_block,none,0,0
6673,6673,VIRGINIA AVE + BERTHA,mid_block,none,0,0
6674,6674,VIRGINIA AVE + KEARSARGE,mid_block,none,0,0
6675,6675,VIRGINIA AVE + MAPLE TERRACE,mid_block,none,0,0
6676,6676,VIRGINIA AVE + SHOP N SAVE,mid_block,none,0,0
6677,6677,SHILOH ST + VIRGINIA FS,far_side,farside,1,1
6678,6678,SOUTHERN AVE + NATCHEZ,mid_block,none,0,0
6679,6679,SOUTHERN AVE + PROSPECT,mid_block,none,0,0
6680,6680,SOUTHERN AVE + WHITWORTH,mid_block,none,0,0
6683,6683,SOUTHERN AVE + OHARA,mid_block,none,0,0
6688,6688,BOGGS AVE + LELIA,mid_block,none,0,0
6690,6690,BOGGS AVE + SMITH,mid_block,none,0,0
6691,6691,BOGGS AVE + KRAMER,mid_block,none,0,0
6692,6692,BOGGS AVE + #207,mid_block,none,0,0
6693,6693,BOGGS AVE + WYOMING,mid_block,none,0,0
6694,6694,BAILEY AVE + RUTH,mid_block,none,0,0
6698,6698,KATHLEEN ST + JUDICIAL,mid_block,none,0,0
6699,6699,KATHLEEN ST + CRAIGHEAD,mid_block,none,0,0
6700,6700,KATHLEEN ST + BELTZHOOVER,mid_block,none,0,0
6701,6701,BELTZHOOVER AVE + EUREKA,mid_block,none,0,0
6702,6702,BELTZHOOVER AVE + EDGEMONT,mid_block,none,0,0
6706,6706,HABERMAN RAMP + SOUTH HILLS JCT,mid_block,none,0,0
6716,6716,SOUTHERN AVE + SOFFEL,mid_block,none,0,0
6717,6717,SOUTHERN AVE + MINSINGER,mid_block,none,0,0
6718,6718,BOGGS AVE + WARRINGTON,ambiguous,none,0,0
6720,6720,BELTZHOOVER AVE + WARRINGTON,near_side,nearside,1,1
6721,6721,PALM GARDEN RAMP + WARRINGTON,far_side,none,0,1
6723,6723,WARRINGTON AVE + DELMONT AVE FS,mid_block,none,0,0
6729,6729,BELTZHOOVER AVE + KATHLEEN,mid_block,none,0,0
6730,6730,KATHLEEN ST + CRAIGHEAD,mid_block,none,0,0
6731,6731,KATHLEEN ST + JUDICIAL,mid_block,none,0,0
6732,6732,KATHLEEN ST + ESTELLA,mid_block,none,0,0
6734,6734,HABERMAN AVE + BAILEY,mid_block,none,0,0
6735,6735,BAILEY AVE + RUTH,mid_block,none,0,0
6736,6736,BOGGS AVE + ST JUSTINS PLAZA,mid_block,none,0,0
6737,6737,BOGGS AVE + GREENBUSH,mid_block,none,0,0
6739,6739,BOGGS AVE + PAUL,mid_block,none,0,0
6740,6740,BOGGS AVE + LELIA,mid_block,none,0,0
6741,6741,BOGGS AVE + SOFFEL,mid_block,none,0,0
6742,6742,SOUTHERN AVE + CARFEL,mid_block,none,0,0
6743,6743,SOUTHERN AVE + LELIA,mid_block,none,0,0
6744,6744,SOUTHERN AVE + SIMMS,mid_block,none,0,0
6745,6745,SOUTHERN AVE + #221,mid_block,none,0,0
6747,6747,SOUTHERN AVE + SANDWICH,mid_block,none,0,0
6748,6748,SOUTHERN AVE + WHITWORTH,mid_block,none,0,0
6749,6749,SOUTHERN AVE + GRAY,mid_block,none,0,0
6750,6750,SOUTHERN AVE + COWAN,mid_block,none,0,0
6751,6751,SOUTHERN AVE + PROSPECT,mid_block,none,0,0
6752,6752,SOUTHERN AVE + SHILOH,mid_block,none,0,0
6754,6754,VIRGINIA AVE + SHOP N SAVE,mid_block,none,0,0
6755,6755,VIRGINIA AVE + MAPLE TERRACE,mid_block,none,0,0
6756,6756,VIRGINIA AVE + KEARSARGE,mid_block,none,0,0
6761,6761,VIRGINIA AVE + LABELLE,mid_block,none,0,0
6770,6770,GRANDVIEW AVE + PLYMOUTH,mid_block,none,0,0
6771,6771,GRANDVIEW AVE + AUGUSTA,mid_block,none,0,0
6772,6772,GRANDVIEW AVE + SHALER,mid_block,none,0,0
6773,6773,REPUBLIC ST + RUTLEDGE,mid_block,none,0,0
6774,6774,REPUBLIC ST + GREENLEAF,mid_block,none,0,0
6775,6775,GREENLEAF ST + FINGAL,mid_block,none,0,0
6776,6776,BOGGS AVE + WARRINGTON FS,mid_block,none,0,0
6777,6777,SOUTHERN AVE + MINSINGER,mid_block,none,0,0
6779,6779,SHILOH ST + VIRGINIA,near_side,nearside,1,1
6787,6787,VIRGINIA AVE + BERTHA ST,mid_block,none,0,0
6792,6792,WEYMAN RD + WHITE HAMPTON,mid_block,none,0,0
6793,6793,WEYMAN RD + FOXWOOD MANOR APTS,mid_block,none,0,0
6794,6794,WEYMAN RD + MCROBERTS,mid_block,none,0,0
6815,6815,BAPTIST RD + MCKEE,mid_block,none,0,0
6817,6817,BAPTIST RD + WINDVALE,mid_block,none,0,0
6818,6818,BAPTIST RD + LACHMAN,mid_block,none,0,0
6825,6825,PROVOST RD + MULBERRY,mid_block,none,0,0
6829,6829,PROVOST RD + WHITEHILL CIR,mid_block,none,0,0
6830,6830,PROVOST RD + FRANK FS,mid_block,none,0,0
6832,6831,PROVOST RD + SHADOW FS,mid_block,none,0,0
6836,6836,PROVOST RD + STEWART,mid_block,none,0,0
6838,6838,SOUTH BUSWAY + OVERBROOK SHELTER,mid_block,busway,0,0
6839,6839,SOUTH BUSWAY + INGLEWOOD SHELTER,mid_block,busway,0,0
6840,6840,SOUTH BUSWAY + CENTRAL SHELTER,mid_block,busway,0,0
6841,6841,SOUTH BUSWAY + SOUTH BANK,mid_block,busway,0,0
6842,6842,SOUTH BUSWAY + WHITED ST SHELTER,mid_block,busway,0,0
6843,6843,SOUTH BUSWAY + EDGEBROOK SHELTER,mid_block,busway,0,0
6844,6844,SOUTH BUSWAY + PIONEER AVE RAMP,mid_block,busway,0,0
6849,6849,SOUTH BUSWAY + EDGEBROOK SHELTER,mid_block,busway,0,0
6850,6850,SOUTH BUSWAY + WHITED ST SHELTER,mid_block,busway,0,0
6851,6851,SOUTH BUSWAY + SOUTH BANK,mid_block,busway,0,0
6852,6852,SOUTH BUSWAY + CENTRAL SHELTER,mid_block,busway,0,0
6853,6853,SOUTH BUSWAY + INGLEWOOD SHELTER,mid_block,busway,0,0
6854,6854,SOUTH BUSWAY + OVERBROOK SHELTER,mid_block,busway,0,0
6855,6855,SOUTH BUSWAY + GLENBURY AVE RAMP,mid_block,busway,0,0
6856,6856,FAIRHAVEN-PROVOST RD + STEWART,mid_block,none,0,0
6858,6858,FAIRHAVEN RD + WEYMAN,near_side,nearside,1,1
6862,6862,PROVOST RD + FRANK,mid_block,none,0,0
6863,6863,PROVOST RD + WHITEHALL,mid_block,none,0,0
6865,6865,PROVOST RD + BRIGHTVIEW,mid_block,none,0,0
6866,6866,PROVOST RD + BARLIND,mid_block,none,0,0
6867,6867,PROVOST RD + LAWNVIEW,mid_block,none,0,0
6868,6868,PROVOST RD + BAPTIST,near_side,nearside,1,1
6874,6874,BAPTIST RD + LACHMAN,mid_block,none,0,0
6876,6876,BAPTIST RD + #5344,mid_block,none,0,0
6877,6877,BAPTIST RD + MCKEE FS,mid_block,none,0,0
6897,6897,WEYMAN RD + FOXWOOD MANOR APTS,mid_block,none,0,0
6900,6900,WEYMAN RD + VILLAGE LANE,mid_block,none,0,0
6901,6901,WEYMAN RD + MCROBERTS,mid_block,none,0,0
6907,6907,CURRY RD + OLYMPIA,mid_block,none,0,0
6909,6909,CURRY RD + LAUREL,mid_block,none,0,0
6915,6915,BLOSSOM DR + MCANULTY,mid_block,none,0,0
6928,6928,GARDENVILLE RD + KOEFFLER,mid_block,none,0,0
6929,6929,GARDENVILLE RD + CROSS,mid_block,none,0,0
6931,6931,GARDENVILLE RD + BAPTIST,mid_block,none,0,0
6936,6936,GARDENVILLE RD + BAPTIST RD FS,mid_block,none,0,0
6938,6938,GARDENVILLE RD + KOEFFLER,mid_block,none,0,0
6940,6940,GARDENVILLE RD + CHARLOTTE,mid_block,none,0,0
6953,6953,BLOSSOM DR + LAUREL,mid_block,none,0,0
6958,6958,CURRY RD + OLYMPIC,mid_block,none,0,0
6960,6960,CURRY RD + HORNING,mid_block,none,0,0
6971,6971,CHALFONT ST + DELMONT,mid_block,none,0,0
6972,6972,CHALFONT ST + GEARING,mid_block,none,0,0
6983,6983,GEARING AVE + CLIMAX,mid_block,none,0,0
6985,6985,CLIMAX ST + HABERMAN,mid_block,none,0,0
6987,6987,CLIMAX ST + ESTELLA,mid_block,none,0,0
6989,6989,CLIMAX ST + BELTZHOOVER,mid_block,none,0,0
6993,6993,ARLINGTON AVE + #1047,mid_block,none,0,0
6995,6995,ARLINGTON AVE + NEWTON,mid_block,none,0,0
6996,6996,ARLINGTON AVE + WILLIAM NS,mid_block,none,0,0
6999,6999,BELTZHOOVER AVE + WARRINGTON AVE FS,far_side,farside,1,1
7,7,BRIGHTON RD + RIDGE (CCAC),near_side,nearside,1,1
7000,7000,BELTZHOOVER AVE + CLIMAX,mid_block,none,0,0
7001,7001,CLIMAX ST + CURTIN,mid_block,none,0,0
7007,7007,GEARING AVE + LAFFERTY,mid_block,none,0,0
7012,7012,GEARING AVE + CHALFONT,mid_block,none,0,0
7014,7014,CHALFONT ST + HABERMAN,mid_block,none,0,0
7015,7015,CHALFONT ST + ESTELLA,mid_block,none,0,0
7019,7019,BELTZHOOVER AVE + CHARLES ST,mid_block,none,0,0
7022,7022,CHARLES ST + KNOX,mid_block,none,0,0
7027,7027,ARLINGTON AVE + #916,mid_block,none,0,0
7029,7029,ARLINGTON AVE + WARRINGTON,near_side,nearside,1,1
7031,7031,LINDEN AVE + CABLE,mid_block,none,0,0
7032,7032,LINDEN AVE + SR CITIZEN APTS,mid_block,none,0,0
7035,7035,BESSEMER AVE + GRANDVIEW,mid_block,none,0,0
704,704,DUNCAN AVE + ALLEGHENY MEMORIAL PARK,mid_block,none,0,0
7046,7046,BELL AVE + JONES,mid_block,none,0,0
7048,7048,MIDDLE ST + HAWKINS,mid_block,none,0,0
7049,7049,HAWKINS AVE + ROSE,mid_block,none,0,0
705,705,DUNCAN AVE + ROYAL MANOR CT #1,mid_block,none,0,0
7050,7050,HAWKINS AVE + #509,mid_block,none,0,0
7051,7051,HAWKINS AVE + 4TH,mid_block,none,0,0
7052,7052,HAWKINS AVE + OVERLAND,mid_block,none,0,0
7053,7053,HAWKINS AVE + 2ND,mid_block,none,0,0
7055,7055,WOODSTOCK AVE + #2695,mid_block,none,0,0
7056,7056,WOODSTOCK AVE + WOODSTOCK TERRACE NS,mid_block,none,0,0
706,706,DUNCAN AVE + ROYAL MANOR CT #2,mid_block,none,0,0
7060,7060,WOODSTOCK AVE + MELROSE,mid_block,none,0,0
7061,7061,WOODSTOCK AVE + ORMOND,mid_block,none,0,0
7062,7062,WOODSTOCK AVE + ARDMORE,mid_block,none,0,0
7063,7063,NOBLE AVE + DICKSON ST,mid_block,none,0,0
7064,7064,NOBLE AVE + WASHINGTON ST,mid_block,none,0,0
7065,7065,WAVERLY AVE + BRADDOCK,near_side,nearside,1,1
7067,7067,EDGEWOOD AVE + COLUMBIA,mid_block,none,0,0
7068,7068,EDGEWOOD AVE + DELAWARE,mid_block,none,0,0
7069,7069,EDGEWOOD AVE + LACROSSE,mid_block,none,0,0
7071,7071,EDGEWOOD AVE + GORDON,mid_block,none,0,0
7072,7072,EDGEWOOD AVE + EDGEWOOD CT,mid_block,none,0,0
7074,7074,EDGEWOOD AVE + MAPLE,near_side,nearside,1,1
7075,7075,COAL ST + HUTCHINSON,mid_block,none,0,0
7077,7077,COAL ST + WOODWORTH,mid_block,none,0,0
7078,7078,COAL ST + REBECCA,mid_block,none,0,0
7079,7079,COAL ST + FRANKLIN,mid_block,none,0,0
7084,7084,ROWLAND CONNECTOR + HIGHRISE,mid_block,none,0,0
7085,7085,KELLY ST + PITT,mid_block,none,0,0
7086,7086,KELLY ST + WEST,mid_block,none,0,0
7088,7088,KELLY ST + PEEBLES,mid_block,none,0,0
7089,7089,PEEBLES ST + FORBES,mid_block,none,0,0
7090,7090,FORBES AVE + CELERON,mid_block,none,0,0
7093,7093,FORBES AVE + DALLAS,near_side,nearside,1,1
7094,7094,FORBES AVE + BEECHWOOD,mid_block,nearside,1,0
7095,7095,FORBES AVE + SHADY,near_side,nearside,1,1
7096,7096,FORBES + MURRAY FS,mid_block,farside,1,0
7097,7097,FORBES AVE + WIGHTMAN,near_side,nearside,1,1
7098,7098,FORBES AVE + MURDOCH,mid_block,none,0,0
7100,7100,FORBES AVE + NORTHUMBERLAND FS,mid_block,none,0,0
7101,7101,FORBES AVE + PLAINFIELD,mid_block,none,0,0
7102,7102,FORBES AVE + MARGARET MORRISON,near_side,nearside,1,1
7103,7103,FORBES AVE + BEELER,far_side,nearside,1,1
7112,7112,FORBES AVE + JUMONVILLE,near_side,nearside,1,1
7113,7113,FORBES AVE + SENECA,mid_block,none,0,0
7114,7114,FORBES AVE + MOULTRIE,near_side,none,0,1
7115,7115,FORBES AVE + CRAIG ST,near_side,nearside,1,1
7117,7117,FORBES AVE + MOREWOOD (CARNEGIE MELLON),mid_block,none,0,0
7119,7119,FORBES AVE + BEELER,far_side,nearside,1,1
7121,7121,FORBES AVE + PLAINFIELD,mid_block,none,0,0
7124,7124,FORBES AVE + MURDOCH,mid_block,none,0,0
7125,7125,FORBES AVE + WIGHTMAN,near_side,nearside,1,1
7126,7126,FORBES AVE + MURRAY AVE,near_side,nearside,1,1
7127,7127,FORBES AVE + SHADY AVE,near_side,nearside,1,1
7128,7128,FORBES AVE + DENNISTON,mid_block,none,0,0
7129,7129,FORBES AVE + BEECHWOOD,near_side,nearside,1,1
7130,7130,FORBES AVE + DALLAS,near_side,nearside,1,1
7133,7133,FORBES AVE + EAST END AVE,mid_block,none,0,0
7134,7134,FORBES AVE + PEEBLES,mid_block,none,0,0
7135,7135,PEEBLES ST + FORBES,mid_block,none,0,0
7136,7136,PEEBLES ST + KELLY,mid_block,none,0,0
7137,7137,KELLY AVE + TRENTON AVE,mid_block,none,0,0
7138,7138,KELLY ST + WEST,mid_block,none,0,0
7139,7139,KELLY ST + PITT,mid_block,none,0,0
7140,7140,KELLY ST + HAY,mid_block,none,0,0
7141,7141,ROWLAND CONNECTOR + PENNWOOD,near_side,nearside,1,1
7146,7146,REBECCA ST + SWISSVALE FS,mid_block,farside,1,0
7147,7147,SWISSVALE AVE + #441(MERCY GRANDVIEW MANOR),mid_block,none,0,0
7150,19408,EDGEWOOD AVE + ELM ST,mid_block,none,0,0
7152,7152,EDGEWOOD AVE + LACROSSE,mid_block,none,0,0
7153,7153,EDGEWOOD AVE + DELAWARE,mid_block,none,0,0
7154,7154,EDGEWOOD AVE + COLUMBIA,mid_block,none,0,0
7156,7156,WAVERLY AVE + BRADDOCK FS,mid_block,farside,1,0
7157,7157,NOBLE AVE + WASHINGTON ST,mid_block,none,0,0
7159,7159,WOODSTOCK AVE + ARDMORE,mid_block,none,0,0
7160,7160,WOODSTOCK AVE + ORMOND,mid_block,none,0,0
7161,7161,WOODSTOCK AVE + MELROSE,mid_block,none,0,0
7163,7163,WOODSTOCK AVE + BRADDOCK,near_side,nearside,1,1
7165,7165,WOODSTOCK AVE + WOODSTOCK TERRACE,mid_block,none,0,0
7167,7167,WOODSTOCK AVE + WILKINS,mid_block,none,0,0
7168,7168,HAWKINS AVE + 2ND,mid_block,none,0,0
7169,7169,HAWKINS AVE + OVERLAND,mid_block,none,0,0
7170,7170,HAWKINS AVE + 4TH,mid_block,none,0,0
7173,7173,HAWKINS AVE + MIDDLE ST,mid_block,none,0,0
7177,21683,BELL AVE + VERONA,mid_block,none,0,0
7186,7186,CENTER ST + GRANDVIEW,mid_block,none,0,0
7188,7188,LINDEN AVE + BESSEMER FS,mid_block,none,0,0
7190,7190,LINDEN AVE + SR CITIZEN APTS,mid_block,none,0,0
7210,7210,HAWKINS AVE + RANKIN BLVD,mid_block,none,0,0
7211,7211,RANKIN BLVD + BLDG #5,mid_block,none,0,0
7212,7212,HARRIETT ST + BLDG #2,mid_block,none,0,0
7213,7213,HARRIETT ST + 5TH,mid_block,none,0,0
7215,7215,MILLER ST + GAS ST,mid_block,none,0,0
7217,7217,MONONGAHELA AVE + DUQUESNE,mid_block,none,0,0
7218,7218,MONONGAHELA AVE + WASHINGTON,near_side,nearside,1,1
7219,7219,MONONGAHELA AVE + IRVINE,mid_block,none,0,0
7220,7220,MONONGAHELA AVE + CHURCH,near_side,nearside,1,1
7222,7222,MONONGAHELA AVE + SCHOYER,near_side,none,0,1
7223,7223,MONONGAHELA AVE + WHIPPLE (#1641),mid_block,none,0,0
7225,7225,BRADDOCK AVE + GREENDALE FS,mid_block,none,0,0
7226,7226,BRADDOCK AVE + CHARLESTON,mid_block,none,0,0
7227,7227,BRADDOCK AVE + SANDERS,mid_block,none,0,0
7228,7228,BRADDOCK AVE + HUTCHINSON,near_side,nearside,1,1
7229,7229,BRADDOCK AVE + OVERTON,mid_block,none,0,0
7230,7230,BRADDOCK AVE + HENRIETTA,mid_block,none,0,0
7231,7231,BRADDOCK AVE + BIDDLE,mid_block,none,0,0
7233,7233,FORBES AVE + BRADDOCK FS,mid_block,none,0,0
7234,7234,FORBES AVE + BRADDOCK,near_side,none,0,1
7235,7235,BRADDOCK AVE + GUTHRIE,mid_block,none,0,0
7236,7236,BRADDOCK AVE + BIDDLE,mid_block,none,0,0
7237,7237,BRADDOCK AVE + HENRIETTA,mid_block,none,0,0
7238,7238,BRADDOCK AVE + OVERTON,mid_block,none,0,0
7239,7239,BRADDOCK AVE + HUTCHINSON,near_side,nearside,1,1
7240,7240,BRADDOCK AVE + SANDERS,mid_block,none,0,0
7241,7241,BRADDOCK AVE + CHARLESTON,mid_block,none,0,0
7242,7242,BRADDOCK AVE + GREENDALE,mid_block,none,0,0
7245,7245,MONONGAHELA AVE + MCCLURE,mid_block,none,0,0
7246,7246,MONONGAHELA AVE + CHURCH,near_side,nearside,1,1
7247,7247,MONONGAHELA AVE + SCHLEY,mid_block,none,0,0
7248,7248,MONONGAHELA AVE + WASHINGTON,near_side,nearside,1,1
7249,7249,MONONGAHELA AVE + DUQUESNE,mid_block,none,0,0
7250,7250,MONONGAHELA AVE + #2130,mid_block,none,0,0
7252,7252,MILLER ST + GAS ST,mid_block,none,0,0
7253,7253,MILLER ST + HARRIETT,mid_block,none,0,0
7254,7254,HARRIETT ST + 5TH,mid_block,none,0,0
7255,7255,HARRIETT ST + BLDG #2,mid_block,none,0,0
7256,7256,RANKIN BLVD + BLDG #5,mid_block,none,0,0
7257,7257,RANKIN BLVD + HAWKINS,mid_block,none,0,0
7258,7258,RANKIN BLVD + #211,mid_block,none,0,0
7259,7259,RANKIN BLVD + KENMAWR,mid_block,none,0,0
7272,7272,JONES AVE + BELL AVE,mid_block,none,0,0
7273,7273,COAL ST + SOUTH,mid_block,none,0,0
7276,7276,SOUTH AVE + MULBERRY,mid_block,none,0,0
7279,7279,LIBERTY AVE + 10TH ST NS,near_side,nearside,1,1
7280,7280,SMITHFIELD ST + SIXTH AVE,near_side,nearside,1,1
7282,7282,SOUTH AVE + WOOD,near_side,nearside,1,1
7283,7283,SOUTH AVE + MULBERRY,mid_block,none,0,0
7284,7284,SOUTH AVE + CENTER,mid_block,none,0,0
7285,7285,SOUTH AVE + MILL,mid_block,none,0,0
7286,7286,SOUTH AVE + COAL,mid_block,none,0,0
7287,7287,SOUTH AVE + SWISSVALE,near_side,nearside,1,1
7288,7288,SWISSVALE AVE + FRANKLIN,near_side,nearside,1,1
7289,7289,SWISSVALE AVE + REBECCA,near_side,nearside,1,1
7291,20450,6TH ST + MARGARETTA ST,mid_block,none,0,0
7292,7292,6TH ST + BRADDOCK AVE,near_side,nearside,1,1
7293,7293,BRADDOCK AVE + 7TH,mid_block,none,0,0
7300,7300,WHIPPLE ST + NEVADA,mid_block,none,0,0
7302,7302,WHIPPLE ST + AURELIUS,mid_block,none,0,0
7303,7303,AURELIUS ST + HARRISON,mid_block,none,0,0
7304,7304,SCHOYER AVE + TONETTE,mid_block,none,0,0
7305,7305,SCHOYER AVE + MONROE,mid_block,none,0,0
7306,7306,SCHOYER AVE + MONONGAHELA,far_side,none,0,1
7312,7312,SCHOYER AVE + TONETTE,mid_block,none,0,0
7314,7314,AURELIUS AVE + MCCLURE,mid_block,none,0,0
7315,7315,MCCLURE ST + NEVADA,mid_block,none,0,0
7320,7320,HUTCHINSON AVE + EAST END,mid_block,none,0,0
7321,7321,HUTCHINSON AVE + SAVANNAH,mid_block,none,0,0
7322,7322,SAVANNAH AVE + OVERTON,mid_block,none,0,0
7323,7323,SAVANNAH AVE + WHITNEY,mid_block,none,0,0
7324,7324,SAVANNAH AVE + BIDDLE,mid_block,none,0,0
7325,7325,SAVANNAH AVE + UNION,mid_block,none,0,0
7329,7329,SOUTH AVE + WEST,mid_block,none,0,0
733,733,WEST VIEW PARK DR + WEST VIEW TOWER,mid_block,none,0,0
7330,7330,SOUTH AVE + PITT,mid_block,none,0,0
7334,7334,PEEBLES ST + GREEN,mid_block,none,0,0
7335,7335,SAVANNAH AVE + BIDDLE,mid_block,none,0,0
7336,7336,SAVANNAH AVE + WHITNEY,mid_block,none,0,0
7337,7337,SAVANNAH AVE + OVERTON,mid_block,none,0,0
7338,7338,SAVANNAH AVE + HUTCHINSON,mid_block,none,0,0
7339,7339,HUTCHINSON AVE + BRADDOCK,mid_block,none,0,0
734,734,ROSS PARK AND RIDE AT SHELTERS (MIDDLE UPPER LOT),mid_block,none,0,0
7347,7347,BRINTON RD + #1246,mid_block,none,0,0
7348,7348,BRINTON RD + WILKINS (BRADDOCK),mid_block,none,0,0
7351,7351,ARDMORE BLVD + PARKWAY CENTER EAST,mid_block,none,0,0
7352,7352,ARDMORE BLVD + BERKLEY,near_side,nearside,1,1
7353,7353,ARDMORE BLVD + KENMORE,near_side,nearside,1,1
7354,7354,YOST BLVD + ARDMORE F S,mid_block,farside,1,0
7357,7357,BRADDOCK HILLS SHOPPING CENTER + GIANT EAGLE,mid_block,none,0,0
7374,7374,EDGEWOOD TOWNE CENTRE + TOWNE CENTRE OFFICES,mid_block,none,0,0
7376,7376,EDGEWOOD TOWNE CENTRE + DOLLAR TREE,mid_block,none,0,0
7378,7378,EDGEWOOD TOWNE CENTRE + LAUNDRY ROOM,mid_block,none,0,0
7382,7382,CHURCH ST + MONONGAHELA,near_side,nearside,1,1
7391,7391,BRADDOCK AVE + LINE,mid_block,none,0,0
7394,7394,BRADDOCK AVE + 4TH,near_side,nearside,1,1
7396,7396,BRADDOCK AVE + COREY,near_side,nearside,1,1
7399,7399,BRADDOCK AVE + 9TH,mid_block,none,0,0
7410,7410,BRINTON AVE + BOWERS,mid_block,none,0,0
7411,7411,BRINTON AVE + QUARRY,mid_block,none,0,0
7412,7412,BRINTON AVE + SHERIDAN,mid_block,none,0,0
7413,7413,BRINTON AVE + PALLAS,mid_block,none,0,0
7414,7414,PALLAS ST + WOLFE AVE,mid_block,none,0,0
7415,7415,BRINTON RD + MARY,mid_block,none,0,0
7416,7416,BRINTON RD + TURNER,mid_block,none,0,0
7418,7418,BRINTON RD + GENERAL BRADDOCK,mid_block,none,0,0
7419,7419,PRIVATE DR + BRINTON TOWERS,mid_block,none,0,0
7424,7424,BRINTON RD + YOST,mid_block,none,0,0
7426,7426,YOST BLVD + ARDMORE,mid_block,none,0,0
7429,7429,ARDMORE BLVD + SUMNER,near_side,nearside,1,1
7430,7430,ARDMORE BLVD + MARION FS,far_side,farside,1,1
7431,7431,ARDMORE BLVD + 2 PARKWAY CENTER EAST,mid_block,none,0,0
7432,7432,ARDMORE BLVD + CENTURION DR,mid_block,none,0,0
7443,7443,BRINTON RD + BRINTON MANOR,mid_block,none,0,0
7447,7447,BRINTON RD + GENERAL BRADDOCK FS,mid_block,none,0,0
7449,7449,WOLFE AVE + MARY,mid_block,none,0,0
7450,7450,WOLFE AVE + PALLAS,mid_block,none,0,0
7451,7451,PALLAS ST + BRINTON,mid_block,none,0,0
7452,7452,BRINTON AVE + SHERIDAN,mid_block,none,0,0
7453,7453,BRINTON AVE + QUARRY,mid_block,none,0,0
7454,7454,BRINTON AVE + BOWERS,mid_block,none,0,0
7455,7455,BRINTON AVE + RAVINE,mid_block,none,0,0
7466,7466,BRADDOCK AVE + LIBRARY,near_side,nearside,1,1
7467,7467,BRADDOCK AVE + TURTLE CRK MENTAL HEALTH CTR,mid_block,none,0,0
7469,7469,BRADDOCK AVE + COREY,near_side,nearside,1,1
7471,7471,BRADDOCK AVE + 4TH,near_side,nearside,1,1
7473,7473,BRADDOCK AVE + 2ND,near_side,nearside,1,1
7497,7497,WM PENN HWY + SAMS WAREHOUSE DRVWY,ambiguous,nearside,1,0
7498,7498,WM PENN HWY + PEP BOYS,near_side,nearside,1,1
7499,7499,WM PENN HWY + KINGSTON FS,far_side,farside,1,1
7500,7500,PENN CENTER BLVD + RITE AID DRVWY,mid_block,none,0,0
7501,7501,PENN CENTER BLVD + BLDG #3,mid_block,none,0,0
7502,7502,PENN CENTER BLVD + BLDG #7,mid_block,none,0,0
7503,7503,PENN CENTER BLVD + PENN TOWERS (UPPER),mid_block,none,0,0
7504,7504,PENN CENTER BLVD + PENN TOWERS (LOWER),mid_block,none,0,0
7505,7505,PENN CENTER BLVD + RODI,mid_block,none,0,0
7523,7523,MAIN ST + CENTER,mid_block,none,0,0
7524,7524,MAIN ST + FRANKLIN,mid_block,none,0,0
7526,7526,MAIN ST + MAPLE,mid_block,none,0,0
7527,7527,MAIN ST + RIDGE,mid_block,none,0,0
7529,7529,BRINTON AVE + TERRACE,mid_block,none,0,0
7530,7530,BRINTON AVE + RAVINE,mid_block,none,0,0
7533,7533,YOST BLVD + MAIN,mid_block,none,0,0
7538,7538,JONES AVE + PARKVIEW,mid_block,none,0,0
7541,7541,LIBRARY ST + BRADDOCK,near_side,nearside,1,1
7542,7542,COREY AVE + MARGARETTA,mid_block,none,0,0
7543,7543,COREY AVE + CENTER,mid_block,none,0,0
7545,7545,COREY AVE + AJAX WAY,mid_block,none,0,0
7555,7555,COREY AVE + CENTER,mid_block,none,0,0
7556,7556,COREY AVE + MILLS,mid_block,none,0,0
7557,7557,COREY AVE + BRADDOCK,near_side,nearside,1,1
7558,7558,JONES AVE + HAWKINS,mid_block,none,0,0
7559,7559,JONES AVE + MILLER,mid_block,none,0,0
7560,7560,JONES AVE + ZUERNER,mid_block,none,0,0
7564,7564,YOST BLVD + BRINTON,mid_block,none,0,0
7566,7566,WOLFE AVE + TURNER,mid_block,none,0,0
7567,7567,BRINTON AVE + TERRACE,mid_block,none,0,0
7569,7569,MAIN ST + RIDGE,mid_block,none,0,0
7570,7570,MAIN ST + HOWARD,mid_block,none,0,0
7571,7571,MAIN ST + FRANKLIN,mid_block,none,0,0
7572,7572,MAIN ST + CENTER,mid_block,none,0,0
7574,7574,BRADDOCK AVE + KEYSTONE COMMONS,mid_block,none,0,0
7576,7576,BRADDOCK AVE + PENN,mid_block,none,0,0
7590,7590,WM PENN HWY + HOME DEPOT,near_side,nearside,1,1
7591,7591,WM PENN HWY + KOHLS DRVWY,far_side,nearside,1,1
7592,20685,EXPOMART DR + WEST ENTRANCE,mid_block,none,0,0
7600,7600,LAKETON RD + NELBON,mid_block,none,0,0
7601,7601,LAKETON RD + LINDBERG,mid_block,none,0,0
7602,7602,LAKETON RD + CHURCHILL,mid_block,none,0,0
7603,7603,LAKETON RD + SOUTHERN,mid_block,none,0,0
7604,7604,LAKETON RD + HOWARD,mid_block,none,0,0
7605,7605,LAKETON RD + GRAHAM,near_side,nearside,1,1
7609,7609,LAKETON RD + TURNER,mid_block,none,0,0
7610,7610,LAKETON RD + WINTON,mid_block,none,0,0
7611,7611,LAKETON RD + TURNER SCHOOL,mid_block,none,0,0
7612,7612,LAKETON RD + #1753,mid_block,none,0,0
7613,7613,MONTIER ST + LAKETON FS,far_side,farside,1,1
7614,7614,MONTIER ST + #1823,mid_block,none,0,0
7615,7615,MONTIER ST + HERR,mid_block,none,0,0
7616,7616,MONTIER ST + BESSICA,near_side,nearside,1,1
7617,7617,MONTIER ST + #1449,mid_block,none,0,0
7618,7618,PARK AVE + SWISSVALE,near_side,nearside,1,1
7619,7619,SWISSVALE AVE + HILL,mid_block,none,0,0
7620,7620,SWISSVALE AVE + NORTH,near_side,nearside,1,1
7621,7621,WALLACE AVE + COAL,mid_block,none,0,0
7622,7622,WALLACE AVE + MILL,mid_block,none,0,0
7623,7623,WALLACE AVE + CENTER,near_side,nearside,1,1
7624,7624,WALLACE AVE + WOOD,near_side,nearside,1,1
7625,7625,HAY ST + PENN AVE,near_side,nearside,1,1
7626,7626,PENN AVE + WEST,near_side,nearside,1,1
7628,7628,PENN AVE + BRUSHTON,mid_block,none,0,0
7629,7629,PENN AVE + BRADDOCK,near_side,nearside,1,1
7630,7630,PENN AVE + CARNEGIE,near_side,nearside,1,1
7631,7631,PENN AVE + LEXINGTON,mid_block,none,0,0
7632,7632,PENN AVE + HOMEWOOD,near_side,nearside,1,1
7633,7633,PENN AVE + LANG,near_side,nearside,1,1
7635,7635,DALLAS AVE + PENHAM,mid_block,farside,1,0
7637,7637,DALLAS AVE + REYNOLDS ST,near_side,nearside,1,1
7638,7638,DALLAS AVE + EDGERTON,mid_block,none,0,0
7639,7639,WILKINS AVE + WORTH,mid_block,none,0,0
7640,7640,WILKINS AVE + #6647,mid_block,none,0,0
7641,7641,WILKINS AVE + BARNSDALE,mid_block,none,0,0
7642,7642,WILKINS AVE + BEECHWOOD,near_side,nearside,1,1
7644,7644,WILKINS AVE + WOODLAND,mid_block,none,0,0
7645,7645,WILKINS AVE + MURRAY,mid_block,none,0,0
7646,7646,WILKINS AVE + NEGLEY,near_side,nearside,1,1
7647,7647,WILKINS AVE + WIGHTMAN,near_side,nearside,1,1
7648,7648,WILKINS AVE + BELLEROCK,mid_block,none,0,0
7651,7651,BEELER ST + BEELERMONT,mid_block,none,0,0
7653,7653,BEELER ST + UNGER,mid_block,none,0,0
7654,7654,BEELER ST + FORBES,near_side,nearside,1,1
7672,7672,BEELER ST + FORBES FS,far_side,farside,1,1
7673,7673,BEELER ST + UNGER FS,mid_block,none,0,0
7675,7675,BEELER ST + BEELERMONT,mid_block,none,0,0
7676,7676,BEELER ST + #5362,mid_block,none,0,0
7678,7678,WILKINS AVE + BELLEROCK,mid_block,none,0,0
7679,7679,WILKINS AVE + WIGHTMAN,near_side,nearside,1,1
7680,7680,WILKINS AVE + NEGLEY,near_side,nearside,1,1
7681,7681,WILKINS AVE + MURRAY,mid_block,none,0,0
7682,7682,WILKINS AVE + WOODLAND,mid_block,none,0,0
7683,7683,WILKINS AVE + SHADY FS,far_side,farside,1,1
7684,7684,WILKINS AVE + BEECHWOOD,near_side,nearside,1,1
7685,7685,WILKINS AVE + BARNSDALE,mid_block,none,0,0
7686,7686,WILKINS AVE + #6640,mid_block,none,0,0
7687,7687,WILKINS AVE + WORTH,mid_block,none,0,0
7688,7688,DALLAS AVE + EDGERTON,mid_block,none,0,0
7689,7689,DALLAS AVE + REYNOLDS ST,near_side,nearside,1,1
7691,7691,DALLAS AVE + PENN,near_side,nearside,1,1
7692,7692,PENN AVE + MURTLAND,mid_block,none,0,0
7693,7693,PENN AVE + LANG,near_side,nearside,1,1
7694,7694,PENN AVE + HOMEWOOD,near_side,nearside,1,1
7695,7695,PENN AVE + LEXINGTON,mid_block,none,0,0
7697,7697,PENN AVE + BRADDOCK,near_side,nearside,1,1
7698,7698,PENN AVE + EAST END,mid_block,none,0,0
7700,7700,PENN AVE + WEST,near_side,nearside,1,1
7701,7701,SAWYER WAY + EAST BUSWAY STEPS,mid_block,none,0,0
7703,7703,ROSS AVE + CENTER,mid_block,none,0,0
7704,7704,ROSS AVE + MILL,mid_block,none,0,0
7707,7707,SWISSVALE AVE + STONER WAY,far_side,nearside,1,1
7708,7708,SWISSVALE AVE + PENN FS,far_side,farside,1,1
7709,7709,SWISSVALE AVE + NORTH,near_side,nearside,1,1
7710,7710,SWISSVALE AVE + HILL,mid_block,none,0,0
7711,7711,SWISSVALE AVE + PARK,near_side,nearside,1,1
7713,7713,MONTIER ST + #1438,mid_block,none,0,0
7714,7714,MONTIER ST + PARK,mid_block,none,0,0
7715,7715,MONTIER ST + LABELLE,mid_block,none,0,0
7716,7716,MONTIER ST + HERR,mid_block,none,0,0
7717,7717,MONTIER ST + #1824,mid_block,none,0,0
7719,7719,LAKETON RD + #1746,mid_block,none,0,0
7723,7723,LAKETON RD + TURNER,mid_block,none,0,0
7724,7724,LAKETON RD + COLLINS,mid_block,none,0,0
7725,7725,LAKETON RD + DOUGLAS PLAZA APTS,mid_block,none,0,0
7726,7726,LAKETON RD + WOODGATE,mid_block,none,0,0
7727,7727,LAKETON RD + SOUTHERN,mid_block,none,0,0
7728,7728,LAKETON RD + CHURCHILL,mid_block,none,0,0
7729,7729,LAKETON RD + LINDBERG,mid_block,none,0,0
7730,7730,LAKETON RD + #3600,mid_block,none,0,0
7751,7751,PITCAIRN-TRAFFORD RD. + CLARK,mid_block,none,0,0
7754,7754,BROADWAY BLVD + WALL,near_side,nearside,1,1
7755,7755,BROADWAY BLVD + BROADVIEW MANOR HI-RISE,mid_block,none,0,0
7756,7756,BROADWAY BLVD + MAWCO,mid_block,none,0,0
7757,7757,BROADWAY BLVD + VALLEY,mid_block,none,0,0
7762,7762,PATTON ST BRIDGE + MIDDLE,far_side,nearside,1,1
7763,7763,MIDDLE ST + MILLER,mid_block,none,0,0
7764,7764,MIDDLE ST + #526,mid_block,none,0,0
7765,7765,MIDDLE ST + MAPLE,mid_block,none,0,0
7766,7766,MIDDLE ST + #644,mid_block,none,0,0
7767,7767,MIDDLE ST + 1ST,mid_block,none,0,0
7768,7768,MIDDLE ST + 2ND,mid_block,none,0,0
7770,7770,MIDDLE ST + 4TH,mid_block,none,0,0
7772,7772,AIRBRAKE AVE + 7TH,mid_block,none,0,0
7773,7773,AIRBRAKE AVE + 9TH,mid_block,none,0,0
7775,7775,AIRBRAKE AVE + 11TH,mid_block,none,0,0
7778,7778,ELECTRIC AVE + DYNAMO WAY,mid_block,none,0,0
7780,7780,ELECTRIC AVE + OLYMPIA HALL,mid_block,none,0,0
7782,7782,ELECTRIC AVE + NORTH,mid_block,none,0,0
7785,7785,ARDMORE BLVD AT AVE B - FOREST HILLS PARK AND RIDE,near_side,nearside,1,1
7786,7786,ARDMORE BLVD + YOST,near_side,nearside,1,1
7787,7787,ARDMORE BLVD + BRADDOCK,near_side,nearside,1,1
7788,7788,ARDMORE BLVD + NEWPORT,mid_block,none,0,0
7789,7789,ARDMORE BLVD + BEVINGTON,near_side,farside,1,1
7791,7791,ARDMORE BLVD + BRYN MAWR NS,mid_block,none,0,0
7793,7793,ARDMORE BLVD + REBECCA FS,near_side,nearside,1,1
7796,7796,SOUTH AVE + SWISSVALE,near_side,nearside,1,1
7798,7798,STATION ST. + WESTINGHOUSE,mid_block,none,0,0
7799,7799,WESTINGHOUSE AVE. + COMMERCE,mid_block,none,0,0
7801,7801,STATION ST + SR CITIZEN BLDG,mid_block,none,0,0
7805,7805,REBECCA ST + ELLA,mid_block,none,0,0
7806,7806,REBECCA ST + CRAFT,mid_block,none,0,0
7807,7807,REBECCA ST + ARDMORE,near_side,nearside,1,1
7808,7808,ARDMORE BLVD + BRINTON,near_side,nearside,1,1
7810,7810,ARDMORE BLVD + LAFAYETTE,mid_block,none,0,0
7811,7811,ARDMORE BLVD + BEVINGTON FS,far_side,farside,1,1
7812,7812,ARDMORE BLVD + NEWPORT,mid_block,none,0,0
7813,7813,ARDMORE BLVD + BRADDOCK,near_side,nearside,1,1
7814,7814,ARDMORE BLVD + FAIRFAX,mid_block,none,0,0
7815,7815,ARDMORE BLVD + YOST FS,far_side,farside,1,1
7816,7816,ARDMORE BLVD OPP AVE B- FOREST HILLS PARK AND RIDE,far_side,nearside,1,1
7818,7818,ELECTRIC AVE + NORTH,mid_block,none,0,0
7820,7820,ELECTRIC AVE + GREEK CATHOLIC CHURCH,mid_block,none,0,0
7825,18517,PENN AVE + THOMPSON ST,mid_block,none,0,0
7828,7828,AIRBRAKE AVE + 11TH,mid_block,none,0,0
7830,7830,AIRBRAKE AVE + 9TH,mid_block,none,0,0
7831,7831,AIRBRAKE AVE + 7TH,mid_block,none,0,0
7832,7832,AIRBRAKE AVE + 5TH,mid_block,none,0,0
7834,7834,AIRBRAKE AVE + 3RD,mid_block,none,0,0
7835,7835,AIRBRAKE AVE + 2ND,mid_block,none,0,0
7838,7838,AIRBRAKE AVE + MILLER,mid_block,none,0,0
7839,7839,AIRBRAKE AVE + BRIDGE,mid_block,none,0,0
7840,7840,AVENUE U + WATKINS,mid_block,none,0,0
7844,7844,BROADWAY BLVD + QUARRY,mid_block,none,0,0
7847,7847,BROADWAY BLVD + MAWCO,mid_block,none,0,0
7848,7848,BROADWAY BLVD + BROADVIEW MANOR HI-RISE,mid_block,none,0,0
7849,7849,BROADWAY BLVD + WALL,near_side,nearside,1,1
7851,7851,BROADWAY BLVD + PITCAIRN PARK BLDG,mid_block,farside,1,0
7853,7853,PITCAIRN-TRAFFORD RD + CLARK,mid_block,none,0,0
7858,7858,5TH ST + CAVIT,mid_block,none,0,0
7874,7874,GRANT ST + STRAWBERRY WAY (US STEEL TOWER),ambiguous,nearside,1,0
7897,7897,WM PENN HWY + #2295,mid_block,none,0,0
7900,7900,PENN AVE + FINDLEY DR EAST,mid_block,none,0,0
7901,7901,PENN AVE + FINDLEY DR WEST (BEACON HILL),near_side,nearside,1,1
7902,7902,PENN AVE + BEACON HILL DR FS,far_side,farside,1,1
7903,7903,PENN AVE + FINDLEY DR EAST,mid_block,none,0,0
7904,7904,PENN AVE + GREENSBURG PIKE,mid_block,none,0,0
7905,7905,WM PENN HWY + GRAHAM,near_side,nearside,1,1
7906,7906,WM PENN HWY + MCCREA,mid_block,none,0,0
7907,7907,WILLIAM PENN HWY + CHURCHILL BORO BLDG,mid_block,none,0,0
7946,7946,PENN AVE + BRITTANY APTS (#1717),mid_block,none,0,0
7948,7948,PENN AVE + AMBASSADOR APTS,mid_block,none,0,0
7950,7950,PENN AVE + PRINCETON,near_side,nearside,1,1
7951,7951,PENN AVE + ANGELA,mid_block,none,0,0
7952,7952,PENN AVE + SWISSVALE (DISCH ONLY),near_side,nearside,1,1
7965,7965,PENN AVE + MIDLAND,mid_block,none,0,0
7966,7966,PENN AVE + PRINCETON,near_side,nearside,1,1
7967,7967,PENN AVE + WEBER,mid_block,none,0,0
7968,7968,PENN AVE + SUPERIOR,mid_block,none,0,0
7969,7969,PENN AVE + SUMMIT,mid_block,none,0,0
7970,7970,PENN AVE + FAIRMONT,mid_block,none,0,0
798,798,CONNIE DR + MULKERIN,mid_block,none,0,0
799,799,CONNIE DR + MERWOOD,mid_block,none,0,0
7993,7993,BEACON ST + MURRAY FS,mid_block,none,0,0
7994,7994,BEACON ST + SHADY,near_side,nearside,1,1
7996,7996,MULHATTON ST + DARLINGTON,mid_block,none,0,0
7997,7997,DARLINGTON RD + BEACON,mid_block,none,0,0
7999,7999,BEECHWOOD BLVD + FOREST GLEN,mid_block,none,0,0
8,8,RIDGE AVE + GALVESTON,mid_block,none,0,0
8004,8004,BEECHWOOD BLVD + #2530,mid_block,none,0,0
8005,8005,BEECHWOOD BLVD + FORWARD,near_side,nearside,1,1
8006,8006,BEECHWOOD BLVD + ANITA AVE (MONITOR),mid_block,none,0,0
8007,8007,BEECHWOOD BLVD + TILBURY,mid_block,none,0,0
8009,8009,TILBURY AVE + FORWARD,near_side,nearside,1,1
8010,8010,FORWARD AVE + SHADY,near_side,nearside,1,1
8011,8011,FORWARD AVE + MURRAY,ambiguous,nearside,1,0
8012,8012,POCUSSETT ST + WIGHTMAN,mid_block,none,0,0
8014,8014,WIGHTMAN ST + PHILLIPS FS,far_side,farside,1,1
8015,8015,WIGHTMAN ST + HOBART,near_side,nearside,1,1
8016,8016,WIGHTMAN ST + BEACON,near_side,nearside,1,1
8017,8017,BEACON ST + WENDOVER,mid_block,none,0,0
8019,8019,BEACON ST + #5414,mid_block,none,0,0
802,802,CONNIE DR + #110,mid_block,none,0,0
8025,8025,BLVD OF ALLIES + HALKET FS,far_side,farside,1,1
8026,8026,BLVD OF ALLIES + CRAFT,near_side,nearside,1,1
803,803,CONNIE DR + JACKS RUN,mid_block,none,0,0
8033,8033,BLVD OF ALLIES + CRAFT FS,mid_block,none,0,0
8034,8034,BLVD OF ALLIES + HALKET ST,far_side,nearside,1,1
8039,8039,BEACON ST + #5414,mid_block,none,0,0
8040,8040,BEACON ST + MURDOCH,mid_block,none,0,0
8041,8041,BEACON ST + WENDOVER,mid_block,none,0,0
8042,8042,BEACON ST + WIGHTMAN,mid_block,nearside,1,0
8043,8043,BEACON ST + MUNHALL,mid_block,none,0,0
8047,8047,BRINTON RD + BRINTON MANOR,mid_block,none,0,0
8048,8048,BRINTON RD + #1584,mid_block,none,0,0
8050,8050,BRINTON RD + RIDGE,mid_block,none,0,0
8051,8051,BRINTON RD + FAIRFAX,mid_block,none,0,0
8052,8052,BRINTON RD + BRADDOCK,mid_block,none,0,0
8053,8053,BRINTON RD + COLUMBIA,mid_block,none,0,0
8054,8054,BRINTON RD + MCKELVEY,mid_block,none,0,0
8056,8056,BRINTON RD + KINGS,mid_block,none,0,0
8057,8057,BRINTON RD + WESTINGHOUSE COMPUTER CTR,mid_block,none,0,0
8061,8061,BRINTON RD + ARDMORE,near_side,nearside,1,1
8062,8062,SOUTH AVE + COAL,mid_block,none,0,0
8065,8065,OXFORD DR + PRIMARY CARE CENTER,mid_block,none,0,0
8067,8067,MONROEVILLE BLVD + BOSSES,mid_block,none,0,0
8068,8068,MONROEVILLE BLVD + JAMISON,mid_block,none,0,0
8070,8070,MONROEVILLE BLVD + BRINTON,near_side,nearside,1,1
8071,8071,JAMES ST + JAMES ST EXT,near_side,none,0,1
8074,8074,JAMES ST + QUEEN,mid_block,none,0,0
8076,8076,JAMES ST + OHIO,mid_block,none,0,0
8077,8077,JAMES ST + HARPER,mid_block,none,0,0
8078,8078,JAMES ST + LOWER BOONE,mid_block,none,0,0
8080,8080,JAMES ST + CAROTHERS,mid_block,none,0,0
8082,8082,JAMES ST + #537,mid_block,none,0,0
8083,8083,JAMES ST + TURTLE CREEK-MONROEVILLE,mid_block,none,0,0
8085,8085,ALBERT ST + MAPLE,mid_block,none,0,0
8086,8086,MAPLE AVE + JAMES,mid_block,none,0,0
809,809,PERRYSVILLE AVE + PERRY ACADEMY,mid_block,none,0,0
8095,8095,MAPLE ST + CHARLES,mid_block,none,0,0
8096,8096,MAPLE ST + #843,mid_block,none,0,0
8099,8099,GRANT AVE + TRI-BORO,near_side,nearside,1,1
810,810,PERRYSVILLE AVE + #3835,mid_block,none,0,0
8100,8100,GRANT AVE + PENN,near_side,nearside,1,1
811,811,PERRYSVILLE AVE + SEMICIR,mid_block,none,0,0
8110,8110,BRINTON RD + #1001,mid_block,none,0,0
8111,8111,BRINTON RD + KINGS,mid_block,none,0,0
8113,8113,BRINTON RD + MCKELVEY,mid_block,none,0,0
8114,8114,BRINTON RD + COLUMBIA,mid_block,none,0,0
8115,8115,BRINTON RD + FAIRFAX,mid_block,none,0,0
8116,8116,BRINTON RD + RIDGE,mid_block,none,0,0
8118,8118,BRINTON RD + #1584,mid_block,none,0,0
8122,8122,GRANT AVE + TRI-BORO,near_side,nearside,1,1
8125,8125,MAPLE AVE + #843,mid_block,none,0,0
8126,8126,MAPLE AVE + CHARLES,mid_block,none,0,0
8127,8127,MAPLE AVE + ALBERT,mid_block,none,0,0
8128,8128,JAMES ST + TURTLE CREEK-MONROEVILLE,near_side,nearside,1,1
813,813,PERRYSVILLE AVE + CHERRYFIELD,mid_block,none,0,0
8130,8130,JAMES ST + #530,mid_block,none,0,0
8131,8131,JAMES ST + CAROTHERS,mid_block,none,0,0
8133,8133,JAMES ST + LOWER BOONE,mid_block,none,0,0
8135,8135,JAMES ST + OHIO,mid_block,none,0,0
8137,8137,JAMES ST + BUENA VISTA,mid_block,none,0,0
8139,8139,JAMES ST + QUEEN,mid_block,none,0,0
8140,8140,JAMES ST + SPEELMAN,mid_block,none,0,0
8142,8142,JAMES ST + JAMES ST EXT,near_side,none,0,1
8144,8144,MONROEVILLE BLVD + JAMISON,mid_block,none,0,0
8145,8145,MONROEVILLE BLVD + BOSSES,mid_block,none,0,0
8146,8146,OXFORD DR + RACQUET CLUB APTS,mid_block,none,0,0
815,815,PERRYSVILLE AVE + WATSON BLVD FS,mid_block,none,0,0
8153,8153,EAST BUSWAY + HAY ST RAMP OUTBOUND SHELTER,mid_block,nearside,1,0
8154,8154,EAST BUSWAY + HOMEWOOD STATION C,mid_block,busway,0,0
816,816,PERRYSVILLE AVE + #3418,mid_block,none,0,0
8160,8160,EAST BUSWAY + HOMEWOOD STATION A,mid_block,busway,0,0
8161,8161,EAST BUSWAY + EAST LIBERTY STATION C,mid_block,busway,0,0
8162,8162,EAST BUSWAY + NEGLEY STATION C,mid_block,busway,0,0
8163,8163,EAST BUSWAY + HERRON STATION C,mid_block,busway,0,0
8165,8165,EAST BUSWAY + EAST LIBERTY STATION A,mid_block,busway,0,0
8169,8169,NEVILLE ST + ELLSWORTH NS,mid_block,none,0,0
817,817,PERRYSVILLE AVE + #3358,mid_block,none,0,0
8170,8170,NEVILLE ST + BAYARD,near_side,nearside,1,1
8177,8177,NEGLEY AVE + HAMPTON,mid_block,none,0,0
8178,8178,NEGLEY AVE + WELLESLEY,mid_block,none,0,0
8179,8179,NEGLEY AVE + JACKSON,mid_block,none,0,0
818,818,PERRYSVILLE AVE + DELAWARE,mid_block,none,0,0
8180,8180,NEGLEY AVE + STANTON AVE,near_side,nearside,1,1
8181,8181,NEGLEY AVE + HAYS ST,mid_block,none,0,0
8182,8182,NEGLEY AVE + BLACK ST,near_side,nearside,1,1
8183,8183,NEGLEY AVE + MARGARETTA ST,far_side,nearside,1,1
8184,8184,NEGLEY AVE + RIPPEY ST FS,near_side,nearside,1,1
8186,8186,NEGLEY AVE + BROAD ST,mid_block,none,0,0
8188,8188,NEGLEY AVE + CORAL ST,mid_block,none,0,0
8189,8189,NEGLEY AVE + FRIENDSHIP AVE,near_side,nearside,1,1
819,819,PERRYSVILLE AVE + MARSHALL RD,mid_block,none,0,0
8190,8190,NEGLEY AVE + #370 (BAUM BLVD),mid_block,none,0,0
8191,8191,NEGLEY AVE + CENTRE,near_side,nearside,1,1
8192,8192,CENTRE AVE + GRAHAM,near_side,nearside,1,1
8193,8193,CENTRE AVE + AIKEN,near_side,nearside,1,1
8194,8194,CENTRE AVE + SHADYSIDE HOSPITAL,mid_block,none,0,0
8195,8195,CENTRE AVE + CYPRESS,near_side,nearside,1,1
8196,8196,CENTRE AVE + MOREWOOD,near_side,nearside,1,1
8197,8197,CENTRE AVE + MILLVALE,near_side,nearside,1,1
8198,8198,CENTRE AVE + MILLVALE,near_side,nearside,1,1
8199,8199,CENTRE AVE + MOREWOOD,near_side,nearside,1,1
820,820,PERRYSVILLE AVE + #3000,mid_block,none,0,0
8201,8201,CENTRE AVE + CYPRESS,near_side,nearside,1,1
8202,8202,CENTRE AVE + SHADYSIDE HOSPITAL,mid_block,none,0,0
8203,8203,CENTRE AVE + AIKEN,near_side,nearside,1,1
8204,8204,CENTRE AVE + GRAHAM,near_side,nearside,1,1
8205,8205,CENTRE AVE + NEGLEY (MARKET DISTRICT),mid_block,none,0,0
8206,8206,NEGLEY AVE + BAUM,near_side,nearside,1,1
8207,8207,NEGLEY AVE + FRIENDSHIP AVE,near_side,nearside,1,1
8208,8208,NEGLEY AVE + CORAL ST,mid_block,none,0,0
8209,8209,NEGLEY AVE + PENN AVE,near_side,nearside,1,1
821,821,PERRYSVILLE AVE + MARSHALL AVE,near_side,nearside,1,1
8210,8210,NEGLEY AVE + PENNLEY PARK APTS,mid_block,none,0,0
8211,8211,NEGLEY AVE + RURAL ST,near_side,nearside,1,1
8212,8212,NEGLEY AVE + RIPPEY ST,near_side,nearside,1,1
8213,8213,NEGLEY AVE + EAST LIBERTY BLVD,far_side,nearside,1,1
8214,8214,NEGLEY AVE + BLACK ST,near_side,nearside,1,1
8215,8215,NEGLEY AVE + HAYS ST,mid_block,none,0,0
8216,8216,NEGLEY AVE + STANTON AVE,near_side,nearside,1,1
8218,8218,NEGLEY AVE + WELLESLEY NS,mid_block,none,0,0
8219,8219,NEGLEY AVE + HAMPTON,mid_block,none,0,0
8222,8222,BRYANT ST + ST CLAIR,mid_block,none,0,0
8224,8224,TRENTON AVE + REBECCA,mid_block,none,0,0
8225,8225,TRENTON AVE + FRANKLIN,mid_block,none,0,0
8226,8226,TRENTON AVE + SOUTH,mid_block,none,0,0
8227,8227,TRENTON AVE + PENN,near_side,nearside,1,1
8229,8229,PENN AVE + LINDEN,near_side,nearside,1,1
8230,8230,PENN AVE + 5TH,near_side,nearside,1,1
8233,8233,PENN AVE + VILLAGE OF EASTSIDE SHOPPING CENTER,near_side,nearside,1,1
824,824,PERRYSVILLE AVE + ELLZEY,mid_block,none,0,0
8244,8244,ELLSWORTH AVE + MARYLAND,mid_block,none,0,0
8246,8246,ELLSWORTH AVE + NEGLEY,near_side,nearside,1,1
8249,8249,ELLSWORTH AVE + AIKEN AVE,near_side,nearside,1,1
825,825,PERRYSVILLE AVE + CHARLES,near_side,nearside,1,1
8251,8251,ELLSWORTH AVE + AMBERSON,near_side,nearside,1,1
8252,8252,ELLSWORTH AVE + MOREWOOD,near_side,nearside,1,1
8254,8254,ELLSWORTH AVE + CLYDE,mid_block,none,0,0
8256,8256,ELLSWORTH AVE + CATHEDRAL MANSIONS,mid_block,none,0,0
8258,8258,ELLSWORTH AVE + MOREWOOD,near_side,nearside,1,1
8259,8259,ELLSWORTH AVE + AMBERSON,near_side,nearside,1,1
8261,8261,ELLSWORTH AVE + AIKEN,near_side,nearside,1,1
8263,8263,ELLSWORTH AVE + FILBERT,mid_block,none,0,0
8265,8265,ELLSWORTH AVE + NEGLEY,near_side,nearside,1,1
8267,8267,ELLSWORTH AVE + MARYLAND,mid_block,none,0,0
827,827,PERRYSVILLE AVE + MCINTYRE,mid_block,none,0,0
8276,8276,PENN AVE + SHADY AVE FS (GIANT EAGLE),mid_block,none,0,0
8277,8277,PENN AVE + VILLAGE OF EASTSIDE SHOPPING CENTER,near_side,nearside,1,1
8279,8279,PENN AVE + BAKERY SQUARE,near_side,nearside,1,1
828,828,PERRYSVILLE AVE + BURGESS,mid_block,none,0,0
8280,8280,PENN AVE + 5TH,mid_block,nearside,1,0
8281,8281,PENN AVE + LINDEN,near_side,nearside,1,1
8283,8283,TRENTON AVE + PENN FS,mid_block,farside,1,0
8284,8284,TRENTON AVE + SOUTH,mid_block,none,0,0
8286,8286,WOOD ST + SOUTH,near_side,nearside,1,1
8287,8287,WOOD ST + ROSS,near_side,none,0,1
8289,8289,WOOD ST + WALLACE,near_side,nearside,1,1
8290,8290,WOOD ST + HILL,near_side,nearside,1,1
8291,8291,WOOD ST + HOLMES,mid_block,none,0,0
8292,8292,WOOD ST + SUSQUEHANNA,mid_block,none,0,0
8297,8297,HAMILTON AVE + HALE,mid_block,none,0,0
8298,8298,HAMILTON AVE + BRUSHTON,near_side,nearside,1,1
8299,8299,HAMILTON AVE + BRADDOCK,near_side,nearside,1,1
830,830,PERRYSVILLE AVE + CUTLER,mid_block,none,0,0
8300,8300,HAMILTON AVE + COLLIER,mid_block,none,0,0
8301,8301,HAMILTON AVE + STERRETT,mid_block,none,0,0
8302,8302,HAMILTON AVE + HOMEWOOD,near_side,nearside,1,1
8303,8303,HAMILTON AVE + LANG,mid_block,none,0,0
8304,8304,HAMILTON AVE + MURTLAND,mid_block,none,0,0
8305,8305,HAMILTON AVE + DALLAS,near_side,nearside,1,1
8306,8306,HAMILTON AVE + LASCHALL,mid_block,none,0,0
8307,8307,HAMILTON AVE + FIFTH AVE,mid_block,none,0,0
8308,20108,FIFTH AVE + MCPHERSON FS,far_side,farside,1,1
831,831,PERRYSVILLE AVE + LAFAYETTE,mid_block,none,0,0
8310,8310,FIFTH AVE + BEECHWOOD,near_side,nearside,1,1
8311,8311,FIFTH AVE + SHADY,near_side,nearside,1,1
8312,8312,FIFTH AVE + HIGHLAND,near_side,nearside,1,1
8314,8314,WALLACE AVE + WOOD,near_side,nearside,1,1
8316,8316,FIFTH AVE + HIGHLAND,near_side,nearside,1,1
8317,8317,FIFTH AVE + SHADY,near_side,nearside,1,1
8318,8318,FIFTH AVE + BEECHWOOD,near_side,nearside,1,1
8319,20015,FIFTH AVE + HASTINGS ST FS (PENN),mid_block,none,0,0
832,832,PERRYSVILLE AVE + WILSON AVE,mid_block,none,0,0
8320,8320,FIFTH AVE + THOMAS BLVD,mid_block,none,0,0
8324,8324,HAMILTON AVE + LASCHALL,mid_block,none,0,0
8325,8325,HAMILTON AVE + DALLAS,near_side,nearside,1,1
8326,8326,HAMILTON AVE + MURTLAND,mid_block,none,0,0
8327,8327,HAMILTON AVE + LANG,mid_block,none,0,0
8328,8328,HAMILTON AVE + HOMEWOOD,near_side,nearside,1,1
8329,8329,HAMILTON AVE + STERRETT,mid_block,none,0,0
833,833,PERRYSVILLE AVE + MCCLINTOCK,mid_block,none,0,0
8331,8331,HAMILTON AVE + COLLIER,mid_block,none,0,0
8332,8332,HAMILTON AVE + BRADDOCK,near_side,nearside,1,1
8333,8333,HAMILTON AVE + BRUSHTON,near_side,nearside,1,1
8334,8334,HAMILTON AVE + HALE,mid_block,none,0,0
8335,8335,HAMILTON AVE + MULFORD,mid_block,none,0,0
8339,8339,WOOD ST + SUSQUEHANNA FS,mid_block,none,0,0
834,834,PERRYSVILLE AVE + #1923,mid_block,none,0,0
8340,8340,WOOD ST + HOLMES,mid_block,none,0,0
8341,8341,WOOD ST + HILL,near_side,nearside,1,1
8343,8343,WOOD ST + WALLACE,near_side,nearside,1,1
835,835,PERRYSVILLE AVE + OHERN,mid_block,none,0,0
8363,8363,SHADY AVE + DOUGLAS,mid_block,none,0,0
8364,8364,SHADY AVE + BEACON,near_side,nearside,1,1
8367,8367,MURRAY AVE + AYLESBORO,mid_block,none,0,0
8368,8368,MURRAY AVE + NORTHUMBERLAND,near_side,nearside,1,1
8369,8369,MURRAY AVE + SOLWAY,mid_block,none,0,0
837,837,PERRYSVILLE AVE + FEDERAL,mid_block,none,0,0
8370,8370,MURRAY AVE + WILKINS,mid_block,none,0,0
8371,8371,REYNOLDS ST + MURTLAND,mid_block,none,0,0
8372,8372,REYNOLDS ST + LANG,mid_block,none,0,0
8374,8374,HOMEWOOD AVE + ROYCREST,mid_block,none,0,0
8375,8375,HOMEWOOD AVE + PENN,near_side,nearside,1,1
8376,8376,HOMEWOOD AVE + THOMAS,near_side,nearside,1,1
8377,8377,HOMEWOOD AVE + FINANCE (BUSWAY),mid_block,none,0,0
8378,8378,HOMEWOOD AVE + HAMILTON,near_side,nearside,1,1
8379,8379,HOMEWOOD AVE + KELLY,near_side,nearside,1,1
8380,8380,HOMEWOOD AVE + BENNETT,near_side,nearside,1,1
8382,8382,HOMEWOOD AVE + RACE,mid_block,none,0,0
8384,8384,HOMEWOOD AVE + HERMITAGE,mid_block,none,0,0
8386,8386,HOMEWOOD AVE + MT VERNON,mid_block,none,0,0
839,839,FEDERAL ST + ALPINE,mid_block,none,0,0
8396,8396,LARIMER AVE + APPLE,mid_block,none,0,0
8397,8397,LARIMER AVE + DEAN,mid_block,none,0,0
8398,8398,DEAN ST + PAULSON,mid_block,none,0,0
840,840,FEDERAL ST + SAMPSONIA,mid_block,none,0,0
8400,8400,PAULSON AVE + BRAINARD,mid_block,none,0,0
8401,8401,PAULSON AVE + OLIVANT,mid_block,none,0,0
8402,8402,PAULSON AVE + LEMINGTON,mid_block,none,0,0
8403,8403,LEMINGTON AVE + WARDSONS,mid_block,none,0,0
8405,8405,WARDSONS RD + WILTSIE,mid_block,none,0,0
8406,8406,WILTSIE RD + #6903,mid_block,none,0,0
8407,8407,HIGHLAND DR + JOB CORPS DR,mid_block,none,0,0
8418,8418,WILTSIE RD + #6903,mid_block,none,0,0
8419,8419,WILTSIE RD + WARDSONS,mid_block,none,0,0
842,842,WEST VIEW PARK DR + PERRY,near_side,nearside,1,1
8421,8421,WARDSONS RD + LEMINGTON,mid_block,none,0,0
8422,8422,LEMINGTON AVE + PAULSON,mid_block,none,0,0
8423,8423,LEMINGTON AVE + LINCOLN,near_side,nearside,1,1
8424,8424,LEMINGTON AVE + WESTMORELAND,mid_block,none,0,0
8425,8425,LEMINGTON AVE + #7249,mid_block,none,0,0
8426,8426,LEMINGTON AVE + OBERLIN,mid_block,none,0,0
8428,8428,OBERLIN ST + MINGO,mid_block,none,0,0
843,843,CENTER AVE + TOWNSHIP RD,mid_block,none,0,0
8433,8433,EVERTON ST + SILVERTON ST,mid_block,none,0,0
8440,8440,OBERLIN ST + OAKDENE,mid_block,none,0,0
8441,8441,OBERLIN ST + LEMINGTON,mid_block,none,0,0
8442,8442,LEMINGTON AVE + #7249,mid_block,none,0,0
8443,8443,LEMINGTON AVE + WESTMORELAND,mid_block,none,0,0
8444,8444,LEMINGTON AVE + LINCOLN,near_side,nearside,1,1
8445,8445,LEMINGTON AVE + PAULSON,mid_block,none,0,0
8446,8446,PAULSON AVE + OLIVANT,mid_block,none,0,0
8447,8447,PAULSON AVE + BRAINARD,mid_block,none,0,0
8448,8448,PAULSON AVE + NAVARRO,mid_block,none,0,0
8449,8449,PAULSON AVE + DEAN,mid_block,none,0,0
845,845,CENTER AVE + #360,mid_block,none,0,0
8450,8450,DEAN ST + LARIMER,mid_block,none,0,0
8451,8451,LARIMER AVE + APPLE,mid_block,none,0,0
8452,8452,LARIMER AVE + DEARY,mid_block,none,0,0
8461,8461,HOMEWOOD AVE + MT VERNON,mid_block,none,0,0
8462,8462,HOMEWOOD AVE + HERMITAGE,mid_block,none,0,0
8463,8463,HOMEWOOD AVE + RACE,mid_block,none,0,0
8464,8464,HOMEWOOD AVE + FRANKSTOWN,near_side,nearside,1,1
8465,8465,HOMEWOOD AVE + BENNETT,near_side,nearside,1,1
8466,8466,HOMEWOOD AVE + KELLY,near_side,nearside,1,1
8467,8467,HOMEWOOD AVE + HAMILTON,near_side,nearside,1,1
8469,8469,HOMEWOOD AVE + THOMAS,near_side,nearside,1,1
847,847,CENTER AVE + RIDGEWOOD (STEPS),mid_block,none,0,0
8470,8470,HOMEWOOD AVE + PENN,near_side,nearside,1,1
8471,8471,HOMEWOOD AVE + ROYCREST,mid_block,none,0,0
8472,8472,HOMEWOOD AVE + REYNOLDS,mid_block,none,0,0
8473,8473,REYNOLDS ST + LANG,mid_block,none,0,0
8474,8474,REYNOLDS ST + MURTLAND,mid_block,none,0,0
8475,8475,REYNOLDS ST + DALLAS,near_side,nearside,1,1
8477,8477,MURRAY AVE + SOLWAY ST,mid_block,none,0,0
848,848,CENTER AVE + OAKWOOD,mid_block,none,0,0
8483,8483,SHADY AVE + DOUGLAS,mid_block,none,0,0
8486,8486,TILBURY AVE + NICHOLSON,mid_block,none,0,0
8487,8487,TILBURY AVE + FORWARD,near_side,nearside,1,1
849,849,CENTER AVE + FRANKFORT AVE,mid_block,none,0,0
8505,8505,GREENFIELD AVE + HAZELWOOD,mid_block,none,0,0
8509,8509,BIGELOW ST + TESLA,mid_block,none,0,0
851,851,CENTER AVE + PARK,mid_block,none,0,0
8510,8510,BIGELOW ST + MCCASLIN,mid_block,none,0,0
8511,8511,BIGELOW ST + WINTERBURN,mid_block,none,0,0
8512,8512,WINTERBURN AVE + CONNOR,mid_block,none,0,0
8513,8513,WINTERBURN AVE + FARNSWORTH,mid_block,none,0,0
8515,8515,WINTERBURN AVE + MINNESOTA,mid_block,none,0,0
8519,8519,BEECHWOOD BLVD + #3911,mid_block,none,0,0
852,852,CENTER AVE + PERRYSVILLE RD,mid_block,none,0,0
8520,8520,BEECHWOOD BLVD + #3825,mid_block,none,0,0
8524,8524,BEECHWOOD BLVD + LILAC,near_side,nearside,1,1
8526,8526,MURRAY AVE + LORETTA,mid_block,none,0,0
8528,8528,SHADY AVE + SOLWAY,mid_block,none,0,0
8529,8529,SHADY AVE + NORTHUMBERLAND,near_side,nearside,1,1
853,853,CEDAR AVE + SUISMON ST,mid_block,none,0,0
8530,8530,SHADY AVE + AYLESBORO,mid_block,none,0,0
8531,8531,SHADY AVE + FORBES,near_side,nearside,1,1
8533,8533,LARIMER AVE + SHETLAND,mid_block,none,0,0
8534,8534,LARIMER AVE + WINSLOW,mid_block,none,0,0
8536,8536,LARIMER AVE + MAYFLOWER,mid_block,none,0,0
8537,8537,LARIMER AVE + AUBURN,near_side,none,0,1
8539,8539,HIGHLAND AVE + VINTAGE SR CENTER,mid_block,none,0,0
8542,8542,EAST LIBERTY BLVD + HAMILTON AVE,near_side,nearside,1,1
8543,8543,EAST LIBERTY BLVD + FRANKSTOWN AVE,near_side,nearside,1,1
8553,8553,LARIMER AVE + DEARY,mid_block,none,0,0
8564,8564,NEGLEY AVE + WALNUT,near_side,nearside,1,1
8566,8566,NEGLEY AVE + ELLSWORTH,near_side,nearside,1,1
8578,8578,CRAIG ST + BIGELOW BLVD,near_side,nearside,1,1
8579,8579,BIGELOW BLVD + BLOOMFLD BRDGE FS,mid_block,none,0,0
858,858,JACKS RUN RD + YORK DR,mid_block,none,0,0
8580,8580,BIGELOW BLVD + FINLAND ST,mid_block,none,0,0
8581,8581,BIGELOW BLVD + HARDING WAY,mid_block,none,0,0
8582,8582,BIGELOW BLVD + HERRON AVE FS,near_side,farside,1,1
859,859,JACKS RUN RD + CONNIE,mid_block,none,0,0
8591,8591,BIGELOW BLVD + HARDING WAY,mid_block,none,0,0
8593,8593,BIGELOW BLVD + BLOOMFIELD BRIDGE,far_side,nearside,1,1
860,860,JACKS RUN RD EXT + YORK,mid_block,none,0,0
8624,8624,CENTRE AVE + MILLER,mid_block,none,0,0
8626,8626,CENTRE AVE + HELDMAN,mid_block,none,0,0
8627,8627,CENTRE AVE + DINWIDDIE,near_side,nearside,1,1
8637,8637,BENTLEY DR + KIRKPATRICK,mid_block,none,0,0
8642,8642,WADSWORTH ST + ROBINSON,mid_block,none,0,0
8648,8648,ROBINSON ST + ALLEQUIPPA,mid_block,none,0,0
8649,8649,ALLEQUIPPA ST + DARRAGH,near_side,nearside,1,1
8650,8650,ALLEQUIPPA ST + SUTHERLAND (PETERSEN CTR),mid_block,none,0,0
8653,8653,ALLEQUIPPA ST + SUTHERLAND DR FS,mid_block,none,0,0
8654,8654,ALLEQUIPPA ST + DARRAGH,near_side,nearside,1,1
8660,8660,BENTLEY DR + KIRKPATRICK FS,mid_block,none,0,0
8662,8662,BENTLEY DR + NIGH WAY,mid_block,none,0,0
8666,8666,ELMORE ST + ROSE ST,mid_block,none,0,0
8667,8667,ROSE ST + KIRKPATRICK,mid_block,none,0,0
8668,8668,KIRKPATRICK ST + CENTRE,near_side,nearside,1,1
8669,8669,CENTRE AVE + ELMORE,mid_block,none,0,0
8670,8670,CENTRE AVE + ERIN,mid_block,none,0,0
8671,8671,CENTRE AVE + DEVILLIERS,near_side,nearside,1,1
8673,8673,CENTRE AVE + HELDMAN,mid_block,none,0,0
8674,8674,CENTRE AVE + ROBERTS,mid_block,none,0,0
8676,8676,CENTRE AVE + PROTECTORY PL,mid_block,none,0,0
8677,8677,CENTRE AVE + CRAWFORD,near_side,nearside,1,1
8685,8685,ORION ST + MILWAUKEE,mid_block,none,0,0
8686,8686,MILWAUKEE ST + BRYN MAWR,mid_block,none,0,0
8687,8687,MILWAUKEE ST + HERRON,mid_block,none,0,0
8707,8707,DEVILLIERS ST + WYLIE AVE,mid_block,none,0,0
8708,8708,DEVILLIERS ST + WEBSTER AVE,mid_block,none,0,0
8711,8711,BEDFORD AVE + DEVILLIERS,mid_block,none,0,0
8713,8713,BEDFORD AVE + MANILLA,mid_block,none,0,0
8714,8714,BEDFORD AVE + MERCER,mid_block,none,0,0
873,873,FEDERAL ST + NORTH AVE FS,far_side,farside,1,1
8732,8732,BEDFORD AVE + KIRKPATRICK,mid_block,none,0,0
8739,8739,BEDFORD AVE + MERCER,mid_block,none,0,0
8745,8745,DEVILLIERS ST + WYLIE AVE,mid_block,none,0,0
8748,8748,ROBERTS ST + CENTER AVE,mid_block,none,0,0
875,875,FEDERAL ST + HENDERSON,mid_block,none,0,0
8763,8763,WEBSTER AVE + MCNEIL,mid_block,none,0,0
8764,8764,WEBSTER AVE + ORION,mid_block,none,0,0
8769,8769,CENTRE AVE + JUNILLAT ST STEPS FS,mid_block,none,0,0
877,877,PERRYSVILLE AVE + #1664,mid_block,none,0,0
8770,8770,CENTRE AVE + WATT,mid_block,none,0,0
8771,8771,CENTRE AVE + FRANCIS,near_side,nearside,1,1
8772,8772,CENTRE AVE + MORGAN,mid_block,none,0,0
8773,8773,CENTRE AVE + ROBINSON ST EXT,near_side,farside,1,1
8777,8777,S 20TH ST + E CARSON,near_side,nearside,1,1
8780,8780,CENTRE AVE + KIRKPATRICK,near_side,nearside,1,1
8781,8781,CENTRE AVE + SOHO,near_side,none,0,1
8782,8782,CENTRE AVE + REED,near_side,farside,1,1
8783,8783,CENTRE AVE + AVALON,mid_block,none,0,0
8784,8784,CENTRE AVE + ALLEQUIPPA,near_side,farside,1,1
8785,8785,CENTRE AVE + BRYN MAWR,far_side,farside,1,1
8786,8786,CENTRE AVE + BIGELOW,near_side,nearside,1,1
8788,8788,CENTRE AVE + CRAIG ST,near_side,nearside,1,1
8789,8789,CENTRE AVE + #5743,mid_block,none,0,0
879,879,PERRYSVILLE AVE + OHERN,mid_block,none,0,0
8794,8794,FRANKSTOWN AVE + LINCOLN AVE,near_side,nearside,1,1
8795,8795,LINCOLN AVE + MAYFLOWER ST (#408),mid_block,none,0,0
8796,8796,LINCOLN AVE + MEADOW,near_side,nearside,1,1
8797,8797,LINCOLN AVE + SHETLAND,near_side,nearside,1,1
8798,8798,LINCOLN AVE + RENFREW,mid_block,none,0,0
8799,8799,LINCOLN AVE + ATWELL,mid_block,none,0,0
880,880,PERRYSVILLE AVE + #1923,mid_block,none,0,0
8801,8801,LINCOLN AVE + UPLAND,mid_block,none,0,0
8803,8803,LINCOLN AVE + APPLE,mid_block,none,0,0
8804,8804,LINCOLN AVE + ARBOR,mid_block,none,0,0
8805,8805,LINCOLN AVE + VASSAR,mid_block,none,0,0
8806,8806,LINCOLN AVE + LEMINGTON,near_side,nearside,1,1
8807,8807,LINCOLN AVE + CHURCHLAND,mid_block,none,0,0
8808,8808,LINCOLN AVE + WILTSIE,mid_block,none,0,0
8809,8809,LINCOLN AVE + JOSHUA,mid_block,none,0,0
881,881,PERRYSVILLE AVE + LANGLEY,mid_block,none,0,0
8810,8810,LINCOLN AVE + LEMINGTON HOME DRVWY,mid_block,none,0,0
8811,8811,LINCOLN AVE + CAMPANIA,mid_block,none,0,0
8812,8812,LINCOLN AVE + LINCOLN LOOP,mid_block,none,0,0
8819,8819,MT CARMEL RD + HIGHLANDVIEW,mid_block,none,0,0
8822,8822,MT CARMEL RD + ELK,mid_block,none,0,0
8824,8824,MT CARMEL RD + PERSHING,mid_block,none,0,0
8825,8825,MT CARMEL RD + FAYBERN,mid_block,none,0,0
8826,8826,CALMAR DR + MT CARMEL FS,mid_block,none,0,0
8827,8827,CALMAR DR + #220,mid_block,none,0,0
8828,8828,MARK DR + CALMAR FS,mid_block,none,0,0
8829,8829,MARK DR + #7843,mid_block,none,0,0
883,883,PERRYSVILLE AVE + WILSON AVE,mid_block,none,0,0
8830,8830,MARK DR + #7865,mid_block,none,0,0
8831,8831,MARK DR + #7915,mid_block,none,0,0
8832,8832,MARK DR + GROVE,mid_block,none,0,0
8833,8833,GROVE RD + SUNCREST,mid_block,none,0,0
8834,8834,GROVE RD + WESTMINSTER,mid_block,none,0,0
8835,8835,GROVE RD + SELVIN,mid_block,none,0,0
8836,8836,GROVE RD + CHASKE,mid_block,none,0,0
8838,8838,CHASKE ST + CROSS,mid_block,none,0,0
8839,8839,CHASKE ST + #8168,mid_block,none,0,0
884,884,PERRYSVILLE AVE + CLAYTON,mid_block,none,0,0
8840,8840,CHASKE ST + BRAMBLE,mid_block,none,0,0
8841,8841,CHASKE ST + WESTMINSTER,mid_block,none,0,0
8843,8843,ABER RD + HARVEST,mid_block,none,0,0
8844,8844,ABER RD + #8141,mid_block,none,0,0
8845,8845,ABER RD + #8077,mid_block,none,0,0
8846,8846,ABER RD + GROVE,mid_block,none,0,0
8847,8847,ABER RD + URBAN,mid_block,none,0,0
885,885,PERRYSVILLE AVE + LAFAYETTE,mid_block,none,0,0
8859,8859,LINCOLN AVE + CAMPANIA,mid_block,none,0,0
886,886,PERRYSVILLE AVE + KOERNER,mid_block,none,0,0
8860,8860,LINCOLN AVE + LEMINGTON HOME DRVWY,mid_block,none,0,0
8861,8861,LINCOLN AVE + JOSHUA,mid_block,none,0,0
8862,8862,LINCOLN AVE + WILTSIE,mid_block,none,0,0
8863,8863,LINCOLN AVE + CHURCHLAND,mid_block,none,0,0
8864,8864,LINCOLN AVE + LEMINGTON,near_side,nearside,1,1
8865,8865,LINCOLN AVE + MANNING,mid_block,none,0,0
8866,8866,LINCOLN AVE + ARBOR,mid_block,none,0,0
8867,8867,LINCOLN AVE + APPLE,mid_block,none,0,0
8868,8868,LINCOLN AVE + CHAUCER,near_side,nearside,1,1
8869,8869,LINCOLN AVE + ROWAN,mid_block,none,0,0
887,887,PERRYSVILLE AVE + BURGESS,mid_block,none,0,0
8870,8870,LINCOLN AVE + LYRIC,mid_block,none,0,0
8872,8872,LINCOLN AVE + RENFREW,mid_block,none,0,0
8873,8873,LINCOLN AVE + SHETLAND,near_side,nearside,1,1
8874,8874,LINCOLN AVE + MEADOW,near_side,nearside,1,1
8875,8875,LINCOLN AVE + #409,mid_block,none,0,0
8876,8876,LINCOLN AVE + FRANKSTOWN,mid_block,none,0,0
8877,8877,FRANKSTOWN AVE + PAULSON AVE,mid_block,none,0,0
8878,8878,EAST LIBERTY BLVD + HAMILTON AVE,near_side,nearside,1,1
8879,8879,EAST LIBERTY BLVD + DAHLEM PL,near_side,nearside,1,1
888,888,PERRYSVILLE AVE + MCINTYRE,mid_block,none,0,0
8880,8880,EAST LIBERTY BLVD + PENN AVE,near_side,nearside,1,1
8881,8881,PENN AVE + SHERIDAN AVE,mid_block,none,0,0
8882,8882,PENN AVE + HIGHLAND AVE,near_side,nearside,1,1
8888,8888,CENTRE AVE + #5803,mid_block,none,0,0
8889,8889,CENTRE AVE + NEGLEY,near_side,nearside,1,1
8890,8890,CENTRE AVE + DITHRIDGE,mid_block,none,0,0
8891,8891,CENTRE AVE + BIGELOW,mid_block,nearside,1,0
8892,8892,CENTRE AVE + BRYN MAWR,near_side,nearside,1,1
8893,8893,CENTRE AVE + ALLEQUIPPA,far_side,nearside,1,1
8894,8894,CENTRE AVE + EWART,mid_block,none,0,0
8895,8895,CENTRE AVE + HERRON,near_side,nearside,1,1
8896,8896,CENTRE AVE + MORGAN,mid_block,none,0,0
8897,8897,CENTRE AVE + FRANCIS,near_side,nearside,1,1
8898,8898,CENTRE AVE + WATT,mid_block,none,0,0
8899,8899,CENTRE AVE + JUNILLA,mid_block,nearside,1,0
890,890,PERRYSVILLE AVE + CHARLES,near_side,nearside,1,1
8900,8900,CENTRE AVE + CHAUNCEY,mid_block,none,0,0
8901,8901,CENTRE AVE + SOHO,near_side,none,0,1
8902,8902,CENTRE AVE + KIRKPATRICK,near_side,nearside,1,1
8909,8909,WOOD ST + MOOSEHEART,mid_block,none,0,0
891,891,PERRYSVILLE AVE + ELLZEY,mid_block,none,0,0
8910,8910,OAKWOOD ST + INGLENOOK,mid_block,none,0,0
8913,8913,OAKWOOD ST + BENNETT,near_side,nearside,1,1
893,893,PERRYSVILLE AVE + KENNEDY,mid_block,none,0,0
8930,8930,MT CARMEL RD + PERSHING,mid_block,none,0,0
8931,8931,MT CARMEL + MASON RD,mid_block,none,0,0
8932,8932,MT CARMEL RD + TYLER,mid_block,none,0,0
8934,8934,MT CARMEL RD + HIGHLAND VIEW,mid_block,none,0,0
8935,8935,VERONA BLVD + RUNNETTE,mid_block,none,0,0
8937,8937,VERONA BLVD + LINCOLN,mid_block,none,0,0
894,894,PERRYSVILLE AVE + MARSHALL AVE,far_side,nearside,1,1
8943,8943,WILNER DR + BRACEY,mid_block,none,0,0
8944,8944,WILNER DR + #2258,mid_block,none,0,0
8945,8945,WILNER DR + EAST HILLS DR,mid_block,none,0,0
895,895,PERRYSVILLE AVE + #3000,mid_block,none,0,0
8953,9162,PARK HILL DR + EAST HILLS DR,mid_block,none,0,0
8956,8956,FRANKSTOWN RD + EASTWOOD RD,near_side,nearside,1,1
896,896,PERRYSVILLE AVE + WATSON BLVD,mid_block,none,0,0
8960,8960,MT CARMEL RD + ABER,mid_block,none,0,0
8961,8961,MT CARMEL RD + CALMAR,mid_block,none,0,0
8963,8963,MT CARMEL RD + FAYBERN,mid_block,none,0,0
897,897,PERRYSVILLE AVE + DELAWARE,mid_block,none,0,0
8979,8979,CLARISSA ST + LYON,mid_block,none,0,0
898,898,PERRYSVILLE AVE + #3358,mid_block,none,0,0
8980,8980,CLARISSA ST + CAMP,mid_block,none,0,0
899,899,PERRYSVILLE AVE + #3436,mid_block,none,0,0
900,900,PERRYSVILLE AVE + WATSON BLVD,mid_block,none,0,0
9002,9002,ADELAIDE ST + MILWAUKEE,mid_block,none,0,0
9007,9007,BEDFORD AVE + CHAUNCEY DR,mid_block,none,0,0
9010,9010,BEDFORD AVE + SOMERS ST,mid_block,none,0,0
9011,9011,BEDFORD AVE + MEMORY LN,mid_block,none,0,0
9016,9016,ROBINSON ST + ELLERS,mid_block,none,0,0
9017,9017,ROBINSON ST + TERRACE,mid_block,none,0,0
9018,9018,TERRACE ST + DUNSEITH,mid_block,none,0,0
9019,9019,TERRACE ST + CHESTERFIELD,mid_block,none,0,0
902,902,PERRYSVILLE AVE + CHERRYFIELD,mid_block,none,0,0
9020,9020,TERRACE ST + DARRAGH,near_side,nearside,1,1
9021,9021,DARRAGH ST + VICTORIA,mid_block,none,0,0
9022,9022,DARRAGH ST + FIFTH,near_side,nearside,1,1
9023,9023,FORBES AVE + MEYRAN,near_side,nearside,1,1
9024,9024,FORBES AVE + OAKLAND,near_side,nearside,1,1
9028,9028,DESOTO ST + OHARA,near_side,nearside,1,1
9030,9030,TERRACE ST + DARRAGH,near_side,nearside,1,1
9031,9031,TERRACE ST + CHESTERFIELD,mid_block,none,0,0
9032,9032,TERRACE ST + ROBINSON,mid_block,none,0,0
9034,9034,ROBINSON ST + ALLEQUIPPA,mid_block,none,0,0
904,904,PERRYSVILLE AVE + RICHEY,mid_block,none,0,0
9044,9044,BEDFORD AVE + WATT LANE,mid_block,none,0,0
9049,9049,BEDFORD AVE + HERRON AVE,near_side,nearside,1,1
905,905,PERRYSVILLE AVE + #3820,mid_block,none,0,0
9057,9057,ADELAIDE ST + CAMP,mid_block,none,0,0
906,906,PERRYSVILLE AVE + EAST ST,near_side,nearside,1,1
9074,20865,CRAFT AVE + HAMLET,mid_block,none,0,0
9099,9099,ROBINSON BLVD + SUNRISE,mid_block,none,0,0
9102,9102,FRANKSTOWN RD + OVERBROOK RD,mid_block,none,0,0
9103,9103,FRANKSTOWN RD + #8881,mid_block,none,0,0
9104,9104,FRANKSTOWN RD + WOODS RD,near_side,nearside,1,1
9105,9105,FRANKSTOWN AVE + WILKINSBURG AVE,mid_block,none,0,0
9106,9106,FRANKSTOWN AVE + STANDARD AVE,near_side,nearside,1,1
9109,9109,FRANKSTOWN AVE + OAKWOOD ST,mid_block,none,0,0
9110,9110,FRANKSTOWN AVE + BRUSHTON AVE,near_side,nearside,1,1
9111,9111,FRANKSTOWN AVE + BRADDOCK AVE,mid_block,nearside,1,0
9112,9112,FRANKSTOWN AVE + COLLIER ST,near_side,nearside,1,1
9113,9113,FRANKSTOWN AVE + STERRETT ST,mid_block,none,0,0
9114,9114,FRANKSTOWN AVE + HOMEWOOD AVE,near_side,nearside,1,1
9115,9115,FRANKSTOWN AVE + LANG AVE NS,near_side,nearside,1,1
9116,9116,FRANKSTOWN AVE + MURTLAND ST,near_side,nearside,1,1
9117,9117,FRANKSTOWN AVE + EAST VIEW ST,near_side,nearside,1,1
9119,9119,FRANKSTOWN AVE + LASCHALL ST,mid_block,none,0,0
9120,9120,FRANKSTOWN AVE + WASHINGTON BLVD,near_side,nearside,1,1
9121,9121,FRANKSTOWN AVE + FINLEY ST NS,mid_block,none,0,0
9122,9122,FRANKSTOWN AVE + JULIUS ST,mid_block,none,0,0
9123,9123,FRANKSTOWN AVE + LINCOLN AVE,mid_block,nearside,1,0
9125,19060,NEGLEY AVE + PENN AVE FS,far_side,farside,1,1
9127,9127,LIBERTY AVE + GROSS,mid_block,none,0,0
9128,9128,PENN AVE + BEATTY ST,mid_block,none,0,0
913,913,CONNIE DR + #110,mid_block,none,0,0
9130,9130,FRANKSTOWN AVE + PUTNAM ST,mid_block,none,0,0
9131,9131,FRANKSTOWN AVE + JULIUS ST,mid_block,none,0,0
9132,19094,FRANKSTOWN AVE + FINLEY ST FS,mid_block,none,0,0
9133,9133,FRANKSTOWN AVE + 5TH AVE,near_side,nearside,1,1
9134,9134,FRANKSTOWN AVE + LASCHALL ST,mid_block,none,0,0
9135,9135,FRANKSTOWN AVE + INWOOD ST,mid_block,none,0,0
9136,9136,FRANKSTOWN AVE + BENNETT ST FS,far_side,farside,1,1
9137,9137,FRANKSTOWN AVE + MURTLAND ST,near_side,nearside,1,1
9138,9138,FRANKSTOWN AVE + LANG AVE,near_side,nearside,1,1
9139,9139,FRANKSTOWN AVE + HOMEWOOD HOUSE,mid_block,none,0,0
9140,9140,FRANKSTOWN AVE + HOMEWOOD AVE,near_side,nearside,1,1
9141,9141,FRANKSTOWN AVE + STERRETT ST,mid_block,none,0,0
9142,9142,FRANKSTOWN AVE + COLLIER ST,near_side,nearside,1,1
9143,9143,FRANKSTOWN AVE + BRADDOCK AVE,near_side,nearside,1,1
9144,9144,FRANKSTOWN AVE + BRUSHTON AVE,near_side,nearside,1,1
9145,9145,FRANKSTOWN AVE + OAKWOOD ST,mid_block,none,0,0
9149,9149,FRANKSTOWN AVE + DORNBUSH ST,mid_block,none,0,0
9152,9152,FRANKSTOWN RD + WOODS RD,near_side,nearside,1,1
9153,9153,FRANKSTOWN RD + EYMARD ST FS,mid_block,none,0,0
9155,9155,FRANKSTOWN RD + ROBINSON BLVD NS,mid_block,none,0,0
916,916,CONNIE DR + MERWOOD,mid_block,none,0,0
9164,9164,EAST HILLS DR + #2220,mid_block,none,0,0
9166,9166,WILNER DR + #2278,mid_block,none,0,0
9167,9167,WILNER DR + BRACEY,mid_block,none,0,0
9168,9168,WILNER DR + ROBINSON,mid_block,none,0,0
9169,9169,ROBINSON BLVD + SUNRISE,mid_block,none,0,0
917,917,CONNIE DR + MULKERIN,mid_block,none,0,0
9172,9172,PENN AVE + NEGLEY,mid_block,nearside,1,0
9175,9175,PENN AVE + AIKEN,near_side,nearside,1,1
9176,9176,PENN AVE + ATLANTIC,near_side,nearside,1,1
9177,9177,PENN AVE + EVALINE,near_side,nearside,1,1
9183,9183,PENN AVE + 44TH (CHILDRENS HOSPITAL),near_side,nearside,1,1
9184,9184,PENN AVE + MAIN,near_side,nearside,1,1
9185,9185,PENN AVE + 44TH (CHILDRENS HOSPITAL),near_side,nearside,1,1
919,919,CONNIE DR + OLD CONNIE,mid_block,none,0,0
9198,9198,OAKWOOD ST + KELLY,mid_block,none,0,0
920,920,CONNIE DR + PERRY,near_side,nearside,1,1
9200,9200,OAKWOOD ST + INGLENOOK FS,mid_block,none,0,0
9201,9201,OAKWOOD ST + TIOGA,mid_block,none,0,0
9212,9212,ATLANTIC AVE + BROAD,mid_block,none,0,0
9214,9214,ATLANTIC AVE + ROSETTA,mid_block,none,0,0
9215,9215,HILLCREST ST + ATLANTIC,mid_block,none,0,0
9217,9217,COLUMBO ST + PACIFIC,mid_block,none,0,0
9219,9219,COLUMBO ST + SCHENLEY,mid_block,none,0,0
922,922,CENTER AVE + PERRYSVILLE,mid_block,none,0,0
9220,9220,SCHENLEY AVE + PACIFIC AVE,mid_block,none,0,0
9224,9224,BLACK ST + AIKEN,mid_block,none,0,0
9225,9225,BLACK ST + CHISLETT,near_side,nearside,1,1
9226,9226,BLACK ST + NEGLEY,near_side,nearside,1,1
9228,9228,EAST LIBERTY BLVD + EUCLID,ambiguous,nearside,1,0
9233,9233,EAST LIBERTY BLVD + HIGHLAND,mid_block,none,0,0
9234,9234,EAST LIBERTY BLVD + EUCLID,near_side,nearside,1,1
9235,9235,EAST LIBERTY BLVD + NEGLEY,near_side,nearside,1,1
9236,9236,BLACK ST + NEGLEY FS,mid_block,none,0,0
9237,9237,BLACK ST + CHISLETT,near_side,nearside,1,1
9242,9242,SCHENLEY AVE + PACIFIC,mid_block,none,0,0
9246,9246,COLUMBO ST + PACIFIC AVE,mid_block,none,0,0
9248,9248,ATLANTIC AVE + HILLCREST,mid_block,none,0,0
9249,9249,HILLCREST ST + FANNELL,mid_block,none,0,0
925,925,CENTER AVE + FRANKFORT AVE,mid_block,none,0,0
9251,9251,HILLCREST ST + AIKEN,mid_block,none,0,0
9252,9252,AIKEN AVE + ROSETTA,mid_block,none,0,0
9253,9253,AIKEN AVE + KINCAID,mid_block,none,0,0
9255,9255,AIKEN AVE + PENN,near_side,nearside,1,1
9257,9257,5TH AVE + HAMILTON,near_side,nearside,1,1
9259,9259,56TH ST + BUTLER,near_side,nearside,1,1
926,926,CENTER AVE + OAKWOOD,mid_block,none,0,0
9260,9260,BUTLER ST + 55TH ST,near_side,nearside,1,1
9261,9261,BUTLER ST + 54TH ST,near_side,nearside,1,1
9262,9262,BUTLER ST + MCCANDLESS AVE,near_side,nearside,1,1
9263,9263,BUTLER ST + 52ND ST,near_side,nearside,1,1
9264,9264,STANTON AVE + BUTLER ST FS,far_side,farside,1,1
9268,9268,STANTON AVE + 52ND,mid_block,none,0,0
927,927,CENTER AVE + RIDGEWOOD (STEPS),mid_block,none,0,0
9270,9270,STANTON AVE + STEPS FS,mid_block,none,0,0
9273,9273,STANTON AVE + #4340,mid_block,none,0,0
9274,19445,STANTON AVE + MCCANDLESS AVE NS,mid_block,none,0,0
9275,9275,STANTON AVE + WOODBINE,mid_block,none,0,0
9283,9283,STANTON AVE + CHISLETT ST,near_side,nearside,1,1
9284,9284,STANTON AVE + HETHS,mid_block,none,0,0
9285,9285,STANTON AVE + NEGLEY,near_side,nearside,1,1
9286,9286,STANTON AVE + MELLON ST,mid_block,none,0,0
9288,9288,STANTON AVE + EUCLID AVE,mid_block,none,0,0
929,929,CENTER AVE + HAWTHORNE,mid_block,none,0,0
9297,9297,STANTON AVE + EUCLID AVE,mid_block,none,0,0
9299,9299,STANTON AVE + MELLON ST,mid_block,none,0,0
9301,9301,STANTON AVE + HETHS,mid_block,none,0,0
9302,9302,STANTON AVE + HIGHVIEW,mid_block,none,0,0
9303,9303,STANTON AVE + CHISLETT ST,near_side,nearside,1,1
9304,9304,STANTON AVE + JANCEY,mid_block,none,0,0
931,931,CENTER AVE + TOWNSHIP,mid_block,none,0,0
9322,9322,STANTON AVE + CARNEGIE,mid_block,none,0,0
9324,9324,BUTLER ST + 52ND ST,near_side,nearside,1,1
9325,9325,BUTLER ST + MCCANDLESS AVE,near_side,nearside,1,1
9326,9326,BUTLER ST + 54TH ST,near_side,nearside,1,1
9327,9327,BUTLER ST + 55TH ST,near_side,nearside,1,1
9329,9329,FREEPORT RD + MAIN ENTRANCE (WATERWORKS),near_side,nearside,1,1
9330,9330,BAKER ST + GALLATIN,mid_block,none,0,0
9331,9331,JANCEY ST + GAEL WAY,mid_block,none,0,0
9332,9332,JANCEY ST + #1853,mid_block,none,0,0
9333,9333,JANCEY ST + GREENWOOD,mid_block,none,0,0
9334,9334,JANCEY ST + MARTHA,mid_block,none,0,0
9335,9335,JANCEY ST + VILSACK,mid_block,none,0,0
9336,9336,JANCEY ST + VETTER,mid_block,none,0,0
9337,9337,JANCEY ST + BRYANT,mid_block,none,0,0
9338,9338,JANCEY ST + HAMPTON,mid_block,none,0,0
9339,9339,JANCEY ST + WELLESLEY,mid_block,none,0,0
9340,9340,JANCEY ST + STANTON,mid_block,none,0,0
9342,9342,EAST LIBERTY BLVD + BROAD,near_side,nearside,1,1
9346,9346,CHISLETT ST + HAMPTON,mid_block,none,0,0
9347,9347,CHISLETT ST + BRYANT,mid_block,none,0,0
9348,9348,CHISLETT ST + VETTER,mid_block,none,0,0
9349,9349,CHISLETT ST + VILLANOVA,mid_block,none,0,0
9350,9350,CHISLETT ST + MARTHA,mid_block,none,0,0
9351,9351,CHISLETT ST + GREENWOOD,mid_block,none,0,0
9352,9352,GREENWOOD ST + JANCEY,mid_block,none,0,0
9353,9353,JANCEY ST + #1842,mid_block,none,0,0
9355,9355,BAKER ST + GALLATIN,mid_block,none,0,0
9356,9356,WATERWORKS MALL + GIANT EAGLE,mid_block,none,0,0
9361,9361,OLD FREEPORT RD + POST OFFICE,mid_block,none,0,0
9364,9364,BROWNSVILLE RD + MEADOWBROOK BLVD,mid_block,none,0,0
9368,9368,BROWNSVILLE RD + KAUFMANN AVE,mid_block,none,0,0
9373,9373,BROWNSVILLE RD + PARK DR,mid_block,none,0,0
9375,9375,BROWNSVILLE RD + E GARDEN RD,mid_block,none,0,0
9377,9377,BROWNSVILLE RD OPP BRENTWOOD LOOP,mid_block,none,0,0
9379,9379,BROWNSVILLE RD + STEWART AVE,mid_block,none,0,0
9380,9380,BROWNSVILLE RD + SANKEY AVE,near_side,nearside,1,1
9414,9414,HWY RT 51 + CLOVERLEAF TOWERS,mid_block,none,0,0
9416,9416,HWY RT 51 + GRACE,near_side,nearside,1,1
9417,9417,HWY RT 51 + STREETS RUN RD,near_side,nearside,1,1
9419,9419,HWY RT 51 + NURNBERGER,far_side,farside,1,1
9421,9421,HWY RT 51 + BEALL,near_side,nearside,1,1
9423,9423,HWY RT 51 + STILLEY,mid_block,none,0,0
9424,9424,HWY RT 51 + BROWNSVILLE,near_side,nearside,1,1
9425,9425,RADFORD RD + WILLOCK (OPP 7-11),mid_block,none,0,0
9426,9426,PROSPECT RD + COLTER,mid_block,none,0,0
9427,9427,PROSPECT RD + ABBOTT,mid_block,none,0,0
9428,9428,PROSPECT RD + GIESE,mid_block,none,0,0
9430,9430,PROSPECT RD + WAINWRIGHT,mid_block,none,0,0
9431,9431,PROSPECT RD + BAUMAN,mid_block,none,0,0
9432,18679,PROSPECT RD AT STILLEY RD,mid_block,none,0,0
9433,9433,STILLEY RD + HWY RT 51,mid_block,none,0,0
944,944,CEDAR AVE + PRESSLEY ST,mid_block,none,0,0
9447,9447,MOUNTAINVIEW DR + GREASE MONKEY,mid_block,none,0,0
9451,9451,MOUNTAINVIEW DR + HOME DEPOT,mid_block,none,0,0
9453,9453,REGIS AVE EXT + HOME DEPOT,near_side,none,0,1
9537,9537,BROWNSVILLE RD + STEWART AVE,mid_block,none,0,0
9541,9541,BROWNSVILLE RD + W GARDEN RD,mid_block,none,0,0
9543,9543,BROWNSVILLE RD + HILLSON AVE FS,mid_block,none,0,0
9545,9545,BROWNSVILLE RD + HILLMAN ST,mid_block,none,0,0
9547,9547,BROWNSVILLE RD + KAUFMAN AVE FS,mid_block,none,0,0
9554,9554,PROSPECT RD + STILLEY FS,mid_block,none,0,0
9555,9555,PROSPECT RD + BAUMAN,mid_block,none,0,0
9556,9556,PROSPECT RD + WAINWRIGHT,mid_block,none,0,0
9558,9558,PROSPECT RD + GIESE,mid_block,none,0,0
9559,9559,PROSPECT RD + ABBOTT,mid_block,none,0,0
9560,9560,PROSPECT RD + COLTER,mid_block,none,0,0
9561,9561,PROSPECT RD + E WILLOCK,mid_block,none,0,0
9587,9587,HWY RT 51 + STILLEY,mid_block,none,0,0
9588,9588,HWY RT 51 + GLEN ELM,near_side,nearside,1,1
9589,9589,HWY RT 51 + BEALL,near_side,nearside,1,1
959,959,CHARLES ST + SHELTON,mid_block,none,0,0
9590,9590,HWY RT 51 + BOROUGH PARK,near_side,nearside,1,1
9591,9591,HWY RT 51 + MAXWELL FS,mid_block,none,0,0
9592,9592,HWY RT 51 + STREETS RUN RD,near_side,nearside,1,1
9593,20645,HWY RT 51 + GRACE,near_side,nearside,1,1
9594,9594,HWY RT 51 + IRWIN,near_side,nearside,1,1
9596,9596,HWY RT 51 + CLOVERLEAF TOWERS,mid_block,none,0,0
960,960,CHARLES ST + NORWOOD,mid_block,none,0,0
9606,9606,HWY RT 51 + SOUTHLAND SHOPPING CENTER ENTRANCE,near_side,nearside,1,1
9607,9607,HWY RT 51 + SOUTH MALL ENTRANCE DR,near_side,nearside,1,1
961,961,CHARLES ST + LINWOOD,mid_block,none,0,0
9611,9611,MOUNTAINVIEW DR + HOME DEPOT,mid_block,none,0,0
9613,9613,CENTURY DR+ SAMS CLUB DRWY,mid_block,none,0,0
9616,9616,MOUNTAINVIEW DR + GREASE MONKEY,mid_block,none,0,0
9618,9618,LEBANON RD + NOBLE DR,ambiguous,nearside,1,0
9622,9622,BROWNSVILLE RD + CURRY,mid_block,none,0,0
963,963,WILSON AVE + CHESTER,mid_block,none,0,0
964,964,WILSON AVE + BURGESS,mid_block,none,0,0
9647,9647,HWY RT 51 + STEWART,near_side,nearside,1,1
9648,9648,HWY RT 51 + #2790,mid_block,none,0,0
9649,9649,HWY RT 51 + #2850,mid_block,none,0,0
965,965,WILSON AVE + DRUM,mid_block,none,0,0
9651,9651,HWY RT 51 + #3500,mid_block,none,0,0
9652,9652,HWY RT 51 + DELCO,near_side,nearside,1,1
9653,9653,HWY RT 51 + #4040,near_side,nearside,1,1
966,966,WILSON AVE + PERRYSVILLE,mid_block,none,0,0
9664,9664,KNOEDLER RD + BROWNSVILLE,mid_block,none,0,0
9665,9665,KNOEDLER RD + KEEPORT(UNI MART),mid_block,none,0,0
967,967,HENDERSON ST + CARRIE,mid_block,none,0,0
9673,9673,BROWNSVILLE RD + HALLOW HAVEN,mid_block,none,0,0
9675,9675,BROWNSVILLE RD + STREETS RUN RD FS,far_side,farside,1,1
9677,9677,BROWNSVILLE RD + FELIX,mid_block,none,0,0
968,968,WARREN ST + CATOMA,mid_block,none,0,0
9680,9680,BROWNSVILLE RD + CARLYN,mid_block,none,0,0
9681,9681,BROWNSVILLE RD + MCANULTY,mid_block,none,0,0
9684,9684,BROWNSVILLE RD + BAPTIST FS,far_side,farside,1,1
969,969,CATOMA ST + LANARK,mid_block,none,0,0
9695,9695,HWY RT 51 + #2859,mid_block,none,0,0
970,970,MEADVILLE ST + BELLEAU,mid_block,none,0,0
9700,9700,HWY RT 51 + BRENTWOOD TOWN SQUARE,mid_block,none,0,0
9701,9701,HWY RT 51 + TOWNE SQUARE WAY,near_side,nearside,1,1
9702,9702,HWY RT 51 + MARYLEA,near_side,nearside,1,1
9704,9704,HWY RT 51 + GREENLEE,near_side,nearside,1,1
9705,9705,PROVOST RD + BARLIND,mid_block,none,0,0
9706,9706,PROVOST RD + BRIGHTVIEW,mid_block,none,0,0
9707,9707,PROVOST RD + WHITEHALL COUNTRY CLUB,mid_block,none,0,0
972,972,MEADVILLE ST + RISING MAIN,mid_block,none,0,0
973,973,RISING MAIN AVE + LANARK,mid_block,none,0,0
9733,9733,HWY RT 51 + PETCO DRIVEWAY,mid_block,none,0,0
9736,9736,HWY RT 51 + GLENBURN,near_side,nearside,1,1
9737,9737,HWY RT 51 + OLD LEBANON CHURCH,near_side,nearside,1,1
9740,9740,CURRY HOLLOW RD + ARBOR,near_side,nearside,1,1
9754,9754,BROWNSVILLE RD + MCANULTY,mid_block,none,0,0
9755,9755,BROWNSVILLE RD + CARLYN,mid_block,none,0,0
9758,9758,BROWNSVILLE RD + FELIX,mid_block,none,0,0
9761,9761,BROWNSVILLE RD + STREETS RUN,near_side,nearside,1,1
9765,9765,KEEPORT + YOUNGRIDGE,mid_block,none,0,0
9766,9766,KEEPORT + #5402,mid_block,none,0,0
9767,9767,KEEPORT + TRAVIS,mid_block,none,0,0
977,977,HAZELTON ST + SUFFOLK,mid_block,none,0,0
978,978,WURZELL AVE + BURGESS,mid_block,none,0,0
979,979,BRULE ST + MAGNET,mid_block,none,0,0
9791,9791,HWY RT 51 + OLD CLAIRTON FS,far_side,farside,1,1
980,980,HAZELTON ST + CHARLES,mid_block,none,0,0
9800,9800,COCHRAN MILLS RD + #985,mid_block,none,0,0
9807,9807,CURRY HOLLOW RD + ARBOR,near_side,nearside,1,1
9808,9808,CURRY HOLLOW RD + GREEN,near_side,nearside,1,1
981,981,CHARLES ST + PERRYSVILLE,near_side,nearside,1,1
9810,9810,HWY RT 51 + GLENBURN,near_side,nearside,1,1
9813,9813,HWY RT 51 + PEP BOYS,near_side,nearside,1,1
9814,9814,MAPLE DR + SKYLINE,mid_block,none,0,0
9815,9815,HWY RT 51 + OLD CLAIRTON,mid_block,none,0,0
9816,9816,RADFORD RD + BEVAN,mid_block,none,0,0
9827,9827,PRIVATE ROADWAY + STATION SQUARE STATION,near_side,busway,0,1
983,983,HENDERSON ST + FOUNTAIN,mid_block,none,0,0
984,984,HENDERSON ST + SANDUSKY CT,mid_block,none,0,0
9845,9845,DESIDERIO BLVD + WASHINGTON,mid_block,none,0,0
9846,9846,DESIDERIO BLVD + JEFFERSON,mid_block,none,0,0
9847,9847,7TH ST + WORTHINGTON AVE FS,near_side,nearside,1,1
9848,9848,ST CLAIR AVE + 6TH,mid_block,none,0,0
9849,9849,ST CLAIR AVE + 5TH,near_side,nearside,1,1
985,985,HENDERSON ST + JAMES ST STEPS,mid_block,none,0,0
9851,9851,ST CLAIR AVE + 3RD,mid_block,none,0,0
9853,9853,ST CLAIR AVE + STATE,mid_block,none,0,0
9857,9857,STATE ST + MAPLE AVE,near_side,nearside,1,1
9865,9865,OHIO AVE + WALL,mid_block,none,0,0
9868,9868,MONONGAHELA AVE + 8TH ST,mid_block,none,0,0
9870,9870,MONONGAHELA AVE + 6TH ST,near_side,nearside,1,1
9892,9892,LYSLE BLVD + MCKEESPORT TRANSP CTR,near_side,nearside,1,1
9894,9894,LYSLE BLVD + SENIOR CARE PLAZA,mid_block,none,0,0
9896,9896,LYSLE BLVD + CENTER,near_side,nearside,1,1
9897,9897,LYSLE BLVD + EVANS,near_side,nearside,1,1
9898,9898,LYSLE BLVD + 5TH,mid_block,nearside,1,0
9899,9899,5TH AVE + PIRL,mid_block,none,0,0
9900,9900,MATHIAS ST + QUARRY ST,mid_block,none,0,0
9915,9915,LYSLE BLVD + EVANS,near_side,nearside,1,1
9916,9916,LYSLE BLVD + CENTER,near_side,nearside,1,1
9917,9917,LYSLE BLVD + COURSIN,near_side,nearside,1,1
9920,18195,LYSLE BLVD + LOCUST,mid_block,none,0,0
9922,9922,LYSLE BLVD + MARKET,near_side,nearside,1,1
9950,9950,STATE ST + WALNUT,near_side,nearside,1,1
9957,9957,STATE ST + FRANCIS AVE,mid_block,none,0,0
9960,9960,ST CLAIR AVE + STATE,far_side,farside,1,1
9962,9962,ST CLAIR AVE + 3RD,mid_block,none,0,0
9963,9963,ST CLAIR AVE + MILLER,near_side,nearside,1,1
9964,9964,ST CLAIR AVE + 5TH,near_side,nearside,1,1
9965,9965,ST CLAIR AVE + 6TH,mid_block,none,0,0
9968,9968,DESIDERIO BLVD + WASHINGTON,mid_block,none,0,0
9969,9969,DESIDERIO BLVD + SOLTIS,mid_block,none,0,0
9971,9971,CENTURY HOMES + TURNAROUND,mid_block,none,0,0
9974,9974,LEBANON CHURCH RD + PLEASANT HILLS BLVD,mid_block,none,0,0
9978,9978,BROWNSVILLE RD + CHURCHVIEW AVE,mid_block,none,0,0
9980,9980,BROWNSVILLE RD + CLIFTON BLVD,mid_block,none,0,0
9982,9982,BROWNSVILLE RD + #2347,mid_block,none,0,0
9984,9984,BROWNSVILLE RD + PARKFIELD ST,near_side,nearside,1,1
9985,9985,BROWNSVILLE RD + WOODFORD AVE,mid_block,none,0,0
9987,9987,BROWNSVILLE RD + E AGNEW RD,mid_block,none,0,0
9988,9988,BROWNSVILLE RD + CRAILO AVE,near_side,nearside,1,1
9989,9989,BROWNSVILLE RD + W CHERRYHILL ST,mid_block,none,0,0
9990,9990,BROWNSVILLE RD + E MEYERS AVE,mid_block,none,0,0
9991,9991,BROWNSVILLE RD + THE BOULEVARD,mid_block,none,0,0
9993,9993,BROWNSVILLE RD + NOBLES LN,near_side,nearside,1,1
9994,9994,BROWNSVILLE RD + WYNOKA ST,mid_block,none,0,0
9996,9996,BROWNSVILLE RD + MCKINLEY ST,near_side,nearside,1,1
9997,9997,BROWNSVILLE RD + WALNUT ST FS,mid_block,none,0,0
9998,9998,S 18TH ST + MISSION ST,near_side,nearside,1,1
