stop_id,stop_name,stop_lat,stop_lon,classification,signal_dist_m,shape_id
10,STEEL PLAZA STATION,40.439562,-79.995332,mid_block,NaN,shp-RED-51
100,WILLOW STATION,40.365469,-80.026193,mid_block,NaN,shp-SLVR-01
10005,KEEPORT DR + YOUNGRIDGE,40.340754,-79.981175,mid_block,NaN,shp-Y47-52
10016,BROWNSVILLE RD + NOBLES LN,40.403958,-79.99023,near_side,16.121788088363182,shp-51-58
10018,BROWNSVILLE RD + THE BOULEVARD,40.401127,-79.989317,mid_block,NaN,shp-51-58
10019,BROWNSVILLE RD + E MEYERS AVE,40.399887,-79.989153,mid_block,NaN,shp-51-58
10022,BROWNSVILLE RD + CRAILO AVE,40.39672,-79.987743,near_side,7.587101144937177,shp-51-58
10023,BROWNSVILLE RD + AGNEW RD,40.39514,-79.98683,mid_block,NaN,shp-51-58
10025,BROWNSVILLE RD + WOODFORD AVE,40.393302,-79.986562,mid_block,NaN,shp-51-58
10026,BROWNSVILLE RD + PARKFIELD ST,40.391477,-79.986685,near_side,17.967344575193454,shp-51-58
10027,BROWNSVILLE RD + OVERBROOK BLVD,40.389384,-79.985526,mid_block,NaN,shp-51-58
10028,BROWNSVILLE RD + #2336,40.38819,-79.984822,mid_block,NaN,shp-51-58
10029,BROWNSVILLE RD + BISCAYNE DR,40.387436,-79.984055,near_side,30.3403369662931,shp-51-58
10030,BROWNSVILLE RD + CLIFTON BLVD,40.38683,-79.981846,mid_block,NaN,shp-51-58
10032,BROWNSVILLE RD + CHURCHVIEW AVE,40.385858,-79.979016,mid_block,NaN,shp-51-58
10033,BROWNSVILLE RD + MAYTIDE ST,40.384581,-79.978009,near_side,21.18178578155664,shp-51-58
10035,LEBANON CHURCH RD + OTT DR FS,40.342936,-79.964138,mid_block,NaN,shp-51-58
10038,LEBANON CHURCH RD + REGIS AVE,40.347555,-79.952147,near_side,41.423733621052236,shp-51-58
1007,CENTER AVE + COLUMBIA AVE FS,40.520193,-80.041974,mid_block,NaN,shp-13-54
10075,HWY RT 885 + HAMPTON RD,40.327536,-79.931088,mid_block,NaN,shp-55-53
10078,HWY RT 885 + LEWIS RUN,40.332344,-79.933663,near_side,25.91163528386103,shp-Y49-01
1008,CENTER AVE + BRONX AVE,40.520542,-80.039529,mid_block,NaN,shp-13-54
1009,CENTER AVE + CHALFONTE AVE,40.520324,-80.038181,mid_block,NaN,shp-13-54
101,WILLOW STATION,40.365186,-80.026632,mid_block,NaN,shp-SLVR-51
1010,CENTER AVE + WAVERLY AVE,40.517416,-80.035841,mid_block,NaN,shp-13-54
1011,CENTER AVE + PERRY HWY,40.518114,-80.031798,near_side,9.765124663337776,shp-13-54
10115,LEBANON CHURCH RD + BOMBARDIER,40.346247,-79.957045,near_side,22.41096109075152,shp-51-08
10120,MIFFLIN RD + SLATE,40.381351,-79.927594,mid_block,NaN,shp-56-03
10127,E CARSON ST + 27TH ST,40.427077,-79.966831,near_side,14.468761062052891,shp-75-55
10128,E CARSON ST + 26TH,40.427492,-79.96821,near_side,19.91754972891445,shp-75-55
10129,SOUTH CAMPUS DRVWY + LIBRARY ENTRANCE,40.330153,-79.923501,mid_block,NaN,shp-55-53
1013,CENTER AVE + PERRY HWY FS (STEPS),40.518018,-80.032448,mid_block,NaN,shp-13-02
10130,HWY RT 885 + GORDENS,40.335958,-79.936625,mid_block,NaN,shp-Y49-01
10131,HWY RT 885 + HUSTON,40.338381,-79.937652,mid_block,NaN,shp-Y49-01
10144,HWY RT 51 + PRIMANTI BROTHERS,40.323893,-79.943333,mid_block,NaN,shp-Y46-01
10147,FOURTH AVE + PPG ENTRANCE,40.440204,-80.003579,mid_block,NaN,shp-57-52
1015,CENTER AVE + WAVERLY AVE,40.517462,-80.035564,mid_block,NaN,shp-13-02
10157,BALDWIN ST + HOLY ANGEL SCHOOL,40.387721,-79.932638,mid_block,NaN,shp-56-52
10158,BALDWIN ST + RAMP ST BRIDGE,40.386967,-79.932676,mid_block,NaN,shp-56-52
10159,MIFFLIN RD + HAYS SCHOOL,40.382969,-79.929993,mid_block,NaN,shp-56-52
1016,CENTER AVE + CHALFONTE AVE,40.520224,-80.037876,mid_block,NaN,shp-13-02
10160,MIFFLIN RD + #669,40.381897,-79.928452,mid_block,NaN,shp-56-52
1018,CENTER AVE + COLUMBIA AVE FS,40.520235,-80.042286,mid_block,NaN,shp-13-02
1019,CENTER AVE + CORNELL AVE,40.519643,-80.043542,mid_block,NaN,shp-13-02
10197,HWY RT 885 + SPARTZ DR,40.328124,-79.931677,mid_block,NaN,shp-55-04
102,BON AIR STATION,40.408156,-80.003178,mid_block,NaN,shp-SLVR-01
10214,HWY RT 885 + HUSTON,40.338258,-79.937829,mid_block,NaN,shp-Y49-52
10215,HWY RT 885 + GORDENS,40.335938,-79.936816,mid_block,NaN,shp-Y49-52
10222,HWY RT 51 + PRIMANTI BROTHERS,40.324586,-79.943816,mid_block,NaN,shp-Y46-52
10246,WALNUT ST + LINDEN,40.314624,-79.829663,mid_block,NaN,shp-60-16
10248,WALNUT ST + #4913,40.316331,-79.832916,mid_block,NaN,shp-60-16
10249,WALNUT ST + LARCH FS,40.318385,-79.834048,mid_block,NaN,shp-60-16
10251,WALNUT ST + GRANT,40.319932,-79.835255,mid_block,NaN,shp-60-16
10252,OLYMPIA DRIVEWAY AT LIFE SPAN,40.322249,-79.834844,mid_block,NaN,shp-60-16
10254,WALNUT ST + #3800,40.325893,-79.839409,mid_block,NaN,shp-60-16
10255,WALNUT ST + EDEN PARK FS,40.327762,-79.840427,far_side,48.48934875005283,shp-60-16
10258,WALNUT ST + 33RD FS,40.330177,-79.842326,mid_block,NaN,shp-60-16
10259,WALNUT ST + 31ST FS,40.330952,-79.843547,mid_block,NaN,shp-60-16
10260,WALNUT ST + 30TH FS,40.331936,-79.845149,mid_block,NaN,shp-60-16
10262,WALNUT ST + 28TH,40.332712,-79.846427,near_side,17.759866644692455,shp-60-16
10263,WALNUT ST + 27TH FS,40.33357,-79.847826,mid_block,NaN,shp-60-16
10265,WALNUT ST + 25TH FS,40.334711,-79.849731,mid_block,NaN,shp-60-16
10266,WALNUT ST + CP INDUSTRIES,40.335701,-79.851522,mid_block,NaN,shp-60-16
10267,WALNUT ST + SUNOCO STATION,40.336469,-79.852917,mid_block,NaN,shp-60-16
10271,WALNUT ST + 12TH,40.343472,-79.863172,mid_block,NaN,shp-60-16
103,BON AIR STATION,40.407736,-80.003113,mid_block,NaN,shp-SLVR-51
10364,WALNUT ST + 9TH,40.347303,-79.864216,near_side,27.647668362915727,shp-60-16
10370,WALNUT ST + 13TH,40.342472,-79.86224,mid_block,NaN,shp-60-16
10371,WALNUT ST + 14TH,40.341186,-79.860977,mid_block,NaN,shp-60-16
10372,WALNUT ST + 15TH FS,40.339546,-79.859517,mid_block,NaN,shp-60-16
10373,WALNUT ST + SUNOCO STATION,40.336416,-79.852997,mid_block,NaN,shp-60-16
10374,WALNUT ST + CP INDUSTRIES,40.335656,-79.851621,far_side,43.73339060918117,shp-60-16
10375,WALNUT ST + 25TH,40.33455,-79.849625,mid_block,NaN,shp-60-16
10377,WALNUT ST + 28TH,40.332788,-79.846717,near_side,15.682396376127668,shp-60-16
10378,WALNUT ST + #2906,40.331945,-79.845342,mid_block,NaN,shp-60-16
10380,WALNUT ST + 33RD,40.329979,-79.842189,mid_block,NaN,shp-60-16
10382,WALNUT ST + EDEN PARK,40.327422,-79.840363,far_side,14.774013624870577,shp-60-16
10383,WALNUT ST + #3800,40.325772,-79.839474,mid_block,NaN,shp-60-16
10384,WALNUT ST + LONG RUN,40.324179,-79.839157,mid_block,NaN,shp-60-16
10386,WALNUT ST + GRANT,40.319853,-79.835293,mid_block,NaN,shp-60-16
10388,WALNUT ST + LARCH,40.318261,-79.834106,mid_block,NaN,shp-60-16
10389,WALNUT ST + WORTHINGTON,40.316427,-79.833302,mid_block,NaN,shp-60-16
10390,WALNUT ST + CENTER,40.315688,-79.831718,near_side,25.077339825254686,shp-60-16
10391,WALNUT ST + LINDEN,40.314645,-79.829811,mid_block,NaN,shp-60-16
104,OVERBROOK JUNCTION,40.365906,-80.027101,mid_block,NaN,shp-RED-01
1043,BABCOCK BLVD + THOMPSON,40.510838,-79.993691,near_side,37.30938418106193,shp-O5-56
1044,THOMPSON RUN RD + RADCLIFFE,40.517544,-79.993546,mid_block,NaN,shp-O5-56
1045,THOMPSON RUN RD + WOODBRIDGE DR,40.518309,-79.992907,mid_block,NaN,shp-O5-56
1046,THOMPSON RUN RD + #218,40.519772,-79.991928,mid_block,NaN,shp-O5-56
10464,WALNUT ST + 5TH,40.350901,-79.864903,near_side,12.739463912449684,shp-60-16
1047,THOMPSON RUN RD + MILLER,40.522286,-79.990921,mid_block,NaN,shp-O5-56
1048,THOMPSON RUN RD + LOIRE VALLEY,40.524227,-79.988714,mid_block,NaN,shp-O5-56
105,OVERBROOK JUNCTION,40.365888,-80.027136,mid_block,NaN,shp-RED-51
1050,THOMPSON RUN RD + SIEBERT,40.528952,-79.990181,mid_block,NaN,shp-O5-56
10518,LONG RUN RD + SUNSET,40.335058,-79.811558,mid_block,NaN,shp-P76-65
1052,THOMPSON RUN RD + ABARD,40.531605,-79.990242,mid_block,NaN,shp-O5-56
1053,THOMPSON RUN RD + HODIL,40.534733,-79.990341,mid_block,NaN,shp-O5-56
1055,THOMPSON RUN RD + CHERRINGTON,40.536466,-79.990282,mid_block,NaN,shp-O5-56
10550,EDEN PARK BLVD + MCKEESPORT HIGH SCHOOL DRVWY,40.344907,-79.830532,mid_block,NaN,shp-56-52
10552,EDEN PARK BLVD + MAYFAIR,40.343353,-79.829344,mid_block,NaN,shp-56-52
1056,THOMPSON RUN RD + BERKLEY MEADOWS,40.538152,-79.98993,mid_block,NaN,shp-O5-56
1057,THOMPSON RUN RD + WHITE OAK,40.541928,-79.992309,mid_block,NaN,shp-O5-56
10579,VERSAILLES AVE + CRAIG,40.345079,-79.839339,mid_block,NaN,shp-60-16
1058,THOMPSON RUN RD + SUTTER,40.543215,-79.99336,mid_block,NaN,shp-O5-56
10582,VERSAILLES AVE + HAMILTON,40.345428,-79.844212,mid_block,NaN,shp-60-16
10583,VERSAILLES AVE + MAPLE,40.345531,-79.845792,mid_block,NaN,shp-60-16
10584,VERSAILLES AVE + PACKER,40.345661,-79.84771,mid_block,NaN,shp-60-16
10585,VERSAILLES AVE + EVANS,40.345863,-79.849266,near_side,9.988109069307892,shp-60-16
10588,EVANS AVE + COLFAX,40.348013,-79.849425,mid_block,NaN,shp-60-16
1059,AMITY DR + SUTTER,40.543755,-79.992481,mid_block,NaN,shp-O5-56
10592,MCKEESPORT TRANSPORTATION CENTER + BAY #4,40.352267,-79.861248,mid_block,NaN,shp-P7-13
10593,LONG RUN RD + COOLSPRINGS,40.332924,-79.813602,near_side,13.118035898463528,shp-P76-65
1060,AMITY DR + BLAZE,40.544802,-79.993181,mid_block,NaN,shp-O5-56
1061,AMITY DR + #212,40.545857,-79.994511,mid_block,NaN,shp-O5-56
1062,AMITY DR + LINGAY,40.547461,-79.994557,mid_block,NaN,shp-O5-56
10628,EDEN PARK BLVD + VICTORY DR,40.345673,-79.830978,mid_block,NaN,shp-56-03
10629,EDEN PARK BLVD + ONEIL,40.347419,-79.832327,near_side,29.9279922626495,shp-56-03
1063,AMITY DR + CARRIAGE HILL,40.548927,-79.996315,mid_block,NaN,shp-O5-56
1066,MCINTYRE DR + CHARTERWOOD,40.551776,-80.000555,mid_block,NaN,shp-O5-56
10666,MCCLEARY ST + FORD,40.346224,-79.838546,mid_block,NaN,shp-60-16
10667,MCCLEARY ST + VERSAILLES,40.345069,-79.838679,mid_block,NaN,shp-60-16
10668,EVANS AVE + LAMONT,40.346713,-79.849343,mid_block,NaN,shp-60-16
1068,LAURELWOOD DR + FENWICK,40.552144,-80.00226,mid_block,NaN,shp-O5-56
1069,LAURELWOOD DR + #126,40.551855,-80.005049,mid_block,NaN,shp-O5-56
1070,LAURELWOOD DR + ENNERDALE,40.551525,-80.006574,mid_block,NaN,shp-O5-56
10700,LINCOLN HWY + LINCOLN SQ SR CITIZEN HOME,40.38737,-79.828141,mid_block,NaN,shp-55-53
1071,REMINGTON DR + #210,40.552584,-80.00739,mid_block,NaN,shp-O5-56
1072,REMINGTON DR + WALDWICK,40.553924,-80.00741,mid_block,NaN,shp-O5-56
1073,REMINGTON DR + BALMORAL #1,40.554954,-80.007464,mid_block,NaN,shp-O5-56
1074,REMINGTON DR + REGENCY,40.555956,-80.007523,mid_block,NaN,shp-O5-56
10748,LINCOLN HWY + LINCOLN SQ SR CITIZEN HOME,40.386925,-79.827746,mid_block,NaN,shp-55-04
1075,REMINGTON DR + BALMORAL #2,40.55821,-80.008644,mid_block,NaN,shp-O5-56
1077,REMINGTON DR + HAZLETT,40.559823,-80.010634,mid_block,NaN,shp-O5-56
1078,REMINGTON DR + PEEBLES,40.561295,-80.012953,near_side,13.991134972208265,shp-O5-56
10815,W 5TH AVE + RAMP #1,40.349985,-79.871699,near_side,33.319896569875745,shp-56-52
10828,WALNUT ST + 9TH,40.346976,-79.864033,near_side,14.266833912574782,shp-60-16
1083,HEMLOCK DR + SAMPLE FS,40.576425,-79.978994,mid_block,NaN,shp-O5-08
10831,WALNUT ST + 7TH,40.349058,-79.864512,mid_block,NaN,shp-60-16
1085,HEMLOCK DR + #4424,40.578872,-79.980699,mid_block,NaN,shp-O5-08
10881,DUQUESNE BLVD + CENTER,40.36365,-79.842881,near_side,10.425407736958325,shp-61C-01
10884,2ND ST + KENNEDY,40.371792,-79.846339,mid_block,NaN,shp-61C-01
10885,2ND ST + GRANT,40.37303,-79.846878,mid_block,NaN,shp-61C-01
10886,GRANT AVE + 1ST,40.373374,-79.845977,mid_block,NaN,shp-61C-01
10888,DUQUESNE BLVD + OAKMONT,40.380765,-79.855038,mid_block,NaN,shp-61C-01
10889,DUQUESNE BLVD + FAIRMONT,40.382068,-79.856386,mid_block,NaN,shp-61C-01
10890,DUQUESNE BLVD + COMMONWEALTH,40.382941,-79.857302,near_side,15.407464163615279,shp-61C-01
10892,KENNYWOOD BLVD + HOFFMAN,40.384975,-79.86254,near_side,13.719412093554482,shp-61C-01
10894,KENNYWOOD BLVD + GLEN,40.390578,-79.86904,near_side,18.593319432357116,shp-61C-01
1090,REMINGTON DR + HAZLETT,40.560087,-80.011021,mid_block,NaN,shp-O5-08
10902,8TH AVE + GRANT,40.409319,-79.898462,near_side,23.119773129517018,shp-61C-01
10903,8TH AVE + ANDREW,40.409207,-79.901489,mid_block,NaN,shp-61C-01
10905,8TH AVE + HEISEL,40.409062,-79.90403,mid_block,NaN,shp-61C-01
10906,8TH AVE + DICKSON,40.40898,-79.905195,near_side,33.610389512110984,shp-61C-01
10907,8TH AVE + MCCLURE,40.408826,-79.907397,near_side,7.7153353482759774,shp-61C-01
10908,8TH AVE + ANN,40.407979,-79.909218,near_side,14.392625610722895,shp-61C-01
10909,8TH AVE + AMITY,40.407175,-79.910787,near_side,17.4206125918826,shp-61C-01
10910,8TH AVE + WEST (HI-LEVEL BRIDGE),40.406222,-79.912062,near_side,28.79934244625877,shp-61C-01
10913,BROWNS HILL RD + IMOGENE RD,40.415316,-79.924617,near_side,25.9389311584908,shp-61C-01
10914,MURRAY AVE + LORETTA,40.421788,-79.928753,mid_block,NaN,shp-61C-01
10915,MURRAY AVE + LILAC,40.423092,-79.928628,near_side,13.678089122590178,shp-61C-01
10916,MURRAY AVE + WELFER,40.424896,-79.928058,mid_block,NaN,shp-61C-01
10918,MURRAY AVE + #2825,40.427736,-79.925852,mid_block,NaN,shp-61C-01
10919,MURRAY AVE + MORROWFIELD,40.428223,-79.924777,mid_block,NaN,shp-61C-01
1092,REMINGTON DR + BALMORAL #1,40.558434,-80.008812,mid_block,NaN,shp-O5-08
10920,MURRAY AVE + FORWARD,40.429877,-79.923403,near_side,11.612106102746422,shp-61C-01
10921,MURRAY AVE + PHILLIPS,40.432237,-79.923099,near_side,14.58382497790836,shp-61C-01
10922,MURRAY AVE + HOBART,40.433577,-79.922917,near_side,18.417526461810887,shp-61C-01
10923,MURRAY AVE + BEACON NS,40.43461,-79.92278,near_side,16.84593830642385,shp-61C-01
10924,MURRAY AVE + BARTLETT,40.436209,-79.922831,far_side,21.2868320838532,shp-61C-01
1093,REMINGTON DR + REGENCY,40.556194,-80.007591,mid_block,NaN,shp-O5-08
10930,LEBANON CHURCH RD + RODEO,40.35294,-79.917364,near_side,8.41694782430884,shp-59-51
10932,LEBANON CHURCH RD + POLK,40.354194,-79.9122,mid_block,NaN,shp-56-52
10934,LEBANON CHURCH RD + #4220,40.352092,-79.907612,mid_block,NaN,shp-56-52
10935,LEBANON CHURCH RD + #4512,40.352293,-79.90328,mid_block,NaN,shp-56-52
10936,LEBANON CHURCH RD + PLEASANT,40.353712,-79.901432,mid_block,NaN,shp-56-52
1094,REMINGTON DR + BALMORAL #2,40.55513,-80.00753,mid_block,NaN,shp-O5-08
10941,RICHLAND AVE + BRIDGE STEPS,40.348041,-79.891286,mid_block,NaN,shp-56-52
10942,W 5TH AVE + RAMP #2,40.346625,-79.880719,near_side,15.561504782072666,shp-56-52
10946,W 5TH AVE + REBECCA,40.350037,-79.873698,near_side,44.09793813442741,shp-56-52
10947,MURRAY AVE + DARLINGTON,40.437173,-79.922999,near_side,22.854589735152953,shp-61C-51
10948,MURRAY AVE + BARTLETT,40.436133,-79.922916,near_side,13.026842197120946,shp-61C-51
1095,REMINGTON DR + WALDWICK,40.554142,-80.007485,mid_block,NaN,shp-O5-08
10950,MURRAY AVE + HOBART,40.433853,-79.923009,near_side,14.13817029397161,shp-61C-51
10951,MURRAY AVE + PHILLIPS,40.432522,-79.923188,near_side,18.76940041621483,shp-61C-51
10952,MURRAY AVE + FORWARD,40.430171,-79.923505,near_side,23.68955773803637,shp-61C-51
10953,MURRAY AVE + MORROWFIELD,40.428107,-79.925165,mid_block,NaN,shp-61C-51
10954,MURRAY AVE + BURCHFIELD,40.4275,-79.926342,mid_block,NaN,shp-61C-51
10956,MURRAY AVE + WELFER,40.425058,-79.92813,mid_block,NaN,shp-61C-51
10957,MURRAY AVE + LILAC,40.423292,-79.928685,near_side,9.681435824601571,shp-61C-51
10958,BROWNS HILL RD + IMOGENE RD,40.415666,-79.92516,near_side,46.32484395743694,shp-61C-51
10959,BROWNS HILL RD +PARKVIEW BLVD,40.413866,-79.922983,near_side,32.12976187783912,shp-61C-51
1096,ENNERDALE LN + DOUNREAY,40.551537,-80.00679,mid_block,NaN,shp-O5-08
10961,8TH AVE AT WEST ST FS,40.406204,-79.911854,far_side,44.400255170491306,shp-61C-51
10962,8TH AVE + AMITY FS,40.407135,-79.910571,far_side,35.043551911850095,shp-61C-51
10963,8TH AVE + ANN FS,40.407894,-79.909069,far_side,23.323452818883773,shp-61C-51
10964,8TH AVE + MCCLURE,40.408667,-79.907564,near_side,18.06993477647627,shp-61C-51
10968,8TH AVE + GRANT,40.409218,-79.898828,near_side,19.396691451877853,shp-61C-51
10969,8TH AVE + RAVINE,40.408717,-79.895468,near_side,29.14105864674983,shp-61C-51
1097,LAURELWOOD DR + #125,40.551796,-80.005131,mid_block,NaN,shp-O5-08
10975,KENNYWOOD BLVD + MIFFLIN,40.401454,-79.880826,near_side,22.77034205323995,shp-61C-51
10977,KENNYWOOD BLVD + GLENN,40.390712,-79.86932,near_side,11.464344125776586,shp-61C-51
10978,KENNYWOOD BLVD + GLENCAIRN,40.389117,-79.867993,mid_block,NaN,shp-61C-51
10979,KENNYWOOD BLVD + HOFFMAN,40.385019,-79.863085,near_side,41.805486058482174,shp-61C-51
1098,LAURELWOOD DR + FENWICK,40.551984,-80.002556,mid_block,NaN,shp-O5-08
10981,DUQUESNE BLVD + COMMONWEALTH,40.383,-79.857584,near_side,16.670105884246112,shp-61C-51
10982,DUQUESNE BLVD + FAIRMONT,40.382124,-79.85666,mid_block,NaN,shp-61C-51
10983,DUQUESNE BLVD + OAKMONT,40.380929,-79.855409,mid_block,NaN,shp-61C-51
10984,DUQUESNE BLVD + OVERLAND,40.379702,-79.854128,mid_block,NaN,shp-61C-51
10988,2ND ST + GRANT,40.37326,-79.847059,mid_block,NaN,shp-61C-51
10989,2ND ST + KENNEDY FS,40.371967,-79.846542,mid_block,NaN,shp-61C-51
10991,LIBRARY PL AT DUQUESNE BLVD - DUQUESNE PNR,40.371683,-79.843844,ambiguous,3.3171492171808103,shp-61C-51
10992,DUQUESNE BLVD + CAMP,40.369399,-79.842845,mid_block,NaN,shp-61C-51
10994,DUQUESNE BLVD + CENTER,40.363978,-79.842911,ambiguous,1.6779805351596004,shp-61C-51
10995,LYSLE BLVD + 5TH,40.352858,-79.847932,far_side,21.694074616966283,shp-61C-51
10999,W 5TH AVE + REBECCA,40.350139,-79.873204,near_side,12.471760432125384,shp-56-03
11,WOOD STREET STATION,40.441827,-79.998804,mid_block,NaN,shp-RED-51
110,NORTH SIDE STATION,40.447859,-80.009498,mid_block,NaN,shp-RED-51
1100,CHARTERWOOD DR + MCINTYRE,40.551785,-80.000816,mid_block,NaN,shp-O5-08
11001,W 5TH AVE + PERRY,40.349015,-79.876911,mid_block,NaN,shp-56-03
11003,W 5TH AVE + RAMP #2,40.346864,-79.880534,near_side,18.103127285733486,shp-56-03
11005,RICHLAND AVE + 3RD,40.349037,-79.891934,mid_block,NaN,shp-56-03
11009,LEBANON CHURCH RD + PGH-MCKEESPORT BLVD FS,40.355934,-79.899839,far_side,45.5154047377377,shp-56-03
1101,MCINTYRE DR + THOMPSON RUN,40.552403,-79.998573,near_side,24.68425303105458,shp-O5-08
11010,LEBANON CHURCH RD + PLEASANT,40.353692,-79.901525,mid_block,NaN,shp-56-03
11011,LEBANON CHURCH RD + #4513,40.352298,-79.903528,mid_block,NaN,shp-56-03
11013,LEBANON CHURCH RD + WILSON,40.35237,-79.906947,mid_block,NaN,shp-56-03
11015,LEBANON CHURCH RD + POLK,40.354259,-79.912274,mid_block,NaN,shp-56-03
11016,LEBANON CHURCH RD + BUTTERMILK HOLLOW,40.354296,-79.9135,near_side,29.573640868324823,shp-56-03
11017,LEBANON CHURCH RD + VINDALE RD FS,40.353855,-79.915251,far_side,18.057744213720117,shp-59-01
11021,OLD ELIZABETH RD + BLUEMONT DR,40.347405,-79.936855,mid_block,NaN,shp-55-04
11025,MCCLURE ST + 9TH,40.408169,-79.906967,mid_block,NaN,shp-53-52
11026,9TH AVE + ANN,40.407324,-79.908436,mid_block,NaN,shp-53-52
11027,9TH AVE + AMITY,40.406542,-79.909984,mid_block,NaN,shp-53-52
11028,AMITY ST + 10TH,40.4058,-79.909576,mid_block,NaN,shp-53-52
1103,AMITY DR + CARRIAGE,40.549164,-79.996613,mid_block,NaN,shp-O5-08
11031,WEST ST + 15TH,40.40201,-79.906926,near_side,16.140344344811478,shp-53-52
11032,WEST ST + 17TH,40.400719,-79.90571,mid_block,NaN,shp-53-52
11033,WEST ST + 18TH,40.40005,-79.905137,mid_block,NaN,shp-53-52
11034,WEST ST + MUNHALL BORO BLDG,40.399179,-79.904375,mid_block,NaN,shp-53-52
11035,WEST ST + 21ST,40.398052,-79.903405,mid_block,NaN,shp-53-52
11036,22ND AVE + MAIN,40.39772,-79.901853,near_side,15.964203996337943,shp-53-52
11038,MAIN ST + HOMESTEAD-DUQUESNE,40.395499,-79.899682,mid_block,NaN,shp-53-52
11039,MAIN ST + EDNA,40.39323,-79.900278,mid_block,NaN,shp-53-52
1104,AMITY DR + LINGAY,40.547661,-79.994705,mid_block,NaN,shp-O5-08
11040,MAIN ST + E JAMES,40.39166,-79.90049,mid_block,NaN,shp-53-52
11042,MAIN ST + W OLIVER FS,40.389844,-79.900966,mid_block,NaN,shp-53-52
11043,MAIN ST + MARION,40.387988,-79.901938,mid_block,NaN,shp-53-52
11044,MAIN ST + MILLER,40.387359,-79.902317,mid_block,NaN,shp-53-52
11045,MAIN ST + VIRGINIA,40.385967,-79.903013,near_side,10.832625788501634,shp-53-52
11046,MAIN ST + EMERSON,40.385283,-79.903382,mid_block,NaN,shp-53-52
11047,MAIN ST + BOTSFORD,40.384692,-79.903685,mid_block,NaN,shp-53-52
11048,MAIN ST + GRACE,40.383192,-79.904454,mid_block,NaN,shp-53-52
11049,MAIN ST + CAMBRIA,40.381678,-79.906013,mid_block,NaN,shp-53-52
1105,AMITY DR + #213,40.545715,-79.994515,mid_block,NaN,shp-O5-08
11050,MAIN ST + W LEHIGH,40.380903,-79.906563,mid_block,NaN,shp-53-52
11051,MAIN ST + LESLIE,40.379611,-79.907307,mid_block,NaN,shp-53-52
11052,MAIN ST + N LEHIGH,40.378549,-79.908122,mid_block,NaN,shp-53-52
11053,MAIN ST + WEST RUN (BRIERLY LANE),40.377145,-79.909195,near_side,31.693881209089707,shp-53-52
11054,INTERBORO AVE + LINDBERG FS,40.375433,-79.910523,mid_block,NaN,shp-53-52
11055,INTERBORO AVE + PLAPORT,40.373828,-79.911892,mid_block,NaN,shp-53-52
11056,INTERBORO AVE + LEASIDE,40.37222,-79.912366,mid_block,NaN,shp-53-52
11057,INTERBORO AVE + MIFFLIN,40.369951,-79.912954,near_side,23.54375629568865,shp-53-52
1106,AMITY DR + BLAZE,40.544907,-79.993431,mid_block,NaN,shp-O5-08
11065,HAZELWOOD AVE + GREENFIELD AVE,40.419731,-79.928993,mid_block,NaN,shp-93-02
11068,GREENFIELD AVE + DELEVAN,40.423521,-79.931631,mid_block,NaN,shp-58-01
1107,AMITY DR + SUTTER,40.543476,-79.992554,mid_block,NaN,shp-O5-08
11071,GREENFIELD AVE + GRAPHIC,40.424362,-79.935158,mid_block,NaN,shp-58-01
11072,GREENFIELD AVE + MCCASLIN,40.424297,-79.936081,mid_block,NaN,shp-58-01
11073,GREENFIELD AVE + CITY STEPS,40.424559,-79.937667,mid_block,NaN,shp-58-01
11075,HALKET ST + LOUISA ST,40.437051,-79.959414,mid_block,NaN,shp-58-51
11076,HALKET ST + FORBES,40.438406,-79.961113,near_side,15.93939531816242,shp-58-51
11077,MURRAY AVE + FORBES,40.438273,-79.923017,near_side,23.143995569963852,shp-74-51
11078,SHADY AVE + AYLESBORO,40.440182,-79.919523,mid_block,NaN,shp-64-01
11079,SHADY AVE + NORTHUMBERLAND,40.441695,-79.919804,near_side,17.15886494389408,shp-64-01
1108,SUTTER DR + THOMPSON,40.543377,-79.993492,mid_block,NaN,shp-O5-08
11080,SHADY AVE + SOLWAY,40.442656,-79.920096,mid_block,NaN,shp-64-01
11081,SHADY AVE + WILKINS,40.443756,-79.920424,near_side,14.876938243493276,shp-64-01
11082,SHADY AVE + HASTINGS,40.44557,-79.920974,mid_block,NaN,shp-64-01
11083,SHADY AVE + BRAEBURN,40.448456,-79.921234,mid_block,NaN,shp-64-01
11084,SHADY AVE + HIGHMONT,40.449823,-79.920672,mid_block,NaN,shp-64-01
11088,NEGLEY AVE + E BUSWAY STEPS,40.456074,-79.933304,mid_block,NaN,shp-64-01
1109,THOMPSON RUN RD + WHITE OAK,40.541959,-79.992438,mid_block,NaN,shp-O5-08
11092,S. BEATTY ST + PENN NS,40.461603,-79.9271,mid_block,NaN,shp-82-52
11098,SHADY AVE + HIGHMONT,40.449905,-79.920763,mid_block,NaN,shp-64-51
11099,SHADY AVE + DEVERAUX,40.448005,-79.921531,mid_block,NaN,shp-64-51
111,GATEWAY STATION,40.44142,-80.003978,far_side,19.105356416736555,shp-RED-51
1110,THOMPSON RUN RD + SANGREE,40.538902,-79.990189,mid_block,NaN,shp-O5-08
11100,SHADY AVE + HASTINGS,40.445796,-79.921162,mid_block,NaN,shp-64-51
11101,SHADY AVE + WILKINS,40.444057,-79.920635,near_side,26.16303495400183,shp-64-51
11102,WHITAKER WAY + HIGHWOOD,40.405958,-79.892995,mid_block,NaN,shp-59-01
11103,WHITAKER WAY + LARKSPUR ST,40.403488,-79.890361,mid_block,NaN,shp-59-01
11105,WHITAKER WAY + SCHWAB,40.401897,-79.888633,mid_block,NaN,shp-59-01
11106,WHITAKER WAY + OAK,40.400207,-79.886933,mid_block,NaN,shp-59-01
11107,WHITAKER WAY + GRANT,40.399522,-79.886239,mid_block,NaN,shp-59-01
11108,WHITAKER WAY + MIFFLIN,40.398767,-79.885486,mid_block,NaN,shp-59-01
11109,MIDWAY DR + WHITAKER FS,40.398054,-79.884526,mid_block,NaN,shp-59-01
1111,THOMPSON RUN RD + CHERRINGTON,40.536461,-79.990349,mid_block,NaN,shp-O5-08
11110,MIDWAY DR + #18C,40.397286,-79.882713,mid_block,NaN,shp-59-51
11111,MIDWAY DR + #24,40.397647,-79.8808,mid_block,NaN,shp-59-01
11114,MIDWAY DR + #4A,40.397606,-79.883239,mid_block,NaN,shp-59-51
11115,MIDWAY DR + #1F,40.398099,-79.884419,mid_block,NaN,shp-59-51
11116,WHITAKER ST + MIFFLIN F S,40.398801,-79.885425,mid_block,NaN,shp-59-51
11117,WHITAKER ST + GRANT,40.399459,-79.886088,mid_block,NaN,shp-59-51
11118,WHITAKER ST + OAK ST,40.40029,-79.886927,mid_block,NaN,shp-59-51
11119,WHITAKER WAY + SCHWAB,40.401642,-79.888273,mid_block,NaN,shp-59-51
11121,WHITAKER WAY + LARKSPUR,40.403261,-79.890045,mid_block,NaN,shp-59-51
11123,WHITAKER WAY + HIGHWOOD,40.405989,-79.892801,mid_block,NaN,shp-59-51
11126,LONG RUN RD + COOLSPRINGS,40.332568,-79.813734,near_side,29.79103943856437,shp-P76-31
11127,LONG RUN RD + SUNSET,40.334998,-79.811413,mid_block,NaN,shp-P76-31
11128,JACKS RUN RD + OAK PARK MALL,40.337842,-79.807186,mid_block,NaN,shp-P76-31
11129,JACKS RUN RD + #3030,40.344622,-79.796654,mid_block,NaN,shp-P76-31
1113,THOMPSON RUN RD + HODIL,40.534863,-79.99044,mid_block,NaN,shp-O5-08
11130,JACKS RUN RD + MCKEESPORT SPORTSMENS ASSOC,40.358595,-79.786057,mid_block,NaN,shp-P76-31
11134,LINCOLN HWY + DIX,40.369168,-79.782561,mid_block,NaN,shp-P76-31
11135,LINCOLN HWY + LEUHM,40.370471,-79.786099,near_side,17.155582229092524,shp-P76-31
11137,LINCOLN HWY + DENNING,40.371424,-79.788965,mid_block,NaN,shp-P76-31
11138,LINCOLN HWY + MCKEE,40.373025,-79.792726,mid_block,NaN,shp-P76-31
11139,LINCOLN OPP BROAD ST,40.375449,-79.796521,near_side,24.58724162151979,shp-P76-31
1114,THOMPSON RUN RD + SUNSET,40.532173,-79.990227,mid_block,NaN,shp-O5-08
11140,LINCOLN HWY + JACOB,40.376757,-79.799597,mid_block,NaN,shp-P76-31
11141,LINCOLN HWY + ISAAC FS,40.377544,-79.80179,mid_block,NaN,shp-P76-31
11142,LINCOLN HWY + TAYLOR FS,40.378212,-79.80373,mid_block,NaN,shp-P76-31
11143,LINCOLN HWY + 3RD,40.37939,-79.806872,mid_block,NaN,shp-P76-31
11145,LINCOLN HWY + 5TH,40.381048,-79.811431,mid_block,NaN,shp-P76-31
11147,LINCOLN HWY + SANTOS FS,40.381355,-79.81356,mid_block,NaN,shp-P76-31
11152,LINCOLN HWY + CLYDE,40.388716,-79.830156,near_side,10.587562039969502,shp-P76-31
11153,GRANDVIEW AVE + CENTER,40.395612,-79.839121,mid_block,NaN,shp-59-01
11154,LINCOLN HWY + CLYDE,40.388973,-79.830775,mid_block,NaN,shp-P76-65
1116,THOMPSON RUN RD + SEIBERT,40.529193,-79.99043,mid_block,NaN,shp-O5-08
11161,LINCOLN HWY + GRAHAM,40.380126,-79.809183,near_side,15.994142883518577,shp-P76-65
11163,LINCOLN HWY + 3RD,40.379383,-79.807175,mid_block,NaN,shp-P76-65
11165,LINCOLN HWY + ISSAC,40.377604,-79.802254,mid_block,NaN,shp-P76-65
11166,LINCOLN HWY + JACOB,40.376807,-79.800051,mid_block,NaN,shp-P76-65
11167,LINCOLN HWY AT BROAD ST,40.375572,-79.796981,near_side,24.365211886019736,shp-P76-65
11168,LINCOLN HWY + MCKEE,40.373066,-79.793103,mid_block,NaN,shp-P76-65
11169,LINCOLN HWY + DENNING,40.371396,-79.789174,mid_block,NaN,shp-P76-65
11171,LINCOLN HWY + LEUHM,40.370409,-79.786434,near_side,14.297865569609318,shp-P76-65
11172,LINCOLN HWY + DIX,40.369065,-79.782581,mid_block,NaN,shp-P76-65
11175,JACKS RUN RD + BIROS TRAILER PARK,40.360209,-79.785726,mid_block,NaN,shp-P76-65
11177,JACKS RUN RD + #3001,40.344222,-79.798303,mid_block,NaN,shp-P76-65
11178,JACKS RUN RD + RAINBOW SHOPPING CENTER ENTRANCE,40.338172,-79.806766,near_side,9.730571556774523,shp-P76-65
11179,LINCOLN HWY + CENTER,40.395584,-79.83861,near_side,11.380111350254996,shp-P76-31
1118,THOMPSON RUN RD + SUNNYHILL,40.524117,-79.988876,mid_block,NaN,shp-O5-08
11180,LINCOLN HWY + CENTER,40.395784,-79.838699,near_side,13.217266011595152,shp-P76-65
11186,LIBERTY AVE + FIFTH AVE,40.441797,-80.002514,near_side,24.6301153979961,shp-28X-51
1119,THOMPSON RUN RD + MILLER,40.522336,-79.990991,mid_block,NaN,shp-O5-08
11194,THIRD AT RT 51 OVERPASS - ELIZABETH PARK AND RIDE,40.273078,-79.885653,mid_block,NaN,shp-Y46-01
11196,WORTHINGTON AVE + 8TH,40.292465,-79.890175,mid_block,NaN,shp-Y46-01
11197,WORTHINGTON AVE + 9TH,40.29219,-79.891505,mid_block,NaN,shp-Y46-01
11198,WORTHINGTON AVE + 10TH,40.292042,-79.893567,mid_block,NaN,shp-Y46-01
11199,WORTHINGTON AVE + 11TH FS,40.29236,-79.895955,mid_block,NaN,shp-Y46-01
112,PALM GARDEN,40.416466,-80.011827,mid_block,NaN,shp-RED-01
1120,THOMPSON RUN RD + #218,40.519872,-79.992013,mid_block,NaN,shp-O5-08
11200,WORTHINGTON AVE + 12TH,40.292732,-79.897195,mid_block,NaN,shp-Y46-01
11202,WORTHINGTON AVE + 13TH,40.293673,-79.899525,mid_block,NaN,shp-Y46-01
11204,WORTHINGTON AVE + PETERSON,40.293857,-79.903216,mid_block,NaN,shp-Y46-01
11205,WORTHINGTON AVE + ONEIDA,40.294604,-79.905487,mid_block,NaN,shp-Y46-01
11206,WORTHINGTON AVE + HWY RT 51,40.291027,-79.913624,mid_block,NaN,shp-Y46-01
11207,HWY RT 51 + PETERS CREEK,40.292341,-79.915368,near_side,16.316371805649396,shp-Y46-01
11208,HWY RT 51 + OLD CLAIRTON RD,40.294458,-79.917807,near_side,18.217972899372175,shp-Y46-01
1121,THOMPSON RUN RD + WOODBRIDGE APTS,40.518541,-79.992734,mid_block,NaN,shp-O5-08
11211,HWY RT 51 + WRAY LARGE (OPP LARGE VFD),40.300406,-79.922522,mid_block,NaN,shp-Y46-01
11212,HWY RT 51 + BLUE FLAME,40.304798,-79.933545,mid_block,NaN,shp-Y46-01
11213,HWY RT 51 + ELLIOTT,40.309895,-79.937161,mid_block,NaN,shp-Y46-01
11214,HWY RT 51 + COAL VALLEY,40.313092,-79.938532,near_side,25.219975331807394,shp-Y46-01
11216,E CARSON ST + STATION SQUARE STATION,40.431895,-80.003312,mid_block,NaN,shp-51-08
1122,THOMPSON RUN RD + RADCLIFFE,40.517302,-79.993752,mid_block,NaN,shp-O5-08
1123,THOMPSON RUN RD + EVERGREEN,40.511454,-79.9937,mid_block,NaN,shp-O5-08
1125,SEVENTH AVE + SMITHFIELD ST,40.442791,-79.99662,near_side,21.308334600099126,shp-28X-51
11254,HWY RT 51 + LEWIS RUN,40.321184,-79.942318,near_side,15.010006720809173,shp-Y46-52
11257,HWY RT 51 + BLUE FLAME,40.305157,-79.934197,mid_block,NaN,shp-Y46-52
11258,HWY RT 51 + JEFFERSON VETERINARY CLINIC,40.301631,-79.930273,mid_block,NaN,shp-Y46-52
11259,HWY RT 51 + LARGE VFD,40.300589,-79.92355,mid_block,NaN,shp-Y46-52
11261,HWY RT 51 + DICK CORPORATION DR,40.292375,-79.915705,near_side,13.043478931578658,shp-Y46-52
11262,WORTHINGTON AVE + HWY RT 51,40.29072,-79.912907,mid_block,NaN,shp-Y46-52
11263,WORTHINGTON AVE + ONEIDA,40.294574,-79.905718,mid_block,NaN,shp-Y46-52
11264,WORTHINGTON AVE + PETERSON,40.293844,-79.903305,mid_block,NaN,shp-Y46-52
11266,WORTHINGTON AVE + 13TH,40.293595,-79.899508,mid_block,NaN,shp-Y46-52
11267,WORTHINGTON AVE + 12TH,40.292915,-79.897871,mid_block,NaN,shp-Y46-52
11268,WORTHINGTON AVE + 11TH,40.292276,-79.895864,mid_block,NaN,shp-Y46-52
11270,WORTHINGTON AVE + 9TH,40.2921,-79.891598,mid_block,NaN,shp-Y46-52
11274,HWY RT 51 + MONROE MUFFLER,40.331322,-79.945749,near_side,16.277637342520084,shp-Y46-52
1129,HEMLOCK DR + #4424,40.578812,-79.980765,mid_block,NaN,shp-O5-56
113,PALM GARDEN,40.416126,-80.011822,mid_block,NaN,shp-RED-51
1131,HEMLOCK DR + SAMPLE,40.576218,-79.978973,mid_block,NaN,shp-O5-56
11324,SOLTIS DR + DESIDERIO,40.286625,-79.89608,mid_block,NaN,shp-Y46-01
1135,EVERGREEN RD + FRANKLIN,40.490466,-79.971754,mid_block,NaN,shp-2-01
1136,EVERGREEN RD + EMMA,40.489246,-79.972206,mid_block,NaN,shp-2-01
1137,EVERGREEN RD + FREDERICK,40.488068,-79.972687,mid_block,NaN,shp-2-01
11373,SPENCER AVE + BEAU,40.387624,-79.976412,mid_block,NaN,shp-44-01
1138,EVERGREEN RD + JOHN,40.487221,-79.97271,mid_block,NaN,shp-2-01
11404,SECOND AVE +S 10TH ST BRIDGE FS,40.434554,-79.990186,far_side,41.17684667254458,shp-57-02
11425,CHURCHVIEW AVE + WILLETT,40.385744,-79.971319,mid_block,NaN,shp-44-01
11449,SECOND AVE +S 10TH ST BRIDGE,40.434467,-79.990082,near_side,28.814856768419986,shp-57-52
1149,40TH ST + DAVIDSON,40.467598,-79.960979,mid_block,NaN,shp-64-51
1150,PENN AVE + MAIN ST,40.465573,-79.955463,near_side,35.22192418762713,shp-64-51
1151,MAIN ST + HOWLEY,40.46434,-79.953484,mid_block,NaN,shp-54-53
1152,LIBERTY AVE + ELLA,40.463154,-79.951974,near_side,16.386338031291167,shp-86-51
1153,LIBERTY AVE + PEARL,40.462109,-79.949989,near_side,11.118065146589286,shp-86-51
1154,LIBERTY AVE + EDMOND,40.461119,-79.948164,near_side,11.961617607261333,shp-86-51
11548,CHURCHVIEW AVE + SANKEY AVE,40.385387,-79.976336,mid_block,NaN,shp-44-01
1155,LIBERTY AVE + MILLVALE AVE ( WEST PENN HOSP),40.460035,-79.946124,near_side,18.592839557981172,shp-86-51
1156,LIBERTY AVE + WINEBIDDLE,40.458904,-79.94402,near_side,32.87633181221269,shp-86-51
1158,LIBERTY AVE + PACIFIC,40.457293,-79.941013,mid_block,NaN,shp-86-51
11583,ST JOSEPH ST + COMO (STEPS),40.413538,-79.979195,mid_block,NaN,shp-44-02
11588,ST JOSEPH ST + HAYS,40.413325,-79.987484,mid_block,NaN,shp-44-02
1159,LIBERTY AVE + BAUM,40.456711,-79.939926,near_side,32.36772143003803,shp-86-51
11615,MOUNTAIN ST + FISHER,40.411581,-79.977276,mid_block,NaN,shp-44-52
11622,INTERBORO AVE + LEASIDE #1 (MIFFLIN),40.370143,-79.912825,far_side,48.828261538218214,shp-53-02
11623,INTERBORO AVE + LEASIDE #2,40.371988,-79.912347,mid_block,NaN,shp-53-02
11624,INTERBORO AVE + PLAPORT,40.373761,-79.911865,mid_block,NaN,shp-53-02
11625,INTERBORO AVE + LINDBERG,40.375316,-79.910482,mid_block,NaN,shp-53-02
11626,INTERBORO AVE + BRIERLY,40.376779,-79.909381,near_side,14.055797659700305,shp-53-02
11627,MAIN ST + ELIZABETH,40.378392,-79.908152,mid_block,NaN,shp-53-02
11628,MAIN ST + LESLIE,40.379465,-79.907338,mid_block,NaN,shp-53-02
11629,MAIN ST + FULTON,40.380721,-79.906578,mid_block,NaN,shp-53-02
11630,MAIN ST + #4117,40.38174,-79.905549,mid_block,NaN,shp-53-02
11631,MAIN ST + CAROLINE,40.382926,-79.904513,mid_block,NaN,shp-53-02
11632,MAIN ST + BOTSFORD,40.384388,-79.90374,mid_block,NaN,shp-53-02
11633,MAIN ST + VIRGINIA,40.385783,-79.903038,near_side,9.8928161838861,shp-53-02
11634,MAIN ST + MILLER,40.387162,-79.902309,mid_block,NaN,shp-53-02
11635,MAIN ST + MARION,40.388131,-79.901769,mid_block,NaN,shp-53-02
11638,MAIN ST + E JAMES,40.391523,-79.90045,mid_block,NaN,shp-53-02
11639,MAIN ST + LEA,40.392385,-79.900231,mid_block,NaN,shp-53-02
11640,MAIN ST + EDNA,40.393238,-79.900197,mid_block,NaN,shp-53-02
11641,MAIN ST + HOMESTEAD DUQUESNE,40.395423,-79.899575,mid_block,NaN,shp-53-02
11644,WEST ST + 21ST,40.397946,-79.903184,mid_block,NaN,shp-53-02
11645,WEST ST + MUNHALL BORO BLDG,40.39921,-79.904276,mid_block,NaN,shp-53-02
11646,WEST ST + 18TH,40.400013,-79.90497,mid_block,NaN,shp-53-02
11648,WEST ST + 15TH,40.401932,-79.906677,near_side,12.911800406145058,shp-53-02
11649,WEST ST + 13TH,40.402992,-79.908101,near_side,27.43685727498493,shp-53-02
1165,FIFTH AVE + WILKINS,40.447892,-79.936896,near_side,45.66889127346885,shp-71D-02
11651,AMITY ST + 10TH AVE,40.405702,-79.909335,mid_block,NaN,shp-53-02
11652,10TH AVE + ANN,40.406402,-79.908138,mid_block,NaN,shp-53L-01
11653,ANN ST + 8TH,40.407779,-79.909144,near_side,17.481298809410674,shp-53L-01
11654,BEECHWOOD BLVD + FEDERAL HILL,40.42086,-79.927419,mid_block,NaN,shp-53L-01
11656,BEECHWOOD BLVD + LILAC,40.422914,-79.927556,near_side,15.455422008218653,shp-53L-01
11659,BEECHWOOD BLVD + PARKWAY ENTRANCE,40.428465,-79.93104,mid_block,NaN,shp-53L-01
1166,FIFTH AVE + AMBERSON,40.447758,-79.938742,near_side,12.270539561685872,shp-71D-02
11665,BEECHWOOD BLVD + HAZELWOOD,40.419752,-79.92728,near_side,19.944990389075382,shp-53L-51
11667,WEST ST + 13TH,40.403157,-79.908461,near_side,16.75565698414008,shp-53-52
11668,MAIN ST + MARHAM,40.392564,-79.900289,mid_block,NaN,shp-53-52
11669,FOURTH AVE + SMITHFIELD,40.438785,-79.99975,near_side,22.25274270301522,shp-57-52
1167,FIFTH AVE + MOREWOOD AVE,40.447476,-79.942284,near_side,19.20965220816987,shp-71D-02
11677,GRANT AVE + 4TH FS,40.372631,-79.849411,mid_block,NaN,shp-59-01
11679,GRANT AVE + 6TH,40.372266,-79.850983,mid_block,NaN,shp-52L-52
11684,KENNEDY AVE + WILMOT,40.368893,-79.854475,mid_block,NaN,shp-59-51
11685,KENNEDY AVE + PETER,40.367585,-79.855851,mid_block,NaN,shp-59-51
11686,KENNEDY AVE + MIFFLIN,40.366181,-79.857698,mid_block,NaN,shp-59-51
11687,TEXAS AVE + MELLON,40.365741,-79.858977,mid_block,NaN,shp-59-51
11688,MELLON ST + MAINE,40.364842,-79.859229,mid_block,NaN,shp-59-51
11689,MELLON ST + VERMONT,40.363952,-79.859099,mid_block,NaN,shp-59-51
1169,FIFTH AVE + NEVILLE ST,40.447121,-79.947174,near_side,13.121436249491614,shp-71D-02
11691,MELLON ST + PENNSYLVANIA,40.362187,-79.858827,mid_block,NaN,shp-59-51
11692,PENNSYLVANIA AVE + TAFT,40.362125,-79.86143,mid_block,NaN,shp-52L-52
11694,PENNSYLVANIA AVE + VERMONT,40.362111,-79.866598,mid_block,NaN,shp-52L-52
11695,PENNSYLVANIA AVE + CONLIN,40.361812,-79.867918,mid_block,NaN,shp-52L-52
11696,CONLIN ST + CAROLINA,40.362225,-79.869366,mid_block,NaN,shp-52L-52
1170,FIFTH AVE + CRAIG,40.447054,-79.948816,near_side,8.919851471852393,shp-71D-02
11703,HOMEVILLE RD OPP CASTLE DR,40.376823,-79.875446,mid_block,NaN,shp-52L-52
11705,HOMEVILLE RD OPP CASTLE DR (USPS),40.381288,-79.877237,mid_block,NaN,shp-52L-52
11706,HOMEVILLE RD + COMMONWEALTH,40.3827,-79.877766,near_side,31.285495274508538,shp-52L-52
11707,GREENSPRINGS AVE + MUNICIPAL BUILDING,40.384098,-79.87843,mid_block,NaN,shp-52L-52
11709,GREENSPRINGS AVE + ROBERTA,40.385798,-79.880054,mid_block,NaN,shp-52L-52
1171,FIFTH AVE + BELLEFIELD,40.446708,-79.951709,near_side,31.59738145462902,shp-71A-02
11710,GREENSPRINGS AVE + HAZEL,40.387095,-79.880609,mid_block,NaN,shp-52L-52
11713,GREENSPRINGS AVE + CHURCH,40.390627,-79.882385,mid_block,NaN,shp-52L-52
11714,GREENSPRINGS AVE + SPRING,40.391476,-79.883479,mid_block,NaN,shp-52L-52
11715,GREENSPRINGS AVE + BOROUGH PARKING LOT,40.391844,-79.884638,mid_block,NaN,shp-52L-52
11716,GREENSPRINGS AVE + CYPRESS,40.393009,-79.886031,mid_block,NaN,shp-52L-52
1173,BELLEFIELD AVE + FIFTH AVE,40.446349,-79.951784,near_side,20.772663973315222,shp-58-51
1174,FIFTH AVE + CRAIG ST NS,40.446805,-79.949606,near_side,42.59493209528868,shp-71D-52
11744,GREENSPRINGS AVE + DUQUESNE,40.39186,-79.884732,mid_block,NaN,shp-52L-03
11746,GREENSPRINGS AVE + CHURCH FS,40.390715,-79.882556,mid_block,NaN,shp-52L-03
11749,GREENSPRINGS AVE + HAZEL,40.387215,-79.880724,mid_block,NaN,shp-52L-03
1175,FIFTH AVE + NEVILLE ST,40.447024,-79.947427,near_side,17.10632023056844,shp-71D-52
11750,GREENSPRINGS AVE + ROBERTA,40.386039,-79.880322,mid_block,NaN,shp-52L-03
11752,GREENSPRINGS AVE + EASTMAN,40.383543,-79.878252,mid_block,NaN,shp-52L-03
11754,HOMEVILLE RD + CASTLE DR (OPP USPS),40.381464,-79.877411,mid_block,NaN,shp-52L-03
11756,HOMEVILLE RD + CASTLE DR,40.376822,-79.87554,mid_block,NaN,shp-52L-03
11757,HOMEVILLE RD + MUNICIPAL,40.373795,-79.873863,mid_block,NaN,shp-52L-03
1176,FIFTH AVE + CLYDE ST,40.447201,-79.944955,far_side,47.066107848316335,shp-71D-52
11762,WORTON BLVD + CONLIN,40.362866,-79.870699,mid_block,NaN,shp-52L-03
11763,CONLIN ST + CAROLINA,40.362188,-79.869421,mid_block,NaN,shp-52L-03
11764,CONLIN ST + PENNSYLVANIA,40.361741,-79.868114,mid_block,NaN,shp-52L-03
11765,PENNSYLVANIA AVE + VERMONT,40.362059,-79.866962,mid_block,NaN,shp-52L-03
11767,PENNSYLVANIA AVE + TAFT,40.362072,-79.861667,mid_block,NaN,shp-52L-03
11768,PENNSYLVANIA AVE + MELLON,40.36207,-79.858867,mid_block,NaN,shp-52L-03
11769,MELLON ST + HIGHLAND,40.363036,-79.858884,mid_block,NaN,shp-59-01
1177,FIFTH AVE + MOREWOOD AVE,40.447365,-79.942604,near_side,18.534161545621185,shp-71D-52
11770,MELLON ST + VERMONT,40.363929,-79.859021,mid_block,NaN,shp-59-01
11771,MELLON ST + MAINE,40.364821,-79.859149,mid_block,NaN,shp-59-01
11772,MELLON ST + TEXAS,40.365537,-79.859248,mid_block,NaN,shp-59-01
11774,KENNEDY AVE + DELL,40.366429,-79.857264,mid_block,NaN,shp-59-01
11775,KENNEDY AVE + PETER,40.367463,-79.855902,mid_block,NaN,shp-59-01
11776,KENNEDY AVE + WILMOT,40.368742,-79.854521,mid_block,NaN,shp-59-01
11777,KENNEDY AVE + CATHERINE,40.369709,-79.853575,mid_block,NaN,shp-59-01
1178,FIFTH AVE + AMBERSON,40.447642,-79.938893,near_side,8.930840826898852,shp-71D-52
11780,GRANT AVE + 6TH,40.372133,-79.851168,mid_block,NaN,shp-52L-03
11782,GRANT AVE + 4TH,40.372609,-79.849171,mid_block,NaN,shp-52L-03
11783,GRANT AVE + 2ND,40.373085,-79.847145,mid_block,NaN,shp-59-51
1179,FIFTH AVE + WILKINS,40.447772,-79.937208,far_side,10.258873362454832,shp-71D-52
11791,KENNYWOOD MALL FIRE LANE + HOLLYWOOD VIDEO,40.383592,-79.867459,mid_block,NaN,shp-59-51
1187,LIBERTY AVE + EVALINE,40.457999,-79.942071,mid_block,NaN,shp-86-02
1188,LIBERTY AVE + WINEBIDDLE,40.458814,-79.943591,near_side,16.09860021566563,shp-86-02
1189,LIBERTY AVE + GROSS,40.459412,-79.944722,mid_block,NaN,shp-86-02
1191,LIBERTY AVE + MATHILDA (WEST PENN HOSP),40.460582,-79.946912,mid_block,NaN,shp-86-02
11911,EASTMAN ST + GREENSPRINGS F S,40.383589,-79.877821,mid_block,NaN,shp-59-51
11915,ELIZA ST + CORBIN F,40.387484,-79.874856,mid_block,NaN,shp-59-51
11916,ELIZA ST + GLENCAIRN,40.389058,-79.875401,near_side,9.342195657686021,shp-59-51
1192,LIBERTY AVE + EDMOND,40.461145,-79.947957,near_side,11.287897401677615,shp-86-02
11925,MAPLE ST + KENNETT,40.395907,-79.882019,mid_block,NaN,shp-59-51
11926,WHITAKER ST + OAK,40.396203,-79.883629,mid_block,NaN,shp-59-51
11927,WHITAKER ST + ELM F S,40.39711,-79.884246,mid_block,NaN,shp-59-51
1193,LIBERTY AVE + PEARL,40.462088,-79.949752,near_side,15.729709016125248,shp-86-02
11931,ELIZA ST + FRANK,40.391829,-79.877208,mid_block,NaN,shp-59-51
11932,ELIZA ST + DIVISION ST,40.394506,-79.879442,mid_block,NaN,shp-59-51
1194,LIBERTY AVE + ELLA,40.463127,-79.95165,near_side,19.904542086486817,shp-86-02
11943,MIFFLIN ST + GEORGE ST,40.397693,-79.887885,mid_block,NaN,shp-52L-52
11945,MIFFLIN ST + WHITAKER ST,40.39866,-79.885482,mid_block,NaN,shp-52L-52
11947,WHITAKER ST + OAK,40.396323,-79.883797,mid_block,NaN,shp-59-01
11949,MAPLE ST + ELIZA,40.396142,-79.881267,mid_block,NaN,shp-59-01
11958,ELIZA ST + CORBIN,40.387478,-79.874924,mid_block,NaN,shp-59-01
11962,EASTMAN ST + GREENSPRINGS,40.383622,-79.877927,mid_block,NaN,shp-59-01
11966,ELIZA ST + FRANK (#3932),40.391949,-79.877396,mid_block,NaN,shp-59-01
11967,ELIZA ST + GLENCAIRN FS,40.38871,-79.87542,far_side,45.96193716333372,shp-59-01
11968,5TH ST + KENNEDY,40.371231,-79.849617,mid_block,NaN,shp-59-01
11969,5TH ST + VIOLA,40.369338,-79.848822,mid_block,NaN,shp-59-01
1197,PENN AVE + 40TH ST,40.465262,-79.957734,near_side,26.115776392466092,shp-64-01
11970,5TH ST + PRISCILLA,40.368458,-79.848412,mid_block,NaN,shp-59-01
11971,5TH ST + COCHRAN,40.366692,-79.847954,mid_block,NaN,shp-59-01
11972,5TH ST + CRAWFORD,40.364745,-79.847056,mid_block,NaN,shp-59-01
11973,CRAWFORD ST + CATHERINE,40.364334,-79.847772,mid_block,NaN,shp-59-01
11974,CRAWFORD ST + PIRL,40.364036,-79.848616,mid_block,NaN,shp-59-01
11975,CRAWFORD ST + STATE,40.36367,-79.849599,mid_block,NaN,shp-59-01
11976,CRAWFORD ST + WOOL,40.363367,-79.850426,mid_block,NaN,shp-59-01
11977,CRAWFORD ST + MONTEREY,40.362927,-79.852097,mid_block,NaN,shp-59-01
11978,CRAWFORD ST + MIFFLIN,40.362275,-79.854811,mid_block,NaN,shp-59-01
11979,PENNSYLVANIA AVE + CARNEGIE,40.362212,-79.856098,mid_block,NaN,shp-59-01
11980,PENNSYLVANIA AVE + MELLON,40.36212,-79.858684,mid_block,NaN,shp-59-01
1199,40TH ST + BUTLER,40.468544,-79.962105,near_side,29.66070376990981,shp-93-51
12,WOOD STREET STATION,40.442149,-79.999438,near_side,8.20936508344266,shp-RED-01
12006,PENNSYLVANIA AVE + CARNEGIE,40.362137,-79.856415,mid_block,NaN,shp-59-51
12007,PENNSYLVANIA AVE + MIFFLIN,40.362182,-79.854977,mid_block,NaN,shp-59-51
12008,CRAWFORD ST + MONTEREY,40.362826,-79.85225,mid_block,NaN,shp-59-51
12009,CRAWFORD ST + WOOL,40.363222,-79.850657,mid_block,NaN,shp-59-51
12010,CRAWFORD ST + STATE,40.363562,-79.849713,mid_block,NaN,shp-59-51
12011,CRAWFORD ST + PIRL,40.363899,-79.848798,mid_block,NaN,shp-59-51
12012,CRAWFORD ST + CATHERINE,40.364205,-79.847947,mid_block,NaN,shp-59-51
12013,CRAWFORD ST + 5TH,40.364567,-79.846973,mid_block,NaN,shp-59-51
12014,5TH ST + COCHRAN,40.366526,-79.847926,mid_block,NaN,shp-59-51
12015,5TH ST + PRISCILLA,40.368314,-79.848306,mid_block,NaN,shp-59-51
12017,4TH ST + VIOLA,40.369441,-79.847638,mid_block,NaN,shp-59-51
12018,4TH ST + KENNEDY,40.371318,-79.848404,near_side,13.549578469299009,shp-59-51
12019,4TH ST + GRANT,40.372602,-79.848949,mid_block,NaN,shp-59-51
12025,LEBANON CHURCH RD + CURRY HOLLOW,40.350625,-79.924508,mid_block,NaN,shp-59-51
12026,BUTTERMILK HOLLOW RD + #5055,40.354732,-79.913493,mid_block,NaN,shp-56-03
12028,BUTTERMILK HOLLOW RD + WALNUT,40.356161,-79.911645,mid_block,NaN,shp-56-03
12030,BUTTERMILK HOLLOW RD + PGH-MCKPT BLVD,40.358057,-79.909194,mid_block,NaN,shp-56-03
12031,BUTTERMILK HOLLOW RD + THOMPSON RUN FS,40.360886,-79.907625,far_side,44.084795956952945,shp-56-03
12032,BUTTERMILK HOLLOW RD + NAUGLE,40.364657,-79.908165,mid_block,NaN,shp-56-03
12033,MIFFLIN RD + MOHRBACH FS,40.366918,-79.909867,mid_block,NaN,shp-56-03
12034,MIFFLIN RD + #5419,40.368199,-79.910351,mid_block,NaN,shp-56-03
12038,LEBANON CHURCH RD + CAMP HOLLOW,40.350181,-79.927704,mid_block,NaN,shp-59-51
12039,MIFFLIN RD + MCBRIDE,40.369333,-79.910727,mid_block,NaN,shp-56-52
12040,MIFFLIN RD + #5419,40.368151,-79.910455,mid_block,NaN,shp-56-52
12041,MIFFLIN RD + MOHRBACH FS,40.366629,-79.909768,mid_block,NaN,shp-56-52
12042,MIFFLIN RD + NAUGLE,40.364834,-79.908379,mid_block,NaN,shp-56-52
12043,BUTTERMILK HOLLOW RD + THOMPSON RUN,40.360766,-79.90773,near_side,30.21241411835238,shp-56-52
12044,BUTTERMILK HOLLOW RD + PGH-MCKPT BLVD,40.358799,-79.908537,mid_block,NaN,shp-56-52
12046,BUTTERMILK HOLLOW RD + WALNUT,40.356331,-79.911554,mid_block,NaN,shp-56-52
12047,BUTTERMILK HOLLOW RD + REMNANT WORLD,40.355283,-79.912911,mid_block,NaN,shp-56-52
12050,HWY RT 885 + COAL VALLEY,40.322754,-79.926491,mid_block,NaN,shp-55-04
12053,LEBANON CHURCH RD + COUNTY AIRPORT ENT,40.350432,-79.92675,near_side,28.99898819927305,shp-59-01
12055,HWY RT 885 + LEBANON CHURCH FS,40.347985,-79.939228,mid_block,NaN,shp-59-01
12059,HWY ROUTE 885 + LEWIS RUN ROAD NS,40.333464,-79.934872,mid_block,NaN,shp-Y49-52
12062,IMOGENE RD + DESDEMONA,40.411896,-79.922847,mid_block,NaN,shp-57-02
12067,JOHNSTON AVE + #857,40.406218,-79.930971,mid_block,NaN,shp-57-02
12068,JOHNSTON AVE + ROSELLE FS,40.4062,-79.932842,mid_block,NaN,shp-57-02
12069,JOHNSTON AVE + #657,40.405358,-79.934098,mid_block,NaN,shp-57-02
12070,JOHNSTON AVE + #635,40.404871,-79.935356,mid_block,NaN,shp-57-02
12071,JOHNSTON AVE + MANSION,40.405517,-79.937283,mid_block,NaN,shp-57-02
12072,JOHNSTON AVE + GLENWOOD,40.406474,-79.939644,mid_block,NaN,shp-57-02
12073,JOHNSTON AVE + GERTRUDE,40.406575,-79.941279,mid_block,NaN,shp-57-02
12074,JOHNSTON AVE + SECOND,40.406185,-79.942843,mid_block,NaN,shp-57-02
12075,SECOND AVE + ELIZABETH,40.406964,-79.943174,near_side,18.232112487545475,shp-57-02
12076,SECOND AVE + TIPTON,40.407659,-79.943375,mid_block,NaN,shp-57-02
12077,SECOND AVE + GLEN CALADH,40.408923,-79.943734,far_side,38.51957850155405,shp-57-02
12078,SECOND AVE + FLOWERS,40.409879,-79.944012,near_side,14.916967228544554,shp-57-02
12080,IRVINE ST + BERWICK,40.413064,-79.945196,mid_block,NaN,shp-56-03
12081,IRVINE ST + TULLYMET,40.414518,-79.945884,mid_block,NaN,shp-56-03
12082,IRVINE ST + MOBILE,40.415956,-79.946641,near_side,12.177583756624232,shp-56-03
12089,SECOND AVE + TECHNOLOGY DR,40.434051,-79.965084,near_side,21.352223589088798,shp-57-02
1209,EVERGREEN RD + JOHN,40.487126,-79.972619,mid_block,NaN,shp-2-52
12090,SECOND AVE + BRADY,40.435855,-79.972532,near_side,14.177383228124697,shp-57-02
12091,MAIN CIRCLE DR + EMPLOYEE ENTRANCE,40.407563,-79.929895,mid_block,NaN,shp-57-52
12092,SECOND AVE + SECOND AVE PARKING PL (#1250),40.43447,-79.987227,near_side,16.041351053455394,shp-57-52
12094,SECOND AVE + BRADY,40.435782,-79.972824,near_side,19.328758663142416,shp-57-52
12095,SECOND AVE + TECHNOLOGY DR,40.434089,-79.965542,near_side,29.904631935238744,shp-57-52
12097,SECOND AVE + BATES FS,40.430963,-79.959081,far_side,29.105520363575682,shp-57-52
12100,GREENFIELD AVE + IRVINE ST,40.424858,-79.952592,near_side,47.50553577489524,shp-56-52
12103,IRVINE ST + MOBILE,40.416081,-79.946823,near_side,12.40942914181936,shp-56-52
12105,IRVINE ST + BERWICK,40.413123,-79.945349,mid_block,NaN,shp-56-52
12106,IRVINE ST + HAZELWOOD,40.4114,-79.94484,near_side,16.250775595931234,shp-56-52
12107,SECOND AVE + FLOWERS AVE,40.410123,-79.944203,near_side,19.596560453433295,shp-57-52
12108,SECOND AVE + TECUMSEH,40.408757,-79.943805,near_side,23.36748928849393,shp-57-52
12109,SECOND AVE + ELIZABETH,40.407198,-79.943363,near_side,15.389260263839619,shp-57-52
1211,EVERGREEN RD + DAVID,40.489175,-79.97215,mid_block,NaN,shp-2-52
12111,JOHNSTON AVE + GERTRUDE,40.406496,-79.941243,mid_block,NaN,shp-57-52
12112,JOHNSTON AVE + GLENWOOD,40.406469,-79.939846,mid_block,NaN,shp-57-52
12113,JOHNSTON AVE + WINSTON,40.405819,-79.938236,mid_block,NaN,shp-57-52
12115,JOHNSTON AVE + #643,40.404825,-79.935035,mid_block,NaN,shp-57-52
12116,JOHNSTON AVE + #666,40.405465,-79.933832,mid_block,NaN,shp-57-52
12118,JOHNSTON AVE + #857,40.40612,-79.930677,mid_block,NaN,shp-57-52
12123,IMOGENE RD + DESDEMONA,40.411704,-79.922799,mid_block,NaN,shp-57-52
12127,GREENFIELD AVE + SYLVAN,40.425641,-79.949668,mid_block,NaN,shp-93-02
12129,GREENFIELD AVE + HAYWORTH,40.4252,-79.945376,mid_block,NaN,shp-93-02
12130,GREENFIELD AVE + KEARCHER,40.425299,-79.943942,mid_block,NaN,shp-93-02
12131,GREENFIELD AVE + LYDIA,40.425471,-79.942559,mid_block,NaN,shp-93-02
12132,GREENFIELD AVE + HOOSAC,40.425833,-79.941092,mid_block,NaN,shp-93-02
12133,GREENFIELD AVE + WINTERBURN,40.426083,-79.940054,mid_block,NaN,shp-93-02
12134,GREENFIELD AVE + BLANTON ST STEPS,40.424531,-79.937743,mid_block,NaN,shp-58-51
12135,GREENFIELD AVE + MCCASLIN,40.424087,-79.936474,mid_block,NaN,shp-58-51
12136,GREENFIELD AVE + GRAPHIC,40.424318,-79.935394,mid_block,NaN,shp-58-51
12138,GREENFIELD AVE + FRANK (#912),40.423938,-79.932797,mid_block,NaN,shp-58-51
12139,GREENFIELD AVE + DELEVAN,40.423499,-79.931758,mid_block,NaN,shp-58-51
12143,SECOND AVE + WINSTON,40.404649,-79.942636,mid_block,NaN,shp-56-52
12144,SECOND AVE + MANSION,40.40402,-79.942468,near_side,40.55888707694417,shp-56-52
12145,SECOND AVE + AMERICAN,40.402927,-79.941978,mid_block,NaN,shp-56-52
12146,SECOND AVE + VESPUCIUS,40.401689,-79.940663,mid_block,NaN,shp-56-52
12147,SECOND AVE + RENOVA,40.400976,-79.939411,far_side,4.229720556353223,shp-56-52
12148,SECOND AVE + ALUVIAN,40.400208,-79.938132,mid_block,NaN,shp-56-52
12152,MIFFLIN RD + INTERBORO FS,40.369984,-79.913408,mid_block,NaN,shp-56-03
12154,MIFFLIN RD + GLENHURST,40.372058,-79.916852,mid_block,NaN,shp-56-03
12158,RAMP ST BRIDGE + BALDWIN,40.386716,-79.932477,mid_block,NaN,shp-56-03
12159,BALDWIN ST + GLASS RUN,40.389287,-79.932646,mid_block,NaN,shp-56-03
12160,SECOND AVE + ALUVIAN,40.400252,-79.937948,mid_block,NaN,shp-56-03
12161,SECOND AVE + GLENWOOD,40.400994,-79.939296,near_side,13.28831647406295,shp-56-03
12162,SECOND AVE + VESPUCIUS,40.401704,-79.940508,mid_block,NaN,shp-56-03
12163,SECOND AVE + MANSION,40.403622,-79.942219,near_side,12.511342903627423,shp-56-03
12164,SECOND AVE + WINSTON,40.404466,-79.94248,mid_block,NaN,shp-56-03
12165,SECOND AVE + JOHNSTON,40.405881,-79.942871,mid_block,NaN,shp-56-03
12167,WALNUT ST + PENN STATE MAIN BUILDING,40.344797,-79.826586,mid_block,NaN,shp-56-03
12168,UNIVERSITY DR + EDEN PARK BLVD,40.343265,-79.829087,mid_block,NaN,shp-56-03
12170,HARTMAN ST + SARAH ST FS,40.34987,-79.83424,mid_block,NaN,shp-56-03
12177,FOURTH AVE + WOOD,40.439482,-80.001669,near_side,41.90547622031857,shp-57-52
12178,FOURTH AVE + GRANT FS,40.437769,-79.997031,mid_block,NaN,shp-57-52
12180,SECOND AVE + B ST,40.436324,-79.996554,mid_block,NaN,shp-57-52
12181,SECOND AVE + ALLEGHENY COUNTY JAIL,40.435214,-79.993679,mid_block,NaN,shp-57-52
12182,SECOND AVE + JOHNSTON,40.406173,-79.943062,mid_block,NaN,shp-56-52
12183,BALDWIN RD AT GLASS RUN RD,40.389287,-79.932743,mid_block,NaN,shp-56-52
12186,MIFFLIN RD + GLENHURST,40.37211,-79.917079,mid_block,NaN,shp-56-52
12187,MIFFLIN RD + #1236,40.371105,-79.915089,mid_block,NaN,shp-56-52
122,BABCOCK BLVD AT MCCANDLESS CROSSING,40.569004,-80.016491,far_side,35.63533338385529,shp-12-02
12201,HARTMAN ST + ANDERSON AVE,40.349977,-79.834371,mid_block,NaN,shp-56-52
12209,GREENFIELD AVE + KEARCHER,40.425354,-79.943777,mid_block,NaN,shp-93-51
12210,GREENFIELD AVE + HAYWORTH,40.425372,-79.945104,mid_block,NaN,shp-93-51
12211,GREENFIELD AVE + YODER FS,40.425297,-79.947543,mid_block,NaN,shp-93-51
12212,GREENFIELD AVE + FRAZIER ST,40.425718,-79.949754,mid_block,NaN,shp-93-51
12215,HAZELWOOD AVE + SYLVAN AVE,40.411892,-79.941803,mid_block,NaN,shp-93-51
12232,ALGER ST + WINTERBURN,40.427103,-79.939605,mid_block,NaN,shp-93-51
12233,WINTERBURN AVE + GREENFIELD,40.426299,-79.939836,mid_block,NaN,shp-58-01
12236,WINTERBURN AVE + FARNSWORTH FS,40.423166,-79.939859,mid_block,NaN,shp-58-01
12237,WINTERBURN AVE + CONNOR,40.42057,-79.939877,mid_block,NaN,shp-58-01
12238,WINTERBURN AVE + BIGELOW,40.419024,-79.939888,mid_block,NaN,shp-58-01
12239,BIGELOW ST + MCCASLIN,40.419069,-79.938281,mid_block,NaN,shp-58-01
12240,BIGELOW ST + TESLA,40.419359,-79.93611,mid_block,NaN,shp-58-01
12241,HAZELWOOD AVE + NOTLEY,40.419846,-79.931424,mid_block,NaN,shp-93-51
12242,HAZELWOOD AVE + GREENFIELD AVE,40.419731,-79.929354,mid_block,NaN,shp-93-51
12248,HAZELWOOD AVE + SYVAN AVE,40.411953,-79.941742,mid_block,NaN,shp-93-02
12250,HAZELWOOD AVE + SECOND AVE,40.411411,-79.944466,near_side,30.583496101914385,shp-93-02
12284,MIFFLIN RD + #605,40.383235,-79.930313,near_side,16.763228568319597,shp-56-03
123,BABCOCK BLVD + DUNCAN AVE,40.567435,-80.016556,near_side,31.0031656032705,shp-12-02
12346,REGIS AVE EXT + HOME DEPOT,40.339769,-79.953036,far_side,25.115237736920626,shp-55-53
12357,KEEPORT + #5407,40.339562,-79.980222,mid_block,NaN,shp-Y47-52
12358,KEEPORT + KNOEDLER,40.341981,-79.981157,mid_block,NaN,shp-Y47-52
124,BABCOCK BLVD OPP WINCHESTER DR,40.566028,-80.016517,mid_block,NaN,shp-12-02
125,BABCOCK BLVD + FAIRFIELD RD,40.564226,-80.019086,mid_block,NaN,shp-12-02
12565,BRADDOCK HILLS SHOPPING CENTER + STOREFRONT,40.414555,-79.85334,mid_block,NaN,shp-61A-52
12567,6TH ST + BALDRIDGE,40.40573,-79.863463,mid_block,NaN,shp-61B-02
12576,CRAWFORD ST + JUNO,40.362571,-79.853595,mid_block,NaN,shp-59-01
1258,AVALON LOOP + CALIFORNIA,40.503682,-80.074369,mid_block,NaN,shp-16-13
12588,CRAWFORD ST + JUNO,40.362483,-79.853675,mid_block,NaN,shp-59-51
12589,KENNYWOOD MALL DR + HOFFMAN,40.382439,-79.868764,mid_block,NaN,shp-59-01
1259,CALIFORNIA AVE + FLORENCE,40.503482,-80.074563,mid_block,NaN,shp-16-13
12590,AJAX WAY + COREY AVE,40.408322,-79.867168,mid_block,NaN,shp-59-51
12594,WM PENN HWY + PENN CENTER,40.430306,-79.813582,mid_block,NaN,shp-P67-62
12595,FREEPORT RD + #1150,40.488047,-79.879415,mid_block,NaN,shp-1-01
12596,FREEPORT RD + S OAK HILL RD,40.488762,-79.877214,mid_block,NaN,shp-1-01
12597,FREEPORT RD + E OAK HILL RD,40.48924,-79.875024,mid_block,NaN,shp-1-01
1260,CALIFORNIA AVE + FISK,40.503205,-80.072517,mid_block,NaN,shp-16-13
12601,FREEPORT RD + ALPHA (RIDC PARK),40.491378,-79.866017,near_side,16.120465942270037,shp-1-01
12602,FREEPORT RD + CENTER AVE (BLAWNOX),40.491803,-79.865135,near_side,29.33159270818306,shp-1-01
12603,FREEPORT RD + BLAW,40.492792,-79.863087,near_side,13.941824527914845,shp-1-01
12604,FREEPORT RD + MAPLE,40.493918,-79.860825,mid_block,NaN,shp-1-01
12605,FREEPORT RD + CABLE,40.494788,-79.859041,mid_block,NaN,shp-1-01
12606,FREEPORT RD + HUMBOLDT,40.496128,-79.857172,mid_block,NaN,shp-1-01
12608,FREEPORT RD + BOYD,40.498556,-79.853972,far_side,12.725804232733537,shp-1-01
12610,FREEPORT RD + CLIFTON,40.499529,-79.852853,mid_block,NaN,shp-1-01
12613,FREEPORT RD + #2238,40.527344,-79.850562,mid_block,NaN,shp-1-01
12616,FREEPORT RD + GUYS RUN RD,40.533763,-79.844916,near_side,14.715076643011974,shp-1-01
12617,FREEPORT RD + VALLEY MOTEL,40.535264,-79.842571,mid_block,NaN,shp-1-01
12618,FREEPORT RD +HWY RT 910( WERNER CAMP),40.536857,-79.83926,ambiguous,1.9900143086103816,shp-1-01
12619,FREEPORT RD + ALPHA DR W,40.537748,-79.83478,near_side,11.513916446573617,shp-1-01
1262,CALIFORNIA AVE + BIRMINGHAM,40.501869,-80.069385,mid_block,NaN,shp-16-13
12620,ALPHA DR + FREEPORT FS,40.539391,-79.830643,mid_block,NaN,shp-P78-15
12634,E 6TH AVE + LOCK,40.602516,-79.754408,mid_block,NaN,shp-1-52
12635,E 7TH AVE + WOOD,40.602566,-79.755702,mid_block,NaN,shp-1-52
12638,7TH AVE + CENTER,40.600351,-79.760731,near_side,9.220871528942485,shp-1-52
12639,7TH AVE + WESTERN,40.599447,-79.762397,near_side,23.56123762382216,shp-1-52
1264,CALIFORNIA AVE + CHESTNUT,40.500204,-80.066015,mid_block,NaN,shp-16-13
12640,7TH AVE + GRANTHAM,40.598318,-79.764464,near_side,29.760791471843064,shp-1-52
12642,FREEPORT RD + WORKS ENT #3,40.593011,-79.770861,mid_block,NaN,shp-1-52
12644,FREEPORT RD + BARTSCH,40.585804,-79.777023,mid_block,NaN,shp-1-52
12645,FREEPORT RD + ROWES CROSSING,40.58365,-79.77795,mid_block,NaN,shp-1-52
12646,FREEPORT RD + CRAWFORD RUN,40.582478,-79.778435,near_side,9.417073274600222,shp-1-52
12647,FREEPORT RD + MURRAY HILL,40.581448,-79.778872,mid_block,NaN,shp-1-52
12650,FREEPORT RD + 3RD,40.57702,-79.778416,near_side,26.472982026303207,shp-1-52
12651,FREEPORT RD + 2ND,40.574878,-79.777883,mid_block,NaN,shp-1-52
12652,FREEPORT RD + 1ST,40.573322,-79.777489,mid_block,NaN,shp-1-52
12656,FREEPORT RD + #153,40.567774,-79.776218,mid_block,NaN,shp-1-52
12658,4TH AVE + CENTRAL CITY PLAZA,40.564138,-79.766112,mid_block,NaN,shp-1-01
12659,4TH AVE + 7TH,40.56259,-79.765741,mid_block,NaN,shp-1-52
12660,7TH ST + NEW KEN HOSPITAL,40.562312,-79.766678,mid_block,NaN,shp-1-52
12661,INDUSTRIAL BLVD + KEY LINCOLN-MERCURY,40.563447,-79.76792,mid_block,NaN,shp-1-52
12662,FREEPORT RD + GLASSMERE GAS STATION,40.560579,-79.772956,mid_block,NaN,shp-1-52
12663,FREEPORT RD + RIDDLE RUN,40.545899,-79.770572,mid_block,NaN,shp-1-52
12664,PITTSBURGH ST + BUTLER FS,40.542507,-79.773393,far_side,37.98440839139685,shp-1-52
12665,PITTSBURGH ST + ORCHARD,40.542023,-79.774696,mid_block,NaN,shp-1-52
12666,PITTSBURGH ST + MOYHEND,40.541829,-79.77583,mid_block,NaN,shp-1-52
12668,PITTSBURGH ST + JAMES FS,40.541225,-79.780351,far_side,40.04656352069269,shp-1-52
1267,CALIFORNIA AVE + HOME,40.498601,-80.061969,near_side,14.118817019486931,shp-16-13
12670,PITTSBURGH ST + MURTLAND,40.54113,-79.782293,mid_block,NaN,shp-1-52
12671,PITTSBURGH ST + COLFAX,40.541093,-79.783997,near_side,13.30821171929549,shp-1-52
12673,PITTSBURGH ST + PORTER,40.541262,-79.78847,mid_block,NaN,shp-1-52
12675,PITTSBURGH ST + DUQUESNE CT,40.541009,-79.793372,mid_block,NaN,shp-1-52
12678,PITTSBURGH ST + ALLEGHENY,40.541276,-79.797705,mid_block,NaN,shp-1-52
12680,PITTSBURGH ST + HILL,40.541115,-79.802422,mid_block,NaN,shp-1-52
12683,FREEPORT RD + WILSON,40.540666,-79.809401,mid_block,NaN,shp-1-52
12684,FREEPORT RD + ORR,40.540497,-79.811728,mid_block,NaN,shp-1-52
12685,FREEPORT RD + JEFFERSON,40.540527,-79.813489,mid_block,NaN,shp-1-52
12686,FREEPORT RD + PEARL,40.540773,-79.816047,near_side,11.384994153686893,shp-1-52
12687,FREEPORT RD + MULLIGANS,40.540985,-79.818588,mid_block,NaN,shp-1-52
12689,FREEPORT RD + ALPHA DR E,40.538742,-79.830223,near_side,23.026379876434017,shp-1-52
1269,LINCOLN AVE + JACKSON,40.49691,-80.05835,mid_block,NaN,shp-16-13
12693,MAIN ST + 21ST ST,40.493679,-79.915704,near_side,7.746496372261983,shp-91-03
12694,MAIN ST + 19TH ST,40.494085,-79.917976,mid_block,NaN,shp-91-03
12695,MAIN ST + #1834,40.494459,-79.92031,mid_block,NaN,shp-91-03
12696,MAIN ST + 18TH ST,40.494598,-79.921517,near_side,15.846389293228052,shp-91-03
12697,MAIN ST + #1704,40.494731,-79.923001,mid_block,NaN,shp-91-03
12698,MAIN ST + 16TH ST,40.494705,-79.925229,mid_block,NaN,shp-91-03
12699,MAIN ST + 15TH ST,40.494604,-79.92623,mid_block,NaN,shp-91-03
127,CORPORATE DR + #5700,40.563606,-80.022751,mid_block,NaN,shp-12-02
12700,MAIN ST + 14TH ST,40.494494,-79.927422,mid_block,NaN,shp-91-03
12701,MAIN ST + 13TH ST,40.494358,-79.929604,mid_block,NaN,shp-91-03
12702,MAIN ST + #1102,40.494275,-79.930866,mid_block,NaN,shp-91-03
12703,MAIN ST + CANAL ST,40.494602,-79.932179,mid_block,NaN,shp-91-03
12704,MAIN ST + 9TH ST,40.494639,-79.933472,mid_block,NaN,shp-91-03
12705,MAIN ST + 8TH ST,40.494662,-79.934381,near_side,12.862663518078426,shp-91-03
12706,MAIN ST + 6TH ST,40.494693,-79.935699,mid_block,NaN,shp-91-03
12707,MAIN ST + GARNIER ST,40.495318,-79.937477,mid_block,NaN,shp-91-03
12708,MAIN ST + POWERS ST,40.495638,-79.938347,mid_block,NaN,shp-91-03
1271,LINCOLN AVE + SHERIDAN AVE,40.495209,-80.054928,mid_block,NaN,shp-16-13
12710,FREEPORT ST + GARDEN,40.496703,-79.942578,mid_block,NaN,shp-1-52
12711,FREEPORT RD + BUTLER,40.496504,-79.943842,near_side,21.858647913212597,shp-1-52
1273,FREMONT AVE + TEECE AVE,40.495795,-80.05168,mid_block,NaN,shp-13-54
1274,FREMONT AVE + ORCHARD AVE,40.497647,-80.050595,mid_block,NaN,shp-13-54
1275,FOREST AVE + #414,40.498951,-80.050481,mid_block,NaN,shp-13-54
12750,RIDC PARK + TERMINAL,40.500414,-79.860934,mid_block,NaN,shp-91-53
12760,BUTLER ST + FREEPORT ST,40.496406,-79.94415,near_side,4.822327921805501,shp-1-01
12761,FREEPORT ST + BRIDGE,40.496748,-79.942023,mid_block,NaN,shp-1-01
12763,MAIN ST + PRAEGER ST,40.49523,-79.937459,mid_block,NaN,shp-91-52
12764,MAIN ST OPP 6TH ST FS,40.494613,-79.935691,mid_block,NaN,shp-91-52
12765,MAIN ST + ALI ST,40.494596,-79.934724,near_side,26.40656116337006,shp-91-52
12766,MAIN ST + 9TH ST,40.494561,-79.933664,mid_block,NaN,shp-91-52
12767,MAIN ST + CANAL ST,40.494509,-79.932054,mid_block,NaN,shp-91-52
12768,MAIN ST + #1113,40.49423,-79.930445,mid_block,NaN,shp-91-52
12769,MAIN ST + 13TH ST,40.4943,-79.929416,mid_block,NaN,shp-91-52
1277,FOREST AVE + BALPH AVE,40.499958,-80.052374,mid_block,NaN,shp-13-54
12770,MAIN ST + 14TH ST,40.494427,-79.927564,mid_block,NaN,shp-91-52
12771,MAIN ST + 15TH ST,40.494494,-79.926529,mid_block,NaN,shp-91-52
12772,MAIN ST + 16TH ST,40.49464,-79.925153,mid_block,NaN,shp-91-52
12773,MAIN ST + 17TH ST,40.494693,-79.923436,mid_block,NaN,shp-91-52
12774,MAIN ST + 18TH ST,40.494563,-79.921886,near_side,25.415623738598505,shp-91-52
12775,MAIN ST + #1841,40.494322,-79.91991,mid_block,NaN,shp-91-52
12776,MAIN ST + 19TH ST,40.494031,-79.918107,mid_block,NaN,shp-91-52
12777,MAIN ST + 21ST ST,40.493651,-79.915963,near_side,21.397962715151387,shp-91-52
1278,FOREST AVE + #546,40.500676,-80.053763,mid_block,NaN,shp-13-54
12782,FREEPORT RD + ALPHA DR E,40.538586,-79.830208,far_side,22.753034629525477,shp-1-01
12784,FREEPORT RD + # 1101 (MULLIGANS),40.540913,-79.818825,mid_block,NaN,shp-1-01
12785,FREEPORT RD + PEARL,40.540734,-79.816466,near_side,35.49779937880685,shp-1-01
12786,FREEPORT RD + JEFFERSON,40.540454,-79.813517,mid_block,NaN,shp-1-01
12787,FREEPORT RD + ORR,40.540421,-79.811831,mid_block,NaN,shp-1-01
12788,FREEPORT RD + WILSON,40.540578,-79.809571,mid_block,NaN,shp-1-01
1279,FOREST AVE + CAROLYN AVE,40.502514,-80.054345,mid_block,NaN,shp-13-54
12790,PITTSBURGH ST + PILLOW,40.540998,-79.804275,near_side,12.724538253698794,shp-1-01
12791,PITTSBURGH ST + HILL,40.541061,-79.802482,mid_block,NaN,shp-1-01
12792,PITTSBURGH ST + HIGHLAND FS,40.541445,-79.799743,mid_block,NaN,shp-1-01
12793,PITTSBURGH ST + ALLEGHENY,40.541225,-79.797943,mid_block,NaN,shp-1-01
12794,PITTSBURGH ST + SHADY,40.540921,-79.795923,mid_block,NaN,shp-1-01
12796,PITTSBURGH ST + DUQUESNE CT,40.54094,-79.793071,mid_block,NaN,shp-1-01
12797,PITTSBURGH ST + WASHINGTON,40.541106,-79.790545,mid_block,NaN,shp-1-01
12798,PITTSBURGH ST + PORTER,40.541169,-79.788926,mid_block,NaN,shp-1-01
12799,PITTSBURGH ST + ROSA,40.54118,-79.786429,mid_block,NaN,shp-1-01
1280,FOREST AVE + MARYLAND AVE,40.504092,-80.052545,mid_block,NaN,shp-13-54
12801,PITTSBURGH ST + OAK,40.541037,-79.7823,mid_block,NaN,shp-1-01
12802,PITTSBURGH + JAMES,40.541182,-79.779641,far_side,39.14693276396607,shp-1-01
12803,PITTSBURGH + SCHOOL,40.54138,-79.777912,near_side,15.200500409556154,shp-1-01
12804,PITTSBURGH + MOYHEND,40.541693,-79.77612,mid_block,NaN,shp-1-01
12805,PITTSBURGH + HARTREY,40.541945,-79.774666,mid_block,NaN,shp-1-01
12806,PITTSBURGH + BUTLER,40.542548,-79.773145,near_side,13.262903247897238,shp-1-01
12807,FREEPORT RD + RIDDLE RUN,40.546179,-79.770383,mid_block,NaN,shp-1-01
12808,FREEPORT RD + GLASSMERE GAS STATION,40.560153,-79.772559,mid_block,NaN,shp-1-01
12809,FREEPORT RD + #153,40.56787,-79.776113,mid_block,NaN,shp-1-01
1281,FOREST AVE + RAVENSWOOD AVE,40.505613,-80.051547,mid_block,NaN,shp-13-54
12813,FREEPORT RD + 1ST FS,40.573294,-79.777354,mid_block,NaN,shp-1-01
12814,FREEPORT RD + 2ND FS,40.574852,-79.777743,mid_block,NaN,shp-1-01
12815,FREEPORT RD + 3RD,40.576934,-79.778255,far_side,13.63226010843971,shp-1-01
12817,FREEPORT RD + MURRAY HILL,40.58114,-79.778861,mid_block,NaN,shp-1-01
12818,FREEPORT RD + CRAWFORD RUN,40.582387,-79.778334,far_side,8.273143327023151,shp-1-01
12819,FREEPORT RD + ROWES CROSSING,40.583613,-79.777835,mid_block,NaN,shp-1-01
12820,FREEPORT RD + BARTSCH,40.585537,-79.777013,mid_block,NaN,shp-1-01
12826,W 7TH AVE + CENTER,40.600178,-79.760818,near_side,12.33773174838082,shp-1-01
12830,E 4TH AVE + HICKORY AL,40.601977,-79.752892,mid_block,NaN,shp-1-01
12833,E 5TH AVE + ROSS,40.601021,-79.756676,ambiguous,39.67244425163317,shp-1-01
12834,ALPHA DR + FREEPORT RD FS,40.491737,-79.866,far_side,31.22848434353213,shp-91-53
12836,ALPDA DR + PRINT TECH DRVWY,40.493153,-79.870842,mid_block,NaN,shp-91-53
12838,RIDC PARK + TERMINAL,40.500591,-79.864784,mid_block,NaN,shp-91-04
12847,ALPHA DR + BETA DR FS,40.495142,-79.867763,mid_block,NaN,shp-91-04
1288,CENTER AVE + HARVARD AVE,40.515067,-80.044763,mid_block,NaN,shp-13-54
1289,CENTER AVE + YALE AVE,40.516736,-80.044425,mid_block,NaN,shp-13-54
129,MCKNIGHT RD + MALIBRAN DR,40.557392,-80.023102,mid_block,NaN,shp-12-02
1290,CENTER AVE + PRINCETON AVE,40.51828,-80.044129,mid_block,NaN,shp-13-54
1291,CENTER AVE + CORNELL AVE,40.519398,-80.043643,mid_block,NaN,shp-13-54
12989,PARKER ST + #90,40.493801,-79.952087,mid_block,NaN,shp-2-01
13,GATEWAY STATION,40.442189,-80.004205,ambiguous,10.285492108539716,shp-RED-01
1301,CENTER AVE + PRINCETON AVE,40.518578,-80.04419,mid_block,NaN,shp-13-02
1302,CENTER AVE + YALE AVE,40.516756,-80.044561,mid_block,NaN,shp-13-02
13023,PARKER ST + #90,40.49374,-79.95163,mid_block,NaN,shp-2-52
1303,CENTER AVE + HARVARD AVE,40.515379,-80.044807,mid_block,NaN,shp-13-02
1304,CORNELL AVE + CORNELL AVE EXT,40.513776,-80.045507,mid_block,NaN,shp-13-02
1306,CORNELL AVE + OAKRIDGE RD,40.510788,-80.045582,mid_block,NaN,shp-13-02
1309,FOREST AVE + KLEMONT AVE,40.506703,-80.051236,mid_block,NaN,shp-13-02
1310,FOREST AVE + RAVENSWOOD AVE,40.50584,-80.051601,mid_block,NaN,shp-13-02
1311,FOREST AVE + MARYLAND AVE,40.50429,-80.052416,mid_block,NaN,shp-13-02
1312,FOREST AVE + CAROLYN AVE FS,40.502197,-80.054516,mid_block,NaN,shp-13-02
1313,FOREST AVE + #550,40.500908,-80.054315,mid_block,NaN,shp-13-02
1314,FOREST AVE + BALPH AVE,40.499997,-80.052596,mid_block,NaN,shp-13-02
1317,BALPH AVE + TEECE AVE,40.49737,-80.05436,near_side,10.69796204462377,shp-13-02
1319,LINCOLN AVE + JACKSON,40.49679,-80.057952,mid_block,NaN,shp-16-51
132,MCKNIGHT RD + BROWNS LN,40.545997,-80.017083,far_side,6.7335350692780915,shp-O12-02
1320,LINCOLN AVE + STARR AVE,40.497794,-80.059989,near_side,19.709720781753393,shp-16-51
1321,CALIFORNIA AVE + HOME,40.498584,-80.0617,near_side,15.908434251014198,shp-16-51
1324,CALIFORNIA AVE + CHESTNUT,40.500071,-80.065466,mid_block,NaN,shp-16-51
1325,CALIFORNIA AVE + SCHOOL,40.50097,-80.06713,mid_block,NaN,shp-16-51
1326,CALIFORNIA AVE + BIRMINGHAM,40.501814,-80.068955,mid_block,NaN,shp-16-51
13317,FREEPORT RD + PENNSYLVANIA,40.624944,-79.723233,mid_block,NaN,shp-P10-01
13318,FREEPORT RD + PRINCETON,40.623948,-79.72442,near_side,12.777504345715151,shp-P10-01
13319,FREEPORT RD + FAIRMONT,40.622225,-79.727024,mid_block,NaN,shp-P10-01
1332,MERCHANT ST + 8TH NS,40.589542,-80.229424,mid_block,NaN,shp-14-07
13320,FREEPORT RD + MONTANA,40.621186,-79.728489,near_side,16.907778384340187,shp-P10-01
13321,FREEPORT RD + IDAHO,40.619673,-79.730355,mid_block,NaN,shp-P10-01
13323,FREEPORT RD + ALABAMA,40.616583,-79.736409,near_side,20.04917702763576,shp-P10-01
13324,FREEPORT RD + MILE LOCK,40.61567,-79.738702,mid_block,NaN,shp-P10-01
13326,9TH ST + MORGAN,40.609611,-79.741848,mid_block,NaN,shp-P10-01
13333,FREEPORT RD + MILE LOCK,40.615491,-79.738793,mid_block,NaN,shp-P10-51
13334,FREEPORT RD + ALABAMA,40.616348,-79.736633,near_side,20.788738031730823,shp-P10-51
13335,FREEPORT RD + ARGONNE,40.617415,-79.733948,mid_block,NaN,shp-P10-51
13336,FREEPORT RD + CALIFORNIA,40.618123,-79.732368,near_side,32.01320500738218,shp-P10-51
13337,FREEPORT RD + IDAHO,40.619336,-79.730541,mid_block,NaN,shp-P10-51
13338,FREEPORT RD + MONTANA,40.620925,-79.728594,near_side,16.07943705218246,shp-P10-51
13339,FREEPORT RD + PRINCETON,40.623707,-79.724534,near_side,17.225146881175117,shp-P10-51
1334,MERCHANT ST + 6TH,40.586599,-80.227418,near_side,14.041582856290034,shp-14-07
1335,MERCHANT ST + 4TH,40.583768,-80.225291,near_side,14.458428275409535,shp-14-07
13357,ALPHA DR + FREEPORT RD,40.491642,-79.866073,near_side,26.418489981352508,shp-91-04
1337,MERCHANT ST + PA JOB SERVICE,40.580116,-80.222298,mid_block,NaN,shp-14-07
1338,MERCHANT ST + VALLEY,40.579876,-80.221603,mid_block,NaN,shp-14-07
134,MCKNIGHT RD + TOYOTA DEALERSHIP,40.540305,-80.012294,mid_block,NaN,shp-12-02
1340,BEAVER RD + LEET FS,40.571251,-80.216332,mid_block,NaN,shp-14-07
13404,FREEPORT RD + SAXONBURG,40.636115,-79.712513,near_side,13.79168993737436,shp-P10-01
13405,FREEPORT RD + LENGEL,40.634599,-79.7135,mid_block,NaN,shp-P10-01
13406,FREEPORT RD + DAVIS,40.632736,-79.714828,mid_block,NaN,shp-P10-01
13408,FREEPORT RD + BURTNER,40.629697,-79.718271,near_side,15.877155247116976,shp-P10-01
1341,BEAVER RD + BROAD FS,40.569439,-80.213829,mid_block,NaN,shp-14-07
13410,FREEPORT RD + LILAC FS,40.628311,-79.719634,mid_block,NaN,shp-P10-01
13411,FREEPORT RD + POPLAR,40.627358,-79.720678,mid_block,NaN,shp-P10-01
1342,BEAVER RD + #305,40.567784,-80.211586,mid_block,NaN,shp-14-07
1343,BEAVER RD + RAPP,40.566605,-80.209746,mid_block,NaN,shp-14-07
1344,BEAVER RD + SPENCER,40.565003,-80.207118,mid_block,NaN,shp-14-07
1345,BEAVER RD + CAMP MEETING,40.564054,-80.205796,mid_block,NaN,shp-14-07
13459,FREEPORT RD + ROSS,40.627822,-79.719322,mid_block,NaN,shp-P10-51
1346,BEAVER RD + OAK,40.562504,-80.204071,mid_block,NaN,shp-14-07
13460,FREEPORT RD + BURTNER,40.62948,-79.717677,near_side,14.02852855579321,shp-P10-51
13462,FREEPORT RD + AUTO PARTS STORE,40.631893,-79.715232,mid_block,NaN,shp-P10-51
13464,FREEPORT RD + HARRISON,40.634537,-79.713376,mid_block,NaN,shp-P10-51
13465,FREEPORT RD + SAXONBURG,40.636058,-79.712346,far_side,19.307169557587354,shp-P10-51
13466,FREEPORT RD + OLIVE,40.638864,-79.711198,mid_block,NaN,shp-P10-51
13467,FREEPORT RD + SPRING HILL,40.62681,-79.721289,near_side,15.316212118617468,shp-P10-01
13468,FREEPORT RD + HARVARD,40.625907,-79.722268,mid_block,NaN,shp-P10-01
1347,BEAVER RD + VALLEY,40.561104,-80.20266,mid_block,NaN,shp-14-07
13471,PENN ST + UNION,40.61316,-79.741656,mid_block,NaN,shp-P10-01
13472,PENN ST + ATLANTIC,40.611679,-79.740818,mid_block,NaN,shp-P10-01
13473,PENN ST + ROUP,40.610882,-79.740494,mid_block,NaN,shp-P10-01
13474,9TH ST + PENN FS,40.609964,-79.740358,mid_block,NaN,shp-P10-01
13475,9TH ST + PROSPECT,40.609062,-79.744141,mid_block,NaN,shp-P10-01
13476,9TH ST + GRANT,40.608344,-79.745864,mid_block,NaN,shp-P10-01
13477,9TH ST + HORNER,40.607609,-79.747475,mid_block,NaN,shp-P10-01
13478,9TH ST + ORMOND,40.60685,-79.74914,mid_block,NaN,shp-P10-01
13479,9TH ST + CORBET,40.604916,-79.753464,mid_block,NaN,shp-P10-01
1348,BEAVER RD + VILLAGE DR,40.559555,-80.201319,mid_block,NaN,shp-14-07
1349,BEAVER RD + LITTLE SEWICKLEY,40.558785,-80.200394,mid_block,NaN,shp-14-07
13490,9TH ST + MORGAN,40.609467,-79.742065,mid_block,NaN,shp-P10-51
13492,PENN ST + ATLANTIC,40.611543,-79.74067,mid_block,NaN,shp-P10-51
13494,PENN ST + UNION,40.61304,-79.74148,mid_block,NaN,shp-P10-51
13496,BOYCE CAMPUS EAST PKG LOT + STEPS,40.453202,-79.751368,mid_block,NaN,shp-67-16
13498,BEATTY RD + COLLEGE PARK,40.441799,-79.743065,mid_block,NaN,shp-67-16
135,MCKNIGHT RD + ROSS TOWNE CENTER,40.537777,-80.011459,near_side,8.08610886829219,shp-12-02
1350,BEAVER RD + SHIELDS,40.557237,-80.198242,mid_block,NaN,shp-14-07
13500,OLD WM PENN HWY + GLENWOOD DR,40.44076,-79.745005,mid_block,NaN,shp-67-16
13502,OLD WM PENN HWY + BAYHILL DR,40.441806,-79.749807,mid_block,NaN,shp-67-16
13503,OLD WM PENN HWY + SCOTT DR,40.441522,-79.751442,mid_block,NaN,shp-67-16
13504,OLD WM PENN HWY + WILLIAMSBURG DR,40.441433,-79.753636,mid_block,NaN,shp-67-16
13506,OLD WM PENN HWY + GOOD SHEPHERD,40.443849,-79.757671,mid_block,NaN,shp-67-16
13507,HAYMAKER RD + CLOVER DR,40.442448,-79.760208,mid_block,NaN,shp-67-16
13508,LOWES DR + FOX PLAN RD FS,40.438045,-79.761741,mid_block,NaN,shp-67-15
13509,WM PENN HWY + SUNRISE HOTEL,40.438953,-79.7649,mid_block,NaN,shp-67-15
1351,BEAVER RD + CHURCH,40.556338,-80.196974,mid_block,NaN,shp-14-07
13512,WM PENN HWY + DUFFS,40.438225,-79.774095,near_side,18.13156772224697,shp-67-15
13513,WM PENN HWY + RED LOBSTER,40.438007,-79.775597,mid_block,NaN,shp-67-15
13515,WM PENN HWY + COUNTRY SQUARE SHOPPING CENTER,40.436615,-79.782997,mid_block,NaN,shp-67-15
13516,MALL BLVD + MALL BLVD PLAZA,40.434898,-79.786522,mid_block,NaN,shp-67-15
13517,MALL BLVD + STEPS,40.433785,-79.78878,mid_block,NaN,shp-67-15
13518,WM PENN HWY + RODI FS,40.438462,-79.830801,far_side,23.850023579398044,shp-67-15
13521,MCCRADY RD AT BEULAH CHURCH PARK AND RIDE,40.446281,-79.846642,mid_block,NaN,shp-67-15
13523,BEATTY RD + BRUNNER DR,40.451878,-79.755051,mid_block,NaN,shp-77-09
13526,BEATTY RD + HAYMAKER RD,40.448515,-79.761033,near_side,16.018808753115508,shp-77-09
1353,BEAVER RD + CHESTNUT,40.550271,-80.190464,mid_block,NaN,shp-14-07
1354,BEAVER RD + QUAKER,40.548647,-80.189678,mid_block,NaN,shp-14-07
1355,BEAVER RD + MEADOW,40.546842,-80.189357,mid_block,NaN,shp-14-07
13565,HOLIDAY PARK RD + HWY RT 286,40.475287,-79.707584,ambiguous,24.772909789802153,shp-P12-70
13567,HWY RT 286 + DUANE,40.468421,-79.705984,mid_block,NaN,shp-P12-03
13568,HWY RT 286 AT HOLIDAY PARK VFD,40.466522,-79.705536,mid_block,NaN,shp-P12-03
13569,HWY RT 286 + PRESQUE ISLE,40.463731,-79.705538,near_side,14.702418058093887,shp-P12-03
1357,BEAVER ST + GRANT,40.543776,-80.185508,mid_block,NaN,shp-14-07
13570,HWY RT 286 + KANE (YMCA),40.458055,-79.708362,near_side,11.439038670993975,shp-P12-03
13571,HWY RT 286 + PINE VALLEY,40.45509,-79.710802,near_side,10.356206755295592,shp-P12-03
13572,HWY RT 286 AT NEW TEXAS RD - PLUM PARK AND RIDE,40.450972,-79.71358,near_side,16.21167802063153,shp-P12-03
13574,HWY RT 286 + WESTINGHOUSE #1,40.442413,-79.713402,near_side,21.113269439890733,shp-P12-03
13576,HWY RT 286 + PROFESSIONAL CENTER,40.435577,-79.713989,mid_block,NaN,shp-P12-03
13577,HWY RT 286 + DAY CHEVROLET,40.431539,-79.717118,mid_block,NaN,shp-P12-03
1358,BEAVER ST + LITTLE,40.542393,-80.183449,mid_block,NaN,shp-14-07
13585,WM PENN HWY + NOTTINGHAM,40.438214,-79.830701,far_side,8.540471561036485,shp-67-52
13588,RODI RD + PENN CENTER BLVD,40.430393,-79.816969,mid_block,NaN,shp-67-52
1359,BEAVER ST + WALNUT,40.541287,-80.181773,mid_block,NaN,shp-14-07
13590,PENN CENTER BLVD + PENN TOWERS (UPPER),40.424239,-79.812522,mid_block,NaN,shp-67-52
13591,PENN CENTER BLVD + BLDG #7,40.426345,-79.811304,mid_block,NaN,shp-67-52
13592,PENN CENTER BLVD + BLDG #3,40.428246,-79.81184,mid_block,NaN,shp-67-52
13593,PENN CENTER BLVD + WM PENN,40.429811,-79.811999,near_side,7.0135222217738615,shp-67-52
13594,MALL BLVD + TGI FRIDAY,40.433837,-79.78841,mid_block,NaN,shp-67-52
13595,MALL BLVD + PATEL BROTHERS,40.434952,-79.786024,mid_block,NaN,shp-67-52
13596,MALL BLVD + WM PENN,40.435894,-79.785446,near_side,18.5838396189844,shp-67-52
13599,WM PENN HWY + RED LOBSTER,40.437892,-79.775456,mid_block,NaN,shp-67-52
136,MCKNIGHT RD + OLD MCKNIGHT RD,40.533742,-80.011139,mid_block,NaN,shp-12-02
13600,WM PENN HWY + DENNYS,40.43829,-79.772423,mid_block,NaN,shp-67-52
13601,WM PENN HWY + STROSCHEIN,40.438534,-79.76976,near_side,42.8514161720169,shp-67-52
13603,HAYMAKER RD + CLOVER DR,40.442193,-79.760116,mid_block,NaN,shp-67-51
13604,OLD WM PENN HWY + GOOD SHEPHERD,40.443722,-79.757749,mid_block,NaN,shp-67-51
13605,OLD WM PENN HWY + WILLIAMSBURG DR,40.441411,-79.753778,mid_block,NaN,shp-67-51
13606,OLD WM PENN HWY + SCOTT DR,40.441384,-79.751748,mid_block,NaN,shp-67-51
13607,OLD WM PENN HWY + BAYHILL DR,40.441713,-79.749619,mid_block,NaN,shp-67-51
13609,OLD WM PENN HWY + GLENWOOD DR,40.44066,-79.745259,mid_block,NaN,shp-67-51
1361,BEAVER ST + LOGAN FS,40.538025,-80.178276,mid_block,NaN,shp-14-07
13610,BEATTY RD + COLLEGE PARK,40.441634,-79.742771,mid_block,NaN,shp-67-51
13611,BEATTY RD + BEATTY POINTE VILLAGE,40.445774,-79.74744,mid_block,NaN,shp-67-51
13620,BEATTY RD + BRUNNER DR,40.451725,-79.755341,mid_block,NaN,shp-77-59
13629,HWY RT 286 + #1610,40.435106,-79.714115,mid_block,NaN,shp-P12-70
1363,BEAVER ST + BEAVER CT,40.536419,-80.176705,mid_block,NaN,shp-14-07
13631,HWY RT 286 + WESTINGHOUSE #2,40.44205,-79.713245,near_side,22.915378149696732,shp-P12-70
13633,HWY RT 286 OPP NEW TEXAS RD - PLUM PARK AND RIDE,40.450647,-79.713551,near_side,19.302865530949212,shp-P12-70
13634,HWY RT 286 + PINE VALLEY,40.454971,-79.710756,far_side,13.288903973134602,shp-P12-70
13635,HWY RT 286 + KANE (YMCA),40.457768,-79.708463,near_side,22.866992290255062,shp-P12-70
13636,HWY RT 286 + SANDUNE,40.463377,-79.70545,near_side,26.319447655260692,shp-P12-70
13637,OLD ABERS CREEK RD + HOLIDAY PARK VFD,40.466695,-79.705973,mid_block,NaN,shp-P12-70
13638,FIESTA DR + SUN VALLEY,40.471518,-79.707606,mid_block,NaN,shp-P12-70
1364,BEAVER ST + BOUNDARY,40.534951,-80.17536,mid_block,NaN,shp-14-07
13640,FIESTA DR + RIVIERA,40.474728,-79.709107,mid_block,NaN,shp-P12-70
1365,BEAVER ST + MCKOWN,40.534035,-80.173831,mid_block,NaN,shp-14-07
1366,BEAVER ST + OSBORNE,40.533115,-80.172087,mid_block,NaN,shp-14-07
1368,BEAVER ST + #1446,40.529931,-80.165589,mid_block,NaN,shp-14-07
1370,BEAVER ST + SYCAMORE,40.52842,-80.161725,mid_block,NaN,shp-14-07
13706,WM PENN HWY + PENN CENTER,40.430082,-79.811688,near_side,26.138128012203644,shp-P67-10
13707,WM PENN HWY + HAWTHORNE,40.43288,-79.819061,mid_block,NaN,shp-P67-10
1371,BEAVER ST + RIVER,40.526691,-80.159254,near_side,24.763423621225492,shp-14-07
1373,OHIO RIVER BLVD OPP GLENFIELD PARK AND RIDE,40.51785,-80.131232,mid_block,NaN,shp-14-07
1376,OHIO RIVER BLVD + WALLISTON,40.51194,-80.103236,mid_block,NaN,shp-14-07
1377,OHIO RIVER BLVD + ALLEGHENY,40.5114,-80.101116,near_side,13.638553693291419,shp-14-07
1378,OHIO RIVER BLVD + PENNSYLVANIA,40.511049,-80.099867,mid_block,NaN,shp-14-07
13789,FRANKSTOWN RD + CHAMPA ST,40.462013,-79.859627,mid_block,NaN,shp-77-58
1379,OHIO RIVER BLVD + MAPLE,40.510479,-80.09806,mid_block,NaN,shp-14-07
13791,FRANKSTOWN RD + HOWARD ST,40.462757,-79.856728,mid_block,NaN,shp-77-58
13792,FRANKSTOWN RD + BON AIR RD,40.463679,-79.855552,mid_block,NaN,shp-77-58
13793,FRANKSTOWN RD + ORIN ST,40.464847,-79.853228,mid_block,NaN,shp-77-58
13794,FRANKSTOWN RD + CURTIS ST,40.462707,-79.850078,mid_block,NaN,shp-77-58
13795,FRANKSTOWN RD + CRAB HOLLOW DR,40.461843,-79.848849,mid_block,NaN,shp-77-58
13796,FRANKSTOWN RD + DUFFIELD AVE,40.461323,-79.847962,mid_block,NaN,shp-77-58
13797,FRANKSTOWN RD AT HEBRON CHURCH,40.460423,-79.844364,mid_block,NaN,shp-77-58
1380,OHIO RIVER BLVD + WILLOW,40.510135,-80.094113,mid_block,NaN,shp-14-07
1381,OHIO RIVER BLVD + MEMORIAL,40.50872,-80.090674,mid_block,NaN,shp-14-07
1382,OHIO RIVER BLVD + BRIGHTON (#7139),40.504826,-80.084668,far_side,28.843186004132452,shp-14-07
1383,OHIO RIVER BLVD + DICKSON,40.503591,-80.08116,mid_block,NaN,shp-14-07
1384,OHIO RIVER BLVD + MONITOR,40.501564,-80.075483,near_side,11.380307355874868,shp-14-07
13840,OLD WM PENN HWY + BEATTY,40.440259,-79.742323,mid_block,NaN,shp-P12-70
1385,OHIO RIVER BLVD + HARRISON,40.500448,-80.073567,mid_block,NaN,shp-14-07
1386,OHIO RIVER BLVD + BIRMINGHAM AVE BRIDGE,40.499137,-80.071566,mid_block,NaN,shp-14-07
1387,OHIO RIVER BLVD + ELIZABETH,40.495937,-80.067434,mid_block,NaN,shp-14-07
1388,OHIO RIVER BLVD + EAT-N-PARK,40.494148,-80.064288,mid_block,NaN,shp-14-07
1389,OHIO RIVER BLVD + RIVERVIEW,40.491819,-80.061533,near_side,38.31938076175193,shp-14-07
139,MCKNIGHT RD + NORTH HILLS VILLAGE (NORTH ENT),40.528288,-80.007259,near_side,6.111964762880916,shp-12-02
1390,OHIO RIVER BLVD + SPRING AVE (STEPS),40.488804,-80.057814,mid_block,NaN,shp-14-07
1391,OHIO RIVER BLVD + SHILOH,40.487869,-80.056511,mid_block,NaN,shp-14-07
1392,OHIO RIVER BLVD + KENDALL,40.486328,-80.054165,near_side,16.940731584172624,shp-14-07
13931,HWY RT 286 + DAY CHEVROLET,40.431525,-79.716964,mid_block,NaN,shp-P12-70
1395,CALIFORNIA AVE + MARSHALL AVE,40.462166,-80.031004,near_side,5.186723622445574,shp-13-02
1397,BEAVER AVE + PENNSYLVANIA,40.453468,-80.029129,mid_block,NaN,shp-14-07
1398,BEAVER AVE + NORTH,40.452,-80.028656,mid_block,NaN,shp-14-07
1400,BEAVER AVE + NORTH POINTE,40.44961,-80.027035,mid_block,NaN,shp-14-07
14023,GREENSBURG PIKE + UNION,40.381135,-79.817004,mid_block,NaN,shp-P76-65
14024,GREENSBURG PIKE + HILDA,40.380808,-79.814711,mid_block,NaN,shp-P76-65
1407,EAST BUSWAY + PENN STATION C,40.444022,-79.992052,mid_block,NaN,shp-P1-01
1408,LIBERTY AVE + SMITHFIELD ST,40.443417,-79.996451,near_side,22.604399739576802,shp-31-53
1410,LIBERTY AVE + 6TH ST NS,40.442127,-80.001396,mid_block,NaN,shp-16-51
14108,STATION ST. + HERMAN,40.39328,-79.808411,mid_block,NaN,shp-69-10
1413,WESTERN AVE + MANHATTAN FS,40.450377,-80.025365,mid_block,NaN,shp-14-01
1414,CHATEAU ST + NORTH,40.451778,-80.027579,mid_block,NaN,shp-14-01
1415,CHATEAU ST + SHEFFIELD,40.452677,-80.02788,mid_block,NaN,shp-14-01
1416,CHATEAU ST + PENNSYLVANIA,40.453522,-80.028151,mid_block,NaN,shp-14-01
14164,FRANKSTOWN RD + 1ST REFORMED CHURCH,40.481163,-79.822136,mid_block,NaN,shp-77-08
14165,FRANKSTOWN RD + CRESTVIEW RD,40.479902,-79.822576,mid_block,NaN,shp-77-08
14179,UNIVERSAL RD + JOSLYN,40.46312,-79.802682,mid_block,NaN,shp-P16-95
1418,CHATEAU ST + JUNIATA,40.456372,-80.029081,mid_block,NaN,shp-17-52
14186,UNIVERSAL RD + JOSLYN,40.463295,-79.802536,mid_block,NaN,shp-P16-44
14187,UNIVERSAL RD + STOTLER,40.460789,-79.804611,mid_block,NaN,shp-P16-44
14188,UNIVERSAL RD #1048,40.460368,-79.807214,mid_block,NaN,shp-P16-44
1419,CALIFORNIA AVE + MARSHALL AVE,40.462064,-80.030585,far_side,3.529563818897661,shp-13-54
14190,UNIVERSAL RD + FREY,40.460517,-79.811247,mid_block,NaN,shp-P16-44
14191,UNIVERSAL RD + COLLINS,40.461216,-79.812707,mid_block,NaN,shp-P16-44
14192,UNIVERSAL RD + GREENWAY,40.462283,-79.814749,mid_block,NaN,shp-P16-44
14193,UNIVERSAL RD + POPLAR RIDGE RD FS,40.464636,-79.820254,mid_block,NaN,shp-P16-44
14194,UNIVERSAL RD + VOLUNTEER FIRE CO,40.466121,-79.824354,mid_block,NaN,shp-P16-44
1421,OHIO RIVER BLVD + MILLERTON,40.481481,-80.045977,mid_block,NaN,shp-14-01
1422,OHIO RIVER BLVD + KENDALL,40.486275,-80.053883,near_side,15.05748573226985,shp-14-01
14221,UNIVERSAL RD + #150,40.466181,-79.822564,mid_block,NaN,shp-P16-95
14226,UNIVERSAL RD + FREY,40.460536,-79.811485,mid_block,NaN,shp-P16-95
14227,UNIVERSAL RD + #1048,40.460306,-79.806934,mid_block,NaN,shp-P16-95
14228,UNIVERSAL RD + STOTLER,40.460592,-79.804698,mid_block,NaN,shp-P16-95
1424,OHIO RIVER BLVD + SHILOH,40.487903,-80.056318,mid_block,NaN,shp-14-01
14242,FRANKSTOWN RD + 1ST REFORMED CHURCH,40.481488,-79.821606,mid_block,NaN,shp-77-58
14248,VERONA RD + THIRD ST,40.47795,-79.845127,mid_block,NaN,shp-P78-61
1425,OHIO RIVER BLVD + SPRING AVE (STEPS),40.488865,-80.057664,mid_block,NaN,shp-14-01
1427,OHIO RIVER BLVD + EAT-N-PARK,40.494317,-80.064299,mid_block,NaN,shp-14-01
1429,OHIO RIVER BLVD + LOCUST,40.497706,-80.069651,mid_block,NaN,shp-14-01
1430,OHIO RIVER BLVD + BIRMINGHAM AVE BRIDGE,40.499159,-80.07141,mid_block,NaN,shp-14-01
14305,HULTON RD + THE FAIRWAYS,40.525983,-79.82177,mid_block,NaN,shp-P16-51
14308,HULTON RD + 10TH,40.52399,-79.831644,mid_block,NaN,shp-P16-51
14309,HULTON RD + 9TH,40.523839,-79.832854,mid_block,NaN,shp-P16-51
1431,OHIO RIVER BLVD + HARRISON,40.500467,-80.073427,mid_block,NaN,shp-14-01
14311,HULTON RD + 5TH,40.525024,-79.838369,mid_block,NaN,shp-P16-51
14319,ALLEGHENY RIVER BLVD + CENTER,40.506754,-79.842946,near_side,21.22658738900159,shp-P78-61
1432,OHIO RIVER BLVD + FISK,40.50139,-80.074861,near_side,19.199140657465176,shp-14-01
14320,ALLEGHENY RIVER BLVD + SOUTH,40.504978,-79.843143,near_side,12.214406601573,shp-P78-61
14321,WILDWOOD AVE + #444,40.503695,-79.841251,mid_block,NaN,shp-P78-61
14322,WILDWOOD AVE + FOOD PARK,40.503574,-79.840097,mid_block,NaN,shp-P78-61
14323,VERONA RD + 2ND ST,40.50156,-79.837734,mid_block,NaN,shp-P78-61
14324,VERONA RD + ELLIOTT,40.49901,-79.837516,mid_block,NaN,shp-P78-61
14325,VERONA RD + RIVERVIEW,40.497303,-79.836883,mid_block,NaN,shp-P78-61
14326,VERONA RD + RAITHEL,40.496224,-79.83683,mid_block,NaN,shp-P78-61
14327,VERONA RD + RIVERSIDE,40.493561,-79.836495,mid_block,NaN,shp-P78-61
14328,VERONA RD + GALETON,40.490444,-79.836174,mid_block,NaN,shp-P78-61
1433,OHIO RIVER BLVD + LAUREL,40.501937,-80.076208,mid_block,NaN,shp-14-01
14330,VERONA RD + POKETA,40.486653,-79.837343,near_side,13.897302223348415,shp-P78-61
14331,VERONA RD + ARTHUR,40.484963,-79.83745,mid_block,NaN,shp-P78-61
14332,VERONA RD + HOMESTEAD,40.481787,-79.838084,mid_block,NaN,shp-P78-61
14333,VERONA RD + MAPLE,40.479959,-79.839313,mid_block,NaN,shp-P78-61
14334,VERONA RD + RANDOLPH,40.478855,-79.840787,mid_block,NaN,shp-P78-61
1434,OHIO RIVER BLVD + DICKSON,40.503582,-80.080877,mid_block,NaN,shp-14-01
14340,VERONA RD + GRAHAM BLVD EXT,40.46329,-79.865765,mid_block,NaN,shp-79-52
1435,OHIO RIVER BLVD + BRIGHTON,40.504964,-80.084785,near_side,12.318059759598922,shp-14-01
14355,HAMILTON AVE + JULIUS,40.458267,-79.911563,mid_block,NaN,shp-75-02
14357,HAMILTON AVE + ENTERPRISE,40.459349,-79.914352,mid_block,NaN,shp-75-02
14358,HAMILTON AVE + EAST LIBERTY BLVD,40.459819,-79.91552,near_side,28.61767222157373,shp-P17-61
1436,OHIO RIVER BLVD + MEMORIAL DR,40.508833,-80.090682,mid_block,NaN,shp-14-01
14363,BAUM BLVD + GRAHAM ST,40.457481,-79.936798,near_side,17.762744676789733,shp-77-08
14364,BAUM BLVD + LIBERTY AVE,40.456721,-79.939483,near_side,21.20581427689897,shp-77-08
14365,BAUM BLVD + CYPRESS ST FS,40.455891,-79.942307,far_side,39.04149203417303,shp-77-08
14366,BAUM BLVD + MOREWOOD AVE,40.455071,-79.944977,near_side,28.155677983172115,shp-77-08
14367,BAUM BLVD + MILLVALE AVE,40.454454,-79.947569,near_side,14.485401379739109,shp-77-08
14368,BAUM BLVD + ENFIELD ST,40.454144,-79.949348,mid_block,NaN,shp-77-08
14369,BAUM BLVD + MELWOOD AVE,40.454077,-79.951806,near_side,14.86880616825158,shp-77-08
14370,CRAIG ST + BAUM BLVD FS,40.454418,-79.953522,mid_block,NaN,shp-77-08
14371,HULTON RD + RIVERVIEW HS,40.526325,-79.844132,mid_block,NaN,shp-P78-61
1438,OHIO RIVER BLVD + ORCHARD,40.51058,-80.097923,mid_block,NaN,shp-14-01
14382,FRANKSTOWN RD + SPRING GROVE RD,40.47443,-79.822022,near_side,15.696518694457673,shp-77-08
14384,FRANKSTOWN RD + PARKRIDGE DR FS,40.470882,-79.821251,mid_block,NaN,shp-77-08
14385,FRANKSTOWN RD + HARVARD DR,40.469486,-79.823647,mid_block,NaN,shp-77-08
14386,FRANKSTOWN RD + LIME HOLLOW RD,40.468456,-79.824669,near_side,8.92623985792509,shp-77-08
14387,FRANKSTOWN RD + RODI RD,40.466393,-79.826126,near_side,19.951575251395095,shp-77-08
14388,FRANKSTOWN RD + DUFF RD,40.465041,-79.828292,near_side,41.55882143560075,shp-77-08
1439,OHIO RIVER BLVD + PENNSYLVANIA,40.511139,-80.09971,mid_block,NaN,shp-14-01
14390,FRANKSTOWN RD + BANYON DR,40.466568,-79.832756,mid_block,NaN,shp-77-08
14391,FRANKSTOWN RD + HIGHPOINT DR FS,40.467469,-79.834708,mid_block,NaN,shp-77-08
14393,FRANKSTOWN RD + ERHARDT DR,40.465916,-79.838623,mid_block,NaN,shp-77-08
14394,FRANKSTOWN RD + BARTHOLOMEW CHURCH DR,40.464932,-79.839371,mid_block,NaN,shp-77-08
14396,FRANKSTOWN RD + COAL HOLLOW RD,40.460444,-79.842425,near_side,36.305741030830205,shp-77-08
14397,FRANKSTOWN RD + #10485,40.460592,-79.844448,mid_block,NaN,shp-77-08
14399,FRANKSTOWN RD + CRAB HOLLOW DR,40.461884,-79.848788,mid_block,NaN,shp-77-08
1440,OHIO RIVER BLVD + ALLEGHENY,40.511481,-80.100904,near_side,11.696087847426128,shp-14-01
14400,FRANKSTOWN RD + CURTIS ST,40.46283,-79.850126,mid_block,NaN,shp-77-08
14401,FRANKSTOWN RD + FRANKSTOWN GARDENS,40.463667,-79.851234,mid_block,NaN,shp-77-08
14402,FRANKSTOWN RD + MCCLUTCHEON LN,40.464876,-79.85307,mid_block,NaN,shp-77-08
14404,FRANKSTOWN RD + HOWARD ST,40.463037,-79.856477,mid_block,NaN,shp-77-08
14406,FRANKSTOWN RD + CHAMPA ST,40.462151,-79.859425,mid_block,NaN,shp-77-08
14408,FRANKSTOWN RD + GRAHAM BLVD,40.46143,-79.862717,near_side,38.359812410281485,shp-77-08
1441,OHIO RIVER BLVD + HAZELWOOD,40.512184,-80.103676,near_side,22.729984813272324,shp-14-01
14415,BAUM BLVD + MILLVALE AVE,40.454308,-79.947853,near_side,21.544331665599064,shp-77-58
14416,BAUM BLVD + MOREWOOD AVE,40.454888,-79.945335,near_side,16.978675876898176,shp-77-58
14417,BAUM BLVD + CYPRESS ST,40.455864,-79.942077,near_side,15.51417840655217,shp-77-58
14421,HAMILTON AVE + ENTERPRISE,40.459316,-79.91462,mid_block,NaN,shp-75-51
14422,HAMILTON AVE + JULIUS,40.458202,-79.911682,mid_block,NaN,shp-75-51
14435,VERONA RD + GIANT EAGLE,40.462195,-79.865903,mid_block,NaN,shp-79-03
14436,VERONA RD + GRAHAM BLVD EXT,40.463244,-79.86566,mid_block,NaN,shp-79-03
1444,OHIO RIVER BLVD + KILBUCK (I-79 ENT),40.517883,-80.130653,mid_block,NaN,shp-14-01
14442,VERONA RD + RANDOLPH,40.478847,-79.840684,mid_block,NaN,shp-P78-15
14443,VERONA RD + MAPLE,40.479761,-79.839445,mid_block,NaN,shp-P78-15
14444,VERONA RD + ROSEDALE,40.481711,-79.838047,mid_block,NaN,shp-P78-15
14445,VERONA RD + BRINLEY,40.484391,-79.837354,mid_block,NaN,shp-P78-15
14446,VERONA RD + POKETA,40.486442,-79.837308,near_side,10.495817284408654,shp-P78-15
14448,VERONA RD + GALETON,40.490376,-79.836093,mid_block,NaN,shp-P78-15
14449,VERONA RD + QUINCY,40.493472,-79.836379,mid_block,NaN,shp-P78-15
14450,VERONA RD + RAITHEL FS,40.496046,-79.836745,mid_block,NaN,shp-P78-15
14451,VERONA RD + RIVERVIEW,40.497389,-79.836822,mid_block,NaN,shp-P78-15
14452,VERONA RD + ELLIOTT,40.498911,-79.837415,mid_block,NaN,shp-P78-15
14453,VERONA RD + 2ND,40.501444,-79.837624,mid_block,NaN,shp-P78-15
14456,ALLEGHENY RIVER BLVD + SOUTH,40.504742,-79.843076,near_side,15.399873773505073,shp-P78-15
1446,BEAVER ST + RIVER,40.526582,-80.158875,near_side,12.810383283122498,shp-14-01
14466,HULTON RD + 5TH ST,40.525004,-79.838598,mid_block,NaN,shp-P16-01
14468,HULTON RD + 9TH,40.523697,-79.833183,mid_block,NaN,shp-P16-01
14469,HULTON RD + 10TH,40.523865,-79.831764,mid_block,NaN,shp-P16-01
1447,BEAVER ST + SYCAMORE,40.528281,-80.161418,mid_block,NaN,shp-14-01
14471,HULTON RD + 12TH,40.524319,-79.828995,mid_block,NaN,shp-P16-01
14473,HULTON RD + THE FAIRWAYS,40.525948,-79.821671,mid_block,NaN,shp-P16-01
14474,HULTON RD + COXCOMB,40.527034,-79.816721,near_side,17.919221582375954,shp-P16-01
1449,BEAVER ST + #1449,40.529967,-80.165513,mid_block,NaN,shp-14-01
14508,HULTON RD + 3RD,40.526027,-79.842532,mid_block,NaN,shp-P78-15
14510,FRANKSTOWN RD + ROBINSON BLVD FS,40.461225,-79.865464,mid_block,NaN,shp-77-58
14511,FRANKSTOWN RD + GRAHAM BLVD,40.461374,-79.863266,near_side,23.22061554639627,shp-77-58
14512,FRANKSTOWN RD + BEULAH RD FS,40.460712,-79.84186,mid_block,NaN,shp-77-58
14513,FRANKSTOWN RD + RITZLAND RD,40.462399,-79.840782,mid_block,NaN,shp-77-58
14514,FRANKSTOWN RD + VANCE ST,40.463322,-79.839954,mid_block,NaN,shp-77-58
14516,FRANKSTOWN RD + ERHARDT DR,40.465717,-79.838753,mid_block,NaN,shp-77-58
14517,FRANKSTOWN RD + HIGHLAND DR,40.467125,-79.836296,mid_block,NaN,shp-77-58
1452,BEAVER ST + OSBORNE,40.533083,-80.171872,mid_block,NaN,shp-14-01
14520,FRANKSTOWN RD + LONG RD,40.46576,-79.83233,near_side,18.285986500600636,shp-77-58
14522,FRANKSTOWN RD + RODI RD FS,40.466628,-79.825881,mid_block,NaN,shp-77-58
14523,FRANKSTOWN RD + LIME HOLLOW RD,40.468272,-79.824698,near_side,11.813617012508294,shp-77-58
14524,FRANKSTOWN RD + HARVARD DR FS,40.469431,-79.82357,mid_block,NaN,shp-77-58
14528,FRANKSTOWN RD + SHENANDOAH DR,40.474221,-79.821772,near_side,20.86506546881081,shp-77-58
1453,BEAVER ST + DAVIS LANE,40.533931,-80.173463,mid_block,NaN,shp-14-01
1455,BEAVER ST + NEVIN,40.536416,-80.176609,mid_block,NaN,shp-14-01
1456,BEAVER ST + ST ANDREWS CHURCH,40.537341,-80.177487,mid_block,NaN,shp-14-01
14568,WASHINGTON BLVD + HIGHLAND,40.474341,-79.908378,ambiguous,7.31226669788329,shp-P10-01
1457,BEAVER ST + STRAIGHT,40.538414,-80.178535,mid_block,NaN,shp-14-01
14570,WASHINGTON BLVD + LIBERTY WELDING,40.466916,-79.90861,mid_block,NaN,shp-P10-01
14571,WASHINGTON BLVD + SHETLAND,40.460079,-79.907074,mid_block,NaN,shp-P10-01
14572,WASHINGTON BLVD + FRANKSTOWN,40.458849,-79.907997,near_side,19.146379835344298,shp-P10-01
14573,FIFTH AVE + HAMILTON,40.457381,-79.909031,near_side,11.884388897415144,shp-P10-01
14577,WASHINGTON BLVD + HIGHLAND,40.474002,-79.908205,ambiguous,7.046986846619521,shp-P10-51
1458,BEAVER ST + BROAD,40.540066,-80.180142,near_side,34.661869836289625,shp-14-01
1459,BEAVER RD + BLACKBURN FS,40.541481,-80.181943,mid_block,NaN,shp-14-01
1460,BEAVER ST + GRIMES,40.542339,-80.183232,mid_block,NaN,shp-14-01
14601,CONNECTING RD + HAYMAKER RD,40.449637,-79.76173,mid_block,NaN,shp-77-09
14602,CENTER RD + HELMAR DR FS,40.452351,-79.761223,mid_block,NaN,shp-77-09
14605,CENTER RD + LORRAINE DR FS,40.454655,-79.760244,mid_block,NaN,shp-77-09
14606,CENTER RD + COTTAGE LN,40.456166,-79.759822,mid_block,NaN,shp-77-09
14610,CENTER RD + FOUR SEASONS APTS,40.460966,-79.759405,mid_block,NaN,shp-77-09
14612,CENTER RD + WIMBLEDON DR,40.467089,-79.757021,mid_block,NaN,shp-77-09
14614,MONROEVILLE-TRESTLE RD + FOUR SEASONS,40.4701,-79.754807,mid_block,NaN,shp-77-09
1462,BEAVER ST + GRANT,40.543882,-80.185546,mid_block,NaN,shp-14-01
14620,UNITY TRESTLE RD + #1049,40.478284,-79.761287,mid_block,NaN,shp-77-10
14623,UNITY TRESTLE RD + COLLEGE AVE,40.48457,-79.767443,mid_block,NaN,shp-77-10
14624,UNITY TRESTLE RD + JACKSON RD,40.485456,-79.769142,mid_block,NaN,shp-77-10
1463,BEAVER RD + ACADEMY,40.545031,-80.187257,near_side,16.75198826664466,shp-14-01
14630,UNITY TRESTLE RD + UNIVERSAL RD,40.490419,-79.783024,mid_block,NaN,shp-77-10
14634,LEECHBURG RD + BARCKHOFF ST FS,40.493752,-79.789271,mid_block,NaN,shp-77-10
14636,LEECHBURG RD + SUTTON DR,40.491851,-79.792853,mid_block,NaN,shp-77-10
1464,BEAVER RD + MEADOW FS,40.546983,-80.189306,mid_block,NaN,shp-14-01
14642,LEECHBURG RD + COURTNEY DR,40.486735,-79.804821,mid_block,NaN,shp-77-10
14643,LEECHBURG RD + CLOVERLEAF RD,40.486989,-79.808504,mid_block,NaN,shp-77-10
14645,LEECHBURG RD + RICHEY DR,40.486292,-79.814618,mid_block,NaN,shp-77-10
14646,LEECHBURG RD + SALTSBURG RD,40.485149,-79.817707,near_side,25.284193229072265,shp-77-10
14647,SALTSBURG RD + HULTON RD NS,40.484593,-79.818763,mid_block,NaN,shp-77-08
1465,BEAVER RD + QUAKER,40.548419,-80.18954,mid_block,NaN,shp-14-01
1466,BEAVER RD + CHESTNUT,40.550158,-80.1903,mid_block,NaN,shp-14-01
14671,SALTSBURG RD + STOTLER RD,40.482986,-79.809785,near_side,16.311814222094565,shp-77-58
14674,SALTSBURG RD + ALCOMA GOLF CLUB,40.481016,-79.802589,mid_block,NaN,shp-77-59
14675,SALTSBURG RD + HERSHEY RD,40.477612,-79.799696,mid_block,NaN,shp-77-59
1468,BEAVER RD + CHURCH,40.556247,-80.196793,mid_block,NaN,shp-14-01
14682,MAIN ST + THOMPSON RUN,40.468484,-79.791108,mid_block,NaN,shp-P16-95
14683,MAIN ST + #2344,40.469586,-79.790071,mid_block,NaN,shp-P16-95
14685,MAIN ST + REITER,40.471881,-79.787714,mid_block,NaN,shp-P16-95
14686,MAIN ST + #2636,40.47342,-79.787598,mid_block,NaN,shp-P16-95
14687,UNIVERSAL RD + AUSTIN,40.475244,-79.786634,mid_block,NaN,shp-P16-95
14688,UNIVERSAL RD + SALTBURG,40.477453,-79.785231,near_side,12.879998208223718,shp-P16-95
14689,SALTSBURG RD + FORD AVE,40.476689,-79.782775,mid_block,NaN,shp-77-59
1469,BEAVER RD + SHIELDS,40.557205,-80.198096,mid_block,NaN,shp-14-01
14690,SALTSBURG RD + REITER RD,40.476371,-79.78083,mid_block,NaN,shp-77-59
14691,SALTSBURG RD + CRESTVIEW DR,40.476033,-79.778596,mid_block,NaN,shp-77-59
14693,SALTSBURG RD + MILLERS LN,40.475159,-79.772827,mid_block,NaN,shp-77-59
14706,CENTER RD + FOUR SEASONS APTS,40.461109,-79.759603,mid_block,NaN,shp-77-59
1471,BEAVER RD + VILLAGE DR,40.559516,-80.201192,mid_block,NaN,shp-14-01
14710,CENTER RD + COTTAGE LN,40.456222,-79.759882,mid_block,NaN,shp-77-59
14711,CENTER RD + FRANKLIN HEIGHTS DR FS,40.454509,-79.76034,mid_block,NaN,shp-77-59
14714,CENTER RD + HELMAR DR FS,40.452396,-79.761299,mid_block,NaN,shp-77-59
14716,HAYMAKER RD + BEATTY RD,40.448775,-79.760531,mid_block,NaN,shp-77-59
1472,BEAVER RD + VALLEY,40.561089,-80.202564,mid_block,NaN,shp-14-01
1473,BEAVER RD + OAK,40.562412,-80.203866,mid_block,NaN,shp-14-01
1474,BEAVER RD + CAMP MEETING,40.563841,-80.205374,mid_block,NaN,shp-14-01
14743,SALTSBURG RD + REGENCY DR,40.475269,-79.770813,mid_block,NaN,shp-77-09
14745,SALTSBURG RD + CHAPEL HILL DENTAL (#7641),40.475128,-79.775271,mid_block,NaN,shp-77-09
14746,SALTSBURG RD + CRESTVIEW DR,40.47592,-79.778182,mid_block,NaN,shp-77-09
14747,SALTSBURG RD + REITER RD,40.476465,-79.780434,mid_block,NaN,shp-77-09
14748,SALTSBURG RD + FORD AVE,40.476736,-79.782693,mid_block,NaN,shp-77-09
14749,SALTSBURG RD + UNIVERSAL RD FS,40.477681,-79.7854,far_side,25.75615244747566,shp-77-09
1475,BEAVER RD + SPENCER,40.564936,-80.206919,mid_block,NaN,shp-14-01
14752,SALTSBURG RD + COLONIAL VILLAGE DR,40.475044,-79.791016,mid_block,NaN,shp-77-09
14753,SALTSBURG RD + TILFORD RD,40.475033,-79.792099,mid_block,NaN,shp-77-09
14754,SALTSBURG RD + CHANTICLEER DR,40.4755,-79.793749,mid_block,NaN,shp-77-09
14755,SALTSBURG RD + ALCOMA DR,40.477017,-79.798096,mid_block,NaN,shp-77-09
14756,SALTSBURG RD + HERSHEY RD,40.477718,-79.799706,mid_block,NaN,shp-77-09
1476,BEAVER RD + RAPP,40.56668,-80.209739,mid_block,NaN,shp-14-01
14760,SALTSBURG RD + STOTLER RD,40.482749,-79.809457,near_side,28.736323849911887,shp-77-08
14762,SALTSBURG RD + ASTER ST NS,40.483902,-79.814333,mid_block,NaN,shp-77-08
14763,SALTSBURG RD + LEECHBURG RD,40.484983,-79.817407,near_side,46.75381291606378,shp-77-08
1477,BEAVER RD + #306,40.567805,-80.211484,mid_block,NaN,shp-14-01
1478,BEAVER ST + BROAD,40.569538,-80.21386,mid_block,NaN,shp-14-01
1479,BEAVER RD + LEET,40.571419,-80.216356,mid_block,NaN,shp-14-01
14790,SALTSBURG RD + CHANTICLEER DR,40.475468,-79.793738,mid_block,NaN,shp-77-59
14791,SALTSBURG RD + TILFORD RD,40.475018,-79.792216,mid_block,NaN,shp-77-59
14792,SALTSBURG RD + COLONIAL VILLAGE DR,40.47503,-79.790912,mid_block,NaN,shp-77-59
14796,SALTSBURG RD + PIERSON RUN RD FS,40.477062,-79.759684,mid_block,NaN,shp-77-10
1480,BEAVER RD + MAIN FS,40.57854,-80.22033,mid_block,NaN,shp-14-01
1481,MERCHANT ST + VALLEY,40.579884,-80.221357,mid_block,NaN,shp-14-01
1483,MERCHANT ST + 3RD,40.581822,-80.223754,mid_block,NaN,shp-14-01
1484,MERCHANT ST + 4TH FS,40.584042,-80.225393,far_side,45.36090575746757,shp-14-01
14844,FRIENDSHIP AVE + FAIRMOUNT FS,40.461476,-79.934539,mid_block,NaN,shp-87-05
14852,FRIENDSHIP AVE + MILLVALE AVE,40.46272,-79.945472,mid_block,NaN,shp-64-01
14853,FRIENDSHIP AVE + EDMOND ST,40.462889,-79.947706,near_side,37.85940829212928,shp-64-01
14854,FRIENDSHIP AVE + PEARL ST,40.46349,-79.948812,near_side,12.885163771466768,shp-64-01
14855,ELLA ST + FRIENDSHIP AVE FS,40.464453,-79.950619,mid_block,NaN,shp-87-05
14856,ELLA ST + LIBERTY,40.463297,-79.951732,near_side,19.12694331233754,shp-87-05
14857,LIBERTY AVE + CANOE WAY,40.463252,-79.955043,mid_block,NaN,shp-86-02
14861,HOWLEY ST + SHUR SAVE DRVWY (GANGWISH),40.464384,-79.95227,mid_block,NaN,shp-87-51
14862,HOWLEY ST + FRIENDSHIP,40.465054,-79.95139,near_side,22.757263341063297,shp-87-51
14863,FRIENDSHIP AVE + ELLA ST,40.464615,-79.950508,mid_block,NaN,shp-64-51
14864,FRIENDSHIP AVE + TAYLOR ST,40.464046,-79.949724,near_side,11.535335925696586,shp-64-51
14865,FRIENDSHIP AVE + PEARL ST,40.463627,-79.949135,near_side,26.549901681780597,shp-64-51
14866,FRIENDSHIP AVE + EDMOND ST,40.462614,-79.947863,far_side,34.34026417632439,shp-64-51
14867,FRIENDSHIP AVE + MILLVALE AVE,40.462386,-79.946194,mid_block,NaN,shp-64-51
14868,FRIENDSHIP AVE + GROSS,40.462265,-79.944658,near_side,27.438916769190822,shp-87-51
1487,MERCHANT ST + #826,40.589468,-80.229295,far_side,47.46722524312881,shp-14-01
1489,MERCHANT ST + 11TH,40.592676,-80.230367,near_side,43.89470832297746,shp-14-01
14920,LONG RD + DATURA,40.462399,-79.833922,mid_block,NaN,shp-P16-46
14921,LONG RD + PARIS,40.459087,-79.833998,mid_block,NaN,shp-P16-44
14922,LONG RD + SAYLONG,40.45609,-79.835977,mid_block,NaN,shp-P16-46
14923,LONG RD + PENTLAND,40.454316,-79.837629,mid_block,NaN,shp-P16-46
14950,LONG RD + ROSEWOOD,40.454351,-79.83749,mid_block,NaN,shp-P16-94
14951,LONG RD + SAYLONG,40.455986,-79.835983,mid_block,NaN,shp-P16-95
14952,LONG RD + JOAN,40.458876,-79.83397,mid_block,NaN,shp-P16-95
14953,LONG RD + ELIZABETH,40.46217,-79.833965,mid_block,NaN,shp-P16-94
14955,LONG RD + FRANKSTOWN,40.465565,-79.832209,near_side,13.40692623270253,shp-P16-95
14959,JEFFERSON RD + UNIVERSAL,40.465379,-79.824506,mid_block,NaN,shp-P16-95
14962,MAIN ST + 62ND ST BRIDGE,40.495403,-79.939415,mid_block,NaN,shp-91-03
14964,BUTLER ST + #6002,40.486333,-79.943177,mid_block,NaN,shp-91-03
14965,BUTLER ST + 57TH,40.485257,-79.946171,near_side,17.87033104297205,shp-91-03
14966,BUTLER ST + 56TH,40.484504,-79.947935,near_side,17.605461246339328,shp-91-03
14967,BUTLER ST + 51ST (STANTON),40.478523,-79.955589,near_side,22.749529620349897,shp-91-03
14968,BUTLER ST + 49TH,40.477139,-79.956902,mid_block,NaN,shp-91-03
14969,BUTLER ST + 48TH,40.475983,-79.957703,near_side,15.93760707355886,shp-91-03
14970,BUTLER ST + 47TH,40.474084,-79.957939,mid_block,NaN,shp-91-03
14971,BUTLER ST + 46TH,40.472942,-79.958756,near_side,14.670649898204548,shp-91-03
14972,BUTLER ST + 44TH,40.471596,-79.959755,near_side,13.932657506472204,shp-91-03
14973,BUTLER ST + 43RD,40.470806,-79.960251,mid_block,NaN,shp-91-03
14974,BUTLER ST + 41ST,40.469586,-79.96125,far_side,45.149956564639275,shp-91-03
14976,BUTLER ST + MAIN,40.4697,-79.960976,near_side,13.65860563006461,shp-91-52
14977,BUTLER ST + 43RD,40.470478,-79.960373,mid_block,NaN,shp-91-52
14978,BUTLER ST + 44TH,40.471294,-79.959801,near_side,20.151035584275153,shp-91-52
14979,BUTLER ST + 46TH,40.472671,-79.958847,near_side,17.197877203818052,shp-91-52
14980,BUTLER ST + 47TH,40.473847,-79.957954,mid_block,NaN,shp-91-52
14981,BUTLER ST + 48TH,40.475681,-79.95755,near_side,21.822936689423805,shp-91-52
14982,BUTLER ST + 49TH,40.476992,-79.956919,mid_block,NaN,shp-91-52
14983,BUTLER ST + 50TH,40.477838,-79.956122,mid_block,NaN,shp-91-52
14984,BUTLER ST + 56TH,40.484234,-79.948296,near_side,32.61934343376188,shp-91-52
14985,BUTLER ST + 57TH,40.485073,-79.946396,near_side,14.488485099387766,shp-91-52
150,MCKNIGHT RD + NORTHLAND MEDICAL CENTER,40.519187,-80.00504,far_side,6.817184447505433,shp-12-02
1502,STANWIX ST + PENN AVE (GATEWAY #2),40.44265,-80.004413,mid_block,NaN,shp-O1-55
15071,CORBET ST + 8TH,40.604394,-79.753265,mid_block,NaN,shp-P10-01
15072,CORBET ST + 6TH,40.603119,-79.75256,mid_block,NaN,shp-P10-01
15079,CORBET ST + 6TH,40.602932,-79.752394,mid_block,NaN,shp-P10-51
15081,FREEPORT RD + SPRING HILL,40.626517,-79.721271,near_side,17.401367073013848,shp-P10-51
15084,WASHINGTON BLVD + NEGLEY RUN FS,40.470047,-79.908729,far_side,19.997128322262032,shp-P10-01
15090,LONG RD + BEULAH,40.45071,-79.843491,mid_block,NaN,shp-P16-46
15092,WM PENN HWY + OLD GATE,40.445726,-79.855115,mid_block,NaN,shp-67-15
1510,GRANT ST + US STEEL STOP A,40.441202,-79.99536,near_side,21.93414489440299,shp-P1-51
15109,BEULAH RD + MCCRADY RD,40.446755,-79.84848,far_side,29.589186859110505,shp-P16-95
15112,HULTON RD + 13TH,40.524735,-79.827057,mid_block,NaN,shp-P16-01
15122,HULTON RD + HULTON ARBORS,40.513655,-79.804199,mid_block,NaN,shp-P16-01
15123,HULTON RD + HULTON ESTATES,40.513214,-79.803198,mid_block,NaN,shp-P16-01
15149,HULTON RD + HULTON ESTATES,40.513394,-79.803444,mid_block,NaN,shp-P16-51
15150,HULTON RD + HULTON ARBORS,40.513741,-79.804234,mid_block,NaN,shp-P16-51
1518,LINCOLN AVE + BRYANT AVE FS,40.492377,-80.049175,far_side,31.517686212533068,shp-16-13
1519,LINCOLN AVE + KENDALL AVE,40.490959,-80.048218,mid_block,NaN,shp-16-13
15218,WOOD ST + FRANKLIN,40.441207,-79.886095,mid_block,NaN,shp-61A-52
1522,WINHURST ST + CAMBRONNE,40.488513,-80.043615,mid_block,NaN,shp-16-13
1524,CAMBRONNE ST + BRIGHTON,40.487628,-80.041148,mid_block,NaN,shp-16-13
1525,BRIGHTON RD + PENNOCK,40.487296,-80.039297,mid_block,NaN,shp-16-13
1526,BRIGHTON RD + KLEBER,40.487061,-80.038024,mid_block,NaN,shp-16-13
15263,FREEPORT RD + #1050,40.487257,-79.884597,near_side,8.231186280217088,shp-91-52
15270,WEST BUSWAY + SHERADEN STATION B,40.452707,-80.052905,mid_block,NaN,shp-28X-51
15275,WEST BUSWAY + CARNEGIE STATION,40.406091,-80.090234,far_side,41.533766494535335,shp-G2-51
15276,WEST BUSWAY + CARNEGIE STATION,40.406216,-80.090038,ambiguous,33.50152235277259,shp-G2-01
15277,WEST BUSWAY + BELL STATION C,40.4156,-80.082726,mid_block,NaN,shp-28X-01
15278,WEST BUSWAY + IDLEWOOD STATION C,40.426224,-80.072562,mid_block,NaN,shp-28X-01
15279,WEST BUSWAY + CRAFTON STATION C,40.435745,-80.067571,mid_block,NaN,shp-28X-01
1528,BRIGHTON RD + BENTON,40.48452,-80.035973,near_side,29.40198709602888,shp-16-13
15280,WEST BUSWAY + INGRAM STATION C,40.44386,-80.065889,mid_block,NaN,shp-28X-01
15281,WEST BUSWAY + SHERADEN STATION C,40.452566,-80.052935,mid_block,NaN,shp-28X-01
15283,LIBERTY AVE + 9TH ST,40.442835,-79.998105,near_side,16.19795130023545,shp-82-52
15284,LIBERTY AVE + SMITHFIELD ST,40.443186,-79.996792,near_side,23.524602699723907,shp-31-01
15285,LIBERTY AVE + WILLIAM PENN PL,40.443544,-79.99539,near_side,19.04491307206007,shp-86-51
15287,GRANT ST + LIBERTY AVE FS (FED BLDG),40.443292,-79.994316,mid_block,NaN,shp-19L-53
1529,BRIGHTON RD + TERMON,40.483136,-80.035509,near_side,12.624949367288064,shp-16-13
1530,BRIGHTON RD + DAVIS,40.481804,-80.034213,near_side,31.74846595060653,shp-16-13
1532,BRIGHTON RD + ACACIA,40.47972,-80.031195,mid_block,NaN,shp-16-13
1534,BRIGHTON RD + WOODS RUN,40.476618,-80.031797,near_side,14.569729837649946,shp-16-13
1535,BRIGHTON RD + WADLOW,40.475463,-80.030641,mid_block,NaN,shp-16-13
15352,MCKNIGHT RD + EVERGREEN RD,40.493465,-80.011597,far_side,10.206465731627505,shp-12-02
1536,BRIGHTON RD + SCHIMMER,40.473804,-80.028981,near_side,39.80742340944417,shp-16-13
1537,BRIGHTON RD + MCDOWELL,40.471755,-80.027113,mid_block,NaN,shp-16-13
1539,BRIGHTON RD + WOODLAND,40.470059,-80.025708,mid_block,NaN,shp-16-13
154,MCKNIGHT RD + NELSON RUN RD,40.507012,-80.00679,near_side,5.576187589098141,shp-12-02
1540,BRIGHTON RD + HIGHWOOD,40.468456,-80.025291,mid_block,NaN,shp-16-13
15428,AMITY ST + TARGET DRIVE,40.409837,-79.912281,near_side,16.08571303714687,shp-57-52
1543,BRIGHTON RD + OLIVER HIGH SCHOOL,40.463874,-80.022922,mid_block,NaN,shp-16-13
15433,COMMONWEALTH + RITE AID,40.383012,-79.876429,mid_block,NaN,shp-59-51
15438,MALL AT ROBINSON + ENTRANCE K,40.4529,-80.156992,mid_block,NaN,shp-24-04
15452,NEGLEY AVE + KENTUCKY,40.450566,-79.930145,mid_block,NaN,shp-64-51
15453,NEGLEY AVE + WALNUT,40.452143,-79.931078,near_side,14.889306969475838,shp-64-51
15454,NEGLEY AVE + ELMER,40.453261,-79.931738,mid_block,NaN,shp-64-51
15455,NEGLEY AVE + ELLSWORTH,40.454902,-79.932714,near_side,24.75618897522061,shp-64-51
15456,NEGLEY AVE + CLAYBOURNE,40.456655,-79.933747,near_side,19.679065092575836,shp-64-51
1546,BRIGHTON RD + FARRIS ST (STEPS),40.462686,-80.020229,mid_block,NaN,shp-16-13
15462,CENTRE AVE + WHOLE FOODS,40.458996,-79.92806,mid_block,NaN,shp-82-52
15463,HWY RT 51 + JEFFERSON VETERINARY CLINIC,40.301396,-79.929547,mid_block,NaN,shp-Y46-01
1547,BRIGHTON RD + BRIGHTRIDGE,40.461564,-80.019046,mid_block,NaN,shp-16-13
15474,GRANT ST + 7TH AVE FS,40.442787,-79.994301,mid_block,NaN,shp-P68-68
1549,BRIGHTON RD + CALIFORNIA AVE FS,40.459423,-80.016752,far_side,41.90559894232941,shp-16-13
15495,LARGE PARK AND RIDE INBOUND PL,40.29324,-79.91095,mid_block,NaN,shp-Y46-51
1550,BRIGHTON RD + JACKSONIA ST,40.457027,-80.015721,near_side,28.557268728866298,shp-16-13
1551,BRIGHTON RD + PENNSYLVANIA AVE,40.4562,-80.015452,near_side,15.271132243019824,shp-16-13
1553,NORTH AVE + BRIGHTON RD FS,40.454003,-80.01407,mid_block,NaN,shp-16-13
1554,NORTH AVE + MONTEREY ST,40.454277,-80.012695,near_side,12.132475651888283,shp-16-13
15548,MT ROYAL BLVD + HAMPTON,40.554467,-79.971234,mid_block,NaN,shp-2-01
15549,PEEBLES + MCINTYRE SQUARE DRIVEWAY,40.557269,-80.017633,mid_block,NaN,shp-2-01
1556,NORTH AVE + ARCH ST,40.454999,-80.008809,near_side,23.862241117656012,shp-16-13
1557,NORTH AVE + FEDERAL ST,40.455316,-80.006962,near_side,40.74866889336547,shp-16-13
15587,BLAZIER + GIANT EAGLE,40.585354,-80.037534,mid_block,NaN,shp-12-51
15634,UNIVERSITY BLVD PARK AND RIDE AT SHELTER,40.503917,-80.225737,mid_block,NaN,shp-21-55
15659,FORBES AVE + SCHENLEY DR,40.437974,-79.933358,mid_block,NaN,shp-61C-51
15664,GIANT EAGLE (VERONA RD) AT ENTRANCE,40.462338,-79.865005,mid_block,NaN,shp-79-52
15665,ROBINSON BLVD + DOUGLAS,40.455676,-79.863734,mid_block,NaN,shp-79-03
15671,CHISLETT ST + WELLSLEY,40.475715,-79.929901,mid_block,NaN,shp-75-55
15674,PARK HILL DR + #2567,40.456619,-79.871804,mid_block,NaN,shp-79-52
15675,PARK HILL DR + #2501,40.456271,-79.873382,mid_block,NaN,shp-79-52
15676,PARK HILL DR + #2401,40.455542,-79.874206,mid_block,NaN,shp-79-52
15678,PARK HILL DR + #2101,40.452989,-79.874317,mid_block,NaN,shp-79-52
15716,ROSS PARK AND RIDE ENTRANCE AT HOV RAMP,40.507614,-80.030113,mid_block,NaN,shp-O1-04
15734,WARREN DR + WAL MART DRWY,40.385718,-79.821611,mid_block,NaN,shp-55-53
15736,WARREN DR + WAL MART DRWY,40.385476,-79.821663,mid_block,NaN,shp-55-04
15744,COCHRAN + OSAGE RD,40.388581,-80.057434,near_side,39.19970641567033,shp-38-55
15746,COCHRAN + ROBINWOOD,40.390833,-80.059083,near_side,23.49706792583101,shp-38-05
15747,COCHRAN + ROESSLER,40.392973,-80.063113,mid_block,NaN,shp-38-05
1577,CHURCH AVE + FOREST AVE,40.508209,-80.082928,mid_block,NaN,shp-19L-03
1578,CHURCH AVE + DICKSON,40.507545,-80.081372,mid_block,NaN,shp-19L-03
1579,CHURCH AVE + RIDGE,40.507353,-80.079397,mid_block,NaN,shp-19L-03
158,MCKNIGHT RD + IVORY AVE RAMP (ISLAND),40.498345,-80.013054,mid_block,NaN,shp-12-02
1580,CHURCH AVE + WALNUT,40.506971,-80.076942,mid_block,NaN,shp-19L-03
1581,CHURCH AVE + VICTORIA,40.506461,-80.074766,mid_block,NaN,shp-19L-03
1582,DIVISION ST + MARIE,40.504389,-80.075174,mid_block,NaN,shp-19L-03
15833,ARLINGTON+ JOHN F.S.,40.41795,-79.987142,mid_block,NaN,shp-48-02
15835,BELTZHOOVER + CEDARHURST,40.418453,-79.997337,mid_block,NaN,shp-54-07
15836,BELTZHOOVER + FREELAND,40.419206,-79.997358,mid_block,NaN,shp-54-07
15838,BELTZHOOVER + FREELAND,40.419026,-79.997262,mid_block,NaN,shp-54-53
15839,BELTZHOOVER + ORCHARD,40.417847,-79.997214,mid_block,NaN,shp-54-53
15842,GRANDVIEW AVE + #1209 (DUQUESNE INCLINE),40.438188,-80.018936,mid_block,NaN,shp-40-01
15844,FINGAL ST + #225(FINGAL/RUTLDGE TERMIN),40.440038,-80.027037,mid_block,NaN,shp-40-01
15851,WALMART + SHELTER (N VERSAILLES),40.387864,-79.823247,mid_block,NaN,shp-59-01
1587,NORTH AVE + ARCH ST,40.455176,-80.008476,near_side,18.179547831569895,shp-16-51
15876,MOUNTAINVIEW DR + CENTURY DR FS,40.346586,-79.951512,mid_block,NaN,shp-59-01
15878,EAST BUSWAY + HAMNETT STATION C,40.437189,-79.885613,mid_block,NaN,shp-P1-01
15879,EAST BUSWAY + ROSLYN STATION C,40.41944,-79.886376,mid_block,NaN,shp-P1-01
15880,EAST BUSWAY + WILKINSBURG STATION C,40.446887,-79.888646,mid_block,NaN,shp-P1-01
15881,WEST COMMONS + THE ALLEGHENY SENIOR HOME,40.450584,-80.007149,mid_block,NaN,shp-16-13
15885,RUTH ST + KATHLEEN,40.425795,-80.005168,mid_block,NaN,shp-43-03
15886,KATHLEEN + HARWOOD,40.42545,-80.004162,mid_block,NaN,shp-43-03
15887,KATHLEEN + HABERMAN,40.425539,-80.002824,mid_block,NaN,shp-43-03
1589,NORTH AVE + MONTEREY ST,40.454419,-80.012437,near_side,20.66365786988385,shp-16-51
1590,NORTH AVE + BRIGHTON RD,40.454075,-80.014394,near_side,21.754861774409292,shp-16-51
15908,CENTURY SQUARE ENTRANCE RAMP + MOUNTIANVIEW,40.347555,-79.94911,mid_block,NaN,shp-51-58
1591,BRIGHTON RD + TAYLOR AVE,40.455793,-80.015169,near_side,40.271166649634864,shp-16-51
1592,BRIGHTON RD + JACKSONIA ST FS,40.457044,-80.015594,far_side,26.197229142653956,shp-16-51
1593,BRIGHTON RD + COLUMBIA PL,40.458351,-80.016021,mid_block,NaN,shp-16-51
1594,BRIGHTON RD + CHARLES,40.459609,-80.016874,near_side,20.36635527746546,shp-16-51
15946,GRANT ST + US STEEL STOP B,40.441664,-79.995195,far_side,32.456034703055685,shp-P68-68
15952,PENNSYLVANIA + BRIGHTON,40.456026,-80.015513,near_side,19.670272349658923,shp-17-01
1596,BRIGHTON RD + FARRIS ST STEPS,40.463029,-80.020522,mid_block,NaN,shp-16-51
15974,GRAND AVE + HUBERT (NEVILLE PNR),40.512871,-80.135091,mid_block,NaN,shp-21-06
15980,SILVER LANE + DIANA FS,40.459539,-80.138833,mid_block,NaN,shp-24-04
1599,BRIGHTON RD + OLIVER HIGH SCHOOL,40.463751,-80.022547,mid_block,NaN,shp-16-51
15991,GRAND AVE + NEVILLE METALS,40.506232,-80.106802,mid_block,NaN,shp-21-55
15992,HERBST + BOSTIAN,40.485336,-80.113008,mid_block,NaN,shp-20-05
1601,BRIGHTON RD + MARSHALL,40.466752,-80.024901,near_side,21.09754836906293,shp-16-51
16014,HAY ST RAMP + INBOUND SHELTER,40.443528,-79.886976,mid_block,NaN,shp-71C-N4
16019,OAK HILL + HYMAN,40.441375,-79.970077,mid_block,NaN,shp-81-04
1602,BRIGHTON RD + HIGHWOOD,40.468433,-80.025165,mid_block,NaN,shp-16-51
16020,OAK HILL + BENTLY,40.440214,-79.969859,mid_block,NaN,shp-81-04
16022,ALLEQUIPPA ST + SR RESIDENCE (#2418),40.440622,-79.96855,mid_block,NaN,shp-83-01
16023,ALLEQUIPPA ST + WHITRIDGE,40.441034,-79.968027,mid_block,NaN,shp-83-01
16024,ALLEQUIPPA ST + ROBINSON,40.442734,-79.965859,mid_block,NaN,shp-83-01
16025,WADSWORTH ST + ROBINSON,40.443311,-79.966436,mid_block,NaN,shp-81-04
16026,ECKSTIEN + WADSWORTH,40.442613,-79.96843,mid_block,NaN,shp-81-51
16027,BENTLY DR + OAK HILL,40.440034,-79.969837,mid_block,NaN,shp-81-51
16028,OAK HILL DR + ECKSTIEN,40.441506,-79.969941,mid_block,NaN,shp-81-51
16029,EAST LIBERTY DRWY + FIFTH FS,40.456011,-79.910856,far_side,45.57404635714601,shp-28X-01
1603,BRIGHTON RD + WOODLAND,40.470006,-80.025572,mid_block,NaN,shp-16-51
1605,BRIGHTON RD + MCDOWELL,40.47177,-80.026958,mid_block,NaN,shp-16-51
16051,AMBRIDGE PARK AND RIDE,40.592449,-80.22814,mid_block,NaN,shp-14-07
1606,BRIGHTON RD + WESTBORN,40.473529,-80.028626,near_side,10.643059468048456,shp-16-51
16063,EAST BUSWAY + SWISSVALE STATION A,40.415288,-79.87905,mid_block,NaN,shp-P1-51
1607,BRIGHTON RD + WADLOW,40.475272,-80.030153,mid_block,NaN,shp-16-51
1608,BRIGHTON RD + WOODS RUN,40.476352,-80.031616,near_side,21.247535575355005,shp-16-51
16086,CHATEAU + FRANKLIN,40.455436,-80.028775,mid_block,NaN,shp-17-52
1610,BRIGHTON RD + ACACIA,40.479706,-80.031059,mid_block,NaN,shp-16-51
16104,EAST BUSWAY + WILKINSBURG STATION A,40.44656,-79.888573,mid_block,NaN,shp-P1-51
16105,EAST BUSWAY + HAMNETT STATION A,40.436841,-79.885696,mid_block,NaN,shp-P1-51
16106,EAST BUSWAY + ROSLYN STATION A,40.419086,-79.886292,mid_block,NaN,shp-P1-51
16107,EAST BUSWAY + HERRON STATION B,40.459163,-79.966949,mid_block,NaN,shp-P68-68
16109,EAST BUSWAY + EAST LIBERTY STATION B,40.459348,-79.923089,mid_block,NaN,shp-P68-68
16110,EAST BUSWAY + HOMEWOOD STATION B,40.453,-79.899379,mid_block,NaN,shp-P68-68
16111,EAST BUSWAY + WILKINSBURG STATION B,40.446781,-79.888757,mid_block,NaN,shp-71C-09
16118,EAST BUSWAY + WILKINSBURG STATION D,40.44663,-79.888475,mid_block,NaN,shp-71C-N4
16119,EAST BUSWAY + HOMEWOOD STATION D,40.452929,-79.898897,mid_block,NaN,shp-P78-61
16120,EAST BUSWAY + EAST LIBERTY STATION D,40.459539,-79.922767,mid_block,NaN,shp-P78-61
16121,EAST BUSWAY + NEGLEY STATION D,40.456705,-79.932622,mid_block,NaN,shp-P78-61
16122,EAST BUSWAY + HERRON STATION D,40.459362,-79.966613,mid_block,NaN,shp-P78-61
1613,BRIGHTON RD + DAVIS,40.481541,-80.033551,near_side,47.58297191609949,shp-16-51
1615,BRIGHTON RD + TERMON,40.482962,-80.035329,near_side,15.287170739493947,shp-16-51
1616,BRIGHTON RD + BENTON,40.484236,-80.035728,near_side,12.602623680925197,shp-16-51
16177,WOODSTOCK AVE + SWISSVALE STATION STEPS,40.415777,-79.87873,mid_block,NaN,shp-61A-52
1618,BRIGHTON RD + KLEBER,40.486996,-80.037224,mid_block,NaN,shp-16-51
1619,BRIGHTON RD + PENNOCK,40.48733,-80.039015,mid_block,NaN,shp-16-51
16198,E PGH-MCKSPT BLVD + OVERHILL,40.377703,-79.828056,mid_block,NaN,shp-55-53
1620,BRIGHTON RD + PERROTT,40.487591,-80.040459,mid_block,NaN,shp-16-51
16201,E PGH-MCKSPT BLVD + #625,40.374323,-79.827698,mid_block,NaN,shp-55-53
16227,BOWMAN AVE + LIME,40.360891,-79.83285,mid_block,NaN,shp-55-04
16229,EAST PITTSBURGH-MCKEESPORT + FAIRMONT,40.362175,-79.830558,mid_block,NaN,shp-55-04
16230,EAST PITTSBURGH-MCKEESPORT BLVD + AULT,40.364505,-79.829199,mid_block,NaN,shp-55-04
16231,EAST PITTSBURGH-MCKEESPORT BLVD + ORRIS,40.368953,-79.830665,mid_block,NaN,shp-55-04
16233,EAST PITTSBURGH-MCKEESPORT BLVD + THE LANE,40.371262,-79.828348,mid_block,NaN,shp-55-04
1624,LINCOLN AVE + KESWICK AVE,40.489931,-80.047678,mid_block,NaN,shp-16-51
16243,PORT PERRY RD + CLYDE,40.3859,-79.832527,mid_block,NaN,shp-55-04
1625,LINCOLN AVE + STRAW AVE,40.491603,-80.047725,mid_block,NaN,shp-16-51
1626,LINCOLN AVE + BRIGHTON RD,40.492506,-80.049223,near_side,20.83160996098716,shp-16-51
16261,LINCOLN AVE + BURNSIDE,40.489103,-80.046984,mid_block,NaN,shp-16-13
16270,DUQUESNE BLVD + GRANT,40.373794,-79.845012,near_side,19.96526605108364,shp-P7-58
1628,LINCOLN AVE + FREMONT AVE,40.493994,-80.052254,near_side,17.704640214298127,shp-16-51
16281,WAL MART DR + SHELTER,40.341259,-79.944847,mid_block,NaN,shp-51-08
163,EAST ST + VENTURE ST FS,40.485058,-80.009567,far_side,19.207178091955086,shp-15-51
1630,LINCOLN AVE + BALPH,40.495525,-80.055405,near_side,17.50670078966742,shp-16-51
1632,DIVISION ST + MARIE,40.504413,-80.075068,mid_block,NaN,shp-19L-53
1633,CHURCH AVE + VICTORIA,40.50643,-80.074632,mid_block,NaN,shp-19L-53
1634,CHURCH AVE + WALNUT,40.506989,-80.07659,mid_block,NaN,shp-19L-53
16340,PROSPECT RD + BERLY,40.361337,-79.962258,mid_block,NaN,shp-Y49-52
16344,WOODSTOCK + SWISSVALE STATION STEPS,40.415683,-79.87825,mid_block,NaN,shp-61A-02
16346,EAST HILLS DR + #2340,40.455867,-79.870829,mid_block,NaN,shp-79-52
16347,MT TROY RD + BAUN,40.481491,-79.989209,mid_block,NaN,shp-4-03
1635,CHURCH AVE + RIDGE,40.507393,-80.079144,mid_block,NaN,shp-19L-53
1637,CHURCH AVE + FOREST,40.508149,-80.082591,mid_block,NaN,shp-19L-53
16384,OXFORD DR + HOME DEPOT,40.344515,-80.049766,near_side,45.611960988083894,shp-36-51
164,EAST ST + MT PLEASANT RD,40.48227,-80.005994,far_side,10.363288151834004,shp-12-02
16403,KNOEDLER RD + MERRYHEART HOME #100,40.341969,-79.982456,mid_block,NaN,shp-Y47-52
16426,AMITY ST + 8TH NS,40.407241,-79.911147,near_side,37.64327073667952,shp-57-02
16427,SHADY AVE + 5TH,40.452006,-79.920397,mid_block,NaN,shp-64-01
16437,WILDWOOD AVE + #473,40.503741,-79.840344,mid_block,NaN,shp-P78-15
16443,FREEPORT RD + CALIFORNIA,40.618413,-79.732157,near_side,11.018104721042102,shp-P10-01
1646,CENTER AVE + CHURCH,40.513202,-80.09847,mid_block,NaN,shp-19L-53
1647,CENTER AVE + PENNSYLVANIA,40.513162,-80.099814,mid_block,NaN,shp-19L-53
16470,BEATTY ST + EVA,40.461242,-79.927437,mid_block,NaN,shp-82-01
16471,BEATTY ST + BAUM NS,40.46047,-79.927921,mid_block,NaN,shp-82-01
16474,BAKER ST + #7207,40.487813,-79.923153,mid_block,NaN,shp-75-01
1648,CENTER AVE + ALLEGHENY,40.513133,-80.100991,mid_block,NaN,shp-19L-53
16482,SAMPLE RD + HIGH MEADOW,40.573361,-79.993726,mid_block,NaN,shp-O5-08
16484,CRESCENT + SULLIVAN WAY,40.502019,-79.946954,mid_block,NaN,shp-2-01
16485,CRESCENT + SULLIVAN WAY,40.502042,-79.946767,mid_block,NaN,shp-2-52
16489,GEARING + FREELAND,40.41828,-80.00526,mid_block,NaN,shp-44-02
1649,CENTER AVE + WALLISTON,40.513058,-80.102799,mid_block,NaN,shp-19L-53
16491,FREEPORT RD + DALLAS,40.622754,-79.726233,mid_block,NaN,shp-P10-01
165,EAST ST + MILROY ST,40.476913,-80.006848,near_side,11.765644571531112,shp-12-02
16500,MONONGAHELA + #2129,40.417361,-79.887544,mid_block,NaN,shp-61B-02
16529,WEST VIEW FIRE LN + WORKOUT ANYTIME,40.517571,-80.037758,mid_block,NaN,shp-8-53
16535,LINDEN + BEECH,40.399804,-79.835514,mid_block,NaN,shp-59-51
16551,WASHINGTON BLVD + CYPHERS COMPANY,40.463186,-79.905896,mid_block,NaN,shp-P10-01
16556,ALLEGHENY AVE + PENNSYLVANIA,40.522058,-79.84264,mid_block,NaN,shp-P78-61
16558,ALLEGHENY AVE + MARYLAND,40.518921,-79.843051,mid_block,NaN,shp-P78-61
16559,ALLEGHENY AVE + DELAWARE,40.517799,-79.843205,mid_block,NaN,shp-P78-61
16560,ALLEGHENY AVE + WASHINGTON,40.51638,-79.843348,mid_block,NaN,shp-P78-61
16562,ALLEGHENY AVE + CALIFORNIA,40.515345,-79.843382,mid_block,NaN,shp-P78-15
16563,ALLEGHENY AVE + WASHINGTON,40.516134,-79.843288,mid_block,NaN,shp-P78-15
16564,ALLEGHENY AVE + DELAWARE,40.517633,-79.843102,mid_block,NaN,shp-P78-15
16566,ALLEGHENY AVE + ANN,40.520159,-79.842814,mid_block,NaN,shp-P78-15
16567,ALLEGHENY AVE + PENNSYLVANIA,40.521832,-79.842593,mid_block,NaN,shp-P78-15
16568,ALLEGHENY AVE + ARCHIE,40.523682,-79.841961,mid_block,NaN,shp-P78-15
16569,ALLEGHENY AVE + HULTON,40.524786,-79.841354,mid_block,NaN,shp-P78-15
16572,OAKWOOD ST + NIMICK PLACE,40.44986,-79.884232,mid_block,NaN,shp-71D-02
1658,KENDALL AVE + DAVIS,40.489674,-80.049881,mid_block,NaN,shp-19L-03
1659,KENDALL AVE + CRAWFORD,40.488972,-80.05072,mid_block,NaN,shp-19L-03
16595,E 4TH AVE + BOYD,40.600704,-79.756126,mid_block,NaN,shp-1-52
16596,LINCOLN AVE + VERONA,40.472931,-79.888966,mid_block,NaN,shp-82-52
166,EAST ST + HAZLETT ST,40.474771,-80.005385,near_side,27.434056836808207,shp-12-02
1660,KENDALL AVE + WATSON,40.48793,-80.051987,mid_block,NaN,shp-19L-03
16601,CENTRE AVE + DITHRIDGE,40.451428,-79.953432,mid_block,NaN,shp-82-52
16604,WEST ST + HOMESTEAD HEALTH CTR,40.399708,-79.904832,mid_block,NaN,shp-53-52
16605,2ND ST + OLIVER,40.376552,-79.849998,mid_block,NaN,shp-61C-51
16606,2ND ST + HAMILTON,40.375027,-79.848608,mid_block,NaN,shp-61C-51
16607,2ND ST + SR CITIZEN HI-RISE,40.373904,-79.847584,mid_block,NaN,shp-61C-51
16611,BROWNSVILLE RD + TOWN SQUARE,40.366744,-79.98096,near_side,21.436914106459835,shp-51-58
16612,BROWNSVILLE RD + GIANT EAGLE,40.365626,-79.982424,near_side,19.79718147540519,shp-51-58
16614,KNOEDLER RD + BALDWIN TOWERS (#200),40.341909,-79.982312,mid_block,NaN,shp-Y47-01
16620,KENNEDY AVE + DELL,40.366496,-79.85729,mid_block,NaN,shp-59-51
16627,WALLACE AVE + PITT,40.44532,-79.886694,mid_block,NaN,shp-71D-52
16628,WALLACE AVE + HAY,40.444868,-79.885315,mid_block,NaN,shp-71D-52
16637,CRAFTON INGRAM SHOPPING CENTER + BANK (CITIZENS),40.440389,-80.06969,mid_block,NaN,shp-27-53
16648,VIRGINIA AVE + BIGHAM,40.431984,-80.01554,mid_block,NaN,shp-40-01
16650,CLEVER RD + FIELD CLUB,40.4688,-80.126358,mid_block,NaN,shp-24-04
16651,CLEVER RD + MONTOUR HIGH SCHOOL,40.468488,-80.12399,mid_block,NaN,shp-24-04
16652,CLEVER RD + PITCHFORK,40.464995,-80.109499,mid_block,NaN,shp-24-04
16678,WALNUT ST + WAMPLER,40.317288,-79.833672,mid_block,NaN,shp-60-16
16679,WALNUT ST + WAMPLER,40.317162,-79.833728,mid_block,NaN,shp-60-16
16680,KENDALL AVE + CEDAR,40.48666,-80.053636,mid_block,NaN,shp-19L-03
1669,GRANT ST + JEFFERSON,40.489448,-80.051722,mid_block,NaN,shp-19L-53
16695,LINCOLN + HARRISON,40.493535,-80.051521,mid_block,NaN,shp-16-13
167,EAST ST + SUFFOLK ST,40.469084,-80.001562,mid_block,NaN,shp-12-02
1670,GRANT ST + DAVIS,40.490247,-80.050707,mid_block,NaN,shp-19L-53
1671,GRANT ST + WASHINGTON FS,40.490874,-80.049883,mid_block,NaN,shp-19L-53
1672,GRANT ST + LINCOLN,40.491966,-80.048481,mid_block,NaN,shp-19L-53
16779,BROADWAY BLVD + #1010,40.400742,-79.772732,mid_block,NaN,shp-69-10
16832,BENTLEY DR + BURROWS,40.439637,-79.970657,mid_block,NaN,shp-81-51
16839,CAMP ST + BRYN MAWR,40.452088,-79.958805,mid_block,NaN,shp-83-53
16841,MCKNIGHT RD + DUNCAN,40.568787,-80.023956,near_side,14.257762867196046,shp-O12-02
16842,MCKNIGHT RD + DUNCAN,40.568066,-80.023872,near_side,26.364867675431725,shp-O12-52
16845,BENTLEY DR + BURROWS,40.439823,-79.970364,mid_block,NaN,shp-81-04
16881,BRIGHTON RD + BRIGHTRIDGE ST FS (BREADWORKS),40.461496,-80.018859,mid_block,NaN,shp-16-51
16882,CAMBRONNE ST + WINHURST,40.488497,-80.0433,mid_block,NaN,shp-16-51
16887,MAIN ST + 23RD,40.49342,-79.914229,mid_block,NaN,shp-91-03
169,EAST ST + ROYAL ST,40.465996,-79.99984,mid_block,NaN,shp-12-02
16932,VANN RD + MINGO,40.465035,-79.892789,mid_block,NaN,shp-74-01
16940,HECKEL RD OPP KENMAWR PLAZA,40.473413,-80.094148,mid_block,NaN,shp-24-04
16950,PRESIDENTIAL DR + WASHINGTON,40.584852,-79.999604,mid_block,NaN,shp-O5-56
16963,OHIO RIVER BLVD + THRIFT STORE,40.49521,-80.06587,mid_block,NaN,shp-14-01
16967,BAUM BLVD + AIKEN,40.457059,-79.938339,near_side,23.30587289056278,shp-77-08
16981,UNIVERSAL RD + MAIN,40.467691,-79.793399,mid_block,NaN,shp-P16-95
16991,PATRIOT WAY + DELAFIELD,40.497006,-79.890916,near_side,18.903761804275106,shp-91-03
17,BROADWAY AVE AT BELASCO,40.407036,-80.027078,mid_block,NaN,shp-RED-01
170,EAST ST + LAREDA ST,40.462822,-79.998985,mid_block,NaN,shp-12-02
17007,GREENTREE RD + ST MARGARET SCHOOL DRIVEWAY,40.423084,-80.044874,mid_block,NaN,shp-38-56
1702,ISLAND AVE + BEAVER,40.461933,-80.032517,near_side,30.375124098360082,shp-18-06
1704,BEAVER AVE + BRANCHPORT,40.459427,-80.031136,mid_block,NaN,shp-18-06
1705,COLUMBUS AVE + CHATEAU FS,40.457423,-80.02888,mid_block,NaN,shp-17-01
1706,COLUMBUS AVE + MANHATTAN,40.457656,-80.027622,mid_block,NaN,shp-17-01
1707,MANHATTAN ST + JUNIATA,40.456944,-80.027298,mid_block,NaN,shp-17-01
1708,MANHATTAN ST + N FRANKLIN,40.456131,-80.027043,mid_block,NaN,shp-17-01
17081,BROADWAY BLVD + #1010,40.400799,-79.772972,mid_block,NaN,shp-69-61
1709,MANHATTAN ST + LIVERPOOL,40.455178,-80.026728,mid_block,NaN,shp-17-01
171,NORTH AVE + MIDDLE ST FS,40.456696,-80.000267,far_side,21.421627245457707,shp-12-02
1710,MANHATTAN ST + PENNSYLVANIA,40.454158,-80.026397,mid_block,NaN,shp-17-01
17109,WM PENN HWY + DOLLAR BANK,40.438818,-79.764542,mid_block,NaN,shp-67-52
17110,WM PENN HWY + ECKARD,40.438669,-79.767918,mid_block,NaN,shp-67-52
17126,JAMES ST + BUENA VISTA,40.420174,-79.808328,mid_block,NaN,shp-P68-21
17168,PARK MANOR DR + ROBINSON CENTER DR,40.451745,-80.161385,near_side,32.45864619949446,shp-28X-51
1717,BRIGHTON + GIANT EAGLE LOWER LOT,40.48967,-80.044536,mid_block,NaN,shp-17-01
17170,LINCOLN HWY + GREENSBURG PIKE,40.38146,-79.816771,mid_block,NaN,shp-P76-31
17182,AIRBRAKE AVE + #620,40.39632,-79.810545,mid_block,NaN,shp-69-61
1719,PENNSYLVANIA AVE + FULTON,40.454299,-80.024834,mid_block,NaN,shp-17-01
172,NORTH AVE + JAMES ST,40.456478,-80.001419,near_side,17.455891810260884,shp-12-02
1720,PENNSYLVANIA AVE + FONTELLA,40.454631,-80.023,mid_block,NaN,shp-17-01
1721,PENNSYLVANIA AVE + ALLEGHENY,40.455151,-80.020235,near_side,17.32863415603356,shp-17-01
17212,CLOVERFIELD ST + AGNEW,40.398709,-79.964555,mid_block,NaN,shp-44-01
1722,ALLEGHENY AVE + SHEFFIELD,40.454308,-80.019829,mid_block,NaN,shp-18-06
17224,5TH AVE + #1681,40.353324,-79.846079,mid_block,NaN,shp-61C-51
17229,HAZELWOOD AVE + GLADSTONE,40.412525,-79.9403,mid_block,NaN,shp-93-02
1723,ALLEGHENY AVE + NORTH,40.453228,-80.019493,near_side,14.838885016210272,shp-18-06
17235,JEFFERS ST + #1330,40.453006,-80.065562,mid_block,NaN,shp-27-04
1725,ALLEGHENY AVE + NORTH,40.452957,-80.01931,near_side,21.659656866617414,shp-18-01
1726,ALLEGHENY AVE + SHEFFIELD,40.454192,-80.01969,mid_block,NaN,shp-18-01
17263,S 26TH ST + SIDNEY,40.428212,-79.967983,mid_block,NaN,shp-75-01
17264,SIDNEY ST + S 27TH,40.427862,-79.966481,mid_block,NaN,shp-75-01
17265,SIDNEY ST + S 28TH,40.427134,-79.964965,mid_block,NaN,shp-75-01
17269,GREENFIELD AVE+ 322,40.425356,-79.948151,mid_block,NaN,shp-93-02
1727,PENNSYLVANIA AVE + BIDWELL ST,40.455047,-80.021165,mid_block,NaN,shp-17-52
17277,SHADY AVE + HOBART,40.434362,-79.91871,mid_block,NaN,shp-74-01
1728,PENNSYLVANIA AVE + SEDGEWICK,40.454844,-80.022223,mid_block,NaN,shp-17-52
17284,MILLVALE AVE.+MITRE WAY,40.459597,-79.946247,mid_block,NaN,shp-54-07
17286,EAST CARSON ST + 11TH,40.428772,-79.987377,near_side,14.366202901329137,shp-51-08
1729,PENNSYLVANIA AVE + FULTON,40.454406,-80.024624,mid_block,NaN,shp-17-52
17293,AMITY ST + 9TH,40.406346,-79.910035,mid_block,NaN,shp-53-02
1730,PENNSYLVANIA AVE + MANHATTAN,40.454102,-80.026254,mid_block,NaN,shp-17-52
17307,SOUTHERN AV+ COWAN,40.427595,-80.00895,mid_block,NaN,shp-40-01
1731,PENNSYLVANIA AVE + CHATEAU,40.453747,-80.028143,mid_block,NaN,shp-17-52
17313,WOODSTOCK AVE +2690,40.414304,-79.872838,mid_block,NaN,shp-61A-52
17323,FREEPORT RD + EVERGREEN,40.649166,-79.708945,mid_block,NaN,shp-P10-01
17324,FREEPORT RD + EVERGREEN,40.649055,-79.7088,mid_block,NaN,shp-P10-51
17327,FREEPORT RD + ALTERMOOR DR,40.655803,-79.707327,mid_block,NaN,shp-P10-51
1733,CHATEAU ST + ADAMS,40.458163,-80.029651,mid_block,NaN,shp-18-01
17335,SWISSVALE AVE + COAL,40.434899,-79.882796,mid_block,NaN,shp-61A-52
17347,VILLAGE DR + SOUTH HIILS VILLAGE PARKING GARAGE,40.340025,-80.0538,mid_block,NaN,shp-36-03
17349,FREEPORT RD + OAK MANOR,40.65121,-79.708426,near_side,33.153069646789746,shp-P10-01
1735,CHATEAU ST TURNAROUND + BEAVER,40.461407,-80.031593,mid_block,NaN,shp-18-01
17350,FREEPORT RD + OAK MANOR,40.650726,-79.708371,near_side,21.088838758482396,shp-P10-51
17355,FREEPORT RD + DOLLAR BANK(WATERWORKS),40.487273,-79.885363,mid_block,NaN,shp-91-03
17356,FREEPORT + #1050,40.4874,-79.884395,near_side,19.37555539852088,shp-91-03
1737,METROPOLITAN ST + CITIZENS BANK DRVWY,40.455542,-80.031277,mid_block,NaN,shp-18-01
17374,CHARTIERS VALLEY SHOPPING CENTER DR + GIANT EAGLE,40.366977,-80.109697,mid_block,NaN,shp-38-56
1738,METROPOLITAN ST + COLUMBUS,40.456814,-80.031684,mid_block,NaN,shp-18-01
17381,MCCOY RD + #208,40.474662,-80.070752,mid_block,NaN,shp-22-55
17389,MCKNIGHT RD + IVORY AVE RAMP FS,40.499126,-80.012829,mid_block,NaN,shp-12-51
1739,METROPOLITAN ST + BRANCHPORT,40.458706,-80.032318,mid_block,NaN,shp-18-01
174,CEDAR AVE + EAST OHIO ST,40.453461,-80.001819,near_side,22.69857383994516,shp-8-03
1740,BRANCHPORT ST + PREBLE,40.458813,-80.033409,mid_block,NaN,shp-18-01
1742,PREBLE AVE + ISLAND,40.461418,-80.034515,mid_block,NaN,shp-18-01
17422,DYNAMO WAY + BEECH,40.40051,-79.83558,mid_block,NaN,shp-59-01
17426,JEFFERSON DR + COMMUNITY CENTER,40.480002,-80.076496,mid_block,NaN,shp-22-01
17427,PLEASANT RIDGE RD + OAK,40.479061,-80.073827,mid_block,NaN,shp-22-01
17430,OVERLOOK PLACE + PLEASANT RIDGE,40.480071,-80.07506,mid_block,NaN,shp-22-01
17431,PLEASANT RIDGE + SENIOR HIGHRISE,40.480035,-80.076368,mid_block,NaN,shp-22-01
17432,JEFFERSON DR + MCOY,40.479716,-80.078489,mid_block,NaN,shp-22-55
17453,VANADIUM RD + BOWER HILL,40.368406,-80.084332,near_side,24.239474364268503,shp-41-51
17482,BROADWAY AVE AT SHIRAS,40.403788,-80.030326,mid_block,NaN,shp-RED-01
175,CEDAR AVE + PRESSLEY ST,40.451587,-80.001206,mid_block,NaN,shp-8-03
17503,BROADHEAD-FORDING RD + W PROSPECT,40.448575,-80.082218,mid_block,NaN,shp-27-53
17509,WORTHINGTON AVE + INTERSTATE LOUNGE(#1560),40.292744,-79.909534,mid_block,NaN,shp-Y46-01
17510,WORTHINGTON AVE + INTERSTATE LOUNGE(#1560),40.292725,-79.90945,mid_block,NaN,shp-Y46-52
17518,AMITY ST + 8TH,40.406968,-79.910707,near_side,20.24363611735883,shp-53-02
17519,AMITY + 7TH AVE,40.407336,-79.911127,far_side,43.15038475613106,shp-57-52
17520,EVANS AVE + MCKEESPORT HOSPITAL EMERGENCY,40.350924,-79.849927,mid_block,NaN,shp-60-16
17521,EVANS AVE + MCKEESPORT HOSPITAL MAIN ENTRANCE,40.351476,-79.850446,mid_block,NaN,shp-60-16
17533,PROSPECT RD + CAPAREL TOWNHOUSES,40.359633,-79.959714,mid_block,NaN,shp-Y49-01
17534,PROSPECT RD + BERYL FS,40.361387,-79.962217,mid_block,NaN,shp-Y49-01
17552,BRIGHTON RD + ARMANDALE,40.458032,-80.016051,mid_block,NaN,shp-16-13
17592,BAPTIST + WEYMAN RD FS (CASTE VILLAGE),40.357663,-80.000317,near_side,34.858671994628054,shp-Y45-51
176,ANDERSON ST + LACOCK ST,40.449867,-80.001076,near_side,24.22489202248118,shp-4-03
17602,HIGHLAND AVE + BROAD ST,40.462605,-79.924351,mid_block,NaN,shp-71B-01
17625,PLEASANT RIDGE RD + OVERLOOK,40.480536,-80.07259,mid_block,NaN,shp-22-01
17633,WEST BUSWAY + BELL STATION A,40.415441,-80.083026,mid_block,NaN,shp-G2-51
17634,BROWNSVILLE RD + MATHEWS,40.413422,-79.988655,mid_block,NaN,shp-51-08
17645,STEUBENVILLE PIKE + HADDOCK,40.449416,-80.107668,near_side,17.232177792272424,shp-29-01
17647,WATERFRONT DR + COSTCO WHOLESALE DRVWY,40.404341,-79.920553,mid_block,NaN,shp-61D-01
17656,WATERWORKS DR + BED BATH & BEYOND (WALMART),40.488022,-79.889769,mid_block,NaN,shp-91-52
17666,ELIZA ST + DIVISION,40.394594,-79.879598,mid_block,NaN,shp-59-01
17671,FIFTH AVE + MCKEE,40.440629,-79.959911,far_side,38.34174319010629,shp-71A-51
17677,ROSS ST + WOOD,40.442493,-79.88411,mid_block,NaN,shp-61A-52
1768,COLBY ST + FABER,40.486115,-80.005005,mid_block,NaN,shp-6-03
1769,SIRIUS ST + #3517,40.484936,-80.005661,mid_block,NaN,shp-6-03
1770,REGULUS ST + COLBY,40.484647,-80.004502,mid_block,NaN,shp-6-03
1772,COLBY ST + MT PLEASANT,40.483251,-80.003855,mid_block,NaN,shp-6-03
1773,MT PLEASANT RD + NORTHVIEW HTS SCHOOL,40.481891,-80.002784,mid_block,NaN,shp-6-03
17733,SECOND AVENUE + PGH TECH CTR (MIDDLE ACCESS ROAD),40.432779,-79.962507,near_side,26.334446568960228,shp-57-52
17734,VA HOSPITAL TRANSIT LOOP + SHELTER,40.446697,-79.960418,mid_block,NaN,shp-83-01
17736,MAIN + 22ND,40.397711,-79.901554,near_side,25.045743288879258,shp-53-02
17737,WATERFRONT DR + BRIDGE ST. (RED ROBIN),40.409498,-79.916568,near_side,17.812487091222298,shp-61D-01
1774,MT PLEASANT RD + #384,40.480453,-80.002007,mid_block,NaN,shp-6-03
17744,AMITY ST + TARGET DR,40.41001,-79.912595,near_side,23.836359745016722,shp-61D-01
17749,E CARSON ST + 24TH,40.428163,-79.97131,near_side,17.252007126879533,shp-48-51
1775,MT PLEASANT RD + CHICAGO,40.478703,-80.000974,mid_block,NaN,shp-6-03
1776,MT PLEASANT RD + HAZLETT,40.477836,-80.000288,mid_block,NaN,shp-6-03
17765,FIFTH AVE RAMP + FIFTH AVE NS,40.455928,-79.910932,near_side,48.17490524431927,shp-89-52
1777,MT PLEASANT RD + PENFORT,40.477118,-79.999685,mid_block,NaN,shp-6-03
1778,PENFORT ST + #338,40.476208,-80.000478,mid_block,NaN,shp-6-03
17791,MCKSPT TRANSPORTATION CTR + BAY #2,40.352308,-79.860558,ambiguous,38.53235310469809,shp-61C-51
178,ANDERSON ST + ISABELLA ST,40.448349,-80.000656,mid_block,NaN,shp-4-03
1780,PENFORT ST + #173,40.474438,-80.002425,mid_block,NaN,shp-6-03
1781,PENFORT ST + ESSEN,40.473297,-80.002953,mid_block,NaN,shp-6-03
1782,CHARLES ST + WILSON,40.469262,-80.014573,mid_block,NaN,shp-15-04
17824,WATERFRONT DR + LOEWS THEATER,40.407484,-79.918805,mid_block,NaN,shp-61D-01
1785,CHARLES ST + IRWIN,40.466939,-80.018809,mid_block,NaN,shp-15-04
1786,CHARLES ST + BIZET,40.466454,-80.019862,mid_block,NaN,shp-15-04
1787,CHARLES ST + CROSS,40.465212,-80.020681,mid_block,NaN,shp-15-04
1788,CHARLES ST + IZORA,40.464078,-80.020577,mid_block,NaN,shp-15-04
1789,CHARLES ST + STRAUSS,40.463215,-80.019854,mid_block,NaN,shp-15-04
179,9TH ST + PENN AVE,40.443888,-79.998481,ambiguous,18.461410964058018,shp-4-03
1790,CHARLES ST + BRIGHTRIDGE,40.462182,-80.018485,mid_block,NaN,shp-15-04
1792,CHARLES ST + BRIGHTON,40.459844,-80.017086,near_side,21.91949596909756,shp-15-04
1796,EAST OHIO + CEDAR,40.453216,-80.001918,near_side,27.663987594261524,shp-6-51
1797,COLBY ST + MT PLEASANT FS,40.483187,-80.003796,mid_block,NaN,shp-6-51
18,BROADWAY AVE AT BELASCO,40.407213,-80.026832,mid_block,NaN,shp-RED-51
1806,CHARLES ST + BRIGHTRIDGE,40.462022,-80.018133,mid_block,NaN,shp-15-51
1807,CHARLES ST + STRAUSS,40.463207,-80.019716,mid_block,NaN,shp-15-51
1809,CHARLES ST + CROSS,40.46517,-80.020588,mid_block,NaN,shp-15-51
1810,CHARLES ST + BIZET,40.466452,-80.019749,mid_block,NaN,shp-15-51
1811,CHARLES ST + IRWIN,40.466824,-80.018892,mid_block,NaN,shp-15-51
1812,CHARLES ST + #2562,40.467593,-80.016678,mid_block,NaN,shp-15-51
1813,CHARLES ST + KENN,40.467922,-80.015746,mid_block,NaN,shp-15-51
1814,CHARLES ST + WILSON,40.469134,-80.014589,mid_block,NaN,shp-15-51
18141,ELLSWORTH AVE + EAST LIBERTY STATION,40.459262,-79.922968,mid_block,NaN,shp-75-01
18142,ELLSWORTH AVE+ SPAHR,40.458357,-79.927439,mid_block,NaN,shp-75-01
18148,GROSS ST + FRIENDSHIP,40.462316,-79.944469,near_side,14.299473231398064,shp-64-01
18149,FRIENDSHIP AVE + HOWLEY,40.465109,-79.951069,near_side,22.19941028506107,shp-64-01
1815,CHARLES ST + KIMBERLIN,40.469781,-80.013966,mid_block,NaN,shp-15-51
18150,39TH ST + BUTLER,40.467498,-79.963592,mid_block,NaN,shp-64-51
18152,40TH + GOVERNMENT WAY STEPS,40.465577,-79.958451,mid_block,NaN,shp-64-51
18153,FRIENDSHIP AVE + HOWLEY,40.46525,-79.951388,far_side,5.604218527289856,shp-64-51
18156,MURRAY AVE + BEACON,40.434911,-79.922897,near_side,19.123548071351387,shp-61C-51
18158,MCKEESPORT TRANSPORTATION CENTER AT BAY #2,40.352277,-79.860926,far_side,42.76858768684232,shp-60-16
18159,DUQUESNE + LIBRARY,40.371923,-79.843883,ambiguous,5.224751753359333,shp-P7-58
1816,CHARLES ST + LELAND,40.470261,-80.012344,mid_block,NaN,shp-15-51
18164,FIFTH AVE + KIRKPATRICK FS,40.437875,-79.973039,far_side,19.109377445379224,shp-61C-01
18165,FIFTH AVE + BRENHAM FS,40.436504,-79.968541,mid_block,NaN,shp-61C-01
1817,CHARLES ST + SHELTON,40.470452,-80.011328,mid_block,NaN,shp-15-51
18173,FORBES + MARGARET MORRISON NS,40.442789,-79.93778,near_side,23.810616784552945,shp-61C-51
18174,LYSLE BLVD + COURSIN FS,40.352217,-79.856047,mid_block,NaN,shp-61C-01
18175,LIBRARY PL + 1ST,40.371774,-79.844286,mid_block,NaN,shp-52L-52
18176,KENNYWOOD BLVD + GLENCAIRN FS,40.389083,-79.867784,mid_block,NaN,shp-61C-01
18179,MURRAY AVE+ FLEMINGTON FS,40.42644,-79.927392,mid_block,NaN,shp-61C-01
18184,WALNUT ST + CENTER FS,40.315837,-79.831857,far_side,46.04447654816502,shp-60-16
18191,WALNUT ST + 13TH FS,40.342769,-79.862416,mid_block,NaN,shp-60-16
18193,VERSAILLES AVE + SUMAC,40.345188,-79.840851,mid_block,NaN,shp-60-16
18194,EVANS AVE + HOSPITAL DR,40.350027,-79.84948,mid_block,NaN,shp-60-16
18196,WALNUT ST + 5TH FS,40.350626,-79.864952,far_side,41.17957167860946,shp-60-16
18197,WALNUT ST + 7TH FS,40.348921,-79.864565,mid_block,NaN,shp-60-16
18199,WALNUT ST + 27TH,40.333325,-79.847604,mid_block,NaN,shp-60-16
1821,PENFORT ST + #174,40.474354,-80.002411,mid_block,NaN,shp-6-51
1823,PENFORT ST + MT PLEASANT,40.476915,-79.999586,mid_block,NaN,shp-6-51
1824,MT PLEASANT RD + HAZLETT,40.47765,-80.000032,mid_block,NaN,shp-6-51
1825,MT PLEASANT RD + CHICAGO,40.478536,-80.000751,mid_block,NaN,shp-6-51
18256,ISLAND AVE + ADRIAN,40.474383,-80.064048,mid_block,NaN,shp-22-55
18257,RIVER AVE + UNDERPASS,40.470435,-80.054089,mid_block,NaN,shp-22-01
1826,MT PLEASANT RD + #415,40.47987,-80.00165,mid_block,NaN,shp-6-51
1827,MT PLEASANT RD + BEECH,40.481167,-80.002245,mid_block,NaN,shp-6-51
18275,WESTERN AVE + ALLEGHENY FS,40.451551,-80.018572,far_side,36.18810483037235,shp-18-06
18276,WESTERN AVE + BRIGHTON FS,40.45232,-80.014565,mid_block,NaN,shp-18-01
18279,MERCHANT ST + 11TH FS,40.592287,-80.230336,mid_block,NaN,shp-14-07
1828,MT PLEASANT RD + #305,40.482028,-80.002755,mid_block,NaN,shp-6-51
18280,MERCHANT ST + 3RD FS,40.581977,-80.223977,mid_block,NaN,shp-14-07
18281,BEAVER ST + MAIN FS,40.577597,-80.22036,mid_block,NaN,shp-14-07
18283,BEAVER RD + ACADEMY FS,40.544841,-80.187094,far_side,42.279847458728426,shp-14-07
18284,BEAVER ST + DIVISION FS,40.539736,-80.179899,mid_block,NaN,shp-14-07
18285,BEAVER ST + PEEBLES,40.537279,-80.177534,mid_block,NaN,shp-14-07
18286,CASINO CR + NORTH POINT FS (BUS BAY),40.448389,-80.023019,mid_block,NaN,shp-14-07
18287,BEAVER RD + EDGEWORTH FS,40.551969,-80.191846,mid_block,NaN,shp-14-07
18288,OHIO RIVER BLVD + MCKEES ROCKS BRIDGE,40.478927,-80.043253,near_side,23.250620428525952,shp-14-07
18289,REEDSDALE ST + BOYCE,40.447823,-80.01987,mid_block,NaN,shp-14-01
1829,ALLEGHENY SQ WEST + STOP #2,40.452023,-80.006447,mid_block,NaN,shp-54-53
18291,OHIO RIVER BLVD + MCKEES ROCKS BRIDGE FS,40.479422,-80.043519,mid_block,NaN,shp-14-01
18292,OHIO RIVER BLVD + RIVERVIEW,40.491826,-80.061352,far_side,25.089468446703453,shp-14-01
18293,OHIO RIVER BLVD + ELIZABETH FS,40.49596,-80.067201,far_side,39.85619483611815,shp-14-01
18294,OHIO RIVER BLVD + CAMP HORNE NS,40.510241,-80.094071,mid_block,NaN,shp-14-01
18296,BEAVER ST + BOUNDARY FS,40.534991,-80.175293,mid_block,NaN,shp-14-01
18298,BEAVER RD + EDGEWORTH,40.552024,-80.191797,mid_block,NaN,shp-14-01
18305,CALIFORNIA AVE AT ELIZABETH AVE,40.499328,-80.063866,mid_block,NaN,shp-16-13
18307,WINHURST ST + CALIFORNIA FS,40.487384,-80.044824,mid_block,NaN,shp-16-13
18308,BRIGHTON RD + MARSHALL NS,40.467219,-80.025106,near_side,35.75889684695732,shp-16-13
1831,ARCH ST + MERCY PROVIDENCE HOSP,40.45426,-80.008957,mid_block,NaN,shp-54-53
18312,SOUTH COMMONS + FEDERAL FS,40.450461,-80.003891,mid_block,NaN,shp-16-13
18317,WINHURST ST + CALIFORNIA,40.487361,-80.04492,mid_block,NaN,shp-16-51
18318,CALIFORNIA AVE OPP ELIZABETH,40.499212,-80.063313,mid_block,NaN,shp-16-51
1832,ARCH ST + NORTH,40.454995,-80.008524,near_side,14.708064163992077,shp-54-53
18320,CALIFORNIA AVE + OHIO st,40.502647,-80.07123,mid_block,NaN,shp-16-51
18326,CENTER ST + 7TH,40.600218,-79.760657,near_side,13.863948508341704,shp-P10-01
18331,PITTSBURGH ST + COLFAX FS,40.541027,-79.784225,near_side,13.122545897125386,shp-1-01
18337,PITTSBURGH ST + SCHOOL FS,40.541438,-79.778078,far_side,31.564765878734057,shp-1-52
18339,PITTSBURGH ST + ROSA FS,40.541274,-79.786875,mid_block,NaN,shp-1-52
18341,PITTSBURGH ST + MURRAY HILL FS,40.540986,-79.795585,mid_block,NaN,shp-1-52
18342,PITTSBURGH ST + HIGHLAND FS,40.541594,-79.799552,far_side,29.524066181637032,shp-1-52
18348,PITTSBURGH ST + ELIZABETH,40.541071,-79.805046,mid_block,NaN,shp-1-52
18349,PITTSBURGH ST + CHESWICK AVE,40.540833,-79.807469,mid_block,NaN,shp-1-52
18354,E OHIO ST + CHESTNUT FS,40.454574,-79.995279,mid_block,NaN,shp-6-03
18362,FREEPORT RD + LEWIS,40.497037,-79.855976,mid_block,NaN,shp-1-01
18373,FREEPORT RD + BONNIEVIEW FS,40.643063,-79.710374,mid_block,NaN,shp-P10-01
18377,5TH AVE + FRANKSTOWN AVE,40.458552,-79.908061,near_side,14.678444310525595,shp-P10-51
18380,FREEPORT RD + PADDOCK,40.643415,-79.710113,mid_block,NaN,shp-P10-51
18395,JAMES ST + HARPER,40.416306,-79.81482,mid_block,NaN,shp-P68-68
18397,DUQUESNE BLVD + HERMAN FS,40.3843,-79.860554,mid_block,NaN,shp-61C-01
18398,SECOND AVE + PGH TECH CTR (MIDDLE ACCESS ROAD),40.432781,-79.962126,near_side,16.174887937175715,shp-57-02
18400,BALDRIDGE AVE + 6TH ST FS (SR HI-RISE),40.405488,-79.863367,mid_block,NaN,shp-59-01
18401,WOODSTOCK AVE + WILKINS F S,40.413559,-79.871373,mid_block,NaN,shp-61A-02
18408,KENNEDY AVE + 6TH,40.370846,-79.850644,mid_block,NaN,shp-59-01
18409,KENNEDY AVE + 4TH,40.371348,-79.848583,near_side,11.565992644941037,shp-59-01
18410,KENNEDY AVE + 2ND,40.371828,-79.84664,mid_block,NaN,shp-59-01
18411,KENNEDY AVE + 4TH,40.37148,-79.848341,near_side,19.129596234291714,shp-59-51
18412,KENNEDY AVE + 6TH,40.370961,-79.850453,mid_block,NaN,shp-59-51
18413,KENNEDY AVE + AURILES,40.370458,-79.852508,mid_block,NaN,shp-59-51
18419,WHITAKER WAY + MARIGOLD,40.402448,-79.88914,mid_block,NaN,shp-59-51
18421,HWY RT 51 + MAXWELL,40.349593,-79.975905,mid_block,NaN,shp-51-08
18431,HWY RT 51 + BROWNSVILLE,40.36398,-79.984324,near_side,28.2012583024332,shp-Y46-52
18432,HWY RT 51 + COAL VALLEY FS,40.312438,-79.938461,mid_block,NaN,shp-Y46-52
18434,HWY RT 51 + OLD CLAIRTON F.S.,40.2944,-79.917992,far_side,15.030133545025407,shp-Y46-52
18449,MIFFLIN RD + LEBANON FS,40.379334,-79.924908,mid_block,NaN,shp-56-52
18450,IMOGENE RD + BROWNS HILL FS,40.415265,-79.924993,far_side,24.885520642836468,shp-57-02
18452,JOHNSTON AVE + RIVERMONT FS,40.406657,-79.927785,mid_block,NaN,shp-57-02
18453,JOHNSTON AVE + SECOND FS,40.406135,-79.942619,mid_block,NaN,shp-57-52
18455,JOHNSTON AVE + ROSELLE,40.406163,-79.932674,mid_block,NaN,shp-57-52
18457,JOHNSTON AVE + RIVERMONT,40.40656,-79.927812,mid_block,NaN,shp-57-52
18458,IMOGENE RD + BROWNS HILL,40.415093,-79.92493,near_side,37.66361141039071,shp-57-52
18465,E CARSON ST + 7TH FS,40.4286,-79.991973,mid_block,NaN,shp-51-58
1847,CALIFORNIA AVE + WINHURST ST,40.487207,-80.045062,mid_block,NaN,shp-13-02
18471,BROWNSVILLE RD + BAUSMAN FS,40.414124,-79.98829,far_side,46.69448470264114,shp-51-58
18472,BROWNSVILLE RD + CEDRICTON FS,40.405027,-79.990736,mid_block,NaN,shp-51-58
18473,BROWNSVILLE RD + W CHERRYHILL NS,40.398219,-79.988592,mid_block,NaN,shp-51-58
18475,BROWNSVILLE RD + BRENTRIDGE FS,40.367575,-79.978396,mid_block,NaN,shp-51-08
18477,BROWNSVILLE RD + HILLMAN FS,40.371977,-79.975265,mid_block,NaN,shp-51-08
1848,CALIFORNIA AVE + CHELLIS ST,40.486167,-80.043436,mid_block,NaN,shp-13-02
18481,W 5TH AVE + RAMP #1 FS,40.350071,-79.872206,mid_block,NaN,shp-56-03
18484,MIFFLIN RD + #1236,40.371128,-79.914995,mid_block,NaN,shp-56-03
18485,MIFFLIN RD + LEBANON FS,40.379633,-79.92543,near_side,12.220710409996911,shp-56-03
18490,MIFFLIN RD + INTERBORO,40.369789,-79.913212,near_side,21.83173374342292,shp-56-52
18492,LYSLE BLVD + LOCUST FS,40.351722,-79.86282,far_side,43.82660341494052,shp-56-52
18493,LYSLE BLVD + WALNUT FS,40.351556,-79.864517,mid_block,NaN,shp-56-52
18494,BEACON ST + MURDOCH FS,40.433766,-79.930892,mid_block,NaN,shp-93-51
18499,MULHATTON ST + BEACON FS,40.435016,-79.916415,mid_block,NaN,shp-65-52
1850,CALIFORNIA AVE + MARMADUKE ST,40.483389,-80.04106,mid_block,NaN,shp-13-02
18503,JAMES ST + SPEELMAN FS,40.42171,-79.797985,mid_block,NaN,shp-P68-21
18507,BRINTON RD + HOLIDAY INN DRVWY FS,40.432598,-79.872795,mid_block,NaN,shp-P68-21
18508,ARDMORE BLVD + MARLBORO FS,40.435858,-79.871694,far_side,23.748396829934627,shp-P68-21
18509,SOUTH AVE + ELVIA FS,40.439024,-79.876324,mid_block,NaN,shp-P68-21
18510,SOUTH AVE + WOOD NS,40.441936,-79.885063,mid_block,NaN,shp-61A-02
18513,GRANDVIEW AVE + BESSEMER NS,40.395087,-79.839308,mid_block,NaN,shp-59-51
18515,PENN AVE + SHAW FS,40.405198,-79.828935,mid_block,NaN,shp-59-51
18516,BRADDOCK AVE + ELECTRIC,40.400386,-79.833578,near_side,11.17799701736934,shp-59-51
18520,BRINTON RD + DRIVEWAY,40.432786,-79.872747,mid_block,NaN,shp-P68-68
18522,OXFORD DR + MALL BLVD,40.432003,-79.789124,mid_block,NaN,shp-P68-68
18523,JAMES ST + MONROEVILLE,40.409024,-79.818855,mid_block,NaN,shp-P68-68
18527,PENN AVE + TRENTON,40.446167,-79.892069,mid_block,NaN,shp-71C-09
18528,PENN AVE + MURTLAND,40.45081,-79.906033,mid_block,NaN,shp-71C-09
18529,WILKINS AVE + SHADY,40.443893,-79.920996,mid_block,NaN,shp-74-51
18530,PITCAIRN-TRAFFORD RD + HAYMAKER FS,40.391879,-79.766099,mid_block,NaN,shp-69-10
18534,BEELER ST + WILKINS FS,40.445626,-79.931845,mid_block,NaN,shp-67-15
18536,PENN AVE + TRENTON FS,40.445789,-79.891199,far_side,16.58989601411033,shp-67-52
1854,SHADELAND AVE + DAVIS FS,40.481438,-80.034882,mid_block,NaN,shp-17-01
18542,PENN AVE + CARNEGIE FS,40.44801,-79.897916,far_side,36.28769227544196,shp-71C-N4
18544,ARDMORE BLVD + BRYN MAWR FS,40.432154,-79.864941,far_side,13.96693405362581,shp-69-61
18547,BROADWAY BLVD + VALLEY NS,40.397889,-79.791871,mid_block,NaN,shp-69-61
1855,SHADELAND AVE + #3475,40.479317,-80.034208,mid_block,NaN,shp-17-01
1857,SHADELAND AVE + STOKES WAY,40.477308,-80.03356,mid_block,NaN,shp-17-01
18579,WEST BUSWAY + SHERADEN STATION A,40.452753,-80.053154,mid_block,NaN,shp-G2-51
1858,SHADELAND AVE + GEYER,40.474932,-80.031987,mid_block,NaN,shp-17-01
18583,WILNER DR + ROBINSON FS,40.45291,-79.866757,mid_block,NaN,shp-79-03
18586,MT CARMEL RD + DOLLMAN,40.466373,-79.868518,mid_block,NaN,shp-79-03
18592,MT CARMEL RD + DOLLMAN,40.466401,-79.868685,mid_block,NaN,shp-79-52
18593,MT CARMEL RD + VERNON,40.465749,-79.865584,mid_block,NaN,shp-79-52
18594,MT CARMEL RD + TIERS,40.470383,-79.887595,mid_block,NaN,shp-79-52
18598,BEATTY ST + BAUM,40.459991,-79.927805,mid_block,NaN,shp-82-52
1861,SHADELAND AVE + CASEMENT,40.470717,-80.030662,mid_block,NaN,shp-17-01
18611,BEATTY RD + BEATTY POINTE VILLAGE FS,40.445702,-79.74741,mid_block,NaN,shp-67-16
18612,WM PENN HWY + CENTER FS,40.438751,-79.769642,far_side,32.80460444359714,shp-67-15
18617,PENN AVE + JACKSON,40.44477,-79.861181,mid_block,NaN,shp-67-15
1862,SHADELAND AVE + WOODLAND,40.46918,-80.030179,mid_block,NaN,shp-17-01
18622,WM PENN HWY + NORTHERN PIKE,40.437456,-79.777903,far_side,6.591290947690274,shp-67-52
18624,HWY RT 286 + ALPINE,40.429104,-79.719682,mid_block,NaN,shp-P12-03
18627,HWY RT 286 + ROYAL OAK DR FS,40.443966,-79.713486,mid_block,NaN,shp-P12-70
1863,WOODLAND AVE + STAYTON,40.469573,-80.02745,mid_block,NaN,shp-17-01
18630,FRANKSTOWN AVE + BLACKADORE,40.455422,-79.883552,near_side,20.321389011557986,shp-77-58
18631,TOKAY ST + BENNETT,40.454835,-79.880898,near_side,26.75154635230663,shp-77-58
18632,ARLINGTON AVE + KNOX,40.42021,-79.990732,mid_block,NaN,shp-48-51
18636,NORTH AVE + SANDUSKY ST (AGH),40.456043,-80.003929,mid_block,NaN,shp-8-53
18639,MATHIAS ST + RHINE,40.468156,-79.995053,mid_block,NaN,shp-6-03
1864,WOODLAND AVE + BRIGHTON,40.469876,-80.025775,mid_block,NaN,shp-17-01
18640,CHESTNUT ST + ZONA WAY,40.45703,-79.995167,mid_block,NaN,shp-6-51
18641,16TH ST + PENN AVE,40.448769,-79.987392,near_side,15.479653424376908,shp-54-07
18643,WILSON ST + CHARLES,40.46895,-80.01418,mid_block,NaN,shp-11-01
18645,BOWER HILL RD + PAINTERS RUN,40.364639,-80.086596,mid_block,NaN,shp-41-01
18646,VANADIUM RD + BOWER HILL,40.368861,-80.084835,mid_block,NaN,shp-41-01
18647,BOWER HILL RD + SOMERVILLE,40.371477,-80.079587,mid_block,NaN,shp-41-01
18648,BOWER HILL RD + HILLAIRE,40.374877,-80.071902,mid_block,NaN,shp-41-01
18649,WEST LIBERTY AVE + MCFARLAND,40.389661,-80.041336,far_side,39.268609279962284,shp-41-01
18650,WEST LIBERTY AVE + KELTON,40.392318,-80.037655,mid_block,NaN,shp-41-01
18652,WEST LIBERTY AVE + BELLE ISLE,40.400055,-80.023769,mid_block,NaN,shp-41-01
18653,WEST LIBERTY AVE + RAY,40.402687,-80.020869,mid_block,NaN,shp-41-01
18654,VANADIUM RD + GREEN COMMONS FS,40.371625,-80.088843,mid_block,NaN,shp-41-01
18655,WEST LIBERTY AVE + PIONEER,40.395642,-80.033494,far_side,44.37493072431694,shp-41-51
18657,WEST LIBERTY AVE + RAY,40.40278,-80.020971,mid_block,NaN,shp-41-51
18658,WEST LIBERTY AVE + KELTON FS,40.39259,-80.037533,mid_block,NaN,shp-41-51
18659,WEST LIBERTY AVE + MCFARLAND,40.389702,-80.041496,near_side,26.983793488152088,shp-41-51
1866,WOODLAND AVE + STAYTON,40.469679,-80.027252,mid_block,NaN,shp-17-52
18662,BOWER HILL RD + HILLAIRE,40.375006,-80.071841,mid_block,NaN,shp-41-51
18663,BOWER HILL RD + SOMERVILLE,40.371473,-80.080073,mid_block,NaN,shp-41-51
18664,KANE BLVD + PROVIDENCE POINT BLVD,40.37523,-80.0876,mid_block,NaN,shp-41-51
18667,DELWAR + APPLEBEES DRVWY,40.348939,-79.94765,mid_block,NaN,shp-Y49-01
18668,DELWAR + RITTER ENGINEERING DRVWY,40.35083,-79.950821,mid_block,NaN,shp-Y49-01
1867,WOODLAND AVE + SHADELAND,40.46914,-80.02997,mid_block,NaN,shp-17-52
18672,DELWAR + RITTER ENGINEERING DRVWY,40.350809,-79.950933,mid_block,NaN,shp-Y49-52
18673,DELWAR + APPLEBEES DRVWY,40.348981,-79.947753,mid_block,NaN,shp-Y49-52
18677,HWY RT 51 + HILLVIEW,40.381293,-79.995505,mid_block,NaN,shp-Y46-52
18678,STILLEY RD + HWY RT 51,40.361169,-79.982075,mid_block,NaN,shp-Y49-52
1868,SHADELAND AVE + DICKSON,40.469712,-80.030243,mid_block,NaN,shp-17-52
18681,MCKNIGHT RD + THE BLOCK AT NORTHWAY DRVWY,40.553164,-80.020703,mid_block,NaN,shp-12-51
18682,MCKNIGHT RD + MCKNIGHT CIR (OPP ROSS PARK MALL DR),40.542185,-80.013331,far_side,5.611433505028313,shp-12-01
18684,MCKNIGHT RD + SEIBERT NS,40.531118,-80.010346,mid_block,NaN,shp-12-02
18685,MCKNIGHT RD + SEIBERT FS,40.530195,-80.009692,far_side,26.945262970563036,shp-12-02
18686,MCKNIGHT RD + BABCOCK RAMP FS,40.515078,-80.004401,mid_block,NaN,shp-12-02
18689,MCKNIGHT RD + NELSON RUN,40.505594,-80.008172,mid_block,NaN,shp-12-51
1869,SHADELAND AVE + CASEMENT,40.470518,-80.030494,mid_block,NaN,shp-17-52
18690,MCKNIGHT RD + BRAUNLICH,40.521805,-80.005137,far_side,8.519071660617474,shp-12-51
18691,MCKNIGHT RD + PATRICK PL FS,40.537692,-80.011168,far_side,15.173324358198755,shp-12-51
18694,MCKNIGHT RD + PERRYMONT FS,40.558341,-80.023342,far_side,12.446277953189309,shp-O12-52
18697,SAMPLE RD + NORTHGATE,40.574646,-79.990532,mid_block,NaN,shp-O5-08
18699,HEMLOCK DR + BABCOCK,40.587194,-79.999078,mid_block,NaN,shp-O5-08
1870,SHADELAND AVE + RANCHERIA,40.471862,-80.030926,mid_block,NaN,shp-17-52
18701,PRESIDENTIAL DR + WASHINGTON,40.584988,-79.999735,mid_block,NaN,shp-O5-08
18704,SPRINGFIELD DR + NORTHGATE,40.577893,-79.992421,mid_block,NaN,shp-O5-08
18708,AMITY DR + THOMPSON RUN,40.55007,-79.997515,mid_block,NaN,shp-O5-08
18709,EVERGREEN RD + IVORY NS,40.496285,-80.007915,mid_block,NaN,shp-O5-08
1871,SHADELAND AVE + SCHIMMER,40.473185,-80.031343,mid_block,NaN,shp-17-52
1872,SHADELAND AVE + GEYER,40.474899,-80.031887,mid_block,NaN,shp-17-52
18720,WEST BUSWAY + INGRAM STATION STOP A,40.443662,-80.066085,mid_block,NaN,shp-G2-51
18721,WEST BUSWAY + CRAFTON STATION STOP A,40.43553,-80.067735,mid_block,NaN,shp-G2-51
18722,WEST BUSWAY + IDLEWOOD STATION A,40.426101,-80.072903,mid_block,NaN,shp-G2-51
18729,WEST BUSWAY + INGRAM STATION STOP B,40.443815,-80.066065,mid_block,NaN,shp-28X-51
1873,SHADELAND AVE + HARBISON FS,40.47755,-80.03354,mid_block,NaN,shp-17-52
18730,WEST BUSWAY + CRAFTON STATION STOP B,40.435725,-80.067743,mid_block,NaN,shp-28X-51
18731,WEST BUSWAY + IDLEWOOD STATION STOP B,40.426263,-80.07275,mid_block,NaN,shp-28X-51
18732,WEST BUSWAY + BELL STATION STOP B,40.415637,-80.082887,mid_block,NaN,shp-28X-51
1875,SHADELAND AVE + ETOLA St FS,40.479687,-80.034214,mid_block,NaN,shp-17-52
18758,FOSTER AVE + WILLOW (PLAYGROUND),40.441581,-80.068327,mid_block,NaN,shp-27-04
1876,SHADELAND AVE + DAVIS,40.481465,-80.034789,mid_block,NaN,shp-17-52
18763,STUEBENVILLE PIKE + CAMPBELLS RUN FS,40.448242,-80.157086,mid_block,NaN,shp-24-04
18764,STANHOPE ST + CHARTIERS FS (SUNOCO),40.463508,-80.056286,mid_block,NaN,shp-24-04
18769,BROADWAY ST + 9TH,40.473497,-80.076175,mid_block,NaN,shp-24-54
18770,BROADWAY ST + 11TH,40.474094,-80.077943,mid_block,NaN,shp-24-54
18772,MCKEES ROCKS RD + HECKLE FS,40.470727,-80.092038,mid_block,NaN,shp-24-54
18778,HELEN ST + SPROUL FS,40.471469,-80.055359,mid_block,NaN,shp-22-01
18780,MCCOY RD + NEVILLE FS,40.479799,-80.083984,mid_block,NaN,shp-22-55
18781,MCCOY RD + EWING FS,40.480491,-80.089544,mid_block,NaN,shp-22-55
18782,BROWNSVILLE RD AT BRENTWOOD LOOP SHELTER,40.380572,-79.975905,mid_block,NaN,shp-51-58
18783,HERBST RD + ROSE,40.487232,-80.11837,mid_block,NaN,shp-20-57
18785,CHARTIERS AVE + SINGER,40.464925,-80.073974,far_side,25.55894836469717,shp-20-05
18787,5TH AVE AT THORN HOLLOW RD FS - THORN RUN PNR,40.522403,-80.176507,mid_block,NaN,shp-21-06
18788,5TH AVE + CHESS FS,40.521165,-80.17379,mid_block,NaN,shp-21-06
18789,5TH AVE + WOOD FS,40.519451,-80.169506,mid_block,NaN,shp-21-06
18790,5TH AVE + CHESTNUT FS,40.515573,-80.159382,mid_block,NaN,shp-21-06
18793,ISLAND AVE + ORR FS,40.484155,-80.07234,mid_block,NaN,shp-21-06
18794,ISLAND AVE + ORR,40.484389,-80.072535,mid_block,NaN,shp-21-60
18796,ISLAND AVE + CHURCHILL,40.472378,-80.061609,mid_block,NaN,shp-21-60
18797,GRAND AVE + NEVILLE,40.502479,-80.101867,far_side,43.45450310470927,shp-21-60
18798,GRAND AVE + VON STEIN,40.517395,-80.148785,mid_block,NaN,shp-21-60
1880,CALIFORNIA AVE + COOPER AVE,40.482956,-80.041132,mid_block,NaN,shp-13-54
18814,FOX CHAPEL RD + FREEPORT FS,40.488406,-79.883011,near_side,22.95431356725741,shp-91-52
18816,FOX CHAPEL RD + MARGERY S,40.489839,-79.882638,mid_block,NaN,shp-91-52
18817,FOX CHAPEL RD + MARGERY N,40.492092,-79.881397,mid_block,NaN,shp-91-52
18818,FOX CHAPEL RD + PARL ENTERANCE,40.496901,-79.882543,mid_block,NaN,shp-91-52
18819,FOX CHAPEL RD + DELAFIELD NS,40.498564,-79.88336,mid_block,NaN,shp-91-52
1882,CALIFORNIA AVE + PERROTT ST,40.485303,-80.041847,mid_block,NaN,shp-13-54
1883,CALIFORNIA AVE + CHELLIS ST,40.486236,-80.043332,mid_block,NaN,shp-13-54
1884,CALIFORNIA AVE + WINHURST ST FS,40.487567,-80.045274,mid_block,NaN,shp-13-54
18844,LEBANON CHURCH RD + REGIS,40.34787,-79.951515,near_side,24.163664459658918,shp-51-08
18847,BROWNSVILLE RD + HOLLOWHAVEN FS,40.343505,-79.985241,mid_block,NaN,shp-Y47-01
18848,KNOEDLER RD + BROWNSVILLE RD FS,40.341621,-79.984516,mid_block,NaN,shp-Y47-01
18849,WEYMAN RD + VILLAGE LANE,40.359704,-80.000731,mid_block,NaN,shp-Y45-01
18853,HORNING RD + BROUGHTON FS,40.330774,-79.988297,mid_block,NaN,shp-Y45-01
18856,BLOSSOM DR + NORMA,40.343912,-80.001958,mid_block,NaN,shp-Y45-01
18857,BLOSSOM DR + GARDENVILLE,40.342652,-80.00532,mid_block,NaN,shp-Y45-01
18859,BLOSSOM DR + NORMA,40.343669,-80.002347,mid_block,NaN,shp-Y45-51
18864,ZUPANCIC DR + BROGLIE,40.32068,-79.985351,mid_block,NaN,shp-Y45-51
18866,ZUPANCIC DR + QUAKER,40.32077,-79.989408,mid_block,NaN,shp-Y45-01
18867,ZUPANCIC DR + #6516,40.32051,-79.992141,mid_block,NaN,shp-Y45-01
18870,BROWNSVILLE + SYLVANIA,40.321828,-79.995157,mid_block,NaN,shp-Y45-51
18873,GARDENVILLE RD + BLOSSOM,40.342678,-80.005553,mid_block,NaN,shp-Y45-51
18874,BLOSSOM DR + MCANULTY,40.343848,-79.997244,mid_block,NaN,shp-Y45-51
18877,BAPTIST RD + WINDVALE FS,40.354016,-80.005285,mid_block,NaN,shp-Y45-51
18879,GARDENVILLE RD + CROSS FS,40.349904,-80.008162,mid_block,NaN,shp-Y45-51
18882,BELTZHOOVER AVE + WARRINGTON NS,40.42152,-79.997354,near_side,16.18632994111345,shp-54-53
18888,MELLON ST + HIGHLAND,40.363058,-79.858966,mid_block,NaN,shp-59-51
18891,GREENSPRINGS AVE + SPRING FS,40.391397,-79.883477,mid_block,NaN,shp-52L-03
18894,TERRACE ST + SUTHERLAND DR,40.442906,-79.961949,mid_block,NaN,shp-81-04
18896,BRYN MAWR RD + CENTER FS,40.449285,-79.957542,far_side,46.16235847997883,shp-83-01
18897,BRYN MAWR RD + IOWA,40.451388,-79.957049,mid_block,NaN,shp-83-01
18902,BRYN MAWR RD + IOWA,40.451462,-79.957338,mid_block,NaN,shp-83-53
18906,BRYN MAWR RD + CENTER,40.44927,-79.957618,near_side,40.943104047672435,shp-83-53
18907,ALLEQUIPPA ST + WHITRIDGE,40.441249,-79.967882,mid_block,NaN,shp-83-53
18908,ALLEQUIPPA ST + SR RESIDENCE (TERRACE),40.440618,-79.968814,mid_block,NaN,shp-83-53
18909,TERRACE ST + ROBINSON,40.440285,-79.965677,mid_block,NaN,shp-83-53
18910,TERRACE ST + OAK HILL,40.439966,-79.967684,mid_block,NaN,shp-83-53
18918,ECKSTIEN + WADSWORTH FS,40.44267,-79.96845,mid_block,NaN,shp-81-04
18934,HAMILTON AVE + FIFTH FS,40.457033,-79.908283,mid_block,NaN,shp-71D-52
18936,HAMILTON AVE + OAKWOOD,40.451715,-79.884876,mid_block,NaN,shp-71D-52
18937,HAMILTON AVE + ROSEDALE,40.452042,-79.885949,mid_block,NaN,shp-71D-02
18942,PENN AVE + BAKERY SQUARE,40.455992,-79.915142,near_side,32.889184566874185,shp-71C-09
18950,GREENFIELD AVE + LORETTA,40.421693,-79.92969,mid_block,NaN,shp-58-01
18951,GREENFIELD AVE + WINDSOR FS,40.423,-79.930411,mid_block,NaN,shp-58-01
18952,GREENFIELD AVE + FRANK FS,40.424139,-79.933088,mid_block,NaN,shp-58-01
18953,GREENFIELD AVE + WINTERBURN FS,40.42617,-79.939998,mid_block,NaN,shp-93-51
18954,GREENFIELD AVE + HOOSAC FS,40.425883,-79.941162,mid_block,NaN,shp-93-51
18955,GREENFIELD AVE + LYDIA FS,40.425535,-79.942606,mid_block,NaN,shp-93-51
18959,WINTERBURN AVE + BLANTON,40.424326,-79.939754,mid_block,NaN,shp-58-51
18961,WINTERBURN AVE + GREENFIELD,40.426009,-79.939746,mid_block,NaN,shp-58-51
18963,HAZELWOOD AVE + #771,40.419882,-79.930425,mid_block,NaN,shp-93-02
18966,EAST LIBERTY BLVD + LARIMER,40.463642,-79.917804,near_side,25.590618249933186,shp-75-01
18967,BAUM BLVD + TRADE ST,40.460478,-79.926833,mid_block,NaN,shp-89-02
18970,LARIMER AVE + MAYFLOWER,40.464255,-79.916089,mid_block,NaN,shp-74-51
18976,LARMIER AVE + MEADOW,40.465215,-79.914592,mid_block,NaN,shp-74-51
18978,STRANAHAN ST + BRUSHTON,40.461326,-79.888635,mid_block,NaN,shp-74-51
18979,BRUSHTON AVE + UPLAND,40.460737,-79.888537,mid_block,NaN,shp-74-51
18980,UPLAND ST + APLLE,40.461895,-79.893609,mid_block,NaN,shp-74-51
18983,UPLAND ST + APLLE,40.461891,-79.893795,mid_block,NaN,shp-74-01
18985,REYNOLDS ST + HOMEWOOD,40.446498,-79.903442,mid_block,NaN,shp-74-01
18986,UPLAND ST + BRUSHTON,40.460553,-79.888607,mid_block,NaN,shp-74-01
18988,STRANAHAN ST + OBERLIN,40.461688,-79.889936,mid_block,NaN,shp-74-01
18994,RANKIN BLVD + KENMAWR,40.410381,-79.877991,mid_block,NaN,shp-61B-02
18996,COMMERCIAL ST + BLACKHAWK,40.420353,-79.89845,mid_block,NaN,shp-71-51
18997,COMMERCIAL ST + HOMESTEAD,40.420834,-79.899449,mid_block,NaN,shp-71-01
19,BROADWAY AVE AT HAMPSHIRE,40.410367,-80.024636,near_side,23.387441846876136,shp-RED-01
19000,MCCLURE AVE + COMMERCIAL,40.420026,-79.897576,mid_block,NaN,shp-71-01
19001,COMMERCIAL ST + WHIPPLE,40.421281,-79.900409,mid_block,NaN,shp-71-01
19006,MONONGAHELA AVE + WHIPPLE FS,40.425376,-79.891597,mid_block,NaN,shp-61B-51
19007,KELLY ST + TRENTON FS,40.441283,-79.89269,mid_block,NaN,shp-61A-02
19008,NEVILLE RAMP + CENTRE FS,40.452738,-79.949668,far_side,17.066212844334256,shp-P3-53
19011,NEGLEY AVE + JACKSON NS,40.472401,-79.925819,mid_block,NaN,shp-71A-51
19052,LEECHBURG RD + AUBURN FS,40.492919,-79.790796,mid_block,NaN,shp-77-10
19055,FRANKSTOWN RD + CRESCENT HILL FS,40.472955,-79.820262,mid_block,NaN,shp-77-08
19056,FRANKSTOWN RD + LONG FS,40.465796,-79.83223,far_side,13.544039569457972,shp-77-08
19057,FRANKSTOWN RD + WILSON NS,40.466912,-79.837048,mid_block,NaN,shp-77-08
19058,FRANKSTOWN RD + RITZLAND FS,40.462184,-79.840973,mid_block,NaN,shp-77-08
19059,FRANKSTOWN RD + BON AIR FS,40.463635,-79.855727,mid_block,NaN,shp-77-08
19065,LEECHBURG RD + RICHEY,40.486217,-79.814753,mid_block,NaN,shp-77-51
19067,LEECHBURG RD + CLOVERLEAF,40.486953,-79.80885,mid_block,NaN,shp-77-51
19068,LEECHBURG RD + COURTNEY,40.486776,-79.804454,mid_block,NaN,shp-77-51
19070,LEECHBURG RD + LEECHBURG GARDEN APTS,40.488197,-79.801287,mid_block,NaN,shp-77-51
19074,LEECHBURG RD + SUTTON,40.491784,-79.79279,mid_block,NaN,shp-77-51
19075,LEECHBURG RD + AUBURN,40.492859,-79.790715,mid_block,NaN,shp-77-51
19076,LEECHBURG RD + SALTSBURG FS,40.485454,-79.817413,mid_block,NaN,shp-77-51
19078,UNITY-CENTER RD+ CADWELL,40.493827,-79.786307,mid_block,NaN,shp-77-51
19080,UNITY-CENTER RD+ MILLERS,40.489392,-79.778517,mid_block,NaN,shp-77-51
19082,UNITY-CENTER RD+ ANDERSON,40.48558,-79.769564,mid_block,NaN,shp-77-51
19083,UNITY-CENTER RD+ WILLOW,40.484851,-79.768145,mid_block,NaN,shp-77-51
19084,UNITY-CENTER RD+ #1010,40.478829,-79.762591,mid_block,NaN,shp-77-51
19085,UNITY-TRESTLE RD+ SALTSBURG,40.477575,-79.759484,mid_block,NaN,shp-77-51
19086,MONROEVILLE-TRESTLE RD + BOYCE PARK ENTERANCE,40.470428,-79.754943,mid_block,NaN,shp-77-59
19088,BIGELOW BLVD + HERRON FS,40.455694,-79.965855,near_side,19.473991941054287,shp-77-58
19089,CRAIG ST + BIGELOW FS,40.456253,-79.954782,mid_block,NaN,shp-93-02
19090,BAUM BLVD + CRAIG FS,40.453968,-79.952698,mid_block,NaN,shp-77-58
19091,BAUM BLVD + MELWOOD FS,40.453993,-79.951381,mid_block,NaN,shp-77-58
19092,BAUM BLVD + LIBERTY FS,40.456668,-79.939286,far_side,40.57073245120975,shp-77-58
19095,FRANKSTOWN AVE + STANDARD FS,40.457135,-79.877541,far_side,15.467572506288336,shp-77-58
19096,FRANKSTOWN AVE + WILKINSBURG FS,40.458269,-79.875603,mid_block,NaN,shp-77-58
19097,FRANKSTOWN AVE + EAST HILLS NS,40.461136,-79.870474,near_side,25.3183703002212,shp-77-58
19101,FRANKSTOWN RD + PENN ARBORS DR FS,40.464178,-79.839647,mid_block,NaN,shp-77-58
19102,FRANKSTOWN RD + EVERNIA FS,40.464901,-79.831041,mid_block,NaN,shp-77-58
19104,FRANKSTOWN RD + PARKRIDGE,40.470808,-79.821387,mid_block,NaN,shp-77-58
19109,CRAIG ST + BAUM,40.453808,-79.953117,far_side,32.81203406541142,shp-93-02
1911,MARSHALL AVE + NEW HAMPSHIRE,40.464644,-80.027586,mid_block,NaN,shp-17-01
19113,MAIN ST + PENN NS,40.46545,-79.954829,near_side,42.90373460477887,shp-54-07
19125,BAKER ST + BUTLER,40.487453,-79.920154,near_side,45.11128141804833,shp-75-55
1913,MARSHALL AVE + SORREL,40.463842,-80.028297,mid_block,NaN,shp-17-52
19130,BEULAH RD + MCCRADY FS,40.446497,-79.84845,far_side,7.421646877514876,shp-P16-46
19131,WM PENN HWY + GRAHAM FS,40.445121,-79.859072,mid_block,NaN,shp-67-15
19134,MILLTOWN RD + NEWFIELD,40.501027,-79.792372,mid_block,NaN,shp-P16-01
19136,MILLTOWN RD + LEECHBURG RD,40.494605,-79.788624,mid_block,NaN,shp-P16-01
19138,UNIVERSAL RD + REITER,40.472025,-79.787754,mid_block,NaN,shp-P16-44
19139,UNIVERSAL RD + THOMPSON RUN,40.46843,-79.791269,mid_block,NaN,shp-P16-44
1914,MARSHALL AVE + NEW HAMPSHIRE,40.464595,-80.027467,mid_block,NaN,shp-17-52
19140,UNIVERSAL RD + HERSHEY RD FS,40.468995,-79.795811,mid_block,NaN,shp-P16-44
19142,UNIVERSAL RD + DEERFIELD,40.466939,-79.798844,mid_block,NaN,shp-P16-44
19143,UNIVERSAL RD + ANTHON,40.463963,-79.800966,mid_block,NaN,shp-P16-44
19144,UNIVERSAL RD + AUSTIN,40.475344,-79.78666,mid_block,NaN,shp-P16-44
19145,LONG RD + CLEMATIS,40.464108,-79.832993,mid_block,NaN,shp-P16-95
19149,MILLTOWN RD + NEWFIELD,40.500973,-79.792096,mid_block,NaN,shp-P16-51
1915,MARSHALL AVE + STAYTON ST,40.46627,-80.025635,mid_block,NaN,shp-17-52
19150,HULTON RD + PENNSYLVANIA,40.525955,-79.815246,mid_block,NaN,shp-P16-51
19152,MILLTOWN RD + HULTON,40.505901,-79.793119,mid_block,NaN,shp-P16-51
19153,UNIVERSAL RD + ANTHON,40.463924,-79.800888,mid_block,NaN,shp-P16-95
19154,UNIVERSAL RD + DEERFIELD,40.466925,-79.798746,mid_block,NaN,shp-P16-95
19161,COAL HOLLOW + OLD COAL HOLLOW,40.466548,-79.846915,mid_block,NaN,shp-P78-61
19162,COAL HOLLOW + CLIFF,40.463554,-79.844771,mid_block,NaN,shp-P78-61
19164,LAKETON RD + DOYLE FS,40.456156,-79.85778,mid_block,NaN,shp-P78-61
19169,COAL HOLLOW + CLIFF,40.46347,-79.844244,mid_block,NaN,shp-P78-15
19170,COAL HOLLOW + OLD COAL HOLLOW,40.466731,-79.84684,mid_block,NaN,shp-P78-15
19174,MONTIER ST + LAKETON,40.448935,-79.867519,near_side,21.175513249496316,shp-P78-15
19176,ALLEGHENY RIVER BLVD + PLUM FS,40.512413,-79.84334,mid_block,NaN,shp-P78-15
19177,ALLEGHENY RIVER BLVD + SHELDON FS,40.508429,-79.842617,mid_block,NaN,shp-P78-15
19179,ALLEGHENY AVE + MARYLAND NS,40.518956,-79.842943,mid_block,NaN,shp-P78-15
19180,CLEVER RD + PITCHFORK,40.465137,-80.109118,mid_block,NaN,shp-24-54
19186,SUMMIT PARK DR + QUINN,40.447628,-80.178691,mid_block,NaN,shp-29-01
19187,SUMMIT PARK DR + CHAUVET DR #1,40.448034,-80.181014,near_side,32.428333788667594,shp-29-53
19192,INGRAM AVE + WEST BUSWAY RAMP FS,40.443931,-80.06618,mid_block,NaN,shp-27-04
19197,ALLENDALE ST + TWEED,40.456616,-80.062401,mid_block,NaN,shp-26-56
19204,CHARTIERS AVE + LITCHFIELD (STEPS),40.452625,-80.054243,mid_block,NaN,shp-26-56
19205,CHARTIERS AVE + FAIRDALE ST,40.45378,-80.063869,mid_block,NaN,shp-26-56
19206,MIDDLETOWN RD + STRATMORE FS,40.444452,-80.058252,mid_block,NaN,shp-27-04
19212,MIDDLETOWN RD + MARTERA FS,40.444161,-80.055995,mid_block,NaN,shp-27-53
19215,CHARTIERS AVE + OLTMAN FS,40.458543,-80.069268,mid_block,NaN,shp-27-53
19225,STEUBEN ST + STRATMORE,40.443201,-80.057846,mid_block,NaN,shp-29-53
19231,STEUBENVILLE PIKE + LORISH NS (ECONO LODGE),40.449186,-80.106607,mid_block,NaN,shp-29-53
19237,S MAIN ST + SANCTUS,40.441718,-80.032761,near_side,20.438788545118108,shp-31-53
19241,WASHINGTON AVE + MAIN FS,40.409183,-80.083691,far_side,26.691416258051785,shp-31-53
19242,WASHINGTON AVE + LINCOLN FS,40.404541,-80.083564,far_side,7.907113747030484,shp-31-53
19243,WASHINGTON AVE + MARSHALL FS,40.399497,-80.082724,mid_block,NaN,shp-31-53
19245,RAILROAD ST + 4TH FS,40.389298,-80.088714,mid_block,NaN,shp-31-53
19246,WASHINGTON PIKE AT THOMS RUN RD,40.38133,-80.094755,near_side,27.746004756417708,shp-31-53
19263,CAROTHERS AVE + WASHINGTON,40.396069,-80.086946,far_side,43.691568436745385,shp-G31-01
19268,HIGHLAND RD + OXFORD,40.348821,-80.050792,mid_block,NaN,shp-36-03
19269,GILKESON RD + WASHINGTON,40.355715,-80.051165,mid_block,NaN,shp-36-03
19270,BANKSVILLE RD + CRANE,40.416121,-80.029857,ambiguous,14.653112110110367,shp-36-03
19276,MCFARLAND RD + DORMONT PARK,40.395485,-80.046432,mid_block,NaN,shp-36-03
19277,BANKSVILLE RD + BANKSVILLE AVE,40.418418,-80.029921,mid_block,NaN,shp-36-51
19278,BANKSVILLE RD + CRANE,40.416067,-80.030038,ambiguous,4.219747554472417,shp-36-51
19281,MCFARLAND RD + HELEN FS,40.39618,-80.046475,mid_block,NaN,shp-36-51
19284,GILKESON RD + WASHINGTON,40.355115,-80.050458,ambiguous,2.385678763820182,shp-36-51
1929,CALIFORNIA AVE + FALCK AVE,40.478146,-80.040558,mid_block,NaN,shp-13-02
19292,SOUTHERN AVE + LELIA,40.421503,-80.012734,mid_block,NaN,shp-40-01
19295,GRANDVIEW AVE + HALLOCK,40.437296,-80.017192,mid_block,NaN,shp-40-51
19296,GRANDVIEW AVE + COHASSETT,40.437917,-80.01825,mid_block,NaN,shp-40-51
19303,BOGGS AVE + SOFFEL,40.419551,-80.011432,mid_block,NaN,shp-43-03
19305,ARLINGTON AVE + ROANOKE,40.425288,-79.990457,mid_block,NaN,shp-43-03
19306,ARLINGTON AVE + SYCAMORE,40.430326,-80.000526,mid_block,NaN,shp-43-03
19307,KATHLEEN ST + ESTELLA,40.425594,-80.001007,mid_block,NaN,shp-43-03
19309,ARLINGTON AVE + #1047 FS,40.423464,-79.989236,mid_block,NaN,shp-43-51
1931,CALIFORNIA AVE + RANKIN AVE,40.476472,-80.04004,mid_block,NaN,shp-13-02
19311,HABERMAN AVE + KATHLEEN FS,40.425932,-80.002596,mid_block,NaN,shp-43-51
19312,BOGGS AVE + DEWITT FS,40.424238,-80.009206,mid_block,NaN,shp-43-51
19314,ARLINGTON AVE + WILLIAM FS,40.42787,-79.996323,mid_block,NaN,shp-43-51
19319,SPRING GARDEN AVE + WILLIAMS RD,40.47729,-79.993594,mid_block,NaN,shp-7-04
1932,CALIFORNIA AVE + ANTRIM ST,40.475271,-80.039665,far_side,7.985524507616585,shp-13-02
19322,SPRING GARDEN AVE + GIDDY WAY,40.474636,-79.989019,mid_block,NaN,shp-7-51
19324,CENTER AVE + BRIGHTWOOD,40.515873,-80.02253,mid_block,NaN,shp-8-03
19326,PERRYSVILLE AVE + KENNEDY,40.474291,-80.010501,mid_block,NaN,shp-8-03
19329,CEDAR AVE + EAST OHIO,40.452968,-80.001504,near_side,42.765048259419686,shp-8-53
1933,CALIFORNIA AVE + #3228,40.473928,-80.038686,mid_block,NaN,shp-13-02
19332,PERRYSVILLE AVE + WALDORF FS,40.491406,-80.020202,mid_block,NaN,shp-8-53
1934,CALIFORNIA AVE + BAINTON ST,40.472777,-80.037876,mid_block,NaN,shp-13-02
19349,CONNIE DR + OLD CONNIE,40.496248,-80.022731,mid_block,NaN,shp-17-01
1935,CALIFORNIA AVE + FORSYTHE ST,40.470772,-80.03629,mid_block,NaN,shp-13-02
19350,SHADELAND AVE + COMPLETE FS,40.47341,-80.031524,mid_block,NaN,shp-17-01
19351,SHADELAND AVE + OAKHILL FS,40.472036,-80.031073,mid_block,NaN,shp-17-01
19353,PENNSYLVANIA + BRIGHTON FS,40.456085,-80.015779,far_side,47.323411206483065,shp-17-52
19354,WOODLAND AVE + BRIGHTON FS,40.469916,-80.025973,mid_block,NaN,shp-17-52
1936,CALIFORNIA AVE + BOSTON ST,40.469414,-80.035805,mid_block,NaN,shp-13-02
19369,21ST ST. + SIDNEY,40.429336,-79.97612,mid_block,NaN,shp-81-51
19370,JOSEPHINE ST + SALISBURY FS,40.418107,-79.966897,mid_block,NaN,shp-48-51
19375,BROWNS HILL RD + PARKVIEW FS,40.414065,-79.922971,far_side,43.43002961564451,shp-61C-01
1938,CALIFORNIA AVE + ST JOHNS CHURCH,40.46792,-80.035337,mid_block,NaN,shp-13-02
19383,HIGHLAND AVE + BAUM,40.46063,-79.924998,mid_block,NaN,shp-71B-01
19384,12TH AVE + AMITY FS,40.404314,-79.90838,mid_block,NaN,shp-53-52
19388,LIBRARY PL AT DUQUESNE BLVD FS - DUQUESNE PNR,40.371788,-79.844238,far_side,45.63027575801942,shp-61C-01
1939,CALIFORNIA AVE + HALSEY PL FS,40.463833,-80.032051,mid_block,NaN,shp-13-54
1940,CALIFORNIA AVE + SUPERIOR AVE,40.46543,-80.033287,mid_block,NaN,shp-13-02
19405,EDGEWOOD AVE + SAILOR PL FS,40.42343,-79.886315,far_side,49.762664792482035,shp-61A-02
19407,COAL ST + WALNUT,40.43637,-79.88245,mid_block,NaN,shp-61A-02
19409,EDGEWOOD AVE + BRADDOCK NS,40.423629,-79.886339,mid_block,NaN,shp-61A-52
19411,NOBLE AVE + ROSLYN,40.420272,-79.884806,mid_block,NaN,shp-61A-52
19412,HIGHLAND AVE + HAYS,40.468152,-79.921679,mid_block,NaN,shp-71B-51
19420,HIGHLAND AVE + 5TH FS,40.452311,-79.924161,far_side,47.80978871540654,shp-71B-51
19428,ALLEGHENY AVE + ANN NS,40.520304,-79.842877,mid_block,NaN,shp-P78-61
19432,LAKETON RD + DOUGLAS DR E,40.454807,-79.858412,mid_block,NaN,shp-P78-61
19433,COAL HOLLOW + OLD COAL HOLLOW #2,40.462075,-79.842542,mid_block,NaN,shp-P78-61
19434,COAL HOLLOW + OLD COAL HOLLOW #2,40.462137,-79.842484,mid_block,NaN,shp-P78-15
19435,ALLEGHENY RIVER BLVD + CENTER FS,40.506726,-79.842739,far_side,19.67908713381284,shp-P78-15
19436,CENTRE AVE + WASHINGTON PLAZA,40.440666,-79.987163,mid_block,NaN,shp-82-01
19437,LINCOLN AVE + ATWELL,40.463157,-79.90465,mid_block,NaN,shp-82-01
1945,CALIFORNIA AVE + BOSTON ST,40.469385,-80.035698,mid_block,NaN,shp-13-54
19453,MOSSFIELD ST + AZURE FS,40.472075,-79.934518,mid_block,NaN,shp-89-02
19454,MOSSFIELD ST + FERN,40.471267,-79.933649,mid_block,NaN,shp-89-02
19456,SCHENLEY AVE + FERN,40.472249,-79.937594,mid_block,NaN,shp-89-02
19457,EAST LIBERTY BLVD + NEGLEY FS,40.467458,-79.927774,far_side,40.05182216529197,shp-89-02
19461,MOSSFIELD ST + FERN,40.471273,-79.933513,mid_block,NaN,shp-89-52
19465,COLUMBO ST + ATLANTIC,40.46895,-79.938115,mid_block,NaN,shp-89-52
19466,MOSSFIELD ST + AZURE,40.472159,-79.934461,mid_block,NaN,shp-89-52
19470,SOUTH AVE + HAY,40.442414,-79.886506,near_side,32.717192304932155,shp-61A-02
19472,BRADDOCK AVE + ELECTRIC,40.400676,-79.833435,near_side,27.093195524222836,shp-59-01
19475,MAIN ST + HOWLEY FS,40.464207,-79.953178,mid_block,NaN,shp-54-07
19476,LINCOLN HWY + JACKS RUN RD FS,40.368467,-79.780755,mid_block,NaN,shp-P76-31
19482,LINCOLN HWY + JACKS RUN RD,40.368251,-79.780627,mid_block,NaN,shp-P76-65
19484,LINCOLN HWY + MOTEL,40.377999,-79.803335,mid_block,NaN,shp-P76-65
1949,CALIFORNIA AVE + ANTRIM ST,40.47519,-80.039455,near_side,17.543866007511248,shp-13-54
19490,BEDFORD AVE + ROBERTS,40.445151,-79.985517,mid_block,NaN,shp-81-51
19491,ADELAIDE ST + IOWA,40.452957,-79.956719,mid_block,NaN,shp-83-01
19493,BRYN MAWR RD + ANDOVER,40.450205,-79.957035,mid_block,NaN,shp-83-01
19494,DEVILLIERS ST + CENTRE,40.4437,-79.980447,near_side,5.6871447652490765,shp-83-01
19495,BRYN MAWR RD + ANDOVER,40.450253,-79.957085,mid_block,NaN,shp-83-53
19496,ALLEQUIPPA ST + OUTLET,40.442398,-79.966377,mid_block,NaN,shp-83-53
19499,BRADDOCK AVE + LINE,40.407103,-79.87504,mid_block,NaN,shp-61B-02
1950,CALIFORNIA AVE + RANKIN AVE,40.47617,-80.0398,mid_block,NaN,shp-13-54
19506,PIONEER AVE + CRYSLER FS,40.403374,-80.015534,mid_block,NaN,shp-39-01
19507,PIONEER AVE + BELLE ISLE,40.399938,-80.020418,mid_block,NaN,shp-39-51
19508,PIONEER AVE + SOUTHCREST FS,40.406656,-80.015021,mid_block,NaN,shp-39-51
19509,PIONEER AVE + CRYSLER NS,40.403402,-80.015607,mid_block,NaN,shp-39-51
19510,FREEDOM AVE + CREEDMORE FS,40.389035,-80.011747,mid_block,NaN,shp-39-51
19511,BROOKLINE BLVD + PIONEER FS (#506),40.395939,-80.023082,mid_block,NaN,shp-39-51
19514,STANWIX ST + PENN FS,40.442748,-80.004257,mid_block,NaN,shp-16-51
1952,CALIFORNIA AVE + FALCK AVE,40.477976,-80.040361,mid_block,NaN,shp-13-54
19527,MT ROYAL BLVD + HOFFMAN,40.522548,-79.960017,mid_block,NaN,shp-2-01
1953,CALIFORNIA AVE + DAVIS AVE,40.479946,-80.040968,near_side,17.91799748642455,shp-13-54
19531,GRANT AVE + LEHR,40.50679,-79.951019,mid_block,NaN,shp-2-01
19533,BUTLER ST + MAPLEWOOD,40.498846,-79.943781,mid_block,NaN,shp-2-52
19539,MILLVALE AVE + CENTRE,40.453674,-79.947428,far_side,43.81046650775598,shp-54-07
1954,CALIFORNIA AVE + TERMON AVE,40.481788,-80.041544,near_side,25.544146592802395,shp-13-54
19540,ARCH ST + NORTH,40.45473,-80.00856,far_side,40.60959092750285,shp-54-07
19541,CAMFIELD ST + CALLE,40.407887,-79.998293,mid_block,NaN,shp-54-51
19543,RIDGE AVE + ARCH,40.452159,-80.00815,mid_block,NaN,shp-54-07
19545,BAUSMAN AVE + BRICK WAY FS,40.414403,-79.990176,mid_block,NaN,shp-54-53
19546,BAUSMAN AVE + BERND,40.414224,-79.997109,mid_block,NaN,shp-54-53
19547,BAUSMAN AVE + ROMEYN,40.414351,-79.992038,mid_block,NaN,shp-54-53
19548,BAUSMAN AVE + GRIMES,40.414327,-79.99293,mid_block,NaN,shp-54-53
19550,BRERETON ST + 28TH,40.455842,-79.972478,mid_block,NaN,shp-54-51
19551,DOBSON ST + BRERETON,40.456875,-79.967251,mid_block,NaN,shp-54-51
19557,CALIFORNIA AVE + PERROTT,40.485093,-80.041696,mid_block,NaN,shp-13-02
19558,CALIFORNIA AVE + TERMON,40.481592,-80.041627,far_side,38.11428548348034,shp-13-02
19563,CALIFORNIA AVE + BENTON FS,40.484659,-80.040821,mid_block,NaN,shp-13-54
19564,FOREST AVE + KLEMONT FS,40.506908,-80.051069,mid_block,NaN,shp-13-54
19569,HOFFMAN BOULEVARD + DUQUESNE BOULEVARD FS,40.384438,-79.863571,mid_block,NaN,shp-59-01
19570,BESSEMER AVE + MAIN,40.395207,-79.841582,mid_block,NaN,shp-P68-21
19577,FEDERAL ST + HEMLOCK ST,40.457232,-80.007126,mid_block,NaN,shp-8-53
19580,GREENTREE RD + RYAN NS,40.402324,-80.061703,mid_block,NaN,shp-38-01
19583,COCHRAN ROAD + PARKER DR,40.388419,-80.056916,near_side,21.52737118504842,shp-38-05
19586,WASHINGTON RD + FLORENCE,40.384443,-80.043758,mid_block,NaN,shp-38-05
19587,WASHINGTON RD + CEDAR,40.381398,-80.044217,near_side,12.341472609295215,shp-38-05
19590,GREENTREE RD + POCONO FS,40.416383,-80.045074,mid_block,NaN,shp-38-56
19592,GREENTREE RD + ARLA FS,40.403529,-80.058299,far_side,12.2291442145799,shp-38-56
19602,COCHRAN + ROESSLER,40.392956,-80.063394,mid_block,NaN,shp-38-55
19603,COCHRAN + ROBINWOOD,40.390968,-80.059445,near_side,19.91396569534245,shp-38-55
19605,COCHRAN RD + BEVERLY,40.387276,-80.054923,near_side,22.16279159032681,shp-38-55
19609,ISLAND AVE + FRANKLIN INTERIORS,40.483335,-80.071095,mid_block,NaN,shp-21-06
19612,SILVER LANE + FALCK FS,40.462752,-80.139462,mid_block,NaN,shp-24-04
19614,INGRAM AVE + MARCROSS,40.44385,-80.06631,mid_block,NaN,shp-27-53
19615,STEUBEN ST + ELLIOTT HEIGHTS SENIOR CTR,40.441354,-80.045966,mid_block,NaN,shp-27-04
19616,STEUBEN ST + ELLIOTT HEIGHTS SENIOR CTR,40.441689,-80.04571,mid_block,NaN,shp-27-53
19618,CHARTIERS AVE + MUNICIPAL,40.452161,-80.052849,mid_block,NaN,shp-26-06
19619,CHARTIERS AVE + DUBOIS,40.451355,-80.05053,mid_block,NaN,shp-26-06
19620,W PROSPECT AVE + BERRY FS,40.447203,-80.06969,mid_block,NaN,shp-27-04
19625,SUMMIT PARK DR + PARKLANE #2,40.455092,-80.191978,mid_block,NaN,shp-29-01
19626,SUMMIT PARK DR + PARK LANE #1,40.450919,-80.187164,mid_block,NaN,shp-29-01
19630,NOBLE AVE + CRAFTON,40.435994,-80.064532,far_side,43.64070280415349,shp-29-01
19635,CRENNEL AVE + CRAFTON,40.43672,-80.069089,mid_block,NaN,shp-29-53
19641,MCCOY RD + TOTERA,40.474633,-80.070405,mid_block,NaN,shp-22-01
19644,KANE BLVD + CHURCH RECTORY,40.373064,-80.083892,mid_block,NaN,shp-41-51
19645,BOWER HILL RD + PAINTERS RUN FS,40.364228,-80.086916,near_side,12.071200183078059,shp-41-51
19648,VIRGINIA AVE + BIGHAM,40.431987,-80.015247,mid_block,NaN,shp-40-51
19650,WARRINGTON AVE + BOGGSTON,40.42007,-80.007921,mid_block,NaN,shp-43-03
19651,BOGGS AVE + PAUL,40.422415,-80.010093,mid_block,NaN,shp-43-03
19653,BELTZHOOVER AVE + EUREKA,40.423641,-79.997427,mid_block,NaN,shp-43-51
19656,ARLINGTON AVE + JOSEPHINE ST,40.417306,-79.965627,mid_block,NaN,shp-48-02
19663,E CARSON ST + 26TH ST,40.427449,-79.968584,near_side,22.09850047923208,shp-48-51
19665,26TH ST + JANE ST,40.42583,-79.969199,mid_block,NaN,shp-48-51
19666,JOSEPHINE ST + #3201,40.420042,-79.964279,mid_block,NaN,shp-48-51
19667,ARLINGTON AVE + WARRINGTON,40.421692,-79.992267,near_side,19.157457235785532,shp-48-51
19674,CEDAR BLVD + OLD CEDAR,40.371657,-80.059237,mid_block,NaN,shp-36-03
19675,HIGHLAND RD + OXFORD,40.348917,-80.050166,near_side,30.14308809622155,shp-36-51
19682,NOBLESTOWN RD + BARTOW,40.437612,-80.052346,mid_block,NaN,shp-31-53
19685,SOUTH BUSWAY + SOUTH HILLS JCT,40.42109,-80.007097,mid_block,NaN,shp-40-51
19687,VILLAGE DR + STAIRTOWER,40.339737,-80.054789,near_side,22.060706010301995,shp-36-03
19693,GREENTREE RD + POCONO FS,40.41673,-80.04498,mid_block,NaN,shp-38-01
19705,CHARTIERS AVE + NITTANY FS,40.447221,-80.044183,mid_block,NaN,shp-26-06
19707,FOSTER AVE + WILLOW (OPP PLAYGROUND),40.441838,-80.068282,mid_block,NaN,shp-27-53
19710,STEUBEN ST + DEXTER,40.442281,-80.050637,mid_block,NaN,shp-27-04
19716,WASHINGTON PIKE OPP THOMS RUN RD,40.381698,-80.094251,mid_block,NaN,shp-31-01
19717,WEST LIBERTY AVE + CAPITOL,40.405178,-80.01879,near_side,19.2623008395973,shp-41-01
19728,PERRY HWY + HANWAY,40.504393,-80.026471,mid_block,NaN,shp-8-53
19731,KANE BLVD + OUR LADY OF GRACE,40.374043,-80.085023,mid_block,NaN,shp-41-01
19738,EAST OHIO ST + CEDAR,40.453372,-80.001478,near_side,24.331346118257724,shp-54-07
19746,LINCOLN AVE + FREMONT AVE NS,40.494297,-80.053085,mid_block,NaN,shp-16-13
19748,CENTER AVE + BRONX,40.520669,-80.039364,mid_block,NaN,shp-13-02
19749,BALPH AVE + ORCHARD,40.499191,-80.053105,mid_block,NaN,shp-13-02
1975,MARSHALL AVE + CALIFORNIA,40.462596,-80.030157,mid_block,NaN,shp-17-01
19752,FOREST AVE + CORNELL,40.508074,-80.047215,mid_block,NaN,shp-13-54
19753,CORNELL AVE + SPRUCE VALLEY DR,40.510769,-80.045492,mid_block,NaN,shp-13-54
19754,CORNELL AVE + WILLIAM ST,40.513548,-80.045461,mid_block,NaN,shp-13-54
19755,CALIFORNIA AVE + MARQUIS WAY,40.459421,-80.018438,mid_block,NaN,shp-13-54
19756,BALDRIDGE AVE + WALNUT ST FS,40.404462,-79.862136,mid_block,NaN,shp-61A-52
19762,BANKSVILLE RD + DAYS INN,40.419471,-80.029859,mid_block,NaN,shp-36-51
19774,UNITY TRESTLE RD + FRANCIS RD,40.483598,-79.765745,mid_block,NaN,shp-77-10
19775,UNITY TRESTLE RD + ASHLAND DR FS,40.486367,-79.771565,mid_block,NaN,shp-77-10
19776,UNITY TRESTLE RD + EAST ALLEY NS,40.489771,-79.779596,mid_block,NaN,shp-77-10
19779,LEECHBURG RD + GARDEN DR,40.488181,-79.801409,mid_block,NaN,shp-77-10
19781,BAUM BLVD + ENFIELD ST FS,40.454073,-79.949176,mid_block,NaN,shp-77-58
19783,FRANKSTOWN AVE + BLACKADORE AVE,40.455486,-79.883249,near_side,14.153518287206893,shp-77-08
19786,FRANKSTOWN RD + FRANKSTOWN GARDENS,40.463546,-79.851204,mid_block,NaN,shp-77-58
19788,FRANKSTOWN RD + HIGHPOINT DR,40.467406,-79.83479,mid_block,NaN,shp-77-58
19789,FRANKSTOWN RD + DUFF RD FS,40.465033,-79.828093,mid_block,NaN,shp-77-58
19791,FRANKSTOWN RD + MUNICIPAL BLDG,40.472419,-79.819559,mid_block,NaN,shp-77-58
19792,FRANKSTOWN RD + CRESTVIEW DR,40.479868,-79.822493,mid_block,NaN,shp-77-58
19793,FRANKSTOWN RD + PETERMANS LN,40.483801,-79.819236,near_side,45.38896597672562,shp-77-58
19798,UNITY TRESTLE RD + UNIVERSAL RD,40.490452,-79.783371,mid_block,NaN,shp-77-51
19799,UNITY TRESTLE RD + ASHLAND DR,40.486222,-79.77143,mid_block,NaN,shp-77-51
19800,UNITY TRESTLE RD + FRANCIS RD,40.483683,-79.765902,mid_block,NaN,shp-77-51
19801,CENTER RD + WIMBLEDON DR FS,40.467113,-79.757068,mid_block,NaN,shp-77-59
19804,SALTSBURG RD + ALCOMA PARK PLAZA,40.476727,-79.788258,mid_block,NaN,shp-77-09
19806,SALTSBURG RD + LEECHBURG RD,40.484894,-79.817972,near_side,17.629858439695102,shp-77-58
19808,SALTSBURG RD + ASTER ST,40.483893,-79.814787,mid_block,NaN,shp-77-58
19810,SALTSBURG RD + ALCOMA PARK PLAZA,40.476817,-79.787938,mid_block,NaN,shp-77-59
19811,SALTSBURG RD + UNIVERSAL RD,40.477595,-79.785364,near_side,18.558569829752248,shp-77-59
19813,SALTSBURG RD + CHAPEL HILL DENTAL BLDG (#7641),40.475109,-79.776184,mid_block,NaN,shp-77-59
19815,SALTSBURG RD + REGENCY DR,40.475261,-79.77096,mid_block,NaN,shp-77-59
19817,MAIN ST + 23RD ST,40.493369,-79.91444,mid_block,NaN,shp-91-52
19820,FREEPORT RD + FERRY ST FS,40.587511,-79.776189,far_side,14.857600617124625,shp-1-01
19822,FREEPORT RD + BAILEYS RUN RD,40.587544,-79.776306,near_side,12.975619838028212,shp-1-52
19834,BEATTY RD + OLD WM PENN,40.440804,-79.74241,mid_block,NaN,shp-67-16
19836,WM PENN HWY + KINGSTON,40.429811,-79.809405,far_side,5.95919781069453,shp-67-52
19843,FELICITY RD + KANE CTR (STAFF ENTRANCE),40.549619,-80.015005,mid_block,NaN,shp-12-51
19846,CEDAR AVE + TRIPOLI ST,40.455741,-80.002558,mid_block,NaN,shp-12-02
19850,FIFTH AVE + MAURICE ST,40.437404,-79.965384,mid_block,NaN,shp-71B-51
19855,CALIFORNIA AVE + FAIRLEE ST FS,40.478956,-80.040802,mid_block,NaN,shp-13-02
19857,CHARLES ST + PERRYSVILLE,40.470959,-80.008712,near_side,13.667503122878013,shp-15-51
19859,LEECHBURG RD + BARCKHOFF ST,40.493736,-79.789161,mid_block,NaN,shp-77-51
19862,MCINTYRE DR + THOMPSON RUN FS,40.552506,-79.998512,far_side,17.5987907155044,shp-O5-56
19866,LAWRENCEVILLE SHOPPING CENTER (TERMINAL),40.482902,-79.948012,mid_block,NaN,shp-93-51
19869,JANCEY ST + BAKER,40.487671,-79.924698,mid_block,NaN,shp-75-55
19870,BAKER ST + #7124,40.487805,-79.923497,mid_block,NaN,shp-75-55
19871,PENNWOOD AVE + FRANKILN,40.441851,-79.887263,mid_block,NaN,shp-71C-09
19874,SWISSVALE AVE + JANE ST LOOP,40.435899,-79.881643,near_side,41.252209141038676,shp-61A-52
19876,HWY RT 51 RAMP + HWY RT 51 (STEPS),40.34238,-79.965775,mid_block,NaN,shp-51-08
19877,E CARSON ST + TERMINAL WAY,40.429326,-79.996899,mid_block,NaN,shp-51-58
19879,LEBANON CHURCH RD + CECO DR,40.345996,-79.957292,near_side,14.581241605977896,shp-51-58
19882,BRENTWOOD LOOP AT BROWNSVILLE RD,40.38087,-79.976066,mid_block,NaN,shp-51-09
19883,ALLEGHENY STATION BAY 1,40.447675,-80.019162,mid_block,NaN,shp-14-01
19884,ALLEGHENY STATION BAY 2,40.447641,-80.019387,mid_block,NaN,shp-54-53
19886,BRADDOCK AVE + DELMAR WAY,40.423769,-79.887106,mid_block,NaN,shp-71-01
19888,EDGEWOOD TOWNE CENTRE + GIANT EAGLE,40.425965,-79.886878,mid_block,NaN,shp-71-01
19894,BRADDOCK AVE + DELMAR,40.423876,-79.887322,mid_block,NaN,shp-71-51
19898,HWY RT 51 + IRWIN FS,40.343586,-79.970155,far_side,11.146601175178784,shp-51-08
19900,WINTERBURN AVE + BLANTON,40.42436,-79.939847,mid_block,NaN,shp-58-01
19901,WINTERBURN AVE + DENMARSH,40.425534,-79.939831,mid_block,NaN,shp-58-01
19902,HAZELWOOD AVE + #713,40.419791,-79.932618,mid_block,NaN,shp-93-51
19906,GREENFIELD AVE + LORETTA,40.421882,-79.929833,mid_block,NaN,shp-58-51
19910,CORBETT DR + CORBETT TOWERS,40.548021,-80.020099,mid_block,NaN,shp-12-02
19912,LINCOLN AVE + STARR AVE FS (KUHNS),40.497619,-80.0598,far_side,46.652555850636574,shp-16-13
1997,EAST OHIO ST + MIDDLE,40.453857,-79.998947,mid_block,NaN,shp-6-03
1998,EAST OHIO ST + JAMES,40.453559,-80.000497,mid_block,NaN,shp-6-03
19982,DELAFIELD RD + PATRIOT WAY,40.497126,-79.890987,near_side,12.424030173059705,shp-91-52
19983,OLD FREEPORT RD + CHAPEL HARBOR DR,40.487617,-79.878954,mid_block,NaN,shp-75-55
19986,FREEPORT RD + JEFFERSON FS,40.632614,-79.714718,mid_block,NaN,shp-P10-51
19991,WATERFRONT DR + 5TH AVE FS,40.40411,-79.920097,mid_block,NaN,shp-61D-01
19994,MURRAY AVE + HAZELWOOD AVE,40.419851,-79.92835,mid_block,NaN,shp-61C-51
19995,NEGLEY AVE + KENTUCKY ST NS,40.450231,-79.929837,mid_block,NaN,shp-64-01
19996,NEGLEY AVE + ELMER ST,40.453343,-79.931674,mid_block,NaN,shp-64-01
19997,LIBERTY AVE + OSCOLA ST,40.457931,-79.94221,mid_block,NaN,shp-86-51
19999,MURRAY AVE + FLEMINGTON ST,40.426386,-79.927607,mid_block,NaN,shp-61C-51
200,CORBETT DR + TOWNE TOWERS NORTH,40.546654,-80.020218,mid_block,NaN,shp-12-02
20000,BRINTON RD + BRINTON MANOR DR W,40.411812,-79.854072,mid_block,NaN,shp-P68-68
20003,ELECTRIC AVE + DYNAMO WAY,40.401207,-79.835075,mid_block,NaN,shp-69-61
20004,HUTCHINSON AVE + EAST END,40.433333,-79.892982,mid_block,NaN,shp-71-51
20013,SOUTH AVE + PENNWOOD,40.442685,-79.887565,near_side,9.731972334583148,shp-71C-N4
20014,FIFTH AVE + PENN AVE FS,40.453986,-79.913047,mid_block,NaN,shp-71D-02
20016,FIFTH AVE + MCPHERSON ST,40.455578,-79.910663,near_side,24.685671213796844,shp-71D-52
20017,WM PENN HWY + ELLIOTT,40.434037,-79.73231,ambiguous,1.6649691450123945,shp-P12-03
20019,WILLIAM PENN HWY + ELLIOTT RD,40.434066,-79.732674,far_side,18.084680058188606,shp-P12-70
20020,HWY RT 286 + ALPINE VILLAGE PARK AND RIDE,40.429049,-79.719444,mid_block,NaN,shp-P12-70
20021,LONG RD + CLEMATIS,40.464959,-79.832637,mid_block,NaN,shp-P16-46
20022,HULTON RD + PENNSYLVANIA,40.525991,-79.815426,mid_block,NaN,shp-P16-01
20026,MILLTOWN RD + HULTON,40.506012,-79.793167,mid_block,NaN,shp-P16-01
20027,MILLTOWN RD + COMMUNITY MARKET DRVWY,40.498496,-79.790011,mid_block,NaN,shp-P16-01
20028,MAIN ST + WASHINGTON SCHOOL,40.470533,-79.789177,mid_block,NaN,shp-P16-44
20029,UNIVERSAL RD + POPLAR RIDGE DR,40.463604,-79.816689,mid_block,NaN,shp-P16-44
20030,UNIVERSAL RD + WEBSTER,40.463897,-79.818413,mid_block,NaN,shp-P16-44
20032,UNIVERSAL RD + #150,40.466288,-79.822766,mid_block,NaN,shp-P16-44
20033,MILLTOWN RD + LEECHBURG RD FS,40.494525,-79.788432,mid_block,NaN,shp-P16-51
20034,MILLTOWN RD + COMMUNITY MARKET DRVWY,40.498707,-79.790045,mid_block,NaN,shp-P16-51
20036,HULTON RD + 12TH,40.524467,-79.828759,mid_block,NaN,shp-P16-51
20038,UNIVERSAL RD + POPLAR RIDGE RD,40.464579,-79.820308,mid_block,NaN,shp-P16-95
20040,UNIVERSAL RD + HAZEL RD FS,40.461235,-79.812906,mid_block,NaN,shp-P16-95
20041,UNIVERSAL RD + HERSHEY RD,40.469302,-79.79562,mid_block,NaN,shp-P16-95
20042,MT CARMEL RD + VERONA FS,40.465865,-79.866131,mid_block,NaN,shp-79-03
20044,HOMEWOOD AVE + FRANKSTOWN FS,40.457685,-79.896149,far_side,35.562168443409156,shp-74-01
20047,LARIMER AVE + MEADOW,40.46535,-79.914442,mid_block,NaN,shp-74-01
20048,TILBURY AVE + ALDERSON,40.427446,-79.918873,mid_block,NaN,shp-74-01
20064,WILTSIE ST + HIGHLAND DR FS,40.476241,-79.898523,mid_block,NaN,shp-74-51
20065,OBERLIN ST + OAKDENE FS,40.46632,-79.89011,mid_block,NaN,shp-74-51
20068,UPLAND ST + STERRETT ST STEPS NS,40.461463,-79.892169,mid_block,NaN,shp-74-51
20071,MURRAY AVE + NORTHUMBERLAND,40.441554,-79.923442,near_side,17.98960131864151,shp-74-51
20072,MURRAY AVE + AYLESBORO,40.439921,-79.923122,mid_block,NaN,shp-74-51
20074,BEATTY ST + CENTRE AVE,40.459364,-79.927577,near_side,20.89540450978723,shp-82-01
20075,CENTRE AVE + S EUCLID AVE,40.458898,-79.92877,near_side,22.133154034170666,shp-82-01
20077,CENTRE AVE + ELMORE ST FS,40.444974,-79.977283,mid_block,NaN,shp-82-52
20087,ALLEGHENY AVE + COLLEGE,40.514127,-79.843616,mid_block,NaN,shp-P78-61
20088,ROBINSON BLVD + FRANKSTOWN FS,40.460748,-79.866485,far_side,41.37365461611328,shp-79-52
20089,ROBINSON BLVD + EAST GATE ENTRANCE FS,40.459227,-79.866044,mid_block,NaN,shp-79-52
20090,ROBINSON BLVD + DOUGLAS,40.456037,-79.863942,mid_block,NaN,shp-79-52
20093,MAIN ST + HOWARD,40.397273,-79.841193,mid_block,NaN,shp-P68-21
20096,EAST LIBERTY BLVD + LARIMER,40.463313,-79.917174,near_side,8.69015713739102,shp-75-55
20097,EAST LIBERTY BLVD + NEGLEY RUN,40.46509,-79.919599,near_side,6.083105819343132,shp-75-55
20098,SCHENLEY AVE + COLUMBO ST,40.471724,-79.940108,mid_block,NaN,shp-89-52
201,CORBETT DR + BROWNS LN,40.545902,-80.020157,mid_block,NaN,shp-12-02
20100,EAST LIBERTY BLVD + CENTRE AVE,40.465039,-79.920097,ambiguous,2.071060658102689,shp-75-01
20101,EAST LIBERTY BLVD + HIGHLAND AVE FS,40.46577,-79.92233,far_side,29.377704440514538,shp-75-01
20103,FORBES AVE + NORTHUMBERLAND,40.438956,-79.934247,mid_block,NaN,shp-61C-51
20104,PENN AVE + GRANT,40.404656,-79.825593,near_side,38.14251429833714,shp-59-01
20106,40TH ST + DAVIDSON ST FS,40.467651,-79.96094,mid_block,NaN,shp-93-51
20107,LAKETON RD + COLLINS RD,40.453568,-79.859013,mid_block,NaN,shp-P78-61
20109,9TH AVE + PENN ST,40.609927,-79.74015,mid_block,NaN,shp-P10-51
20111,OLD WILLIAM PENN HWY + BEATTY RD,40.440362,-79.742278,mid_block,NaN,shp-P12-03
20114,UPMC EAST DRIVE + HOSPITAL,40.437388,-79.759807,mid_block,NaN,shp-67-15
20116,UPMC EAST DRIVE + HOSPITAL,40.437363,-79.759818,mid_block,NaN,shp-67-52
20118,MONROEVILLE TRESTLE RD + SALTSBURG RD,40.476457,-79.760658,mid_block,NaN,shp-77-59
20119,MURRAY AVE + FORBES AVE,40.437748,-79.9229,near_side,36.83442885521663,shp-64-01
20120,WALLACE AVE + SWISSVALE FS,40.442375,-79.877799,mid_block,NaN,shp-79-52
20158,LYSLE BLVD + MARKET FS,40.351336,-79.866188,mid_block,NaN,shp-56-52
20159,TEXAS AVE + MIFFLIN ST,40.366041,-79.857787,mid_block,NaN,shp-59-01
20160,HOFFMAN BLVD + K-MART DR,40.382904,-79.866847,mid_block,NaN,shp-59-01
20168,VERSAILLES AVE + FREEMONT,40.345272,-79.841982,near_side,10.545623923265302,shp-60-16
20170,WALNUT ST + 31ST FS,40.330734,-79.843348,mid_block,NaN,shp-60-16
20176,JOHNSON AVE + NAOMI DR,40.408398,-79.925736,mid_block,NaN,shp-57-52
20179,CENTER AVE + NORWICH,40.517792,-80.02314,mid_block,NaN,shp-8-53
20180,CENTER AVE + NORWICH,40.517605,-80.023167,mid_block,NaN,shp-8-03
20182,7TH ST + PENN AVE,40.443323,-80.000347,near_side,12.46299365704404,shp-16-51
20183,LEY ST + FROMAN,40.464845,-79.982168,mid_block,NaN,shp-4-03
20184,LOWRIE ST + LEY,40.464635,-79.982009,mid_block,NaN,shp-4-03
20185,HOFFMAN BLVD + K-MART DR,40.382773,-79.866925,mid_block,NaN,shp-59-51
20191,DUQUESNE BLVD + MILLER,40.383978,-79.860024,mid_block,NaN,shp-61C-51
20193,ROBERTS ST + WYLIE,40.443493,-79.984134,mid_block,NaN,shp-81-04
20194,ROBERTS ST + WEBSTER,40.444341,-79.984756,mid_block,NaN,shp-81-04
20195,ROBERTS ST + BEDFORD,40.445158,-79.98535,mid_block,NaN,shp-81-04
20198,COCHRAN RD + AREDEN RD,40.387806,-80.055263,mid_block,NaN,shp-38-05
202,BROWNS LN + ROSS PARK DR,40.545364,-80.01931,mid_block,NaN,shp-12-02
20203,VIRGINIA AVE + MERRIMAC,40.431719,-80.013531,near_side,18.443332178328543,shp-40-51
20204,VIRGINIA AVE + MERRIMAC,40.431745,-80.013973,near_side,30.856685157376543,shp-40-01
20205,BELTZHOOVER AVE + CLIMAX,40.419857,-79.997297,mid_block,NaN,shp-54-53
20206,ROBERTS ST + WEBSTER,40.44453,-79.984996,mid_block,NaN,shp-81-51
20207,ROBERTS ST + WYLIE,40.443675,-79.984376,mid_block,NaN,shp-81-51
20213,MILWAUKEE ST + ORION,40.454443,-79.961227,mid_block,NaN,shp-83-01
20219,LONG RUN RD + OLD LONG RUN RD NS,40.321918,-79.826105,mid_block,NaN,shp-P76-31
20221,WARREN DR + LINCOLN HWY FS,40.384752,-79.823563,mid_block,NaN,shp-55-04
20222,LONG RUN RD + OLD LONG RUN RD FS,40.322136,-79.825775,mid_block,NaN,shp-P76-65
20224,SOUTH BUSWAY + PIONEER AVE RAMP FS,40.411841,-80.008547,mid_block,NaN,shp-Y46-52
20225,BROWNSVILLE RD + NATIVTY CHURCH,40.328994,-79.987259,mid_block,NaN,shp-Y45-01
20226,GARDENVILLE RD + CHARLOTTE,40.345644,-80.006911,mid_block,NaN,shp-Y45-01
20228,WEYMAN RD + HENNIG DR FS,40.364339,-79.999732,mid_block,NaN,shp-Y45-51
20231,LAUREL DR + CURRY,40.344282,-79.992313,mid_block,NaN,shp-Y45-51
20233,ZUPANCIC DR + SPRINGDALE,40.320577,-79.994214,mid_block,NaN,shp-Y45-51
20234,RIDGEVUE DR + BROWNSVILLE,40.319067,-79.99586,mid_block,NaN,shp-Y45-51
20237,HWY RT 51 + E BRUCETON FS,40.328065,-79.944898,mid_block,NaN,shp-Y46-52
20238,HWY RT 51 + ELLIOTT RD FS,40.310328,-79.937574,mid_block,NaN,shp-Y46-52
20240,WORTHINGTON AVE + 10TH FS,40.291971,-79.893589,mid_block,NaN,shp-Y46-52
20242,ST CLAIR AVE + MILLER AVE FS,40.292534,-79.883233,far_side,22.72992211480747,shp-Y46-52
20243,KEEPORT DR + TRAVIS DR FS,40.338377,-79.979093,mid_block,NaN,shp-Y47-52
20247,HOLLYROOD DR + PROSPECT,40.362776,-79.963595,mid_block,NaN,shp-Y49-01
20249,PROSPECT RD + CAPREL TOWNHOUSES,40.359673,-79.959878,mid_block,NaN,shp-Y49-52
20252,KOHNE ST + FISHER ST,40.410562,-79.973745,mid_block,NaN,shp-44-02
20258,MOUNTAIN ST + SCHULER ST,40.409729,-79.977393,mid_block,NaN,shp-44-52
20268,22ND AVE + WEST,40.39744,-79.902637,mid_block,NaN,shp-53-02
20269,BAPTIST RD + #5341,40.353498,-80.007001,mid_block,NaN,shp-Y45-01
20275,DESIDERIO BLVD + JEFERSON,40.288651,-79.891341,mid_block,NaN,shp-Y46-52
20285,WATERFRONT DR + LOEWS THEATRE,40.407047,-79.919491,mid_block,NaN,shp-61D-01
20295,LIBERTY AVE + GATEWAY #4,40.441341,-80.00499,mid_block,NaN,shp-28X-01
20297,BLOSSOM RD + LAUREL DR FS,40.343614,-79.994437,mid_block,NaN,shp-Y45-01
20299,8TH AVE + RAVINE,40.408682,-79.895009,near_side,22.10676185760258,shp-61C-01
203,BROWNS LN + MCKNIGHT RD,40.545837,-80.01701,far_side,6.489956000550281,shp-12-02
20305,UPLAND ST + #7220,40.461252,-79.891687,mid_block,NaN,shp-74-01
20306,UPLAND ST + #7500,40.460877,-79.889998,mid_block,NaN,shp-74-01
20309,WALNUT ST + 14TH,40.341202,-79.860858,mid_block,NaN,shp-60-16
20310,WALNUT ST + 15TH AVE BRIDGE,40.339964,-79.859745,near_side,19.391320929089648,shp-60-16
20352,RODENBAUGH + IVORY AVE FS,40.497341,-80.017884,mid_block,NaN,shp-4-51
20356,OAKDENE ST + EVERTON,40.462504,-79.890823,mid_block,NaN,shp-74-01
20359,TILDEN ST + #7171,40.463848,-79.89325,mid_block,NaN,shp-74-01
20360,TILDEN ST + #7101,40.464824,-79.89489,mid_block,NaN,shp-74-01
20362,MINGO ST + OAKDENE,40.46464,-79.89099,mid_block,NaN,shp-74-01
20363,TILDEN ST + #7110,40.464796,-79.89498,mid_block,NaN,shp-74-51
20364,TILDEN ST + #7182,40.463921,-79.893667,mid_block,NaN,shp-74-51
20365,STRANAHAN ST + OBERLIN,40.461656,-79.889967,mid_block,NaN,shp-74-51
20366,MINGO ST + VANN RD,40.465075,-79.892767,mid_block,NaN,shp-74-51
20367,TILDEN ST + SILVERTON ST,40.463481,-79.891882,mid_block,NaN,shp-74-51
20368,SILVERTON ST + EVERTON ST,40.462928,-79.891796,mid_block,NaN,shp-74-51
20369,EVERTON ST + OAKDENE ST,40.462583,-79.89096,mid_block,NaN,shp-74-51
20370,OAKDENE ST + STRANAHAN ST,40.462032,-79.89089,mid_block,NaN,shp-74-51
20372,HOMEWOOD AVE + FINANCE (EAST BUSWAY),40.453066,-79.898625,mid_block,NaN,shp-74-51
20381,ALLEGHENY AVE + REEDSDALE FS,40.447821,-80.017839,far_side,21.213179040992422,shp-14-07
20390,RIDGE AVE + ALLEGHENY,40.449603,-80.018561,near_side,28.85986833836677,shp-14-07
20392,SALTSBURG RD + ALCOMA GOLF CLUB,40.481103,-79.802524,mid_block,NaN,shp-77-09
20395,LABELLE ST + SYCAMORE,40.433118,-80.016261,mid_block,NaN,shp-40-51
20396,LABELLE ST + PIERMONT,40.43449,-80.015973,mid_block,NaN,shp-40-51
20397,LABELLE ST+ GRANDVIEW,40.43632,-80.015608,mid_block,NaN,shp-40-51
20398,LARIMER AVE + WINSLOW,40.465682,-79.913453,mid_block,NaN,shp-74-51
20399,LARIMER AVE + SHETLAND,40.46611,-79.912315,mid_block,NaN,shp-74-51
20401,CHARTIERS AVE + MCKEES ROCKS PLAZA NS,40.464401,-80.057613,near_side,42.17750857601291,shp-24-54
20406,HOFFMAN BLVD + KENNYWOOD BLVD,40.384712,-79.86288,far_side,29.774262854147462,shp-59-01
20416,ELLSWORTH AVE + EAST LIBERTY STATION,40.459179,-79.922894,mid_block,NaN,shp-75-55
20418,EAST HILLS DR + WILNER,40.454998,-79.87124,mid_block,NaN,shp-79-52
20419,BEECHWOOD BLVD + MONITOR,40.425358,-79.926689,mid_block,NaN,shp-53L-01
20420,GREENTREE RD + MANORVIEW,40.39472,-80.066166,near_side,30.043735713064823,shp-38-01
20421,MICHIGAN ST + BELTZHOOVER AVE,40.41592,-79.997299,mid_block,NaN,shp-54-53
20422,BELTZHOOVER AVE + RENTZ WAY,40.416737,-79.997185,mid_block,NaN,shp-54-53
20423,BROWNSVILLE RD + BRENTRIDGE AVE,40.367548,-79.978666,mid_block,NaN,shp-51-58
20427,4TH AVE + DUQUESNE ST,40.411696,-79.877228,mid_block,NaN,shp-59-51
20428,4TH AVE + ANTISBURY ST,40.412731,-79.879364,mid_block,NaN,shp-59-51
20431,4TH AVE + HAWKINS AVE,40.413128,-79.880485,mid_block,NaN,shp-59-51
20436,PEEBLES RD + # 8077,40.557353,-80.01766,mid_block,NaN,shp-2-52
20437,PEEBLES RD + VINCENTIAN DRVWY FS,40.556973,-80.018753,far_side,47.23734705239257,shp-12-51
20439,CLEVER RD + MONTOUR HIGH SCHOOL,40.468488,-80.123558,mid_block,NaN,shp-24-54
20442,WEYMAN RD + SOUTH PASSAGE DR,40.36256,-80.000389,mid_block,NaN,shp-Y45-01
20443,WEYMAN RD + SOUTH PASSAGE DR,40.362647,-80.000443,mid_block,NaN,shp-Y45-51
20452,BEDFORD AVE + HERRON AVE FS,40.453012,-79.965879,mid_block,NaN,shp-83-01
20453,BEDFORD AVE + WANDLESS ST,40.452798,-79.967682,mid_block,NaN,shp-83-01
20454,BEDFORD AVE + MORGAN ST,40.452058,-79.96943,mid_block,NaN,shp-83-01
20456,BEDFORD AVE + DUFF ST,40.450214,-79.973764,mid_block,NaN,shp-83-01
20459,BEDFORD AVE + ERIN ST,40.447197,-79.980867,mid_block,NaN,shp-83-01
2046,SEAVEY RD + PARKER ST,40.493971,-79.963524,mid_block,NaN,shp-2-52
20461,DEVILLIERS ST + WEBSTER,40.445759,-79.981951,mid_block,NaN,shp-83-01
20462,BEDFORD AVE + ERIN ST,40.447053,-79.981005,mid_block,NaN,shp-83-53
20465,BEDFORD AVE + SOMERS DR,40.449343,-79.975613,mid_block,NaN,shp-83-53
20466,BEDFORD AVE + DUFF ST,40.450055,-79.973935,mid_block,NaN,shp-83-53
20467,BEDFORD AVE + MORGAN ST,40.451916,-79.969542,mid_block,NaN,shp-83-53
20468,BEDFORD AVE + WANDLESS ST,40.45265,-79.96782,mid_block,NaN,shp-83-53
20469,DEVILLIERS ST + BEDFORD AVE,40.446417,-79.982332,mid_block,NaN,shp-83-53
20476,CHARTIERS AVE + FURMAN WAY FS,40.453786,-80.064506,mid_block,NaN,shp-26-06
20479,CALIFORNIA AVE + AVALON LOOP,40.50353,-80.074189,mid_block,NaN,shp-16-51
20484,YOST BLVD + ARDMORE MANOR,40.413878,-79.851082,mid_block,NaN,shp-59-01
20485,MIDDLE ST + BRIDGE,40.395558,-79.805216,mid_block,NaN,shp-69-10
20486,HAZELWOOD AVE + #737,40.419915,-79.931716,mid_block,NaN,shp-93-02
20487,HAZELWOOD AVE + FRANK,40.419856,-79.932901,mid_block,NaN,shp-93-02
20489,EAST HILLS DR + SCHOOL DRIVEWAY,40.453878,-79.873085,mid_block,NaN,shp-79-52
20497,CHARTIERS AVE + PITTSBURGH CLASSICAL ACADEMY,40.450842,-80.047667,mid_block,NaN,shp-26-06
205,MCKNIGHT RD + NORTH HILLS VILLAGE (SOUTH ENT),40.522064,-80.005447,far_side,6.203081633955455,shp-12-02
20501,EAST BUSWAY + NEGLEY STATION A,40.456722,-79.93237,mid_block,NaN,shp-P1-51
20504,KIRKPATRICK ST + ROSE ST,40.444479,-79.975709,mid_block,NaN,shp-81-51
20506,CENTRE AVE + ADDISON ST,40.444392,-79.978652,mid_block,NaN,shp-82-52
20507,BLVD OF ALLIES + JUMONVILLE,40.436293,-79.977708,mid_block,NaN,shp-67-15
20516,BUTLER ST + PENN AVE FS,40.463011,-79.966971,far_side,47.80117872003489,shp-91-52
20517,LOWRIE ST + HOFF ST,40.461989,-79.984108,mid_block,NaN,shp-4-51
20518,LOWRIE ST + DEHAVEN ST FS,40.46188,-79.984328,mid_block,NaN,shp-4-03
20520,HWY RT 51 + PARTY CITY (CENTURY III),40.335355,-79.947225,near_side,17.260506132164636,shp-Y46-52
20522,LEWIS RUN RD + HWY 51 FS,40.321465,-79.941703,mid_block,NaN,shp-55-04
20523,LEWIS RUN RD + MON VALLEY SCHOOL DRWY,40.324592,-79.939887,mid_block,NaN,shp-55-04
20524,LEWIS RUN RD + ANHURST APTS,40.326845,-79.938869,mid_block,NaN,shp-55-04
20526,LEWIS RUN RD + HWY 885,40.332361,-79.934023,near_side,19.87251577958307,shp-55-04
20531,HWY RT 885 + WRAY LARGE RD,40.318595,-79.921816,mid_block,NaN,shp-55-04
20532,HWY RT 885 + WRAY DR FS,40.315177,-79.91716,mid_block,NaN,shp-55-04
20534,HWY RT 885 + SUNSET DR,40.306464,-79.908653,mid_block,NaN,shp-55-04
20535,HWY RT 885 + WALL RD,40.307031,-79.90434,mid_block,NaN,shp-55-04
20536,RAVENSBURG BLVD + HWY RT 885 FS,40.304401,-79.895569,mid_block,NaN,shp-55-04
20537,RAVENSBURG BLVD + CLAIRTON MUNICIPAL COMPLEX,40.295756,-79.89389,mid_block,NaN,shp-55-04
20539,STATE ST + MILL DR,40.294379,-79.874564,mid_block,NaN,shp-55-04
20540,STATE ST + FRANCIS AVE,40.296628,-79.874612,mid_block,NaN,shp-55-04
20542,STATE ST + MONTOUR TRAIL,40.305521,-79.883953,mid_block,NaN,shp-55-04
20546,OHIO AVE + BROADWAY ST,40.319048,-79.890603,mid_block,NaN,shp-55-04
20547,9TH ST + HEMLOCK WAY,40.321097,-79.891789,mid_block,NaN,shp-55-04
20550,MONONGAHELA AVE + 5TH ST,40.3275,-79.892448,near_side,18.666488658507436,shp-55-04
20551,MONONGAHELA AVE + 4TH ST,40.328943,-79.892465,mid_block,NaN,shp-55-04
20552,MONONGAHELA AVE + 3RD ST,40.330718,-79.892494,mid_block,NaN,shp-55-04
20553,MONONGAHELA AVE + 2ND ST,40.332474,-79.891824,mid_block,NaN,shp-55-04
20554,MONONGAHELA AVE + 1ST ST,40.334244,-79.891101,mid_block,NaN,shp-55-04
20555,MONONGAHELA AVE + HARRISON ST,40.336532,-79.890162,mid_block,NaN,shp-55-04
20558,BOWMAN AVE + JARVIS ST,40.355417,-79.83972,mid_block,NaN,shp-55-04
20559,BOWMAN AVE + POPLAR ST,40.357536,-79.835806,mid_block,NaN,shp-55-04
20565,EAST PITTSBURGH-MCKEESPORT BLVD + BROWN PL,40.375122,-79.827362,mid_block,NaN,shp-55-04
20566,EAST PITTSBURGH-MCKEESPORT BLVD + OVERHILL DR,40.377987,-79.827954,mid_block,NaN,shp-55-04
20567,EAST PITTSBURGH MCKEESPORT BLVD + MARYLAND AVE,40.380017,-79.828303,near_side,20.53642812898016,shp-55-04
20568,PORT PERRY RD + E PITTSBURGH-MCKEESPORT BLVD FS,40.383719,-79.828486,mid_block,NaN,shp-55-04
20570,MONONGAHELA AVE + 7TH,40.324239,-79.892394,near_side,17.04351371694359,shp-55-04
20576,COAL VALLEY RD + JEFFERSON PHYSICAL THERAPY DRWY,40.322784,-79.930764,mid_block,NaN,shp-55-53
20577,JEFFERSON HOSPITAL,40.317834,-79.933164,mid_block,NaN,shp-55-53
20579,EAST PITTSBURGH MCKEESPORT BLVD + MARYLAND AVE,40.380301,-79.828568,near_side,14.202940094939292,shp-55-53
20582,EAST PITTSBURGH-MCKEESPORT BLVD + THE LANE,40.37143,-79.828428,mid_block,NaN,shp-55-53
20583,EAST PITTSBURGH-MCKEESPORT BLVD + ORRIS RD,40.369082,-79.830758,mid_block,NaN,shp-55-53
20584,EAST PITTSBURGH-MCKEESPORT BLVD + AULT ST,40.364455,-79.829314,mid_block,NaN,shp-55-53
20585,EAST PITTSBURGH-MCKEESPORT BLVD + FAIRMONT ST,40.36222,-79.830647,mid_block,NaN,shp-55-53
20586,BOWMAN AVE + LIME ST,40.361024,-79.832889,mid_block,NaN,shp-55-53
20587,BOWMAN AVE + POPLAR ST,40.357627,-79.835827,mid_block,NaN,shp-55-53
20588,BOWMAN AVE + JARVIS ST,40.355486,-79.839731,mid_block,NaN,shp-55-53
20593,MONONGAHELA AVE + HARRISON ST,40.336731,-79.890196,mid_block,NaN,shp-55-53
20594,MONONGAHELA AVE + 1ST ST,40.334484,-79.89112,mid_block,NaN,shp-55-53
20595,MONONGAHELA AVE + 2ND ST,40.332701,-79.891851,mid_block,NaN,shp-55-53
20596,MONONGAHELA AVE + 3RD ST,40.330873,-79.8926,mid_block,NaN,shp-55-53
20597,MONONGAHELA AVE + 4TH ST,40.329231,-79.892578,mid_block,NaN,shp-55-53
20598,MONONGAHELA AVE + 5TH ST,40.327742,-79.89256,near_side,11.093215339712488,shp-55-53
20599,MONONGAHELA AVE + 6TH ST,40.326105,-79.892537,near_side,13.738389926293864,shp-55-53
20600,MONONGAHELA AVE + 7TH ST,40.324454,-79.892507,near_side,10.286214973345226,shp-55-53
20601,MONONGAHELA AVE + 8TH ST,40.322796,-79.892483,mid_block,NaN,shp-55-53
20603,OHIO AVE + BROADWAY ST,40.319146,-79.890716,mid_block,NaN,shp-55-53
20604,OHIO AVE + WALL ST,40.31716,-79.889672,mid_block,NaN,shp-55-53
20606,STATE ST + MONTOUR TRAIL,40.305475,-79.884047,mid_block,NaN,shp-55-53
20607,STATE ST + MAPLE AVE,40.298619,-79.875578,near_side,15.099465481860442,shp-55-53
20610,RAVENSBURG BLVD + CLAIRTON MUNICIPAL COMPLEX,40.295828,-79.893824,mid_block,NaN,shp-55-53
20613,HWY RT 885 + SUNSET DR,40.306715,-79.909254,mid_block,NaN,shp-55-53
20616,HWY RT 885 + WRAY DR,40.315227,-79.917096,mid_block,NaN,shp-55-53
20617,HWY RT 885 + WRAY LARGE RD,40.318534,-79.921627,mid_block,NaN,shp-55-53
20622,LEWIS RUN RD + SOUTHWESTERN HEALTH CENTER,40.3292,-79.937903,mid_block,NaN,shp-55-53
20623,LEWIS RUN RD + MON VALLEY SCHOOL DRWY,40.324285,-79.940108,mid_block,NaN,shp-55-53
20625,STATE ST + SHAW AVE,40.294733,-79.874654,mid_block,NaN,shp-55-53
20627,LEWIS RUN RD + HWY 885 FS,40.332322,-79.934403,mid_block,NaN,shp-55-53
20628,LEWIS RUN RD + HWY 51 NS,40.321596,-79.941675,mid_block,NaN,shp-55-53
20630,CLYDE AVE + PORT PERRY RD,40.385949,-79.83278,mid_block,NaN,shp-55-53
20631,MONONGAHELA AVE + LINCOLN ST,40.339894,-79.888024,mid_block,NaN,shp-55-04
20632,MONONGAHELA AVE + LINCOLN ST,40.340207,-79.887936,mid_block,NaN,shp-55-53
20633,RAVENSBURG BLVD + HWY RT 885,40.304618,-79.895108,mid_block,NaN,shp-55-53
20637,LEWIS RUN RD + ANNHURST APTS,40.326798,-79.938967,mid_block,NaN,shp-55-53
20638,ST CLAIR AVE + 8TH ST,40.293974,-79.891236,mid_block,NaN,shp-55-04
20639,ST CLAIR AVE + 8TH ST,40.294022,-79.890996,mid_block,NaN,shp-55-53
2064,PARKER ST + SOOSE,40.494162,-79.962905,mid_block,NaN,shp-2-01
20640,HWY RT 885 + # 1118,40.31144,-79.91638,mid_block,NaN,shp-55-53
20641,HWY RT 885 + PAYNE HILL RD FS,40.310058,-79.915485,mid_block,NaN,shp-55-04
20642,HWY RT 885 AT COAL VALLEY RD FS,40.322095,-79.925844,mid_block,NaN,shp-55-53
20646,CORBET ST + 4TH AVE,40.602372,-79.752157,mid_block,NaN,shp-P10-01
20647,CORBET ST + 2ND AVE,40.601302,-79.751293,mid_block,NaN,shp-P10-01
20648,1ST AVE + LOCK ST,40.600017,-79.752666,mid_block,NaN,shp-P10-01
20649,1ST AVE + ROSS ST,40.599199,-79.756108,mid_block,NaN,shp-P10-01
20650,4TH AVE + TARENTUM PARK-AND-RIDE,40.600404,-79.757031,mid_block,NaN,shp-P10-01
20651,CORBET ST + 8TH,40.6043,-79.753104,mid_block,NaN,shp-P10-51
20652,CORBET ST + 9TH AVE,40.604793,-79.75347,mid_block,NaN,shp-P10-51
20653,CORBET ST + 10TH AVE AVE NS (FREEPORT),40.605848,-79.75428,near_side,32.181339361806955,shp-P10-51
20654,10TH AVE + GARFIELD ST,40.606814,-79.753136,mid_block,NaN,shp-P10-51
20655,10TH AVE + SUMMIT ST,40.607629,-79.751772,mid_block,NaN,shp-P10-51
20656,10TH AVE + ORMOND ST,40.608356,-79.750534,mid_block,NaN,shp-P10-51
20657,FREEPORT RD + HORNER ST,40.609265,-79.749064,mid_block,NaN,shp-P10-51
20658,PROSPECT ST + ROUP DR,40.609741,-79.744985,mid_block,NaN,shp-P10-51
20659,PROSPECT ST + 9TH AVE,40.609077,-79.744358,mid_block,NaN,shp-P10-51
20663,LEWIS RUN RD + NORTH,40.331672,-79.936237,mid_block,NaN,shp-55-53
20664,9TH ST + OHIO AVE,40.321017,-79.891609,mid_block,NaN,shp-55-53
20665,PORT PERRY RD + E PITTSBURGH-MCKEESPORT BLVD,40.383401,-79.828345,mid_block,NaN,shp-55-53
20667,HWY RT 885 + WALL RD,40.306952,-79.904973,mid_block,NaN,shp-55-53
20668,PROSPECT ST + RESERVOIR DR,40.610779,-79.746547,mid_block,NaN,shp-P10-51
20671,BROWNSVILLE RD + DEWALT AVE FS,40.364902,-79.982994,mid_block,NaN,shp-51-08
20673,EAST OHIO ST + HEINZ,40.455233,-79.992771,mid_block,NaN,shp-1-01
20674,EAST OHIO ST + GRANT,40.478296,-79.96892,mid_block,NaN,shp-1-01
20687,MALL BLVD + K-MART,40.43165,-79.791245,mid_block,NaN,shp-67-52
20688,EXPOMART DR + WEST ENTRANCE,40.432449,-79.793976,mid_block,NaN,shp-67-15
20689,MALL BLVD + K-MART,40.431923,-79.79115,mid_block,NaN,shp-67-15
20692,PARK MANOR DR + ROBINSON PLAZA,40.449169,-80.162989,mid_block,NaN,shp-28X-01
20694,BRADDOCK AVE + HERITAGE HIGHLANDS NS,40.411518,-79.875471,mid_block,NaN,shp-59-51
20696,ALCOMA BLVD + TURNAROUND,40.485344,-79.799667,mid_block,NaN,shp-77-58
20697,ALCOMA BLVD + SALTSBURG,40.481518,-79.804679,mid_block,NaN,shp-77-08
20708,CYPRESS ST + OAK ST,40.394136,-79.887588,mid_block,NaN,shp-52L-52
20709,CYPRESS ST + MIFFLIN AVE,40.396266,-79.891234,mid_block,NaN,shp-52L-52
20710,MIFFLIN AVE + CHERRY ST,40.397117,-79.889317,mid_block,NaN,shp-52L-52
20713,MIFFLIN AVE + GEORGE ST,40.397828,-79.887705,mid_block,NaN,shp-52L-03
20714,MIFFLIN AVE + CHERRY ST,40.397242,-79.889155,mid_block,NaN,shp-52L-03
20715,CYPRESS ST + MIFFLIN AVE FS,40.396103,-79.891107,mid_block,NaN,shp-52L-03
20716,CYPRESS ST + OAK ST,40.394252,-79.887814,mid_block,NaN,shp-52L-03
20717,MURRAY AVE + WILKINS AVE FS,40.443606,-79.923839,mid_block,NaN,shp-74-51
20719,E CARSON ST + 9TH ST,40.428719,-79.989713,mid_block,NaN,shp-51-08
20721,BRADDOCK AVE + LIBRARY,40.401233,-79.865843,near_side,16.903438907611328,shp-61A-02
20723,BRINTON RD + #1245,40.422986,-79.866695,mid_block,NaN,shp-P68-21
20726,LEWIS RUN RD + SOUTHWESTERN HEALTH CENTER,40.328626,-79.938183,mid_block,NaN,shp-55-04
20727,PASSAVANT HOSPITAL + MAIN ENTRANCE,40.572155,-80.013514,mid_block,NaN,shp-12-51
20728,PASSAVANT HOSPITAL + 4TH FLOOR ENTRANCE BLDG T,40.57422,-80.014891,mid_block,NaN,shp-12-51
20729,MONONGAHELA AVE + ARCH ST,40.337942,-79.889419,mid_block,NaN,shp-55-53
20730,MONONGAHELA AVE + ARCH ST,40.337802,-79.889393,mid_block,NaN,shp-55-04
20731,LEWIS RUN RD + KELLY LANE,40.331365,-79.936609,mid_block,NaN,shp-55-04
20732,COAL HOLLOW RD + FRANKSTOWN RD FS,40.460893,-79.842446,mid_block,NaN,shp-P78-15
20735,MANSFIELD BLVD + JEFFERSON ST (CARNEGIE STATION),40.406141,-80.089826,near_side,21.63250085067777,shp-G31-58
20760,STATE ST + ELM ST,40.309255,-79.890551,mid_block,NaN,shp-55-53
20761,CRAIG ST + CENTRE AVE FS,40.451553,-79.951881,far_side,40.460593600485645,shp-71A-02
20762,PENN AVE + DALLAS AVE,40.451482,-79.908039,near_side,15.423027448859386,shp-71C-09
20763,PENN AVE + DALLAS AVE,40.451492,-79.908345,near_side,18.659705983148044,shp-71C-N4
20765,HIGHLAND AVE + ELLSWORTH AVE STEPS,40.458806,-79.925153,mid_block,NaN,shp-71B-01
20766,HIGHLAND AVE + ELLSWORTH AVE STEPS,40.45897,-79.925049,near_side,33.612962937648945,shp-71B-51
20767,AMBULATORY CARE CENTER DR + BLDG #71,40.494557,-79.889135,mid_block,NaN,shp-91-52
20768,AMBULATORY CARE CENTER DR + BLDG #51,40.495047,-79.888723,mid_block,NaN,shp-91-52
20775,CENTURY DR + SAMS CLUB DRVWY,40.344604,-79.948263,mid_block,NaN,shp-51-08
20779,BAUM BLVD + FAIRMOUNT ST FS,40.457961,-79.934963,near_side,44.15452055420126,shp-77-58
20781,31ST ST BRIDGE RAMP + RIALTO ST,40.46491,-79.979896,near_side,9.495830905137318,shp-1-52
20785,JOSEPHINE ST + ARLINGTON AVE,40.417514,-79.965511,mid_block,NaN,shp-48-51
20786,STATE ST + WALNUT AVE FS,40.308756,-79.889532,mid_block,NaN,shp-55-04
20789,5TH ST + DUQUESNE,40.385679,-79.759081,mid_block,NaN,shp-69-10
20790,FOREST AVE + 6TH ST,40.386826,-79.757629,mid_block,NaN,shp-69-10
20791,FOREST AVE + 7TH ST,40.38729,-79.757095,mid_block,NaN,shp-69-10
20792,7TH ST + PROSPECT,40.386442,-79.752504,mid_block,NaN,shp-69-10
20793,7TH ST + TIMBER LN,40.388053,-79.748383,mid_block,NaN,shp-69-10
20794,FORBES RD + MEADOW ST,40.388982,-79.750332,mid_block,NaN,shp-69-10
20795,FORBES RD + CK STUDIOS DRIVEWAY,40.392094,-79.758172,mid_block,NaN,shp-69-10
20806,BROWNSVILLE RD + CURRY RD FS,40.358464,-79.990614,mid_block,NaN,shp-Y47-52
20807,WASHINGTON RD + BOWER HILL RD FS,40.3866,-80.043867,far_side,39.921919168705955,shp-38-55
20808,HORNING RD + BROUGHTON RD,40.330636,-79.988323,mid_block,NaN,shp-Y45-51
20809,BROWNSVILLE RD + NATIVTY CHURCH,40.329144,-79.987487,mid_block,NaN,shp-Y45-51
20812,GREENTREE RD + GREENBRIAR DR,40.396871,-80.065896,mid_block,NaN,shp-38-05
20813,GREENTREE RD + VIRGINIA MANSIONS FS,40.391559,-80.071087,mid_block,NaN,shp-38-01
20814,GREENTREE RD + VIRGINIA MANOR SC DRIVEWAY,40.392205,-80.067613,mid_block,NaN,shp-38-01
20818,TERRACE ST + WHITRIDGE,40.440064,-79.967514,mid_block,NaN,shp-83-01
20819,ROBINSON ST + ELLERS,40.441617,-79.965614,mid_block,NaN,shp-81-04
20824,ITIN ST + DIANA,40.461846,-79.992179,mid_block,NaN,shp-6-03
20825,SUNSET AVE + ESSEN ST,40.472945,-80.000504,mid_block,NaN,shp-6-51
20826,COLBY ST + REGULUS ST,40.484706,-80.004358,mid_block,NaN,shp-6-51
20827,WHITE AVE + STOTZ AVE FS,40.4352,-80.066158,mid_block,NaN,shp-29-53
20828,CRENNEL AVE + LINWOOD,40.435723,-80.068362,near_side,10.997886428801735,shp-29-53
20829,FERGUSON RD + WALLACE,40.564862,-79.992513,mid_block,NaN,shp-2-52
20830,MCKNIGHT RD + SEIBERT RD,40.530443,-80.009582,near_side,5.805442062076875,shp-12-51
20831,CHARTIERS AVE + ISLAND AVE NS,40.465662,-80.062292,mid_block,NaN,shp-24-04
20832,OHIO RIVER BLVD + LOCUST,40.497772,-80.069861,mid_block,NaN,shp-14-07
20833,BROOKLINE BLVD + GLENARM,40.392158,-80.017618,near_side,14.146910705973033,shp-39-01
20836,BEAVER ST + GLEN MITCHELL RD,40.531536,-80.169029,mid_block,NaN,shp-14-07
20837,BEAVER ST + GLEN MITCHELL RD,40.531511,-80.16877,mid_block,NaN,shp-14-01
20840,YOUNG ST + YESTER,40.349673,-79.840575,mid_block,NaN,shp-60-16
20841,GRANDVIEW AVE + BROWNLEE ST,40.348856,-79.837207,mid_block,NaN,shp-60-16
20842,CRAWFORD VILLAGE PL + GRANDVIEW,40.351055,-79.837512,mid_block,NaN,shp-60-16
20843,YESTER SQ + CRAIG ST,40.349549,-79.839717,mid_block,NaN,shp-60-16
20844,YESTER SQ + CRAWFORD VILLAGE PL,40.350465,-79.83908,mid_block,NaN,shp-60-16
20846,LINCOLN HWY + 5TH AVE EXT NS,40.381206,-79.812249,far_side,24.611625989496986,shp-P76-65
20849,MONONGAHELA BLVD + #1224,40.405892,-79.886232,mid_block,NaN,shp-61C-01
20850,MONONGAHELA BLVD + #1224,40.405815,-79.886326,mid_block,NaN,shp-61C-51
20864,ROBINSON TOWNE CTR DR + PARK MANOR BLVD,40.453435,-80.17201,near_side,34.194554183291665,shp-28X-01
20866,HAZELWOOD AVE + EMAHLEA ST,40.418148,-79.936668,mid_block,NaN,shp-93-02
20867,HAZELWOOD AVE + WINTERBURN AVE,40.415669,-79.939018,mid_block,NaN,shp-93-02
20868,HAZELWOOD AVE + NANSEN ST,40.413525,-79.939415,mid_block,NaN,shp-93-02
20874,BROADVIEW DR + JOHNSTON AVE,40.408001,-79.926369,mid_block,NaN,shp-93-51
20877,HAZELWOOD AVE + GLADSTONE ST,40.412454,-79.940283,mid_block,NaN,shp-93-51
20878,HAZELWOOD AVE + NANSEN ST,40.413447,-79.939459,mid_block,NaN,shp-93-51
20879,HAZELWOOD AVE + EMAHLEA ST,40.417938,-79.936661,mid_block,NaN,shp-93-51
2088,EAST OHIO ST + JAMES,40.453453,-80.000643,mid_block,NaN,shp-6-51
20880,HAZELWOOD AVE + GIDDINGS ST,40.414554,-79.9393,mid_block,NaN,shp-93-51
20881,HAZELWOOD AVE + SABINA ST,40.415918,-79.938613,mid_block,NaN,shp-93-51
20882,HAZELWOOD AVE + CALVARY ST,40.419456,-79.934099,mid_block,NaN,shp-93-51
20885,JOHNSTON AVE + BROADVIEW FS,40.407196,-79.926827,mid_block,NaN,shp-57-02
20886,JOHNSON AVE + NAOMI,40.408299,-79.925845,mid_block,NaN,shp-57-02
20887,JOHNSTON AVE + BROADVIEW,40.407416,-79.926433,mid_block,NaN,shp-57-52
2089,EAST OHIO ST + MIDDLE,40.453704,-79.999291,mid_block,NaN,shp-6-51
20891,STANTON AVE + HIGHLAND AVE,40.469698,-79.921212,near_side,20.561937057570848,shp-75-01
2090,EAST OHIO ST + NASH ST FS,40.453886,-79.998096,near_side,3.602659877058032,shp-6-51
20901,EVERGREEN RD + #4535,40.500992,-80.003792,mid_block,NaN,shp-O5-08
20902,EVERGREEN RD + #4534,40.500885,-80.003708,mid_block,NaN,shp-O5-56
20903,UNIVERSAL RD + SALTSBURG FS,40.476891,-79.785674,mid_block,NaN,shp-P16-44
20904,FIFTH AVE + # 1681,40.353119,-79.846267,mid_block,NaN,shp-61C-01
20906,LEBANON RD + SOUTH HILLS INDUSTRIAL PARK,40.359182,-79.934128,mid_block,NaN,shp-51-08
20909,LEBANON RD + SOUTH HILLS INDUSTRIAL PARK,40.359614,-79.933663,mid_block,NaN,shp-51-58
20911,DUQUESNE BLVD + WYLIE AVE,40.367433,-79.842408,near_side,13.26202960465123,shp-61C-51
20912,GLENBURY ST RAMP + SOUTH BUSWAY,40.382754,-79.996639,far_side,41.60393443316104,shp-Y46-01
20913,DUQUESNE BLVD + WYLIE AVE,40.367188,-79.842139,near_side,20.387190509627384,shp-61C-01
20914,CRAIG ST + BAUM (MOOREHEAD TOWERS),40.453773,-79.953125,near_side,34.81103310334431,shp-93-51
20917,MCKEES ROCKS RD + HECKEL,40.47065,-80.091388,mid_block,NaN,shp-24-04
20918,CHURCHILL RD + HOLLAND,40.444465,-79.844586,mid_block,NaN,shp-67-52
20920,CURRY HOLLOW RD + GREEN DR,40.340257,-79.967396,ambiguous,3.1290624332341834,shp-Y47-52
20931,ALLEGHENY AVE + ARCHIE NS,40.524001,-79.841889,mid_block,NaN,shp-P78-61
20933,LYSLE BLVD + MCKEESPORT TRANSPORTATION CENTER,40.352054,-79.860972,far_side,33.63684437016145,shp-56-03
20934,GRANT ST + LAUREL,40.4884,-80.053093,mid_block,NaN,shp-19L-53
20938,BRADDOCK AVE + 6TH ST,40.40322,-79.868412,near_side,19.97033019888821,shp-61A-52
20939,BRADDOCK AVE + 6TH ST,40.403333,-79.868719,near_side,16.449774140926763,shp-61B-51
20940,ISLAND AVE + CHARTIERS NS (MARY),40.465943,-80.060861,mid_block,NaN,shp-21-06
20941,PARKER ST + KLOEHLER FS,40.494289,-79.958847,mid_block,NaN,shp-2-01
20943,JEFFERS ST + FADETTE ST,40.452097,-80.066031,mid_block,NaN,shp-27-04
20946,EBEN ST + SHIRE PL,40.388376,-80.008278,mid_block,NaN,shp-39-51
20947,BLOSSOM DR + CLELIA DR,40.34439,-80.000276,mid_block,NaN,shp-Y45-01
20948,BLOSSOM DR + CLELIA DR,40.344332,-80.000477,mid_block,NaN,shp-Y45-51
20950,BOWER HILL RD + S MEADOWCROFT AVE,40.386607,-80.04637,mid_block,NaN,shp-41-01
20953,AMANDA ST + GOLDBACH WAY,40.415574,-79.988046,mid_block,NaN,shp-54-07
20955,EDGEWOOD AVE + LLOYD,40.427825,-79.884845,mid_block,NaN,shp-61A-02
20956,SOUTH AVE + MILL,40.44076,-79.881526,mid_block,NaN,shp-61A-02
20957,SOUTH AVE + CENTER,40.441135,-79.882656,mid_block,NaN,shp-61A-02
20959,FORBES AVE + BOUQUET ST FS,40.442173,-79.956062,far_side,47.99795814054669,shp-61C-51
20962,SWISSVALE AVE + MAPLE,40.433212,-79.884816,near_side,17.267888645221845,shp-61A-52
20965,RANKIN BLVD + HAWKINS,40.411973,-79.880966,mid_block,NaN,shp-61B-02
20967,KENNYWOOD BLVD + MIFFLIN,40.401288,-79.880477,near_side,12.51276910186373,shp-61C-01
20969,MURRAY AVE+ HAZELWOOD AVE FS,40.420304,-79.928399,mid_block,NaN,shp-61C-01
20976,FORBES AVE + MAGEE ST,40.43779,-79.988495,near_side,15.048858337149973,shp-71B-51
20977,FORBES AVE + STEVENSON ST,40.437715,-79.986693,near_side,17.871440525668763,shp-71B-51
20979,HIGHLAND AVE + ALDER ST,40.457415,-79.925244,near_side,8.960845134173619,shp-71B-01
20989,GREENFIELD AVE + SECOND AVE,40.424988,-79.952568,far_side,45.88798495045364,shp-56-03
20990,SECOND AVE + BATES FS,40.431413,-79.959459,far_side,36.43378945307269,shp-57-02
20999,WARREN DR + LINCOLN HWY NS,40.384883,-79.823255,mid_block,NaN,shp-55-53
210,MCINTYRE SQUARE + GABRIEL BROTHERS,40.554013,-80.016522,mid_block,NaN,shp-12-51
21004,WHITAKER WAY + MARIGOLD ST,40.402562,-79.889355,mid_block,NaN,shp-59-01
21008,COMMONWEALTH AVE + RITE AID,40.382927,-79.877057,mid_block,NaN,shp-59-01
21012,KENNYWOOD MALL FIRE LANE + GIANT EAGLE,40.383913,-79.868381,mid_block,NaN,shp-59-51
21025,LEBANON CHURCH RD + PGH-MCKSPT BLVD,40.355968,-79.89945,far_side,9.4542405469266,shp-56-52
21026,W 5TH AVE + WINDSOR,40.348584,-79.877612,mid_block,NaN,shp-56-52
21029,JONES AVE + MAIN,40.407498,-79.856915,mid_block,NaN,shp-59-51
21032,WM PENN HWY + NORTHERN PIKE FS,40.437556,-79.778354,far_side,45.13515491339597,shp-67-15
21042,ROSS AVE + COAL,40.44111,-79.879977,mid_block,NaN,shp-61A-52
21046,MONROEVILLE MALL + WEST COURT ENTRANCE,40.42873,-79.796955,mid_block,NaN,shp-67-15
21047,WM PENN HWY + VALUE CITY,40.436297,-79.783665,near_side,15.043813795099217,shp-67-52
21048,BROADWAY BLVD + QUARRY,40.396518,-79.7937,mid_block,NaN,shp-69-10
21049,PATTON ST + MIDDLE,40.395691,-79.804772,near_side,21.37939942718081,shp-69-10
21050,PENN AVE + THOMPSON,40.405253,-79.82701,mid_block,NaN,shp-59-01
21051,PENN AVE + SHAW NS,40.405271,-79.828736,mid_block,NaN,shp-59-01
21058,AIRBRAKE AVE + 1ST,40.397889,-79.813004,mid_block,NaN,shp-69-61
21060,ELLSWORTH AVE + GRAHAM ST,40.453746,-79.934724,mid_block,NaN,shp-75-01
21063,ELLSWORTH AVE + SPAHR ST,40.458228,-79.927539,mid_block,NaN,shp-75-55
21066,LINCOLN AVE + DEARY ST,40.464076,-79.901138,near_side,33.28671273825621,shp-82-52
21067,STEUBENVILLE PIKE + HIGHTOWER,40.447736,-80.155165,near_side,42.860231179302026,shp-24-04
21069,SUMMIT PARK DR + CHAUVET #2,40.448279,-80.181589,near_side,37.490382918270505,shp-29-01
21071,STEUBEN ST + MCCORMICK AVE,40.439845,-80.078014,mid_block,NaN,shp-29-01
21073,STEUBEN ST + FOSTER AVE,40.438354,-80.069694,mid_block,NaN,shp-29-01
21074,STEUBEN ST + CUMBERLAND FS,40.44209,-80.060626,mid_block,NaN,shp-29-01
21076,STEUBENVILLE PIKE + MCCORMICK FS,40.449191,-80.124441,mid_block,NaN,shp-29-01
21078,STEUBENVILLE PIKE + E WINDHAVEN RD FS,40.444352,-80.099004,mid_block,NaN,shp-29-01
21081,STEUBEN ST + WINLOCK AVE,40.440778,-80.061234,mid_block,NaN,shp-29-53
21083,STEUBEN ST + MCCORMICK AVE,40.439843,-80.077676,mid_block,NaN,shp-29-53
21086,STEUBENVILLE PIKE + CAMPBELLS RUN RD,40.448523,-80.157893,near_side,15.516925906973329,shp-24-54
21087,SUMMIT PARK DR + HOME DEPOT SERVICE DR,40.451019,-80.184491,mid_block,NaN,shp-29-53
21095,TILBURY AVE + NICHOLSON ST,40.430276,-79.917739,mid_block,NaN,shp-74-01
21096,TILBURY AVE + WALDRON ST,40.431604,-79.91802,near_side,41.23877158566569,shp-74-01
21097,FORWARD AVE + BEECHWOOD,40.427926,-79.916292,near_side,19.247279506656838,shp-74-51
21098,TILBURY AVE + WALDRON ST FS,40.431418,-79.918057,mid_block,NaN,shp-74-51
21101,LAKETON RD + PADEN ST,40.449123,-79.864156,mid_block,NaN,shp-P78-15
21103,LAKETON RD + WINTON,40.450905,-79.862051,mid_block,NaN,shp-P78-15
21107,WM PENN HWY + KIA DEALERSHIP,40.43358,-79.797336,mid_block,NaN,shp-67-15
21109,BEELER ST + OLYMPIA PL,40.44531,-79.934945,mid_block,NaN,shp-67-52
21111,BEELER ST + OLYMPIA PL,40.445362,-79.934944,mid_block,NaN,shp-67-15
21116,HERBST RD + HERBST MANOR RD,40.491383,-80.119188,mid_block,NaN,shp-20-57
21117,WEST LIBERTY AVE + WISCONSIN FS,40.393828,-80.035899,far_side,30.949786918133327,shp-41-01
21118,SAMPLE RD + EASTVIEW DR #2,40.571223,-79.999593,mid_block,NaN,shp-O5-08
21119,SAMPLE RD + EASTVIEW DR #1,40.570711,-80.000806,mid_block,NaN,shp-O5-08
21120,BRERETON ST + 30TH ST,40.456575,-79.969999,mid_block,NaN,shp-54-01
21126,HULTON RD + 13TH,40.524815,-79.826986,mid_block,NaN,shp-P16-51
21129,HEMLOCK DR + LAUREL OAK DR,40.577244,-79.979532,mid_block,NaN,shp-O5-08
21134,PRESIDENTIAL DR + CLEVELAND,40.581898,-79.993757,mid_block,NaN,shp-O5-08
21139,IVORY AVE + VALLEYVIEW ST,40.496766,-80.011171,mid_block,NaN,shp-4-51
21140,IVORY AVE + VALLEYVIEW ST,40.496738,-80.011318,mid_block,NaN,shp-4-03
21142,EVERGREEN & PEOPLES PLANK RD + BABCOCK,40.506035,-79.990961,near_side,49.90081258806957,shp-O5-56
21143,AMITY DR + THOMPSON RUN RD,40.550148,-79.997693,mid_block,NaN,shp-O5-56
21148,HEMLOCK DR OPP NORTH PARK POOL PARK AND RIDE,40.586742,-79.996834,mid_block,NaN,shp-O5-56
21151,HEMLOCK DR + LAUREL OAK DR,40.577199,-79.97959,mid_block,NaN,shp-O5-56
21154,EDGEWOOD AVE + ELM ST,40.431378,-79.884382,mid_block,NaN,shp-61A-02
21158,EDGEWOOD AVE + GORDON ST,40.428851,-79.884637,mid_block,NaN,shp-61A-52
21161,HWY RT 51 + LEWIS RUN RD,40.321001,-79.942067,near_side,19.953593760849785,shp-Y46-01
21162,HWY RT 51 + E BRUCETON RD,40.328475,-79.94483,near_side,16.716620874995613,shp-Y46-01
21164,HWY RT 51 + GLEN ELM DR,40.356579,-79.980212,near_side,18.2205949412182,shp-51-08
21165,HWY RT 51 + GREENLEE RD,40.375664,-79.983688,near_side,17.328773604061713,shp-Y46-52
21169,CHARTIERS AVE + HOOVER ST,40.453412,-80.062187,mid_block,NaN,shp-26-06
21170,CHARTIERS AVE + WARFLE ST,40.458813,-80.076903,mid_block,NaN,shp-27-53
21172,BROWNSVILLE RD + OVERBROOK BLVD,40.38931,-79.985359,mid_block,NaN,shp-51-08
21173,BROWNSVILLE RD + KNOX AVE,40.41061,-79.990193,near_side,12.976875644478117,shp-51-08
21174,AMANDA ST + ARLINGTON AVE,40.418347,-79.988181,mid_block,NaN,shp-54-07
21175,GRANT AVE + ERWIN ST,40.37172,-79.853243,mid_block,NaN,shp-52L-52
21178,BEECHWOOD BLVD + FEDERAL HILL ST,40.420957,-79.927575,mid_block,NaN,shp-53L-51
21180,8TH AVE + DICKSON,40.408819,-79.905587,near_side,13.999542298673488,shp-61C-51
21181,8TH AVE + LIBRARY,40.408978,-79.903374,near_side,21.664133322736248,shp-61C-51
21182,MIFFLIN RD + MCBRIDE AVE NS,40.369216,-79.910308,mid_block,NaN,shp-56-03
21186,12TH AVE + AMITY ST,40.404401,-79.908146,mid_block,NaN,shp-53-02
21187,NOBLE DR + LEBANON RD,40.361778,-79.93118,mid_block,NaN,shp-51-08
21190,BUTTERMILK HOLLOW RD + LEBANON CHURCH RD,40.35427,-79.914262,near_side,44.816205694763,shp-53-52
21198,WASHINGTON AVE + STATION ST NS,40.358059,-80.112371,near_side,41.577483515008254,shp-31-01
21201,E RAILROAD ST + 2ND ST,40.391832,-80.087732,mid_block,NaN,shp-31-01
21202,E RAILROAD ST + 1ST ST,40.393424,-80.087496,near_side,12.088603692807116,shp-31-01
21205,WASHINGTON AVE + STATION ST,40.358593,-80.112235,far_side,7.041031800316007,shp-31-53
21206,WASHINGTON AVE + JAMES ST FS (POST OFFICE),40.356579,-80.113406,mid_block,NaN,shp-31-53
21213,MCKNIGHT RD + INTOWN SUITES DRVWY FS,40.505076,-80.009044,mid_block,NaN,shp-12-02
21214,MCKNIGHT RD + PITTSBURGH REVIVAL CENTER,40.502923,-80.010794,mid_block,NaN,shp-12-02
21224,OLD ELIZABETH RD + BLUEMONT DR,40.347339,-79.937065,mid_block,NaN,shp-55-53
21225,OLD ELIZABETH RD + WOODHILL RD,40.347675,-79.933602,mid_block,NaN,shp-55-53
21226,OLD ELIZABETH RD + LEBANON SCHOOL RD,40.348079,-79.92931,mid_block,NaN,shp-55-53
21227,CAMP HOLLOW RD + LIVINGSTON RD FS,40.346574,-79.926214,mid_block,NaN,shp-55-53
21228,CAMP HOLLOW RD + LEBANON CHURCH RD,40.349689,-79.927005,mid_block,NaN,shp-55-53
21229,CAMP HOLLOW RD + LEBANON CHURCH RD FS,40.349578,-79.927164,mid_block,NaN,shp-55-04
21230,LEBANON SCHOOL RD + LIVINGSTON RD FS,40.346299,-79.926305,mid_block,NaN,shp-55-04
21231,LEBANON SCHOOL RD + OLD ELIZABETH RD,40.348168,-79.929074,mid_block,NaN,shp-55-04
21232,OLD ELIZABETH RD + WOODHILL RD,40.347741,-79.933469,mid_block,NaN,shp-55-04
21234,GREENSBURG PIKE + VERSAILLES CASTLE APT,40.388629,-79.821747,mid_block,NaN,shp-59-01
21235,GREENSBURG PIKE + CENTRAL AVE FS,40.392942,-79.819059,mid_block,NaN,shp-59-01
21236,GREENSBURG PIKE + LLOYD AVE,40.396761,-79.821229,mid_block,NaN,shp-59-01
21237,GREENSBURG PIKE + KLINE AVE,40.397689,-79.821042,mid_block,NaN,shp-59-01
21238,GREENSBURG PIKE + 1ST ST,40.402059,-79.823776,mid_block,NaN,shp-59-01
21239,GREENSBURG PIKE + KLINE AVE FS,40.397816,-79.821085,mid_block,NaN,shp-59-51
21240,GREENSBURG PIKE + LLOYD AVE,40.397009,-79.821253,mid_block,NaN,shp-59-51
21241,GREENSBURG PIKE + CENTRAL AVE FS,40.392787,-79.81917,mid_block,NaN,shp-59-51
21242,GREENSBURG PIKE + PATRICIA LN,40.388359,-79.822212,mid_block,NaN,shp-59-51
21243,GREENSBURG PIKE + 1ST ST FS,40.401907,-79.82375,mid_block,NaN,shp-59-51
21244,REED ST + ELMORE ST,40.442177,-79.978467,mid_block,NaN,shp-81-04
21245,REED ST + ADDISON ST,40.442657,-79.977384,mid_block,NaN,shp-81-04
21246,REED ST + ELMORE ST,40.443113,-79.976291,mid_block,NaN,shp-81-04
21248,REED ST + ADDISON ST,40.442821,-79.977147,mid_block,NaN,shp-81-51
21249,REED ST + ELMORE ST,40.442366,-79.978214,mid_block,NaN,shp-81-51
21250,ELMORE ST + ROSE ST FS,40.443656,-79.976586,mid_block,NaN,shp-81-51
21251,COCHRANS MILL RD + BROWNSVILLE RD FS,40.325086,-79.985709,mid_block,NaN,shp-Y45-01
21252,BROWNSVILLE RD + WILHELM AVE,40.32508,-79.987659,mid_block,NaN,shp-Y45-01
21253,ZUPANCIC DR + HURL,40.321026,-79.983325,mid_block,NaN,shp-Y45-51
21264,BEECHWOOD BLVD + MONITOR ST FS,40.42551,-79.926852,mid_block,NaN,shp-53L-51
21269,LIBERTY AVE + 40TH ST NS,40.463033,-79.956405,mid_block,NaN,shp-86-02
21271,LIBERTY AVE + 37TH ST,40.462126,-79.961863,mid_block,NaN,shp-86-02
21272,LIBERTY AVE + 36TH ST,40.461936,-79.963831,mid_block,NaN,shp-86-02
21276,LIBERTY AVE + 30TH ST,40.45842,-79.971944,mid_block,NaN,shp-86-02
21277,LIBERTY AVE + 29TH ST,40.457484,-79.973307,mid_block,NaN,shp-86-02
21279,LIBERTY AVE + 27TH ST,40.455463,-79.976227,mid_block,NaN,shp-86-02
21281,LIBERTY AVE + 25TH ST,40.453463,-79.979127,near_side,11.532542466622585,shp-86-02
21283,LIBERTY AVE + 21ST ST,40.45124,-79.982383,near_side,14.467870299094029,shp-86-02
21284,LIBERTY AVE + 17TH ST,40.449248,-79.985329,near_side,12.648837563293194,shp-86-02
21286,LIBERTY AVE + 14TH ST,40.446945,-79.989163,mid_block,NaN,shp-86-02
213,7TH ST + FT DUQUESNE BLVD,40.444445,-80.000735,near_side,7.094237656473908,shp-6-51
21303,LIBERTY AVE + 36TH ST,40.461832,-79.96387,mid_block,NaN,shp-86-51
21304,LIBERTY AVE + 37TH ST,40.461977,-79.962108,mid_block,NaN,shp-86-51
21306,LIBERTY AVE + 40TH ST,40.46276,-79.957393,near_side,12.325170226828371,shp-86-51
21308,LIBERTY AVE + MAIN ST (BLOOMFIELD BRIDGE),40.463497,-79.953365,near_side,25.748248622033245,shp-86-51
21316,PERRY HWY + CONNIE DR,40.496286,-80.019926,far_side,11.426725525239643,shp-8-53
21318,WATERFRONT DR + BRIDGE ST (RED ROBIN),40.409142,-79.916713,near_side,25.681719424264838,shp-61D-01
21321,BRADDOCK AVE + KEYSTONE COMMONS PORTAL 9 FS,40.402844,-79.831457,mid_block,NaN,shp-59-01
21328,WATERWORKS MALL + MARSHALLS,40.488814,-79.891879,mid_block,NaN,shp-91-03
21329,SANDUSKY ST + UNDERPASS,40.45004,-80.002796,mid_block,NaN,shp-16-13
21330,SANDUSKY ST + GENERAL ROBINSON ST,40.44873,-80.002382,near_side,14.230898188006606,shp-16-13
21331,BUTLER ST + CENTER ST,40.495299,-79.945457,mid_block,NaN,shp-1-01
21337,FREEPORT RD + OLD FREEPORT RD,40.489956,-79.871491,mid_block,NaN,shp-1-01
21338,FREEPORT RD + #1372,40.489658,-79.872719,mid_block,NaN,shp-1-01
21339,FREEPORT RD + WORKS ENTRANCE #3,40.593906,-79.769818,mid_block,NaN,shp-1-01
21340,W 7TH AVE + GRANTHAM ST,40.598041,-79.764744,near_side,14.378515408682334,shp-1-01
21341,W 7TH AVE + WESTERN ST,40.599167,-79.762691,near_side,21.66788539616502,shp-1-01
21344,E 4TH AVE + WOOD ST,40.601206,-79.754922,mid_block,NaN,shp-1-01
21345,W 4TH AVE + ROSS ST,40.600414,-79.756836,mid_block,NaN,shp-1-52
21347,NORTH HILLS VILLAGE + TARGET,40.526876,-80.00756,mid_block,NaN,shp-2-52
21348,NORTH HILLS VILLAGE + BURLINGTON,40.525518,-80.007163,mid_block,NaN,shp-2-52
21349,NORTH HILLS VILLAGE + BEST BUY,40.523263,-80.006316,mid_block,NaN,shp-2-52
21350,MCKNIGHT RD + NORTH HILLS VILLAGE (CENTER ENT),40.525363,-80.005368,mid_block,NaN,shp-12-51
21355,PEEBLES RD + BINGAY DR,40.558984,-80.01522,mid_block,NaN,shp-2-01
21356,PEEBLES RD + REMINGTON DR,40.561158,-80.013202,near_side,23.33099629867872,shp-2-01
21357,PEEBLES RD + PARKWAY RD FS,40.564139,-80.009548,mid_block,NaN,shp-2-01
21361,FREEPORT RD + POWERS RUN,40.507276,-79.851597,near_side,14.927547121869907,shp-1-01
21362,FREEPORT RD + POWERS RUN FS,40.506549,-79.851641,mid_block,NaN,shp-1-52
21363,IVORY AVE + SCHERLING ST,40.49599,-80.007329,mid_block,NaN,shp-4-03
21364,IVORY AVE + SCHERLING ST,40.495825,-80.005372,mid_block,NaN,shp-4-51
21369,PROVOST RD + WEYMAN RD,40.375672,-79.993938,near_side,22.079872309398976,shp-Y47-52
21373,PROVOST RD + SHADOWLAWN DR,40.37241,-79.994766,mid_block,NaN,shp-Y47-01
21374,PROVOST RD + SHADOW DR,40.370787,-79.994626,mid_block,NaN,shp-Y47-01
21377,EVERGREEN AVE + FRANKLIN ST,40.490176,-79.971767,mid_block,NaN,shp-2-52
21379,PARKER ST + KOEHLER ST,40.494219,-79.958796,mid_block,NaN,shp-2-52
21382,FERGUSON RD + COYNE AVE,40.565177,-79.994778,mid_block,NaN,shp-2-52
21383,FERGUSON RD + DUNCAN AVE NS,40.565775,-79.998152,mid_block,NaN,shp-2-52
21384,PEEBLES RD + BINGAY DR,40.559005,-80.015308,mid_block,NaN,shp-2-52
21387,THE BLOCK AT NORTHWAY DR + DAVE AND BUSTERS,40.549632,-80.021095,mid_block,NaN,shp-12-02
21388,ROBINSON BLVD + W'BURG PENN JOINT WATER AUTHORITY,40.457801,-79.864874,mid_block,NaN,shp-79-52
21391,MT TROY RD + FORNOF LN,40.478229,-79.986067,mid_block,NaN,shp-4-51
21392,IVORY AVE + PEACHTREE WAY,40.49678,-80.014756,mid_block,NaN,shp-4-51
214,SANDUSKY ST + ISABELLA ST,40.447846,-80.001964,mid_block,NaN,shp-16-51
21400,SPRING GARDEN AVE + LAGER ST,40.463988,-79.985931,mid_block,NaN,shp-7-51
21401,SPRING GARDEN AVE + WILLIAMS RD,40.477227,-79.993267,mid_block,NaN,shp-7-51
21405,PERRY HWY + #328,40.518581,-80.026751,mid_block,NaN,shp-8-03
21411,CENTER AVE + PARK AVE,40.511325,-80.027534,mid_block,NaN,shp-8-53
21418,EVERGREEN RD + BAYTREE ST,40.488746,-80.010295,near_side,37.3229282750849,shp-12-02
21423,BABCOCK BLVD + PERRYMONT RD,40.558245,-80.022979,far_side,31.24771435728433,shp-12-51
21424,CORPORATE DR + #5700,40.563531,-80.023052,mid_block,NaN,shp-12-51
21426,BABCOCK BLVD + WINCHESTER DR,40.565949,-80.016424,mid_block,NaN,shp-12-51
21427,BABCOCK BLVD + LAROCHE COLLEGE DRVWY,40.568125,-80.016444,mid_block,NaN,shp-12-51
21431,FOREST AVE + CENTER AVE FS,40.508155,-80.047401,mid_block,NaN,shp-13-02
21433,OLD CALIFORNIA AVE + WOODLAND AVE,40.466718,-80.033951,mid_block,NaN,shp-13-54
21434,CALIFORNIA AVE + MARVISTA ST NS,40.46139,-80.02945,mid_block,NaN,shp-13-02
21442,CALIFORNIA AVE + ST JOHNS CHURCH,40.467899,-80.035191,mid_block,NaN,shp-13-54
21443,CALIFORNIA AVE + FORSYTHE ST,40.470636,-80.036096,mid_block,NaN,shp-13-54
21444,CALIFORNIA AVE + #3228,40.473871,-80.038507,mid_block,NaN,shp-13-54
21447,WARRINGTON AVE + BELTZHOOVER AVE,40.421583,-79.997592,near_side,23.293775833316865,shp-48-02
21449,JOHNSTON AVE + MANSION ST,40.405408,-79.937219,mid_block,NaN,shp-57-52
21451,SKYLINE DR + #1765,40.365706,-79.963997,mid_block,NaN,shp-Y49-01
21452,SKYLINE DR + BALDWIN HEALTH CENTER,40.366636,-79.962492,mid_block,NaN,shp-Y49-01
21453,SKYLINE DR + PARKLINE DR,40.367138,-79.963975,mid_block,NaN,shp-Y49-01
21454,PARKLINE DR + #1695,40.367997,-79.965491,mid_block,NaN,shp-Y49-01
21455,PARKLINE DR + #1631,40.36708,-79.967448,mid_block,NaN,shp-Y49-01
21456,PARKLINE DR + #1551 (RENTAL OFFICE),40.365997,-79.968173,mid_block,NaN,shp-Y49-01
21457,PARKLINE DR + RADFORD RD FS,40.365201,-79.966925,mid_block,NaN,shp-Y49-52
21458,PARKLINE DR + #1620,40.366759,-79.967672,mid_block,NaN,shp-Y49-52
21459,PARKLINE DR + #1690,40.367953,-79.96541,mid_block,NaN,shp-Y49-52
21460,PARKLINE DR + SKYLINE DR,40.367262,-79.9641,mid_block,NaN,shp-Y49-52
21461,SKYLINE DR + MAPLE DR NS,40.36487,-79.964596,mid_block,NaN,shp-Y49-52
21462,SKYLINE DR + BALDWIN HEALTH CENTER,40.366862,-79.962728,mid_block,NaN,shp-Y49-52
21463,CENTURY DR + GABRIEL BROTHERS,40.34335,-79.942587,mid_block,NaN,shp-51-08
21465,MOUNTAINVIEW DR + POOL CITY DR,40.344946,-79.942187,mid_block,NaN,shp-51-08
21469,HOBART RD + GREENFIELD RD FS,40.432569,-79.936292,far_side,42.564536524194864,shp-93-02
21470,BEACON ST + WIGHTMAN ST,40.434177,-79.927078,mid_block,NaN,shp-93-51
21471,BEACON ST + MUNHALL RD,40.434579,-79.924615,mid_block,NaN,shp-93-51
21490,GREEN LOT + BROADWAY AVE,40.346081,-79.828415,mid_block,NaN,shp-56-03
21496,HARTMAN ST + CAMP ST,40.354733,-79.834704,mid_block,NaN,shp-56-03
21497,FIFTH AVE + LATTERMAN FAMILY HEALTH CENTER,40.354262,-79.836574,far_side,22.73180567084118,shp-56-03
21499,FIFTH AVE + LATTERMAN FAMILY HEALTH CENTER,40.354011,-79.836587,near_side,42.661362155490174,shp-56-52
215,SANDUSKY ST + STOCKTON AVE,40.450321,-80.002776,near_side,23.01392590945782,shp-16-51
21504,WALNUT ST + 1ST EVANGELICAL FREE CHURCH,40.344785,-79.826489,mid_block,NaN,shp-56-52
21505,BROADWAY AVE + RED LOT NS (CROSSWALK),40.34584,-79.827375,mid_block,NaN,shp-56-52
21509,UNIVERSAL RD + WEBSTER DR FS,40.4638,-79.818213,mid_block,NaN,shp-P16-95
21510,UNIVERSAL RD + WEBSTER DR,40.462171,-79.81472,mid_block,NaN,shp-P16-95
2152,LIBERTY AVE + 39TH,40.462568,-79.959154,mid_block,NaN,shp-86-02
21521,VILLAGE DR + GROVETON DR,40.504379,-80.140442,mid_block,NaN,shp-20-05
21524,CORAOPOLIS RD + #285,40.502029,-80.120723,mid_block,NaN,shp-20-57
21528,CHURCHVIEW GARDEN APARTMENTS,40.386074,-79.93805,mid_block,NaN,shp-44-01
21529,CHURCHVIEW GARDEN APTS DRVWY + CHURCHVIEW AVE,40.385643,-79.940525,mid_block,NaN,shp-44-01
21530,CHURCHVIEW AVE + REVO DR,40.386149,-79.942889,mid_block,NaN,shp-44-01
21531,CHURCHVIEW AVE + CATHELL RD,40.384672,-79.949494,mid_block,NaN,shp-44-01
21532,CHURCHVIEW AVE + GREENGLEN DR,40.384047,-79.952816,mid_block,NaN,shp-44-01
21533,CHURCHVIEW AVE + JOHN ROMANUS DR,40.383515,-79.955537,mid_block,NaN,shp-44-01
21534,CHURCHVIEW AVE + CASTLEVIEW DR,40.385025,-79.959127,mid_block,NaN,shp-44-01
21536,CHURCHVIEW AVE + GLASS RUN RD FS,40.385857,-79.967832,mid_block,NaN,shp-44-01
21539,CHURCHVIEW AVE + WAIDLER AVE,40.384855,-79.974002,mid_block,NaN,shp-44-01
21542,SPENCER AVE + STEINER ST,40.389273,-79.976197,mid_block,NaN,shp-44-01
21543,SPENCER AVE + WATERMAN AVE FS,40.391474,-79.976357,mid_block,NaN,shp-44-01
21544,SPENCER AVE + CUSTER AVE,40.392975,-79.976306,mid_block,NaN,shp-44-01
21545,CUSTER AVE + ST WENDELIN CHURCH,40.393345,-79.974345,mid_block,NaN,shp-44-01
21546,CUSTER AVE + MARY ST,40.393603,-79.97275,mid_block,NaN,shp-44-01
21547,CUSTER AVE + JOSEPH ST,40.394506,-79.970163,mid_block,NaN,shp-44-01
21548,CUSTER AVE + EDWARD DR,40.395549,-79.968369,mid_block,NaN,shp-44-01
21549,CLOVERFIELD DR + EDWARD DR FS,40.394942,-79.966224,mid_block,NaN,shp-44-01
21550,CLOVERFIELD DR + SANDA DR,40.397312,-79.966058,mid_block,NaN,shp-44-01
21552,AGNEW RD + ACADEMY CHARTER SCHOOL DRVWY,40.399378,-79.967591,mid_block,NaN,shp-44-01
21553,AGNEW RD + LAFFERTY DR,40.398187,-79.969302,mid_block,NaN,shp-44-01
21554,AGNEW RD + JOSEPH ST,40.396331,-79.971483,mid_block,NaN,shp-44-01
21555,AGNEW RD + PENN ST FS,40.396494,-79.974291,mid_block,NaN,shp-44-01
21556,AGNEW RD + BECKS RUN RD,40.396992,-79.97855,near_side,13.193416094144753,shp-44-01
21557,AGNEW RD + BECKS RUN RD FS,40.39695,-79.978243,far_side,47.38097507971281,shp-44-51
21558,AGNEW RD + ALAN ST,40.39642,-79.973911,mid_block,NaN,shp-44-51
21559,AGNEW RD + JOSEPH ST FS,40.396297,-79.971179,mid_block,NaN,shp-44-51
2156,LIBERTY AVE + LIGONIER (HERRON),40.461666,-79.966822,near_side,31.527537778520635,shp-86-02
21560,AGNEW RD + LAFFERTY DR,40.397905,-79.969258,mid_block,NaN,shp-44-51
21561,AGNEW RD + ACADEMY CHARTER SCHOOL DRVWY,40.399361,-79.967839,mid_block,NaN,shp-44-51
21562,AGNEW RD + CLOVERFIELD DR,40.398782,-79.964679,mid_block,NaN,shp-44-51
21563,CLOVERFIELD DR + SANDRA DR,40.397482,-79.966032,mid_block,NaN,shp-44-51
21564,CLOVERFIELD DR + EDWARD DR,40.394864,-79.96638,mid_block,NaN,shp-44-51
21565,EDWARD DR + CUSTER AVE,40.39565,-79.968252,mid_block,NaN,shp-44-51
21566,CUSTER AVE + BICKAR ST,40.394198,-79.97104,mid_block,NaN,shp-44-51
21568,CUSTER AVE + ST WENDELIN CHURCH,40.393354,-79.974616,mid_block,NaN,shp-44-51
21569,CUSTER AVE + SPENCER AVE,40.393085,-79.976218,mid_block,NaN,shp-44-51
2157,LIBERTY AVE + 32ND ST,40.4604,-79.969093,mid_block,NaN,shp-86-02
21570,SPENCER AVE + MAKARY WAY,40.391876,-79.976398,mid_block,NaN,shp-44-51
21571,SPENCER AVE + ALMORA ST,40.390026,-79.976292,mid_block,NaN,shp-44-51
21572,SPENCER AVE + BEAU ST,40.387752,-79.976442,mid_block,NaN,shp-44-51
21573,CHURCHVIEW AVE + SANKEY AVE,40.385389,-79.976615,mid_block,NaN,shp-44-51
21574,CHURCHVIEW AVE + WAIDLER AVE FS,40.38489,-79.973664,mid_block,NaN,shp-44-51
21575,CHURCHVIEW AVE + WILLET RD,40.385616,-79.971512,mid_block,NaN,shp-44-51
21576,CHURCHVIEW AVE + ANDRADE ST,40.385774,-79.969459,mid_block,NaN,shp-44-51
21577,CHURCHVIEW AVE + MELLOT RD NS,40.385803,-79.967536,mid_block,NaN,shp-44-51
21578,CHURCHVIEW AVE + VILLAGE DR,40.386018,-79.962275,mid_block,NaN,shp-44-51
21579,CHURCHVIEW AVE + CASTLEVIEW DR,40.385015,-79.959244,mid_block,NaN,shp-44-51
2158,LIBERTY AVE + 31ST ST,40.459341,-79.970625,near_side,13.051006018131472,shp-86-02
21580,CHURCHVIEW AVE + JOHN ROMANUS DR FS,40.383455,-79.955418,mid_block,NaN,shp-44-51
21581,CHURCHVIEW AVE + MARY ANN DR FS,40.383975,-79.952995,mid_block,NaN,shp-44-51
21582,CHURCHVIEW AVE + CATHELL RD NS,40.384544,-79.949732,mid_block,NaN,shp-44-51
21583,CHURCHVIEW AVE + REVO DR,40.386102,-79.943032,mid_block,NaN,shp-44-51
21584,CHURCHVIEW AVE + DONAHUE DR NS,40.385568,-79.940671,mid_block,NaN,shp-44-51
21586,CUSTER AVE + MARY ST,40.39368,-79.972645,mid_block,NaN,shp-44-51
21587,CHURCHVIEW AVE + WALTON RD FS,40.385512,-79.961087,mid_block,NaN,shp-44-01
21588,CHURCHVIEW AVE + ANDRADE ST FS,40.385817,-79.969884,mid_block,NaN,shp-44-01
21590,LEBANON CHURCH RD + PLEASANT HILLS BLVD,40.344734,-79.961277,mid_block,NaN,shp-51-58
21592,BEACON ST + MURRAY AVE NS,40.434658,-79.923434,mid_block,NaN,shp-93-02
21596,BEECHWOOD BLVD + #3735,40.427365,-79.928063,mid_block,NaN,shp-53L-51
21603,MAIN ST + E OLIVER RD,40.389568,-79.900964,mid_block,NaN,shp-53-02
21604,LINDSAY RD + #723,40.385688,-80.079343,mid_block,NaN,shp-38-56
21605,BEECHWOOD BLVD + #3986,40.427631,-79.936157,mid_block,NaN,shp-53L-51
21606,CORAOPOLIS RD + #298,40.502288,-80.122448,mid_block,NaN,shp-20-57
2161,LIBERTY AVE + 28TH ST,40.456398,-79.974861,near_side,14.390167226636008,shp-86-02
21610,LONG RUN RD + LOU WASHOWICH WAY,40.322962,-79.8209,near_side,7.47785419578882,shp-P76-31
21611,LONG RUN RD + LOU WASHOWICH WAY,40.323102,-79.820862,near_side,8.732768422460394,shp-P76-65
21614,BRADDOCK AVE + 2ND ST,40.406151,-79.873535,far_side,4.68503812450307,shp-61B-51
21615,HARTMAN ST + ONEIL BLVD,40.347764,-79.832699,near_side,26.610705472345845,shp-56-52
21616,HORNING RD + #5621,40.333033,-79.989037,mid_block,NaN,shp-Y45-01
21618,WORTON BLVD + HOMESTEAD-DUQUESNE,40.364456,-79.869766,near_side,13.400949243461397,shp-52L-52
21619,WORTON BLVD + HOMESTEAD-DUQUESNE FS,40.363909,-79.869942,mid_block,NaN,shp-52L-03
2162,LIBERTY AVE + 26TH ST,40.45448,-79.977677,near_side,16.610913619784043,shp-86-02
21622,SIDNEY ST + CIRCUIT CENTER DRVWY FS,40.425639,-79.962264,mid_block,NaN,shp-75-01
21623,SIDNEY ST + SARAH ST,40.425123,-79.961615,mid_block,NaN,shp-75-01
21624,SARAH ST + E CARSON ST,40.424271,-79.962356,near_side,25.671987408302254,shp-75-55
21625,E CARSON ST + S 28TH ST,40.426238,-79.965605,near_side,15.793016695680102,shp-75-55
21629,YOST BLVD + BRINTON RD FS,40.412324,-79.856389,mid_block,NaN,shp-61B-02
21632,CORAOPOLIS RD+ # 338,40.502995,-80.126871,mid_block,NaN,shp-20-05
21634,LOWES DR+FOX PLAN RD,40.437984,-79.761582,mid_block,NaN,shp-67-52
21635,BALDRIDGE AVE + MIDDLE ST,40.404795,-79.862436,mid_block,NaN,shp-61A-02
21639,VERONA ST + MAPLEVIEW DR,40.400314,-79.863064,mid_block,NaN,shp-61A-02
21640,VERONA ST + BELL AVE,40.401959,-79.861007,mid_block,NaN,shp-61A-02
21641,HAWKINS AVE + #504,40.40822,-79.865525,mid_block,NaN,shp-61A-52
21642,HAWKINS AVE + #552,40.406967,-79.863914,mid_block,NaN,shp-61A-52
21644,VERONA ST + MAPLEVIEW DR,40.40045,-79.86298,mid_block,NaN,shp-61A-52
21645,BRADDOCK AVE + 9TH ST,40.400092,-79.864135,mid_block,NaN,shp-61A-52
21647,HORNING RD + #5621,40.333017,-79.98913,mid_block,NaN,shp-Y45-51
21653,4TH AVE + HAWKINS AVE,40.409263,-79.866848,mid_block,NaN,shp-59-01
21655,CHALFONT ST + CURTIN AVE,40.416733,-79.99868,mid_block,NaN,shp-44-02
21656,CHALFONT ST + ESTELLA AVE,40.416701,-80.000242,mid_block,NaN,shp-44-02
21659,GEARING AVE + SYLVANIA AVE,40.417263,-80.004878,mid_block,NaN,shp-44-02
21661,MOUNTAIN AVE + SCHULER ST,40.409609,-79.977359,mid_block,NaN,shp-44-01
21662,MOUNTAIN AVE + FISHER ST,40.411429,-79.977221,mid_block,NaN,shp-44-01
21663,ST JOSEPH ST + ORMSBY ST,40.412663,-79.977303,mid_block,NaN,shp-44-02
21665,ST JOSEPH ST + RATON ST,40.413539,-79.980599,mid_block,NaN,shp-44-02
21666,ST JOSEPH ST + OTTILLIA ST,40.413507,-79.981714,mid_block,NaN,shp-44-02
21667,ST JOSEPH ST + #184,40.413437,-79.983675,mid_block,NaN,shp-44-02
21668,ST JOSEPH ST + #144,40.413387,-79.985348,mid_block,NaN,shp-44-02
21673,CHARLES ST + GEORGIA AVE,40.416498,-79.994911,mid_block,NaN,shp-44-02
21674,CHARLES ST + BELTZHOOVER AVE,40.416464,-79.996602,mid_block,NaN,shp-44-02
21678,CLIMAX ST + CURTIN AVE,40.419949,-79.998986,mid_block,NaN,shp-44-02
21680,FREEPORT RD + #2366,40.530595,-79.849301,mid_block,NaN,shp-1-52
21681,FREEPORT RD + HULTON BRIDGE FS,40.52975,-79.84967,mid_block,NaN,shp-1-01
21685,CLIMAX ST + ESTELLA AVE,40.41999,-80.000383,mid_block,NaN,shp-44-52
21686,CLIMAX ST + HABERMAN AVE,40.419956,-80.002324,mid_block,NaN,shp-44-52
21687,CLIMAX ST + GEARING AVE,40.419154,-80.005545,mid_block,NaN,shp-44-52
21689,GEARING AVE + SYLVANIA AVE,40.417422,-80.005029,mid_block,NaN,shp-44-52
2169,LIBERTY AVE + 12TH ST,40.445309,-79.99173,mid_block,NaN,shp-86-02
21691,CHALFONT ST + DELMONT AVE,40.416567,-80.004018,mid_block,NaN,shp-44-52
21694,CHALFONT ST + CURTIN AVE FS,40.416668,-79.998687,mid_block,NaN,shp-44-52
21696,CHARLES ST + GEORGIA AVE,40.416442,-79.995236,mid_block,NaN,shp-44-52
21697,CHARLES ST + GRIMES AVE,40.416501,-79.993203,mid_block,NaN,shp-44-52
217,CEDAR AVE + NORTH AVE (AGH),40.456112,-80.002532,near_side,17.613895235868075,shp-12-51
21702,PENN AVE + SCHOOL WAY FS,40.413937,-79.987155,mid_block,NaN,shp-44-52
21703,PENN AVE + #197,40.414052,-79.98338,mid_block,NaN,shp-44-52
21705,OTTILLA ST + ST JOSEPH ST,40.413523,-79.981787,mid_block,NaN,shp-44-52
21706,ST JOSEPH ST + RATON ST,40.41348,-79.980558,mid_block,NaN,shp-44-52
21707,ST JOSEPH ST + COMO ST (STEPS),40.413481,-79.97922,mid_block,NaN,shp-44-52
21708,ST JOSEPH ST + ORMSBY ST,40.412694,-79.977435,mid_block,NaN,shp-44-52
2171,LIBERTY AVE + 11TH ST FS (AMTRAK),40.444645,-79.992714,mid_block,NaN,shp-86-51
21711,WOOD ST + FORBES AVE AND FIFTH AVE,40.440292,-80.00064,far_side,30.56732269851083,shp-82-01
21712,BOWER HILL RD + #809,40.360208,-80.1015,mid_block,NaN,shp-41-51
21713,LAKETON RD + GRAHAM BLVD NS,40.455756,-79.857848,mid_block,NaN,shp-P78-15
21717,ROBINSON CENTER DR + # 6000 (OLIVE GARDEN),40.450753,-80.161663,mid_block,NaN,shp-24-54
21718,CENTRE AVE + ROBERTS ST,40.442119,-79.98333,mid_block,NaN,shp-82-52
2172,LIBERTY AVE + 14TH ST,40.446727,-79.989306,mid_block,NaN,shp-86-51
21720,LINCOLN AVE + LYRIC ST,40.463484,-79.903411,mid_block,NaN,shp-82-52
21727,CENTRE AVE + ARTHUR ST,40.442032,-79.983747,mid_block,NaN,shp-82-01
21730,PARK MANOR BLVD + ROBINSON CENTER DR FS,40.451896,-80.161898,mid_block,NaN,shp-24-54
21731,BEECHWOOD BLVD + CROMBIE ST FS,40.430872,-79.915245,mid_block,NaN,shp-65-10
21732,BEECHWOOD BLVD + DOUGLAS ST FS,40.433266,-79.914635,mid_block,NaN,shp-65-10
21733,BEECHWOOD BLVD + PHILLIPS AVE FS,40.432456,-79.915199,far_side,21.247803857821005,shp-65-10
2174,LIBERTY AVE + 17TH ST,40.449107,-79.985387,near_side,5.788479440379811,shp-86-51
21746,OAKWOOD ST + HAMILTON AVE,40.451524,-79.884648,mid_block,NaN,shp-71D-02
21747,OAKWOOD ST + KELLY ST,40.452835,-79.885262,mid_block,NaN,shp-86-02
21749,OAKWOOD ST + FRANKSTOWN AVE,40.455001,-79.885891,mid_block,NaN,shp-86-02
21757,FRANKSTOWN AVE + GERRITT ST,40.458652,-79.902018,mid_block,NaN,shp-86-02
2177,LIBERTY AVE + 26TH ST,40.45415,-79.977968,near_side,32.57241461690577,shp-86-51
2178,LIBERTY AVE + 27TH ST,40.455219,-79.976433,mid_block,NaN,shp-86-51
21782,LIBERTY AVE + BAUM BLVD,40.456562,-79.939392,near_side,29.369591697587094,shp-86-02
21787,LIBERTY AVE + MILLVALE,40.459969,-79.945756,near_side,23.29121946326911,shp-86-02
21816,LIBERTY AVE + WOOD ST,40.4425,-79.999419,near_side,28.648517229139276,shp-28X-01
2182,LIBERTY AVE + 31ST ST,40.458996,-79.97094,near_side,39.32021901015791,shp-86-51
21822,LIBERTY AVE + 21ST ST FS,40.451336,-79.982078,far_side,47.74723471724085,shp-86-51
21827,LIBERTY AVE + 29TH ST,40.457384,-79.97327,mid_block,NaN,shp-86-51
2183,LIBERTY AVE + 32ND ST NS,40.460087,-79.969376,mid_block,NaN,shp-86-51
2185,LIBERTY AVE + HERRON,40.461448,-79.967266,near_side,24.228244974201935,shp-86-51
21856,PENN AVE + EASTSIDE III DR,40.460154,-79.921487,far_side,32.93328402856244,shp-71C-N4
21859,EAST LIBERTY BLVD + DAHLEM PL,40.45804,-79.916695,near_side,41.406769521022746,shp-82-52
21879,OAKWOOD ST + BENNETT ST,40.454318,-79.885782,near_side,35.98012740901665,shp-86-51
2188,LIBERTY AVE + 39TH ST,40.462457,-79.959236,mid_block,NaN,shp-86-51
21881,OAKWOOD ST + HAMILTON AVE,40.451885,-79.884835,mid_block,NaN,shp-86-51
21892,CENTRE AVE + HILL HOUSE,40.443102,-79.981222,mid_block,NaN,shp-82-01
219,NORTH AVE + MIDDLE ST,40.456629,-80.000195,near_side,16.04862647074623,shp-12-51
21905,FRIENDSHIP AVE + WINEBIDDLE ST,40.462311,-79.943332,mid_block,NaN,shp-87-51
21906,FRIENDSHIP AVE + EVALINE ST,40.462191,-79.941738,mid_block,NaN,shp-87-51
21907,FRIENDSHIP AVE + PACIFIC AVE,40.462092,-79.940489,mid_block,NaN,shp-87-51
21908,FRIENDSHIP AVE + ATLANTIC AVE,40.461986,-79.939095,near_side,15.396968563423238,shp-87-51
21909,FRIENDSHIP AVE + AIKEN AVE,40.461878,-79.937768,near_side,16.20205141751442,shp-87-51
2191,BANK ST + WALNUT,40.537697,-80.185501,mid_block,NaN,shp-21-60
21910,FRIENDSHIP AVE + GRAHAM ST,40.461752,-79.936473,mid_block,NaN,shp-87-51
21911,FRIENDSHIP AVE + FAIRMOUNT ST,40.461308,-79.934272,mid_block,NaN,shp-87-51
21912,FRIENDSHIP AVE + NEGLEY AVE,40.460724,-79.932623,near_side,24.923854416090652,shp-87-51
2192,SEWICKLEY BRIDGE RAMP + KRAMER,40.535955,-80.184884,mid_block,NaN,shp-21-06
2193,HWY RT 51 + VALLEY AMBULANCE,40.527403,-80.185185,far_side,11.256923670990512,shp-21-06
21938,BUTLER ST + BAKER ST FS,40.48802,-79.920619,mid_block,NaN,shp-87-52
21941,BUTLER ST + LIVONIA,40.4889,-79.935943,mid_block,NaN,shp-87-52
21948,STANTON AVE + MORNINGSIDE AVE,40.475398,-79.931925,mid_block,NaN,shp-87-51
21949,STANTON AVE + DEMARILLAC HOME,40.476833,-79.932448,mid_block,NaN,shp-87-51
21951,STANTON AVE + STANTON CT EAST,40.480634,-79.934784,far_side,4.620638291227108,shp-87-51
21953,STANTON AVE + MCCABE ST,40.481379,-79.937685,mid_block,NaN,shp-87-51
21954,STANTON AVE + WOODBINE ST FS,40.481749,-79.93921,mid_block,NaN,shp-87-51
21955,STANTON AVE + MCCANDLESS AVE FS,40.481881,-79.940804,mid_block,NaN,shp-87-51
21956,STANTON AVE + #4343,40.480476,-79.942519,mid_block,NaN,shp-87-51
21957,STANTON AVE + UPVIEW TERRACE,40.479322,-79.943754,mid_block,NaN,shp-87-51
21959,STANTON AVE + STEPS,40.477831,-79.947615,mid_block,NaN,shp-87-51
21960,STANTON AVE + MCCANDLESS AVE,40.478243,-79.949017,mid_block,NaN,shp-87-51
21961,STANTON AVE + 52ND ST,40.477688,-79.950298,mid_block,NaN,shp-87-51
21962,STANTON AVE + DUNCAN ST,40.477611,-79.951867,mid_block,NaN,shp-87-51
21963,STANTON AVE + HOLMES ST,40.477614,-79.952681,mid_block,NaN,shp-87-51
21964,STANTON AVE + KEYSTONE ST,40.477339,-79.953916,mid_block,NaN,shp-87-51
21966,STANTON AVE + BUTLER ST,40.478275,-79.955448,near_side,26.104492527934973,shp-87-51
2197,5TH AVE + LOCUST NS,40.520447,-80.172012,near_side,19.990573961354606,shp-21-06
21982,PENN AVE + FRIENDSHIP,40.4661,-79.952368,near_side,18.80332873999603,shp-88-51
21983,PENN AVE + PEARL ST,40.465679,-79.948183,mid_block,NaN,shp-88-51
21984,PENN AVE + MATHILDA ST,40.465453,-79.946577,near_side,15.993352574448036,shp-88-51
21985,PENN AVE + MILLVALE AVE,40.465297,-79.945355,near_side,13.346409166377885,shp-88-51
21986,PENN AVE + WINEBIDDLE ST,40.464971,-79.942994,mid_block,NaN,shp-88-51
21987,PENN AVE + EVALINE ST,40.464751,-79.941276,near_side,16.38778996433847,shp-88-51
21988,PENN AVE + ATLANTIC AVE,40.464524,-79.938759,near_side,19.181999456016122,shp-88-51
21989,PENN AVE + AIKEN AVE,40.464632,-79.936695,near_side,30.12069069331055,shp-88-51
2199,5TH AVE + MAIN,40.518416,-80.166898,near_side,11.431929881743597,shp-21-06
21991,PENN AVE + FAIRMOUNT ST,40.464121,-79.932645,mid_block,NaN,shp-88-51
21992,PENN AVE + NEGLEY,40.4635,-79.930909,near_side,24.190665891270488,shp-88-51
220,MADISON AVE + CONCORD ST,40.457861,-79.99799,mid_block,NaN,shp-12-51
22001,EAST HILLS DR + #2220,40.45469,-79.872012,mid_block,NaN,shp-79-03
22003,EAST HILLS DR + PARK HILL DR,40.452644,-79.873644,mid_block,NaN,shp-79-03
22004,PARK HILL DR + #2102,40.453,-79.874264,mid_block,NaN,shp-79-03
22005,PARK HILL DR + WHITE PINE PL,40.454482,-79.87411,mid_block,NaN,shp-79-03
22006,PARK HILL DR + #2350,40.455514,-79.874152,mid_block,NaN,shp-79-03
22008,EAST HILLS DR + #2303,40.456141,-79.871015,mid_block,NaN,shp-79-03
22009,EAST HILLS DR + WILNER DR,40.455206,-79.871112,mid_block,NaN,shp-79-03
2201,5TH AVE + BROADWAY,40.516337,-80.161397,near_side,17.41190349678223,shp-21-06
22011,ROBINSON BLVD + WILK PENN JOINT WATER AUTH,40.457561,-79.864426,mid_block,NaN,shp-79-03
22012,ROBINSON BLVD + #2600 (OPP E GATE),40.459355,-79.865886,mid_block,NaN,shp-79-03
22013,ROBINSON BLVD + FRANKSTOWN RD,40.460958,-79.866291,near_side,15.65471514048446,shp-79-03
22020,PENN AVE + FAIRMOUNT ST,40.464147,-79.932353,mid_block,NaN,shp-88-07
22025,PENN AVE + WINEBIDDLE ST,40.464995,-79.942717,mid_block,NaN,shp-88-07
22026,PENN AVE + MILLVALE AVE,40.465322,-79.945117,near_side,13.29757356221891,shp-88-07
22027,PENN AVE + MATHILDA ST,40.465497,-79.946348,near_side,10.010441329247481,shp-88-07
22028,PENN AVE + PEARL ST,40.465712,-79.94785,mid_block,NaN,shp-88-07
22029,PENN AVE + 45TH ST,40.466226,-79.951797,near_side,46.669773221040856,shp-88-07
2203,5TH AVE + OFFICE BLDG,40.51491,-80.157599,mid_block,NaN,shp-21-06
2205,FERREE ST + 4TH,40.514327,-80.153265,near_side,13.561028717548213,shp-21-06
2206,GRAND AVE + VON STEIN,40.51724,-80.148792,mid_block,NaN,shp-21-06
22064,NEGLEY AVE + RURAL ST,40.465996,-79.929244,near_side,45.22224801150089,shp-71A-02
22068,FRIENDSHIP AVE + STRATFORD AVE,40.460995,-79.933182,mid_block,NaN,shp-87-05
22070,FRIENDSHIP AVE + GRAHAM ST,40.461789,-79.936196,mid_block,NaN,shp-87-05
22071,FRIENDSHIP AVE + AIKEN AVE,40.461929,-79.937472,near_side,17.23616849071945,shp-87-05
22072,FRIENDSHIP AVE + ATLANTIC AVE,40.462029,-79.938846,near_side,12.740961839446443,shp-87-05
22073,FRIENDSHIP AVE + PACIFIC AVE,40.462144,-79.940285,mid_block,NaN,shp-87-05
22074,FRIENDSHIP AVE + EVALINE ST,40.462238,-79.941508,mid_block,NaN,shp-87-05
22075,FRIENDSHIP AVE + WINEBIDDLE ST,40.462365,-79.943113,mid_block,NaN,shp-87-05
22076,FRIENDSHIP AVE + GROSS ST,40.462476,-79.944382,near_side,12.312701568846851,shp-87-05
2208,GRAND AVE + MAPLE LANE,40.516422,-80.14644,mid_block,NaN,shp-21-06
2209,GRAND AVE + COTTAGE,40.51572,-80.144195,mid_block,NaN,shp-21-06
22095,STANTON AVE + KEYSTONE ST,40.477258,-79.954033,mid_block,NaN,shp-87-05
22096,STANTON AVE + HOLMES ST,40.477515,-79.952756,mid_block,NaN,shp-87-05
22097,STANTON AVE + DUNCAN ST,40.47752,-79.951852,mid_block,NaN,shp-87-05
22099,STANTON AVE + MCCANDLESS AVE,40.478119,-79.949245,mid_block,NaN,shp-87-05
221,EAST ST + LAREDA ST,40.462256,-79.998861,mid_block,NaN,shp-12-51
2210,GRAND AVE + GIBSON,40.515178,-80.142507,near_side,8.94226014339936,shp-21-06
22102,STANTON AVE + WOODBINE ST FS,40.4794,-79.943555,mid_block,NaN,shp-87-05
22106,STANTON AVE + HAWTHORNE ST,40.481208,-79.937323,mid_block,NaN,shp-87-05
22108,STANTON AVE + ORANMORE ST,40.480587,-79.93494,far_side,5.866637930875447,shp-87-05
2211,GRAND AVE + PINE,40.514516,-80.140627,mid_block,NaN,shp-21-06
22110,STANTON AVE + DEMARILLAC HOME,40.476909,-79.932571,mid_block,NaN,shp-87-05
22111,STANTON AVE + MORNINGSIDE AVE,40.47538,-79.932034,mid_block,NaN,shp-87-05
22112,STANTON AVE + JANCEY ST,40.47421,-79.931627,mid_block,NaN,shp-87-05
22117,BUTLER ST + #5770 (CAR WASH),40.485845,-79.944298,mid_block,NaN,shp-91-52
22118,BUTLER ST + #6012,40.48638,-79.942801,mid_block,NaN,shp-91-52
22121,BUTLER ST + #6130,40.487981,-79.938272,mid_block,NaN,shp-91-52
22122,BUTLER ST + LIVONIA,40.488803,-79.935948,mid_block,NaN,shp-87-04
22126,BUTLER ST + PENN AVE,40.462924,-79.967123,near_side,31.40826677874907,shp-91-03
22127,BUTLER ST + 35TH ST,40.464571,-79.965955,mid_block,NaN,shp-91-03
22128,BUTLER ST + 36TH ST,40.465479,-79.96531,mid_block,NaN,shp-91-03
22129,BUTLER ST + 37TH ST,40.466351,-79.964695,near_side,11.746322668362508,shp-91-03
22130,BUTLER ST + 38TH ST,40.466967,-79.964263,mid_block,NaN,shp-91-03
2214,GRAND AVE + PERSHING,40.511989,-80.131655,mid_block,NaN,shp-21-06
2215,GRAND AVE + 4TH,40.510891,-80.1278,mid_block,NaN,shp-21-06
2216,GRAND AVE + 2ND,40.510366,-80.125975,mid_block,NaN,shp-21-06
22169,FREEPORT RD + WESTERN AVE,40.490701,-79.90745,near_side,12.172917078766417,shp-91-03
22177,WATERWORKS MALL + #877,40.488088,-79.889647,mid_block,NaN,shp-91-03
2218,GRAND AVE + CALGON CARBON,40.508991,-80.11905,mid_block,NaN,shp-21-06
22183,DELAFIELD RD + FOX CHAPEL RD,40.499128,-79.883898,near_side,33.76676186081346,shp-91-03
22184,FOX CHAPEL RD + #325 (OHARA MUNICIPAL BUILDING),40.495564,-79.882158,mid_block,NaN,shp-91-03
22185,FOX CHAPEL RD + N MARGERY DR,40.491845,-79.88167,near_side,16.006097337705615,shp-91-03
22186,FOX CHAPEL RD + S MARGERY DR,40.489905,-79.882762,mid_block,NaN,shp-91-03
2219,GRAND AVE + PITTSBURGH RECYCLING CENTER,40.508686,-80.116943,mid_block,NaN,shp-21-06
22191,FREEPORT RD + #1372,40.489773,-79.872514,mid_block,NaN,shp-75-01
22198,GAMMA DR + ZOLL DRIVEWAY,40.498724,-79.868205,mid_block,NaN,shp-91-04
222,EAST ST + ROYAL ST,40.465814,-79.999642,mid_block,NaN,shp-12-51
2220,GRAND AVE + ARMY CORP ENGINEERING,40.508108,-80.113395,mid_block,NaN,shp-21-06
22200,ALPHA DR + PRINT TECH DRVWY,40.493518,-79.869737,mid_block,NaN,shp-91-04
22204,BUTLER ST + 36TH ST,40.465433,-79.965183,mid_block,NaN,shp-91-52
22206,BUTLER ST + 38TH ST,40.466735,-79.964298,mid_block,NaN,shp-91-52
22208,BUTLER ST + 40TH ST NS,40.468342,-79.962688,mid_block,NaN,shp-91-52
2221,GRAND AVE + TRIAD METALS,40.507935,-80.112392,mid_block,NaN,shp-21-06
22217,MAIN ST + 62ND ST BRIDGE FS,40.495537,-79.938847,mid_block,NaN,shp-91-52
2222,GRAND AVE + NEVILLE RECYCLING,40.507024,-80.108999,mid_block,NaN,shp-21-06
22240,WATERWORKS MALL + MARSHALLS,40.488773,-79.891997,mid_block,NaN,shp-91-52
22246,OLD FREEPORT RD + #1380,40.488752,-79.872743,mid_block,NaN,shp-75-55
22250,BETA DR + ALPHA DR FS,40.495895,-79.867345,mid_block,NaN,shp-91-53
22251,BETA DR + EMERSON PROCESS MGMT,40.499177,-79.8633,mid_block,NaN,shp-91-53
22252,GAMMA DR + COMFORT INN DRVWY,40.500996,-79.860983,mid_block,NaN,shp-91-04
22254,FRANKSTOWN AVE + LAWNDALE ST,40.455226,-79.88172,mid_block,NaN,shp-77-08
22259,JUGHANDLE + IVYGLEN FS,40.382402,-79.995621,near_side,21.423203565900124,shp-Y46-01
2226,GRAND AVE + NEVILLE NS,40.502892,-80.101837,mid_block,NaN,shp-21-06
22262,ELECTRIC AVE + #1208,40.407166,-79.841556,mid_block,NaN,shp-69-61
22264,GRAND AVE + FRONTIER STEEL,40.509504,-80.12227,mid_block,NaN,shp-21-60
22265,GRAND AVE + #4700,40.509425,-80.12226,mid_block,NaN,shp-21-06
22266,CALIFORNIA AVE + DAVIS AVE,40.480164,-80.041184,near_side,16.492470325942655,shp-13-02
2228,NEVILLE RD + GULF OIL ENTRANCE,40.497685,-80.091728,near_side,26.103495612908024,shp-21-06
22280,BROADWAY AVE AT SHIRAS,40.404084,-80.030283,mid_block,NaN,shp-RED-51
22287,LIBERTY AVE + TITO WAY,40.442792,-79.99861,near_side,38.40822322889425,shp-28X-51
22296,LIBERTY AVE + MARKET ST,40.441802,-80.002082,near_side,34.2923170740524,shp-77-58
22298,SEVENTH AVE + WILLIAM PENN PL,40.442563,-79.996139,near_side,39.36083942840823,shp-82-52
2230,ISLAND AVE + GLENN,40.488934,-80.079483,mid_block,NaN,shp-21-06
22301,HWY RT 51 + STEWART AVE,40.37865,-79.992751,ambiguous,2.394932798640686,shp-Y46-01
22302,BROWNSVILLE RD + MARYAL DR,40.352002,-79.988763,mid_block,NaN,shp-Y47-52
22303,BROWNSVILLE RD + THURNER DR,40.352195,-79.988947,mid_block,NaN,shp-Y47-01
22304,PITTSBURGH ST + BLOCKDALE ST,40.540794,-79.807179,mid_block,NaN,shp-1-01
22306,BOGGS AVE + MINSINGER ST,40.418525,-80.012126,mid_block,NaN,shp-43-03
22307,BOGGS AVE + MINSINGER ST,40.418614,-80.012159,mid_block,NaN,shp-43-51
2231,ISLAND AVE + #1470,40.486778,-80.076325,mid_block,NaN,shp-21-06
22311,PARKLINE DR + RADFORD RD,40.364979,-79.966986,mid_block,NaN,shp-Y49-01
22313,31ST ST BRIDGE RAMP + 31ST ST BRIDGE,40.464615,-79.979735,near_side,13.76631928538374,shp-1-01
22316,LEWIS AVE + #1236,40.505208,-80.142415,mid_block,NaN,shp-20-57
2232,ISLAND AVE + FLEMING,40.485215,-80.073914,mid_block,NaN,shp-21-06
22320,BLAZIER DR + TARGET ENTRANCE DRIVE,40.586163,-80.041105,mid_block,NaN,shp-12-51
22322,MONROEVILLE TRESTLE RD + SALTSBURG RD,40.476299,-79.760091,mid_block,NaN,shp-77-09
22325,SALTSBURG RD + MILLERS LN,40.475205,-79.773019,mid_block,NaN,shp-77-09
22326,ALPHA DR + FREEPORT RD (HARMAR),40.539182,-79.830682,mid_block,NaN,shp-P78-61
22332,BEULAH RD + LONG RD,40.450651,-79.843744,mid_block,NaN,shp-P16-94
22337,4TH AVE + CHESTNUT ST,40.516657,-80.158959,mid_block,NaN,shp-21-60
2235,ISLAND AVE + #1308,40.481851,-80.069605,mid_block,NaN,shp-21-06
22357,BAKERSTOWN RD + BP ENTRANCE FS,40.667422,-79.711875,mid_block,NaN,shp-P10-01
22358,BAKERSTOWN RD + #1 COCHRAN DRVWY,40.667062,-79.706791,mid_block,NaN,shp-P10-01
22359,FREEPORT RD + ALTERMOOR DR,40.656057,-79.7075,mid_block,NaN,shp-P10-01
22361,BAKERSTOWN RD + #1 COCHRAN DRVWY FS,40.66703,-79.706479,mid_block,NaN,shp-P10-51
22362,BAKERSTOWN RD + SILVERVILLE RD,40.667597,-79.712515,mid_block,NaN,shp-P10-51
22368,ALPHA DR AT HARMAR PARK AND RIDE,40.540591,-79.833954,mid_block,NaN,shp-P10-01
2237,ISLAND AVE + #1179,40.479477,-80.067741,mid_block,NaN,shp-21-06
22375,ALLEQUIPPA ST + CENTRE AVE,40.448158,-79.958862,near_side,28.361419597622888,shp-83-01
2238,ISLAND AVE + TUNNEL WAY,40.477246,-80.066341,near_side,17.315299091481897,shp-21-06
2239,ISLAND AVE + ADRIAN,40.474514,-80.064317,mid_block,NaN,shp-22-01
22395,SEAVEY RD + ELBE DR FS,40.491343,-79.969569,mid_block,NaN,shp-2-52
22397,W CARSON ST + CORLISS TUNNEL,40.453027,-80.039574,near_side,27.01536411037244,shp-24-04
22398,CLEVER RD + REGINA DR FS,40.466034,-80.136034,mid_block,NaN,shp-24-54
224,EAST ST + SUFFOLK ST NS,40.468904,-80.001347,mid_block,NaN,shp-12-51
2240,ISLAND AVE + MCKEES ROCKS BRIDGE,40.473317,-80.062404,far_side,26.004361530974933,shp-21-06
22400,W CARSON ST + TABOR,40.462823,-80.05203,near_side,17.936806134439653,shp-24-04
22401,W CARSON ST + SAGINAW,40.461062,-80.049715,mid_block,NaN,shp-24-04
22402,W CARSON ST + EARL,40.460217,-80.048287,mid_block,NaN,shp-24-04
22404,W CARSON + BUSWAY RAMP FS,40.451017,-80.037035,far_side,27.263947521375442,shp-24-54
2241,ISLAND AVE + CUTLER,40.471641,-80.061253,far_side,27.67057842455698,shp-21-06
22419,HERBST RD + AGNES,40.486335,-80.113749,mid_block,NaN,shp-20-57
2242,ISLAND AVE + BRADLEY,40.470415,-80.060455,mid_block,NaN,shp-21-06
22422,MT CARMEL RD + GEISLER WAY,40.468155,-79.884475,mid_block,NaN,shp-79-52
22423,CHASKE ST + #8038,40.476024,-79.870897,mid_block,NaN,shp-79-03
22429,MATHIAS ST + MANOR CARE DRIVEWAY,40.468348,-79.994917,mid_block,NaN,shp-6-51
22430,LARGE PARK-AND-RIDE OUTBOUND PLATFORM,40.293143,-79.910912,mid_block,NaN,shp-Y46-51
22432,MCKNIGHT RD + #7905 (MAD MEX),40.54971,-80.019092,mid_block,NaN,shp-O12-02
22434,PARK AVE + MONTIER ST,40.444655,-79.874594,mid_block,NaN,shp-79-03
22437,WOODSTOCK AVE + BRADDOCK AVE FS,40.415489,-79.877193,far_side,47.572437566018074,shp-61A-02
2244,ISLAND AVE + BOQUET,40.46665,-80.060497,mid_block,NaN,shp-21-06
22440,PIRL ST + BROWNLEE ST,40.352144,-79.844757,mid_block,NaN,shp-60-16
22441,BROWNLEE ST + #60,40.350698,-79.843137,mid_block,NaN,shp-60-16
22442,BROWNLEE ST + #44,40.349168,-79.841167,mid_block,NaN,shp-60-16
22451,MT TROY + CRONEMEYER AVE FS,40.473726,-79.984462,mid_block,NaN,shp-4-03
22452,BENTLEY DR + #1785,40.440168,-79.976723,mid_block,NaN,shp-81-04
22454,BENTLEY DR + #1784,40.440109,-79.976643,mid_block,NaN,shp-81-51
22455,BENTLEY DR + NIGH WAY,40.440695,-79.978445,mid_block,NaN,shp-81-51
2247,CHARTIERS AVE OPP MCKEES ROCKS PLAZA,40.464104,-80.057642,mid_block,NaN,shp-24-04
2249,STANHOPE ST + W CARSON,40.464189,-80.053738,mid_block,NaN,shp-24-04
225,EAST ST + HAZLETT ST,40.47453,-80.005074,near_side,16.37700326796034,shp-12-51
2255,W CARSON ST + GLENMAWR,40.454433,-80.040944,mid_block,NaN,shp-24-04
2258,W CARSON ST + GATEWAY VIEW PLAZA,40.441694,-80.021743,near_side,19.15268606848074,shp-28X-01
226,EAST ST + MILROY ST,40.476754,-80.006704,near_side,12.252898899756582,shp-12-51
2260,W CARSON ST + DUQUESNE INCLINE,40.439865,-80.017433,mid_block,NaN,shp-28X-01
22613,HOMEVILLE RD OPP DUQUESNE VILLAGE ENTRANCE #2,40.365609,-79.870489,mid_block,NaN,shp-52L-52
22614,HOMEVILLE RD OPP DUQUESNE VILLAGE ENTRANCE #1,40.366678,-79.871328,mid_block,NaN,shp-52L-52
22615,HOMEVILLE RD OPP MUNICIPAL RD,40.373624,-79.873668,mid_block,NaN,shp-52L-52
22616,HOMEVILLE RD AT DUQUESNE VILLAGE ENTRANCE #1,40.366901,-79.871599,mid_block,NaN,shp-52L-03
22617,HOMEVILLE RD AT DUQUESNE VILLAGE ENTRANCE #2,40.365499,-79.870586,mid_block,NaN,shp-52L-03
22618,BROAD ST AT BANK ST FS,40.537069,-80.184008,mid_block,NaN,shp-21-60
22619,BELTZHOOVER AVE AT SYLVANIA AVE,40.417722,-79.997307,mid_block,NaN,shp-54-07
22620,SPRING GARDEN AVE OPP #2200,40.470705,-79.986046,mid_block,NaN,shp-7-51
22621,PEEBLES RD AT DUNCAN AVE NS,40.56717,-80.007044,near_side,26.705974255807934,shp-2-01
22623,28TH ST AT LIBERTY AVE,40.456319,-79.974662,near_side,22.521125512819516,shp-54-01
22624,GRAND AVE OPP #3000 (HOLDEN CORP),40.505272,-80.10482,mid_block,NaN,shp-21-06
22625,CALIFORNIA AVE AT BAINTON ST,40.472822,-80.037781,mid_block,NaN,shp-13-54
22626,BEAVER AVE + N FRANKLIN ST,40.456333,-80.030057,far_side,6.727449923899515,shp-14-07
22628,BAUSMAN ST AT GEORGIA AVE,40.414277,-79.994035,mid_block,NaN,shp-54-53
22629,PRESIDENTIAL DR AT BABCOCK BLVD FS,40.586478,-80.000428,mid_block,NaN,shp-O5-08
22630,SEAVEY RD OPP ELBE DR NS,40.491359,-79.969759,mid_block,NaN,shp-2-01
22631,LARIMER AVE AT AUBURN ST,40.463788,-79.916832,far_side,47.8900981805072,shp-74-51
22632,WASHINGTON AVE OPP DOLLAR TREE,40.398017,-80.083568,mid_block,NaN,shp-31-53
22633,MONTIER ST AT WRIGHT ST NS,40.448579,-79.867972,mid_block,NaN,shp-79-03
22634,GRAND AVE AT HUBERT ST (NEVILLE PARK-AND-RIDE),40.5131,-80.135114,mid_block,NaN,shp-21-60
22635,CALIFORNIA AVE AT CHIDELL ST,40.477328,-80.040305,mid_block,NaN,shp-13-02
22636,CALIFORNIA AVE AT CHIDELL ST,40.477162,-80.040107,mid_block,NaN,shp-13-54
22637,BOWER HILL RD AT BEDNERS FARM MARKET,40.361568,-80.089981,mid_block,NaN,shp-41-01
22639,EAST HILLS DR AT CALISTOGA PL FS,40.452963,-79.873486,mid_block,NaN,shp-79-52
22640,BROAD ST AT ST JAMES CHURCH,40.537608,-80.183588,mid_block,NaN,shp-21-60
22641,WORTHINGTON AVE AT 8TH ST,40.292385,-79.890209,mid_block,NaN,shp-Y46-52
22642,WEST LIBERTY AVE OPP BROOKSIDE AVE,40.410348,-80.015592,near_side,11.970813682153942,shp-41-01
22643,VILLAGE DR AT WASHINGTON RD FS,40.342759,-80.059774,mid_block,NaN,shp-36-51
22644,WASHINGTON RD AT CONSOL DR FS,40.345859,-80.057481,far_side,32.470809419227024,shp-36-51
22646,BRADDOCK AVE AT GUTHRIE ST,40.438142,-79.896932,mid_block,NaN,shp-61B-02
22647,GRAND AVE AT #3000 (HOLDEN CORP),40.50537,-80.104811,mid_block,NaN,shp-21-60
22648,PENN AVE AT 34TH ST NS,40.462407,-79.967451,near_side,38.347505455956245,shp-88-51
22649,BAUSMAN ST + KNOX AVE FS,40.414356,-79.990064,mid_block,NaN,shp-54-07
22651,PINE HOLLOW RD AT KENMAWR PLAZA DRVWY,40.475432,-80.097575,near_side,24.649259590913086,shp-20-05
22652,STEUBEN ST AT RICHMOND ST,40.438656,-80.070992,mid_block,NaN,shp-29-53
22655,CHALFONT ST OPP HABERMAN AVE,40.416649,-80.002327,mid_block,NaN,shp-44-02
22656,CHURCH ST AT BRADDOCK AVE NS,40.422936,-79.887711,mid_block,NaN,shp-59-51
22657,DUQUESNE BLVD AT WHITFIELD AVE,40.371173,-79.843506,mid_block,NaN,shp-61C-51
22659,GREENFIELD AVE AT IRVINE ST,40.424879,-79.951856,near_side,13.954324996027268,shp-58-51
22662,MAPLE DR AT HOLLYWOOD DR,40.364211,-79.96445,mid_block,NaN,shp-Y49-52
22663,OLYMPIA SHOPPING CENTER PARK AND RIDE AT SHELTER,40.322443,-79.834806,mid_block,NaN,shp-60-16
22668,LEBANON CHURCH RD + CLOVERLEAF TOWERS,40.342654,-79.964652,mid_block,NaN,shp-Y47-52
22671,MCINTYRE SQUARE + OLIVE GARDEN,40.552714,-80.01874,mid_block,NaN,shp-12-51
22672,EAST PITTSBURGHMCKEESPORT BLVD + #920,40.381595,-79.828094,mid_block,NaN,shp-55-04
22673,EAST PITTSURGH MCKEESPORT BLVD + #920,40.381631,-79.828263,mid_block,NaN,shp-55-53
22674,WESTINGHOUSE AVE + HERMAN AVE,40.391797,-79.809766,mid_block,NaN,shp-69-61
22680,RONALD ST AT BEECHWOOD BLVD,40.426722,-79.938573,near_side,36.538812384257795,shp-93-02
22682,GREENFIELD RD AT OVERLOOK DR,40.432839,-79.937307,mid_block,NaN,shp-93-51
22683,NEVILLE RD AT #200,40.492623,-80.080237,near_side,24.901846081010316,shp-21-60
22684,PINE HOLLOW RD AT LAB CORP SQUARE,40.476178,-80.100932,mid_block,NaN,shp-20-57
22685,PINE HOLLOW RD AT #1806,40.47904,-80.103662,mid_block,NaN,shp-20-05
22686,CHARTIERS AVE AT CRAWFORD ST,40.464887,-80.070473,mid_block,NaN,shp-20-05
22687,GRANDVIEW AVE AT #39,40.349782,-79.83739,mid_block,NaN,shp-60-16
22688,JAMES ST AT #1445,40.421196,-79.806332,mid_block,NaN,shp-P68-21
22689,JAMES ST + #1446,40.421209,-79.806157,mid_block,NaN,shp-P68-68
22691,CAMP HOLLOW RD AT LIVINGSTON RD FS,40.34595,-79.925745,mid_block,NaN,shp-55-53
22692,CAMP HOLLOW RD AT SKYPORT DR,40.344658,-79.923466,mid_block,NaN,shp-55-53
22693,CAMP HOLLOW RD AT BEVERLY DR,40.3435,-79.920311,mid_block,NaN,shp-55-53
22694,CAMP HOLLOW RD AT LEBANON MANOR DR,40.342535,-79.917765,mid_block,NaN,shp-55-53
22695,A DR AT B DR,40.342166,-79.910397,mid_block,NaN,shp-55-53
22696,B DR AT MANAGEMENT OFFICE,40.342164,-79.911457,mid_block,NaN,shp-55-53
22697,B DR AT #532 (SHED),40.342929,-79.912245,mid_block,NaN,shp-55-53
22698,B DR AT D DR,40.34419,-79.912108,mid_block,NaN,shp-55-53
22699,BLACKBERRY DR AT #847,40.342207,-79.912661,mid_block,NaN,shp-55-53
227,EAST ST + MT PLEASANT RD,40.48222,-80.005855,near_side,22.766178367659496,shp-12-51
22700,LEBANON SCHOOL RD + CAMP HOLLOW RD,40.34066,-79.914996,mid_block,NaN,shp-55-53
22701,CAMP HOLLOW RD OPP LEBANON MANOR DR,40.342541,-79.917614,mid_block,NaN,shp-55-53
22702,CAMP HOLLOW RD OPP BEVERLY DR,40.343512,-79.920171,mid_block,NaN,shp-55-53
22703,CAMP HOLLOW RD OPP MILLPORT DR,40.345005,-79.924212,mid_block,NaN,shp-55-53
22705,6TH ST AT MARGARETTA ST,40.404218,-79.866971,mid_block,NaN,shp-61A-52
22706,6TH ST AT BALDRIDGE ST,40.405622,-79.863596,mid_block,NaN,shp-61A-52
22707,6TH ST AT MAIN ST,40.408156,-79.858075,mid_block,NaN,shp-61A-52
22708,STATE ST OPP LOCUST AVE,40.307633,-79.887547,mid_block,NaN,shp-55-04
22709,STATE ST AT LOCUST AVE FS,40.30752,-79.887519,mid_block,NaN,shp-55-53
22718,CHARTIERS AVE AT ISLAND AVE FS (STEPS),40.465724,-80.062004,mid_block,NaN,shp-24-54
22719,HWY RT 885 AT #1620,40.324054,-79.926871,mid_block,NaN,shp-55-53
22720,CENTER AVE AT WALLISTON AVE,40.512997,-80.103,mid_block,NaN,shp-19L-03
22721,CENTER AVE AT ALLEGHENY AVE,40.51305,-80.101208,mid_block,NaN,shp-19L-03
22722,CENTER AVE AT PENNSYLVANIA AVE,40.513075,-80.099979,mid_block,NaN,shp-19L-03
22723,CENTER AVE AT NORTH AVE,40.513167,-80.097347,mid_block,NaN,shp-19L-03
22724,CENTER AVE AT LOCUST AVE,40.513292,-80.095467,mid_block,NaN,shp-19L-03
22725,CENTER AVE AT MILLER AVE,40.513199,-80.093763,mid_block,NaN,shp-19L-03
22726,CENTER AVE OPP VISTA ST,40.511555,-80.090891,mid_block,NaN,shp-19L-03
22727,CHURCH AVE AT ROSTREVOR PL,40.510324,-80.08714,mid_block,NaN,shp-19L-03
22728,CHURCH AVE AT DALZELL AVE,40.50914,-80.085108,mid_block,NaN,shp-19L-03
22729,CHURCH AVE AT DALZELL AVE,40.509141,-80.084899,mid_block,NaN,shp-19L-53
22730,CHURCH AVE AT PERRYSVILLE AVE,40.51025,-80.086899,mid_block,NaN,shp-19L-53
22731,CENTER AVE AT PLUMER AVE,40.511051,-80.088251,mid_block,NaN,shp-19L-53
22732,CENTER AVE AT VISTA ST,40.511579,-80.090626,mid_block,NaN,shp-19L-53
22733,CENTER AVE AT MILLER AVE,40.513187,-80.09357,mid_block,NaN,shp-19L-53
22734,CENTER AVE AT LOCUST AVE,40.513364,-80.095212,mid_block,NaN,shp-19L-53
22735,CENTER AVE AT NORTH AVE,40.513246,-80.097179,mid_block,NaN,shp-19L-53
22736,BROOKLINE BLVD AT BELLAIRE PL,40.392247,-80.012925,near_side,27.040432296654355,shp-39-01
22737,BROOKLINE BLVD AT EDGEBROOK AVE,40.392015,-80.015151,mid_block,NaN,shp-39-01
22738,WASHINGTON PIKE AT #1370,40.379495,-80.096014,mid_block,NaN,shp-31-53
22747,FIFTH AVE AT ROBINSON ST FS,40.437071,-79.965827,mid_block,NaN,shp-71B-01
22748,HOFFMAN BLVD AT KENNYWOOD MALL DR,40.382387,-79.868368,mid_block,NaN,shp-59-51
22750,HWY RT 885 OPP ANDREW DR,40.321049,-79.924235,mid_block,NaN,shp-55-53
22752,EVERGREEN AVE AT KLOPHER ST,40.485566,-79.972353,mid_block,NaN,shp-2-01
22753,BOWMAN AVE AT CHESTUT AVE,40.359038,-79.834195,mid_block,NaN,shp-55-53
22754,BOWMAN AVE OPP CHESTNUT AVE,40.359025,-79.834076,mid_block,NaN,shp-55-04
22755,BOWMAN AVE AT #2314,40.356328,-79.838036,mid_block,NaN,shp-55-04
22756,BRINTON RD + BRINTON MANOR DR W,40.411879,-79.85409,mid_block,NaN,shp-P68-21
22759,SHIRE PL + BREINING ST,40.388402,-80.007088,mid_block,NaN,shp-39-51
22760,FRANKSTOWN RD + HOCHBERG RD,40.461739,-79.86085,mid_block,NaN,shp-77-08
22761,FRANKSTOWN + HOCHBERG RD FS,40.461629,-79.860954,mid_block,NaN,shp-77-58
22762,COMMONWEALTH AVE + HILLTOP/PARKVIEW MANOR APTS,40.380168,-79.865464,mid_block,NaN,shp-59-01
22763,COMMONWEALTH AVE + CLONMEL ST,40.380107,-79.862083,mid_block,NaN,shp-59-01
22764,COMMONWEALTH AVE + OVERLAND AVE,40.381496,-79.859785,mid_block,NaN,shp-59-01
22765,COMMONWEALTH AVE AT OVERLAND AVE,40.381636,-79.859677,mid_block,NaN,shp-59-51
22766,COMMONWEALTH AVE + CLONMEL ST,40.380236,-79.861971,mid_block,NaN,shp-59-51
22767,CENTURY DR + GABRIEL BROTHERS,40.343284,-79.942669,mid_block,NaN,shp-51-58
22768,COMMONWEALTH AVE + MILLER AVE,40.380294,-79.864574,mid_block,NaN,shp-59-51
22769,ALCOMA BLVD + #225,40.48461,-79.800987,mid_block,NaN,shp-77-08
22770,HWY RT 885 + ANDREW DR,40.321168,-79.924543,mid_block,NaN,shp-55-04
22771,DESIDERIO BLVD + BAKER AVE,40.29061,-79.889808,mid_block,NaN,shp-Y46-01
22772,AURILES ST + KENNEDY AVE,40.370436,-79.852696,mid_block,NaN,shp-52L-52
22773,KENNEDY AVE + AURILES ST,40.370295,-79.85268,mid_block,NaN,shp-59-01
22774,NORMAN ST + GRANT AVE,40.371736,-79.852579,mid_block,NaN,shp-52L-03
22775,CONLIN ST + WORTON BLVD,40.36259,-79.870469,mid_block,NaN,shp-52L-52
22776,BEATTY RD + #560,40.451085,-79.756374,mid_block,NaN,shp-77-59
22777,VERONA RD + PELONE DR (VERONA ESTATES),40.488362,-79.836905,mid_block,NaN,shp-P78-15
22778,VERONA RD + PELONE DR (VERONA ESTATES),40.488569,-79.836901,mid_block,NaN,shp-P78-61
22779,KANE BLVD + BOWER HILL RD,40.371851,-80.082752,near_side,22.636940475868073,shp-41-01
22783,MOREWOOD AVE AT FORBES AVE FS,40.445113,-79.9427,mid_block,NaN,shp-28X-01
22784,HERMAN AVE + COMMERCE ST,40.392502,-79.808601,mid_block,NaN,shp-69-61
22785,MT TROY RD + VILLA DR,40.495731,-80.000688,mid_block,NaN,shp-4-03
22786,HAYMAKER VILLAGE (SHOP N SAVE),40.389442,-79.766828,mid_block,NaN,shp-69-61
22788,UNIVERSITY BLVD AT PATTON DR,40.50614,-80.223094,near_side,21.591641088378363,shp-21-07
22789,UNIVERSITY BLVD + TIGER TRAIL,40.508976,-80.222973,near_side,22.4445193872955,shp-21-07
22790,UNIVERSITY BLVD + CARNOT RD,40.514886,-80.222202,near_side,20.22537663031947,shp-21-07
22791,UNIVERSITY BLVD + ROBERT MORRIS,40.519619,-80.217834,near_side,16.130421650011122,shp-21-07
22792,UNIVERSITY BLVD AT MOON PLAZA,40.51995,-80.217855,near_side,16.6775974223559,shp-21-55
22793,UNIVERSITY BLVD + CARNOT RD,40.515241,-80.222424,near_side,22.37510123624073,shp-21-55
22794,UNIVERSITY BLVD + TIGER TRAIL,40.509325,-80.223086,near_side,18.43362397392129,shp-21-55
22795,UNIVERSITY BLVD + PATTON DR,40.506421,-80.223302,near_side,17.327246758238463,shp-21-55
22797,WASHINGTON RD AT BOWER HILL RD FS,40.387284,-80.043549,far_side,44.048031296756996,shp-41-01
22798,HAZELWOOD AVE AT LYTLE ST,40.410911,-79.94682,mid_block,NaN,shp-57-02
22799,BLAIR ST AT STREET F,40.414071,-79.950076,mid_block,NaN,shp-57-02
228,EAST ST + VENTURE ST,40.485056,-80.009377,near_side,13.06354784863021,shp-15-04
22800,BLAIR ST AT BEEHIVE ST,40.417642,-79.950597,mid_block,NaN,shp-57-02
22801,BLAIR ST OPP STREET A,40.426348,-79.95569,mid_block,NaN,shp-57-02
22802,BLAIR ST AT SECOND AVE FS,40.427133,-79.955693,mid_block,NaN,shp-57-52
22803,BLAIR ST OPP BEEHIVE ST,40.417697,-79.950661,mid_block,NaN,shp-57-52
22804,BLAIR ST AT STREET F,40.413823,-79.950008,mid_block,NaN,shp-57-52
22805,HAZELWOOD AVE AT LYTLE ST,40.4108,-79.946773,mid_block,NaN,shp-57-52
22806,LAWRENCEVILLE SHOPPING CENTER (BOARDING STOP-SHELTER),40.483407,-79.947505,mid_block,NaN,shp-93-02
22807,PROSPECT RD AT HOLLYROOD RD FS,40.362715,-79.963648,mid_block,NaN,shp-Y49-52
22809,BEDFORD AVE AT LOGAN ST,40.442638,-79.99097,ambiguous,2.8640409942933927,shp-82-52
22810,WYLIE AVE AT FULLERTON ST,40.441873,-79.989136,mid_block,NaN,shp-82-52
22811,WYLIE AVE AT CRAWFORD ST,40.442614,-79.987326,mid_block,NaN,shp-82-52
22812,CENTRE AVE AT CRAWFORD ST FS,40.441113,-79.985701,far_side,21.858307757457588,shp-82-52
22813,WYLIE AVE AT FULLERTON ST,40.442042,-79.988885,mid_block,NaN,shp-81-04
22814,CRAWFORD ST AT WYLIE AVE,40.442774,-79.987348,mid_block,NaN,shp-81-04
22815,PERRY HWY AT OLD PERRYSVILLE RD FS,40.507824,-80.029608,near_side,17.294671760944837,shp-8-53
22816,LINCOLN AVE AT FRANKSTOWN AVE FS,40.460461,-79.9129,mid_block,NaN,shp-82-52
22817,MERCHANT ST AT 6TH ST,40.586488,-80.227229,near_side,10.554621336580768,shp-14-01
22819,THE BLOCK NORTHWAY DR AT DAVE AND BUSTERS,40.549778,-80.021047,mid_block,NaN,shp-12-51
22820,UPLAND ST AT #7506,40.460883,-79.889734,mid_block,NaN,shp-74-51
22821,CHARTIERS AVE AT SUTER ST,40.45808,-80.075368,mid_block,NaN,shp-27-53
22822,BOGGS AVE AT #304,40.42551,-80.008386,mid_block,NaN,shp-43-51
22823,CHATEAU ST AT HOFFMAN ST FS,40.459636,-80.030131,mid_block,NaN,shp-18-01
22824,MIFFLIN RD AT MOONEY RD FS,40.379133,-79.92407,mid_block,NaN,shp-56-03
22825,MARSHALL AVE AT SORREL ST,40.464062,-80.028223,mid_block,NaN,shp-17-01
22826,FRANKSTOWN RD AT #12245,40.472418,-79.819675,mid_block,NaN,shp-77-08
22830,PERRY HWY OPP CUMBERLAND RD,40.572099,-80.037022,near_side,17.617919044891742,shp-O12-01
22831,PERRY HWY AT CCAC NORTH,40.566421,-80.038111,near_side,25.925252158209247,shp-O12-01
22832,PERRY HWY AT PERRYMONT RD,40.556366,-80.039197,ambiguous,11.61562724341238,shp-O12-01
22833,PERRY HWY AT WASHINGTON BLVD,40.552759,-80.038028,near_side,18.901100131640142,shp-O12-01
22834,PERRY HWY AT TRION RD,40.548744,-80.037105,near_side,16.65773524833436,shp-O12-01
22835,BABCOCK BLVD AT BROWNS LANE,40.550947,-80.024554,near_side,16.959264966645588,shp-O12-01
22836,BABCOCK BLVD AT RODERICK DR,40.552261,-80.0233,near_side,18.309175738041162,shp-O12-51
22837,PERRY HWY AT LOMBARDY DR,40.545102,-80.035874,near_side,19.376834506739606,shp-O12-51
22838,PERRY HWY OPP TRION RD (PINES PLAZA),40.548491,-80.036917,near_side,18.432662621038258,shp-O12-51
22839,PERRY HWY OPP WASHINGTON BLVD,40.552532,-80.037792,near_side,17.553819214613913,shp-O12-51
22840,PERRY HWY AT PERRYMONT RD,40.556154,-80.038995,near_side,8.32867792118497,shp-O12-51
22841,PERRY HWY OPP 19 NORTH DR (CCAC NORTH),40.566326,-80.037968,far_side,18.310190949650266,shp-O12-51
22842,PERRY HWY AT CUMBERLAND RD,40.571787,-80.0369,near_side,19.69320019782074,shp-O12-51
22843,GREENTREE RD AT MCKNINNEY LN,40.425676,-80.041612,near_side,16.52852729355808,shp-38-05
22844,GREENTREE RD AT RIDGEMONT DR,40.429004,-80.040118,mid_block,NaN,shp-38-05
22845,GREENTREE RD AT JUNIUS ST,40.431622,-80.038879,mid_block,NaN,shp-38-05
22846,GREENTREE RD AT WABASH ST,40.436132,-80.033835,far_side,8.414208927959326,shp-38-05
22847,WABASH ST AT NEPTUNE ST,40.440149,-80.034287,far_side,10.910024491861256,shp-38-05
22848,SANCTUS ST AT MAIN ST,40.441531,-80.032803,near_side,14.601263516267013,shp-38-05
22849,WABASH ST AT NEPTUNE ST,40.440261,-80.03447,near_side,13.360426797607033,shp-38-55
22850,WABASH ST AT MCCARTNEY ST,40.436183,-80.03403,near_side,25.53968303922497,shp-38-55
22851,GREENTREE RD AT JUNIUS ST,40.431931,-80.038861,mid_block,NaN,shp-38-55
22852,GREENTREE RD AT RIDGEMONT DR,40.429122,-80.040127,mid_block,NaN,shp-38-55
22853,GREENTREE RD OPP MCKINNEY LN,40.425933,-80.041503,near_side,14.630175678334071,shp-38-55
22854,CHERRINGTON PKWY AT CORAOPOLIS HEIGHTS RD,40.498194,-80.207575,mid_block,NaN,shp-G3-10
22855,CHERRINGTON PKWY OPP #1000 (EATON),40.49218,-80.201889,mid_block,NaN,shp-G3-10
22856,CHERRINGTON PKWY OPP #1200 (SERVICELINK),40.490269,-80.197411,mid_block,NaN,shp-G3-10
22857,EWING RD OPP COVENTRY HEALTH CARE,40.484834,-80.195942,mid_block,NaN,shp-G3-10
22858,EWING RD AT COVENTRY HEALTH CARE,40.484613,-80.19619,mid_block,NaN,shp-G3-61
22859,CHERRINGTON PKWY AT #1200 (SERVICELINK),40.490199,-80.197129,mid_block,NaN,shp-G3-61
22860,CHERRINGTON PKWY AT #1000 (EATON),40.492224,-80.201818,mid_block,NaN,shp-G3-61
22861,CHERRINGTON PKWY AT CORAOPOLIS HEIGHTS RD,40.49816,-80.207348,mid_block,NaN,shp-G3-61
22865,RIVER AVE AT LANE STEEL,40.467572,-80.052717,mid_block,NaN,shp-22-01
22866,HELEN ST AT AGNES ST,40.475092,-80.058109,mid_block,NaN,shp-22-55
22868,PENN AVE OPP SHADY AVE,40.459718,-79.920499,near_side,36.14336004488321,shp-71C-09
22869,PENN AVE AT EUCLID AVE,40.462501,-79.927682,near_side,16.953564546578107,shp-71C-09
2287,CORAOPOLIS RD + #333,40.502964,-80.127041,mid_block,NaN,shp-20-57
22870,SMITHFIELD ST AT FIFTH AVE,40.440232,-79.998609,near_side,10.569334250389277,shp-51-58
22873,FORBES HOSPITAL,40.429133,-79.749055,mid_block,NaN,shp-67-15
22874,MONROEVILLE BLVD OPP TARGET DRIVE,40.435795,-79.770582,near_side,49.70811462661679,shp-P68-21
22875,MONROEVILLE BLVD AT OXFORD DR,40.430599,-79.78574,near_side,26.757794606563216,shp-P68-21
22876,MONROEVILLE BLVD AT OXFORD DR FS,40.430855,-79.785356,mid_block,NaN,shp-P68-68
22877,NORTHERN PIKE AT MOSSIDE BLVD,40.433937,-79.753502,near_side,28.038014393117997,shp-P68-68
22878,NORTHERN PIKE AT MOSSIDE BLVD FS,40.433941,-79.754355,mid_block,NaN,shp-P68-21
22879,MONROEVILLE BLVD OPP IVANHOE DR,40.434022,-79.764605,near_side,19.081446243422793,shp-P68-68
22880,MONROEVILLE BLVD AT IVANHOE DR,40.433967,-79.763965,mid_block,NaN,shp-P68-21
22881,MONROEVILLE BLVD AT TARGET DR FS,40.435533,-79.770294,mid_block,NaN,shp-P68-68
22882,MONROEVILLE BLVD AT NORTHERN PIKE,40.436462,-79.780141,far_side,20.055712236116275,shp-P68-21
22883,MONROEVILLE BLVD AT MUNICIPAL BLDG,40.436466,-79.780039,near_side,13.602283679957312,shp-P68-68
22892,MCKEES ROCKS RD AT CONNIE PARK DR,40.468556,-80.098371,mid_block,NaN,shp-24-54
22893,BIGGS AVE AT GLENROSE ST,40.464847,-80.0056,mid_block,NaN,shp-11-01
22894,FT DUQUESNE BLVD AT 6TH ST,40.443884,-80.002918,near_side,5.517936009228039,shp-16-51
22895,THE BLOCK AT NORTHWAY AT NORTHWAY APARTMENTS,40.550241,-80.022548,mid_block,NaN,shp-12-02
22896,THE BLOCK AT NORTHWAY OPP NORTHWAY APARTMENTS,40.5501,-80.02227,mid_block,NaN,shp-12-51
22897,HWY RT 885 AT LEBANON CHURCH RD (SHEETZ),40.347524,-79.939065,mid_block,NaN,shp-59-51
22898,HAZELWOOD AVE AT OSPREY WAY,40.411343,-79.94435,far_side,41.622263670050756,shp-93-51
22899,MCKEESPORT TRANSPORTATION CENTER AT BAY #4,40.352097,-79.861809,mid_block,NaN,shp-61C-01
229,EVERGREEN RD + BAYTREE ST,40.488397,-80.010081,near_side,8.988440322799944,shp-12-51
22901,MONROEVILLE MALL PARK AND RIDE WEST,40.428791,-79.799665,mid_block,NaN,shp-67-15
22903,BRIGHTION RD AT BASCOM,40.489796,-80.04348,mid_block,NaN,shp-17-52
22911,MON INCLINE STATION,40.431319,-80.006126,mid_block,NaN,
22919,MOUNTAINVIEW DR AT HERITAGE CREDIT UNION DR,40.34335,-79.953688,mid_block,NaN,shp-59-01
2292,COAROPOLIS RD + HERBST RD,40.501031,-80.114745,mid_block,NaN,shp-20-05
22920,BOWER HILL RD AT McLAUGHLIN RUN RD,40.358325,-80.105368,mid_block,NaN,shp-41-01
22975,STANTON AVE AT NEGLEY AVE FS,40.471654,-79.926549,far_side,33.50046442689901,shp-75-55
22976,PENN AVE AT S ST. CLAIR ST,40.462814,-79.929017,mid_block,NaN,shp-71C-N4
22977,BRADDOCK AVE + HERITAGE HIGHLANDS,40.412696,-79.876253,mid_block,NaN,shp-P7-13
22978,BRADDOCK AVE + HERITAGE HIGHLANDS,40.412931,-79.876491,mid_block,NaN,shp-P7-58
22982,PITCAIRN-TRAFFORD RD + FORBES ROAD,40.391178,-79.766163,near_side,11.340279369863875,shp-69-09
22983,WARRINGTON AVE + BOGGSTON AVE,40.420021,-80.00785,mid_block,NaN,shp-43-51
22987,PENFORT ST + #346,40.476158,-80.000412,mid_block,NaN,shp-6-51
22988,CHARTIERS AVE + ST JOHN ST,40.465476,-80.066361,near_side,11.940978375649502,shp-20-05
22989,VA CLINIC FRONT DOOR,40.427906,-79.791657,mid_block,NaN,shp-P68-68
2299,VILLAGE DR + LEWIS,40.506603,-80.14016,mid_block,NaN,shp-20-57
22990,BROADWAY AVE + 11TH ST,40.474072,-80.07809,mid_block,NaN,shp-24-04
22998,BROADWAY BLVD + PITCAIRN PARK BLDG,40.402039,-79.776642,mid_block,NaN,shp-69-10
22999,BLVD OF THE ALLIES + BATES,40.435193,-79.956475,far_side,9.20500630686927,shp-93-51
23000,BLVD OF THE ALLIES + BATES,40.435133,-79.956553,near_side,14.76288301976026,shp-93-02
23012,EVERGREEN AVE AT SHERIDAN ST,40.480215,-79.969659,mid_block,NaN,shp-2-01
23013,EVERGREEN AVE OPP KLOPFER ST,40.485521,-79.97218,mid_block,NaN,shp-2-52
23014,EVERGREEN AVE OPP WEHPLE ST,40.479599,-79.968453,mid_block,NaN,shp-2-52
23027,BLAIR ST + #4165,40.420632,-79.951718,mid_block,NaN,shp-57-02
23028,BLAIR ST + #4165,40.420621,-79.951755,mid_block,NaN,shp-57-52
23033,FREELAND ST + MCCLEARY ST,40.347331,-79.83836,mid_block,NaN,shp-60-16
23034,HIGHLAND AVE + BROAD ST,40.462402,-79.924325,mid_block,NaN,shp-89-52
23045,RIDGE AVE + W OHIO ST,40.451369,-80.011202,mid_block,NaN,shp-54-53
23046,RIDGE AVE + W OHIO ST,40.451602,-80.010976,mid_block,NaN,shp-54-07
23055,ROSS PARK MALL,40.546473,-80.005283,mid_block,NaN,shp-12-51
23056,WALLACE AVE + HAY ST,40.444896,-79.885606,mid_block,NaN,shp-71D-02
23063,AMBRIDGE PARK AND RIDE,40.592404,-80.228189,mid_block,NaN,shp-14-01
23065,BREINING ST + BROOKLINE BLVD,40.392201,-80.010797,mid_block,NaN,shp-39-51
23067,RICHLAND AVE AT 5TH STREET,40.350095,-79.893996,mid_block,NaN,shp-56-03
23068,RICHLAND AVE + 5TH STREET,40.350074,-79.894272,mid_block,NaN,shp-56-52
23069,CRAWFORD ST + BELFORD AVE,40.443915,-79.988019,near_side,22.389465907109535,shp-81-51
23070,CCAC WEST,40.436679,-80.193723,mid_block,NaN,shp-29-53
23071,CCAC WEST,40.436613,-80.193771,mid_block,NaN,shp-29-01
23084,UNIVERSITY BLVD + STOOPS FERRY RD,40.537955,-80.200292,far_side,17.863960590828203,shp-21-55
23085,UNIVERSITY BLVD + STOOPS FERRY RD,40.537786,-80.200108,far_side,9.536167878262201,shp-21-07
23086,MOSSIDE BLVD + MACBETH DR,40.425427,-79.754349,far_side,10.302081116115145,shp-69-51
23087,MOSSIDE BLVD + MACBETH DR,40.42551,-79.754487,near_side,12.711228125635266,shp-69-09
2309,W CARSON ST + DUQUESNE INCLINE,40.439873,-80.017168,mid_block,NaN,shp-28X-51
23092,LIBERTY AVE + 7TH ST,40.442398,-80.000245,far_side,15.91682929968169,shp-31-53
23095,FORBES AVE + SMITHFIELD ST,40.439496,-79.999312,near_side,26.74707116803621,shp-51L-51
23096,WOOD ST + FORBES AVE,40.439983,-80.000865,near_side,13.426913381078075,shp-51-08
23097,LIBERTY AVE + FIFTH AVE,40.441625,-80.002868,near_side,19.199072884724114,shp-28X-01
23098,WASHINGTON PL + FIFTH AVE,40.438972,-79.991069,near_side,22.900750832220464,shp-82-01
23099,DIAMOND ST + BOYD ST,40.438713,-79.993244,mid_block,NaN,shp-82-01
2310,W CARSON ST + GATEWAY VIEW PLAZA,40.441703,-80.021367,near_side,22.721295561993387,shp-28X-51
23100,FORBES AVE + GRANT ST,40.438657,-79.997066,near_side,7.3827655628805315,shp-82-01
23101,ROSS STREET PRTX STATION,40.439008,-79.995315,near_side,20.927858011500188,shp-71B-51
23102,MARKET SQUARE PRTX STATION,40.441494,-80.002297,far_side,24.190911778838522,shp-P1-01
23103,WOOD STREET PRTX STATION,40.442145,-79.99973,near_side,24.791346393898667,shp-P1-51
23104,STEEL PLAZA PRTX STATION,40.440579,-79.995495,far_side,29.263284037414746,shp-71B-51
23106,WALNUT ST + OLYMPIA SHOPPING CENTER,40.321343,-79.836651,far_side,28.99388542859237,shp-60-16
23107,WALNUT ST + OLYMPIA SHOPPING CENTER,40.321265,-79.836788,far_side,34.25907499090969,shp-60-16
23108,BRYANT ST + ST CLAIR ST,40.476121,-79.920685,mid_block,NaN,shp-71B-51
23109,NEGLEY AVE + ELGIN ST,40.477903,-79.923278,mid_block,NaN,shp-71A-51
23110,NEGLEY AVE + ELGIN ST,40.478081,-79.923298,mid_block,NaN,shp-71A-02
23111,WILLIAM PENN PRTX STATION,40.439849,-79.997861,far_side,12.689215380685582,shp-P1-01
23112,EAST BUSWAY + PENN STATION B,40.444254,-79.991538,mid_block,NaN,shp-6-03
23116,PITTSBURGH INTERNATIONAL AIRPORT,40.497745,-80.249117,mid_block,NaN,shp-28X-01
23117,FISHER ST + MOUNTAIN AVE,40.41153,-79.97713,mid_block,NaN,shp-44-02
23118,CENTRE AVE + LOGAN ST,40.440596,-79.989411,near_side,20.665492892151644,shp-82-01
23119,E WATERFRONT DR + WATERFRONT ENTRANCE,40.412249,-79.910784,ambiguous,21.440003694538472,shp-61D-51
2312,W CARSON ST + WEST END BRIDGE STEPS (UNDERPASS),40.44478,-80.028825,far_side,29.523182635495044,shp-28X-51
23120,E WATERFRONT DR + WATERFRONT ENTRANCE,40.412431,-79.91043,near_side,23.172313550453698,shp-61D-01
23121,FREEPORT RD + DELAFIELD AVE,40.48794,-79.897691,far_side,13.128725145099832,shp-91-03
2315,STANHOPE ST + W CARSON FS,40.464308,-80.053845,mid_block,NaN,shp-24-54
2316,STANHOPE ST + CHARTIERS,40.463627,-80.056418,mid_block,NaN,shp-24-54
2319,ISLAND AVE + BOQUET,40.466601,-80.060404,mid_block,NaN,shp-21-60
232,MCKNIGHT RD + EVERGREEN RD,40.493996,-80.011604,mid_block,NaN,shp-12-51
2320,ISLAND AVE + JOHN FS,40.469253,-80.060134,mid_block,NaN,shp-21-60
2321,ISLAND AVE + BRADLEY,40.470432,-80.060348,mid_block,NaN,shp-21-60
2322,ISLAND AVE + CUTLER,40.471707,-80.061179,near_side,25.302818060943533,shp-21-60
2324,ISLAND AVE + MCKEES ROCKS BRIDGE,40.473413,-80.062277,near_side,20.829634891864824,shp-21-60
2326,ISLAND AVE + MCCOY,40.475573,-80.06503,near_side,13.809985198366892,shp-21-60
2327,ISLAND AVE + TUNNEL WAY,40.477109,-80.066138,near_side,9.988406830715821,shp-21-60
2328,ISLAND AVE + #1179,40.479456,-80.067613,mid_block,NaN,shp-21-60
2330,ISLAND AVE + #1308,40.481803,-80.069441,mid_block,NaN,shp-21-60
2331,ISLAND AVE + FRANKLIN INTERIORS,40.483409,-80.071052,mid_block,NaN,shp-21-60
2333,ISLAND AVE + FLEMING,40.484996,-80.073384,mid_block,NaN,shp-21-60
2334,ISLAND AVE + #1470,40.486857,-80.076279,mid_block,NaN,shp-21-60
2335,ISLAND AVE + GLENN,40.48895,-80.079287,mid_block,NaN,shp-21-60
2337,NEVILLE RD + GULF OIL ENT,40.497722,-80.091318,near_side,15.563893598534317,shp-21-60
234,MCKNIGHT RD + MCKNIGHT-IVORY BLDG,40.501455,-80.01133,mid_block,NaN,shp-12-51
2341,GRAND AVE + NEVILLE RECYCLING,40.507125,-80.109008,mid_block,NaN,shp-21-60
2342,GRAND AVE + TRIAD METALS,40.507913,-80.111629,mid_block,NaN,shp-21-60
2343,GRAND AVE + ARMY CORP ENGINEERING,40.508188,-80.113331,mid_block,NaN,shp-21-60
2344,GRAND AVE + PITTSBURGH RECYCLING CENTER,40.508769,-80.116829,mid_block,NaN,shp-21-60
2345,GRAND AVE + CALGON CARBON,40.509087,-80.119005,mid_block,NaN,shp-21-60
2347,GRAND AVE + 2ND,40.510423,-80.125756,mid_block,NaN,shp-21-60
2348,GRAND AVE + 4TH,40.510925,-80.127541,mid_block,NaN,shp-21-60
2349,GRAND AVE + PERSHING FS,40.512158,-80.131546,mid_block,NaN,shp-21-60
2352,GRAND AVE + IDAHO,40.514069,-80.138607,mid_block,NaN,shp-21-60
2353,GRAND AVE + ORCHARD,40.514515,-80.140129,mid_block,NaN,shp-21-60
2354,GRAND AVE + GIBSON,40.515198,-80.142285,near_side,16.4262458202001,shp-21-60
2355,GRAND AVE + COTTAGE,40.515745,-80.143997,mid_block,NaN,shp-21-60
2356,GRAND AVE + MAPLE LANE,40.516529,-80.146301,mid_block,NaN,shp-21-60
2359,4TH AVE + CORAOPLIS BRIDGE FS,40.514756,-80.153921,mid_block,NaN,shp-21-60
2360,4TH AVE + ARCH,40.515564,-80.156059,mid_block,NaN,shp-21-60
2362,4TH AVE + BROADWAY,40.517215,-80.160437,near_side,22.89906516924655,shp-21-60
2363,4TH AVE + MULBERRY,40.517782,-80.161949,near_side,17.552626115675686,shp-21-60
2364,4TH AVE + MILL,40.518392,-80.16356,near_side,18.187633846417988,shp-21-60
2365,4TH AVE + MAIN NS,40.519318,-80.166015,near_side,13.993769723486784,shp-21-60
2366,4TH AVE + KENDALL,40.519985,-80.16779,mid_block,NaN,shp-21-60
2367,4TH AVE + WATT,40.520608,-80.169433,near_side,42.55690803131587,shp-21-60
2368,4TH AVE + LOCUST,40.521229,-80.17108,mid_block,NaN,shp-21-60
2370,4TH AVE + THORN,40.522472,-80.174374,mid_block,NaN,shp-21-60
2371,4TH AVE OPP THORN RUN RD - THORN RUN PARK AND RIDE,40.523403,-80.176889,near_side,17.23096242361553,shp-21-60
2372,HWY RT 51 + VALLEY AMBULANCE,40.527478,-80.185032,near_side,17.42325505284339,shp-21-60
2373,BROAD ST + THORN,40.539105,-80.181638,near_side,13.858244639531897,shp-21-60
2375,BROAD ST + HILL,40.541466,-80.178363,mid_block,NaN,shp-21-60
2376,HILL ST + LOCUST,40.542179,-80.178633,mid_block,NaN,shp-21-60
2377,LOCUST PL + CENTENNIAL,40.541736,-80.179765,mid_block,NaN,shp-21-60
2379,BROAD ST + BEAVER,40.540432,-80.180254,near_side,29.181424884721554,shp-21-60
239,MCKNIGHT RD + U-HAUL,40.51645,-80.004397,mid_block,NaN,shp-12-51
2399,HWY RT 51 + STANFORD CT,40.495251,-80.111231,mid_block,NaN,shp-20-05
24,BLVD OF ALLIES + DUQUESNE UNIV FOOTBRIDGE,40.43485,-79.988736,mid_block,NaN,shp-28X-01
240,MCKNIGHT RD + NORTHLAND MEDICAL CENTER,40.519167,-80.004758,ambiguous,14.413270651622653,shp-12-51
2400,HWY RT 51 + EDGETOWN APTS,40.500011,-80.112061,mid_block,NaN,shp-20-57
2401,COAROPOLIS RD + HERBST RD,40.501065,-80.114653,mid_block,NaN,shp-20-57
2410,32ND ST + SPRING WAY,40.460445,-79.969566,mid_block,NaN,shp-91-52
2413,BUTLER ST + 35TH,40.464453,-79.965909,mid_block,NaN,shp-91-52
2415,BUTLER ST + 37TH,40.466091,-79.964775,near_side,19.128313550082495,shp-91-52
2417,BUTLER ST + 39TH,40.467355,-79.963858,mid_block,NaN,shp-91-52
2419,BUTLER ST + #188,40.493357,-79.948254,near_side,28.207286474601656,shp-1-01
2420,BUTLER ST + ISABELLA,40.494272,-79.946634,mid_block,NaN,shp-1-01
2423,BUTLER ST + BRIDGE,40.49767,-79.943859,near_side,15.063928356126267,shp-2-52
2427,GRANT AVE + WILSON,40.504141,-79.949046,mid_block,NaN,shp-2-52
2428,GRANT AVE + VILSACK,40.505123,-79.949829,mid_block,NaN,shp-2-52
2429,GRANT AVE + MT HOPE,40.50675,-79.950894,mid_block,NaN,shp-2-52
243,MCKNIGHT RD + HOUSTON RD FS,40.526808,-80.005724,mid_block,NaN,shp-12-51
2430,GRANT AVE + HERMAN,40.508453,-79.95202,mid_block,NaN,shp-2-52
2431,MT ROYAL BLVD + KENNETH,40.510899,-79.956952,mid_block,NaN,shp-2-52
2432,MT ROYAL BLVD + PENNVIEW,40.512305,-79.957933,mid_block,NaN,shp-2-52
2433,MT ROYAL BLVD + WILJOHN,40.514039,-79.959026,mid_block,NaN,shp-2-52
2435,MT ROYAL BLVD + UNDERCLIFF,40.515795,-79.959077,mid_block,NaN,shp-2-52
2437,MT ROYAL BLVD + GENESSEE,40.517538,-79.958952,mid_block,NaN,shp-2-52
2438,MT ROYAL BLVD + BRAUN,40.518965,-79.958947,mid_block,NaN,shp-2-52
244,MCKNIGHT RD + NORTH HILLS VILLAGE (NORTH ENT),40.528148,-80.006732,near_side,5.447735117542983,shp-12-51
2440,MT ROYAL BLVD + GLENN,40.521358,-79.959574,mid_block,NaN,shp-2-52
2441,MT ROYAL BLVD + GLENSHAW,40.522845,-79.960231,mid_block,NaN,shp-2-52
2443,MT ROYAL BLVD + GARDEN PL (WETZELL),40.524622,-79.96201,near_side,14.77530109440449,shp-2-52
2444,MT ROYAL BLVD + CAMPBELL,40.526597,-79.96344,mid_block,NaN,shp-2-52
2445,MT ROYAL BLVD + SHALER LIBRARY,40.528064,-79.964577,mid_block,NaN,shp-2-52
2446,MT ROYAL BLVD + SHAW,40.529433,-79.965556,mid_block,NaN,shp-2-52
2447,MT ROYAL BLVD + WOOD,40.532467,-79.967928,mid_block,NaN,shp-2-52
2448,MT ROYAL BLVD + MOREWOOD,40.534451,-79.969528,mid_block,NaN,shp-2-52
2449,MT ROYAL BLVD + KLEBER,40.535619,-79.97044,near_side,14.029429547673562,shp-2-52
2450,MT ROYAL BLVD + IOLA,40.536736,-79.971352,mid_block,NaN,shp-2-52
2451,MT ROYAL BLVD + WOODLAND,40.537922,-79.972107,mid_block,NaN,shp-2-52
2452,MT ROYAL BLVD + SCOTT,40.539102,-79.97221,mid_block,NaN,shp-2-52
2455,MT ROYAL BLVD + ROYALCOURT,40.542723,-79.972288,mid_block,NaN,shp-2-52
2456,MT ROYAL BLVD + DEHAVEN CT,40.544603,-79.972326,mid_block,NaN,shp-2-52
2457,MT ROYAL BLVD + EADE,40.54651,-79.972338,mid_block,NaN,shp-2-52
2458,MT ROYAL BLVD + ILLINOIS,40.549207,-79.971804,mid_block,NaN,shp-2-52
2459,MT ROYAL BLVD + GRANDVIEW,40.550199,-79.971457,mid_block,NaN,shp-2-52
246,MCKNIGHT RD + OLD MCKNIGHT RD FS,40.534181,-80.01089,mid_block,NaN,shp-12-51
2460,MT ROYAL BLVD + DEHAVEN,40.551102,-79.971436,mid_block,NaN,shp-2-52
248,MCKNIGHT RD + MR TIRE,40.540299,-80.012019,mid_block,NaN,shp-12-51
249,MCKNIGHT RD + ROSS PARK MALL DR,40.542549,-80.013268,far_side,37.02379695041626,shp-12-51
2493,FERGUSON RD + MT ROYAL BLVD FS,40.555684,-79.971802,mid_block,NaN,shp-2-52
2494,FERGUSON RD + LINWOOD #1,40.557043,-79.973344,mid_block,NaN,shp-2-52
2495,FERGUSON RD + SWEENEY,40.557968,-79.97524,mid_block,NaN,shp-2-52
2496,FERGUSON RD + OHIO,40.557392,-79.978424,mid_block,NaN,shp-2-52
2497,FERGUSON RD + LINWOOD #2,40.55817,-79.984757,mid_block,NaN,shp-2-52
2499,FERGUSON RD + POST,40.563859,-79.989982,mid_block,NaN,shp-2-52
25,BEAGLE,40.300909,-80.031477,mid_block,NaN,shp-SLVR-01
250,MCKNIGHT RD + JOHNANNA DR FS,40.54626,-80.01698,far_side,26.453766352574224,shp-O12-52
251,MCKNIGHT RD + MCINTYRE RD,40.550342,-80.019084,near_side,10.13083560234292,shp-O12-52
2513,MCKINLEY AVE + BROWNSVILLE FS,40.408901,-79.99154,mid_block,NaN,shp-54-51
2514,MCKINLEY AVE + GROGAN,40.409173,-79.993639,mid_block,NaN,shp-54-51
2515,MCKINLEY AVE + ALICE,40.41007,-79.994685,mid_block,NaN,shp-54-51
2517,ALICE ST + CAMFIELD,40.410337,-79.997575,mid_block,NaN,shp-54-51
2518,CAMFIELD ST + BANDI,40.409222,-79.99836,mid_block,NaN,shp-54-51
2520,CAMFIELD ST + GOSSER,40.405856,-79.998192,mid_block,NaN,shp-54-51
2521,CAMFIELD ST + DRYCOVE,40.404033,-79.998119,mid_block,NaN,shp-54-51
2522,DRYCOVE ST + CONNISTON,40.403967,-79.9991,mid_block,NaN,shp-54-51
2523,CONNISTON AVE + GOSSER,40.40564,-79.999232,mid_block,NaN,shp-54-51
2524,CONNISTON AVE + CALLE,40.407689,-79.999328,mid_block,NaN,shp-54-51
2525,CONNISTON AVE + BANDI,40.409307,-79.99942,mid_block,NaN,shp-54-51
2526,CONNISTON AVE + BON AIR,40.410372,-79.999461,mid_block,NaN,shp-54-51
2527,BON AIR AVE + CAMFIELD,40.410331,-79.997927,mid_block,NaN,shp-54-51
2529,ALICE ST + GEORGIA,40.410138,-79.995209,mid_block,NaN,shp-54-51
2530,MCKINLEY AVE + GROGAN,40.409191,-79.993836,mid_block,NaN,shp-54-51
2531,MCKINLEY AVE + BROWNSVILLE,40.4088,-79.991454,far_side,40.73835060233499,shp-54-51
2536,AMANDA ST + CHARLES,40.416511,-79.988087,mid_block,NaN,shp-54-07
2539,S 18TH ST + MT OLIVER ST FS,40.418717,-79.986239,mid_block,NaN,shp-51-08
2541,S 18TH ST + WACHTER ST,40.420634,-79.986125,mid_block,NaN,shp-51-08
2542,S 18TH ST + GABLE ST,40.421328,-79.984615,mid_block,NaN,shp-51-08
2543,S 18TH ST + ST PATRICK ST,40.421383,-79.982455,mid_block,NaN,shp-51-08
2545,S 18TH ST + CROSSMAN ST,40.421675,-79.979294,mid_block,NaN,shp-51-08
2547,S 18TH ST + JOSEPHINE ST,40.424808,-79.979416,mid_block,NaN,shp-51-08
2548,S 18TH ST + MARY ST,40.425959,-79.980789,mid_block,NaN,shp-51-08
2551,S 18TH ST + E CARSON ST,40.428466,-79.980531,near_side,33.910056405312645,shp-51-08
2553,E CARSON ST + 20TH,40.428549,-79.977847,near_side,26.235091688300564,shp-48-51
2554,E CARSON ST + 21ST ST,40.428469,-79.976455,near_side,23.896297198649528,shp-48-51
2555,E CARSON ST + 22ND ST,40.428374,-79.974784,ambiguous,2.5173338790301902,shp-48-51
2556,FIFTH AVE + #2358,40.437206,-79.971321,mid_block,NaN,shp-71B-51
2558,FIFTH AVE + BRENHAM ST,40.436405,-79.968582,mid_block,NaN,shp-71B-51
2561,FIFTH AVE + CRAFT AVE (CARLOW UNIV),40.437759,-79.96415,near_side,25.57544718256206,shp-71A-51
2562,FIFTH AVE + HALKET ST,40.439035,-79.962115,far_side,11.246433222779693,shp-71A-51
2564,FIFTH AVE + MEYRAN AVE,40.441136,-79.959188,far_side,15.392963949318869,shp-71A-51
2565,FIFTH AVE + OAKLAND AVE,40.442132,-79.957867,near_side,10.334381872884254,shp-71A-51
2566,FIFTH AVE + THACKERAY AVE,40.44304,-79.956611,near_side,13.675538536743467,shp-71A-51
2567,FIFTH AVE + BIGELOW BLVD (PITT),40.444218,-79.954941,near_side,28.2797171126063,shp-71A-51
2568,FORBES AVE + BELLEFIELD NS,40.443642,-79.951492,mid_block,NaN,shp-61C-51
2571,CRAIG ST + PARK PLAZA,40.447868,-79.949477,mid_block,NaN,shp-71A-51
2572,CRAIG ST + BAYARD ST,40.449697,-79.950619,near_side,18.6287592468191,shp-71A-51
2573,CRAIG ST + CENTRE AVE,40.451709,-79.951836,near_side,28.424608886281955,shp-71A-51
2574,CENTRE AVE + MELWOOD AVE,40.452158,-79.950978,near_side,16.179740671994036,shp-71A-51
2575,CENTRE AVE + NEVILLE ST,40.452505,-79.949818,near_side,16.502509487198306,shp-71A-51
2577,MILLVALE AVE + BAUM,40.454257,-79.947589,near_side,15.76074598564257,shp-54-07
2578,MILLVALE AVE + MOREWOOD,40.455914,-79.947573,mid_block,NaN,shp-54-07
2579,MILLVALE AVE + YEW,40.457884,-79.947347,mid_block,NaN,shp-54-07
258,BABCOCK BLVD + FAIRFIELD RD,40.564016,-80.01929,mid_block,NaN,shp-12-51
2580,MILLVALE AVE + CYPRESS,40.458649,-79.947116,near_side,12.766152167147819,shp-54-07
2582,PENN AVE + 39TH ST,40.464856,-79.96017,mid_block,NaN,shp-64-01
2585,PENN AVE + 36TH,40.464241,-79.96384,mid_block,NaN,shp-88-07
2586,BUTLER ST + PENN,40.462837,-79.966974,near_side,33.39377723777791,shp-88-07
2587,PENN AVE + 32ND,40.461002,-79.969689,near_side,38.49162460712803,shp-91-03
2588,PENN AVE + 31ST ST,40.459962,-79.971188,near_side,14.562158061737165,shp-91-03
2589,PENN AVE + 30TH ST,40.458924,-79.972701,near_side,14.98277049620873,shp-91-03
2591,PENN AVE + 28TH,40.456953,-79.975562,near_side,11.218764208459874,shp-91-03
2593,26TH ST + PENN AVE FS (SPRING WAY),40.454586,-79.978073,near_side,43.15856731572378,shp-91-03
2595,CHESTNUT ST + PROGRESS FS,40.453352,-79.9928,far_side,21.844561039943763,shp-54-07
2596,CEDAR AVE + SUISMON ST,40.45478,-80.002098,mid_block,NaN,shp-8-53
26,FORBES AVE + CRAFT AVE FS,40.437225,-79.962845,far_side,30.901752282938652,shp-61C-51
2600,ARCH ST + ALLEGHENY MIDDLE SCHOOL,40.453091,-80.009118,mid_block,NaN,shp-54-07
2601,ARCH ST + RIDGE,40.452173,-80.008837,mid_block,NaN,shp-54-07
2603,BERND ST + BAUSMAN,40.414211,-79.997498,mid_block,NaN,shp-54-07
2604,BAUSMAN ST + GEORGIA (STEPS),40.414204,-79.994949,mid_block,NaN,shp-54-07
2605,BAUSMAN AVE + GRIMES,40.414242,-79.993118,mid_block,NaN,shp-54-07
2606,BAUSMAN AVE + ROMEYN,40.414276,-79.992165,mid_block,NaN,shp-54-07
2608,BAUSMAN ST + BROWNSVILLE RD,40.414406,-79.988298,near_side,29.426022304549928,shp-54-07
2609,LIBERTY AVE + MAIN ST FS,40.463438,-79.953997,mid_block,NaN,shp-86-02
2613,HERRON AVE + HANCOCK,40.457016,-79.96476,mid_block,NaN,shp-54-51
2614,BRERETON ST + DOBSON,40.456709,-79.967194,mid_block,NaN,shp-54-01
2616,BRERETON ST + 28TH,40.455772,-79.972755,mid_block,NaN,shp-54-01
2618,CEDAR AVE + FORELAND,40.454029,-80.001991,mid_block,NaN,shp-54-53
2620,CHESTNUT ST + PROGRESS,40.453305,-79.992912,near_side,27.97940229989241,shp-54-53
2621,PENN AVE + 36TH,40.464131,-79.964031,mid_block,NaN,shp-88-51
2624,PENN AVE + 39TH ST,40.464779,-79.960281,mid_block,NaN,shp-88-51
2625,PENN AVE + 40TH,40.465118,-79.958117,near_side,19.434380652309223,shp-88-51
2626,MILLVALE AVE + CYPRESS,40.458853,-79.94706,near_side,10.784748015014296,shp-54-53
2627,MILLVALE AVE + YEW,40.458332,-79.947419,mid_block,NaN,shp-54-53
2628,MILLVALE AVE + MOREWOOD,40.456085,-79.94766,mid_block,NaN,shp-54-53
2629,MILLVALE AVE + BAUM,40.454496,-79.947768,near_side,17.491645394440027,shp-54-53
2630,MILLVALE AVE + CENTRE,40.453381,-79.947434,near_side,13.623130383055733,shp-54-53
2631,CENTRE AVE + NEVILLE ST,40.45269,-79.949541,near_side,20.57802215992898,shp-71A-02
2632,CENTRE AVE + MELWOOD AVE,40.452328,-79.950707,near_side,19.435464611765045,shp-71A-02
2633,CENTRE AVE + CRAIG ST NS,40.452043,-79.951689,near_side,40.09564210506669,shp-82-01
2634,CRAIG ST + BAYARD ST,40.449869,-79.950854,near_side,13.877675553124824,shp-71A-02
2635,CRAIG ST + FIFTH AVE,40.447258,-79.949188,near_side,18.490948993859778,shp-71A-02
2638,FORBES AVE + DITHRIDGE ST,40.44418,-79.950002,mid_block,NaN,shp-61C-01
2639,FIFTH AVE + CRAFT AVE (CARLOW UNIV),40.437962,-79.963795,near_side,20.336409125615052,shp-71A-51
2640,FIFTH AVE + ROBINSON ST,40.437773,-79.965235,mid_block,NaN,shp-71A-51
2644,FIFTH AVE + #2358,40.437202,-79.970999,mid_block,NaN,shp-61C-01
2646,E CARSON ST + 21ST ST,40.428559,-79.976071,near_side,20.020972406702857,shp-48-02
2647,E CARSON ST + 20TH,40.428643,-79.977481,near_side,15.931930014395574,shp-48-02
2649,S 18TH ST + SARAH ST,40.427948,-79.980684,near_side,11.667961073183458,shp-51-58
2651,S 18TH ST + EDWARDS WAY,40.425582,-79.980918,mid_block,NaN,shp-51-58
2652,S 18TH ST + JOSEPHINE ST,40.424843,-79.979924,mid_block,NaN,shp-51-58
2653,S 18TH ST + PIUS ST,40.424008,-79.977763,near_side,26.908623073753045,shp-51-58
2654,S 18TH ST + CROSSMAN ST FS,40.421745,-79.979358,mid_block,NaN,shp-51-58
2656,S 18TH ST + ST PATRICK ST,40.421488,-79.982507,mid_block,NaN,shp-51-58
2657,S 18TH ST + MONASTERY AVE,40.4217,-79.984288,mid_block,NaN,shp-51-58
2658,S 18TH ST + #2620,40.420859,-79.985839,mid_block,NaN,shp-51-58
2661,S 18TH ST + ARLINGTON AVE,40.417935,-79.986416,near_side,34.763368140517876,shp-51-58
2663,BROWNSVILLE RD + GOLDBACH WAY,40.415548,-79.987362,mid_block,NaN,shp-51-58
2665,BROWNSVILLE RD + MARLAND AVE,40.41212,-79.989641,mid_block,NaN,shp-51-58
2666,BROWNSVILLE RD + KNOX AVE,40.410832,-79.990221,near_side,12.01121650074132,shp-51-58
2667,BROWNSVILLE RD + MCKINLEY ST,40.408978,-79.991066,near_side,27.792892342347955,shp-51-58
2668,NEVILLE RAMP + CENTRE,40.452725,-79.949753,near_side,16.685471799893417,shp-P3-10
2670,ARLINGTON AVE + FREELAND,40.419179,-79.989129,mid_block,NaN,shp-48-51
2675,KNOX AVE + ROCHELLE,40.415178,-79.990587,mid_block,NaN,shp-44-52
2676,CHARLES ST + KNOX,40.416619,-79.990519,mid_block,NaN,shp-44-02
2677,CHARLES ST + GRIMES FS,40.416543,-79.993188,mid_block,NaN,shp-44-02
2680,MICHIGAN ST + BERND ST,40.415983,-79.998057,mid_block,NaN,shp-54-07
2681,BRERETON ST + 30TH,40.456493,-79.970284,mid_block,NaN,shp-54-51
2684,DOBSON ST + HANCOCK,40.457527,-79.965896,mid_block,NaN,shp-54-51
2685,DOBSON ST + HARDING,40.45793,-79.965047,mid_block,NaN,shp-54-51
2686,DOBSON ST + HERRON,40.45826,-79.964262,mid_block,NaN,shp-54-51
2690,LIBERTY AVE + CANOE,40.463092,-79.955382,mid_block,NaN,shp-86-51
2693,IVORY AVE + RODENBAUGH FS,40.497304,-80.017454,mid_block,NaN,shp-4-03
2695,IVORY AVE + NELSON RUN,40.496621,-80.014573,mid_block,NaN,shp-4-03
2697,IVORY AVE + CHERRYLAND,40.496434,-80.009008,mid_block,NaN,shp-4-03
2698,IVORY AVE + EVERGREEN,40.496066,-80.008083,mid_block,NaN,shp-4-03
27,FORBES AVE + HALKET ST (MAGEE HOSPITAL),40.438295,-79.961409,near_side,26.680329403389074,shp-61C-51
2709,MT TROY RD + GEYER,40.493714,-79.995076,mid_block,NaN,shp-4-03
2711,MT TROY RD + HOFFMAN,40.490721,-79.992101,mid_block,NaN,shp-4-03
2712,MT TROY RD + KLEMENTINA,40.489481,-79.992484,mid_block,NaN,shp-4-03
2713,MT TROY RD + MT TROY FLORAL (#3467),40.487644,-79.992033,mid_block,NaN,shp-4-03
2715,MT TROY RD + GARDENVIEW,40.485059,-79.991975,mid_block,NaN,shp-4-03
2718,MT TROY RD + KINKURA,40.479397,-79.987611,mid_block,NaN,shp-4-03
2719,MT TROY RD + FORNOFF,40.478464,-79.986385,mid_block,NaN,shp-4-03
2720,MT TROY RD + PIEFFERS STORE,40.476791,-79.987744,mid_block,NaN,shp-4-03
2722,MT TROY RD + #2722,40.473908,-79.986626,mid_block,NaN,shp-4-03
2723,MT TROY RD + #2637,40.47345,-79.985237,mid_block,NaN,shp-4-03
2726,MT TROY RD + HOMESTEAD,40.472433,-79.983036,mid_block,NaN,shp-4-03
2728,MT TROY RD + BECKERT,40.47025,-79.982254,mid_block,NaN,shp-4-03
2730,PITTVIEW AVE + TEUTONIA,40.469097,-79.982796,mid_block,NaN,shp-4-03
2732,RIALTO ST + TOURS,40.466575,-79.982417,mid_block,NaN,shp-4-03
2733,RIALTO ST + LEY,40.465977,-79.981941,mid_block,NaN,shp-4-03
2735,LOWRIE ST + FLECK,40.465979,-79.980952,mid_block,NaN,shp-4-51
2736,LOWRIE ST + NIGGEL,40.467695,-79.979873,mid_block,NaN,shp-4-51
2737,LOWRIE ST + HECKLEMAN,40.468706,-79.979071,mid_block,NaN,shp-4-03
2738,TROY HILL LOOP + LOWRIE,40.469269,-79.978632,mid_block,NaN,shp-4-03
2739,LOWRIE ST + HECKLEMAN,40.468793,-79.979091,mid_block,NaN,shp-4-03
2740,LOWRIE ST + NIGGEL,40.46771,-79.979952,mid_block,NaN,shp-4-51
2741,LOWRIE ST + SUNDEMAN,40.466273,-79.980834,mid_block,NaN,shp-4-03
2742,LOWRIE ST + CLAIM,40.463196,-79.983039,mid_block,NaN,shp-4-03
2745,TROY HILL RD + N CATHOLIC SCHOOL,40.46028,-79.985224,mid_block,NaN,shp-4-03
2746,TROY HILL RD + GOETTMAN,40.459788,-79.985873,mid_block,NaN,shp-4-03
2747,TROY HILL RD + PROVINCE FS,40.457562,-79.989446,mid_block,NaN,shp-4-03
2748,TROY HILL RD + VINIAL,40.456887,-79.991086,mid_block,NaN,shp-4-03
2749,TROY HILL RD + #1034,40.456259,-79.992296,mid_block,NaN,shp-4-03
2751,TROY HILL RD + CHESTNUT,40.455497,-79.994447,near_side,26.352813485006195,shp-4-03
2752,TROY HILL RD + CHESTNUT FS,40.455501,-79.994045,mid_block,NaN,shp-4-51
2753,TROY HILL RD + #1034,40.456318,-79.991996,mid_block,NaN,shp-4-51
2754,TROY HILL RD + VINIAL,40.456899,-79.990886,mid_block,NaN,shp-4-51
2755,TROY HILL RD + PROVINCE FS,40.457581,-79.989143,mid_block,NaN,shp-4-51
2756,TROY HILL RD + GOETTMAN,40.459686,-79.985831,mid_block,NaN,shp-4-51
2757,TROY HILL RD + N CATHOLIC SCHOOL,40.460376,-79.984952,mid_block,NaN,shp-4-51
2758,GARDNER ST + LOWRIE,40.461192,-79.984921,mid_block,NaN,shp-4-51
2760,LOWRIE ST + CLAIM,40.463119,-79.982999,mid_block,NaN,shp-4-51
2761,LOWRIE ST + FROMAN (LEY),40.464601,-79.981951,mid_block,NaN,shp-4-51
2762,LEY ST + COWLEY,40.465614,-79.981896,mid_block,NaN,shp-4-51
2763,RIALTO ST + TOURS,40.466569,-79.982324,mid_block,NaN,shp-4-51
2764,RIALTO ST + WICKLINES,40.467267,-79.982885,mid_block,NaN,shp-4-51
2765,PITTVIEW AVE + TEUTONIA,40.469022,-79.982813,mid_block,NaN,shp-4-51
2767,MT TROY RD + BECKERT,40.470198,-79.982134,mid_block,NaN,shp-4-51
2769,MT TROY RD + HOMESTEAD,40.472522,-79.982978,mid_block,NaN,shp-4-51
2771,MT TROY RD + LONSDALE,40.47377,-79.984078,mid_block,NaN,shp-4-51
2772,MT TROY RD + #2652,40.473447,-79.98524,mid_block,NaN,shp-4-51
2773,MT TROY RD + #2722,40.473907,-79.986534,mid_block,NaN,shp-4-51
2774,MT TROY RD + #2768,40.475278,-79.986928,mid_block,NaN,shp-4-51
2776,MT TROY RD + #2840,40.476891,-79.987588,mid_block,NaN,shp-4-51
2777,MT TROY RD + KINKURA,40.4795,-79.98763,mid_block,NaN,shp-4-51
2778,MT TROY RD + RIDGELAWN CEMETERY ENT,40.482084,-79.989472,mid_block,NaN,shp-4-51
2780,MT TROY RD + #3222,40.485641,-79.991881,mid_block,NaN,shp-4-51
2782,MT TROY RD + MOST HOLY NAME OF JESUS CEMETERY,40.488016,-79.992087,mid_block,NaN,shp-4-51
2783,MT TROY RD + KLEMENTINA,40.489475,-79.992393,mid_block,NaN,shp-4-51
2784,MT TROY RD + HOFFMAN,40.490628,-79.99198,mid_block,NaN,shp-4-51
2786,MT TROY RD + GEYER,40.493395,-79.994772,mid_block,NaN,shp-4-51
2788,MT TROY RD + ST MARY CEMETERY ENT,40.495528,-79.998956,mid_block,NaN,shp-4-51
2789,MT TROY RD + MT TROY EXT,40.495739,-80.000345,mid_block,NaN,shp-4-51
2798,IVORY AVE + EVERGREEN,40.496047,-80.007572,mid_block,NaN,shp-4-51
2799,IVORY AVE + CHERRYLAND,40.496491,-80.008984,mid_block,NaN,shp-4-51
28,FORBES AVE + MCKEE PL,40.43967,-79.9595,near_side,13.714230941243535,shp-61C-51
2807,ESSEN ST + PENFORT FS,40.473201,-80.002421,mid_block,NaN,shp-6-03
2808,ESSEN ST + SUNSET,40.473239,-80.000709,mid_block,NaN,shp-6-03
2809,SUNSET AVE + NORRIS,40.471256,-80.000823,mid_block,NaN,shp-6-03
2810,SUNSET AVE + SOUTH SIDE AVE,40.46952,-79.999343,mid_block,NaN,shp-6-03
2811,SOUTH SIDE AVE + LUELLA,40.469923,-79.997831,mid_block,NaN,shp-6-03
2813,SOUTH SIDE AVE + MATHIAS,40.470079,-79.995478,mid_block,NaN,shp-6-03
2815,RHINE ST + #2146,40.467547,-79.994811,mid_block,NaN,shp-6-03
2816,RHINE ST + BUENTE,40.466539,-79.99397,mid_block,NaN,shp-6-03
2817,BUENTE ST + RHINE,40.466137,-79.993025,mid_block,NaN,shp-6-03
2818,RHINE ST + STEINE,40.465325,-79.992226,mid_block,NaN,shp-6-03
2819,RHINE ST + YETTA FS,40.463398,-79.991437,mid_block,NaN,shp-6-03
2820,RHINE ST + ITIN,40.462603,-79.991035,mid_block,NaN,shp-6-03
2822,ITIN ST + GOEHRING,40.461071,-79.993394,mid_block,NaN,shp-6-03
2823,ITIN ST + HIGH,40.459737,-79.994697,mid_block,NaN,shp-6-03
2824,ITIN ST + SPRING GARDEN,40.45785,-79.995499,mid_block,NaN,shp-6-03
2825,CHESTNUT ST + TRIPOLI,40.456806,-79.995168,mid_block,NaN,shp-6-03
2826,CHESTNUT ST + SUISMON,40.45618,-79.994962,mid_block,NaN,shp-6-03
2827,CHESTNUT ST + PHINEAS (EAST OHIO),40.455502,-79.994728,near_side,14.210650948932777,shp-6-03
2833,PENN AVE + 11TH ST,40.44509,-79.993589,near_side,33.93327591832996,shp-86-02
2839,CHESTNUT ST + SUISMON,40.456217,-79.994905,mid_block,NaN,shp-6-51
2841,CHESTNUT ST + CONCORD,40.458356,-79.995364,mid_block,NaN,shp-6-51
2842,ITIN ST + HIGH,40.459767,-79.994776,mid_block,NaN,shp-6-51
2843,ITIN ST + GOEHRING,40.461051,-79.993325,mid_block,NaN,shp-6-51
2844,ITIN ST + DIANA,40.461801,-79.992148,mid_block,NaN,shp-6-51
2845,RHINE ST + ITIN FS,40.462896,-79.991054,mid_block,NaN,shp-6-51
2846,RHINE ST + YETTA,40.463652,-79.991429,mid_block,NaN,shp-6-51
2847,RHINE ST + STEINE,40.465241,-79.992032,mid_block,NaN,shp-6-51
2848,RHINE ST + BUENTE,40.466159,-79.992991,mid_block,NaN,shp-6-51
2849,RHINE ST + #2129,40.467004,-79.994291,mid_block,NaN,shp-6-51
2850,RHINE ST + #2146,40.467593,-79.994734,mid_block,NaN,shp-6-51
2852,MATHIAS ST+ SOUTHSIDE,40.470017,-79.995329,mid_block,NaN,shp-6-51
2854,SOUTH SIDE AVE + LUELLA,40.470072,-79.997637,mid_block,NaN,shp-6-51
2856,SUNSET AVE + NORRIS,40.471276,-80.000748,mid_block,NaN,shp-6-51
2858,COLBY ST + CHAPIN,40.489035,-80.006465,mid_block,NaN,shp-7-04
2859,CHAPIN ST + #354,40.489845,-80.004822,mid_block,NaN,shp-7-04
2860,RAMAGE RD + CHARLEMMA,40.49013,-80.003189,mid_block,NaN,shp-7-04
2861,RAMAGE RD + CHERRYWOOD,40.490693,-79.999871,mid_block,NaN,shp-7-04
2862,RAMAGE RD + SPRING GARDEN,40.492489,-79.996353,mid_block,NaN,shp-7-04
2863,SPRING GARDEN AVE + #3851,40.487666,-79.9973,mid_block,NaN,shp-7-04
2864,SPRING GARDEN AVE + #3681,40.485444,-79.996594,mid_block,NaN,shp-7-04
2865,SPRING GARDEN AVE + BEECH ST,40.4813,-79.99629,mid_block,NaN,shp-7-04
2866,SPRING GARDEN AVE + #3364,40.480614,-79.99606,mid_block,NaN,shp-7-04
2867,SPRING GARDEN AVE + LUKES ROAD HOUSE (#3254),40.478631,-79.995139,mid_block,NaN,shp-7-04
2869,SPRING GARDEN AVE + REEKES WAY,40.476317,-79.98939,mid_block,NaN,shp-7-04
2870,SPRING GARDEN AVE + GIDDY WAY,40.474632,-79.989122,mid_block,NaN,shp-7-04
2871,SPRING GARDEN AVE + REPPEL WAY,40.473031,-79.987768,mid_block,NaN,shp-7-04
2872,SPRING GARDEN AVE + MAUCH,40.471672,-79.98658,mid_block,NaN,shp-7-04
2873,SPRING GARDEN AVE + TRACYS DELI,40.469414,-79.985733,mid_block,NaN,shp-7-04
2875,SPRING GARDEN AVE AT SPRING GARDEN LOOP PNR,40.466396,-79.985291,mid_block,NaN,shp-7-04
2876,SPRING GARDEN AVE + LAGER,40.464188,-79.985947,mid_block,NaN,shp-7-04
2877,SPRING GARDEN AVE + OLD HONESTY,40.46218,-79.987237,mid_block,NaN,shp-7-04
2878,SPRING GARDEN AVE + TELL,40.46072,-79.988668,mid_block,NaN,shp-7-04
2880,SPRING GARDEN AVE + ARCOLA,40.460169,-79.991527,mid_block,NaN,shp-7-04
2881,SPRING GARDEN AVE + #1036,40.459331,-79.9937,mid_block,NaN,shp-7-04
2882,SPRING GARDEN AVE + CONSTANCE,40.458007,-79.994643,mid_block,NaN,shp-7-04
289,BROWNS LN + MCKNIGHT RD FS,40.545836,-80.017418,far_side,40.06491549584848,shp-12-51
2898,SPRING GARDEN AVE + MONETA,40.457833,-79.994901,mid_block,NaN,shp-7-51
2899,SPRING GARDEN AVE + #1043,40.459212,-79.993701,mid_block,NaN,shp-7-51
29,FORBES AVE + ATWOOD ST,40.440987,-79.957685,near_side,14.42661245416435,shp-61C-51
2900,SPRING GARDEN AVE + ARCOLA WAY,40.4601,-79.991644,mid_block,NaN,shp-7-51
2902,SPRING GARDEN AVE + TELL ST,40.460707,-79.988478,mid_block,NaN,shp-7-51
2903,SPRING GARDEN AVE + OLD HONESTY ST,40.461995,-79.987257,mid_block,NaN,shp-7-51
2905,SPRING GARDEN AVE OPP SPRING GARDEN LOOP PNR,40.466589,-79.985194,mid_block,NaN,shp-7-51
2907,SPRING GARDEN AVE + MAUCH,40.471602,-79.986448,mid_block,NaN,shp-7-51
2908,SPRING GARDEN AVE + REPPEL WAY,40.472791,-79.987512,mid_block,NaN,shp-7-51
291,BROWNS LN + CORBETT DR,40.54572,-80.020017,mid_block,NaN,shp-12-51
2910,SPRING GARDEN AVE + REEKES WAY,40.476272,-79.989269,mid_block,NaN,shp-7-51
2912,SPRING GARDEN RD + #3253,40.478432,-79.994914,mid_block,NaN,shp-7-51
2913,SPRING GARDEN AVE + FIRE HOUSE (#3367),40.480436,-79.995917,mid_block,NaN,shp-7-51
2914,SPRING GARDEN AVE + BEECH ST,40.481195,-79.996182,mid_block,NaN,shp-7-51
2915,SPRING GARDEN AVE + #3681,40.485347,-79.996505,mid_block,NaN,shp-7-51
2916,SPRING GARDEN AVE + #3851,40.48791,-79.997138,mid_block,NaN,shp-7-51
2917,RAMAGE RD + CHERRYWOOD FS,40.49068,-80.000034,mid_block,NaN,shp-7-51
2918,RAMAGE RD + CHARLEMMA,40.490137,-80.002969,mid_block,NaN,shp-7-51
2919,CHAPIN ST + COLBY,40.489296,-80.006546,mid_block,NaN,shp-7-51
292,CORBETT DR + TOWNE TOWERS NORTH,40.546592,-80.020111,mid_block,NaN,shp-12-51
293,CORBETT DR + CLUB JULIAN SPA,40.548188,-80.020068,mid_block,NaN,shp-12-51
30,CASSWELL,40.349336,-80.033811,mid_block,NaN,shp-RED-51
31,FORBES AVE + BIGELOW BLVD (SCHENLEY DR),40.443052,-79.953835,near_side,35.553971620181784,shp-61C-51
3102,MCKNIGHT RD + PEEBLES RD,40.554336,-80.021052,near_side,9.31610071001411,shp-O12-52
3123,HIGHLAND AVE + HAMPTON,40.473884,-79.919162,mid_block,NaN,shp-71B-01
3124,HIGHLAND AVE + WELLESLEY,40.472637,-79.919746,mid_block,NaN,shp-71B-01
3125,HIGHLAND AVE + JACKSON,40.471209,-79.920396,mid_block,NaN,shp-71B-01
3126,HIGHLAND AVE + STANTON,40.469802,-79.921045,near_side,12.914487436795051,shp-71B-01
3127,HIGHLAND AVE + HAYS,40.468209,-79.921783,mid_block,NaN,shp-71B-01
3128,HIGHLAND AVE + EAST LIBERTY BLVD,40.46648,-79.922588,near_side,40.72565178915612,shp-71B-01
3133,PENN AVE + HIGHLAND AVE,40.461453,-79.925052,near_side,25.682476981338,shp-71C-N4
3137,HIGHLAND AVE + ELLWOOD,40.45507,-79.925384,mid_block,NaN,shp-71B-01
3138,HIGHLAND AVE + WALNUT,40.454233,-79.925407,near_side,12.09705789085179,shp-71B-01
3139,HIGHLAND AVE + HOWE,40.45341,-79.924941,mid_block,NaN,shp-71B-01
3140,HIGHLAND AVE + 5TH,40.452057,-79.924126,near_side,22.90165178656973,shp-71B-01
3141,FIFTH AVE + COLLEGE,40.451301,-79.925696,mid_block,NaN,shp-71D-02
3142,FIFTH AVE + MARYLAND,40.450605,-79.927407,near_side,15.201425685649417,shp-71D-02
3143,FIFTH AVE + NEGLEY,40.449917,-79.92956,near_side,13.795642869975081,shp-71D-02
3144,FIFTH AVE + BELLEFONTE,40.449009,-79.932498,mid_block,NaN,shp-71D-02
3145,FIFTH AVE + AIKEN,40.448493,-79.934101,near_side,14.886518554815,shp-71D-02
3147,FIFTH AVE + MOULTRIE ST FS,40.438082,-79.974544,mid_block,NaN,shp-71B-01
3148,FIFTH AVE + SENECA ST,40.438191,-79.975796,mid_block,NaN,shp-61C-01
3149,FIFTH AVE + WYANDOTTE ST,40.438275,-79.977362,near_side,34.33869618954381,shp-71B-01
3150,FIFTH AVE + GIST ST,40.438346,-79.97936,mid_block,NaN,shp-71B-01
3151,FIFTH AVE + DINWIDDIE ST,40.438397,-79.980639,near_side,16.526165436377628,shp-71B-01
3152,FIFTH AVE + VAN BRAAM ST,40.438469,-79.982426,mid_block,NaN,shp-61C-01
3154,FIFTH AVE + PRIDE ST,40.438587,-79.984852,near_side,23.62378265827449,shp-71B-01
3155,FIFTH AVE + STEVENSON ST,40.438646,-79.986237,near_side,23.389791671320882,shp-71B-01
3156,FIFTH AVE + MAGEE ST,40.438698,-79.988113,near_side,17.277093523655005,shp-61C-01
3157,FIFTH AVE + WASHINGTON PL,40.438843,-79.990669,near_side,31.045094360146834,shp-61C-01
3162,CALIFORNIA AVE OPP ST MARKS PLACE,40.458842,-80.021283,mid_block,NaN,shp-13-54
3163,CALIFORNIA AVE + COLUMBUS AVE BRIDGE,40.458794,-80.02329,mid_block,NaN,shp-13-54
3164,CALIFORNIA AVE + KUNKLE WAY,40.459939,-80.025195,mid_block,NaN,shp-13-54
3165,CALIFORNIA AVE + STRANMORE ST,40.460391,-80.02659,mid_block,NaN,shp-13-54
3166,CALIFORNIA AVE + MARVISTA ST,40.461141,-80.028593,mid_block,NaN,shp-13-54
3173,FREEPORT RD + COMFORT INN,40.538296,-79.83271,mid_block,NaN,shp-1-52
3174,FREEPORT RD + ALPHA DR W,40.537945,-79.834557,near_side,22.41956334134795,shp-1-52
3175,FREEPORT RD + TARGET (HARMAR),40.537572,-79.83664,mid_block,NaN,shp-1-52
3177,FREEPORT RD + VALLEY MOTEL,40.535428,-79.842594,mid_block,NaN,shp-1-52
3178,FREEPORT RD + GUYS RUN RD,40.534012,-79.844813,near_side,15.538473710826345,shp-1-52
3179,FREEPORT RD + HULTON BRIDGE NS,40.528983,-79.850181,near_side,12.715112496848546,shp-1-52
318,MCCANDLESS PARK AND RIDE,40.586572,-80.030184,mid_block,NaN,shp-12-51
3180,FREEPORT RD + #2238,40.526393,-79.851014,mid_block,NaN,shp-1-52
3183,FREEPORT RD + CLIFTON,40.49957,-79.852991,mid_block,NaN,shp-1-52
3185,FREEPORT RD + BOYD,40.498219,-79.854585,mid_block,NaN,shp-1-52
3186,FREEPORT RD + LEWIS FS,40.49728,-79.855794,mid_block,NaN,shp-1-52
3187,FREEPORT RD + HUMBOLDT,40.496346,-79.857063,mid_block,NaN,shp-1-52
3188,FREEPORT RD + CABLE,40.494728,-79.85936,mid_block,NaN,shp-1-52
3189,FREEPORT RD + MCKINLEY,40.494002,-79.860896,mid_block,NaN,shp-1-52
3190,FREEPORT RD + BLAW,40.492969,-79.862948,near_side,11.605770693562256,shp-1-52
3191,FREEPORT + CENTER (BLAWNOX),40.492051,-79.864863,near_side,12.307401458466773,shp-1-52
3192,FREEPORT RD + ALPHA (RIDC PARK),40.491591,-79.865783,near_side,19.11675902123514,shp-1-52
3195,FREEPORT RD + E OAK HILL RD,40.489329,-79.875036,mid_block,NaN,shp-75-01
3196,FREEPORT RD + S OAK HILL RD,40.488955,-79.876906,mid_block,NaN,shp-75-01
3197,FREEPORT RD + #1150,40.488158,-79.879419,mid_block,NaN,shp-75-01
3198,FREEPORT RD + FOX CHAPEL RD NS (PLAZA DRVWY),40.48787,-79.880675,mid_block,NaN,shp-75-01
32,BELLEFIELD AVE + BOARD OF EDUCATION,40.444399,-79.950906,mid_block,NaN,shp-58-51
320,INGOMAR RD + SARATOGA DR,40.58408,-80.028099,mid_block,NaN,shp-O12-02
3203,WATERWORKS MALL + GIANT EAGLE,40.487668,-79.893924,mid_block,NaN,shp-91-03
3205,FREEPORT RD + VIRGINIA AVE FS,40.488464,-79.899564,mid_block,NaN,shp-91-03
3206,FREEPORT RD + BRILLIANT AVE,40.488856,-79.900961,near_side,14.550971854536321,shp-91-03
3207,FREEPORT RD + EASTERN AVE,40.48945,-79.903171,mid_block,NaN,shp-91-03
3208,FREEPORT RD + CENTER AVE (ASPINWALL),40.489935,-79.904907,mid_block,NaN,shp-91-03
3210,FREEPORT RD + ORIGINAL MATRESS FACTORY,40.492023,-79.909084,mid_block,NaN,shp-91-03
3214,BUTLER ST + JANCEY ST (STEPS),40.488767,-79.924263,mid_block,NaN,shp-87-04
3219,BUTLER ST ST + GALLATIN,40.488174,-79.921669,mid_block,NaN,shp-87-04
322,MCKNIGHT RD + ARCADIA DR,40.576656,-80.026146,near_side,33.77782853498807,shp-12-02
323,CUMBERLAND RD + LANCELOT DR,40.572107,-80.022649,mid_block,NaN,shp-12-02
3230,MELLON TERRACE + N NEGLEY AVE,40.479594,-79.921964,mid_block,NaN,shp-71A-02
3234,CALIFORNIA AVE + STRANMORE ST,40.460443,-80.026952,mid_block,NaN,shp-13-02
3235,CALIFORNIA AVE + KUNKLE WAY,40.460087,-80.025955,mid_block,NaN,shp-13-02
3236,CALIFORNIA AVE + COLUMBUS AVE BRIDGE,40.458827,-80.023582,mid_block,NaN,shp-13-02
3237,CALIFORNIA AVE + ST MARKS PLACE,40.458772,-80.021297,mid_block,NaN,shp-13-02
3238,CALIFORNIA AVE + MARQUIS WAY,40.459355,-80.018436,mid_block,NaN,shp-13-02
3241,FORBES AVE + BOYD ST (DUQUESNE UNIV),40.437995,-79.993535,mid_block,NaN,shp-71B-51
3242,FORBES AVE + MCANULTY DR,40.43795,-79.991234,near_side,22.916789538538247,shp-71B-51
3245,FORBES AVE + PRIDE ST (MERCY HOSPITAL),40.437633,-79.985293,near_side,19.15003310911792,shp-71B-51
3246,FORBES AVE + VAN BRAAM ST,40.437528,-79.982842,near_side,19.42091221288881,shp-71B-51
3247,FORBES AVE + MILTENBERGER ST,40.437476,-79.981691,near_side,28.179947262949934,shp-71B-51
3248,FORBES AVE + GIST ST,40.437387,-79.979635,near_side,14.800160413325662,shp-71B-51
3249,JUMONVILLE ST + WATSON,40.437729,-79.977658,far_side,43.61979846104287,shp-71B-51
325,CUMBERLAND RD + FOX HUNT DR,40.571888,-80.018456,mid_block,NaN,shp-12-02
3250,FIFTH AVE + SENECA ST,40.438118,-79.976007,mid_block,NaN,shp-71B-51
3251,FIFTH AVE + MOULTRIE,40.437998,-79.974606,mid_block,NaN,shp-71B-51
3252,FIFTH AVE + BIRMINGHAM BRIDGE,40.437748,-79.972942,ambiguous,6.875152399947054,shp-71B-51
3253,FIFTH AVE + TENNYSON AVE,40.445465,-79.953224,near_side,15.443294048666319,shp-71A-51
3254,FIFTH AVE + BELLEFIELD,40.446282,-79.952095,near_side,32.397971979268114,shp-71A-51
3255,FIFTH AVE + S AIKEN,40.448296,-79.934387,near_side,23.913904283785,shp-71D-52
3256,FIFTH AVE + BELLEFONTE,40.448985,-79.932213,mid_block,NaN,shp-71D-52
3257,FIFTH AVE + NEGLEY,40.449741,-79.929775,near_side,17.560108114969605,shp-71D-52
3258,FIFTH AVE + MARYLAND,40.450439,-79.927538,near_side,8.38718449578968,shp-71D-52
3259,FIFTH AVE + COLLEGE,40.451085,-79.925929,mid_block,NaN,shp-71D-52
3261,HIGHLAND AVE + HOWE,40.453237,-79.924715,mid_block,NaN,shp-71B-51
3262,HIGHLAND AVE + WALNUT,40.454105,-79.925237,near_side,11.59749262547947,shp-71B-51
3263,HIGHLAND AVE + ELWOOD,40.455145,-79.925271,mid_block,NaN,shp-71B-51
3265,HIGHLAND AVE + ALDER,40.45707,-79.92516,near_side,6.995999258090323,shp-71B-51
3267,HIGHLAND AVE + BAUM BLVD,40.460348,-79.92493,far_side,46.657517483888206,shp-71B-51
3268,HIGHLAND AVE + PENN,40.461264,-79.924789,near_side,16.934124852874564,shp-71B-51
327,MCKNIGHT RD + CUMBERLAND RD,40.572292,-80.023789,near_side,8.430423161957451,shp-O12-02
3270,HIGHLAND AVE + STATION ST,40.463612,-79.923811,near_side,15.776530239165476,shp-71B-51
3272,HIGHLAND AVE + EAST LIBERTY BLVD,40.465716,-79.922805,near_side,6.309683983758325,shp-71B-51
3274,HIGHLAND AVE + STANTON,40.469594,-79.921019,near_side,10.430185007917505,shp-71B-51
3275,HIGHLAND AVE + JACKSON,40.47104,-79.920347,mid_block,NaN,shp-71B-51
3276,HIGHLAND AVE + WELLESLEY,40.472346,-79.919742,mid_block,NaN,shp-71B-51
3277,HIGHLAND AVE + HAMPTON,40.473348,-79.919282,mid_block,NaN,shp-71B-51
3278,HIGHLAND AVE + BRYANT CT,40.474412,-79.91879,mid_block,NaN,shp-71B-51
3285,BAKER ST + BALLARD WAY,40.487378,-79.920339,mid_block,NaN,shp-75-01
3287,BUTLER ST + GALLATIN,40.488408,-79.922283,mid_block,NaN,shp-87-52
329,MCKNIGHT RD + PERRYMONT RD,40.558319,-80.023613,near_side,3.9326852551768567,shp-O12-02
3292,BUTLER ST + JANCEY ST (STEPS),40.488852,-79.924206,mid_block,NaN,shp-87-52
3294,BUTLER ST + 62ND ST BRIDGE FS,40.488085,-79.938239,mid_block,NaN,shp-91-03
33,FIFTH AVE + TENNYSON AVE,40.44574,-79.953102,near_side,18.164166643163334,shp-71A-02
3302,OLD FREEPORT TERMINUS + FREEPORT,40.490139,-79.869972,mid_block,NaN,shp-75-01
3304,FREEPORT RD + WESTERN AVE,40.490614,-79.907452,far_side,14.854681116680062,shp-91-52
3305,FREEPORT RD + CENTER AVE,40.490011,-79.90552,near_side,10.243678254745316,shp-91-52
3306,FREEPORT RD + EASTERN AVE,40.48948,-79.903626,mid_block,NaN,shp-91-52
3307,FREEPORT RD + BRILLIANT AVE FS,40.488691,-79.900748,far_side,41.06571866025837,shp-91-52
3308,FREEPORT RD + ST MARGARETS DR,40.487252,-79.895639,near_side,14.31862992984832,shp-91-52
3309,FREEPORT RD + OLD FREEPORT RD (FOX CHAPEL RD),40.487441,-79.883056,near_side,16.997543353946508,shp-75-55
331,CUMBERLAND RD + FOX HUNT DR,40.57196,-80.018435,mid_block,NaN,shp-12-51
333,CUMBERLAND RD + LANCELOT DR,40.57217,-80.022438,mid_block,NaN,shp-12-51
3332,MT ROYAL BLVD + DEHAVEN,40.551157,-79.971515,mid_block,NaN,shp-2-01
3333,MT ROYAL BLVD + GRANDVIEW,40.550249,-79.971527,mid_block,NaN,shp-2-01
3334,MT ROYAL BLVD + ELFINWILD LANE,40.549296,-79.97184,mid_block,NaN,shp-2-01
3335,MT ROYAL BLVD + EADE,40.546607,-79.972393,mid_block,NaN,shp-2-01
3336,MT ROYAL BLVD + BRIDAL,40.545101,-79.97242,mid_block,NaN,shp-2-01
3337,MT ROYAL BLVD + ROYALCOURT,40.542829,-79.97237,mid_block,NaN,shp-2-01
3338,MT ROYAL BLVD + HARTLE,40.541251,-79.972346,mid_block,NaN,shp-2-01
334,MCKNIGHT RD + ARCADIA DR FS,40.576748,-80.02597,far_side,43.31209571187049,shp-12-51
3340,MT ROYAL BLVD + SCOTT,40.539237,-79.972297,mid_block,NaN,shp-2-01
3341,MT ROYAL BLVD + WOODLAND,40.537915,-79.972177,mid_block,NaN,shp-2-01
3342,MT ROYAL BLVD + IOLA,40.536852,-79.971499,mid_block,NaN,shp-2-01
3343,MT ROYAL BLVD + VILSACK,40.535901,-79.970755,near_side,33.23382860170031,shp-2-01
3344,MT ROYAL BLVD + MOREWOOD,40.534672,-79.969782,mid_block,NaN,shp-2-01
3345,MT ROYAL BLVD + MCELHENY,40.532624,-79.968151,mid_block,NaN,shp-2-01
3346,MT ROYAL BLVD + SHAW,40.529669,-79.965828,mid_block,NaN,shp-2-01
3347,MT ROYAL BLVD + CAMPBELL,40.526573,-79.963528,mid_block,NaN,shp-2-01
3348,MT ROYAL BLVD + WETZELL,40.524902,-79.962257,near_side,26.82289299371834,shp-2-01
3351,MT ROYAL BLVD + W GLENN FS,40.521357,-79.959632,mid_block,NaN,shp-2-01
3353,MT ROYAL BLVD + BRAUN,40.519035,-79.959015,mid_block,NaN,shp-2-01
3354,MT ROYAL BLVD + GENESSEE FS,40.517483,-79.959014,mid_block,NaN,shp-2-01
3355,MT ROYAL BLVD + UNDERCLIFF,40.515911,-79.959122,mid_block,NaN,shp-2-01
3357,MT ROYAL BLVD + WILJOHN,40.514046,-79.959091,mid_block,NaN,shp-2-01
3358,MT ROYAL BLVD + PENNVIEW,40.512321,-79.95802,mid_block,NaN,shp-2-01
3359,MT ROYAL BLVD + IRENE,40.510693,-79.956893,mid_block,NaN,shp-2-01
3360,GRANT AVE + BYERLEY,40.508183,-79.951881,mid_block,NaN,shp-2-01
3362,GRANT AVE + VILSACK,40.505177,-79.949951,mid_block,NaN,shp-2-01
3363,GRANT AVE + WILSON,40.504208,-79.949249,mid_block,NaN,shp-2-01
3366,BUTLER ST + MAPLEWOOD,40.499024,-79.943899,mid_block,NaN,shp-2-01
3367,BUTLER ST + HIGH,40.497897,-79.943953,near_side,12.88639473686169,shp-2-01
3368,BUTLER ST + FREEPORT,40.496565,-79.94411,near_side,8.866021280662519,shp-2-01
3369,BUTLER ST + CENTER,40.495332,-79.945575,mid_block,NaN,shp-1-52
337,MCKNIGHT RD + CUMBERLAND RD,40.571861,-80.023438,near_side,12.282637371492685,shp-O12-52
3370,BUTLER ST + ISABELLA,40.494532,-79.946454,mid_block,NaN,shp-1-52
3371,BUTLER ST + WASHINGTON ST,40.493606,-79.947985,near_side,13.155881244896802,shp-1-52
3374,FERGUSON RD + THOMPSON RUN RD FS,40.565739,-79.998253,mid_block,NaN,shp-2-01
3375,FERGUSON RD + FOXCROFT,40.565075,-79.995804,mid_block,NaN,shp-2-01
3377,FERGUSON RD + GUYTON,40.564919,-79.992843,mid_block,NaN,shp-2-01
3378,FERGUSON RD + POST,40.563795,-79.990021,mid_block,NaN,shp-2-01
3379,FERGUSON RD + LAMMERTON,40.561237,-79.987555,mid_block,NaN,shp-2-01
3380,FERGUSON RD + LINWOOD #1,40.558149,-79.984849,mid_block,NaN,shp-2-01
3381,FERGUSON RD + OHIO,40.557338,-79.978771,mid_block,NaN,shp-2-01
3382,FERGUSON RD + SWEENEY,40.55785,-79.975678,mid_block,NaN,shp-2-01
3383,FERGUSON RD + LINWOOD #2,40.557117,-79.973527,mid_block,NaN,shp-2-01
3384,FERGUSON RD + MT ROYAL,40.555184,-79.971386,mid_block,NaN,shp-2-01
34,FIFTH AVE + UNIVERSITY PL,40.443874,-79.955668,near_side,10.292676336609404,shp-71A-02
3401,BUTLER ST + 39TH,40.467679,-79.9637,mid_block,NaN,shp-91-03
3414,PARKER ST + HILL,40.494351,-79.956596,mid_block,NaN,shp-2-01
3417,MT ROYAL BLVD + HARTLE,40.541268,-79.972272,mid_block,NaN,shp-2-52
3418,MT ROYAL BLVD + HAMPTON AVE,40.55433,-79.971164,mid_block,NaN,shp-2-52
3422,PARKER ST + HILL,40.494284,-79.956618,mid_block,NaN,shp-2-52
3424,FERGUSON RD + WYLAND,40.561745,-79.987548,mid_block,NaN,shp-2-52
3428,FOREST GROVE RD + CORAOPOLIS RD,40.481175,-80.106514,mid_block,NaN,shp-20-57
3429,CORAOPOLIS RD + DOROTHY,40.483095,-80.107229,mid_block,NaN,shp-20-57
3430,CORAOPOLIS RD + #28,40.484056,-80.106992,mid_block,NaN,shp-20-05
3431,CORAOPOLIS RD + PORTER HOLLOW,40.48619,-80.106471,mid_block,NaN,shp-20-57
3432,CORAOPOLIS RD + EHLE AVE,40.487941,-80.10699,mid_block,NaN,shp-20-57
3434,CORAOPOLIS RD + LONG VALLEY,40.489929,-80.109089,mid_block,NaN,shp-20-57
3436,CORAOPOLIS RD + HWY RT 51,40.491904,-80.111687,mid_block,NaN,shp-20-05
3438,HERBST RD + #235,40.499532,-80.11516,mid_block,NaN,shp-20-57
3439,HERBST RD + #225,40.499466,-80.116578,mid_block,NaN,shp-20-05
3443,HERBST RD + DOWNS,40.492833,-80.118277,mid_block,NaN,shp-20-05
3445,HERBST RD + VIGNE,40.489527,-80.119555,mid_block,NaN,shp-20-57
3448,HERBST RD + GRANT,40.486903,-80.115178,mid_block,NaN,shp-20-05
3452,HERBST RD + FOREST GROVE,40.482228,-80.111894,mid_block,NaN,shp-20-57
3453,FOREST GROVE RD + SPEER,40.481812,-80.10984,mid_block,NaN,shp-20-57
3454,FOREST GROVE RD + #324 (FLAMINGO LANDSCAPE),40.480961,-80.10614,mid_block,NaN,shp-20-57
3455,FOREST GROVE RD + DIEBOLD RD,40.479599,-80.104187,mid_block,NaN,shp-20-57
3456,FOREST GROVE RD + MIDWAY,40.477795,-80.102852,mid_block,NaN,shp-20-57
3458,FOREST GROVE RD + FAIRHAVEN,40.475708,-80.099249,near_side,35.255613425040785,shp-20-05
3459,MCCOY RD + #1044,40.476633,-80.09678,mid_block,NaN,shp-22-01
3461,MCCOY RD + GREENWOOD,40.477992,-80.094076,mid_block,NaN,shp-22-01
3463,MCCOY RD + WARBLER,40.4804,-80.090987,mid_block,NaN,shp-22-01
3464,MCCOY RD + KENNEDY,40.480428,-80.089629,mid_block,NaN,shp-22-01
3466,MCCOY RD + AL SMITH,40.479946,-80.085518,mid_block,NaN,shp-22-01
3467,MCCOY RD + NEVILLE,40.479733,-80.08387,mid_block,NaN,shp-22-01
3468,MCCOY RD + #723,40.480808,-80.081358,mid_block,NaN,shp-22-01
3469,MCCOY RD + HILLCREST,40.480699,-80.079217,mid_block,NaN,shp-22-01
3470,MCCOY RD + JEFFERSON,40.479688,-80.078663,mid_block,NaN,shp-22-01
3472,MCCOY RD + DUNN,40.475629,-80.072771,mid_block,NaN,shp-22-01
3475,MCCOY RD + ISLAND,40.475764,-80.065353,near_side,28.433806265923533,shp-22-01
3476,FAIRHAVEN RD + KENMAWR PLAZA ENT,40.475023,-80.099363,mid_block,NaN,shp-22-55
3478,FAIRHAVEN RD + #63,40.470546,-80.100145,mid_block,NaN,shp-22-55
3479,KENNEDY CTR GIANT EAGLE + ENTRANCE,40.46788,-80.09716,mid_block,NaN,shp-24-04
3482,HECKLE RD + OHIO VALLEY HOSPITAL ENTRANCE,40.471759,-80.091657,mid_block,NaN,shp-24-04
3483,HECKLE RD + PINE HOLLOW,40.474942,-80.095929,mid_block,NaN,shp-24-04
3484,PINE HOLLOW + MCCOY,40.475373,-80.096834,mid_block,NaN,shp-20-57
3487,MCCOY RD + DUNN,40.475651,-80.072707,mid_block,NaN,shp-22-55
3489,MCCOY RD + JEFFERSON,40.479544,-80.07849,mid_block,NaN,shp-22-55
3490,MCCOY RD + SHAFTER,40.480791,-80.079169,mid_block,NaN,shp-22-55
3491,MCCOY RD + #724,40.480859,-80.081411,mid_block,NaN,shp-22-55
3493,MCCOY RD + LENORE,40.48002,-80.08562,mid_block,NaN,shp-22-55
3496,MCCOY RD + WARBLER,40.480464,-80.09092,mid_block,NaN,shp-22-55
3498,MCCOY RD + GREENWOOD,40.478088,-80.093998,mid_block,NaN,shp-22-55
35,FIFTH AVE + THACKERAY AVE,40.443282,-79.956511,near_side,15.493348675357002,shp-71A-02
3500,MCCOY RD + #1044,40.476684,-80.096848,mid_block,NaN,shp-22-55
3502,FOREST GROVE RD + STARLING,40.47574,-80.098754,near_side,20.201844348410283,shp-20-57
3503,FOREST GROVE RD + #1764 (PLAZA),40.476234,-80.100788,mid_block,NaN,shp-20-57
3504,FOREST GROVE RD + MIDWAY,40.477876,-80.102765,mid_block,NaN,shp-20-57
3505,FOREST GROVE RD + ST MALACHY CHURCH,40.479858,-80.104234,mid_block,NaN,shp-20-05
3507,HECKEL RD + KENMAWR PLAZA,40.473517,-80.094421,mid_block,NaN,shp-24-54
3508,HECKLE RD + OHIO VALLEY HOSPITAL ENTRANCE,40.471688,-80.091671,mid_block,NaN,shp-24-54
3511,FAIRHAVEN RD + #59,40.47095,-80.10011,mid_block,NaN,shp-22-01
3513,FAIRHAVEN RD + KENMAWR PLAZA ENTRANCE (SHELTER),40.474821,-80.099333,mid_block,NaN,shp-22-01
3551,HELEN ST + ELLA,40.47397,-80.057317,mid_block,NaN,shp-22-01
3552,HELEN ST + CATHERINE,40.472795,-80.056347,mid_block,NaN,shp-22-01
3554,HELEN ST + ROBB (MUNSON),40.470665,-80.054687,mid_block,NaN,shp-22-01
3556,RIVER AVE + W CARSON NS,40.465422,-80.053341,mid_block,NaN,shp-22-01
3570,RIVER AVE + MARINA,40.466238,-80.05269,mid_block,NaN,shp-22-55
3572,RIVER AVE + RAILROAD UNDERPASS,40.470385,-80.053927,mid_block,NaN,shp-22-55
3573,ROBB ST + HELEN,40.470637,-80.054546,mid_block,NaN,shp-22-55
3574,HELEN ST + SPROUL,40.47151,-80.055306,mid_block,NaN,shp-22-55
3575,HELEN ST + CATHERINE,40.472643,-80.056236,mid_block,NaN,shp-22-55
3576,HELEN ST + ELLA,40.474345,-80.057502,mid_block,NaN,shp-22-55
3593,SILVER LANE + FALCK,40.462846,-80.139556,mid_block,NaN,shp-24-54
3596,SILVER LANE + DIANA,40.459423,-80.138807,mid_block,NaN,shp-24-54
36,FIFTH AVE + ATWOOD ST,40.441902,-79.958443,near_side,14.050489188953392,shp-71A-51
3600,BEAVER GRADE RD + AIKEN,40.455161,-80.136333,mid_block,NaN,shp-24-54
3601,STEUBENVILLE PIKE + BEAVER GRADE FS,40.451885,-80.13311,mid_block,NaN,shp-29-01
3602,STEUBENVILLE PIKE + WEST HILLS PLAZA,40.451543,-80.13158,mid_block,NaN,shp-29-01
3605,STEUBENVILLE PIKE + OMEGA DR,40.448852,-80.122683,mid_block,NaN,shp-29-01
3609,CHARTIERS AVE EXT + HOWARD,40.467933,-80.084366,mid_block,NaN,shp-20-05
3611,CHARTIERS AVE EXT + #1536,40.467038,-80.081807,mid_block,NaN,shp-20-05
3612,CHARTIERS AVE EXT + STATE,40.466664,-80.079769,mid_block,NaN,shp-20-05
3617,CHARTIERS AVE + AMELIA,40.464879,-80.068538,mid_block,NaN,shp-20-05
3620,BROADWAY ST + 3RD,40.467846,-80.067358,mid_block,NaN,shp-24-04
3621,BROADWAY ST + WAYNE,40.469253,-80.069234,mid_block,NaN,shp-24-04
3622,BROADWAY ST + CHARLES,40.470432,-80.070792,mid_block,NaN,shp-24-04
3623,BROADWAY ST + DALE,40.47182,-80.072652,mid_block,NaN,shp-24-04
3629,CHARTIERS AVE + MARGARET,40.46576,-80.064176,mid_block,NaN,shp-24-04
3633,CHARTIERS AVE + MARGARET,40.46581,-80.063944,mid_block,NaN,shp-24-54
3634,CHARTIERS AVE + BROADWAY AVE,40.465738,-80.066156,near_side,26.134190296441254,shp-24-54
3635,CHARTIERS AVE + AMELIA NS,40.465018,-80.068155,mid_block,NaN,shp-20-57
3636,CHARTIERS AVE + CRAWFORD,40.464972,-80.070591,mid_block,NaN,shp-20-57
3638,CHARTIERS AVE + SINGER,40.465004,-80.073953,near_side,28.148742889450414,shp-20-57
3644,BROADWAY ST + DALE,40.471866,-80.07254,mid_block,NaN,shp-24-54
3645,BROADWAY ST + CHARLES,40.470256,-80.070404,mid_block,NaN,shp-24-54
3646,BROADWAY ST + WAYNE,40.469222,-80.069028,mid_block,NaN,shp-24-54
3647,BROADWAY ST + 3RD,40.467451,-80.066959,mid_block,NaN,shp-24-54
3648,BROADWAY ST +LAKE,40.466068,-80.066513,mid_block,NaN,shp-24-04
3649,CHARTIERS AVE EXT + OWEN,40.466554,-80.077099,mid_block,NaN,shp-20-57
3650,CHARTIERS AVE EXT + STATE,40.466716,-80.079731,mid_block,NaN,shp-20-57
3651,CHARTIERS AVE EXT + #1536,40.467084,-80.081779,mid_block,NaN,shp-20-57
3653,CHARTIERS AVE EXT + HOWARD,40.46791,-80.084113,mid_block,NaN,shp-20-57
3655,CHARTIERS AVE EXT + HECKLE,40.4706,-80.091064,mid_block,NaN,shp-20-57
3671,CLEVER RD + PATRICIA PARK,40.469416,-80.101537,mid_block,NaN,shp-24-04
3675,PINE HOLLOW RD + #1625 (Mickeys Place),40.475581,-80.085777,mid_block,NaN,shp-24-04
3676,BROADWAY ST + 15TH,40.47533,-80.081848,mid_block,NaN,shp-24-04
3677,BROADWAY ST + 14TH,40.474985,-80.080833,mid_block,NaN,shp-24-04
3678,BROADWAY ST + 13TH,40.474618,-80.079753,mid_block,NaN,shp-24-04
3680,BROADWAY ST + 9TH FS,40.473437,-80.076289,mid_block,NaN,shp-24-04
3687,BROADWAY ST + 13TH,40.474699,-80.079705,mid_block,NaN,shp-24-54
3688,BROADWAY ST + 14TH,40.474999,-80.080594,mid_block,NaN,shp-24-54
3689,BROADWAY ST + 15TH,40.475305,-80.081494,mid_block,NaN,shp-24-54
3690,BROADWAY ST + PINE HOLLOW,40.475651,-80.083726,mid_block,NaN,shp-24-54
3693,CLEVER RD + PATRICIA PARK,40.469768,-80.100838,mid_block,NaN,shp-24-54
3698,CLEVER RD + FIELDCLUB,40.46888,-80.126389,mid_block,NaN,shp-24-54
37,DORMONT JUNCTION,40.39201,-80.040762,mid_block,NaN,shp-RED-01
3711,CRAFTON INGRAM SHOPPING CENTER + RITE-AID,40.441776,-80.069946,mid_block,NaN,shp-27-04
3714,CRAFTON INGRAM SHOPPING CENTER + GIANT EAGLE,40.44076,-80.071756,mid_block,NaN,shp-27-53
3715,FOSTER AVE + SR CITIZEN BLDG,40.440754,-80.068642,mid_block,NaN,shp-27-04
3731,BROADHEAD-FORDING RD + VILLAGE RD #2,40.44973,-80.080671,mid_block,NaN,shp-27-04
3732,BROADHEAD-FORDING RD + VILLAGE RD #1,40.451405,-80.078634,mid_block,NaN,shp-27-04
3740,WINDGAP AVE + SUMMERDALE FS,40.456291,-80.080158,mid_block,NaN,shp-27-04
3741,WINDGAP AVE + BELHURST,40.458209,-80.079043,mid_block,NaN,shp-27-04
3742,WINDGAP AVE + CHARTIERS,40.459235,-80.077777,mid_block,NaN,shp-27-04
3752,WINDGAP AVE + BELHURST,40.458368,-80.078982,mid_block,NaN,shp-27-53
3753,WINDGAP AVE + SUMMERDALE,40.456255,-80.080271,mid_block,NaN,shp-27-53
3766,STEUBEN ST + CRAFTON,40.440284,-80.07992,mid_block,NaN,shp-29-01
3767,STEUBEN ST + DUNCAN,40.439504,-80.076178,mid_block,NaN,shp-29-01
38,FIFTH AVE + CHESTERFIELD RD,40.439483,-79.961698,mid_block,NaN,shp-71A-51
3816,SUMMIT PARK DR + CHAUVET DR #1,40.450233,-80.183661,near_side,41.63658642175248,shp-29-01
3818,SUMMIT PARK DR + ANDREW (WAL-MART),40.449577,-80.176163,near_side,21.753243974962196,shp-29-01
3822,PARK MANOR BLVD + IKEA,40.453407,-80.167687,mid_block,NaN,shp-28X-51
3824,PARK MANOR BLVD + ROBINSON LN,40.45278,-80.164821,near_side,26.876892488926693,shp-24-54
3825,PARK MANOR BLVD + IKEA,40.453556,-80.167587,mid_block,NaN,shp-24-54
3826,SUMMIT PARK DR + QUINN,40.447842,-80.178352,mid_block,NaN,shp-29-53
3827,SUMMIT PARK DR + HOME DR,40.44989,-80.183092,near_side,32.35391465050454,shp-29-53
3828,SUMMIT DR + PARKLANE #1,40.4511,-80.186792,mid_block,NaN,shp-29-53
3896,SUMMIT PARK DR + ANDREW (SAMS),40.449997,-80.176064,near_side,25.443790238346285,shp-29-53
3898,3RD ST + MAIN FS,40.404353,-80.091124,far_side,34.65164876075483,shp-G31-58
39,CRAFT AVE + FIFTH FS (DIALYSIS CTR),40.437583,-79.963749,far_side,36.38794029613554,shp-93-02
3901,CAROTHERS AVE + CREEK,40.401629,-80.088441,mid_block,NaN,shp-G31-58
3902,CAROTHERS AVE + HILL,40.400288,-80.088316,mid_block,NaN,shp-G31-58
3903,CAROTHERS AVE + LOCUST,40.397847,-80.088351,mid_block,NaN,shp-G31-58
3904,CAROTHERS AVE + FINLEY FS,40.396567,-80.088052,mid_block,NaN,shp-G31-58
3905,WASHINGTON AVE + HOPE,40.396637,-80.084938,mid_block,NaN,shp-31-01
3906,WASHINGTON AVE + MARSHALL,40.399678,-80.082669,mid_block,NaN,shp-31-01
3907,WASHINGTON AVE + FRANKLIN,40.401462,-80.082966,mid_block,NaN,shp-31-01
3909,WASHINGTON AVE + LINCOLN,40.404492,-80.083476,near_side,13.38376152367626,shp-31-01
392,PRESIDENTIAL DR + MADISON (LEASE OFFICE),40.583465,-79.998856,mid_block,NaN,shp-O5-08
3920,MANSFIELD BLVD + CHARTIERS FS,40.407188,-80.089308,far_side,31.931144141280217,shp-G31-58
393,PRESIDENTIAL DR + COOLIDGE,40.582372,-79.99694,mid_block,NaN,shp-O5-08
394,PRESIDENTIAL DR + HARDING,40.582099,-79.994735,mid_block,NaN,shp-O5-08
396,SPRINGFIELD DR + PEEBLE RD FS,40.579478,-79.994669,mid_block,NaN,shp-O5-08
399,NORTHGATE DR + #9396,40.576688,-79.990731,mid_block,NaN,shp-O5-08
3991,PARK MANOR BLVD + ROBINSON LN,40.452866,-80.165184,near_side,15.47490947464003,shp-28X-01
40,FALLOWFIELD STATION,40.411176,-80.023434,mid_block,NaN,shp-RED-51
400,NORTHGATE DR + SAMPLE RD,40.574761,-79.990631,mid_block,NaN,shp-O5-08
401,SAMPLE RD + HIGH MEADOW,40.573462,-79.993624,mid_block,NaN,shp-O5-08
403,SAMPLE RD + COLLINGTON,40.572079,-79.998062,mid_block,NaN,shp-O5-08
4046,WASHINGTON AVE + KNOX AVE FS,40.402742,-80.08326,mid_block,NaN,shp-31-53
4047,WASHINGTON AVE + FRANKLIN,40.401687,-80.083092,mid_block,NaN,shp-31-53
4049,WASHINGTON AVE + HOPE,40.396778,-80.084934,mid_block,NaN,shp-31-53
4050,WASHINGTON AVE + CAROTHERS,40.396109,-80.086365,mid_block,NaN,shp-31-53
4051,CAROTHERS AVE + FINLEY,40.396636,-80.087988,mid_block,NaN,shp-G31-01
4052,CAROTHERS AVE + LOCUST,40.397881,-80.088246,mid_block,NaN,shp-G31-01
4053,CAROTHERS AVE + PACHEL,40.399545,-80.088222,mid_block,NaN,shp-G31-01
4054,CAROTHERS AVE + CREEK,40.40171,-80.088397,mid_block,NaN,shp-G31-01
406,SAMPLE RD + PEEBLES,40.570639,-80.002403,near_side,41.151378487401786,shp-O5-08
4068,CRENNEL AVE + BROADHEAD AVE,40.43686,-80.069144,mid_block,NaN,shp-29-01
4069,CRENNEL AVE + LINWOOD AVE,40.435815,-80.068574,near_side,14.728818149093934,shp-29-01
407,PEEBLES RD + LOCUST,40.569645,-80.003876,mid_block,NaN,shp-O5-08
4070,STOTZ AVE + CRAFTON MUNICIPAL BLDG,40.435042,-80.066397,mid_block,NaN,shp-29-01
4075,NOBLE AVE + STEUBEN,40.438262,-80.063244,near_side,47.267716009206914,shp-29-01
408,PEEBLES RD + KNOLL,40.568226,-80.006073,mid_block,NaN,shp-O5-08
4085,BERRY ST + SCOTIA,40.448341,-80.06768,mid_block,NaN,shp-26-06
4086,LADOGA ST + #3218,40.449796,-80.068213,mid_block,NaN,shp-26-06
4088,LADOGA ST + MIDDLETOWN,40.451368,-80.06952,mid_block,NaN,shp-26-06
4089,FARONIA ST + WYNETTE,40.451812,-80.067743,mid_block,NaN,shp-27-53
409,PEEBLES RD + DUNCAN AVE FS,40.5671,-80.007243,far_side,45.77349670869102,shp-2-52
4091,JEFFERS ST + FADETTE,40.452025,-80.065951,mid_block,NaN,shp-27-53
4092,JEFFERS ST + #1331,40.452919,-80.065506,mid_block,NaN,shp-27-53
4095,CHARTIERS AVE + UNIVERSAL,40.453663,-80.060763,mid_block,NaN,shp-26-06
4096,CHARTIERS AVE + ALLENDALE,40.453914,-80.059574,mid_block,NaN,shp-26-06
4097,CHARTIERS AVE + CITADEL FS,40.454256,-80.058335,mid_block,NaN,shp-26-06
4098,CHARTIERS AVE + DITZLER,40.453934,-80.056388,mid_block,NaN,shp-26-06
4099,CHARTIERS AVE + HILLSBORO,40.453375,-80.05485,mid_block,NaN,shp-26-06
41,BLVD OF ALLIES + WOOD ST,40.438436,-80.001748,near_side,21.729709622143012,shp-57-02
410,PEEBLES RD + PEEBLES SCHOOL RD,40.565399,-80.008535,mid_block,NaN,shp-2-52
4100,CHARTIERS AVE + LITCHFIELD (STEPS),40.452532,-80.054234,mid_block,NaN,shp-26-06
4104,CHARTIERS AVE + CORLISS,40.450483,-80.045619,near_side,43.29390656643011,shp-26-06
4108,CHARTIERS AVE + AZALIA FS,40.44471,-80.041492,mid_block,NaN,shp-26-06
4109,CHARTIERS AVE + LORENZ,40.444018,-80.040743,near_side,12.544361310576521,shp-26-06
411,PEEBLES RD + PARKWAY,40.564091,-80.009728,mid_block,NaN,shp-2-52
4110,CHARTIERS AVE + MARLOW,40.442902,-80.039676,mid_block,NaN,shp-26-06
4111,STEUBEN ST + #211,40.441242,-80.036666,mid_block,NaN,shp-27-04
4112,STEUBEN ST + WABASH,40.441639,-80.035399,mid_block,NaN,shp-27-04
4113,STEUBEN ST + ALEXANDER,40.44192,-80.034611,near_side,10.30828609665236,shp-27-04
4114,STEUBEN ST + SANCTUS FS,40.442464,-80.033115,mid_block,NaN,shp-27-04
4119,CHARTIERS AVE + MERLE,40.458891,-80.077193,mid_block,NaN,shp-27-04
4120,CHARTIERS AVE + EYRE WAY,40.458097,-80.07561,mid_block,NaN,shp-27-04
4121,CHARTIERS AVE + MIDDLETOWN,40.457566,-80.073578,mid_block,NaN,shp-27-04
4122,CHARTIERS AVE + KRUPP,40.458125,-80.070882,mid_block,NaN,shp-27-04
4123,CHARTIERS AVE + OLTMAN,40.458416,-80.069091,mid_block,NaN,shp-27-04
4124,CHARTIERS AVE + OETTING,40.457868,-80.067497,mid_block,NaN,shp-27-04
4126,LIBERTY AVE + WYNDHAM GRAND HOTEL,40.44144,-80.005643,mid_block,NaN,shp-28X-51
4129,STEUBEN ST + SANCTUS,40.442412,-80.033496,mid_block,NaN,shp-27-53
4131,STEUBEN ST + PLANET FS (WABASH),40.441723,-80.035398,mid_block,NaN,shp-27-53
4132,STEUBEN ST + LINHART,40.441326,-80.037478,mid_block,NaN,shp-27-53
4133,CHARTIERS AVE + MARLOW,40.443095,-80.03965,mid_block,NaN,shp-26-56
4134,CHARTIERS AVE + LORENZ,40.443958,-80.040525,near_side,12.686402493089087,shp-26-56
4135,CHARTIERS AVE + AZALIA,40.444836,-80.041452,mid_block,NaN,shp-26-56
4137,CHARTIERS AVE + NITTANY,40.447494,-80.044004,mid_block,NaN,shp-26-56
4139,CHARTIERS AVE + CORLISS,40.450326,-80.045099,near_side,19.311790264173773,shp-26-56
414,PEEBLES RD + REMINGTON,40.561447,-80.013031,near_side,14.462027595508745,shp-2-52
4141,CHARTIERS AVE + DUBOIS,40.451409,-80.050313,mid_block,NaN,shp-26-56
4142,CHARTIERS AVE + MUNICIPAL,40.452196,-80.052669,mid_block,NaN,shp-26-56
4144,CHARTIERS AVE + DITZLER,40.453986,-80.056232,mid_block,NaN,shp-26-56
4145,CHARTIERS AVE + CITADEL,40.454329,-80.058286,mid_block,NaN,shp-26-56
4146,CHARTIERS AVE + ALLENDALE,40.454053,-80.059486,mid_block,NaN,shp-26-56
4147,CHARTIERS AVE + UNIVERSAL,40.453774,-80.060625,mid_block,NaN,shp-26-56
4148,CHARTIERS AVE + HUXLEY,40.453492,-80.06202,mid_block,NaN,shp-26-56
4152,FARONIA ST + WYNETTE FS,40.451893,-80.067697,mid_block,NaN,shp-27-04
4153,LADOGA ST + MIDDLETOWN,40.451686,-80.06943,mid_block,NaN,shp-27-04
4154,LADOGA ST + KATHY,40.450645,-80.069388,mid_block,NaN,shp-26-56
4156,BERRY ST + SCOTIA,40.4484,-80.067762,mid_block,NaN,shp-26-56
4168,NOBLE AVE + SIDNEY,40.437855,-80.063255,mid_block,NaN,shp-29-53
4170,NOBLE AVE + CRAFTON,40.435973,-80.064624,near_side,35.467149475672144,shp-29-53
4178,CHARTIERS AVE + OETTING,40.457878,-80.067344,mid_block,NaN,shp-27-53
4180,CHARTIERS AVE + MARLOW,40.458253,-80.07069,mid_block,NaN,shp-27-53
4181,CHARTIERS AVE + MIDDLETOWN,40.457732,-80.073007,mid_block,NaN,shp-27-53
4184,CHARTIERS AVE + WINDGAP,40.45929,-80.077535,mid_block,NaN,shp-27-53
4187,INGRAM AVE + MAINSGATE,40.446104,-80.067642,mid_block,NaN,shp-27-04
4189,W PROSPECT AVE + BERRY NS,40.446834,-80.068749,mid_block,NaN,shp-27-04
4190,BERRY ST + CENTER,40.447605,-80.068497,mid_block,NaN,shp-26-06
4191,ALLENDALE ST + FAIRDALE,40.455405,-80.061028,mid_block,NaN,shp-26-06
4193,ALLENDALE ST + STANHOPE,40.457071,-80.062803,mid_block,NaN,shp-26-06
4194,ALLENDALE ST + MOYER,40.45819,-80.063963,mid_block,NaN,shp-26-06
4195,ALLENDALE CIR + #3604,40.459427,-80.064519,mid_block,NaN,shp-26-06
4196,ALLENDALE CIR + #3658,40.460523,-80.063701,mid_block,NaN,shp-26-56
4197,ALLENDALE CIR + #3728,40.459545,-80.062821,mid_block,NaN,shp-26-06
4199,MOYER ST + ALLENDALE,40.458294,-80.063986,mid_block,NaN,shp-26-56
42,BLVD OF ALLIES + MARKET ST,40.439089,-80.003482,near_side,17.988237343233607,shp-57-02
4200,ALLENDALE ST + STANHOPE,40.457151,-80.062967,mid_block,NaN,shp-26-56
4202,ALLENDALE ST + FAIRDALE,40.455482,-80.061203,mid_block,NaN,shp-26-56
4204,ALLENDALE ST + CHARTIERS,40.454053,-80.059669,mid_block,NaN,shp-26-06
4208,BERRY ST + W PROSPECT,40.447201,-80.069052,mid_block,NaN,shp-26-56
4209,W PROSPECT AVE + MAINSGATE,40.446228,-80.067964,mid_block,NaN,shp-27-53
4210,W PROSPECT AVE + INGRAM,40.444952,-80.066296,near_side,38.50813839463177,shp-27-53
4219,W PROSPECT AVE + ARBORDALE,40.446893,-80.080568,mid_block,NaN,shp-27-53
4220,W PROSPECT AVE + ALLEGHENY VALLEY SCHOOL,40.446514,-80.078466,mid_block,NaN,shp-27-53
4222,W PROSPECT AVE + #221 (STEPS),40.447525,-80.074116,mid_block,NaN,shp-27-53
4223,W PROSPECT AVE + KINGSLAND,40.447532,-80.071672,mid_block,NaN,shp-27-53
4225,W PROSPECT AVE + BERRY,40.447052,-80.069267,mid_block,NaN,shp-27-53
4227,MIDDLETOWN RD + #3205,40.450797,-80.066925,mid_block,NaN,shp-27-04
4228,MIDDLETOWN RD + MUTUAL,40.450203,-80.06535,mid_block,NaN,shp-27-04
4229,MIDDLETOWN RD + TYNDALL,40.44958,-80.064384,mid_block,NaN,shp-27-04
4230,MIDDLETOWN RD + BERRY,40.448607,-80.063006,mid_block,NaN,shp-27-04
4231,MIDDLETOWN RD + #2847,40.447634,-80.061812,mid_block,NaN,shp-27-04
4232,MIDDLETOWN RD + MARSHALL,40.446697,-80.060986,mid_block,NaN,shp-27-04
4233,MIDDLETOWN RD + HODGSON,40.445644,-80.060015,mid_block,NaN,shp-27-04
4235,MIDDLETOWN RD + MARTERA,40.444085,-80.056029,mid_block,NaN,shp-27-04
4236,STEUBEN ST + OBEY,40.44301,-80.052801,near_side,13.729190871990676,shp-27-04
4238,STEUBEN ST + WHITEWOOD FS,40.442008,-80.049505,mid_block,NaN,shp-27-04
4239,STEUBEN ST + #1129,40.441066,-80.046604,mid_block,NaN,shp-27-04
4240,STEUBEN ST + HERSCHEL FS,40.442139,-80.045014,mid_block,NaN,shp-27-04
4241,STEUBEN ST + HARKER,40.442988,-80.044141,mid_block,NaN,shp-27-04
4242,STEUBEN ST + LORENZ,40.442814,-80.04252,near_side,11.867594381765928,shp-27-04
4243,STEUBEN ST + ELBON,40.441642,-80.04091,mid_block,NaN,shp-27-04
4249,STEUBEN ST + ELBON,40.441625,-80.040749,mid_block,NaN,shp-27-53
425,BABCOCK BLVD + ROSECLIFF,40.509858,-79.991849,mid_block,NaN,shp-O5-08
4250,STEUBEN ST + LORENZ,40.442649,-80.042168,near_side,31.634364793953054,shp-27-53
4251,STEUBEN ST + HARKER,40.443098,-80.044137,mid_block,NaN,shp-27-53
4252,STEUBEN ST + HERSCHEL,40.442191,-80.04509,mid_block,NaN,shp-27-53
4253,STEUBEN ST + #1260,40.441143,-80.047096,mid_block,NaN,shp-27-53
4255,STEUBEN ST + RINGGOLD FS,40.442395,-80.050716,mid_block,NaN,shp-27-53
4256,STEUBEN ST + OBEY,40.442955,-80.052453,near_side,25.54741856059858,shp-27-53
4257,STEUBEN ST + WOODLOW NS,40.443509,-80.053828,mid_block,NaN,shp-27-53
4259,MIDDLETOWN RD + STRATMORE,40.44467,-80.05853,mid_block,NaN,shp-27-53
4260,MIDDLETOWN RD + HODGSON FS,40.445813,-80.060072,mid_block,NaN,shp-27-53
4261,MIDDLETOWN RD + JUSTINE,40.446648,-80.060822,mid_block,NaN,shp-27-53
4262,MIDDLETOWN RD + STRAKA FS,40.447614,-80.061658,mid_block,NaN,shp-27-53
4263,MIDDLETOWN RD + BERRY,40.448493,-80.062714,mid_block,NaN,shp-27-53
4264,MIDDLETOWN RD + TYNDALL,40.449517,-80.064155,mid_block,NaN,shp-27-53
4265,MIDDLETOWN RD + MUTUAL,40.450245,-80.065281,mid_block,NaN,shp-27-53
4266,MIDDLETOWN RD + #3206,40.450894,-80.067001,mid_block,NaN,shp-27-53
4267,MIDDLETOWN RD + WYNETTE,40.451171,-80.067927,mid_block,NaN,shp-27-53
4268,MIDDLETOWN RD + LADOGA,40.451575,-80.069282,mid_block,NaN,shp-27-53
4269,W PROSPECT AVE + KINGSLAND,40.447595,-80.071654,mid_block,NaN,shp-27-04
427,BABCOCK BLVD + EVERGREEN & PEOPLES PLANK RD,40.50618,-79.990402,near_side,14.701714248934367,shp-O5-08
4270,W PROSPECT AVE + #210,40.447581,-80.074212,mid_block,NaN,shp-27-04
4272,W PROSPECT AVE + ALLEGHENY VALLEY SCHOOL,40.446542,-80.078517,mid_block,NaN,shp-27-04
4273,W PROSPECT AVE + ARBORDALE,40.446942,-80.080475,mid_block,NaN,shp-27-04
4275,W PROSPECT AVE + BROADHEAD-FORDING,40.448238,-80.08236,mid_block,NaN,shp-27-04
428,EVERGREEN RD + NELSON RUN,40.50572,-79.995088,mid_block,NaN,shp-O5-08
43,BLVD OF ALLIES + STANWIX ST,40.439575,-80.004786,near_side,27.366117359107964,shp-57-52
4302,BROADHEAD-FORDING RD + VILLAGE RD #1,40.451684,-80.078434,mid_block,NaN,shp-27-53
4303,BROADHEAD-FORDING RD + VILLAGE RD #2,40.449926,-80.080572,mid_block,NaN,shp-27-53
4329,STEUBENVILLE PIKE + PITTSBURGH MOTEL,40.439704,-80.090939,mid_block,NaN,shp-29-01
4330,STEUBENVILLE PIKE + FIRESIDE INN,40.439595,-80.089324,mid_block,NaN,shp-29-01
4363,STEUBENVILLE PIKE + FIRESIDE INN,40.439728,-80.088867,mid_block,NaN,shp-29-53
4365,STEUBENVILLE PIKE + #4460,40.443756,-80.097373,mid_block,NaN,shp-29-53
4370,STEUBENVILLE PIKE + MCKEES ROCK RD,40.449349,-80.11918,near_side,24.166505437957046,shp-29-53
4371,STEUBENVILLE PIKE + ROBINSON MANOR,40.448824,-80.121831,near_side,15.872163154857336,shp-29-53
4373,STEUBENVILLE PIKE + MCCORMICK,40.449364,-80.124783,mid_block,NaN,shp-29-53
4377,BEAVER GRADE RD + AIKEN,40.455131,-80.136241,mid_block,NaN,shp-24-04
4389,SILVER LANE + CLEVER,40.465961,-80.136438,mid_block,NaN,shp-24-04
44,STANWIX ST AT FORBES AVE,40.441042,-80.003964,ambiguous,8.047635318292768,shp-24-04
4407,FORBES AVE + MOREWOOD AVE FS (CARNEGIE MELLON),40.444698,-79.943756,mid_block,NaN,shp-61C-01
4409,FORBES AVE + CRAIG ST,40.444525,-79.948541,far_side,7.944232294615617,shp-61C-01
441,EVERGREEN RD + PEOPLES TWP,40.505611,-79.995486,mid_block,NaN,shp-O5-56
4410,BLVD OF ALLIES + MARION ST (MERCY HOSP),40.435432,-79.984682,mid_block,NaN,shp-28X-51
4412,MAIN ST + JANE,40.411938,-80.08001,mid_block,NaN,shp-31-01
443,BABCOCK BLVD + HOFFMAN,40.507809,-79.989708,mid_block,NaN,shp-O5-56
444,BABCOCK BLVD + ROSECLIFF,40.509793,-79.991594,mid_block,NaN,shp-O5-56
4444,NOBLESTOWN RD + HARTWELL,40.43747,-80.051061,mid_block,NaN,shp-31-01
4445,NOBLESTOWN RD + OBEY,40.438015,-80.049477,mid_block,NaN,shp-31-01
4447,NOBLESTOWN RD + #608,40.437108,-80.040117,mid_block,NaN,shp-31-01
4449,S MAIN ST + WABASH,40.440857,-80.034895,near_side,11.293933829200023,shp-31-01
4450,S MAIN ST + SANCTUS,40.441554,-80.032959,near_side,8.288071172524269,shp-31-01
4491,S MAIN ST + WABASH,40.441011,-80.034685,near_side,17.713754556416365,shp-31-53
4493,NOBLESTOWN RD + WEAVER FS,40.437159,-80.039853,mid_block,NaN,shp-31-53
4495,NOBLESTOWN RD + OBEY,40.438135,-80.049369,mid_block,NaN,shp-31-53
4497,NOBLESTOWN RD + HARTWELL,40.437551,-80.050959,mid_block,NaN,shp-31-53
45,KINGS SCHOOL ROAD,40.308545,-80.033333,mid_block,NaN,shp-SLVR-01
4527,MAIN ST + JANE,40.411996,-80.080105,mid_block,NaN,shp-31-53
4528,MAIN ST + CHESTNUT,40.410294,-80.082329,near_side,26.53944444163817,shp-31-53
4546,SHADY AVE + MT LEBANON STATION,40.381857,-80.043162,mid_block,NaN,shp-38-05
4552,COCHRAN RD + ALTOONA,40.382581,-80.052309,near_side,36.62412773850617,shp-36-03
4553,COCHRAN RD + NAVATO,40.384008,-80.052804,mid_block,NaN,shp-36-03
4554,COCHRAN RD + MCCULLY,40.385642,-80.05381,mid_block,NaN,shp-36-03
4555,COCHRAN RD + BEVERLY RD,40.38709,-80.054649,near_side,14.702822626680396,shp-36-03
4556,BEVERLY RD + W MARLIN,40.387756,-80.052225,mid_block,NaN,shp-36-03
4557,BEVERLY RD + OVERLOOK,40.388401,-80.05034,near_side,13.510235667418918,shp-36-03
4558,BEVERLY RD + MEADOWCROFT,40.38974,-80.047981,near_side,19.617426812523618,shp-36-03
4559,BEVERLY RD + PARKER,40.392222,-80.046958,mid_block,NaN,shp-36-03
4561,MCFARLAND RD + HELEN,40.396477,-80.046143,mid_block,NaN,shp-36-03
4562,BANKSVILLE RD + MCMONAGLE,40.399654,-80.044207,far_side,13.01372699023925,shp-36-03
4563,BANKSVILLE RD + #3021,40.401533,-80.042428,mid_block,NaN,shp-36-03
4564,BANKSVILLE RD + POTOMAC,40.403202,-80.040827,far_side,12.274235276919498,shp-36-03
4565,BANKSVILLE RD + WENZELL,40.406866,-80.034359,near_side,4.134934909796213,shp-36-03
4566,BANKSVILLE RD + COAST,40.40919,-80.032024,mid_block,NaN,shp-36-03
4567,BANKSVILLE RD + #1593,40.410121,-80.031534,mid_block,NaN,shp-36-03
4568,BANKSVILLE RD + GOLDSTROM,40.412967,-80.030539,mid_block,NaN,shp-36-03
4570,BANKSVILLE RD + BANKSVILLE AVE,40.418121,-80.029721,mid_block,NaN,shp-36-03
4572,BLVD OF ALLIES + POST GAZETTE BLDG,40.439938,-80.006088,mid_block,NaN,shp-24-04
458,PEEBLES RD + PEEBLES SCHOOL DRVWY,40.565293,-80.008536,mid_block,NaN,shp-2-01
459,PEEBLES RD + DUNCAN AVE FS,40.568337,-80.005721,mid_block,NaN,shp-O5-56
46,KINGS SCHOOL ROAD,40.308018,-80.033251,mid_block,NaN,shp-SLVR-51
460,PEEBLES RD + LOCUST,40.569558,-80.003857,mid_block,NaN,shp-O5-56
461,PEEBLES RD + SAMPLE,40.57054,-80.002813,near_side,20.08245196100677,shp-O5-08
462,SAMPLE RD + EASTVIEW #1,40.570658,-80.000769,mid_block,NaN,shp-O5-56
463,SAMPLE RD + EASTVIEW #2,40.571078,-79.99973,mid_block,NaN,shp-O5-08
464,SAMPLE RD + RINGEISEN,40.571766,-79.998505,mid_block,NaN,shp-O5-08
4656,BANKSVILLE RD + CHAPPEL,40.409498,-80.032073,mid_block,NaN,shp-36-51
4657,BANKSVILLE RD + CARNAHAN,40.407116,-80.034218,near_side,10.982100251069848,shp-36-51
4658,BANKSVILLE RD + FAMILY LINK,40.405513,-80.037424,mid_block,NaN,shp-36-51
4660,BANKSVILLE RD + POTOMAC,40.403513,-80.04076,far_side,9.08071023010179,shp-36-51
4661,BANKSVILLE RD + #3030,40.40179,-80.0424,mid_block,NaN,shp-36-51
4662,BANKSVILLE RD + MCMONAGLE,40.399796,-80.044369,ambiguous,3.824226820634506,shp-36-51
4664,MCFARLAND RD + THE FIREPLACE & PATIO PLACE,40.394581,-80.046462,mid_block,NaN,shp-36-51
4665,BEVERLY RD + PARKER,40.392522,-80.047013,mid_block,NaN,shp-36-51
4666,BEVERLY RD + MEADOWCROFT,40.390083,-80.047831,near_side,22.078895727554574,shp-36-51
4667,BEVERLY RD + RALSTON,40.389068,-80.049025,near_side,12.126223057378779,shp-36-51
4668,BEVERLY RD + W MARLIN,40.387849,-80.05211,mid_block,NaN,shp-36-51
4669,BEVERLY RD + COCHRAN,40.387307,-80.054605,near_side,23.345521248504763,shp-36-51
4670,COCHRAN RD + MCCULLY RD,40.38582,-80.054029,mid_block,NaN,shp-36-51
4671,COCHRAN RD + NAVATO,40.384061,-80.052945,mid_block,NaN,shp-36-51
4672,COCHRAN RD + ALTOONA,40.383011,-80.052547,near_side,18.304508422413434,shp-36-51
4673,COCHRAN RD + CEDAR,40.380579,-80.052642,near_side,37.98938653060785,shp-36-51
468,NORTHGATE DR + #9396,40.576433,-79.990636,mid_block,NaN,shp-O5-56
469,NORTHGATE DR + SPRINGFIELD,40.577794,-79.992243,mid_block,NaN,shp-O5-56
47,LOGAN ROAD,40.311723,-80.03314,mid_block,NaN,shp-SLVR-01
471,SPRINGFIELD DR + PEEBLES,40.579567,-79.994746,mid_block,NaN,shp-O5-56
472,PRESIDENTIAL DR + CLEVELAND,40.581934,-79.993713,mid_block,NaN,shp-O5-56
473,PRESIDENTIAL DR + HARDING,40.582226,-79.995172,mid_block,NaN,shp-O5-56
4741,CEDAR BLVD + LONGRIDGE,40.378624,-80.054484,mid_block,NaN,shp-36-51
4746,BOWER HILL RD + RUTH,40.380547,-80.061375,mid_block,NaN,shp-41-01
4748,BOWER HILL RD + SALEM,40.381424,-80.059059,mid_block,NaN,shp-41-01
4749,BOWER HILL RD + LONGRIDGE,40.381925,-80.05802,mid_block,NaN,shp-41-01
475,PRESIDENTIAL DR + MADISON (LEASE OFFICE),40.583504,-79.998797,mid_block,NaN,shp-O5-56
4751,BOWER HILL RD + SERPENTINE,40.384303,-80.055672,mid_block,NaN,shp-41-01
4752,BOWER HILL RD + SERPENTINE,40.384526,-80.05546,mid_block,NaN,shp-41-51
4753,BOWER HILL RD + CARNEGIE FS,40.383077,-80.056647,far_side,38.291222464317066,shp-41-51
4754,BOWER HILL RD + LONGRIDGE,40.382124,-80.057853,mid_block,NaN,shp-41-51
4755,BOWER HILL RD + SALEM,40.381722,-80.058773,mid_block,NaN,shp-41-51
4757,BOWER HILL RD + RUTH,40.380664,-80.061377,mid_block,NaN,shp-41-51
4762,CEDAR BLVD + LONGRIDGE,40.378539,-80.054438,mid_block,NaN,shp-36-03
4764,SHJ BUS TURNAROUND SHELTER,40.421135,-80.006111,mid_block,NaN,shp-48-02
4765,HABERMAN RAMP + HARWOOD STEPS,40.42152,-80.003623,mid_block,NaN,shp-48-02
4767,WARRINGTON AVE + ESTELLA AVE,40.42099,-80.000733,near_side,19.45989820149708,shp-48-02
4771,WARRINGTON AVE + ALLEN,40.421767,-79.993842,near_side,12.59891610038062,shp-48-02
4772,WARRINGTON AVE + ARLINGTON,40.421789,-79.992502,near_side,19.94020568199026,shp-48-02
4773,ARLINGTON AVE + KNOX,40.420224,-79.990903,mid_block,NaN,shp-48-02
4774,ARLINGTON AVE + FREELAND,40.419301,-79.989446,mid_block,NaN,shp-48-02
4776,ARLINGTON AVE + KOEHLER,40.417562,-79.984648,mid_block,NaN,shp-48-02
4777,ARLINGTON AVE + FREDERICK,40.417609,-79.982741,mid_block,NaN,shp-48-02
4779,ARLINGTON AVE + SPRING,40.417905,-79.978899,mid_block,NaN,shp-48-02
478,PRESIDENTIAL DR + BABCOCK,40.586342,-80.000233,mid_block,NaN,shp-O5-56
4781,ARLINGTON AVE + FERNLEAF,40.417334,-79.976272,mid_block,NaN,shp-48-02
4783,ARLINGTON AVE + CONWAY,40.41732,-79.973661,mid_block,NaN,shp-48-02
4785,ARLINGTON AVE + CLOVER,40.41756,-79.97145,mid_block,NaN,shp-48-02
4786,ARLINGTON AVE + COLOGNE,40.417496,-79.969558,mid_block,NaN,shp-48-02
4788,ARLINGTON AVE + DENGLER,40.41724,-79.967731,mid_block,NaN,shp-48-02
48,LOGAN ROAD,40.311297,-80.033358,near_side,44.93904571512617,shp-SLVR-51
4802,JOSEPHINE ST + SALISBURY,40.417832,-79.9667,mid_block,NaN,shp-48-02
4803,JOSEPHINE ST + #3237,40.418956,-79.964629,mid_block,NaN,shp-48-02
4804,JOSEPHINE ST + #3203,40.41996,-79.964246,mid_block,NaN,shp-48-02
4806,JOSEPHINE ST + #3033,40.42191,-79.964981,mid_block,NaN,shp-48-02
4807,JOSEPHINE ST + TELESCOPE,40.422887,-79.96679,mid_block,NaN,shp-48-02
4808,JOSEPHINE ST + BARRY,40.42381,-79.968812,mid_block,NaN,shp-48-02
4809,JOSEPHINE ST + 26TH,40.424076,-79.969795,mid_block,NaN,shp-48-02
4811,26TH ST + SARAH ST,40.426475,-79.968792,mid_block,NaN,shp-48-02
4812,26TH ST + E CARSON,40.427235,-79.96844,near_side,25.57132832117912,shp-48-02
4814,E CARSON ST + 24TH ST,40.428244,-79.971017,near_side,16.659431315672858,shp-48-02
4815,E CARSON ST + 18TH ST,40.428809,-79.980429,near_side,14.356922748061795,shp-48-02
4816,E CARSON ST + 17TH ST,40.428889,-79.981913,near_side,15.394895953612165,shp-51-08
4817,E CARSON ST + 14TH ST,40.428849,-79.983942,near_side,22.81235811726135,shp-51-08
4821,E CARSON ST + 7TH ST,40.428668,-79.99213,mid_block,NaN,shp-51-08
4823,E CARSON ST + 5TH ST,40.428776,-79.994951,mid_block,NaN,shp-51-08
4824,E CARSON ST + TERMINAL WAY FS,40.429505,-79.997189,mid_block,NaN,shp-51-08
4825,E CARSON ST + 2ND ST,40.430079,-79.998841,mid_block,NaN,shp-51-08
4826,E CARSON ST + ARLINGTON,40.430843,-80.001105,mid_block,NaN,shp-51-08
4828,FT PITT BLVD + SMITHFIELD ST FS,40.437066,-80.001663,mid_block,NaN,shp-51-08
4829,WOOD ST + THIRD AVE FS,40.439076,-80.001471,far_side,29.233320853778874,shp-51-08
4832,WOOD ST + SIXTH AVE,40.441801,-79.999643,ambiguous,39.182113081784166,shp-82-01
4834,WHARTON ST + S 20TH,40.430421,-79.977196,mid_block,NaN,shp-81-04
4838,SMITHFIELD ST + FORBES AVE,40.439558,-79.999055,near_side,16.918589244191,shp-51-58
4839,SMITHFIELD ST + THIRD AVE,40.438302,-79.999898,near_side,9.353026639420074,shp-51-58
4840,SMITHFIELD ST + FT PITT BLVD,40.436891,-80.000842,near_side,26.814698194702085,shp-51-58
4841,E CARSON ST + STATION SQUARE STATION,40.431835,-80.003456,far_side,42.841317960178785,shp-51-58
4842,E CARSON ST + 2ND ST,40.430133,-79.999278,mid_block,NaN,shp-51-58
4844,E CARSON ST + 5TH ST,40.428733,-79.99517,mid_block,NaN,shp-51-58
4847,E CARSON ST + 10TH ST,40.428654,-79.988994,near_side,45.96872428302203,shp-51-58
4848,E CARSON ST + 12TH ST,40.428718,-79.98656,near_side,17.25780284544241,shp-51-58
4850,E CARSON ST + 14TH ST,40.42877,-79.984251,near_side,12.803663263868076,shp-51-58
4852,E CARSON ST + 17TH ST,40.428818,-79.982179,near_side,15.255897314746745,shp-51-58
4853,E CARSON ST + 18TH ST,40.428719,-79.980704,near_side,17.854707769652496,shp-51-58
4855,E CARSON ST + 25TH ST,40.42782,-79.969955,mid_block,NaN,shp-48-51
4858,26TH ST + JOSEPHINE ST,40.424233,-79.969956,mid_block,NaN,shp-48-51
4859,JOSEPHINE ST + BARRY,40.423821,-79.969052,mid_block,NaN,shp-48-51
4861,JOSEPHINE ST + #3033,40.421863,-79.965044,mid_block,NaN,shp-48-51
4863,JOSEPHINE ST + #3237,40.418987,-79.964677,mid_block,NaN,shp-48-51
4865,ARLINGTON AVE + DENGLER,40.417289,-79.967662,mid_block,NaN,shp-48-51
4867,ARLINGTON AVE + COLOGNE,40.417542,-79.969513,mid_block,NaN,shp-48-51
4868,ARLINGTON AVE + CLOVER,40.417641,-79.971345,mid_block,NaN,shp-48-51
4870,ARLINGTON AVE + STERLING,40.417302,-79.974416,mid_block,NaN,shp-48-51
4871,ARLINGTON AVE + FERNLEAF,40.417166,-79.975861,mid_block,NaN,shp-48-51
4873,ARLINGTON AVE + JULIA,40.417974,-79.978534,mid_block,NaN,shp-48-51
4875,ARLINGTON AVE + FREDERICK,40.417694,-79.982614,mid_block,NaN,shp-48-51
4876,ARLINGTON AVE + KOEHLER,40.417637,-79.984507,mid_block,NaN,shp-48-51
4877,ARLINGTON AVE + S 18TH,40.417582,-79.986232,near_side,25.576387157570668,shp-48-51
4884,WARRINGTON AVE + ALLEN,40.421845,-79.993579,near_side,17.973385363293612,shp-48-51
4886,WARRINGTON AVE + BELTZHOOVER,40.421712,-79.997246,near_side,17.818368261632596,shp-48-51
4888,WARRINGTON AVE + ESTELLA AVE,40.421067,-80.000455,near_side,12.743825889463258,shp-48-51
4890,HABERMAN RAMP + HARWOOD STEPS,40.421543,-80.003502,mid_block,NaN,shp-48-51
49,LYTLE,40.33464,-80.031059,mid_block,NaN,shp-SLVR-01
5,WESTERN AVE + GALVESTON,40.4519,-80.016679,near_side,18.034022095850045,shp-18-06
50,LYTLE STATION,40.334217,-80.031065,mid_block,NaN,shp-SLVR-51
5021,STEUBENVILLE PIKE + DEVASSIE,40.445873,-80.151649,mid_block,NaN,shp-24-04
5022,STEUBENVILLE PIKE + #6181,40.44472,-80.149722,mid_block,NaN,shp-24-04
5023,STEUBENVILLE PIKE + WEST WAY SHOPPES,40.444272,-80.146082,mid_block,NaN,shp-24-04
5024,STEUBENVILLE PIKE + PAUL LN,40.445706,-80.14389,mid_block,NaN,shp-24-04
5025,STEUBENVILLE PIKE + WATERFORD WOODS DR,40.449458,-80.140928,mid_block,NaN,shp-24-04
5027,STEUBENVILLE PIKE + SUNSET,40.450834,-80.138541,mid_block,NaN,shp-24-04
5028,STEUBENVILLE PIKE + HOLY TRINITY CHURCH,40.451547,-80.136211,mid_block,NaN,shp-24-04
5030,STEUBEN ST + LINDEN,40.438993,-80.07322,near_side,24.831070741276783,shp-29-01
5031,STEUBEN ST + RICHMOND,40.438654,-80.071414,mid_block,NaN,shp-29-01
5034,STEUBEN ST + UNION,40.438953,-80.062519,mid_block,NaN,shp-29-01
5035,STEUBEN ST + RIDENOUR,40.440518,-80.061195,mid_block,NaN,shp-29-01
5037,STEUBEN ST + STRATMORE FS,40.443131,-80.057816,mid_block,NaN,shp-29-01
504,HEMLOCK DR AT NORTH PARK POOL PARK AND RIDE,40.586694,-79.996333,mid_block,NaN,shp-O5-08
5045,SUMMIT PARK DR + #20,40.452926,-80.193532,mid_block,NaN,shp-29-01
5046,SUMMIT PARK DR + #35,40.450454,-80.19045,mid_block,NaN,shp-29-01
506,DUNCAN AVE + ROYAL MANOR CT #1,40.566068,-80.00159,mid_block,NaN,shp-2-52
507,DUNCAN AVE + ROYAL MANOR CT #2,40.566636,-80.003578,mid_block,NaN,shp-2-52
508,DUNCAN AVE + ALLEGHENY MEMORIAL PARK,40.566991,-80.004816,mid_block,NaN,shp-2-52
5090,STEUBEN ST + CUMBERLAND,40.442071,-80.060755,mid_block,NaN,shp-29-53
5092,STEUBEN ST + UNION AVE FS (NOBLE AVE),40.43896,-80.062707,mid_block,NaN,shp-29-53
5094,STEUBEN ST + CVS DRVWY,40.438485,-80.070008,mid_block,NaN,shp-29-53
5096,STEUBEN ST + LINDEN,40.438982,-80.072822,near_side,19.543965792697342,shp-29-53
5097,STEUBEN ST + DUNCAN,40.439527,-80.075901,mid_block,NaN,shp-29-53
5099,STEUBEN ST + INGRAM,40.440339,-80.079797,mid_block,NaN,shp-29-53
51,MESTA,40.330813,-80.030761,mid_block,NaN,shp-SLVR-01
5101,STEUBENVILLE PIKE + PITTSBURGH MOTEL,40.439867,-80.091255,mid_block,NaN,shp-29-53
5103,STEUBENVILLE PIKE + WEST HILLS PLAZA,40.451542,-80.131007,mid_block,NaN,shp-29-53
5105,STEUBENVILLE PIKE + HOLY TRINITY CHURCH,40.451699,-80.136026,mid_block,NaN,shp-24-54
5106,STEUBENVILLE PIKE + SUNSET,40.450901,-80.138634,mid_block,NaN,shp-24-54
5108,STEUBENVILLE PIKE + WATERFORD WOODS DR,40.449458,-80.141083,mid_block,NaN,shp-24-54
5109,STEUBENVILLE PIKE + PAUL LN,40.445826,-80.143963,mid_block,NaN,shp-24-54
5110,STEUBENVILLE PIKE + WEST WAY SHOPPES,40.44441,-80.145989,mid_block,NaN,shp-24-54
5111,STEUBENVILLE PIKE + #6181,40.444982,-80.149974,mid_block,NaN,shp-24-54
5112,STEUBENVILLE PIKE + DEVASSIE,40.445715,-80.151194,mid_block,NaN,shp-24-54
5114,STEUBENVILLE PIKE + HIGHTOWER FS,40.44778,-80.154935,far_side,21.354254779208762,shp-24-54
5115,SUMMIT PARK DR + #35,40.450543,-80.190204,mid_block,NaN,shp-29-53
5116,SUMMIT PARK DR + #20,40.452911,-80.193398,mid_block,NaN,shp-29-53
5118,SUMMIT PARK DR + PARK LANE #2,40.454822,-80.19184,mid_block,NaN,shp-29-53
5125,EAST BUSWAY + HERRON STATION A,40.459241,-79.966667,mid_block,NaN,shp-P1-51
5126,NEVILLE ST + BAYARD,40.450508,-79.948837,near_side,15.846389291758342,shp-P3-10
5127,NEVILLE ST + FIFTH AVE,40.447346,-79.947469,near_side,37.135632884968004,shp-75-01
5131,BLVD OF ALLIES + GIST,40.436095,-79.979464,mid_block,NaN,shp-67-15
5132,BLVD OF ALLIES + MILTENBERGER,40.435858,-79.98143,mid_block,NaN,shp-67-15
5133,BLVD OF ALLIES + VAN BRAAM,40.435703,-79.982651,mid_block,NaN,shp-67-15
52,MESTA,40.330398,-80.030775,mid_block,NaN,shp-SLVR-51
5277,WASHINGTON PIKE + RACEWAY PLAZA,40.386396,-80.092379,near_side,9.892897605257886,shp-38-01
5278,RAILROAD ST + COLLIER,40.388093,-80.09004,near_side,22.350089856843937,shp-31-01
5279,RAILROAD ST + 4TH,40.389222,-80.088653,mid_block,NaN,shp-31-01
5280,RAILROAD ST + 3RD,40.390313,-80.087998,mid_block,NaN,shp-31-01
5283,WASHINGTON AVE + HOPE HOLLOW (CAROTHERS),40.395997,-80.086191,mid_block,NaN,shp-31-01
5284,WASHINGTON AVE + DOLLAR GENERAL,40.398192,-80.083208,mid_block,NaN,shp-31-01
5285,WASHINGTON AVE + TRIMBLE,40.405456,-80.08363,mid_block,NaN,shp-31-01
5286,WASHINGTON AVE + ACADEMY,40.407432,-80.083673,mid_block,NaN,shp-31-01
53,MOUNT LEBANON STATION,40.382651,-80.04318,mid_block,NaN,shp-RED-01
5321,WASHINGTON AVE + ACADEMY,40.4076,-80.083752,mid_block,NaN,shp-31-53
5322,WASHINGTON AVE + TRIMBLE,40.405582,-80.083735,mid_block,NaN,shp-31-53
5325,RAILROAD ST + 1ST FS,40.393292,-80.087705,far_side,29.11113354790369,shp-31-53
5326,RAILROAD ST + 2ND,40.391901,-80.087834,mid_block,NaN,shp-31-53
5327,RAILROAD ST + 3RD,40.390435,-80.088057,mid_block,NaN,shp-31-53
5329,RAILROAD ST + COLLIER,40.388341,-80.08985,near_side,13.227861019871488,shp-31-53
5330,WASHINGTON PIKE + RACEWAY PLAZA,40.387398,-80.091466,mid_block,NaN,shp-31-53
5387,WASHINGTON AVE + JAMES ST,40.35615,-80.113583,mid_block,NaN,shp-31-01
5389,WASHINGTON AVE + MURRAY,40.360333,-80.111396,far_side,12.317471226729158,shp-31-01
5390,WASHINGTON PIKE + SCHULTE,40.362932,-80.110293,far_side,30.39154249728602,shp-31-01
5391,WASHINGTON PIKE + ANDERSON EQUIPMENT,40.364544,-80.10923,mid_block,NaN,shp-31-01
5392,WASHINGTON PIKE + MAYER,40.365906,-80.107231,near_side,15.3402231699122,shp-31-01
5393,WASHINGTON PIKE + BANK OF AMERICA,40.367592,-80.104187,mid_block,NaN,shp-31-01
5394,WASHINGTON PIKE + GREAT SOUTHERN SHOPPING CENTER,40.368303,-80.102929,mid_block,NaN,shp-31-01
5395,WASHINGTON PIKE + BERAM FS,40.368943,-80.101863,mid_block,NaN,shp-31-01
5396,WASHINGTON PIKE + VANADIUM,40.370075,-80.100845,near_side,19.050521108447303,shp-31-01
5398,WASHINGTON PIKE + I-79 RAMP,40.372983,-80.099243,near_side,10.078542956214068,shp-31-01
5399,WASHINGTON PIKE + STEEN,40.376175,-80.097809,far_side,6.694951759644432,shp-31-01
54,MOUNT LEBANON STATION,40.381726,-80.043434,mid_block,NaN,shp-RED-51
5401,WASHINGTON PIKE + #1375,40.379403,-80.0959,mid_block,NaN,shp-31-01
5403,RACEWAY FIRELANE + SHOP N SAVE,40.387951,-80.09362,mid_block,NaN,shp-31-53
5405,WASHINGTON AVE + MAIN,40.409135,-80.083601,near_side,31.468610521795345,shp-31-01
5406,MAIN ST + CHESTNUT,40.410029,-80.082633,near_side,18.35612455643705,shp-31-01
5407,NOBLESTOWN RD + IDLEWOOD,40.413247,-80.078008,mid_block,NaN,shp-31-01
5408,NOBLESTOWN RD + #235,40.413198,-80.076089,mid_block,NaN,shp-31-01
5409,NOBLESTOWN RD + ALTER,40.413765,-80.073312,mid_block,NaN,shp-31-01
5411,NOBLESTOWN RD + #640,40.415791,-80.070707,mid_block,NaN,shp-31-01
5412,NOBLESTOWN RD + HAWTHORNE,40.416294,-80.067123,mid_block,NaN,shp-31-01
5413,NOBLESTOWN RD + MANSFIELD FS,40.417135,-80.066124,mid_block,NaN,shp-31-01
5414,NOBLESTOWN RD + #2793,40.419037,-80.066485,mid_block,NaN,shp-31-01
5416,NOBLESTOWN RD + BRENFORD,40.420562,-80.066827,mid_block,NaN,shp-31-01
5418,NOBLESTOWN RD + DURBIN,40.423628,-80.066591,mid_block,NaN,shp-31-01
5419,NOBLESTOWN RD + HOLIDAY DR,40.426341,-80.061945,mid_block,NaN,shp-31-01
5420,NOBLESTOWN RD + SCHOOL,40.426422,-80.057121,near_side,20.236019538438267,shp-31-01
5421,NOBLESTOWN RD + NOBLE MANOR,40.427067,-80.0554,mid_block,NaN,shp-31-01
5422,NOBLESTOWN RD + #235,40.427818,-80.053781,near_side,15.804605789078598,shp-31-01
5423,NOBLESTOWN RD + #2212,40.429879,-80.053421,mid_block,NaN,shp-31-01
5424,NOBLESTOWN RD + #2148 (GIANT EAGLE),40.431142,-80.053322,mid_block,NaN,shp-31-01
5425,NOBLESTOWN RD + #2120 (GIANT EAGLE),40.431806,-80.052764,mid_block,NaN,shp-31-01
5427,NOBLESTOWN RD + COLESCOTT,40.434235,-80.050202,mid_block,NaN,shp-31-01
5428,NOBLESTOWN RD + DENISONVIEW,40.435102,-80.050413,mid_block,NaN,shp-31-01
5429,NOBLESTOWN RD + BARTOW,40.436208,-80.052019,mid_block,NaN,shp-31-01
5430,NOBLESTOWN RD + CRAFTON,40.437486,-80.053761,mid_block,NaN,shp-31-01
5458,GREENTREE RD + MANSFIELD FS,40.422491,-80.045508,mid_block,NaN,shp-38-05
5460,GREENTREE RD + PARKWAY CENTER DR SOUTH,40.424606,-80.042834,near_side,32.02245330096685,shp-38-01
5461,NOBLESTOWN RD + CRAFTON FS,40.437477,-80.053848,mid_block,NaN,shp-31-53
5462,NOBLESTOWN RD + BARTOW,40.436195,-80.052139,mid_block,NaN,shp-31-53
5463,NOBLESTOWN RD + DENISONVIEW,40.435053,-80.050533,mid_block,NaN,shp-31-53
5464,NOBLESTOWN RD + HARRIS FS,40.434116,-80.05035,mid_block,NaN,shp-31-53
5465,NOBLESTOWN RD + #2094,40.432745,-80.051798,mid_block,NaN,shp-31-53
5466,NOBLESTOWN RD + #2128,40.431988,-80.0527,mid_block,NaN,shp-31-53
5467,NOBLESTOWN RD + FIRE STATION (#2200),40.431121,-80.053458,mid_block,NaN,shp-31-53
5468,NOBLESTOWN RD + #2212,40.429811,-80.053529,mid_block,NaN,shp-31-53
5469,NOBLESTOWN RD + POPLAR,40.428149,-80.053674,near_side,24.443137004386376,shp-31-53
5470,NOBLESTOWN RD + NOBLE MANOR,40.427084,-80.055592,mid_block,NaN,shp-31-53
5471,NOBLESTOWN RD + BALDWICK,40.426636,-80.056706,near_side,31.789306454775613,shp-31-53
5480,NOBLESTOWN RD + HAWTHORNE,40.416189,-80.067468,mid_block,NaN,shp-31-53
5481,NOBLESTOWN RD + #640,40.415859,-80.070763,mid_block,NaN,shp-31-53
5483,NOBLESTOWN RD + ALTER,40.413893,-80.073256,mid_block,NaN,shp-31-53
5484,NOBLESTOWN RD + #235,40.413128,-80.075347,mid_block,NaN,shp-31-53
5485,NOBLESTOWN RD + BELL AVE,40.413115,-80.078604,mid_block,NaN,shp-31-53
5490,WASHINGTON PIKE + STEEN,40.376324,-80.09786,near_side,15.904429857313845,shp-31-53
5491,WASHINGTON PIKE + WINSTEIN,40.37405,-80.099162,mid_block,NaN,shp-31-53
5493,WASHINGTON PIKE + VANADIUM,40.370472,-80.100718,near_side,27.350010056606404,shp-31-53
5494,WASHINGTON PIKE + GREAT SOUTHERN SHOPPING CENTER ENT #1,40.368758,-80.102365,mid_block,NaN,shp-31-53
5495,WASHINGTON PIKE + GREAT SOUTHERN SHOPPING CENTER ENT #2,40.367714,-80.104225,mid_block,NaN,shp-31-53
5497,WASHINGTON PIKE + MAYER,40.366212,-80.106937,near_side,32.04895840088955,shp-31-53
5498,WASHINGTON PIKE + CHARTIERS VALLEY SHOPPING CENTER,40.365601,-80.108075,near_side,38.96275855909165,shp-31-53
5499,WASHINGTON AVE + PRESTLEY,40.362701,-80.110473,ambiguous,3.63148976865854,shp-31-53
55,MUNROE,40.32278,-80.029695,mid_block,NaN,shp-SLVR-01
5500,WASHINGTON AVE + MURRAY,40.360294,-80.111523,near_side,5.610627393159724,shp-31-53
5524,NOBLESTOWN RD + HOLIDAY DR,40.426431,-80.06166,mid_block,NaN,shp-31-53
5525,NOBLESTOWN RD + PACE,40.424904,-80.065741,mid_block,NaN,shp-31-53
5526,NOBLESTOWN RD + DURBIN,40.423801,-80.066531,mid_block,NaN,shp-31-53
5528,NOBLESTOWN RD + MORANGE,40.42084,-80.066969,mid_block,NaN,shp-31-53
5530,NOBLESTOWN RD + #2793,40.419055,-80.066564,mid_block,NaN,shp-31-53
5551,PARKWAY CTR DR SOUTH + BUILDING #7,40.423579,-80.041033,mid_block,NaN,shp-38-56
5552,GREENTREE RD + WARRIORS,40.42425,-80.043385,near_side,15.758764470346474,shp-38-55
5553,GREENTREE RD + MANSFIELD,40.422172,-80.046055,far_side,5.937187261885619,shp-38-55
5560,EAST BUSWAY + PENN STATION A,40.443896,-79.992074,mid_block,NaN,shp-P1-51
5564,GRANT ST + OLIVER,40.440094,-79.996232,far_side,16.040995693191956,shp-P12-70
5588,3RD ST + MAIN,40.404453,-80.091119,near_side,28.172980755526083,shp-G31-01
5595,CAROTHERS AVE + WASHINGTON,40.395715,-80.086949,far_side,23.688793992209796,shp-G31-58
562,PERRY HWY + MCDONALDS,40.517924,-80.029064,mid_block,NaN,shp-8-03
5655,GREENTREE RD + FOREST FS,40.405522,-80.054181,mid_block,NaN,shp-38-01
5656,GREENTREE RD + BANBURY,40.406342,-80.053023,mid_block,NaN,shp-38-05
5657,GREENTREE RD + POTOMAC,40.408367,-80.050176,near_side,18.95281438005333,shp-38-01
5659,GREENTREE RD + ORIOLE,40.41028,-80.047472,mid_block,NaN,shp-38-05
5660,GREENTREE RD + ORCHARD,40.412117,-80.045942,mid_block,NaN,shp-38-01
5661,GREENTREE RD + CARNAHAN,40.414111,-80.045016,near_side,15.934127198297778,shp-38-01
5663,GREENTREE RD + MANILLA FS,40.418682,-80.045713,far_side,16.40218133863609,shp-38-01
568,PERRY HWY AT ROSS PARK AND RIDE- LOWER LOT SHELTER,40.508811,-80.029566,mid_block,NaN,shp-8-03
569,PERRY HWY + CLARWIN,40.505238,-80.028571,mid_block,NaN,shp-8-03
57,RIDGE AVE + BRIGHTON (CCAC),40.450375,-80.014343,mid_block,NaN,shp-54-53
570,PERRY HWY + HANWAY,40.504332,-80.026665,mid_block,NaN,shp-8-03
571,PERRY HWY + I-279 RAMP,40.503623,-80.025527,mid_block,NaN,shp-8-03
572,PERRY HWY + WEST VIEW AVE FS,40.499926,-80.021673,far_side,31.756981646769134,shp-8-03
573,PERRY HWY + IVORY,40.498325,-80.020375,near_side,16.34749645337812,shp-8-03
5736,GREENTREE RD + MANILLA,40.418648,-80.045868,near_side,18.623623073118043,shp-38-56
5738,GREENTREE RD + CARNAHAN,40.414317,-80.045095,near_side,10.956342647152974,shp-38-56
5739,GREENTREE RD + ORCHARD,40.412212,-80.045994,mid_block,NaN,shp-38-56
574,PERRY HWY + CONNIE,40.496533,-80.020025,far_side,7.04641531100975,shp-8-03
5740,GREENTREE RD + ORIOLE,40.41036,-80.047495,mid_block,NaN,shp-38-55
5742,GREENTREE RD + POTOMAC,40.40862,-80.049956,near_side,18.407713766489973,shp-38-55
5743,GREENTREE RD + BANBURY,40.406612,-80.052778,mid_block,NaN,shp-38-56
5744,GREENTREE RD + FOREST,40.405559,-80.05426,mid_block,NaN,shp-38-56
576,PERRY HWY + PERRY VIEW,40.493832,-80.022118,mid_block,NaN,shp-8-03
577,PERRYSVILLE AVE + BASCOM,40.492954,-80.021996,near_side,33.61403391191898,shp-8-03
578,PERRYSVILLE AVE + WALDORF,40.491273,-80.020192,mid_block,NaN,shp-8-03
579,PERRYSVILLE AVE + FRANKLIN,40.490297,-80.01867,mid_block,NaN,shp-8-03
5795,GREENTREE RD + LINDSAY,40.386087,-80.084647,near_side,34.58544000658136,shp-38-01
5796,LINDSAY RD + PARK DR,40.384201,-80.084457,mid_block,NaN,shp-38-01
5797,LINDSAY RD + #509,40.38239,-80.085733,mid_block,NaN,shp-38-01
5798,LINDSAY RD + #559,40.382298,-80.084168,mid_block,NaN,shp-38-01
5799,LINDSAY RD + #601,40.383133,-80.082512,mid_block,NaN,shp-38-01
5800,LINDSAY RD + WYNNECLIFF #1,40.383671,-80.080521,mid_block,NaN,shp-38-01
5801,LINDSAY RD + #722,40.385452,-80.079277,mid_block,NaN,shp-38-01
5802,LINDSAY RD + WYNNECLIFF #2,40.387322,-80.079396,mid_block,NaN,shp-38-01
5804,LINDSAY RD + CLAIREVIEW,40.387955,-80.077438,mid_block,NaN,shp-38-01
5805,LINDSAY RD + GREENVIEW,40.386883,-80.076523,mid_block,NaN,shp-38-01
5807,LINDSAY RD + CHERRYTREE,40.385494,-80.074008,mid_block,NaN,shp-38-01
5809,LINDSAY RD + SWALLOW HILL,40.384605,-80.070679,mid_block,NaN,shp-38-01
5811,SWALLOW HILL RD + THE KNOLLS,40.387276,-80.073708,mid_block,NaN,shp-38-01
5813,SWALLOW HILL RD + THE BOURSE,40.389176,-80.073972,mid_block,NaN,shp-38-01
5819,GREENTREE RD + FORSYTHE,40.399517,-80.064987,near_side,20.131030129807236,shp-38-05
5820,GREENTREE RD + GREEN OAK NS,40.401118,-80.063307,mid_block,NaN,shp-38-05
5822,GREENTREE RD + CHATHAM PARK,40.403345,-80.058376,near_side,24.406637727451862,shp-38-05
5860,GREENTREE RD + RYAN,40.402916,-80.060647,mid_block,NaN,shp-38-56
5861,GREENTREE RD + GREEN OAK,40.401536,-80.063061,mid_block,NaN,shp-38-55
5862,GREENTREE RD AT COVENANT CHURCH PARK AND RIDE,40.400571,-80.064294,mid_block,NaN,shp-38-56
5863,GREENTREE RD + FORSYTHE,40.399857,-80.06501,near_side,17.809825840047722,shp-38-55
5878,GREENTREE RD + GREENBRIAR,40.398529,-80.065668,mid_block,NaN,shp-38-55
5879,GREENTREE ROAD + LEADER COUNTRY DR,40.396586,-80.06616,mid_block,NaN,shp-38-56
588,NORTH COMMONS + WEST COMMONS,40.453732,-80.007393,mid_block,NaN,shp-16-13
5880,GREENTREE RD + MANORVIEW,40.394717,-80.066373,far_side,26.749846240747612,shp-38-55
5881,GREENTREE RD + # 2080,40.391972,-80.069099,mid_block,NaN,shp-38-56
5882,GREENTREE RD + VIRGINIA MANSIONS,40.391672,-80.071292,mid_block,NaN,shp-38-56
5883,SWALLOW HILL RD + GREENTREE FS,40.390078,-80.074184,mid_block,NaN,shp-38-56
5884,SWALLOW HILL RD + THE BOURSE,40.38925,-80.074122,mid_block,NaN,shp-38-56
5885,SWALLOW HILL RD + NOB HILL APTS DRIVE,40.387931,-80.074016,mid_block,NaN,shp-38-56
5887,LINDSAY RD + SWALLOW HILL FS,40.384462,-80.071032,mid_block,NaN,shp-38-56
5889,LINDSAY RD + CHERRYTREE,40.385473,-80.073849,mid_block,NaN,shp-38-56
5891,LINDSAY RD + GREENVIEW FS,40.386926,-80.076484,mid_block,NaN,shp-38-56
5892,LINDSAY RD + CLAIREVIEW,40.387852,-80.077364,mid_block,NaN,shp-38-56
5894,LINDSAY RD + WYNNECLIFF #1,40.387481,-80.079484,mid_block,NaN,shp-38-56
5896,LINDSAY RD + WYNNECLIFF #2,40.383789,-80.080301,mid_block,NaN,shp-38-56
5897,LINDSAY RD + #601,40.383129,-80.08271,mid_block,NaN,shp-38-56
5898,LINDSAY RD + #559,40.38222,-80.084368,mid_block,NaN,shp-38-56
5899,LINDSAY RD + #509,40.382134,-80.085701,mid_block,NaN,shp-38-56
59,WESTERN AVE + GALVESTON,40.451977,-80.016411,near_side,13.23843818773108,shp-18-01
5900,LINDSAY RD + PARK DR,40.384186,-80.08438,mid_block,NaN,shp-38-56
5901,LINDSAY RD + GREENTREE,40.386117,-80.084266,near_side,14.855064855882976,shp-38-56
5922,SECOND AVE + MUNICIPAL COURTS DR FS,40.435982,-79.995478,near_side,30.54862578657794,shp-57-02
5923,BLVD OF ALLIES + CHERRY WAY FS,40.437661,-79.999664,far_side,48.74821897383311,shp-57-02
5928,FT COUCH RD + MEDICAL ARTS BLDG,40.340878,-80.052343,far_side,31.62840013713701,shp-36-03
5929,OXFORD DR + THOMAS MORE MANOR,40.343425,-80.051929,mid_block,NaN,shp-36-03
5931,OXFORD DR + GIANT EAGLE,40.346526,-80.04856,mid_block,NaN,shp-36-03
5932,OXFORD DR + VILLAGE SQUARE UPPER ENT,40.347887,-80.049638,mid_block,NaN,shp-36-03
5950,WASHINGTON RD + SHADY DR,40.383109,-80.043827,near_side,12.07154408590492,shp-38-05
6,WESTERN AVE + BRIGHTON,40.452355,-80.014206,near_side,23.021850717054136,shp-18-06
60,WESTERN AVE + ALLEGHENY,40.45158,-80.018486,near_side,46.118570128900004,shp-18-01
6002,WASHINGTON RD + FLORENCE PL,40.384457,-80.043904,mid_block,NaN,shp-38-55
6018,OXFORD DR + GIANT EAGLE,40.34668,-80.048845,mid_block,NaN,shp-36-51
6056,BOWER HILL RD + LIBERTY,40.359022,-80.108893,mid_block,NaN,shp-41-51
6081,PIONEER AVE + BELLAIRE,40.397164,-80.023215,mid_block,NaN,shp-39-01
6082,PIONEER AVE + ROSSMORE,40.397892,-80.02288,mid_block,NaN,shp-39-01
6084,PIONEER AVE + BERWIN,40.399156,-80.021201,mid_block,NaN,shp-39-01
6085,PIONEER AVE + METZ,40.400098,-80.02018,mid_block,NaN,shp-39-01
6086,PIONEER AVE + BELLBROOK,40.401149,-80.018511,mid_block,NaN,shp-39-01
6088,PIONEER AVE + DUNSTER,40.402386,-80.015965,mid_block,NaN,shp-39-01
6090,PIONEER AVE + STETSON,40.405443,-80.01505,near_side,22.636491579201802,shp-39-01
6091,PIONEER AVE + SOUTHCREST,40.406925,-80.014989,mid_block,NaN,shp-39-01
6092,PIONEER AVE + NORTHCREST,40.409412,-80.013843,mid_block,NaN,shp-39-01
6093,PIONEER AVE RAMP + SOUTH BUSWAY,40.411828,-80.009028,mid_block,NaN,shp-39-01
6094,SOUTH BUSWAY + PALM GARDEN,40.416432,-80.011833,mid_block,NaN,shp-39-01
6095,SOUTH BUSWAY + SOUTH HILLS JCT,40.421255,-80.006804,mid_block,NaN,shp-40-01
6096,SMITHFIELD ST BRIDGE + STATION SQUARE,40.43296,-80.003494,mid_block,NaN,shp-40-51
6098,SOUTH BUSWAY + PALM GARDEN,40.4161,-80.011821,mid_block,NaN,shp-Y46-52
6099,PIONEER AVE RAMP + PIONEER,40.411808,-80.009236,mid_block,NaN,shp-39-51
61,POTOMAC STATION,40.397354,-80.036243,mid_block,NaN,shp-RED-01
6100,PIONEER AVE + NORTHCREST,40.409286,-80.014301,mid_block,NaN,shp-39-51
6102,PIONEER AVE + STETSON,40.405731,-80.015063,near_side,10.247155654820915,shp-39-51
6104,PIONEER AVE + DUNSTER,40.402537,-80.015976,mid_block,NaN,shp-39-51
6106,PIONEER AVE + BELLBROOK,40.401254,-80.018092,mid_block,NaN,shp-39-51
6108,PIONEER AVE + BERWIN,40.39922,-80.021223,mid_block,NaN,shp-39-51
6110,PIONEER AVE + ROSSMORE,40.398101,-80.022722,mid_block,NaN,shp-39-51
6151,WEST LIBERTY AVE + DORMONT AVE,40.391328,-80.038927,near_side,6.978307988468871,shp-41-01
6154,WEST LIBERTY AVE + ILLINOIS (POTOMAC),40.395175,-80.033986,near_side,20.81691441132905,shp-41-01
6161,BROOKLINE BLVD + CASTLEGATE,40.394996,-80.021754,near_side,28.455258160570708,shp-39-51
6162,BROOKLINE BLVD + FLATBUSH,40.393712,-80.020141,near_side,21.01210338321021,shp-39-51
6163,BROOKLINE BLVD + STEBBINS,40.39315,-80.0192,mid_block,NaN,shp-39-51
6164,CHELTON AVE + QUEENSBORO,40.391615,-80.017159,mid_block,NaN,shp-39-51
6165,CHELTON AVE + OAKRIDGE,40.389858,-80.01477,mid_block,NaN,shp-39-51
6166,CHELTON AVE + FREEDOM,40.3884,-80.012749,mid_block,NaN,shp-39-51
6168,FREEDOM AVE + WAREMAN,40.38941,-80.011288,mid_block,NaN,shp-39-51
6169,FREEDOM AVE + MERRICK,40.390076,-80.010468,mid_block,NaN,shp-39-51
617,WEST VIEW PARK DR + PERRY HWY FS,40.517479,-80.031983,mid_block,NaN,shp-8-53
6170,MERRICK AVE + HOBSON,40.389546,-80.009648,mid_block,NaN,shp-39-51
618,WEST VIEW PARK DR + WEST VIEW TOWERS,40.516986,-80.033418,mid_block,NaN,shp-8-53
6185,BROOKLINE BLVD + #1439,40.392418,-80.0075,mid_block,NaN,shp-39-51
6186,BROOKLINE BLVD + GREENCREST,40.39235,-80.00541,mid_block,NaN,shp-39-51
6187,BROOKLINE BLVD + #1572,40.391224,-80.003094,mid_block,NaN,shp-39-51
6188,BROOKLINE BLVD + ALTMAR,40.391062,-80.000491,mid_block,NaN,shp-39-51
6189,ALTMAR ST + REAMER,40.391498,-80.000247,mid_block,NaN,shp-39-01
619,WEST VIEW PLAZA FIRE LANE + GIANT EAGLE,40.516673,-80.03865,mid_block,NaN,shp-8-53
6190,REAMER ST + #1555,40.3919,-80.002648,mid_block,NaN,shp-39-01
6191,BROOKLINE BLVD + GREENCREST,40.392266,-80.005128,mid_block,NaN,shp-39-01
6192,BROOKLINE BLVD + #1439,40.392472,-80.007161,mid_block,NaN,shp-39-01
6193,BROOKLINE BLVD + BREINING,40.392329,-80.010706,mid_block,NaN,shp-39-01
6198,BROOKLINE BLVD + FLATBUSH,40.39372,-80.019839,near_side,12.708288469897361,shp-39-01
6199,BROOKLINE BLVD + CASTLEGATE,40.394817,-80.021351,near_side,20.931632540756322,shp-39-01
62,POTOMAC STATION,40.397127,-80.036748,mid_block,NaN,shp-RED-51
620,WEST VIEW PLAZA FIRE LANE + UHAUL,40.516553,-80.036697,mid_block,NaN,shp-8-53
6205,WEST LIBERTY AVE + WISCONSIN,40.393816,-80.03611,near_side,13.550127205913371,shp-41-51
6207,WEST LIBERTY AVE + PARK,40.391242,-80.039256,far_side,40.52189441191263,shp-41-51
623,EAST COMMONS + EAST OHIO ST NS,40.452772,-80.00358,near_side,21.726481566044466,shp-16-51
624,N. COMMONS + FEDERAL ST,40.453973,-80.006045,near_side,9.959613205743477,shp-16-51
6240,WINFIELD ST + BANK,40.350401,-80.104623,mid_block,NaN,shp-41-01
6242,BANK ST + GRANDVIEW,40.353044,-80.105706,mid_block,NaN,shp-41-01
6243,BANK ST + ELM,40.353823,-80.106611,mid_block,NaN,shp-41-01
6245,BANK ST + GREGG,40.355091,-80.108475,mid_block,NaN,shp-41-01
6246,BANK ST + DEWEY,40.356213,-80.110138,mid_block,NaN,shp-41-01
6248,RAILROAD ST + #435 (STATION),40.358235,-80.110379,mid_block,NaN,shp-41-01
625,NORTH AVE + BOYLE,40.455564,-80.005715,mid_block,NaN,shp-8-03
6250,BOWER HILL RD + #736,40.358621,-80.103978,mid_block,NaN,shp-41-01
6251,BOWER HILL RD + #802,40.359865,-80.101768,mid_block,NaN,shp-41-01
6253,BOWER HILL RD + SYLVA,40.362106,-80.097878,mid_block,NaN,shp-41-01
6258,BOWER HILL RD + ROCKHILL,40.366595,-80.08637,near_side,14.390761411520767,shp-41-01
626,NORTH AVE + SANDUSKY,40.455747,-80.004727,near_side,20.787247730989726,shp-8-03
6260,VANADIUM RD + ELMBROOK,40.369478,-80.085734,mid_block,NaN,shp-41-01
6263,VANADIUM RD + VOLUNTEER FIRE COMPANY,40.374319,-80.092305,mid_block,NaN,shp-41-01
6265,MAIN ST + #1737,40.376844,-80.092911,mid_block,NaN,shp-41-01
6267,KANE BLVD + DAVIS,40.378016,-80.09145,mid_block,NaN,shp-41-01
6268,KANE BLVD + HUGHES,40.377249,-80.090478,mid_block,NaN,shp-41-01
6269,KANE BLVD + ELM,40.375889,-80.088639,mid_block,NaN,shp-41-01
627,NORTH AVE + CEDAR (AGH),40.456117,-80.00286,near_side,26.431496457831315,shp-8-03
6270,KANE BLVD + INSTITUTION DR (KANE CTR),40.375371,-80.087923,mid_block,NaN,shp-41-01
6272,KANE BLVD + CHURCH RECTORY,40.373069,-80.083982,mid_block,NaN,shp-41-01
6275,BOWER HILL RD + KELSO,40.371967,-80.077895,far_side,21.072878940012853,shp-41-01
6276,BOWER HILL RD + CLEMSON,40.37244,-80.076477,mid_block,NaN,shp-41-01
6277,BOWER HILL RD + PAT HAVEN,40.373246,-80.075587,mid_block,NaN,shp-41-01
6278,BOWER HILL RD + SYLVANDELL,40.374374,-80.073425,near_side,15.651964117378316,shp-41-01
6280,BOWER HILL RD + FIRWOOD,40.376167,-80.067837,near_side,21.250638117544444,shp-41-01
6281,BOWER HILL RD + LAKEMONT (ST CLAIR HOSP),40.377887,-80.065164,near_side,25.86155515599616,shp-41-01
6282,BOWER HILL RD + PARKVIEW,40.37976,-80.063136,near_side,26.929053497465222,shp-41-01
6283,BOWER HILL RD + CARNEGIE,40.383189,-80.056427,near_side,16.015516748571397,shp-41-01
6284,BOWER HILL RD + COCHRAN RD,40.384864,-80.053572,near_side,18.39518791404837,shp-41-01
6285,BOWER HILL RD + MARLIN,40.385667,-80.050321,mid_block,NaN,shp-41-01
6286,BOWER HILL RD + RALSTON,40.386325,-80.047861,mid_block,NaN,shp-41-01
6288,WEST LIBERTY AVE + BLAINE,40.396783,-80.030414,mid_block,NaN,shp-41-01
6289,WEST LIBERTY AVE + #2665,40.397479,-80.028444,mid_block,NaN,shp-41-01
6291,WEST LIBERTY AVE + BROOKLINE BLVD FS,40.398558,-80.025756,mid_block,NaN,shp-41-01
6293,WEST LIBERTY AVE + PAULINE,40.401657,-80.022164,near_side,15.077027265652305,shp-41-01
6296,WEST LIBERTY AVE + CAPE MAY,40.408332,-80.01776,near_side,13.080900532287911,shp-41-01
6299,SOUTH BUSWAY + DAWN AVE SHELTER,40.412922,-80.010819,far_side,11.904652612294052,shp-41-01
63,SANDY CREEK,40.296474,-80.030397,mid_block,NaN,shp-SLVR-01
633,PERRYSVILLE AVE + FRANKLIN FS,40.490481,-80.01876,mid_block,NaN,shp-8-53
635,PERRYSVILLE AVE + VINCETON,40.492753,-80.021682,near_side,9.526293147878874,shp-8-53
636,PERRY HWY + #4146,40.493964,-80.021717,mid_block,NaN,shp-8-53
639,PERRY HWY + WEST VIEW AVE,40.500125,-80.021776,near_side,11.58118089396568,shp-8-53
64,SARAH,40.315982,-80.029613,mid_block,NaN,shp-SLVR-01
6400,SOUTH BUSWAY + DAWN AVE SHELTER,40.413133,-80.010907,near_side,36.40302551623868,shp-41-51
6401,WEST LIBERTY AVE + BROOKSIDE,40.410571,-80.015487,near_side,15.699992037233272,shp-41-51
6402,WEST LIBERTY AVE + CAPE MAY,40.408661,-80.017676,near_side,25.28006858132336,shp-41-51
6403,WEST LIBERTY AVE + CURRANHILL,40.405405,-80.018885,near_side,10.119869704556933,shp-41-51
6405,WEST LIBERTY AVE + PAULINE,40.401903,-80.022071,near_side,14.215010440311795,shp-41-51
6406,WEST LIBERTY AVE + BELLE ISLE,40.400392,-80.023626,mid_block,NaN,shp-41-51
6407,WEST LIBERTY AVE + WENZELL,40.398453,-80.02614,near_side,20.877394537685,shp-41-51
6408,WEST LIBERTY AVE + #2666,40.397784,-80.027957,mid_block,NaN,shp-41-51
6409,WEST LIBERTY AVE + LASALLE,40.396705,-80.031013,mid_block,NaN,shp-41-51
641,PERRY HWY + CEMETERY LN,40.503282,-80.024849,near_side,33.50007047128872,shp-8-53
6410,WASHINGTON RD + BOWER HILL,40.387057,-80.043758,near_side,15.315665975201226,shp-41-51
6411,BOWER HILL RD + N MEADOWCROFT,40.386734,-80.045844,mid_block,NaN,shp-41-51
6412,BOWER HILL RD + RALSTON,40.386426,-80.047699,mid_block,NaN,shp-41-51
6413,BOWER HILL RD + MARLIN,40.38585,-80.049954,mid_block,NaN,shp-41-51
6414,BOWER HILL RD + COCHRAN RD FS,40.38489,-80.053923,mid_block,NaN,shp-41-51
6415,BOWER HILL RD + PARKVIEW,40.380076,-80.062897,near_side,17.180845485158414,shp-41-51
6416,BOWER HILL RD + SEGAR,40.378362,-80.064644,near_side,20.48514559974134,shp-41-51
6417,BOWER HILL RD + N WREN,40.376584,-80.067407,near_side,45.451372540461165,shp-41-51
6418,BOWER HILL RD + BOWER HILL APTS,40.375458,-80.069763,mid_block,NaN,shp-41-51
6420,BOWER HILL RD + SYLVANDELL,40.374384,-80.07371,far_side,44.80312623079452,shp-41-51
6421,BOWER HILL RD + PAT HAVEN,40.373441,-80.075562,mid_block,NaN,shp-41-51
6422,BOWER HILL RD + CLEMSON,40.372632,-80.076426,mid_block,NaN,shp-41-51
6423,BOWER HILL RD + KELSO,40.372076,-80.077913,near_side,23.32957544128766,shp-41-51
6425,BOWER HILL RD + KANE BLVD,40.371838,-80.082474,near_side,15.8205616894081,shp-41-51
6426,KANE BLVD + OUR LADY OF GRACE CHURCH,40.373912,-80.084665,mid_block,NaN,shp-41-51
6429,KANE BLVD + ELM,40.375956,-80.088619,mid_block,NaN,shp-41-51
643,PERRY HWY + CLARWIN,40.505238,-80.028328,mid_block,NaN,shp-8-53
6430,KANE BLVD + HUGHES,40.377351,-80.090497,mid_block,NaN,shp-41-51
6431,KANE BLVD + DAVIS,40.378087,-80.091418,mid_block,NaN,shp-41-51
6432,MAIN ST + #1737,40.377026,-80.092876,mid_block,NaN,shp-41-51
6434,VANADIUM RD + VOLUNTEER FIRE COMPANY,40.374261,-80.092323,mid_block,NaN,shp-41-51
6435,VANADIUM RD + VANADIUM WOODS VLG NS,40.372217,-80.089814,mid_block,NaN,shp-41-51
6436,VANADIUM RD + ELMBROOK,40.369455,-80.085846,mid_block,NaN,shp-41-51
6438,BOWER HILL RD + ROCKHILL,40.366837,-80.086314,near_side,13.2625622060821,shp-41-51
6442,BOWER HILL RD + UNION,40.362213,-80.097662,mid_block,NaN,shp-41-51
6443,BOWER HILL RD + COOKS SCHOOL,40.361173,-80.100298,mid_block,NaN,shp-41-51
6446,BOWER HILL RD + MCLAUGHLIN,40.358359,-80.105141,mid_block,NaN,shp-41-51
6447,RAILROAD ST + STATION,40.358016,-80.110706,mid_block,NaN,shp-41-51
6448,DEWEY AVE + BANK,40.356428,-80.110329,mid_block,NaN,shp-41-51
6449,BANK ST + GREGG,40.355192,-80.108766,mid_block,NaN,shp-41-51
6451,BANK ST + ELM,40.353711,-80.106586,mid_block,NaN,shp-41-51
6452,BANK ST + ELIZABETH,40.353131,-80.105911,mid_block,NaN,shp-41-51
6454,BANK ST + WINFIELD,40.350434,-80.104948,mid_block,NaN,shp-41-51
65,SARAH,40.31563,-80.029968,mid_block,NaN,shp-SLVR-51
650,PERRY HWY + #328,40.518423,-80.027666,mid_block,NaN,shp-8-53
651,PERRY HWY + VFW,40.517746,-80.030041,mid_block,NaN,shp-8-53
6528,LESNETT RD + BANK FS,40.349209,-80.103668,mid_block,NaN,shp-41-51
6571,WASHINGTON RD + ABBYVILLE,40.351983,-80.05052,ambiguous,3.7661877415185603,shp-36-03
6573,GALLERIA STOREFRONT + SOUTHEAST ENTRANCE,40.356559,-80.052006,mid_block,NaN,shp-36-03
6576,GILKESON RD + OLD GILKESON,40.359018,-80.05979,mid_block,NaN,shp-36-03
6577,GILKESON RD + CEDAR,40.361648,-80.063758,near_side,40.22505493856708,shp-36-03
6578,CEDAR BLVD + #1281,40.363107,-80.063427,mid_block,NaN,shp-36-03
6579,CEDAR BLVD + BEADLING RD,40.366372,-80.061188,mid_block,NaN,shp-36-03
6581,CEDAR BLVD + LINDENDALE,40.367586,-80.061278,mid_block,NaN,shp-36-03
6582,CEDAR BLVD + #1163,40.369265,-80.060649,mid_block,NaN,shp-36-03
6583,CEDAR BLVD + MAYFAIR,40.370795,-80.059912,mid_block,NaN,shp-36-03
6585,CEDAR BLVD + GREENHURST,40.374953,-80.056779,near_side,21.031468147500977,shp-36-03
6586,CEDAR BLVD + HOLLYCREST,40.377721,-80.055309,mid_block,NaN,shp-36-03
6598,CEDAR BLVD + SALEM,40.378045,-80.055118,mid_block,NaN,shp-36-51
6599,CEDAR BLVD + GREENHURST,40.37526,-80.056707,near_side,14.506324431158033,shp-36-51
66,LIBRARY STATION,40.287071,-80.020933,mid_block,NaN,shp-SLVR-01
6601,CEDAR BLVD + MAYFAIR,40.371078,-80.059793,mid_block,NaN,shp-36-51
6602,CEDAR BLVD + #1154,40.369488,-80.060616,mid_block,NaN,shp-36-51
6603,CEDAR BLVD + LINDENDALE,40.367725,-80.061354,mid_block,NaN,shp-36-51
6604,CEDAR BLVD + BEADLING,40.366356,-80.061272,mid_block,NaN,shp-36-51
6608,GILKESON RD + OLD GILKESON,40.358795,-80.059631,mid_block,NaN,shp-36-51
6611,WASHINGTON RD + ABBYVILLE,40.352315,-80.050609,far_side,3.7408820566559804,shp-36-51
6612,WASHINGTON RD + WASHINGTONIAN APTS,40.350225,-80.051365,mid_block,NaN,shp-36-51
6647,BROOKLINE BLVD + PIONEER,40.396176,-80.023332,near_side,40.21290281439269,shp-39-01
6654,BROOKLINE BLVD + BIRCHLAND,40.392337,-80.009447,mid_block,NaN,shp-39-51
6656,RUTLEDGE ST + REPUBLIC,40.440299,-80.025391,mid_block,NaN,shp-40-01
6657,GRANDVIEW AVE + SHALER,40.440396,-80.023224,mid_block,NaN,shp-40-01
6658,GRANDVIEW AVE + AUGUSTA,40.439816,-80.022141,mid_block,NaN,shp-40-01
6659,GRANDVIEW AVE + PLYMOUTH,40.438881,-80.020553,mid_block,NaN,shp-40-01
6660,GRANDVIEW AVE + COHASSETT,40.437868,-80.018323,mid_block,NaN,shp-40-01
6661,GRANDVIEW AVE + HALLOCK,40.43731,-80.01733,mid_block,NaN,shp-40-01
6662,GRANDVIEW AVE + LABELLE,40.436425,-80.015718,mid_block,NaN,shp-40-01
6663,LABELLE ST + PIERMONT,40.434605,-80.016043,mid_block,NaN,shp-40-01
6664,LABELLE ST + SYCAMORE,40.43332,-80.016311,mid_block,NaN,shp-40-01
6665,LABELLE ST + VIRGINIA,40.432235,-80.016524,mid_block,NaN,shp-40-01
6673,VIRGINIA AVE + BERTHA,40.431422,-80.012165,mid_block,NaN,shp-40-01
6674,VIRGINIA AVE + KEARSARGE,40.431144,-80.010727,mid_block,NaN,shp-40-01
6675,VIRGINIA AVE + MAPLE TERRACE,40.430652,-80.009673,mid_block,NaN,shp-40-01
6676,VIRGINIA AVE + SHOP N SAVE,40.429819,-80.008101,mid_block,NaN,shp-40-01
6677,SHILOH ST + VIRGINIA FS,40.429105,-80.007341,far_side,41.075603248557336,shp-40-01
6678,SOUTHERN AVE + NATCHEZ,40.428699,-80.008103,mid_block,NaN,shp-40-01
6679,SOUTHERN AVE + PROSPECT,40.428167,-80.008668,mid_block,NaN,shp-40-01
6680,SOUTHERN AVE + WHITWORTH,40.426024,-80.009288,mid_block,NaN,shp-40-01
6682,SOUTHERN AVE + DEWITT,40.424594,-80.010311,mid_block,NaN,shp-40-01
6683,SOUTHERN AVE + OHARA,40.423807,-80.011104,mid_block,NaN,shp-40-01
6688,BOGGS AVE + LELIA,40.421829,-80.010291,mid_block,NaN,shp-43-03
6690,BOGGS AVE + SMITH,40.423994,-80.009245,mid_block,NaN,shp-43-03
6691,BOGGS AVE + KRAMER,40.424553,-80.008908,mid_block,NaN,shp-43-03
6692,BOGGS AVE + #207,40.426144,-80.007845,mid_block,NaN,shp-43-03
6693,BOGGS AVE + WYOMING,40.426808,-80.006381,mid_block,NaN,shp-43-03
6694,BAILEY AVE + RUTH,40.426997,-80.00528,mid_block,NaN,shp-43-03
6698,KATHLEEN ST + JUDICIAL,40.425624,-79.999828,mid_block,NaN,shp-43-03
6699,KATHLEEN ST + CRAIGHEAD,40.425655,-79.99866,mid_block,NaN,shp-43-03
67,SMITH ROAD,40.356887,-80.029222,mid_block,NaN,shp-RED-01
6700,KATHLEEN ST + BELTZHOOVER,40.425688,-79.997641,mid_block,NaN,shp-43-03
6701,BELTZHOOVER AVE + EUREKA,40.423805,-79.997515,mid_block,NaN,shp-43-03
6702,BELTZHOOVER AVE + EDGEMONT,40.422607,-79.997475,mid_block,NaN,shp-43-03
6706,HABERMAN RAMP + SOUTH HILLS JCT,40.421537,-80.006101,mid_block,NaN,shp-44-02
6716,SOUTHERN AVE + SOFFEL,40.419825,-80.013304,mid_block,NaN,shp-40-01
6717,SOUTHERN AVE + MINSINGER,40.418807,-80.013647,mid_block,NaN,shp-40-01
6718,BOGGS AVE + WARRINGTON,40.415577,-80.011391,ambiguous,33.536215606264655,shp-43-51
6720,BELTZHOOVER AVE + WARRINGTON,40.421773,-79.997443,near_side,13.694988891099959,shp-43-03
6721,PALM GARDEN RAMP + WARRINGTON,40.416928,-80.011307,far_side,45.16732008067722,shp-40-51
6723,WARRINGTON AVE + DELMONT AVE FS,40.420787,-80.004713,mid_block,NaN,shp-43-51
6729,BELTZHOOVER AVE + KATHLEEN,40.425692,-79.997492,mid_block,NaN,shp-43-51
6730,KATHLEEN ST + CRAIGHEAD,40.42572,-79.998641,mid_block,NaN,shp-43-51
6731,KATHLEEN ST + JUDICIAL,40.425687,-79.999805,mid_block,NaN,shp-43-51
6732,KATHLEEN ST + ESTELLA,40.425654,-80.001036,mid_block,NaN,shp-43-51
6734,HABERMAN AVE + BAILEY,40.426867,-80.002561,mid_block,NaN,shp-43-51
6735,BAILEY AVE + RUTH,40.427069,-80.005214,mid_block,NaN,shp-43-51
6736,BOGGS AVE + ST JUSTINS PLAZA,40.426699,-80.006925,mid_block,NaN,shp-43-51
6737,BOGGS AVE + GREENBUSH,40.426387,-80.007529,mid_block,NaN,shp-43-51
6739,BOGGS AVE + PAUL,40.422517,-80.010143,mid_block,NaN,shp-43-51
6740,BOGGS AVE + LELIA,40.421852,-80.010375,mid_block,NaN,shp-43-51
6741,BOGGS AVE + SOFFEL,40.419703,-80.011424,mid_block,NaN,shp-43-51
6742,SOUTHERN AVE + CARFEL,40.420177,-80.013101,mid_block,NaN,shp-40-51
6743,SOUTHERN AVE + LELIA,40.421778,-80.012557,mid_block,NaN,shp-40-51
6744,SOUTHERN AVE + SIMMS,40.422385,-80.01235,mid_block,NaN,shp-40-51
6745,SOUTHERN AVE + #221,40.423755,-80.01104,mid_block,NaN,shp-40-51
6746,SOUTHERN AVE + DEWITT,40.424547,-80.010256,mid_block,NaN,shp-40-51
6747,SOUTHERN AVE + SANDWICH,40.425069,-80.009668,mid_block,NaN,shp-40-51
6748,SOUTHERN AVE + WHITWORTH,40.425932,-80.009239,mid_block,NaN,shp-40-51
6749,SOUTHERN AVE + GRAY,40.426708,-80.008982,mid_block,NaN,shp-40-51
6750,SOUTHERN AVE + COWAN,40.427578,-80.00888,mid_block,NaN,shp-40-51
6751,SOUTHERN AVE + PROSPECT,40.428091,-80.008635,mid_block,NaN,shp-40-51
6752,SOUTHERN AVE + SHILOH,40.428788,-80.007344,mid_block,NaN,shp-40-51
6754,VIRGINIA AVE + SHOP N SAVE,40.429864,-80.007988,mid_block,NaN,shp-40-51
6755,VIRGINIA AVE + MAPLE TERRACE,40.430636,-80.009447,mid_block,NaN,shp-40-51
6756,VIRGINIA AVE + KEARSARGE,40.431054,-80.010226,mid_block,NaN,shp-40-51
6761,VIRGINIA AVE + LABELLE,40.432161,-80.016383,mid_block,NaN,shp-40-51
6770,GRANDVIEW AVE + PLYMOUTH,40.438925,-80.020502,mid_block,NaN,shp-40-51
6771,GRANDVIEW AVE + AUGUSTA,40.43976,-80.021955,mid_block,NaN,shp-40-51
6772,GRANDVIEW AVE + SHALER,40.440406,-80.023119,mid_block,NaN,shp-40-51
6773,REPUBLIC ST + RUTLEDGE,40.440375,-80.025209,mid_block,NaN,shp-40-51
6774,REPUBLIC ST + GREENLEAF,40.439066,-80.026417,mid_block,NaN,shp-40-51
6775,GREENLEAF ST + FINGAL,40.439023,-80.027202,mid_block,NaN,shp-40-51
6776,BOGGS AVE + WARRINGTON FS,40.415711,-80.011537,mid_block,NaN,shp-43-03
6777,SOUTHERN AVE + MINSINGER,40.418773,-80.013575,mid_block,NaN,shp-40-51
6779,SHILOH ST + VIRGINIA,40.42927,-80.007281,near_side,23.42465102518597,shp-40-51
6787,VIRGINIA AVE + BERTHA ST,40.431473,-80.012191,mid_block,NaN,shp-40-51
6792,WEYMAN RD + WHITE HAMPTON,40.364269,-79.999698,mid_block,NaN,shp-Y45-01
6793,WEYMAN RD + FOXWOOD MANOR APTS,40.367182,-79.999221,mid_block,NaN,shp-Y45-01
6794,WEYMAN RD + MCROBERTS,40.370258,-79.997661,mid_block,NaN,shp-Y45-01
68,SMITH ROAD,40.356835,-80.029261,mid_block,NaN,shp-RED-51
6815,BAPTIST RD + MCKEE,40.352681,-80.009773,mid_block,NaN,shp-Y45-01
6817,BAPTIST RD + WINDVALE,40.353957,-80.005262,mid_block,NaN,shp-Y45-01
6818,BAPTIST RD + LACHMAN,40.355557,-80.002924,mid_block,NaN,shp-Y45-01
6825,PROVOST RD + MULBERRY,40.362988,-79.992186,mid_block,NaN,shp-Y47-52
6829,PROVOST RD + WHITEHILL CIR,40.36705,-79.993496,mid_block,NaN,shp-Y47-52
6830,PROVOST RD + FRANK FS,40.368782,-79.994223,mid_block,NaN,shp-Y47-52
6832,PROVOST RD + SHADOW FS,40.370783,-79.994547,mid_block,NaN,shp-Y47-52
6836,PROVOST RD + STEWART,40.378146,-79.993622,mid_block,NaN,shp-Y47-52
6838,SOUTH BUSWAY + OVERBROOK SHELTER,40.385218,-79.995853,mid_block,NaN,shp-Y46-01
6839,SOUTH BUSWAY + INGLEWOOD SHELTER,40.38761,-79.997069,mid_block,NaN,shp-Y46-01
6840,SOUTH BUSWAY + CENTRAL SHELTER,40.390282,-79.998173,mid_block,NaN,shp-Y46-01
6841,SOUTH BUSWAY + SOUTH BANK,40.392454,-79.998352,mid_block,NaN,shp-Y46-01
6842,SOUTH BUSWAY + WHITED ST SHELTER,40.395584,-79.999582,mid_block,NaN,shp-Y46-01
6843,SOUTH BUSWAY + EDGEBROOK SHELTER,40.402986,-80.002187,mid_block,NaN,shp-Y46-01
6844,SOUTH BUSWAY + PIONEER AVE RAMP,40.411883,-80.008493,mid_block,NaN,shp-Y46-01
6849,SOUTH BUSWAY + EDGEBROOK SHELTER,40.402875,-80.002304,mid_block,NaN,shp-Y46-52
6850,SOUTH BUSWAY + WHITED ST SHELTER,40.395546,-79.999717,mid_block,NaN,shp-Y46-52
6851,SOUTH BUSWAY + SOUTH BANK,40.392555,-79.998433,mid_block,NaN,shp-Y46-52
6852,SOUTH BUSWAY + CENTRAL SHELTER,40.39036,-79.998222,mid_block,NaN,shp-Y46-52
6853,SOUTH BUSWAY + INGLEWOOD SHELTER,40.387674,-79.997204,mid_block,NaN,shp-Y46-52
6854,SOUTH BUSWAY + OVERBROOK SHELTER,40.385268,-79.995902,mid_block,NaN,shp-Y46-52
6855,SOUTH BUSWAY + GLENBURY AVE RAMP,40.382852,-79.996781,mid_block,NaN,shp-Y46-52
6856,FAIRHAVEN-PROVOST RD + STEWART,40.378233,-79.993675,mid_block,NaN,shp-Y47-01
6858,FAIRHAVEN RD + WEYMAN,40.375969,-79.994045,near_side,13.069138676873722,shp-Y47-01
6862,PROVOST RD + FRANK,40.368388,-79.994191,mid_block,NaN,shp-Y47-01
6863,PROVOST RD + WHITEHALL,40.367071,-79.993602,mid_block,NaN,shp-Y47-01
6865,PROVOST RD + BRIGHTVIEW,40.3649,-79.992188,mid_block,NaN,shp-Y47-01
6866,PROVOST RD + BARLIND,40.364019,-79.992224,mid_block,NaN,shp-Y47-01
6867,PROVOST RD + LAWNVIEW,40.363008,-79.99227,mid_block,NaN,shp-Y47-01
6868,PROVOST RD + BAPTIST,40.361173,-79.991077,near_side,18.98541305179742,shp-Y47-01
6874,BAPTIST RD + LACHMAN,40.355708,-80.002843,mid_block,NaN,shp-Y45-51
6876,BAPTIST RD + #5344,40.353504,-80.007225,mid_block,NaN,shp-Y45-51
6877,BAPTIST RD + MCKEE FS,40.352733,-80.009819,mid_block,NaN,shp-Y45-51
6897,WEYMAN RD + FOXWOOD MANOR APTS,40.367445,-79.999202,mid_block,NaN,shp-Y45-51
69,SOUTH HILLS VILLAGE STATION,40.339376,-80.052715,mid_block,NaN,shp-RED-01
6900,WEYMAN RD + VILLAGE LANE,40.359857,-80.000839,mid_block,NaN,shp-Y45-51
6901,WEYMAN RD + MCROBERTS,40.370395,-79.997671,mid_block,NaN,shp-Y45-51
6907,CURRY RD + OLYMPIA,40.340186,-79.990873,mid_block,NaN,shp-Y45-01
6909,CURRY RD + LAUREL,40.344281,-79.992085,mid_block,NaN,shp-Y45-01
6915,BLOSSOM DR + MCANULTY,40.343943,-79.996877,mid_block,NaN,shp-Y45-01
6928,GARDENVILLE RD + KOEFFLER,40.347836,-80.00759,mid_block,NaN,shp-Y45-01
6929,GARDENVILLE RD + CROSS,40.349908,-80.008158,mid_block,NaN,shp-Y45-01
6931,GARDENVILLE RD + BAPTIST,40.351982,-80.010758,mid_block,NaN,shp-Y45-01
6936,GARDENVILLE RD + BAPTIST RD FS,40.351506,-80.010472,mid_block,NaN,shp-Y45-51
6938,GARDENVILLE RD + KOEFFLER,40.348023,-80.00771,mid_block,NaN,shp-Y45-51
6940,GARDENVILLE RD + CHARLOTTE,40.345836,-80.007031,mid_block,NaN,shp-Y45-51
6953,BLOSSOM DR + LAUREL,40.343396,-79.994236,mid_block,NaN,shp-Y45-51
6958,CURRY RD + OLYMPIC,40.340421,-79.990978,mid_block,NaN,shp-Y45-51
6960,CURRY RD + HORNING,40.337344,-79.99144,mid_block,NaN,shp-Y45-51
6971,CHALFONT ST + DELMONT,40.416631,-80.003828,mid_block,NaN,shp-44-02
6972,CHALFONT ST + GEARING,40.416614,-80.004797,mid_block,NaN,shp-44-02
6983,GEARING AVE + CLIMAX,40.419063,-80.005454,mid_block,NaN,shp-44-02
6985,CLIMAX ST + HABERMAN,40.419838,-80.002541,mid_block,NaN,shp-44-02
6987,CLIMAX ST + ESTELLA,40.41992,-80.000602,mid_block,NaN,shp-44-02
6989,CLIMAX ST + BELTZHOOVER,40.419974,-79.997475,mid_block,NaN,shp-44-02
6993,ARLINGTON AVE + #1047,40.423457,-79.989092,mid_block,NaN,shp-43-03
6995,ARLINGTON AVE + NEWTON,40.426487,-79.99288,mid_block,NaN,shp-43-03
6996,ARLINGTON AVE + WILLIAM NS,40.427951,-79.996336,mid_block,NaN,shp-43-03
6998,ARLINGTON AVE + E CARSON,40.430674,-80.001154,mid_block,NaN,shp-43-03
6999,BELTZHOOVER AVE + WARRINGTON AVE FS,40.421343,-79.997436,far_side,35.43296714316846,shp-54-07
7,BRIGHTON RD + RIDGE (CCAC),40.450687,-80.013512,near_side,15.35335674525696,shp-54-07
70,SOUTH HILLS VILLAGE STATION,40.339308,-80.053341,mid_block,NaN,shp-RED-51
7000,BELTZHOOVER AVE + CLIMAX,40.420122,-79.997403,mid_block,NaN,shp-54-07
7001,CLIMAX ST + CURTIN,40.420018,-79.998776,mid_block,NaN,shp-44-52
7007,GEARING AVE + LAFFERTY,40.418334,-80.005373,mid_block,NaN,shp-44-52
7012,GEARING AVE + CHALFONT,40.416665,-80.004943,mid_block,NaN,shp-44-52
7014,CHALFONT ST + HABERMAN,40.416594,-80.00242,mid_block,NaN,shp-44-52
7015,CHALFONT ST + ESTELLA,40.416631,-80.0005,mid_block,NaN,shp-44-52
7019,BELTZHOOVER AVE + CHARLES ST,40.416524,-79.997257,mid_block,NaN,shp-54-07
7022,CHARLES ST + KNOX,40.41657,-79.990823,mid_block,NaN,shp-44-52
7027,ARLINGTON AVE + #916,40.424948,-79.990318,mid_block,NaN,shp-43-51
7029,ARLINGTON AVE + WARRINGTON,40.421958,-79.992244,near_side,15.584322906606856,shp-43-51
7031,LINDEN AVE + CABLE,40.399809,-79.835632,mid_block,NaN,shp-59-01
7032,LINDEN AVE + SR CITIZEN APTS,40.398736,-79.83666,mid_block,NaN,shp-59-01
7035,BESSEMER AVE + GRANDVIEW,40.395015,-79.839172,mid_block,NaN,shp-59-01
704,DUNCAN AVE + ALLEGHENY MEMORIAL PARK,40.566962,-80.004952,mid_block,NaN,shp-2-01
7046,BELL AVE + JONES,40.403385,-79.86273,mid_block,NaN,shp-61A-02
7048,MIDDLE ST + HAWKINS,40.405441,-79.861767,mid_block,NaN,shp-61A-02
7049,HAWKINS AVE + ROSE,40.406859,-79.863618,mid_block,NaN,shp-61A-02
705,DUNCAN AVE + ROYAL MANOR CT #1,40.566602,-80.003709,mid_block,NaN,shp-2-01
7050,HAWKINS AVE + #509,40.408253,-79.865457,mid_block,NaN,shp-61A-02
7051,HAWKINS AVE + 4TH,40.409214,-79.866592,mid_block,NaN,shp-61A-02
7052,HAWKINS AVE + OVERLAND,40.410873,-79.868582,mid_block,NaN,shp-61A-02
7053,HAWKINS AVE + 2ND,40.411868,-79.869768,mid_block,NaN,shp-61A-02
7055,WOODSTOCK AVE + #2695,40.414302,-79.872644,mid_block,NaN,shp-61A-02
7056,WOODSTOCK AVE + WOODSTOCK TERRACE NS,40.414812,-79.874062,mid_block,NaN,shp-61A-02
706,DUNCAN AVE + ROYAL MANOR CT #2,40.566016,-80.001668,mid_block,NaN,shp-2-01
7060,WOODSTOCK AVE + MELROSE,40.417069,-79.880779,mid_block,NaN,shp-61A-02
7061,WOODSTOCK AVE + ORMOND,40.418099,-79.882518,mid_block,NaN,shp-61A-02
7062,WOODSTOCK AVE + ARDMORE,40.41907,-79.884156,mid_block,NaN,shp-61A-02
7063,NOBLE AVE + DICKSON ST,40.420642,-79.885351,mid_block,NaN,shp-61A-02
7064,NOBLE AVE + WASHINGTON ST,40.421275,-79.885996,mid_block,NaN,shp-61A-02
7065,WAVERLY AVE + BRADDOCK,40.422202,-79.886139,near_side,41.97436738152412,shp-61A-02
7067,EDGEWOOD AVE + COLUMBIA,40.424387,-79.885993,mid_block,NaN,shp-61A-02
7068,EDGEWOOD AVE + DELAWARE,40.425418,-79.885655,mid_block,NaN,shp-61A-02
7069,EDGEWOOD AVE + LACROSSE,40.426685,-79.885234,mid_block,NaN,shp-61A-02
7071,EDGEWOOD AVE + GORDON,40.428795,-79.884537,mid_block,NaN,shp-61A-02
7072,EDGEWOOD AVE + EDGEWOOD CT,40.430273,-79.884342,mid_block,NaN,shp-61A-02
7074,EDGEWOOD AVE + MAPLE,40.432843,-79.884685,near_side,26.41453072698973,shp-61A-02
7075,COAL ST + HUTCHINSON,40.435203,-79.883112,mid_block,NaN,shp-61A-02
7077,COAL ST + WOODWORTH,40.437434,-79.881846,mid_block,NaN,shp-61A-02
7078,COAL ST + REBECCA,40.438593,-79.881191,mid_block,NaN,shp-61A-02
7079,COAL ST + FRANKLIN,40.439402,-79.880738,mid_block,NaN,shp-61A-02
7084,ROWLAND CONNECTOR + HIGHRISE,40.44061,-79.887459,mid_block,NaN,shp-71C-09
7085,KELLY ST + PITT,40.440542,-79.889366,mid_block,NaN,shp-71C-09
7086,KELLY ST + WEST,40.441133,-79.891147,mid_block,NaN,shp-71C-09
7088,KELLY ST + PEEBLES,40.441271,-79.894206,mid_block,NaN,shp-61A-02
7089,PEEBLES ST + FORBES,40.439923,-79.89471,mid_block,NaN,shp-61A-02
7090,FORBES AVE + CELERON,40.439804,-79.895569,mid_block,NaN,shp-61A-02
7093,FORBES AVE + DALLAS,40.43807,-79.912789,near_side,32.76849563194027,shp-61B-02
7094,FORBES AVE + BEECHWOOD,40.438083,-79.915079,mid_block,NaN,shp-61B-02
7095,FORBES AVE + SHADY,40.438062,-79.919223,near_side,14.6784823002721,shp-61B-02
7096,FORBES + MURRAY FS,40.438095,-79.923523,mid_block,NaN,shp-61C-01
7097,FORBES AVE + WIGHTMAN,40.438102,-79.92752,near_side,21.083928653237866,shp-61C-01
7098,FORBES AVE + MURDOCH,40.437906,-79.930587,mid_block,NaN,shp-61C-01
71,SOUTH HILLS JUNCTION STATION,40.420841,-80.007226,mid_block,NaN,shp-RED-01
7100,FORBES AVE + NORTHUMBERLAND FS,40.439003,-79.934171,mid_block,NaN,shp-61C-01
7101,FORBES AVE + PLAINFIELD,40.440376,-79.935417,mid_block,NaN,shp-61C-01
7102,FORBES AVE + MARGARET MORRISON,40.442606,-79.937477,near_side,15.66237191800768,shp-61C-01
7103,FORBES AVE + BEELER,40.443833,-79.938618,far_side,6.956440151873959,shp-61C-01
7112,FORBES AVE + JUMONVILLE,40.437332,-79.977997,near_side,29.828812496752413,shp-61C-51
7113,FORBES AVE + SENECA,40.437241,-79.976135,mid_block,NaN,shp-61C-51
7114,FORBES AVE + MOULTRIE,40.437179,-79.974813,near_side,35.03928167716166,shp-61C-51
7115,FORBES AVE + CRAIG ST,40.444327,-79.948893,near_side,10.062053403793959,shp-61C-51
7117,FORBES AVE + MOREWOOD (CARNEGIE MELLON),40.444458,-79.942291,mid_block,NaN,shp-61C-51
7119,FORBES AVE + BEELER,40.443865,-79.938933,far_side,26.451716824820636,shp-61C-51
7121,FORBES AVE + PLAINFIELD,40.440575,-79.935719,mid_block,NaN,shp-61C-51
7124,FORBES AVE + MURDOCH,40.437806,-79.930837,mid_block,NaN,shp-61C-51
7125,FORBES AVE + WIGHTMAN,40.437986,-79.927988,near_side,32.67110006332502,shp-61C-51
7126,FORBES AVE + MURRAY AVE,40.43801,-79.923198,near_side,24.360705274962196,shp-61C-51
7127,FORBES AVE + SHADY AVE,40.438,-79.919581,near_side,25.76952207735936,shp-61A-52
7128,FORBES AVE + DENNISTON,40.438005,-79.918058,mid_block,NaN,shp-61A-52
7129,FORBES AVE + BEECHWOOD,40.438003,-79.916373,near_side,25.72160314959085,shp-61A-52
7130,FORBES AVE + DALLAS,40.437994,-79.913232,near_side,17.344216877492663,shp-61A-52
7133,FORBES AVE + EAST END AVE,40.439716,-79.89666,mid_block,NaN,shp-61A-52
7134,FORBES AVE + PEEBLES,40.439354,-79.895012,mid_block,NaN,shp-61A-52
7135,PEEBLES ST + FORBES,40.439758,-79.894652,mid_block,NaN,shp-61A-52
7136,PEEBLES ST + KELLY,40.441162,-79.894316,mid_block,NaN,shp-61A-52
7137,KELLY AVE + TRENTON AVE,40.441217,-79.892502,mid_block,NaN,shp-61A-52
7138,KELLY ST + WEST,40.441169,-79.891419,mid_block,NaN,shp-61A-52
7139,KELLY ST + PITT,40.440568,-79.889636,mid_block,NaN,shp-61A-52
7140,KELLY ST + HAY,40.440118,-79.88829,mid_block,NaN,shp-61A-52
7141,ROWLAND CONNECTOR + PENNWOOD,40.440555,-79.887099,near_side,28.29480684953314,shp-61A-52
7146,REBECCA ST + SWISSVALE FS,40.438012,-79.879136,mid_block,NaN,shp-P68-68
7147,SWISSVALE AVE + #441(MERCY GRANDVIEW MANOR),40.436793,-79.880608,mid_block,NaN,shp-61A-52
7150,EDGEWOOD AVE + ELM ST,40.431873,-79.884601,mid_block,NaN,shp-61A-52
7152,EDGEWOOD AVE + LACROSSE,40.426817,-79.885278,mid_block,NaN,shp-61A-52
7153,EDGEWOOD AVE + DELAWARE,40.425625,-79.885681,mid_block,NaN,shp-61A-52
7154,EDGEWOOD AVE + COLUMBIA,40.424655,-79.885998,mid_block,NaN,shp-61A-52
7156,WAVERLY AVE + BRADDOCK FS,40.422234,-79.886253,mid_block,NaN,shp-61A-52
7157,NOBLE AVE + WASHINGTON ST,40.421473,-79.886291,mid_block,NaN,shp-61A-52
7159,WOODSTOCK AVE + ARDMORE,40.419126,-79.884408,mid_block,NaN,shp-61A-52
7160,WOODSTOCK AVE + ORMOND,40.418155,-79.882763,mid_block,NaN,shp-61A-52
7161,WOODSTOCK AVE + MELROSE,40.417158,-79.881084,mid_block,NaN,shp-61A-52
7163,WOODSTOCK AVE + BRADDOCK,40.415389,-79.876907,near_side,15.568395520514882,shp-61A-52
7165,WOODSTOCK AVE + WOODSTOCK TERRACE,40.414847,-79.874385,mid_block,NaN,shp-61A-52
7167,WOODSTOCK AVE + WILKINS,40.413345,-79.871225,mid_block,NaN,shp-61A-52
7168,HAWKINS AVE + 2ND,40.41191,-79.869939,mid_block,NaN,shp-61A-52
7169,HAWKINS AVE + OVERLAND,40.41105,-79.868915,mid_block,NaN,shp-61A-52
7170,HAWKINS AVE + 4TH,40.409409,-79.866944,mid_block,NaN,shp-61A-52
7173,HAWKINS AVE + MIDDLE ST,40.405536,-79.861839,mid_block,NaN,shp-61A-52
7177,BELL AVE + VERONA,40.402073,-79.861069,mid_block,NaN,shp-61A-52
7186,CENTER ST + GRANDVIEW,40.395708,-79.839277,mid_block,NaN,shp-P68-68
7188,LINDEN AVE + BESSEMER FS,40.395126,-79.838135,mid_block,NaN,shp-59-51
7190,LINDEN AVE + SR CITIZEN APTS,40.398744,-79.836523,mid_block,NaN,shp-59-51
72,SOUTH HILLS JUNCTION STATION,40.420363,-80.008222,mid_block,NaN,shp-RED-51
7210,HAWKINS AVE + RANKIN BLVD,40.412138,-79.881089,mid_block,NaN,shp-59-51
7211,RANKIN BLVD + BLDG #5,40.413062,-79.883043,mid_block,NaN,shp-61B-02
7212,HARRIETT ST + BLDG #2,40.413906,-79.883657,mid_block,NaN,shp-61B-02
7213,HARRIETT ST + 5TH,40.414645,-79.883319,mid_block,NaN,shp-61B-02
7215,MILLER ST + GAS ST,40.416033,-79.885251,mid_block,NaN,shp-61B-02
7217,MONONGAHELA AVE + DUQUESNE,40.418161,-79.888042,mid_block,NaN,shp-61B-02
7218,MONONGAHELA AVE + WASHINGTON,40.419829,-79.889063,near_side,26.923788553544085,shp-61B-02
7219,MONONGAHELA AVE + IRVINE,40.420721,-79.889612,mid_block,NaN,shp-61B-02
7220,MONONGAHELA AVE + CHURCH,40.421751,-79.890252,near_side,25.116170266086012,shp-61B-02
7222,MONONGAHELA AVE + SCHOYER,40.42348,-79.891312,near_side,22.900385571468664,shp-61B-02
7223,MONONGAHELA AVE + WHIPPLE (#1641),40.425607,-79.891606,mid_block,NaN,shp-61B-02
7225,BRADDOCK AVE + GREENDALE FS,40.428848,-79.89172,mid_block,NaN,shp-61B-02
7226,BRADDOCK AVE + CHARLESTON,40.43065,-79.892494,mid_block,NaN,shp-61B-02
7227,BRADDOCK AVE + SANDERS,40.431687,-79.893161,mid_block,NaN,shp-61B-02
7228,BRADDOCK AVE + HUTCHINSON,40.432681,-79.893884,near_side,27.88935708912566,shp-61B-02
7229,BRADDOCK AVE + OVERTON,40.434136,-79.894935,mid_block,NaN,shp-61B-02
7230,BRADDOCK AVE + HENRIETTA,40.435761,-79.895891,mid_block,NaN,shp-61B-02
7231,BRADDOCK AVE + BIDDLE,40.43677,-79.896331,mid_block,NaN,shp-61B-02
7233,FORBES AVE + BRADDOCK FS,40.439692,-79.898376,mid_block,NaN,shp-61B-02
7234,FORBES AVE + BRADDOCK,40.43958,-79.897924,near_side,34.04362351982546,shp-61B-51
7235,BRADDOCK AVE + GUTHRIE,40.438383,-79.897147,mid_block,NaN,shp-61B-51
7236,BRADDOCK AVE + BIDDLE,40.437008,-79.896544,mid_block,NaN,shp-61B-51
7237,BRADDOCK AVE + HENRIETTA,40.435986,-79.896104,mid_block,NaN,shp-61B-51
7238,BRADDOCK AVE + OVERTON,40.434301,-79.895169,mid_block,NaN,shp-61B-51
7239,BRADDOCK AVE + HUTCHINSON,40.433041,-79.894287,near_side,32.36788414478623,shp-61B-51
7240,BRADDOCK AVE + SANDERS,40.431927,-79.893451,mid_block,NaN,shp-61B-51
7241,BRADDOCK AVE + CHARLESTON,40.430695,-79.892618,mid_block,NaN,shp-61B-51
7242,BRADDOCK AVE + GREENDALE,40.428734,-79.891808,mid_block,NaN,shp-61B-51
7245,MONONGAHELA AVE + MCCLURE,40.423057,-79.891175,mid_block,NaN,shp-61B-51
7246,MONONGAHELA AVE + CHURCH,40.421986,-79.890516,near_side,14.449318848260566,shp-61B-51
7247,MONONGAHELA AVE + SCHLEY,40.420772,-79.889764,mid_block,NaN,shp-61B-51
7248,MONONGAHELA AVE + WASHINGTON,40.420107,-79.889346,near_side,17.428663207538243,shp-61B-51
7249,MONONGAHELA AVE + DUQUESNE,40.418393,-79.888292,mid_block,NaN,shp-61B-51
7250,MONONGAHELA AVE + #2130,40.417416,-79.887697,mid_block,NaN,shp-61B-51
7252,MILLER ST + GAS ST,40.416013,-79.885384,mid_block,NaN,shp-61B-51
7253,MILLER ST + HARRIETT,40.415509,-79.883181,mid_block,NaN,shp-61B-51
7254,HARRIETT ST + 5TH,40.414827,-79.883297,mid_block,NaN,shp-61B-51
7255,HARRIETT ST + BLDG #2,40.413944,-79.883782,mid_block,NaN,shp-61B-51
7256,RANKIN BLVD + BLDG #5,40.413005,-79.883151,mid_block,NaN,shp-61B-51
7257,RANKIN BLVD + HAWKINS,40.412011,-79.881276,mid_block,NaN,shp-61B-51
7258,RANKIN BLVD + #211,40.41142,-79.880137,mid_block,NaN,shp-61B-51
7259,RANKIN BLVD + KENMAWR,40.410202,-79.877843,mid_block,NaN,shp-61B-51
7272,JONES AVE + BELL AVE,40.40334,-79.862896,mid_block,NaN,shp-59-51
7273,COAL ST + SOUTH,40.440222,-79.880264,mid_block,NaN,shp-61A-02
7276,SOUTH AVE + MULBERRY,40.44162,-79.884122,mid_block,NaN,shp-61A-02
7279,LIBERTY AVE + 10TH ST NS,40.44381,-79.994892,near_side,44.14587556648605,shp-6-51
7280,SMITHFIELD ST + SIXTH AVE,40.441684,-79.997611,near_side,28.908241534146523,shp-40-51
7282,SOUTH AVE + WOOD,40.442123,-79.885895,near_side,29.209173746647977,shp-P68-68
7283,SOUTH AVE + MULBERRY,40.441622,-79.884348,mid_block,NaN,shp-P68-68
7284,SOUTH AVE + CENTER,40.441212,-79.883133,mid_block,NaN,shp-P68-68
7285,SOUTH AVE + MILL,40.44075,-79.881726,mid_block,NaN,shp-P68-68
7286,SOUTH AVE + COAL,40.4403,-79.880417,mid_block,NaN,shp-P68-68
7287,SOUTH AVE + SWISSVALE,40.43985,-79.879028,near_side,47.45293618387803,shp-P68-68
7288,SWISSVALE AVE + FRANKLIN,40.439083,-79.879097,near_side,12.460905418888496,shp-61A-52
7289,SWISSVALE AVE + REBECCA,40.438319,-79.87957,near_side,13.503093056615901,shp-61A-52
7291,6TH ST + MARGARETTA ST,40.404333,-79.866861,mid_block,NaN,shp-61B-02
7292,6TH ST + BRADDOCK AVE,40.403337,-79.868556,near_side,6.943388123686736,shp-61B-02
7293,BRADDOCK AVE + 7TH,40.402484,-79.867557,mid_block,NaN,shp-61A-02
73,SOUTH PARK ROAD,40.327821,-80.030536,near_side,22.402421914497697,shp-SLVR-01
7300,WHIPPLE ST + NEVADA,40.423001,-79.899143,mid_block,NaN,shp-71-01
7302,WHIPPLE ST + AURELIUS,40.424602,-79.896312,mid_block,NaN,shp-71-01
7303,AURELIUS ST + HARRISON,40.422964,-79.895854,mid_block,NaN,shp-71-01
7304,SCHOYER AVE + TONETTE,40.422535,-79.894821,mid_block,NaN,shp-71-01
7305,SCHOYER AVE + MONROE,40.423157,-79.892755,mid_block,NaN,shp-71-01
7306,SCHOYER AVE + MONONGAHELA,40.42355,-79.891594,far_side,18.242549503790425,shp-71-51
7312,SCHOYER AVE + TONETTE,40.422629,-79.894731,mid_block,NaN,shp-71-51
7314,AURELIUS AVE + MCCLURE,40.421196,-79.89521,mid_block,NaN,shp-71-01
7315,MCCLURE ST + NEVADA,40.420573,-79.896484,mid_block,NaN,shp-71-51
7320,HUTCHINSON AVE + EAST END,40.433182,-79.893181,mid_block,NaN,shp-71-01
7321,HUTCHINSON AVE + SAVANNAH,40.433611,-79.892198,mid_block,NaN,shp-71-01
7322,SAVANNAH AVE + OVERTON,40.434972,-79.892986,mid_block,NaN,shp-71-01
7323,SAVANNAH AVE + WHITNEY,40.43631,-79.893772,mid_block,NaN,shp-71-01
7324,SAVANNAH AVE + BIDDLE,40.437349,-79.894215,mid_block,NaN,shp-71-01
7325,SAVANNAH AVE + UNION,40.438659,-79.894798,mid_block,NaN,shp-71-01
7329,SOUTH AVE + WEST,40.443714,-79.89061,mid_block,NaN,shp-71C-N4
733,WEST VIEW PARK DR + WEST VIEW TOWER,40.516855,-80.033563,mid_block,NaN,shp-8-03
7330,SOUTH AVE + PITT,40.442946,-79.888318,mid_block,NaN,shp-71C-N4
7334,PEEBLES ST + GREEN,40.438905,-79.894956,mid_block,NaN,shp-71-51
7335,SAVANNAH AVE + BIDDLE,40.437467,-79.894371,mid_block,NaN,shp-71-51
7336,SAVANNAH AVE + WHITNEY,40.436564,-79.893977,mid_block,NaN,shp-71-51
7337,SAVANNAH AVE + OVERTON,40.435077,-79.893153,mid_block,NaN,shp-71-51
7338,SAVANNAH AVE + HUTCHINSON,40.433849,-79.892269,mid_block,NaN,shp-71-51
7339,HUTCHINSON AVE + BRADDOCK,40.433122,-79.893523,mid_block,NaN,shp-71-51
734,ROSS PARK AND RIDE AT SHELTERS (MIDDLE UPPER LOT),40.506752,-80.030472,mid_block,NaN,shp-O1-04
7347,BRINTON RD + #1246,40.422958,-79.866768,mid_block,NaN,shp-P68-68
7348,BRINTON RD + WILKINS (BRADDOCK),40.422505,-79.864288,mid_block,NaN,shp-P68-68
7351,ARDMORE BLVD + PARKWAY CENTER EAST,40.421055,-79.852425,mid_block,NaN,shp-69-61
7352,ARDMORE BLVD + BERKLEY,40.419799,-79.850324,near_side,16.95228534195858,shp-69-61
7353,ARDMORE BLVD + KENMORE,40.417437,-79.848662,near_side,18.372542295510137,shp-69-61
7354,YOST BLVD + ARDMORE F S,40.415474,-79.84803,mid_block,NaN,shp-59-01
7357,BRADDOCK HILLS SHOPPING CENTER + GIANT EAGLE,40.414495,-79.855219,mid_block,NaN,shp-61A-52
7374,EDGEWOOD TOWNE CENTRE + TOWNE CENTRE OFFICES,40.424797,-79.887434,mid_block,NaN,shp-71-01
7376,EDGEWOOD TOWNE CENTRE + DOLLAR TREE,40.427403,-79.886398,mid_block,NaN,shp-71-01
7378,EDGEWOOD TOWNE CENTRE + LAUNDRY ROOM,40.42789,-79.887289,mid_block,NaN,shp-71-51
7382,CHURCH ST + MONONGAHELA,40.421993,-79.890305,near_side,14.4501764497238,shp-59-01
7391,BRADDOCK AVE + LINE,40.407063,-79.875153,mid_block,NaN,shp-61B-51
7394,BRADDOCK AVE + 4TH,40.405088,-79.87165,near_side,43.85694936620219,shp-61B-51
7396,BRADDOCK AVE + COREY,40.40388,-79.869499,near_side,19.350531813112767,shp-61B-51
7399,BRADDOCK AVE + 9TH,40.400063,-79.864251,mid_block,NaN,shp-61A-02
74,SOUTH PARK ROAD,40.328103,-80.030599,near_side,20.017704040313276,shp-SLVR-51
7410,BRINTON AVE + BOWERS,40.402232,-79.841559,mid_block,NaN,shp-P68-21
7411,BRINTON AVE + QUARRY,40.403467,-79.842864,mid_block,NaN,shp-P68-21
7412,BRINTON AVE + SHERIDAN,40.404955,-79.843725,mid_block,NaN,shp-P68-21
7413,BRINTON AVE + PALLAS,40.405807,-79.844196,mid_block,NaN,shp-P68-21
7414,PALLAS ST + WOLFE AVE,40.405784,-79.845291,mid_block,NaN,shp-P68-21
7415,BRINTON RD + MARY,40.406892,-79.847828,mid_block,NaN,shp-P68-21
7416,BRINTON RD + TURNER,40.407733,-79.849121,mid_block,NaN,shp-P68-21
7418,BRINTON RD + GENERAL BRADDOCK,40.410093,-79.850683,mid_block,NaN,shp-P68-21
7419,PRIVATE DR + BRINTON TOWERS,40.409817,-79.85244,mid_block,NaN,shp-P68-68
7424,BRINTON RD + YOST,40.412552,-79.85611,mid_block,NaN,shp-P68-21
7426,YOST BLVD + ARDMORE,40.415329,-79.848,mid_block,NaN,shp-59-51
7429,ARDMORE BLVD + SUMNER,40.417161,-79.848222,near_side,23.98084471262014,shp-69-10
7430,ARDMORE BLVD + MARION FS,40.419945,-79.850124,far_side,12.94343351356483,shp-69-10
7431,ARDMORE BLVD + 2 PARKWAY CENTER EAST,40.421244,-79.852283,mid_block,NaN,shp-69-10
7432,ARDMORE BLVD + CENTURION DR,40.422156,-79.854122,mid_block,NaN,shp-69-10
7443,BRINTON RD + BRINTON MANOR,40.41132,-79.852257,mid_block,NaN,shp-P68-68
7447,BRINTON RD + GENERAL BRADDOCK FS,40.408711,-79.849861,mid_block,NaN,shp-P68-68
7449,WOLFE AVE + MARY,40.406878,-79.847914,mid_block,NaN,shp-P68-68
7450,WOLFE AVE + PALLAS,40.405774,-79.845628,mid_block,NaN,shp-P68-68
7451,PALLAS ST + BRINTON,40.405857,-79.844391,mid_block,NaN,shp-P68-68
7452,BRINTON AVE + SHERIDAN,40.405054,-79.843859,mid_block,NaN,shp-P68-68
7453,BRINTON AVE + QUARRY,40.403587,-79.843025,mid_block,NaN,shp-P68-68
7454,BRINTON AVE + BOWERS,40.402566,-79.842008,mid_block,NaN,shp-P68-68
7455,BRINTON AVE + RAVINE,40.401645,-79.841309,mid_block,NaN,shp-P68-68
7466,BRADDOCK AVE + LIBRARY,40.401087,-79.865502,near_side,24.402260645922546,shp-61A-52
7467,BRADDOCK AVE + TURTLE CRK MENTAL HEALTH CTR,40.401779,-79.86645,mid_block,NaN,shp-61A-52
7469,BRADDOCK AVE + COREY,40.403771,-79.869163,near_side,20.04766883784758,shp-61B-02
7471,BRADDOCK AVE + 4TH,40.404923,-79.87114,near_side,16.490711999612948,shp-61B-02
7473,BRADDOCK AVE + 2ND,40.406126,-79.873303,near_side,10.496271832518103,shp-61B-02
7497,WM PENN HWY + SAMS WAREHOUSE DRVWY,40.43327,-79.798401,ambiguous,1.0862117094487653,shp-67-15
7498,WM PENN HWY + PEP BOYS,40.430695,-79.805725,near_side,21.599545561719257,shp-67-15
7499,WM PENN HWY + KINGSTON FS,40.429989,-79.809511,far_side,17.13217693358573,shp-67-15
75,ST ANNE'S,40.360892,-80.029244,mid_block,NaN,shp-RED-01
7500,PENN CENTER BLVD + RITE AID DRVWY,40.429318,-79.81205,mid_block,NaN,shp-67-15
7501,PENN CENTER BLVD + BLDG #3,40.427975,-79.811913,mid_block,NaN,shp-67-15
7502,PENN CENTER BLVD + BLDG #7,40.426579,-79.811591,mid_block,NaN,shp-67-15
7503,PENN CENTER BLVD + PENN TOWERS (UPPER),40.424416,-79.812322,mid_block,NaN,shp-67-15
7504,PENN CENTER BLVD + PENN TOWERS (LOWER),40.424599,-79.814003,mid_block,NaN,shp-67-15
7505,PENN CENTER BLVD + RODI,40.429382,-79.815834,mid_block,NaN,shp-67-15
7523,MAIN ST + CENTER,40.395779,-79.841423,mid_block,NaN,shp-P68-21
7524,MAIN ST + FRANKLIN,40.396538,-79.841316,mid_block,NaN,shp-P68-21
7526,MAIN ST + MAPLE,40.398014,-79.84108,mid_block,NaN,shp-P68-21
7527,MAIN ST + RIDGE,40.398399,-79.841026,mid_block,NaN,shp-P68-21
7529,BRINTON AVE + TERRACE,40.400299,-79.841126,mid_block,NaN,shp-P68-21
7530,BRINTON AVE + RAVINE,40.401493,-79.841202,mid_block,NaN,shp-P68-21
7533,YOST BLVD + MAIN,40.408289,-79.857999,mid_block,NaN,shp-61B-02
7538,JONES AVE + PARKVIEW,40.403664,-79.862579,mid_block,NaN,shp-61A-52
7541,LIBRARY ST + BRADDOCK,40.401399,-79.8655,near_side,33.35691308293563,shp-59-01
7542,COREY AVE + MARGARETTA,40.404901,-79.867691,mid_block,NaN,shp-59-01
7543,COREY AVE + CENTER,40.406104,-79.866276,mid_block,NaN,shp-59-01
7545,COREY AVE + AJAX WAY,40.40818,-79.867125,mid_block,NaN,shp-59-01
7555,COREY AVE + CENTER,40.406372,-79.866268,mid_block,NaN,shp-59-51
7556,COREY AVE + MILLS,40.405158,-79.867432,mid_block,NaN,shp-59-51
7557,COREY AVE + BRADDOCK,40.403976,-79.869218,near_side,19.922103507018743,shp-59-51
7558,JONES AVE + HAWKINS,40.404807,-79.860882,mid_block,NaN,shp-59-51
7559,JONES AVE + MILLER,40.405669,-79.859516,mid_block,NaN,shp-59-51
7560,JONES AVE + ZUERNER,40.406036,-79.858462,mid_block,NaN,shp-59-51
7564,YOST BLVD + BRINTON,40.412504,-79.856384,mid_block,NaN,shp-61A-52
7566,WOLFE AVE + TURNER,40.408021,-79.849412,mid_block,NaN,shp-P68-68
7567,BRINTON AVE + TERRACE,40.400341,-79.841205,mid_block,NaN,shp-P68-68
7569,MAIN ST + RIDGE,40.39859,-79.841115,mid_block,NaN,shp-P68-68
7570,MAIN ST + HOWARD,40.397474,-79.841255,mid_block,NaN,shp-P68-68
7571,MAIN ST + FRANKLIN,40.396734,-79.841356,mid_block,NaN,shp-P68-68
7572,MAIN ST + CENTER,40.396026,-79.841452,mid_block,NaN,shp-P68-68
7574,BRADDOCK AVE + KEYSTONE COMMONS,40.401981,-79.832094,mid_block,NaN,shp-59-51
7576,BRADDOCK AVE + PENN,40.404502,-79.830172,mid_block,NaN,shp-59-51
7590,WM PENN HWY + HOME DEPOT,40.430328,-79.80632,near_side,19.15647722146444,shp-67-52
7591,WM PENN HWY + KOHLS DRVWY,40.432919,-79.79879,far_side,9.70701463757337,shp-67-52
7592,EXPOMART DR + WEST ENTRANCE,40.43264,-79.794151,mid_block,NaN,shp-67-52
76,ST ANNE'S,40.360648,-80.029385,mid_block,NaN,shp-RED-51
7600,LAKETON RD + NELBON,40.459575,-79.843778,mid_block,NaN,shp-P78-61
7601,LAKETON RD + LINDBERG,40.458489,-79.846274,mid_block,NaN,shp-P78-61
7602,LAKETON RD + CHURCHILL,40.457737,-79.850183,mid_block,NaN,shp-P78-61
7603,LAKETON RD + SOUTHERN,40.457986,-79.851537,mid_block,NaN,shp-P78-61
7604,LAKETON RD + HOWARD,40.45824,-79.8554,mid_block,NaN,shp-P78-61
7605,LAKETON RD + GRAHAM,40.457142,-79.857299,near_side,27.958666785969662,shp-P78-61
7609,LAKETON RD + TURNER,40.452656,-79.860324,mid_block,NaN,shp-P78-61
7610,LAKETON RD + WINTON,40.451068,-79.862051,mid_block,NaN,shp-P78-61
7611,LAKETON RD + TURNER SCHOOL,40.449238,-79.86395,mid_block,NaN,shp-P78-61
7612,LAKETON RD + #1753,40.449168,-79.865981,mid_block,NaN,shp-P78-61
7613,MONTIER ST + LAKETON FS,40.448865,-79.867791,far_side,48.99552365132395,shp-79-52
7614,MONTIER ST + #1823,40.448171,-79.868676,mid_block,NaN,shp-79-52
7615,MONTIER ST + HERR,40.447336,-79.869738,mid_block,NaN,shp-79-52
7616,MONTIER ST + BESSICA,40.446248,-79.871115,near_side,11.367756178994199,shp-79-52
7617,MONTIER ST + #1449,40.445346,-79.873897,mid_block,NaN,shp-79-52
7618,PARK AVE + SWISSVALE,40.444752,-79.875496,near_side,44.32222400790413,shp-79-52
7619,SWISSVALE AVE + HILL,40.443817,-79.876389,mid_block,NaN,shp-79-52
7620,SWISSVALE AVE + NORTH,40.443043,-79.876846,near_side,10.714380850448931,shp-79-52
7621,WALLACE AVE + COAL,40.442701,-79.878797,mid_block,NaN,shp-79-52
7622,WALLACE AVE + MILL,40.443157,-79.880181,mid_block,NaN,shp-79-52
7623,WALLACE AVE + CENTER,40.443551,-79.881346,near_side,13.542118034865334,shp-79-52
7624,WALLACE AVE + WOOD,40.444485,-79.884162,near_side,13.515595876921356,shp-79-52
7625,HAY ST + PENN AVE,40.444335,-79.885783,near_side,31.893927953105187,shp-67-15
7626,PENN AVE + WEST,40.445175,-79.889183,near_side,49.13085341941559,shp-67-15
7628,PENN AVE + BRUSHTON,40.4466,-79.893367,mid_block,NaN,shp-71C-09
7629,PENN AVE + BRADDOCK,40.447112,-79.894918,near_side,28.73607157456801,shp-71C-09
7630,PENN AVE + CARNEGIE,40.448143,-79.898021,near_side,20.763257073498426,shp-71C-09
7631,PENN AVE + LEXINGTON,40.448678,-79.899627,mid_block,NaN,shp-71C-09
7632,PENN AVE + HOMEWOOD,40.449141,-79.90102,near_side,33.728104615108386,shp-71C-09
7633,PENN AVE + LANG,40.449958,-79.90346,near_side,33.31727261172057,shp-71C-09
7635,DALLAS AVE + PENHAM,40.45113,-79.908455,mid_block,NaN,shp-67-15
7637,DALLAS AVE + REYNOLDS ST,40.448921,-79.910072,near_side,19.281041766705055,shp-67-15
7638,DALLAS AVE + EDGERTON,40.447921,-79.910794,mid_block,NaN,shp-74-51
7639,WILKINS AVE + WORTH,40.446652,-79.912966,mid_block,NaN,shp-74-51
7640,WILKINS AVE + #6647,40.446231,-79.914378,mid_block,NaN,shp-74-51
7641,WILKINS AVE + BARNSDALE,40.444862,-79.91565,mid_block,NaN,shp-74-51
7642,WILKINS AVE + BEECHWOOD,40.444427,-79.917577,near_side,25.97223474075102,shp-74-51
7644,WILKINS AVE + WOODLAND,40.443936,-79.922085,mid_block,NaN,shp-74-51
7645,WILKINS AVE + MURRAY,40.44401,-79.924123,mid_block,NaN,shp-67-15
7646,WILKINS AVE + NEGLEY,40.444065,-79.925887,near_side,14.095824394451428,shp-67-15
7647,WILKINS AVE + WIGHTMAN,40.4441,-79.927666,near_side,25.80444663186028,shp-67-15
7648,WILKINS AVE + BELLEROCK,40.444708,-79.929084,mid_block,NaN,shp-67-15
7651,BEELER ST + BEELERMONT,40.44551,-79.933291,mid_block,NaN,shp-67-15
7653,BEELER ST + UNGER,40.444969,-79.936546,mid_block,NaN,shp-67-15
7654,BEELER ST + FORBES,40.444045,-79.938608,near_side,6.680034848030892,shp-67-15
7672,BEELER ST + FORBES FS,40.444042,-79.938416,far_side,24.469265380585362,shp-67-52
7673,BEELER ST + UNGER FS,40.444956,-79.936356,mid_block,NaN,shp-67-52
7675,BEELER ST + BEELERMONT,40.445417,-79.933369,mid_block,NaN,shp-67-52
7676,BEELER ST + #5362,40.44554,-79.931889,mid_block,NaN,shp-67-52
7678,WILKINS AVE + BELLEROCK,40.44476,-79.92937,mid_block,NaN,shp-67-52
7679,WILKINS AVE + WIGHTMAN,40.444145,-79.928063,near_side,19.01976395568101,shp-67-52
7680,WILKINS AVE + NEGLEY,40.444004,-79.926113,near_side,12.465320136344625,shp-67-52
7681,WILKINS AVE + MURRAY,40.443947,-79.924156,mid_block,NaN,shp-67-52
7682,WILKINS AVE + WOODLAND,40.443894,-79.922165,mid_block,NaN,shp-74-01
7683,WILKINS AVE + SHADY FS,40.44389,-79.920075,far_side,48.71790679532267,shp-74-01
7684,WILKINS AVE + BEECHWOOD,40.444284,-79.917918,near_side,15.228010438893943,shp-74-01
7685,WILKINS AVE + BARNSDALE,40.444777,-79.915685,mid_block,NaN,shp-74-01
7686,WILKINS AVE + #6640,40.446049,-79.914475,mid_block,NaN,shp-74-01
7687,WILKINS AVE + WORTH,40.446621,-79.912842,mid_block,NaN,shp-74-01
7688,DALLAS AVE + EDGERTON,40.44764,-79.910896,mid_block,NaN,shp-74-01
7689,DALLAS AVE + REYNOLDS ST,40.448649,-79.910179,near_side,13.333487472902586,shp-74-01
7691,DALLAS AVE + PENN,40.451229,-79.908302,near_side,31.749394906331677,shp-67-52
7692,PENN AVE + MURTLAND,40.450745,-79.906082,mid_block,NaN,shp-71C-N4
7693,PENN AVE + LANG,40.450016,-79.903908,near_side,16.985319999087793,shp-71C-N4
7694,PENN AVE + HOMEWOOD,40.449179,-79.901458,near_side,15.473279783756423,shp-71C-N4
7695,PENN AVE + LEXINGTON,40.448606,-79.899721,mid_block,NaN,shp-71C-N4
7697,PENN AVE + BRADDOCK,40.447144,-79.895355,near_side,20.339026148084148,shp-71C-N4
7698,PENN AVE + EAST END,40.446739,-79.894096,mid_block,NaN,shp-71C-N4
77,STATION SQUARE STATION,40.431324,-80.002671,mid_block,NaN,shp-RED-01
7700,PENN AVE + WEST,40.445282,-79.889755,near_side,16.799589584108965,shp-67-52
7701,SAWYER WAY + EAST BUSWAY STEPS,40.443813,-79.886971,mid_block,NaN,shp-67-52
7703,ROSS AVE + CENTER,40.44196,-79.882529,mid_block,NaN,shp-61A-52
7704,ROSS AVE + MILL,40.441581,-79.881394,mid_block,NaN,shp-61A-52
7707,SWISSVALE AVE + STONER WAY,40.44088,-79.877937,far_side,45.16003795909509,shp-79-03
7708,SWISSVALE AVE + PENN FS,40.441654,-79.87748,far_side,42.738288073152376,shp-79-03
7709,SWISSVALE AVE + NORTH,40.442848,-79.876816,near_side,11.81029655281464,shp-79-03
7710,SWISSVALE AVE + HILL,40.44363,-79.876358,mid_block,NaN,shp-79-03
7711,SWISSVALE AVE + PARK,40.444534,-79.875846,near_side,8.972840859967418,shp-79-03
7713,MONTIER ST + #1438,40.445206,-79.87391,mid_block,NaN,shp-79-03
7714,MONTIER ST + PARK,40.4459,-79.871688,mid_block,NaN,shp-79-03
7715,MONTIER ST + LABELLE,40.446617,-79.870451,mid_block,NaN,shp-79-03
7716,MONTIER ST + HERR,40.447187,-79.869739,mid_block,NaN,shp-79-03
7717,MONTIER ST + #1824,40.448069,-79.868626,mid_block,NaN,shp-79-03
7719,LAKETON RD + #1746,40.449086,-79.866019,mid_block,NaN,shp-P78-15
7723,LAKETON RD + TURNER,40.452484,-79.860411,mid_block,NaN,shp-P78-15
7724,LAKETON RD + COLLINS,40.453389,-79.859048,mid_block,NaN,shp-P78-15
7725,LAKETON RD + DOUGLAS PLAZA APTS,40.454609,-79.85837,mid_block,NaN,shp-P78-15
7726,LAKETON RD + WOODGATE,40.458224,-79.8552,mid_block,NaN,shp-P78-15
7727,LAKETON RD + SOUTHERN,40.457923,-79.851529,mid_block,NaN,shp-P78-15
7728,LAKETON RD + CHURCHILL,40.457677,-79.850241,mid_block,NaN,shp-P78-15
7729,LAKETON RD + LINDBERG,40.458387,-79.846344,mid_block,NaN,shp-P78-15
7730,LAKETON RD + #3600,40.459447,-79.84385,mid_block,NaN,shp-P78-15
7751,PITCAIRN-TRAFFORD RD. + CLARK,40.395159,-79.767222,mid_block,NaN,shp-69-10
7754,BROADWAY BLVD + WALL,40.401422,-79.780019,near_side,16.14180305118034,shp-69-10
7755,BROADWAY BLVD + BROADVIEW MANOR HI-RISE,40.400948,-79.782761,mid_block,NaN,shp-69-10
7756,BROADWAY BLVD + MAWCO,40.398426,-79.788831,mid_block,NaN,shp-69-10
7757,BROADWAY BLVD + VALLEY,40.397931,-79.792055,mid_block,NaN,shp-69-10
7762,PATTON ST BRIDGE + MIDDLE,40.395325,-79.804666,far_side,21.04618169280839,shp-69-61
7763,MIDDLE ST + MILLER,40.395778,-79.806167,mid_block,NaN,shp-69-10
7764,MIDDLE ST + #526,40.396325,-79.808753,mid_block,NaN,shp-69-10
7765,MIDDLE ST + MAPLE,40.396685,-79.810058,mid_block,NaN,shp-69-10
7766,MIDDLE ST + #644,40.397516,-79.811404,mid_block,NaN,shp-69-10
7767,MIDDLE ST + 1ST,40.398204,-79.812496,mid_block,NaN,shp-69-10
7768,MIDDLE ST + 2ND,40.39971,-79.814832,mid_block,NaN,shp-69-10
7770,MIDDLE ST + 4TH,40.400742,-79.816405,mid_block,NaN,shp-69-10
7772,AIRBRAKE AVE + 7TH,40.401762,-79.819502,mid_block,NaN,shp-69-10
7773,AIRBRAKE AVE + 9TH,40.402501,-79.821184,mid_block,NaN,shp-69-10
7775,AIRBRAKE AVE + 11TH,40.403275,-79.822954,mid_block,NaN,shp-69-10
7778,ELECTRIC AVE + DYNAMO WAY,40.401177,-79.834857,mid_block,NaN,shp-69-10
7780,ELECTRIC AVE + OLYMPIA HALL,40.402808,-79.837315,mid_block,NaN,shp-69-10
7782,ELECTRIC AVE + NORTH,40.405459,-79.839103,mid_block,NaN,shp-69-10
7785,ARDMORE BLVD AT AVE B - FOREST HILLS PARK AND RIDE,40.413048,-79.844834,near_side,8.756328171265467,shp-59-01
7786,ARDMORE BLVD + YOST,40.415731,-79.847354,near_side,16.775550959209333,shp-69-10
7787,ARDMORE BLVD + BRADDOCK,40.424638,-79.859163,near_side,18.975309534413892,shp-69-10
7788,ARDMORE BLVD + NEWPORT,40.425796,-79.861445,mid_block,NaN,shp-69-10
7789,ARDMORE BLVD + BEVINGTON,40.427036,-79.862778,near_side,26.080092743655193,shp-69-10
7791,ARDMORE BLVD + BRYN MAWR NS,40.431347,-79.864037,mid_block,NaN,shp-69-10
7793,ARDMORE BLVD + REBECCA FS,40.43681,-79.873154,near_side,25.386391151356804,shp-P68-21
7796,SOUTH AVE + SWISSVALE,40.439703,-79.87835,near_side,29.782750107588036,shp-P68-21
7798,STATION ST. + WESTINGHOUSE,40.393269,-79.809319,mid_block,NaN,shp-69-61
7799,WESTINGHOUSE AVE. + COMMERCE,40.392745,-79.809774,mid_block,NaN,shp-69-10
78,STATION SQUARE STATION,40.431606,-80.003158,mid_block,NaN,shp-RED-51
7801,STATION ST + SR CITIZEN BLDG,40.393204,-79.807678,mid_block,NaN,shp-69-10
7805,REBECCA ST + ELLA,40.437594,-79.877883,mid_block,NaN,shp-P68-68
7806,REBECCA ST + CRAFT,40.437095,-79.876099,mid_block,NaN,shp-P68-68
7807,REBECCA ST + ARDMORE,40.436802,-79.873568,near_side,25.564426532874425,shp-P68-68
7808,ARDMORE BLVD + BRINTON,40.43563,-79.871733,near_side,5.701290506579071,shp-P68-68
7810,ARDMORE BLVD + LAFAYETTE,40.429678,-79.863869,mid_block,NaN,shp-69-61
7811,ARDMORE BLVD + BEVINGTON FS,40.426767,-79.862889,far_side,24.65895049186669,shp-69-61
7812,ARDMORE BLVD + NEWPORT,40.425711,-79.861761,mid_block,NaN,shp-69-61
7813,ARDMORE BLVD + BRADDOCK,40.424643,-79.859664,near_side,24.097311604708167,shp-69-61
7814,ARDMORE BLVD + FAIRFAX,40.422174,-79.854668,mid_block,NaN,shp-69-61
7815,ARDMORE BLVD + YOST FS,40.415479,-79.847515,far_side,33.658730000374675,shp-69-61
7816,ARDMORE BLVD OPP AVE B- FOREST HILLS PARK AND RIDE,40.4132,-79.845258,far_side,5.763259056486259,shp-59-51
7818,ELECTRIC AVE + NORTH,40.405558,-79.839368,mid_block,NaN,shp-69-61
7820,ELECTRIC AVE + GREEK CATHOLIC CHURCH,40.402862,-79.837488,mid_block,NaN,shp-69-61
7825,PENN AVE + THOMPSON ST,40.405214,-79.827345,mid_block,NaN,shp-59-51
7828,AIRBRAKE AVE + 11TH,40.403254,-79.823119,mid_block,NaN,shp-69-61
7830,AIRBRAKE AVE + 9TH,40.402503,-79.821382,mid_block,NaN,shp-69-61
7831,AIRBRAKE AVE + 7TH,40.401695,-79.819527,mid_block,NaN,shp-69-61
7832,AIRBRAKE AVE + 5TH,40.400976,-79.817872,mid_block,NaN,shp-69-61
7834,AIRBRAKE AVE + 3RD,40.399909,-79.816069,mid_block,NaN,shp-69-61
7835,AIRBRAKE AVE + 2ND,40.399457,-79.8154,mid_block,NaN,shp-69-61
7838,AIRBRAKE AVE + MILLER,40.395375,-79.806546,mid_block,NaN,shp-69-61
7839,AIRBRAKE AVE + BRIDGE,40.395302,-79.805518,mid_block,NaN,shp-69-61
7840,AVENUE U + WATKINS,40.394932,-79.803925,mid_block,NaN,shp-69-61
7844,BROADWAY BLVD + QUARRY,40.396384,-79.793716,mid_block,NaN,shp-69-61
7847,BROADWAY BLVD + MAWCO,40.398314,-79.788884,mid_block,NaN,shp-69-61
7848,BROADWAY BLVD + BROADVIEW MANOR HI-RISE,40.400862,-79.782756,mid_block,NaN,shp-69-61
7849,BROADWAY BLVD + WALL,40.401278,-79.780399,near_side,29.73783111212167,shp-69-61
7851,BROADWAY BLVD + PITCAIRN PARK BLDG,40.401976,-79.776335,mid_block,NaN,shp-69-61
7853,PITCAIRN-TRAFFORD RD + CLARK,40.395273,-79.767378,mid_block,NaN,shp-69-61
7858,5TH ST + CAVIT,40.385812,-79.760005,mid_block,NaN,shp-69-10
7874,GRANT ST + STRAWBERRY WAY (US STEEL TOWER),40.441557,-79.995472,ambiguous,4.993803289640963,shp-P1-01
7897,WM PENN HWY + #2295,40.446023,-79.853103,mid_block,NaN,shp-67-15
79,STEVENSON,40.399491,-80.03364,mid_block,NaN,shp-RED-01
7900,PENN AVE + FINDLEY DR EAST,40.444409,-79.863172,mid_block,NaN,shp-67-15
7901,PENN AVE + FINDLEY DR WEST (BEACON HILL),40.444028,-79.864586,near_side,22.067052636541955,shp-67-15
7902,PENN AVE + BEACON HILL DR FS,40.443978,-79.864417,far_side,38.47603936914244,shp-67-52
7903,PENN AVE + FINDLEY DR EAST,40.444267,-79.863396,mid_block,NaN,shp-67-52
7904,PENN AVE + GREENSBURG PIKE,40.444677,-79.861177,mid_block,NaN,shp-67-52
7905,WM PENN HWY + GRAHAM,40.445107,-79.858649,near_side,18.935450194493622,shp-67-52
7906,WM PENN HWY + MCCREA,40.445553,-79.855523,mid_block,NaN,shp-67-52
7907,WILLIAM PENN HWY + CHURCHILL BORO BLDG,40.446052,-79.850201,mid_block,NaN,shp-67-52
7946,PENN AVE + BRITTANY APTS (#1717),40.443665,-79.865893,mid_block,NaN,shp-67-15
7948,PENN AVE + AMBASSADOR APTS,40.442679,-79.867678,mid_block,NaN,shp-67-15
7950,PENN AVE + PRINCETON,40.440823,-79.871589,near_side,26.53674776742801,shp-67-15
7951,PENN AVE + ANGELA,40.439571,-79.874687,mid_block,NaN,shp-67-15
7952,PENN AVE + SWISSVALE (DISCH ONLY),40.44129,-79.877391,near_side,37.21701311241897,shp-67-15
7965,PENN AVE + MIDLAND,40.439489,-79.874949,mid_block,NaN,shp-67-52
7966,PENN AVE + PRINCETON,40.440518,-79.87188,near_side,20.606306252988595,shp-67-52
7967,PENN AVE + WEBER,40.441915,-79.869064,mid_block,NaN,shp-67-60
7968,PENN AVE + SUPERIOR,40.442463,-79.867884,mid_block,NaN,shp-67-52
7969,PENN AVE + SUMMIT,40.4431,-79.866739,mid_block,NaN,shp-67-60
7970,PENN AVE + FAIRMONT,40.443661,-79.865578,mid_block,NaN,shp-67-52
798,CONNIE DR + MULKERIN,40.498387,-80.023183,mid_block,NaN,shp-17-01
799,CONNIE DR + MERWOOD,40.499406,-80.024634,mid_block,NaN,shp-17-01
7993,BEACON ST + MURRAY FS,40.434827,-79.922059,mid_block,NaN,shp-74-51
7994,BEACON ST + SHADY,40.435268,-79.91908,near_side,10.663834308330337,shp-74-51
7996,MULHATTON ST + DARLINGTON,40.436351,-79.916228,mid_block,NaN,shp-65-52
7997,DARLINGTON RD + BEACON,40.436193,-79.913774,mid_block,NaN,shp-65-52
7999,BEECHWOOD BLVD + FOREST GLEN,40.434269,-79.912188,mid_block,NaN,shp-65-52
8,RIDGE AVE + GALVESTON,40.450237,-80.015516,mid_block,NaN,shp-18-06
80,STEVENSON,40.399293,-80.033939,mid_block,NaN,shp-RED-51
8003,BEECHWOOD BLVD + NICHOLSON,40.430419,-79.915262,mid_block,NaN,shp-65-10
8004,BEECHWOOD BLVD + #2530,40.429335,-79.915624,mid_block,NaN,shp-65-10
8005,BEECHWOOD BLVD + FORWARD,40.42804,-79.916127,near_side,12.765336751150343,shp-65-10
8006,BEECHWOOD BLVD + ANITA AVE (MONITOR),40.4262,-79.916849,mid_block,NaN,shp-74-51
8007,BEECHWOOD BLVD + TILBURY,40.426646,-79.919099,mid_block,NaN,shp-74-01
8009,TILBURY AVE + FORWARD,40.428336,-79.918504,near_side,11.996748312018093,shp-74-01
8010,FORWARD AVE + SHADY,40.429144,-79.920907,near_side,31.994020652928743,shp-65-10
8011,FORWARD AVE + MURRAY,40.429792,-79.923314,ambiguous,2.5937321110726232,shp-65-10
8012,POCUSSETT ST + WIGHTMAN,40.429316,-79.927243,mid_block,NaN,shp-65-10
8014,WIGHTMAN ST + PHILLIPS FS,40.431402,-79.92745,far_side,41.05091146454921,shp-65-10
8015,WIGHTMAN ST + HOBART,40.432455,-79.927492,near_side,19.44209456840047,shp-65-10
8016,WIGHTMAN ST + BEACON,40.433976,-79.927551,near_side,18.66268428949716,shp-65-10
8017,BEACON ST + WENDOVER,40.434009,-79.928991,mid_block,NaN,shp-93-51
8019,BEACON ST + #5414,40.433615,-79.932093,mid_block,NaN,shp-93-51
802,CONNIE DR + #110,40.50015,-80.02814,mid_block,NaN,shp-17-01
8025,BLVD OF ALLIES + HALKET FS,40.435976,-79.95856,far_side,19.08808230680886,shp-93-51
8026,BLVD OF ALLIES + CRAFT,40.4359,-79.96137,near_side,16.101613564191034,shp-93-51
8027,CRAFT AVE + FORBES AVE,40.436928,-79.962853,near_side,34.905729323262,shp-93-51
803,CONNIE DR + JACKS RUN,40.499214,-80.029161,mid_block,NaN,shp-17-01
8033,BLVD OF ALLIES + CRAFT FS,40.435781,-79.960915,mid_block,NaN,shp-93-02
8034,BLVD OF ALLIES + HALKET ST,40.435796,-79.958325,far_side,14.036074777377008,shp-93-02
8039,BEACON ST + #5414,40.433452,-79.932488,mid_block,NaN,shp-93-02
8040,BEACON ST + MURDOCH,40.433678,-79.930687,mid_block,NaN,shp-93-02
8041,BEACON ST + WENDOVER,40.433866,-79.929223,mid_block,NaN,shp-93-02
8042,BEACON ST + WIGHTMAN,40.434014,-79.928029,mid_block,NaN,shp-93-02
8043,BEACON ST + MUNHALL,40.434444,-79.924881,mid_block,NaN,shp-93-02
8047,BRINTON RD + BRINTON MANOR,40.411363,-79.852124,mid_block,NaN,shp-P68-21
8048,BRINTON RD + #1584,40.412794,-79.857638,mid_block,NaN,shp-P68-21
8050,BRINTON RD + RIDGE,40.419935,-79.858935,mid_block,NaN,shp-P68-21
8051,BRINTON RD + FAIRFAX,40.421573,-79.861297,mid_block,NaN,shp-P68-21
8052,BRINTON RD + BRADDOCK,40.422472,-79.863913,mid_block,NaN,shp-P68-21
8053,BRINTON RD + COLUMBIA,40.424572,-79.868521,mid_block,NaN,shp-P68-21
8054,BRINTON RD + MCKELVEY,40.42544,-79.869124,mid_block,NaN,shp-P68-21
8056,BRINTON RD + KINGS,40.427647,-79.872985,mid_block,NaN,shp-P68-21
8057,BRINTON RD + WESTINGHOUSE COMPUTER CTR,40.429009,-79.874237,mid_block,NaN,shp-P68-21
8061,BRINTON RD + ARDMORE,40.435371,-79.871658,near_side,8.012132783150452,shp-P68-21
8062,SOUTH AVE + COAL,40.440284,-79.880105,mid_block,NaN,shp-P68-21
8065,OXFORD DR + PRIMARY CARE CENTER,40.431416,-79.788117,mid_block,NaN,shp-P68-21
8067,MONROEVILLE BLVD + BOSSES,40.428433,-79.787415,mid_block,NaN,shp-P68-21
8068,MONROEVILLE BLVD + JAMISON,40.427355,-79.788206,mid_block,NaN,shp-P68-21
8070,MONROEVILLE BLVD + BRINTON,40.424797,-79.790245,near_side,16.19042151895387,shp-P68-21
8071,JAMES ST + JAMES ST EXT,40.423633,-79.793952,near_side,15.00522991009421,shp-P68-21
8074,JAMES ST + QUEEN,40.421864,-79.803116,mid_block,NaN,shp-P68-21
8076,JAMES ST + OHIO,40.419145,-79.811293,mid_block,NaN,shp-P68-21
8077,JAMES ST + HARPER,40.416761,-79.814647,mid_block,NaN,shp-P68-21
8078,JAMES ST + LOWER BOONE,40.414924,-79.815784,mid_block,NaN,shp-P68-21
8080,JAMES ST + CAROTHERS,40.413136,-79.817791,mid_block,NaN,shp-P68-21
8082,JAMES ST + #537,40.411432,-79.818874,mid_block,NaN,shp-P68-21
8083,JAMES ST + TURTLE CREEK-MONROEVILLE,40.409218,-79.818901,mid_block,NaN,shp-P68-21
8085,ALBERT ST + MAPLE,40.408027,-79.819604,mid_block,NaN,shp-P68-21
8086,MAPLE AVE + JAMES,40.408039,-79.818726,mid_block,NaN,shp-P68-68
809,PERRYSVILLE AVE + PERRY ACADEMY,40.489052,-80.018034,mid_block,NaN,shp-8-03
8095,MAPLE ST + CHARLES,40.40787,-79.820376,mid_block,NaN,shp-P68-21
8096,MAPLE ST + #843,40.407532,-79.823002,mid_block,NaN,shp-P68-21
8099,GRANT AVE + TRI-BORO,40.406308,-79.825194,near_side,21.248865291385762,shp-P68-21
81,WASHINGTON JUNCTION,40.353933,-80.028173,mid_block,NaN,shp-RED-01
810,PERRYSVILLE AVE + #3835,40.488237,-80.016822,mid_block,NaN,shp-8-03
8100,GRANT AVE + PENN,40.404865,-79.825859,near_side,5.782342713642567,shp-P68-21
811,PERRYSVILLE AVE + SEMICIR,40.487333,-80.016344,mid_block,NaN,shp-8-03
8110,BRINTON RD + #1001,40.428987,-79.874301,mid_block,NaN,shp-P68-68
8111,BRINTON RD + KINGS,40.427615,-79.873035,mid_block,NaN,shp-P68-68
8113,BRINTON RD + MCKELVEY,40.425455,-79.869246,mid_block,NaN,shp-P68-68
8114,BRINTON RD + COLUMBIA,40.424634,-79.868618,mid_block,NaN,shp-P68-68
8115,BRINTON RD + FAIRFAX,40.421522,-79.861324,mid_block,NaN,shp-P68-68
8116,BRINTON RD + RIDGE,40.419919,-79.858995,mid_block,NaN,shp-P68-68
8118,BRINTON RD + #1584,40.41279,-79.857734,mid_block,NaN,shp-P68-68
8122,GRANT AVE + TRI-BORO,40.405803,-79.825197,near_side,23.576771833206596,shp-P68-68
8125,MAPLE AVE + #843,40.407482,-79.822938,mid_block,NaN,shp-P68-68
8126,MAPLE AVE + CHARLES,40.407788,-79.820553,mid_block,NaN,shp-P68-68
8127,MAPLE AVE + ALBERT,40.407925,-79.819626,mid_block,NaN,shp-P68-68
8128,JAMES ST + TURTLE CREEK-MONROEVILLE,40.424469,-79.790625,near_side,30.36163361181986,shp-P68-68
813,PERRYSVILLE AVE + CHERRYFIELD,40.485043,-80.015689,mid_block,NaN,shp-8-03
8130,JAMES ST + #530,40.410841,-79.81878,mid_block,NaN,shp-P68-68
8131,JAMES ST + CAROTHERS,40.412898,-79.817998,mid_block,NaN,shp-P68-68
8133,JAMES ST + LOWER BOONE,40.414753,-79.815788,mid_block,NaN,shp-P68-68
8135,JAMES ST + OHIO,40.419083,-79.811298,mid_block,NaN,shp-P68-68
8137,JAMES ST + BUENA VISTA,40.420078,-79.808367,mid_block,NaN,shp-P68-68
8139,JAMES ST + QUEEN,40.421877,-79.803323,mid_block,NaN,shp-P68-68
8140,JAMES ST + SPEELMAN,40.421176,-79.799956,mid_block,NaN,shp-P68-68
8142,JAMES ST + JAMES ST EXT,40.423468,-79.794105,near_side,10.482733160380818,shp-P68-68
8144,MONROEVILLE BLVD + JAMISON,40.427223,-79.788138,mid_block,NaN,shp-P68-68
8145,MONROEVILLE BLVD + BOSSES,40.42825,-79.787437,mid_block,NaN,shp-P68-68
8146,OXFORD DR + RACQUET CLUB APTS,40.431294,-79.787605,mid_block,NaN,shp-P68-68
815,PERRYSVILLE AVE + WATSON BLVD FS,40.483943,-80.013342,mid_block,NaN,shp-8-03
8153,EAST BUSWAY + HAY ST RAMP OUTBOUND SHELTER,40.442845,-79.887025,mid_block,NaN,shp-71C-09
8154,EAST BUSWAY + HOMEWOOD STATION C,40.453102,-79.899342,mid_block,NaN,shp-P1-01
816,PERRYSVILLE AVE + #3418,40.482768,-80.013405,mid_block,NaN,shp-8-03
8160,EAST BUSWAY + HOMEWOOD STATION A,40.452819,-79.898925,mid_block,NaN,shp-P1-51
8161,EAST BUSWAY + EAST LIBERTY STATION C,40.459448,-79.923137,mid_block,NaN,shp-P1-01
8162,EAST BUSWAY + NEGLEY STATION C,40.456536,-79.932912,mid_block,NaN,shp-P1-01
8163,EAST BUSWAY + HERRON STATION C,40.459235,-79.967085,mid_block,NaN,shp-P1-01
8165,EAST BUSWAY + EAST LIBERTY STATION A,40.459475,-79.922535,mid_block,NaN,shp-P1-51
8169,NEVILLE ST + ELLSWORTH NS,40.447689,-79.947517,mid_block,NaN,shp-75-55
817,PERRYSVILLE AVE + #3358,40.480935,-80.013406,mid_block,NaN,shp-8-03
8170,NEVILLE ST + BAYARD,40.450315,-79.948651,near_side,14.051604840207581,shp-P3-53
8177,NEGLEY AVE + HAMPTON,40.475563,-79.924549,mid_block,NaN,shp-71A-02
8178,NEGLEY AVE + WELLESLEY,40.474306,-79.925102,mid_block,NaN,shp-71A-02
8179,NEGLEY AVE + JACKSON,40.472561,-79.925875,mid_block,NaN,shp-71A-02
818,PERRYSVILLE AVE + DELAWARE,40.479917,-80.012065,mid_block,NaN,shp-8-03
8180,NEGLEY AVE + STANTON AVE,40.471697,-79.926263,near_side,17.304560622670703,shp-71A-02
8181,NEGLEY AVE + HAYS ST,40.46988,-79.927067,mid_block,NaN,shp-71A-02
8182,NEGLEY AVE + BLACK ST,40.468903,-79.92749,near_side,16.340410983696344,shp-71A-02
8183,NEGLEY AVE + MARGARETTA ST,40.467857,-79.928116,far_side,11.640181535993916,shp-71A-02
8184,NEGLEY AVE + RIPPEY ST FS,40.466863,-79.928721,near_side,26.3130906014644,shp-71A-02
8186,NEGLEY AVE + BROAD ST,40.464603,-79.930093,mid_block,NaN,shp-71A-02
8188,NEGLEY AVE + CORAL ST,40.46204,-79.931625,mid_block,NaN,shp-71A-02
8189,NEGLEY AVE + FRIENDSHIP AVE,40.460808,-79.932366,near_side,14.632386250435419,shp-71A-02
819,PERRYSVILLE AVE + MARSHALL RD,40.47825,-80.012114,mid_block,NaN,shp-8-03
8190,NEGLEY AVE + #370 (BAUM BLVD),40.459043,-79.933468,mid_block,NaN,shp-71A-02
8191,NEGLEY AVE + CENTRE,40.457468,-79.934247,near_side,32.763599824753804,shp-71A-02
8192,CENTRE AVE + GRAHAM,40.456622,-79.936379,near_side,11.630276537168834,shp-71A-02
8193,CENTRE AVE + AIKEN,40.456089,-79.938178,near_side,49.87506845818101,shp-71A-02
8194,CENTRE AVE + SHADYSIDE HOSPITAL,40.455398,-79.940461,mid_block,NaN,shp-71A-02
8195,CENTRE AVE + CYPRESS,40.45512,-79.941395,near_side,11.603966043885816,shp-71A-02
8196,CENTRE AVE + MOREWOOD,40.454235,-79.944368,near_side,11.375602287159035,shp-71A-02
8197,CENTRE AVE + MILLVALE,40.453387,-79.94721,near_side,19.631874572805824,shp-71A-02
8198,CENTRE AVE + MILLVALE,40.453217,-79.947453,near_side,13.383330967623738,shp-71A-51
8199,CENTRE AVE + MOREWOOD,40.454091,-79.944553,near_side,15.03959567233838,shp-71A-51
82,WASHINGTON JUNCTION,40.353447,-80.028117,mid_block,NaN,shp-RED-51
820,PERRYSVILLE AVE + #3000,40.47611,-80.012407,mid_block,NaN,shp-8-03
8201,CENTRE AVE + CYPRESS,40.454968,-79.941567,near_side,13.948853533299214,shp-71A-51
8202,CENTRE AVE + SHADYSIDE HOSPITAL,40.455549,-79.939653,mid_block,NaN,shp-71A-51
8203,CENTRE AVE + AIKEN,40.455835,-79.93874,near_side,18.803477022562003,shp-71A-51
8204,CENTRE AVE + GRAHAM,40.456475,-79.936554,near_side,13.947934010320404,shp-71A-51
8205,CENTRE AVE + NEGLEY (MARKET DISTRICT),40.457029,-79.934679,mid_block,NaN,shp-71A-51
8206,NEGLEY AVE + BAUM,40.458245,-79.933818,near_side,13.63817207122153,shp-71A-51
8207,NEGLEY AVE + FRIENDSHIP AVE,40.46056,-79.932404,near_side,13.570277843612477,shp-71A-51
8208,NEGLEY AVE + CORAL ST,40.461982,-79.931552,mid_block,NaN,shp-71A-51
8209,NEGLEY AVE + PENN AVE,40.463207,-79.930756,near_side,33.58868267923712,shp-71A-51
821,PERRYSVILLE AVE + MARSHALL AVE,40.475117,-80.011597,near_side,8.093055872627144,shp-8-03
8210,NEGLEY AVE + PENNLEY PARK APTS,40.464592,-79.929957,mid_block,NaN,shp-71A-51
8211,NEGLEY AVE + RURAL ST,40.465544,-79.929397,near_side,8.824875008281186,shp-71A-51
8212,NEGLEY AVE + RIPPEY ST,40.466532,-79.928798,near_side,11.703750904690372,shp-71A-51
8213,NEGLEY AVE + EAST LIBERTY BLVD,40.467518,-79.928196,far_side,5.982183925373821,shp-71A-51
8214,NEGLEY AVE + BLACK ST,40.468642,-79.927516,near_side,12.863140401852432,shp-71A-51
8215,NEGLEY AVE + HAYS ST,40.469639,-79.926972,mid_block,NaN,shp-71A-51
8216,NEGLEY AVE + STANTON AVE,40.471324,-79.926314,near_side,24.72881282168569,shp-71A-51
8218,NEGLEY AVE + WELLESLEY NS,40.474102,-79.925083,mid_block,NaN,shp-71A-51
8219,NEGLEY AVE + HAMPTON,40.475307,-79.924549,mid_block,NaN,shp-71A-51
8222,BRYANT ST + ST CLAIR,40.476112,-79.920899,mid_block,NaN,shp-71B-01
8224,TRENTON AVE + REBECCA,40.441944,-79.892357,mid_block,NaN,shp-71C-09
8225,TRENTON AVE + FRANKLIN,40.443292,-79.892365,mid_block,NaN,shp-71C-09
8226,TRENTON AVE + SOUTH,40.444033,-79.892114,mid_block,NaN,shp-71C-09
8227,TRENTON AVE + PENN,40.445685,-79.891373,near_side,21.681641253602287,shp-71C-09
8229,PENN AVE + LINDEN,40.452524,-79.910125,near_side,30.032287486957145,shp-71C-09
8230,PENN AVE + 5TH,40.453915,-79.91213,near_side,32.48455888700919,shp-71C-09
8233,PENN AVE + VILLAGE OF EASTSIDE SHOPPING CENTER,40.458198,-79.918378,near_side,27.699498604737613,shp-71C-09
824,PERRYSVILLE AVE + ELLZEY,40.471776,-80.010063,mid_block,NaN,shp-8-03
8244,ELLSWORTH AVE + MARYLAND,40.45623,-79.930721,mid_block,NaN,shp-75-01
8246,ELLSWORTH AVE + NEGLEY,40.454871,-79.932391,near_side,23.311176170235065,shp-75-01
8249,ELLSWORTH AVE + AIKEN AVE,40.45286,-79.936579,near_side,19.72714154897873,shp-75-01
825,PERRYSVILLE AVE + CHARLES,40.471083,-80.008709,near_side,14.74034859180082,shp-8-03
8251,ELLSWORTH AVE + AMBERSON,40.45139,-79.940849,near_side,13.232019853104907,shp-75-01
8252,ELLSWORTH AVE + MOREWOOD,40.450959,-79.942875,near_side,18.82547591056864,shp-75-01
8254,ELLSWORTH AVE + CLYDE,40.448918,-79.946762,mid_block,NaN,shp-75-01
8256,ELLSWORTH AVE + CATHEDRAL MANSIONS,40.448528,-79.947031,mid_block,NaN,shp-75-55
8258,ELLSWORTH AVE + MOREWOOD,40.450821,-79.943188,near_side,19.274263185391902,shp-75-55
8259,ELLSWORTH AVE + AMBERSON,40.45125,-79.941055,near_side,14.563625932937642,shp-75-55
8261,ELLSWORTH AVE + AIKEN,40.452654,-79.936836,near_side,16.938712524334576,shp-75-55
8263,ELLSWORTH AVE + FILBERT,40.453832,-79.934392,mid_block,NaN,shp-75-55
8265,ELLSWORTH AVE + NEGLEY,40.454662,-79.932657,near_side,14.353051010238993,shp-75-55
8267,ELLSWORTH AVE + MARYLAND,40.455959,-79.930892,mid_block,NaN,shp-75-55
827,PERRYSVILLE AVE + MCINTYRE,40.468921,-80.00931,mid_block,NaN,shp-8-03
8276,PENN AVE + SHADY AVE FS (GIANT EAGLE),40.459236,-79.920097,mid_block,NaN,shp-71C-N4
8277,PENN AVE + VILLAGE OF EASTSIDE SHOPPING CENTER,40.458359,-79.918793,near_side,21.88281093515206,shp-71C-N4
8279,PENN AVE + BAKERY SQUARE,40.456136,-79.915602,near_side,20.904538540081095,shp-71C-N4
828,PERRYSVILLE AVE + BURGESS,40.467682,-80.009949,mid_block,NaN,shp-8-03
8280,PENN AVE + 5TH,40.454221,-79.912814,mid_block,NaN,shp-71C-N4
8281,PENN AVE + LINDEN,40.452654,-79.9105,near_side,14.53401013941824,shp-71C-N4
8283,TRENTON AVE + PENN FS,40.445483,-79.891593,mid_block,NaN,shp-71C-N4
8284,TRENTON AVE + SOUTH,40.444326,-79.892103,mid_block,NaN,shp-71C-N4
8286,WOOD ST + SOUTH,40.441975,-79.885658,near_side,10.442581445397757,shp-61A-52
8287,WOOD ST + ROSS,40.442783,-79.885201,near_side,11.416944683493963,shp-71-01
8289,WOOD ST + WALLACE,40.444376,-79.884293,near_side,13.148630965840011,shp-71-01
8290,WOOD ST + HILL,40.44598,-79.88337,near_side,10.09790218092376,shp-71D-02
8291,WOOD ST + HOLMES,40.446995,-79.883496,mid_block,NaN,shp-71D-02
8292,WOOD ST + SUSQUEHANNA,40.4481,-79.88378,mid_block,NaN,shp-71D-02
8297,HAMILTON AVE + HALE,40.452376,-79.887422,mid_block,NaN,shp-71D-02
8298,HAMILTON AVE + BRUSHTON,40.452717,-79.88891,near_side,30.535057737267653,shp-71D-02
8299,HAMILTON AVE + BRADDOCK,40.453121,-79.890694,near_side,46.302274385121144,shp-71D-02
83,WESTFIELD,40.410318,-80.019964,mid_block,NaN,shp-RED-01
830,PERRYSVILLE AVE + CUTLER,40.466257,-80.011618,mid_block,NaN,shp-8-03
8300,HAMILTON AVE + COLLIER,40.453609,-79.892823,mid_block,NaN,shp-71D-02
8301,HAMILTON AVE + STERRETT,40.454129,-79.895127,mid_block,NaN,shp-71D-02
8302,HAMILTON AVE + HOMEWOOD,40.454644,-79.897391,near_side,15.575016672072115,shp-71D-02
8303,HAMILTON AVE + LANG,40.455119,-79.899498,mid_block,NaN,shp-71D-02
8304,HAMILTON AVE + MURTLAND,40.455711,-79.902082,mid_block,NaN,shp-71D-02
8305,HAMILTON AVE + DALLAS,40.45629,-79.904615,near_side,14.869439562173625,shp-71D-02
8306,HAMILTON AVE + LASCHALL,40.456666,-79.906307,mid_block,NaN,shp-71D-02
8307,HAMILTON AVE + FIFTH AVE,40.457147,-79.908405,mid_block,NaN,shp-71D-02
8308,FIFTH AVE + MCPHERSON FS,40.455505,-79.910881,far_side,47.83384260343361,shp-71D-02
831,PERRYSVILLE AVE + LAFAYETTE,40.464931,-80.011579,mid_block,NaN,shp-8-03
8310,FIFTH AVE + BEECHWOOD,40.453713,-79.915207,near_side,17.14337035743968,shp-71D-02
8311,FIFTH AVE + SHADY,40.452962,-79.920585,near_side,16.740311075692226,shp-71D-02
8312,FIFTH AVE + HIGHLAND,40.452049,-79.923842,near_side,19.15275077165648,shp-71D-02
8314,WALLACE AVE + WOOD,40.444522,-79.884504,near_side,24.791566330552648,shp-71D-02
8316,FIFTH AVE + HIGHLAND,40.451839,-79.92406,near_side,14.54422532673557,shp-71D-52
8317,FIFTH AVE + SHADY,40.452829,-79.920856,near_side,16.935270057427005,shp-71D-52
8318,FIFTH AVE + BEECHWOOD,40.453542,-79.915543,near_side,25.269112818070152,shp-71D-52
8319,FIFTH AVE + HASTINGS ST FS (PENN),40.453872,-79.91315,mid_block,NaN,shp-71D-52
832,PERRYSVILLE AVE + WILSON AVE,40.463741,-80.012195,mid_block,NaN,shp-8-03
8320,FIFTH AVE + THOMAS BLVD,40.45481,-79.911464,mid_block,NaN,shp-71D-52
8324,HAMILTON AVE + LASCHALL,40.456745,-79.906999,mid_block,NaN,shp-71D-52
8325,HAMILTON AVE + DALLAS,40.456269,-79.9049,near_side,16.973934741971,shp-71D-52
8326,HAMILTON AVE + MURTLAND,40.455692,-79.902364,mid_block,NaN,shp-71D-52
8327,HAMILTON AVE + LANG,40.455104,-79.899767,mid_block,NaN,shp-71D-52
8328,HAMILTON AVE + HOMEWOOD,40.454631,-79.897689,near_side,17.630079854675504,shp-71D-52
8329,HAMILTON AVE + STERRETT,40.454076,-79.895263,mid_block,NaN,shp-71D-52
833,PERRYSVILLE AVE + MCCLINTOCK,40.463044,-80.013807,mid_block,NaN,shp-8-03
8331,HAMILTON AVE + COLLIER,40.453591,-79.893116,mid_block,NaN,shp-71D-52
8332,HAMILTON AVE + BRADDOCK,40.453171,-79.891297,near_side,21.173356636371388,shp-71D-52
8333,HAMILTON AVE + BRUSHTON,40.452728,-79.889339,near_side,17.366205435083177,shp-71D-52
8334,HAMILTON AVE + HALE,40.452353,-79.887665,mid_block,NaN,shp-71D-52
8335,HAMILTON AVE + MULFORD,40.452113,-79.886641,mid_block,NaN,shp-71D-52
8339,WOOD ST + SUSQUEHANNA FS,40.448033,-79.88385,mid_block,NaN,shp-71D-52
834,PERRYSVILLE AVE + #1923,40.461448,-80.013643,mid_block,NaN,shp-8-03
8340,WOOD ST + HOLMES,40.447309,-79.883679,mid_block,NaN,shp-71D-52
8341,WOOD ST + HILL,40.446192,-79.883411,near_side,14.040806206729886,shp-71D-52
8343,WOOD ST + WALLACE,40.444685,-79.884218,near_side,22.494822184383974,shp-71D-52
835,PERRYSVILLE AVE + OHERN,40.460316,-80.013187,mid_block,NaN,shp-8-03
8363,SHADY AVE + DOUGLAS,40.433464,-79.918495,mid_block,NaN,shp-74-01
8364,SHADY AVE + BEACON,40.435215,-79.918899,near_side,14.995250265805574,shp-74-01
8367,MURRAY AVE + AYLESBORO,40.439579,-79.923007,mid_block,NaN,shp-74-01
8368,MURRAY AVE + NORTHUMBERLAND,40.441325,-79.923307,near_side,11.616710047224311,shp-74-01
8369,MURRAY AVE + SOLWAY,40.442791,-79.923592,mid_block,NaN,shp-74-01
837,PERRYSVILLE AVE + FEDERAL,40.461155,-80.008894,mid_block,NaN,shp-8-03
8370,MURRAY AVE + WILKINS,40.443864,-79.923811,mid_block,NaN,shp-74-01
8371,REYNOLDS ST + MURTLAND,40.447984,-79.907917,mid_block,NaN,shp-74-01
8372,REYNOLDS ST + LANG,40.447246,-79.905737,mid_block,NaN,shp-74-01
8374,HOMEWOOD AVE + ROYCREST,40.448104,-79.902065,mid_block,NaN,shp-74-01
8375,HOMEWOOD AVE + PENN,40.449025,-79.901395,near_side,20.01659279926188,shp-74-01
8376,HOMEWOOD AVE + THOMAS,40.450779,-79.900146,near_side,18.876488120726666,shp-74-01
8377,HOMEWOOD AVE + FINANCE (BUSWAY),40.452946,-79.898624,mid_block,NaN,shp-74-01
8378,HOMEWOOD AVE + HAMILTON,40.454534,-79.897553,near_side,11.8816566456801,shp-74-01
8379,HOMEWOOD AVE + KELLY,40.455404,-79.897035,near_side,14.803266462790765,shp-74-01
8380,HOMEWOOD AVE + BENNETT,40.456356,-79.896663,near_side,12.90928080876539,shp-74-01
8382,HOMEWOOD AVE + RACE,40.45877,-79.895722,mid_block,NaN,shp-74-01
8384,HOMEWOOD AVE + HERMITAGE,40.460095,-79.895206,mid_block,NaN,shp-74-01
8386,HOMEWOOD AVE + MT VERNON,40.461303,-79.894734,mid_block,NaN,shp-74-01
839,FEDERAL ST + ALPINE,40.458938,-80.007857,mid_block,NaN,shp-8-03
8396,LARIMER AVE + APPLE,40.46844,-79.906534,mid_block,NaN,shp-74-51
8397,LARIMER AVE + DEAN,40.469139,-79.905838,mid_block,NaN,shp-74-51
8398,DEAN ST + PAULSON,40.468033,-79.903725,mid_block,NaN,shp-74-51
84,WESTFIELD,40.410544,-80.020113,mid_block,NaN,shp-RED-51
840,FEDERAL ST + SAMPSONIA,40.457744,-80.007458,mid_block,NaN,shp-8-03
8400,PAULSON AVE + BRAINARD,40.468572,-79.901901,mid_block,NaN,shp-74-51
8401,PAULSON AVE + OLIVANT,40.469466,-79.899515,mid_block,NaN,shp-74-51
8402,PAULSON AVE + LEMINGTON,40.470014,-79.897249,mid_block,NaN,shp-74-51
8403,LEMINGTON AVE + WARDSONS,40.471383,-79.898108,mid_block,NaN,shp-74-01
8405,WARDSONS RD + WILTSIE,40.472498,-79.896703,mid_block,NaN,shp-74-51
8406,WILTSIE RD + #6903,40.473847,-79.897653,mid_block,NaN,shp-74-01
8407,HIGHLAND DR + JOB CORPS DR,40.478217,-79.898975,mid_block,NaN,shp-74-01
8418,WILTSIE RD + #6903,40.473733,-79.897653,mid_block,NaN,shp-74-01
8419,WILTSIE RD + WARDSONS,40.472594,-79.896726,mid_block,NaN,shp-74-51
842,WEST VIEW PARK DR + PERRY,40.517688,-80.0311,near_side,13.226882005198092,shp-8-03
8421,WARDSONS RD + LEMINGTON,40.471498,-79.898132,mid_block,NaN,shp-74-51
8422,LEMINGTON AVE + PAULSON,40.47015,-79.897221,mid_block,NaN,shp-74-01
8423,LEMINGTON AVE + LINCOLN,40.468895,-79.896196,near_side,22.22538857365582,shp-74-51
8424,LEMINGTON AVE + WESTMORELAND,40.466909,-79.893747,mid_block,NaN,shp-74-51
8425,LEMINGTON AVE + #7249,40.467026,-79.891747,mid_block,NaN,shp-74-51
8426,LEMINGTON AVE + OBERLIN,40.467114,-79.890228,mid_block,NaN,shp-74-51
8428,OBERLIN ST + MINGO,40.464863,-79.890083,mid_block,NaN,shp-74-51
843,CENTER AVE + TOWNSHIP RD,40.518907,-80.025409,mid_block,NaN,shp-8-03
8431,STRANAHAN ST + OAKDENE ST,40.461876,-79.890732,mid_block,NaN,shp-74-01
8433,EVERTON ST + SILVERTON ST,40.462797,-79.891618,mid_block,NaN,shp-74-01
8434,SILVERTON ST + TILDEN ST,40.463408,-79.891736,mid_block,NaN,shp-74-01
8440,OBERLIN ST + OAKDENE,40.466438,-79.89006,mid_block,NaN,shp-74-01
8441,OBERLIN ST + LEMINGTON,40.467051,-79.890073,mid_block,NaN,shp-74-01
8442,LEMINGTON AVE + #7249,40.467089,-79.89171,mid_block,NaN,shp-74-01
8443,LEMINGTON AVE + WESTMORELAND,40.466966,-79.893436,mid_block,NaN,shp-74-01
8444,LEMINGTON AVE + LINCOLN,40.468713,-79.895957,near_side,11.260489848424838,shp-74-01
8445,LEMINGTON AVE + PAULSON,40.47004,-79.897029,mid_block,NaN,shp-74-01
8446,PAULSON AVE + OLIVANT,40.469617,-79.899188,mid_block,NaN,shp-74-01
8447,PAULSON AVE + BRAINARD,40.468689,-79.90178,mid_block,NaN,shp-74-01
8448,PAULSON AVE + NAVARRO,40.468288,-79.90284,mid_block,NaN,shp-74-01
8449,PAULSON AVE + DEAN,40.468037,-79.903493,mid_block,NaN,shp-74-01
845,CENTER AVE + #360,40.517045,-80.022222,mid_block,NaN,shp-8-03
8450,DEAN ST + LARIMER,40.469236,-79.905671,mid_block,NaN,shp-74-01
8451,LARIMER AVE + APPLE,40.468625,-79.906449,mid_block,NaN,shp-74-01
8452,LARIMER AVE + DEARY,40.467954,-79.907125,mid_block,NaN,shp-74-01
8461,HOMEWOOD AVE + MT VERNON,40.461532,-79.894724,mid_block,NaN,shp-74-51
8462,HOMEWOOD AVE + HERMITAGE,40.46029,-79.895222,mid_block,NaN,shp-74-51
8463,HOMEWOOD AVE + RACE,40.45893,-79.895748,mid_block,NaN,shp-74-51
8464,HOMEWOOD AVE + FRANKSTOWN,40.457505,-79.896304,near_side,11.367734376962044,shp-74-51
8465,HOMEWOOD AVE + BENNETT,40.456576,-79.89666,near_side,11.642283931320717,shp-74-51
8466,HOMEWOOD AVE + KELLY,40.455679,-79.897008,near_side,15.957216257140672,shp-74-51
8467,HOMEWOOD AVE + HAMILTON,40.454737,-79.897505,near_side,11.345687215813077,shp-74-51
8469,HOMEWOOD AVE + THOMAS,40.451085,-79.900015,near_side,18.221710298846393,shp-74-51
847,CENTER AVE + RIDGEWOOD (STEPS),40.51513,-80.023153,mid_block,NaN,shp-8-03
8470,HOMEWOOD AVE + PENN,40.449375,-79.901241,near_side,22.55775581279632,shp-74-51
8471,HOMEWOOD AVE + ROYCREST,40.448219,-79.902048,mid_block,NaN,shp-74-51
8472,HOMEWOOD AVE + REYNOLDS,40.446598,-79.903162,mid_block,NaN,shp-74-51
8473,REYNOLDS ST + LANG,40.447238,-79.905533,mid_block,NaN,shp-74-51
8474,REYNOLDS ST + MURTLAND,40.447953,-79.907598,mid_block,NaN,shp-74-51
8475,REYNOLDS ST + DALLAS,40.44873,-79.909936,near_side,23.51144284492186,shp-74-51
8477,MURRAY AVE + SOLWAY ST,40.442982,-79.923724,mid_block,NaN,shp-74-51
848,CENTER AVE + OAKWOOD,40.514524,-80.023951,mid_block,NaN,shp-8-03
8483,SHADY AVE + DOUGLAS,40.433632,-79.9186,mid_block,NaN,shp-74-51
8486,TILBURY AVE + NICHOLSON,40.430411,-79.91781,mid_block,NaN,shp-74-51
8487,TILBURY AVE + FORWARD,40.42857,-79.918494,near_side,14.0936439695988,shp-74-51
849,CENTER AVE + FRANKFORT AVE,40.513492,-80.025531,mid_block,NaN,shp-8-03
85,WEST LIBRARY,40.294139,-80.029802,mid_block,NaN,shp-SLVR-01
8505,GREENFIELD AVE + HAZELWOOD,40.419868,-79.929271,mid_block,NaN,shp-58-51
8509,BIGELOW ST + TESLA,40.419436,-79.935958,mid_block,NaN,shp-58-51
851,CENTER AVE + PARK,40.511549,-80.027499,mid_block,NaN,shp-8-03
8510,BIGELOW ST + MCCASLIN,40.419159,-79.937813,mid_block,NaN,shp-58-51
8511,BIGELOW ST + WINTERBURN,40.418997,-79.939703,mid_block,NaN,shp-58-51
8512,WINTERBURN AVE + CONNOR,40.420403,-79.939781,mid_block,NaN,shp-58-51
8513,WINTERBURN AVE + FARNSWORTH,40.423122,-79.939797,mid_block,NaN,shp-58-51
8515,WINTERBURN AVE + MINNESOTA,40.425188,-79.939754,mid_block,NaN,shp-58-51
8519,BEECHWOOD BLVD + #3911,40.428213,-79.933739,mid_block,NaN,shp-53L-51
852,CENTER AVE + PERRYSVILLE RD,40.50995,-80.028263,mid_block,NaN,shp-8-03
8520,BEECHWOOD BLVD + #3825,40.428298,-79.93088,mid_block,NaN,shp-53L-51
8524,BEECHWOOD BLVD + LILAC,40.423152,-79.927605,near_side,11.612298192022394,shp-53L-51
8526,MURRAY AVE + LORETTA,40.422036,-79.928915,mid_block,NaN,shp-61C-51
8528,SHADY AVE + SOLWAY,40.442978,-79.920303,mid_block,NaN,shp-64-51
8529,SHADY AVE + NORTHUMBERLAND,40.442082,-79.920036,near_side,33.20956407096201,shp-64-51
853,CEDAR AVE + SUISMON ST,40.454959,-80.002302,mid_block,NaN,shp-8-03
8530,SHADY AVE + AYLESBORO,40.440088,-79.919628,mid_block,NaN,shp-64-51
8531,SHADY AVE + FORBES,40.438191,-79.919434,near_side,19.321910238512345,shp-64-51
8533,LARIMER AVE + SHETLAND,40.466259,-79.912113,mid_block,NaN,shp-74-01
8534,LARIMER AVE + WINSLOW,40.465761,-79.913391,mid_block,NaN,shp-74-01
8536,LARIMER AVE + MAYFLOWER,40.464396,-79.915982,mid_block,NaN,shp-74-01
8537,LARIMER AVE + AUBURN,40.463776,-79.916916,near_side,39.261389867557625,shp-74-01
8539,HIGHLAND AVE + VINTAGE SR CENTER,40.465361,-79.923099,mid_block,NaN,shp-71B-01
8542,EAST LIBERTY BLVD + HAMILTON AVE,40.459669,-79.915828,near_side,21.577118585714466,shp-82-52
8543,EAST LIBERTY BLVD + FRANKSTOWN AVE,40.460617,-79.915665,near_side,7.903751357437592,shp-82-52
8553,LARIMER AVE + DEARY,40.467793,-79.907257,mid_block,NaN,shp-74-51
8564,NEGLEY AVE + WALNUT,40.451995,-79.930879,near_side,12.740319892580462,shp-64-01
8566,NEGLEY AVE + ELLSWORTH,40.454689,-79.932481,near_side,10.488476825838548,shp-64-01
8578,CRAIG ST + BIGELOW BLVD,40.456575,-79.954833,near_side,40.2709497084561,shp-93-51
8579,BIGELOW BLVD + BLOOMFLD BRDGE FS,40.458849,-79.958193,mid_block,NaN,shp-77-08
858,JACKS RUN RD + YORK DR,40.499943,-80.031822,mid_block,NaN,shp-17-52
8580,BIGELOW BLVD + FINLAND ST,40.458077,-79.960388,mid_block,NaN,shp-77-08
8581,BIGELOW BLVD + HARDING WAY,40.456732,-79.963642,mid_block,NaN,shp-77-08
8582,BIGELOW BLVD + HERRON AVE FS,40.455737,-79.96616,near_side,16.64648326875404,shp-77-08
859,JACKS RUN RD + CONNIE,40.499146,-80.029366,mid_block,NaN,shp-17-52
8591,BIGELOW BLVD + HARDING WAY,40.456624,-79.963534,mid_block,NaN,shp-77-58
8592,BIGELOW BLVD + FINLAND ST,40.457645,-79.961088,mid_block,NaN,shp-54-51
8593,BIGELOW BLVD + BLOOMFIELD BRIDGE,40.458614,-79.957497,far_side,3.4097008899579695,shp-77-58
86,WEST LIBRARY,40.294131,-80.029852,mid_block,NaN,shp-SLVR-51
860,JACKS RUN RD EXT + YORK,40.499943,-80.031517,mid_block,NaN,shp-17-01
8624,CENTRE AVE + MILLER,40.4418,-79.984087,mid_block,NaN,shp-82-52
8626,CENTRE AVE + HELDMAN,40.442415,-79.98264,mid_block,NaN,shp-82-52
8627,CENTRE AVE + DINWIDDIE,40.44324,-79.980741,near_side,14.055978394040796,shp-82-52
8637,BENTLEY DR + KIRKPATRICK,40.440708,-79.974197,mid_block,NaN,shp-81-51
8642,WADSWORTH ST + ROBINSON,40.443291,-79.966172,mid_block,NaN,shp-81-51
8648,ROBINSON ST + ALLEQUIPPA,40.4429,-79.965834,mid_block,NaN,shp-81-51
8649,ALLEQUIPPA ST + DARRAGH,40.443162,-79.965234,near_side,12.08704029945345,shp-83-01
8650,ALLEQUIPPA ST + SUTHERLAND (PETERSEN CTR),40.4445,-79.963465,mid_block,NaN,shp-83-01
8653,ALLEQUIPPA ST + SUTHERLAND DR FS,40.44437,-79.963742,mid_block,NaN,shp-83-53
8654,ALLEQUIPPA ST + DARRAGH,40.443342,-79.965153,near_side,10.159955087402267,shp-83-53
8660,BENTLEY DR + KIRKPATRICK FS,40.440608,-79.974592,mid_block,NaN,shp-81-04
8662,BENTLEY DR + NIGH WAY,40.440622,-79.978193,mid_block,NaN,shp-81-04
8666,ELMORE ST + ROSE ST,40.443855,-79.976625,mid_block,NaN,shp-81-04
8667,ROSE ST + KIRKPATRICK,40.444356,-79.975683,mid_block,NaN,shp-81-04
8668,KIRKPATRICK ST + CENTRE,40.445153,-79.976067,near_side,22.14750217618537,shp-81-04
8669,CENTRE AVE + ELMORE,40.445012,-79.977419,mid_block,NaN,shp-82-01
8670,CENTRE AVE + ERIN,40.44449,-79.978661,mid_block,NaN,shp-82-01
8671,CENTRE AVE + DEVILLIERS,40.443735,-79.980277,near_side,6.2534201966930105,shp-82-01
8673,CENTRE AVE + HELDMAN,40.442571,-79.982461,mid_block,NaN,shp-82-01
8674,CENTRE AVE + ROBERTS,40.442293,-79.983136,mid_block,NaN,shp-82-01
8676,CENTRE AVE + PROTECTORY PL,40.441542,-79.984913,mid_block,NaN,shp-82-01
8677,CENTRE AVE + CRAWFORD,40.441138,-79.985863,near_side,8.412382502944993,shp-82-01
8685,ORION ST + MILWAUKEE,40.454341,-79.961475,mid_block,NaN,shp-83-53
8686,MILWAUKEE ST + BRYN MAWR,40.453217,-79.96303,mid_block,NaN,shp-83-01
8687,MILWAUKEE ST + HERRON,40.452403,-79.964233,mid_block,NaN,shp-83-01
87,SANDY CREEK,40.296466,-80.030448,mid_block,NaN,shp-SLVR-51
8707,DEVILLIERS ST + WYLIE AVE,40.444159,-79.980689,mid_block,NaN,shp-83-53
8708,DEVILLIERS ST + WEBSTER AVE,40.445613,-79.981739,mid_block,NaN,shp-83-53
8711,BEDFORD AVE + DEVILLIERS,40.446551,-79.982401,mid_block,NaN,shp-83-01
8713,BEDFORD AVE + MANILLA,40.44497,-79.986147,mid_block,NaN,shp-81-04
8714,BEDFORD AVE + MERCER,40.444521,-79.98722,mid_block,NaN,shp-81-04
873,FEDERAL ST + NORTH AVE FS,40.455887,-80.0067,far_side,43.32053950535969,shp-8-53
8732,BEDFORD AVE + KIRKPATRICK,40.448147,-79.978422,mid_block,NaN,shp-83-53
8739,BEDFORD AVE + MERCER,40.444389,-79.987316,mid_block,NaN,shp-81-51
8745,DEVILLIERS ST + WYLIE AVE,40.44432,-79.980903,mid_block,NaN,shp-83-01
8748,ROBERTS ST + CENTER AVE,40.442285,-79.983365,mid_block,NaN,shp-81-51
875,FEDERAL ST + HENDERSON,40.458763,-80.007621,mid_block,NaN,shp-8-53
8763,WEBSTER AVE + MCNEIL,40.453993,-79.963243,mid_block,NaN,shp-83-53
8764,WEBSTER AVE + ORION,40.454858,-79.961966,mid_block,NaN,shp-83-53
8769,CENTRE AVE + JUNILLAT ST STEPS FS,40.445645,-79.970034,mid_block,NaN,shp-82-52
877,PERRYSVILLE AVE + #1664,40.461227,-80.009012,mid_block,NaN,shp-8-53
8770,CENTRE AVE + WATT,40.446494,-79.968296,mid_block,NaN,shp-82-52
8771,CENTRE AVE + FRANCIS,40.447021,-79.967533,near_side,11.436227109520548,shp-82-52
8772,CENTRE AVE + MORGAN,40.447552,-79.966764,mid_block,NaN,shp-82-52
8773,CENTRE AVE + ROBINSON ST EXT,40.448674,-79.965138,near_side,34.914786418205296,shp-82-52
8777,S 20TH ST + E CARSON,40.428713,-79.977671,near_side,14.47710073189956,shp-81-04
8780,CENTRE AVE + KIRKPATRICK,40.445255,-79.976341,near_side,14.168587272925212,shp-82-52
8781,CENTRE AVE + SOHO,40.445149,-79.974172,near_side,22.849947887845815,shp-82-52
8782,CENTRE AVE + REED,40.445424,-79.971092,near_side,34.66762892652164,shp-82-52
8783,CENTRE AVE + AVALON,40.448725,-79.961662,mid_block,NaN,shp-82-52
8784,CENTRE AVE + ALLEQUIPPA,40.4483,-79.958955,near_side,27.22143675678633,shp-82-52
8785,CENTRE AVE + BRYN MAWR,40.448958,-79.957646,far_side,12.307708554926927,shp-82-52
8786,CENTRE AVE + BIGELOW,40.450642,-79.955225,near_side,43.83713473199959,shp-82-52
8788,CENTRE AVE + CRAIG ST,40.451825,-79.952152,near_side,16.873721682133,shp-82-52
8789,CENTRE AVE + #5743,40.457802,-79.932084,mid_block,NaN,shp-82-52
879,PERRYSVILLE AVE + OHERN,40.460411,-80.01326,mid_block,NaN,shp-8-53
8794,FRANKSTOWN AVE + LINCOLN AVE,40.460448,-79.913985,near_side,26.06322396196578,shp-86-51
8795,LINCOLN AVE + MAYFLOWER ST (#408),40.46068,-79.911447,mid_block,NaN,shp-82-52
8796,LINCOLN AVE + MEADOW,40.460999,-79.909856,near_side,10.435245103060558,shp-82-52
8797,LINCOLN AVE + SHETLAND,40.461543,-79.908014,near_side,12.850600665107194,shp-82-52
8798,LINCOLN AVE + RENFREW,40.462145,-79.906402,mid_block,NaN,shp-82-52
8799,LINCOLN AVE + ATWELL,40.463126,-79.904532,mid_block,NaN,shp-82-52
88,BOGGS STATION,40.416682,-80.010357,mid_block,NaN,shp-SLVR-01
880,PERRYSVILLE AVE + #1923,40.461598,-80.013489,mid_block,NaN,shp-8-53
8801,LINCOLN AVE + UPLAND,40.463827,-79.902115,mid_block,NaN,shp-82-52
8803,LINCOLN AVE + APPLE,40.464625,-79.899028,mid_block,NaN,shp-82-52
8804,LINCOLN AVE + ARBOR,40.465964,-79.897843,mid_block,NaN,shp-82-52
8805,LINCOLN AVE + VASSAR,40.467895,-79.896891,mid_block,NaN,shp-82-52
8806,LINCOLN AVE + LEMINGTON,40.468661,-79.896124,near_side,15.053567795811809,shp-82-52
8807,LINCOLN AVE + CHURCHLAND,40.469736,-79.894493,mid_block,NaN,shp-82-52
8808,LINCOLN AVE + WILTSIE,40.470088,-79.893735,mid_block,NaN,shp-82-52
8809,LINCOLN AVE + JOSHUA,40.47043,-79.892873,mid_block,NaN,shp-82-52
881,PERRYSVILLE AVE + LANGLEY,40.462475,-80.013306,mid_block,NaN,shp-8-53
8810,LINCOLN AVE + LEMINGTON HOME DRVWY,40.470965,-79.892074,mid_block,NaN,shp-82-52
8811,LINCOLN AVE + CAMPANIA,40.472249,-79.890909,mid_block,NaN,shp-82-52
8812,LINCOLN AVE + LINCOLN LOOP,40.47315,-79.88822,mid_block,NaN,shp-82-01
8819,MT CARMEL RD + HIGHLANDVIEW,40.46882,-79.886773,mid_block,NaN,shp-79-52
8822,MT CARMEL RD + ELK,40.467613,-79.882962,mid_block,NaN,shp-79-52
8824,MT CARMEL RD + PERSHING,40.465604,-79.876441,mid_block,NaN,shp-79-52
8825,MT CARMEL RD + FAYBERN,40.466287,-79.874812,mid_block,NaN,shp-79-52
8826,CALMAR DR + MT CARMEL FS,40.467296,-79.873362,mid_block,NaN,shp-79-52
8827,CALMAR DR + #220,40.468574,-79.873797,mid_block,NaN,shp-79-03
8828,MARK DR + CALMAR FS,40.469677,-79.874239,mid_block,NaN,shp-79-03
8829,MARK DR + #7843,40.468744,-79.872349,mid_block,NaN,shp-79-03
883,PERRYSVILLE AVE + WILSON AVE,40.46363,-80.012351,mid_block,NaN,shp-8-53
8830,MARK DR + #7865,40.469232,-79.87112,mid_block,NaN,shp-79-03
8831,MARK DR + #7915,40.469971,-79.868105,mid_block,NaN,shp-79-03
8832,MARK DR + GROVE,40.470058,-79.867119,mid_block,NaN,shp-79-03
8833,GROVE RD + SUNCREST,40.470995,-79.866867,mid_block,NaN,shp-79-03
8834,GROVE RD + WESTMINSTER,40.473207,-79.867977,mid_block,NaN,shp-79-03
8835,GROVE RD + SELVIN,40.473825,-79.868673,mid_block,NaN,shp-79-03
8836,GROVE RD + CHASKE,40.474794,-79.871544,mid_block,NaN,shp-79-03
8838,CHASKE ST + CROSS,40.475781,-79.86924,mid_block,NaN,shp-79-03
8839,CHASKE ST + #8168,40.474744,-79.866941,mid_block,NaN,shp-79-03
884,PERRYSVILLE AVE + CLAYTON,40.46406,-80.011255,mid_block,NaN,shp-8-53
8840,CHASKE ST + BRAMBLE,40.474346,-79.866036,mid_block,NaN,shp-79-03
8841,CHASKE ST + WESTMINSTER,40.473912,-79.86387,mid_block,NaN,shp-79-03
8843,ABER RD + HARVEST,40.473329,-79.861619,mid_block,NaN,shp-79-03
8844,ABER RD + #8141,40.471161,-79.861244,mid_block,NaN,shp-79-03
8845,ABER RD + #8077,40.469151,-79.862206,mid_block,NaN,shp-79-03
8846,ABER RD + GROVE,40.46784,-79.865285,mid_block,NaN,shp-79-03
8847,ABER RD + URBAN,40.467335,-79.869403,mid_block,NaN,shp-79-03
885,PERRYSVILLE AVE + LAFAYETTE,40.464799,-80.011426,mid_block,NaN,shp-8-53
8859,LINCOLN AVE + CAMPANIA,40.472355,-79.890932,mid_block,NaN,shp-82-01
886,PERRYSVILLE AVE + KOERNER,40.466451,-80.011206,mid_block,NaN,shp-8-53
8860,LINCOLN AVE + LEMINGTON HOME DRVWY,40.471112,-79.892066,mid_block,NaN,shp-82-01
8861,LINCOLN AVE + JOSHUA,40.470497,-79.892909,mid_block,NaN,shp-82-01
8862,LINCOLN AVE + WILTSIE,40.470227,-79.893601,mid_block,NaN,shp-82-01
8863,LINCOLN AVE + CHURCHLAND,40.469816,-79.894517,mid_block,NaN,shp-82-01
8864,LINCOLN AVE + LEMINGTON,40.468845,-79.895993,near_side,10.11394734050023,shp-82-01
8865,LINCOLN AVE + MANNING,40.46788,-79.89701,mid_block,NaN,shp-82-01
8866,LINCOLN AVE + ARBOR,40.466431,-79.89777,mid_block,NaN,shp-82-01
8867,LINCOLN AVE + APPLE,40.464776,-79.8989,mid_block,NaN,shp-82-01
8868,LINCOLN AVE + CHAUCER,40.46435,-79.900396,near_side,27.84234265142374,shp-82-01
8869,LINCOLN AVE + ROWAN,40.463924,-79.902007,mid_block,NaN,shp-82-01
887,PERRYSVILLE AVE + BURGESS,40.467511,-80.009839,mid_block,NaN,shp-8-53
8870,LINCOLN AVE + LYRIC,40.463599,-79.90326,mid_block,NaN,shp-82-01
8872,LINCOLN AVE + RENFREW,40.462233,-79.906404,mid_block,NaN,shp-82-01
8873,LINCOLN AVE + SHETLAND,40.461675,-79.907853,near_side,10.334921461287157,shp-82-01
8874,LINCOLN AVE + MEADOW,40.461118,-79.909727,near_side,9.102661653514504,shp-82-01
8875,LINCOLN AVE + #409,40.460755,-79.911409,mid_block,NaN,shp-82-01
8876,LINCOLN AVE + FRANKSTOWN,40.460503,-79.913159,mid_block,NaN,shp-82-01
8877,FRANKSTOWN AVE + PAULSON AVE,40.460881,-79.914969,mid_block,NaN,shp-82-01
8878,EAST LIBERTY BLVD + HAMILTON AVE,40.46001,-79.915777,near_side,17.22345255994272,shp-82-01
8879,EAST LIBERTY BLVD + DAHLEM PL,40.458507,-79.916626,near_side,13.570935319563258,shp-82-01
888,PERRYSVILLE AVE + MCINTYRE,40.468736,-80.009447,mid_block,NaN,shp-8-53
8880,EAST LIBERTY BLVD + PENN AVE,40.457652,-79.91732,near_side,21.642603536864385,shp-82-01
8881,PENN AVE + SHERIDAN AVE,40.461031,-79.923589,mid_block,NaN,shp-71C-09
8882,PENN AVE + HIGHLAND AVE,40.461403,-79.92463,near_side,21.729492913839618,shp-71C-09
8888,CENTRE AVE + #5803,40.458038,-79.931623,mid_block,NaN,shp-82-01
8889,CENTRE AVE + NEGLEY,40.457366,-79.933883,near_side,20.606086749371745,shp-82-01
8890,CENTRE AVE + DITHRIDGE,40.45158,-79.953205,mid_block,NaN,shp-82-01
8891,CENTRE AVE + BIGELOW,40.4512,-79.954473,mid_block,NaN,shp-82-01
8892,CENTRE AVE + BRYN MAWR,40.449137,-79.957543,near_side,32.95802456514641,shp-82-01
8893,CENTRE AVE + ALLEQUIPPA,40.44839,-79.958832,far_side,12.588362699383183,shp-82-01
8894,CENTRE AVE + EWART,40.448758,-79.961412,mid_block,NaN,shp-82-01
8895,CENTRE AVE + HERRON,40.448917,-79.96474,near_side,17.12823797110902,shp-82-01
8896,CENTRE AVE + MORGAN,40.447724,-79.966668,mid_block,NaN,shp-82-01
8897,CENTRE AVE + FRANCIS,40.447214,-79.967411,near_side,14.193474618993733,shp-82-01
8898,CENTRE AVE + WATT,40.446503,-79.968435,mid_block,NaN,shp-82-01
8899,CENTRE AVE + JUNILLA,40.445604,-79.970366,mid_block,NaN,shp-82-01
89,BOGGS STATION,40.416499,-80.010334,mid_block,NaN,shp-SLVR-51
890,PERRYSVILLE AVE + CHARLES,40.470914,-80.008508,near_side,14.642672447881077,shp-8-53
8900,CENTRE AVE + CHAUNCEY,40.445733,-79.972024,mid_block,NaN,shp-82-01
8901,CENTRE AVE + SOHO,40.445244,-79.973902,near_side,10.360633195739432,shp-82-01
8902,CENTRE AVE + KIRKPATRICK,40.445311,-79.975842,near_side,41.85547472981848,shp-82-01
8909,WOOD ST + MOOSEHEART,40.448847,-79.883969,mid_block,NaN,shp-71D-02
891,PERRYSVILLE AVE + ELLZEY,40.471837,-80.009947,mid_block,NaN,shp-8-53
8910,OAKWOOD ST + INGLENOOK,40.45098,-79.884522,mid_block,NaN,shp-71D-02
8913,OAKWOOD ST + BENNETT,40.453925,-79.885575,near_side,13.924334390743619,shp-86-02
893,PERRYSVILLE AVE + KENNEDY,40.474245,-80.010352,mid_block,NaN,shp-8-53
8930,MT CARMEL RD + PERSHING,40.465706,-79.876343,mid_block,NaN,shp-79-03
8931,MT CARMEL + MASON RD,40.465484,-79.878214,mid_block,NaN,shp-79-03
8932,MT CARMEL RD + TYLER,40.467974,-79.88319,mid_block,NaN,shp-79-03
8934,MT CARMEL RD + HIGHLAND VIEW,40.468741,-79.886569,mid_block,NaN,shp-79-03
8935,VERONA BLVD + RUNNETTE,40.470534,-79.887576,mid_block,NaN,shp-79-03
8937,VERONA BLVD + LINCOLN,40.472891,-79.888799,mid_block,NaN,shp-79-03
894,PERRYSVILLE AVE + MARSHALL AVE,40.474922,-80.011113,far_side,6.974799883809209,shp-8-53
8943,WILNER DR + BRACEY,40.45402,-79.867054,mid_block,NaN,shp-79-03
8944,WILNER DR + #2258,40.454206,-79.868445,mid_block,NaN,shp-79-03
8945,WILNER DR + EAST HILLS DR,40.455078,-79.871014,mid_block,NaN,shp-79-03
895,PERRYSVILLE AVE + #3000,40.476111,-80.012273,mid_block,NaN,shp-8-53
8953,PARK HILL DR + EAST HILLS DR,40.456557,-79.87189,mid_block,NaN,shp-79-03
8956,FRANKSTOWN RD + EASTWOOD RD,40.461159,-79.87001,near_side,26.904717522981812,shp-77-08
896,PERRYSVILLE AVE + WATSON BLVD,40.478354,-80.011957,mid_block,NaN,shp-8-53
8960,MT CARMEL RD + ABER,40.467141,-79.869528,mid_block,NaN,shp-79-03
8961,MT CARMEL RD + CALMAR,40.466848,-79.873134,mid_block,NaN,shp-79-03
8963,MT CARMEL RD + FAYBERN,40.46657,-79.874288,mid_block,NaN,shp-79-03
897,PERRYSVILLE AVE + DELAWARE,40.479644,-80.011695,mid_block,NaN,shp-8-53
8979,CLARISSA ST + LYON,40.453145,-79.959898,mid_block,NaN,shp-83-53
898,PERRYSVILLE AVE + #3358,40.481119,-80.013367,mid_block,NaN,shp-8-53
8980,CLARISSA ST + CAMP,40.452687,-79.958547,mid_block,NaN,shp-83-53
899,PERRYSVILLE AVE + #3436,40.483082,-80.013035,mid_block,NaN,shp-8-53
9,STEEL PLAZA STATION,40.439841,-79.995207,mid_block,NaN,shp-RED-01
90,DENISE STATION,40.399855,-79.999029,mid_block,NaN,shp-SLVR-01
900,PERRYSVILLE AVE + WATSON BLVD,40.484191,-80.013481,mid_block,NaN,shp-8-53
9002,ADELAIDE ST + MILWAUKEE,40.454494,-79.960494,mid_block,NaN,shp-83-01
9007,BEDFORD AVE + CHAUNCEY DR,40.45092,-79.972098,mid_block,NaN,shp-83-01
9010,BEDFORD AVE + SOMERS ST,40.449069,-79.976469,mid_block,NaN,shp-83-01
9011,BEDFORD AVE + MEMORY LN,40.448301,-79.978277,mid_block,NaN,shp-83-01
9016,ROBINSON ST + ELLERS,40.441719,-79.965703,mid_block,NaN,shp-81-51
9017,ROBINSON ST + TERRACE,40.440422,-79.965606,mid_block,NaN,shp-81-51
9018,TERRACE ST + DUNSEITH,40.440388,-79.964965,mid_block,NaN,shp-81-51
9019,TERRACE ST + CHESTERFIELD,40.440947,-79.963844,mid_block,NaN,shp-81-51
902,PERRYSVILLE AVE + CHERRYFIELD,40.485052,-80.015549,mid_block,NaN,shp-8-53
9020,TERRACE ST + DARRAGH,40.441872,-79.962883,near_side,11.909398397012419,shp-81-51
9021,DARRAGH ST + VICTORIA,40.441153,-79.961379,mid_block,NaN,shp-81-51
9022,DARRAGH ST + FIFTH,40.440692,-79.960497,near_side,36.415111653767056,shp-81-51
9023,FORBES AVE + MEYRAN,40.440465,-79.958405,near_side,15.307066709229952,shp-81-04
9024,FORBES AVE + OAKLAND,40.441461,-79.95704,near_side,13.544721192029929,shp-81-04
9028,DESOTO ST + OHARA,40.443129,-79.959714,near_side,19.145140345494045,shp-81-04
9030,TERRACE ST + DARRAGH,40.44209,-79.962786,near_side,15.1492819086272,shp-81-04
9031,TERRACE ST + CHESTERFIELD,40.441039,-79.963867,mid_block,NaN,shp-81-04
9032,TERRACE ST + ROBINSON,40.440393,-79.965411,mid_block,NaN,shp-81-04
9034,ROBINSON ST + ALLEQUIPPA,40.442756,-79.965686,mid_block,NaN,shp-81-04
904,PERRYSVILLE AVE + RICHEY,40.486722,-80.016145,mid_block,NaN,shp-8-53
9044,BEDFORD AVE + WATT LANE,40.450739,-79.97232,mid_block,NaN,shp-83-53
9049,BEDFORD AVE + HERRON AVE,40.452875,-79.965257,near_side,37.03955162542225,shp-83-53
905,PERRYSVILLE AVE + #3820,40.488096,-80.016424,mid_block,NaN,shp-8-53
9057,ADELAIDE ST + CAMP,40.453388,-79.957995,mid_block,NaN,shp-83-01
906,PERRYSVILLE AVE + EAST ST,40.489284,-80.018169,near_side,35.57283159228004,shp-8-53
9074,CRAFT AVE + HAMLET,40.43632,-79.962186,mid_block,NaN,shp-93-02
9099,ROBINSON BLVD + SUNRISE,40.451116,-79.868185,mid_block,NaN,shp-79-03
91,DENISE STATION,40.399416,-79.998987,mid_block,NaN,shp-SLVR-51
9102,FRANKSTOWN RD + OVERBROOK RD,40.460926,-79.867401,mid_block,NaN,shp-77-08
9103,FRANKSTOWN RD + #8881,40.460927,-79.872337,mid_block,NaN,shp-77-08
9104,FRANKSTOWN RD + WOODS RD,40.460007,-79.873744,near_side,27.479025760338875,shp-77-08
9105,FRANKSTOWN AVE + WILKINSBURG AVE,40.45821,-79.875839,mid_block,NaN,shp-77-08
9106,FRANKSTOWN AVE + STANDARD AVE,40.457215,-79.877624,near_side,12.677901441496855,shp-77-08
9109,FRANKSTOWN AVE + OAKWOOD ST,40.455114,-79.885869,mid_block,NaN,shp-77-08
9110,FRANKSTOWN AVE + BRUSHTON AVE,40.455527,-79.887932,near_side,18.332714182882896,shp-86-02
9111,FRANKSTOWN AVE + BRADDOCK AVE,40.45591,-79.889557,mid_block,NaN,shp-86-02
9112,FRANKSTOWN AVE + COLLIER ST,40.456394,-79.891705,near_side,22.113924640329074,shp-86-02
9113,FRANKSTOWN AVE + STERRETT ST,40.456902,-79.893952,mid_block,NaN,shp-86-02
9114,FRANKSTOWN AVE + HOMEWOOD AVE,40.457396,-79.89612,near_side,19.95263421758865,shp-86-02
9115,FRANKSTOWN AVE + LANG AVE NS,40.457885,-79.898244,near_side,31.495654501420624,shp-86-02
9116,FRANKSTOWN AVE + MURTLAND ST,40.458485,-79.90094,near_side,19.64028700695074,shp-86-02
9117,FRANKSTOWN AVE + EAST VIEW ST,40.458174,-79.903634,near_side,16.66136149919803,shp-86-02
9119,FRANKSTOWN AVE + LASCHALL ST,40.458329,-79.905863,mid_block,NaN,shp-86-02
9120,FRANKSTOWN AVE + WASHINGTON BLVD,40.458667,-79.907788,near_side,27.09185762645825,shp-86-02
9121,FRANKSTOWN AVE + FINLEY ST NS,40.459058,-79.909511,mid_block,NaN,shp-86-02
9122,FRANKSTOWN AVE + JULIUS ST,40.459623,-79.911281,mid_block,NaN,shp-86-02
9123,FRANKSTOWN AVE + LINCOLN AVE,40.460306,-79.913294,mid_block,NaN,shp-86-02
9125,NEGLEY AVE + PENN AVE FS,40.46318,-79.93096,far_side,46.640307545100214,shp-71A-02
9127,LIBERTY AVE + GROSS,40.459455,-79.945061,mid_block,NaN,shp-86-51
9128,PENN AVE + BEATTY ST,40.462162,-79.927033,mid_block,NaN,shp-71C-N4
913,CONNIE DR + #110,40.500124,-80.028087,mid_block,NaN,shp-17-52
9130,FRANKSTOWN AVE + PUTNAM ST,40.459953,-79.912514,mid_block,NaN,shp-86-51
9131,FRANKSTOWN AVE + JULIUS ST,40.459618,-79.911476,mid_block,NaN,shp-86-51
9132,FRANKSTOWN AVE + FINLEY ST FS,40.459017,-79.909648,mid_block,NaN,shp-86-51
9133,FRANKSTOWN AVE + 5TH AVE,40.458678,-79.908211,near_side,20.03938104087798,shp-86-51
9134,FRANKSTOWN AVE + LASCHALL ST,40.458317,-79.906265,mid_block,NaN,shp-86-51
9135,FRANKSTOWN AVE + INWOOD ST,40.458107,-79.904995,mid_block,NaN,shp-86-51
9136,FRANKSTOWN AVE + BENNETT ST FS,40.458086,-79.903669,far_side,12.721577322118847,shp-86-51
9137,FRANKSTOWN AVE + MURTLAND ST,40.458486,-79.90125,near_side,15.09306265858897,shp-86-51
9138,FRANKSTOWN AVE + LANG AVE,40.4579,-79.898687,near_side,18.03995812529595,shp-86-51
9139,FRANKSTOWN AVE + HOMEWOOD HOUSE,40.457625,-79.897454,mid_block,NaN,shp-86-51
9140,FRANKSTOWN AVE + HOMEWOOD AVE,40.45739,-79.896445,near_side,16.30593305679932,shp-86-51
9141,FRANKSTOWN AVE + STERRETT ST,40.456898,-79.894269,mid_block,NaN,shp-86-51
9142,FRANKSTOWN AVE + COLLIER ST,40.45639,-79.892053,near_side,16.72623656314766,shp-86-51
9143,FRANKSTOWN AVE + BRADDOCK AVE,40.455961,-79.89016,near_side,15.37885296261309,shp-86-51
9144,FRANKSTOWN AVE + BRUSHTON AVE,40.455516,-79.888214,near_side,13.24646725828219,shp-86-51
9145,FRANKSTOWN AVE + OAKWOOD ST,40.455071,-79.886238,mid_block,NaN,shp-86-51
9149,FRANKSTOWN AVE + DORNBUSH ST,40.455089,-79.879877,mid_block,NaN,shp-77-58
9152,FRANKSTOWN RD + WOODS RD,40.459716,-79.873906,near_side,10.42785012318856,shp-77-58
9153,FRANKSTOWN RD + EYMARD ST FS,40.460521,-79.872936,mid_block,NaN,shp-77-58
9155,FRANKSTOWN RD + ROBINSON BLVD NS,40.460865,-79.867165,mid_block,NaN,shp-77-58
916,CONNIE DR + MERWOOD,40.499467,-80.024817,mid_block,NaN,shp-17-52
9164,EAST HILLS DR + #2220,40.454613,-79.87204,mid_block,NaN,shp-79-52
9166,WILNER DR + #2278,40.454144,-79.869209,mid_block,NaN,shp-79-03
9167,WILNER DR + BRACEY,40.45404,-79.867246,mid_block,NaN,shp-79-03
9168,WILNER DR + ROBINSON,40.452763,-79.866758,mid_block,NaN,shp-79-03
9169,ROBINSON BLVD + SUNRISE,40.451243,-79.868341,mid_block,NaN,shp-79-52
917,CONNIE DR + MULKERIN,40.498524,-80.023384,mid_block,NaN,shp-17-52
9172,PENN AVE + NEGLEY,40.463414,-79.930203,mid_block,NaN,shp-88-07
9175,PENN AVE + AIKEN,40.464718,-79.936226,near_side,23.00443354482631,shp-88-07
9176,PENN AVE + ATLANTIC,40.464607,-79.938461,near_side,15.29956825434582,shp-88-07
9177,PENN AVE + EVALINE,40.46476,-79.941002,near_side,14.148929651393876,shp-88-07
9183,PENN AVE + 44TH (CHILDRENS HOSPITAL),40.466021,-79.953405,near_side,21.680852498609728,shp-64-01
9184,PENN AVE + MAIN,40.465725,-79.955054,near_side,13.990550388335995,shp-64-01
9185,PENN AVE + 44TH (CHILDRENS HOSPITAL),40.465871,-79.953722,near_side,17.37029018805929,shp-64-51
919,CONNIE DR + OLD CONNIE,40.496384,-80.022881,mid_block,NaN,shp-17-52
9198,OAKWOOD ST + KELLY,40.453159,-79.885453,mid_block,NaN,shp-86-51
92,SOUTH BANK STATION,40.393266,-79.99833,mid_block,NaN,shp-SLVR-01
920,CONNIE DR + PERRY,40.496327,-80.02034,near_side,23.911849538560226,shp-17-52
9200,OAKWOOD ST + INGLENOOK FS,40.450724,-79.884536,mid_block,NaN,shp-71D-52
9201,OAKWOOD ST + TIOGA,40.449361,-79.884202,mid_block,NaN,shp-71D-52
9212,ATLANTIC AVE + BROAD,40.465744,-79.93824,mid_block,NaN,shp-89-02
9214,ATLANTIC AVE + ROSETTA,40.467313,-79.937815,mid_block,NaN,shp-89-02
9215,HILLCREST ST + ATLANTIC,40.468215,-79.938063,mid_block,NaN,shp-89-02
9217,COLUMBO ST + PACIFIC,40.46912,-79.938956,mid_block,NaN,shp-89-02
9218,COLUMBO ST + #5149,40.469869,-79.94015,mid_block,NaN,shp-89-02
9219,COLUMBO ST + SCHENLEY,40.471602,-79.940106,mid_block,NaN,shp-89-02
922,CENTER AVE + PERRYSVILLE,40.50977,-80.028262,mid_block,NaN,shp-8-53
9220,SCHENLEY AVE + PACIFIC AVE,40.47197,-79.938809,mid_block,NaN,shp-89-02
9224,BLACK ST + AIKEN,40.470642,-79.932941,mid_block,NaN,shp-89-02
9225,BLACK ST + CHISLETT,40.46973,-79.930359,near_side,29.251695586943626,shp-89-02
9226,BLACK ST + NEGLEY,40.468788,-79.927757,near_side,28.040409803233334,shp-89-02
9228,EAST LIBERTY BLVD + EUCLID,40.466662,-79.925528,ambiguous,4.81829173627777,shp-89-02
9233,EAST LIBERTY BLVD + HIGHLAND,40.465836,-79.921753,mid_block,NaN,shp-75-55
9234,EAST LIBERTY BLVD + EUCLID,40.466732,-79.925108,near_side,5.636354873244532,shp-89-52
9235,EAST LIBERTY BLVD + NEGLEY,40.467743,-79.927925,near_side,9.805794561172105,shp-89-52
9236,BLACK ST + NEGLEY FS,40.468979,-79.928055,mid_block,NaN,shp-89-52
9237,BLACK ST + CHISLETT,40.469684,-79.929984,near_side,13.202256331006925,shp-89-52
9242,SCHENLEY AVE + PACIFIC,40.472022,-79.938845,mid_block,NaN,shp-89-52
9244,COLUMBO ST + #5134,40.469789,-79.940218,mid_block,NaN,shp-89-52
9246,COLUMBO ST + PACIFIC AVE,40.469095,-79.939239,mid_block,NaN,shp-89-52
9248,ATLANTIC AVE + HILLCREST,40.468291,-79.938188,mid_block,NaN,shp-89-52
9249,HILLCREST ST + FANNELL,40.467946,-79.936562,mid_block,NaN,shp-89-52
925,CENTER AVE + FRANKFORT AVE,40.513314,-80.025693,mid_block,NaN,shp-8-53
9251,HILLCREST ST + AIKEN,40.467689,-79.934766,mid_block,NaN,shp-89-52
9252,AIKEN AVE + ROSETTA,40.467076,-79.935038,mid_block,NaN,shp-89-52
9253,AIKEN AVE + KINCAID,40.466325,-79.935494,mid_block,NaN,shp-89-52
9255,AIKEN AVE + PENN,40.464795,-79.936414,near_side,11.793301955418125,shp-89-52
9257,5TH AVE + HAMILTON,40.457103,-79.909137,near_side,21.250821807273216,shp-P10-51
9259,56TH ST + BUTLER,40.484288,-79.947888,near_side,22.644414399034584,shp-93-02
926,CENTER AVE + OAKWOOD,40.514329,-80.024165,mid_block,NaN,shp-8-53
9260,BUTLER ST + 55TH ST,40.483737,-79.94971,near_side,27.99836316681648,shp-91-03
9261,BUTLER ST + 54TH ST,40.482944,-79.951151,near_side,10.842419420467236,shp-91-03
9262,BUTLER ST + MCCANDLESS AVE,40.481755,-79.953264,near_side,27.013272323892007,shp-91-03
9263,BUTLER ST + 52ND ST,40.480536,-79.954463,near_side,13.253290013576247,shp-91-03
9264,STANTON AVE + BUTLER ST FS,40.478069,-79.955326,far_side,48.91812342379247,shp-87-05
9268,STANTON AVE + 52ND,40.477516,-79.950501,mid_block,NaN,shp-87-05
927,CENTER AVE + RIDGEWOOD (STEPS),40.515096,-80.023044,mid_block,NaN,shp-8-53
9270,STANTON AVE + STEPS FS,40.477775,-79.947708,mid_block,NaN,shp-87-05
9273,STANTON AVE + #4340,40.480438,-79.942445,mid_block,NaN,shp-87-05
9274,STANTON AVE + MCCANDLESS AVE NS,40.481744,-79.940844,mid_block,NaN,shp-87-05
9275,STANTON AVE + WOODBINE,40.48175,-79.939531,mid_block,NaN,shp-87-05
9283,STANTON AVE + CHISLETT ST,40.473278,-79.930902,near_side,19.377694661701305,shp-75-01
9284,STANTON AVE + HETHS,40.472374,-79.928604,mid_block,NaN,shp-75-01
9285,STANTON AVE + NEGLEY,40.471596,-79.92658,near_side,35.0565274083346,shp-75-01
9286,STANTON AVE + MELLON ST,40.471068,-79.925085,mid_block,NaN,shp-75-01
9288,STANTON AVE + EUCLID AVE,40.470394,-79.923181,mid_block,NaN,shp-75-01
929,CENTER AVE + HAWTHORNE,40.516639,-80.022009,mid_block,NaN,shp-8-53
9297,STANTON AVE + EUCLID AVE,40.4704,-79.922946,mid_block,NaN,shp-75-55
9299,STANTON AVE + MELLON ST,40.471076,-79.924842,mid_block,NaN,shp-75-55
93,SOUTH BANK STATION,40.392837,-79.998309,mid_block,NaN,shp-SLVR-51
9301,STANTON AVE + HETHS,40.472427,-79.928469,mid_block,NaN,shp-75-55
9302,STANTON AVE + HIGHVIEW,40.472922,-79.929756,mid_block,NaN,shp-75-55
9303,STANTON AVE + CHISLETT ST,40.473259,-79.930598,near_side,14.537496979816183,shp-75-55
9304,STANTON AVE + JANCEY,40.474,-79.931448,mid_block,NaN,shp-87-51
931,CENTER AVE + TOWNSHIP,40.51893,-80.025228,mid_block,NaN,shp-8-53
9322,STANTON AVE + CARNEGIE,40.477784,-79.954758,mid_block,NaN,shp-87-51
9324,BUTLER ST + 52ND ST,40.480283,-79.954491,near_side,15.107432383937532,shp-91-52
9325,BUTLER ST + MCCANDLESS AVE,40.481472,-79.95359,near_side,21.05327268123094,shp-91-52
9326,BUTLER ST + 54TH ST,40.482786,-79.951281,near_side,11.999913912105153,shp-91-52
9327,BUTLER ST + 55TH ST,40.483504,-79.949988,near_side,12.56629744157095,shp-91-52
9329,FREEPORT RD + MAIN ENTRANCE (WATERWORKS),40.487113,-79.886433,near_side,38.151468855016205,shp-91-03
9330,BAKER ST + GALLATIN,40.487464,-79.921672,mid_block,NaN,shp-75-01
9331,JANCEY ST + GAEL WAY,40.487679,-79.924786,mid_block,NaN,shp-75-01
9332,JANCEY ST + #1853,40.48695,-79.92544,mid_block,NaN,shp-75-01
9333,JANCEY ST + GREENWOOD,40.486014,-79.926461,mid_block,NaN,shp-75-01
9334,JANCEY ST + MARTHA,40.48497,-79.927788,mid_block,NaN,shp-75-01
9335,JANCEY ST + VILSACK,40.482677,-79.928725,mid_block,NaN,shp-75-01
9336,JANCEY ST + VETTER,40.481113,-79.929232,mid_block,NaN,shp-75-01
9337,JANCEY ST + BRYANT,40.479447,-79.929774,mid_block,NaN,shp-75-01
9338,JANCEY ST + HAMPTON,40.47731,-79.930466,mid_block,NaN,shp-75-01
9339,JANCEY ST + WELLESLEY,40.476175,-79.930827,mid_block,NaN,shp-75-01
9340,JANCEY ST + STANTON,40.474308,-79.931448,mid_block,NaN,shp-75-01
9342,EAST LIBERTY BLVD + BROAD,40.460932,-79.915977,near_side,6.95551376703418,shp-75-01
9346,CHISLETT ST + HAMPTON,40.476962,-79.929487,mid_block,NaN,shp-75-55
9347,CHISLETT ST + BRYANT,40.478971,-79.92884,mid_block,NaN,shp-75-55
9348,CHISLETT ST + VETTER,40.480749,-79.928267,mid_block,NaN,shp-75-55
9349,CHISLETT ST + VILLANOVA,40.482279,-79.927764,mid_block,NaN,shp-75-55
9350,CHISLETT ST + MARTHA,40.484272,-79.927122,mid_block,NaN,shp-75-55
9351,CHISLETT ST + GREENWOOD,40.485262,-79.925947,mid_block,NaN,shp-75-55
9352,GREENWOOD ST + JANCEY,40.485885,-79.926432,mid_block,NaN,shp-75-55
9353,JANCEY ST + #1842,40.4871,-79.925194,mid_block,NaN,shp-75-55
9355,BAKER ST + GALLATIN,40.487457,-79.921928,mid_block,NaN,shp-75-55
9356,WATERWORKS MALL + GIANT EAGLE,40.487635,-79.893883,mid_block,NaN,shp-91-52
9361,OLD FREEPORT RD + POST OFFICE,40.488368,-79.875718,mid_block,NaN,shp-75-55
9364,BROWNSVILLE RD + MEADOWBROOK BLVD,40.366037,-79.981741,mid_block,NaN,shp-51-08
9368,BROWNSVILLE RD + KAUFMANN AVE,40.369195,-79.975557,mid_block,NaN,shp-51-08
9373,BROWNSVILLE RD + PARK DR,40.375122,-79.975491,mid_block,NaN,shp-51-08
9375,BROWNSVILLE RD + E GARDEN RD,40.377797,-79.975362,mid_block,NaN,shp-51-08
9377,BROWNSVILLE RD OPP BRENTWOOD LOOP,40.380932,-79.975903,mid_block,NaN,shp-51-08
9379,BROWNSVILLE RD + STEWART AVE,40.382785,-79.976741,mid_block,NaN,shp-51-08
9380,BROWNSVILLE RD + SANKEY AVE,40.384114,-79.977546,near_side,12.745264965960619,shp-51-08
94,MCNEILLY STATION,40.377718,-80.004684,mid_block,NaN,shp-SLVR-01
9414,HWY RT 51 + CLOVERLEAF TOWERS,40.34199,-79.966174,mid_block,NaN,shp-Y46-01
9416,HWY RT 51 + GRACE,40.344022,-79.971331,near_side,26.796409701790566,shp-51-08
9417,HWY RT 51 + STREETS RUN RD,40.346239,-79.973317,near_side,20.320977387980662,shp-51-08
9419,HWY RT 51 + NURNBERGER,40.352284,-79.977589,far_side,16.867077682083924,shp-51-08
9421,HWY RT 51 + BEALL,40.355419,-79.979426,near_side,20.259071718200282,shp-51-08
9423,HWY RT 51 + STILLEY,40.361158,-79.982392,mid_block,NaN,shp-51-08
9424,HWY RT 51 + BROWNSVILLE,40.36354,-79.98386,near_side,43.06887934933856,shp-51-08
9425,RADFORD RD + WILLOCK (OPP 7-11),40.363839,-79.967986,mid_block,NaN,shp-Y49-01
9426,PROSPECT RD + COLTER,40.362877,-79.970655,mid_block,NaN,shp-Y49-01
9427,PROSPECT RD + ABBOTT,40.364069,-79.973079,mid_block,NaN,shp-Y49-01
9428,PROSPECT RD + GIESE,40.363753,-79.974918,mid_block,NaN,shp-Y49-01
9430,PROSPECT RD + WAINWRIGHT,40.362326,-79.978391,mid_block,NaN,shp-Y49-01
9431,PROSPECT RD + BAUMAN,40.360803,-79.980008,mid_block,NaN,shp-Y49-01
9432,PROSPECT RD AT STILLEY RD,40.359545,-79.980531,mid_block,NaN,shp-Y49-01
9433,STILLEY RD + HWY RT 51,40.361288,-79.982221,mid_block,NaN,shp-Y49-01
944,CEDAR AVE + PRESSLEY ST,40.45153,-80.001041,mid_block,NaN,shp-8-53
9447,MOUNTAINVIEW DR + GREASE MONKEY,40.344669,-79.939865,mid_block,NaN,shp-59-01
9451,MOUNTAINVIEW DR + HOME DEPOT,40.342239,-79.953896,mid_block,NaN,shp-59-01
9453,REGIS AVE EXT + HOME DEPOT,40.339571,-79.952974,near_side,10.731398119601106,shp-55-04
95,MCNEILLY STATION,40.377404,-80.005063,mid_block,NaN,shp-SLVR-51
9537,BROWNSVILLE RD + STEWART AVE,40.382955,-79.976962,mid_block,NaN,shp-51-58
9541,BROWNSVILLE RD + W GARDEN RD,40.377925,-79.975485,mid_block,NaN,shp-51-58
9543,BROWNSVILLE RD + HILLSON AVE FS,40.374939,-79.975601,mid_block,NaN,shp-51-58
9545,BROWNSVILLE RD + HILLMAN ST,40.371652,-79.975354,mid_block,NaN,shp-51-58
9547,BROWNSVILLE RD + KAUFMAN AVE FS,40.369085,-79.97581,mid_block,NaN,shp-51-58
9554,PROSPECT RD + STILLEY FS,40.359533,-79.980438,mid_block,NaN,shp-Y49-52
9555,PROSPECT RD + BAUMAN,40.360768,-79.979955,mid_block,NaN,shp-Y49-52
9556,PROSPECT RD + WAINWRIGHT,40.362215,-79.978555,mid_block,NaN,shp-Y49-52
9558,PROSPECT RD + GIESE,40.363623,-79.975046,mid_block,NaN,shp-Y49-52
9559,PROSPECT RD + ABBOTT,40.36407,-79.973373,mid_block,NaN,shp-Y49-52
9560,PROSPECT RD + COLTER,40.36298,-79.971208,mid_block,NaN,shp-Y49-52
9561,PROSPECT RD + E WILLOCK,40.363332,-79.968349,mid_block,NaN,shp-Y49-52
9587,HWY RT 51 + STILLEY,40.361387,-79.982709,mid_block,NaN,shp-51-58
9588,HWY RT 51 + GLEN ELM,40.356702,-79.980487,near_side,15.32540058607205,shp-51-58
9589,HWY RT 51 + BEALL,40.355602,-79.979737,near_side,20.119247669123737,shp-51-58
959,CHARLES ST + SHELTON,40.470547,-80.011154,mid_block,NaN,shp-15-04
9590,HWY RT 51 + BOROUGH PARK,40.352256,-79.977752,near_side,23.294507314137626,shp-51-58
9591,HWY RT 51 + MAXWELL FS,40.350023,-79.976465,mid_block,NaN,shp-51-58
9592,HWY RT 51 + STREETS RUN RD,40.34645,-79.973576,near_side,16.921408968868136,shp-51-58
9593,HWY RT 51 + GRACE,40.344044,-79.97174,near_side,18.85794313969733,shp-51-58
9594,HWY RT 51 + IRWIN,40.343486,-79.970306,near_side,20.66065911699555,shp-51-58
9596,HWY RT 51 + CLOVERLEAF TOWERS,40.342102,-79.966751,mid_block,NaN,shp-51-58
96,KILLARNEY,40.373925,-80.00777,mid_block,NaN,shp-SLVR-01
960,CHARLES ST + NORWOOD,40.470272,-80.012608,mid_block,NaN,shp-15-04
9606,HWY RT 51 + SOUTHLAND SHOPPING CENTER ENTRANCE,40.332179,-79.945835,near_side,18.117524082449698,shp-Y46-01
9607,HWY RT 51 + SOUTH MALL ENTRANCE DR,40.335166,-79.946884,near_side,18.76123818512335,shp-Y46-01
961,CHARLES ST + LINWOOD,40.470039,-80.01384,mid_block,NaN,shp-15-04
9611,MOUNTAINVIEW DR + HOME DEPOT,40.342289,-79.953791,mid_block,NaN,shp-59-51
9613,CENTURY DR+ SAMS CLUB DRWY,40.344507,-79.948273,mid_block,NaN,shp-51-58
9616,MOUNTAINVIEW DR + GREASE MONKEY,40.344582,-79.939678,mid_block,NaN,shp-51-58
9618,LEBANON RD + NOBLE DR,40.361889,-79.932259,ambiguous,29.891532310638794,shp-51-58
9622,BROWNSVILLE RD + CURRY,40.358279,-79.990675,mid_block,NaN,shp-Y47-01
963,WILSON AVE + CHESTER,40.467432,-80.013563,mid_block,NaN,shp-11-01
964,WILSON AVE + BURGESS,40.466527,-80.01327,mid_block,NaN,shp-11-01
9647,HWY RT 51 + STEWART,40.378742,-79.993248,near_side,3.8126896855410783,shp-Y46-52
9648,HWY RT 51 + #2790,40.378346,-79.989857,mid_block,NaN,shp-Y46-52
9649,HWY RT 51 + #2850,40.377594,-79.987442,mid_block,NaN,shp-Y46-52
965,WILSON AVE + DRUM,40.465029,-80.012784,mid_block,NaN,shp-11-01
9651,HWY RT 51 + #3500,40.373095,-79.982146,mid_block,NaN,shp-Y46-52
9652,HWY RT 51 + DELCO,40.370796,-79.982348,near_side,19.93522712450841,shp-Y46-52
9653,HWY RT 51 + #4040,40.368452,-79.983506,near_side,15.766641879012466,shp-Y46-52
966,WILSON AVE + PERRYSVILLE,40.463772,-80.012369,mid_block,NaN,shp-11-01
9664,KNOEDLER RD + BROWNSVILLE,40.341664,-79.984815,mid_block,NaN,shp-Y47-52
9665,KNOEDLER RD + KEEPORT(UNI MART),40.342028,-79.981401,mid_block,NaN,shp-Y47-01
967,HENDERSON ST + CARRIE,40.461295,-80.001613,mid_block,NaN,shp-11-01
9673,BROWNSVILLE RD + HALLOW HAVEN,40.343571,-79.98514,mid_block,NaN,shp-Y47-52
9675,BROWNSVILLE RD + STREETS RUN RD FS,40.347167,-79.986265,far_side,46.4647333043481,shp-Y47-52
9677,BROWNSVILLE RD + FELIX,40.349961,-79.987648,mid_block,NaN,shp-Y47-52
968,WARREN ST + CATOMA,40.460938,-80.00268,mid_block,NaN,shp-11-01
9680,BROWNSVILLE RD + CARLYN,40.353929,-79.989761,mid_block,NaN,shp-Y47-52
9681,BROWNSVILLE RD + MCANULTY,40.355211,-79.990528,mid_block,NaN,shp-Y47-52
9684,BROWNSVILLE RD + BAPTIST FS,40.361322,-79.991077,far_side,30.68114307862899,shp-Y47-52
969,CATOMA ST + LANARK,40.460631,-80.004087,mid_block,NaN,shp-11-01
9695,HWY RT 51 + #2859,40.377704,-79.987343,mid_block,NaN,shp-Y46-01
97,KILLARNEY STATION,40.373624,-80.008182,mid_block,NaN,shp-SLVR-51
970,MEADVILLE ST + BELLEAU,40.46192,-80.005492,mid_block,NaN,shp-11-01
9700,HWY RT 51 + BRENTWOOD TOWN SQUARE,40.366702,-79.984203,mid_block,NaN,shp-Y46-01
9701,HWY RT 51 + TOWNE SQUARE WAY,40.368006,-79.983551,near_side,34.80448773696501,shp-Y46-01
9702,HWY RT 51 + MARYLEA,40.370518,-79.982295,near_side,11.81135101806296,shp-Y46-01
9704,HWY RT 51 + GREENLEE,40.375346,-79.983158,near_side,17.27893678035647,shp-Y46-01
9705,PROVOST RD + BARLIND,40.363881,-79.992142,mid_block,NaN,shp-Y47-52
9706,PROVOST RD + BRIGHTVIEW,40.364708,-79.992119,mid_block,NaN,shp-Y47-52
9707,PROVOST RD + WHITEHALL COUNTRY CLUB,40.372174,-79.994702,mid_block,NaN,shp-Y47-52
971,MEADVILLE ST + TELEVISION HILL ST,40.46247,-80.005679,mid_block,NaN,shp-11-01
972,MEADVILLE ST + RISING MAIN,40.46355,-80.006014,mid_block,NaN,shp-11-01
973,RISING MAIN AVE + LANARK,40.463748,-80.005344,mid_block,NaN,shp-11-01
9733,HWY RT 51 + PETCO DRIVEWAY,40.338335,-79.953013,mid_block,NaN,shp-Y46-01
9736,HWY RT 51 + GLENBURN,40.339028,-79.960278,near_side,18.804465547954667,shp-Y46-01
9737,HWY RT 51 + OLD LEBANON CHURCH,40.340531,-79.964186,near_side,38.03532035756391,shp-Y46-01
9740,CURRY HOLLOW RD + ARBOR,40.336694,-79.971284,near_side,38.963979855044066,shp-Y47-52
9754,BROWNSVILLE RD + MCANULTY,40.355383,-79.990726,mid_block,NaN,shp-Y47-01
9755,BROWNSVILLE RD + CARLYN,40.353915,-79.989848,mid_block,NaN,shp-Y47-01
9758,BROWNSVILLE RD + FELIX,40.350306,-79.987923,mid_block,NaN,shp-Y47-01
9761,BROWNSVILLE RD + STREETS RUN,40.346842,-79.986459,near_side,10.186850562506814,shp-Y47-01
9765,KEEPORT + YOUNGRIDGE,40.340929,-79.981265,mid_block,NaN,shp-Y47-01
9766,KEEPORT + #5402,40.339527,-79.980301,mid_block,NaN,shp-Y47-01
9767,KEEPORT + TRAVIS,40.338259,-79.979176,mid_block,NaN,shp-Y47-01
977,HAZELTON ST + SUFFOLK,40.46729,-80.005838,mid_block,NaN,shp-11-01
978,WURZELL AVE + BURGESS,40.468689,-80.00416,mid_block,NaN,shp-11-01
979,BRULE ST + MAGNET,40.470995,-80.00599,mid_block,NaN,shp-11-01
9791,HWY RT 51 + OLD CLAIRTON FS,40.340494,-79.964389,far_side,23.50934238290338,shp-Y46-52
98,MEMORIAL HALL,40.366611,-80.016186,mid_block,NaN,shp-SLVR-01
980,HAZELTON ST + CHARLES,40.471237,-80.007174,mid_block,NaN,shp-11-01
9800,COCHRAN MILLS RD + #985,40.323825,-79.984652,mid_block,NaN,shp-Y45-01
9807,CURRY HOLLOW RD + ARBOR,40.336357,-79.971718,near_side,21.584422682163108,shp-Y47-01
9808,CURRY HOLLOW RD + GREEN,40.339913,-79.967503,near_side,36.887418559515915,shp-Y47-01
981,CHARLES ST + PERRYSVILLE,40.471063,-80.008481,near_side,14.534453499470969,shp-11-01
9810,HWY RT 51 + GLENBURN,40.338936,-79.960625,near_side,21.174354499671125,shp-Y46-52
9813,HWY RT 51 + PEP BOYS,40.337683,-79.951689,near_side,20.574890467149643,shp-Y46-52
9814,MAPLE DR + SKYLINE,40.364496,-79.964645,mid_block,NaN,shp-Y49-01
9815,HWY RT 51 + OLD CLAIRTON,40.366919,-79.984277,mid_block,NaN,shp-Y46-52
9816,RADFORD RD + BEVAN,40.364348,-79.967366,mid_block,NaN,shp-Y49-52
9827,PRIVATE ROADWAY + STATION SQUARE STATION,40.431789,-80.003705,near_side,31.06810373257778,shp-40-01
983,HENDERSON ST + FOUNTAIN,40.459033,-80.006879,mid_block,NaN,shp-11-01
984,HENDERSON ST + SANDUSKY CT,40.459227,-80.005647,mid_block,NaN,shp-11-01
9845,DESIDERIO BLVD + WASHINGTON,40.286903,-79.894837,mid_block,NaN,shp-Y46-01
9846,DESIDERIO BLVD + JEFFERSON,40.288758,-79.891315,mid_block,NaN,shp-Y46-52
9847,7TH ST + WORTHINGTON AVE FS,40.292141,-79.88945,near_side,22.071996685862167,shp-Y46-52
9848,ST CLAIR AVE + 6TH,40.293348,-79.887763,mid_block,NaN,shp-Y46-52
9849,ST CLAIR AVE + 5TH,40.292978,-79.885698,near_side,14.802031656884775,shp-Y46-52
985,HENDERSON ST + JAMES ST STEPS,40.459598,-80.0026,mid_block,NaN,shp-11-01
9851,ST CLAIR AVE + 3RD,40.292206,-79.881993,mid_block,NaN,shp-Y46-52
9853,ST CLAIR AVE + STATE,40.292371,-79.875625,mid_block,NaN,shp-Y46-52
9857,STATE ST + MAPLE AVE,40.298423,-79.875322,near_side,20.801493614432772,shp-55-04
9865,OHIO AVE + WALL,40.317039,-79.889439,mid_block,NaN,shp-55-04
9868,MONONGAHELA AVE + 8TH ST,40.32258,-79.89238,mid_block,NaN,shp-55-04
9870,MONONGAHELA AVE + 6TH ST,40.325879,-79.892422,near_side,14.49234630909079,shp-55-04
9892,LYSLE BLVD + MCKEESPORT TRANSP CTR,40.351905,-79.860893,near_side,25.45448095555855,shp-61C-01
9894,LYSLE BLVD + SENIOR CARE PLAZA,40.352058,-79.858639,mid_block,NaN,shp-61C-01
9896,LYSLE BLVD + CENTER,40.352345,-79.853365,near_side,16.000127034853037,shp-61C-01
9897,LYSLE BLVD + EVANS,40.352435,-79.85124,near_side,28.59633999909801,shp-61C-01
9898,LYSLE BLVD + 5TH,40.35269,-79.848289,mid_block,NaN,shp-61C-01
9899,5TH AVE + PIRL,40.353135,-79.844256,mid_block,NaN,shp-56-52
99,MEMORIAL HALL STATION,40.366474,-80.01672,mid_block,NaN,shp-SLVR-51
9900,MATHIAS ST + QUARRY ST,40.352253,-79.843217,mid_block,NaN,shp-56-52
9915,LYSLE BLVD + EVANS,40.352602,-79.850788,near_side,25.04478587115456,shp-61C-51
9916,LYSLE BLVD + CENTER,40.352478,-79.853088,near_side,18.257355605746955,shp-61C-51
9917,LYSLE BLVD + COURSIN,40.352325,-79.856464,near_side,31.548571142121656,shp-61C-51
9920,LYSLE BLVD + LOCUST,40.351758,-79.86381,mid_block,NaN,shp-56-03
9922,LYSLE BLVD + MARKET,40.351415,-79.866607,near_side,19.161004919858527,shp-56-03
9950,STATE ST + WALNUT,40.308422,-79.889127,near_side,15.874282741921634,shp-55-53
9957,STATE ST + FRANCIS AVE,40.296812,-79.874746,mid_block,NaN,shp-55-53
9960,ST CLAIR AVE + STATE,40.292409,-79.875144,far_side,33.18712272314452,shp-Y46-01
9962,ST CLAIR AVE + 3RD,40.292206,-79.881744,mid_block,NaN,shp-Y46-01
9963,ST CLAIR AVE + MILLER,40.292628,-79.883268,near_side,17.202340507702807,shp-Y46-01
9964,ST CLAIR AVE + 5TH,40.293012,-79.88539,near_side,19.83589023902676,shp-Y46-01
9965,ST CLAIR AVE + 6TH,40.293462,-79.887887,mid_block,NaN,shp-Y46-01
9968,DESIDERIO BLVD + WASHINGTON,40.286991,-79.894781,mid_block,NaN,shp-Y46-01
9969,DESIDERIO BLVD + SOLTIS,40.286547,-79.895825,mid_block,NaN,shp-Y46-01
9971,CENTURY HOMES + TURNAROUND,40.288794,-79.896323,mid_block,NaN,shp-Y46-01
9974,LEBANON CHURCH RD + PLEASANT HILLS BLVD,40.344937,-79.961113,mid_block,NaN,shp-51-08
9978,BROWNSVILLE RD + CHURCHVIEW AVE,40.385795,-79.978767,mid_block,NaN,shp-51-08
9980,BROWNSVILLE RD + CLIFTON BLVD,40.386925,-79.981806,mid_block,NaN,shp-51-08
9982,BROWNSVILLE RD + #2347,40.388133,-79.984626,mid_block,NaN,shp-51-08
9984,BROWNSVILLE RD + PARKFIELD ST,40.391234,-79.986547,near_side,13.18698994123983,shp-51-08
9985,BROWNSVILLE RD + WOODFORD AVE,40.393037,-79.986482,mid_block,NaN,shp-51-08
9987,BROWNSVILLE RD + E AGNEW RD,40.395102,-79.986681,mid_block,NaN,shp-51-08
9988,BROWNSVILLE RD + CRAILO AVE,40.396629,-79.987568,near_side,14.442546287095963,shp-51-08
9989,BROWNSVILLE RD + W CHERRYHILL ST,40.397927,-79.988322,mid_block,NaN,shp-51-08
9990,BROWNSVILLE RD + E MEYERS AVE,40.399731,-79.989003,mid_block,NaN,shp-51-08
9991,BROWNSVILLE RD + THE BOULEVARD,40.400888,-79.989158,mid_block,NaN,shp-51-08
9993,BROWNSVILLE RD + NOBLES LN,40.403758,-79.990016,near_side,16.51650454576326,shp-51-08
9994,BROWNSVILLE RD + WYNOKA ST,40.405552,-79.991058,mid_block,NaN,shp-51-08
99948,POPLAR,40.375081,-80.038129,mid_block,NaN,shp-RED-51
99949,POPLAR,40.375395,-80.03851,mid_block,NaN,shp-RED-01
99951,MUNROE,40.322921,-80.029796,mid_block,NaN,shp-SLVR-51
9996,BROWNSVILLE RD + MCKINLEY ST,40.408548,-79.991143,near_side,20.958703341078674,shp-51-08
99963,HILLCREST,40.34549,-80.028911,mid_block,NaN,shp-SLVR-51
99964,HILLCREST,40.345557,-80.028867,mid_block,NaN,shp-SLVR-01
99965,HIGHLAND,40.348372,-80.03979,mid_block,NaN,shp-RED-51
99966,HIGHLAND,40.348321,-80.039769,mid_block,NaN,shp-RED-01
99968,FALLOWFIELD STATION,40.411148,-80.023078,mid_block,NaN,shp-RED-01
99969,DORMONT JUNCTION,40.391329,-80.04108,mid_block,NaN,shp-RED-51
9997,BROWNSVILLE RD + WALNUT ST FS,40.416036,-79.987081,mid_block,NaN,shp-51-08
99971,DORCHESTER,40.340801,-80.048133,mid_block,NaN,shp-RED-51
99972,DORCHESTER,40.341118,-80.047931,mid_block,NaN,shp-RED-01
99973,DAWN,40.413126,-80.010912,near_side,35.78711024628203,shp-RED-51
99974,DAWN,40.412945,-80.010848,far_side,14.575159525767097,shp-RED-01
99975,CASTLE SHANNON STATION,40.368066,-80.030126,mid_block,NaN,shp-RED-51
99976,CASTLE SHANNON STATION,40.368492,-80.030516,mid_block,NaN,shp-RED-01
99978,CASSWELL,40.349264,-80.034039,mid_block,NaN,shp-RED-01
99979,BETHEL VILLAGE,40.343744,-80.046747,mid_block,NaN,shp-RED-51
9998,S 18TH ST + MISSION ST,40.42367,-79.97764,near_side,13.20739906813318,shp-51-08
99980,BETHEL VILLAGE,40.344605,-80.04607,mid_block,NaN,shp-RED-01
99981,BEAGLE,40.300507,-80.031418,mid_block,NaN,shp-SLVR-51
99983,ARLINGTON,40.369889,-80.033313,mid_block,NaN,shp-RED-51
99984,ARLINGTON,40.370176,-80.03354,mid_block,NaN,shp-RED-01
99987,BROADWAY AVE AT HAMPSHIRE,40.410999,-80.024525,mid_block,NaN,shp-RED-51
99996,FIRST AVENUE STATION,40.435282,-79.996698,mid_block,NaN,shp-RED-51
99997,FIRST AVENUE STATION,40.435574,-79.996468,mid_block,NaN,shp-RED-01
99998,ALLEGHENY STATION,40.44789,-80.017787,ambiguous,13.495478370858963,shp-RED-01
99999,NORTH SIDE STATION,40.4481,-80.010515,far_side,17.474563151432747,shp-RED-01
